id,type,state,state_count,counterparty_id,agreement_id,created_at,state_timestamp,updated_at,error_detail
07bcd3bb-2d55-4635-bc26-af8998e46399,CONSUMER,1200,1,did:web:ssi-dim-wallet-service.identity:BPNL00000003AYRE,e068b041-5010-491d-9c67-d4a5bb0144e8,1791329100060,1791329103519,1791329103519,
52c3d7f3-5054-4ac3-9e97-2b4459ab1a15,CONSUMER,1200,1,did:web:ssi-dim-wallet-service.identity:BPNL00000003AYRE,88d04116-94e9-416a-a2cb-1e00cd60be00,1791329114088,1791329115969,1791329115969,
f1996e51-c0d6-4d4f-baff-1ac797f7f987,CONSUMER,1200,1,did:web:ssi-dim-wallet-service.identity:BPNL00000003AYRE,8871d364-a84f-49cc-a55b-92850567d678,1791329918818,1791329921214,1791329921214,
ec10bb65-175d-4c3f-b48a-bd0f1133b3bb,CONSUMER,1200,1,did:web:ssi-dim-wallet-service.identity:BPNL00000003AYRE,cde23d54-d4f9-49e0-8d97-223d05204ffe,1791406321035,1791406323707,1791406323707,
c2c87ef0-1cf9-45a1-8329-9a1f28433d21,CONSUMER,1200,1,did:web:ssi-dim-wallet-service.identity:BPNL00000003AYRE,e8867938-4be7-46c4-8c1a-4a0f9c425fee,1791408988888,1791408991778,1791408991778,
8f2b692e-2995-4800-b8a5-a74adc7dbb67,CONSUMER,1200,1,did:web:ssi-dim-wallet-service.identity:BPNL00000003AYRE,80f81e6c-29ed-4b5c-8c5b-4b3567a711bc,1791408990559,1791408992873,1791408992873,
e00b6ced-731e-4459-ad5f-bfa94588c949,CONSUMER,1200,1,did:web:ssi-dim-wallet-service.identity:BPNL00000003AYRE,b57844b8-9879-41fc-899f-56dafc92bd0a,1791409297361,1791409300015,1791409300015,
ee2faa15-e524-4b68-92b4-01ff786ee686,CONSUMER,1200,1,did:web:ssi-dim-wallet-service.identity:BPNL00000003AYRE,55bb7c6a-f18d-49db-b652-dbea207678a0,1791409299126,1791409303372,1791409303372,
e14e7bc2-6a22-4a38-a050-71a7bb0b0548,CONSUMER,200,1,did:web:ssi-dim-wallet-service.identity:BPNL00000003AYRE,,1791410042894,1791410082289,1791410082289,
d89b05b4-9558-410f-8372-7426bf0a812b,CONSUMER,1200,1,did:web:ssi-dim-wallet-service.identity:BPNL00000003AYRE,d1b6a442-77ee-4b29-8c14-897ee429ec84,1791410042895,1791410117390,1791410117390,
4c057f8c-fb85-45d4-835e-87e15ca291fb,CONSUMER,1400,1,did:web:ssi-dim-wallet-service.identity:BPNL00000003AYRE,8d0de0d1-66be-4b2b-9b18-9d540f73c75d,1791410043186,1791410131972,1791410131972,
d3c5b025-d715-44c1-b309-84a8beb2b1df,CONSUMER,1400,1,did:web:ssi-dim-wallet-service.identity:BPNL00000003AYRE,67a25fcc-9aa2-4e66-b57e-f1ebdd2604bb,1791410043885,1791410069092,1791410069092,
13e812a2-04d8-4fd7-af98-436623d347b9,CONSUMER,1200,1,did:web:ssi-dim-wallet-service.identity:BPNL00000003AYRE,051cb809-9f97-412d-a72c-e6f71c5fee5e,1791410044790,1791410072567,1791410072567,
edb2bbc0-ec76-4de6-a630-12d9aaaa4111,CONSUMER,1200,1,did:web:ssi-dim-wallet-service.identity:BPNL00000003AYRE,18a0e645-e634-47a1-ad0c-bd057df8cc5d,1791410046287,1791410117986,1791410117986,
0dd8d09a-fdbd-44d3-a6f8-2fa19959bb97,CONSUMER,1200,1,did:web:ssi-dim-wallet-service.identity:BPNL00000003AYRE,35529898-a82b-4aae-9de6-675a588cf11b,1791410046287,1791410117570,1791410117570,
c1bc7861-047f-4b45-ac63-190809f7a071,CONSUMER,1200,1,did:web:ssi-dim-wallet-service.identity:BPNL00000003AYRE,df2cf547-d5f7-4142-ac63-e54846cf9ad2,1791410046785,1791410120290,1791410120290,
dc2b1309-3ea8-4264-833c-bbe4ce52ed8f,CONSUMER,1200,1,did:web:ssi-dim-wallet-service.identity:BPNL00000003AYRE,545908bd-31fa-42ac-b287-d09bc67fb6e2,1791410047288,1791410131635,1791410131635,
d916303a-b973-4cba-bf72-85b564863ffc,CONSUMER,1200,1,did:web:ssi-dim-wallet-service.identity:BPNL00000003AYRE,52e8374c-bace-429f-ac0c-f488815aad3b,1791410047293,1791410131176,1791410131176,
3d69ae33-4abd-4e6a-b2e8-ec38fe77bb29,CONSUMER,1200,1,did:web:ssi-dim-wallet-service.identity:BPNL00000003AYRE,37752f9f-3005-4dd6-9179-bcca464afbdf,1791410049292,1791410118172,1791410118172,
1770ba56-c2d7-4907-a60d-d1c00aeea629,CONSUMER,1200,1,did:web:ssi-dim-wallet-service.identity:BPNL00000003AYRE,96957c3f-362d-4f31-8ef3-be6620658c42,1791410049386,1791410119591,1791410119591,
720d8b21-5ac2-4531-bec5-7f9f9c6fd88e,CONSUMER,200,1,did:web:ssi-dim-wallet-service.identity:BPNL00000003AYRE,,1791410049691,1791410084174,1791410084174,
e6750b1e-b2cd-4d1a-9c7d-e84775f8b5ea,CONSUMER,1400,1,did:web:ssi-dim-wallet-service.identity:BPNL00000003AYRE,,1791410050686,1791410116396,1791410116396,
09d024fd-5bb6-4ec3-89da-791e101374a2,CONSUMER,1200,1,did:web:ssi-dim-wallet-service.identity:BPNL00000003AYRE,a1b26aa6-0f5e-4529-88a7-fe42b22aa36b,1791410050993,1791410128973,1791410128973,
20c75bd3-2767-4a60-a909-4ae1198cf6ba,CONSUMER,1200,1,did:web:ssi-dim-wallet-service.identity:BPNL00000003AYRE,60f35d88-ca69-40e9-9cd2-3e05451bc7d2,1791410051191,1791410129568,1791410129568,
97af6605-53d5-419e-b0bf-cd8023e38361,CONSUMER,1200,1,did:web:ssi-dim-wallet-service.identity:BPNL00000003AYRE,596d32a7-c5e1-4fc5-8b11-b22675e7554d,1791410052293,1791410129668,1791410129668,
aa1d4a9d-1c0c-4ae7-a0dd-544601fa25c4,CONSUMER,1200,1,did:web:ssi-dim-wallet-service.identity:BPNL00000003AYRE,af4e1b73-af3d-4a92-b528-5c7845126a9e,1791410053394,1791410129374,1791410129374,
641f3a10-d460-45d2-8b92-085a157961ee,CONSUMER,1200,1,did:web:ssi-dim-wallet-service.identity:BPNL00000003AYRE,ea8ba69c-8d62-47e6-b4e8-334ea81d7fb2,1791410054868,1791410129272,1791410129272,
ee7322fa-05b9-47c0-89c4-613693364c8c,CONSUMER,1200,1,did:web:ssi-dim-wallet-service.identity:BPNL00000003AYRE,d8fbd936-cda2-448e-aa33-2d410241f595,1791410055686,1791410131286,1791410131286,
c8a7b1cd-c3e1-4a87-a0ab-59524953c0fa,CONSUMER,1200,1,did:web:ssi-dim-wallet-service.identity:BPNL00000003AYRE,39cd4ffc-3210-48bb-86ee-205457dafc01,1791410055894,1791410131069,1791410131069,
a2393c04-5d3e-42fa-a1a9-1611ea9d8289,CONSUMER,1200,1,did:web:ssi-dim-wallet-service.identity:BPNL00000003AYRE,3d588ad5-673e-42c6-9a86-52995dc2b573,1791410056085,1791410130273,1791410130273,
32276b15-ee2a-4e91-906e-bd16c5daf24a,CONSUMER,1200,1,did:web:ssi-dim-wallet-service.identity:BPNL00000003AYRE,9a75a347-e4b0-4e42-8acf-eff769ee01d3,1791410056568,1791410152886,1791410152886,
b5fe0116-978e-4825-b9f9-c30e3793c989,CONSUMER,1200,1,did:web:ssi-dim-wallet-service.identity:BPNL00000003AYRE,06acc1ca-6827-4b64-8ac6-eb8c898bf750,1791410056599,1791410153636,1791410153636,
cff66d24-d017-4316-8bde-b18e1030a86d,CONSUMER,1200,1,did:web:ssi-dim-wallet-service.identity:BPNL00000003AYRE,f9b58fe2-c4f0-4698-9e2c-887eb5654ec8,1791410056785,1791410152874,1791410152874,
21d060c5-2dc8-4527-a5d3-103ba5ca3be3,CONSUMER,1200,1,did:web:ssi-dim-wallet-service.identity:BPNL00000003AYRE,2f6b8885-4476-4f52-aabf-11c961b68547,1791410056789,1791410153573,1791410153573,
6908f74b-1e8b-4366-843f-b2faedc998d3,CONSUMER,1200,1,did:web:ssi-dim-wallet-service.identity:BPNL00000003AYRE,d9d12e58-e42e-4d7b-aecb-157775d8feb7,1791410057287,1791410153070,1791410153070,
6ada91a7-ee27-4f2b-a945-22eaa79b91dd,CONSUMER,1400,1,did:web:ssi-dim-wallet-service.identity:BPNL00000003AYRE,effef5cf-fdd6-4d5d-ab07-e8d51151dab3,1791410057291,1791410157638,1791410157638,
2be50b97-bc69-4be7-a2db-efb2f6ea11b3,CONSUMER,1200,1,did:web:ssi-dim-wallet-service.identity:BPNL00000003AYRE,7bca877a-51e8-4ffa-8f99-47aff908b597,1791410057297,1791410155072,1791410155072,
ab56e96d-d2e5-4463-b24e-e427161ae8bc,CONSUMER,1200,1,did:web:ssi-dim-wallet-service.identity:BPNL00000003AYRE,be6c346f-bc2d-430c-ba10-9d993231ea5e,1791410058185,1791410156269,1791410156269,
a561983a-df45-4336-a958-af1cd44120d6,CONSUMER,1200,1,did:web:ssi-dim-wallet-service.identity:BPNL00000003AYRE,1f4b8476-f91c-4348-beff-effea637bae4,1791410058191,1791410156036,1791410156036,
56846d9a-ffd1-49ac-a87e-db1175a5f931,CONSUMER,1200,1,did:web:ssi-dim-wallet-service.identity:BPNL00000003AYRE,66d003ed-cd7f-4dd2-9939-e26c4448b83f,1791410058390,1791410155685,1791410155685,
29e9bcbf-e9c5-4d60-acbc-81db50607214,CONSUMER,1200,1,did:web:ssi-dim-wallet-service.identity:BPNL00000003AYRE,fe150dff-3598-40c3-8334-5608e65072a3,1791410058494,1791410156671,1791410156671,
2a740b0c-5d0b-4ac1-8d5c-8bd5e3d6be99,CONSUMER,1200,1,did:web:ssi-dim-wallet-service.identity:BPNL00000003AYRE,a1e2ad72-316b-4f18-a089-887eca5a9db9,1791410058686,1791410156868,1791410156868,
b3b26fc6-d5ff-4b0f-9152-65b2f712477f,CONSUMER,1200,1,did:web:ssi-dim-wallet-service.identity:BPNL00000003AYRE,40202206-bb09-4a54-b6ff-a91c4b9ebe81,1791410058889,1791410155673,1791410155673,
c80bf9ab-eb25-45c2-9b14-3fce595702c8,CONSUMER,1200,1,did:web:ssi-dim-wallet-service.identity:BPNL00000003AYRE,ff019dca-d21d-4085-bd16-e901d78ef297,1791410058889,1791410157781,1791410157781,
a8d2dd4d-50ac-44c9-9a04-6d0771c427d0,CONSUMER,1200,1,did:web:ssi-dim-wallet-service.identity:BPNL00000003AYRE,4e7fb60d-f7e7-4108-99a3-c462ed50fd4b,1791410058980,1791410158391,1791410158391,
3dfc8365-2a96-49a1-b8d5-cf860cbeb249,CONSUMER,1200,1,did:web:ssi-dim-wallet-service.identity:BPNL00000003AYRE,8a62b8cd-d3eb-4395-9eb0-5e12f73c5839,1791410058993,1791410158069,1791410158069,
b97597e4-3a29-4445-84ef-8478d558a018,CONSUMER,1200,1,did:web:ssi-dim-wallet-service.identity:BPNL00000003AYRE,06463f49-c2ec-4d3c-96fa-fb94c7cef5a2,1791410059086,1791410157669,1791410157669,
d0a9f9e0-8598-4f4c-9bc9-31f3c05526d3,CONSUMER,1200,1,did:web:ssi-dim-wallet-service.identity:BPNL00000003AYRE,4fdaca11-fe6f-40ff-938e-4585ff82cf37,1791410059096,1791410158289,1791410158289,
05bae6c6-59c7-41ba-bd28-ed6c216c348d,CONSUMER,1200,1,did:web:ssi-dim-wallet-service.identity:BPNL00000003AYRE,7b2f15c2-6c93-4fa1-a317-649d3453b024,1791410059785,1791410158393,1791410158393,
107b30b8-a916-458a-ad58-2de119bfc622,CONSUMER,1200,1,did:web:ssi-dim-wallet-service.identity:BPNL00000003AYRE,077f6ab6-ab68-42e8-a3c2-ca186dd5395b,1791410059885,1791410159573,1791410159573,
e9d0a836-b8e7-4915-84e3-f870f91574ec,CONSUMER,1400,1,did:web:ssi-dim-wallet-service.identity:BPNL00000003AYRE,,1791410060101,1791410144475,1791410144475,
b66a954d-be24-447b-bc88-6af8899a01ea,CONSUMER,200,1,did:web:ssi-dim-wallet-service.identity:BPNL00000003AYRE,,1791410060188,1791410140571,1791410140571,
b80c5c30-6083-41d5-aa70-807e604fd33e,CONSUMER,1400,1,did:web:ssi-dim-wallet-service.identity:BPNL00000003AYRE,,1791410060690,1791410144971,1791410144971,
2d8a364f-acc2-44c2-b04e-48d428afb4a7,CONSUMER,1400,1,did:web:ssi-dim-wallet-service.identity:BPNL00000003AYRE,,1791410060789,1791410145374,1791410145374,
78f2cd16-e402-4fe8-ba49-45a9df9b2ba0,CONSUMER,1200,1,did:web:ssi-dim-wallet-service.identity:BPNL00000003AYRE,35bf36e9-f5fb-4859-b75c-be1baac5084d,1791410060797,1791410178969,1791410178969,
c7273d0b-6ac3-4702-ae46-c53a10186f21,CONSUMER,1200,1,did:web:ssi-dim-wallet-service.identity:BPNL00000003AYRE,6fc5c79e-bd7f-4de3-bce8-30bbc1d7c8b4,1791410060887,1791410179268,1791410179268,
a4d29460-122e-49c9-aa01-a188a8efb3b1,CONSUMER,1200,1,did:web:ssi-dim-wallet-service.identity:BPNL00000003AYRE,9e19d378-31ec-47c0-b333-9a31d7627dcf,1791410060887,1791410178784,1791410178784,
2f5c4188-4a78-4fba-b00f-f215e2fb9a9d,CONSUMER,1200,1,did:web:ssi-dim-wallet-service.identity:BPNL00000003AYRE,e62c3290-9c52-46a7-95a8-9fb9f4bb4a79,1791410060893,1791410179887,1791410179887,
271c990d-7356-44e0-be2f-d948d7a0350c,CONSUMER,1200,1,did:web:ssi-dim-wallet-service.identity:BPNL00000003AYRE,e322d24b-89f1-41d1-9ba9-208200737d4b,1791410061088,1791410180974,1791410180974,
2dc26853-f769-4ace-af38-1ac884edec1a,CONSUMER,1200,1,did:web:ssi-dim-wallet-service.identity:BPNL00000003AYRE,3ed4b613-ebf3-4bf5-ae8d-28ea5f817451,1791410061191,1791410179171,1791410179171,
ed196b2d-f09b-458f-a622-cc8652899aa2,CONSUMER,1200,1,did:web:ssi-dim-wallet-service.identity:BPNL00000003AYRE,9a441653-130e-4bdc-88dd-129354a64733,1791410061194,1791410180171,1791410180171,
ff9e845e-a899-48db-9833-201bf41c5d26,CONSUMER,1200,1,did:web:ssi-dim-wallet-service.identity:BPNL00000003AYRE,f70afe72-1e8b-4c49-a39e-bb3461dde2e9,1791410061287,1791410182168,1791410182168,
673d14c4-9d31-4ba9-9dd2-bfb8a7b9d8de,CONSUMER,1400,1,did:web:ssi-dim-wallet-service.identity:BPNL00000003AYRE,,1791410061390,1791410146672,1791410146672,
2ab566ea-378d-4796-831b-1e66b14fcb3b,CONSUMER,1200,1,did:web:ssi-dim-wallet-service.identity:BPNL00000003AYRE,5dbd1177-718b-4813-a4f0-04e9a7faa25b,1791410061488,1791410180775,1791410180775,
3fb37897-a03f-421c-898a-7f705c6fa1d0,CONSUMER,1200,1,did:web:ssi-dim-wallet-service.identity:BPNL00000003AYRE,2037e8f1-259c-42cd-b6ab-04885f64f090,1791410061494,1791410181374,1791410181374,
a56e3e02-4511-414d-9ccf-b15c56d2785c,CONSUMER,1200,1,did:web:ssi-dim-wallet-service.identity:BPNL00000003AYRE,782830dd-7a24-4be9-8f23-fde39ad4b8d7,1791410061588,1791410179895,1791410179895,
3f92a847-5a2c-4a0a-ab1c-fbf94dfaba26,CONSUMER,1200,1,did:web:ssi-dim-wallet-service.identity:BPNL00000003AYRE,6c0dcf1c-c988-44c5-bd6e-b64e988564f4,1791410061688,1791410181870,1791410181870,
8b3e36f5-b402-4edb-84ab-2c6ba2276720,CONSUMER,1400,1,did:web:ssi-dim-wallet-service.identity:BPNL00000003AYRE,d8a9aac4-8dd2-4c5c-82d6-b28182c53d78,1791410061792,1791410182179,1791410182179,
5e4e5104-23a9-45f9-a645-372004c13d97,CONSUMER,1200,1,did:web:ssi-dim-wallet-service.identity:BPNL00000003AYRE,086a3e30-0e0b-42b8-9800-4d8edc3b6670,1791410061802,1791410181471,1791410181471,
da653685-566e-4eea-acbd-46a13938f24e,CONSUMER,1400,1,did:web:ssi-dim-wallet-service.identity:BPNL00000003AYRE,,1791410061886,1791410147188,1791410147188,
355453f5-654c-43bb-87b7-c6d00ef64503,CONSUMER,1200,1,did:web:ssi-dim-wallet-service.identity:BPNL00000003AYRE,ef6d4482-4890-4b39-a5e7-3b0f43eb0263,1791410061891,1791410203034,1791410203034,
00ea41e5-bcde-4f7d-bd77-d76c87df9154,CONSUMER,1200,1,did:web:ssi-dim-wallet-service.identity:BPNL00000003AYRE,1314ebaa-6c17-4cf4-8783-4a988f9262f4,1791410062097,1791410204669,1791410204669,
13d9d08a-aea0-4149-824e-ffee89ff639a,CONSUMER,1200,1,did:web:ssi-dim-wallet-service.identity:BPNL00000003AYRE,ce91a2db-9648-4559-8ad8-ecf25b9122bb,1791410062169,1791410182271,1791410182271,
7d3895ee-c374-4c95-9ff7-a2185e20732f,CONSUMER,1200,1,did:web:ssi-dim-wallet-service.identity:BPNL00000003AYRE,283cab08-53a1-4622-9ada-6a2c214aa003,1791410062294,1791410181486,1791410181486,
ffb82e29-d562-425c-bd73-28a71bfccdc9,CONSUMER,1200,1,did:web:ssi-dim-wallet-service.identity:BPNL00000003AYRE,f35c9ec7-9b2d-4e38-9152-492bbbb881c0,1791410062372,1791410202435,1791410202435,
495fe244-c6cf-41e7-8457-df7792e26034,CONSUMER,1200,1,did:web:ssi-dim-wallet-service.identity:BPNL00000003AYRE,6d4b1475-d10d-4f57-a142-6617cae78862,1791410062394,1791410203471,1791410203471,
6cfbb3b3-eaff-4331-8d50-f0ffa3b62bdd,CONSUMER,1200,1,did:web:ssi-dim-wallet-service.identity:BPNL00000003AYRE,f5d86d52-55de-4c13-b18a-306289b88761,1791410062485,1791410203580,1791410203580,
7d5033f8-ccee-4fd8-9b16-60ad89415261,CONSUMER,1400,1,did:web:ssi-dim-wallet-service.identity:BPNL00000003AYRE,db604396-f3de-4b1e-a457-8861123eb246,1791410062489,1791410205774,1791410205774,
418a618a-f0a6-4958-9a59-8a8eaceae663,CONSUMER,1200,1,did:web:ssi-dim-wallet-service.identity:BPNL00000003AYRE,c4c017cb-d05a-42fe-a5e0-dc76e10dd968,1791410062573,1791410202575,1791410202575,
01da112f-071f-41f7-95a8-56748f649353,CONSUMER,1200,1,did:web:ssi-dim-wallet-service.identity:BPNL00000003AYRE,a5c5f52c-50be-4a6f-b78d-83a525b827d4,1791410062588,1791410204884,1791410204884,
f3210417-c401-4af8-acb5-71d044168d56,CONSUMER,1200,1,did:web:ssi-dim-wallet-service.identity:BPNL00000003AYRE,1d0fdc1b-9db7-4a9a-8288-72c1ed17b372,1791410062686,1791410205569,1791410205569,
ddc32b3c-de15-4f37-951a-ecaae26c1857,CONSUMER,1200,1,did:web:ssi-dim-wallet-service.identity:BPNL00000003AYRE,48444e00-39f5-4c29-b534-2ef236a79c94,1791410062692,1791410205369,1791410205369,
cc99cee8-e02e-42a6-8635-5109b4c6712b,CONSUMER,1400,1,did:web:ssi-dim-wallet-service.identity:BPNL00000003AYRE,6312c125-f605-4243-b1d0-d64bd44d42cc,1791410062791,1791410207379,1791410207379,
ea96652e-b388-4022-b058-5bfa01da7660,CONSUMER,1200,1,did:web:ssi-dim-wallet-service.identity:BPNL00000003AYRE,a0360e9b-c6e6-4339-acda-60b87d0d4381,1791410062868,1791410204668,1791410204668,
e7d942d9-acfa-4ded-b1fe-de9afd1bcad3,CONSUMER,1200,1,did:web:ssi-dim-wallet-service.identity:BPNL00000003AYRE,edc1d7ab-b87c-401e-b896-f1c891c4b4a5,1791410062894,1791410207580,1791410207580,
96f1b097-fb42-4c0c-baa6-d0d3899dc0cf,CONSUMER,1200,1,did:web:ssi-dim-wallet-service.identity:BPNL00000003AYRE,d256e169-df5e-4516-b382-dee891b70c16,1791410062970,1791410205481,1791410205481,
21c03e7e-8bb8-4d20-a48d-7705ee97ffe0,CONSUMER,1200,1,did:web:ssi-dim-wallet-service.identity:BPNL00000003AYRE,7b113c59-ab67-4e42-baff-ded8d5d656e5,1791410062986,1791410206474,1791410206474,
13275bdb-4ffd-410e-b2a6-7231b8488c5a,CONSUMER,1200,1,did:web:ssi-dim-wallet-service.identity:BPNL00000003AYRE,3ff95ebf-ba36-4156-8418-c4e2b6f30818,1791410063085,1791410205885,1791410205885,
3e706d17-a0e2-4bf5-877f-fe272071407d,CONSUMER,1200,1,did:web:ssi-dim-wallet-service.identity:BPNL00000003AYRE,625cee84-45cb-4ccf-94a0-dca0cd01b9ba,1791410063291,1791410207768,1791410207768,
99e0a264-873a-4374-a8b3-b9bab51d0fff,CONSUMER,1200,1,did:web:ssi-dim-wallet-service.identity:BPNL00000003AYRE,873fe130-2d8b-447e-8c5b-96f44a85adcd,1791410063386,1791410206881,1791410206881,
7c61342c-7e54-4d85-8a4e-4aa516873e8b,CONSUMER,1400,1,did:web:ssi-dim-wallet-service.identity:BPNL00000003AYRE,,1791410063474,1791410196077,1791410196077,
fa3e0df4-fd69-43bb-b43d-3377660ce0d5,CONSUMER,1200,1,did:web:ssi-dim-wallet-service.identity:BPNL00000003AYRE,8c217515-9a49-40a5-b71b-429b55d0b0cf,1791410063487,1791410206773,1791410206773,
8b7aad71-1e97-47b6-b192-b8b942b221d3,CONSUMER,1400,1,did:web:ssi-dim-wallet-service.identity:BPNL00000003AYRE,7555112f-15dc-4b8b-8bde-3af5f31879aa,1791410063593,1791410231970,1791410231970,
27567a23-33d5-4e9b-afc9-e25547fe5dbc,CONSUMER,1200,1,did:web:ssi-dim-wallet-service.identity:BPNL00000003AYRE,deaac990-24e3-471c-b328-8e6e4ce77cb3,1791410063593,1791410207976,1791410207976,
50460a3b-0adf-4c5c-944a-c61d47c40e51,CONSUMER,1200,1,did:web:ssi-dim-wallet-service.identity:BPNL00000003AYRE,c69d252b-4174-4466-8d9d-ad7f87dc347e,1791410063815,1791410229974,1791410229974,
ab9f63d0-91fa-487c-b661-6bff8e53f560,CONSUMER,1200,1,did:web:ssi-dim-wallet-service.identity:BPNL00000003AYRE,e20a5112-fe16-4741-af63-45fe2e5aeb61,1791410063889,1791410229887,1791410229887,
d787226d-6e4c-4ea4-87c0-048d704e6067,CONSUMER,1200,1,did:web:ssi-dim-wallet-service.identity:BPNL00000003AYRE,2405e344-8fd2-4e59-8fd0-a6548443a61c,1791410063890,1791410229670,1791410229670,
b75d271b-b864-4489-bb22-ea78b2e91126,CONSUMER,1200,1,did:web:ssi-dim-wallet-service.identity:BPNL00000003AYRE,0d697061-22f0-4170-8ef8-e24ee1721380,1791410063970,1791410230071,1791410230071,
742b0362-6877-4087-aa3e-e19eab5bb7dd,CONSUMER,1400,1,did:web:ssi-dim-wallet-service.identity:BPNL00000003AYRE,49cb1988-7a9d-409e-b9fe-094f795d1f3d,1791410064086,1791410232079,1791410232079,
07c3d4bf-fd60-44cc-825d-d61570583e1c,CONSUMER,1200,1,did:web:ssi-dim-wallet-service.identity:BPNL00000003AYRE,8eb45257-8aa5-4bcf-ae78-5d06ce9d6fa9,1791410064371,1791410230574,1791410230574,
c3b8d5a7-53ae-4c7d-91c9-7a28c7a675f9,CONSUMER,1200,1,did:web:ssi-dim-wallet-service.identity:BPNL00000003AYRE,d7120c36-efba-4dcc-baa4-9f9759069e66,1791410064470,1791410231581,1791410231581,
a249b17f-6d1c-400a-8464-fc7b790b6f7f,CONSUMER,1200,1,did:web:ssi-dim-wallet-service.identity:BPNL00000003AYRE,82b2c22a-0ff1-4aac-82a8-2b5890e81c65,1791410064675,1791410232770,1791410232770,
441528d3-a8cf-480c-8950-849774146a27,CONSUMER,1200,1,did:web:ssi-dim-wallet-service.identity:BPNL00000003AYRE,9dcdfaa1-7799-4779-8bcb-007390dc203b,1791410064686,1791410230371,1791410230371,
a64c0565-0ed5-4513-8946-d1986d10ef15,CONSUMER,1200,1,did:web:ssi-dim-wallet-service.identity:BPNL00000003AYRE,160ee499-2748-4d64-8855-ac4c607b5f8f,1791410064773,1791410235037,1791410235037,
6dedd504-33fd-4789-85a3-da6e2e935628,CONSUMER,1200,1,did:web:ssi-dim-wallet-service.identity:BPNL00000003AYRE,4c1fc3af-e8c0-4873-8cd7-36aacea7cc5a,1791410064790,1791410232768,1791410232768,
f4957a53-603f-4ca2-9519-726372b38ba1,CONSUMER,1200,1,did:web:ssi-dim-wallet-service.identity:BPNL00000003AYRE,cbf684d5-3920-468d-96d0-e5e1c76b4ddb,1791410064990,1791410234369,1791410234369,
5a4e5027-1ce7-4192-8889-350573f12493,CONSUMER,1200,1,did:web:ssi-dim-wallet-service.identity:BPNL00000003AYRE,003508cd-efeb-4d52-bdd2-8e222ded52a5,1791410065087,1791410233368,1791410233368,
366be3c8-5f40-4205-833d-dd572dee4385,CONSUMER,1200,1,did:web:ssi-dim-wallet-service.identity:BPNL00000003AYRE,93bd2326-7255-46a3-9436-10b7b3c0827b,1791410065088,1791410233168,1791410233168,
fd908327-279e-4223-b850-80ce791afd9d,CONSUMER,1200,1,did:web:ssi-dim-wallet-service.identity:BPNL00000003AYRE,e938ad9b-3dfd-4898-a7e8-f44837330085,1791410065295,1791410234372,1791410234372,
11220d05-00fd-4c74-82c0-c68364f22c27,CONSUMER,1200,1,did:web:ssi-dim-wallet-service.identity:BPNL00000003AYRE,a115fc0b-81af-41f2-9aca-07ccddb90477,1791410065685,1791410234936,1791410234936,
68727732-bd5f-47f5-90ce-5bfab7fc3af9,CONSUMER,1200,1,did:web:ssi-dim-wallet-service.identity:BPNL00000003AYRE,e73db174-d88f-4677-a5c8-632032255b2e,1791410065773,1791410233685,1791410233685,
32f5d599-ea12-4d37-9ac6-1ed356dfd25a,CONSUMER,1400,1,did:web:ssi-dim-wallet-service.identity:BPNL00000003AYRE,,1791410065786,1791410217268,1791410217268,
648db12c-ddbf-4cae-95af-8ceda3208907,CONSUMER,1200,1,did:web:ssi-dim-wallet-service.identity:BPNL00000003AYRE,e76a639d-9bac-49c0-9e36-1869996e87d3,1791410065893,1791410235568,1791410235568,
5585afbc-1ab4-4a3c-b8fe-a24235441b37,CONSUMER,1200,1,did:web:ssi-dim-wallet-service.identity:BPNL00000003AYRE,0e3500e0-919b-4481-9dd2-533109c96051,1791410065990,1791410236571,1791410236571,
4c87d42f-029f-40dc-8ac8-0c92df1317f3,CONSUMER,1200,1,did:web:ssi-dim-wallet-service.identity:BPNL00000003AYRE,12e45aa6-9d32-4a41-a48e-5dc8db52af14,1791410066387,1791410279070,1791410279070,
703b1014-0b9d-485a-a427-52babe11601a,CONSUMER,1200,1,did:web:ssi-dim-wallet-service.identity:BPNL00000003AYRE,c3846184-573d-419c-bcb7-d0f8b52b212f,1791410066389,1791410279168,1791410279168,
81dfd4d1-f9b6-4272-9bd1-79f293f36d70,CONSUMER,1200,1,did:web:ssi-dim-wallet-service.identity:BPNL00000003AYRE,1eb8711c-4d3d-4eee-a529-d24c9d9b528a,1791410066689,1791410279137,1791410279137,
6f2ea27d-c7e5-4a8d-9662-d79e465496cb,CONSUMER,1400,1,did:web:ssi-dim-wallet-service.identity:BPNL00000003AYRE,,1791410066784,1791410218368,1791410218368,
4188313d-9f3c-41cf-8b04-ffa08a7b30c5,CONSUMER,1200,1,did:web:ssi-dim-wallet-service.identity:BPNL00000003AYRE,e5bbd58a-c989-4eee-92d1-59c25b0c407f,1791410066789,1791410279534,1791410279534,
80c20a65-0ac1-4089-9b3d-5ce48708e6fe,CONSUMER,1400,1,did:web:ssi-dim-wallet-service.identity:BPNL00000003AYRE,864c9b26-becb-4f76-ab26-3db57448a3eb,1791410066887,1791410285968,1791410285968,
b8f8b4b9-deb6-46fa-a9de-b2d428b26ebf,CONSUMER,1200,1,did:web:ssi-dim-wallet-service.identity:BPNL00000003AYRE,0048bcc8-aa75-4992-a11c-8f2400953ef2,1791410066987,1791410280787,1791410280787,
ef122b1b-44b5-484b-8bb9-b171c1a8cae7,CONSUMER,1400,1,did:web:ssi-dim-wallet-service.identity:BPNL00000003AYRE,38adb906-e1f2-40bd-92ee-999f4f4fc1ca,1791410066988,1791410285586,1791410285586,
58ab2004-5214-44cf-912c-0152a4e0f228,CONSUMER,1200,1,did:web:ssi-dim-wallet-service.identity:BPNL00000003AYRE,d2b46bcb-9d99-4729-ae9d-a2d07b8288f3,1791410066991,1791410285671,1791410285671,
3a840d1e-a3bb-4213-acd8-4f4a935c97ef,CONSUMER,1200,1,did:web:ssi-dim-wallet-service.identity:BPNL00000003AYRE,f9938fad-dab1-4376-85c2-efffa66c082a,1791410067087,1791410289071,1791410289071,
c7a90651-42cc-4ab4-a279-d1df0b955441,CONSUMER,1200,1,did:web:ssi-dim-wallet-service.identity:BPNL00000003AYRE,4ebcb7e4-4e7d-4a75-b716-1648000869c3,1791410067193,1791410285971,1791410285971,
7a621a3e-330f-4fb4-855c-64ab7b857a28,CONSUMER,1200,1,did:web:ssi-dim-wallet-service.identity:BPNL00000003AYRE,2343aac8-fd11-4f6a-baa9-d72d4eb71ccd,1791410067373,1791410285972,1791410285972,
63af4842-8c87-417f-8ea2-b44b4771e595,CONSUMER,1200,1,did:web:ssi-dim-wallet-service.identity:BPNL00000003AYRE,c65db5c2-5a7f-4f0a-970b-425e96b17330,1791410067385,1791410287769,1791410287769,
9f9919ef-5e10-424c-a086-f66f2d4c9cf7,CONSUMER,1400,1,did:web:ssi-dim-wallet-service.identity:BPNL00000003AYRE,b1293246-cc81-4f8f-9810-6eff5373d261,1791410067393,1791410289672,1791410289672,
c1c2addb-16b2-43e5-8a82-a04ff87402a9,CONSUMER,1200,1,did:web:ssi-dim-wallet-service.identity:BPNL00000003AYRE,26c04bde-da66-486e-96e0-b8d17de95075,1791410067490,1791410288568,1791410288568,
0f4b3cef-71c4-4e91-aa80-a8b98504539d,CONSUMER,1200,1,did:web:ssi-dim-wallet-service.identity:BPNL00000003AYRE,2857c55e-7a3a-4cf7-8ec6-c4ae3504fceb,1791410068185,1791410286569,1791410286569,
202cf207-3af9-4b6f-9560-836ce7b817a2,CONSUMER,1400,1,did:web:ssi-dim-wallet-service.identity:BPNL00000003AYRE,,1791410068291,1791410256470,1791410256470,
35d50d4f-4543-46eb-b836-30aae920ccc7,CONSUMER,1200,1,did:web:ssi-dim-wallet-service.identity:BPNL00000003AYRE,f2ef4508-96fd-4b56-b7d2-b62f3f5658cb,1791410068388,1791410286589,1791410286589,
8f9c3ee9-551f-4bd1-b5e9-31f45cae0ff4,CONSUMER,1200,1,did:web:ssi-dim-wallet-service.identity:BPNL00000003AYRE,d32b78f2-9242-48ab-9379-9f3a40d78c38,1791410068391,1791410288571,1791410288571,
afe03dcd-c9fb-4f01-a5ec-4cee229d8d7b,CONSUMER,1200,1,did:web:ssi-dim-wallet-service.identity:BPNL00000003AYRE,52c8d2ab-65ae-4a34-8b72-aa36a48715e6,1791410068488,1791410288085,1791410288085,
328e177c-4b1c-4266-9f60-eb8043dac611,CONSUMER,1200,1,did:web:ssi-dim-wallet-service.identity:BPNL00000003AYRE,7dbc539e-bc1b-4675-8778-252738bfcc0a,1791410068490,1791410315672,1791410315672,
a674386b-2237-4afa-a670-b67986c095a0,CONSUMER,1200,1,did:web:ssi-dim-wallet-service.identity:BPNL00000003AYRE,0134cdf9-0322-42e2-8f86-58c8ada58e93,1791410068569,1791410288275,1791410288275,
ba12335f-03a1-4dfe-ade6-9b2de1cd3bf5,CONSUMER,1200,1,did:web:ssi-dim-wallet-service.identity:BPNL00000003AYRE,dd28bc74-91f7-4e73-8542-0c8ad16c6eba,1791410068591,1791410289192,1791410289192,
dca928fb-c40d-4fc8-a10a-35df046185d2,CONSUMER,1200,1,did:web:ssi-dim-wallet-service.identity:BPNL00000003AYRE,e4071fa3-04e1-4523-936d-80b3e7a9f6a9,1791410068685,1791410317276,1791410317276,
93fa171b-7f93-4cf7-a878-6f61ecfc83f2,CONSUMER,1200,1,did:web:ssi-dim-wallet-service.identity:BPNL00000003AYRE,1a371e02-a626-4da4-8bdc-7c6035c003fe,1791410068885,1791410314768,1791410314768,
2fb43cfe-a2a3-410b-aad1-dc88ef414eb3,CONSUMER,1200,1,did:web:ssi-dim-wallet-service.identity:BPNL00000003AYRE,937f0f75-764c-4d64-a024-f71ef1fa38c8,1791410069586,1791410314735,1791410314735,
3406abf3-44d3-46e2-82d8-842b65793324,CONSUMER,1200,1,did:web:ssi-dim-wallet-service.identity:BPNL00000003AYRE,681ae0e0-dbed-40d5-bac7-95335bd8c775,1791410069796,1791410315174,1791410315174,
e2965ec4-dbd8-441e-8a8d-dc343c7a5e07,CONSUMER,1200,1,did:web:ssi-dim-wallet-service.identity:BPNL00000003AYRE,fd62d64d-84c9-480a-a0d2-dd6224a01444,1791410069888,1791410315690,1791410315690,
8e0dbdac-0133-4209-abcc-45a75610dee4,CONSUMER,1200,1,did:web:ssi-dim-wallet-service.identity:BPNL00000003AYRE,e80431ac-7dfd-4ccb-8971-19c7961d5764,1791410069986,1791410315270,1791410315270,
bc10e08a-715e-4f15-90a2-c8c691dcfb62,CONSUMER,1200,1,did:web:ssi-dim-wallet-service.identity:BPNL00000003AYRE,bb188b18-df73-4350-9501-e7a604b4c58f,1791410069990,1791410322674,1791410322674,
5f10c58d-2ae1-4d06-907c-73852ed2d460,CONSUMER,1200,1,did:web:ssi-dim-wallet-service.identity:BPNL00000003AYRE,3a874033-96b7-41e2-a350-5a765013da51,1791410070368,1791410315769,1791410315769,
91a3aa30-2772-4992-8de6-727846ab5e4e,CONSUMER,1100,1,did:web:ssi-dim-wallet-service.identity:BPNL00000003AYRE,2f322289-9965-4d72-b394-9c6dd4fe513a,1791410071492,1791410313972,1791410313972,
0aa5c348-caf9-4fdc-a536-c7e143c2c1ca,CONSUMER,1200,1,did:web:ssi-dim-wallet-service.identity:BPNL00000003AYRE,4f669c89-46ba-4820-938e-21a3fe9a1946,1791410071950,1791410324770,1791410324770,
005554c8-7cc8-464b-9a18-0d2e1c850b9b,CONSUMER,1200,1,did:web:ssi-dim-wallet-service.identity:BPNL00000003AYRE,1c59c29a-f8ec-436c-9ac4-72ad182114c3,1791410072573,1791410315974,1791410315974,
6047b7e7-dbcf-4ecb-be80-ec2cd0930983,CONSUMER,1200,1,did:web:ssi-dim-wallet-service.identity:BPNL00000003AYRE,11e253ab-2c8c-4772-bd78-3da5e4caff65,1791410073388,1791410319170,1791410319170,
3a6e6de7-e123-4947-a9e6-7dfed36dd98a,CONSUMER,1200,1,did:web:ssi-dim-wallet-service.identity:BPNL00000003AYRE,6bab13ad-c066-4577-8504-e5f183e08f46,1791410074130,1791410316578,1791410316578,
9d280d89-310b-4a0e-a94c-2eeba41281cf,CONSUMER,1400,1,did:web:ssi-dim-wallet-service.identity:BPNL00000003AYRE,,1791410074889,1791410301076,1791410301076,
8b9953eb-5b76-4d01-9461-b6a998d26cb6,CONSUMER,1200,1,did:web:ssi-dim-wallet-service.identity:BPNL00000003AYRE,ac2da9ff-6e0d-436f-b165-bcc08aa49c45,1791410076175,1791410320371,1791410320371,
835318b1-5190-4f61-bec4-2634882b1fd5,CONSUMER,1200,1,did:web:ssi-dim-wallet-service.identity:BPNL00000003AYRE,0c2cbbb5-e5f9-4eb0-ab8b-0fa1d0cebdc5,1791410076770,1791410348988,1791410348988,
031752e6-8f6e-48a8-9129-4ef9c164506d,CONSUMER,1200,1,did:web:ssi-dim-wallet-service.identity:BPNL00000003AYRE,1ac2c7a3-0fcf-4c68-a709-80bc21e2b862,1791410077270,1791410318884,1791410318884,
729151a8-29b1-4e72-9eef-c8b865649c19,CONSUMER,1200,1,did:web:ssi-dim-wallet-service.identity:BPNL00000003AYRE,a4f27d25-3bfa-4ecb-bd89-3bf46fffbc3b,1791410078872,1791410320868,1791410320868,
98d0892c-f6eb-4ce0-a01c-1c933789fcc0,CONSUMER,1400,1,did:web:ssi-dim-wallet-service.identity:BPNL00000003AYRE,6ed340a9-b725-4132-9eab-a1425cab86fb,1791410079973,1791410353474,1791410353474,
e7d5e02d-005e-4866-aa38-b020c5335398,CONSUMER,1200,1,did:web:ssi-dim-wallet-service.identity:BPNL00000003AYRE,2ec76b80-5cda-4423-9f52-0c180e9a9c68,1791410081668,1791410353568,1791410353568,
983f10cd-49fa-44d7-b14f-c10bda865865,CONSUMER,1200,1,did:web:ssi-dim-wallet-service.identity:BPNL00000003AYRE,3a9581ae-a2c6-4d91-9de2-1e9f9ae04322,1791410082468,1791410350071,1791410350071,
57a4c777-f158-40f4-8f6d-300543a0947d,CONSUMER,1200,1,did:web:ssi-dim-wallet-service.identity:BPNL00000003AYRE,5666ee9d-9df2-46ad-902c-bf8415ad66e2,1791410083584,1791410353774,1791410353774,
19e41ce9-5b1e-4587-a2e8-f45f0874996e,CONSUMER,1400,1,did:web:ssi-dim-wallet-service.identity:BPNL00000003AYRE,09354465-c86b-4f93-9250-d543b298e39d,1791410084676,1791410353877,1791410353877,
1b8a3dcb-7945-4552-8053-06979d00b4c3,CONSUMER,1400,1,did:web:ssi-dim-wallet-service.identity:BPNL00000003AYRE,5417aee1-92e5-40a9-bedf-602f1cf8e653,1791410086072,1791410355468,1791410355468,
3db711a6-2bb7-49df-9961-2f5ffcfdd804,CONSUMER,1100,1,did:web:ssi-dim-wallet-service.identity:BPNL00000003AYRE,971fc63a-845c-4ba9-887f-f7437cc1c4c2,1791410086770,1791410348769,1791410348769,
90d39912-b391-4ed1-8b84-00c06773ceef,CONSUMER,1400,1,did:web:ssi-dim-wallet-service.identity:BPNL00000003AYRE,,1791410087070,1791410305574,1791410305574,
7da80d00-55cc-4fa7-9d46-6ff00e75d880,CONSUMER,200,1,did:web:ssi-dim-wallet-service.identity:BPNL00000003AYRE,,1791410088489,1791410298268,1791410298268,
d8ac99c1-2bea-45d8-831c-1dc0786323a7,CONSUMER,1400,1,did:web:ssi-dim-wallet-service.identity:BPNL00000003AYRE,b8df1fee-e531-4656-b929-128f976e2118,1791410088573,1791410359778,1791410359778,
4d399a73-946b-457d-872a-cf3ac6dddfd2,CONSUMER,1400,1,did:web:ssi-dim-wallet-service.identity:BPNL00000003AYRE,704cfefe-f535-473d-a56e-210f88fd89d5,1791410088870,1791410351370,1791410351370,
22342ec5-d58f-468c-b142-dea3bc223ec5,CONSUMER,1400,1,did:web:ssi-dim-wallet-service.identity:BPNL00000003AYRE,ac31dc95-20a7-49f7-8bf5-241008de9335,1791410088988,1791410359085,1791410359085,
5f72ba04-86f0-4637-af57-9e338bd8ef80,CONSUMER,1400,1,did:web:ssi-dim-wallet-service.identity:BPNL00000003AYRE,3dd77009-b397-4c6b-a879-47defa5f7b15,1791410088989,1791410357974,1791410357974,
a7f41583-3002-4c15-a678-7ae0ae2b3d48,CONSUMER,1400,1,did:web:ssi-dim-wallet-service.identity:BPNL00000003AYRE,8a7f8413-1f0c-4677-849c-038d44c9f83f,1791410089185,1791410360968,1791410360968,
a4b9314a-72c8-4f13-ac76-5e31e9564f37,CONSUMER,1400,1,did:web:ssi-dim-wallet-service.identity:BPNL00000003AYRE,bd058ce9-173a-49f9-b47c-2b6375a10956,1791410089293,1791410359172,1791410359172,
ea0c207e-5a0a-4cf0-a532-ff269a3df692,CONSUMER,1200,1,did:web:ssi-dim-wallet-service.identity:BPNL00000003AYRE,b8aaa0c8-7b5b-4ed7-9051-7e07970f94e2,1791410089577,1791410432468,1791410432468,
c0545385-e397-4db9-8169-36adfc9a9e65,CONSUMER,1200,1,did:web:ssi-dim-wallet-service.identity:BPNL00000003AYRE,59d02d97-d7c6-4540-8e67-c78864c9aaca,1791410089869,1791410365884,1791410365884,
8c3b2c0d-1e91-4e27-ab1f-51ce02f70b1d,CONSUMER,200,1,did:web:ssi-dim-wallet-service.identity:BPNL00000003AYRE,,1791410090170,1791410332785,1791410332785,
58b1822c-95ee-4a43-b34d-26105e58ee7f,CONSUMER,1400,1,did:web:ssi-dim-wallet-service.identity:BPNL00000003AYRE,36805535-e2fa-4f1e-ae97-77affca579db,1791410090193,1791410362175,1791410362175,
cd1dea81-2c83-4491-aaa5-e71d74b3e2c0,CONSUMER,1200,1,did:web:ssi-dim-wallet-service.identity:BPNL00000003AYRE,8d44bd2a-789e-4269-9b03-6c11555bb9b9,1791410090385,1791410432168,1791410432168,
cbd946ee-04f4-48a4-8c67-9d953f967a7b,CONSUMER,1200,1,did:web:ssi-dim-wallet-service.identity:BPNL00000003AYRE,9c83cf41-8966-4c0a-9022-c518cc0f9373,1791410090487,1791410357073,1791410357073,
f0413ad9-339c-4c84-893b-1011f51d6c76,CONSUMER,1200,1,did:web:ssi-dim-wallet-service.identity:BPNL00000003AYRE,7b7b19a1-3b6c-4855-b63e-b2da233284db,1791410090587,1791410427373,1791410427373,
28efcfae-2161-4ac3-95a2-4a4806f6bebc,CONSUMER,1200,1,did:web:ssi-dim-wallet-service.identity:BPNL00000003AYRE,bf2c661d-ad43-45a6-9e33-aea4eece57cb,1791410090672,1791410426274,1791410426274,
07b46891-7b69-414b-b2e3-dcdcdcce9eff,CONSUMER,1200,1,did:web:ssi-dim-wallet-service.identity:BPNL00000003AYRE,87ddd84a-92d8-4ce3-860b-76d51b17fb9b,1791410090673,1791410424970,1791410424970,
15ce1a6a-1bf7-4603-9696-6835c15dd9cc,CONSUMER,1200,1,did:web:ssi-dim-wallet-service.identity:BPNL00000003AYRE,bd88e1b9-8bd6-4ed9-b9da-46042e176044,1791410090689,1791410426176,1791410426176,
90e09e86-7f9a-4d84-aa51-be3efc7e9988,CONSUMER,1200,1,did:web:ssi-dim-wallet-service.identity:BPNL00000003AYRE,44ef348b-5ae1-4e41-a753-ca7e3913e10b,1791410090693,1791410430085,1791410430085,
fc331d7c-f3ee-49bb-a649-99a4867216d9,CONSUMER,1400,1,did:web:ssi-dim-wallet-service.identity:BPNL00000003AYRE,,1791410090970,1791410343769,1791410343769,
4c6d7ad3-0e42-464a-9480-5a59733b5c8c,CONSUMER,1200,1,did:web:ssi-dim-wallet-service.identity:BPNL00000003AYRE,eff99963-fecf-482d-aa4e-0144c01ed434,1791410090988,1791410427771,1791410427771,
41a261d6-7cb5-42ae-82fd-179308089ab9,CONSUMER,1200,1,did:web:ssi-dim-wallet-service.identity:BPNL00000003AYRE,f492aed7-cd76-4320-a6b7-157e0145d358,1791410091374,1791410430378,1791410430378,
ca2f4f96-da1b-4141-b065-94a38090b087,CONSUMER,1200,1,did:web:ssi-dim-wallet-service.identity:BPNL00000003AYRE,b58e051c-6b19-4ab2-ae8a-72a6d60dcedf,1791410091571,1791410430578,1791410430578,
a518fd56-8078-4112-8e7e-bf3b36a458d1,CONSUMER,1200,1,did:web:ssi-dim-wallet-service.identity:BPNL00000003AYRE,db5dc4e2-5baa-4cd3-8dfd-4f9409b9fb50,1791410091571,1791410427868,1791410427868,
b992cabb-1114-448d-b8f5-3a397caefd4d,CONSUMER,1200,1,did:web:ssi-dim-wallet-service.identity:BPNL00000003AYRE,5fec9e9c-269a-4339-8107-b43009f60971,1791410091676,1791410428869,1791410428869,
b704a577-c855-4649-8df3-eb613b6e780a,CONSUMER,1200,1,did:web:ssi-dim-wallet-service.identity:BPNL00000003AYRE,968eae97-eb16-4875-9ff7-62c0c7b028a4,1791410091687,1791410427784,1791410427784,
d1788718-39c4-434f-8288-cb97ed07081e,CONSUMER,1200,1,did:web:ssi-dim-wallet-service.identity:BPNL00000003AYRE,0101c985-6315-4dcf-9d04-cbe0c07d1acc,1791410091769,1791410430489,1791410430489,
534e229d-18bf-4bc1-9d9c-c526baae5812,CONSUMER,1200,1,did:web:ssi-dim-wallet-service.identity:BPNL00000003AYRE,0384d2bc-4b2d-4a99-8ca3-2d7db087f69b,1791410091787,1791410428367,1791410428367,
f7aa23ec-f3c0-488e-a7c0-096682c614a2,CONSUMER,1200,1,did:web:ssi-dim-wallet-service.identity:BPNL00000003AYRE,d03091f0-cfef-42c5-b000-60c7b252b217,1791410091973,1791410434470,1791410434470,
8b946680-c753-4b16-a891-6ce6437fcb28,CONSUMER,1400,1,did:web:ssi-dim-wallet-service.identity:BPNL00000003AYRE,,1791410091985,1791410383735,1791410383735,
52697726-f6c6-40d4-9cd7-1e15cfe7549f,CONSUMER,1200,1,did:web:ssi-dim-wallet-service.identity:BPNL00000003AYRE,54883faf-0128-46c3-b71c-4649934a7a65,1791410092072,1791410434468,1791410434468,
01eeed2a-4b26-455a-abd0-8354bc7b781f,CONSUMER,1200,1,did:web:ssi-dim-wallet-service.identity:BPNL00000003AYRE,cb3d51eb-178a-433a-9a6e-121b5475e82a,1791410092186,1791410433068,1791410433068,
69ad037b-59c2-42f9-8252-272e27c2ae74,CONSUMER,1400,1,did:web:ssi-dim-wallet-service.identity:BPNL00000003AYRE,,1791410092198,1791410385173,1791410385173,
763d0b6d-d353-44cd-9164-79198cf15984,CONSUMER,1200,1,did:web:ssi-dim-wallet-service.identity:BPNL00000003AYRE,711f5837-2950-43f1-94f3-d8c57ef0977e,1791410092387,1791410434173,1791410434173,
bff6fccf-b7f9-4d26-8cff-b8c879372bc6,CONSUMER,1200,1,did:web:ssi-dim-wallet-service.identity:BPNL00000003AYRE,c79fc605-8cca-4829-a07d-2b15c9a4ee2d,1791410092392,1791410432179,1791410432179,
f19dd792-c4e9-4296-8b5d-8e3f06ba44e6,CONSUMER,1200,1,did:web:ssi-dim-wallet-service.identity:BPNL00000003AYRE,5574a404-3b50-41c2-bb7c-d964d4b0979d,1791410092485,1791410455072,1791410455072,
166b7c64-1272-4f4c-be87-49c568473572,CONSUMER,1400,1,did:web:ssi-dim-wallet-service.identity:BPNL00000003AYRE,,1791410092487,1791410386068,1791410386068,
6ddcb098-2cb0-477a-8559-9c9fa0c3d1de,CONSUMER,1200,1,did:web:ssi-dim-wallet-service.identity:BPNL00000003AYRE,abca6864-1ead-41ae-8ea3-4cf80d18b4d0,1791410093286,1791410455389,1791410455389,
ffebe848-ed2f-4cac-adf5-c541e4645249,CONSUMER,1200,1,did:web:ssi-dim-wallet-service.identity:BPNL00000003AYRE,e9135f82-2af9-4c7c-9478-46e0332da674,1791410093469,1791410459568,1791410459568,
863b04d7-e3c1-4a8e-ba8d-547c4731566f,CONSUMER,1200,1,did:web:ssi-dim-wallet-service.identity:BPNL00000003AYRE,506ab6e0-95bb-4da1-85d5-473bc8460a04,1791410093477,1791410465189,1791410465189,
16161fa9-87cd-4a46-bbf3-fd191b8a68f4,CONSUMER,1200,1,did:web:ssi-dim-wallet-service.identity:BPNL00000003AYRE,6ff3b37b-176d-4fa3-b56d-2a9a159ff4e5,1791410093775,1791410461472,1791410461472,
fa73abd8-7233-4663-a166-49d3494b04ed,CONSUMER,1400,1,did:web:ssi-dim-wallet-service.identity:BPNL00000003AYRE,64121c53-f4f4-4229-aead-43e7d38a5986,1791410094467,1791410458076,1791410458076,
075ea4b3-5bc6-40e0-9252-9c44cd9cb4ea,CONSUMER,1200,1,did:web:ssi-dim-wallet-service.identity:BPNL00000003AYRE,756d9689-d9dd-4445-ae7b-db74cc10ef35,1791410094491,1791410455169,1791410455169,
fae1cc88-5801-4de6-951b-19bd45fd66bb,CONSUMER,1200,1,did:web:ssi-dim-wallet-service.identity:BPNL00000003AYRE,9da29117-5274-48b2-a5a2-c4429912a731,1791410094772,1791410457370,1791410457370,
afa3e913-6cd3-4988-931c-e36b900326b0,CONSUMER,1200,1,did:web:ssi-dim-wallet-service.identity:BPNL00000003AYRE,9593baba-c5ec-4e66-afb9-2a366f5efa49,1791410095875,1791410461981,1791410461981,
deb8a8a3-9dcc-4749-b0c1-c0ca0640494f,CONSUMER,1200,1,did:web:ssi-dim-wallet-service.identity:BPNL00000003AYRE,0160c699-cb87-4a73-a5f2-6d7308f8c639,1791410095988,1791410458376,1791410458376,
c679044b-125d-4ba3-9eee-ec438649eb5a,CONSUMER,1400,1,did:web:ssi-dim-wallet-service.identity:BPNL00000003AYRE,72725d2d-e509-4606-80a1-ec84a724865a,1791410096275,1791410461280,1791410461280,
048eddc6-c2d1-4b01-9f07-032d43a25358,CONSUMER,1200,1,did:web:ssi-dim-wallet-service.identity:BPNL00000003AYRE,78b58adb-8e68-4032-87c0-04ff64b38403,1791410096586,1791410461370,1791410461370,
224311d3-61cb-4709-80e8-880b7b1d4aad,CONSUMER,1400,1,did:web:ssi-dim-wallet-service.identity:BPNL00000003AYRE,,1791410097088,1791410449086,1791410449086,
f7557ce8-b29d-4454-a7ff-c1054690b4bd,CONSUMER,1400,1,did:web:ssi-dim-wallet-service.identity:BPNL00000003AYRE,,1791410097289,1791410447784,1791410447784,
da87c78a-3706-4932-bb35-97dbf338ce7b,CONSUMER,200,1,did:web:ssi-dim-wallet-service.identity:BPNL00000003AYRE,,1791410098190,1791410444975,1791410444975,
22686081-bed1-4ba8-84e1-a3390888240a,CONSUMER,1400,1,did:web:ssi-dim-wallet-service.identity:BPNL00000003AYRE,,1791410098569,1791410448091,1791410448091,
279eff53-68bf-4559-a7b5-ba0e90cbb968,CONSUMER,1200,1,did:web:ssi-dim-wallet-service.identity:BPNL00000003AYRE,79fb05de-0d3d-4b32-a75a-330eb39ae8ca,1791410098587,1791410460687,1791410460687,
97e4c888-9288-4551-b615-e840c0addd05,CONSUMER,1400,1,did:web:ssi-dim-wallet-service.identity:BPNL00000003AYRE,,1791410099170,1791410453670,1791410453670,
453a089b-8a14-4801-bbc7-b1b9b71d4e40,CONSUMER,1200,1,did:web:ssi-dim-wallet-service.identity:BPNL00000003AYRE,2f007279-2f91-460a-8dd9-5b4682cdc181,1791410099285,1791410531197,1791410531197,
02287762-db51-4331-af96-1842a6e83434,CONSUMER,1400,1,did:web:ssi-dim-wallet-service.identity:BPNL00000003AYRE,,1791410099587,1791410449069,1791410449069,
a447e327-9f9b-4ae1-bf35-25df298468a5,CONSUMER,1400,1,did:web:ssi-dim-wallet-service.identity:BPNL00000003AYRE,,1791410100385,1791410452976,1791410452976,
40c3c2e2-31cb-49ad-8393-bb44b8fa23d8,CONSUMER,1200,1,did:web:ssi-dim-wallet-service.identity:BPNL00000003AYRE,60873ee3-b3db-42ed-be4d-c0b103378685,1791410100686,1791410527079,1791410527079,
5db5806b-9040-44ed-bcfa-96d4eaefe44d,CONSUMER,1400,1,did:web:ssi-dim-wallet-service.identity:BPNL00000003AYRE,,1791410100986,1791410455567,1791410455567,
6ef4ceae-8a82-40f3-9d42-9eb4d1e7a0c5,CONSUMER,1200,1,did:web:ssi-dim-wallet-service.identity:BPNL00000003AYRE,6d21c336-fa6b-4306-b229-067e1c28c584,1791410101191,1791410528586,1791410528586,
43828f46-ebfd-4370-9390-3d190ebfa6a4,CONSUMER,1200,1,did:web:ssi-dim-wallet-service.identity:BPNL00000003AYRE,c4d295f9-f879-446e-ac37-892455e6b329,1791410101269,1791410528070,1791410528070,
4b381392-5a6c-4914-86b6-328d36100414,CONSUMER,1400,1,did:web:ssi-dim-wallet-service.identity:BPNL00000003AYRE,,1791410101396,1791410454772,1791410454772,
f7067536-2e71-47c2-9194-ec6ddc73ae12,CONSUMER,1200,1,did:web:ssi-dim-wallet-service.identity:BPNL00000003AYRE,8fe1e744-660e-4e11-8120-0b3545ed763a,1791410101502,1791410532570,1791410532570,
89a32555-c7b1-4a64-ab61-c143cad4a4e5,CONSUMER,1200,1,did:web:ssi-dim-wallet-service.identity:BPNL00000003AYRE,f298eca0-430c-422e-9db7-d6db34a559bd,1791410101685,1791410529883,1791410529883,
46fe4f30-e1e5-44de-9d94-7a820cc5bdcb,CONSUMER,1200,1,did:web:ssi-dim-wallet-service.identity:BPNL00000003AYRE,f2744062-a6e6-4e41-8740-d535eefd3cdc,1791410101787,1791410529472,1791410529472,
e9245ad3-974b-4bb0-9176-cbd23a3c9a15,CONSUMER,200,1,did:web:ssi-dim-wallet-service.identity:BPNL00000003AYRE,,1791410101973,1791410450471,1791410450471,
19f28c40-958f-48e4-ac30-41f508b491ec,CONSUMER,1200,1,did:web:ssi-dim-wallet-service.identity:BPNL00000003AYRE,56332c43-38d3-4507-b3ec-8786aef1d964,1791410101986,1791410529086,1791410529086,
cb12c25a-b5ef-484b-beed-ca093e948ede,CONSUMER,1200,1,did:web:ssi-dim-wallet-service.identity:BPNL00000003AYRE,1fb6820a-7b2e-4498-847a-7875e430c7bc,1791410101992,1791410529574,1791410529574,
a14d3ac0-5eeb-46ec-8242-01ae4be18819,CONSUMER,200,1,did:web:ssi-dim-wallet-service.identity:BPNL00000003AYRE,,1791410102485,1791410511370,1791410511370,
94dc1fc2-a2c7-47f3-95a7-61185bb35167,CONSUMER,1400,1,did:web:ssi-dim-wallet-service.identity:BPNL00000003AYRE,,1791410102485,1791410516380,1791410516380,
c107d987-8e9f-4127-9290-b989b6733272,CONSUMER,1200,1,did:web:ssi-dim-wallet-service.identity:BPNL00000003AYRE,149b0513-7073-45ea-b6dd-a8663a7fa53f,1791410102486,1791410583972,1791410583972,
cd7d9588-635d-45f2-a19c-9578e5020791,CONSUMER,1400,1,did:web:ssi-dim-wallet-service.identity:BPNL00000003AYRE,,1791410102769,1791410516177,1791410516177,
61e0bbc4-e9ce-490d-99ec-a994d2e80f18,CONSUMER,1400,1,did:web:ssi-dim-wallet-service.identity:BPNL00000003AYRE,,1791410102896,1791410516677,1791410516677,
5a98a44e-9a49-43f6-8b2c-70e9fe0d0da5,CONSUMER,1400,1,did:web:ssi-dim-wallet-service.identity:BPNL00000003AYRE,c46c787a-6cb1-45dc-bde8-ef30d4111c14,1791410103386,1791410587869,1791410587869,
766cd9b4-e446-42ea-add2-4a91122f22c3,CONSUMER,1200,1,did:web:ssi-dim-wallet-service.identity:BPNL00000003AYRE,d84914ce-911a-4c27-bc26-df5a89b469e4,1791410103591,1791410588774,1791410588774,
33b1f292-e426-44ac-9e8d-b9bd62bc94b4,CONSUMER,1200,1,did:web:ssi-dim-wallet-service.identity:BPNL00000003AYRE,456335e7-1c86-48b5-90cb-a0067c6c8635,1791410103696,1791410584472,1791410584472,
ce21b1ab-96b3-4a7b-8101-a110487e50c7,CONSUMER,1200,1,did:web:ssi-dim-wallet-service.identity:BPNL00000003AYRE,83292511-d2e5-44b6-806c-4b0d1e91fb93,1791410104668,1791410586084,1791410586084,
bb43c4a0-d3ab-4bbf-abbb-dfc04101ced0,CONSUMER,1200,1,did:web:ssi-dim-wallet-service.identity:BPNL00000003AYRE,760d7490-a7d5-4d26-99d2-80c0d4974c7a,1791410104892,1791410582073,1791410582073,
b3206cbe-1ae1-4aad-b7ec-a13495c29b24,CONSUMER,1200,1,did:web:ssi-dim-wallet-service.identity:BPNL00000003AYRE,999d91cc-481b-41da-8ff7-ab9b9b3f7229,1791410105487,1791410585868,1791410585868,
6e021230-cc52-447d-ab4d-ad7b4f6a1900,CONSUMER,1200,1,did:web:ssi-dim-wallet-service.identity:BPNL00000003AYRE,c49a92b7-1eeb-4af8-818f-fcf351138b5f,1791410105994,1791410590177,1791410590177,
5f413b50-0bf3-4b97-95cb-c32c4a810ee0,CONSUMER,1200,1,did:web:ssi-dim-wallet-service.identity:BPNL00000003AYRE,2ffd023a-cf5d-4b81-888f-55fba2b8ea48,1791410106288,1791410592675,1791410592675,
a1ae591c-d150-41da-80ac-57892c3b26f9,CONSUMER,1400,1,did:web:ssi-dim-wallet-service.identity:BPNL00000003AYRE,95fe4f8e-b92e-42b8-8b53-c2ea6d6ef72c,1791410107286,1791410593536,1791410593536,
25df2220-f219-41fe-a8bf-807611dee6fa,CONSUMER,1200,1,did:web:ssi-dim-wallet-service.identity:BPNL00000003AYRE,35fa9820-a7ec-4945-a2af-f645c65847c7,1791410108070,1791410587276,1791410587276,
ecd0ab40-f562-44a3-b383-d40e99e41ef9,CONSUMER,1200,1,did:web:ssi-dim-wallet-service.identity:BPNL00000003AYRE,64cb3978-96ed-4348-b3a3-f652f39c7446,1791410108393,1791410584479,1791410584479,
3fc97e4e-5962-4926-a97a-847cdf69f2f2,CONSUMER,1400,1,did:web:ssi-dim-wallet-service.identity:BPNL00000003AYRE,63d3df73-12ed-4500-a58b-a72b5a466e53,1791410108568,1791410591477,1791410591477,
eb110ea3-82d3-467b-b291-bf35fc588400,CONSUMER,1200,1,did:web:ssi-dim-wallet-service.identity:BPNL00000003AYRE,9a8bf4d9-ac34-40b9-bce1-eb31450c68fc,1791410108689,1791410588170,1791410588170,
48ec4129-b41b-4307-bd93-1707879bff72,CONSUMER,1200,1,did:web:ssi-dim-wallet-service.identity:BPNL00000003AYRE,45cd02ef-7e44-4ad9-aa12-546c55e50ff7,1791410108786,1791410591473,1791410591473,
d1945e43-46bd-4d2f-8a2d-9e4b69667676,CONSUMER,1200,1,did:web:ssi-dim-wallet-service.identity:BPNL00000003AYRE,5def66a5-32d2-4635-a840-35baa607ce71,1791410109370,1791410589584,1791410589584,
b6ddada8-78cb-45f9-9a8a-1dbc55037300,CONSUMER,1200,1,did:web:ssi-dim-wallet-service.identity:BPNL00000003AYRE,8029655d-b37b-4daf-94e3-c79a52ee7f49,1791410109494,1791410593034,1791410593034,
5c98827a-d5a2-4b79-9764-0a09dea9998a,CONSUMER,1200,1,did:web:ssi-dim-wallet-service.identity:BPNL00000003AYRE,6414fcda-7af9-4f23-b560-68d860f4c440,1791410109991,1791410589788,1791410589788,
a6fb6847-4a65-4d5e-a9de-cc577cc8b64c,CONSUMER,1200,1,did:web:ssi-dim-wallet-service.identity:BPNL00000003AYRE,8a015add-76c2-4c31-8754-6272d83e22b2,1791410110286,1791410662967,1791410662967,
542c5686-b25e-41df-acb3-d9d608695aa1,CONSUMER,1400,1,did:web:ssi-dim-wallet-service.identity:BPNL00000003AYRE,,1791410110587,1791410561484,1791410561484,
5e41c244-4cb1-4d78-a346-471eb72971b3,CONSUMER,1200,1,did:web:ssi-dim-wallet-service.identity:BPNL00000003AYRE,25c41a0f-988a-4988-9171-8e8e66fd355e,1791410111385,1791410590578,1791410590578,
59a18622-f319-4473-a4ea-e67410750af5,CONSUMER,1200,1,did:web:ssi-dim-wallet-service.identity:BPNL00000003AYRE,a4cda75d-a24b-40c6-bbb5-cda9aa01f34b,1791410112587,1791410663770,1791410663770,
5feb8879-aecf-4dc4-9956-cc8de9abd543,CONSUMER,1200,1,did:web:ssi-dim-wallet-service.identity:BPNL00000003AYRE,f72345ac-8621-4543-9fd9-2ed071780432,1791410112691,1791410662069,1791410662069,
54d89b8c-28cc-4a5d-8188-32688d672eb1,CONSUMER,1200,1,did:web:ssi-dim-wallet-service.identity:BPNL00000003AYRE,14280045-aee6-47cb-a090-5a499f228b0b,1791410113869,1791410590572,1791410590572,
039da15d-ff1f-4122-95e0-1cdb38954594,CONSUMER,1200,1,did:web:ssi-dim-wallet-service.identity:BPNL00000003AYRE,04f14cc8-8e73-42a0-8909-b8ea1e417be9,1791410113890,1791410661276,1791410661276,
10fb2102-4a9f-4df5-9f7d-7de4abd91458,CONSUMER,1200,1,did:web:ssi-dim-wallet-service.identity:BPNL00000003AYRE,d559f36e-a77d-4ca0-88ae-c53674daa6ab,1791410114589,1791410660969,1791410660969,
449859f3-9e3f-4499-876e-0c80656f33e6,CONSUMER,1200,1,did:web:ssi-dim-wallet-service.identity:BPNL00000003AYRE,cfbc1158-058f-42d0-b15f-1cfe1839e701,1791410116197,1791410664434,1791410664434,
740fcc99-8395-44e7-8fcb-cb3745608ef5,CONSUMER,1400,1,did:web:ssi-dim-wallet-service.identity:BPNL00000003AYRE,d56129e4-7cb0-43af-aeed-e47437131ad4,1791410117270,1791410666573,1791410666573,
429187c2-cd52-49a3-a09c-05b97070e506,CONSUMER,1200,1,did:web:ssi-dim-wallet-service.identity:BPNL00000003AYRE,47efdb85-88f5-4c54-b588-eba5b68e78e4,1791410118568,1791410662771,1791410662771,
e29e2996-28dd-4bdf-8438-4203884ebc31,CONSUMER,1200,1,did:web:ssi-dim-wallet-service.identity:BPNL00000003AYRE,36b65ec3-a2bb-4f67-8cac-c11d807ec335,1791410118687,1791410667392,1791410667392,
2dab824c-4da5-4fbb-a914-bb607f072edb,CONSUMER,1200,1,did:web:ssi-dim-wallet-service.identity:BPNL00000003AYRE,98915731-6657-46c5-b189-406a6d5d7b14,1791410118786,1791410665770,1791410665770,
56477c3e-6d75-4584-a05d-56fbbefbc478,CONSUMER,1200,1,did:web:ssi-dim-wallet-service.identity:BPNL00000003AYRE,8a3292ae-1908-4fb0-b598-08b163bf3810,1791410118988,1791410666435,1791410666435,
76250003-37db-48a6-807a-e530850f242b,CONSUMER,1200,1,did:web:ssi-dim-wallet-service.identity:BPNL00000003AYRE,4b6a73b0-fb0a-4dc7-aa2a-48e1fe34b3d5,1791410119690,1791410665373,1791410665373,
c3a495fc-aec0-4812-9786-bcedb94e0220,CONSUMER,1200,1,did:web:ssi-dim-wallet-service.identity:BPNL00000003AYRE,7152acdc-7231-49c8-a672-8c169a32ab23,1791410120374,1791410665567,1791410665567,
88628b3a-0189-4c82-a8f0-6b016cd456cb,CONSUMER,1200,1,did:web:ssi-dim-wallet-service.identity:BPNL00000003AYRE,be858de8-1629-4f80-a3ce-eb1859d3f6a7,1791410120968,1791410665584,1791410665584,
e9c0e682-cb8e-4486-a8cd-40b6f1b87b5d,CONSUMER,1200,1,did:web:ssi-dim-wallet-service.identity:BPNL00000003AYRE,cc7f580b-7369-47b0-824c-c6961476b222,1791410122287,1791410665489,1791410665489,
817feb6a-859e-4885-86a9-60eb869623f0,CONSUMER,1200,1,did:web:ssi-dim-wallet-service.identity:BPNL00000003AYRE,25156dd2-87b3-41b7-ba1c-6bcd95e2bbb1,1791410122487,1791410666468,1791410666468,
6ecc4b8b-f67e-421a-aec7-9eec5864a820,CONSUMER,1200,1,did:web:ssi-dim-wallet-service.identity:BPNL00000003AYRE,6e76b05d-13ca-451f-a3f5-a30b375d841a,1791410124975,1791410668167,1791410668167,
ad85b294-5980-40cf-8a9c-a908d9d13957,CONSUMER,1200,1,did:web:ssi-dim-wallet-service.identity:BPNL00000003AYRE,47abc802-b707-4a2f-9119-c2c9ba337ca8,1791410125285,1791410671969,1791410671969,
6c193ed4-18fc-49b0-96aa-e18609ccdaa6,CONSUMER,1200,1,did:web:ssi-dim-wallet-service.identity:BPNL00000003AYRE,71691c66-18bf-4c92-a934-35eafc361600,1791410125376,1791410667074,1791410667074,
f18a7cc6-d081-4d11-bab9-c234889416d6,CONSUMER,1200,1,did:web:ssi-dim-wallet-service.identity:BPNL00000003AYRE,282158f6-042e-4820-bd99-02b38b25ff93,1791410125575,1791410711470,1791410711470,
d43dbf2f-fb04-4db7-8035-07f55fd67f59,CONSUMER,1200,1,did:web:ssi-dim-wallet-service.identity:BPNL00000003AYRE,79368a7a-5b5a-4fd0-a954-32e37731d3b7,1791410125887,1791410712175,1791410712175,
79ed3b2f-3541-4ac5-9a0c-a0278ad7b520,CONSUMER,1200,1,did:web:ssi-dim-wallet-service.identity:BPNL00000003AYRE,3211d98a-0932-4b4b-95ea-6cbd368349e3,1791410127085,1791410667370,1791410667370,
44ae78af-3d06-4d1e-a38b-cfc9a2650158,CONSUMER,1400,1,did:web:ssi-dim-wallet-service.identity:BPNL00000003AYRE,,1791410129070,1791410630691,1791410630691,
7ce3d735-9f82-4f1a-b1a5-46c83cb2e590,CONSUMER,1200,1,did:web:ssi-dim-wallet-service.identity:BPNL00000003AYRE,2d367c33-03f7-40c3-8986-3863775e4fda,1791410130088,1791410714570,1791410714570,
6c50a1d6-2a20-4534-a104-35026a5bd35f,CONSUMER,1200,1,did:web:ssi-dim-wallet-service.identity:BPNL00000003AYRE,a9b957a7-53d9-48eb-9801-7260b7067197,1791410130773,1791410713172,1791410713172,
33ef4eaa-7788-4a85-8e6a-19caae48a6b5,CONSUMER,1200,1,did:web:ssi-dim-wallet-service.identity:BPNL00000003AYRE,054981da-3ee3-419a-9350-0a867ff58dce,1791410131979,1791410718236,1791410718236,
dba23ac9-a495-4457-a513-9717553c3807,CONSUMER,1200,1,did:web:ssi-dim-wallet-service.identity:BPNL00000003AYRE,b8c84dd3-72cf-4b13-a809-a125a363b999,1791410133029,1791410725684,1791410725684,
9cdd67b6-cb37-4bb2-b6c0-cfd8255067e8,CONSUMER,1400,1,did:web:ssi-dim-wallet-service.identity:BPNL00000003AYRE,7cf32432-d439-4a79-a0f6-893ed361c787,1791410134373,1791410722272,1791410722272,
0f4d5f16-c4f9-4ba7-a316-123d8bfd7711,CONSUMER,1200,1,did:web:ssi-dim-wallet-service.identity:BPNL00000003AYRE,5f471b2b-6b69-48a7-83ca-14f12fa70f75,1791410135540,1791410712277,1791410712277,
4fef1a70-7a69-4bbc-b3d6-f433a8660626,CONSUMER,1200,1,did:web:ssi-dim-wallet-service.identity:BPNL00000003AYRE,f765ed88-24d3-40d8-b6b9-9f698ad7e6ab,1791410137174,1791410715269,1791410715269,
e4abad6b-426d-4385-9359-e637898d9c84,CONSUMER,1400,1,did:web:ssi-dim-wallet-service.identity:BPNL00000003AYRE,bfb9fa9c-5506-4711-b763-94448b369086,1791410138477,1791410723374,1791410723374,
027798f3-e2ec-485b-a3c3-053821014b0c,CONSUMER,1200,1,did:web:ssi-dim-wallet-service.identity:BPNL00000003AYRE,aed64c2a-23b7-4735-a7a6-fc156971b9be,1791410139868,1791410722768,1791410722768,
e72809af-7cce-489f-9d9f-e18f62deba12,CONSUMER,1200,1,did:web:ssi-dim-wallet-service.identity:BPNL00000003AYRE,fcd006c1-a7b0-4970-ba80-239099f58048,1791410141073,1791410716690,1791410716690,
ffcad6e0-5a69-443a-8095-d8a07177a339,CONSUMER,1200,1,did:web:ssi-dim-wallet-service.identity:BPNL00000003AYRE,db5eea57-fc8f-40ba-a8aa-e90cd74153fa,1791410143870,1791410715969,1791410715969,
58573318-c8a3-4904-8278-cd4ef0913964,CONSUMER,1200,1,did:web:ssi-dim-wallet-service.identity:BPNL00000003AYRE,276837f3-20f6-4282-b7ea-6025d3c008a3,1791410145373,1791410716969,1791410716969,
a9956645-c077-4d9a-b7a3-ad05dc2ad636,CONSUMER,1200,1,did:web:ssi-dim-wallet-service.identity:BPNL00000003AYRE,055f45bf-b994-40b6-8078-f4fde9d231e9,1791410145487,1791410720369,1791410720369,
a5320a91-c675-4faa-9725-f0d98beb862e,CONSUMER,1400,1,did:web:ssi-dim-wallet-service.identity:BPNL00000003AYRE,,1791410145890,1791410690468,1791410690468,
4c2324cb-f45f-4340-b5f0-43fa98e5fa30,CONSUMER,1200,1,did:web:ssi-dim-wallet-service.identity:BPNL00000003AYRE,e7097f9a-3a55-4418-91d5-b65664177045,1791410147029,1791410725169,1791410725169,
54bece55-b391-468c-a99d-f48e272e49a8,CONSUMER,1400,1,did:web:ssi-dim-wallet-service.identity:BPNL00000003AYRE,b69b7323-c7e5-46bd-95cb-897593b31d58,1791410148374,1791410725368,1791410725368,
3ba7c9b1-1ded-4474-9d8e-e9624f0e2be6,CONSUMER,1400,1,did:web:ssi-dim-wallet-service.identity:BPNL00000003AYRE,,1791410149770,1791410694079,1791410694079,
35f337f5-ea64-4900-8fed-8031d576c075,CONSUMER,1100,1,did:web:ssi-dim-wallet-service.identity:BPNL00000003AYRE,cf61b362-bf7b-44a3-abfa-8c442a157549,1791410151085,1791410764169,1791410764169,
416a3150-ca79-4ed7-9a13-512e74e9304f,CONSUMER,1200,1,did:web:ssi-dim-wallet-service.identity:BPNL00000003AYRE,967a1e45-57d4-42db-a919-d9b99d8cf580,1791410152171,1791410717869,1791410717869,
9a80b4fb-a79b-4af7-b724-0a5f363155cc,CONSUMER,1400,1,did:web:ssi-dim-wallet-service.identity:BPNL00000003AYRE,99528c76-6903-4f2d-9d94-7b736a7c17c8,1791410153571,1791410767970,1791410767970,
d508bb4f-f095-46ca-9322-44b5c1cb9610,CONSUMER,1200,1,did:web:ssi-dim-wallet-service.identity:BPNL00000003AYRE,e7a7f4ed-fc80-4950-a66c-babe8ff3c849,1791410155270,1791410718678,1791410718678,
dda45217-2e75-4c56-b317-cdd4ed055ab2,CONSUMER,1200,1,did:web:ssi-dim-wallet-service.identity:BPNL00000003AYRE,38c50fe6-9e8b-4579-a573-c473b18568bf,1791410155870,1791410722935,1791410722935,
b92f064a-e4e9-4462-97cd-d90f104ab1ca,CONSUMER,1400,1,did:web:ssi-dim-wallet-service.identity:BPNL00000003AYRE,5c34b3f3-c379-4bfe-975e-43ba71a7b340,1791410157124,1791410768867,1791410768867,
1fe78e6d-87bf-49df-8ec2-7a71a9e8438e,CONSUMER,1200,1,did:web:ssi-dim-wallet-service.identity:BPNL00000003AYRE,96fa2572-ae46-4ca1-8253-e22f8f7c1c7c,1791410158889,1791410765675,1791410765675,
0efe820f-6a62-4d3e-8127-2fb328c42056,CONSUMER,1400,1,did:web:ssi-dim-wallet-service.identity:BPNL00000003AYRE,e91502da-831c-43c7-b40b-eb5422d72cd0,1791410159587,1791410774372,1791410774372,
be67b3ac-7cd9-4f8a-90a6-cd0a64af8c36,CONSUMER,1400,1,did:web:ssi-dim-wallet-service.identity:BPNL00000003AYRE,960c697e-637e-441e-8a4f-e4cc3eaefee3,1791410160874,1791410772979,1791410772979,
ff224deb-faae-4d14-873e-f79960631f56,CONSUMER,1200,1,did:web:ssi-dim-wallet-service.identity:BPNL00000003AYRE,60e42515-e72f-4a1e-8a06-c8eb449ad667,1791410161870,1791410767685,1791410767685,
eebcfda7-9f1f-4b8c-92cd-193fd4aecf27,CONSUMER,1400,1,did:web:ssi-dim-wallet-service.identity:BPNL00000003AYRE,82d67b6e-4ded-41b6-92ff-66cc7909f790,1791410163373,1791410769773,1791410769773,
bdb1e1b3-0609-42ba-ac2f-c28edd4d539a,CONSUMER,1200,1,did:web:ssi-dim-wallet-service.identity:BPNL00000003AYRE,983ca8d0-387b-4df3-974a-f8ddd1720df1,1791410163824,1791410772081,1791410772081,
82edac87-b8e7-4ef2-93f2-bae4b8481ef7,CONSUMER,1100,1,did:web:ssi-dim-wallet-service.identity:BPNL00000003AYRE,a544224c-e320-49c3-bddf-22cc8fc2a4c1,1791410164470,1791410766751,1791410766751,
c5a1085d-c628-49f1-ac2c-9c87651ca527,CONSUMER,1400,1,did:web:ssi-dim-wallet-service.identity:BPNL00000003AYRE,22a2867e-d2db-4908-952c-4260abc4f6c7,1791410164969,1791410772080,1791410772080,
eaed08fd-115f-4235-9d70-c04fe2aedd52,CONSUMER,1400,1,did:web:ssi-dim-wallet-service.identity:BPNL00000003AYRE,3954e070-d805-49e4-8a43-a81dede1298b,1791410166186,1791410773471,1791410773471,
80d5195a-05f9-4365-8104-23a0db3c4f76,CONSUMER,1400,1,did:web:ssi-dim-wallet-service.identity:BPNL00000003AYRE,,1791410169089,1791410749169,1791410749169,
05a34c52-0233-467a-b770-f52c3df7424e,CONSUMER,1200,1,did:web:ssi-dim-wallet-service.identity:BPNL00000003AYRE,ef2aab82-1f1f-4b30-a5e8-49ea2e1c6a89,1791410169575,1791410822184,1791410822184,
8d3d3425-4c7b-4589-9737-1a104b103014,CONSUMER,1200,1,did:web:ssi-dim-wallet-service.identity:BPNL00000003AYRE,70563916-7c57-4f49-9fbe-1d235cc51783,1791410169670,1791410773570,1791410773570,
55a8cf29-11ba-4682-8e15-5d0424b5ed56,CONSUMER,1200,1,did:web:ssi-dim-wallet-service.identity:BPNL00000003AYRE,80f25149-ba88-4019-87b8-6d120ce149c9,1791410169769,1791410820686,1791410820686,
0cb69519-71f7-4693-b9d4-d3c6da0ea420,CONSUMER,1400,1,did:web:ssi-dim-wallet-service.identity:BPNL00000003AYRE,,1791410169870,1791410756086,1791410756086,
5c6936e3-2565-4a74-8285-b8553644fc16,CONSUMER,1200,1,did:web:ssi-dim-wallet-service.identity:BPNL00000003AYRE,b5e99823-4324-4d0c-973a-f8bfd835b7b3,1791410169974,1791410815186,1791410815186,
23a65e22-921b-40c4-a462-d7f7652f998f,CONSUMER,1200,1,did:web:ssi-dim-wallet-service.identity:BPNL00000003AYRE,784b15d4-61d7-4478-b449-e646cf5ec018,1791410170189,1791410813936,1791410813936,
e0011722-7ac7-4e6e-a6e6-02de79ee0d2d,CONSUMER,1400,1,did:web:ssi-dim-wallet-service.identity:BPNL00000003AYRE,687788eb-f1c0-479d-b06c-3fee3d42b691,1791410170885,1791410816176,1791410816176,
cea3b559-95de-4b0d-b6f0-6c4e581f58b1,CONSUMER,1200,1,did:web:ssi-dim-wallet-service.identity:BPNL00000003AYRE,770902be-6c70-4f19-8854-89b9e233e16e,1791410170989,1791410818572,1791410818572,
548c19a1-27d5-4d82-9862-637ad6605489,CONSUMER,1400,1,did:web:ssi-dim-wallet-service.identity:BPNL00000003AYRE,a27e9595-3e70-450f-afdc-8f0fc90128e9,1791410171837,1791410822273,1791410822273,
60d26bdd-43cd-4b32-8304-79e67e917654,CONSUMER,1400,1,did:web:ssi-dim-wallet-service.identity:BPNL00000003AYRE,d2fb455d-7413-4c9f-8353-f1cb001a9356,1791410173086,1791410820467,1791410820467,
7bea7d5d-96e3-494d-af29-2cc99ab010bc,CONSUMER,1400,1,did:web:ssi-dim-wallet-service.identity:BPNL00000003AYRE,c0732a28-32df-4a3e-8413-2b4c8d01455c,1791410174668,1791410819582,1791410819582,
d9c0409b-4b97-46ab-b458-2a1240de307c,CONSUMER,1200,1,did:web:ssi-dim-wallet-service.identity:BPNL00000003AYRE,ee383820-e1a3-4b89-bc5a-50def92a26da,1791410175536,1791410818275,1791410818275,
82e2a914-7178-41c6-b415-e1b8d523c2d5,CONSUMER,1200,1,did:web:ssi-dim-wallet-service.identity:BPNL00000003AYRE,525643a2-1d0c-4c9b-8027-1526cd86a686,1791410178069,1791410818673,1791410818673,
b1b5a785-4099-4316-97ba-acf55a11477b,CONSUMER,1400,1,did:web:ssi-dim-wallet-service.identity:BPNL00000003AYRE,1bfd21f8-6ed5-4757-8665-40e4a6fd971d,1791410178168,1791410822636,1791410822636,
2e456329-d0fc-4d5f-8f1f-778363bfde83,CONSUMER,1200,1,did:web:ssi-dim-wallet-service.identity:BPNL00000003AYRE,7d383670-ec9d-4c98-9b90-40b647597a5c,1791410178273,1791410823581,1791410823581,
61f3be74-6699-44be-ac7d-e36792d882d7,CONSUMER,1400,1,did:web:ssi-dim-wallet-service.identity:BPNL00000003AYRE,,1791410178471,1791410756869,1791410756869,
917e13a8-dea5-47cc-b39b-a4454a8533b5,CONSUMER,1200,1,did:web:ssi-dim-wallet-service.identity:BPNL00000003AYRE,699511c6-3f9d-4cef-bba4-b4e25d1b51d2,1791410178787,1791410821538,1791410821538,
47429e6d-68cc-4b0b-9758-7b439ca41fcf,CONSUMER,1400,1,did:web:ssi-dim-wallet-service.identity:BPNL00000003AYRE,48c13ae1-f19e-453a-b3dd-3efb0a351fd1,1791410179672,1791410827275,1791410827275,
f9481140-9d73-44cb-99bc-d6e563ea9809,CONSUMER,1200,1,did:web:ssi-dim-wallet-service.identity:BPNL00000003AYRE,4ed2ab60-0b68-44e3-9771-ef2ab2c69bc2,1791410179786,1791410825569,1791410825569,
5bae0d8d-204e-4071-bb15-d250ccbbcd82,CONSUMER,1400,1,did:web:ssi-dim-wallet-service.identity:BPNL00000003AYRE,,1791410179882,1791410801269,1791410801269,
cdebf9e8-34b5-4e6c-9ae6-2262bb71d43f,CONSUMER,1200,1,did:web:ssi-dim-wallet-service.identity:BPNL00000003AYRE,fa53a6f9-f27d-4aad-9eb7-fc6961bede4b,1791410179971,1791410872935,1791410872935,
d1423d54-c8c6-46a3-b816-674d5774474f,CONSUMER,1200,1,did:web:ssi-dim-wallet-service.identity:BPNL00000003AYRE,428bd3dc-fa46-4f97-bc1a-d81df77c817e,1791410179971,1791410872775,1791410872775,
269283ca-7aa0-49fa-a0b3-d58a1917c094,CONSUMER,1200,1,did:web:ssi-dim-wallet-service.identity:BPNL00000003AYRE,f0072608-547c-4206-89cc-16c71a3b148d,1791410180673,1791410872768,1791410872768,
8ac9842e-724b-444d-b69e-05c1f21b1766,CONSUMER,200,1,did:web:ssi-dim-wallet-service.identity:BPNL00000003AYRE,,1791410180872,1791410793375,1791410793375,
aa1ebdb8-0c53-42ac-be09-040b574d1d13,CONSUMER,1400,1,did:web:ssi-dim-wallet-service.identity:BPNL00000003AYRE,,1791410180974,1791410804579,1791410804579,
6dec26b4-ffe4-49ab-a0e3-74e8d7f24aba,CONSUMER,1200,1,did:web:ssi-dim-wallet-service.identity:BPNL00000003AYRE,e379bc5a-ecfd-41e2-ab61-d1c1b26e2e70,1791410181485,1791410869970,1791410869970,
e0542128-fb74-4107-b10f-36d084a422a3,CONSUMER,1400,1,did:web:ssi-dim-wallet-service.identity:BPNL00000003AYRE,08f64551-0f2a-4cdb-a955-4165abc74fcd,1791410181814,1791410876077,1791410876077,
1ca12743-6bed-4dbb-81d9-53f321bfcf6d,CONSUMER,1200,1,did:web:ssi-dim-wallet-service.identity:BPNL00000003AYRE,b611d0f3-47a6-42f9-aeff-180d5dbde91f,1791410181986,1791410869788,1791410869788,
e7652b5f-9376-438d-9eaf-2e63e218a341,CONSUMER,1200,1,did:web:ssi-dim-wallet-service.identity:BPNL00000003AYRE,e8aea665-c314-46f4-882c-a3f1585250f1,1791410183036,1791410873435,1791410873435,
256bf38c-f17a-4fce-842b-8bf8cf4e8924,CONSUMER,1400,1,did:web:ssi-dim-wallet-service.identity:BPNL00000003AYRE,,1791410184573,1791410803682,1791410803682,
3318437d-3a87-4b85-8a02-e487ddb55ef7,CONSUMER,1200,1,did:web:ssi-dim-wallet-service.identity:BPNL00000003AYRE,bf10b941-0c58-435e-b06e-4d8397fcf9d6,1791410185872,1791410870286,1791410870286,
8f1c2867-0a6a-4ffe-a4b6-8b856bb08359,CONSUMER,1400,1,did:web:ssi-dim-wallet-service.identity:BPNL00000003AYRE,bbfeb4c6-6e96-4885-a1c9-509b5755ae29,1791410186872,1791410878774,1791410878774,
3e04d4e6-2b84-4f27-a623-6fe4ea009ca2,CONSUMER,1400,1,did:web:ssi-dim-wallet-service.identity:BPNL00000003AYRE,16ba5f01-fbb2-4228-8dbc-128ae42617f1,1791410188371,1791410878473,1791410878473,
47677cd1-f985-45d0-945f-25bc1b166b20,CONSUMER,1200,1,did:web:ssi-dim-wallet-service.identity:BPNL00000003AYRE,0114c0cb-1439-4d21-a0f6-7ac6985a0b30,1791410188491,1791410877478,1791410877478,
c59479f8-6931-474f-a96c-91fb8dac9c7f,CONSUMER,1200,1,did:web:ssi-dim-wallet-service.identity:BPNL00000003AYRE,d307e662-0fae-4b27-b064-bf5487c795b1,1791410189669,1791410875595,1791410875595,
41ef43ce-f553-4bbb-8888-57964aced924,CONSUMER,1200,1,did:web:ssi-dim-wallet-service.identity:BPNL00000003AYRE,9cb0af7b-da40-46c6-b6af-5fe9ba4c10e4,1791410190275,1791410882572,1791410882572,
0afe83af-ef46-478a-9b04-27cff46f6eda,CONSUMER,1200,1,did:web:ssi-dim-wallet-service.identity:BPNL00000003AYRE,b1686163-77a3-4ce8-bae6-589051b0ca23,1791410191069,1791410877180,1791410877180,
15b1094d-535c-4dd6-841e-c356e723b505,CONSUMER,1200,1,did:web:ssi-dim-wallet-service.identity:BPNL00000003AYRE,7189d62b-51a4-4bec-87e6-ab5670a59f49,1791410192359,1791410878768,1791410878768,
20217c33-a930-4ac1-9cc9-f382743c54fa,CONSUMER,1200,1,did:web:ssi-dim-wallet-service.identity:BPNL00000003AYRE,bad26bb7-a131-435b-8700-c15dd3947c8a,1791410193872,1791410880671,1791410880671,
7fe6d80e-5b0b-4ca1-9748-51e2322fb79b,CONSUMER,1200,1,did:web:ssi-dim-wallet-service.identity:BPNL00000003AYRE,082464c0-ac45-403e-a256-56e84ae7a512,1791410193874,1791410879873,1791410879873,
997d3baa-c768-4190-b7e3-036f70d2b3c3,CONSUMER,1200,1,did:web:ssi-dim-wallet-service.identity:BPNL00000003AYRE,3e82fd81-79b6-4b39-8857-58e39e9b1ce4,1791410193972,1791410880773,1791410880773,
71b7e8e9-2cf6-44ad-9994-70dce9834ed9,CONSUMER,1200,1,did:web:ssi-dim-wallet-service.identity:BPNL00000003AYRE,b7e88786-1126-49f0-a46b-82a6f6dbd3af,1791410194331,1791410882840,1791410882840,
55aac9d2-9679-4422-bade-6b6740570d9b,CONSUMER,1200,1,did:web:ssi-dim-wallet-service.identity:BPNL00000003AYRE,609cdb16-2072-4e7a-99a4-b3463209d9eb,1791410196072,1791410882435,1791410882435,
d17aff36-f4f1-467b-b2b0-bd51c7f64e1b,CONSUMER,1400,1,did:web:ssi-dim-wallet-service.identity:BPNL00000003AYRE,,1791410196824,1791410857474,1791410857474,
cdea4fda-1841-44af-9605-a233137710dc,CONSUMER,1200,1,did:web:ssi-dim-wallet-service.identity:BPNL00000003AYRE,916de657-1bea-4a07-86a8-2aeea42e6259,1791410198273,1791410903870,1791410903870,
8d65092d-3f0a-4137-b92e-359121e2366a,CONSUMER,1400,1,did:web:ssi-dim-wallet-service.identity:BPNL00000003AYRE,,1791410199581,1791410857069,1791410857069,
75b48fde-f446-40e2-89ce-a3680cd8b151,CONSUMER,1200,1,did:web:ssi-dim-wallet-service.identity:BPNL00000003AYRE,91b0ae50-1ceb-4ff1-b81d-251fa642e2fe,1791410199776,1791410903786,1791410903786,
c921b8ad-e45e-4192-b745-7824631cc50b,CONSUMER,1200,1,did:web:ssi-dim-wallet-service.identity:BPNL00000003AYRE,3ca14b77-14ee-4653-b734-868bb6d80495,1791410200176,1791410906685,1791410906685,
b9fde0d4-037f-47d3-b44e-da2091bd0e29,CONSUMER,1200,1,did:web:ssi-dim-wallet-service.identity:BPNL00000003AYRE,b4af12d6-6549-49bd-b8f2-4ec313bdcbbf,1791410200626,1791410905283,1791410905283,
75057e1d-1aa6-416e-8577-4b80ea8bad7a,CONSUMER,1200,1,did:web:ssi-dim-wallet-service.identity:BPNL00000003AYRE,a7a58ceb-c144-4538-9acf-e6e50383a018,1791410201371,1791410906674,1791410906674,
3fc8ada2-8ceb-4735-b023-16b0c4ea72d5,CONSUMER,1200,1,did:web:ssi-dim-wallet-service.identity:BPNL00000003AYRE,e8f88f08-aa64-477f-979d-c2d82f0bfdb0,1791410202284,1791410905070,1791410905070,
ac1e660d-a872-43b2-9cf8-8f056ebfa264,CONSUMER,1200,1,did:web:ssi-dim-wallet-service.identity:BPNL00000003AYRE,3b443d59-ec30-4c9f-a78d-51121c33d197,1791410204786,1791410905368,1791410905368,
e6bcfd9a-cda9-4c1e-a02f-fab16e8cb12e,CONSUMER,1200,1,did:web:ssi-dim-wallet-service.identity:BPNL00000003AYRE,293c358b-b3bb-4400-ab3a-3c5996b15fbb,1791410204971,1791410908169,1791410908169,
fed80908-dc30-4c5a-a10e-b25eae0c6e7e,CONSUMER,1200,1,did:web:ssi-dim-wallet-service.identity:BPNL00000003AYRE,2e3e589c-21bb-4782-8c67-16f501d3240a,1791410205334,1791410906487,1791410906487,
932d39de-c3f8-487f-b0f2-1391a6f87f80,CONSUMER,1200,1,did:web:ssi-dim-wallet-service.identity:BPNL00000003AYRE,d425f35f-d479-461b-b2b0-51b3df7e1fb6,1791410205385,1791410906299,1791410906299,
fcf328c9-5c0d-4fb4-95fc-dd549a508a4a,CONSUMER,1200,1,did:web:ssi-dim-wallet-service.identity:BPNL00000003AYRE,0dd52829-3e37-4057-bee7-154f0884839d,1791410205463,1791410907793,1791410907793,
556e15e8-7d44-429a-bd57-8df2dc17740d,CONSUMER,1200,1,did:web:ssi-dim-wallet-service.identity:BPNL00000003AYRE,f88314b6-6e66-4029-9168-f4931481c6a8,1791410205473,1791410911276,1791410911276,
232fbbad-546e-4058-9f4a-6dc3fe40981b,CONSUMER,1200,1,did:web:ssi-dim-wallet-service.identity:BPNL00000003AYRE,1c0d0cff-c4ba-4f5a-be62-c05d4d90a964,1791410205592,1791410908870,1791410908870,
38fc88d3-5ff9-431c-9fc7-984ceb26f82e,CONSUMER,1200,1,did:web:ssi-dim-wallet-service.identity:BPNL00000003AYRE,c3edb72f-36a0-44fc-8ffb-c969a409ba2a,1791410205692,1791410908168,1791410908168,
d22278f7-3529-4d83-ab26-e956dee8685e,CONSUMER,1200,1,did:web:ssi-dim-wallet-service.identity:BPNL00000003AYRE,08ce2b9a-270f-4333-b75c-5d0ac2b62864,1791410207076,1791410945667,1791410945667,
182e68b2-d43f-4094-bb1b-e6092ba1dd45,CONSUMER,1200,1,did:web:ssi-dim-wallet-service.identity:BPNL00000003AYRE,3cec1e11-98d0-4c2e-a549-90aa08c4a40c,1791410207179,1791410942568,1791410942568,
5dfbc258-5f03-4e68-84bd-1db587db87da,CONSUMER,1200,1,did:web:ssi-dim-wallet-service.identity:BPNL00000003AYRE,d4807d69-dd6f-4695-905d-559a1f811174,1791410208172,1791410944235,1791410944235,
5c482dc2-f7dc-4a5e-9315-e308e6b49e2f,CONSUMER,1200,1,did:web:ssi-dim-wallet-service.identity:BPNL00000003AYRE,165c697b-d0dc-4ed6-ac48-46bd4352291d,1791410208371,1791410946976,1791410946976,
51caac9f-c554-4a41-843f-26b9d80560b4,CONSUMER,1200,1,did:web:ssi-dim-wallet-service.identity:BPNL00000003AYRE,7046cbb8-0b33-4b6f-9051-e106f5220fbb,1791410208373,1791410950372,1791410950372,
87a52c27-53b5-4edf-be66-b1a446e5e516,CONSUMER,1200,1,did:web:ssi-dim-wallet-service.identity:BPNL00000003AYRE,d4726136-1d50-4b1f-8914-58b5ca1fa3dc,1791410209669,1791410945535,1791410945535,
bb55725a-b63e-4151-95ed-1353a70e9f63,CONSUMER,1200,1,did:web:ssi-dim-wallet-service.identity:BPNL00000003AYRE,2790b1df-ce52-4223-a22e-d1eab7c77289,1791410210185,1791410955985,1791410955985,
7acc774d-923c-45e6-a458-ebe8e1e7de40,CONSUMER,1200,1,did:web:ssi-dim-wallet-service.identity:BPNL00000003AYRE,a36a3ed5-4bd9-4415-aaca-c418db837329,1791410210869,1791410945669,1791410945669,
f7606527-8227-4868-9da9-ec334d8380a5,CONSUMER,1200,1,did:web:ssi-dim-wallet-service.identity:BPNL00000003AYRE,566c6cf9-db72-4634-8c70-083a3bd6b570,1791410210987,1791410945736,1791410945736,
1c07c8d6-275b-4835-9f6e-0cb5561f768c,CONSUMER,1200,1,did:web:ssi-dim-wallet-service.identity:BPNL00000003AYRE,db9182ff-dfea-4ebf-9d76-73c97b60249d,1791410211774,1791410947278,1791410947278,
3ae6723a-8d85-4cfa-a019-e80938496109,CONSUMER,1200,1,did:web:ssi-dim-wallet-service.identity:BPNL00000003AYRE,33b7b789-e5c0-4871-a5f8-b9458ac20a06,1791410212328,1791410948473,1791410948473,
bb04fe12-2a4d-4266-a456-2cb92d21a4c5,CONSUMER,1200,1,did:web:ssi-dim-wallet-service.identity:BPNL00000003AYRE,f16f81a6-8937-4c57-81e4-169b1cb7a136,1791410214818,1791410950173,1791410950173,
e5d5f56d-acb5-4fca-99d4-23824e5375ea,CONSUMER,1400,1,did:web:ssi-dim-wallet-service.identity:BPNL00000003AYRE,,1791410215269,1791410897070,1791410897070,
71ac97fc-c275-4869-ac47-75225118f8c7,CONSUMER,1400,1,did:web:ssi-dim-wallet-service.identity:BPNL00000003AYRE,1ceb19a1-e3dc-4498-be8f-d50d1cabac3e,1791410216085,1791410951869,1791410951869,
03929340-36aa-4e92-a235-519ffa7959e1,CONSUMER,1200,1,did:web:ssi-dim-wallet-service.identity:BPNL00000003AYRE,4532b2f5-04b7-4a1d-88db-7944950d3e0c,1791410217069,1791410950475,1791410950475,
13e51e26-5fe1-400f-a348-a0c98a494b32,CONSUMER,1200,1,did:web:ssi-dim-wallet-service.identity:BPNL00000003AYRE,d6415326-a80e-4a0b-8d1c-e8713a8fa21e,1791410217274,1791410948571,1791410948571,
e80d7f7b-8392-42dd-aad8-b2ba7a2d676f,CONSUMER,1200,1,did:web:ssi-dim-wallet-service.identity:BPNL00000003AYRE,72a6dddd-6bdd-4fd8-90ab-c1c3baeb3857,1791410218575,1791410951791,1791410951791,
1c427bf2-0fd9-4ec5-9dfb-4bd714027f49,CONSUMER,1200,1,did:web:ssi-dim-wallet-service.identity:BPNL00000003AYRE,7124826b-ce2b-43cb-b5e7-53763b2c6928,1791410219371,1791410951771,1791410951771,
f2051b7f-328a-4e3b-91b8-30df49e86242,CONSUMER,1200,1,did:web:ssi-dim-wallet-service.identity:BPNL00000003AYRE,0f651c48-34b1-4a42-b817-093b03431fd7,1791410219787,1791410957767,1791410957767,
66b42dcd-646e-410f-a80a-657bf59464f9,CONSUMER,1200,1,did:web:ssi-dim-wallet-service.identity:BPNL00000003AYRE,2ebb67fe-4851-4b26-b735-282abbe4d527,1791410221070,1791410954135,1791410954135,
9316e7cb-6956-487e-9e07-2a1d359cda76,CONSUMER,1400,1,did:web:ssi-dim-wallet-service.identity:BPNL00000003AYRE,,1791410221377,1791410932368,1791410932368,
d8978b53-2037-4721-a2cd-d9fab6435288,CONSUMER,1200,1,did:web:ssi-dim-wallet-service.identity:BPNL00000003AYRE,2f034681-c1ea-4842-a65c-c3d60ccf429c,1791410221972,1791410955067,1791410955067,
66544be9-9ca8-4a38-863a-54c60e43d474,CONSUMER,1200,1,did:web:ssi-dim-wallet-service.identity:BPNL00000003AYRE,9afe60d7-ebd8-40fa-b09a-67aa3633d2db,1791410222443,1791410987988,1791410987988,
e0cf4c2b-74f9-4451-8c73-c3364dfeee35,CONSUMER,1100,1,did:web:ssi-dim-wallet-service.identity:BPNL00000003AYRE,d29dfdc5-1256-4817-b9c9-5e1b0b1d470c,1791410223271,1791410981758,1791410981758,
9c1b8961-eb99-4653-b02a-d245a4d61882,CONSUMER,1400,1,did:web:ssi-dim-wallet-service.identity:BPNL00000003AYRE,,1791410224568,1791410929373,1791410929373,
ab33022a-7fdc-489f-9720-3f04340a12d2,CONSUMER,1200,1,did:web:ssi-dim-wallet-service.identity:BPNL00000003AYRE,d98d2545-235f-4451-91c8-7dc8dad4a71c,1791410225425,1791410987173,1791410987173,
06d7be05-bc0d-4c8a-abf5-aaf5718f44c0,CONSUMER,1200,1,did:web:ssi-dim-wallet-service.identity:BPNL00000003AYRE,c97b265e-0634-42dd-865e-c4b0539ce7c1,1791410225871,1791410992270,1791410992270,
5707be4c-ade9-4433-97ba-aa62174310e3,CONSUMER,1200,1,did:web:ssi-dim-wallet-service.identity:BPNL00000003AYRE,3a7d3047-a0e3-40c5-bc42-14a53905d239,1791410226570,1791410988968,1791410988968,
e49e3bf9-590d-4617-bb8f-9a124e58729b,CONSUMER,1200,1,did:web:ssi-dim-wallet-service.identity:BPNL00000003AYRE,2a51f3af-5ad6-4186-b759-b59436d710dc,1791410226669,1791410987579,1791410987579,
8c4d5e95-b538-4fb8-b913-7a771abcc0dd,CONSUMER,1400,1,did:web:ssi-dim-wallet-service.identity:BPNL00000003AYRE,206c6b06-143e-4404-bfda-b3cb624b8f56,1791410227070,1791410994683,1791410994683,
0be8e49d-2ceb-4d01-9570-4674ed7bcc7e,CONSUMER,1200,1,did:web:ssi-dim-wallet-service.identity:BPNL00000003AYRE,28efdcc5-c09b-43c2-acae-6a450a318222,1791410228372,1791410991571,1791410991571,
01027bbe-5ec6-48ce-b0e6-3f63245371f7,CONSUMER,1200,1,did:web:ssi-dim-wallet-service.identity:BPNL00000003AYRE,ead6207e-fa60-4347-bb16-8113edc0b609,1791410229875,1791410990276,1791410990276,
988dc547-854e-4bb7-832a-f97fe7ceb1ff,CONSUMER,1200,1,did:web:ssi-dim-wallet-service.identity:BPNL00000003AYRE,355fcbc0-8648-4534-9535-09a5253aee38,1791410232455,1791410994068,1791410994068,
e75623d8-f8a9-4d51-8c2d-1f47a24e189d,CONSUMER,1200,1,did:web:ssi-dim-wallet-service.identity:BPNL00000003AYRE,0dc7d0d4-d549-4934-9986-29141a1ae3ac,1791410232529,1791410994968,1791410994968,
a1fe1085-7b92-46e9-b46a-bdb4240f9200,CONSUMER,1200,1,did:web:ssi-dim-wallet-service.identity:BPNL00000003AYRE,58ab8718-4420-40ae-8669-970a6cb9e732,1791410233051,1791410989078,1791410989078,
99aa1d3a-2b04-4ba2-8082-9383ddf0eec1,CONSUMER,1200,1,did:web:ssi-dim-wallet-service.identity:BPNL00000003AYRE,932b7b70-f07f-4247-860d-dee2b3412cb0,1791410234384,1791410998980,1791410998980,
f984f82e-939d-42b5-afcd-a584c0c7f424,CONSUMER,1200,1,did:web:ssi-dim-wallet-service.identity:BPNL00000003AYRE,0c9dfa2c-d0b9-467e-98be-118e9773432c,1791410235616,1791410996576,1791410996576,
cd17b98e-63ca-4cb3-b141-aedc55923f72,CONSUMER,1200,1,did:web:ssi-dim-wallet-service.identity:BPNL00000003AYRE,e7e94a0b-3cb2-49d1-a7aa-a3fcc3f228bc,1791410235771,1791410996971,1791410996971,
0b5f2f3c-7a2b-4e24-8d35-dc85bc466c2f,CONSUMER,1200,1,did:web:ssi-dim-wallet-service.identity:BPNL00000003AYRE,a471c186-d586-4ab2-b60e-d190fb366c9e,1791410236888,1791410999668,1791410999668,
38de5eae-bb49-4732-a473-c93d653bfa5d,CONSUMER,1200,1,did:web:ssi-dim-wallet-service.identity:BPNL00000003AYRE,b4a86411-f49d-4a2e-a0d5-a985b7460996,1791410236977,1791410999576,1791410999576,
e09a6e85-7bdb-4693-a6e6-43be2f4d3f91,CONSUMER,1200,1,did:web:ssi-dim-wallet-service.identity:BPNL00000003AYRE,99b0f14d-e4b6-40b2-a60b-53a0942031fe,1791410237774,1791410999167,1791410999167,
7800a89a-7a94-4b26-bf7e-e2460d4c69af,CONSUMER,1200,1,did:web:ssi-dim-wallet-service.identity:BPNL00000003AYRE,c9d7578e-5636-4393-89e2-e317d37fb5aa,1791410238585,1791411026071,1791411026071,
e38f6013-3174-4efa-81e3-f5eeba616fbc,CONSUMER,1400,1,did:web:ssi-dim-wallet-service.identity:BPNL00000003AYRE,d53ae1ba-be70-4e9f-811a-d8c740447c7c,1791410238688,1791411033274,1791411033274,
440a09bb-b95a-43fd-bc03-5f1aac48ec7e,CONSUMER,1200,1,did:web:ssi-dim-wallet-service.identity:BPNL00000003AYRE,cf26224c-4ec9-4109-ac13-7b1f820c683d,1791410239776,1791411028281,1791411028281,
95894b90-1d56-48a6-ac74-247da3048951,CONSUMER,1200,1,did:web:ssi-dim-wallet-service.identity:BPNL00000003AYRE,6c20bb72-4be4-49b9-b5c0-87ae9a1a9062,1791410240587,1791411020668,1791411020668,
7ae4030e-8a5b-4502-850e-02e60bcf33a9,CONSUMER,1200,1,did:web:ssi-dim-wallet-service.identity:BPNL00000003AYRE,ee3a9bf1-f139-453d-9628-1279597e1bb2,1791410240590,1791411020367,1791411020367,
883e2800-3f20-4850-8482-74172bdbac82,CONSUMER,1400,1,did:web:ssi-dim-wallet-service.identity:BPNL00000003AYRE,,1791410240878,1791410985073,1791410985073,
5f5441a1-d3b3-44b3-a893-c677ae02b474,CONSUMER,1200,1,did:web:ssi-dim-wallet-service.identity:BPNL00000003AYRE,63eff44b-990c-425d-abc7-52ee1ff16147,1791410241977,1791411020589,1791411020589,
41b8ef6f-000d-4a63-8c29-58dec0971f0f,CONSUMER,1200,1,did:web:ssi-dim-wallet-service.identity:BPNL00000003AYRE,a3985060-9e13-41f3-86a7-526ddaa99ffe,1791410242269,1791411023940,1791411023940,
97ce306e-0b4b-4904-91f9-e6b935925a36,CONSUMER,1200,1,did:web:ssi-dim-wallet-service.identity:BPNL00000003AYRE,9f290eaa-52f1-444b-8cef-01ab91ee6c61,1791410242672,1791411025572,1791411025572,
3775da54-b460-48cf-b8a3-300fbca71f27,CONSUMER,1400,1,did:web:ssi-dim-wallet-service.identity:BPNL00000003AYRE,,1791410243175,1791410987474,1791410987474,
72b360a2-5133-47ed-a955-9f05c43d4bbe,CONSUMER,1200,1,did:web:ssi-dim-wallet-service.identity:BPNL00000003AYRE,3e121bea-e8cb-4e05-9ebf-46366ed83afc,1791410244269,1791411027786,1791411027786,
67460c78-6c2d-41e4-9a81-ddbc2912573f,CONSUMER,1200,1,did:web:ssi-dim-wallet-service.identity:BPNL00000003AYRE,e861810c-6cd3-40f2-b21e-f1523a1ba0ed,1791410244582,1791411026285,1791411026285,
c460c567-ddca-4c19-b351-75f7c4edc3a7,CONSUMER,1200,1,did:web:ssi-dim-wallet-service.identity:BPNL00000003AYRE,3713a482-74d5-4cca-93bb-63bfd3435011,1791410245671,1791411026470,1791411026470,
cb35c0a5-b3fc-4bc7-ab06-1c5759858a39,CONSUMER,1200,1,did:web:ssi-dim-wallet-service.identity:BPNL00000003AYRE,089387aa-8ba0-4b94-9637-68d9473e0b15,1791410245969,1791411029470,1791411029470,
7f8a62da-5a46-41b0-bd21-96e1a35cdd06,CONSUMER,1200,1,did:web:ssi-dim-wallet-service.identity:BPNL00000003AYRE,acca5d8c-5936-4585-9724-a0e698299508,1791410248588,1791411029870,1791411029870,
851e5e34-67db-42b3-b22b-5e5d86a20a45,CONSUMER,1200,1,did:web:ssi-dim-wallet-service.identity:BPNL00000003AYRE,0fd17a8f-9030-49ca-88f7-d2b7301d7468,1791410249072,1791411028987,1791411028987,
1815653a-e68c-460a-bbad-cb5fa79a98eb,CONSUMER,1200,1,did:web:ssi-dim-wallet-service.identity:BPNL00000003AYRE,68b78dfa-630f-4dee-9ca0-8467b2256209,1791410249668,1791411030580,1791411030580,
870298f1-81d6-47f5-ae57-883032bef16c,CONSUMER,1200,1,did:web:ssi-dim-wallet-service.identity:BPNL00000003AYRE,86bf1bf6-8214-4d27-80e9-8b394ffa8917,1791410250872,1791411029384,1791411029384,
4a044100-1afc-41f4-9652-74e0dbbf4cf0,CONSUMER,1200,1,did:web:ssi-dim-wallet-service.identity:BPNL00000003AYRE,e7df8180-1e19-4642-b323-6525b1a42daf,1791410251978,1791411030473,1791411030473,
77c5c56e-0819-4bfc-972b-90e2696a798c,CONSUMER,1200,1,did:web:ssi-dim-wallet-service.identity:BPNL00000003AYRE,c1112b0c-6dcc-4633-ba6e-60627b40f5f6,1791410253127,1791411049572,1791411049572,
a7f70379-f009-4ead-93dc-4aced4161179,CONSUMER,1400,1,did:web:ssi-dim-wallet-service.identity:BPNL00000003AYRE,,1791410253530,1791411013774,1791411013774,
776abd09-3e85-48c4-aaad-2d5bab7bf900,CONSUMER,1400,1,did:web:ssi-dim-wallet-service.identity:BPNL00000003AYRE,,1791410254292,1791411016568,1791411016568,
fe955b98-e18e-45c7-ba34-bb654aabe948,CONSUMER,1200,1,did:web:ssi-dim-wallet-service.identity:BPNL00000003AYRE,02393e03-6206-4008-a2fc-6d81cf435c01,1791410255868,1791411050088,1791411050088,
ab3bf09d-d92c-4dfd-95df-d34a30faffe1,CONSUMER,1400,1,did:web:ssi-dim-wallet-service.identity:BPNL00000003AYRE,,1791410256669,1791411014974,1791411014974,
7f453b3d-8ca3-4841-ab5b-dc9afd8cea67,CONSUMER,1200,1,did:web:ssi-dim-wallet-service.identity:BPNL00000003AYRE,1a7a66d8-7ae9-4bde-9af4-3c135c425b44,1791410257070,1791411050172,1791411050172,
063a7bd3-09bb-48a9-a43d-3ba7062f7a93,CONSUMER,1200,1,did:web:ssi-dim-wallet-service.identity:BPNL00000003AYRE,bb3a0b4f-97e6-47c7-a9f2-5f934fa68374,1791410258674,1791411051089,1791411051089,
ad596a9b-ebf0-40f0-8942-8569fefba10a,CONSUMER,1200,1,did:web:ssi-dim-wallet-service.identity:BPNL00000003AYRE,91783c37-6c62-4b0b-9a2e-63a48038ed01,1791410258890,1791411049470,1791411049470,
f45aec8f-54de-430f-97bc-cea057468e21,CONSUMER,1200,1,did:web:ssi-dim-wallet-service.identity:BPNL00000003AYRE,ad251209-a582-4aae-ac2c-4b1c413be12c,1791410259552,1791411048568,1791411048568,
147f4397-232f-4701-8039-dd01c0ce66ba,CONSUMER,1200,1,did:web:ssi-dim-wallet-service.identity:BPNL00000003AYRE,4a7d2fa6-3ce9-42f1-998d-da04d9fb63f5,1791410260776,1791411048867,1791411048867,
f56c1969-d5b4-475c-a505-b76bbce80d74,CONSUMER,1200,1,did:web:ssi-dim-wallet-service.identity:BPNL00000003AYRE,6e75c6e9-8435-4499-a438-a397ccffb615,1791410260968,1791411049988,1791411049988,
bc78f485-d25a-4ff3-a5c1-019c317c4876,CONSUMER,1200,1,did:web:ssi-dim-wallet-service.identity:BPNL00000003AYRE,1222a2b3-56a6-4bcd-9c6a-84d32dd9c621,1791410261260,1791411050285,1791411050285,
c08011c7-811b-41ba-a72f-475ae2d6c08c,CONSUMER,1200,1,did:web:ssi-dim-wallet-service.identity:BPNL00000003AYRE,3860f401-aa8e-4247-bf45-81946c7b3100,1791410261618,1791411053371,1791411053371,
f4165b66-308c-41be-909b-b3893656ec78,CONSUMER,1200,1,did:web:ssi-dim-wallet-service.identity:BPNL00000003AYRE,33a43c14-0058-4194-8cf2-f86261d0525f,1791410261838,1791411051768,1791411051768,
3fdd1c73-80d3-4782-8dde-7c967951d118,CONSUMER,1200,1,did:web:ssi-dim-wallet-service.identity:BPNL00000003AYRE,5c3268f6-983e-46c8-a74a-223610ef8cf2,1791410262670,1791411057768,1791411057768,
6f20c9da-2c2b-4c9a-965a-6b2ab9d28e8a,CONSUMER,1200,1,did:web:ssi-dim-wallet-service.identity:BPNL00000003AYRE,ff1813af-62ad-4b2f-9f96-1e2f61f072e6,1791410262971,1791411053269,1791411053269,
2ce1b63e-a895-4582-9de7-d8d43d26d33b,CONSUMER,1200,1,did:web:ssi-dim-wallet-service.identity:BPNL00000003AYRE,7a8776c9-6972-46e2-89ef-531ff24ccf26,1791410263053,1791411053335,1791411053335,
6c87ad5c-1128-4d8a-8acb-e33f54ab30a0,CONSUMER,1200,1,did:web:ssi-dim-wallet-service.identity:BPNL00000003AYRE,87dc90dc-e61e-4353-9e03-eedc8ae53231,1791410263272,1791411056372,1791411056372,
cf7865bb-4ef5-4cf9-80a8-97b8f0d59471,CONSUMER,1200,1,did:web:ssi-dim-wallet-service.identity:BPNL00000003AYRE,8c81b16b-7795-465e-94d0-cb78c3b09bb3,1791410263726,1791411053868,1791411053868,
34b7fec4-f3cc-48b7-8947-607b653428e1,CONSUMER,1200,1,did:web:ssi-dim-wallet-service.identity:BPNL00000003AYRE,ed2a4e1b-5a1d-4f2a-8953-9721d5ec611a,1791410264140,1791411056668,1791411056668,
1e74abf8-c848-41ea-b422-ff12bbbfcfe1,CONSUMER,1200,1,did:web:ssi-dim-wallet-service.identity:BPNL00000003AYRE,209e9a2c-66ad-4374-b725-04129a176924,1791410264331,1791411055688,1791411055688,
1522ae1e-09eb-49c8-8910-85fc902689a1,CONSUMER,1200,1,did:web:ssi-dim-wallet-service.identity:BPNL00000003AYRE,45ae9de4-2aee-44a6-9f9a-b0b348eeac93,1791410265769,1791411057085,1791411057085,
8f705166-61db-4257-8919-42e5965a7855,CONSUMER,1400,1,did:web:ssi-dim-wallet-service.identity:BPNL00000003AYRE,,1791410265973,1791411042070,1791411042070,
b5d4fb58-192b-4739-8e1f-914924c1d5f4,CONSUMER,1400,1,did:web:ssi-dim-wallet-service.identity:BPNL00000003AYRE,68aff733-9460-4c9a-878c-7218742da126,1791410267086,1791411116271,1791411116271,
7e8ab6ba-7522-4568-96b1-d84b7c1c6bc4,CONSUMER,1400,1,did:web:ssi-dim-wallet-service.identity:BPNL00000003AYRE,ba52935b-5981-4d6f-a296-9250713f5a88,1791410267887,1791411114272,1791411114272,
c47ffa72-427a-4d32-879b-48817fe45eed,CONSUMER,1200,1,did:web:ssi-dim-wallet-service.identity:BPNL00000003AYRE,5d415ec1-45ad-46cb-91e6-c8ac374be2a5,1791410268373,1791411058178,1791411058178,
12dd277a-83ce-4287-9948-ecc72ba8863e,CONSUMER,1200,1,did:web:ssi-dim-wallet-service.identity:BPNL00000003AYRE,95b1d64a-7d48-49ec-bd74-7cbb45c0bcf2,1791410268472,1791411113672,1791411113672,
ae0549d0-26b3-4150-8725-51c798d6db9c,CONSUMER,1200,1,did:web:ssi-dim-wallet-service.identity:BPNL00000003AYRE,5aa1eb31-9ac3-4e21-9d1a-afd86ee8726f,1791410269368,1791411113234,1791411113234,
d8666c76-b8d0-4096-a6aa-b7e6c9c1f3c4,CONSUMER,1200,1,did:web:ssi-dim-wallet-service.identity:BPNL00000003AYRE,ebbcddb2-16dc-4030-af7d-a46998f3305f,1791410269486,1791411116275,1791411116275,
95d6b807-d0f2-4dbd-bbed-9b3e1f904c3f,CONSUMER,1200,1,did:web:ssi-dim-wallet-service.identity:BPNL00000003AYRE,c5945734-bdc4-4893-9eab-949576d25d5c,1791410270870,1791411110771,1791411110771,
6635547d-7ec7-4be4-814c-fd1e4cbdf225,CONSUMER,1200,1,did:web:ssi-dim-wallet-service.identity:BPNL00000003AYRE,7fafdc04-dc1c-4dc3-a3de-53b9764923b1,1791410271835,1791411109488,1791411109488,
ff8a378d-b665-46a3-88c5-d1550656bfe6,CONSUMER,1200,1,did:web:ssi-dim-wallet-service.identity:BPNL00000003AYRE,6f49fd75-1bea-4aeb-91db-4fd8c4a074e4,1791410272468,1791411113769,1791411113769,
9065cc00-7fcd-47af-8a3a-4d91d0a4c3f7,CONSUMER,1200,1,did:web:ssi-dim-wallet-service.identity:BPNL00000003AYRE,8b2bc48d-2f3e-4c72-936c-47bf736e6e80,1791410273074,1791411112669,1791411112669,
7df3276d-ad51-47bb-9af4-0d5c1dae3583,CONSUMER,1400,1,did:web:ssi-dim-wallet-service.identity:BPNL00000003AYRE,522065ea-107e-400d-a181-2851187f19e8,1791410274302,1791411122578,1791411122578,
5d371ab4-2da1-4c6a-9658-7e36dca3e7a6,CONSUMER,1200,1,did:web:ssi-dim-wallet-service.identity:BPNL00000003AYRE,6e1c9f7f-31b2-4fb5-b398-ae38d3ed2e70,1791410275570,1791411115973,1791411115973,
07af5d28-ab1d-4978-b456-a34efae608f7,CONSUMER,1200,1,did:web:ssi-dim-wallet-service.identity:BPNL00000003AYRE,feb811a6-2a3a-41ee-9740-28979e47666e,1791410276688,1791411117973,1791411117973,
e402c089-e9b1-4091-b224-8c29a17b01be,CONSUMER,1200,1,did:web:ssi-dim-wallet-service.identity:BPNL00000003AYRE,9670826e-87f8-489a-8dce-909dfb953fd3,1791410278186,1791411117207,1791411117207,
2ce63093-52aa-4588-894c-137a8f05abc4,CONSUMER,1200,1,did:web:ssi-dim-wallet-service.identity:BPNL00000003AYRE,3c67340e-ad05-441d-acea-4a2561453d2e,1791410281587,1791411122481,1791411122481,
6c2d8074-9af1-44bb-83f4-5c2e57a00cf1,CONSUMER,1200,1,did:web:ssi-dim-wallet-service.identity:BPNL00000003AYRE,d0a1c783-464f-47ba-a7a3-33b10728b402,1791410282673,1791411116077,1791411116077,
42a997b2-0814-4158-9248-11e31728dfa4,CONSUMER,1200,1,did:web:ssi-dim-wallet-service.identity:BPNL00000003AYRE,d8554a33-ec7b-4e8d-9180-5a9c6fd67e39,1791410282771,1791411117170,1791411117170,
550f8c6b-9d65-4bb3-8c94-5113e30a7bf0,CONSUMER,1400,1,did:web:ssi-dim-wallet-service.identity:BPNL00000003AYRE,278073f1-009e-4fb4-b5a0-8cae2af86ed3,1791410282773,1791411120769,1791411120769,
a9f8f688-8a36-4933-a4d1-456d3cad8daf,CONSUMER,1200,1,did:web:ssi-dim-wallet-service.identity:BPNL00000003AYRE,ae577a0b-d47c-4567-9207-569a79a1c078,1791410282889,1791411118289,1791411118289,
46d90b96-4625-42d2-83b0-ac49403ecb56,CONSUMER,1200,1,did:web:ssi-dim-wallet-service.identity:BPNL00000003AYRE,608f1f8d-c9d8-4ac3-b4cf-b8e19bbbc071,1791410282987,1791411119585,1791411119585,
fb74c496-b208-4a4d-bf99-052b6c3c02ba,CONSUMER,1400,1,did:web:ssi-dim-wallet-service.identity:BPNL00000003AYRE,1d6f179a-b7b2-4f55-87c0-bc81b98a47ae,1791410283288,1791411155478,1791411155478,
71d5fcfd-587c-496b-93a6-ecf7bde94f3d,CONSUMER,1200,1,did:web:ssi-dim-wallet-service.identity:BPNL00000003AYRE,abcee50e-2edf-4608-8645-e9922f642230,1791410284470,1791411119767,1791411119767,
a2a982f8-3935-4c48-b2a2-95395fe25dfd,CONSUMER,1200,1,did:web:ssi-dim-wallet-service.identity:BPNL00000003AYRE,4f897f4d-f309-4f49-aecf-7cd3d8230859,1791410284487,1791411152936,1791411152936,
e4f40510-0aad-4811-924c-fdd1dfc72334,CONSUMER,1200,1,did:web:ssi-dim-wallet-service.identity:BPNL00000003AYRE,467a7ebb-9962-4793-ba67-662f225be9f2,1791410285759,1791411150176,1791411150176,
11e0557c-946a-404f-aca3-95682c1ca4b7,CONSUMER,1200,1,did:web:ssi-dim-wallet-service.identity:BPNL00000003AYRE,001e9097-2ff1-4104-81ed-76d56ec551be,1791410286157,1791411151088,1791411151088,
ed75b350-0f13-46bb-ba49-6a4f3a1e0d8c,CONSUMER,1200,1,did:web:ssi-dim-wallet-service.identity:BPNL00000003AYRE,3333f040-4c79-4efa-b2d8-c202ec24593c,1791410287170,1791411155669,1791411155669,
0d2fb6e8-5d68-40e9-83ec-f73bb6d1156d,CONSUMER,1200,1,did:web:ssi-dim-wallet-service.identity:BPNL00000003AYRE,47744b63-2da5-484a-8d1c-4220668b4010,1791410288272,1791411153069,1791411153069,
df0ec0a3-370e-4f76-9116-6d818823a901,CONSUMER,1200,1,did:web:ssi-dim-wallet-service.identity:BPNL00000003AYRE,e672508c-a3d6-42de-8c6d-43f4c65fcfdc,1791410289479,1791411154070,1791411154070,
633c7cdc-cddd-46d4-ba76-437ab66fc3bb,CONSUMER,1200,1,did:web:ssi-dim-wallet-service.identity:BPNL00000003AYRE,e0f4910d-221e-43fb-b6dd-d14fa4322730,1791410289971,1791411156468,1791411156468,
d06704c8-8663-473d-b60c-a157b2f5271d,CONSUMER,1400,1,did:web:ssi-dim-wallet-service.identity:BPNL00000003AYRE,82a20662-a477-4822-9f09-3149bdc05372,1791410290771,1791411163736,1791411163736,
b3cc8975-ba95-4740-9f84-ab872df34f3d,CONSUMER,1200,1,did:web:ssi-dim-wallet-service.identity:BPNL00000003AYRE,a310bd44-b908-4d19-8ecf-08deb0c5c2ba,1791410291068,1791411160680,1791411160680,
9ec197a6-6fd9-41c2-bfae-eb4b547b1d95,CONSUMER,1200,1,did:web:ssi-dim-wallet-service.identity:BPNL00000003AYRE,3220f748-9a9b-4cbf-b703-26e5826f9c65,1791410291185,1791411158275,1791411158275,
ace656b4-f8a7-49a3-8b03-6bc569110c4b,CONSUMER,1200,1,did:web:ssi-dim-wallet-service.identity:BPNL00000003AYRE,03b173cf-8940-470e-9518-287a43fb29de,1791410291275,1791411158468,1791411158468,
5089f48c-06fd-46fd-96f9-18f9cd0449a4,CONSUMER,1200,1,did:web:ssi-dim-wallet-service.identity:BPNL00000003AYRE,fd4479ca-6590-4ca6-9d67-48aef2a0f760,1791410291651,1791411157475,1791411157475,
0f82639c-39b5-4789-b607-96613139bb3c,CONSUMER,1200,1,did:web:ssi-dim-wallet-service.identity:BPNL00000003AYRE,6cde47c2-9daa-4231-845e-42c9d97be867,1791410291809,1791411161868,1791411161868,
fe61c992-2800-4451-8af5-4ffca2bd34fe,CONSUMER,1200,1,did:web:ssi-dim-wallet-service.identity:BPNL00000003AYRE,0a936b53-669a-4753-baa7-b72cce355073,1791410293043,1791411160076,1791411160076,
4777aa73-3e5c-4f81-b1c1-0cd728c75388,CONSUMER,1200,1,did:web:ssi-dim-wallet-service.identity:BPNL00000003AYRE,a82a003a-68b0-44fb-b2bf-8b593dbc4817,1791410293585,1791411156280,1791411156280,
dfbcaf47-4aef-438f-8c88-249bd2cd97df,CONSUMER,200,1,did:web:ssi-dim-wallet-service.identity:BPNL00000003AYRE,,1791410294420,1791411126883,1791411126883,
a00efa4f-2a9e-412c-a698-34c219912671,CONSUMER,1200,1,did:web:ssi-dim-wallet-service.identity:BPNL00000003AYRE,2565e3c5-b3d0-4f66-85e0-35dca09ee273,1791410298271,1791411164970,1791411164970,
48060bfb-9263-4c09-9433-9fef59a0523f,CONSUMER,1400,1,did:web:ssi-dim-wallet-service.identity:BPNL00000003AYRE,,1791410301271,1791411135476,1791411135476,
2edeb617-6223-4b2f-a808-44a7d962d2d2,CONSUMER,1200,1,did:web:ssi-dim-wallet-service.identity:BPNL00000003AYRE,d870646e-91f2-428d-98e6-1305612baa27,1791410301271,1791411161087,1791411161087,
04c61407-786f-4184-8913-2f91484829ba,CONSUMER,1200,1,did:web:ssi-dim-wallet-service.identity:BPNL00000003AYRE,d6e005ca-9504-4b8d-84a3-15776539f4ad,1791410301469,1791411163771,1791411163771,
d2dc5406-9ea2-4fb9-81a7-4d956d1f7e69,CONSUMER,1200,1,did:web:ssi-dim-wallet-service.identity:BPNL00000003AYRE,bf22adeb-4f92-4450-8add-84b5e50ab5d0,1791410301486,1791411189276,1791411189276,
4166f9d0-6bfe-4625-a8f2-b3278224d7fc,CONSUMER,1200,1,did:web:ssi-dim-wallet-service.identity:BPNL00000003AYRE,1ebaee74-97d2-40a3-ab9c-93f5b99cdc92,1791410301571,1791411162268,1791411162268,
5da3b578-9d09-4f27-8ebb-e3b1ff1d0e8b,CONSUMER,1400,1,did:web:ssi-dim-wallet-service.identity:BPNL00000003AYRE,,1791410301573,1791411136684,1791411136684,
b4b73238-25cc-45f1-888f-830c55bb832f,CONSUMER,1200,1,did:web:ssi-dim-wallet-service.identity:BPNL00000003AYRE,74b2d29f-a2f1-4ac5-8d14-3ab28e044044,1791410301670,1791411187375,1791411187375,
fc6e6b33-f2e3-4a7d-87d9-a8728d345115,CONSUMER,1200,1,did:web:ssi-dim-wallet-service.identity:BPNL00000003AYRE,f03c6161-73fb-471a-8b89-bd23b9f555ae,1791410301674,1791411190968,1791411190968,
a48893ac-daa0-443c-b807-8452fdd4fe7f,CONSUMER,1200,1,did:web:ssi-dim-wallet-service.identity:BPNL00000003AYRE,8bc48477-8239-4276-ad55-67e8133f6fe4,1791410302173,1791411188975,1791411188975,
98141303-b8e0-49a0-8573-2bebf50e33b3,CONSUMER,1200,1,did:web:ssi-dim-wallet-service.identity:BPNL00000003AYRE,d2dc0b84-bd76-4db5-89c4-a901bbf222d7,1791410303053,1791411190281,1791411190281,
67b5fdeb-92ad-4d78-8d47-3a473f42a84d,CONSUMER,1200,1,did:web:ssi-dim-wallet-service.identity:BPNL00000003AYRE,2961c1f6-b3e1-4c7a-9364-51f80b561e53,1791410304168,1791411188767,1791411188767,
f49b3557-9067-47b6-aef9-d5f010ca691b,CONSUMER,1200,1,did:web:ssi-dim-wallet-service.identity:BPNL00000003AYRE,961a350f-a074-48f9-99bc-e721bd2d439a,1791410304187,1791411189670,1791411189670,
1727b21a-6a98-4643-9903-42f829ced0ed,CONSUMER,1200,1,did:web:ssi-dim-wallet-service.identity:BPNL00000003AYRE,6797ddc8-4c46-4623-923f-b877a36c9583,1791410304332,1791411192471,1791411192471,
5b935df7-4bb7-44e5-b9d1-fc06f6192e2e,CONSUMER,1200,1,did:web:ssi-dim-wallet-service.identity:BPNL00000003AYRE,d9022dd0-6b99-4688-a46e-9c0930843084,1791410305674,1791411189873,1791411189873,
95d28162-2965-4d04-93f1-9e86cae4cf88,CONSUMER,1200,1,did:web:ssi-dim-wallet-service.identity:BPNL00000003AYRE,3896156a-ac96-4bb3-83d1-b6dce26fdcbb,1791410306570,1791411192069,1791411192069,
0d541420-cfff-4d98-989b-c1e1836af460,CONSUMER,1200,1,did:web:ssi-dim-wallet-service.identity:BPNL00000003AYRE,ffe384e7-9cb9-46c1-a0a4-d9477ae14e8b,1791410306573,1791411190478,1791411190478,
b4930c7c-7fc9-4fb1-b003-9e9217f5d450,CONSUMER,1200,1,did:web:ssi-dim-wallet-service.identity:BPNL00000003AYRE,e22fe2be-0ecc-423b-b1fc-50c7058524c6,1791410307088,1791411191274,1791411191274,
e18c4275-b436-4eb3-898c-1fd9343212b9,CONSUMER,1200,1,did:web:ssi-dim-wallet-service.identity:BPNL00000003AYRE,6e81418f-f1f7-483c-a852-67113fa94f12,1791410308377,1791411191285,1791411191285,
14b2a364-ead9-462d-882d-b84d34d32333,CONSUMER,1400,1,did:web:ssi-dim-wallet-service.identity:BPNL00000003AYRE,9825495b-7b4a-4e91-97bc-23a2406d5164,1791410308378,1791411242768,1791411242768,
dda997f7-2595-45ef-b2d0-16b5f3ba0655,CONSUMER,1200,1,did:web:ssi-dim-wallet-service.identity:BPNL00000003AYRE,d762becd-3c86-4cc3-aaa0-99de0b65f780,1791410308973,1791411231876,1791411231876,
56c58428-c49a-4d46-962a-62888ede59a4,CONSUMER,1200,1,did:web:ssi-dim-wallet-service.identity:BPNL00000003AYRE,ffca1a78-2011-4ab1-885b-c8297f2cb7c5,1791410309868,1791411236478,1791411236478,
2691a58a-26da-42f8-a5ab-8b985615588b,CONSUMER,1400,1,did:web:ssi-dim-wallet-service.identity:BPNL00000003AYRE,,1791410310472,1791411179591,1791411179591,
582c07c3-e8c4-46dd-8c56-a9298d7d7af4,CONSUMER,200,1,did:web:ssi-dim-wallet-service.identity:BPNL00000003AYRE,,1791410311071,1791411168472,1791411168472,
730236a0-f304-405a-9fdc-3fd7abf7ca1d,CONSUMER,1200,1,did:web:ssi-dim-wallet-service.identity:BPNL00000003AYRE,0ac7a21e-9d6e-485a-a52b-43588f4d7b79,1791410312286,1791411231273,1791411231273,
2d9945c4-e5f8-412c-965d-78374efba709,CONSUMER,1200,1,did:web:ssi-dim-wallet-service.identity:BPNL00000003AYRE,e2fb3d64-ff7c-4ab4-9f68-e3d501f69bfa,1791410314688,1791411234868,1791411234868,
f285e79e-713f-4758-b1b5-b95fcd688684,CONSUMER,1200,1,did:web:ssi-dim-wallet-service.identity:BPNL00000003AYRE,0a6551f8-2172-4096-b4f2-0b7f290bc9fa,1791410314771,1791411234167,1791411234167,
a5b9ee0b-20f9-4eee-b11e-5131dff81d91,CONSUMER,1400,1,did:web:ssi-dim-wallet-service.identity:BPNL00000003AYRE,0e86ec2d-4b69-493d-bbcd-ad2172c5d4f6,1791410314793,1791411237874,1791411237874,
7f390fe6-5138-441d-a1c8-156b7cda16a0,CONSUMER,1200,1,did:web:ssi-dim-wallet-service.identity:BPNL00000003AYRE,dfdfec65-fdec-4892-9af0-23b1376cb6c7,1791410315987,1791411237979,1791411237979,
b33f53cc-60c6-4094-984a-f898f43c676c,CONSUMER,1400,1,did:web:ssi-dim-wallet-service.identity:BPNL00000003AYRE,3ce36318-22a2-4776-9236-ac176c5ecb42,1791410317277,1791411238168,1791411238168,
2780b2f0-d0e6-4acd-91ad-c32296c0b799,CONSUMER,1400,1,did:web:ssi-dim-wallet-service.identity:BPNL00000003AYRE,b16a8a57-0775-41cd-b9d8-1fa22786816f,1791410318586,1791411244835,1791411244835,
70a73f3c-db58-46b3-b97d-bf8793a4563c,CONSUMER,1400,1,did:web:ssi-dim-wallet-service.identity:BPNL00000003AYRE,47bc275d-b816-445d-978a-0a6c2003b8b1,1791410318772,1791411237777,1791411237777,
9a348fb2-fb6f-4552-8a57-ce45a10cd772,CONSUMER,1200,1,did:web:ssi-dim-wallet-service.identity:BPNL00000003AYRE,376fff13-fa5c-47c4-9344-938ebdef2777,1791410319676,1791411240977,1791411240977,
b559df2f-7a82-4873-b368-7ae237c83950,CONSUMER,1200,1,did:web:ssi-dim-wallet-service.identity:BPNL00000003AYRE,21104bf4-8d0e-4232-9866-61424775d051,1791410320568,1791411239668,1791411239668,
f9768f5f-8f66-4e06-b534-0cf19c8d4814,CONSUMER,1200,1,did:web:ssi-dim-wallet-service.identity:BPNL00000003AYRE,173f8ef4-97be-434a-8f81-cd2c0a142fda,1791410322168,1791411239573,1791411239573,
b9982792-e202-40cd-b221-3c0e38c9981a,CONSUMER,1200,1,did:web:ssi-dim-wallet-service.identity:BPNL00000003AYRE,773a14ad-ca01-4e0b-a7dd-b85a906b0d4d,1791410322265,1791411242773,1791411242773,
e07a25d2-56d5-4980-82c4-5c8564b668cb,CONSUMER,1200,1,did:web:ssi-dim-wallet-service.identity:BPNL00000003AYRE,7eed3737-ec53-4424-8ca7-d35dac241e69,1791410323369,1791411240789,1791411240789,
0909f8d9-daf0-4eb3-9b16-c3233a48d8d1,CONSUMER,1200,1,did:web:ssi-dim-wallet-service.identity:BPNL00000003AYRE,8871a5ae-795f-4b60-a264-39f6927c94f6,1791410324409,1791411243774,1791411243774,
b5dbed8c-3d9b-4990-a066-fea076c476e4,CONSUMER,1200,1,did:web:ssi-dim-wallet-service.identity:BPNL00000003AYRE,18dd4937-754a-4404-9576-205d28649fdb,1791410325347,1791411240076,1791411240076,
4b3accc6-4c19-4954-af4c-f0b50693b35a,CONSUMER,1200,1,did:web:ssi-dim-wallet-service.identity:BPNL00000003AYRE,655d71dd-5583-4062-ad1c-908e2e8a713a,1791410325529,1791411305385,1791411305385,
1086a6fa-debb-447c-9a4b-7e6bb255af2c,CONSUMER,200,1,did:web:ssi-dim-wallet-service.identity:BPNL00000003AYRE,,1791410327188,1791411218285,1791411218285,
25f24449-255f-4ed6-b9b7-85848997ae9f,CONSUMER,1200,1,did:web:ssi-dim-wallet-service.identity:BPNL00000003AYRE,c5e97c32-d284-4518-81e4-d6c4375dac88,1791410327371,1791411305489,1791411305489,
af2a2adc-c571-4509-895d-f23733f4868a,CONSUMER,1400,1,did:web:ssi-dim-wallet-service.identity:BPNL00000003AYRE,,1791410328473,1791411223570,1791411223570,
ec3ad716-adec-4b93-8bb9-10861fa937e6,CONSUMER,1400,1,did:web:ssi-dim-wallet-service.identity:BPNL00000003AYRE,,1791410328773,1791411225068,1791411225068,
c4124944-6c0e-4578-bd9c-fa86a7e7a1af,CONSUMER,1400,1,did:web:ssi-dim-wallet-service.identity:BPNL00000003AYRE,,1791410328874,1791411225770,1791411225770,
37fdaffb-7a86-446c-95f8-e426e3a24572,CONSUMER,1200,1,did:web:ssi-dim-wallet-service.identity:BPNL00000003AYRE,6a4f1d05-502c-4fed-86e4-16fb83fbbce5,1791410329470,1791411304493,1791411304493,
de899455-35ff-47ec-9600-0a57d0de400c,CONSUMER,1200,1,did:web:ssi-dim-wallet-service.identity:BPNL00000003AYRE,ba5cc989-8930-4806-a70a-283209e550d0,1791410330073,1791411305969,1791411305969,
76b9c9bf-5211-4eff-890c-548cbd425719,CONSUMER,1200,1,did:web:ssi-dim-wallet-service.identity:BPNL00000003AYRE,ac5fece9-100d-407d-a4d0-1bc2cc4f23fd,1791410330392,1791411304467,1791411304467,
d90da1c5-1026-4fe7-9eec-330dce8eee04,CONSUMER,1200,1,did:web:ssi-dim-wallet-service.identity:BPNL00000003AYRE,51b8132f-edd7-4320-ae92-461105081407,1791410330485,1791411308174,1791411308174,
cc5ec55c-13cd-42dd-a59c-eb56fd8877fc,CONSUMER,1200,1,did:web:ssi-dim-wallet-service.identity:BPNL00000003AYRE,81ed4364-6a7e-4f0f-9e3d-f52e3d297279,1791410330787,1791411305692,1791411305692,
7796d549-0036-488a-88ed-7f1a7fd0943a,CONSUMER,1400,1,did:web:ssi-dim-wallet-service.identity:BPNL00000003AYRE,38d24dc5-732a-4340-b0a3-8feacc335359,1791410330871,1791411310169,1791411310169,
d1125d02-977e-4884-b24e-b80941c19457,CONSUMER,1200,1,did:web:ssi-dim-wallet-service.identity:BPNL00000003AYRE,40b17987-eca7-4b1a-8095-f9232e12b937,1791410332170,1791411308467,1791411308467,
53b456e6-191f-4ff1-a4ce-b44dabe4e244,CONSUMER,1400,1,did:web:ssi-dim-wallet-service.identity:BPNL00000003AYRE,935367fb-950b-4811-b08e-45fc3cec1f41,1791410336679,1791411309876,1791411309876,
f315fc23-cc65-4a27-8375-ad156a6efcfe,CONSUMER,1200,1,did:web:ssi-dim-wallet-service.identity:BPNL00000003AYRE,e62bd949-9b70-423c-a920-3560dcf5a07e,1791410339087,1791411308574,1791411308574,
f24272da-865e-4055-952d-020844a1b667,CONSUMER,1200,1,did:web:ssi-dim-wallet-service.identity:BPNL00000003AYRE,5002306c-2fe7-42d3-918e-294587740f9d,1791410339469,1791411306972,1791411306972,
7e8ea6cf-4ba8-4593-bcb9-1ae47e31a6b7,CONSUMER,1200,1,did:web:ssi-dim-wallet-service.identity:BPNL00000003AYRE,bf33012c-27d5-4031-a034-8c15dc8d3eff,1791410339474,1791411311178,1791411311178,
86f9ca13-287f-40ce-9697-b8a2d7b974bc,CONSUMER,1200,1,did:web:ssi-dim-wallet-service.identity:BPNL00000003AYRE,c9c0bea8-e6ae-4386-9034-111fef71036f,1791410339475,1791411308368,1791411308368,
4a838b61-e26c-46e8-8db3-dd46add2c87d,CONSUMER,200,1,did:web:ssi-dim-wallet-service.identity:BPNL00000003AYRE,,1791410339477,1791411224065,1791411224065,
8588c8b8-7611-4b20-9e9f-493564c20b16,CONSUMER,1400,1,did:web:ssi-dim-wallet-service.identity:BPNL00000003AYRE,,1791410339478,1791411230983,1791411230983,
d4ac5252-b411-468c-a968-869e38ab757d,CONSUMER,200,1,did:web:ssi-dim-wallet-service.identity:BPNL00000003AYRE,,1791410339499,1791411268369,1791411268369,
4b0b44f4-a9f9-45b0-8d00-582776ecb6e9,CONSUMER,1200,1,did:web:ssi-dim-wallet-service.identity:BPNL00000003AYRE,b54fde82-1e5a-4e08-842d-621de185f2ef,1791410339542,1791411308785,1791411308785,
2e335610-4dec-4b4c-b077-3db0100fe597,CONSUMER,1400,1,did:web:ssi-dim-wallet-service.identity:BPNL00000003AYRE,,1791410340872,1791411275477,1791411275477,
28f12ba5-8329-4524-b1cb-a5c9c7c3ceb4,CONSUMER,1200,1,did:web:ssi-dim-wallet-service.identity:BPNL00000003AYRE,7cf6bbb1-5862-46db-b46d-adc334bc30c5,1791410341286,1791411311272,1791411311272,
164fbae7-5eeb-45e3-abd9-c1c8c7c65d6e,CONSUMER,1200,1,did:web:ssi-dim-wallet-service.identity:BPNL00000003AYRE,660e6ec8-1c44-448d-965a-7c4181626d35,1791410341936,1791411309571,1791411309571,
3058f67b-7373-4046-baa0-6ed57e2d6de5,CONSUMER,1200,1,did:web:ssi-dim-wallet-service.identity:BPNL00000003AYRE,77bd00a2-cc51-4deb-b87d-090d9fd6151c,1791410343069,1791411333179,1791411333179,
4be5c383-4cf8-483d-8834-30968a9ad253,CONSUMER,1400,1,did:web:ssi-dim-wallet-service.identity:BPNL00000003AYRE,,1791410343370,1791411278085,1791411278085,
6290de29-9912-4c87-ac7c-7c83ca88c685,CONSUMER,1200,1,did:web:ssi-dim-wallet-service.identity:BPNL00000003AYRE,f910b08c-86a9-4b0d-81e5-f3b78b24d052,1791410343872,1791411309968,1791411309968,
606f991d-e837-46f3-abfe-c4db9277e421,CONSUMER,1200,1,did:web:ssi-dim-wallet-service.identity:BPNL00000003AYRE,4cd0c47c-e657-43c9-b8c3-fb160d514ea4,1791410344576,1791411309276,1791411309276,
da5e5447-3eca-4d1e-9a9d-8df24a5f86d7,CONSUMER,1200,1,did:web:ssi-dim-wallet-service.identity:BPNL00000003AYRE,74be09ff-728d-461d-9b99-0ef4013e0a4c,1791410345566,1791411337170,1791411337170,
712ed096-5d35-46ab-ad93-63d3cc7b2176,CONSUMER,1200,1,did:web:ssi-dim-wallet-service.identity:BPNL00000003AYRE,154b15e1-8c37-41e2-81f9-7f1fb32d0749,1791410346972,1791411310573,1791411310573,
8af190d6-e84a-4631-8f1a-0f315389955d,CONSUMER,1200,1,did:web:ssi-dim-wallet-service.identity:BPNL00000003AYRE,ddf27954-5851-4027-98d0-258cab2122df,1791410347172,1791411335072,1791411335072,
5f57b998-e601-42d3-b208-56f75dbd899b,CONSUMER,1400,1,did:web:ssi-dim-wallet-service.identity:BPNL00000003AYRE,9ce0734e-4a24-4de6-8517-99e75d5fe827,1791410350571,1791411337586,1791411337586,
34c6c1a9-8679-403e-8437-2bd67de24b9f,CONSUMER,1200,1,did:web:ssi-dim-wallet-service.identity:BPNL00000003AYRE,695c312f-f973-4980-a8a9-ac3a50fefdf1,1791410355271,1791411334477,1791411334477,
72309f5c-a7c1-47eb-a638-9519ecb80283,CONSUMER,1200,1,did:web:ssi-dim-wallet-service.identity:BPNL00000003AYRE,d63d4f28-0c96-40ef-978c-b458160b4277,1791410355272,1791411338269,1791411338269,
9d1d11da-ab67-4c08-8e37-892326dec499,CONSUMER,1200,1,did:web:ssi-dim-wallet-service.identity:BPNL00000003AYRE,35a22a0e-aae1-483c-bb25-9005ac4482df,1791410355471,1791411338970,1791411338970,
3364ab5d-19e1-4f8b-8d00-df4bb291f95a,CONSUMER,1400,1,did:web:ssi-dim-wallet-service.identity:BPNL00000003AYRE,,1791410355484,1791411278071,1791411278071,
4c1ce603-9adf-480f-a396-2bb2bbda15fb,CONSUMER,1200,1,did:web:ssi-dim-wallet-service.identity:BPNL00000003AYRE,b4463d95-2174-4f58-9517-0f08ef4ee71a,1791410355576,1791411336568,1791411336568,
5a8b5b7b-d83c-4f4c-9c84-a1093385ee94,CONSUMER,1200,1,did:web:ssi-dim-wallet-service.identity:BPNL00000003AYRE,56bff647-be34-40ec-8500-b1d96032e206,1791410355673,1791411339876,1791411339876,
7ee8cae8-c0d4-4625-b19e-3156287109fe,CONSUMER,1200,1,did:web:ssi-dim-wallet-service.identity:BPNL00000003AYRE,3e407692-bed3-435b-9f32-d398444ee4d1,1791410355867,1791411342469,1791411342469,
96f9f016-3636-40d8-8591-d8488e47df1b,CONSUMER,1400,1,did:web:ssi-dim-wallet-service.identity:BPNL00000003AYRE,,1791410355868,1791411325036,1791411325036,
b414c202-d1b1-428b-aa21-b09e9999f1e4,CONSUMER,1400,1,did:web:ssi-dim-wallet-service.identity:BPNL00000003AYRE,,1791410355872,1791411325071,1791411325071,
77dddc6f-1552-4de2-a9f8-ba4148119baf,CONSUMER,200,1,did:web:ssi-dim-wallet-service.identity:BPNL00000003AYRE,,1791410355973,1791411320387,1791411320387,
8ab22250-e117-42e7-96fa-db48d5ab5e92,CONSUMER,1400,1,did:web:ssi-dim-wallet-service.identity:BPNL00000003AYRE,,1791410356077,1791411323268,1791411323268,
1dcca3f9-6d92-415d-b328-e5cef7e3b773,CONSUMER,200,1,did:web:ssi-dim-wallet-service.identity:BPNL00000003AYRE,,1791410356485,1791411320688,1791411320688,
35b314f8-2664-415c-88c0-24697d4b940e,CONSUMER,1200,1,did:web:ssi-dim-wallet-service.identity:BPNL00000003AYRE,f19f65ce-72f5-4b2d-87fb-275f7fce718c,1791410356974,1791411374772,1791411374772,
ffce0e77-f4e8-4465-88bd-c22683d7c1e0,CONSUMER,1400,1,did:web:ssi-dim-wallet-service.identity:BPNL00000003AYRE,,1791410357068,1791411328870,1791411328870,
797f6d3f-8f86-4fdc-b8fb-f25f2ef8ff9f,CONSUMER,1200,1,did:web:ssi-dim-wallet-service.identity:BPNL00000003AYRE,87a07104-59d1-49a6-9124-9be4ec05cd3c,1791410357171,1791411373374,1791411373374,
3b290263-70f1-4c79-bd21-b918fb347402,CONSUMER,1400,1,did:web:ssi-dim-wallet-service.identity:BPNL00000003AYRE,,1791410358672,1791411327870,1791411327870,
6a7b4232-1afb-4371-ad89-8d200865b42f,CONSUMER,200,1,did:web:ssi-dim-wallet-service.identity:BPNL00000003AYRE,,1791410358876,1791411323569,1791411323569,
41f58411-7a62-4e8c-83e5-e4cb5886bc75,CONSUMER,1200,1,did:web:ssi-dim-wallet-service.identity:BPNL00000003AYRE,cdfe488e-6679-4534-851f-e1ec7b13469b,1791410359089,1791411373578,1791411373578,
5369f660-d0f4-4648-9a14-19230f88051e,CONSUMER,1200,1,did:web:ssi-dim-wallet-service.identity:BPNL00000003AYRE,27e1be67-3f17-4aba-bbc1-78d37a41fd61,1791410359272,1791411373670,1791411373670,
a51cb176-94bf-4369-9acd-a29125fce4bd,CONSUMER,1400,1,did:web:ssi-dim-wallet-service.identity:BPNL00000003AYRE,,1791410359685,1791411329778,1791411329778,
ee548a2d-4a78-461a-a168-d013c04c12db,CONSUMER,1200,1,did:web:ssi-dim-wallet-service.identity:BPNL00000003AYRE,f936f0b2-2166-46a7-babe-0b70e0f624f5,1791410360778,1791411374672,1791411374672,
8515dab8-6e55-4ef5-9c6b-89427d853347,CONSUMER,1400,1,did:web:ssi-dim-wallet-service.identity:BPNL00000003AYRE,,1791410361673,1791411331972,1791411331972,
2f4aaaf3-4b91-46de-a5d0-2218cdf98271,CONSUMER,1400,1,did:web:ssi-dim-wallet-service.identity:BPNL00000003AYRE,,1791410361868,1791411333276,1791411333276,
8a2b8368-9b0f-4015-a1fc-da42c3dd507c,CONSUMER,1200,1,did:web:ssi-dim-wallet-service.identity:BPNL00000003AYRE,4d4e0a1e-d26a-4a7f-9783-df7ffbcf2c74,1791410361973,1791411373377,1791411373377,
e4c9164a-79a0-4261-83ec-510085aecd14,CONSUMER,1200,1,did:web:ssi-dim-wallet-service.identity:BPNL00000003AYRE,d9e233c9-396f-4834-9063-0f5d90f06354,1791410362381,1791411374568,1791411374568,
7f5d4fa0-d9a3-4855-a303-0f26dbffd255,CONSUMER,1400,1,did:web:ssi-dim-wallet-service.identity:BPNL00000003AYRE,,1791410362960,1791411337384,1791411337384,
06243db9-75aa-4237-980f-c20a5585ec53,CONSUMER,1400,1,did:web:ssi-dim-wallet-service.identity:BPNL00000003AYRE,,1791410363275,1791411336371,1791411336371,
ef294e4e-7a61-48ac-abc0-e92b826f111e,CONSUMER,1400,1,did:web:ssi-dim-wallet-service.identity:BPNL00000003AYRE,abf92c9c-7689-497e-abd5-e11fced7e116,1791410364072,1791411395594,1791411395594,
be13baec-0af6-43b9-9af8-7f23058ffb7c,CONSUMER,1200,1,did:web:ssi-dim-wallet-service.identity:BPNL00000003AYRE,38d3248b-7759-4917-ad83-671406743b3e,1791410364365,1791411374774,1791411374774,
6e280587-66f3-49d2-b175-cee4e05e3688,CONSUMER,1400,1,did:web:ssi-dim-wallet-service.identity:BPNL00000003AYRE,,1791410365870,1791411368270,1791411368270,
aba39762-5cf7-4250-a215-a2b027f09da6,CONSUMER,1400,1,did:web:ssi-dim-wallet-service.identity:BPNL00000003AYRE,8f45bddd-08bb-46fe-b030-022a3fb9f900,1791410366071,1791411395134,1791411395134,
3309bc0d-d75c-4383-b651-8c521b6ef787,CONSUMER,1400,1,did:web:ssi-dim-wallet-service.identity:BPNL00000003AYRE,,1791410366085,1791411365184,1791411365184,
e8bbd2fb-ee57-4816-8b4b-5e4e285c7298,CONSUMER,1400,1,did:web:ssi-dim-wallet-service.identity:BPNL00000003AYRE,aa160f94-0e29-4048-809f-0ee2fcc1bf48,1791410366471,1791411395170,1791411395170,
86549f63-0553-418b-9910-31f1161b8435,CONSUMER,1400,1,did:web:ssi-dim-wallet-service.identity:BPNL00000003AYRE,,1791410366872,1791411366487,1791411366487,
8f25d000-5974-4b73-8d21-637e4f73ab93,CONSUMER,1400,1,did:web:ssi-dim-wallet-service.identity:BPNL00000003AYRE,,1791410368385,1791411366687,1791411366687,
db322c1a-b202-43dd-8704-b590451bfffb,CONSUMER,1200,1,did:web:ssi-dim-wallet-service.identity:BPNL00000003AYRE,7b7df609-31f1-4f1b-b99d-3b7deda9ca55,1791410369487,1791411392640,1791411392640,
4b58709f-7212-4bda-876a-b2d3b029ac95,CONSUMER,1200,1,did:web:ssi-dim-wallet-service.identity:BPNL00000003AYRE,81b70ff4-164c-4fab-a553-b02723cac4e4,1791410370779,1791411393875,1791411393875,
9233bd2a-78d0-41aa-b336-1655b99bdc1d,CONSUMER,1400,1,did:web:ssi-dim-wallet-service.identity:BPNL00000003AYRE,,1791410372169,1791411368669,1791411368669,
e431d836-42f4-41ff-87ad-18153f117f84,CONSUMER,1400,1,did:web:ssi-dim-wallet-service.identity:BPNL00000003AYRE,,1791410373039,1791411368086,1791411368086,
932904d8-4239-40d2-9bc8-2df4593b47a9,CONSUMER,1200,1,did:web:ssi-dim-wallet-service.identity:BPNL00000003AYRE,11523f1a-4374-4045-a960-17d5131b281c,1791410373377,1791411393476,1791411393476,
39a8fca5-18f0-46c9-aac8-77463c54250c,CONSUMER,1400,1,did:web:ssi-dim-wallet-service.identity:BPNL00000003AYRE,,1791410374671,1791411367070,1791411367070,
9d451c1c-0aa5-4229-8fb9-feb75dbfcb3c,CONSUMER,1400,1,did:web:ssi-dim-wallet-service.identity:BPNL00000003AYRE,,1791410375572,1791411369089,1791411369089,
ea42bb46-a35d-4d1f-ad02-9c09e8de9d65,CONSUMER,1400,1,did:web:ssi-dim-wallet-service.identity:BPNL00000003AYRE,,1791410375875,1791411368603,1791411368603,
121dd3f9-67b6-4a8b-8b96-bbeb1a4b3080,CONSUMER,1200,1,did:web:ssi-dim-wallet-service.identity:BPNL00000003AYRE,16677a3b-448f-48a6-af6a-3f6a2004c08c,1791410375979,1791411394734,1791411394734,
789c8b1e-aac3-4161-8318-4a68d56df735,CONSUMER,1200,1,did:web:ssi-dim-wallet-service.identity:BPNL00000003AYRE,bc24e95c-e013-4629-ae0d-c4515b1bf0a3,1791410376185,1791411394771,1791411394771,
82b25d2c-24bf-4a41-a9ff-8b07b81ac04f,CONSUMER,1400,1,did:web:ssi-dim-wallet-service.identity:BPNL00000003AYRE,,1791410377385,1791411370781,1791411370781,
14c9c713-4c21-4c24-ad8e-b2e97194d554,CONSUMER,1200,1,did:web:ssi-dim-wallet-service.identity:BPNL00000003AYRE,cd8aaaaf-06e2-414a-bdc7-db5061d86dc5,1791410378070,1791411394768,1791411394768,
3a4b3635-ac63-4d70-9f22-7ec421f8ec5a,CONSUMER,1400,1,did:web:ssi-dim-wallet-service.identity:BPNL00000003AYRE,f6cd7ef4-f187-4903-b8f1-1e6bd22ea042,1791410378768,1791411396868,1791411396868,
631d82d8-b182-474d-b4ab-2a2570af841b,CONSUMER,1200,1,did:web:ssi-dim-wallet-service.identity:BPNL00000003AYRE,6bb587a4-fef3-4433-8895-fa26b0929fd7,1791410379770,1791411395770,1791411395770,
75c121e2-59d3-4a04-887c-0031172dea45,CONSUMER,1400,1,did:web:ssi-dim-wallet-service.identity:BPNL00000003AYRE,,1791410385174,1791411385477,1791411385477,
b553725b-ac1d-4f52-9597-4da13e38db23,CONSUMER,1200,1,did:web:ssi-dim-wallet-service.identity:BPNL00000003AYRE,72e48dc6-c0de-4bc0-b459-6c490188b1e4,1791410385569,1791411396470,1791411396470,
f3f7c4cf-1bd7-42c1-9dd1-16a4ea35fb6e,CONSUMER,1400,1,did:web:ssi-dim-wallet-service.identity:BPNL00000003AYRE,,1791410385676,1791411385069,1791411385069,
6b3e3de9-93ff-46ec-ba2a-ee340474f955,CONSUMER,1200,1,did:web:ssi-dim-wallet-service.identity:BPNL00000003AYRE,c7da007f-9fdf-4f6d-938d-6d9b31803fca,1791410385785,1791411395868,1791411395868,
844d4abd-ec25-4f8d-9471-71ddeede564e,CONSUMER,1400,1,did:web:ssi-dim-wallet-service.identity:BPNL00000003AYRE,,1791410385977,1791411385674,1791411385674,
681a4379-42d8-4d77-a362-bf7ee9c00ad1,CONSUMER,1400,1,did:web:ssi-dim-wallet-service.identity:BPNL00000003AYRE,401439c2-be2f-4898-8f16-98bd5c2c84b1,1791410386069,1791411397586,1791411397586,
8d053240-7b3b-43a0-aa2e-e07a32afe904,CONSUMER,1200,1,did:web:ssi-dim-wallet-service.identity:BPNL00000003AYRE,0f69b08f-dac5-4ed2-9325-478287cd9151,1791410386072,1791411408490,1791411408490,
6193915f-d78b-45a0-9bcf-ad1790bac35f,CONSUMER,1400,1,did:web:ssi-dim-wallet-service.identity:BPNL00000003AYRE,0652111c-6683-450e-8225-b286b313fb98,1791410386178,1791411413369,1791411413369,
85477b1a-1001-4a24-9465-3b6c65694b51,CONSUMER,1200,1,did:web:ssi-dim-wallet-service.identity:BPNL00000003AYRE,ca1d4338-cbdf-41f1-a9b3-ca3adc3faccd,1791410386373,1791411409891,1791411409891,
47bb7422-3228-47cd-88b0-9a6dc4e3f39f,CONSUMER,1200,1,did:web:ssi-dim-wallet-service.identity:BPNL00000003AYRE,e0b7148a-77bc-47fd-a405-61dda01d833c,1791410386570,1791411409767,1791411409767,
ee813041-83a3-487e-bc3c-1bd937816dda,CONSUMER,1200,1,did:web:ssi-dim-wallet-service.identity:BPNL00000003AYRE,895e81e8-381d-4bc1-9476-d1911e9de530,1791410386785,1791411411668,1791411411668,
e717e111-96bf-45be-9526-1f39c73a6391,CONSUMER,1200,1,did:web:ssi-dim-wallet-service.identity:BPNL00000003AYRE,8e15a236-2c85-465d-b41a-79a0a8c7deb2,1791410386874,1791411409795,1791411409795,
b7e4041d-2dca-4189-8503-39124a94d791,CONSUMER,1200,1,did:web:ssi-dim-wallet-service.identity:BPNL00000003AYRE,cc0b95e0-103c-4380-a5ec-0055dee8ac0e,1791410386878,1791411409890,1791411409890,
5fa5b9bd-2ae5-44f2-9023-754684c1854d,CONSUMER,1200,1,did:web:ssi-dim-wallet-service.identity:BPNL00000003AYRE,9de0a7d3-9183-4294-8c18-d9fbe0fd33fa,1791410386976,1791411411671,1791411411671,
9f33f08a-59ea-461a-8a07-2ef79627c5a2,CONSUMER,1400,1,did:web:ssi-dim-wallet-service.identity:BPNL00000003AYRE,c40ef5d3-ca65-4d71-a905-e7af50c38ef6,1791410386979,1791411413471,1791411413471,
0abb833f-1a48-42e1-b7a3-1932b6cadcc9,CONSUMER,200,1,did:web:ssi-dim-wallet-service.identity:BPNL00000003AYRE,,1791410387471,1791411385309,1791411385309,
34b1be72-e5c7-4f2c-af79-afc498b1649c,CONSUMER,1200,1,did:web:ssi-dim-wallet-service.identity:BPNL00000003AYRE,6f649246-d7e2-4837-be68-a0d96ad60fad,1791410387769,1791411411570,1791411411570,
5fd51de6-e126-48f2-883c-ab37a36bb5b6,CONSUMER,1200,1,did:web:ssi-dim-wallet-service.identity:BPNL00000003AYRE,4747ef05-6ed0-4f7a-91ed-b9583082d148,1791410388570,1791411410190,1791411410190,
09ac85fa-ee7f-4b88-9bff-facdfe5d5c55,CONSUMER,1200,1,did:web:ssi-dim-wallet-service.identity:BPNL00000003AYRE,69ac9c64-4096-4add-b570-8ac14d956d94,1791410389673,1791411412175,1791411412175,
77734379-ba21-4c92-ab3c-f5cfc136ecea,CONSUMER,1200,1,did:web:ssi-dim-wallet-service.identity:BPNL00000003AYRE,5756daaf-022a-4861-a934-afc50a751586,1791410390872,1791411411768,1791411411768,
df5bbf55-cd6e-4665-aec4-f5697f499fd4,CONSUMER,1200,1,did:web:ssi-dim-wallet-service.identity:BPNL00000003AYRE,f024e2eb-9945-4b39-8777-633da2561c3f,1791410391685,1791411412368,1791411412368,
44c97f01-16cc-4e73-ae69-80821f0fa0cf,CONSUMER,1200,1,did:web:ssi-dim-wallet-service.identity:BPNL00000003AYRE,699a0d59-95b5-41cd-a24f-d7d462ed326b,1791410391909,1791411412735,1791411412735,
9385e4ea-6329-48ae-97d9-a56e127eb2cf,CONSUMER,1200,1,did:web:ssi-dim-wallet-service.identity:BPNL00000003AYRE,3356ca9c-a004-42ed-82b2-b7fce4c1a4ae,1791410393382,1791411413435,1791411413435,
fc9aae0d-7caf-4f4a-8cd8-1d12909c6e1e,CONSUMER,1200,1,did:web:ssi-dim-wallet-service.identity:BPNL00000003AYRE,b3548288-e38f-4c45-919e-8a1722346d34,1791410394381,1791411429390,1791411429390,
ce33bf87-bf2c-49ca-bfe4-4a6c0d93ac3f,CONSUMER,1200,1,did:web:ssi-dim-wallet-service.identity:BPNL00000003AYRE,8dc177b8-b837-47ba-b0ba-6c66bc24a263,1791410394869,1791411412169,1791411412169,
5c7c66af-f8c7-4feb-ad38-053451969f07,CONSUMER,1200,1,did:web:ssi-dim-wallet-service.identity:BPNL00000003AYRE,e2b8285a-451d-4cf9-a62d-fe1d1e84ad92,1791410395770,1791411429479,1791411429479,
1e80e518-9f2b-4859-928d-2161904e9c11,CONSUMER,1400,1,did:web:ssi-dim-wallet-service.identity:BPNL00000003AYRE,,1791410396678,1791411405069,1791411405069,
0860f479-ff3f-47a7-be1c-36b952edf0a1,CONSUMER,1200,1,did:web:ssi-dim-wallet-service.identity:BPNL00000003AYRE,a25250aa-42be-4b80-ab79-bb7fe88e7d0a,1791410397070,1791411429570,1791411429570,
f044e95f-3c53-4752-976b-d0387f6065f7,CONSUMER,1200,1,did:web:ssi-dim-wallet-service.identity:BPNL00000003AYRE,27169409-2c2f-4efb-882e-9d7817d13673,1791410398472,1791411429571,1791411429571,
8c3b434b-7bcd-4c8d-875a-26883ef5feeb,CONSUMER,1200,1,did:web:ssi-dim-wallet-service.identity:BPNL00000003AYRE,443984be-6059-41c5-abd1-bf2db8c12ccc,1791410398679,1791411430484,1791411430484,
d9bed628-a76d-4028-acfe-25e28af1a4b0,CONSUMER,1200,1,did:web:ssi-dim-wallet-service.identity:BPNL00000003AYRE,a7fa5cf2-cb7b-4ad6-b041-d9ece575801e,1791410399368,1791411429875,1791411429875,
ab42ff84-a7b4-4318-a9fc-0d25057de3be,CONSUMER,1200,1,did:web:ssi-dim-wallet-service.identity:BPNL00000003AYRE,03535ca8-453b-4f26-9520-035e1bdb5445,1791410399371,1791411430576,1791411430576,
7a95f853-956d-4888-9fec-3cd9436c9d44,CONSUMER,1200,1,did:web:ssi-dim-wallet-service.identity:BPNL00000003AYRE,81f9f4c8-e85a-4742-9905-d81891610943,1791410399473,1791411430096,1791411430096,
4cc6afc3-e21e-4d44-933c-2bae39a31c85,CONSUMER,1200,1,did:web:ssi-dim-wallet-service.identity:BPNL00000003AYRE,6762ab39-1266-47ae-9b0c-956ee8365148,1791410399590,1791411430570,1791411430570,
f922c3a1-f72f-452c-b45e-e7c73b24dd9e,CONSUMER,1200,1,did:web:ssi-dim-wallet-service.identity:BPNL00000003AYRE,17fdcf42-e4ed-4005-a83e-69b6f522ab4f,1791410399673,1791411430370,1791411430370,
3a876487-7664-4b9f-b50c-becde7a4a99b,CONSUMER,1200,1,did:web:ssi-dim-wallet-service.identity:BPNL00000003AYRE,a42d0c87-1c1c-4c7d-9399-2c69150ebd79,1791410400669,1791411430575,1791411430575,
f6595124-70a0-4e75-951a-bfc6e57a1c01,CONSUMER,1200,1,did:web:ssi-dim-wallet-service.identity:BPNL00000003AYRE,ba50c698-3478-4672-926d-a7b2d42ac7bd,1791410400876,1791411430871,1791411430871,
cd2300e4-21ed-4d01-be58-3623602dd22f,CONSUMER,1200,1,did:web:ssi-dim-wallet-service.identity:BPNL00000003AYRE,fb223311-5108-4ad0-9cfe-77cb9d24152b,1791410402085,1791411430776,1791411430776,
0b94655c-936d-4236-b102-179a48b2a681,CONSUMER,1200,1,did:web:ssi-dim-wallet-service.identity:BPNL00000003AYRE,19d53e4f-6f50-483e-842d-d78ccc2ac4a3,1791410403104,1791411449574,1791411449574,
45fa3d38-ff7d-4569-b2e8-3ed795b92761,CONSUMER,1200,1,did:web:ssi-dim-wallet-service.identity:BPNL00000003AYRE,06366a92-79b8-44f9-9581-76e3296ed68c,1791410404874,1791411449075,1791411449075,
b26809b4-834e-49ac-9d8f-5eb3a9af0db3,CONSUMER,1200,1,did:web:ssi-dim-wallet-service.identity:BPNL00000003AYRE,2949a2a2-f8ac-43cf-9a40-b828b0e8599a,1791410405785,1791411449975,1791411449975,
725f202f-569c-4e6b-999a-09c7ac8c91de,CONSUMER,1200,1,did:web:ssi-dim-wallet-service.identity:BPNL00000003AYRE,e51cf971-1599-4b3c-9c30-755405396d3e,1791410407193,1791411449071,1791411449071,
db1528a4-be0e-42b2-bd86-b8cabe6c2302,CONSUMER,1200,1,did:web:ssi-dim-wallet-service.identity:BPNL00000003AYRE,83fc733e-b99f-4aea-9c63-9054040d4149,1791410408389,1791411449073,1791411449073,
45858a19-0075-4d25-ac9e-909acda86cd1,CONSUMER,1200,1,did:web:ssi-dim-wallet-service.identity:BPNL00000003AYRE,546c07c2-7766-4225-af25-0b6aabcd4992,1791410408690,1791411450071,1791411450071,
8167a12e-535f-4ad4-ae26-7bcc2ee08221,CONSUMER,1200,1,did:web:ssi-dim-wallet-service.identity:BPNL00000003AYRE,bf6b4df2-6ea8-4bf2-9b50-62dbb1ff9528,1791410408890,1791411450877,1791411450877,
3bd70311-be18-4f96-b53d-cae465f7e679,CONSUMER,1200,1,did:web:ssi-dim-wallet-service.identity:BPNL00000003AYRE,3d570bfc-b1e4-4862-8e96-11d6d0822fee,1791410409869,1791411451270,1791411451270,
131adb31-5893-4e49-9916-4d968ccecd14,CONSUMER,1200,1,did:web:ssi-dim-wallet-service.identity:BPNL00000003AYRE,4072645a-8284-4057-998b-edcfff7fd6ce,1791410409890,1791411449478,1791411449478,
ba3a27db-f7f5-4eb3-9263-2db1d577f7a1,CONSUMER,1200,1,did:web:ssi-dim-wallet-service.identity:BPNL00000003AYRE,a07afa2c-649a-4aa5-8fed-a7be059d54b0,1791410410694,1791411450273,1791411450273,
53bec01b-5820-47c1-94bb-c49954b2c360,CONSUMER,1200,1,did:web:ssi-dim-wallet-service.identity:BPNL00000003AYRE,1b5a3de6-ebef-48cd-9491-3d6ceb9abd24,1791410411969,1791411450768,1791411450768,
66cf069b-aca5-48a7-8f7a-c2c7a3853e8e,CONSUMER,1200,1,did:web:ssi-dim-wallet-service.identity:BPNL00000003AYRE,1e8c97a9-029d-430c-a621-5512c47d9cb4,1791410412477,1791411451276,1791411451276,
cdad7948-0755-4f3d-88bc-950c0f51f6bb,CONSUMER,1200,1,did:web:ssi-dim-wallet-service.identity:BPNL00000003AYRE,9015db12-fbc0-450d-b6c8-46d9a47d3676,1791410412483,1791411452181,1791411452181,
2cece8f3-10e7-4aab-b96d-5a86a4eac2f8,CONSUMER,1200,1,did:web:ssi-dim-wallet-service.identity:BPNL00000003AYRE,a57d5e8c-c866-486e-96fd-cf44361095b9,1791410413075,1791411451470,1791411451470,
189f7eed-4c55-43e3-a301-2c715c45e2dd,CONSUMER,1200,1,did:web:ssi-dim-wallet-service.identity:BPNL00000003AYRE,08edc07c-904c-400e-b716-ac15a23ece2a,1791410413187,1791411451167,1791411451167,
492df52a-d210-4c7c-911c-8cf3524136ce,CONSUMER,1200,1,did:web:ssi-dim-wallet-service.identity:BPNL00000003AYRE,4aab48c6-af8a-424d-bac8-58748ed89e36,1791410413380,1791411451936,1791411451936,
5d9a9b49-aef4-4825-b35b-abfbe7c2a19c,CONSUMER,1200,1,did:web:ssi-dim-wallet-service.identity:BPNL00000003AYRE,0a9a78fd-7372-4adc-baee-68e2e9beb4e3,1791410414681,1791411451836,1791411451836,
66c3c93b-9d2c-4056-a3c9-4952b26009a9,CONSUMER,1200,1,did:web:ssi-dim-wallet-service.identity:BPNL00000003AYRE,5eda4d8a-e5aa-4e8e-93db-bb949deea64c,1791410415477,1791411452168,1791411452168,
19551475-dea2-4f86-b837-882e752d1af7,CONSUMER,1200,1,did:web:ssi-dim-wallet-service.identity:BPNL00000003AYRE,53c13746-ddb2-4838-86b4-109160a0973f,1791410416168,1791411452470,1791411452470,
723efa2a-c368-4997-8559-523f03951491,CONSUMER,1200,1,did:web:ssi-dim-wallet-service.identity:BPNL00000003AYRE,9273b94d-6a1d-4f4f-9550-d272ddfda96f,1791410416291,1791411452869,1791411452869,
6e960e11-20dc-4244-812d-a2c0178c37c7,CONSUMER,1400,1,did:web:ssi-dim-wallet-service.identity:BPNL00000003AYRE,,1791410416838,1791411439586,1791411439586,
bc38d476-aa9e-4189-ab4a-b76a6248d60b,CONSUMER,1200,1,did:web:ssi-dim-wallet-service.identity:BPNL00000003AYRE,555596f4-2a20-4457-80a6-64d447a2baed,1791410418168,1791411466236,1791411466236,
21f50820-fab5-44be-9ac3-0369b7afff3a,CONSUMER,1200,1,did:web:ssi-dim-wallet-service.identity:BPNL00000003AYRE,472e2c7c-1b49-403f-b9fc-b6e1602bf78f,1791410418488,1791411466275,1791411466275,
1d8e55a1-0d14-411c-83fa-f6bb5257ce1f,CONSUMER,1200,1,did:web:ssi-dim-wallet-service.identity:BPNL00000003AYRE,f6e45365-5084-4617-88c8-2789a31deb1d,1791410419771,1791411467237,1791411467237,
e27c677b-24ea-4451-a212-237f852a319b,CONSUMER,1200,1,did:web:ssi-dim-wallet-service.identity:BPNL00000003AYRE,0e620960-cc01-4566-912f-e77852e89d5f,1791410420868,1791411466768,1791411466768,
b00fa3bb-4298-43aa-99d6-a5af36b52edd,CONSUMER,1200,1,did:web:ssi-dim-wallet-service.identity:BPNL00000003AYRE,3ac22c2d-cd6e-4276-817b-380ea0272027,1791410420984,1791411467168,1791411467168,
1f1e9f56-5648-4b93-8f2a-b008fdb1af7a,CONSUMER,1200,1,did:web:ssi-dim-wallet-service.identity:BPNL00000003AYRE,cfb78a16-eba7-45b5-beea-86f7240ceee9,1791410421274,1791411467436,1791411467436,
286352cc-8867-4eb4-845f-1cd2f2857c36,CONSUMER,1200,1,did:web:ssi-dim-wallet-service.identity:BPNL00000003AYRE,d071e26b-3d02-49b5-a2f2-ec61bf147a20,1791410421685,1791411466482,1791411466482,
947e2df6-88d6-47fd-bcea-c847114550b0,CONSUMER,1200,1,did:web:ssi-dim-wallet-service.identity:BPNL00000003AYRE,7ceed92d-7b58-4867-a2a9-0deea4876b43,1791410421970,1791411466472,1791411466472,
c7266b34-a35c-4bab-86c5-4e0427955992,CONSUMER,1200,1,did:web:ssi-dim-wallet-service.identity:BPNL00000003AYRE,de9fe8a2-1692-467b-b432-2729924b21d1,1791410422075,1791411467084,1791411467084,
3384ff98-19c5-4b3c-8098-433e5f72a4b3,CONSUMER,1200,1,did:web:ssi-dim-wallet-service.identity:BPNL00000003AYRE,2deff0a1-dad7-4df8-b0c0-9732ecd268a8,1791410423289,1791411467075,1791411467075,
51b91ca2-48a7-455e-b2bc-013ede34662f,CONSUMER,1200,1,did:web:ssi-dim-wallet-service.identity:BPNL00000003AYRE,adf27910-0e7d-48fd-83e3-efd59bdee28c,1791410428082,1791411468268,1791411468268,
b2e57fde-381e-4751-bedb-10ebdef83873,CONSUMER,1200,1,did:web:ssi-dim-wallet-service.identity:BPNL00000003AYRE,ec4e9a77-19b3-4268-a7a5-d3798f8ff868,1791410428273,1791411468176,1791411468176,
17474348-ad2c-410e-b2dd-9748572c89f9,CONSUMER,1200,1,did:web:ssi-dim-wallet-service.identity:BPNL00000003AYRE,d72e35af-9629-4d68-a77c-b9322c91f22d,1791410428368,1791411468072,1791411468072,
47d31cbf-34a7-4aaf-9e8f-d3d49a0934e7,CONSUMER,1200,1,did:web:ssi-dim-wallet-service.identity:BPNL00000003AYRE,77a4b50a-0178-4098-8e47-412835c89341,1791410428378,1791411468575,1791411468575,
840dc838-3c0f-48ca-85a6-3d32adf3a527,CONSUMER,1200,1,did:web:ssi-dim-wallet-service.identity:BPNL00000003AYRE,62655ca5-76d3-4de3-bafa-3e2ccac82ada,1791410428468,1791411469369,1791411469369,
bd159270-b281-4f26-bb16-cb12c65cbdb0,CONSUMER,1200,1,did:web:ssi-dim-wallet-service.identity:BPNL00000003AYRE,423e7266-ba3a-43b5-97fd-a42a0581c773,1791410428473,1791411469576,1791411469576,
1e6f5dec-f47c-43a0-b87d-c336d99f0156,CONSUMER,1200,1,did:web:ssi-dim-wallet-service.identity:BPNL00000003AYRE,71f0b9c3-0579-42ed-9077-6058f62ccb51,1791410428569,1791411468078,1791411468078,
b67e7564-a47a-4da1-a1fa-ce409052f8a0,CONSUMER,1200,1,did:web:ssi-dim-wallet-service.identity:BPNL00000003AYRE,6b9cc638-10ac-4513-8a7a-fee4f4d0993e,1791410428570,1791411468679,1791411468679,
f9a80c0e-a63a-4180-a98c-fc88ba8039d8,CONSUMER,1200,1,did:web:ssi-dim-wallet-service.identity:BPNL00000003AYRE,d50855b0-2dce-4e25-8a04-847e94a84916,1791410428675,1791411469472,1791411469472,
e949584b-f3b9-41bc-ad80-fde209582fe9,CONSUMER,1200,1,did:web:ssi-dim-wallet-service.identity:BPNL00000003AYRE,4e357e01-509c-4fa0-ac38-9fb44e3b28b7,1791410429578,1791411480236,1791411480236,
7ef273dc-37f7-460b-a7c6-61e58104873b,CONSUMER,1200,1,did:web:ssi-dim-wallet-service.identity:BPNL00000003AYRE,45b2ccdc-6d88-4236-a5db-1ce61496ed7e,1791410431172,1791411469467,1791411469467,
0a4df109-5fb1-4bf4-98d9-df65e2f6f40a,CONSUMER,1400,1,did:web:ssi-dim-wallet-service.identity:BPNL00000003AYRE,,1791410432175,1791411460279,1791411460279,
708faa75-2138-4539-bcf8-9dcf8bee1535,CONSUMER,1200,1,did:web:ssi-dim-wallet-service.identity:BPNL00000003AYRE,a5d87e11-02bc-40e0-b3f1-754be61063b7,1791410432476,1791411480237,1791411480237,
5e46c204-ee98-44f6-96a6-f0200fa3b793,CONSUMER,1200,1,did:web:ssi-dim-wallet-service.identity:BPNL00000003AYRE,a3521c9f-dcba-4a88-bf78-44c18d52de22,1791410433220,1791411480274,1791411480274,
034d4076-694e-4282-9556-20b4dafed738,CONSUMER,1200,1,did:web:ssi-dim-wallet-service.identity:BPNL00000003AYRE,50ed8e69-a7a3-4a3e-a82e-e2553963dee3,1791410433580,1791411480472,1791411480472,
e0ec007b-b6b9-4e1a-a421-6e0cbf54f391,CONSUMER,1200,1,did:web:ssi-dim-wallet-service.identity:BPNL00000003AYRE,24951eb6-fac5-4ee9-9aa9-c3ac0e2b035a,1791410434679,1791411480674,1791411480674,
443ae5e2-f17a-462d-8dd8-818f0ed3558d,CONSUMER,1200,1,did:web:ssi-dim-wallet-service.identity:BPNL00000003AYRE,a1b2dd09-1f7c-4046-9752-ae5d07f8295a,1791410435970,1791411480745,1791411480745,
87f1fdce-25d4-40b2-9422-0c723a96821d,CONSUMER,1200,1,did:web:ssi-dim-wallet-service.identity:BPNL00000003AYRE,8eeafaec-3bb9-4fd0-ac3e-8e09dd31fa5f,1791410436170,1791411480842,1791411480842,
87811b11-6e30-41f8-b0d3-26e5007e2d71,CONSUMER,1200,1,did:web:ssi-dim-wallet-service.identity:BPNL00000003AYRE,3e88d849-b2da-4f3f-8398-d32eb93d4dd3,1791410436271,1791411480374,1791411480374,
dfe0d6f9-ceba-4376-ac4f-b99db8c6ab1f,CONSUMER,1200,1,did:web:ssi-dim-wallet-service.identity:BPNL00000003AYRE,0d624187-756b-49c8-a31b-bff9eecf1abb,1791410436872,1791411481271,1791411481271,
5a00c6e8-8dee-4030-8359-ee1dd076625e,CONSUMER,1200,1,did:web:ssi-dim-wallet-service.identity:BPNL00000003AYRE,d8815461-3596-40e5-bb10-cab81fb0ee4f,1791410437369,1791411481368,1791411481368,
6ab5847b-d0e0-4906-b836-ccf179c3f73a,CONSUMER,1200,1,did:web:ssi-dim-wallet-service.identity:BPNL00000003AYRE,756b8b03-abb5-49fb-996b-2f5a6839a33b,1791410437777,1791411481969,1791411481969,
973163b0-9afd-4ce2-a0f2-8b82f9a2ad53,CONSUMER,1200,1,did:web:ssi-dim-wallet-service.identity:BPNL00000003AYRE,d30edbf9-3460-4fe8-8af1-9e387a2ab354,1791410437976,1791411481970,1791411481970,
a9b6df18-1eac-4a21-9f27-a63170006138,CONSUMER,1200,1,did:web:ssi-dim-wallet-service.identity:BPNL00000003AYRE,bebddefa-d974-46a8-81fe-e8cc82973078,1791410438368,1791411482071,1791411482071,
e7065c3f-33d7-4859-8c33-77fa71628008,CONSUMER,1200,1,did:web:ssi-dim-wallet-service.identity:BPNL00000003AYRE,224c5038-5598-4278-8068-6de1540e7e94,1791410438485,1791411482468,1791411482468,
58c6c190-210c-4736-ad75-bb2c4cd03180,CONSUMER,1200,1,did:web:ssi-dim-wallet-service.identity:BPNL00000003AYRE,e1062662-4fcd-4571-92d1-b7236ffc4a11,1791410439487,1791411482335,1791411482335,
7127d0c9-f2f6-4bb1-8fbf-e4df1b0a9d66,CONSUMER,1200,1,did:web:ssi-dim-wallet-service.identity:BPNL00000003AYRE,bf2c4da4-3796-4272-84d5-d2df002614c9,1791410439688,1791411481376,1791411481376,
570e9e06-fd81-4867-b81e-a95ac6b0efdb,CONSUMER,1200,1,did:web:ssi-dim-wallet-service.identity:BPNL00000003AYRE,b6667927-d7da-47e3-acbc-bde79e2afd42,1791410441085,1791411482669,1791411482669,
7496f241-465f-456e-8ffb-a65063ef7e6b,CONSUMER,1200,1,did:web:ssi-dim-wallet-service.identity:BPNL00000003AYRE,49f14dcd-be89-4315-9b09-ebb77384b160,1791410442090,1791411482437,1791411482437,
737be1ab-7a5e-4cc6-8cd1-ef7f8acc2172,CONSUMER,1200,1,did:web:ssi-dim-wallet-service.identity:BPNL00000003AYRE,9a8894d7-4107-4555-aad7-967e66a9fbba,1791410442790,1791411482839,1791411482839,
aac3356a-f683-4ea6-8b13-b2bd15fded5a,CONSUMER,1200,1,did:web:ssi-dim-wallet-service.identity:BPNL00000003AYRE,53188483-5261-4f62-bf3c-e78b4563be26,1791410443370,1791411482582,1791411482582,
1bb33c9c-0788-4438-93ab-bd0aba6b0382,CONSUMER,1200,1,did:web:ssi-dim-wallet-service.identity:BPNL00000003AYRE,e92d3b0e-97d2-4be9-a185-07d1f3eaa567,1791410444179,1791411493470,1791411493470,
1345cbdc-e014-409f-a297-8c4630ed8a21,CONSUMER,1200,1,did:web:ssi-dim-wallet-service.identity:BPNL00000003AYRE,c01b1664-20bc-48a8-ba63-9421a6353aef,1791410444476,1791411493075,1791411493075,
a9eef7b8-6e86-4e92-98da-816ea6b5fdb3,CONSUMER,1200,1,did:web:ssi-dim-wallet-service.identity:BPNL00000003AYRE,a505d814-4cf9-4968-a8c2-9555483784fe,1791410449089,1791411493534,1791411493534,
d7b104a1-d1f4-42ed-9506-a8a59774b750,CONSUMER,1200,1,did:web:ssi-dim-wallet-service.identity:BPNL00000003AYRE,0fdf69a8-7cc7-4077-8e25-0feec65e9cef,1791410449187,1791411493373,1791411493373,
16f4bc2b-6b7a-48ad-8500-33d4bc2f59b2,CONSUMER,1200,1,did:web:ssi-dim-wallet-service.identity:BPNL00000003AYRE,23916064-15b9-4c64-b698-4ed2c53af9cd,1791410450785,1791411493068,1791411493068,
cf77f514-d41b-4541-b76b-d4f1456d7abb,CONSUMER,1200,1,did:web:ssi-dim-wallet-service.identity:BPNL00000003AYRE,bc94f74a-e856-4aa7-9456-c302fdb372e9,1791410451268,1791411493435,1791411493435,
d4a68ad9-2b5c-48a6-84a3-1479c93df227,CONSUMER,1200,1,did:web:ssi-dim-wallet-service.identity:BPNL00000003AYRE,2865432a-d1be-41c8-9b44-8f26dc5790ad,1791410451371,1791411494135,1791411494135,
1c149227-44fa-4b29-87f3-394516fa28d9,CONSUMER,1200,1,did:web:ssi-dim-wallet-service.identity:BPNL00000003AYRE,4b336785-6491-4173-8874-b20841e9fe2b,1791410451376,1791411494448,1791411494448,
c2a2cadf-4722-4f75-aff3-9c70550c9faa,CONSUMER,1200,1,did:web:ssi-dim-wallet-service.identity:BPNL00000003AYRE,a66da020-f437-4090-8201-6d15971dbe25,1791410452585,1791411493768,1791411493768,
78bc821b-ec59-41f2-9df9-8baa1deb5304,CONSUMER,1200,1,did:web:ssi-dim-wallet-service.identity:BPNL00000003AYRE,141e8ee6-a6ff-4b35-a137-99ac8322db66,1791410457988,1791411494474,1791411494474,
499f25b7-f07a-485c-ba10-f87cca59d6db,CONSUMER,1200,1,did:web:ssi-dim-wallet-service.identity:BPNL00000003AYRE,b05bda6d-7a49-41b4-8df2-265548459f32,1791410458477,1791411493635,1791411493635,
334f4f0b-c31d-460c-86f9-6be7af8532f8,CONSUMER,1200,1,did:web:ssi-dim-wallet-service.identity:BPNL00000003AYRE,84f3db0a-abd5-454e-997f-7002babb1b97,1791410458488,1791411494068,1791411494068,
f6696631-ef33-4eb2-bc6f-b15fc281d2f0,CONSUMER,1200,1,did:web:ssi-dim-wallet-service.identity:BPNL00000003AYRE,fd095ceb-2969-4cd4-be82-060125e93f26,1791410458771,1791411494077,1791411494077,
8d8c21ec-f544-46ce-b2bc-327fc384dc34,CONSUMER,1200,1,did:web:ssi-dim-wallet-service.identity:BPNL00000003AYRE,38dc9db4-28b7-40a4-9c9c-a386b99922e4,1791410458870,1791411494384,1791411494384,
778f8c36-373f-4e15-9d24-de811d76c57d,CONSUMER,1200,1,did:web:ssi-dim-wallet-service.identity:BPNL00000003AYRE,fc1a5694-befa-42a5-8c84-8fd7f4926429,1791410459072,1791411494068,1791411494068,
f6af2c43-c2b1-4d24-ac1a-9219d6f49cdf,CONSUMER,1200,1,did:web:ssi-dim-wallet-service.identity:BPNL00000003AYRE,70b22492-8524-4c62-b46b-f98fa0b2c742,1791410459078,1791411494835,1791411494835,
71dca974-6561-4cc3-8fa5-d978a0035cab,CONSUMER,1200,1,did:web:ssi-dim-wallet-service.identity:BPNL00000003AYRE,e70e6c1d-33b8-4350-b5b3-852cc205e4a0,1791410459089,1791411494835,1791411494835,
7fabbc3c-865b-40c2-bd5a-275a44ea1538,CONSUMER,1200,1,did:web:ssi-dim-wallet-service.identity:BPNL00000003AYRE,e813abdb-9b1a-4395-922e-9bf528b6f372,1791410459173,1791411494390,1791411494390,
d5542db6-fe6a-41a5-a0df-777f3a2140c0,CONSUMER,1200,1,did:web:ssi-dim-wallet-service.identity:BPNL00000003AYRE,e46cd9a3-add5-4e3a-b4ba-d383fb0f1471,1791410459176,1791411505743,1791411505743,
689a3f32-67ae-44e5-b671-9480dc3c2d6e,CONSUMER,1200,1,did:web:ssi-dim-wallet-service.identity:BPNL00000003AYRE,01aa5591-fbe7-4c07-b124-140c22295b8b,1791410459194,1791411505576,1791411505576,
21d6c88a-7d4a-4c80-8595-8a6ca2a2afd0,CONSUMER,1200,1,did:web:ssi-dim-wallet-service.identity:BPNL00000003AYRE,58b169e6-32e4-4ca7-883c-7030cf29cee6,1791410459268,1791411505770,1791411505770,
7ed3ade3-8168-41e0-980a-50451f067772,CONSUMER,1200,1,did:web:ssi-dim-wallet-service.identity:BPNL00000003AYRE,5f5db330-5431-4b19-9635-6b3b47268a3a,1791410459385,1791411505668,1791411505668,
eeead322-ef24-4a07-9f87-8ccfab5eaeb4,CONSUMER,1200,1,did:web:ssi-dim-wallet-service.identity:BPNL00000003AYRE,9ad9a7e6-c23e-419e-81ef-11090d8571a9,1791410459386,1791411506170,1791411506170,
d4d447cc-7a14-4bda-a0ba-14d33642adbc,CONSUMER,1200,1,did:web:ssi-dim-wallet-service.identity:BPNL00000003AYRE,87fabd31-9267-42da-9432-f7ec949cc09a,1791410459389,1791411506278,1791411506278,
56574499-a55a-4745-bcee-e21e694cd475,CONSUMER,1200,1,did:web:ssi-dim-wallet-service.identity:BPNL00000003AYRE,4a20dced-2605-4bfd-8033-a422e61f5d08,1791410459485,1791411506136,1791411506136,
7e151ad1-6822-43a3-8454-91a571231d6f,CONSUMER,1200,1,did:web:ssi-dim-wallet-service.identity:BPNL00000003AYRE,7c8e900a-423f-4c71-bc50-e5b1aabdbde6,1791410459970,1791411509136,1791411509136,
62c9c1a9-2359-4daf-ada1-bef185be3ca3,CONSUMER,1200,1,did:web:ssi-dim-wallet-service.identity:BPNL00000003AYRE,606116d7-0095-4152-91d2-66a88412424f,1791410461089,1791411508971,1791411508971,
1b68ff46-355b-405c-aff5-2006a6a2b2cf,CONSUMER,1200,1,did:web:ssi-dim-wallet-service.identity:BPNL00000003AYRE,2760775c-58f9-4c34-9d01-b261f85bfb6b,1791410461173,1791411509234,1791411509234,
cf2a01d1-d7af-47a9-935d-342e9bc1efe9,CONSUMER,1200,1,did:web:ssi-dim-wallet-service.identity:BPNL00000003AYRE,1b13bd12-9833-4e0e-8357-c8846e730679,1791410461739,1791411509668,1791411509668,
cb35f185-c3b9-494d-aef6-d89d3594194e,CONSUMER,1200,1,did:web:ssi-dim-wallet-service.identity:BPNL00000003AYRE,078b2c93-e372-4f69-93a9-04d421b70ba7,1791410462276,1791411509139,1791411509139,
7fa2bf0a-6663-4237-9510-9cdeb66efcfa,CONSUMER,1200,1,did:web:ssi-dim-wallet-service.identity:BPNL00000003AYRE,97a7e656-fd37-4b84-bafc-87db576fcc11,1791410463843,1791411509275,1791411509275,
a6dbb797-76ef-4a98-b9d3-e198faa1b360,CONSUMER,1200,1,did:web:ssi-dim-wallet-service.identity:BPNL00000003AYRE,12ae3825-2ef7-4101-a26c-d82bb1efb0bd,1791410464686,1791411509636,1791411509636,
738bc431-0147-49c7-8718-99a741c23fea,CONSUMER,1200,1,did:web:ssi-dim-wallet-service.identity:BPNL00000003AYRE,28ebd6d9-6d79-411f-a71f-6faa8c98fffa,1791410464875,1791411509672,1791411509672,
7dd6f1b9-7670-43f2-9f41-dcca771b7e19,CONSUMER,1200,1,did:web:ssi-dim-wallet-service.identity:BPNL00000003AYRE,1b61ed87-9418-48c4-832c-7a89c85697a3,1791410465089,1791411509673,1791411509673,
189af039-b20e-416f-9f09-9f41779fe724,CONSUMER,1200,1,did:web:ssi-dim-wallet-service.identity:BPNL00000003AYRE,27ebdcb5-a16a-48bd-b815-439ce2ce810a,1791410465090,1791411509780,1791411509780,
6ac1656a-4bb4-4906-8251-1dc5b7572502,CONSUMER,1200,1,did:web:ssi-dim-wallet-service.identity:BPNL00000003AYRE,92ac582e-18a9-4437-8fad-3edb179c7f05,1791410465874,1791411510076,1791411510076,
b377f0b0-3363-4aa7-87d3-23f194eee0cc,CONSUMER,1200,1,did:web:ssi-dim-wallet-service.identity:BPNL00000003AYRE,255e4a66-1d92-46ef-9de6-a06171902234,1791410466268,1791411511671,1791411511671,
b9da6502-7930-48e5-bfaa-88a9fb0d4c3b,CONSUMER,1200,1,did:web:ssi-dim-wallet-service.identity:BPNL00000003AYRE,c9609b92-3a5b-4b0d-a736-f5e353a4505d,1791410466471,1791411510284,1791411510284,
e20e8f24-04aa-4ff3-aaae-2ce067f79fa2,CONSUMER,1200,1,did:web:ssi-dim-wallet-service.identity:BPNL00000003AYRE,a7bb1dcf-a3dc-46af-8e6a-cda5fa4e8948,1791410467268,1791411518768,1791411518768,
7fd0ddf0-e43d-4666-b715-a30605ebd455,CONSUMER,1200,1,did:web:ssi-dim-wallet-service.identity:BPNL00000003AYRE,9a90e036-0f4f-4c75-bc89-76149213eea4,1791410467768,1791411519075,1791411519075,
bd229ff2-df28-4ac1-bc3e-420283b981f8,CONSUMER,1200,1,did:web:ssi-dim-wallet-service.identity:BPNL00000003AYRE,d6f7a047-8e7c-466f-908a-0e9a4b9a4b55,1791410468695,1791411518873,1791411518873,
5762f94e-ee87-44f1-ba6e-81598bbbe390,CONSUMER,1200,1,did:web:ssi-dim-wallet-service.identity:BPNL00000003AYRE,fffefece-6eaa-4124-953b-83cf02961d25,1791410468987,1791411518969,1791411518969,
4b106907-1b50-42ff-9fca-a3daa95cf194,CONSUMER,1200,1,did:web:ssi-dim-wallet-service.identity:BPNL00000003AYRE,5dbae34f-2242-4cdf-97de-32bcdeef4f23,1791410469968,1791411518587,1791411518587,
36105fd8-c5cf-4dc7-9098-46dc9e8f1efd,CONSUMER,1200,1,did:web:ssi-dim-wallet-service.identity:BPNL00000003AYRE,99f0ec0f-6ea8-4335-84af-8829ae585ba9,1791410470086,1791411520168,1791411520168,
5ca04f89-5eaa-4a9a-b95e-60413162c479,CONSUMER,1200,1,did:web:ssi-dim-wallet-service.identity:BPNL00000003AYRE,80f8f8e0-c77e-4bb2-be87-df54345978d7,1791410470195,1791411519168,1791411519168,
d14bbf7f-15c5-4f47-a10e-dba4d64fe921,CONSUMER,1200,1,did:web:ssi-dim-wallet-service.identity:BPNL00000003AYRE,8755ec68-8376-4762-b353-65ce86832b38,1791410470972,1791411519872,1791411519872,
8ceafd6c-9609-47a7-9609-214b5dc532fe,CONSUMER,1200,1,did:web:ssi-dim-wallet-service.identity:BPNL00000003AYRE,53cff376-85d8-47fe-b86f-bef2a0d2c268,1791410471470,1791411519568,1791411519568,
4a19ef1f-87bf-4e73-a4b7-eb971fe89ad1,CONSUMER,1200,1,did:web:ssi-dim-wallet-service.identity:BPNL00000003AYRE,a0ad0dd2-f246-486f-8ed1-3a42dfade942,1791410471880,1791411519969,1791411519969,
c7c1228d-949e-478c-9f7d-7d41c905e891,CONSUMER,1200,1,did:web:ssi-dim-wallet-service.identity:BPNL00000003AYRE,063a2267-c2ae-4617-9421-070151dca212,1791410472375,1791411520077,1791411520077,
2e0c39bb-a0b2-4fd7-aed7-ff53304f0097,CONSUMER,1200,1,did:web:ssi-dim-wallet-service.identity:BPNL00000003AYRE,37784b5e-eca1-4bf2-8891-22f8092c781c,1791410473380,1791411521968,1791411521968,
0e7a8849-4848-4538-89d1-8c3fe44821ce,CONSUMER,1200,1,did:web:ssi-dim-wallet-service.identity:BPNL00000003AYRE,0a5903df-54cf-4306-9202-c1e60a06aaf2,1791410473578,1791411521597,1791411521597,
ff4f415b-f695-4486-983d-73e6559ee23d,CONSUMER,1200,1,did:web:ssi-dim-wallet-service.identity:BPNL00000003AYRE,37a4c321-29bd-47c4-90e6-c515f7a4c5ea,1791410474579,1791411521990,1791411521990,
e91e7720-8fd6-4921-afb8-80c3dc6f2ad9,CONSUMER,1200,1,did:web:ssi-dim-wallet-service.identity:BPNL00000003AYRE,4a2960a3-35a0-4972-b2ca-4615fdab2541,1791410475174,1791411521774,1791411521774,
7a4b644c-22a3-4e85-b320-4e17972e0bd6,CONSUMER,1200,1,did:web:ssi-dim-wallet-service.identity:BPNL00000003AYRE,c9d84bec-e7d8-4560-8320-fce6afe7c268,1791410476086,1791411522434,1791411522434,
9d7e1941-6cf9-4aa3-9901-987afcb75a64,CONSUMER,1200,1,did:web:ssi-dim-wallet-service.identity:BPNL00000003AYRE,7d77b5fa-1deb-4547-a322-2891dc0d3c45,1791410477775,1791411522171,1791411522171,
ec6aaaef-d096-47b3-9454-a0dfe076ee67,CONSUMER,1200,1,did:web:ssi-dim-wallet-service.identity:BPNL00000003AYRE,9fe70ed8-43b9-4a67-8f2d-8e000961eff2,1791410478681,1791411522471,1791411522471,
89e45e6e-8710-4648-b85a-162620216d89,CONSUMER,1200,1,did:web:ssi-dim-wallet-service.identity:BPNL00000003AYRE,730a4cb4-bb7a-44e9-88ef-31ef7d170fa3,1791410479868,1791411522369,1791411522369,
3a2b9618-d4e1-4446-b68d-58a0e52aa34f,CONSUMER,1200,1,did:web:ssi-dim-wallet-service.identity:BPNL00000003AYRE,d147d097-9698-488f-b515-dc6015f29b9c,1791410481469,1791411522672,1791411522672,
819b000d-369e-4b96-9421-553294ab7695,CONSUMER,1200,1,did:web:ssi-dim-wallet-service.identity:BPNL00000003AYRE,5a5b067d-2575-4d91-82bb-a97ba1d230f1,1791410482885,1791411529368,1791411529368,
bdeca254-1355-4ec3-bcc1-c1282dfaeab1,CONSUMER,1200,1,did:web:ssi-dim-wallet-service.identity:BPNL00000003AYRE,3dc754f3-c975-4d7e-877c-4435c6c93a9a,1791410483686,1791411529168,1791411529168,
55938619-01c5-4072-befc-8046b7d9dc69,CONSUMER,1200,1,did:web:ssi-dim-wallet-service.identity:BPNL00000003AYRE,b7c7af10-c198-419b-9b5b-3eb6973bd160,1791410484786,1791411529075,1791411529075,
693d21b1-23b5-40f1-a720-10d5d810b470,CONSUMER,1200,1,did:web:ssi-dim-wallet-service.identity:BPNL00000003AYRE,ed29a6c5-8abe-46ab-9560-c5d7524f6e3d,1791410486487,1791411529367,1791411529367,
34fad532-3d7f-4062-97b1-5f676f1ac45c,CONSUMER,1200,1,did:web:ssi-dim-wallet-service.identity:BPNL00000003AYRE,91d6a6a9-20f8-4c35-adde-5289dbe44a15,1791410486492,1791411529470,1791411529470,
d94843f0-1857-4554-a536-a20baf085ad9,CONSUMER,1200,1,did:web:ssi-dim-wallet-service.identity:BPNL00000003AYRE,dbd27b67-60ea-4661-b6a9-e29c074b429e,1791410486570,1791411529678,1791411529678,
e748624f-2c43-4a19-b48a-e88934836131,CONSUMER,1200,1,did:web:ssi-dim-wallet-service.identity:BPNL00000003AYRE,6703cbb1-631e-4cd1-b735-396e73cc633f,1791410486574,1791411529690,1791411529690,
eef7f1df-6f2f-41a8-8523-1672f7f0d12f,CONSUMER,1200,1,did:web:ssi-dim-wallet-service.identity:BPNL00000003AYRE,ffd0ef29-25cf-45ed-a464-4d9c16fb2b0e,1791410487468,1791411529936,1791411529936,
054e33b2-5963-447c-b72d-4095bd5c0dcf,CONSUMER,1200,1,did:web:ssi-dim-wallet-service.identity:BPNL00000003AYRE,d697808b-f316-4d34-8fc9-1b6600faca77,1791410488571,1791411530074,1791411530074,
b36f7450-4bf5-4457-afc8-b8ff840914cf,CONSUMER,1200,1,did:web:ssi-dim-wallet-service.identity:BPNL00000003AYRE,6c96f192-845e-49ca-8724-d0eceb66fa5e,1791410490690,1791411529834,1791411529834,
3cbf534b-849f-44e6-9d59-720a30b82a53,CONSUMER,1200,1,did:web:ssi-dim-wallet-service.identity:BPNL00000003AYRE,6a92dc38-3512-4baf-aa6c-1ff392a5230d,1791410490796,1791411530042,1791411530042,
0ee0f9fe-ee40-4f29-bfed-51fd3a097e2a,CONSUMER,1200,1,did:web:ssi-dim-wallet-service.identity:BPNL00000003AYRE,89aed2af-202c-4829-b0f2-99321f506289,1791410490890,1791411530037,1791411530037,
3117a3ed-3929-405f-a4aa-2b9f74b048d7,CONSUMER,1200,1,did:web:ssi-dim-wallet-service.identity:BPNL00000003AYRE,02a13338-c58a-45f7-aefe-7b6c7e2eebf0,1791410490986,1791411530977,1791411530977,
84ffd9cd-cbd9-4212-97de-a305618a839c,CONSUMER,1200,1,did:web:ssi-dim-wallet-service.identity:BPNL00000003AYRE,5ece4bbe-91ce-4ed9-b87f-89bca03455d9,1791410491188,1791411530168,1791411530168,
70e889ab-c995-42ef-87bb-d77cd5201349,CONSUMER,1200,1,did:web:ssi-dim-wallet-service.identity:BPNL00000003AYRE,941795ae-36f9-4729-836c-4ba8a1720d64,1791410491385,1791411530969,1791411530969,
67f8893c-3793-4cbc-86e9-a23c9efc5783,CONSUMER,1200,1,did:web:ssi-dim-wallet-service.identity:BPNL00000003AYRE,8b76114e-466e-4e35-95e5-8d7283dca01a,1791410491471,1791411531068,1791411531068,
8ac377e6-4010-4c1b-b147-1bfc19e32c34,CONSUMER,1200,1,did:web:ssi-dim-wallet-service.identity:BPNL00000003AYRE,77fca0d4-6abb-4f3d-b45e-952ef36d468b,1791410491571,1791411530977,1791411530977,
3598fd3f-ef4c-4dd2-89f8-0551134cf651,CONSUMER,1200,1,did:web:ssi-dim-wallet-service.identity:BPNL00000003AYRE,fbf414c3-d144-4575-bd6f-3acd5113a7a6,1791410491690,1791411531271,1791411531271,
d6392460-7c45-40ae-b4f5-687bbc096d6f,CONSUMER,1200,1,did:web:ssi-dim-wallet-service.identity:BPNL00000003AYRE,7c28f0ab-4bae-45a8-bb46-73c692be02c9,1791410491785,1791411531484,1791411531484,
7693cdd0-3bf9-4523-a001-7dbb173de85c,CONSUMER,1200,1,did:web:ssi-dim-wallet-service.identity:BPNL00000003AYRE,3eb47fe7-6a29-4d91-aab6-e88fd6fa6de3,1791410492191,1791411531468,1791411531468,
d2544882-c7f4-41db-929e-c28b4aa34e26,CONSUMER,1200,1,did:web:ssi-dim-wallet-service.identity:BPNL00000003AYRE,dd40bb6b-bcc9-4cf6-9c17-7ea3a5f6d93e,1791410492285,1791411537376,1791411537376,
c19c929a-a7ce-4d85-bd41-ce8d6e6fdc05,CONSUMER,1200,1,did:web:ssi-dim-wallet-service.identity:BPNL00000003AYRE,fc414a34-20d5-4de2-945c-09c5a34298d5,1791410492385,1791411539638,1791411539638,
e5af884f-84b9-4ccb-93a7-c699c594bc39,CONSUMER,1200,1,did:web:ssi-dim-wallet-service.identity:BPNL00000003AYRE,799abd06-ad77-4972-af25-55f48cae89ac,1791410492400,1791411539437,1791411539437,
909261fc-c8f2-4bad-9a2e-00b4addc7cbe,CONSUMER,1200,1,did:web:ssi-dim-wallet-service.identity:BPNL00000003AYRE,57b38ea5-8082-4183-ac6e-d831ff9e09d0,1791410492470,1791411539438,1791411539438,
6291c016-25ed-4ebe-b655-838ad764e61e,CONSUMER,1200,1,did:web:ssi-dim-wallet-service.identity:BPNL00000003AYRE,27ef64fc-f607-4570-9a52-e22bd7420f6a,1791410492473,1791411539471,1791411539471,
8e4ef45e-cd28-4c86-9355-adb4b313d232,CONSUMER,1200,1,did:web:ssi-dim-wallet-service.identity:BPNL00000003AYRE,16e32122-5662-4801-a451-1276e5e399cd,1791410492487,1791411540234,1791411540234,
b12a68c5-b31f-4366-aeae-264f06b34b06,CONSUMER,1200,1,did:web:ssi-dim-wallet-service.identity:BPNL00000003AYRE,bf7de75d-b1ec-4f0d-b0ab-c2b845654aa5,1791410492516,1791411540969,1791411540969,
46a0b630-5c0f-4f9a-bc28-9e477e77e31d,CONSUMER,1200,1,did:web:ssi-dim-wallet-service.identity:BPNL00000003AYRE,bd7f421a-1cec-43e5-9128-6268cbf0a953,1791410492687,1791411539673,1791411539673,
98ee982b-9a7e-40e8-b94f-292e0e450bb5,CONSUMER,1200,1,did:web:ssi-dim-wallet-service.identity:BPNL00000003AYRE,bd364127-5fce-465e-8eee-a94066b77907,1791410492691,1791411539434,1791411539434,
04fd2d57-cbac-4c38-b7ab-9ee34b4fbd7e,CONSUMER,1200,1,did:web:ssi-dim-wallet-service.identity:BPNL00000003AYRE,aad207da-6c5f-4b12-9f01-e7dec7405598,1791410492769,1791411540487,1791411540487,
a5503e15-15d5-4aa2-abab-a799a751d336,CONSUMER,1200,1,did:web:ssi-dim-wallet-service.identity:BPNL00000003AYRE,511c45bb-2043-4bee-bf82-cae292eed591,1791410492887,1791411540868,1791411540868,
b91dc1e1-0c56-46ba-8727-32ab1c9c918d,CONSUMER,1200,1,did:web:ssi-dim-wallet-service.identity:BPNL00000003AYRE,863dacf7-48a3-40a5-9590-a07c672e2bea,1791410492969,1791411540192,1791411540192,
7607226b-3421-4dcd-8767-46b106596495,CONSUMER,1200,1,did:web:ssi-dim-wallet-service.identity:BPNL00000003AYRE,93238878-3877-445b-8df2-776602ab23af,1791410492974,1791411540977,1791411540977,
9ef29d92-8c53-4646-b5a7-4ee98afb3e60,CONSUMER,1200,1,did:web:ssi-dim-wallet-service.identity:BPNL00000003AYRE,d64ad9dd-f9bd-4abe-86ac-8ee41753f8a3,1791410492974,1791411541278,1791411541278,
26c43d0b-8478-49b0-bd25-ac48b6deff20,CONSUMER,1200,1,did:web:ssi-dim-wallet-service.identity:BPNL00000003AYRE,bbd12717-da88-4f6e-8143-7fcf688bd810,1791410493179,1791411540968,1791411540968,
b5ba3446-190e-4dcc-84d0-f32251dbedb7,CONSUMER,1200,1,did:web:ssi-dim-wallet-service.identity:BPNL00000003AYRE,2304788a-f85f-4940-b06e-002aa50a86fd,1791410493185,1791411541584,1791411541584,
5aecaf9e-4a89-4aeb-b5c5-1778d7b0047d,CONSUMER,1200,1,did:web:ssi-dim-wallet-service.identity:BPNL00000003AYRE,c837c944-cd1d-4371-86bd-4632f850e559,1791410493275,1791411541368,1791411541368,
1e7bd761-6f79-4b86-ad67-6cc72caeb018,CONSUMER,1200,1,did:web:ssi-dim-wallet-service.identity:BPNL00000003AYRE,245faf8a-bc8c-4228-8a44-85dce38be185,1791410493374,1791411541538,1791411541538,
fc47abd6-a02d-4485-93aa-c40a8b3ff101,CONSUMER,1200,1,did:web:ssi-dim-wallet-service.identity:BPNL00000003AYRE,49ed2efb-ca47-422d-91b2-f0c7475b5fd9,1791410493376,1791411541968,1791411541968,
d264027d-89a2-40b3-9d0b-ecc62c0d442f,CONSUMER,1200,1,did:web:ssi-dim-wallet-service.identity:BPNL00000003AYRE,e2c89417-4958-40ce-b0c4-7af5bb16cc25,1791410493377,1791411542377,1791411542377,
2c4bd57f-c175-4597-a7b5-90ea4b261b6f,CONSUMER,1200,1,did:web:ssi-dim-wallet-service.identity:BPNL00000003AYRE,5efa5bcf-6908-4112-bfe5-dc0b3f67baf7,1791410493772,1791411550470,1791411550470,
bb654bf3-f48f-4102-878d-acdbb588dff2,CONSUMER,1200,1,did:web:ssi-dim-wallet-service.identity:BPNL00000003AYRE,a6c01ebb-25d4-4052-837b-d0b12bc90731,1791410493877,1791411550069,1791411550069,
92df560c-9d9d-4681-8c3a-f351137513d3,CONSUMER,1200,1,did:web:ssi-dim-wallet-service.identity:BPNL00000003AYRE,8a51b828-ff03-4dfb-b525-d330c7d7363d,1791410494428,1791411550075,1791411550075,
cf6fc395-585c-41d0-a11a-6b81fb627802,CONSUMER,1200,1,did:web:ssi-dim-wallet-service.identity:BPNL00000003AYRE,9ec9d9a5-39fe-43d8-affa-2ba5aa341fb5,1791410494475,1791411549890,1791411549890,
5caade83-2ac9-4557-bd26-57e913a21a0f,CONSUMER,1200,1,did:web:ssi-dim-wallet-service.identity:BPNL00000003AYRE,95bdfdd0-baeb-4a73-8c8e-dce8afb5e6d5,1791410495168,1791411550068,1791411550068,
236fa098-80d3-41f4-b492-0545f96a1fd2,CONSUMER,1200,1,did:web:ssi-dim-wallet-service.identity:BPNL00000003AYRE,7b57f302-c486-4208-be01-43ae92e8f3ac,1791410495278,1791411549971,1791411549971,
585ec017-bd3f-4dd9-8da7-865eb493519e,CONSUMER,1200,1,did:web:ssi-dim-wallet-service.identity:BPNL00000003AYRE,25ea2cc0-bb0a-44b1-92fa-6484733abdea,1791410495375,1791411550472,1791411550472,
90bbd301-4300-4a46-b2a6-61979842a44e,CONSUMER,1200,1,did:web:ssi-dim-wallet-service.identity:BPNL00000003AYRE,dcfea0bf-e73d-4605-934d-0bc0a2b68d5b,1791410495772,1791411551468,1791411551468,
0c0b9546-401c-4fbd-b4bb-067cb760f445,CONSUMER,1200,1,did:web:ssi-dim-wallet-service.identity:BPNL00000003AYRE,5a5b150a-649c-4fb9-9948-cd5773f0474e,1791410496076,1791411550278,1791411550278,
2ee9dabb-3afe-4d68-96a0-7db9b9765241,CONSUMER,1200,1,did:web:ssi-dim-wallet-service.identity:BPNL00000003AYRE,01055adf-2901-4221-b731-c67df3864448,1791410496185,1791411551535,1791411551535,
b40bd949-44ee-4dd1-bbe5-2aef8ecee07e,CONSUMER,1200,1,did:web:ssi-dim-wallet-service.identity:BPNL00000003AYRE,d0ba6220-de9a-4f8d-807c-a35df32fc8dc,1791410496268,1791411551835,1791411551835,
b0e4cc5f-629f-4a85-b601-017932357d3b,CONSUMER,1200,1,did:web:ssi-dim-wallet-service.identity:BPNL00000003AYRE,89244fde-4227-4b77-a600-88c5f3972b3d,1791410496488,1791411551169,1791411551169,
a2dcb0ce-8375-411a-8d17-236e29caecc7,CONSUMER,1200,1,did:web:ssi-dim-wallet-service.identity:BPNL00000003AYRE,43a35090-a77d-4948-93d1-a8693c29f803,1791410496786,1791411551575,1791411551575,
9f2bedb4-55fd-4b0c-88cf-c5be56d9fc01,CONSUMER,1200,1,did:web:ssi-dim-wallet-service.identity:BPNL00000003AYRE,0f162ec9-54e6-4f02-9992-a0087a0a308d,1791410496789,1791411551434,1791411551434,
f8d99be8-db79-4cd5-aace-b311e61c7982,CONSUMER,1200,1,did:web:ssi-dim-wallet-service.identity:BPNL00000003AYRE,c555ed61-ea70-4c18-a493-fe0d79f60215,1791410496870,1791411552036,1791411552036,
fd3b53e2-c968-4dbd-90c3-e2adbf9f061e,CONSUMER,1200,1,did:web:ssi-dim-wallet-service.identity:BPNL00000003AYRE,0e96ec07-9108-4962-8b4d-79391a5b80b1,1791410497387,1791411551478,1791411551478,
2f2b1492-082b-489e-81de-99544eb63156,CONSUMER,1200,1,did:web:ssi-dim-wallet-service.identity:BPNL00000003AYRE,e95b1da3-9824-4e92-84ed-2464b9433d22,1791410497568,1791411551771,1791411551771,
02f79c76-03a5-4635-9e57-195eec448746,CONSUMER,1200,1,did:web:ssi-dim-wallet-service.identity:BPNL00000003AYRE,6d37ccb0-0538-4457-8172-ac19ec4bc7ed,1791410497671,1791411552080,1791411552080,
2ecb9b94-27a6-4825-84c5-0153637c3de8,CONSUMER,1200,1,did:web:ssi-dim-wallet-service.identity:BPNL00000003AYRE,22d1d136-7d0f-4023-bfd8-91ffe12e32ce,1791410497970,1791411551769,1791411551769,
e23a9575-c231-4d6f-983d-7561a0c73755,CONSUMER,1200,1,did:web:ssi-dim-wallet-service.identity:BPNL00000003AYRE,97ceedd2-3fa9-4dff-8714-e656671e8260,1791410498177,1791411551878,1791411551878,
f285d632-d9a3-4b7b-a2fc-fa450d5c2ca9,CONSUMER,1200,1,did:web:ssi-dim-wallet-service.identity:BPNL00000003AYRE,769e87b1-5886-4d8c-9223-063ea6106bd3,1791410498669,1791411560940,1791411560940,
9967615c-42dc-4434-81f5-ba6270acab3b,CONSUMER,1200,1,did:web:ssi-dim-wallet-service.identity:BPNL00000003AYRE,97db70a1-0ff0-47d5-9085-42a6a83c362d,1791410499794,1791411560768,1791411560768,
8f09b4c7-425b-4f0d-a632-4796e47f81ab,CONSUMER,1200,1,did:web:ssi-dim-wallet-service.identity:BPNL00000003AYRE,a81a1176-c228-46d8-a322-098e77225877,1791410499969,1791411560277,1791411560277,
11a46066-d845-463b-933e-3fe56ad7db27,CONSUMER,1200,1,did:web:ssi-dim-wallet-service.identity:BPNL00000003AYRE,82121812-acc9-4a1e-9515-773dcec03cd7,1791410500886,1791411560246,1791411560246,
ad09bf86-42cc-4a43-a582-13ea1de6ab55,CONSUMER,1200,1,did:web:ssi-dim-wallet-service.identity:BPNL00000003AYRE,d2925e0a-9f51-4caf-aef1-9f29a3857db8,1791410501069,1791411560880,1791411560880,
efeeef86-e93b-4421-a3e6-5a42eedd9752,CONSUMER,1200,1,did:web:ssi-dim-wallet-service.identity:BPNL00000003AYRE,3d693cd2-9bec-47a8-8de1-374418f246e2,1791410502370,1791411560387,1791411560387,
705a3254-84fc-474d-8575-4265dd583e59,CONSUMER,1200,1,did:web:ssi-dim-wallet-service.identity:BPNL00000003AYRE,43702565-fc78-4f87-ac75-4a3584f74691,1791410502477,1791411561467,1791411561467,
b49991f0-2b29-4e44-b409-08617e2792a2,CONSUMER,1200,1,did:web:ssi-dim-wallet-service.identity:BPNL00000003AYRE,5167b071-74b5-486d-bc9c-47ecf133057d,1791410502677,1791411560976,1791411560976,
d5920df0-c2f2-49ad-bb88-1afeff43dd20,CONSUMER,1200,1,did:web:ssi-dim-wallet-service.identity:BPNL00000003AYRE,9882848b-652a-45cb-b5d5-f7bd2c55a4cb,1791410502876,1791411561538,1791411561538,
73c6cf5b-e8d9-4cbb-8b10-601f9c79cd40,CONSUMER,1200,1,did:web:ssi-dim-wallet-service.identity:BPNL00000003AYRE,b8f02a4a-0c7f-4fc0-a2e7-17659711a7f9,1791410503238,1791411561237,1791411561237,
f9ea5be8-413d-40c1-9404-3d732ddca6e6,CONSUMER,1200,1,did:web:ssi-dim-wallet-service.identity:BPNL00000003AYRE,3196ac3c-1b29-44a4-a182-bcf2fb5e49e5,1791410504375,1791411560941,1791411560941,
b1f06324-a531-4b94-80bf-30e07fd7e847,CONSUMER,1200,1,did:web:ssi-dim-wallet-service.identity:BPNL00000003AYRE,e4915689-2a1d-4ef5-ba47-eeae5f481ae9,1791410504576,1791411561670,1791411561670,
d3d8ab3e-24ff-4537-9f60-82c775265df9,CONSUMER,1200,1,did:web:ssi-dim-wallet-service.identity:BPNL00000003AYRE,56257c70-0881-4d4d-b3a8-6aa3d252aebe,1791410506073,1791411561642,1791411561642,
ddfbd127-e851-4570-8acc-dcb69050284a,CONSUMER,1200,1,did:web:ssi-dim-wallet-service.identity:BPNL00000003AYRE,66524cec-e86e-4aa8-8dbc-36bc5481c816,1791410506669,1791411561836,1791411561836,
5484a748-22e8-45fd-a160-d125587bab20,CONSUMER,1200,1,did:web:ssi-dim-wallet-service.identity:BPNL00000003AYRE,ddcbd666-2632-4791-8d8f-cdf0962615f4,1791410507188,1791411562136,1791411562136,
52366874-0bf2-474f-8d5d-34a58c1d10c3,CONSUMER,1200,1,did:web:ssi-dim-wallet-service.identity:BPNL00000003AYRE,01fe4acf-9e21-40b4-ac22-9aa0930d273b,1791410508469,1791411562045,1791411562045,
fe441535-cf70-49ff-8932-cc057d52c3a0,CONSUMER,1200,1,did:web:ssi-dim-wallet-service.identity:BPNL00000003AYRE,917b6cab-21c2-40b5-8ac2-f18b9dd490ec,1791410508888,1791411562369,1791411562369,
d2402483-2dc3-4075-8606-2575300c4e18,CONSUMER,1200,1,did:web:ssi-dim-wallet-service.identity:BPNL00000003AYRE,8e7f758f-fc1f-4557-b702-64b5b2a85c29,1791410509681,1791411562242,1791411562242,
68abf0ef-02ed-43b3-a1dc-c1414a607f0c,CONSUMER,1200,1,did:web:ssi-dim-wallet-service.identity:BPNL00000003AYRE,233839d2-aefd-40ff-b3f9-7f4b47daa296,1791410510570,1791411562569,1791411562569,
53794e63-0645-4f3c-b999-593c6abc1a3a,CONSUMER,1200,1,did:web:ssi-dim-wallet-service.identity:BPNL00000003AYRE,4b2247de-bb88-4091-a697-5bb0c6d8ce2d,1791410511200,1791411562938,1791411562938,
e46acad5-64cd-43fd-8c33-3b980620b866,CONSUMER,1200,1,did:web:ssi-dim-wallet-service.identity:BPNL00000003AYRE,13168dfc-063f-4daa-aa7d-1b26604f5459,1791410515271,1791411569184,1791411569184,
d6380d60-7802-4538-ad6a-e941033dc195,CONSUMER,1200,1,did:web:ssi-dim-wallet-service.identity:BPNL00000003AYRE,5c1a7fcf-0ada-4c2a-85b8-0dac04a79f6d,1791410517970,1791411569267,1791411569267,
6c1975cf-79c4-4c66-ad14-72739e486463,CONSUMER,1200,1,did:web:ssi-dim-wallet-service.identity:BPNL00000003AYRE,90b5e86f-2037-4e5d-b95b-dde70d8099e3,1791410517987,1791411569275,1791411569275,
37247a62-de45-4188-bdd3-b9c4799bf24e,CONSUMER,1200,1,did:web:ssi-dim-wallet-service.identity:BPNL00000003AYRE,0e58b27b-5465-41c9-8585-953cd51c27bf,1791410518084,1791411569771,1791411569771,
8481bd7c-4e51-4a29-9332-7144dfd88dca,CONSUMER,1200,1,did:web:ssi-dim-wallet-service.identity:BPNL00000003AYRE,23276656-6c17-48b1-9fda-639dd3c2b2e6,1791410518178,1791411569872,1791411569872,
e9dca886-6071-4148-8556-4e43d2cc759b,CONSUMER,1200,1,did:web:ssi-dim-wallet-service.identity:BPNL00000003AYRE,3a218414-091e-4a81-ac6d-07b55e28e325,1791410518273,1791411569469,1791411569469,
6dd65198-1dde-4b0a-81bc-a337213f9fbd,CONSUMER,1200,1,did:web:ssi-dim-wallet-service.identity:BPNL00000003AYRE,ed07fcaf-ccd5-4cbc-bc9a-cf504544edd4,1791410518385,1791411569441,1791411569441,
d878956e-0874-4266-a3d0-337a043ec2c9,CONSUMER,1200,1,did:web:ssi-dim-wallet-service.identity:BPNL00000003AYRE,54ba22ed-0a23-4099-973f-e1b07d055b72,1791410518473,1791411570234,1791411570234,
97ce9bc7-8cbf-4647-a7a7-69a783a2fde4,CONSUMER,1200,1,did:web:ssi-dim-wallet-service.identity:BPNL00000003AYRE,975dfdf8-3ac9-47ce-88d8-3a01ca4d9d9a,1791410518473,1791411569476,1791411569476,
9bc8718a-7b6f-44a8-96a4-bb8ebc3dcf73,CONSUMER,1200,1,did:web:ssi-dim-wallet-service.identity:BPNL00000003AYRE,63549e9e-2e10-42d3-a744-bdc67f66e6d7,1791410518474,1791411570068,1791411570068,
4f2468be-d783-49db-a9c2-dece77db7d45,CONSUMER,1200,1,did:web:ssi-dim-wallet-service.identity:BPNL00000003AYRE,8a052eb8-d7b7-4863-bc47-4c473eb95bb9,1791410518572,1791411570271,1791411570271,
957c9cd9-9b93-4895-9824-0665aa7d9071,CONSUMER,1200,1,did:web:ssi-dim-wallet-service.identity:BPNL00000003AYRE,4ffe6b1e-cce8-4e9f-92d7-2c0b770649fd,1791410518878,1791411569935,1791411569935,
09fefbd3-f7b7-4cbb-acd9-78f511abab86,CONSUMER,1200,1,did:web:ssi-dim-wallet-service.identity:BPNL00000003AYRE,4abcc165-7d70-4d7d-9f50-2d3a37458be6,1791410518979,1791411570443,1791411570443,
542c5452-8d4a-4ef6-8b28-3e1e28ae3d09,CONSUMER,1200,1,did:web:ssi-dim-wallet-service.identity:BPNL00000003AYRE,da8ff182-b85d-4f9c-b89c-1f4a60d4c297,1791410519372,1791411570271,1791411570271,
af4b36d0-6577-401e-94f5-1bdf5d4896ad,CONSUMER,1200,1,did:web:ssi-dim-wallet-service.identity:BPNL00000003AYRE,04d23568-19a8-4549-8ae1-0fc5372eb42e,1791410519675,1791411570579,1791411570579,
55af7e5b-afcd-413d-ab65-1ae0eea379e9,CONSUMER,1200,1,did:web:ssi-dim-wallet-service.identity:BPNL00000003AYRE,681f7ac6-0d65-40c4-bf59-1580e5fd29dd,1791410519972,1791411570476,1791411570476,
b8417ef6-01df-4ecd-bc23-ae6692da0332,CONSUMER,1200,1,did:web:ssi-dim-wallet-service.identity:BPNL00000003AYRE,d80eef08-6408-4f9a-ac05-3fef36f4c65e,1791410520993,1791411570870,1791411570870,
e7344178-1dbf-406d-af0a-572037eef208,CONSUMER,1200,1,did:web:ssi-dim-wallet-service.identity:BPNL00000003AYRE,f0e4e7e6-2026-4019-93e3-49f325b3b8d2,1791410522069,1791411570876,1791411570876,
82d968ed-90ef-4167-9640-388e4a92e61e,CONSUMER,1200,1,did:web:ssi-dim-wallet-service.identity:BPNL00000003AYRE,623efa14-dd14-4bff-8e6b-d9bc34cd5132,1791410522071,1791411570840,1791411570840,
b74d48d6-89ed-43ec-9d78-0ca886d8fd1c,CONSUMER,1200,1,did:web:ssi-dim-wallet-service.identity:BPNL00000003AYRE,c5528d9e-ace5-4f07-8d04-279b25d335d6,1791410522777,1791411570835,1791411570835,
8da02ee8-21cb-4c21-9ef6-c88ba4d7a592,CONSUMER,1200,1,did:web:ssi-dim-wallet-service.identity:BPNL00000003AYRE,88c33e5a-f066-48e4-a64e-543aac5692cf,1791410523877,1791411579468,1791411579468,
e9926563-010b-406e-8652-516624acaa75,CONSUMER,1200,1,did:web:ssi-dim-wallet-service.identity:BPNL00000003AYRE,8cc0e9a2-f783-48bd-8d9b-60df3114121c,1791410524278,1791411579376,1791411579376,
99057d76-2773-46e9-9153-a6d80b1d4236,CONSUMER,1200,1,did:web:ssi-dim-wallet-service.identity:BPNL00000003AYRE,fe8ddad0-bc7e-40cb-9d7a-d529715a75b0,1791410524985,1791411579376,1791411579376,
0c045429-1ec8-418b-8cd8-0048c81e4579,CONSUMER,1200,1,did:web:ssi-dim-wallet-service.identity:BPNL00000003AYRE,5f184dcf-17c0-4ae5-95c8-bca612fc9fa5,1791410525670,1791411581771,1791411581771,
10742a3c-0b54-4f69-8e69-f9a127f197db,CONSUMER,1200,1,did:web:ssi-dim-wallet-service.identity:BPNL00000003AYRE,275abadb-e83d-4183-8d09-f7f7e9e37fcd,1791410525974,1791411579536,1791411579536,
fc5f4315-03ce-40ed-ac9d-29308593efee,CONSUMER,1200,1,did:web:ssi-dim-wallet-service.identity:BPNL00000003AYRE,9f5409c9-ac23-43cf-bfba-c4d192ec49d8,1791410527280,1791411579536,1791411579536,
53626bab-084a-4702-9b13-e33f28bcac8a,CONSUMER,1200,1,did:web:ssi-dim-wallet-service.identity:BPNL00000003AYRE,53ae3ff2-d780-4cf4-ab90-829783fd83c6,1791410527577,1791411579968,1791411579968,
eacaf786-9298-4646-9416-726c970158b3,CONSUMER,1200,1,did:web:ssi-dim-wallet-service.identity:BPNL00000003AYRE,6deae9f6-093b-437c-bfbf-4e2eb8ac950f,1791410527887,1791411581869,1791411581869,
10b0a04d-ff47-48a8-beac-d6f3d35dc7ac,CONSUMER,1200,1,did:web:ssi-dim-wallet-service.identity:BPNL00000003AYRE,137a2dc2-78fc-4d92-bcaf-ff3f3f7ecba5,1791410528973,1791411579936,1791411579936,
de4f32bc-b9e0-4ae5-b5f5-deed76b98230,CONSUMER,1200,1,did:web:ssi-dim-wallet-service.identity:BPNL00000003AYRE,01cdbabb-06ea-4775-8c7d-6dbfa16c84a4,1791410529287,1791411581871,1791411581871,
d24f83d4-3553-4ad8-ac48-a0a8303bfc79,CONSUMER,1200,1,did:web:ssi-dim-wallet-service.identity:BPNL00000003AYRE,9bae231c-45c8-4bea-a041-f60e6746a5d3,1791410530079,1791411582068,1791411582068,
1d34a3e1-d076-4675-9e3c-74a34201063e,CONSUMER,1200,1,did:web:ssi-dim-wallet-service.identity:BPNL00000003AYRE,c0b811c7-2a95-4fa8-923e-3a13252e150f,1791410530869,1791411582875,1791411582875,
62d828af-f0b4-4e2a-a4bd-9dfd171cc99a,CONSUMER,1200,1,did:web:ssi-dim-wallet-service.identity:BPNL00000003AYRE,41aa1b35-12ee-476a-9a4c-d06e2d25fdbf,1791410531072,1791411582272,1791411582272,
84585086-96b2-4a7c-a9f9-a0f4101e0d6f,CONSUMER,1200,1,did:web:ssi-dim-wallet-service.identity:BPNL00000003AYRE,3e00270e-a59d-434a-98e6-7ea3acfe6362,1791410531290,1791411582476,1791411582476,
e91e5226-5830-435f-9016-bc1af0b2bc5c,CONSUMER,1200,1,did:web:ssi-dim-wallet-service.identity:BPNL00000003AYRE,d2e03ad0-f5cd-40e5-92c2-c7d1ed091c6f,1791410531989,1791411582874,1791411582874,
c568ef2c-edb5-4515-9428-89eac5d12707,CONSUMER,1200,1,did:web:ssi-dim-wallet-service.identity:BPNL00000003AYRE,bdae279f-d42f-45ed-ad71-5de3fcdcd383,1791410532277,1791411582385,1791411582385,
a7af74dc-2928-4a7d-8cf5-dae47d7108d4,CONSUMER,1200,1,did:web:ssi-dim-wallet-service.identity:BPNL00000003AYRE,cf7a316b-d7e9-4d3a-b0dd-a4e7cf41a769,1791410532675,1791411582383,1791411582383,
2ea3c661-dabe-4807-9dbd-c39f0920fc21,CONSUMER,1200,1,did:web:ssi-dim-wallet-service.identity:BPNL00000003AYRE,d5c45b61-015f-4dfd-a6dd-4ea189e56e6c,1791410532678,1791411582835,1791411582835,
c526f8ab-caf8-4785-86dd-ddf44d661733,CONSUMER,1200,1,did:web:ssi-dim-wallet-service.identity:BPNL00000003AYRE,b82d9894-44ee-4526-bff5-436b24b80a35,1791410532776,1791411582970,1791411582970,
cd6bb51d-06ab-44a5-b120-fbc92119716f,CONSUMER,1200,1,did:web:ssi-dim-wallet-service.identity:BPNL00000003AYRE,83e090c3-d507-4638-9436-9b9c40bcff07,1791410533683,1791411583168,1791411583168,
065dd279-740e-44f9-bbe0-6c5e3bc950d3,CONSUMER,1200,1,did:web:ssi-dim-wallet-service.identity:BPNL00000003AYRE,3be41266-21cd-45b2-8b58-138ca61ed8b3,1791410535068,1791411585871,1791411585871,
23dea116-bbb0-43ca-8985-defa63d2dcc2,CONSUMER,1200,1,did:web:ssi-dim-wallet-service.identity:BPNL00000003AYRE,b5d500fa-af2c-4a8b-9c80-cdf8ca01bbaf,1791410535877,1791411585688,1791411585688,
954bfe37-365e-46d2-a55a-5fd21774d116,CONSUMER,1200,1,did:web:ssi-dim-wallet-service.identity:BPNL00000003AYRE,2123813a-109c-4c8d-b13c-de4b07885fc0,1791410535978,1791411585877,1791411585877,
0c337fb9-c454-4329-8e47-456408d932fe,CONSUMER,1200,1,did:web:ssi-dim-wallet-service.identity:BPNL00000003AYRE,0c6e6025-30f1-45aa-9fcf-3965cdb119f4,1791410536573,1791411585875,1791411585875,
e1f0267c-59d6-4971-8f90-718fda5a00f2,CONSUMER,1200,1,did:web:ssi-dim-wallet-service.identity:BPNL00000003AYRE,4102f18c-3391-48fe-ad5b-8f404291f188,1791410536786,1791411586072,1791411586072,
da1a00e4-3037-42ea-8540-7ed72888d4ec,CONSUMER,1200,1,did:web:ssi-dim-wallet-service.identity:BPNL00000003AYRE,09bafa02-79d0-4c74-bf42-f15a3ac421ed,1791410537973,1791411587368,1791411587368,
60a15011-55a9-4750-a40a-721e245f96df,CONSUMER,1200,1,did:web:ssi-dim-wallet-service.identity:BPNL00000003AYRE,c1c0c4e6-fd04-4bb0-b7ae-e4854eebb69d,1791410538768,1791411587470,1791411587470,
3a668783-6b08-495f-ba74-47f41d51716f,CONSUMER,1200,1,did:web:ssi-dim-wallet-service.identity:BPNL00000003AYRE,26ef6ee8-8353-45c5-a8fe-e52d83eff760,1791410539086,1791411586269,1791411586269,
dfdaa14d-96a7-40d7-b942-a58b1f14b7dd,CONSUMER,1200,1,did:web:ssi-dim-wallet-service.identity:BPNL00000003AYRE,e048a4d3-6663-4ae7-b70e-61324f3acf14,1791410540069,1791411587669,1791411587669,
1e8a389a-623d-437f-ad9d-8c9d8e91a7b9,CONSUMER,1200,1,did:web:ssi-dim-wallet-service.identity:BPNL00000003AYRE,5fe43c0f-64b7-427c-af73-be9a0658e342,1791410541074,1791411588873,1791411588873,
fb043022-d1a6-41c4-8a73-e90ff5cf8544,CONSUMER,1200,1,did:web:ssi-dim-wallet-service.identity:BPNL00000003AYRE,cecc651e-c970-4c65-9b3a-e554706d0951,1791410541372,1791411587469,1791411587469,
ad8a4bbb-2582-4641-94b2-d5e5851e04cf,CONSUMER,1200,1,did:web:ssi-dim-wallet-service.identity:BPNL00000003AYRE,76fbe91e-473f-4bf3-b787-c8a146045ac4,1791410541571,1791411588675,1791411588675,
d209182a-b5fe-41e5-8b1a-e7279942b84f,CONSUMER,1200,1,did:web:ssi-dim-wallet-service.identity:BPNL00000003AYRE,e31fa142-56ac-4678-91fe-4c545faf058e,1791410541770,1791411589176,1791411589176,
931d4d3c-3d86-4575-83f2-5575c7f822a1,CONSUMER,1200,1,did:web:ssi-dim-wallet-service.identity:BPNL00000003AYRE,c9d348ee-bacd-4b15-b505-b4e5a076b021,1791410542882,1791411589483,1791411589483,
fd4d9f76-a6f2-4b39-afd1-afc6ac65f127,CONSUMER,1200,1,did:web:ssi-dim-wallet-service.identity:BPNL00000003AYRE,4c04dfd7-20f7-4246-b871-d3ba00f8f2d0,1791410543074,1791411589270,1791411589270,
3eddcaad-dfee-45d6-b1e8-c5f42268acd0,CONSUMER,1200,1,did:web:ssi-dim-wallet-service.identity:BPNL00000003AYRE,875467cf-f325-4f75-82ba-4fe6f8c074a6,1791410544075,1791411589177,1791411589177,
e77f89cc-61b6-4e47-a602-7a067ba5d0a0,CONSUMER,1200,1,did:web:ssi-dim-wallet-service.identity:BPNL00000003AYRE,eddfdddc-4b25-4589-8cd6-834913ed1960,1791410544375,1791411589070,1791411589070,
d740ca67-1047-4016-b42e-37125fac1aa9,CONSUMER,1200,1,did:web:ssi-dim-wallet-service.identity:BPNL00000003AYRE,8c9d9d23-200b-418b-a625-55d9c96f48bd,1791410544674,1791411589471,1791411589471,
9aa581ef-01a1-494b-8ada-36da4a65eae8,CONSUMER,1200,1,did:web:ssi-dim-wallet-service.identity:BPNL00000003AYRE,6f05b71c-66ac-4891-a0fc-7beeffdc597a,1791410546168,1791411589174,1791411589174,
9987b170-977f-40a2-9884-3f51c898f814,CONSUMER,1200,1,did:web:ssi-dim-wallet-service.identity:BPNL00000003AYRE,c3811ad7-b3f6-4bac-9aa9-7eaa2aceaa10,1791410547278,1791411589669,1791411589669,
20fd54ff-4aab-470a-b154-2a5bb3350939,CONSUMER,1200,1,did:web:ssi-dim-wallet-service.identity:BPNL00000003AYRE,1b9f111d-a1e8-4268-9118-cd327a06da87,1791410547371,1791411597588,1791411597588,
a038fe3d-7f82-478a-bada-74afa48f5f24,CONSUMER,1200,1,did:web:ssi-dim-wallet-service.identity:BPNL00000003AYRE,c49bc9ef-e54b-4afa-93a8-5b44494740d1,1791410547788,1791411599942,1791411599942,
79842f29-5246-4613-9a4c-44edfa979a3e,CONSUMER,1200,1,did:web:ssi-dim-wallet-service.identity:BPNL00000003AYRE,d82ede62-00b9-4a1d-a7e6-d76ca0199285,1791410548068,1791411597768,1791411597768,
990f30aa-acad-4683-8222-401346cbc2ec,CONSUMER,1200,1,did:web:ssi-dim-wallet-service.identity:BPNL00000003AYRE,83005cb1-bf91-4e52-aa5d-fb5524891b2a,1791410548369,1791411597685,1791411597685,
89cd7b3b-65c1-4d62-805f-f3c2a53ff2aa,CONSUMER,1200,1,did:web:ssi-dim-wallet-service.identity:BPNL00000003AYRE,a20e174e-62d0-43e2-8aad-eef2baf456a6,1791410548489,1791411597869,1791411597869,
136fa4e9-57d0-46f1-94e5-d0986c157595,CONSUMER,1200,1,did:web:ssi-dim-wallet-service.identity:BPNL00000003AYRE,332e311d-a765-48e4-aade-ed9a37b5daa1,1791410548972,1791411597969,1791411597969,
f1622c4a-8433-4011-8706-c0ecb1e37bcc,CONSUMER,1200,1,did:web:ssi-dim-wallet-service.identity:BPNL00000003AYRE,69f09a40-727a-4429-b0a8-06d31ffd4434,1791410550180,1791411598170,1791411598170,
80069e01-aa76-4b86-9d5d-a2b5dbf271cf,CONSUMER,1200,1,did:web:ssi-dim-wallet-service.identity:BPNL00000003AYRE,49599861-11e3-450a-b525-1016b3cc2602,1791410550185,1791411598268,1791411598268,
166382ab-7654-4144-aa8b-0973f4ee378d,CONSUMER,1200,1,did:web:ssi-dim-wallet-service.identity:BPNL00000003AYRE,9ce12b60-d179-4282-9c0c-a75578005bbe,1791410550186,1791411599968,1791411599968,
27e5d5cf-e339-4f0f-bf1d-deebf0c4ce0d,CONSUMER,1200,1,did:web:ssi-dim-wallet-service.identity:BPNL00000003AYRE,2836409a-5298-4054-ad7a-3f3f650cb96b,1791410551175,1791411599870,1791411599870,
25629c1b-fe23-4f70-85a6-308859409d51,CONSUMER,1200,1,did:web:ssi-dim-wallet-service.identity:BPNL00000003AYRE,4cc8e8b5-63c9-49c2-892b-426a0930995f,1791410552388,1791411599377,1791411599377,
85340e14-f743-4ee4-96e0-358dc9bdb4fb,CONSUMER,1200,1,did:web:ssi-dim-wallet-service.identity:BPNL00000003AYRE,fa7b226f-268d-45b0-bcb2-ebf3fe944e64,1791410552692,1791411599389,1791411599389,
11c43592-a937-4a1b-a1c3-2d10f4238537,CONSUMER,1200,1,did:web:ssi-dim-wallet-service.identity:BPNL00000003AYRE,ec08926c-2f3e-42a4-a913-be4e4174c570,1791410552877,1791411600468,1791411600468,
debac132-1fdf-459b-ab1c-3c4e62ad88e7,CONSUMER,1200,1,did:web:ssi-dim-wallet-service.identity:BPNL00000003AYRE,51d65420-23c4-4cf9-ae11-9ef94d1ee7bf,1791410553982,1791411600034,1791411600034,
2b5876c7-2166-4bce-9e3e-8453758af060,CONSUMER,1200,1,did:web:ssi-dim-wallet-service.identity:BPNL00000003AYRE,f8c54245-b45b-4d09-bf7e-b3b52d7355ea,1791410554876,1791411600468,1791411600468,
466ba444-6904-4f41-8c7b-ea53f0d311f0,CONSUMER,1200,1,did:web:ssi-dim-wallet-service.identity:BPNL00000003AYRE,834d78c6-c8c7-4a1f-b235-0c6bfec9dbc7,1791410555976,1791411600580,1791411600580,
ef30c4d0-12ad-4ff2-8cae-97b2ad5d4f35,CONSUMER,1200,1,did:web:ssi-dim-wallet-service.identity:BPNL00000003AYRE,8db70b71-23aa-480f-b05a-3fcf3ef513bf,1791410556071,1791411600470,1791411600470,
6e3dba4b-2eea-4730-8a4f-64e85b0a029b,CONSUMER,1200,1,did:web:ssi-dim-wallet-service.identity:BPNL00000003AYRE,86661dcd-fdeb-492d-a091-9ab39bc3b1c8,1791410557487,1791411600470,1791411600470,
e119bcb9-16d8-4e0e-bc79-f24ff60aef51,CONSUMER,1200,1,did:web:ssi-dim-wallet-service.identity:BPNL00000003AYRE,9a564b38-32c3-454c-9b39-adeec3afc7fb,1791410559567,1791411600769,1791411600769,
de7c6c8a-62dc-4ea3-bab4-cb58167369de,CONSUMER,1200,1,did:web:ssi-dim-wallet-service.identity:BPNL00000003AYRE,6fad2387-5f2d-435a-a231-56a040c59156,1791410560488,1791411600777,1791411600777,
1586e65d-7f0e-40b9-b925-ef4bbbf41d33,CONSUMER,1200,1,did:web:ssi-dim-wallet-service.identity:BPNL00000003AYRE,2fc2e4ba-e6bb-4ad6-ae80-a029044ed899,1791410560591,1791411608836,1791411608836,
029f7ff7-5506-4b89-8c72-9852391ee24b,CONSUMER,1200,1,did:web:ssi-dim-wallet-service.identity:BPNL00000003AYRE,00c77d1e-ab83-42e3-abd4-6be988339230,1791410560869,1791411608874,1791411608874,
8f77c6ea-a6ea-4953-ad4c-da3d16a2e58b,CONSUMER,1200,1,did:web:ssi-dim-wallet-service.identity:BPNL00000003AYRE,9f4def2e-f0b0-4a63-a563-4d76438cfd22,1791410561888,1791411608785,1791411608785,
e7208841-619a-498b-95fb-b44617775607,CONSUMER,1200,1,did:web:ssi-dim-wallet-service.identity:BPNL00000003AYRE,a677b09e-8c0e-4636-969a-c092140a9ba5,1791410562575,1791411610434,1791411610434,
2d0e8e12-4d7e-4b0d-b2d8-9fcb557da04a,CONSUMER,1200,1,did:web:ssi-dim-wallet-service.identity:BPNL00000003AYRE,440da3b8-a9a2-4498-88a5-8f5ed8343ed7,1791410562913,1791411608942,1791411608942,
5f2d9dc6-afdf-4f54-beaa-441f109ee078,CONSUMER,1200,1,did:web:ssi-dim-wallet-service.identity:BPNL00000003AYRE,63d8a0bf-ce68-4e3e-8d4b-f73fee079241,1791410563591,1791411609048,1791411609048,
92540cac-3b37-42b9-9ce2-8dfbd36c047f,CONSUMER,1200,1,did:web:ssi-dim-wallet-service.identity:BPNL00000003AYRE,18955ec6-f18c-4e75-86eb-c5fbb55affbe,1791410563871,1791411610767,1791411610767,
64ccc8a0-8377-4693-b2e5-8f8d98aa0c29,CONSUMER,1200,1,did:web:ssi-dim-wallet-service.identity:BPNL00000003AYRE,d3e7173f-9bed-4b0c-940d-2db9b82aabcf,1791410564171,1791411610735,1791411610735,
c3383b36-d61e-4c82-99ce-8b17bba0411d,CONSUMER,1200,1,did:web:ssi-dim-wallet-service.identity:BPNL00000003AYRE,11305e7c-0542-4c11-b6d0-8736616897d3,1791410565038,1791411610871,1791411610871,
0804798d-ccdb-4ff1-a620-c3fc7783d0a0,CONSUMER,1200,1,did:web:ssi-dim-wallet-service.identity:BPNL00000003AYRE,c00832b9-b890-4b1e-ad5b-9630785d8977,1791410565686,1791411610970,1791411610970,
f7b69ac7-4f02-4f3d-a444-c80aeffb8080,CONSUMER,1200,1,did:web:ssi-dim-wallet-service.identity:BPNL00000003AYRE,935a5600-7d03-468a-8bc7-393b737fa58f,1791410565970,1791411610770,1791411610770,
5adf7ff1-96f3-4c3c-97cb-27a974072311,CONSUMER,1200,1,did:web:ssi-dim-wallet-service.identity:BPNL00000003AYRE,6e0496b0-289f-40a4-9786-96d14cba0970,1791410566274,1791411610868,1791411610868,
576ac33c-7504-4f60-aad5-e0d1cadfad3a,CONSUMER,1200,1,did:web:ssi-dim-wallet-service.identity:BPNL00000003AYRE,0fca42c2-40d7-44c5-9ffa-0e8c1dd54798,1791410566670,1791411610968,1791411610968,
6cd7771d-708a-434c-a3ea-49e8714ca4db,CONSUMER,1200,1,did:web:ssi-dim-wallet-service.identity:BPNL00000003AYRE,ac9bd1b9-ce77-41d5-a9e8-12da46276ff4,1791410568268,1791411611173,1791411611173,
d09008db-2464-421e-b7b1-a3214457246e,CONSUMER,1200,1,did:web:ssi-dim-wallet-service.identity:BPNL00000003AYRE,cae6047d-4ff2-4ba3-8ad3-3055d7520c60,1791410568484,1791411611270,1791411611270,
bf089ef9-94e4-4c7c-8afe-a9d6940a9d14,CONSUMER,1200,1,did:web:ssi-dim-wallet-service.identity:BPNL00000003AYRE,37b1ef49-82ae-4596-a88a-17f2d4bf3d17,1791410569169,1791411611436,1791411611436,
4769aa7b-318b-4081-9637-8c614420b342,CONSUMER,1200,1,did:web:ssi-dim-wallet-service.identity:BPNL00000003AYRE,60fadb1f-5f7a-452e-ba1b-5e16a55fad40,1791410569268,1791411611570,1791411611570,
90ce544c-ecb3-47bf-a6fd-698847bb5c65,CONSUMER,1200,1,did:web:ssi-dim-wallet-service.identity:BPNL00000003AYRE,7bb1acdc-c1d3-446f-ac1d-260c9d9d2550,1791410569872,1791411611175,1791411611175,
ab95f6a8-c5d5-4c66-b7b4-2dc356b05b98,CONSUMER,1200,1,did:web:ssi-dim-wallet-service.identity:BPNL00000003AYRE,c2a8fa70-2593-4696-a704-ae06fdab9d3b,1791410570377,1791411611471,1791411611471,
e0759f35-eb89-4f9c-926a-856043c356a9,CONSUMER,1200,1,did:web:ssi-dim-wallet-service.identity:BPNL00000003AYRE,917ca655-7749-4bc3-8264-ad0d64731e7e,1791410570575,1791411611376,1791411611376,
0a8d5da0-2c7a-44b4-81d1-e9140a7f3408,CONSUMER,1200,1,did:web:ssi-dim-wallet-service.identity:BPNL00000003AYRE,7c54654f-41e4-44ea-81e7-dd9a3085edf1,1791410570671,1791411620335,1791411620335,
d5b2c64f-b1ee-4970-bc79-53ba04de0427,CONSUMER,1200,1,did:web:ssi-dim-wallet-service.identity:BPNL00000003AYRE,43930283-c8c1-45d6-b7c0-c9e6c1568e57,1791410570774,1791411619683,1791411619683,
c07affff-0899-4447-8c0e-f21e48620497,CONSUMER,1200,1,did:web:ssi-dim-wallet-service.identity:BPNL00000003AYRE,711d99f4-5e59-4567-9773-309fbf049e25,1791410570929,1791411620136,1791411620136,
3c99633d-9b82-4ec7-a442-0993caf6b50f,CONSUMER,1200,1,did:web:ssi-dim-wallet-service.identity:BPNL00000003AYRE,f6e46ad7-bcf9-44cd-9dfc-7ee83575a3ef,1791410571783,1791411619869,1791411619869,
cba56870-c8f1-402f-8abb-9e3546220905,CONSUMER,1200,1,did:web:ssi-dim-wallet-service.identity:BPNL00000003AYRE,7dd8dde7-e1d7-470a-9e24-f9a81adf1d49,1791410572177,1791411619973,1791411619973,
3023e81c-cb9f-49ac-98d9-03a3bd0ef2e7,CONSUMER,1200,1,did:web:ssi-dim-wallet-service.identity:BPNL00000003AYRE,89c2dff9-ac21-4788-a517-d6ee3663e8b9,1791410573275,1791411620084,1791411620084,
b13821b6-5909-44a5-98a2-3d90ee82655e,CONSUMER,1200,1,did:web:ssi-dim-wallet-service.identity:BPNL00000003AYRE,3e32a7c3-ac8a-4c31-90c5-44629eb0d1b9,1791410574468,1791411620173,1791411620173,
f7d81104-2de3-4aee-a457-521e937ed9b4,CONSUMER,1200,1,did:web:ssi-dim-wallet-service.identity:BPNL00000003AYRE,944c089e-3b77-4833-bb7b-1ca111f2950d,1791410574976,1791411620182,1791411620182,
df03dc49-7d47-4de7-a133-869f793ddaf2,CONSUMER,1200,1,did:web:ssi-dim-wallet-service.identity:BPNL00000003AYRE,02f5b3f0-dc13-4d12-84d7-7c9c70f3045d,1791410576576,1791411621077,1791411621077,
5f18c2bc-dc87-4874-a782-a3dd1d5fa05a,CONSUMER,1200,1,did:web:ssi-dim-wallet-service.identity:BPNL00000003AYRE,0a6094ef-2044-455c-8182-e94aa09342e2,1791410576643,1791411621037,1791411621037,
f00654a1-d4ac-4915-8159-aa65aa9ef47f,CONSUMER,1200,1,did:web:ssi-dim-wallet-service.identity:BPNL00000003AYRE,b6f42260-4084-4e58-8503-322aad3c4afb,1791410577471,1791411621237,1791411621237,
859b525b-4675-48e3-b7f3-0670c54c6d8a,CONSUMER,1200,1,did:web:ssi-dim-wallet-service.identity:BPNL00000003AYRE,4bf7e556-0a4e-4693-85f0-5ed1f59b190b,1791410578794,1791411621436,1791411621436,
b8a26555-36c9-423a-a00d-35f3b561f8df,CONSUMER,1200,1,did:web:ssi-dim-wallet-service.identity:BPNL00000003AYRE,8794e56e-0ca6-4cf0-9554-8cab2aafef0e,1791410578889,1791411621372,1791411621372,
a07dacf3-ed68-4d70-9612-2082794088bf,CONSUMER,1200,1,did:web:ssi-dim-wallet-service.identity:BPNL00000003AYRE,232db891-546d-4328-b14e-3dd5a5424bce,1791410579373,1791411620979,1791411620979,
78248feb-cdc5-400d-ad7c-40fba30efc4c,CONSUMER,1200,1,did:web:ssi-dim-wallet-service.identity:BPNL00000003AYRE,862b6066-80b7-47df-afb7-ec0b6337c1a9,1791410579888,1791411621868,1791411621868,
1713aad4-b5b2-438d-98d3-29f0f5c7ec90,CONSUMER,1200,1,did:web:ssi-dim-wallet-service.identity:BPNL00000003AYRE,3f4579cf-2bbc-4817-b3e0-be104246a1e3,1791410581070,1791411621947,1791411621947,
52a8dd4a-fcae-4645-98ed-e7c31f8ff8ce,CONSUMER,1200,1,did:web:ssi-dim-wallet-service.identity:BPNL00000003AYRE,38b16269-d445-4975-9d09-b7a51de01074,1791410582477,1791411621676,1791411621676,
fb84d209-1911-462d-a80e-5d028d60050f,CONSUMER,1200,1,did:web:ssi-dim-wallet-service.identity:BPNL00000003AYRE,550fbeb1-15e3-44b3-9a89-4a1ca4269b72,1791410584086,1791411621770,1791411621770,
2106c47a-648c-4667-8ad7-e4940ecaa5a3,CONSUMER,1200,1,did:web:ssi-dim-wallet-service.identity:BPNL00000003AYRE,869fe560-7bb4-4a55-8eca-c757a42ff29e,1791410585569,1791411621844,1791411621844,
e642d6e9-b9d6-4d31-8ac0-4ac190fcd019,CONSUMER,1200,1,did:web:ssi-dim-wallet-service.identity:BPNL00000003AYRE,3bfc9cfd-b384-4327-9276-b6756688e511,1791410587670,1791411622368,1791411622368,
57ce0d5b-f905-4950-bfe9-2bab4e76c8c3,CONSUMER,1200,1,did:web:ssi-dim-wallet-service.identity:BPNL00000003AYRE,2ff8fffb-8941-4a62-8475-01643d5f0f6b,1791410588069,1791411628940,1791411628940,
aea5b682-18e4-46a5-b4fb-c2a60547f85f,CONSUMER,1200,1,did:web:ssi-dim-wallet-service.identity:BPNL00000003AYRE,32b50b04-eab6-42b7-87f3-da378221ee8d,1791410588477,1791411628868,1791411628868,
de1dea99-8c15-4b40-b8b6-03e589107724,CONSUMER,1200,1,did:web:ssi-dim-wallet-service.identity:BPNL00000003AYRE,f61b359b-2983-4643-b084-5c16b94bf98f,1791410588580,1791411628589,1791411628589,
8d9d8436-961b-43d0-9cff-c0b15defc65f,CONSUMER,1200,1,did:web:ssi-dim-wallet-service.identity:BPNL00000003AYRE,5df7f2bb-9112-48b7-8ec2-2cf5a4aaffb6,1791410588786,1791411628736,1791411628736,
879d0814-3086-4a7b-9544-552375335785,CONSUMER,1200,1,did:web:ssi-dim-wallet-service.identity:BPNL00000003AYRE,cffe716a-b9db-4fee-9464-8e66ed3bf47e,1791410588886,1791411628869,1791411628869,
2b5494d9-2f28-43e9-a93d-5c496d37bf29,CONSUMER,1200,1,did:web:ssi-dim-wallet-service.identity:BPNL00000003AYRE,d5e26024-e203-49a9-b8aa-f716923c75ce,1791410588886,1791411629075,1791411629075,
ecc2442e-1eb3-4d9c-bafb-4b214a88e0d6,CONSUMER,1200,1,did:web:ssi-dim-wallet-service.identity:BPNL00000003AYRE,acfe4a76-cb42-4e75-8683-61e9570660d4,1791410588987,1791411630869,1791411630869,
cd7e27ef-8c13-4943-bfbc-7a372751907d,CONSUMER,1200,1,did:web:ssi-dim-wallet-service.identity:BPNL00000003AYRE,c50f88f2-7769-4238-bca2-e06bb7f48421,1791410588993,1791411630969,1791411630969,
dece91a1-cab8-4b2c-8bfd-39cb0e839769,CONSUMER,1200,1,did:web:ssi-dim-wallet-service.identity:BPNL00000003AYRE,3c9095d7-6b32-467c-9c1b-90f31d567416,1791410589091,1791411630968,1791411630968,
14bda7b1-8fb8-4328-98fc-9fb16e0050f0,CONSUMER,1200,1,did:web:ssi-dim-wallet-service.identity:BPNL00000003AYRE,6896893a-705f-45e8-bc72-bead2d375bf7,1791410589285,1791411630868,1791411630868,
789cb668-d091-44b8-b391-32abdedec3fc,CONSUMER,1200,1,did:web:ssi-dim-wallet-service.identity:BPNL00000003AYRE,17ef65df-0903-4e29-804d-edd8590acbf7,1791410589290,1791411631235,1791411631235,
15381483-4d57-47f5-947b-bab2e260e360,CONSUMER,1200,1,did:web:ssi-dim-wallet-service.identity:BPNL00000003AYRE,eba8c8e7-97ea-4f7c-8848-6435cb85b3e9,1791410589370,1791411631872,1791411631872,
67f6566c-789b-4895-8061-8606378c2b77,CONSUMER,1200,1,did:web:ssi-dim-wallet-service.identity:BPNL00000003AYRE,6c42b157-9cb8-4eb1-8882-972a3a167553,1791410589385,1791411631792,1791411631792,
8af1a541-a268-482e-bae4-9ca27d30657e,CONSUMER,1200,1,did:web:ssi-dim-wallet-service.identity:BPNL00000003AYRE,8de8f342-4c31-4e28-b51c-ec789c72a917,1791410590490,1791411631282,1791411631282,
beb4e72f-309a-4ea1-ae2c-370ae9ad2ae4,CONSUMER,1200,1,did:web:ssi-dim-wallet-service.identity:BPNL00000003AYRE,ab466a5b-1eda-4f9e-81de-09ac75cdcdec,1791410590988,1791411632368,1791411632368,
948881e0-0189-444d-835a-edd954dcd991,CONSUMER,1200,1,did:web:ssi-dim-wallet-service.identity:BPNL00000003AYRE,9e700ef3-30cf-4284-91db-5794b96f0f64,1791410591768,1791411632068,1791411632068,
9b85dd77-8dd0-45f8-a7fb-b5b846268211,CONSUMER,1200,1,did:web:ssi-dim-wallet-service.identity:BPNL00000003AYRE,2a28a29b-66e8-4872-a566-febbe8fc9876,1791410592282,1791411632235,1791411632235,
96d9b2f1-194a-4e40-a6d0-67bf505940db,CONSUMER,1200,1,did:web:ssi-dim-wallet-service.identity:BPNL00000003AYRE,a31e283d-6dfa-409f-ba74-29f30a465133,1791410592485,1791411632771,1791411632771,
27284507-7950-4ffb-b188-61cc30c671d5,CONSUMER,1200,1,did:web:ssi-dim-wallet-service.identity:BPNL00000003AYRE,b2f007fe-69dd-4412-b8b4-6ca13fd7c17b,1791410592539,1791411632635,1791411632635,
afc74430-35c4-4950-9dfe-f8afae6077a2,CONSUMER,1200,1,did:web:ssi-dim-wallet-service.identity:BPNL00000003AYRE,7af579d1-6359-489e-9090-0beba75d0f36,1791410593677,1791411632536,1791411632536,
ac45a4ce-14b2-4822-b214-2c91f3d47521,CONSUMER,1200,1,did:web:ssi-dim-wallet-service.identity:BPNL00000003AYRE,40227bf6-6e4a-4477-869c-d3557a0d4e7a,1791410594017,1791411637774,1791411637774,
a0d7d4b2-4667-402b-bf1b-7214fbad56cf,CONSUMER,1200,1,did:web:ssi-dim-wallet-service.identity:BPNL00000003AYRE,bad0f9c4-46e1-4a32-a59c-ed2921970c33,1791410594378,1791411638835,1791411638835,
2bf65d59-fc13-4a27-9712-5727e45d1978,CONSUMER,1200,1,did:web:ssi-dim-wallet-service.identity:BPNL00000003AYRE,553ac0fc-15cb-4d38-a55e-96d1afdd8ece,1791410594679,1791411638735,1791411638735,
0b0768c6-0be5-4877-b533-27ad4c5653d7,CONSUMER,1200,1,did:web:ssi-dim-wallet-service.identity:BPNL00000003AYRE,f13f0249-fb37-456c-be47-2582fe8cc368,1791410596490,1791411638169,1791411638169,
64cf459f-fcdf-4c48-85bd-615ce44b6284,CONSUMER,1200,1,did:web:ssi-dim-wallet-service.identity:BPNL00000003AYRE,f161bd50-6630-47a2-9c14-c57a41bc4ad1,1791410597378,1791411638936,1791411638936,
7833ab60-9921-4896-b0d6-c467ffb4d6db,CONSUMER,1200,1,did:web:ssi-dim-wallet-service.identity:BPNL00000003AYRE,8de1cde2-a050-4d2b-a795-b5bd706ee255,1791410598179,1791411638670,1791411638670,
44eb2620-72ed-43d5-ab07-558c47f18a3a,CONSUMER,1200,1,did:web:ssi-dim-wallet-service.identity:BPNL00000003AYRE,7ec33662-5fa3-46ab-856e-4157127bb207,1791410598272,1791411638774,1791411638774,
19bf0ab7-a27e-4cb5-a606-9b892f63f694,CONSUMER,1200,1,did:web:ssi-dim-wallet-service.identity:BPNL00000003AYRE,33189300-6250-4aee-b4d5-8c37e08519d5,1791410598474,1791411639172,1791411639172,
a8ae4f95-4e4b-419e-b9b3-9efbcc86a701,CONSUMER,1200,1,did:web:ssi-dim-wallet-service.identity:BPNL00000003AYRE,a9a9dde0-3814-4961-ac90-e4f84d01d755,1791410599888,1791411639741,1791411639741,
a49e3e7c-29bb-44a6-96da-f4bbcd3a623a,CONSUMER,1200,1,did:web:ssi-dim-wallet-service.identity:BPNL00000003AYRE,a52ce604-afe7-4cb9-b0b2-941d08c1d909,1791410600874,1791411639269,1791411639269,
062af189-a083-4eb6-8557-7c1ab50dbd6e,CONSUMER,1200,1,did:web:ssi-dim-wallet-service.identity:BPNL00000003AYRE,fc2edcf4-1bdd-4eb2-9c11-8e2d1c04d54b,1791410600981,1791411639368,1791411639368,
d8359b9f-900c-4a48-ab6d-9457fbbfe30d,CONSUMER,1200,1,did:web:ssi-dim-wallet-service.identity:BPNL00000003AYRE,d05c5baa-a8f0-4a6d-9c72-77add1e0f57d,1791410601271,1791411640771,1791411640771,
ea18ebce-55a0-45ef-98e1-a2e725132555,CONSUMER,1200,1,did:web:ssi-dim-wallet-service.identity:BPNL00000003AYRE,f82def0d-e2fa-4a6c-827e-d8fdeea3ea06,1791410603077,1791411639867,1791411639867,
1a17f56b-9523-4b77-9746-360486cbb079,CONSUMER,1200,1,did:web:ssi-dim-wallet-service.identity:BPNL00000003AYRE,305a3bf8-dcf3-473d-ac57-fc835a684d04,1791410603818,1791411639867,1791411639867,
c89041af-ffb4-49ca-b19d-a8293d4af380,CONSUMER,1200,1,did:web:ssi-dim-wallet-service.identity:BPNL00000003AYRE,191f8321-7ce5-4d87-a76a-35638d5f0be8,1791410605076,1791411639876,1791411639876,
04fd587a-3a84-4187-9be5-9935517d8602,CONSUMER,1200,1,did:web:ssi-dim-wallet-service.identity:BPNL00000003AYRE,29c11597-c29c-4238-9644-ee7a6010203f,1791410605387,1791411640168,1791411640168,
2ecae5cd-3d9f-4400-8c99-6e8ec7aaf884,CONSUMER,1200,1,did:web:ssi-dim-wallet-service.identity:BPNL00000003AYRE,a164a32c-9148-4aea-a97a-709baf4aecee,1791410605572,1791411640468,1791411640468,
3bfa34ff-69e5-4427-a97f-150e30f7e276,CONSUMER,1200,1,did:web:ssi-dim-wallet-service.identity:BPNL00000003AYRE,e5128cc5-61c0-4fb4-8442-c1e28d74de64,1791410606492,1791411640975,1791411640975,
97429226-532a-414b-9a63-340b47661316,CONSUMER,1200,1,did:web:ssi-dim-wallet-service.identity:BPNL00000003AYRE,c3ea9250-bb4b-4b3f-8007-ac6f6b847dec,1791410608489,1791411640869,1791411640869,
a8fd5059-fb51-43c3-93a9-933529d8f48e,CONSUMER,1200,1,did:web:ssi-dim-wallet-service.identity:BPNL00000003AYRE,74d7e4cf-db00-4444-a875-a6284d29ea2f,1791410608585,1791411640768,1791411640768,
790c65c0-44df-4d54-b79f-99d797db55e7,CONSUMER,1200,1,did:web:ssi-dim-wallet-service.identity:BPNL00000003AYRE,25506d93-93f5-4a9b-a78b-55d492dfe328,1791410609075,1791411645393,1791411645393,
21960a43-439b-46d3-b10e-5088e2de8203,CONSUMER,1200,1,did:web:ssi-dim-wallet-service.identity:BPNL00000003AYRE,f5a8442c-44c5-4c4d-b1d8-37577a880619,1791410609375,1791411645474,1791411645474,
77f90048-68f5-48e1-a0db-06fc29309dd5,CONSUMER,1200,1,did:web:ssi-dim-wallet-service.identity:BPNL00000003AYRE,c3040b28-2900-42eb-92e8-23bd1d06945e,1791410610174,1791411645572,1791411645572,
b149de30-f6f5-4a7f-a3c8-92c7b8b41785,CONSUMER,1200,1,did:web:ssi-dim-wallet-service.identity:BPNL00000003AYRE,657e7e48-a238-41a4-87f1-acbb21d1165c,1791410611689,1791411646213,1791411646213,
61eff945-c005-469b-ac5b-1751d87fbb62,CONSUMER,1200,1,did:web:ssi-dim-wallet-service.identity:BPNL00000003AYRE,0bfd9c8e-d846-4341-a857-43b004b4d67b,1791410612382,1791411646276,1791411646276,
5280a1ef-b0fe-4348-97d3-26807932df5f,CONSUMER,1200,1,did:web:ssi-dim-wallet-service.identity:BPNL00000003AYRE,58d201c2-afc2-4533-abcb-46113a4ebe43,1791410613026,1791411645677,1791411645677,
735a5255-6825-4993-b528-d1a35275461d,CONSUMER,1200,1,did:web:ssi-dim-wallet-service.identity:BPNL00000003AYRE,88b748fe-9398-424f-9c9e-0a327571fc45,1791410613975,1791411645570,1791411645570,
26355fb1-3c18-4d42-9dfc-35ba9e6d5314,CONSUMER,1200,1,did:web:ssi-dim-wallet-service.identity:BPNL00000003AYRE,6b21a5dd-cb17-453f-a218-81dc53961635,1791410615175,1791411646780,1791411646780,
654e16cd-58b2-4eb6-a219-0d1e4538c643,CONSUMER,1200,1,did:web:ssi-dim-wallet-service.identity:BPNL00000003AYRE,c08ef3ec-df80-4509-807d-616e8d1c1c33,1791410615575,1791411646869,1791411646869,
475223dd-d3d0-4908-a8d4-672bc5230bf4,CONSUMER,1200,1,did:web:ssi-dim-wallet-service.identity:BPNL00000003AYRE,1cef4f44-2933-440d-b86a-4bf887b069cd,1791410616485,1791411646671,1791411646671,
fdac68d3-efbb-42bf-8eb7-71dc38135ed3,CONSUMER,1200,1,did:web:ssi-dim-wallet-service.identity:BPNL00000003AYRE,f85849b5-061c-472e-b51a-7360b72c6261,1791410617171,1791411647970,1791411647970,
7db6f42d-7d09-47ff-9687-294a017d49b4,CONSUMER,1200,1,did:web:ssi-dim-wallet-service.identity:BPNL00000003AYRE,2ea08c14-b674-4c3a-be73-e05ad1494234,1791410617672,1791411647971,1791411647971,
7aada5a3-a38b-41e7-9d97-900769cdae5d,CONSUMER,1200,1,did:web:ssi-dim-wallet-service.identity:BPNL00000003AYRE,4369814b-8948-4850-9d5b-5b547836de6a,1791410618774,1791411648435,1791411648435,
7ca2b379-0b4c-40e9-ac36-c56d9e1c694d,CONSUMER,1200,1,did:web:ssi-dim-wallet-service.identity:BPNL00000003AYRE,eeb11992-c129-436e-b8ee-68e033a882c2,1791410619970,1791411648569,1791411648569,
df1ae0ae-f8dc-491b-8ee7-18e9bf4cd71b,CONSUMER,1200,1,did:web:ssi-dim-wallet-service.identity:BPNL00000003AYRE,3cc18a78-209d-41de-b238-15b8ce147cf2,1791410620991,1791411648370,1791411648370,
2b204269-ab6d-46b4-85dc-ebf7c3ca5223,CONSUMER,1200,1,did:web:ssi-dim-wallet-service.identity:BPNL00000003AYRE,daf8f01f-d11f-4a6e-85c9-69f02128241a,1791410621073,1791411648270,1791411648270,
af1fe017-154b-471c-84f2-02df878fb6c8,CONSUMER,1200,1,did:web:ssi-dim-wallet-service.identity:BPNL00000003AYRE,03663f49-875a-40ed-a7f2-cdefd7e1d99a,1791410621678,1791411648476,1791411648476,
726c5c70-cdf2-4782-b459-b3dd31da9ee8,CONSUMER,1200,1,did:web:ssi-dim-wallet-service.identity:BPNL00000003AYRE,7d535061-8d02-437f-a734-80e7f0a6f7ca,1791410627390,1791411648968,1791411648968,
2e7f0c4d-2fa8-45ed-a21b-ca58c81cb44e,CONSUMER,1200,1,did:web:ssi-dim-wallet-service.identity:BPNL00000003AYRE,21a670ce-97f5-423b-a722-741263ccb4cf,1791410627787,1791411649071,1791411649071,
512baebc-1943-4771-99f0-4a08c513bdaa,CONSUMER,1200,1,did:web:ssi-dim-wallet-service.identity:BPNL00000003AYRE,768f101d-f78a-4aa5-80f7-bdfb4c2a37d3,1791410627986,1791411648979,1791411648979,
13ee8792-47d6-497f-ad56-7b46eb50657e,CONSUMER,1200,1,did:web:ssi-dim-wallet-service.identity:BPNL00000003AYRE,5df00cbf-f6c5-4b15-82ca-0a2dafd62a32,1791410627989,1791411655672,1791411655672,
c124edc9-4bf7-4941-9449-ab8c8d0abc13,CONSUMER,1200,1,did:web:ssi-dim-wallet-service.identity:BPNL00000003AYRE,729194ab-3b8d-4a95-ab71-6d8b1257b15a,1791410628087,1791411656168,1791411656168,
944cf787-dbfb-4d9f-841f-680e45bc57c0,CONSUMER,1200,1,did:web:ssi-dim-wallet-service.identity:BPNL00000003AYRE,1f3f4ac1-7cb9-4040-9b79-f8facd66d5aa,1791410628089,1791411655636,1791411655636,
fb622985-1ffd-422a-81f7-f35a8041e516,CONSUMER,1200,1,did:web:ssi-dim-wallet-service.identity:BPNL00000003AYRE,865285f3-d758-4a50-9f8c-441bf9992b99,1791410628269,1791411659069,1791411659069,
9e938550-bfb7-42f3-a656-739c7a635bdb,CONSUMER,1200,1,did:web:ssi-dim-wallet-service.identity:BPNL00000003AYRE,1003bc66-f5ca-47df-bfe5-be57f064d3ee,1791410628688,1791411655668,1791411655668,
be36dad0-ccbd-4b1b-b6f3-66cca91e933a,CONSUMER,1200,1,did:web:ssi-dim-wallet-service.identity:BPNL00000003AYRE,243b4a18-535e-4e0a-ab61-5f94bf50f4b2,1791410628886,1791411655869,1791411655869,
39fe6922-6daa-44b6-8762-75def61d374e,CONSUMER,1200,1,did:web:ssi-dim-wallet-service.identity:BPNL00000003AYRE,6d5819fa-b774-4964-abb8-e291d0638ca3,1791410628888,1791411655768,1791411655768,
1296f768-8fc8-406f-9202-77dd35fbb3b9,CONSUMER,1200,1,did:web:ssi-dim-wallet-service.identity:BPNL00000003AYRE,d9f905fe-3065-4b29-893f-31b4328c2002,1791410628986,1791411659168,1791411659168,
c4005173-8db7-42de-8382-a0f22ac47374,CONSUMER,1200,1,did:web:ssi-dim-wallet-service.identity:BPNL00000003AYRE,c4122fba-d599-4e82-af17-92e2dd5839d3,1791410628993,1791411659069,1791411659069,
28cb4679-bac5-4fda-8cde-526aff554978,CONSUMER,1200,1,did:web:ssi-dim-wallet-service.identity:BPNL00000003AYRE,afe1d81a-c0f9-4fbf-aad8-708de0180cb2,1791410629285,1791411659536,1791411659536,
265553ff-471e-4396-aee3-397268a7e4f2,CONSUMER,1200,1,did:web:ssi-dim-wallet-service.identity:BPNL00000003AYRE,f938d97a-1fe5-498d-aba8-c3c11a0a4005,1791410629377,1791411659069,1791411659069,
86af4c3a-8c50-40c4-a2ac-9f634e688466,CONSUMER,1200,1,did:web:ssi-dim-wallet-service.identity:BPNL00000003AYRE,450434cc-ca1b-4a86-8055-14d6c5cc9b70,1791410629388,1791411659368,1791411659368,
16e0af28-40fe-4f22-b734-f78916319b46,CONSUMER,1200,1,did:web:ssi-dim-wallet-service.identity:BPNL00000003AYRE,454c5a16-1aca-4da5-b562-f216383e7406,1791410629486,1791411659070,1791411659070,
abf359f5-bd50-4373-a5da-c00076017f93,CONSUMER,1200,1,did:web:ssi-dim-wallet-service.identity:BPNL00000003AYRE,91251206-776a-42d8-8be0-973b32e00da6,1791410629487,1791411659486,1791411659486,
d64bdd1c-94bc-444f-88fa-e57c099bc13d,CONSUMER,1200,1,did:web:ssi-dim-wallet-service.identity:BPNL00000003AYRE,37c82f45-566e-43dc-a56e-93e9238bfd94,1791410629969,1791411659476,1791411659476,
a60a337b-03e0-4c58-b7fb-d647a7073e36,CONSUMER,1200,1,did:web:ssi-dim-wallet-service.identity:BPNL00000003AYRE,cd7c5d31-9acb-4ba8-b2f7-0054e6764124,1791410630393,1791411659671,1791411659671,
198dbb01-5138-4c02-b9c3-db513699de63,CONSUMER,1200,1,did:web:ssi-dim-wallet-service.identity:BPNL00000003AYRE,9222702e-d28f-4184-8ed2-8e4e6b357892,1791410631190,1791411659868,1791411659868,
e61af841-1731-4870-95ba-16691da7cc7c,CONSUMER,1200,1,did:web:ssi-dim-wallet-service.identity:BPNL00000003AYRE,45f1da6f-4246-4a7c-9fec-fe63c2325c62,1791410631876,1791411659443,1791411659443,
28e81637-31b3-4e6d-ba1d-f733153c92ea,CONSUMER,1200,1,did:web:ssi-dim-wallet-service.identity:BPNL00000003AYRE,a05115e3-d2ff-402b-af26-9e7f368f7d18,1791410631887,1791411659967,1791411659967,
855b1a7a-f631-4a1f-9a6f-c589b78aac35,CONSUMER,1200,1,did:web:ssi-dim-wallet-service.identity:BPNL00000003AYRE,704d8e4c-4eed-4393-b2bf-525881cc37fd,1791410631987,1791411659934,1791411659934,
ab7b8d7f-c208-4434-ab03-4008ab8ec8b3,CONSUMER,1200,1,did:web:ssi-dim-wallet-service.identity:BPNL00000003AYRE,8287abc6-b9b2-40ed-be71-0fdef3792854,1791410632974,1791411668076,1791411668076,
7f755aeb-dfa8-45b3-bbe3-8f85390da6fe,CONSUMER,1200,1,did:web:ssi-dim-wallet-service.identity:BPNL00000003AYRE,cc4f7cfb-97b4-4627-adb2-5a136e520907,1791410633777,1791411668469,1791411668469,
a899fd1f-2e4c-4881-bb4a-8f0e4b9b629c,CONSUMER,1200,1,did:web:ssi-dim-wallet-service.identity:BPNL00000003AYRE,0a4681ea-f7c2-471b-8151-29ca4ddda31b,1791410633875,1791411671170,1791411671170,
699f0aae-50ac-410a-9597-af8f980fa56d,CONSUMER,1200,1,did:web:ssi-dim-wallet-service.identity:BPNL00000003AYRE,26bffa58-0982-4ce1-854f-79fce6d164b8,1791410634127,1791411668838,1791411668838,
d062bb97-f05b-4385-a7b6-edab26a260fa,CONSUMER,1200,1,did:web:ssi-dim-wallet-service.identity:BPNL00000003AYRE,badc63b5-48e7-4477-88a9-3bc71a03bd5e,1791410635188,1791411668536,1791411668536,
04b1d6cf-a808-42a1-b7ce-ac54f0a60eea,CONSUMER,1200,1,did:web:ssi-dim-wallet-service.identity:BPNL00000003AYRE,397dccdd-cce0-4739-a5fa-308c7a05be9e,1791410635589,1791411668536,1791411668536,
5988c512-01ab-4b74-9dd5-ccfd3e1c9a21,CONSUMER,1200,1,did:web:ssi-dim-wallet-service.identity:BPNL00000003AYRE,e9635aa5-2bf7-4fc1-bd9f-7c20c6dce099,1791410636274,1791411668235,1791411668235,
4c1989c9-b12e-4869-bc14-ca860c5c5055,CONSUMER,1200,1,did:web:ssi-dim-wallet-service.identity:BPNL00000003AYRE,c03439e0-9b58-4672-9b2e-3588815dba63,1791410637672,1791411668768,1791411668768,
19950a19-997d-491a-b6ae-ea77674f9110,CONSUMER,1200,1,did:web:ssi-dim-wallet-service.identity:BPNL00000003AYRE,7637e246-7df3-4e70-ad2f-e0574b88a68a,1791410638368,1791411668635,1791411668635,
130e5411-b6a9-4bc8-8d5b-b13081acf005,CONSUMER,1200,1,did:web:ssi-dim-wallet-service.identity:BPNL00000003AYRE,f1da06b3-32e3-498f-90d2-c7543481677e,1791410638694,1791411671170,1791411671170,
1c6f04db-5ea6-4caa-8ff2-cea1027c30f3,CONSUMER,1200,1,did:web:ssi-dim-wallet-service.identity:BPNL00000003AYRE,9fd6b3e9-318b-4a39-9958-0517eddef019,1791410638873,1791411671270,1791411671270,
4ff220aa-ef68-41cc-8caf-046c88e067f5,CONSUMER,1200,1,did:web:ssi-dim-wallet-service.identity:BPNL00000003AYRE,8b17d456-ec61-4a9a-a1b9-43d98bcb6901,1791410639479,1791411671578,1791411671578,
fa03291e-ecbd-4b46-86d7-f245a9823c89,CONSUMER,1200,1,did:web:ssi-dim-wallet-service.identity:BPNL00000003AYRE,866c1940-bbcf-429d-8650-eb05f433c5ce,1791410639783,1791411671437,1791411671437,
459bf223-7301-4f90-ad02-436990fcdf83,CONSUMER,1200,1,did:web:ssi-dim-wallet-service.identity:BPNL00000003AYRE,aabeeca8-5fff-4d1e-bc19-b17d824e95bd,1791410640468,1791411671936,1791411671936,
411e49fb-c922-4435-98df-6aa5ac439c3b,CONSUMER,1200,1,did:web:ssi-dim-wallet-service.identity:BPNL00000003AYRE,3a8bc935-146d-4dc8-be3a-8c00bf71c46b,1791410641678,1791411671770,1791411671770,
6358f433-0346-4f55-abab-e112f23c5df5,CONSUMER,1200,1,did:web:ssi-dim-wallet-service.identity:BPNL00000003AYRE,d6f05470-95cb-4e8c-a8a3-2cbe0982e232,1791410642390,1791411671334,1791411671334,
660b0b7c-67d7-4d90-9dd8-5f57cff659e2,CONSUMER,1200,1,did:web:ssi-dim-wallet-service.identity:BPNL00000003AYRE,60683135-646f-469a-a087-9179694f97ee,1791410643339,1791411671936,1791411671936,
e69d461a-5d62-43b7-b052-e1931bc4de23,CONSUMER,1200,1,did:web:ssi-dim-wallet-service.identity:BPNL00000003AYRE,485b2a7b-0190-40c5-b94f-8c00e43e6c65,1791410643991,1791411671937,1791411671937,
b013ec06-7924-409d-9eff-4faa471db060,CONSUMER,1200,1,did:web:ssi-dim-wallet-service.identity:BPNL00000003AYRE,63909ee7-cc26-44b3-8714-c354809cd661,1791410645087,1791411672144,1791411672144,
ce1b9785-e481-4ead-b09b-39cd98a7dd22,CONSUMER,1200,1,did:web:ssi-dim-wallet-service.identity:BPNL00000003AYRE,b0bfcc10-469d-4051-8d4b-ad6575d331ae,1791410645438,1791411672269,1791411672269,
e3ccda2b-7e16-4906-9cf6-c7d918bf9deb,CONSUMER,1200,1,did:web:ssi-dim-wallet-service.identity:BPNL00000003AYRE,379b6758-8bcc-4931-8d97-eaa8c89bdd08,1791410645639,1791411677170,1791411677170,
4f0a7aeb-b2a3-40ce-becb-2977c48a2a58,CONSUMER,1200,1,did:web:ssi-dim-wallet-service.identity:BPNL00000003AYRE,936b5a82-46d9-49f0-8cdd-fce7f1a0d933,1791410646672,1791411677071,1791411677071,
c8bc33a8-ce7a-4a2f-a5b8-67517a45a121,CONSUMER,1200,1,did:web:ssi-dim-wallet-service.identity:BPNL00000003AYRE,9a1eb63b-233a-45cc-a692-13beda3d6481,1791410647175,1791411677174,1791411677174,
05f11c1c-6b4d-4c09-9e04-2c42a9b099ad,CONSUMER,1200,1,did:web:ssi-dim-wallet-service.identity:BPNL00000003AYRE,5e3402fd-16d6-4f5f-9262-460b544739b1,1791410647573,1791411677335,1791411677335,
611f5bea-750e-4d46-a591-3892e215001f,CONSUMER,1200,1,did:web:ssi-dim-wallet-service.identity:BPNL00000003AYRE,4bc23bbc-6e44-4a72-b94f-44ee5d5eb341,1791410648890,1791411677136,1791411677136,
0c833d31-5cea-4ef6-81fc-4cfa2cadf085,CONSUMER,1200,1,did:web:ssi-dim-wallet-service.identity:BPNL00000003AYRE,901cfade-6d7c-477e-b62f-b9847f35688e,1791410649868,1791411677679,1791411677679,
de3d214c-f512-4d7c-8ae2-42d0f9a31d50,CONSUMER,1200,1,did:web:ssi-dim-wallet-service.identity:BPNL00000003AYRE,8e26b3a2-4075-4ee9-9fd2-0684020afa30,1791410650088,1791411677734,1791411677734,
55a9e8bb-955f-47a1-8247-b428c0eff33a,CONSUMER,1200,1,did:web:ssi-dim-wallet-service.identity:BPNL00000003AYRE,7b37ca32-c45e-4444-8c1a-6fe9ec2a17d9,1791410650476,1791411677638,1791411677638,
5f23b13a-234a-43f1-bbd2-5a680c262fff,CONSUMER,1200,1,did:web:ssi-dim-wallet-service.identity:BPNL00000003AYRE,7b3552e2-82b3-4317-92eb-c4a03dcdca13,1791410650593,1791411677474,1791411677474,
b1805e1e-720a-45b0-95a2-a002f126e075,CONSUMER,1200,1,did:web:ssi-dim-wallet-service.identity:BPNL00000003AYRE,0ddb3d49-dee3-4abf-bac4-262d4bceb946,1791410651479,1791411677843,1791411677843,
39fb3923-e923-4546-b455-f6e722525124,CONSUMER,1200,1,did:web:ssi-dim-wallet-service.identity:BPNL00000003AYRE,6871f66c-e5e2-4e2d-b07c-8c6ac1a2a53e,1791410653078,1791411677836,1791411677836,
f2af3e5e-b19d-4282-be30-f5838ec55810,CONSUMER,1200,1,did:web:ssi-dim-wallet-service.identity:BPNL00000003AYRE,6db8a7bc-5e46-4df8-8cd3-c4a9e6e91192,1791410653083,1791411678781,1791411678781,
a4fe0503-d6e6-4ddd-aede-1f2dd590e3bc,CONSUMER,1200,1,did:web:ssi-dim-wallet-service.identity:BPNL00000003AYRE,da6327e0-d7c3-4b45-bb1d-6fe94b541240,1791410653373,1791411678790,1791411678790,
9ea3a4c8-5b4c-437a-bfbb-1574ace202b7,CONSUMER,1200,1,did:web:ssi-dim-wallet-service.identity:BPNL00000003AYRE,ebb4f5b0-195d-4e36-bec5-62e70b40022a,1791410653979,1791411679568,1791411679568,
902d82d1-722d-4902-b2eb-1eba44f064a9,CONSUMER,1200,1,did:web:ssi-dim-wallet-service.identity:BPNL00000003AYRE,d80d1fe3-32c4-4c2b-859d-e92a6f6f277e,1791410654380,1791411679534,1791411679535,
b7b3b43c-bf99-4899-92a9-79bc11ca1d19,CONSUMER,1200,1,did:web:ssi-dim-wallet-service.identity:BPNL00000003AYRE,8fbb2e3d-cc01-4428-929e-0a38d5fc2b8b,1791410655068,1791411679175,1791411679175,
836abf0a-dea1-45bf-816e-11e1cbec38fc,CONSUMER,1200,1,did:web:ssi-dim-wallet-service.identity:BPNL00000003AYRE,cdd80485-e264-4a36-8f89-1e3257ed5ec1,1791410655772,1791411679472,1791411679472,
b3cb31bb-1cec-4dee-9336-0937f89d69b6,CONSUMER,1200,1,did:web:ssi-dim-wallet-service.identity:BPNL00000003AYRE,53817adc-fe8a-404f-beda-e30134da8c7f,1791410656670,1791411679770,1791411679770,
b9443540-872a-4dc0-8747-3d778d5f1924,CONSUMER,1200,1,did:web:ssi-dim-wallet-service.identity:BPNL00000003AYRE,049f42cc-33b5-41a9-a92c-830d44b49761,1791410657585,1791411679969,1791411679969,
d64b2580-8189-4311-bbdc-0a271bf90bc3,CONSUMER,1200,1,did:web:ssi-dim-wallet-service.identity:BPNL00000003AYRE,3266b17d-c02e-4f52-b456-750dcdd27811,1791410659271,1791411679476,1791411679476,
45651b2f-4bc7-4974-9077-abb5de5d0ab2,CONSUMER,1200,1,did:web:ssi-dim-wallet-service.identity:BPNL00000003AYRE,b40f18a3-d5d1-475e-bdbc-9f8f14c641e4,1791410664872,1791411685370,1791411685370,
30a93b55-e365-4b58-8b7a-9ac7e5b73d27,CONSUMER,1200,1,did:web:ssi-dim-wallet-service.identity:BPNL00000003AYRE,87b1900c-9148-4c75-86e9-a9d83a2e187d,1791410664985,1791411685069,1791411685069,
2d366044-cf30-4ad9-9a47-dcdd575501a3,CONSUMER,1400,1,did:web:ssi-dim-wallet-service.identity:BPNL00000003AYRE,1ac6fcc2-5561-459c-a95d-e9d009953fdc,1791410665069,1791411686268,1791411686268,
52c0cb04-0224-474b-9256-6225bdda5f4c,CONSUMER,1200,1,did:web:ssi-dim-wallet-service.identity:BPNL00000003AYRE,319dfc24-9358-4b45-a5ac-6c0744074f77,1791410665072,1791411684836,1791411684836,
7aa8cfa4-5a9f-4384-b40c-3c2c45de139a,CONSUMER,1200,1,did:web:ssi-dim-wallet-service.identity:BPNL00000003AYRE,f936bbb7-9dec-43fa-824e-0067da817cee,1791410665168,1791411684672,1791411684672,
e0d735fe-5dc4-4ef0-80b8-17da13f7623c,CONSUMER,1200,1,did:web:ssi-dim-wallet-service.identity:BPNL00000003AYRE,a4542fa9-b435-4204-a2b0-5b8c25dc930a,1791410665174,1791411684589,1791411684589,
c0f2bf70-c6f4-46c4-991f-6a7a1d60b234,CONSUMER,1200,1,did:web:ssi-dim-wallet-service.identity:BPNL00000003AYRE,b74c310b-a48f-4bc9-bbeb-6905c4083c60,1791410665186,1791411685268,1791411685268,
8bddf9cd-ff50-4ba7-b88a-5deeb9926a9a,CONSUMER,1200,1,did:web:ssi-dim-wallet-service.identity:BPNL00000003AYRE,42f773f8-7781-454e-b135-5242f673a99c,1791410665276,1791411685176,1791411685176,
d3bed243-359a-43a4-b87f-bdf28e574e96,CONSUMER,1200,1,did:web:ssi-dim-wallet-service.identity:BPNL00000003AYRE,36c48d1e-d8ec-417c-b024-a9913be3a685,1791410665372,1791411685936,1791411685936,
f4bfcc8b-bb05-4dcd-a4fb-f276b489e61a,CONSUMER,1200,1,did:web:ssi-dim-wallet-service.identity:BPNL00000003AYRE,270f3f49-7bf3-4ad0-8e39-3ddb212412b5,1791410665489,1791411686037,1791411686037,
107bb5b9-f12f-4371-bb08-083b30e73ef6,CONSUMER,1200,1,did:web:ssi-dim-wallet-service.identity:BPNL00000003AYRE,93022755-6c36-4fdc-8ae8-d5a353188143,1791410666435,1791411685641,1791411685641,
14577f4a-19e3-43ed-8515-d846c587e4c0,CONSUMER,1200,1,did:web:ssi-dim-wallet-service.identity:BPNL00000003AYRE,9240e871-1f18-4449-8e33-53ca3c534d01,1791410666672,1791411685870,1791411685870,
97e4528f-a351-4c59-baa1-cc72b22a65b7,CONSUMER,1200,1,did:web:ssi-dim-wallet-service.identity:BPNL00000003AYRE,38195207-f436-4277-a647-0b01d26cb321,1791410666677,1791411685769,1791411685769,
35b4c2c0-78ef-448d-b815-4a31ccd8a33a,CONSUMER,1200,1,did:web:ssi-dim-wallet-service.identity:BPNL00000003AYRE,5085b363-b002-430b-8b6a-f700a14d3aae,1791410667068,1791411687569,1791411687569,
85e76335-8678-4e4a-8c28-741b33515906,CONSUMER,1200,1,did:web:ssi-dim-wallet-service.identity:BPNL00000003AYRE,b83d62c1-b61c-479b-9f0f-3e555e1eedce,1791410667475,1791411687491,1791411687491,
16183643-26fc-4e54-814a-15c4e1fb99ad,CONSUMER,1200,1,did:web:ssi-dim-wallet-service.identity:BPNL00000003AYRE,69b58109-2bd1-4458-82ec-cecbd9c8c658,1791410668378,1791411687635,1791411687635,
0203ae6a-3765-41a7-984a-ac1a1c6532ca,CONSUMER,1200,1,did:web:ssi-dim-wallet-service.identity:BPNL00000003AYRE,8612c8f5-6fb6-4496-a01e-ea7d5a7cb128,1791410668476,1791411688489,1791411688489,
35e95c49-998c-4e1f-9497-796530f1ed55,CONSUMER,1200,1,did:web:ssi-dim-wallet-service.identity:BPNL00000003AYRE,5a33a367-c6ec-44d2-8404-702c92e29615,1791410668974,1791411687834,1791411687834,
847e4529-901c-4843-96f6-602e5663db24,CONSUMER,1200,1,did:web:ssi-dim-wallet-service.identity:BPNL00000003AYRE,67266fda-8e7e-4a9d-a965-63851c299074,1791410671075,1791411687839,1791411687839,
a8d53110-8c10-4efa-b525-b90305249a15,CONSUMER,1200,1,did:web:ssi-dim-wallet-service.identity:BPNL00000003AYRE,cc11977e-08e2-4b02-9546-203ab22fb26d,1791410671379,1791411688139,1791411688139,
8f745740-d5db-4a1c-8ff5-8315f53ff8cb,CONSUMER,1200,1,did:web:ssi-dim-wallet-service.identity:BPNL00000003AYRE,43c77aa8-0f90-4e88-b416-6a701ef0f956,1791410673674,1791411693168,1791411693168,
824ba0a6-e605-4ec5-9dae-c14c96bd871e,CONSUMER,1200,1,did:web:ssi-dim-wallet-service.identity:BPNL00000003AYRE,b1e5287a-5698-4170-98e2-a799db48029f,1791410673975,1791411693236,1791411693236,
29811a5a-5a1b-4b7b-b009-ab5dd10c3a47,CONSUMER,1200,1,did:web:ssi-dim-wallet-service.identity:BPNL00000003AYRE,3d2124fa-f8bd-4d55-b470-ba46329c38c3,1791410674173,1791411693180,1791411693180,
8799e2c1-fd80-4156-aa1f-c727a936e15f,CONSUMER,1200,1,did:web:ssi-dim-wallet-service.identity:BPNL00000003AYRE,fc932219-2d2a-4fb4-8005-da2a20d80756,1791410674173,1791411693469,1791411693469,
1f60c393-dc2e-432a-97b1-a6e99855d80b,CONSUMER,1200,1,did:web:ssi-dim-wallet-service.identity:BPNL00000003AYRE,9ac5dd6a-48ac-4af5-8d54-8871d9adf257,1791410675985,1791411693474,1791411693474,
acf2a898-ef13-41f0-8465-2e494e58ae2c,CONSUMER,1200,1,did:web:ssi-dim-wallet-service.identity:BPNL00000003AYRE,f1031148-96ca-4fec-8352-5da418bf81c0,1791410676575,1791411694074,1791411694074,
6780f875-e8ee-490c-baaa-1119d870f523,CONSUMER,1200,1,did:web:ssi-dim-wallet-service.identity:BPNL00000003AYRE,e9fc9d39-e2bb-430d-a0c9-e37889a6bcc2,1791410677274,1791411694242,1791411694242,
63a3a4d5-172c-4988-a3ae-04f43f309d1f,CONSUMER,1200,1,did:web:ssi-dim-wallet-service.identity:BPNL00000003AYRE,0edd2722-cf36-4ec8-8811-e9b7f82429fc,1791410677386,1791411693768,1791411693768,
0649d4f0-4158-457b-b9fd-739306f62101,CONSUMER,1200,1,did:web:ssi-dim-wallet-service.identity:BPNL00000003AYRE,6902ebed-a5b7-4833-817e-581d03e451ec,1791410677767,1791411694171,1791411694171,
86d87c03-ad3e-4f4f-b539-07669f868326,CONSUMER,1200,1,did:web:ssi-dim-wallet-service.identity:BPNL00000003AYRE,803f37fa-7b3c-493a-8fb4-b4980b6c1fa3,1791410678875,1791411694276,1791411694276,
73fd19a7-3a7a-4e8b-b93b-fc7777f70a76,CONSUMER,1200,1,did:web:ssi-dim-wallet-service.identity:BPNL00000003AYRE,f5419a00-fa71-4f75-aa3a-29a0d500a9f6,1791410679376,1791411694975,1791411694975,
544bb8e8-3ff1-4e06-a9da-71e598da7615,CONSUMER,1200,1,did:web:ssi-dim-wallet-service.identity:BPNL00000003AYRE,4976dadc-932c-4040-ab94-0c9b726d60c4,1791410679471,1791411694375,1791411694375,
a74484b1-cfed-466d-8ee5-46a95d8c4189,CONSUMER,1200,1,did:web:ssi-dim-wallet-service.identity:BPNL00000003AYRE,e46e9967-f33e-45c9-9c31-1a33fcbee4d7,1791410680287,1791411694568,1791411694568,
cdd0993f-4e75-4a86-8245-c312049affbb,CONSUMER,1200,1,did:web:ssi-dim-wallet-service.identity:BPNL00000003AYRE,56922cfb-a669-458a-9a1f-af8ef9b09a2a,1791410680471,1791411694568,1791411694568,
437c8f51-6cce-4959-90b2-52dbc7c24ac1,CONSUMER,1200,1,did:web:ssi-dim-wallet-service.identity:BPNL00000003AYRE,9caf3ab5-9d50-42d9-9a46-219e6fc87a87,1791410680586,1791411694772,1791411694772,
6992a47e-2ebe-4a6d-8ecd-cb807bfbd315,CONSUMER,1200,1,did:web:ssi-dim-wallet-service.identity:BPNL00000003AYRE,521fc817-e27a-4234-aa71-2df58149a4fc,1791410684189,1791411694734,1791411694734,
4232313e-6f96-49c3-a938-bd181a0d30ad,CONSUMER,1200,1,did:web:ssi-dim-wallet-service.identity:BPNL00000003AYRE,1c6ec1cb-bd4e-4f3d-9b48-0cf8d1444077,1791410684289,1791411694783,1791411694783,
c3fc3b8b-2a2e-4e05-bf6d-64d267cacc9c,CONSUMER,1200,1,did:web:ssi-dim-wallet-service.identity:BPNL00000003AYRE,8e2cedd7-60b0-4396-8256-5fba9255b260,1791410685694,1791411694968,1791411694968,
627a2bc6-bc80-4050-a8f1-a546306c7480,CONSUMER,1200,1,did:web:ssi-dim-wallet-service.identity:BPNL00000003AYRE,d3934c34-cb88-4d4e-8872-b2010bdc9323,1791410686768,1791411695075,1791411695075,
126437d5-64c7-4606-a47f-22cf6a5095e4,CONSUMER,1200,1,did:web:ssi-dim-wallet-service.identity:BPNL00000003AYRE,dcc416a2-8686-41ab-91ad-be13e173f42a,1791410686792,1791411695135,1791411695135,
547b82fd-95da-4d28-92a8-00d47437ac2d,CONSUMER,1200,1,did:web:ssi-dim-wallet-service.identity:BPNL00000003AYRE,d9d643de-80ef-4584-9ec4-3f7552550e01,1791410687172,1791411702134,1791411702134,
71aa042e-7632-468b-9545-dbc1803bc820,CONSUMER,1200,1,did:web:ssi-dim-wallet-service.identity:BPNL00000003AYRE,2aba6254-a052-4b6f-8815-d2e7ce66b2dc,1791410687187,1791411702069,1791411702069,
3fd2c449-6368-4ecc-8f26-7cdc6e349e63,CONSUMER,1200,1,did:web:ssi-dim-wallet-service.identity:BPNL00000003AYRE,47636ec2-e484-40ff-8170-d7b4282ebe38,1791410687893,1791411702142,1791411702142,
bd4d13ce-f301-4196-8927-d4f9d31c3cbc,CONSUMER,1200,1,did:web:ssi-dim-wallet-service.identity:BPNL00000003AYRE,04999aca-5d5f-4953-8cd7-df28ba83aee9,1791410688089,1791411702435,1791411702435,
c5896b6f-ee2b-4091-a2e7-559edd8ddf50,CONSUMER,1200,1,did:web:ssi-dim-wallet-service.identity:BPNL00000003AYRE,03a24df9-9601-42b5-ac21-6ae5a485edfb,1791410688472,1791411702236,1791411702236,
c03a73a7-477f-4cc1-b026-26588976d18f,CONSUMER,1200,1,did:web:ssi-dim-wallet-service.identity:BPNL00000003AYRE,1ac675a8-c7af-44cc-aa70-e8ff3ed89cf8,1791410688674,1791411702369,1791411702369,
f8011114-6db7-4387-9812-f0160c563882,CONSUMER,1200,1,did:web:ssi-dim-wallet-service.identity:BPNL00000003AYRE,db39326c-bd61-4445-a22a-08f052f77393,1791410688787,1791411702536,1791411702536,
04275d71-e872-4b6c-b340-418f06f4aa2f,CONSUMER,1200,1,did:web:ssi-dim-wallet-service.identity:BPNL00000003AYRE,824f2b70-db95-4745-895c-93230cee13d9,1791410690276,1791411702381,1791411702381,
4f2d0a66-2c0a-4b26-998f-6fcbb4c26cfc,CONSUMER,1200,1,did:web:ssi-dim-wallet-service.identity:BPNL00000003AYRE,ea294310-8649-4771-bc84-105b9a32c2c4,1791410691675,1791411705280,1791411705280,
a243ab01-6fcf-44dc-a6ac-aa2992746d86,CONSUMER,1200,1,did:web:ssi-dim-wallet-service.identity:BPNL00000003AYRE,253a0d99-c461-485a-91e2-65bc95fa61c6,1791410691780,1791411705075,1791411705075,
cacbdc37-0bf8-4c95-a0a5-8d41951e4a1b,CONSUMER,1200,1,did:web:ssi-dim-wallet-service.identity:BPNL00000003AYRE,d8fb79c5-c078-4b06-a478-c2153000a893,1791410692578,1791411704767,1791411704767,
81e3e1d6-247f-4642-9bbc-f1ee1ef6e1c1,CONSUMER,1200,1,did:web:ssi-dim-wallet-service.identity:BPNL00000003AYRE,bbc4403a-866c-4917-bb29-153163f08e4c,1791410693683,1791411704975,1791411704975,
77cd03eb-764a-47ad-9c22-2287da15f57e,CONSUMER,1200,1,did:web:ssi-dim-wallet-service.identity:BPNL00000003AYRE,383cee7e-3135-4375-bea0-36ccf12b4b5b,1791410693887,1791411704570,1791411704570,
fee31e65-42b5-4149-bcd6-b3495b6fe2c7,CONSUMER,1200,1,did:web:ssi-dim-wallet-service.identity:BPNL00000003AYRE,c00026f5-44a9-4e97-9071-7bd1db91120a,1791410694080,1791411705075,1791411705075,
7bbf935c-b0b8-4c65-aca5-b9565591ccca,CONSUMER,1200,1,did:web:ssi-dim-wallet-service.identity:BPNL00000003AYRE,2bbc5f35-9fbf-4d68-8177-0701ae05fa55,1791410695331,1791411705075,1791411705075,
1736b2fb-c8c6-4fa7-908a-a294f103ec38,CONSUMER,1200,1,did:web:ssi-dim-wallet-service.identity:BPNL00000003AYRE,e44820af-f4e3-4e57-9b91-aae9a74c2a7e,1791410696583,1791411704684,1791411704684,
00598ed7-cbf8-457a-84b3-0d540b823144,CONSUMER,1200,1,did:web:ssi-dim-wallet-service.identity:BPNL00000003AYRE,6f5d87a2-7744-4ab0-87db-f86985c5419d,1791410697373,1791411705477,1791411705477,
bd2918f2-8775-4226-9b3e-53ae1cc82cae,CONSUMER,1200,1,did:web:ssi-dim-wallet-service.identity:BPNL00000003AYRE,4d83d061-2a1c-4e26-ae6d-1663bedbbedc,1791410698180,1791411705669,1791411705669,
a5050ca9-9eaa-4d6d-bf2e-250e30ad2a3b,CONSUMER,1200,1,did:web:ssi-dim-wallet-service.identity:BPNL00000003AYRE,66867bdc-a7cc-4bca-bc29-a818dee42109,1791410699787,1791411705568,1791411705568,
eb0eb09c-d090-4fcc-b4e0-5a80c60f8b03,CONSUMER,1200,1,did:web:ssi-dim-wallet-service.identity:BPNL00000003AYRE,5ba3ea8d-8b30-45bc-9a39-e564219bfbf8,1791410699789,1791411705742,1791411705742,
9fc9c77f-55e7-4375-8cc0-6b2571bffbf9,CONSUMER,1200,1,did:web:ssi-dim-wallet-service.identity:BPNL00000003AYRE,9c2bf1e7-6bd5-4b16-bb46-7e8cd2b6df8f,1791410699985,1791411710174,1791411710174,
9c7ad099-cc6e-46eb-8df6-f7ba36979420,CONSUMER,1200,1,did:web:ssi-dim-wallet-service.identity:BPNL00000003AYRE,654e898d-f00c-471b-bb8b-e04b8b936953,1791410700976,1791411710176,1791411710176,
0d5f685f-292e-42c4-89d7-decb7acc3cf6,CONSUMER,1200,1,did:web:ssi-dim-wallet-service.identity:BPNL00000003AYRE,a5fd8b03-413d-4d41-b311-e6e7590040cc,1791410701174,1791411710868,1791411710868,
9e7284f4-578a-4fbf-974e-215e614858b3,CONSUMER,1200,1,did:web:ssi-dim-wallet-service.identity:BPNL00000003AYRE,98c96e3f-612e-4acb-86d2-22b4e4989586,1791410701269,1791411712873,1791411712873,
95856d79-4197-4a59-8c98-12b704dc26c1,CONSUMER,1200,1,did:web:ssi-dim-wallet-service.identity:BPNL00000003AYRE,d5fc08d0-95c4-477b-b5a2-8708acea22f9,1791410701573,1791411712968,1791411712968,
35456def-ad57-407a-9171-930b3c91c247,CONSUMER,1200,1,did:web:ssi-dim-wallet-service.identity:BPNL00000003AYRE,3f94096d-f8c0-4eba-a3e6-92f0a01f0298,1791410702469,1791411710272,1791411710272,
2911f6d1-4ebb-4969-8420-d140827cce57,CONSUMER,1200,1,did:web:ssi-dim-wallet-service.identity:BPNL00000003AYRE,56b62ffa-40e0-4921-9a15-f0ce36166a12,1791410703685,1791411710370,1791411710370,
ce19ff7b-9df6-481b-84bd-594b33dd4aa2,CONSUMER,1200,1,did:web:ssi-dim-wallet-service.identity:BPNL00000003AYRE,fbbea5b6-01a0-4ebc-96f0-07e4c533b033,1791410703686,1791411710236,1791411710236,
1672bbed-eb82-40b7-af45-b6e6e19786f7,CONSUMER,1200,1,did:web:ssi-dim-wallet-service.identity:BPNL00000003AYRE,6a904cbe-8748-4da7-8943-28dc8df52f39,1791410704228,1791411713069,1791411713069,
0df95b07-64f8-4a30-8b40-979966792518,CONSUMER,1200,1,did:web:ssi-dim-wallet-service.identity:BPNL00000003AYRE,8b1c6151-c869-4a63-b532-f59723612d71,1791410705080,1791411713569,1791411713569,
655c8a29-787e-43d6-b256-e94c22694495,CONSUMER,1200,1,did:web:ssi-dim-wallet-service.identity:BPNL00000003AYRE,d276b767-dcc4-454e-a8a6-f9e2e89f77aa,1791410705378,1791411712969,1791411712969,
98d9a95b-c148-46a8-8864-d4aa9b929dd0,CONSUMER,1200,1,did:web:ssi-dim-wallet-service.identity:BPNL00000003AYRE,2ee33295-f654-41db-b12e-129d2a92ac7a,1791410706085,1791411712869,1791411712869,
27a93f4e-c4b2-40e9-b07b-6851ffdb9c5e,CONSUMER,1200,1,did:web:ssi-dim-wallet-service.identity:BPNL00000003AYRE,de642476-3fc4-411e-a9cf-6a05fd08c914,1791410706088,1791411713369,1791411713369,
88cc87f7-e7f7-47bb-881e-23f2c568a2e1,CONSUMER,1200,1,did:web:ssi-dim-wallet-service.identity:BPNL00000003AYRE,1af9b6b7-b755-40cf-b6b3-36d7dd73b190,1791410706191,1791411713768,1791411713768,
48974b19-2b27-4389-84d0-77f9a93680cd,CONSUMER,1200,1,did:web:ssi-dim-wallet-service.identity:BPNL00000003AYRE,0503ceaf-4f57-40ac-b676-e671fd3a0b83,1791410706376,1791411713375,1791411713375,
9beee14d-eaf1-48c8-9c57-c66ab206eee4,CONSUMER,1200,1,did:web:ssi-dim-wallet-service.identity:BPNL00000003AYRE,1f0b87d0-4c25-41d6-8396-c1e54552f51b,1791410707089,1791411713569,1791411713569,
fc232805-46fd-49bd-931f-f61b697deaf1,CONSUMER,1200,1,did:web:ssi-dim-wallet-service.identity:BPNL00000003AYRE,4248fe81-adaa-4284-85d9-c0541abf48ec,1791410708089,1791411713779,1791411713779,
b1674259-d020-4c6e-baf6-2de1ada7f8c6,CONSUMER,1200,1,did:web:ssi-dim-wallet-service.identity:BPNL00000003AYRE,90a364e5-779b-4682-98f6-251db6089524,1791410708587,1791411717670,1791411717670,
0827a1df-ba79-4578-b2e0-7a4e216d2ff0,CONSUMER,1200,1,did:web:ssi-dim-wallet-service.identity:BPNL00000003AYRE,a4440fb3-6d0d-40f4-bb06-260710d16487,1791410709572,1791411713775,1791411713775,
2e37bf88-fe1a-4c81-a945-ca525764f288,CONSUMER,1200,1,did:web:ssi-dim-wallet-service.identity:BPNL00000003AYRE,46a633ff-bbf7-428d-8d14-ae05c44b5401,1791410710470,1791411717268,1791411717268,
51b4e7f1-d658-49ee-94b3-583c22a48ea7,CONSUMER,1200,1,did:web:ssi-dim-wallet-service.identity:BPNL00000003AYRE,7092f6f8-d65a-4e6a-957e-0e72ae61ab08,1791410710472,1791411717568,1791411717568,
1bb81151-6f04-4d0f-bc2f-fbf3e91e7a59,CONSUMER,1400,1,did:web:ssi-dim-wallet-service.identity:BPNL00000003AYRE,65496d03-ddcb-46dc-9cab-8373f1e4323b,1791410711389,1791411719372,1791411719372,
1ef58b42-aeba-4926-b5b8-32a46c603fda,CONSUMER,1200,1,did:web:ssi-dim-wallet-service.identity:BPNL00000003AYRE,6fc2df08-73c7-4c51-a77a-b29be54bd2b2,1791410711781,1791411717784,1791411717784,
3a9ba855-5ddd-4d87-b36c-0205b31e27a6,CONSUMER,1200,1,did:web:ssi-dim-wallet-service.identity:BPNL00000003AYRE,98b13c41-7dcc-490c-a170-221dd31d67d4,1791410712383,1791411718979,1791411718979,
e97a2953-9402-4a61-aab0-8e1b08e1bcd4,CONSUMER,1200,1,did:web:ssi-dim-wallet-service.identity:BPNL00000003AYRE,21cacf9d-08e3-4bfe-97b2-2ebe349a5953,1791410714778,1791411718935,1791411718935,
a220d54b-e8d1-418f-a67e-c7e5cd65c28d,CONSUMER,1200,1,did:web:ssi-dim-wallet-service.identity:BPNL00000003AYRE,6b366a72-bdad-4a30-ba03-813785b5f69a,1791410717670,1791411717689,1791411717689,
15a1fa45-a5a2-4605-bd6e-1b9cc1e65ee4,CONSUMER,1200,1,did:web:ssi-dim-wallet-service.identity:BPNL00000003AYRE,7cfeab38-f357-49fc-8938-818d5833e56e,1791410717868,1791411718972,1791411718972,
e4d6be08-3a34-4ed1-8b04-0df064174fd2,CONSUMER,1200,1,did:web:ssi-dim-wallet-service.identity:BPNL00000003AYRE,512aca96-a2b9-4942-9854-12bb273a9bc4,1791410717876,1791411718874,1791411718874,
957460c2-44f3-4f01-b9b0-1ae3fa8fcb98,CONSUMER,1200,1,did:web:ssi-dim-wallet-service.identity:BPNL00000003AYRE,924a3fb9-4f02-4b44-894c-baff6f40a596,1791410717972,1791411719374,1791411719374,
0d776b04-515a-480a-a295-80d7e747b003,CONSUMER,1200,1,did:web:ssi-dim-wallet-service.identity:BPNL00000003AYRE,23b64dbc-30ac-4ebe-ab10-ea8fe93eec7d,1791410718175,1791411718970,1791411718970,
13c996ab-3e18-4a6b-96a2-f592ff59d577,CONSUMER,1200,1,did:web:ssi-dim-wallet-service.identity:BPNL00000003AYRE,02c7c343-68b2-4315-bd11-6e81e7e730c7,1791410718385,1791411719370,1791411719370,
3eb5958b-26d1-4a27-b59e-f0f44c3e6270,CONSUMER,1200,1,did:web:ssi-dim-wallet-service.identity:BPNL00000003AYRE,cb54e340-e35f-4443-94cb-15bea062b7e3,1791410718568,1791411719474,1791411719474,
de194d6b-fa29-46c7-a9cd-5e8af82fdedb,CONSUMER,1200,1,did:web:ssi-dim-wallet-service.identity:BPNL00000003AYRE,14b37c97-e0e5-466d-81f7-9c0a1b1e2bf7,1791410718585,1791411719480,1791411719480,
d5ee7374-179d-4307-a8f9-f0e1473ef4f0,CONSUMER,1200,1,did:web:ssi-dim-wallet-service.identity:BPNL00000003AYRE,2ba4de4d-43b7-4d91-9270-c602e4f8ab3c,1791410718876,1791411719676,1791411719676,
e1758ea8-6e6c-4497-a746-4aa32af1c28b,CONSUMER,1200,1,did:web:ssi-dim-wallet-service.identity:BPNL00000003AYRE,aee86e1b-597d-4cf2-83df-c82ceff6d499,1791410718886,1791411719682,1791411719682,
38d33cbd-f9c0-4b55-8e89-aa059d02a34a,CONSUMER,1200,1,did:web:ssi-dim-wallet-service.identity:BPNL00000003AYRE,c8ebd7f1-5ae0-479c-aee6-06450142a615,1791410718887,1791411719583,1791411719583,
424fd9c0-a245-447a-8e8f-25ba94504165,CONSUMER,1200,1,did:web:ssi-dim-wallet-service.identity:BPNL00000003AYRE,ffa68044-4511-4e48-afc2-cd63ec7551ac,1791410718887,1791411719869,1791411719869,
faa2510c-fde1-441d-98a1-68ef2e45a9e6,CONSUMER,1200,1,did:web:ssi-dim-wallet-service.identity:BPNL00000003AYRE,755f7f4d-256b-4e5b-881d-bdf132625d15,1791410718977,1791411729877,1791411729877,
7f76e069-7a8c-4656-804f-1008b1fca62f,CONSUMER,1200,1,did:web:ssi-dim-wallet-service.identity:BPNL00000003AYRE,7d49b85f-4def-4a1b-b987-aaa9d4171665,1791410719169,1791411719681,1791411719681,
2583b96c-7680-4581-b32c-478f591fc8ce,CONSUMER,1200,1,did:web:ssi-dim-wallet-service.identity:BPNL00000003AYRE,99e19902-9ea8-4f8d-a828-38a5a588f9fc,1791410719169,1791411729877,1791411729877,
85b2f041-35d7-469f-ba64-53a92d5d8453,CONSUMER,1200,1,did:web:ssi-dim-wallet-service.identity:BPNL00000003AYRE,e58745ea-b286-4cbc-8ab8-5433a7c28f1d,1791410719289,1791411730378,1791411730378,
b7d6a968-9b60-444e-afe2-fd92f0794cf9,CONSUMER,1200,1,did:web:ssi-dim-wallet-service.identity:BPNL00000003AYRE,94fdb75a-7fbe-4715-b6f5-cc46ae0d0d11,1791410719489,1791411729775,1791411729775,
78ceddee-60ca-42c5-ad16-2d9d75da2752,CONSUMER,1200,1,did:web:ssi-dim-wallet-service.identity:BPNL00000003AYRE,b3400219-0edf-47be-a184-28e4f59391a0,1791410719873,1791411729867,1791411729867,
6ce4c920-8f24-4a15-ade9-ac80ac3ca546,CONSUMER,1200,1,did:web:ssi-dim-wallet-service.identity:BPNL00000003AYRE,fd1bb7d8-56e7-43f6-b132-e908ed92d452,1791410719877,1791411729869,1791411729869,
7dee8aba-a583-429b-8863-f4dd1ddd3ced,CONSUMER,1200,1,did:web:ssi-dim-wallet-service.identity:BPNL00000003AYRE,29d2b313-5186-4c63-bd8f-4a61e808bffb,1791410719877,1791411730170,1791411730170,
ddec6f56-4d5e-4f34-8b73-26fc6fff06ea,CONSUMER,1200,1,did:web:ssi-dim-wallet-service.identity:BPNL00000003AYRE,f9ff2cfb-4131-4f97-9d07-b13af744d11d,1791410720383,1791411730068,1791411730068,
fd10482e-4f98-4c70-9c87-d6362611e9e7,CONSUMER,1200,1,did:web:ssi-dim-wallet-service.identity:BPNL00000003AYRE,46302e74-0c69-4c50-94ab-4c0f48dc13c7,1791410720784,1791411730584,1791411730584,
1ab2bb41-5634-4eb6-a8f1-e1622b00e629,CONSUMER,1200,1,did:web:ssi-dim-wallet-service.identity:BPNL00000003AYRE,33aeec76-0167-45af-9d45-a1a26f102219,1791410721585,1791411731071,1791411731071,
10b11bb3-833b-4554-a1da-9d1ffcf05a41,CONSUMER,1200,1,did:web:ssi-dim-wallet-service.identity:BPNL00000003AYRE,03423a35-c051-444f-b925-031a7ada0d8f,1791410721779,1791411730769,1791411730769,
ac165272-9e83-4392-85aa-10049e243a63,CONSUMER,1200,1,did:web:ssi-dim-wallet-service.identity:BPNL00000003AYRE,a89c386b-23f7-48cb-a7c6-6c25890ae577,1791410722776,1791411730772,1791411730772,
7ad26334-8bd5-4cfa-be6c-5eca64c29331,CONSUMER,1200,1,did:web:ssi-dim-wallet-service.identity:BPNL00000003AYRE,4ea54ab6-894f-48f3-81bf-ae38b653d246,1791410723075,1791411730971,1791411730971,
1407fd38-9e96-4acc-ba8a-76d86a95f661,CONSUMER,1200,1,did:web:ssi-dim-wallet-service.identity:BPNL00000003AYRE,0a8e8ed6-a8a0-4683-984a-144ba0af2391,1791410723273,1791411730968,1791411730968,
18ad76b9-ce67-4ae1-b732-4aa07e3f282e,CONSUMER,1200,1,did:web:ssi-dim-wallet-service.identity:BPNL00000003AYRE,cd140f3c-7a4f-4d73-9305-ffe895563c6d,1791410723277,1791411734678,1791411734678,
47d43750-c9cb-4e6a-bb19-fbb9518b9c36,CONSUMER,1200,1,did:web:ssi-dim-wallet-service.identity:BPNL00000003AYRE,53083e56-352c-4f07-a2e8-2893e519e51b,1791410723442,1791411731172,1791411731172,
50cc63e6-63db-4e79-8c86-7c612ec3cdd4,CONSUMER,1200,1,did:web:ssi-dim-wallet-service.identity:BPNL00000003AYRE,67e3fa6a-b83f-42e4-9f7f-88d2481445bc,1791410723470,1791411734539,1791411734539,
2ead58a9-9004-4f73-bf18-f6f4e77bcd1b,CONSUMER,1200,1,did:web:ssi-dim-wallet-service.identity:BPNL00000003AYRE,c32d4f13-fc99-49ba-9831-1e3ff82eefaf,1791410724279,1791411734479,1791411734479,
ed75603a-ed78-498a-9d09-9eef61fa263c,CONSUMER,1200,1,did:web:ssi-dim-wallet-service.identity:BPNL00000003AYRE,3d027cb9-58a9-4290-bcd0-82a741ca695e,1791410724540,1791411734484,1791411734484,
fa7495ea-68db-44e9-ac81-4a4a9a19d895,CONSUMER,1200,1,did:web:ssi-dim-wallet-service.identity:BPNL00000003AYRE,13ffe8e8-19d5-453a-a7a3-43b0838fc268,1791410724740,1791411734677,1791411734677,
a3b30ccb-573e-464d-907a-02894b4b4989,CONSUMER,1200,1,did:web:ssi-dim-wallet-service.identity:BPNL00000003AYRE,6917319f-b43e-441c-8c94-642ed6ee005f,1791410724783,1791411734368,1791411734368,
b0058cbf-e4e2-4914-81ed-b71face623f1,CONSUMER,1200,1,did:web:ssi-dim-wallet-service.identity:BPNL00000003AYRE,c0191196-7c53-49a5-93e0-c96a977b33e7,1791410724877,1791411734768,1791411734768,
8a5b311a-ca1b-4632-b30d-11a56225f2de,CONSUMER,1200,1,did:web:ssi-dim-wallet-service.identity:BPNL00000003AYRE,0b8995ca-8fb6-4993-b629-d003d7e880dd,1791410725478,1791411734869,1791411734869,
a2c864ea-a827-49ff-baff-58b504835fc9,CONSUMER,1200,1,did:web:ssi-dim-wallet-service.identity:BPNL00000003AYRE,31770afe-cdbb-46a8-9674-ec9d73eed79f,1791410726182,1791411734869,1791411734869,
4036544f-cf70-408b-b435-fad9b66bffe0,CONSUMER,1200,1,did:web:ssi-dim-wallet-service.identity:BPNL00000003AYRE,cb225a65-c2f8-49ee-96d8-a0b4fad79a7a,1791410726576,1791411735168,1791411735168,
da64c512-10eb-469c-84c4-7d96c269c0d5,CONSUMER,1200,1,did:web:ssi-dim-wallet-service.identity:BPNL00000003AYRE,e49f2bdb-41d0-44fa-bca4-94328c3c0670,1791410726871,1791411735476,1791411735476,
c26ecb5a-2cc9-41c8-a4d8-e1fb5af7002b,CONSUMER,1200,1,did:web:ssi-dim-wallet-service.identity:BPNL00000003AYRE,a8602fba-1274-45cc-9881-3e6009047c6f,1791410727875,1791411735068,1791411735068,
803fda83-24a0-43e0-ae03-44af4c391862,CONSUMER,1200,1,did:web:ssi-dim-wallet-service.identity:BPNL00000003AYRE,149cd9e8-850c-44f9-8a5e-0cb527f9ab89,1791410727972,1791411734976,1791411734976,
a4303a70-5bb5-4882-b26e-dd550825844c,CONSUMER,1200,1,did:web:ssi-dim-wallet-service.identity:BPNL00000003AYRE,38f0d3e6-2699-4013-93bb-789490f70aa9,1791410728272,1791411735334,1791411735334,
bf49bfb6-64a6-4800-8737-73c823c5da32,CONSUMER,1200,1,did:web:ssi-dim-wallet-service.identity:BPNL00000003AYRE,3ba556d4-698c-4d70-9eab-551ecf7d4995,1791410728274,1791411735435,1791411735435,
eb4b5308-30f4-4996-9f1f-7846bf494f0c,CONSUMER,1200,1,did:web:ssi-dim-wallet-service.identity:BPNL00000003AYRE,8222d424-55e4-4704-be62-4f3e7c8ed088,1791410729371,1791411735578,1791411735578,
7e80f524-e090-4bdf-b961-e95135d1d1ef,CONSUMER,1200,1,did:web:ssi-dim-wallet-service.identity:BPNL00000003AYRE,fd166948-ec68-451f-997c-efbfc6caa8dc,1791410729781,1791411735469,1791411735469,
3bd284ee-f5ba-456d-a311-2728059fb997,CONSUMER,1200,1,did:web:ssi-dim-wallet-service.identity:BPNL00000003AYRE,656e1302-e03d-475b-b8f6-c3472c57a020,1791410730469,1791411735580,1791411735580,
d371d643-b01d-46b0-9058-2c1ae08b4af1,CONSUMER,1200,1,did:web:ssi-dim-wallet-service.identity:BPNL00000003AYRE,730663cf-05b9-46e6-ad56-79b780f713fa,1791410731774,1791411735869,1791411735869,
9667467c-0511-45b8-bfa4-ab40cbcc2c35,CONSUMER,1200,1,did:web:ssi-dim-wallet-service.identity:BPNL00000003AYRE,2f284561-b88b-4873-ab9c-d9593cae9518,1791410731876,1791411735879,1791411735879,
2c4dc401-a650-4082-b632-8a27d5342536,CONSUMER,1200,1,did:web:ssi-dim-wallet-service.identity:BPNL00000003AYRE,5cd9e9a7-d491-4d3d-a032-ff62f91a1db9,1791410732379,1791411735672,1791411735672,
a25b5a8b-3599-47d8-b5f9-c664cb2241d4,CONSUMER,1200,1,did:web:ssi-dim-wallet-service.identity:BPNL00000003AYRE,4ce9ad53-eb7f-4622-8294-8e6e3b5e23b5,1791410733070,1791411735779,1791411735779,
45e800c8-0b29-4b0f-88a1-5dae38555dae,CONSUMER,1200,1,did:web:ssi-dim-wallet-service.identity:BPNL00000003AYRE,1c2c0bdf-13e1-4705-ac91-eece7d3cdfa3,1791410734276,1791411736173,1791411736173,
a69f5c18-db1b-4bd9-b216-a7af439b763e,CONSUMER,1200,1,did:web:ssi-dim-wallet-service.identity:BPNL00000003AYRE,569f7daf-4b83-4fbc-bcde-3b099ae78a6c,1791410734973,1791411736177,1791411736177,
30548f57-163b-4300-8f1e-b6486af9e535,CONSUMER,1200,1,did:web:ssi-dim-wallet-service.identity:BPNL00000003AYRE,51b568fb-f1ae-4500-bd8e-eb1a9d655faf,1791410735679,1791411743590,1791411743590,
80e3cf20-e808-47f1-98d0-1d3a34c006e4,CONSUMER,1200,1,did:web:ssi-dim-wallet-service.identity:BPNL00000003AYRE,f75d34a7-6273-464b-87ff-35f3ba574e28,1791410736073,1791411736235,1791411736235,
f4b3ad65-2a0d-4dcd-8329-a396e0e69953,CONSUMER,1200,1,did:web:ssi-dim-wallet-service.identity:BPNL00000003AYRE,21226930-8602-4af9-ab84-cccc34c2ff3d,1791410736273,1791411743868,1791411743868,
2b670b3b-7719-4a0d-8c98-1699620581a4,CONSUMER,1200,1,did:web:ssi-dim-wallet-service.identity:BPNL00000003AYRE,ced639ff-5a4b-4b20-8127-20970c5c0134,1791410736770,1791411743935,1791411743935,
793e41c4-ad55-4124-bdf4-507af3e0cbad,CONSUMER,1200,1,did:web:ssi-dim-wallet-service.identity:BPNL00000003AYRE,dc9a5ff7-f06a-4d19-8053-0e80f0265b8f,1791410737989,1791411743671,1791411743671,
bd59e65a-7c1b-4d4a-9615-1bf07e886b0e,CONSUMER,1200,1,did:web:ssi-dim-wallet-service.identity:BPNL00000003AYRE,a21d6ffb-8139-4d1a-827f-b8a8ef3dde23,1791410738988,1791411743568,1791411743568,
67981385-ce3b-4e94-a31d-fb261bfd4701,CONSUMER,1200,1,did:web:ssi-dim-wallet-service.identity:BPNL00000003AYRE,8b59b030-32cc-4cc0-ae78-e2ebca0c1e61,1791410740373,1791411744269,1791411744269,
c76dfefb-35f0-4a63-895d-78301b3389df,CONSUMER,1200,1,did:web:ssi-dim-wallet-service.identity:BPNL00000003AYRE,85bf9778-5d31-4199-b5d0-1d16b34fe242,1791410740387,1791411744368,1791411744368,
a18abfc4-ec54-4a60-a115-86580087dc79,CONSUMER,1200,1,did:web:ssi-dim-wallet-service.identity:BPNL00000003AYRE,359f8503-33d7-4b77-aeb3-cdded163edac,1791410740977,1791411745169,1791411745169,
bb3f2928-0a07-4fa6-9a62-d5fabbaa56a9,CONSUMER,1200,1,did:web:ssi-dim-wallet-service.identity:BPNL00000003AYRE,05b4003c-7eb3-468f-9a9e-bf51edc21690,1791410741117,1791411744269,1791411744269,
958e1506-0fd5-4fdb-9733-dea95c176667,CONSUMER,1200,1,did:web:ssi-dim-wallet-service.identity:BPNL00000003AYRE,30a36e2d-7da1-4def-af7f-ebb44c81766e,1791410741875,1791411745177,1791411745177,
e4ae5a85-5e9d-4b58-b6c9-6f75179ccd1a,CONSUMER,1200,1,did:web:ssi-dim-wallet-service.identity:BPNL00000003AYRE,7c033b7f-d7d3-46b2-8d97-37f3879813d2,1791410743075,1791411744770,1791411744770,
2eabd74c-a452-4b13-89e4-badef2635c49,CONSUMER,1200,1,did:web:ssi-dim-wallet-service.identity:BPNL00000003AYRE,37ce23ae-d61a-472e-9788-c891b030c888,1791410743075,1791411744467,1791411744467,
5234bfd8-015c-4c18-a82c-6f8b35278551,CONSUMER,1200,1,did:web:ssi-dim-wallet-service.identity:BPNL00000003AYRE,e1e63caf-18ea-4342-bb3a-1800aee7102f,1791410743242,1791411745168,1791411745168,
7e0897da-7ad6-436e-92f9-3d7a541d7f2b,CONSUMER,1200,1,did:web:ssi-dim-wallet-service.identity:BPNL00000003AYRE,d0d41d95-0f2e-4e3c-b6d7-8a2eff38032d,1791410743376,1791411745638,1791411745638,
63f39a79-c292-4066-9c71-d55ddb7d69f2,CONSUMER,1200,1,did:web:ssi-dim-wallet-service.identity:BPNL00000003AYRE,5f97b0cb-2c9e-4e11-b7c0-340a940ee3cb,1791410749186,1791411745372,1791411745372,
9cf56bc5-472f-488f-a0c7-381024ffa68a,CONSUMER,1200,1,did:web:ssi-dim-wallet-service.identity:BPNL00000003AYRE,df590dce-214a-4436-af55-80c082a9f547,1791410749871,1791411745735,1791411745735,
84a86351-de77-4e8d-8ba6-1c6c4c913adf,CONSUMER,1200,1,did:web:ssi-dim-wallet-service.identity:BPNL00000003AYRE,4003e188-eff4-4739-998d-583508fe6851,1791410749969,1791411745436,1791411745436,
cd34e649-9641-402d-9a95-d46bc183cf1d,CONSUMER,1200,1,did:web:ssi-dim-wallet-service.identity:BPNL00000003AYRE,f016b5a6-02e4-4d6e-aa38-137207aefb02,1791410749969,1791411745667,1791411745667,
92ddcade-95f6-420c-ac31-7c0a5e4bbd28,CONSUMER,1200,1,did:web:ssi-dim-wallet-service.identity:BPNL00000003AYRE,c8913d22-33c3-4d13-b881-836309355b9f,1791410749970,1791411745675,1791411745675,
719baacd-3e57-47cd-89bf-9f58606b49a4,CONSUMER,1200,1,did:web:ssi-dim-wallet-service.identity:BPNL00000003AYRE,6f085471-8721-4bc0-bb68-444236ea2f57,1791410749974,1791411745973,1791411745973,
daa33f09-c997-44f7-a186-32df2efd8733,CONSUMER,1200,1,did:web:ssi-dim-wallet-service.identity:BPNL00000003AYRE,e7f1e0af-6571-4e12-ad45-483f99d6cd22,1791410750078,1791411748264,1791411748264,
128f96d4-acac-432c-8b97-c339ba0a215a,CONSUMER,1200,1,did:web:ssi-dim-wallet-service.identity:BPNL00000003AYRE,d10358bf-46df-419a-88b7-fc53f77c27d8,1791410750170,1791411748335,1791411748335,
41e3d87a-32da-4208-a3c4-b2f422f346a0,CONSUMER,1200,1,did:web:ssi-dim-wallet-service.identity:BPNL00000003AYRE,c3d682fa-f84c-4830-bffa-50a88cd64f75,1791410750268,1791411748668,1791411748668,
e1a64b5e-ae7f-4b02-8dc6-183b14d7bab4,CONSUMER,1200,1,did:web:ssi-dim-wallet-service.identity:BPNL00000003AYRE,61f1083b-dcbe-442d-9785-458740dae2b7,1791410750276,1791411748670,1791411748670,
2b8cedbd-cae8-4999-b68f-cedc64bb9dc7,CONSUMER,1200,1,did:web:ssi-dim-wallet-service.identity:BPNL00000003AYRE,37e05b30-5746-4932-9c3b-bbb8e2d31279,1791410750373,1791411748468,1791411748468,
7dd7a972-1571-48cb-8bd2-4169618e0dca,CONSUMER,1200,1,did:web:ssi-dim-wallet-service.identity:BPNL00000003AYRE,777549c9-efc9-4822-b400-fdee02805892,1791410750471,1791411748279,1791411748279,
67106e8c-c985-4bd7-9c44-0bc969a103a6,CONSUMER,1200,1,did:web:ssi-dim-wallet-service.identity:BPNL00000003AYRE,b92b95c3-1a07-4dee-9358-838586457adc,1791410752083,1791411753290,1791411753290,
b2ba8b57-1b2a-450c-8764-b886f9d27953,CONSUMER,1200,1,did:web:ssi-dim-wallet-service.identity:BPNL00000003AYRE,bcaf86fa-20a8-484e-8a21-e49e9435154b,1791410752677,1791411753474,1791411753474,
760daf4e-31b9-4bf6-aef5-aeafc9d180ef,CONSUMER,1200,1,did:web:ssi-dim-wallet-service.identity:BPNL00000003AYRE,2f6c7b06-5ad3-47ab-8651-5b63da02cc71,1791410752775,1791411753576,1791411753576,
2342af6c-6b26-4bc5-8661-6d8352a7061d,CONSUMER,1200,1,did:web:ssi-dim-wallet-service.identity:BPNL00000003AYRE,c97d9b28-0018-4568-9ccb-ac5a16680614,1791410753577,1791411748670,1791411748670,
2481f59b-9236-4f84-8c35-0ffbe0fc52bd,CONSUMER,1200,1,did:web:ssi-dim-wallet-service.identity:BPNL00000003AYRE,fad5010c-e9fb-413d-a1d7-581894321ebd,1791410754377,1791411753769,1791411753769,
6c5df031-23dc-4d96-a1dc-69c3c1a30641,CONSUMER,1200,1,did:web:ssi-dim-wallet-service.identity:BPNL00000003AYRE,219ec0fe-b554-4988-9808-eb0aae151837,1791410754541,1791411754069,1791411754069,
d912b7e7-84eb-4f56-893d-2d98bbbb3ce3,CONSUMER,1200,1,did:web:ssi-dim-wallet-service.identity:BPNL00000003AYRE,b560df50-930a-4510-b937-320126ed32e4,1791410755074,1791411753769,1791411753769,
62646f67-44f6-4114-9f49-4b127cb0f8b9,CONSUMER,1200,1,did:web:ssi-dim-wallet-service.identity:BPNL00000003AYRE,ba74afa6-4848-4f28-9617-7e8e7af63542,1791410755769,1791411754168,1791411754168,
cb6cb508-ddf8-4515-831f-0b448a655a3f,CONSUMER,1200,1,did:web:ssi-dim-wallet-service.identity:BPNL00000003AYRE,bc8a34ab-7f06-4376-8afc-5c3ed60ac793,1791410755772,1791411753937,1791411753937,
e963d4be-1a3c-4e47-89e2-cb3126f34589,CONSUMER,1200,1,did:web:ssi-dim-wallet-service.identity:BPNL00000003AYRE,a4efb199-0b86-4669-b42d-e6e35ab8b413,1791410755871,1791411754788,1791411754788,
883fe5dc-205c-4b72-9b15-4f9c46532484,CONSUMER,1200,1,did:web:ssi-dim-wallet-service.identity:BPNL00000003AYRE,9729009f-dc6b-462b-9c7a-a02cb149c801,1791410756480,1791411755189,1791411755189,
9ff5db05-2f9d-4a7b-ad76-372c693feccf,CONSUMER,1200,1,did:web:ssi-dim-wallet-service.identity:BPNL00000003AYRE,dc1a45d0-5417-49ac-96a3-e188d51ea30f,1791410757585,1791411754136,1791411754136,
4adce00c-1034-4028-9507-9c0f0deb106d,CONSUMER,1200,1,did:web:ssi-dim-wallet-service.identity:BPNL00000003AYRE,e02d75c6-3acc-4dcb-b1c1-dff33636ccc1,1791410757770,1791411754788,1791411754788,
89236d26-bc2d-41ba-9a0e-416e5f27e7c4,CONSUMER,1200,1,did:web:ssi-dim-wallet-service.identity:BPNL00000003AYRE,8bcfc568-fdb4-4018-9a82-ded6af49c1fc,1791410757968,1791411754447,1791411754447,
85ace98c-6006-4f22-83b2-033545341025,CONSUMER,1200,1,did:web:ssi-dim-wallet-service.identity:BPNL00000003AYRE,9d64d4df-4857-4613-a43a-c9318a523442,1791410758088,1791411755094,1791411755094,
edf55a2d-f6e4-4619-a4e9-00411c68cc6c,CONSUMER,1200,1,did:web:ssi-dim-wallet-service.identity:BPNL00000003AYRE,3cf9fc51-ee4a-4700-a0b6-ee3caaccdfe0,1791410758976,1791411755369,1791411755369,
32cec31c-8140-4929-92b5-2ef907df108a,CONSUMER,1200,1,did:web:ssi-dim-wallet-service.identity:BPNL00000003AYRE,3b3eecb7-126d-4691-88a6-c8f3e5777dd5,1791410759587,1791411755087,1791411755087,
7e69de2d-0a8a-4aba-b47e-4fea58fc9413,CONSUMER,1200,1,did:web:ssi-dim-wallet-service.identity:BPNL00000003AYRE,d0b9b0a2-3dad-4df7-bcc6-86f3c5a88c61,1791410759770,1791411755236,1791411755236,
12d33388-d735-4607-9526-0c55b6bd3cf1,CONSUMER,1200,1,did:web:ssi-dim-wallet-service.identity:BPNL00000003AYRE,2f94a94e-efee-4b67-a157-c5465ff4205d,1791410760973,1791411755236,1791411755236,
0265eb20-10cf-4862-a499-9aa289a40354,CONSUMER,1200,1,did:web:ssi-dim-wallet-service.identity:BPNL00000003AYRE,d7b8079e-5183-4403-918f-258e79c7fe25,1791410761379,1791411755434,1791411755434,
79b041f3-24bf-41cf-b53e-0d3b5f9478a5,CONSUMER,1200,1,did:web:ssi-dim-wallet-service.identity:BPNL00000003AYRE,1084a3e4-895a-4bbc-85d9-dee8af5b39dd,1791410762078,1791411755510,1791411755510,
19b15aea-8e3f-45ab-9362-c75ba93d5c69,CONSUMER,1200,1,did:web:ssi-dim-wallet-service.identity:BPNL00000003AYRE,42f34a10-a8af-4cb9-9bc0-f7e892bd5b03,1791410762480,1791411762572,1791411762572,
d5e509cf-18e6-4e8e-88af-bb28d4f24e73,CONSUMER,1200,1,did:web:ssi-dim-wallet-service.identity:BPNL00000003AYRE,787e6049-3727-4a9e-b832-551490757df0,1791410762739,1791411763171,1791411763171,
976699ab-a279-47f5-944a-f22da401e598,CONSUMER,1200,1,did:web:ssi-dim-wallet-service.identity:BPNL00000003AYRE,13b15d3b-bd5a-425c-83ec-13714a63a1eb,1791410763776,1791411763170,1791411763170,
a2fd7c7e-b802-4ee6-9693-da474b2b5b96,CONSUMER,1200,1,did:web:ssi-dim-wallet-service.identity:BPNL00000003AYRE,4140b2e9-65df-4a36-a3d6-a210f3a55aeb,1791410770370,1791411762572,1791411762572,
c24b3a6e-a16c-4647-838c-b6706ab94ccd,CONSUMER,1200,1,did:web:ssi-dim-wallet-service.identity:BPNL00000003AYRE,e6a91c62-daca-465a-833b-cfc7fd70d244,1791410770372,1791411763269,1791411763269,
810fe4cd-d416-454a-be96-601c16fb9653,CONSUMER,1200,1,did:web:ssi-dim-wallet-service.identity:BPNL00000003AYRE,1d101a85-4d7e-4ff0-bc64-7211efd7bf32,1791410770376,1791411763568,1791411763568,
eaffb646-4608-43a9-bd8e-2da1bfffa65b,CONSUMER,1200,1,did:web:ssi-dim-wallet-service.identity:BPNL00000003AYRE,8c0d9a1e-f80f-4f7e-9db9-643f2c17a263,1791410770572,1791411763368,1791411763368,
7efd4bcf-c830-47e8-9fa3-176a93b888df,CONSUMER,1200,1,did:web:ssi-dim-wallet-service.identity:BPNL00000003AYRE,2666d7fd-df8a-442a-9128-8b77b8ef1250,1791410770670,1791411762868,1791411762868,
c0962083-c1fe-4062-9b9e-209c78c2ebd8,CONSUMER,1200,1,did:web:ssi-dim-wallet-service.identity:BPNL00000003AYRE,4fc98ea3-cbc7-4f16-992b-ec7d41429825,1791410770685,1791411763868,1791411763868,
3cd0d34c-b5cd-493d-ae21-6d4d0094a10c,CONSUMER,1200,1,did:web:ssi-dim-wallet-service.identity:BPNL00000003AYRE,1dc581eb-0a69-436f-9a3e-95b592089bdb,1791410770970,1791411763769,1791411763769,
0f767547-0902-41f3-b92f-177f5766349c,CONSUMER,1200,1,did:web:ssi-dim-wallet-service.identity:BPNL00000003AYRE,c504a6c1-8412-4bee-8bd3-35dd18147171,1791410771071,1791411764367,1791411764367,
22a13563-85b3-4c26-b528-4ed0f4c6a439,CONSUMER,1200,1,did:web:ssi-dim-wallet-service.identity:BPNL00000003AYRE,ffc7b10c-9ead-4d93-b543-3641f1eb93d1,1791410771268,1791411763877,1791411763877,
6a3ae144-4cd8-4d17-9cb8-6e08da154d80,CONSUMER,1200,1,did:web:ssi-dim-wallet-service.identity:BPNL00000003AYRE,e4b96d45-c316-4416-98d7-c5ce4c37251c,1791410771386,1791411764271,1791411764271,
dfcbd19d-6e3b-4233-bb03-7165ef2a7a17,CONSUMER,1200,1,did:web:ssi-dim-wallet-service.identity:BPNL00000003AYRE,09e1cd6b-d51a-49ee-9549-3f9c0dbe0cb9,1791410771578,1791411763980,1791411763980,
fc93970b-2c63-40b0-ba5b-d37d9e7f352b,CONSUMER,1200,1,did:web:ssi-dim-wallet-service.identity:BPNL00000003AYRE,ccfd4618-6cce-4119-a0ae-b8d32a1278a5,1791410771586,1791411764474,1791411764474,
c260b4e2-1ee7-4590-b7be-09d8274a0ddb,CONSUMER,1200,1,did:web:ssi-dim-wallet-service.identity:BPNL00000003AYRE,d82f314f-347c-47d8-b500-c1cf5b569bea,1791410771586,1791411763771,1791411763771,
0ddbbab4-172c-41c1-aa1b-f04c94e48a0b,CONSUMER,1200,1,did:web:ssi-dim-wallet-service.identity:BPNL00000003AYRE,165296f7-5c17-4fd8-a0a0-c5c556ca2ea2,1791410772653,1791411764474,1791411764474,
162feb96-2276-468e-9478-d965cf907610,CONSUMER,1200,1,did:web:ssi-dim-wallet-service.identity:BPNL00000003AYRE,092638b3-79e9-4382-8c25-1bee8c8cc4df,1791410772673,1791411764468,1791411764468,
3578e10b-dbd8-422a-9270-9a70c0182214,CONSUMER,1200,1,did:web:ssi-dim-wallet-service.identity:BPNL00000003AYRE,ccfc2a9c-0b3d-4a0e-afd4-ad4d7b9459b7,1791410773176,1791411764535,1791411764535,
a0b49900-2072-47e6-bb43-114391acdb12,CONSUMER,1200,1,did:web:ssi-dim-wallet-service.identity:BPNL00000003AYRE,b39c9d95-aa96-4721-91a1-f27018d1ef8b,1791410773275,1791411764572,1791411764572,
bc5d3542-8f5f-4fa6-a100-f7ce898fcb20,CONSUMER,1200,1,did:web:ssi-dim-wallet-service.identity:BPNL00000003AYRE,e22e33e9-fc1f-4749-8bf7-71310ec94700,1791410773745,1791411771275,1791411771275,
76a70db7-4ca3-4eaa-a1a0-105fc631a9b9,CONSUMER,1200,1,did:web:ssi-dim-wallet-service.identity:BPNL00000003AYRE,c24af605-42e8-4084-8bd7-2b9c13660c48,1791410773977,1791411771437,1791411771437,
8a39299d-cc27-4c39-8e6c-5e83ec64ba99,CONSUMER,1200,1,did:web:ssi-dim-wallet-service.identity:BPNL00000003AYRE,1aa2cf3c-e957-4dc5-b495-7e5f1bdcb63b,1791410774476,1791411770767,1791411770767,
ce9599d0-f14c-4600-9264-545a4efd8d06,CONSUMER,1200,1,did:web:ssi-dim-wallet-service.identity:BPNL00000003AYRE,d4270c07-28f9-4de4-9817-8f9f854baa88,1791410775278,1791411770768,1791411770768,
7107a156-8438-4fb1-9bac-b2f7912ce037,CONSUMER,1200,1,did:web:ssi-dim-wallet-service.identity:BPNL00000003AYRE,33e0c999-b101-4a0f-8342-e4b21148c78f,1791410775695,1791411770967,1791411770967,
ecdb28d5-757a-483a-944f-55979db71031,CONSUMER,1200,1,did:web:ssi-dim-wallet-service.identity:BPNL00000003AYRE,fa400fee-59dd-46db-9575-2da7f28a8fd3,1791410776738,1791411771167,1791411771167,
aebe430a-ca83-4f25-a2d7-13244e844d99,CONSUMER,1200,1,did:web:ssi-dim-wallet-service.identity:BPNL00000003AYRE,d519afde-9f80-4512-9889-fbef3a22a6d1,1791410777552,1791411771136,1791411771136,
58ed0f21-493a-46c6-9a9c-aeaddbc6a604,CONSUMER,1200,1,did:web:ssi-dim-wallet-service.identity:BPNL00000003AYRE,9cc0680d-2e44-44e0-8f88-a90ef1f0adfb,1791410778174,1791411771288,1791411771288,
adb01ea4-394a-47a5-b52d-655d8b501131,CONSUMER,1200,1,did:web:ssi-dim-wallet-service.identity:BPNL00000003AYRE,a895278c-1c9a-49dd-9d58-724fedd178e6,1791410779881,1791411771775,1791411771775,
9570f324-aad7-484e-b277-eef9c5bc0ada,CONSUMER,1200,1,did:web:ssi-dim-wallet-service.identity:BPNL00000003AYRE,33b89ade-0160-4d83-8190-6ea458d2362b,1791410780982,1791411772034,1791411772034,
6dcbe8b8-1634-4f0f-bf13-431ec4d4f6eb,CONSUMER,1200,1,did:web:ssi-dim-wallet-service.identity:BPNL00000003AYRE,e5def2da-1065-4e52-b4a9-44eab3001c25,1791410781573,1791411771580,1791411771580,
6402c288-0e9e-469d-b0b1-6bad728554ef,CONSUMER,1200,1,did:web:ssi-dim-wallet-service.identity:BPNL00000003AYRE,5cd64335-1265-4c83-a25e-1875fcb98b2f,1791410781881,1791411771375,1791411771375,
0ff67413-d958-445f-9fb5-2c154288ab08,CONSUMER,1200,1,did:web:ssi-dim-wallet-service.identity:BPNL00000003AYRE,335cb6ca-1d6b-45bb-9138-45dfa68c47d2,1791410783072,1791411771681,1791411771681,
9e1a7e24-e0d2-479e-96dd-7225198e5e5c,CONSUMER,1200,1,did:web:ssi-dim-wallet-service.identity:BPNL00000003AYRE,229e9f92-7f5a-4981-846e-d219cc16082a,1791410783286,1791411772035,1791411772035,
4775fea9-123e-4693-8cb0-f814c2e42a06,CONSUMER,1200,1,did:web:ssi-dim-wallet-service.identity:BPNL00000003AYRE,98787278-188f-4953-b97d-bc839792a13d,1791410783374,1791411772735,1791411772735,
c6ab494b-b2f5-4b14-b583-b7dfcc1b5393,CONSUMER,1200,1,did:web:ssi-dim-wallet-service.identity:BPNL00000003AYRE,2f85b359-3535-4e96-8252-c3487061776f,1791410783876,1791411771943,1791411771943,
15d7ec8a-3cde-4bd3-a89b-99f612ce3e7a,CONSUMER,1200,1,did:web:ssi-dim-wallet-service.identity:BPNL00000003AYRE,c2e9c89f-62ae-474e-bb18-d1db960a5e55,1791410784476,1791411772135,1791411772135,
0fc33c41-a18b-4eb2-ac97-bfcf80d35313,CONSUMER,1200,1,did:web:ssi-dim-wallet-service.identity:BPNL00000003AYRE,b2e2e84c-eaad-415a-90a3-7faaf52c7f51,1791410784872,1791411772141,1791411772141,
2b79f4af-4556-44f7-b305-a69c008bc13d,CONSUMER,1200,1,did:web:ssi-dim-wallet-service.identity:BPNL00000003AYRE,0a0076d7-419d-4276-bf4e-017f6ac71550,1791410785172,1791411772768,1791411772768,
ea225e9f-cbe3-47ab-8c05-1a6382e79318,CONSUMER,1200,1,did:web:ssi-dim-wallet-service.identity:BPNL00000003AYRE,bc61df68-cc65-4eb6-8bad-04e92e0de63a,1791410785381,1791411772476,1791411772476,
c76f530b-f4e1-41b2-b095-a995047f9f88,CONSUMER,1200,1,did:web:ssi-dim-wallet-service.identity:BPNL00000003AYRE,1824eafa-399c-4d88-b157-852aa5cf4d5b,1791410785569,1791411778868,1791411778868,
6674425f-6cc1-4e5a-9f8e-05f0a3777bb8,CONSUMER,1200,1,did:web:ssi-dim-wallet-service.identity:BPNL00000003AYRE,d45d40ad-e428-4b66-bdbf-d78a3af729ab,1791410785974,1791411778884,1791411778884,
d4c41b50-273b-4c84-a987-1237dec040cc,CONSUMER,1200,1,did:web:ssi-dim-wallet-service.identity:BPNL00000003AYRE,e99c1065-0fa6-462b-94d8-32fdda17eaa4,1791410786685,1791411778735,1791411778735,
9d7e5496-2b22-4a83-a76a-8613ceb93c59,CONSUMER,1200,1,did:web:ssi-dim-wallet-service.identity:BPNL00000003AYRE,84e86760-0165-4ace-9302-8a056b616cea,1791410786877,1791411778977,1791411778977,
e7dc844e-9f89-44b0-83c9-730346d521f1,CONSUMER,1200,1,did:web:ssi-dim-wallet-service.identity:BPNL00000003AYRE,cae152b3-eadc-4ab4-9780-197171b08ec1,1791410787176,1791411778735,1791411778735,
3124a750-e0bb-45e0-b33e-496b9f930206,CONSUMER,1200,1,did:web:ssi-dim-wallet-service.identity:BPNL00000003AYRE,6fc43b40-ae7a-463f-a05d-cafdd7463e74,1791410787579,1791411779081,1791411779081,
8df69b26-2db2-4901-a7f3-4fe3d4acb8fc,CONSUMER,1200,1,did:web:ssi-dim-wallet-service.identity:BPNL00000003AYRE,f87e9cbb-59db-4728-aea3-02d19877d189,1791410788085,1791411779270,1791411779270,
a045047e-57c2-420a-8506-1e35884d2a9e,CONSUMER,1200,1,did:web:ssi-dim-wallet-service.identity:BPNL00000003AYRE,6868348f-5de6-4a8b-ae5c-310b0be65145,1791410788869,1791411779234,1791411779234,
efa2f9d6-b965-4ef7-b7d9-c1f45f802fcb,CONSUMER,1200,1,did:web:ssi-dim-wallet-service.identity:BPNL00000003AYRE,e83ee6dd-61cd-426e-8c2a-cf411749ec46,1791410788874,1791411779477,1791411779477,
477e4cd5-79a8-450c-807d-44078987f415,CONSUMER,1200,1,did:web:ssi-dim-wallet-service.identity:BPNL00000003AYRE,2d7db256-d744-4df5-b263-e547f8d00b3a,1791410788884,1791411779467,1791411779467,
ec6260d1-cf98-4a57-ad79-b667621d6d1a,CONSUMER,1200,1,did:web:ssi-dim-wallet-service.identity:BPNL00000003AYRE,93642760-97ec-46ea-97be-55ab7eac9c5f,1791410789373,1791411779440,1791411779440,
a36423c8-b83f-4fce-8e00-a3c9a7ba80f6,CONSUMER,1200,1,did:web:ssi-dim-wallet-service.identity:BPNL00000003AYRE,ea84036b-232d-4a6f-bf91-4121e128c719,1791410791670,1791411779737,1791411779737,
c0b25702-0574-4a80-8d86-3bf83877a709,CONSUMER,1200,1,did:web:ssi-dim-wallet-service.identity:BPNL00000003AYRE,7567cadc-3d69-4d22-83ff-a7e70bd5ef09,1791410792275,1791411779570,1791411779570,
1cd3ccba-1550-4e28-8bce-914a6316215e,CONSUMER,1200,1,did:web:ssi-dim-wallet-service.identity:BPNL00000003AYRE,1b4dd120-89c3-4d6b-9ee4-4634bba52be4,1791410793477,1791411780169,1791411780169,
62472f99-9936-4ba8-884b-d0354941cbc6,CONSUMER,1200,1,did:web:ssi-dim-wallet-service.identity:BPNL00000003AYRE,efef048c-741d-41de-9682-9340510307cb,1791410793674,1791411780075,1791411780075,
b8c6392e-5751-477a-93aa-0298e0007974,CONSUMER,1200,1,did:web:ssi-dim-wallet-service.identity:BPNL00000003AYRE,9fcdb169-72cc-4d37-90b2-4f8224776c3c,1791410797474,1791411780068,1791411780068,
3a02e3ae-e9a5-4d26-9018-e122b59061de,CONSUMER,1200,1,did:web:ssi-dim-wallet-service.identity:BPNL00000003AYRE,48e59fe7-634b-4b43-8a96-483bf849a28d,1791410800369,1791411779869,1791411779869,
e056a571-da49-4032-a0de-868273efd1ae,CONSUMER,1200,1,did:web:ssi-dim-wallet-service.identity:BPNL00000003AYRE,e2719ba2-3ff1-4bf1-bd35-c5911fb25e29,1791410801278,1791411780168,1791411780168,
b1454f73-b40b-4aa2-bee7-6490b8e5474d,CONSUMER,1200,1,did:web:ssi-dim-wallet-service.identity:BPNL00000003AYRE,6f91010c-cbe6-4411-a8fd-7462b8ce5ad3,1791410801371,1791411784768,1791411784768,
19e7079a-824c-4f14-a14b-879e786b95f8,CONSUMER,1200,1,did:web:ssi-dim-wallet-service.identity:BPNL00000003AYRE,0167456b-2826-428f-b02f-c96bbd8d49f3,1791410801474,1791411780393,1791411780393,
376f61b5-8c53-4de2-9b17-30793f100fb9,CONSUMER,1200,1,did:web:ssi-dim-wallet-service.identity:BPNL00000003AYRE,fc6b5fab-e521-4c7d-a904-d323c866394d,1791410801487,1791411780238,1791411780238,
a87d2a29-b445-452e-842e-a88767498acb,CONSUMER,1200,1,did:web:ssi-dim-wallet-service.identity:BPNL00000003AYRE,efa846c0-4d7b-45c8-9fe2-c02a1b7f7649,1791410801685,1791411784676,1791411784676,
db2827ae-db59-4e52-8b43-deb19b3859a2,CONSUMER,1200,1,did:web:ssi-dim-wallet-service.identity:BPNL00000003AYRE,b1efc60a-dca2-4128-b50f-4a8677939eb4,1791410801773,1791411784868,1791411784868,
c26e1ac4-a9ee-4bdd-992c-1c70069ab223,CONSUMER,1200,1,did:web:ssi-dim-wallet-service.identity:BPNL00000003AYRE,c28047ef-120c-4ff8-bc04-70d846ff646a,1791410801785,1791411785238,1791411785238,
71f632ea-616c-4af4-9ef5-296927662962,CONSUMER,1200,1,did:web:ssi-dim-wallet-service.identity:BPNL00000003AYRE,646434bd-6d3b-4d63-ba59-dfb71bc7790b,1791410801946,1791411785176,1791411785176,
c7d8b731-b08c-4bea-8ea1-548178da8109,CONSUMER,1200,1,did:web:ssi-dim-wallet-service.identity:BPNL00000003AYRE,169cb57a-7c81-4487-b5e6-fe2bea4ca86d,1791410802176,1791411785041,1791411785041,
641ed1c8-f3c1-4f2a-9423-f6822708ebbd,CONSUMER,1200,1,did:web:ssi-dim-wallet-service.identity:BPNL00000003AYRE,0cfaba3f-0c38-4f58-b281-d8445f877e12,1791410802178,1791411785175,1791411785175,
0dab8b04-432f-4425-9130-a2929516e06a,CONSUMER,1200,1,did:web:ssi-dim-wallet-service.identity:BPNL00000003AYRE,5c1d2891-afda-4ac0-aa23-086efad21de7,1791410802474,1791411785568,1791411785568,
c41b12d7-77b6-44c9-857c-4f1e69330d68,CONSUMER,1200,1,did:web:ssi-dim-wallet-service.identity:BPNL00000003AYRE,6abfd87f-f4a2-4114-aa3b-8eab555bcd1b,1791410802575,1791411785670,1791411785670,
ae9a22fc-ab5b-47ee-92c8-f9a20fa86026,CONSUMER,1200,1,did:web:ssi-dim-wallet-service.identity:BPNL00000003AYRE,04fe67a8-0bd6-4a23-8453-79e56b55f29e,1791410802674,1791411785768,1791411785768,
da67b791-b969-4091-841e-6279d5dde345,CONSUMER,1200,1,did:web:ssi-dim-wallet-service.identity:BPNL00000003AYRE,42aabd3e-0883-4e53-b43d-b02244560578,1791410802793,1791411785345,1791411785345,
9b4ccc1a-02ed-4bc9-9a06-a2a8da7553a2,CONSUMER,1200,1,did:web:ssi-dim-wallet-service.identity:BPNL00000003AYRE,f666c00a-3dea-4e8f-9008-8e7d0936bc72,1791410803478,1791411785680,1791411785680,
2004e02a-04e0-4387-877d-6d2193cfe1f6,CONSUMER,1200,1,did:web:ssi-dim-wallet-service.identity:BPNL00000003AYRE,1e2e1b6d-b34b-44f4-9a7d-5e700b9079af,1791410804442,1791411785774,1791411785774,
37e12bcf-55e6-412f-a348-de55b06bbf6c,CONSUMER,1200,1,did:web:ssi-dim-wallet-service.identity:BPNL00000003AYRE,f64f1946-3b3e-419e-9e5b-0c4f2595037f,1791410805173,1791411792769,1791411792769,
a1cdec26-82bb-454e-aaa3-03fe311c059d,CONSUMER,1200,1,did:web:ssi-dim-wallet-service.identity:BPNL00000003AYRE,e301fdad-e77d-4761-8630-64f080426469,1791410805871,1791411792869,1791411792869,
71a82371-adfd-4b7c-89d4-01fbe48dcc09,CONSUMER,1200,1,did:web:ssi-dim-wallet-service.identity:BPNL00000003AYRE,0a917b05-5dc3-4cb4-a8f5-1b71843f70b0,1791410805874,1791411793074,1791411793074,
f0a44524-8e8e-4429-af96-3b237b6b31d5,CONSUMER,1200,1,did:web:ssi-dim-wallet-service.identity:BPNL00000003AYRE,3ef4dd24-05bf-4a5b-838a-c9cb5a110151,1791410808174,1791411793270,1791411793270,
aa7a3c6e-eaac-435c-9114-10d8e56c7289,CONSUMER,1200,1,did:web:ssi-dim-wallet-service.identity:BPNL00000003AYRE,b44f13dd-6ffd-4f79-ac7e-c3a187baee4e,1791410808369,1791411793268,1791411793268,
49ce2671-b3e5-474a-a16f-670081ef3a60,CONSUMER,1200,1,did:web:ssi-dim-wallet-service.identity:BPNL00000003AYRE,a6dba41d-6128-43bc-b2e3-00e011fdcc2b,1791410808371,1791411793236,1791411793236,
9afcf897-84f0-4830-af7f-b8a3a4d343cb,CONSUMER,1200,1,did:web:ssi-dim-wallet-service.identity:BPNL00000003AYRE,e93f9075-5254-4c2b-93f1-84aa506640fb,1791410808374,1791411793469,1791411793469,
05e10712-9321-42cf-a717-3f26d5834075,CONSUMER,1200,1,did:web:ssi-dim-wallet-service.identity:BPNL00000003AYRE,42ddebb2-92a0-49eb-92df-1fd2440f35d9,1791410808770,1791411793575,1791411793575,
753397c6-f138-4945-98f7-9a3cf325b745,CONSUMER,1200,1,did:web:ssi-dim-wallet-service.identity:BPNL00000003AYRE,becdebbd-4289-4724-bf1d-fa00bfa6a85c,1791410809174,1791411793768,1791411793768,
0f16da8e-f86e-4627-9717-e1582baab10e,CONSUMER,1200,1,did:web:ssi-dim-wallet-service.identity:BPNL00000003AYRE,1cdc3389-f5be-428e-b664-096d0af51380,1791410809385,1791411793937,1791411793937,
f9dcfb1f-05d7-47c6-96c2-97b114c8a56a,CONSUMER,1200,1,did:web:ssi-dim-wallet-service.identity:BPNL00000003AYRE,7b9c0970-0570-41c9-8800-ca0ba01278e4,1791410809582,1791411793636,1791411793636,
5f559a6a-38d2-4294-9e29-0aaf6620011c,CONSUMER,1200,1,did:web:ssi-dim-wallet-service.identity:BPNL00000003AYRE,0647c55d-42b5-45f1-8594-49781abdf77d,1791410810390,1791411793936,1791411793936,
c31eeb39-5f7b-461b-8fbf-515c4907757c,CONSUMER,1200,1,did:web:ssi-dim-wallet-service.identity:BPNL00000003AYRE,1ff9621a-3588-4cb9-9695-245cc6bb403a,1791410810486,1791411794335,1791411794335,
2a470cda-e702-4da2-ae53-fef860208bd8,CONSUMER,1200,1,did:web:ssi-dim-wallet-service.identity:BPNL00000003AYRE,bdab36dc-1c4c-4ea3-a975-55be60744a87,1791410810892,1791411793977,1791411793977,
05b1c841-da06-4b13-9771-ec49c64d4c55,CONSUMER,1200,1,did:web:ssi-dim-wallet-service.identity:BPNL00000003AYRE,33df2ed3-ab73-43c5-ae7c-4fa111e0222b,1791410810968,1791411794534,1791411794534,
099c74f2-6ae2-4fa8-93fb-7fcc51f01534,CONSUMER,1200,1,did:web:ssi-dim-wallet-service.identity:BPNL00000003AYRE,6296596e-186e-40f6-970a-36b4d1d15ac8,1791410810991,1791411794373,1791411794373,
1d6e0027-a564-412d-8101-79371f48e3ed,CONSUMER,1200,1,did:web:ssi-dim-wallet-service.identity:BPNL00000003AYRE,b2d8af2e-96b5-4a47-80f3-db47c68a1e46,1791410811370,1791411794539,1791411794539,
1cc53ab4-d41e-4e8a-9e23-1d07f932d217,CONSUMER,1200,1,did:web:ssi-dim-wallet-service.identity:BPNL00000003AYRE,20edd784-1133-41fa-8b4e-edf1e0be00b1,1791410820785,1791411794573,1791411794573,
a59dc648-1e54-4a5f-ad04-35731553d6f0,CONSUMER,1200,1,did:web:ssi-dim-wallet-service.identity:BPNL00000003AYRE,38bc2131-901d-43cb-be40-a9416650478a,1791410820886,1791411794576,1791411794576,
09fd6d48-0c4e-42fd-8c5b-48862ae4161b,CONSUMER,1200,1,did:web:ssi-dim-wallet-service.identity:BPNL00000003AYRE,089cde1f-9b0c-4fbd-a9ee-133dffee9005,1791410821089,1791411794469,1791411794469,
37f7fe13-4e2f-4592-a0a6-1ab3dc1b7856,CONSUMER,1200,1,did:web:ssi-dim-wallet-service.identity:BPNL00000003AYRE,db0a3ff4-62e3-4258-b853-1d7a2706261d,1791410821387,1791411801069,1791411801069,
8cc126df-dd01-47dd-8981-b73e1ff28142,CONSUMER,1200,1,did:web:ssi-dim-wallet-service.identity:BPNL00000003AYRE,f614d45b-d155-4c0a-85f1-2d330ec6d41b,1791410821477,1791411800977,1791411800977,
6a6f4806-d8cd-4546-a643-235d3d93f2a1,CONSUMER,1200,1,did:web:ssi-dim-wallet-service.identity:BPNL00000003AYRE,54b00655-a5d2-4493-b7f8-f078753369f1,1791410821578,1791411801768,1791411801768,
62d92c47-f4cc-4582-bd42-7a0bbdeea3bf,CONSUMER,1200,1,did:web:ssi-dim-wallet-service.identity:BPNL00000003AYRE,bf389bd8-6443-4045-97ed-25498769a22c,1791410821773,1791411801471,1791411801471,
efc3e16e-cba3-43c8-9e9d-1bada3e60c1a,CONSUMER,1200,1,did:web:ssi-dim-wallet-service.identity:BPNL00000003AYRE,c7dbe5ac-34e5-4bdb-8109-b8dfa1e53feb,1791410821778,1791411801534,1791411801534,
431849b1-fa19-4df9-a5e2-de0ca6c1877e,CONSUMER,1200,1,did:web:ssi-dim-wallet-service.identity:BPNL00000003AYRE,63e6f3b0-0971-4c26-8f34-49914734e5b5,1791410821786,1791411801268,1791411801268,
65c7986a-0bf0-497d-ba59-a9d66ef367f1,CONSUMER,1200,1,did:web:ssi-dim-wallet-service.identity:BPNL00000003AYRE,b671b857-9a24-43f8-9ebc-88e00e153290,1791410821869,1791411801469,1791411801469,
56474466-9ce7-41be-8c5a-3307c18deec6,CONSUMER,1200,1,did:web:ssi-dim-wallet-service.identity:BPNL00000003AYRE,8366974d-a318-4611-9469-07f6502a87d4,1791410821975,1791411801468,1791411801468,
01402c89-b0d3-4625-bca4-e4eccd50b6c9,CONSUMER,1200,1,did:web:ssi-dim-wallet-service.identity:BPNL00000003AYRE,77027a08-a663-4908-be87-1fbdbd8ec7eb,1791410822078,1791411801871,1791411801871,
5935c905-4b49-40e2-88ef-682c45df8165,CONSUMER,1200,1,did:web:ssi-dim-wallet-service.identity:BPNL00000003AYRE,4cc966ed-f773-479d-b0d6-9de65d992da0,1791410822079,1791411801969,1791411801969,
778ca711-ed20-458e-9741-db23735fb9ee,CONSUMER,1200,1,did:web:ssi-dim-wallet-service.identity:BPNL00000003AYRE,655997cb-d30a-4374-90a2-8be15ae535c8,1791410822081,1791411801770,1791411801770,
5db7cf2b-7870-4cf0-83d5-66f3e1cf9487,CONSUMER,1200,1,did:web:ssi-dim-wallet-service.identity:BPNL00000003AYRE,b098630c-b9fa-4b37-8c97-fb1b1fedad5d,1791410822181,1791411802041,1791411802041,
bb4972cb-9d66-4e48-8b57-d349230ddbdf,CONSUMER,1200,1,did:web:ssi-dim-wallet-service.identity:BPNL00000003AYRE,11996f0a-89b3-4ec7-8e07-13d697caf116,1791410822272,1791411802774,1791411802774,
6f8540f9-4331-4166-b199-faeef2b40a9e,CONSUMER,1200,1,did:web:ssi-dim-wallet-service.identity:BPNL00000003AYRE,61a66ca7-9af0-494e-92a2-f434566cdb31,1791410822471,1791411803169,1791411803169,
227480a4-53c8-493e-a359-5c5759fc6b0b,CONSUMER,1200,1,did:web:ssi-dim-wallet-service.identity:BPNL00000003AYRE,e2be3dd1-9c89-4cf8-8ca2-e8b4faa2e1b0,1791410822678,1791411802737,1791411802737,
675108bd-bf21-4e94-a0d8-b248adbf2b1f,CONSUMER,1200,1,did:web:ssi-dim-wallet-service.identity:BPNL00000003AYRE,61b4d16f-7791-40ec-806e-b671b0686476,1791410822738,1791411802436,1791411802436,
6050d7dc-7422-4d7d-9673-2b359a3764cf,CONSUMER,1200,1,did:web:ssi-dim-wallet-service.identity:BPNL00000003AYRE,d2111dd7-a563-4617-b671-a21eb62ba2f2,1791410822775,1791411803169,1791411803169,
80d24571-ceb0-4d2c-b754-6c3e4c72d959,CONSUMER,1200,1,did:web:ssi-dim-wallet-service.identity:BPNL00000003AYRE,be8c8675-8331-4898-8434-cc5faf11384a,1791410823472,1791411809682,1791411809682,
aec04949-45b4-4fd6-b20c-0c2a35f6685d,CONSUMER,1200,1,did:web:ssi-dim-wallet-service.identity:BPNL00000003AYRE,425ba92f-d4b4-42e8-9eb8-54aec7d94fe0,1791410824684,1791411802976,1791411802976,
a9bb3d70-1fa1-4f9d-8d10-654bb616f594,CONSUMER,1200,1,did:web:ssi-dim-wallet-service.identity:BPNL00000003AYRE,60d467e8-5ffe-4d73-a1d0-550c446876e8,1791410825279,1791411802669,1791411802669,
66a3fe3e-c622-4cd3-8fc4-bc3ded9ead35,CONSUMER,1200,1,did:web:ssi-dim-wallet-service.identity:BPNL00000003AYRE,f4fc0723-e3bf-452f-ab13-0b82f0d71a68,1791410825675,1791411803041,1791411803041,
d2dfe5ba-faee-4e33-81ea-64b04617c087,CONSUMER,1200,1,did:web:ssi-dim-wallet-service.identity:BPNL00000003AYRE,7f6a8eea-ce7e-4482-a936-c743f7756dd5,1791410826177,1791411809674,1791411809674,
f2a1d6fd-05e3-453d-8c4e-c8a62512c9b5,CONSUMER,1200,1,did:web:ssi-dim-wallet-service.identity:BPNL00000003AYRE,362490cc-72db-4fc7-87a5-39dd48368aa0,1791410826577,1791411810071,1791411810071,
0740ad5a-fa29-48a2-b87f-599c79468b52,CONSUMER,1200,1,did:web:ssi-dim-wallet-service.identity:BPNL00000003AYRE,d1f112c6-7bf7-4d3a-88d5-2e09651347c4,1791410827185,1791411809837,1791411809837,
cbc62f93-223d-42dc-a080-164c5a521bc3,CONSUMER,1200,1,did:web:ssi-dim-wallet-service.identity:BPNL00000003AYRE,64f929f2-afcb-420c-a8ba-f7c05918bfb9,1791410827773,1791411810468,1791411810468,
9a20e44b-d96c-46c7-b061-1bb4bdacfd24,CONSUMER,1200,1,did:web:ssi-dim-wallet-service.identity:BPNL00000003AYRE,00bb506d-e8b4-44a5-9843-24488c6f4d5b,1791410828774,1791411810576,1791411810576,
daddc9a5-b980-4415-922e-c7285f616ece,CONSUMER,1200,1,did:web:ssi-dim-wallet-service.identity:BPNL00000003AYRE,09a36852-4215-4015-b313-bbd1549a71dc,1791410829168,1791411810273,1791411810273,
411076a0-dd71-40dc-8d6f-0280f92be0e1,CONSUMER,1200,1,did:web:ssi-dim-wallet-service.identity:BPNL00000003AYRE,8b1bd443-dea6-4f74-88d1-b5810dc16321,1791410830374,1791411810735,1791411810735,
7308d6d3-0e65-411d-a93f-7b8b548dc934,CONSUMER,1200,1,did:web:ssi-dim-wallet-service.identity:BPNL00000003AYRE,81c11cc8-e11f-481d-9c1b-eaa6ed1547d4,1791410831279,1791411809868,1791411809868,
3f8d9bdc-e0d9-4c08-bbb0-8e5c9047c7fa,CONSUMER,1200,1,did:web:ssi-dim-wallet-service.identity:BPNL00000003AYRE,575c39d7-58de-49bf-a584-ae542e22cac5,1791410832475,1791411810282,1791411810282,
ccfaae0b-1050-40e6-8e2b-75c1a4040f77,CONSUMER,1200,1,did:web:ssi-dim-wallet-service.identity:BPNL00000003AYRE,9daa43df-67ee-4826-a236-2fadeb92c50c,1791410832670,1791411810367,1791411810367,
ccd2546e-9029-44e6-a6fd-26131e1f8a7e,CONSUMER,1200,1,did:web:ssi-dim-wallet-service.identity:BPNL00000003AYRE,617cd95b-07ff-4944-a887-9bef3d78e1aa,1791410833581,1791411810868,1791411810868,
6fb46a44-0d59-4ab6-a570-869c1efaf059,CONSUMER,1200,1,did:web:ssi-dim-wallet-service.identity:BPNL00000003AYRE,11e6d1be-aa90-4e95-83ee-bccf827027da,1791410833741,1791411811175,1791411811175,
edef8746-6429-4b01-bacd-9c9bade8ac47,CONSUMER,1200,1,did:web:ssi-dim-wallet-service.identity:BPNL00000003AYRE,139d2047-c096-481b-beb7-53e756c48e58,1791410834780,1791411811370,1791411811370,
92532b02-8e55-4378-a72f-966f4e392ff9,CONSUMER,1200,1,did:web:ssi-dim-wallet-service.identity:BPNL00000003AYRE,d3488277-3f4c-4b14-8718-b727923a8f5b,1791410834869,1791411810867,1791411810867,
38c29e72-5982-4a51-ac5c-e2ecfc85b9d7,CONSUMER,1200,1,did:web:ssi-dim-wallet-service.identity:BPNL00000003AYRE,1fb41c54-855f-43f0-a226-fd86af607645,1791410835279,1791411811034,1791411811034,
edd1390c-31ac-4cb2-95ae-cab2be89bc52,CONSUMER,1200,1,did:web:ssi-dim-wallet-service.identity:BPNL00000003AYRE,36425bb7-1990-4a5e-bc11-03e3d620abeb,1791410835370,1791411811471,1791411811471,
eb693e44-e085-4475-8b85-9d48bc23a7f9,CONSUMER,1200,1,did:web:ssi-dim-wallet-service.identity:BPNL00000003AYRE,cbd475e8-93d7-49cf-942b-4cba760e1dd4,1791410836280,1791411812088,1791411812088,
f70e409f-27e4-408e-a9c4-f6aa21d45f32,CONSUMER,1200,1,did:web:ssi-dim-wallet-service.identity:BPNL00000003AYRE,b9e16c20-a83d-4979-8d23-6b219ec69008,1791410836579,1791411811736,1791411811736,
a33d9ced-425b-42f5-b182-8c0797fd3c03,CONSUMER,1200,1,did:web:ssi-dim-wallet-service.identity:BPNL00000003AYRE,967f37d5-b5e6-4aa2-8960-9415b223c98e,1791410836980,1791411811635,1791411811635,
239ea12c-378e-43d5-a17b-a1ce44955a64,CONSUMER,1200,1,did:web:ssi-dim-wallet-service.identity:BPNL00000003AYRE,c246b24a-c1b8-4ef4-9f2e-033e32075325,1791410837074,1791411814934,1791411814934,
9c240d9a-a9b3-4a69-8f38-c8f3c6276116,CONSUMER,1200,1,did:web:ssi-dim-wallet-service.identity:BPNL00000003AYRE,26fdc1d9-3ab9-4b11-8879-06f6a0e086d3,1791410837577,1791411814973,1791411814973,
5300e419-15bb-4841-b7c6-55888958d0c0,CONSUMER,1200,1,did:web:ssi-dim-wallet-service.identity:BPNL00000003AYRE,26e287ee-29d6-47d5-a534-892afd9624de,1791410838274,1791411814942,1791411814942,
ae2bb13b-9e13-4e86-942e-f380a054f6ee,CONSUMER,1200,1,did:web:ssi-dim-wallet-service.identity:BPNL00000003AYRE,bab0d441-85df-4c0a-96b6-b3e88f6d0b0a,1791410838588,1791411815236,1791411815236,
24332758-8c72-4f9c-a821-540837f4920e,CONSUMER,1200,1,did:web:ssi-dim-wallet-service.identity:BPNL00000003AYRE,ba47d174-fb84-4e4b-8f4b-f81ed45201aa,1791410839576,1791411815478,1791411815478,
2554ccde-3cfa-4c98-83aa-b9363edf38b6,CONSUMER,1200,1,did:web:ssi-dim-wallet-service.identity:BPNL00000003AYRE,14d95b51-b9a4-437c-8c07-45232d26bb95,1791410839675,1791411815478,1791411815478,
063c95ab-d858-4477-be69-4f70476bc79f,CONSUMER,1200,1,did:web:ssi-dim-wallet-service.identity:BPNL00000003AYRE,0781598e-4402-464e-9020-44998cf85e75,1791410840470,1791411815175,1791411815175,
fbc7fe0f-a53b-49cc-9061-0884f635e081,CONSUMER,1200,1,did:web:ssi-dim-wallet-service.identity:BPNL00000003AYRE,2ce6d92b-772f-4736-9062-bcbcb5d90040,1791410841276,1791411815369,1791411815369,
677f3bc1-95c2-46da-a456-1936409fe781,CONSUMER,1200,1,did:web:ssi-dim-wallet-service.identity:BPNL00000003AYRE,49ec754c-f07d-46e7-b41d-803e6cf0c7dd,1791410841375,1791411815768,1791411815768,
ce53c71d-448f-4294-b10e-9fc96e63c0dc,CONSUMER,1200,1,did:web:ssi-dim-wallet-service.identity:BPNL00000003AYRE,c5c3e58a-eb08-473e-a816-ce8fdffd61bf,1791410841579,1791411815676,1791411815676,
a55f9228-84b4-41fe-b91e-c5c7622e9e9a,CONSUMER,1200,1,did:web:ssi-dim-wallet-service.identity:BPNL00000003AYRE,6ece15cc-f83b-4d58-bd89-7efbbf823340,1791410842478,1791411815772,1791411815772,
50ce362f-db02-4ea9-9f34-6c33da7bf874,CONSUMER,1200,1,did:web:ssi-dim-wallet-service.identity:BPNL00000003AYRE,88d120e0-95a2-4a9c-9fdf-8302e428a037,1791410842940,1791411815888,1791411815888,
0a06577c-ba11-467e-9597-ec4df68a81cb,CONSUMER,1200,1,did:web:ssi-dim-wallet-service.identity:BPNL00000003AYRE,381ae7dc-3ed1-4a55-be1d-3bbd7c557487,1791410843479,1791411815890,1791411815890,
94127f7f-65c8-4ba1-b6d8-5181194f57b7,CONSUMER,1200,1,did:web:ssi-dim-wallet-service.identity:BPNL00000003AYRE,22426567-eb4c-42e4-9905-f6628fee5f67,1791410844677,1791411816192,1791411816192,
36e67121-f885-45d3-9626-5ab9db5043bd,CONSUMER,1200,1,did:web:ssi-dim-wallet-service.identity:BPNL00000003AYRE,659d73ae-bdbd-45a9-943b-b2be158963da,1791410844775,1791411816092,1791411816092,
ac70a16f-c9bf-432c-a3a9-3f4bec4da6c6,CONSUMER,1200,1,did:web:ssi-dim-wallet-service.identity:BPNL00000003AYRE,9348c54e-114b-4920-967d-4d8db84dfd95,1791410846090,1791411816274,1791411816274,
9c6bf979-048e-401a-9a6e-54a05dd77366,CONSUMER,1200,1,did:web:ssi-dim-wallet-service.identity:BPNL00000003AYRE,de8986c2-4082-4530-9f82-c82285587d9c,1791410848072,1791411816284,1791411816284,
0260d267-f1db-4702-bf60-46b93e11639f,CONSUMER,1200,1,did:web:ssi-dim-wallet-service.identity:BPNL00000003AYRE,a8ed4c93-168d-40bc-9554-4ff1879599e9,1791410848091,1791411816472,1791411816472,
ecab45b5-4612-4bef-8f57-1a0f38df23e3,CONSUMER,1200,1,did:web:ssi-dim-wallet-service.identity:BPNL00000003AYRE,ca20f6bc-7126-449a-ad56-1905f6fc6275,1791410848169,1791411816770,1791411816770,
7af7f599-60c7-40ed-87ae-a07539dd21e0,CONSUMER,1200,1,did:web:ssi-dim-wallet-service.identity:BPNL00000003AYRE,94593c4a-0ff2-40f7-88f9-fb6569f08dc0,1791410848585,1791411816768,1791411816768,
ea65e719-37f3-4a74-9755-11bebfce72e4,CONSUMER,1200,1,did:web:ssi-dim-wallet-service.identity:BPNL00000003AYRE,900ba333-2ad0-469b-b789-73dee6172cc6,1791410848874,1791411822869,1791411822869,
9ff77773-9766-4433-a5e0-fd951a761674,CONSUMER,1200,1,did:web:ssi-dim-wallet-service.identity:BPNL00000003AYRE,8391f4ef-4929-44fb-8332-e6c716e6dcbf,1791410848974,1791411822837,1791411822837,
5deb8588-b44e-4bc0-93bc-3c79b8c04dc0,CONSUMER,1200,1,did:web:ssi-dim-wallet-service.identity:BPNL00000003AYRE,020519ec-0c0e-4458-894b-38b8d60ed165,1791410849668,1791411829376,1791411829376,
7c098492-dae5-4768-89b2-ab2adf10db03,CONSUMER,1200,1,did:web:ssi-dim-wallet-service.identity:BPNL00000003AYRE,0129a39e-8fbc-4ccc-824c-2a254055c416,1791410849689,1791411829768,1791411829768,
efe36491-91e2-4b55-b3da-5734e5e82fb5,CONSUMER,1200,1,did:web:ssi-dim-wallet-service.identity:BPNL00000003AYRE,db06fddd-3c3d-4c82-9fe7-b7080a17d0e4,1791410850087,1791411829361,1791411829361,
13b83c00-d58d-42d4-a087-83e9b739f24b,CONSUMER,1200,1,did:web:ssi-dim-wallet-service.identity:BPNL00000003AYRE,d8d6b6b7-46c8-4eb8-8d6f-728f2d22cd7d,1791410850268,1791411829968,1791411829968,
0ab3b645-0553-4481-bc39-fbb016381e58,CONSUMER,1200,1,did:web:ssi-dim-wallet-service.identity:BPNL00000003AYRE,428b7167-d3e2-4294-9349-d01d9279ba3d,1791410851190,1791411829685,1791411829685,
b70d4465-acac-4e0b-947b-012c120a1f6c,CONSUMER,1200,1,did:web:ssi-dim-wallet-service.identity:BPNL00000003AYRE,64f358ec-fa2e-456a-8ee7-a84346b67a54,1791410852469,1791411829835,1791411829835,
4dc4e726-0ceb-4c5c-9521-a9e37aa1b9fc,CONSUMER,1200,1,did:web:ssi-dim-wallet-service.identity:BPNL00000003AYRE,ba7c7ae2-7687-4925-b94d-1a43a8d0db65,1791410853179,1791411830238,1791411830238,
96f52e20-1049-4a81-9bf2-3d643a3d0369,CONSUMER,1200,1,did:web:ssi-dim-wallet-service.identity:BPNL00000003AYRE,fa83ce07-b8ae-4751-a086-07179ff05171,1791410853877,1791411830137,1791411830137,
25514899-1d5a-4cd6-9035-d01b642ca4d0,CONSUMER,1200,1,did:web:ssi-dim-wallet-service.identity:BPNL00000003AYRE,713e8880-1883-49bf-9945-2f589836fc18,1791410854073,1791411829868,1791411829868,
ede69a48-6c90-45e6-b822-edf3fcbbac8f,CONSUMER,1200,1,did:web:ssi-dim-wallet-service.identity:BPNL00000003AYRE,25d6b461-1fb0-4794-bc66-1e29fdd978c7,1791410854575,1791411830377,1791411830377,
86ae850f-c485-4498-a2c5-287ea52870c7,CONSUMER,1200,1,did:web:ssi-dim-wallet-service.identity:BPNL00000003AYRE,565f49ad-6273-4ed3-bf72-91a22e166fa9,1791410854590,1791411830438,1791411830438,
134218fd-d2d0-4c3d-a941-2452bbc4b5ba,CONSUMER,1200,1,did:web:ssi-dim-wallet-service.identity:BPNL00000003AYRE,73bf79ee-442a-45c0-8864-de8494d40764,1791410854593,1791411831469,1791411831469,
61675038-0d5d-40ee-97fc-da164963378b,CONSUMER,1200,1,did:web:ssi-dim-wallet-service.identity:BPNL00000003AYRE,3e316520-d8b0-4fb5-9b38-022487c6b186,1791410855471,1791411830572,1791411830572,
c8caccb3-8cbb-431c-a3d5-9361fbb513d4,CONSUMER,1200,1,did:web:ssi-dim-wallet-service.identity:BPNL00000003AYRE,52f5eb68-1e78-49d5-ae49-df29af5cc7e0,1791410855484,1791411830668,1791411830668,
f2a87cf3-a179-4cb5-83da-0bac3619e307,CONSUMER,1200,1,did:web:ssi-dim-wallet-service.identity:BPNL00000003AYRE,70b928a4-db7e-4083-8df4-fc86303a5ada,1791410856288,1791411831470,1791411831470,
c6e7239d-ca0c-4ae8-94fd-3c33743e8fe8,CONSUMER,1200,1,did:web:ssi-dim-wallet-service.identity:BPNL00000003AYRE,601665be-79e9-4667-8a79-67ddbd073a97,1791410856977,1791411831271,1791411831271,
e822a0ed-6eb1-41b7-944d-32bc9930f1de,CONSUMER,1200,1,did:web:ssi-dim-wallet-service.identity:BPNL00000003AYRE,54479173-cafb-4188-8eb6-e3fdc10e379f,1791410856986,1791411831470,1791411831470,
853c05fb-df02-4ca0-bf66-4cde39ba813a,CONSUMER,1200,1,did:web:ssi-dim-wallet-service.identity:BPNL00000003AYRE,d22750a2-2bf8-428c-bc3a-4d6111940b24,1791410857979,1791411831172,1791411831172,
67bdc9d0-4a90-4572-b46f-4bc73f682783,CONSUMER,1200,1,did:web:ssi-dim-wallet-service.identity:BPNL00000003AYRE,44b6eafc-d731-4471-a116-b2393bdf2083,1791410858171,1791411835067,1791411835067,
b84f7070-0e1a-4712-9e44-0ba043bb2a5c,CONSUMER,1200,1,did:web:ssi-dim-wallet-service.identity:BPNL00000003AYRE,6c09feb2-2523-4f22-a211-ca0a14dcf1ae,1791410858487,1791411841772,1791411841772,
9e7a04ab-1482-4699-ba8c-36286c2c234e,CONSUMER,1200,1,did:web:ssi-dim-wallet-service.identity:BPNL00000003AYRE,29cbe8f5-a53f-4b57-b93e-5fc71dcc2a32,1791410858886,1791411835075,1791411835075,
74f1308f-cfd6-46ae-88f8-b1cf882b0231,CONSUMER,1200,1,did:web:ssi-dim-wallet-service.identity:BPNL00000003AYRE,be4e3116-ed27-4c5a-9768-8735b02cdac6,1791410859895,1791411835373,1791411835373,
d1dff049-6b33-4f54-b6e3-48657f9352aa,CONSUMER,1200,1,did:web:ssi-dim-wallet-service.identity:BPNL00000003AYRE,20b41ba5-3910-4954-83e0-2e60d90190f6,1791410860087,1791411842368,1791411842368,
d3627147-dc33-49cc-8b5a-f4427fa89ebd,CONSUMER,1200,1,did:web:ssi-dim-wallet-service.identity:BPNL00000003AYRE,b6338168-008a-4590-9beb-f50f51bb2261,1791410860481,1791411835176,1791411835176,
6ad84191-0c07-4057-9178-78bcdb668d49,CONSUMER,1200,1,did:web:ssi-dim-wallet-service.identity:BPNL00000003AYRE,90870cfa-f5ef-43fc-9504-b64c4ff9875b,1791410860674,1791411842271,1791411842271,
b3a9dac5-d3c5-4e5d-a506-1a6c86ac5664,CONSUMER,1200,1,did:web:ssi-dim-wallet-service.identity:BPNL00000003AYRE,faa71c22-233b-425a-b162-910008d46e01,1791410861568,1791411842769,1791411842769,
f1aeab3b-4bfa-45ca-afaf-7e080fd1ea20,CONSUMER,1200,1,did:web:ssi-dim-wallet-service.identity:BPNL00000003AYRE,cd37a10a-92da-4668-a9ff-0430055469c6,1791410862277,1791411842569,1791411842569,
1da6d70a-e63c-40fb-934c-855bc5f19ec9,CONSUMER,1200,1,did:web:ssi-dim-wallet-service.identity:BPNL00000003AYRE,4c4dafa9-5aeb-444f-a465-b95e4f6cc9fa,1791410862380,1791411842388,1791411842388,
4491cf38-0203-4f61-a2f2-ea8cc3e29274,CONSUMER,1200,1,did:web:ssi-dim-wallet-service.identity:BPNL00000003AYRE,1584af6c-5c70-4056-b209-30986163de6d,1791410862478,1791411842934,1791411842934,
f0093562-1916-480d-a0ad-f233b240c7a3,CONSUMER,1200,1,did:web:ssi-dim-wallet-service.identity:BPNL00000003AYRE,dffc9e85-9379-48ec-b100-7d4a9fbed924,1791410862684,1791411841770,1791411841770,
4fc76e32-6a3a-4222-af8c-2317c0ab44e2,CONSUMER,1200,1,did:web:ssi-dim-wallet-service.identity:BPNL00000003AYRE,595871d4-3eca-4cec-893f-85c3d02cb34a,1791410863074,1791411842567,1791411842567,
c5457f03-5d7a-4d0e-8e0e-6681f512188d,CONSUMER,1200,1,did:web:ssi-dim-wallet-service.identity:BPNL00000003AYRE,52ef991a-c55b-4795-8990-6e9c42481a6d,1791410863408,1791411842737,1791411842737,
e9f2ffce-5884-4404-b8fb-f97868d4c9f9,CONSUMER,1200,1,did:web:ssi-dim-wallet-service.identity:BPNL00000003AYRE,141d3104-5b5d-4d86-b6df-3156deb079ec,1791410863886,1791411842936,1791411842936,
59cec063-a420-4b84-8c36-504014f61066,CONSUMER,1200,1,did:web:ssi-dim-wallet-service.identity:BPNL00000003AYRE,644c5042-beaa-4ba9-a09b-b9871e508d5a,1791410864082,1791411843277,1791411843277,
0a1aa09b-307b-4087-92d1-15591ed624fa,CONSUMER,1200,1,did:web:ssi-dim-wallet-service.identity:BPNL00000003AYRE,2143ec66-e7ac-43cc-9e2e-a7958409917c,1791410864976,1791411843368,1791411843368,
422602fe-c3f6-447a-9952-671a714fc7c1,CONSUMER,1200,1,did:web:ssi-dim-wallet-service.identity:BPNL00000003AYRE,ec491cf2-3438-43ad-aa0a-feb9c6db8ab4,1791410866391,1791411843068,1791411843068,
f1649829-33ec-462f-a57a-7b8a5baca148,CONSUMER,1200,1,did:web:ssi-dim-wallet-service.identity:BPNL00000003AYRE,550e543f-61e7-4c11-968b-bf855fd4d5d2,1791410867370,1791411843278,1791411843278,
4f987b0e-f148-4793-b299-3868ba1703c9,CONSUMER,1200,1,did:web:ssi-dim-wallet-service.identity:BPNL00000003AYRE,28f48c9e-1ca2-454d-954d-cbf6403781c3,1791410868269,1791411843834,1791411843834,
0ebbfe80-88bc-42a4-9dbe-fb5ca72a265d,CONSUMER,1200,1,did:web:ssi-dim-wallet-service.identity:BPNL00000003AYRE,5df460b3-029a-4ac4-922c-4258c5fd9779,1791410868387,1791411850644,1791411850644,
da8bf8b3-6a8c-4fa5-947c-16f32901848c,CONSUMER,1200,1,did:web:ssi-dim-wallet-service.identity:BPNL00000003AYRE,bb7a034a-a90b-4b02-99d1-60dedcd80c6c,1791410868597,1791411850539,1791411850539,
c4f536cb-6fc1-456b-b806-aa0ca6a411f4,CONSUMER,1200,1,did:web:ssi-dim-wallet-service.identity:BPNL00000003AYRE,d0e646d3-2a3a-4711-be92-e17a89d5537b,1791410869570,1791411850572,1791411850572,
57eb2980-5346-418d-9a06-8e9f7dbc16f5,CONSUMER,1200,1,did:web:ssi-dim-wallet-service.identity:BPNL00000003AYRE,edd307a5-3725-4467-81f5-10bca2b84b55,1791410869769,1791411850770,1791411850770,
e2a1b584-8f15-4abc-8f04-709b63ea1494,CONSUMER,1200,1,did:web:ssi-dim-wallet-service.identity:BPNL00000003AYRE,2ed9d688-beed-4dcb-bcf9-a6cb6bd314b1,1791410869869,1791411850780,1791411850780,
11b70bf8-0ffe-44d2-80af-7c453790f068,CONSUMER,1200,1,did:web:ssi-dim-wallet-service.identity:BPNL00000003AYRE,e1ac322a-21c9-414f-8074-54e67a102a0d,1791410873174,1791411851162,1791411851162,
226b7045-32a0-40f6-9f48-4dcc909b4861,CONSUMER,1200,1,did:web:ssi-dim-wallet-service.identity:BPNL00000003AYRE,6b874c55-c40d-4afc-a340-2084c2eec3ce,1791410875986,1791411851091,1791411851091,
6dbd0fc3-4913-4de7-b2e4-7cb70fd5dfbb,CONSUMER,1200,1,did:web:ssi-dim-wallet-service.identity:BPNL00000003AYRE,86012f03-7dfc-48dc-9ab1-ad3098a88888,1791410876069,1791411850845,1791411850845,
120fe096-a35e-4c0c-bebe-70e2b160ab3f,CONSUMER,1200,1,did:web:ssi-dim-wallet-service.identity:BPNL00000003AYRE,1c2b6edf-4950-463a-b664-858a13a686ea,1791410876088,1791411851036,1791411851036,
c35782cc-d147-4301-adaf-549fabd357ac,CONSUMER,1200,1,did:web:ssi-dim-wallet-service.identity:BPNL00000003AYRE,ba511d61-b916-4d51-8b12-5d77e8b22bfe,1791410876089,1791411850948,1791411850948,
175edff9-0a4c-44d2-908a-b1a7e0abb54c,CONSUMER,1200,1,did:web:ssi-dim-wallet-service.identity:BPNL00000003AYRE,25becbe9-4121-46ec-b485-d61ac654c141,1791410876172,1791411851868,1791411851868,
73d6eec3-8f65-4fa4-9813-4a422c49f0da,CONSUMER,1200,1,did:web:ssi-dim-wallet-service.identity:BPNL00000003AYRE,2e9278d9-8ae6-4293-81aa-6e95c264bb19,1791410876275,1791411851436,1791411851436,
ab60b86b-d7ab-4b0d-b0fe-daaf87f42fe3,CONSUMER,1200,1,did:web:ssi-dim-wallet-service.identity:BPNL00000003AYRE,733f31cf-7247-42d7-aec6-2e393fa0b648,1791410876573,1791411851536,1791411851536,
36c2c008-56ee-473b-8325-f591aee0eee2,CONSUMER,1200,1,did:web:ssi-dim-wallet-service.identity:BPNL00000003AYRE,a5632481-6cd5-4432-be60-9cdc1e894b93,1791410876589,1791411851638,1791411851638,
487d5733-c89b-45ce-a59d-9c2aa36b6af3,CONSUMER,1200,1,did:web:ssi-dim-wallet-service.identity:BPNL00000003AYRE,a273f450-c206-45e5-988a-f123ea954269,1791410876682,1791411852168,1791411852168,
fc78cdd8-15c9-49c4-b350-cc68187f6d24,CONSUMER,1200,1,did:web:ssi-dim-wallet-service.identity:BPNL00000003AYRE,c3d2dd83-797d-4532-ba99-3f59d0473249,1791410877049,1791411851159,1791411851159,
6a94149c-907b-4ce2-9b9f-4f70712d810e,CONSUMER,1200,1,did:web:ssi-dim-wallet-service.identity:BPNL00000003AYRE,31b5ea78-2b91-45bc-b915-1ab86aebfab3,1791410877276,1791411851840,1791411851840,
98be6632-3be7-4d6f-94a2-36e16acc370d,CONSUMER,1200,1,did:web:ssi-dim-wallet-service.identity:BPNL00000003AYRE,14bc0eaa-c2fa-4a81-9f67-ea5fd7faab53,1791410877284,1791411851867,1791411851867,
f2757504-0054-4158-b1d7-ec18921b27e2,CONSUMER,1200,1,did:web:ssi-dim-wallet-service.identity:BPNL00000003AYRE,71e371a7-fb20-4bf0-93bd-34a4b2224825,1791410877437,1791411852269,1791411852269,
e5506136-0873-43ad-ba14-aac213989f2f,CONSUMER,1200,1,did:web:ssi-dim-wallet-service.identity:BPNL00000003AYRE,01580c81-5bf4-44d8-8d0b-ea391af3c088,1791410877477,1791411852036,1791411852036,
8c607e1c-74d0-44ec-8570-7f0d6c7080af,CONSUMER,1200,1,did:web:ssi-dim-wallet-service.identity:BPNL00000003AYRE,0b9f47c9-0f8f-4e3b-8855-a9a7c5e4a6f4,1791410877582,1791411857875,1791411857875,
170969e1-87dd-46cf-bf20-627ba89e81f4,CONSUMER,1200,1,did:web:ssi-dim-wallet-service.identity:BPNL00000003AYRE,fb1f10f0-1ea5-4048-b9f3-2165b8ab8f69,1791410877671,1791411857677,1791411857677,
165ed4e4-59e6-4087-aa64-432b40f9541a,CONSUMER,1200,1,did:web:ssi-dim-wallet-service.identity:BPNL00000003AYRE,f2ad251c-f307-484b-abc0-264cf1b0d561,1791410877674,1791411857656,1791411857656,
72b21532-55fa-4e5c-b9e6-ae65a67b981c,CONSUMER,1200,1,did:web:ssi-dim-wallet-service.identity:BPNL00000003AYRE,1db4ce6a-5b4e-4041-80b2-9659d3806f5f,1791410877677,1791411857667,1791411857667,
75dd4f68-1aff-4adf-8f7e-7c402999f6cd,CONSUMER,1200,1,did:web:ssi-dim-wallet-service.identity:BPNL00000003AYRE,f11b9219-6c79-4d45-a125-a0b784fc032b,1791410877680,1791411857768,1791411857768,
5444e5e5-73a9-4204-aa29-d751978c144a,CONSUMER,1200,1,did:web:ssi-dim-wallet-service.identity:BPNL00000003AYRE,0fc502dd-5e16-49da-8324-14b557e37e35,1791410877774,1791411858134,1791411858134,
8d9b9aa0-05b8-4034-9345-1c36c55a0a24,CONSUMER,1200,1,did:web:ssi-dim-wallet-service.identity:BPNL00000003AYRE,3c4581e9-690f-4add-ba48-caf94ed39d98,1791410877978,1791411858045,1791411858045,
9e3f98ac-5f31-4247-b515-f21f97796421,CONSUMER,1200,1,did:web:ssi-dim-wallet-service.identity:BPNL00000003AYRE,a5c071f6-4efe-4756-bc23-682de8c117e4,1791410878372,1791411858234,1791411858234,
63e98417-8593-424b-a7f8-b180c4a7161e,CONSUMER,1200,1,did:web:ssi-dim-wallet-service.identity:BPNL00000003AYRE,316e8c84-6908-45a3-93f9-43d5e546d553,1791410878669,1791411857839,1791411857839,
cd501d44-d8aa-40dc-8542-3f80546e1e7a,CONSUMER,1200,1,did:web:ssi-dim-wallet-service.identity:BPNL00000003AYRE,420340de-2b23-4514-9f7b-7916f1922d11,1791410879068,1791411858074,1791411858074,
36468dd0-19d1-487f-844f-1ea8342a7134,CONSUMER,1200,1,did:web:ssi-dim-wallet-service.identity:BPNL00000003AYRE,9265df8a-ce6f-4994-a7b2-904594cafba3,1791410879486,1791411858446,1791411858446,
4d93f586-9433-41a6-a8ff-9661633ae17a,CONSUMER,1200,1,did:web:ssi-dim-wallet-service.identity:BPNL00000003AYRE,a18708f8-797e-46ec-af39-523f74a6aae2,1791410880771,1791411858449,1791411858449,
45dbb5cf-7241-46b7-8efc-552caa9e0458,CONSUMER,1200,1,did:web:ssi-dim-wallet-service.identity:BPNL00000003AYRE,0a327ae6-f1e4-4a98-ba5c-466896f77427,1791410880876,1791411858339,1791411858339,
a8029269-31e7-4d4b-9c46-d3af3a51641b,CONSUMER,1200,1,did:web:ssi-dim-wallet-service.identity:BPNL00000003AYRE,09e969d0-0132-4703-b5bc-9fd8d14b5120,1791410881784,1791411858568,1791411858568,
115808e6-66e3-4be3-a82e-08ce1d51290c,CONSUMER,1200,1,did:web:ssi-dim-wallet-service.identity:BPNL00000003AYRE,877b95da-48ec-4511-9b9f-77293f2cb275,1791410884476,1791411858836,1791411858836,
5efc0eee-77ec-4d65-9702-d1437d30c653,CONSUMER,1200,1,did:web:ssi-dim-wallet-service.identity:BPNL00000003AYRE,ba20229a-5b31-4eee-9548-99838a3d17c5,1791410886471,1791411858646,1791411858646,
8701d137-78ae-4192-9259-0fb3ebfd988d,CONSUMER,1200,1,did:web:ssi-dim-wallet-service.identity:BPNL00000003AYRE,0372e750-6308-48b4-ba9e-77756c2c5a33,1791410888691,1791411858834,1791411858834,
4c1222f3-eff0-43b1-b3f4-8526cb24b54a,CONSUMER,1200,1,did:web:ssi-dim-wallet-service.identity:BPNL00000003AYRE,f7957158-3b9c-4872-aef7-1cc19407bb12,1791410889193,1791411863367,1791411863367,
9e85972d-1ffa-48d0-bd2d-f4c741bdc5e2,CONSUMER,1200,1,did:web:ssi-dim-wallet-service.identity:BPNL00000003AYRE,c0ba8d96-5c7a-4ac3-9338-98fd4858f930,1791410889268,1791411858887,1791411858887,
65fed8b2-db51-445e-ba81-8eacce5db6e6,CONSUMER,1200,1,did:web:ssi-dim-wallet-service.identity:BPNL00000003AYRE,7fba7d7a-e335-49b4-bfc5-3744ff3f7911,1791410889389,1791411858868,1791411858868,
3471a4cb-83ea-4b25-b8b1-6bd50e3b19b8,CONSUMER,1200,1,did:web:ssi-dim-wallet-service.identity:BPNL00000003AYRE,ca21792f-5cc1-48df-9ebf-63aa49df615a,1791410889472,1791411863435,1791411863435,
1fd0c6b1-da98-44ac-b5d8-ef762267fff8,CONSUMER,1200,1,did:web:ssi-dim-wallet-service.identity:BPNL00000003AYRE,1042c355-c035-4ea7-be58-75a7268ff40c,1791410889489,1791411858969,1791411858969,
4d9d875a-eb4e-4615-9a50-134a2fcfdf42,CONSUMER,1200,1,did:web:ssi-dim-wallet-service.identity:BPNL00000003AYRE,1206d0af-b504-493d-9e50-d54707dcb88d,1791410889685,1791411863367,1791411863367,
f8a9896a-b191-4c3f-bc72-8bb695e21b49,CONSUMER,1200,1,did:web:ssi-dim-wallet-service.identity:BPNL00000003AYRE,97e7a9f2-703d-4154-a40d-a971efea246c,1791410889767,1791411863534,1791411863534,
018b81cd-78f0-49e9-96b8-aef59c21709c,CONSUMER,1200,1,did:web:ssi-dim-wallet-service.identity:BPNL00000003AYRE,e1284209-3ae3-4ddd-945a-436e4c3b2e7c,1791410889769,1791411863234,1791411863234,
9509f91e-87ad-409a-b309-eac306214f06,CONSUMER,1200,1,did:web:ssi-dim-wallet-service.identity:BPNL00000003AYRE,3a644276-4c6b-4cf5-900b-a5ac4874d46e,1791410889791,1791411864039,1791411864039,
fe756c57-0808-4694-baf6-be23cb5e1fca,CONSUMER,1200,1,did:web:ssi-dim-wallet-service.identity:BPNL00000003AYRE,3af74994-7eb9-4881-98f6-89af2eaf077d,1791410889893,1791411863840,1791411863840,
306dd17b-66b9-4964-a379-6be05bafdd47,CONSUMER,1200,1,did:web:ssi-dim-wallet-service.identity:BPNL00000003AYRE,a34eddcc-07a7-40ef-88d1-50a58dd7a891,1791410889987,1791411863873,1791411863873,
2562e5d6-e481-46a8-8bb6-54e7c49da68a,CONSUMER,1200,1,did:web:ssi-dim-wallet-service.identity:BPNL00000003AYRE,90d66032-56af-48af-b84a-4b2ce25b06b4,1791410889988,1791411863967,1791411863967,
9611c905-75bc-40a7-8b4c-d6f7c8da5a65,CONSUMER,1200,1,did:web:ssi-dim-wallet-service.identity:BPNL00000003AYRE,9531925a-db74-44de-aea5-84697bbe3444,1791410890168,1791411864068,1791411864068,
8f8c50f5-2c96-4997-8c39-b05f21a11964,CONSUMER,1200,1,did:web:ssi-dim-wallet-service.identity:BPNL00000003AYRE,872f5d59-6126-4625-9c61-61a8d42a4b27,1791410890970,1791411864235,1791411864235,
17cc2bfb-17bd-458b-b1c1-594d2208a22e,CONSUMER,1200,1,did:web:ssi-dim-wallet-service.identity:BPNL00000003AYRE,2c252c95-10cf-4485-a095-582cbf053999,1791410890991,1791411864976,1791411864976,
9db65f6f-83f1-410b-a05b-551ebd98eb01,CONSUMER,1200,1,did:web:ssi-dim-wallet-service.identity:BPNL00000003AYRE,3f7b40a2-3435-4c16-a6c6-76921653f9d6,1791410891275,1791411864779,1791411864779,
75ef3050-01d9-4396-bf47-1d4895e90905,CONSUMER,1200,1,did:web:ssi-dim-wallet-service.identity:BPNL00000003AYRE,be3f381a-0a8b-4f2e-a177-6809dcf5396b,1791410891386,1791411864778,1791411864778,
358ac0eb-3d2d-4f62-ad5d-840845cda2a9,CONSUMER,1200,1,did:web:ssi-dim-wallet-service.identity:BPNL00000003AYRE,30131a78-b5ea-4825-a8ac-0bc64e1b2fe4,1791410891777,1791411864534,1791411864534,
d917fad2-24cc-4ec7-a780-815d018e0833,CONSUMER,1200,1,did:web:ssi-dim-wallet-service.identity:BPNL00000003AYRE,369aaca8-fe29-423d-b5ff-cc1ebf17a4e6,1791410893073,1791411864669,1791411864669,
afeee8fa-4dda-4ea7-bae6-a8ebf0dcdb57,CONSUMER,1200,1,did:web:ssi-dim-wallet-service.identity:BPNL00000003AYRE,c0010e38-00e5-44a1-b212-2c503a4acae9,1791410893279,1791411864668,1791411864668,
29f244aa-849a-4bad-81ea-d2b0930330a1,CONSUMER,1200,1,did:web:ssi-dim-wallet-service.identity:BPNL00000003AYRE,ac2f1c2d-71b7-4464-a444-ef727f6ce702,1791410893374,1791411865078,1791411865078,
b288c862-d4e2-4ece-812d-1921fa67ff01,CONSUMER,1200,1,did:web:ssi-dim-wallet-service.identity:BPNL00000003AYRE,1c0e376a-7c6d-4dcf-9d5f-8090e2340815,1791410893583,1791411864981,1791411864981,
20641363-9700-4d33-a869-4880c21b2f72,CONSUMER,1200,1,did:web:ssi-dim-wallet-service.identity:BPNL00000003AYRE,b4ffbf20-c655-4e73-b219-18f8614e2321,1791410893879,1791411867735,1791411867735,
f629474f-0f24-4b3d-a1b2-2a8fe475ba21,CONSUMER,1200,1,did:web:ssi-dim-wallet-service.identity:BPNL00000003AYRE,4b830d53-007d-4a79-87f8-887ab9004bfd,1791410894878,1791411864669,1791411864669,
eee350c9-d7b4-42e3-afc3-cd71d72897ef,CONSUMER,1200,1,did:web:ssi-dim-wallet-service.identity:BPNL00000003AYRE,ff33dd18-4ec0-4cdf-9ea4-8bf201966024,1791410895083,1791411867568,1791411867568,
494bdf01-0b55-4194-9a42-8bc84f1491d4,CONSUMER,1200,1,did:web:ssi-dim-wallet-service.identity:BPNL00000003AYRE,58a5fe3e-79e8-4f58-a2d7-b5a12fbab96d,1791410895242,1791411867576,1791411867576,
0fae973d-f97b-4aa3-a7e3-16d26809ee80,CONSUMER,1200,1,did:web:ssi-dim-wallet-service.identity:BPNL00000003AYRE,76ba4c2e-2c47-4880-825d-080173ced6a6,1791410895480,1791411867770,1791411867770,
a55e7cf5-99af-469f-afd3-40b12cc0adcb,CONSUMER,1200,1,did:web:ssi-dim-wallet-service.identity:BPNL00000003AYRE,e5c59a70-1725-487b-bf12-76d6068a3438,1791410895576,1791411867975,1791411867975,
c6f77cd5-7fcf-4639-8a44-991eb1af08f2,CONSUMER,1200,1,did:web:ssi-dim-wallet-service.identity:BPNL00000003AYRE,7c650bbe-585f-41cf-a829-0b25307f9218,1791410897090,1791411867574,1791411867574,
970936fa-1b42-4ff1-b5b6-25de9b9b88ec,CONSUMER,1200,1,did:web:ssi-dim-wallet-service.identity:BPNL00000003AYRE,6fec6447-86be-45c9-a6b3-b4ac1d3e9fce,1791410897269,1791411868335,1791411868335,
416ee1ca-1b52-4e16-a0e5-f875b046dfb6,CONSUMER,1200,1,did:web:ssi-dim-wallet-service.identity:BPNL00000003AYRE,6cd1df50-f927-4727-8fbd-c04c9f761568,1791410897385,1791411868035,1791411868035,
0fbc76e4-4567-42fb-abb0-caf4e4cc518b,CONSUMER,1200,1,did:web:ssi-dim-wallet-service.identity:BPNL00000003AYRE,fd264636-1481-424c-aa79-38a7105fd828,1791410898577,1791411867873,1791411867873,
26c9d1b4-4987-4e99-a7d6-066edae36092,CONSUMER,1200,1,did:web:ssi-dim-wallet-service.identity:BPNL00000003AYRE,1daf22ad-54b2-4089-8859-e1468a28b7ff,1791410898584,1791411868276,1791411868276,
c8cf3d58-36ea-4e7f-90ba-082e1137604a,CONSUMER,1200,1,did:web:ssi-dim-wallet-service.identity:BPNL00000003AYRE,a0a0630b-2ae3-4008-9602-69d465117e4d,1791410898790,1791411868372,1791411868372,
33bbb7fc-647e-4e42-aaad-47639a2d4bf1,CONSUMER,1200,1,did:web:ssi-dim-wallet-service.identity:BPNL00000003AYRE,af038ee2-ef44-4329-a443-a700e21eadc9,1791410899487,1791411868278,1791411868278,
d6cca6d8-567f-4181-a822-b37a6261fa2b,CONSUMER,1200,1,did:web:ssi-dim-wallet-service.identity:BPNL00000003AYRE,43ffbbaf-bb8f-4d56-a58b-1db4d8b879a8,1791410899990,1791411868669,1791411868669,
3cbba3da-828f-4962-9ecf-210be76b927d,CONSUMER,1200,1,did:web:ssi-dim-wallet-service.identity:BPNL00000003AYRE,b4f0bce6-2735-4b70-b16a-6ad96961f850,1791410900871,1791411868770,1791411868770,
0c867310-4339-418e-813a-7fae26222818,CONSUMER,1200,1,did:web:ssi-dim-wallet-service.identity:BPNL00000003AYRE,901fd149-9f64-4ab1-9dee-623bef5b67f2,1791410900971,1791411868935,1791411868935,
d3a9cc94-95b5-432d-b2e4-84591f379d3b,CONSUMER,1200,1,did:web:ssi-dim-wallet-service.identity:BPNL00000003AYRE,6674c079-0adb-4b35-bc9a-335604ee7efe,1791410901190,1791411868868,1791411868868,
34e19e38-dbaa-42a3-936c-aa5c41878795,CONSUMER,1200,1,did:web:ssi-dim-wallet-service.identity:BPNL00000003AYRE,7ad33145-ae66-46b0-9d06-70cd01d08940,1791410901288,1791411868836,1791411868836,
741e4003-f1f9-4578-9434-6fbd0ed44f9b,CONSUMER,1200,1,did:web:ssi-dim-wallet-service.identity:BPNL00000003AYRE,5c298884-23ad-464f-bb53-7bd29172491e,1791410901772,1791411868989,1791411868989,
9795c037-5096-4648-8570-3ac73f6233d8,CONSUMER,1200,1,did:web:ssi-dim-wallet-service.identity:BPNL00000003AYRE,61f2de06-5fa8-4b2c-8447-31a33fa2efea,1791410903074,1791411869184,1791411869184,
6b584ddc-568b-4eb9-a63c-c01b925d30bd,CONSUMER,1200,1,did:web:ssi-dim-wallet-service.identity:BPNL00000003AYRE,6c5e0cf0-c2a2-4fed-bbed-26321ee99ace,1791410903577,1791411873135,1791411873135,
433fbce5-68ed-4340-9700-2fc18d305175,CONSUMER,1200,1,did:web:ssi-dim-wallet-service.identity:BPNL00000003AYRE,38084800-bfc8-430e-b94b-34c5d86cdd95,1791410903577,1791411869367,1791411869367,
035f0d3b-bb32-4633-bb4a-e9ef3d949d27,CONSUMER,1100,1,did:web:ssi-dim-wallet-service.identity:BPNL00000003AYRE,ce04e178-8cd6-492f-8856-ec77d9e49ab2,1791410903874,1791411864247,1791411864247,
4d90603d-68cb-4071-86bc-fea62ed04507,CONSUMER,1200,1,did:web:ssi-dim-wallet-service.identity:BPNL00000003AYRE,ec30e56a-26b3-4fb0-a9ba-907b93be6447,1791410904284,1791411873036,1791411873036,
51b45d9e-37c1-4531-baf7-dc5813624c93,CONSUMER,1100,1,did:web:ssi-dim-wallet-service.identity:BPNL00000003AYRE,b5c7ac25-549e-4f16-a14b-856df4ad5aaf,1791410904576,1791411864755,1791411864755,
5140e6d6-5dfb-47e7-ae52-c1aabf402c31,CONSUMER,1100,1,did:web:ssi-dim-wallet-service.identity:BPNL00000003AYRE,2d6f253b-882b-4284-b4b0-ce52b82da64e,1791410905379,1791411864469,1791411864469,
9bf3e698-e8f1-4329-a78b-50fbf85c6f44,CONSUMER,1100,1,did:web:ssi-dim-wallet-service.identity:BPNL00000003AYRE,39440847-5ff5-41a5-b8db-fa4bd614101c,1791410905601,1791411864749,1791411864749,
aa6e252a-3362-4230-ae66-82db8cd79b7d,CONSUMER,1100,1,did:web:ssi-dim-wallet-service.identity:BPNL00000003AYRE,09ef66de-6e9c-47a4-994b-42f36a5292b9,1791410905669,1791411864839,1791411864839,
22c56ddf-a241-459e-8b54-661d58733b49,CONSUMER,1100,1,did:web:ssi-dim-wallet-service.identity:BPNL00000003AYRE,c2a467c8-2c96-409b-bd3a-11bcadfdfe91,1791410905670,1791411864523,1791411864523,
4325158b-8b22-4e38-bd7d-918a55199a9c,CONSUMER,1100,1,did:web:ssi-dim-wallet-service.identity:BPNL00000003AYRE,f7e8214f-86cd-4706-b8ed-3887d75e846b,1791410906987,1791411864850,1791411864850,
3c81910a-581b-4d78-9080-eaabe6ec5455,CONSUMER,1100,1,did:web:ssi-dim-wallet-service.identity:BPNL00000003AYRE,8fd06aa0-5a97-4c6c-89f7-8b1ec8d9a392,1791410907770,1791411864941,1791411864941,
4c1fdf3e-ec57-41ff-b62e-9efb115c8e3c,CONSUMER,1100,1,did:web:ssi-dim-wallet-service.identity:BPNL00000003AYRE,30ad4e59-8dda-4a61-a260-d48365a45959,1791410907772,1791411865541,1791411865541,
b571b76f-521e-4103-96d3-9be14ee286ac,CONSUMER,1100,1,did:web:ssi-dim-wallet-service.identity:BPNL00000003AYRE,29660d01-aa83-4cc4-bd7c-756b31810684,1791410908187,1791411865059,1791411865059,
9a44e9b0-35bb-4b33-b490-4ee1dc48def4,CONSUMER,1100,1,did:web:ssi-dim-wallet-service.identity:BPNL00000003AYRE,d4069004-bdfa-4dd6-9c53-8959c2e5902d,1791410908391,1791411865533,1791411865533,
9b149b31-d1af-43fc-b08d-dddc1dbd34fc,CONSUMER,1100,1,did:web:ssi-dim-wallet-service.identity:BPNL00000003AYRE,e1ad1d4d-9a23-4f67-b52a-34ca8be78c4e,1791410910574,1791411865305,1791411865305,
f7fea783-f32d-4401-88d3-7e60e74e7b4c,CONSUMER,1100,1,did:web:ssi-dim-wallet-service.identity:BPNL00000003AYRE,d966596a-6770-4d22-badc-216f7f3d426a,1791410911178,1791411865230,1791411865230,
dd0c0016-407e-4931-87ca-d34fc773bd21,CONSUMER,1100,1,did:web:ssi-dim-wallet-service.identity:BPNL00000003AYRE,0c32fb2f-80fb-48bc-b0b6-a96663a95e85,1791410911373,1791411865541,1791411865541,
c6579f9d-cdb5-4acc-82ef-c484b5857ed2,CONSUMER,1100,1,did:web:ssi-dim-wallet-service.identity:BPNL00000003AYRE,129691e0-6a3c-4f3d-8039-e5c11b202586,1791410913077,1791411865403,1791411865403,
bae33878-f6e2-44e4-be43-56e480e0d4b7,CONSUMER,1100,1,did:web:ssi-dim-wallet-service.identity:BPNL00000003AYRE,74a5416e-74b4-46ce-9a6f-e7ab25f9a972,1791410913181,1791411865553,1791411865553,
902cc745-4141-4c73-b2e5-0c04c6c9fc9e,CONSUMER,1100,1,did:web:ssi-dim-wallet-service.identity:BPNL00000003AYRE,afe298c0-2a31-4a42-a7bc-efa32f8be3de,1791410913579,1791411865668,1791411865668,
aca9ecb2-77a6-447f-aaec-ebd5e0fecf5a,CONSUMER,1100,1,did:web:ssi-dim-wallet-service.identity:BPNL00000003AYRE,a71155a6-d43f-4038-8e9b-c796b6f771cf,1791410913780,1791411865935,1791411865935,
75b0608e-f750-473e-8963-0ed50636fa55,CONSUMER,1100,1,did:web:ssi-dim-wallet-service.identity:BPNL00000003AYRE,ef1deb9d-cf3a-40f6-bc3b-9bed79202fd8,1791410914374,1791411865710,1791411865710,
9dc60f5e-42bb-4d11-b8ab-f49c75ac8d04,CONSUMER,1100,1,did:web:ssi-dim-wallet-service.identity:BPNL00000003AYRE,b6632af5-b168-465e-831b-c7bd8aa70ac8,1791410914537,1791411866117,1791411866117,
f544f125-1dec-4c1b-b6f8-5630cc4e1ac1,CONSUMER,1100,1,did:web:ssi-dim-wallet-service.identity:BPNL00000003AYRE,8c73c4cf-4233-4fc0-bbf4-a5e8c9f721db,1791410914682,1791411865710,1791411865710,
0f1135cd-2a40-4a1c-abee-68fe7f340002,CONSUMER,1100,1,did:web:ssi-dim-wallet-service.identity:BPNL00000003AYRE,4e58f3e2-c31b-4c9e-a445-98088204b5a0,1791410915185,1791411866034,1791411866034,
98967798-fe00-4265-a1ee-d616f92d5dd1,CONSUMER,1100,1,did:web:ssi-dim-wallet-service.identity:BPNL00000003AYRE,59f341ee-a9ac-4d94-be16-7240a7ee5ba0,1791410916269,1791411866339,1791411866339,
615d05e0-9458-4616-b62e-f48160c30e76,CONSUMER,1100,1,did:web:ssi-dim-wallet-service.identity:BPNL00000003AYRE,c7fa036e-1c62-4f38-a856-a1b88153a98e,1791410917686,1791411866567,1791411866567,
1da4da83-9c20-4df4-bc68-17961b505b64,CONSUMER,1100,1,did:web:ssi-dim-wallet-service.identity:BPNL00000003AYRE,650f7e40-b6ee-4027-b31f-52ed23d278d1,1791410917869,1791411866567,1791411866567,
c2fea23d-861b-449a-9a7a-cc665e452367,CONSUMER,1100,1,did:web:ssi-dim-wallet-service.identity:BPNL00000003AYRE,ef7e1c59-2917-43ca-8f96-2b1a44af93ec,1791410918671,1791411866504,1791411866504,
4c8f7e1a-3625-42c5-9ad4-49b153d1fc3b,CONSUMER,1100,1,did:web:ssi-dim-wallet-service.identity:BPNL00000003AYRE,0cdd542e-e37b-4afa-8a69-4f3b77bff82d,1791410919495,1791411866244,1791411866244,
6ec20581-4291-4be3-ae69-c0df00bc904b,CONSUMER,1100,1,did:web:ssi-dim-wallet-service.identity:BPNL00000003AYRE,f3927b6b-3433-4eb3-972f-483d22927097,1791410920474,1791411866803,1791411866803,
7064d14e-7e5c-4ef2-91b7-b94c0ffcb692,CONSUMER,1100,1,did:web:ssi-dim-wallet-service.identity:BPNL00000003AYRE,42b8bc05-5817-4166-862b-0ba914a09d9d,1791410922077,1791411867404,1791411867404,
3254ac04-6548-45da-91c0-6943736da22a,CONSUMER,1100,1,did:web:ssi-dim-wallet-service.identity:BPNL00000003AYRE,9e80587d-b3f6-4975-a921-3a2926c606d6,1791410922476,1791411866640,1791411866640,
11b3046f-4c6a-451b-a84c-d56ab3bbc705,CONSUMER,1100,1,did:web:ssi-dim-wallet-service.identity:BPNL00000003AYRE,842c8f9a-835d-416d-98b5-5251f520771c,1791410922770,1791411867304,1791411867304,
25f2a2e1-c3e8-43a9-86e4-9f4a51963be3,CONSUMER,1100,1,did:web:ssi-dim-wallet-service.identity:BPNL00000003AYRE,f095885d-4545-4329-b4be-330f812b6dfd,1791410922976,1791411867453,1791411867453,
4121d047-ff21-42cd-a8ab-97d970be6f85,CONSUMER,1100,1,did:web:ssi-dim-wallet-service.identity:BPNL00000003AYRE,6c0a3d8e-490e-4235-835b-704e62652cb1,1791410927270,1791411867303,1791411867303,
c7b5c1d6-732a-4c6a-8d83-5689552174ee,CONSUMER,1100,1,did:web:ssi-dim-wallet-service.identity:BPNL00000003AYRE,96ac13d4-f392-421e-a272-f57880b29617,1791410927277,1791411866910,1791411866910,
17fc02b7-9aef-4aef-8ace-8bdf6592a29e,CONSUMER,1100,1,did:web:ssi-dim-wallet-service.identity:BPNL00000003AYRE,15ffbecd-7773-457c-960b-05b501790506,1791410927277,1791411867304,1791411867304,
4864b90b-e1b6-4e8b-b333-68e58cdb4c72,CONSUMER,1100,1,did:web:ssi-dim-wallet-service.identity:BPNL00000003AYRE,6ae4922c-3935-4ce4-8623-7fa52a9eb70f,1791410927281,1791411867447,1791411867447,
6014110d-e786-4c4e-bb2e-c0e8ec30546d,CONSUMER,1100,1,did:web:ssi-dim-wallet-service.identity:BPNL00000003AYRE,b32896d1-c337-4f74-8e87-a6581f580c7e,1791410927372,1791411867304,1791411867304,
36d15551-fe86-4198-8068-2067ab559fe8,CONSUMER,1100,1,did:web:ssi-dim-wallet-service.identity:BPNL00000003AYRE,179b0665-ef18-4c06-9634-d471794e94b6,1791410927476,1791411867633,1791411867633,
10ec366b-2fed-40e1-9217-7cbac634398d,CONSUMER,1100,1,did:web:ssi-dim-wallet-service.identity:BPNL00000003AYRE,e1a1d7c6-19fe-493e-a393-10f0f0216358,1791410927489,1791411867959,1791411867959,
d2336407-e80d-4cc8-a3af-ad61939bd01a,CONSUMER,1100,1,did:web:ssi-dim-wallet-service.identity:BPNL00000003AYRE,d5ffcc33-92fd-4a3d-82cb-088ede953bd8,1791410927569,1791411868105,1791411868105,
06825a4a-9224-4eda-a586-78d993b0413c,CONSUMER,1100,1,did:web:ssi-dim-wallet-service.identity:BPNL00000003AYRE,b8dffcf5-4cb3-4003-bbef-1c8a06f3cc17,1791410927769,1791411867646,1791411867646,
4b912a8c-628d-4bc3-84f1-0aa3da581070,CONSUMER,1100,1,did:web:ssi-dim-wallet-service.identity:BPNL00000003AYRE,aa301ef7-3f03-49c5-bc35-a27592ced88e,1791410928937,1791411868024,1791411868024,
bbd724b5-a543-4ea8-81bb-232884e74304,CONSUMER,1100,1,did:web:ssi-dim-wallet-service.identity:BPNL00000003AYRE,2f6a55a5-e205-48a1-830b-92431cb71b23,1791410929669,1791411867640,1791411867640,
34594aa2-5fb2-44f9-b215-ed93456c61ec,CONSUMER,1100,1,did:web:ssi-dim-wallet-service.identity:BPNL00000003AYRE,15721295-1355-462a-a526-adb4ca124066,1791410929868,1791411868334,1791411868334,
d4a0e7e8-75e0-4c4e-8fbb-b8a6c30896ab,CONSUMER,1100,1,did:web:ssi-dim-wallet-service.identity:BPNL00000003AYRE,12ce8478-68c9-4a73-9fe5-62aaa0fecad6,1791410932068,1791411868704,1791411868704,
7159e6b2-72c9-4a3b-b3fc-961e92e8b1df,CONSUMER,1100,1,did:web:ssi-dim-wallet-service.identity:BPNL00000003AYRE,767458f9-bab5-4461-8349-1477a2336969,1791410932979,1791411868704,1791411868704,
1d5dcc52-91d6-42c8-88f5-9f08d80603fd,CONSUMER,1100,1,did:web:ssi-dim-wallet-service.identity:BPNL00000003AYRE,e2726e0a-4e3b-4380-8a62-921d8d6a4674,1791410933073,1791411869050,1791411869050,
eca8dc5c-4bb2-4ffa-b204-096302e22a7f,CONSUMER,1100,1,did:web:ssi-dim-wallet-service.identity:BPNL00000003AYRE,931c56b1-f120-447f-a438-ea914fb8280b,1791410933275,1791411868434,1791411868434,
8be7e096-18ee-4944-b9e7-a6821c28c164,CONSUMER,1100,1,did:web:ssi-dim-wallet-service.identity:BPNL00000003AYRE,f14162d5-f4f1-43cb-b13f-c9d38b77b484,1791410934086,1791411868435,1791411868435,
bbc34a80-9a9d-43f7-ae63-a204b46c336b,CONSUMER,1100,1,did:web:ssi-dim-wallet-service.identity:BPNL00000003AYRE,f5627672-ac23-4e19-b1de-f063a73308fd,1791410935077,1791411868534,1791411868534,
2bb18f96-6ae7-4798-8c99-89486ad17d01,CONSUMER,1100,1,did:web:ssi-dim-wallet-service.identity:BPNL00000003AYRE,f413835a-9d9b-48b0-9c74-abf11d2f07b0,1791410935689,1791411868912,1791411868912,
fc75b7b1-0a96-4a28-bdd8-37ad1acdd62e,CONSUMER,1100,1,did:web:ssi-dim-wallet-service.identity:BPNL00000003AYRE,acb64eab-f595-49cb-80ff-19ffe694b9f9,1791410936580,1791411869067,1791411869067,
fa87c3ff-bc10-450c-aaf5-b7d1082994f7,CONSUMER,1100,1,did:web:ssi-dim-wallet-service.identity:BPNL00000003AYRE,7d09fb7f-8c85-4360-9397-b22cab3ec131,1791410936639,1791411868942,1791411868942,
de85b8a4-1da9-4cff-9101-a8d93f7660d5,CONSUMER,1100,1,did:web:ssi-dim-wallet-service.identity:BPNL00000003AYRE,77eef887-b9fa-4170-b201-afeb0662142b,1791410936738,1791411869104,1791411869104,
9330eccd-2326-43fa-81ee-503a149b429d,CONSUMER,1100,1,did:web:ssi-dim-wallet-service.identity:BPNL00000003AYRE,a847c86b-ab5a-4842-8be5-4d8b18016063,1791410937172,1791411869236,1791411869236,
9462daca-5ffc-42e5-8d48-21a796eb362f,CONSUMER,1100,1,did:web:ssi-dim-wallet-service.identity:BPNL00000003AYRE,2c1be680-7c61-47b3-ae0a-872388a36239,1791410938386,1791411869441,1791411869441,
b3e2c519-121c-4bc9-a137-b7c10af6d20d,CONSUMER,1100,1,did:web:ssi-dim-wallet-service.identity:BPNL00000003AYRE,17dfd929-31dd-40e3-bce8-a3db1053a742,1791410940171,1791411869447,1791411869447,
99fb0991-2f3c-43e7-b17f-d3a4e7d115b4,CONSUMER,1100,1,did:web:ssi-dim-wallet-service.identity:BPNL00000003AYRE,275d5480-a038-46fd-98a3-01783b945172,1791410940974,1791411869447,1791411869447,
6625ae05-494b-4c25-88a9-42bba4b72968,CONSUMER,1100,1,did:web:ssi-dim-wallet-service.identity:BPNL00000003AYRE,1dfbfd87-a46e-4217-a011-c1b8c45ff786,1791410941785,1791411869447,1791411869447,
510120ba-1063-44d2-86f1-89e29e4dcfed,CONSUMER,1100,1,did:web:ssi-dim-wallet-service.identity:BPNL00000003AYRE,0f95a2c2-2deb-4749-bbfa-3f100cd07e63,1791410942777,1791411869545,1791411869545,
e0cb609a-ab5d-4a41-8bc5-9d7004c3f762,CONSUMER,1100,1,did:web:ssi-dim-wallet-service.identity:BPNL00000003AYRE,01c6a4ea-369f-41f9-9ca8-a3d060ccd391,1791410944740,1791411869622,1791411869622,
8230bfdc-8a88-4678-8798-c7c770a69e40,CONSUMER,1100,1,did:web:ssi-dim-wallet-service.identity:BPNL00000003AYRE,3dada829-5eae-45a5-8b24-6ca6ef924d21,1791410944775,1791411869643,1791411869643,
847a1957-d8a1-4c9f-8da6-4c6fffe7d89b,CONSUMER,1100,1,did:web:ssi-dim-wallet-service.identity:BPNL00000003AYRE,17be2fa6-9756-46e7-a7c8-5180af7dd444,1791410947879,1791411869749,1791411869749,
53b6a423-ee5c-44b3-b099-68ed37cdfd0c,CONSUMER,1100,1,did:web:ssi-dim-wallet-service.identity:BPNL00000003AYRE,4d5d5c59-9c22-4045-8308-3572f9c0cbfb,1791410948890,1791411869904,1791411869904,
64de8ecc-6c1f-4989-a897-6eaf53cabc09,CONSUMER,1100,1,did:web:ssi-dim-wallet-service.identity:BPNL00000003AYRE,e002d821-4411-4e48-b44f-3f6dca681290,1791410949770,1791411869936,1791411869936,
20e45468-57f0-4cd9-8a93-1c7974f0bf8c,CONSUMER,1100,1,did:web:ssi-dim-wallet-service.identity:BPNL00000003AYRE,20bda049-76f8-42e9-938d-7a63fcfb3bc5,1791410949785,1791411870105,1791411870105,
547e62c8-053a-419c-b081-3923298374f5,CONSUMER,1100,1,did:web:ssi-dim-wallet-service.identity:BPNL00000003AYRE,91bd601a-8b8d-4284-ad08-37e90cea2c4e,1791410949889,1791411870741,1791411870741,
99049248-d4ba-49d3-94e4-f1a6912b21a8,CONSUMER,1100,1,did:web:ssi-dim-wallet-service.identity:BPNL00000003AYRE,7ac8a794-6ea3-44ed-aedc-c2482677b255,1791410949892,1791411870336,1791411870336,
0386c3f4-3c4e-4a84-8e99-65bbd941a573,CONSUMER,1100,1,did:web:ssi-dim-wallet-service.identity:BPNL00000003AYRE,68c84ebf-9ba0-40db-8ca6-fc5c9d6f7511,1791410949979,1791411870304,1791411870304,
13af4163-0fab-44e8-9f22-cdc0a1987e69,CONSUMER,1100,1,did:web:ssi-dim-wallet-service.identity:BPNL00000003AYRE,2de5a7ef-bd6f-478b-98f6-118c1625e69b,1791410950187,1791411870645,1791411870645,
6c5b3001-07d2-4900-8334-8772415b4dd7,CONSUMER,1100,1,did:web:ssi-dim-wallet-service.identity:BPNL00000003AYRE,a077d9b3-40cc-4c62-8ad6-cf5ef30753ae,1791410950270,1791411870733,1791411870733,
0ef45705-3e27-4d00-9b55-5b2461208523,CONSUMER,1100,1,did:web:ssi-dim-wallet-service.identity:BPNL00000003AYRE,5f58a788-0387-4694-8492-ad84a8a0f062,1791410950496,1791411870435,1791411870435,
3d0e09e8-4c58-4b11-af00-05aa3f74e343,CONSUMER,1100,1,did:web:ssi-dim-wallet-service.identity:BPNL00000003AYRE,e5a932a9-0310-421c-9fed-65ab0f3cf952,1791410950675,1791411870751,1791411870751,
518b002c-a629-4cce-b464-6cf514708e54,CONSUMER,1100,1,did:web:ssi-dim-wallet-service.identity:BPNL00000003AYRE,4d9ca541-0a2b-4bf9-8484-815bc93a8a52,1791410950686,1791411870762,1791411870762,
7e2c691f-3ec3-4d8f-97e8-910903829033,CONSUMER,1100,1,did:web:ssi-dim-wallet-service.identity:BPNL00000003AYRE,64fdc953-3457-4672-aed1-bd879a91a281,1791410950782,1791411870934,1791411870934,
79947c96-1892-4d4c-a572-3b6701d90b1a,CONSUMER,1100,1,did:web:ssi-dim-wallet-service.identity:BPNL00000003AYRE,af0f1dbe-22af-4c53-872b-3fa23fa25ab5,1791410951381,1791411870953,1791411870953,
736d5b20-da71-4928-9ea2-8e6606d7e54e,CONSUMER,1100,1,did:web:ssi-dim-wallet-service.identity:BPNL00000003AYRE,3606ade6-b6ab-4791-83f7-a1ab8b088e0e,1791410951685,1791411870741,1791411870741,
73b4f8a0-d9e5-4f6c-bc6e-6456a2c47cd8,CONSUMER,1100,1,did:web:ssi-dim-wallet-service.identity:BPNL00000003AYRE,8a03b319-8c50-46a7-a71b-b9f05a8b0410,1791410952375,1791411870942,1791411870942,
703708b2-d843-4f07-8029-631dbe9a6899,CONSUMER,1050,1,did:web:ssi-dim-wallet-service.identity:BPNL00000003AYRE,bd25f89c-1679-4f4d-9599-1cce8e22cc53,1791410953276,1791411872254,1791411872254,
13c4297f-7351-4d05-ada0-d439ce8c806d,CONSUMER,1050,1,did:web:ssi-dim-wallet-service.identity:BPNL00000003AYRE,807b59f1-f9a6-4c77-8b92-5a4271aa58dc,1791410954377,1791411872265,1791411872265,
d8d3fee7-b635-4b54-ab5e-d7160a582715,CONSUMER,1050,1,did:web:ssi-dim-wallet-service.identity:BPNL00000003AYRE,82d7055d-c354-4a79-aac6-ac22d4d3da06,1791410954480,1791411872743,1791411872743,
c721b529-3762-4a27-9b93-db66644bbc2e,CONSUMER,1050,1,did:web:ssi-dim-wallet-service.identity:BPNL00000003AYRE,b5582f05-c0fa-41fa-b055-d631de340211,1791410955169,1791411872434,1791411872434,
e91e8374-3515-4420-8d19-d9ad2f4f18ec,CONSUMER,850,1,did:web:ssi-dim-wallet-service.identity:BPNL00000003AYRE,a4b1e314-8472-4ec0-be31-17afb37a2f7c,1791410956268,1791411871935,1791411871935,
0a0182b3-8d47-4d46-85f5-f864eca99c7c,CONSUMER,1050,1,did:web:ssi-dim-wallet-service.identity:BPNL00000003AYRE,6b85ab28-536f-4236-8d44-1b3ae4d5751f,1791410956392,1791411872936,1791411872936,
97ab1493-f864-4008-8ffc-bcbde98372a0,CONSUMER,850,1,did:web:ssi-dim-wallet-service.identity:BPNL00000003AYRE,1fa55722-db2e-4a90-a150-bc98d21eada7,1791410956469,1791411872337,1791411872337,
ec8203cc-7e3e-4fa2-8a7f-65fbd46dd3f1,CONSUMER,1050,1,did:web:ssi-dim-wallet-service.identity:BPNL00000003AYRE,54abd317-cfb1-4817-83d7-219ff313a225,1791410958285,1791411872655,1791411872655,
db786b1d-f152-4dfe-a58a-1e8124b3c643,CONSUMER,850,1,did:web:ssi-dim-wallet-service.identity:BPNL00000003AYRE,ea056840-8446-4b03-9126-4e8a397ab2b9,1791410958468,1791411872468,1791411872468,
ac9c8aea-928e-4c23-b00a-b7a3263b1e28,CONSUMER,850,1,did:web:ssi-dim-wallet-service.identity:BPNL00000003AYRE,15da242a-c5ea-4bb4-a5e2-c8d9ca6308c3,1791410958969,1791411872238,1791411872238,
4afc2e23-343c-43be-929f-09d38c91ca42,CONSUMER,850,1,did:web:ssi-dim-wallet-service.identity:BPNL00000003AYRE,ff6e80ea-8883-4939-b3fa-010c3b0b7093,1791410959171,1791411872336,1791411872336,
01e9a298-664c-4416-a275-748e7aa3d76e,CONSUMER,850,1,did:web:ssi-dim-wallet-service.identity:BPNL00000003AYRE,15d2c84d-81a7-4c48-9363-0658f379e3d7,1791410959877,1791411872349,1791411872349,
ca0e728e-9b5e-44ba-8991-ff3d8a5742ac,CONSUMER,850,1,did:web:ssi-dim-wallet-service.identity:BPNL00000003AYRE,2e110f3a-ed2f-47be-9363-2d558fd3b398,1791410960575,1791411872736,1791411872736,
0c70d1e4-f7eb-4a62-b494-2804474bc714,CONSUMER,850,1,did:web:ssi-dim-wallet-service.identity:BPNL00000003AYRE,7ab14158-05d0-4c7b-b1ad-99c1f478ba98,1791410960974,1791411872739,1791411872739,
5f4914d7-aca8-4444-aa57-1534818f75f8,CONSUMER,850,1,did:web:ssi-dim-wallet-service.identity:BPNL00000003AYRE,28a1a9f5-c92e-46c8-81af-d6e52787e60d,1791410961896,1791411872465,1791411872465,
b6ada80f-8abc-430c-90d1-f260877f1005,CONSUMER,850,1,did:web:ssi-dim-wallet-service.identity:BPNL00000003AYRE,b3b2a70b-a103-44a9-97b3-a02c3d36388c,1791410962085,1791411872738,1791411872738,
5a32f8c7-d6d8-4424-9fbf-cb932f180179,CONSUMER,850,1,did:web:ssi-dim-wallet-service.identity:BPNL00000003AYRE,b00cb443-80a8-4806-aa39-230036dd288a,1791410962088,1791411872574,1791411872574,
cae212c3-4895-433c-955c-591df19fc213,CONSUMER,850,1,did:web:ssi-dim-wallet-service.identity:BPNL00000003AYRE,bb0968a1-5aa8-4fee-9014-e13461ad3996,1791410963074,1791411872634,1791411872634,
b07a0918-8201-468a-9115-a9d1e6077f05,CONSUMER,850,1,did:web:ssi-dim-wallet-service.identity:BPNL00000003AYRE,df66074f-e36c-4a92-89d9-8653500a52bb,1791410963671,1791411872842,1791411872842,
02cd1735-029b-4ba9-9a5d-4d66e8bc3718,CONSUMER,200,1,did:web:ssi-dim-wallet-service.identity:BPNL00000003AYRE,,1791410963981,1791411783413,1791411783413,
2da5c702-edb4-4dfe-b11e-4bd99c9c25b7,CONSUMER,200,1,did:web:ssi-dim-wallet-service.identity:BPNL00000003AYRE,,1791410963988,1791411783616,1791411783616,
348b0583-63aa-4340-9bbc-d5862a9041ae,CONSUMER,850,1,did:web:ssi-dim-wallet-service.identity:BPNL00000003AYRE,016b39f5-ac11-442d-9126-4dd62e4b83b2,1791410964081,1791411872934,1791411872934,
9abb7994-a3f3-4dd3-9728-5d18f87c671c,CONSUMER,200,1,did:web:ssi-dim-wallet-service.identity:BPNL00000003AYRE,,1791410964272,1791411783712,1791411783712,
969a332a-0a6a-4b88-bb5a-2dd0e3a70027,CONSUMER,200,1,did:web:ssi-dim-wallet-service.identity:BPNL00000003AYRE,,1791410964471,1791411783410,1791411783410,
6e39f6b5-2753-4acd-9416-2f65de4c38cf,CONSUMER,200,1,did:web:ssi-dim-wallet-service.identity:BPNL00000003AYRE,,1791410966491,1791411783760,1791411783760,
84345d08-3865-4b3c-9ac4-323da31eb896,CONSUMER,200,1,did:web:ssi-dim-wallet-service.identity:BPNL00000003AYRE,,1791410966685,1791411783854,1791411783854,
4e6a7a49-56d3-45bb-afa5-554d45b63e00,CONSUMER,200,1,did:web:ssi-dim-wallet-service.identity:BPNL00000003AYRE,,1791410967469,1791411783957,1791411783957,
1502bd11-d1d9-4a95-9f7e-d8f62c919bbd,CONSUMER,200,1,did:web:ssi-dim-wallet-service.identity:BPNL00000003AYRE,,1791410968271,1791411783957,1791411783957,
47aeaddb-5b88-4060-ac00-9aabce12be43,CONSUMER,200,1,did:web:ssi-dim-wallet-service.identity:BPNL00000003AYRE,,1791410968368,1791411783956,1791411783956,
44f41b1b-0667-4657-9b37-0bf86cb62c65,CONSUMER,200,1,did:web:ssi-dim-wallet-service.identity:BPNL00000003AYRE,,1791410969490,1791411784143,1791411784143,
d3d82b13-a43a-4bb7-a16e-fb245ae8cc43,CONSUMER,200,1,did:web:ssi-dim-wallet-service.identity:BPNL00000003AYRE,,1791410969687,1791411784250,1791411784250,
bdad6734-50dd-4b3f-a723-605a39b744e6,CONSUMER,200,1,did:web:ssi-dim-wallet-service.identity:BPNL00000003AYRE,,1791410970076,1791411784258,1791411784258,
ef9c9603-ed9f-4a40-85a8-5fcbc3565b59,CONSUMER,200,1,did:web:ssi-dim-wallet-service.identity:BPNL00000003AYRE,,1791410970169,1791411784259,1791411784259,
d2833bac-9a98-49cb-84a6-03694f68a816,CONSUMER,200,1,did:web:ssi-dim-wallet-service.identity:BPNL00000003AYRE,,1791410972070,1791411784677,1791411784677,
635b509f-50a2-48f6-b027-783af06ea99b,CONSUMER,200,1,did:web:ssi-dim-wallet-service.identity:BPNL00000003AYRE,,1791410972277,1791411784863,1791411784863,
f31ba653-b0ae-4907-9a5e-44ed5fe2c8e6,CONSUMER,200,1,did:web:ssi-dim-wallet-service.identity:BPNL00000003AYRE,,1791410972282,1791411784830,1791411784830,
008fa45f-332e-4372-bc3c-04d214a76c5c,CONSUMER,200,1,did:web:ssi-dim-wallet-service.identity:BPNL00000003AYRE,,1791410972679,1791411784969,1791411784969,
a7e622bc-ffbb-452e-bc85-bfbc5705f9f3,CONSUMER,200,1,did:web:ssi-dim-wallet-service.identity:BPNL00000003AYRE,,1791410972686,1791411785345,1791411785345,
f47b1cd1-d600-462b-b88f-f6a848e9ee9b,CONSUMER,200,1,did:web:ssi-dim-wallet-service.identity:BPNL00000003AYRE,,1791410972687,1791411785019,1791411785019,
da634608-51ff-4c8a-9dfe-ebaead9623b9,CONSUMER,200,1,did:web:ssi-dim-wallet-service.identity:BPNL00000003AYRE,,1791410972871,1791411785142,1791411785142,
93b3b102-7c8b-4b6d-821e-00f9accda6c7,CONSUMER,200,1,did:web:ssi-dim-wallet-service.identity:BPNL00000003AYRE,,1791410972874,1791411785359,1791411785359,
a204c262-02ac-4947-822c-d3a78938ceaf,CONSUMER,200,1,did:web:ssi-dim-wallet-service.identity:BPNL00000003AYRE,,1791410972975,1791411785448,1791411785448,
b61bfed1-38bd-457b-9c09-a8e5551d6bae,CONSUMER,200,1,did:web:ssi-dim-wallet-service.identity:BPNL00000003AYRE,,1791410980875,1791411785745,1791411785745,
22f8af4b-782d-4dd5-ac86-434d830ac34b,CONSUMER,200,1,did:web:ssi-dim-wallet-service.identity:BPNL00000003AYRE,,1791410980974,1791411785745,1791411785745,
d09c390a-c54e-4180-9a26-637e1439026d,CONSUMER,200,1,did:web:ssi-dim-wallet-service.identity:BPNL00000003AYRE,,1791410980991,1791411785747,1791411785747,
3e92278d-d95f-44c9-97df-c11e4a1c3c1e,CONSUMER,200,1,did:web:ssi-dim-wallet-service.identity:BPNL00000003AYRE,,1791410981069,1791411785748,1791411785748,
e8ba54b4-1c6f-45c1-a224-10c263540a7d,CONSUMER,200,1,did:web:ssi-dim-wallet-service.identity:BPNL00000003AYRE,,1791410981077,1791411786216,1791411786216,
d92e8a98-4be0-409f-bd85-761048b1becd,CONSUMER,200,1,did:web:ssi-dim-wallet-service.identity:BPNL00000003AYRE,,1791410981078,1791411786318,1791411786318,
53877290-5f97-4f00-b1c1-50c51b5c0328,CONSUMER,200,1,did:web:ssi-dim-wallet-service.identity:BPNL00000003AYRE,,1791410981174,1791411786618,1791411786618,
32ef56a5-e3dc-4e42-afec-f9f3c6cd83d6,CONSUMER,200,1,did:web:ssi-dim-wallet-service.identity:BPNL00000003AYRE,,1791410981274,1791411786640,1791411786640,
6fd98945-63c3-42e6-a5db-aef90e847b36,CONSUMER,200,1,did:web:ssi-dim-wallet-service.identity:BPNL00000003AYRE,,1791410981372,1791411786318,1791411786318,
b83f6439-4506-4dc7-ad34-d88018050861,CONSUMER,200,1,did:web:ssi-dim-wallet-service.identity:BPNL00000003AYRE,,1791410981573,1791411786614,1791411786614,
d57126d0-cbc9-44bc-ab95-b8ddfc111c3e,CONSUMER,200,1,did:web:ssi-dim-wallet-service.identity:BPNL00000003AYRE,,1791410981785,1791411786613,1791411786613,
f6a7a4bf-7bcd-47c9-83da-915a29d9a348,CONSUMER,200,1,did:web:ssi-dim-wallet-service.identity:BPNL00000003AYRE,,1791410981787,1791411786712,1791411786712,
e965764d-5782-4dbb-99ed-cec993928da1,CONSUMER,200,1,did:web:ssi-dim-wallet-service.identity:BPNL00000003AYRE,,1791410981792,1791411786815,1791411786815,
45d4f458-8f51-411c-8406-1aaa4e5d80fe,CONSUMER,200,1,did:web:ssi-dim-wallet-service.identity:BPNL00000003AYRE,,1791410981968,1791411786849,1791411786849,
c3173a69-1524-4db4-998e-d1eef31a5040,CONSUMER,200,1,did:web:ssi-dim-wallet-service.identity:BPNL00000003AYRE,,1791410982088,1791411786823,1791411786823,
7fec8131-9beb-4d8b-9a27-6fbb5ada99cc,CONSUMER,200,1,did:web:ssi-dim-wallet-service.identity:BPNL00000003AYRE,,1791410982090,1791411786940,1791411786940,
d92d3574-bc29-47b7-88f8-634847f379c5,CONSUMER,200,1,did:web:ssi-dim-wallet-service.identity:BPNL00000003AYRE,,1791410982173,1791411787146,1791411787146,
f138417b-528f-415f-99e2-0e1693740ec7,CONSUMER,200,1,did:web:ssi-dim-wallet-service.identity:BPNL00000003AYRE,,1791410982275,1791411787341,1791411787341,
85c7ef69-9752-4883-b7ef-5ac35bfe1bd0,CONSUMER,200,1,did:web:ssi-dim-wallet-service.identity:BPNL00000003AYRE,,1791410982286,1791411787129,1791411787129,
26c5d3d6-d8c6-4ae1-8edf-38aed2e99c7b,CONSUMER,200,1,did:web:ssi-dim-wallet-service.identity:BPNL00000003AYRE,,1791410982477,1791411787018,1791411787018,
a47c7954-e6a2-42b7-bdf3-d9540cd5a918,CONSUMER,200,1,did:web:ssi-dim-wallet-service.identity:BPNL00000003AYRE,,1791410983273,1791411788516,1791411788516,
4cda6772-9378-4a8f-aaf7-a99406d523c4,CONSUMER,200,1,did:web:ssi-dim-wallet-service.identity:BPNL00000003AYRE,,1791410983670,1791411788546,1791411788546,
8e8cdb8a-3d0a-4278-b0f3-62f2b2aaa336,CONSUMER,200,1,did:web:ssi-dim-wallet-service.identity:BPNL00000003AYRE,,1791410985371,1791411788511,1791411788511,
b3c4c310-c3ab-4a08-8982-eb2253ca785c,CONSUMER,200,1,did:web:ssi-dim-wallet-service.identity:BPNL00000003AYRE,,1791410988770,1791411788609,1791411788609,
ddda654d-016f-4480-aaa6-e67d202bb57b,CONSUMER,200,1,did:web:ssi-dim-wallet-service.identity:BPNL00000003AYRE,,1791410988776,1791411788714,1791411788714,
16ab7601-9724-4700-a791-4fd94f9e3b87,CONSUMER,200,1,did:web:ssi-dim-wallet-service.identity:BPNL00000003AYRE,,1791410994172,1791411788939,1791411788939,
d1b1443d-d13b-41d7-9704-5d6ac76a1739,CONSUMER,200,1,did:web:ssi-dim-wallet-service.identity:BPNL00000003AYRE,,1791410994178,1791411788829,1791411788829,
ce005a8d-f16f-4a32-a92e-5788a396cef7,CONSUMER,200,1,did:web:ssi-dim-wallet-service.identity:BPNL00000003AYRE,,1791410994279,1791411788719,1791411788719,
3c71b8e8-11d7-4c9b-b92c-138cb42392b8,CONSUMER,200,1,did:web:ssi-dim-wallet-service.identity:BPNL00000003AYRE,,1791410994281,1791411788910,1791411788910,
dd1974bd-867b-4663-9c50-d8f338017559,CONSUMER,200,1,did:web:ssi-dim-wallet-service.identity:BPNL00000003AYRE,,1791410994287,1791411788950,1791411788950,
90c9963f-6b9f-4ea9-8c0d-ed8d411873b8,CONSUMER,200,1,did:web:ssi-dim-wallet-service.identity:BPNL00000003AYRE,,1791410994476,1791411789070,1791411789070,
f0cf34e4-e720-4cc1-9510-6240cf75dea2,CONSUMER,200,1,did:web:ssi-dim-wallet-service.identity:BPNL00000003AYRE,,1791410994478,1791411788969,1791411788969,
e0981a16-4782-45c3-8794-8fcc7889db5d,CONSUMER,200,1,did:web:ssi-dim-wallet-service.identity:BPNL00000003AYRE,,1791410994577,1791411789186,1791411789186,
55de9746-08a0-417d-b641-8c7330f5d051,CONSUMER,200,1,did:web:ssi-dim-wallet-service.identity:BPNL00000003AYRE,,1791410994578,1791411789186,1791411789186,
981382b9-a685-4ba9-b54c-d3690338950e,CONSUMER,200,1,did:web:ssi-dim-wallet-service.identity:BPNL00000003AYRE,,1791410994678,1791411789286,1791411789286,
8a0540c9-3144-4097-a760-67dfae4bd87f,CONSUMER,200,1,did:web:ssi-dim-wallet-service.identity:BPNL00000003AYRE,,1791410994870,1791411789187,1791411789187,
b65493ac-4c05-42a6-9fad-1795ef76b02e,CONSUMER,200,1,did:web:ssi-dim-wallet-service.identity:BPNL00000003AYRE,,1791410994870,1791411789386,1791411789386,
c93dd2bd-b57a-4a1e-aee0-53ce0fd5f714,CONSUMER,200,1,did:web:ssi-dim-wallet-service.identity:BPNL00000003AYRE,,1791410994971,1791411789649,1791411789649,
02c949c3-230c-48ea-9f48-978b817d6688,CONSUMER,200,1,did:web:ssi-dim-wallet-service.identity:BPNL00000003AYRE,,1791410995070,1791411789642,1791411789642,
80edb477-438c-4e00-a2e3-b33cda00a63a,CONSUMER,200,1,did:web:ssi-dim-wallet-service.identity:BPNL00000003AYRE,,1791410995168,1791411790385,1791411790385,
898827a2-d064-4bd1-bfca-3016a421361d,CONSUMER,200,1,did:web:ssi-dim-wallet-service.identity:BPNL00000003AYRE,,1791410995268,1791411789964,1791411789964,
eb5eea2b-bf9a-4964-837d-fa54ee689500,CONSUMER,200,1,did:web:ssi-dim-wallet-service.identity:BPNL00000003AYRE,,1791410995469,1791411790326,1791411790326,
cb60ac8f-4eb2-4edb-9462-cdb04a4ef830,CONSUMER,200,1,did:web:ssi-dim-wallet-service.identity:BPNL00000003AYRE,,1791410995471,1791411790327,1791411790327,
11f80d8e-b390-4d53-8794-6d73250a00dc,CONSUMER,200,1,did:web:ssi-dim-wallet-service.identity:BPNL00000003AYRE,,1791410995474,1791411790309,1791411790309,
59c207eb-63ec-4016-87ae-bb8819b2eb57,CONSUMER,200,1,did:web:ssi-dim-wallet-service.identity:BPNL00000003AYRE,,1791410995475,1791411790388,1791411790388,
6fb54385-2dd0-443b-a39e-17e2d1141987,CONSUMER,200,1,did:web:ssi-dim-wallet-service.identity:BPNL00000003AYRE,,1791410995568,1791411790585,1791411790585,
eb82935c-18e5-47a8-afad-1ebe2d4808df,CONSUMER,200,1,did:web:ssi-dim-wallet-service.identity:BPNL00000003AYRE,,1791410995571,1791411790687,1791411790687,
da1acaa4-a34e-4dce-946d-06ecdb2b0de6,CONSUMER,200,1,did:web:ssi-dim-wallet-service.identity:BPNL00000003AYRE,,1791410996278,1791411790759,1791411790759,
8c8e6ce1-bf95-4b5e-b72d-cdf733910501,CONSUMER,200,1,did:web:ssi-dim-wallet-service.identity:BPNL00000003AYRE,,1791410996484,1791411790955,1791411790955,
3718fd83-e063-49de-bc89-adc89420e9f6,CONSUMER,200,1,did:web:ssi-dim-wallet-service.identity:BPNL00000003AYRE,,1791410996487,1791411790912,1791411790912,
0dfbd8b0-5439-436f-ab79-44167d6f27bc,CONSUMER,200,1,did:web:ssi-dim-wallet-service.identity:BPNL00000003AYRE,,1791410997176,1791411791013,1791411791013,
84b8941c-acc0-4d94-b8cb-cb53957b84cc,CONSUMER,200,1,did:web:ssi-dim-wallet-service.identity:BPNL00000003AYRE,,1791410997676,1791411791044,1791411791044,
205d6218-de4d-4868-a379-a79792d06d42,CONSUMER,200,1,did:web:ssi-dim-wallet-service.identity:BPNL00000003AYRE,,1791410997882,1791411791142,1791411791142,
56518d0c-75dc-422d-a4c1-1bd369cfe707,CONSUMER,200,1,did:web:ssi-dim-wallet-service.identity:BPNL00000003AYRE,,1791410998380,1791411791642,1791411791642,
90446995-00c7-416a-9d50-7182fa9561c2,CONSUMER,200,1,did:web:ssi-dim-wallet-service.identity:BPNL00000003AYRE,,1791410999287,1791411791429,1791411791429,
e3d6dc68-eed5-4a6e-8e84-a26eb52faac4,CONSUMER,200,1,did:web:ssi-dim-wallet-service.identity:BPNL00000003AYRE,,1791411000168,1791411791469,1791411791469,
d26ea3bb-0d24-4c50-b07b-17012d69ab34,CONSUMER,200,1,did:web:ssi-dim-wallet-service.identity:BPNL00000003AYRE,,1791411000772,1791411791529,1791411791529,
d65f2449-bb48-4e22-aeda-255f03a5bf0f,CONSUMER,200,1,did:web:ssi-dim-wallet-service.identity:BPNL00000003AYRE,,1791411000984,1791411791750,1791411791750,
7e5563a1-5073-4fd2-b02a-38eba8e260b7,CONSUMER,200,1,did:web:ssi-dim-wallet-service.identity:BPNL00000003AYRE,,1791411001870,1791411791646,1791411791646,
ceb2918c-bb58-46c4-95c4-afb26b1b4b5e,CONSUMER,200,1,did:web:ssi-dim-wallet-service.identity:BPNL00000003AYRE,,1791411002029,1791411791724,1791411791724,
b1342a5e-3a0f-43d4-adbc-8abe1cea7562,CONSUMER,200,1,did:web:ssi-dim-wallet-service.identity:BPNL00000003AYRE,,1791411002980,1791411791815,1791411791815,
53d4a514-a79f-4fc7-8804-35cc2a0ede91,CONSUMER,200,1,did:web:ssi-dim-wallet-service.identity:BPNL00000003AYRE,,1791411003686,1791411791911,1791411791911,
54f44b65-239a-4a4d-941d-01f35e084b28,CONSUMER,200,1,did:web:ssi-dim-wallet-service.identity:BPNL00000003AYRE,,1791411004180,1791411792051,1791411792051,
e3974b88-7815-4bfe-ac44-bff173313fa4,CONSUMER,200,1,did:web:ssi-dim-wallet-service.identity:BPNL00000003AYRE,,1791411005284,1791411792010,1791411792010,
cad376dd-510a-44e3-8ff3-516c4ebda42a,CONSUMER,200,1,did:web:ssi-dim-wallet-service.identity:BPNL00000003AYRE,,1791411012774,1791411792058,1791411792058,
2aac69e0-8d47-4ac5-acf7-aeab3f712bda,CONSUMER,200,1,did:web:ssi-dim-wallet-service.identity:BPNL00000003AYRE,,1791411012777,1791411792119,1791411792119,
28a230f4-8e2a-4562-8150-bddf3cc0b05e,CONSUMER,200,1,did:web:ssi-dim-wallet-service.identity:BPNL00000003AYRE,,1791411012879,1791411792110,1791411792110,
00e01848-4c61-4308-8d97-d335c3b2a90a,CONSUMER,200,1,did:web:ssi-dim-wallet-service.identity:BPNL00000003AYRE,,1791411013072,1791411792309,1791411792309,
935e1f28-a16a-4eb0-a9f5-39962a804b56,CONSUMER,200,1,did:web:ssi-dim-wallet-service.identity:BPNL00000003AYRE,,1791411013169,1791411792420,1791411792420,
1dcf4e26-9961-4c59-acf6-a6cbc057b469,CONSUMER,200,1,did:web:ssi-dim-wallet-service.identity:BPNL00000003AYRE,,1791411013268,1791411792453,1791411792453,
a3b05b08-20ad-4c36-9987-e23f9f1630f9,CONSUMER,200,1,did:web:ssi-dim-wallet-service.identity:BPNL00000003AYRE,,1791411014174,1791411792691,1791411792691,
d161419d-317e-4f72-8e57-28b9e6168691,CONSUMER,200,1,did:web:ssi-dim-wallet-service.identity:BPNL00000003AYRE,,1791411019485,1791411792686,1791411792686,
2bbee134-9571-4f9e-a154-b0336dbfb03a,CONSUMER,200,1,did:web:ssi-dim-wallet-service.identity:BPNL00000003AYRE,,1791411021889,1791411792787,1791411792787,
9f04ef7f-e683-41dd-afe7-df5ea1f93558,CONSUMER,200,1,did:web:ssi-dim-wallet-service.identity:BPNL00000003AYRE,,1791411022791,1791411792889,1791411792889,
9552c85b-1dee-4998-a1bd-ac5d3d133b5c,CONSUMER,200,1,did:web:ssi-dim-wallet-service.identity:BPNL00000003AYRE,,1791411023392,1791411792986,1791411792986,
f482c572-1f30-4211-85cd-32cedb6aae8c,CONSUMER,200,1,did:web:ssi-dim-wallet-service.identity:BPNL00000003AYRE,,1791411023485,1791411793117,1791411793117,
ffe32507-30b5-492b-b064-49429ea044ee,CONSUMER,200,1,did:web:ssi-dim-wallet-service.identity:BPNL00000003AYRE,,1791411023488,1791411793110,1791411793110,
25313ff0-031a-4553-80d0-3860dd185ae3,CONSUMER,200,1,did:web:ssi-dim-wallet-service.identity:BPNL00000003AYRE,,1791411023677,1791411793749,1791411793749,
b52de665-5ddb-4d27-a625-2ab272cdff0f,CONSUMER,200,1,did:web:ssi-dim-wallet-service.identity:BPNL00000003AYRE,,1791411023679,1791411793350,1791411793350,
8a90b254-cd17-4b53-ba60-1174b92175ac,CONSUMER,200,1,did:web:ssi-dim-wallet-service.identity:BPNL00000003AYRE,,1791411023776,1791411793623,1791411793623,
2885d78a-9c3e-43be-8f4f-9ef478d96da3,CONSUMER,200,1,did:web:ssi-dim-wallet-service.identity:BPNL00000003AYRE,,1791411023779,1791411795323,1791411795323,
6e1ef57f-93ae-4bbf-b310-af8053fd1b11,CONSUMER,200,1,did:web:ssi-dim-wallet-service.identity:BPNL00000003AYRE,,1791411023839,1791411795384,1791411795384,
a0c10789-d8aa-43a6-ac17-49a734349e37,CONSUMER,200,1,did:web:ssi-dim-wallet-service.identity:BPNL00000003AYRE,,1791411023874,1791411795549,1791411795549,
0afead7e-8936-461c-a29f-414b72a66fcd,CONSUMER,200,1,did:web:ssi-dim-wallet-service.identity:BPNL00000003AYRE,,1791411023876,1791411796167,1791411796167,
22823805-a541-47f9-b723-308751ec342e,CONSUMER,200,1,did:web:ssi-dim-wallet-service.identity:BPNL00000003AYRE,,1791411023878,1791411795767,1791411795767,
19dd7cd0-1b8d-444b-9ff4-6e7d7c50c623,CONSUMER,200,1,did:web:ssi-dim-wallet-service.identity:BPNL00000003AYRE,,1791411023937,1791411795969,1791411795969,
bc27f290-d3c8-4f3a-b650-f63d91e42864,CONSUMER,200,1,did:web:ssi-dim-wallet-service.identity:BPNL00000003AYRE,,1791411023977,1791411796209,1791411796209,
0cf5f5e3-9a5b-481f-b91d-af1a69f95802,CONSUMER,200,1,did:web:ssi-dim-wallet-service.identity:BPNL00000003AYRE,,1791411024080,1791411796169,1791411796169,
b836e58c-02a0-4527-ae34-26513d373f4d,CONSUMER,200,1,did:web:ssi-dim-wallet-service.identity:BPNL00000003AYRE,,1791411024176,1791411796216,1791411796216,
23380c7a-6deb-4bb6-8903-36ac3891d16c,CONSUMER,200,1,did:web:ssi-dim-wallet-service.identity:BPNL00000003AYRE,,1791411024177,1791411796542,1791411796542,
2b2e04f7-0bd6-4d9b-9ca5-494387c4a5df,CONSUMER,200,1,did:web:ssi-dim-wallet-service.identity:BPNL00000003AYRE,,1791411024178,1791411796770,1791411796770,
289d2fd1-74d3-4828-bc83-4fb1dd2e1417,CONSUMER,200,1,did:web:ssi-dim-wallet-service.identity:BPNL00000003AYRE,,1791411024273,1791411796917,1791411796917,
9bb47d24-7322-4e14-8901-4674a4bf2947,CONSUMER,200,1,did:web:ssi-dim-wallet-service.identity:BPNL00000003AYRE,,1791411024283,1791411796946,1791411796946,
968cca00-4fe4-4c20-97c1-e299b6308dd2,CONSUMER,200,1,did:web:ssi-dim-wallet-service.identity:BPNL00000003AYRE,,1791411024374,1791411796816,1791411796816,
cf15ab42-033f-4f1c-a964-a7346cf05675,CONSUMER,200,1,did:web:ssi-dim-wallet-service.identity:BPNL00000003AYRE,,1791411024379,1791411797009,1791411797009,
6ab866a5-28b4-4956-84f2-405f6e9dc243,CONSUMER,200,1,did:web:ssi-dim-wallet-service.identity:BPNL00000003AYRE,,1791411024478,1791411797320,1791411797320,
cca8e641-3ad7-40b1-9d4b-cd7c9c1878f1,CONSUMER,200,1,did:web:ssi-dim-wallet-service.identity:BPNL00000003AYRE,,1791411024480,1791411797340,1791411797340,
24a7f688-05b7-4b9e-9415-082d584a7882,CONSUMER,200,1,did:web:ssi-dim-wallet-service.identity:BPNL00000003AYRE,,1791411024588,1791411797337,1791411797337,
8fbcd639-e88c-44f3-b259-4020559929e9,CONSUMER,200,1,did:web:ssi-dim-wallet-service.identity:BPNL00000003AYRE,,1791411024768,1791411797509,1791411797509,
12df25b9-be2d-47ef-8c06-39a67d33fe01,CONSUMER,200,1,did:web:ssi-dim-wallet-service.identity:BPNL00000003AYRE,,1791411025381,1791411797410,1791411797410,
d6256c32-27f8-460e-ab3e-d35bb7cd93c4,CONSUMER,200,1,did:web:ssi-dim-wallet-service.identity:BPNL00000003AYRE,,1791411025675,1791411797608,1791411797608,
babe3522-da97-46ec-9e6e-e344c9685d33,CONSUMER,200,1,did:web:ssi-dim-wallet-service.identity:BPNL00000003AYRE,,1791411026077,1791411797609,1791411797609,
060e73e1-2d16-41f5-86bd-46894a350ef8,CONSUMER,200,1,did:web:ssi-dim-wallet-service.identity:BPNL00000003AYRE,,1791411026279,1791411797637,1791411797637,
ac47f58a-c6ab-47ac-bc92-e2ba0167dd8c,CONSUMER,200,1,did:web:ssi-dim-wallet-service.identity:BPNL00000003AYRE,,1791411026280,1791411797613,1791411797613,
c06bff75-2032-4371-9a0f-dee81c58f237,CONSUMER,200,1,did:web:ssi-dim-wallet-service.identity:BPNL00000003AYRE,,1791411026768,1791411797741,1791411797741,
9e48e439-edff-4cc0-87e6-cab1d264f66a,CONSUMER,200,1,did:web:ssi-dim-wallet-service.identity:BPNL00000003AYRE,,1791411028185,1791411797817,1791411797817,
0f5b5030-27b8-486a-b6a7-bb21404626fb,CONSUMER,200,1,did:web:ssi-dim-wallet-service.identity:BPNL00000003AYRE,,1791411028481,1791411797858,1791411797858,
ccd57175-fd0e-44e7-83ce-164ab8952983,CONSUMER,200,1,did:web:ssi-dim-wallet-service.identity:BPNL00000003AYRE,,1791411028675,1791411797846,1791411797846,
121dd45b-cd95-44f0-9ea8-34caba047eff,CONSUMER,200,1,did:web:ssi-dim-wallet-service.identity:BPNL00000003AYRE,,1791411029785,1791411797939,1791411797939,
10b368d9-7ef7-4a7e-b367-4f8a3cb88b9f,CONSUMER,200,1,did:web:ssi-dim-wallet-service.identity:BPNL00000003AYRE,,1791411031375,1791411798041,1791411798041,
5259eb81-30a6-4077-8db3-742ee716ba53,CONSUMER,200,1,did:web:ssi-dim-wallet-service.identity:BPNL00000003AYRE,,1791411032777,1791411798110,1791411798110,
e67824bc-430a-475d-a4a3-67bd3286691c,CONSUMER,200,1,did:web:ssi-dim-wallet-service.identity:BPNL00000003AYRE,,1791411036369,1791411798267,1791411798267,
97d1408d-d0a0-4714-b2a7-c832c32ec40b,CONSUMER,200,1,did:web:ssi-dim-wallet-service.identity:BPNL00000003AYRE,,1791411037287,1791411799016,1791411799016,
822beb18-6d56-4cc9-8dac-f2c0b73daada,CONSUMER,200,1,did:web:ssi-dim-wallet-service.identity:BPNL00000003AYRE,,1791411037474,1791411798142,1791411798142,
37d00eb1-6f44-4533-a1a3-16e56459f485,CONSUMER,200,1,did:web:ssi-dim-wallet-service.identity:BPNL00000003AYRE,,1791411037475,1791411798511,1791411798511,
6b8eaad3-29dc-4175-8d2c-2e3e3d900a56,CONSUMER,200,1,did:web:ssi-dim-wallet-service.identity:BPNL00000003AYRE,,1791411037675,1791411798417,1791411798417,
740ff7d4-6fcc-4663-a461-465200e5caf1,CONSUMER,200,1,did:web:ssi-dim-wallet-service.identity:BPNL00000003AYRE,,1791411038074,1791411798542,1791411798542,
0a55e42e-440d-4d07-9adc-ea215bf6c4f1,CONSUMER,200,1,did:web:ssi-dim-wallet-service.identity:BPNL00000003AYRE,,1791411038173,1791411798842,1791411798842,
70dbaa26-adef-42ab-a700-6f9df614bebb,CONSUMER,200,1,did:web:ssi-dim-wallet-service.identity:BPNL00000003AYRE,,1791411038191,1791411798628,1791411798628,
384f8fa7-b0d0-4f20-a6bf-7d2675c75844,CONSUMER,200,1,did:web:ssi-dim-wallet-service.identity:BPNL00000003AYRE,,1791411038192,1791411798741,1791411798741,
1ee9c040-1aa3-451f-aeed-483afc9da305,CONSUMER,200,1,did:web:ssi-dim-wallet-service.identity:BPNL00000003AYRE,,1791411038372,1791411798842,1791411798842,
76d04e45-b7d1-449e-a642-f7054a2c734e,CONSUMER,200,1,did:web:ssi-dim-wallet-service.identity:BPNL00000003AYRE,,1791411038570,1791411799013,1791411799013,
f96d8a95-d6ed-45bd-9f71-6e5bab76b31b,CONSUMER,200,1,did:web:ssi-dim-wallet-service.identity:BPNL00000003AYRE,,1791411038785,1791411799020,1791411799020,
8742e392-db59-478c-b65a-4e4daed9ab93,CONSUMER,200,1,did:web:ssi-dim-wallet-service.identity:BPNL00000003AYRE,,1791411038889,1791411799015,1791411799015,
d26916f5-f98b-4840-bbef-8ebbdfbc6b02,CONSUMER,200,1,did:web:ssi-dim-wallet-service.identity:BPNL00000003AYRE,,1791411038891,1791411799020,1791411799020,
91d965b3-05c2-4c26-a9f3-28d629ce905f,CONSUMER,200,1,did:web:ssi-dim-wallet-service.identity:BPNL00000003AYRE,,1791411039776,1791411799216,1791411799216,
73cb1c91-cf90-4d5b-bbbd-cb5aa0cc567c,CONSUMER,200,1,did:web:ssi-dim-wallet-service.identity:BPNL00000003AYRE,,1791411039888,1791411799210,1791411799210,
d2caa248-bc39-415a-a1c0-99605bbe6ec9,CONSUMER,200,1,did:web:ssi-dim-wallet-service.identity:BPNL00000003AYRE,,1791411040169,1791411799309,1791411799309,
654e8b13-6efd-42d3-9f1e-3ee703419fdc,CONSUMER,200,1,did:web:ssi-dim-wallet-service.identity:BPNL00000003AYRE,,1791411040675,1791411799146,1791411799146,
f9d02c35-f56a-4d84-a7ce-4d22a2dda0db,CONSUMER,200,1,did:web:ssi-dim-wallet-service.identity:BPNL00000003AYRE,,1791411040777,1791411799938,1791411799938,
fbdbe240-06e3-4442-bfcf-1abcc2dad8aa,CONSUMER,200,1,did:web:ssi-dim-wallet-service.identity:BPNL00000003AYRE,,1791411040970,1791411799417,1791411799417,
b5b71cce-c1dd-4043-92df-16e7aa37f3d8,CONSUMER,200,1,did:web:ssi-dim-wallet-service.identity:BPNL00000003AYRE,,1791411042684,1791411799450,1791411799450,
5078d3f4-5488-412a-9691-e5548c99f36e,CONSUMER,200,1,did:web:ssi-dim-wallet-service.identity:BPNL00000003AYRE,,1791411042974,1791411799529,1791411799529,
e7a6d3d1-9ae9-47a3-a0ac-cf6831b9cb61,CONSUMER,200,1,did:web:ssi-dim-wallet-service.identity:BPNL00000003AYRE,,1791411043140,1791411799528,1791411799528,
4bd96695-d9e2-4bcd-b304-aa2a5ecdde56,CONSUMER,200,1,did:web:ssi-dim-wallet-service.identity:BPNL00000003AYRE,,1791411043272,1791411799760,1791411799760,
0f27f3ab-673b-4896-a5a7-1cd222fcb3fb,CONSUMER,200,1,did:web:ssi-dim-wallet-service.identity:BPNL00000003AYRE,,1791411044345,1791411799721,1791411799721,
7f1d6dc6-a0bc-493d-875c-6d6d3ba24f9e,CONSUMER,200,1,did:web:ssi-dim-wallet-service.identity:BPNL00000003AYRE,,1791411045291,1791411799810,1791411799810,
c4a9aa40-b53e-4cd2-9a31-a324aacc5b3a,CONSUMER,200,1,did:web:ssi-dim-wallet-service.identity:BPNL00000003AYRE,,1791411045571,1791411799750,1791411799750,
fd2f66ee-9728-485b-ab45-4a4dcb0fa545,CONSUMER,200,1,did:web:ssi-dim-wallet-service.identity:BPNL00000003AYRE,,1791411052986,1791411800041,1791411800041,
be416db1-d960-490d-b59d-41f90ed5b235,CONSUMER,200,1,did:web:ssi-dim-wallet-service.identity:BPNL00000003AYRE,,1791411053074,1791411800044,1791411800044,
5dccd021-bd9e-4513-bceb-59fb6176afca,CONSUMER,200,1,did:web:ssi-dim-wallet-service.identity:BPNL00000003AYRE,,1791411053075,1791411800317,1791411800317,
1fd36ae0-2db2-4d27-b875-3525bede799a,CONSUMER,200,1,did:web:ssi-dim-wallet-service.identity:BPNL00000003AYRE,,1791411053240,1791411800270,1791411800270,
8275e6d1-9476-43bb-9554-8280637fda01,CONSUMER,200,1,did:web:ssi-dim-wallet-service.identity:BPNL00000003AYRE,,1791411053241,1791411800312,1791411800312,
82c0086d-3391-4421-aa58-99ec2559dd36,CONSUMER,200,1,did:web:ssi-dim-wallet-service.identity:BPNL00000003AYRE,,1791411053670,1791411800745,1791411800745,
bf264053-3f96-4a90-890b-c8d92eda5679,CONSUMER,200,1,did:web:ssi-dim-wallet-service.identity:BPNL00000003AYRE,,1791411053670,1791411800417,1791411800417,
14025be1-cb9d-4726-bc7d-1782353c0618,CONSUMER,200,1,did:web:ssi-dim-wallet-service.identity:BPNL00000003AYRE,,1791411053779,1791411800423,1791411800423,
ea8450fe-46eb-4963-be7a-df8a5da9326b,CONSUMER,200,1,did:web:ssi-dim-wallet-service.identity:BPNL00000003AYRE,,1791411053780,1791411800449,1791411800449,
db4ace07-e66a-4614-9996-be7d6411050d,CONSUMER,200,1,did:web:ssi-dim-wallet-service.identity:BPNL00000003AYRE,,1791411053787,1791411800650,1791411800650,
a900d9ac-a471-419c-82e2-2d83e2e8cb9c,CONSUMER,200,1,did:web:ssi-dim-wallet-service.identity:BPNL00000003AYRE,,1791411053791,1791411800820,1791411800820,
d423ffd1-d109-4a06-8800-d78f01e81e2b,CONSUMER,200,1,did:web:ssi-dim-wallet-service.identity:BPNL00000003AYRE,,1791411053938,1791411800929,1791411800929,
8d88726b-113f-4378-b423-c28b14c9b4a6,CONSUMER,200,1,did:web:ssi-dim-wallet-service.identity:BPNL00000003AYRE,,1791411053942,1791411801010,1791411801010,
fe62a4ea-8384-4145-b1ab-1193ede34c48,CONSUMER,200,1,did:web:ssi-dim-wallet-service.identity:BPNL00000003AYRE,,1791411054399,1791411801030,1791411801030,
c414a881-42ca-4ba9-848b-7c35b58ca792,CONSUMER,200,1,did:web:ssi-dim-wallet-service.identity:BPNL00000003AYRE,,1791411054673,1791411801073,1791411801073,
c213a6a2-212d-4401-a76e-1fd6ea46f72c,CONSUMER,200,1,did:web:ssi-dim-wallet-service.identity:BPNL00000003AYRE,,1791411055383,1791411801027,1791411801027,
2d0d1496-07e2-42cd-a621-ff934ce90e06,CONSUMER,200,1,did:web:ssi-dim-wallet-service.identity:BPNL00000003AYRE,,1791411055788,1791411801170,1791411801170,
05430d90-8910-4aa1-a0d1-2633839275e7,CONSUMER,200,1,did:web:ssi-dim-wallet-service.identity:BPNL00000003AYRE,,1791411055789,1791411801270,1791411801270,
e7bb50fb-0e62-47f8-bd69-0588582d492b,CONSUMER,200,1,did:web:ssi-dim-wallet-service.identity:BPNL00000003AYRE,,1791411056470,1791411801373,1791411801373,
a3395196-86af-4b84-b8f6-652ac2511a02,CONSUMER,200,1,did:web:ssi-dim-wallet-service.identity:BPNL00000003AYRE,,1791411056574,1791411801390,1791411801390,
6a40bec3-7f79-4519-9794-fb1dcfd745c7,CONSUMER,200,1,did:web:ssi-dim-wallet-service.identity:BPNL00000003AYRE,,1791411056669,1791411801472,1791411801472,
8506fc31-3efe-4fa6-9de6-ae1a8bb02258,CONSUMER,200,1,did:web:ssi-dim-wallet-service.identity:BPNL00000003AYRE,,1791411057685,1791411801469,1791411801469,
67e366d5-e52d-46d4-bb17-1e19cfe522e1,CONSUMER,200,1,did:web:ssi-dim-wallet-service.identity:BPNL00000003AYRE,,1791411057969,1791411803745,1791411803745,
b82ebce4-b706-4db2-965a-56eab80f56b5,CONSUMER,200,1,did:web:ssi-dim-wallet-service.identity:BPNL00000003AYRE,,1791411057971,1791411803768,1791411803768,
56f20b9b-040c-42c5-b100-823368b283df,CONSUMER,200,1,did:web:ssi-dim-wallet-service.identity:BPNL00000003AYRE,,1791411058375,1791411803820,1791411803820,
8edb054a-c585-4f1a-ac85-0299b201783e,CONSUMER,200,1,did:web:ssi-dim-wallet-service.identity:BPNL00000003AYRE,,1791411060186,1791411803845,1791411803845,
1f992956-e1b6-4083-a652-e15fcb5b0c12,CONSUMER,200,1,did:web:ssi-dim-wallet-service.identity:BPNL00000003AYRE,,1791411060870,1791411803827,1791411803827,
7262a546-4f9c-4ca3-afd4-fea80dee2e7b,CONSUMER,200,1,did:web:ssi-dim-wallet-service.identity:BPNL00000003AYRE,,1791411061890,1791411804010,1791411804010,
2b5cf645-009a-4bf2-8d7b-9912928636aa,CONSUMER,200,1,did:web:ssi-dim-wallet-service.identity:BPNL00000003AYRE,,1791411062384,1791411804049,1791411804049,
b75d0a56-2732-4bf3-a833-87e825044ce3,CONSUMER,200,1,did:web:ssi-dim-wallet-service.identity:BPNL00000003AYRE,,1791411063176,1791411804025,1791411804025,
42f66f74-f098-46ad-88f1-f1d8b418e7af,CONSUMER,200,1,did:web:ssi-dim-wallet-service.identity:BPNL00000003AYRE,,1791411064783,1791411804024,1791411804024,
4879ca99-2b39-4d0a-84ac-7328ab4224ba,CONSUMER,200,1,did:web:ssi-dim-wallet-service.identity:BPNL00000003AYRE,,1791411066085,1791411804142,1791411804142,
4bf25c58-b86c-4b0e-9daa-f9abf66699e5,CONSUMER,200,1,did:web:ssi-dim-wallet-service.identity:BPNL00000003AYRE,,1791411066284,1791411804349,1791411804349,
77987392-b0d9-4a0d-b77b-28adae7a6223,CONSUMER,200,1,did:web:ssi-dim-wallet-service.identity:BPNL00000003AYRE,,1791411066379,1791411804910,1791411804910,
a0a10306-3d51-4e42-8caf-8c07cb61d0fb,CONSUMER,200,1,did:web:ssi-dim-wallet-service.identity:BPNL00000003AYRE,,1791411066481,1791411804829,1791411804829,
f40169b1-0345-4d3f-b19f-20c5c558c41e,CONSUMER,200,1,did:web:ssi-dim-wallet-service.identity:BPNL00000003AYRE,,1791411066774,1791411804958,1791411804958,
4bda7fde-8caf-4901-a753-89b88fb359ed,CONSUMER,200,1,did:web:ssi-dim-wallet-service.identity:BPNL00000003AYRE,,1791411067179,1791411804986,1791411804986,
4d0c898a-1dcc-4db9-9ce0-e0e16a87de0b,CONSUMER,200,1,did:web:ssi-dim-wallet-service.identity:BPNL00000003AYRE,,1791411067275,1791411804918,1791411804918,
8449df76-aa17-400c-ab5a-27ddce4dd339,CONSUMER,200,1,did:web:ssi-dim-wallet-service.identity:BPNL00000003AYRE,,1791411067868,1791411805186,1791411805186,
2b47ff85-2ed9-48b8-9a95-965d4bf38a6c,CONSUMER,200,1,did:web:ssi-dim-wallet-service.identity:BPNL00000003AYRE,,1791411068868,1791411805185,1791411805185,
c3136652-fd7c-47a1-a73e-93d52c473371,CONSUMER,200,1,did:web:ssi-dim-wallet-service.identity:BPNL00000003AYRE,,1791411068868,1791411805186,1791411805186,
7b0a2201-063e-44c6-a55f-58fd396e4e25,CONSUMER,200,1,did:web:ssi-dim-wallet-service.identity:BPNL00000003AYRE,,1791411069271,1791411805289,1791411805289,
966d8490-72b7-4bd0-8ad4-ae7c686ccb33,CONSUMER,200,1,did:web:ssi-dim-wallet-service.identity:BPNL00000003AYRE,,1791411069370,1791411805429,1791411805429,
7d5ebd81-b568-4955-86bf-e84d0d730ece,CONSUMER,200,1,did:web:ssi-dim-wallet-service.identity:BPNL00000003AYRE,,1791411070868,1791411805528,1791411805528,
c737a5dd-3952-4e07-afcd-cd65fafa67b0,CONSUMER,200,1,did:web:ssi-dim-wallet-service.identity:BPNL00000003AYRE,,1791411071272,1791411805570,1791411805570,
fb4d2146-0d10-44b1-814c-8f3954138ca5,CONSUMER,200,1,did:web:ssi-dim-wallet-service.identity:BPNL00000003AYRE,,1791411071571,1791411805529,1791411805529,
39e8b66f-b3c9-44c3-a2be-1e7ad0811505,CONSUMER,200,1,did:web:ssi-dim-wallet-service.identity:BPNL00000003AYRE,,1791411072378,1791411806417,1791411806417,
6fef6b46-67a9-43ee-8cb0-e52e07415648,CONSUMER,200,1,did:web:ssi-dim-wallet-service.identity:BPNL00000003AYRE,,1791411072881,1791411806344,1791411806344,
d5698e99-801b-474d-8ace-c24c26631484,CONSUMER,200,1,did:web:ssi-dim-wallet-service.identity:BPNL00000003AYRE,,1791411074978,1791411806047,1791411806047,
85f1c40c-8570-468c-a5e6-00cfc9bcd85d,CONSUMER,200,1,did:web:ssi-dim-wallet-service.identity:BPNL00000003AYRE,,1791411074990,1791411805911,1791411805911,
6a67b969-df41-45fb-8474-20e10c0d5fd4,CONSUMER,200,1,did:web:ssi-dim-wallet-service.identity:BPNL00000003AYRE,,1791411075370,1791411806341,1791411806341,
fcee5b81-9077-4efd-ae69-29df5b5d353b,CONSUMER,200,1,did:web:ssi-dim-wallet-service.identity:BPNL00000003AYRE,,1791411076184,1791411806412,1791411806412,
e631780b-dbc8-44a0-aca0-9301ee28dced,CONSUMER,200,1,did:web:ssi-dim-wallet-service.identity:BPNL00000003AYRE,,1791411076976,1791411806744,1791411806744,
c511ae9c-61b8-438a-8790-b7fac85bd0d3,CONSUMER,200,1,did:web:ssi-dim-wallet-service.identity:BPNL00000003AYRE,,1791411077177,1791411806841,1791411806841,
695ed28f-139f-4bfe-8f49-bd34d74eceb6,CONSUMER,200,1,did:web:ssi-dim-wallet-service.identity:BPNL00000003AYRE,,1791411077779,1791411806841,1791411806841,
af1efada-73f1-4980-9e06-98eca3e8d8fb,CONSUMER,200,1,did:web:ssi-dim-wallet-service.identity:BPNL00000003AYRE,,1791411078171,1791411807110,1791411807110,
db78475e-316e-4708-a24d-30630a5a6e52,CONSUMER,200,1,did:web:ssi-dim-wallet-service.identity:BPNL00000003AYRE,,1791411078991,1791411806909,1791411806909,
3acc1222-b39e-4772-ab02-7ae2260ac832,CONSUMER,200,1,did:web:ssi-dim-wallet-service.identity:BPNL00000003AYRE,,1791411079179,1791411807142,1791411807142,
63253f46-ffad-4d3e-bf9d-760cb53d926c,CONSUMER,200,1,did:web:ssi-dim-wallet-service.identity:BPNL00000003AYRE,,1791411079870,1791411807054,1791411807054,
ebf47857-4465-4766-8600-c337a08c5411,CONSUMER,200,1,did:web:ssi-dim-wallet-service.identity:BPNL00000003AYRE,,1791411080877,1791411807049,1791411807049,
ddb3514d-ca5e-4093-885e-cd480c66b4a3,CONSUMER,200,1,did:web:ssi-dim-wallet-service.identity:BPNL00000003AYRE,,1791411083673,1791411807343,1791411807343,
7fc3d666-282c-4ea3-82c0-4cf24448f93f,CONSUMER,200,1,did:web:ssi-dim-wallet-service.identity:BPNL00000003AYRE,,1791411083877,1791411807411,1791411807411,
b0ffc7ed-2e32-4e43-afd8-5c8263131945,CONSUMER,200,1,did:web:ssi-dim-wallet-service.identity:BPNL00000003AYRE,,1791411084119,1791411809112,1791411809112,
db313a31-ec3a-41d2-9ad8-8a47f141df12,CONSUMER,200,1,did:web:ssi-dim-wallet-service.identity:BPNL00000003AYRE,,1791411084587,1791411808939,1791411808939,
3c753c23-e0d7-4f23-8a76-a71d0f21e967,CONSUMER,200,1,did:web:ssi-dim-wallet-service.identity:BPNL00000003AYRE,,1791411084890,1791411809041,1791411809041,
522ec3fc-0819-45fd-a41d-9bef9f47b8e9,CONSUMER,200,1,did:web:ssi-dim-wallet-service.identity:BPNL00000003AYRE,,1791411085074,1791411809114,1791411809114,
b711b5ae-bbb0-4c54-8e4a-b8ccd1367ef1,CONSUMER,200,1,did:web:ssi-dim-wallet-service.identity:BPNL00000003AYRE,,1791411085990,1791411809124,1791411809124,
316e3a8e-ca42-40d9-b3f1-504993def21d,CONSUMER,200,1,did:web:ssi-dim-wallet-service.identity:BPNL00000003AYRE,,1791411086091,1791411809344,1791411809344,
63677fc3-de31-4362-a891-b15f3a3d532e,CONSUMER,200,1,did:web:ssi-dim-wallet-service.identity:BPNL00000003AYRE,,1791411086674,1791411809442,1791411809442,
65a11f3b-6f70-4e80-957f-b41dc4c39b01,CONSUMER,200,1,did:web:ssi-dim-wallet-service.identity:BPNL00000003AYRE,,1791411087787,1791411809436,1791411809436,
9359f639-94cb-4c0a-81c0-d1cd1aec43e4,CONSUMER,200,1,did:web:ssi-dim-wallet-service.identity:BPNL00000003AYRE,,1791411088189,1791411809439,1791411809439,
80b8392c-2964-4b0c-9412-37b2f783cdb4,CONSUMER,200,1,did:web:ssi-dim-wallet-service.identity:BPNL00000003AYRE,,1791411089390,1791411809443,1791411809443,
985e03db-149e-49fe-bd3b-83d8feacc122,CONSUMER,200,1,did:web:ssi-dim-wallet-service.identity:BPNL00000003AYRE,,1791411089474,1791411809509,1791411809509,
df34ab41-c212-4011-a089-413d21a5c007,CONSUMER,200,1,did:web:ssi-dim-wallet-service.identity:BPNL00000003AYRE,,1791411089489,1791411809770,1791411809770,
ed437f3d-7cd2-46ce-b9dd-78c3e2a58c87,CONSUMER,200,1,did:web:ssi-dim-wallet-service.identity:BPNL00000003AYRE,,1791411089887,1791411809737,1791411809737,
72a71dc3-858d-4b61-93d8-cbb27dff378c,CONSUMER,200,1,did:web:ssi-dim-wallet-service.identity:BPNL00000003AYRE,,1791411090085,1791411809528,1791411809528,
d8f286d0-2a9f-42b4-b3f5-012e42161b55,CONSUMER,200,1,did:web:ssi-dim-wallet-service.identity:BPNL00000003AYRE,,1791411091791,1791411809737,1791411809737,
d966d607-2b05-4c03-a7c0-af94c288e2e7,CONSUMER,200,1,did:web:ssi-dim-wallet-service.identity:BPNL00000003AYRE,,1791411091982,1791411809770,1791411809770,
959839c0-884d-4080-b12c-551992366a13,CONSUMER,200,1,did:web:ssi-dim-wallet-service.identity:BPNL00000003AYRE,,1791411092886,1791411809972,1791411809972,
ae5e7bb2-a2ed-4d1d-b1f4-6aa5f9e54e35,CONSUMER,200,1,did:web:ssi-dim-wallet-service.identity:BPNL00000003AYRE,,1791411093372,1791411810169,1791411810169,
84189b66-f2fb-48c7-b78c-3170f7d773fb,CONSUMER,200,1,did:web:ssi-dim-wallet-service.identity:BPNL00000003AYRE,,1791411093769,1791411810273,1791411810273,
84a8beaa-d4f3-4f76-9731-2beb80376b69,CONSUMER,200,1,did:web:ssi-dim-wallet-service.identity:BPNL00000003AYRE,,1791411093785,1791411810279,1791411810279,
af349131-30a9-49d0-9520-051d9430e33b,CONSUMER,200,1,did:web:ssi-dim-wallet-service.identity:BPNL00000003AYRE,,1791411094487,1791411810357,1791411810357,
018a91c2-bd42-4c1c-9a72-ddc0a645a7a9,CONSUMER,200,1,did:web:ssi-dim-wallet-service.identity:BPNL00000003AYRE,,1791411094578,1791411810450,1791411810450,
90e97cc1-524d-4074-9e81-1730d2c22f8e,CONSUMER,200,1,did:web:ssi-dim-wallet-service.identity:BPNL00000003AYRE,,1791411095068,1791411810519,1791411810519,
4d6ed648-b759-4f53-8c62-bc129268c788,CONSUMER,200,1,did:web:ssi-dim-wallet-service.identity:BPNL00000003AYRE,,1791411095373,1791411811342,1791411811342,
1009d12a-a456-4661-9af4-6bbbe2f8ba02,CONSUMER,200,1,did:web:ssi-dim-wallet-service.identity:BPNL00000003AYRE,,1791411095685,1791411811216,1791411811216,
b3e60c84-3403-451f-98ad-207a3194b10a,CONSUMER,200,1,did:web:ssi-dim-wallet-service.identity:BPNL00000003AYRE,,1791411095688,1791411810975,1791411810975,
8540dcf4-6a7e-4f1b-bde2-4edde067cfc2,CONSUMER,200,1,did:web:ssi-dim-wallet-service.identity:BPNL00000003AYRE,,1791411095974,1791411811212,1791411811212,
f4c3c3a3-fada-4f28-b614-b5bc94494413,CONSUMER,200,1,did:web:ssi-dim-wallet-service.identity:BPNL00000003AYRE,,1791411096287,1791411811521,1791411811521,
a9fefc86-58d3-48cf-8252-a9aabcb11a5e,CONSUMER,200,1,did:web:ssi-dim-wallet-service.identity:BPNL00000003AYRE,,1791411096570,1791411811522,1791411811522,
a356d9b0-0376-4eab-a61a-3a534833c9a1,CONSUMER,200,1,did:web:ssi-dim-wallet-service.identity:BPNL00000003AYRE,,1791411096985,1791411811660,1791411811660,
3a2cac2c-98bf-457f-be45-0572523d510c,CONSUMER,200,1,did:web:ssi-dim-wallet-service.identity:BPNL00000003AYRE,,1791411097485,1791411811724,1791411811724,
50297741-3bec-4a37-ad35-0884ead76579,CONSUMER,200,1,did:web:ssi-dim-wallet-service.identity:BPNL00000003AYRE,,1791411098487,1791411811917,1791411811917,
cb4ba0c6-7f7d-4b18-b781-a9f5ff611997,CONSUMER,200,1,did:web:ssi-dim-wallet-service.identity:BPNL00000003AYRE,,1791411098895,1791411811990,1791411811990,
5d085936-06b6-49b8-93a5-934b0f27bb8f,CONSUMER,200,1,did:web:ssi-dim-wallet-service.identity:BPNL00000003AYRE,,1791411098976,1791411812170,1791411812170,
81d1c135-f10b-4361-ad11-5d1d3b0fe778,CONSUMER,200,1,did:web:ssi-dim-wallet-service.identity:BPNL00000003AYRE,,1791411099989,1791411812361,1791411812361,
5da91a19-8550-4bcb-bba9-1317985d4a02,CONSUMER,200,1,did:web:ssi-dim-wallet-service.identity:BPNL00000003AYRE,,1791411100192,1791411812423,1791411812423,
4e169f05-779d-45d7-8394-0087b7dcf20c,CONSUMER,200,1,did:web:ssi-dim-wallet-service.identity:BPNL00000003AYRE,,1791411100669,1791411812444,1791411812444,
4d1e9a1e-2c03-4f52-83c8-4029eb639e1b,CONSUMER,200,1,did:web:ssi-dim-wallet-service.identity:BPNL00000003AYRE,,1791411101492,1791411812560,1791411812560,
33b139ae-99bd-4ea6-a9c6-3bc03e4cf7c0,CONSUMER,200,1,did:web:ssi-dim-wallet-service.identity:BPNL00000003AYRE,,1791411101973,1791411812527,1791411812527,
40f36129-083b-4078-b993-c5a5e9e80bfc,CONSUMER,200,1,did:web:ssi-dim-wallet-service.identity:BPNL00000003AYRE,,1791411102571,1791411812726,1791411812726,
3ecc04d4-a164-4e36-8e98-2d7187434924,CONSUMER,200,1,did:web:ssi-dim-wallet-service.identity:BPNL00000003AYRE,,1791411102587,1791411812785,1791411812785,
535c8433-15f3-439e-9239-267a080032e7,CONSUMER,200,1,did:web:ssi-dim-wallet-service.identity:BPNL00000003AYRE,,1791411102721,1791411812776,1791411812776,
68319914-6c96-4107-9dbe-292eb0c4ef20,CONSUMER,200,1,did:web:ssi-dim-wallet-service.identity:BPNL00000003AYRE,,1791411102877,1791411812859,1791411812859,
3a5bc161-7564-4ec3-9f2b-41a5e3af0cd6,CONSUMER,200,1,did:web:ssi-dim-wallet-service.identity:BPNL00000003AYRE,,1791411102925,1791411812957,1791411812957,
d99db129-1663-4069-8529-970808754f9d,CONSUMER,200,1,did:web:ssi-dim-wallet-service.identity:BPNL00000003AYRE,,1791411102977,1791411812963,1791411812963,
6beae1ca-bf23-460d-96e1-becd1e1f63d6,CONSUMER,200,1,did:web:ssi-dim-wallet-service.identity:BPNL00000003AYRE,,1791411103078,1791411813019,1791411813019,
e1bcf0e5-16c3-41df-84e5-05acfac43094,CONSUMER,200,1,did:web:ssi-dim-wallet-service.identity:BPNL00000003AYRE,,1791411103181,1791411813061,1791411813061,
59e6c30b-ce69-4c3e-a620-939eb487d06f,CONSUMER,200,1,did:web:ssi-dim-wallet-service.identity:BPNL00000003AYRE,,1791411103275,1791411813110,1791411813110,
771bab2b-70f6-4eeb-8f18-d8c4788045c8,CONSUMER,200,1,did:web:ssi-dim-wallet-service.identity:BPNL00000003AYRE,,1791411103672,1791411813252,1791411813252,
c83b4141-ea35-4c92-9b54-cdc5cb9dd9c4,CONSUMER,200,1,did:web:ssi-dim-wallet-service.identity:BPNL00000003AYRE,,1791411103971,1791411813667,1791411813667,
f96c1c8d-7f15-47e2-9d94-231100dd26fe,CONSUMER,200,1,did:web:ssi-dim-wallet-service.identity:BPNL00000003AYRE,,1791411103971,1791411813727,1791411813727,
5a3adbf5-86e1-4890-92d5-b8956c53ff45,CONSUMER,200,1,did:web:ssi-dim-wallet-service.identity:BPNL00000003AYRE,,1791411103986,1791411813862,1791411813862,
368bb1d9-6aea-4d73-9935-cdfcba29164f,CONSUMER,200,1,did:web:ssi-dim-wallet-service.identity:BPNL00000003AYRE,,1791411103989,1791411813958,1791411813958,
b60258c4-7115-4eb3-8415-982384b841d1,CONSUMER,200,1,did:web:ssi-dim-wallet-service.identity:BPNL00000003AYRE,,1791411104170,1791411814060,1791411814060,
8d549e62-049d-46f2-8001-4c472e6e799f,CONSUMER,200,1,did:web:ssi-dim-wallet-service.identity:BPNL00000003AYRE,,1791411104176,1791411814274,1791411814274,
df15b472-dc6a-4876-aafe-10daa92ff88a,CONSUMER,200,1,did:web:ssi-dim-wallet-service.identity:BPNL00000003AYRE,,1791411104369,1791411814158,1791411814158,
ab0be75e-4516-48f7-88e9-bb79bb8477e4,CONSUMER,200,1,did:web:ssi-dim-wallet-service.identity:BPNL00000003AYRE,,1791411104769,1791411814272,1791411814272,
0784e792-cd41-483e-8a95-8ad57aec6126,CONSUMER,200,1,did:web:ssi-dim-wallet-service.identity:BPNL00000003AYRE,,1791411104876,1791411814369,1791411814369,
31a99094-3959-4a69-bfe8-a84c31f4d270,CONSUMER,200,1,did:web:ssi-dim-wallet-service.identity:BPNL00000003AYRE,,1791411105171,1791411814643,1791411814643,
2e461e75-d96f-4f6c-9c8b-0bff7a09478e,CONSUMER,200,1,did:web:ssi-dim-wallet-service.identity:BPNL00000003AYRE,,1791411105173,1791411814770,1791411814770,
264c8898-7bdb-4231-9322-b3dc76b9a62a,CONSUMER,200,1,did:web:ssi-dim-wallet-service.identity:BPNL00000003AYRE,,1791411105372,1791411814866,1791411814866,
401b2627-1029-4eba-89ef-284f8005e3bb,CONSUMER,200,1,did:web:ssi-dim-wallet-service.identity:BPNL00000003AYRE,,1791411105376,1791411814973,1791411814973,
1950c4bb-0f03-45fb-bae6-a52869903b5d,CONSUMER,200,1,did:web:ssi-dim-wallet-service.identity:BPNL00000003AYRE,,1791411105390,1791411815127,1791411815127,
590adf6a-4a41-49d4-9689-57b5e5bb2bb3,CONSUMER,200,1,did:web:ssi-dim-wallet-service.identity:BPNL00000003AYRE,,1791411105485,1791411815163,1791411815163,
24218fd0-e9cf-4891-b5b4-c77c363e4fbc,CONSUMER,200,1,did:web:ssi-dim-wallet-service.identity:BPNL00000003AYRE,,1791411105491,1791411815466,1791411815466,
89336ba2-742a-427a-9634-989fb0efdc0a,CONSUMER,200,1,did:web:ssi-dim-wallet-service.identity:BPNL00000003AYRE,,1791411105672,1791411815466,1791411815466,
c5d3b982-18cc-41bc-9dc8-8148d65429b3,CONSUMER,200,1,did:web:ssi-dim-wallet-service.identity:BPNL00000003AYRE,,1791411105672,1791411815467,1791411815467,
0fb55268-52f9-43a6-8d2a-08269e341038,CONSUMER,200,1,did:web:ssi-dim-wallet-service.identity:BPNL00000003AYRE,,1791411105689,1791411815871,1791411815871,
033514f9-9951-4c38-8948-b9206e7998a9,CONSUMER,200,1,did:web:ssi-dim-wallet-service.identity:BPNL00000003AYRE,,1791411105777,1791411815971,1791411815971,
b69d4a7b-ade8-42b2-a0f8-a5cebb3ff9ef,CONSUMER,200,1,did:web:ssi-dim-wallet-service.identity:BPNL00000003AYRE,,1791411105974,1791411816068,1791411816068,
2ebae183-c387-4c38-858e-437aa7aebc43,CONSUMER,200,1,did:web:ssi-dim-wallet-service.identity:BPNL00000003AYRE,,1791411105977,1791411815666,1791411815666,
043a684a-ec8e-492e-acb4-1463a6eed841,CONSUMER,200,1,did:web:ssi-dim-wallet-service.identity:BPNL00000003AYRE,,1791411106689,1791411816069,1791411816069,
0f5dcf54-d633-451a-a6a6-f9e53a992271,CONSUMER,200,1,did:web:ssi-dim-wallet-service.identity:BPNL00000003AYRE,,1791411107472,1791411816371,1791411816371,
55552ec7-066b-418a-b9fb-13c2cb2ef85f,CONSUMER,200,1,did:web:ssi-dim-wallet-service.identity:BPNL00000003AYRE,,1791411107493,1791411816270,1791411816270,
aac861c1-9e83-46d6-9cc3-f493457f329c,CONSUMER,200,1,did:web:ssi-dim-wallet-service.identity:BPNL00000003AYRE,,1791411107603,1791411816575,1791411816575,
96728e80-e2b9-4ff9-bd01-04cfb110558c,CONSUMER,200,1,did:web:ssi-dim-wallet-service.identity:BPNL00000003AYRE,,1791411107690,1791411816586,1791411816586,
b2a7c1f8-d5ff-46aa-8b63-6476338bf96f,CONSUMER,200,1,did:web:ssi-dim-wallet-service.identity:BPNL00000003AYRE,,1791411107871,1791411816469,1791411816469,
647980d5-e980-4bee-ab19-fd6a9343599f,CONSUMER,200,1,did:web:ssi-dim-wallet-service.identity:BPNL00000003AYRE,,1791411109174,1791411816773,1791411816773,
21b68692-174e-441c-823d-615ef67cae2d,CONSUMER,200,1,did:web:ssi-dim-wallet-service.identity:BPNL00000003AYRE,,1791411109477,1791411816770,1791411816770,
143657f9-2c08-44fd-853c-ab082468dee6,CONSUMER,200,1,did:web:ssi-dim-wallet-service.identity:BPNL00000003AYRE,,1791411115670,1791411816870,1791411816870,
0646da47-ded9-4bfd-a44b-a1e26f45d0a5,CONSUMER,200,1,did:web:ssi-dim-wallet-service.identity:BPNL00000003AYRE,,1791411115675,1791411817273,1791411817273,
6a16d93b-86a1-4786-ad3a-5701d5c7dd1f,CONSUMER,200,1,did:web:ssi-dim-wallet-service.identity:BPNL00000003AYRE,,1791411116331,1791411817468,1791411817468,
d9f44667-33d4-4a60-9851-ac3bb5bb44f1,CONSUMER,200,1,did:web:ssi-dim-wallet-service.identity:BPNL00000003AYRE,,1791411116780,1791411817971,1791411817971,
9a07a479-bd71-4ee5-9513-0e47d4dfbcd4,CONSUMER,200,1,did:web:ssi-dim-wallet-service.identity:BPNL00000003AYRE,,1791411116871,1791411817469,1791411817469,
322f8fb1-3c7b-4ca6-9013-f4edbc0f51aa,CONSUMER,200,1,did:web:ssi-dim-wallet-service.identity:BPNL00000003AYRE,,1791411116879,1791411817670,1791411817670,
892db285-8e89-4da1-9859-11766564258a,CONSUMER,200,1,did:web:ssi-dim-wallet-service.identity:BPNL00000003AYRE,,1791411117289,1791411817769,1791411817769,
a70c4419-6044-41b7-bbd6-fd9e1db7580a,CONSUMER,200,1,did:web:ssi-dim-wallet-service.identity:BPNL00000003AYRE,,1791411117973,1791411817870,1791411817870,
e248043f-724d-4157-b940-2f205e4c591a,CONSUMER,200,1,did:web:ssi-dim-wallet-service.identity:BPNL00000003AYRE,,1791411117975,1791411817671,1791411817671,
0c60bbd3-01f5-46aa-b333-03e78365746f,CONSUMER,200,1,did:web:ssi-dim-wallet-service.identity:BPNL00000003AYRE,,1791411118174,1791411818070,1791411818070,
4eb2b426-3452-4232-a102-5cd58c962015,CONSUMER,200,1,did:web:ssi-dim-wallet-service.identity:BPNL00000003AYRE,,1791411118269,1791411817871,1791411817871,
56568830-5316-46b3-a847-5c23dc66b215,CONSUMER,200,1,did:web:ssi-dim-wallet-service.identity:BPNL00000003AYRE,,1791411118376,1791411818109,1791411818109,
e5fc160b-b441-4338-9c22-1695963754bc,CONSUMER,200,1,did:web:ssi-dim-wallet-service.identity:BPNL00000003AYRE,,1791411118378,1791411818188,1791411818188,
51136b4e-7670-4e1f-bfeb-1251bb4e031a,CONSUMER,200,1,did:web:ssi-dim-wallet-service.identity:BPNL00000003AYRE,,1791411118576,1791411818186,1791411818186,
bf454957-70fc-4642-b40e-9c12c78e230e,CONSUMER,200,1,did:web:ssi-dim-wallet-service.identity:BPNL00000003AYRE,,1791411118879,1791411818169,1791411818169,
7f9b9f44-bbfc-47f4-8aef-67d0b9436143,CONSUMER,200,1,did:web:ssi-dim-wallet-service.identity:BPNL00000003AYRE,,1791411118982,1791411818173,1791411818173,
848ba54a-d374-4d17-9be3-92fcceb67f4f,CONSUMER,200,1,did:web:ssi-dim-wallet-service.identity:BPNL00000003AYRE,,1791411119087,1791411818640,1791411818640,
4fd49995-d394-4271-a5b3-9e4f097efade,CONSUMER,200,1,did:web:ssi-dim-wallet-service.identity:BPNL00000003AYRE,,1791411119371,1791411818541,1791411818541,
b29ccecb-5eed-4974-a9eb-15911fb3f7ad,CONSUMER,200,1,did:web:ssi-dim-wallet-service.identity:BPNL00000003AYRE,,1791411119386,1791411818648,1791411818648,
6c0f6b9e-e2a4-4037-9c1d-f0e2f0265a29,CONSUMER,200,1,did:web:ssi-dim-wallet-service.identity:BPNL00000003AYRE,,1791411119473,1791411818510,1791411818510,
1a4416a2-07ae-4cd6-b519-55a640b546a9,CONSUMER,200,1,did:web:ssi-dim-wallet-service.identity:BPNL00000003AYRE,,1791411119488,1791411818510,1791411818510,
f7201fbc-a952-4235-956a-f98c50c8b5aa,CONSUMER,200,1,did:web:ssi-dim-wallet-service.identity:BPNL00000003AYRE,,1791411119674,1791411819154,1791411819154,
8e1dded4-30e1-4d23-8ffe-40722700304d,CONSUMER,200,1,did:web:ssi-dim-wallet-service.identity:BPNL00000003AYRE,,1791411120274,1791411818717,1791411818717,
f28a30f9-b30e-4063-8dcd-6a3d8517e5c4,CONSUMER,200,1,did:web:ssi-dim-wallet-service.identity:BPNL00000003AYRE,,1791411121875,1791411819343,1791411819343,
196f82e1-3dec-4477-9a48-e5cf19da0ae4,CONSUMER,200,1,did:web:ssi-dim-wallet-service.identity:BPNL00000003AYRE,,1791411123478,1791411819012,1791411819012,
9d4dc7b5-dd5d-449a-b308-d7d99483b489,CONSUMER,200,1,did:web:ssi-dim-wallet-service.identity:BPNL00000003AYRE,,1791411127298,1791411819044,1791411819044,
95925758-d0d3-439a-8c1a-acedcd13d3ea,CONSUMER,200,1,did:web:ssi-dim-wallet-service.identity:BPNL00000003AYRE,,1791411128169,1791411819450,1791411819450,
4c3fed3d-2307-4e9e-ac16-68f31f37a8ce,CONSUMER,200,1,did:web:ssi-dim-wallet-service.identity:BPNL00000003AYRE,,1791411135168,1791411819349,1791411819349,
1e404aa9-45a9-4ada-998c-009e79d30d46,CONSUMER,200,1,did:web:ssi-dim-wallet-service.identity:BPNL00000003AYRE,,1791411135269,1791411819468,1791411819468,
83a0530f-694c-4bbf-8a55-a9e46e7ceba3,CONSUMER,200,1,did:web:ssi-dim-wallet-service.identity:BPNL00000003AYRE,,1791411135271,1791411819439,1791411819439,
20cf0583-f6e4-4d08-967a-6fc9bffab2a8,CONSUMER,200,1,did:web:ssi-dim-wallet-service.identity:BPNL00000003AYRE,,1791411136290,1791411819711,1791411819711,
b2dce432-dcd5-406d-b526-f5c5bc72e2e4,CONSUMER,200,1,did:web:ssi-dim-wallet-service.identity:BPNL00000003AYRE,,1791411136381,1791411819623,1791411819623,
1526e8c6-0259-417a-b647-1834e9861973,CONSUMER,200,1,did:web:ssi-dim-wallet-service.identity:BPNL00000003AYRE,,1791411137576,1791411819744,1791411819744,
04721ede-ce9e-4476-a5ae-2a8d12034d59,CONSUMER,200,1,did:web:ssi-dim-wallet-service.identity:BPNL00000003AYRE,,1791411141885,1791411819818,1791411819818,
38dac112-c89c-4b4b-bf8f-f741e4899900,CONSUMER,200,1,did:web:ssi-dim-wallet-service.identity:BPNL00000003AYRE,,1791411143679,1791411819938,1791411819938,
c0b24a21-5a86-4bfe-8296-62857699a26b,CONSUMER,200,1,did:web:ssi-dim-wallet-service.identity:BPNL00000003AYRE,,1791411145085,1791411819923,1791411819923,
b47b1d24-9808-46e3-9e48-b9957d4df8e1,CONSUMER,200,1,did:web:ssi-dim-wallet-service.identity:BPNL00000003AYRE,,1791411146990,1791411819986,1791411819986,
7e567881-02e2-42a4-b84b-2ba71476a806,CONSUMER,200,1,did:web:ssi-dim-wallet-service.identity:BPNL00000003AYRE,,1791411147574,1791411819987,1791411819987,
dbd892b2-7204-480f-8ed5-da13683aaa85,CONSUMER,200,1,did:web:ssi-dim-wallet-service.identity:BPNL00000003AYRE,,1791411148369,1791411819929,1791411819929,
b4a17c95-88f7-4eff-a000-bfe640b6b4f3,CONSUMER,200,1,did:web:ssi-dim-wallet-service.identity:BPNL00000003AYRE,,1791411149673,1791411820088,1791411820088,
c87c30bb-9b00-4ad1-85f2-3ccf894783cd,CONSUMER,200,1,did:web:ssi-dim-wallet-service.identity:BPNL00000003AYRE,,1791411153581,1791411820090,1791411820090,
bc4ea064-d4c4-4486-8df4-0f3f34ffa1ea,CONSUMER,200,1,did:web:ssi-dim-wallet-service.identity:BPNL00000003AYRE,,1791411155181,1791411821111,1791411821111,
cd2015bf-edd5-4f27-a644-dfdf449ae4a9,CONSUMER,200,1,did:web:ssi-dim-wallet-service.identity:BPNL00000003AYRE,,1791411155187,1791411821357,1791411821357,
86aa4968-5c7f-47e4-9d92-b562f348740b,CONSUMER,200,1,did:web:ssi-dim-wallet-service.identity:BPNL00000003AYRE,,1791411155369,1791411821754,1791411821754,
fc3cce4c-7262-48ed-9a90-4f1c6c83d6a3,CONSUMER,200,1,did:web:ssi-dim-wallet-service.identity:BPNL00000003AYRE,,1791411156488,1791411821713,1791411821713,
3e3c9a95-4995-4704-af3c-6597cd08afc7,CONSUMER,200,1,did:web:ssi-dim-wallet-service.identity:BPNL00000003AYRE,,1791411156670,1791411821910,1791411821910,
a1453f68-7d99-433f-a088-4663f3f39aa2,CONSUMER,200,1,did:web:ssi-dim-wallet-service.identity:BPNL00000003AYRE,,1791411156988,1791411821912,1791411821912,
b3860164-3dc9-4889-a2e0-f0454c2c6edd,CONSUMER,200,1,did:web:ssi-dim-wallet-service.identity:BPNL00000003AYRE,,1791411158672,1791411822341,1791411822341,
7f64f144-2aa7-4a8b-80c3-284884362130,CONSUMER,200,1,did:web:ssi-dim-wallet-service.identity:BPNL00000003AYRE,,1791411158772,1791411822343,1791411822343,
c7bae695-d537-4668-9a83-52ee3ed5f70c,CONSUMER,200,1,did:web:ssi-dim-wallet-service.identity:BPNL00000003AYRE,,1791411160799,1791411822358,1791411822358,
8d5e7004-639d-45b2-855d-2334bd33f8b7,CONSUMER,200,1,did:web:ssi-dim-wallet-service.identity:BPNL00000003AYRE,,1791411161275,1791411822225,1791411822225,
b2905a44-6290-45b8-8128-ab975d8cf3bc,CONSUMER,200,1,did:web:ssi-dim-wallet-service.identity:BPNL00000003AYRE,,1791411162478,1791411822358,1791411822358,
2a12bd13-22b0-4e9e-8773-2c6f44ba81d2,CONSUMER,200,1,did:web:ssi-dim-wallet-service.identity:BPNL00000003AYRE,,1791411162738,1791411822757,1791411822757,
5747d9c5-5dc8-4640-8365-90a7910efcb2,CONSUMER,200,1,did:web:ssi-dim-wallet-service.identity:BPNL00000003AYRE,,1791411168069,1791411822649,1791411822649,
178dd18c-a8eb-483c-9e7b-819a1b3ce864,CONSUMER,200,1,did:web:ssi-dim-wallet-service.identity:BPNL00000003AYRE,,1791411178887,1791411822857,1791411822857,
aae0e628-bcd9-4320-854c-0330d1d33777,CONSUMER,200,1,did:web:ssi-dim-wallet-service.identity:BPNL00000003AYRE,,1791411178887,1791411823232,1791411823232,
dc96e7b0-a1d7-4531-a49f-bef9eabbe0c6,CONSUMER,200,1,did:web:ssi-dim-wallet-service.identity:BPNL00000003AYRE,,1791411178988,1791411823263,1791411823263,
cdf49357-1769-4152-b631-2491869f1c1d,CONSUMER,200,1,did:web:ssi-dim-wallet-service.identity:BPNL00000003AYRE,,1791411179170,1791411823463,1791411823463,
f1809398-eabf-4df1-9b71-1cd9471df3ba,CONSUMER,200,1,did:web:ssi-dim-wallet-service.identity:BPNL00000003AYRE,,1791411179271,1791411823910,1791411823910,
fc8afe52-0aa7-4ff3-bca6-e3c4af66d9f2,CONSUMER,200,1,did:web:ssi-dim-wallet-service.identity:BPNL00000003AYRE,,1791411179376,1791411824048,1791411824048,
ff4c4934-66e6-4502-8a58-b69c255d344d,CONSUMER,200,1,did:web:ssi-dim-wallet-service.identity:BPNL00000003AYRE,,1791411179487,1791411823617,1791411823617,
51bfdd27-ab1a-4601-be6a-65dd4ed84d35,CONSUMER,200,1,did:web:ssi-dim-wallet-service.identity:BPNL00000003AYRE,,1791411179568,1791411825218,1791411825218,
63f506bc-30cc-49b3-bce1-79b1fe1c4cbb,CONSUMER,200,1,did:web:ssi-dim-wallet-service.identity:BPNL00000003AYRE,,1791411179575,1791411825269,1791411825269,
80f91e01-c9ea-4422-aac8-2bd1ead32612,CONSUMER,200,1,did:web:ssi-dim-wallet-service.identity:BPNL00000003AYRE,,1791411179577,1791411825573,1791411825573,
9de9ad4a-cc27-4bea-9380-f7cb227a8680,CONSUMER,200,1,did:web:ssi-dim-wallet-service.identity:BPNL00000003AYRE,,1791411179695,1791411825467,1791411825467,
8ea93ef5-ccad-4f5a-aa6b-09f525ad5822,CONSUMER,200,1,did:web:ssi-dim-wallet-service.identity:BPNL00000003AYRE,,1791411179772,1791411825530,1791411825530,
3fcfa4eb-2a5e-4553-a015-c5b860e767a5,CONSUMER,200,1,did:web:ssi-dim-wallet-service.identity:BPNL00000003AYRE,,1791411179869,1791411825638,1791411825638,
eca1f047-85da-4842-af76-ae3a915247d1,CONSUMER,200,1,did:web:ssi-dim-wallet-service.identity:BPNL00000003AYRE,,1791411179870,1791411825467,1791411825467,
20b2ad80-66d8-4501-bb13-9cc24b7d6aa8,CONSUMER,200,1,did:web:ssi-dim-wallet-service.identity:BPNL00000003AYRE,,1791411179871,1791411825661,1791411825661,
613430a8-4558-40c3-a9d9-de9d697eeb18,CONSUMER,200,1,did:web:ssi-dim-wallet-service.identity:BPNL00000003AYRE,,1791411180073,1791411825664,1791411825664,
86b93524-7196-4c7b-b260-9fa1c99f8442,CONSUMER,200,1,did:web:ssi-dim-wallet-service.identity:BPNL00000003AYRE,,1791411180093,1791411825888,1791411825888,
56f9d49d-12e3-4e19-bd7a-fb51f857af55,CONSUMER,200,1,did:web:ssi-dim-wallet-service.identity:BPNL00000003AYRE,,1791411180493,1791411825887,1791411825887,
4c3ab294-8c99-461e-be1c-4d99f80bb61f,CONSUMER,200,1,did:web:ssi-dim-wallet-service.identity:BPNL00000003AYRE,,1791411181068,1791411826622,1791411826622,
4fdf274a-3d51-40d9-ba6f-202fe8b9bc81,CONSUMER,200,1,did:web:ssi-dim-wallet-service.identity:BPNL00000003AYRE,,1791411181070,1791411826369,1791411826369,
c0d1b113-3cc4-4f17-aac9-af644e3e53db,CONSUMER,200,1,did:web:ssi-dim-wallet-service.identity:BPNL00000003AYRE,,1791411181186,1791411827218,1791411827218,
b0fb5af5-60ad-4a0d-9de7-51fc937d4383,CONSUMER,200,1,did:web:ssi-dim-wallet-service.identity:BPNL00000003AYRE,,1791411183579,1791411827048,1791411827048,
b411ee64-49d5-4e0c-bb45-45174339f4a4,CONSUMER,200,1,did:web:ssi-dim-wallet-service.identity:BPNL00000003AYRE,,1791411184075,1791411826943,1791411826943,
eebb0123-e07d-4b98-83d4-25967efa1e3a,CONSUMER,200,1,did:web:ssi-dim-wallet-service.identity:BPNL00000003AYRE,,1791411184474,1791411826965,1791411826965,
232ca393-baf2-4db4-8184-0604d4a83ce3,CONSUMER,200,1,did:web:ssi-dim-wallet-service.identity:BPNL00000003AYRE,,1791411184486,1791411827143,1791411827143,
66860a13-2931-4a9f-bd07-bb2093b16be3,CONSUMER,200,1,did:web:ssi-dim-wallet-service.identity:BPNL00000003AYRE,,1791411184580,1791411827449,1791411827449,
039c7612-4ee3-4754-9192-0fbf7c80156b,CONSUMER,200,1,did:web:ssi-dim-wallet-service.identity:BPNL00000003AYRE,,1791411184585,1791411827447,1791411827447,
0c4c43e2-6d27-48ef-89a8-8a839e43d2ec,CONSUMER,200,1,did:web:ssi-dim-wallet-service.identity:BPNL00000003AYRE,,1791411184593,1791411827610,1791411827610,
e4624922-968f-4c2a-880d-86b6abed2a0f,CONSUMER,200,1,did:web:ssi-dim-wallet-service.identity:BPNL00000003AYRE,,1791411184776,1791411827620,1791411827620,
443fc113-0ff8-44f8-aee1-8ef576df3a02,CONSUMER,200,1,did:web:ssi-dim-wallet-service.identity:BPNL00000003AYRE,,1791411184787,1791411827449,1791411827449,
8f9a893a-c1f1-4dfa-9c01-9a82f3ac9950,CONSUMER,200,1,did:web:ssi-dim-wallet-service.identity:BPNL00000003AYRE,,1791411184788,1791411827907,1791411827907,
c49dcd51-a7c6-460c-bf82-cc0bff2dc4c0,CONSUMER,200,1,did:web:ssi-dim-wallet-service.identity:BPNL00000003AYRE,,1791411184987,1791411827908,1791411827908,
d4881f3a-a0eb-4130-9881-b39bfb1464fd,CONSUMER,200,1,did:web:ssi-dim-wallet-service.identity:BPNL00000003AYRE,,1791411185085,1791411827654,1791411827654,
2d94ddb9-ba50-4651-9481-c730fbd10e8d,CONSUMER,200,1,did:web:ssi-dim-wallet-service.identity:BPNL00000003AYRE,,1791411185168,1791411827907,1791411827907,
847aa2a2-64e2-4b7e-865f-4d05e36b1586,CONSUMER,200,1,did:web:ssi-dim-wallet-service.identity:BPNL00000003AYRE,,1791411185285,1791411827910,1791411827910,
ca0d3b4f-7e69-4dc9-9011-1da4b5a55479,CONSUMER,200,1,did:web:ssi-dim-wallet-service.identity:BPNL00000003AYRE,,1791411185474,1791411827909,1791411827909,
d2048dc6-00a5-408c-bb7e-e8282b094967,CONSUMER,200,1,did:web:ssi-dim-wallet-service.identity:BPNL00000003AYRE,,1791411185485,1791411828039,1791411828039,
e43347d7-7b31-499b-99a9-3d1d6f1f80bd,CONSUMER,200,1,did:web:ssi-dim-wallet-service.identity:BPNL00000003AYRE,,1791411185670,1791411828206,1791411828206,
cebbf144-c4e5-4762-b078-05c84031bb3c,CONSUMER,200,1,did:web:ssi-dim-wallet-service.identity:BPNL00000003AYRE,,1791411185670,1791411828136,1791411828136,
99c7888f-3410-4a56-8e1e-e1830f11fb10,CONSUMER,200,1,did:web:ssi-dim-wallet-service.identity:BPNL00000003AYRE,,1791411185673,1791411828540,1791411828540,
22c990fc-780c-429a-b3f0-c0672cc44d86,CONSUMER,200,1,did:web:ssi-dim-wallet-service.identity:BPNL00000003AYRE,,1791411185687,1791411828548,1791411828548,
556b559f-a26a-4825-84f2-505cd9bfb28f,CONSUMER,200,1,did:web:ssi-dim-wallet-service.identity:BPNL00000003AYRE,,1791411185692,1791411828155,1791411828155,
edd27da4-81a8-4b04-a910-391f8866780f,CONSUMER,200,1,did:web:ssi-dim-wallet-service.identity:BPNL00000003AYRE,,1791411185774,1791411828453,1791411828453,
ee7823a6-c061-4a99-9867-551990c755ac,CONSUMER,200,1,did:web:ssi-dim-wallet-service.identity:BPNL00000003AYRE,,1791411185868,1791411828341,1791411828341,
fb670a53-bba9-4249-833e-068867eabbf1,CONSUMER,200,1,did:web:ssi-dim-wallet-service.identity:BPNL00000003AYRE,,1791411185870,1791411828349,1791411828349,
04220b9a-685f-48fd-b4b5-b36c1c4d965d,CONSUMER,200,1,did:web:ssi-dim-wallet-service.identity:BPNL00000003AYRE,,1791411185974,1791411828609,1791411828609,
7925add7-be3f-4917-aed1-9c1cd573eb40,CONSUMER,200,1,did:web:ssi-dim-wallet-service.identity:BPNL00000003AYRE,,1791411185989,1791411828549,1791411828549,
153aeadf-0482-4fee-b082-e48e94dbf972,CONSUMER,200,1,did:web:ssi-dim-wallet-service.identity:BPNL00000003AYRE,,1791411186068,1791411828554,1791411828554,
7a3e8231-6f9b-464a-af78-376296c937e1,CONSUMER,200,1,did:web:ssi-dim-wallet-service.identity:BPNL00000003AYRE,,1791411186069,1791411828664,1791411828664,
7e4d013e-7037-437f-a961-2381d373c2c9,CONSUMER,200,1,did:web:ssi-dim-wallet-service.identity:BPNL00000003AYRE,,1791411186069,1791411828758,1791411828758,
5d0d4e14-5f49-477a-b401-9f415e10bbee,CONSUMER,200,1,did:web:ssi-dim-wallet-service.identity:BPNL00000003AYRE,,1791411186071,1791411828663,1791411828663,
3114e080-1203-406d-b6c5-b5b600e4bd37,CONSUMER,200,1,did:web:ssi-dim-wallet-service.identity:BPNL00000003AYRE,,1791411186074,1791411828763,1791411828763,
7d66b859-a4d6-4540-81c0-f75d35963264,CONSUMER,200,1,did:web:ssi-dim-wallet-service.identity:BPNL00000003AYRE,,1791411186090,1791411828755,1791411828755,
fa2a3a23-492f-4220-a9db-ac1f07606ed8,CONSUMER,200,1,did:web:ssi-dim-wallet-service.identity:BPNL00000003AYRE,,1791411186174,1791411828848,1791411828848,
26045419-39d9-4f91-ab04-e5df780a15db,CONSUMER,200,1,did:web:ssi-dim-wallet-service.identity:BPNL00000003AYRE,,1791411186277,1791411828839,1791411828839,
22498877-7ae1-44d4-a0b8-794a6ea65fa6,CONSUMER,200,1,did:web:ssi-dim-wallet-service.identity:BPNL00000003AYRE,,1791411186285,1791411829042,1791411829042,
0b859c4a-bdeb-4dfe-b4ff-4b2db06e06e9,CONSUMER,200,1,did:web:ssi-dim-wallet-service.identity:BPNL00000003AYRE,,1791411186390,1791411829447,1791411829447,
3c0302db-878e-4040-8cc4-454b0febd557,CONSUMER,200,1,did:web:ssi-dim-wallet-service.identity:BPNL00000003AYRE,,1791411186472,1791411829006,1791411829006,
2a59b91f-c4b2-4c1b-80ed-56eae9807e88,CONSUMER,200,1,did:web:ssi-dim-wallet-service.identity:BPNL00000003AYRE,,1791411186870,1791411829133,1791411829133,
c0f79b73-6600-4916-86df-5f9d05715ec1,CONSUMER,200,1,did:web:ssi-dim-wallet-service.identity:BPNL00000003AYRE,,1791411187471,1791411829484,1791411829484,
2e3a8f5b-7f77-4a57-804c-b7ae4b09a1a6,CONSUMER,200,1,did:web:ssi-dim-wallet-service.identity:BPNL00000003AYRE,,1791411188173,1791411829586,1791411829586,
66370511-0342-4bff-bbe3-b38a62f48838,CONSUMER,200,1,did:web:ssi-dim-wallet-service.identity:BPNL00000003AYRE,,1791411188675,1791411829410,1791411829410,
33eca213-6048-4cb4-9da3-e3acd2e354b2,CONSUMER,200,1,did:web:ssi-dim-wallet-service.identity:BPNL00000003AYRE,,1791411191981,1791411829485,1791411829485,
bb049b85-93de-474b-80ed-01665780855c,CONSUMER,200,1,did:web:ssi-dim-wallet-service.identity:BPNL00000003AYRE,,1791411196685,1791411829745,1791411829745,
f6795543-19c6-453e-b9de-ebe5e1ff1aba,CONSUMER,200,1,did:web:ssi-dim-wallet-service.identity:BPNL00000003AYRE,,1791411196768,1791411829948,1791411829948,
7f1af8c0-82e5-40e8-8be7-165a2174f875,CONSUMER,200,1,did:web:ssi-dim-wallet-service.identity:BPNL00000003AYRE,,1791411196973,1791411829956,1791411829956,
9a60f173-a5e1-40a0-b761-43cea351b84a,CONSUMER,200,1,did:web:ssi-dim-wallet-service.identity:BPNL00000003AYRE,,1791411200086,1791411830230,1791411830230,
47dac7f2-4c1b-4e9a-884d-f3cab84919c3,CONSUMER,200,1,did:web:ssi-dim-wallet-service.identity:BPNL00000003AYRE,,1791411202886,1791411830231,1791411830231,
aa8d03b4-2761-4207-9b3a-17bcaad0bbb9,CONSUMER,200,1,did:web:ssi-dim-wallet-service.identity:BPNL00000003AYRE,,1791411207387,1791411830813,1791411830813,
671d662f-ce48-4e0d-b19f-d8b5794b9253,CONSUMER,200,1,did:web:ssi-dim-wallet-service.identity:BPNL00000003AYRE,,1791411208890,1791411830610,1791411830610,
ebfa4e80-4640-4c04-aac6-5956fe92e507,CONSUMER,200,1,did:web:ssi-dim-wallet-service.identity:BPNL00000003AYRE,,1791411209968,1791411830765,1791411830765,
aec20de3-d911-4575-9731-64eab2f96720,CONSUMER,200,1,did:web:ssi-dim-wallet-service.identity:BPNL00000003AYRE,,1791411211498,1791411830751,1791411830751,
b202186c-09a9-4ce3-81cc-2d62f144831e,CONSUMER,200,1,did:web:ssi-dim-wallet-service.identity:BPNL00000003AYRE,,1791411211672,1791411830764,1791411830764,
6be0cd9f-ad55-40f4-80db-8cf56630c4ce,CONSUMER,200,1,did:web:ssi-dim-wallet-service.identity:BPNL00000003AYRE,,1791411212776,1791411831089,1791411831089,
1eaf5420-8d98-428f-a1c2-8b688b1cd33d,CONSUMER,200,1,did:web:ssi-dim-wallet-service.identity:BPNL00000003AYRE,,1791411213578,1791411831086,1791411831086,
0add5f5e-fd53-4e30-be5c-08fb56c231a8,CONSUMER,200,1,did:web:ssi-dim-wallet-service.identity:BPNL00000003AYRE,,1791411214077,1791411831428,1791411831428,
f3d86462-56e0-4312-87e9-ab530d2fc8ce,CONSUMER,200,1,did:web:ssi-dim-wallet-service.identity:BPNL00000003AYRE,,1791411216588,1791411831564,1791411831564,
bf94a1d3-79fe-46f2-907e-2fedf9cf80c1,CONSUMER,200,1,did:web:ssi-dim-wallet-service.identity:BPNL00000003AYRE,,1791411217571,1791411831940,1791411831940,
3b02d517-c536-4602-b913-fbf3cb9dd2bd,CONSUMER,200,1,did:web:ssi-dim-wallet-service.identity:BPNL00000003AYRE,,1791411217870,1791411831850,1791411831850,
9b2f06e5-5190-4595-8995-6c8845767c36,CONSUMER,200,1,did:web:ssi-dim-wallet-service.identity:BPNL00000003AYRE,,1791411224139,1791411831748,1791411831748,
2bba77f9-9a8b-460a-a1d7-1e1ea6082004,CONSUMER,200,1,did:web:ssi-dim-wallet-service.identity:BPNL00000003AYRE,,1791411224813,1791411831757,1791411831757,
7f9f4192-8671-42f3-852c-922bff47e9d2,CONSUMER,200,1,did:web:ssi-dim-wallet-service.identity:BPNL00000003AYRE,,1791411224938,1791411832045,1791411832045,
20b45465-775f-492e-bbef-d93d387c4bec,CONSUMER,200,1,did:web:ssi-dim-wallet-service.identity:BPNL00000003AYRE,,1791411224979,1791411832017,1791411832017,
f4085283-031e-4c68-8c3c-8b295830382b,CONSUMER,200,1,did:web:ssi-dim-wallet-service.identity:BPNL00000003AYRE,,1791411225071,1791411832146,1791411832146,
764a2b42-9f81-42e8-a75e-97df7d09cec6,CONSUMER,200,1,did:web:ssi-dim-wallet-service.identity:BPNL00000003AYRE,,1791411225071,1791411832155,1791411832155,
63a69017-84c4-4d07-b3d0-7ae4e1fb1e9c,CONSUMER,200,1,did:web:ssi-dim-wallet-service.identity:BPNL00000003AYRE,,1791411225173,1791411832216,1791411832216,
ae24b711-8811-4fd9-b984-fd0fd526c2c7,CONSUMER,200,1,did:web:ssi-dim-wallet-service.identity:BPNL00000003AYRE,,1791411225583,1791411832370,1791411832370,
e907776a-6593-4594-a291-1de9d6bf3711,CONSUMER,200,1,did:web:ssi-dim-wallet-service.identity:BPNL00000003AYRE,,1791411226778,1791411835252,1791411835252,
22867839-fed0-4fdb-b01e-c1c1f776d47a,CONSUMER,200,1,did:web:ssi-dim-wallet-service.identity:BPNL00000003AYRE,,1791411229286,1791411835111,1791411835111,
295c13b6-d159-4b0d-acee-7be69973daed,CONSUMER,200,1,did:web:ssi-dim-wallet-service.identity:BPNL00000003AYRE,,1791411231283,1791411835321,1791411835321,
4ce5fb59-ce35-40d0-a4b7-b0004f51897d,CONSUMER,200,1,did:web:ssi-dim-wallet-service.identity:BPNL00000003AYRE,,1791411238482,1791411835618,1791411835618,
5e12fdb2-5052-460e-99b9-92ae56546fd4,CONSUMER,200,1,did:web:ssi-dim-wallet-service.identity:BPNL00000003AYRE,,1791411238485,1791411835642,1791411835642,
a1bb6abf-c4ad-4307-8b15-79676eb1fcd2,CONSUMER,200,1,did:web:ssi-dim-wallet-service.identity:BPNL00000003AYRE,,1791411238584,1791411835641,1791411835641,
c6056921-1986-46cc-ab03-4504e1507193,CONSUMER,200,1,did:web:ssi-dim-wallet-service.identity:BPNL00000003AYRE,,1791411238970,1791411835648,1791411835648,
59ac8059-27f6-4764-a7e3-948c47a08e1e,CONSUMER,200,1,did:web:ssi-dim-wallet-service.identity:BPNL00000003AYRE,,1791411239274,1791411835948,1791411835948,
cf981e5d-5708-4f30-a8ab-fc46bc81022a,CONSUMER,200,1,did:web:ssi-dim-wallet-service.identity:BPNL00000003AYRE,,1791411239370,1791411835854,1791411835854,
090e8da8-79c4-4f1b-857c-5775d0acda18,CONSUMER,200,1,did:web:ssi-dim-wallet-service.identity:BPNL00000003AYRE,,1791411240376,1791411835851,1791411835851,
6fe4b1b9-6c7e-4893-b135-b303eb96982b,CONSUMER,200,1,did:web:ssi-dim-wallet-service.identity:BPNL00000003AYRE,,1791411240985,1791411835852,1791411835852,
cec3303b-6d98-4f85-a139-f616a47d39de,CONSUMER,200,1,did:web:ssi-dim-wallet-service.identity:BPNL00000003AYRE,,1791411241777,1791411836050,1791411836050,
bc60e945-de6c-4f70-b22c-213c015d9512,CONSUMER,200,1,did:web:ssi-dim-wallet-service.identity:BPNL00000003AYRE,,1791411243974,1791411836209,1791411836209,
458dd285-c428-4dfa-8dd1-0e31ddebf5b0,CONSUMER,200,1,did:web:ssi-dim-wallet-service.identity:BPNL00000003AYRE,,1791411243978,1791411836054,1791411836054,
15a40f7f-7115-40b5-a90c-1b4b54eaadbd,CONSUMER,200,1,did:web:ssi-dim-wallet-service.identity:BPNL00000003AYRE,,1791411245280,1791411836246,1791411836246,
4c4b1e55-5db4-45cd-a70a-5308caa252e6,CONSUMER,200,1,did:web:ssi-dim-wallet-service.identity:BPNL00000003AYRE,,1791411245980,1791411836412,1791411836412,
5899336a-d017-4349-91d1-1617e2d032b6,CONSUMER,200,1,did:web:ssi-dim-wallet-service.identity:BPNL00000003AYRE,,1791411246573,1791411836309,1791411836309,
e05b7936-fab1-485f-8274-bcc0bfddb12d,CONSUMER,200,1,did:web:ssi-dim-wallet-service.identity:BPNL00000003AYRE,,1791411247369,1791411836445,1791411836445,
3021e8e8-8729-478c-85cf-cf9bcc1650af,CONSUMER,200,1,did:web:ssi-dim-wallet-service.identity:BPNL00000003AYRE,,1791411247587,1791411836542,1791411836542,
67199c99-753f-44d9-b5c3-700c1aef9182,CONSUMER,200,1,did:web:ssi-dim-wallet-service.identity:BPNL00000003AYRE,,1791411247768,1791411836608,1791411836608,
fd4b0528-a903-4b29-8dfd-a0a903fa3c4a,CONSUMER,200,1,did:web:ssi-dim-wallet-service.identity:BPNL00000003AYRE,,1791411251076,1791411836543,1791411836543,
333e1ac3-b9b7-431c-9e3f-da2ded3aec56,CONSUMER,200,1,did:web:ssi-dim-wallet-service.identity:BPNL00000003AYRE,,1791411251373,1791411836745,1791411836745,
2cfb7d82-930a-4d95-ae0a-c0edf3ef812a,CONSUMER,200,1,did:web:ssi-dim-wallet-service.identity:BPNL00000003AYRE,,1791411251978,1791411836760,1791411836760,
20012e83-ae97-4a8e-8e12-ca71df890389,CONSUMER,200,1,did:web:ssi-dim-wallet-service.identity:BPNL00000003AYRE,,1791411252274,1791411836770,1791411836770,
d56eddc5-b620-48bc-9a5f-7aa69eceefdc,CONSUMER,200,1,did:web:ssi-dim-wallet-service.identity:BPNL00000003AYRE,,1791411254579,1791411836786,1791411836786,
419294d5-5ff6-423d-b579-9f9b1dbe3487,CONSUMER,200,1,did:web:ssi-dim-wallet-service.identity:BPNL00000003AYRE,,1791411254582,1791411837010,1791411837010,
530c8793-6dce-4d78-b584-44dfddfe8393,CONSUMER,200,1,did:web:ssi-dim-wallet-service.identity:BPNL00000003AYRE,,1791411255971,1791411837442,1791411837442,
a31f2fb6-9967-4aec-9e89-9a83ece4cf1d,CONSUMER,200,1,did:web:ssi-dim-wallet-service.identity:BPNL00000003AYRE,,1791411256085,1791411836943,1791411836943,
d7d27def-d459-4918-8411-32f68fac0084,CONSUMER,200,1,did:web:ssi-dim-wallet-service.identity:BPNL00000003AYRE,,1791411256969,1791411837044,1791411837044,
431b30ec-778b-4c85-820b-776a042f651b,CONSUMER,200,1,did:web:ssi-dim-wallet-service.identity:BPNL00000003AYRE,,1791411260572,1791411837515,1791411837515,
af812dcb-0a4f-4775-9b2e-a3a2d0266998,CONSUMER,200,1,did:web:ssi-dim-wallet-service.identity:BPNL00000003AYRE,,1791411260871,1791411837149,1791411837149,
6aa3783d-8ec7-4ffa-ac72-70579c493bbe,CONSUMER,200,1,did:web:ssi-dim-wallet-service.identity:BPNL00000003AYRE,,1791411261070,1791411837515,1791411837515,
3960e28f-7a10-4958-a347-61e3af1da94b,CONSUMER,200,1,did:web:ssi-dim-wallet-service.identity:BPNL00000003AYRE,,1791411261276,1791411837748,1791411837748,
c563393d-e915-47b3-95a4-b89c85e0b604,CONSUMER,200,1,did:web:ssi-dim-wallet-service.identity:BPNL00000003AYRE,,1791411261676,1791411837555,1791411837555,
91cf95ca-e486-4177-b8e8-947415fc4fcf,CONSUMER,200,1,did:web:ssi-dim-wallet-service.identity:BPNL00000003AYRE,,1791411262884,1791411837560,1791411837560,
7d3a1de0-a027-4c36-b7c0-a5dd6801239d,CONSUMER,200,1,did:web:ssi-dim-wallet-service.identity:BPNL00000003AYRE,,1791411264769,1791411837713,1791411837713,
7d3eb9d1-9f6d-41f5-966d-000f47284f2e,CONSUMER,200,1,did:web:ssi-dim-wallet-service.identity:BPNL00000003AYRE,,1791411265170,1791411837953,1791411837953,
c07fc474-a8e9-4e20-ae25-6c655d870c9a,CONSUMER,200,1,did:web:ssi-dim-wallet-service.identity:BPNL00000003AYRE,,1791411266068,1791411837916,1791411837916,
bd65e8f3-e21a-4b90-914d-e394932a2b75,CONSUMER,200,1,did:web:ssi-dim-wallet-service.identity:BPNL00000003AYRE,,1791411266187,1791411838009,1791411838009,
1389d33a-d098-423b-bb60-42ab622bd872,CONSUMER,200,1,did:web:ssi-dim-wallet-service.identity:BPNL00000003AYRE,,1791411267785,1791411838009,1791411838009,
ec2140d3-158f-4b47-aca1-7677eb0614ae,CONSUMER,200,1,did:web:ssi-dim-wallet-service.identity:BPNL00000003AYRE,,1791411267972,1791411838261,1791411838261,
83e4001d-515e-41c6-82e1-20a378ee0f01,CONSUMER,200,1,did:web:ssi-dim-wallet-service.identity:BPNL00000003AYRE,,1791411268768,1791411838468,1791411838468,
cec96842-6cbd-49a3-8ff3-14642809900c,CONSUMER,200,1,did:web:ssi-dim-wallet-service.identity:BPNL00000003AYRE,,1791411269668,1791411838334,1791411838334,
25eaf5da-e4cc-40f5-89d0-166492873627,CONSUMER,200,1,did:web:ssi-dim-wallet-service.identity:BPNL00000003AYRE,,1791411269889,1791411838627,1791411838627,
4fd8c410-5961-4c78-815a-f4a4939d0889,CONSUMER,200,1,did:web:ssi-dim-wallet-service.identity:BPNL00000003AYRE,,1791411271571,1791411838260,1791411838260,
d483660a-27c2-418e-a165-caf2c6f501d7,CONSUMER,200,1,did:web:ssi-dim-wallet-service.identity:BPNL00000003AYRE,,1791411273837,1791411838864,1791411838864,
f86018dc-e625-4776-bc90-82f39cfd48b0,CONSUMER,200,1,did:web:ssi-dim-wallet-service.identity:BPNL00000003AYRE,,1791411275473,1791411838466,1791411838466,
80e13b59-9cdd-4f85-9e9e-c19906290db0,CONSUMER,200,1,did:web:ssi-dim-wallet-service.identity:BPNL00000003AYRE,,1791411275889,1791411838828,1791411838828,
0c71c50b-cba5-4317-b71b-33170f8ac63e,CONSUMER,200,1,did:web:ssi-dim-wallet-service.identity:BPNL00000003AYRE,,1791411276278,1791411838929,1791411838929,
a675e500-52f0-42bf-9e4f-3e0580234d5f,CONSUMER,200,1,did:web:ssi-dim-wallet-service.identity:BPNL00000003AYRE,,1791411276872,1791411838941,1791411838941,
bf0e2686-7b09-4608-bf04-66529b01f79d,CONSUMER,200,1,did:web:ssi-dim-wallet-service.identity:BPNL00000003AYRE,,1791411279272,1791411838929,1791411838929,
94f2ad69-e329-4d86-b407-5001e56aef13,CONSUMER,200,1,did:web:ssi-dim-wallet-service.identity:BPNL00000003AYRE,,1791411279574,1791411839315,1791411839315,
74aa767e-1107-41e0-bba2-0d5bda9871c5,CONSUMER,200,1,did:web:ssi-dim-wallet-service.identity:BPNL00000003AYRE,,1791411280976,1791411839312,1791411839312,
32fa5c75-5902-43fa-b403-0b28580a0f41,CONSUMER,200,1,did:web:ssi-dim-wallet-service.identity:BPNL00000003AYRE,,1791411281785,1791411839443,1791411839443,
72c3b073-2913-4dab-ba8d-07efd47e9f9a,CONSUMER,200,1,did:web:ssi-dim-wallet-service.identity:BPNL00000003AYRE,,1791411282477,1791411839344,1791411839344,
208b0d8b-54fc-4bf7-b9f0-236d5c070632,CONSUMER,200,1,did:web:ssi-dim-wallet-service.identity:BPNL00000003AYRE,,1791411283438,1791411839407,1791411839407,
2c27aba7-115a-420f-983a-3ddcb3c97c76,CONSUMER,200,1,did:web:ssi-dim-wallet-service.identity:BPNL00000003AYRE,,1791411283578,1791411839457,1791411839457,
439eb855-ca42-4e70-9961-0249c6788d80,CONSUMER,200,1,did:web:ssi-dim-wallet-service.identity:BPNL00000003AYRE,,1791411283894,1791411839458,1791411839458,
025dcffb-8a14-42cf-b356-7c83fcfa5a35,CONSUMER,200,1,did:web:ssi-dim-wallet-service.identity:BPNL00000003AYRE,,1791411285878,1791411839450,1791411839450,
a6b1d9b4-f964-4e53-ae46-499c45d68eb3,CONSUMER,200,1,did:web:ssi-dim-wallet-service.identity:BPNL00000003AYRE,,1791411287173,1791411839667,1791411839667,
70dfedda-95ba-4899-8f98-dce4659f3a9c,CONSUMER,200,1,did:web:ssi-dim-wallet-service.identity:BPNL00000003AYRE,,1791411289572,1791411839960,1791411839960,
e840ac5d-84b0-4f73-a184-bcbe49f43989,CONSUMER,200,1,did:web:ssi-dim-wallet-service.identity:BPNL00000003AYRE,,1791411290869,1791411839948,1791411839948,
07e52d0c-8639-44d0-9815-61d55a510606,CONSUMER,200,1,did:web:ssi-dim-wallet-service.identity:BPNL00000003AYRE,,1791411291686,1791411840156,1791411840156,
c95e2fa3-499c-46eb-90ec-a6bbf26130ff,CONSUMER,200,1,did:web:ssi-dim-wallet-service.identity:BPNL00000003AYRE,,1791411291875,1791411840162,1791411840162,
bfc346ee-2c2f-45b5-92be-0ba6e94e5841,CONSUMER,200,1,did:web:ssi-dim-wallet-service.identity:BPNL00000003AYRE,,1791411295171,1791411840348,1791411840348,
e82023af-74eb-4201-8add-1334ca02ff89,CONSUMER,200,1,did:web:ssi-dim-wallet-service.identity:BPNL00000003AYRE,,1791411295473,1791411840540,1791411840540,
03397932-aac7-45a1-a7bc-37b1374bde75,CONSUMER,200,1,did:web:ssi-dim-wallet-service.identity:BPNL00000003AYRE,,1791411295888,1791411840440,1791411840440,
e17c4ea2-bb17-4d27-be30-c3d51b963da4,CONSUMER,200,1,did:web:ssi-dim-wallet-service.identity:BPNL00000003AYRE,,1791411296574,1791411840453,1791411840453,
b346078f-12e8-433e-b09f-dfc9c1c862f3,CONSUMER,200,1,did:web:ssi-dim-wallet-service.identity:BPNL00000003AYRE,,1791411299187,1791411840555,1791411840555,
94784c8a-25b7-4507-a460-9f319bff35e2,CONSUMER,200,1,did:web:ssi-dim-wallet-service.identity:BPNL00000003AYRE,,1791411299370,1791411841041,1791411841041,
ff460da4-97aa-4b8e-b324-973391bd5c12,CONSUMER,200,1,did:web:ssi-dim-wallet-service.identity:BPNL00000003AYRE,,1791411300286,1791411840610,1791411840610,
b79aeaa4-8f93-4fe0-b1bc-cd0faf162024,CONSUMER,200,1,did:web:ssi-dim-wallet-service.identity:BPNL00000003AYRE,,1791411300590,1791411840855,1791411840855,
8a0ade66-4871-468d-a8eb-0964d1d6d383,CONSUMER,200,1,did:web:ssi-dim-wallet-service.identity:BPNL00000003AYRE,,1791411301186,1791411840857,1791411840857,
2ec50964-6e6f-44ef-866c-ff089ca058a4,CONSUMER,200,1,did:web:ssi-dim-wallet-service.identity:BPNL00000003AYRE,,1791411301267,1791411840856,1791411840856,
224c876f-51e3-418e-b908-5023a063a89a,CONSUMER,200,1,did:web:ssi-dim-wallet-service.identity:BPNL00000003AYRE,,1791411301790,1791411840919,1791411840919,
0697390b-9026-4463-a5b0-1242217fce31,CONSUMER,200,1,did:web:ssi-dim-wallet-service.identity:BPNL00000003AYRE,,1791411302470,1791411841053,1791411841053,
8b89be25-2894-4c18-b340-6c11c7104441,CONSUMER,200,1,did:web:ssi-dim-wallet-service.identity:BPNL00000003AYRE,,1791411306973,1791411841055,1791411841055,
6b5d094a-c512-4406-b5ca-e357929bf013,CONSUMER,200,1,did:web:ssi-dim-wallet-service.identity:BPNL00000003AYRE,,1791411307069,1791411841053,1791411841053,
b44c8f3b-467d-4bd6-b5df-61a5701b940a,CONSUMER,200,1,did:web:ssi-dim-wallet-service.identity:BPNL00000003AYRE,,1791411307192,1791411841047,1791411841047,
e166bad0-a98f-46ec-a596-2671204223d5,CONSUMER,200,1,did:web:ssi-dim-wallet-service.identity:BPNL00000003AYRE,,1791411308310,1791411841343,1791411841343,
96bdbe66-d8c9-4dd8-a280-066385f8a1dc,CONSUMER,200,1,did:web:ssi-dim-wallet-service.identity:BPNL00000003AYRE,,1791411309169,1791411843446,1791411843446,
2ad2d1cb-393d-4fe5-9e1c-d685f21701e3,CONSUMER,200,1,did:web:ssi-dim-wallet-service.identity:BPNL00000003AYRE,,1791411310973,1791411843652,1791411843652,
79bdaa91-610f-4020-becb-399127d1a185,CONSUMER,200,1,did:web:ssi-dim-wallet-service.identity:BPNL00000003AYRE,,1791411310977,1791411843542,1791411843542,
520941f0-c178-4b29-babe-ef1fc3f24949,CONSUMER,200,1,did:web:ssi-dim-wallet-service.identity:BPNL00000003AYRE,,1791411315470,1791411843755,1791411843755,
1c4ac042-d8da-4704-bdf1-16f2bfa2eefc,CONSUMER,200,1,did:web:ssi-dim-wallet-service.identity:BPNL00000003AYRE,,1791411315579,1791411843818,1791411843818,
1928e1f0-697b-4ba5-851a-97aaf4e9a9f4,CONSUMER,200,1,did:web:ssi-dim-wallet-service.identity:BPNL00000003AYRE,,1791411316589,1791411843815,1791411843815,
da9325c7-2958-4273-aa84-d45873e90394,CONSUMER,200,1,did:web:ssi-dim-wallet-service.identity:BPNL00000003AYRE,,1791411322971,1791411844014,1791411844014,
a900027a-4837-45fb-ae0d-74b6dad52317,CONSUMER,200,1,did:web:ssi-dim-wallet-service.identity:BPNL00000003AYRE,,1791411326572,1791411844112,1791411844112,
4b5e8f7a-b621-4d34-8935-001ce065d6a4,CONSUMER,200,1,did:web:ssi-dim-wallet-service.identity:BPNL00000003AYRE,,1791411330669,1791411844362,1791411844362,
e07c612a-4f56-4a6b-a774-958802cafd4a,CONSUMER,200,1,did:web:ssi-dim-wallet-service.identity:BPNL00000003AYRE,,1791411330669,1791411844155,1791411844155,
c3c1c83f-8ca3-4a24-99e4-83d8ae5571c7,CONSUMER,200,1,did:web:ssi-dim-wallet-service.identity:BPNL00000003AYRE,,1791411330774,1791411844431,1791411844431,
366468c7-4074-4810-9a55-c6cedb35b088,CONSUMER,200,1,did:web:ssi-dim-wallet-service.identity:BPNL00000003AYRE,,1791411330871,1791411844364,1791411844364,
63936e2e-191d-4027-9378-0a9f9247b3e7,CONSUMER,200,1,did:web:ssi-dim-wallet-service.identity:BPNL00000003AYRE,,1791411331077,1791411844530,1791411844530,
f5edace5-65ba-4148-843e-b254b4eb38a2,CONSUMER,200,1,did:web:ssi-dim-wallet-service.identity:BPNL00000003AYRE,,1791411331078,1791411844530,1791411844530,
28b881d3-e4d7-4a3c-a6f9-7bee07e0d6a3,CONSUMER,200,1,did:web:ssi-dim-wallet-service.identity:BPNL00000003AYRE,,1791411331268,1791411844564,1791411844564,
4a98c8c4-480e-419f-beb2-84e88ae12334,CONSUMER,200,1,did:web:ssi-dim-wallet-service.identity:BPNL00000003AYRE,,1791411331295,1791411844829,1791411844829,
b975de8b-df44-4923-b88e-43e7f1cc68f8,CONSUMER,200,1,did:web:ssi-dim-wallet-service.identity:BPNL00000003AYRE,,1791411332569,1791411844864,1791411844864,
3c931134-de0d-4648-91e1-70cd5efdd258,CONSUMER,200,1,did:web:ssi-dim-wallet-service.identity:BPNL00000003AYRE,,1791411335534,1791411845132,1791411845132,
5ba94a16-550b-4298-aede-74e51640a468,CONSUMER,200,1,did:web:ssi-dim-wallet-service.identity:BPNL00000003AYRE,,1791411338376,1791411845131,1791411845131,
8a409bc7-5547-4b3c-9680-9b64585b21fd,CONSUMER,200,1,did:web:ssi-dim-wallet-service.identity:BPNL00000003AYRE,,1791411340770,1791411845236,1791411845236,
a0ac74a9-c2c2-4945-ad3e-c7298391f457,CONSUMER,200,1,did:web:ssi-dim-wallet-service.identity:BPNL00000003AYRE,,1791411345985,1791411846848,1791411846848,
f3d56a8a-dd64-41e0-8b13-64e6e668d52f,CONSUMER,200,1,did:web:ssi-dim-wallet-service.identity:BPNL00000003AYRE,,1791411347488,1791411846850,1791411846850,
8f0dc0f9-250b-4dd7-b3d4-bcc31a438b5e,CONSUMER,200,1,did:web:ssi-dim-wallet-service.identity:BPNL00000003AYRE,,1791411350786,1791411846808,1791411846808,
f2c20e95-61c7-49f0-b475-9ad8ae1a5c0b,CONSUMER,200,1,did:web:ssi-dim-wallet-service.identity:BPNL00000003AYRE,,1791411351482,1791411846858,1791411846858,
0d4c811f-b019-4903-adbd-e293b8d9122e,CONSUMER,200,1,did:web:ssi-dim-wallet-service.identity:BPNL00000003AYRE,,1791411353736,1791411847043,1791411847043,
01da82e8-0ee4-4f21-bb33-779fed80075c,CONSUMER,200,1,did:web:ssi-dim-wallet-service.identity:BPNL00000003AYRE,,1791411355875,1791411847149,1791411847149,
a706880e-09a4-4d7b-8333-21bdf9ddf948,CONSUMER,200,1,did:web:ssi-dim-wallet-service.identity:BPNL00000003AYRE,,1791411358070,1791411847144,1791411847144,
f7fe1e34-c454-42e3-bf50-640727abb541,CONSUMER,200,1,did:web:ssi-dim-wallet-service.identity:BPNL00000003AYRE,,1791411359501,1791411847145,1791411847145,
24ae9407-02bb-480a-a73f-285670ccd603,CONSUMER,200,1,did:web:ssi-dim-wallet-service.identity:BPNL00000003AYRE,,1791411360552,1791411847342,1791411847342,
c4224ab2-aa58-469c-a3ea-57ee6ee76b80,CONSUMER,200,1,did:web:ssi-dim-wallet-service.identity:BPNL00000003AYRE,,1791411365414,1791411847319,1791411847319,
0556dd37-d728-4b1b-a10c-16a3d0c7ee47,CONSUMER,200,1,did:web:ssi-dim-wallet-service.identity:BPNL00000003AYRE,,1791411367176,1791411847611,1791411847611,
279b85ae-a432-4062-a20e-eee4bbc07dc5,CONSUMER,200,1,did:web:ssi-dim-wallet-service.identity:BPNL00000003AYRE,,1791411367191,1791411847342,1791411847342,
6cfdc1c8-5229-4171-b2aa-bb9599b4b850,CONSUMER,200,1,did:web:ssi-dim-wallet-service.identity:BPNL00000003AYRE,,1791411370773,1791411847930,1791411847930,
fa0117f2-be65-4256-82a4-db0ad97353ec,CONSUMER,200,1,did:web:ssi-dim-wallet-service.identity:BPNL00000003AYRE,,1791411375788,1791411847810,1791411847810,
4b6a8b59-d4e5-4d79-ba42-2e80ef36b2fc,CONSUMER,200,1,did:web:ssi-dim-wallet-service.identity:BPNL00000003AYRE,,1791411379271,1791411847943,1791411847943,
8fdc86c2-a568-4380-aad2-d3f5a1d55c1d,CONSUMER,200,1,did:web:ssi-dim-wallet-service.identity:BPNL00000003AYRE,,1791411380975,1791411848042,1791411848042,
2b95d637-67f2-4902-9b34-3d4ee1bbb490,CONSUMER,200,1,did:web:ssi-dim-wallet-service.identity:BPNL00000003AYRE,,1791411384652,1791411848141,1791411848141,
6759fedd-f89c-4150-bd6f-f95219d7dc17,CONSUMER,200,1,did:web:ssi-dim-wallet-service.identity:BPNL00000003AYRE,,1791411384977,1791411848111,1791411848111,
42e0c0bc-ee2a-4703-a990-c36bcebb6433,CONSUMER,200,1,did:web:ssi-dim-wallet-service.identity:BPNL00000003AYRE,,1791411386270,1791411848341,1791411848341,
ee5fef2a-dd7e-4253-bc2d-04f0b937a689,CONSUMER,200,1,did:web:ssi-dim-wallet-service.identity:BPNL00000003AYRE,,1791411386271,1791411848248,1791411848248,
55cb83fd-6fb4-4577-b57a-b9ec02972f99,CONSUMER,200,1,did:web:ssi-dim-wallet-service.identity:BPNL00000003AYRE,,1791411387173,1791411849122,1791411849122,
be170f8c-e262-4eef-93e3-09f368a89a89,CONSUMER,200,1,did:web:ssi-dim-wallet-service.identity:BPNL00000003AYRE,,1791411390538,1791411849157,1791411849157,
331534f3-b86e-4a38-9c1a-61fa8c5b6f77,CONSUMER,200,1,did:web:ssi-dim-wallet-service.identity:BPNL00000003AYRE,,1791411391046,1791411849455,1791411849455,
bebe9d62-22aa-457a-97d9-e732e0495f0a,CONSUMER,200,1,did:web:ssi-dim-wallet-service.identity:BPNL00000003AYRE,,1791411391306,1791411849448,1791411849448,
e7af128b-3fff-45b9-a638-fabeda676c7d,CONSUMER,200,1,did:web:ssi-dim-wallet-service.identity:BPNL00000003AYRE,,1791411391575,1791411849454,1791411849454,
76aa5527-fee2-4445-b083-b286b9d689ba,CONSUMER,200,1,did:web:ssi-dim-wallet-service.identity:BPNL00000003AYRE,,1791411393312,1791411849543,1791411849543,
ffe47b2f-a705-4054-bc6d-75d33dc16fb3,CONSUMER,200,1,did:web:ssi-dim-wallet-service.identity:BPNL00000003AYRE,,1791411395570,1791411849458,1791411849458,
d86855e6-1d55-4eb7-a306-9bdcfe7b8801,CONSUMER,200,1,did:web:ssi-dim-wallet-service.identity:BPNL00000003AYRE,,1791411398380,1791411849556,1791411849556,
8def528a-c9a4-481e-afff-c5f41bc9521e,CONSUMER,200,1,did:web:ssi-dim-wallet-service.identity:BPNL00000003AYRE,,1791411400071,1791411849566,1791411849566,
3ff2d568-b0f1-4b43-96d0-d1a7748a4287,CONSUMER,200,1,did:web:ssi-dim-wallet-service.identity:BPNL00000003AYRE,,1791411400371,1791411849721,1791411849721,
ae5f1303-a301-4b00-9bfd-6c685905b8ce,CONSUMER,200,1,did:web:ssi-dim-wallet-service.identity:BPNL00000003AYRE,,1791411401172,1791411849714,1791411849714,
2f91ba41-4374-4867-a28c-5b60f712e263,CONSUMER,200,1,did:web:ssi-dim-wallet-service.identity:BPNL00000003AYRE,,1791411401283,1791411849712,1791411849712,
bf2dd177-e05d-4e92-aff4-c2c3b957dfea,CONSUMER,200,1,did:web:ssi-dim-wallet-service.identity:BPNL00000003AYRE,,1791411405974,1791411849712,1791411849712,
15131d63-ed30-4be8-97e3-8d5d5cc2f0d0,CONSUMER,200,1,did:web:ssi-dim-wallet-service.identity:BPNL00000003AYRE,,1791411407177,1791411849768,1791411849768,
205f681a-563b-4073-8aba-040cd1e3b2b4,CONSUMER,200,1,did:web:ssi-dim-wallet-service.identity:BPNL00000003AYRE,,1791411410973,1791411849778,1791411849778,
4145afad-e8db-4ea2-8c6b-7174db3674bf,CONSUMER,200,1,did:web:ssi-dim-wallet-service.identity:BPNL00000003AYRE,,1791411411188,1791411849866,1791411849866,
4608834a-4c21-47bd-bd47-c466f9176e75,CONSUMER,200,1,did:web:ssi-dim-wallet-service.identity:BPNL00000003AYRE,,1791411413503,1791411849865,1791411849865,
93552a98-1c2c-4811-b7a3-3684fcd6ecab,CONSUMER,200,1,did:web:ssi-dim-wallet-service.identity:BPNL00000003AYRE,,1791411415544,1791411849966,1791411849966,
8b877d53-1cde-49af-8d99-6aec04376663,CONSUMER,200,1,did:web:ssi-dim-wallet-service.identity:BPNL00000003AYRE,,1791411416370,1791411849966,1791411849966,
cf6e17b6-9393-4cd6-a297-13316d8f0fc4,CONSUMER,200,1,did:web:ssi-dim-wallet-service.identity:BPNL00000003AYRE,,1791411417662,1791411849973,1791411849973,
cf86a220-6112-40b4-bea7-d47af315cf03,CONSUMER,200,1,did:web:ssi-dim-wallet-service.identity:BPNL00000003AYRE,,1791411418726,1791411850041,1791411850041,
fc74fb5e-17ad-4625-be82-0ba7bb17b4bc,CONSUMER,200,1,did:web:ssi-dim-wallet-service.identity:BPNL00000003AYRE,,1791411418871,1791411850066,1791411850066,
898f9a24-ba1a-4d99-b34c-938046edb6b4,CONSUMER,200,1,did:web:ssi-dim-wallet-service.identity:BPNL00000003AYRE,,1791411420771,1791411850229,1791411850229,
dc7518a5-b890-4c2e-a497-d6083bb3603c,CONSUMER,200,1,did:web:ssi-dim-wallet-service.identity:BPNL00000003AYRE,,1791411425875,1791411850229,1791411850229,
4a4c209d-f078-44c5-a6d6-d9e591a78ebb,CONSUMER,200,1,did:web:ssi-dim-wallet-service.identity:BPNL00000003AYRE,,1791411426990,1791411850226,1791411850226,
bcb50c82-c82f-4375-8389-4453fa3ac366,CONSUMER,200,1,did:web:ssi-dim-wallet-service.identity:BPNL00000003AYRE,,1791411430427,1791411850168,1791411850168,
2aefc30c-e181-4a3d-9b5a-5e98f7c44228,CONSUMER,200,1,did:web:ssi-dim-wallet-service.identity:BPNL00000003AYRE,,1791411430606,1791411850329,1791411850329,
f6be870f-5129-415f-b198-c9fe1f6382ec,CONSUMER,200,1,did:web:ssi-dim-wallet-service.identity:BPNL00000003AYRE,,1791411430971,1791411850365,1791411850365,
6d1a8daf-71b4-4ef0-acf7-7a03001acab1,CONSUMER,200,1,did:web:ssi-dim-wallet-service.identity:BPNL00000003AYRE,,1791411431947,1791411850465,1791411850465,
7bfde598-485c-4c22-b775-819bd4d81281,CONSUMER,200,1,did:web:ssi-dim-wallet-service.identity:BPNL00000003AYRE,,1791411432476,1791411850566,1791411850566,
ca7f4c8b-292f-46f4-99c5-39e053c7158d,CONSUMER,200,1,did:web:ssi-dim-wallet-service.identity:BPNL00000003AYRE,,1791411434907,1791411851160,1791411851160,
bed153d1-321d-47ba-be4b-0c2a6b78b5db,CONSUMER,200,1,did:web:ssi-dim-wallet-service.identity:BPNL00000003AYRE,,1791411435570,1791411851146,1791411851146,
8c7048c8-e0e0-4355-904d-dc9937446cf5,CONSUMER,200,1,did:web:ssi-dim-wallet-service.identity:BPNL00000003AYRE,,1791411435671,1791411851160,1791411851160,
fe8a03cc-1e86-49bc-a56b-a48cdf9cb65e,CONSUMER,200,1,did:web:ssi-dim-wallet-service.identity:BPNL00000003AYRE,,1791411436669,1791411851024,1791411851024,
2b2b8024-03de-4782-94a2-e2948c2482d6,CONSUMER,200,1,did:web:ssi-dim-wallet-service.identity:BPNL00000003AYRE,,1791411439569,1791411851150,1791411851150,
27c025ad-178a-495a-83c5-51f06dca1be4,CONSUMER,200,1,did:web:ssi-dim-wallet-service.identity:BPNL00000003AYRE,,1791411440648,1791411851311,1791411851311,
380e3cb8-fe69-46e9-80fd-92ab4c1388be,CONSUMER,200,1,did:web:ssi-dim-wallet-service.identity:BPNL00000003AYRE,,1791411445150,1791411851489,1791411851489,
f85806d5-c649-4bed-93af-7e2c3dcc6273,CONSUMER,200,1,did:web:ssi-dim-wallet-service.identity:BPNL00000003AYRE,,1791411445533,1791411851494,1791411851494,
c8f9a122-25e6-44f2-ac17-c884988d45d2,CONSUMER,200,1,did:web:ssi-dim-wallet-service.identity:BPNL00000003AYRE,,1791411445572,1791411851494,1791411851494,
05037914-087e-40d6-8584-c94abec69ffe,CONSUMER,200,1,did:web:ssi-dim-wallet-service.identity:BPNL00000003AYRE,,1791411445869,1791411851590,1791411851590,
03f0cfb4-87b6-4c4d-8609-e478e5d4a550,CONSUMER,200,1,did:web:ssi-dim-wallet-service.identity:BPNL00000003AYRE,,1791411445979,1791411852166,1791411852166,
6811f5e2-de45-4a73-be96-1dc65d3f0a1c,CONSUMER,200,1,did:web:ssi-dim-wallet-service.identity:BPNL00000003AYRE,,1791411447172,1791411852619,1791411852619,
ab4ce89a-4623-487d-a44d-376f8bd368d4,CONSUMER,200,1,did:web:ssi-dim-wallet-service.identity:BPNL00000003AYRE,,1791411448077,1791411852166,1791411852166,
e647f014-b33e-4f77-96fc-43074f466b2d,CONSUMER,200,1,did:web:ssi-dim-wallet-service.identity:BPNL00000003AYRE,,1791411450968,1791411852750,1791411852750,
ed766b89-651b-4261-8cd1-ef4c87ec5ba5,CONSUMER,200,1,did:web:ssi-dim-wallet-service.identity:BPNL00000003AYRE,,1791411452672,1791411852545,1791411852545,
38d01e43-3c41-4ca6-bb24-d07e85d29442,CONSUMER,200,1,did:web:ssi-dim-wallet-service.identity:BPNL00000003AYRE,,1791411455567,1791411852556,1791411852556,
de535da6-7355-4478-a2ea-0f3a42aad8f0,CONSUMER,200,1,did:web:ssi-dim-wallet-service.identity:BPNL00000003AYRE,,1791411455972,1791411852751,1791411852751,
b5710f92-3a04-49b2-81b2-83bf5ca70b81,CONSUMER,200,1,did:web:ssi-dim-wallet-service.identity:BPNL00000003AYRE,,1791411460368,1791411852959,1791411852959,
23b61a00-9d23-43b0-ba3a-1f701ed3e49e,CONSUMER,200,1,did:web:ssi-dim-wallet-service.identity:BPNL00000003AYRE,,1791411460773,1791411852860,1791411852860,
86d4088f-e536-476e-bf2e-2ed88590fe7f,CONSUMER,200,1,did:web:ssi-dim-wallet-service.identity:BPNL00000003AYRE,,1791411460878,1791411853215,1791411853215,
a1f4ea11-0d30-4cc8-8b2c-3d1171bde345,CONSUMER,200,1,did:web:ssi-dim-wallet-service.identity:BPNL00000003AYRE,,1791411464379,1791411853052,1791411853052,
3cdc8b9e-d11c-4a06-8929-b599239b6dd5,CONSUMER,200,1,did:web:ssi-dim-wallet-service.identity:BPNL00000003AYRE,,1791411467086,1791411853160,1791411853160,
ce1e58f6-fb84-43e8-b5e5-b2474fe07c97,CONSUMER,200,1,did:web:ssi-dim-wallet-service.identity:BPNL00000003AYRE,,1791411467090,1791411853252,1791411853252,
cd3bdf23-bc0f-4f2a-b0ea-8de7c0f91098,CONSUMER,200,1,did:web:ssi-dim-wallet-service.identity:BPNL00000003AYRE,,1791411467353,1791411853238,1791411853238,
d718b572-8148-48cc-9ede-2be720566092,CONSUMER,200,1,did:web:ssi-dim-wallet-service.identity:BPNL00000003AYRE,,1791411469277,1791411853243,1791411853243,
3e9fb478-562e-4b3c-bd35-46da0d6d3a9a,CONSUMER,200,1,did:web:ssi-dim-wallet-service.identity:BPNL00000003AYRE,,1791411470527,1791411853359,1791411853359,
3ef241c7-f23c-4a78-82c9-78dbc1414fe2,CONSUMER,200,1,did:web:ssi-dim-wallet-service.identity:BPNL00000003AYRE,,1791411474160,1791411853574,1791411853574,
fbc1620d-4c9f-451c-8aa1-b9879dd68e6e,CONSUMER,200,1,did:web:ssi-dim-wallet-service.identity:BPNL00000003AYRE,,1791411475685,1791411853577,1791411853577,
b6e6ec37-aa9c-4efe-bfd4-43f0ead37fa3,CONSUMER,200,1,did:web:ssi-dim-wallet-service.identity:BPNL00000003AYRE,,1791411476085,1791411853677,1791411853677,
09c85d58-6e22-448e-9287-cafd30599449,CONSUMER,200,1,did:web:ssi-dim-wallet-service.identity:BPNL00000003AYRE,,1791411476173,1791411853731,1791411853731,
ac6f4370-b45c-41a6-ac6a-1889787d246b,CONSUMER,200,1,did:web:ssi-dim-wallet-service.identity:BPNL00000003AYRE,,1791411480568,1791411853865,1791411853865,
59b1bd3e-3e42-46db-8662-942617d2ac48,CONSUMER,200,1,did:web:ssi-dim-wallet-service.identity:BPNL00000003AYRE,,1791411481069,1791411853965,1791411853965,
eff6c0a2-41e8-4dfd-80b4-2157e980b86b,CONSUMER,200,1,did:web:ssi-dim-wallet-service.identity:BPNL00000003AYRE,,1791411481973,1791411853966,1791411853966,
86c26f68-f8ad-42e4-bf48-7746aaa373da,CONSUMER,200,1,did:web:ssi-dim-wallet-service.identity:BPNL00000003AYRE,,1791411486872,1791411854079,1791411854079,
6a9f20fb-3709-404b-921f-88eb7f822698,CONSUMER,200,1,did:web:ssi-dim-wallet-service.identity:BPNL00000003AYRE,,1791411489083,1791411854041,1791411854041,
e9533646-03a1-44cb-a2e5-5489e165d98c,CONSUMER,200,1,did:web:ssi-dim-wallet-service.identity:BPNL00000003AYRE,,1791411490052,1791411854742,1791411854742,
8183ba7d-314c-4d78-b926-844ec39229c2,CONSUMER,200,1,did:web:ssi-dim-wallet-service.identity:BPNL00000003AYRE,,1791411490617,1791411854464,1791411854464,
b965b430-02c5-478f-a7df-99e2efb0f191,CONSUMER,200,1,did:web:ssi-dim-wallet-service.identity:BPNL00000003AYRE,,1791411491475,1791411855022,1791411855022,
f5068f42-acbe-4fe4-bf02-223fe33b871b,CONSUMER,200,1,did:web:ssi-dim-wallet-service.identity:BPNL00000003AYRE,,1791411495534,1791411855042,1791411855042,
2e001604-cbc5-4864-8027-fcde7d61c8cf,CONSUMER,200,1,did:web:ssi-dim-wallet-service.identity:BPNL00000003AYRE,,1791411498485,1791411854711,1791411854711,
b84df20c-ad14-4f0c-b25a-b8cf518150e5,CONSUMER,200,1,did:web:ssi-dim-wallet-service.identity:BPNL00000003AYRE,,1791411500564,1791411854918,1791411854918,
2ffc9935-dd56-4663-ba86-f8ec9896f76d,CONSUMER,200,1,did:web:ssi-dim-wallet-service.identity:BPNL00000003AYRE,,1791411503672,1791411855051,1791411855051,
88fddbd0-857d-4587-bf3c-6d957785fbef,CONSUMER,200,1,did:web:ssi-dim-wallet-service.identity:BPNL00000003AYRE,,1791411504398,1791411855321,1791411855321,
48c0a1fe-b6d8-4e6e-bdc4-081be465c30f,CONSUMER,200,1,did:web:ssi-dim-wallet-service.identity:BPNL00000003AYRE,,1791411507455,1791411855409,1791411855409,
8b84d3c5-15da-40f8-b3cf-af703387b3a6,CONSUMER,200,1,did:web:ssi-dim-wallet-service.identity:BPNL00000003AYRE,,1791411507870,1791411855348,1791411855348,
afa877e0-c2d0-4944-918e-99183a65c0c7,CONSUMER,200,1,did:web:ssi-dim-wallet-service.identity:BPNL00000003AYRE,,1791411511188,1791411855443,1791411855443,
c4c7ad5d-66db-4a73-9246-27497f7af6fc,CONSUMER,200,1,did:web:ssi-dim-wallet-service.identity:BPNL00000003AYRE,,1791411513155,1791411855422,1791411855422,
1c345271-bcff-478d-9902-8f00dbd8a0f3,CONSUMER,200,1,did:web:ssi-dim-wallet-service.identity:BPNL00000003AYRE,,1791411515586,1791411855742,1791411855742,
de28c0b8-6c48-4f99-b7c7-bcd290f25cf6,CONSUMER,200,1,did:web:ssi-dim-wallet-service.identity:BPNL00000003AYRE,,1791411517526,1791411855551,1791411855551,
0938dde7-ff37-4cfd-9c1f-3804b335a5f1,CONSUMER,200,1,did:web:ssi-dim-wallet-service.identity:BPNL00000003AYRE,,1791411522669,1791411855743,1791411855743,
b3543e28-9c43-45ad-8d21-a547690ed6ca,CONSUMER,200,1,did:web:ssi-dim-wallet-service.identity:BPNL00000003AYRE,,1791411524230,1791411856410,1791411856410,
d21a253a-d907-40e2-ac49-5302ebfc6f7c,CONSUMER,200,1,did:web:ssi-dim-wallet-service.identity:BPNL00000003AYRE,,1791411525531,1791411856448,1791411856448,
c53315aa-ce8d-46b4-a1a7-8259dbc826b3,CONSUMER,200,1,did:web:ssi-dim-wallet-service.identity:BPNL00000003AYRE,,1791411527670,1791411856318,1791411856318,
2600cd51-139d-40ab-a224-7362ce74f4a0,CONSUMER,200,1,did:web:ssi-dim-wallet-service.identity:BPNL00000003AYRE,,1791411532742,1791411856346,1791411856346,
e13657aa-2098-4280-953e-36df23a3a9ac,CONSUMER,200,1,did:web:ssi-dim-wallet-service.identity:BPNL00000003AYRE,,1791411532976,1791411856512,1791411856512,
1f9ebe7c-47c1-4c91-bca9-6b60d7943d58,CONSUMER,200,1,did:web:ssi-dim-wallet-service.identity:BPNL00000003AYRE,,1791411535602,1791411856447,1791411856447,
52f8269c-9eb5-4084-977c-50cdc8e93b3f,CONSUMER,200,1,did:web:ssi-dim-wallet-service.identity:BPNL00000003AYRE,,1791411536470,1791411856541,1791411856541,
56f4a5b2-ae5b-47e2-9616-7f3e03db18bf,CONSUMER,200,1,did:web:ssi-dim-wallet-service.identity:BPNL00000003AYRE,,1791411540690,1791411856619,1791411856619,
ef1131c7-74c3-4891-8290-f6fbc43e6e81,CONSUMER,200,1,did:web:ssi-dim-wallet-service.identity:BPNL00000003AYRE,,1791411542988,1791411856710,1791411856710,
dc5ee550-1668-49e6-96f6-21b7dbe5f092,CONSUMER,200,1,did:web:ssi-dim-wallet-service.identity:BPNL00000003AYRE,,1791411545569,1791411856741,1791411856741,
7815b4e0-710b-4275-b9fd-ec63e599cad5,CONSUMER,200,1,did:web:ssi-dim-wallet-service.identity:BPNL00000003AYRE,,1791411546686,1791411856809,1791411856809,
e7ae0f2d-175e-4d98-8616-98b08bf1451b,CONSUMER,200,1,did:web:ssi-dim-wallet-service.identity:BPNL00000003AYRE,,1791411550062,1791411856909,1791411856909,
3ab10323-4ce3-422b-a151-897e010adb2a,CONSUMER,200,1,did:web:ssi-dim-wallet-service.identity:BPNL00000003AYRE,,1791411550718,1791411856823,1791411856823,
da696abf-91b8-4c10-8741-3fecf22e6ee4,CONSUMER,200,1,did:web:ssi-dim-wallet-service.identity:BPNL00000003AYRE,,1791411555549,1791411856943,1791411856943,
74be00e1-0207-46e0-8000-096937be641b,CONSUMER,200,1,did:web:ssi-dim-wallet-service.identity:BPNL00000003AYRE,,1791411556659,1791411857149,1791411857149,
c2f6da51-c3d1-45d1-ae70-ca7aa2ab3c37,CONSUMER,200,1,did:web:ssi-dim-wallet-service.identity:BPNL00000003AYRE,,1791411560205,1791411857109,1791411857109,
528ae182-42d3-4720-9d80-a8ab8a92da65,CONSUMER,200,1,did:web:ssi-dim-wallet-service.identity:BPNL00000003AYRE,,1791411560622,1791411857146,1791411857146,
f4ca5753-1ea4-4636-a458-c1fed0d3dc3b,CONSUMER,200,1,did:web:ssi-dim-wallet-service.identity:BPNL00000003AYRE,,1791411565669,1791411857210,1791411857210,
ed768a10-431c-4023-a157-2ad37735ea30,CONSUMER,200,1,did:web:ssi-dim-wallet-service.identity:BPNL00000003AYRE,,1791411568362,1791411857411,1791411857411,
38fac9b8-55fe-49b4-85ab-e49127f98809,CONSUMER,200,1,did:web:ssi-dim-wallet-service.identity:BPNL00000003AYRE,,1791411570536,1791411857339,1791411857339,
7c4389cc-26b9-4252-a3a9-a97de2cc6f6b,CONSUMER,200,1,did:web:ssi-dim-wallet-service.identity:BPNL00000003AYRE,,1791411571389,1791411858238,1791411858238,
2fb2c924-b148-4a59-a69a-6aaa803fff00,CONSUMER,200,1,did:web:ssi-dim-wallet-service.identity:BPNL00000003AYRE,,1791411574786,1791411858227,1791411858227,
d6ffa8ea-1f35-4867-b468-2af55e6b7c2c,CONSUMER,200,1,did:web:ssi-dim-wallet-service.identity:BPNL00000003AYRE,,1791411575671,1791411858231,1791411858231,
83a2d0a0-50e6-4abf-af5f-44d403476826,CONSUMER,200,1,did:web:ssi-dim-wallet-service.identity:BPNL00000003AYRE,,1791411579192,1791411858549,1791411858549,
9541ad6a-9a90-4580-bdee-4c18c1921427,CONSUMER,200,1,did:web:ssi-dim-wallet-service.identity:BPNL00000003AYRE,,1791411580786,1791411858509,1791411858509,
bf79d4a8-d119-4024-aa78-e9cb3611771e,CONSUMER,200,1,did:web:ssi-dim-wallet-service.identity:BPNL00000003AYRE,,1791411584729,1791411858551,1791411858551,
5b27c901-5bbd-44e3-ad8b-f6483c0db60c,CONSUMER,200,1,did:web:ssi-dim-wallet-service.identity:BPNL00000003AYRE,,1791411587087,1791411858552,1791411858552,
88d1f01b-650b-4067-8938-c9e6a4d0ad51,CONSUMER,200,1,did:web:ssi-dim-wallet-service.identity:BPNL00000003AYRE,,1791411589781,1791411858546,1791411858546,
7cfcf847-9d6f-41bc-86c4-8d6ee4142073,CONSUMER,200,1,did:web:ssi-dim-wallet-service.identity:BPNL00000003AYRE,,1791411590873,1791411858785,1791411858785,
beff5aa5-19a3-4966-99da-32014e262953,CONSUMER,200,1,did:web:ssi-dim-wallet-service.identity:BPNL00000003AYRE,,1791411594222,1791411858707,1791411858707,
1e415e58-fbd0-429a-9a81-cada94061dd2,CONSUMER,200,1,did:web:ssi-dim-wallet-service.identity:BPNL00000003AYRE,,1791411595536,1791411858789,1791411858789,
c1e141e2-38f3-4557-a055-1e8045f4fbf0,CONSUMER,200,1,did:web:ssi-dim-wallet-service.identity:BPNL00000003AYRE,,1791411598788,1791411858793,1791411858793,
b4d08428-10b4-4935-b88e-eec4e292b00a,CONSUMER,200,1,did:web:ssi-dim-wallet-service.identity:BPNL00000003AYRE,,1791411600529,1791411858788,1791411858788,
1341d31a-8012-4a32-b8ec-eaa46c9097f8,CONSUMER,200,1,did:web:ssi-dim-wallet-service.identity:BPNL00000003AYRE,,1791411604965,1791411858885,1791411858885,
d73526f3-cb6b-463c-9f3f-8b1eb988b6b1,CONSUMER,200,1,did:web:ssi-dim-wallet-service.identity:BPNL00000003AYRE,,1791411605527,1791411858851,1791411858851,
6e977f23-5370-4f76-a311-6e635104ec37,CONSUMER,200,1,did:web:ssi-dim-wallet-service.identity:BPNL00000003AYRE,,1791411610053,1791411858953,1791411858953,
cae3f57e-8833-48aa-bd69-93f59b6b2551,CONSUMER,200,1,did:web:ssi-dim-wallet-service.identity:BPNL00000003AYRE,,1791411610686,1791411859320,1791411859320,
b885a6a7-f7b3-4148-ad2a-2ea3c99dbc6a,CONSUMER,200,1,did:web:ssi-dim-wallet-service.identity:BPNL00000003AYRE,,1791411614813,1791411859307,1791411859307,
a0f395f2-62d4-4e17-ba6a-2d46655fa12b,CONSUMER,200,1,did:web:ssi-dim-wallet-service.identity:BPNL00000003AYRE,,1791411615579,1791411859316,1791411859316,
6d14f25e-7b7d-425a-b436-f000a2715b3a,CONSUMER,200,1,did:web:ssi-dim-wallet-service.identity:BPNL00000003AYRE,,1791411619153,1791411859161,1791411859161,
67584385-f3bc-4e90-9812-47f020259c22,CONSUMER,200,1,did:web:ssi-dim-wallet-service.identity:BPNL00000003AYRE,,1791411623061,1791411859321,1791411859321,
4b7b9a91-5bab-4cf1-8207-9f6246bcafe0,CONSUMER,200,1,did:web:ssi-dim-wallet-service.identity:BPNL00000003AYRE,,1791411623274,1791411859321,1791411859321,
6ade4a2b-4574-45eb-a258-23dda64d6c01,CONSUMER,200,1,did:web:ssi-dim-wallet-service.identity:BPNL00000003AYRE,,1791411625686,1791411859356,1791411859356,
7cd1b1e3-6162-4637-8f66-af563bc61283,CONSUMER,200,1,did:web:ssi-dim-wallet-service.identity:BPNL00000003AYRE,,1791411629550,1791411859356,1791411859356,
9181240a-87ed-42b2-84b2-82df02b8de33,CONSUMER,200,1,did:web:ssi-dim-wallet-service.identity:BPNL00000003AYRE,,1791411632571,1791411859518,1791411859518,
7079cf68-5e3d-4d8a-9d28-85fe9278b054,CONSUMER,200,1,did:web:ssi-dim-wallet-service.identity:BPNL00000003AYRE,,1791411633976,1791411859528,1791411859528,
d5fcdb86-738b-4af9-b1e6-28b94500bacf,CONSUMER,200,1,did:web:ssi-dim-wallet-service.identity:BPNL00000003AYRE,,1791411636450,1791411859523,1791411859523,
0ae6f303-e78a-4031-a7bd-9bbb42c15424,CONSUMER,200,1,did:web:ssi-dim-wallet-service.identity:BPNL00000003AYRE,,1791411640170,1791411859520,1791411859520,
d76f8dae-fb17-4ef6-b5be-b8b571bea1b7,CONSUMER,200,1,did:web:ssi-dim-wallet-service.identity:BPNL00000003AYRE,,1791411641968,1791411859533,1791411859533,
75de2b9e-82b2-4c5b-8bf9-3bdd091ff70b,CONSUMER,200,1,did:web:ssi-dim-wallet-service.identity:BPNL00000003AYRE,,1791411646373,1791411859853,1791411859853,
9a24280c-7fc0-43dc-a134-b2972c1653e7,CONSUMER,200,1,did:web:ssi-dim-wallet-service.identity:BPNL00000003AYRE,,1791411647463,1791411859941,1791411859941,
abf2ff8e-fa3d-49b2-a315-4120109a8b46,CONSUMER,200,1,did:web:ssi-dim-wallet-service.identity:BPNL00000003AYRE,,1791411649076,1791411859841,1791411859841,
839a9411-0e11-41e1-b550-64a4f1a2d406,CONSUMER,200,1,did:web:ssi-dim-wallet-service.identity:BPNL00000003AYRE,,1791411650726,1791411860030,1791411860030,
141d38dd-1ad1-4a37-8067-776b829d30d6,CONSUMER,200,1,did:web:ssi-dim-wallet-service.identity:BPNL00000003AYRE,,1791411657087,1791411860041,1791411860041,
8b2a4579-9168-4ea1-a19c-cd4d5d03728a,CONSUMER,200,1,did:web:ssi-dim-wallet-service.identity:BPNL00000003AYRE,,1791411657174,1791411860232,1791411860232,
f09dc13a-2c62-43d4-97c9-c4681fad4b6f,CONSUMER,200,1,did:web:ssi-dim-wallet-service.identity:BPNL00000003AYRE,,1791411659787,1791411860231,1791411860231,
2fe81d03-2368-49a4-aeea-874fd544cc88,CONSUMER,200,1,did:web:ssi-dim-wallet-service.identity:BPNL00000003AYRE,,1791411660977,1791411860273,1791411860273,
7b710951-ecbf-4c53-a597-bdda540c1bf5,CONSUMER,200,1,did:web:ssi-dim-wallet-service.identity:BPNL00000003AYRE,,1791411665541,1791411860234,1791411860234,
f09fcf3d-de86-409e-9ee4-e955c9e925e1,CONSUMER,200,1,did:web:ssi-dim-wallet-service.identity:BPNL00000003AYRE,,1791411667823,1791411860245,1791411860245,
4c91d2ba-8f90-4790-8272-e732a12ec211,CONSUMER,200,1,did:web:ssi-dim-wallet-service.identity:BPNL00000003AYRE,,1791411670727,1791411861023,1791411861023,
de2b7dfa-cd12-449a-b905-3e420a0efd1f,CONSUMER,200,1,did:web:ssi-dim-wallet-service.identity:BPNL00000003AYRE,,1791411671319,1791411861169,1791411861169,
4b8d2e52-ab88-4926-bbdc-1c5e57885e6f,CONSUMER,200,1,did:web:ssi-dim-wallet-service.identity:BPNL00000003AYRE,,1791411674484,1791411861059,1791411861059,
1ddfffd6-6bad-4d92-abb5-e73337f8854f,CONSUMER,200,1,did:web:ssi-dim-wallet-service.identity:BPNL00000003AYRE,,1791411676617,1791411861175,1791411861175,
856b63a7-fbe0-430a-8f6e-365730672148,CONSUMER,200,1,did:web:ssi-dim-wallet-service.identity:BPNL00000003AYRE,,1791411680962,1791411860941,1791411860941,
21920bca-2434-4b73-b111-b039e3668923,CONSUMER,200,1,did:web:ssi-dim-wallet-service.identity:BPNL00000003AYRE,,1791411681252,1791411861353,1791411861353,
96c7f5b7-3d26-428c-922d-78a51f5a5f72,CONSUMER,200,1,did:web:ssi-dim-wallet-service.identity:BPNL00000003AYRE,,1791411684679,1791411861310,1791411861310,
5764dd78-42d8-429b-bc0c-bf61f655c327,CONSUMER,200,1,did:web:ssi-dim-wallet-service.identity:BPNL00000003AYRE,,1791411685861,1791411861612,1791411861612,
06912c3e-6009-4214-9481-024703d592d9,CONSUMER,200,1,did:web:ssi-dim-wallet-service.identity:BPNL00000003AYRE,,1791411688385,1791411861445,1791411861445,
08cf4a0d-486f-4869-b8d1-7721dd50566c,CONSUMER,200,1,did:web:ssi-dim-wallet-service.identity:BPNL00000003AYRE,,1791411690916,1791411861612,1791411861612,
28713720-4859-42d3-8b8f-f0a298bdc9cf,CONSUMER,200,1,did:web:ssi-dim-wallet-service.identity:BPNL00000003AYRE,,1791411695556,1791411861818,1791411861818,
5a357440-3f78-4e20-b888-8a7071848111,CONSUMER,200,1,did:web:ssi-dim-wallet-service.identity:BPNL00000003AYRE,,1791411695564,1791411861911,1791411861911,
8854aa38-581c-40c0-b31d-16a352cffb3e,CONSUMER,200,1,did:web:ssi-dim-wallet-service.identity:BPNL00000003AYRE,,1791411698636,1791411861845,1791411861845,
6f4f011b-5366-4fab-bb73-0f75d21786d6,CONSUMER,200,1,did:web:ssi-dim-wallet-service.identity:BPNL00000003AYRE,,1791411702172,1791411862042,1791411862042,
de4be3cd-bc8c-4d50-a119-b40ea8c7fabd,CONSUMER,200,1,did:web:ssi-dim-wallet-service.identity:BPNL00000003AYRE,,1791411702332,1791411862043,1791411862043,
68196f15-a2ce-41f1-970a-1255a85edb58,CONSUMER,200,1,did:web:ssi-dim-wallet-service.identity:BPNL00000003AYRE,,1791411705577,1791411862042,1791411862042,
bb270cec-c79e-4225-ab79-da48eb8383dc,CONSUMER,200,1,did:web:ssi-dim-wallet-service.identity:BPNL00000003AYRE,,1791411709972,1791411862209,1791411862209,
06c8563b-ed5f-44c6-90c5-f48f04a91113,CONSUMER,200,1,did:web:ssi-dim-wallet-service.identity:BPNL00000003AYRE,,1791411711887,1791411862212,1791411862212,
12b3e05d-58f8-4fce-ba01-d51090eb226c,CONSUMER,200,1,did:web:ssi-dim-wallet-service.identity:BPNL00000003AYRE,,1791411713863,1791411862245,1791411862245,
2972d6de-6b5c-4b20-b599-7b5b58e513e8,CONSUMER,200,1,did:web:ssi-dim-wallet-service.identity:BPNL00000003AYRE,,1791411718572,1791411862257,1791411862257,
0a360696-bbb8-4ef8-8164-b1635a457526,CONSUMER,200,1,did:web:ssi-dim-wallet-service.identity:BPNL00000003AYRE,,1791411723658,1791411862218,1791411862218,
6a8fc94e-8572-40b6-a345-0f7cb08c8ad1,CONSUMER,200,1,did:web:ssi-dim-wallet-service.identity:BPNL00000003AYRE,,1791411729573,1791411862612,1791411862612,
1e3d80cd-eee6-4dac-b8ac-9f1ba185766a,CONSUMER,200,1,did:web:ssi-dim-wallet-service.identity:BPNL00000003AYRE,,1791411734802,1791411862556,1791411862556,
