id,type,state,state_count,counterparty_id,agreement_id,created_at,state_timestamp,updated_at,error_detail
07bcd3bb-2d55-4635-bc26-af8998e46399,CONSUMER,1200,1,did:web:ssi-dim-wallet-service.identity:BPNL00000003AYRE,e068b041-5010-491d-9c67-d4a5bb0144e8,1791329100060,1791329103519,1791329103519,
52c3d7f3-5054-4ac3-9e97-2b4459ab1a15,CONSUMER,1200,1,did:web:ssi-dim-wallet-service.identity:BPNL00000003AYRE,88d04116-94e9-416a-a2cb-1e00cd60be00,1791329114088,1791329115969,1791329115969,
f1996e51-c0d6-4d4f-baff-1ac797f7f987,CONSUMER,1200,1,did:web:ssi-dim-wallet-service.identity:BPNL00000003AYRE,8871d364-a84f-49cc-a55b-92850567d678,1791329918818,1791329921214,1791329921214,
0d0f532b-b1b1-4158-9255-c3200ec3c9b0,CONSUMER,1200,1,did:web:ssi-dim-wallet-service.identity:BPNL00000003AYRE,f7c8f1fa-9bd0-4072-a994-7d0982ee5cb0,1791547157606,1791547252295,1791547252295,
275366a8-4af1-4c62-b212-dbe4283dc8d8,CONSUMER,1200,1,did:web:ssi-dim-wallet-service.identity:BPNL00000003AYRE,c638157e-0d62-4ccb-a538-0ac82ef42e1b,1791547157614,1791547263207,1791547263207,
acde3eec-053b-488a-b4cb-7d0e36258708,CONSUMER,1200,1,did:web:ssi-dim-wallet-service.identity:BPNL00000003AYRE,351dec44-e2be-45c6-8fa0-b991b4972071,1791547157702,1791547252610,1791547252610,
649e1c94-1a40-4be9-8119-053ac9691311,CONSUMER,1200,1,did:web:ssi-dim-wallet-service.identity:BPNL00000003AYRE,793a0294-3372-4b61-804e-89a9b001dac1,1791547157703,1791547253028,1791547253028,
5a985299-cd66-435a-9de8-cbd1be74dc03,CONSUMER,1200,1,did:web:ssi-dim-wallet-service.identity:BPNL00000003AYRE,fcccea4a-43df-42df-be30-f0f7dea49a55,1791547157717,1791547261810,1791547261810,
e2267b74-6405-4386-9a64-e5d27870ad27,CONSUMER,1200,1,did:web:ssi-dim-wallet-service.identity:BPNL00000003AYRE,dab3946a-6fb8-443d-b7b1-fb05207658d3,1791547157865,1791547254907,1791547254907,
9461763b-044a-4504-b7e0-c406085e0510,CONSUMER,1200,1,did:web:ssi-dim-wallet-service.identity:BPNL00000003AYRE,26328df1-56a9-4f89-a798-081f80cd1cd4,1791547157905,1791547263709,1791547263709,
271f6d60-55f5-4844-9116-39ad32408608,CONSUMER,1200,1,did:web:ssi-dim-wallet-service.identity:BPNL00000003AYRE,7d131471-d49b-48e8-89d4-3a077c6d8714,1791547157911,1791547306917,1791547306917,
fe4ed569-6e66-48cb-b979-90c2f26f9830,CONSUMER,1200,1,did:web:ssi-dim-wallet-service.identity:BPNL00000003AYRE,9030c05c-6358-4a85-a008-48078bd6e515,1791547157911,1791547258607,1791547258607,
fd674063-a5f2-4471-b8d6-51865fa46b0a,CONSUMER,1200,1,did:web:ssi-dim-wallet-service.identity:BPNL00000003AYRE,6dcdb982-35d9-4a46-9ece-106b585f2ef8,1791547157918,1791547312604,1791547312604,
bb5a6651-ac9e-455a-aad0-3efdfec71e27,CONSUMER,1200,1,did:web:ssi-dim-wallet-service.identity:BPNL00000003AYRE,ecb56a38-6c96-4da6-9343-39e1f867613f,1791547158006,1791547264313,1791547264313,
c29af94b-f9e9-483e-a327-19639dbb6d68,CONSUMER,1200,1,did:web:ssi-dim-wallet-service.identity:BPNL00000003AYRE,4b42ee68-fd13-4a5c-9f85-b0727dbd101f,1791547158008,1791547268920,1791547268920,
f5194605-7b42-486d-a3b1-e1bbaf381330,CONSUMER,1200,1,did:web:ssi-dim-wallet-service.identity:BPNL00000003AYRE,cf22937b-0bda-4a41-b383-9d97c2d86c10,1791547158095,1791547307922,1791547307922,
7e654053-1b68-453f-8f8d-ce812f084ff3,CONSUMER,1200,1,did:web:ssi-dim-wallet-service.identity:BPNL00000003AYRE,7c5bdbc6-68f1-4d3e-9c70-b56f51ac8d89,1791547158102,1791547261504,1791547261504,
ef4e2b66-52e7-4bc9-81aa-ae155af6f069,CONSUMER,1200,1,did:web:ssi-dim-wallet-service.identity:BPNL00000003AYRE,96d4cf8c-8d79-430e-90e6-7b7dd4ce7a65,1791547158311,1791547275809,1791547275809,
bd65958e-e029-4918-b487-75ae668c3d7a,CONSUMER,1200,1,did:web:ssi-dim-wallet-service.identity:BPNL00000003AYRE,cf761215-829b-41bc-84e9-b43b32ca3a38,1791547158402,1791547274014,1791547274014,
a94d6def-cea3-4980-b880-6d26d3871187,CONSUMER,1200,1,did:web:ssi-dim-wallet-service.identity:BPNL00000003AYRE,f1070bbe-ef7c-46e5-9c1c-7f6db1d38f41,1791547159116,1791547300307,1791547300307,
8abad559-cbd2-4aa1-a7ac-bd35138f9819,CONSUMER,1200,1,did:web:ssi-dim-wallet-service.identity:BPNL00000003AYRE,e55cd2bd-9a3f-4d73-b4a5-881ef8d29ddf,1791547159206,1791547304713,1791547304713,
b32f9e2d-4214-4c34-920d-dbaa4bad1b88,CONSUMER,1200,1,did:web:ssi-dim-wallet-service.identity:BPNL00000003AYRE,20340ea2-ce16-460a-92a3-47067754f09a,1791547159615,1791547307005,1791547307005,
862af087-0174-44db-9642-c275e4f0a7dc,CONSUMER,1200,1,did:web:ssi-dim-wallet-service.identity:BPNL00000003AYRE,bca1d26c-7e38-4a3b-8eac-ab429a7e2bf7,1791547160406,1791547306218,1791547306218,
7c79ab2a-b8f2-45df-984c-922735ce3fbc,CONSUMER,1200,1,did:web:ssi-dim-wallet-service.identity:BPNL00000003AYRE,9ac21adf-0c10-4061-820a-61686b8cab4b,1791547160706,1791547314704,1791547314704,
0452274b-b92a-46cf-a334-f4e52f391fcf,CONSUMER,1200,1,did:web:ssi-dim-wallet-service.identity:BPNL00000003AYRE,9f133c29-25f3-4ffd-8339-e273fd208c00,1791547161917,1791547313210,1791547313210,
7e0a5860-71d0-4f6b-8d7e-5fa401c7a7b4,CONSUMER,1200,1,did:web:ssi-dim-wallet-service.identity:BPNL00000003AYRE,c19f5949-2622-4aca-8a25-ea741ea83afc,1791547163112,1791547309914,1791547309914,
46331fed-3eec-487b-81a7-565f7cafd1d5,CONSUMER,1200,1,did:web:ssi-dim-wallet-service.identity:BPNL00000003AYRE,29fbf99f-32c2-4823-8f3b-f7c706b55495,1791547163210,1791547321906,1791547321906,
da252178-c4be-4383-95a6-9ee7ec307a8d,CONSUMER,1200,1,did:web:ssi-dim-wallet-service.identity:BPNL00000003AYRE,732ea99f-3d01-4199-9764-f77ea809b09d,1791547164504,1791547323717,1791547323717,
bb74f1c8-c2cd-4750-aa4b-787cb95a18c9,CONSUMER,1200,1,did:web:ssi-dim-wallet-service.identity:BPNL00000003AYRE,ad990e25-ee2e-4657-b1d4-123f7da9f2da,1791547165309,1791547314306,1791547314306,
59f476d5-35c6-48b1-8e67-6976816fe611,CONSUMER,1200,1,did:web:ssi-dim-wallet-service.identity:BPNL00000003AYRE,1d211c97-dbc6-45bb-95ec-1f298830ae46,1791547165704,1791547319622,1791547319622,
779e5784-3b19-4db8-8a14-5c20830f1afc,CONSUMER,1200,1,did:web:ssi-dim-wallet-service.identity:BPNL00000003AYRE,8cc1bf00-f6fa-4017-b866-f79f43e0ee29,1791547165803,1791547319520,1791547319520,
cf55006c-2215-44b0-98e9-8a636ecc7cb0,CONSUMER,1200,1,did:web:ssi-dim-wallet-service.identity:BPNL00000003AYRE,a75dd6be-03af-4da3-81ad-b8ec75094e6c,1791547165806,1791547324821,1791547324821,
c5274937-bf3f-4b1b-81a5-1b26ec3868c2,CONSUMER,1200,1,did:web:ssi-dim-wallet-service.identity:BPNL00000003AYRE,9ce86b9c-ef1a-42c0-80d3-35f4e64703a5,1791547165808,1791547326613,1791547326613,
ee787496-f11c-46f2-bf53-02d7791097d5,CONSUMER,1200,1,did:web:ssi-dim-wallet-service.identity:BPNL00000003AYRE,a7b8cdd3-0c4c-4fa1-865c-8f7c7a6f3b6f,1791547165809,1791547323108,1791547323108,
c32211e8-d14d-4ed3-a4ae-36284ce7aad1,CONSUMER,1200,1,did:web:ssi-dim-wallet-service.identity:BPNL00000003AYRE,3b722f9f-9330-461a-aab7-83e52762741f,1791547166012,1791547329902,1791547329902,
8a06f028-d58f-48cc-b74a-149d827ed79a,CONSUMER,1200,1,did:web:ssi-dim-wallet-service.identity:BPNL00000003AYRE,58394149-6e5a-4d0d-ad2b-8c1ccf791069,1791547166202,1791547325802,1791547325802,
3931ff9a-1f90-4d15-84fd-08e22ebcca52,CONSUMER,1200,1,did:web:ssi-dim-wallet-service.identity:BPNL00000003AYRE,b2355b6f-f792-421b-9f50-1fdd8e62ed05,1791547166502,1791547360716,1791547360716,
34a92067-84b9-42af-ac63-7bfaf7423eb1,CONSUMER,1200,1,did:web:ssi-dim-wallet-service.identity:BPNL00000003AYRE,dedb50ed-c588-457d-b695-ed8b742a6860,1791547166506,1791547360803,1791547360803,
468a1768-9f30-4a79-a72e-ff92eb3328cc,CONSUMER,1200,1,did:web:ssi-dim-wallet-service.identity:BPNL00000003AYRE,dd823620-870b-4cd2-890e-326e213b15d0,1791547166507,1791547521258,1791547521258,
81f04891-54a8-45c8-af05-3f946300e52d,CONSUMER,1200,1,did:web:ssi-dim-wallet-service.identity:BPNL00000003AYRE,f7bdef64-be1d-4875-8fd5-c7495c7acc14,1791547166611,1791547493839,1791547493839,
6a183523-7e61-40ae-8d8c-71c84d56046c,CONSUMER,1200,1,did:web:ssi-dim-wallet-service.identity:BPNL00000003AYRE,38575e00-d108-46e1-8431-9009afe7185c,1791547167604,1791547541907,1791547541907,
612700f5-db33-4392-af7d-8276d3e13e5f,CONSUMER,1200,1,did:web:ssi-dim-wallet-service.identity:BPNL00000003AYRE,c90d9206-2185-4b93-8376-7571cc113b7a,1791547167617,1791547597707,1791547597707,
cfc1e293-91e8-4cf2-bcb5-6bd3b6de75ee,CONSUMER,1200,1,did:web:ssi-dim-wallet-service.identity:BPNL00000003AYRE,4ab7a52f-a974-4c0b-8638-d9c072af71f2,1791547167718,1791547592805,1791547592805,
7fa4e545-cc49-4634-9d9f-c25a56fe8a82,CONSUMER,1200,1,did:web:ssi-dim-wallet-service.identity:BPNL00000003AYRE,7489d564-f277-4e87-9720-39cdfee6e0f8,1791547168014,1791547550704,1791547550704,
b9d75132-74c5-4fb5-bc56-220aaff39dca,CONSUMER,1200,1,did:web:ssi-dim-wallet-service.identity:BPNL00000003AYRE,9aea42a4-19ed-4031-ae35-7ac0f832b696,1791547168411,1791547453303,1791547453303,
0ac9b8f8-6a78-43d6-a893-dbc363885ca6,CONSUMER,1200,1,did:web:ssi-dim-wallet-service.identity:BPNL00000003AYRE,7523058f-c9dd-49e7-989b-f577e8802e93,1791547168414,1791547567004,1791547567004,
26b416f2-452d-4670-8ac8-b3f497ca8b52,CONSUMER,1200,1,did:web:ssi-dim-wallet-service.identity:BPNL00000003AYRE,c283f7b9-9447-4557-a017-1c5f6f66e00b,1791547168813,1791547435006,1791547435006,
2047f6cf-924a-40cb-9fea-b1da8195b184,CONSUMER,1200,1,did:web:ssi-dim-wallet-service.identity:BPNL00000003AYRE,8a355fcc-c262-4f2c-beca-265e04a68282,1791547169917,1791547587110,1791547587110,
8a402547-3cb2-48fe-be25-802ccf12e283,CONSUMER,1200,1,did:web:ssi-dim-wallet-service.identity:BPNL00000003AYRE,59bc4535-cac3-4f48-925b-b99f9207432d,1791547170805,1791547594208,1791547594208,
7029ec8e-ac06-42d7-b6f2-23ae29d9f163,CONSUMER,1200,1,did:web:ssi-dim-wallet-service.identity:BPNL00000003AYRE,c89af028-b2f1-4ef0-9ded-38fecac1ea47,1791547171518,1791547468205,1791547468205,
5bce3016-2439-466c-b223-627e920d079d,CONSUMER,1400,1,did:web:ssi-dim-wallet-service.identity:BPNL00000003AYRE,a6491a6a-196d-4837-9850-4598039dabe0,1791547171703,1791547426908,1791547426908,"Failed to send termination to counter party: {""@type"":""ContractNegotiationError"",""code"":""409"",""reason"":[""Entity feb51144-6a27-44a6-be4b-3d1ff9bc23d0 of kind edc_contract_negotiation is currently leased!""],""@context"":[""https://w3id.org/tractusx/auth/v1.0.0"",""https://w3id.org/catenax/2025/9/policy/con"
de516565-064d-4616-a0b6-c8261558cc85,CONSUMER,1200,1,did:web:ssi-dim-wallet-service.identity:BPNL00000003AYRE,fade48f6-9dd1-4dc1-bf48-1bdbab46426d,1791547171713,1791547621044,1791547621044,
2be733b0-736e-4573-b645-c98e7d50f1f2,CONSUMER,1200,1,did:web:ssi-dim-wallet-service.identity:BPNL00000003AYRE,4a94ae24-f917-4566-bba6-c0eee93519bb,1791547172909,1791547621105,1791547621105,
3052516a-f456-4d34-abe6-084b25f26494,CONSUMER,1200,1,did:web:ssi-dim-wallet-service.identity:BPNL00000003AYRE,484ea8c0-abf0-4be0-9b10-397d3c30e6ab,1791547174823,1791547621132,1791547621132,
d8482fee-22cb-477c-ae9a-790dcac90d48,CONSUMER,1200,1,did:web:ssi-dim-wallet-service.identity:BPNL00000003AYRE,81c5df0d-911f-4a87-b33c-77e0d6e62736,1791547174906,1791547621048,1791547621048,
f8ee5c23-c50b-4ef2-b236-fd39c7e324d1,CONSUMER,1200,1,did:web:ssi-dim-wallet-service.identity:BPNL00000003AYRE,81fffa0d-ac78-437a-b094-a8d5c9c9f3ea,1791547175407,1791547621149,1791547621149,
05c5e842-3cc8-4904-9185-d0284302452b,CONSUMER,1200,1,did:web:ssi-dim-wallet-service.identity:BPNL00000003AYRE,eb584636-e6dc-45f1-9eaf-ff2fd38978fe,1791547175712,1791547453640,1791547453640,
f1f3a091-0f74-49e7-82e0-af3cbb540924,CONSUMER,1200,1,did:web:ssi-dim-wallet-service.identity:BPNL00000003AYRE,7406cca9-2f97-4a02-a1c6-4a8bea1cc6a5,1791547175920,1791547457732,1791547457732,
1969fab1-549a-4c89-aee6-3e3818b64c33,CONSUMER,1200,1,did:web:ssi-dim-wallet-service.identity:BPNL00000003AYRE,8b08be6d-76d5-491a-92ae-1e4ec52084f8,1791547176430,1791547454027,1791547454027,
f58c431c-4236-4e4e-bd64-ca7405acd0d2,CONSUMER,1200,1,did:web:ssi-dim-wallet-service.identity:BPNL00000003AYRE,28b421a5-2fd8-4f48-8b80-c393c6dc115c,1791547176506,1791547458902,1791547458902,
e8281927-45d9-4267-918d-f79f38e6d30e,CONSUMER,1200,1,did:web:ssi-dim-wallet-service.identity:BPNL00000003AYRE,75787094-d502-432f-a967-cce1fadca68f,1791547176513,1791547456529,1791547456529,
2d9c5a20-e93a-482d-b356-7c6c70d21ebe,CONSUMER,1200,1,did:web:ssi-dim-wallet-service.identity:BPNL00000003AYRE,4668a2bf-c3b2-4bde-b645-680375338ee4,1791547177120,1791547459003,1791547459003,
e7fbc26d-347c-471b-a857-02b14d15c6df,CONSUMER,1200,1,did:web:ssi-dim-wallet-service.identity:BPNL00000003AYRE,5482e854-3638-443b-9f06-e36bf9c06dde,1791547177315,1791547464036,1791547464036,
5b4fca21-69a6-4956-9831-ee12e0fa9f39,CONSUMER,1200,1,did:web:ssi-dim-wallet-service.identity:BPNL00000003AYRE,f8a9bb03-d1f7-4175-a4fc-04dcecf0a4f0,1791547177805,1791547458631,1791547458631,
bc791df7-d336-4ae9-b8e0-af8c42b0725f,CONSUMER,1200,1,did:web:ssi-dim-wallet-service.identity:BPNL00000003AYRE,c32e8266-ec25-489f-8655-c68e5be28c62,1791547178108,1791547459340,1791547459340,
fea5fd45-a53e-4132-87f9-fccb27aa155e,CONSUMER,1200,1,did:web:ssi-dim-wallet-service.identity:BPNL00000003AYRE,8a240519-ee3d-463c-b54c-803e1e1e2e93,1791547178821,1791547464208,1791547464208,
effbf438-77cf-4b60-ba3c-10a3240ad4ff,CONSUMER,1200,1,did:web:ssi-dim-wallet-service.identity:BPNL00000003AYRE,da4e6005-d2ec-43fa-80ef-905ac9eee3e2,1791547180605,1791547463111,1791547463111,
a7b6cd3f-fa42-4964-bcbe-23b157b62e24,CONSUMER,1400,1,did:web:ssi-dim-wallet-service.identity:BPNL00000003AYRE,,1791547181414,1791547350814,1791547350814,
77d0e96a-5132-4d9a-b817-a27f7e5de199,CONSUMER,1200,1,did:web:ssi-dim-wallet-service.identity:BPNL00000003AYRE,7a23e497-273d-46c9-b24d-979176ce70a3,1791547181513,1791547459805,1791547459805,
20d29d74-f3ba-4304-b750-4487d9c1abf8,CONSUMER,1200,1,did:web:ssi-dim-wallet-service.identity:BPNL00000003AYRE,749bcdaa-c90b-4158-bb38-2025f0ab7a73,1791547181605,1791547464611,1791547464611,
06b52d1f-897b-4704-a0f0-2c41e682511e,CONSUMER,1200,1,did:web:ssi-dim-wallet-service.identity:BPNL00000003AYRE,0eeb0a53-c931-4c8a-8238-a7ebfe58268d,1791547182351,1791547468904,1791547468904,
1926cf8c-56f9-4e59-a918-a11ca900327a,CONSUMER,1400,1,did:web:ssi-dim-wallet-service.identity:BPNL00000003AYRE,,1791547183105,1791547346812,1791547346812,
a366878b-524f-496d-aa8a-977f860480bd,CONSUMER,1200,1,did:web:ssi-dim-wallet-service.identity:BPNL00000003AYRE,4c323481-5e4d-4f8a-9a6f-e62e7756379d,1791547183107,1791547467129,1791547467129,
41c09ef4-d294-483b-a0a1-b832f35f2abd,CONSUMER,1200,1,did:web:ssi-dim-wallet-service.identity:BPNL00000003AYRE,0bc7aa6c-8596-44ba-9005-fbb810856fa0,1791547183304,1791547468544,1791547468544,
f5e047bb-1bc5-41a4-950a-809941485c08,CONSUMER,1200,1,did:web:ssi-dim-wallet-service.identity:BPNL00000003AYRE,0d028b10-0a80-4009-be7c-40af533c3c99,1791547183416,1791547469351,1791547469351,
9448f6e8-bd45-4bfb-a438-d394d9641f25,CONSUMER,1200,1,did:web:ssi-dim-wallet-service.identity:BPNL00000003AYRE,1923b04a-d3f0-4115-9102-bfd4eb033583,1791547183422,1791547473548,1791547473548,
43809a35-8c1e-43ac-b716-1379b2eed67d,CONSUMER,1200,1,did:web:ssi-dim-wallet-service.identity:BPNL00000003AYRE,65f64d2d-6a46-4fbf-9b55-3dd64d6a0ca7,1791547183521,1791547474043,1791547474043,
a445e954-a964-4617-9cd7-7275db09fbd5,CONSUMER,1200,1,did:web:ssi-dim-wallet-service.identity:BPNL00000003AYRE,3cff46f8-7132-4313-98d6-f5dd58727713,1791547183608,1791547474502,1791547474502,
1dddc5c0-40bc-493a-a2e1-f5cc1cf68e96,CONSUMER,1200,1,did:web:ssi-dim-wallet-service.identity:BPNL00000003AYRE,edf015c1-bc8f-416d-82e5-376c0be33420,1791547183903,1791547491732,1791547491732,
dce4c4ba-dd2c-4ea0-a12c-7a6e335293e1,CONSUMER,1100,1,did:web:ssi-dim-wallet-service.identity:BPNL00000003AYRE,491172b7-f469-42a0-9d10-dfe60fab3618,1791547184202,1791547514106,1791547514106,
c1da30e8-8a89-493a-8ca0-bb85fc9aefb0,CONSUMER,1200,1,did:web:ssi-dim-wallet-service.identity:BPNL00000003AYRE,a376ef8a-db1b-4eed-b212-d00c56411f4f,1791547184903,1791547755011,1791547755011,
b54e772c-5d8b-4033-84bc-5298583c320a,CONSUMER,1100,1,did:web:ssi-dim-wallet-service.identity:BPNL00000003AYRE,f803a94a-8664-451f-965a-3a398003cf7c,1791547185410,1791547540202,1791547540202,
c1ad3d0f-82ea-4a57-bb96-b24a94f66c76,CONSUMER,1100,1,did:web:ssi-dim-wallet-service.identity:BPNL00000003AYRE,9ad72189-512f-4827-b461-8d69f14d186e,1791547185820,1791547540703,1791547540703,
6145ba63-8cfc-480c-9d38-ead793b3054d,CONSUMER,1100,1,did:web:ssi-dim-wallet-service.identity:BPNL00000003AYRE,857581ec-c4bc-4341-affd-3e90c4ec2299,1791547186004,1791547571008,1791547571008,
48de43be-129f-4e45-97e1-607ed3d4c868,CONSUMER,1100,1,did:web:ssi-dim-wallet-service.identity:BPNL00000003AYRE,f21c20c3-4ed1-4f2f-aa7b-0c645bf20d81,1791547186603,1791547574602,1791547574602,
33a0d5bc-8d8f-4387-a881-73638817e166,CONSUMER,1100,1,did:web:ssi-dim-wallet-service.identity:BPNL00000003AYRE,b580365a-2fa5-464b-8f14-b7c26cec8891,1791547186715,1791547607004,1791547607004,
0f4bbc7f-a24b-4bbb-ac70-e5770cc91976,CONSUMER,1400,1,did:web:ssi-dim-wallet-service.identity:BPNL00000003AYRE,fe6eea83-bc33-4758-859e-cd3b460b1be1,1791547187105,1791547462234,1791547462234,"Failed to send termination to counter party: {""@type"":""ContractNegotiationError"",""code"":""409"",""reason"":[""Entity aced4e9f-c841-4e1a-bbb7-24f8b49e4878 of kind edc_contract_negotiation is currently leased!""],""@context"":[""https://w3id.org/tractusx/auth/v1.0.0"",""https://w3id.org/catenax/2025/9/policy/con"
95916fd6-0bd5-4e40-8b9a-4d4e2d8c7e18,CONSUMER,1400,1,did:web:ssi-dim-wallet-service.identity:BPNL00000003AYRE,6120cb38-62c4-401d-a4a2-39d1ae64e8cb,1791547187212,1791547461631,1791547461631,"Failed to send termination to counter party: {""@type"":""ContractNegotiationError"",""code"":""409"",""reason"":[""Entity b22f3c40-1bae-475b-9fad-98fc574934a7 of kind edc_contract_negotiation is currently leased!""],""@context"":[""https://w3id.org/tractusx/auth/v1.0.0"",""https://w3id.org/catenax/2025/9/policy/con"
24ccbd92-2b3a-4059-ae76-07808480ae65,CONSUMER,1400,1,did:web:ssi-dim-wallet-service.identity:BPNL00000003AYRE,2669ae75-d79b-4066-934e-2b8daf8b6f6f,1791547187624,1791547461436,1791547461436,"Failed to send termination to counter party: {""@type"":""ContractNegotiationError"",""code"":""409"",""reason"":[""Entity 5ff27053-c545-4900-8780-60a93c262330 of kind edc_contract_negotiation is currently leased!""],""@context"":[""https://w3id.org/tractusx/auth/v1.0.0"",""https://w3id.org/catenax/2025/9/policy/con"
c7b4f0bf-29bc-452a-adc0-856919d5b972,CONSUMER,1400,1,did:web:ssi-dim-wallet-service.identity:BPNL00000003AYRE,8cb6f32b-96e5-46f2-88f4-72264ec0f878,1791547187808,1791547462403,1791547462403,"Failed to send termination to counter party: {""@type"":""ContractNegotiationError"",""code"":""409"",""reason"":[""Entity 41cd517c-3e4e-4dcb-989d-3e683f18941f of kind edc_contract_negotiation is currently leased!""],""@context"":[""https://w3id.org/tractusx/auth/v1.0.0"",""https://w3id.org/catenax/2025/9/policy/con"
b074393b-ef5b-4942-be49-15078e37ae7d,CONSUMER,1100,1,did:web:ssi-dim-wallet-service.identity:BPNL00000003AYRE,c9e0d1be-f62f-4f94-8745-fb385ef81f87,1791547187814,1791547460013,1791547460013,
e2053d9b-6da4-416d-b7b9-63ac51a087f3,CONSUMER,1100,1,did:web:ssi-dim-wallet-service.identity:BPNL00000003AYRE,7731b514-89cb-44d4-8fa1-8159707868c8,1791547188009,1791547460202,1791547460202,
aefcc0dc-5593-4dbf-b0ed-c7d7ca4a3126,CONSUMER,1100,1,did:web:ssi-dim-wallet-service.identity:BPNL00000003AYRE,c5f0b696-2a9b-48d4-b361-6b2757ba5a69,1791547188204,1791547460128,1791547460128,
7fa3bc58-91c2-4d37-b427-e125a9f5b009,CONSUMER,1100,1,did:web:ssi-dim-wallet-service.identity:BPNL00000003AYRE,ff5f609f-5118-474c-8642-c4e46a1e6665,1791547188209,1791547460281,1791547460281,
77e4989b-ccbb-45f8-ab46-7f88f035c995,CONSUMER,1100,1,did:web:ssi-dim-wallet-service.identity:BPNL00000003AYRE,22597783-1cde-41b8-8dac-64dd9fe2281a,1791547188802,1791547460529,1791547460529,
8124ceb1-5c97-44a9-aa69-319fe462ad50,CONSUMER,1100,1,did:web:ssi-dim-wallet-service.identity:BPNL00000003AYRE,186e4809-4281-4956-9b79-c4d8263c520d,1791547188923,1791547461202,1791547461202,
d89152c6-a4d0-4102-a107-27a916e244d5,CONSUMER,1100,1,did:web:ssi-dim-wallet-service.identity:BPNL00000003AYRE,a77ce7c4-d65f-44c2-b8fc-c55e8a8fc31d,1791547189103,1791547460602,1791547460602,
021fbdf1-83d3-4a77-b9ef-ca12eb822333,CONSUMER,1100,1,did:web:ssi-dim-wallet-service.identity:BPNL00000003AYRE,a051b01b-9a56-476a-a1f2-81caf25a0255,1791547190912,1791547460402,1791547460402,
bc93bab5-b4a1-4549-b41d-21bc8e16827f,CONSUMER,1100,1,did:web:ssi-dim-wallet-service.identity:BPNL00000003AYRE,9a87f215-159b-4498-870f-01f7f62ec77f,1791547192814,1791547461404,1791547461404,
d7b72e44-d105-4237-87eb-a7cd6b54f94c,CONSUMER,1100,1,did:web:ssi-dim-wallet-service.identity:BPNL00000003AYRE,deff79b9-fa2a-4b69-8327-5065e92fa8d2,1791547193015,1791547483228,1791547483228,
010955b9-f62e-40ad-94b7-0a61441bfe34,CONSUMER,1100,1,did:web:ssi-dim-wallet-service.identity:BPNL00000003AYRE,8177877f-616f-48c7-be10-ccb30d0adb9f,1791547193215,1791547483425,1791547483425,
c0b31ea4-0cd3-430b-96a1-7c9a8a1c0879,CONSUMER,1200,1,did:web:ssi-dim-wallet-service.identity:BPNL00000003AYRE,ef1e7048-664a-48db-b006-2923ab384be2,1791547193812,1791547710513,1791547710513,
257cf436-35f0-4144-9aad-53d802ec182d,CONSUMER,1100,1,did:web:ssi-dim-wallet-service.identity:BPNL00000003AYRE,7ffa8f2e-0e1b-4de7-b8ec-7d271fb9a354,1791547194118,1791547483288,1791547483288,
8d5e4ed1-c6f7-4503-bc7a-00794690e94c,CONSUMER,1200,1,did:web:ssi-dim-wallet-service.identity:BPNL00000003AYRE,da70f9d3-b194-416d-9bf2-f76ebded12b5,1791547194211,1791547713413,1791547713413,
b199c8c8-a5d7-4b66-b8ac-aa19327fc5a2,CONSUMER,1200,1,did:web:ssi-dim-wallet-service.identity:BPNL00000003AYRE,316f41ab-7672-4388-9b23-83416cbbe59f,1791547195103,1791547710512,1791547710512,
e509e411-c15c-4459-b260-54da14bf1e1f,CONSUMER,1200,1,did:web:ssi-dim-wallet-service.identity:BPNL00000003AYRE,d43dc9eb-b743-47f3-950f-31e93e7b4fa2,1791547195719,1791547744420,1791547744420,
c9dfec1f-4eb9-43af-93fa-f67cb1125ffe,CONSUMER,1200,1,did:web:ssi-dim-wallet-service.identity:BPNL00000003AYRE,76ed586c-e8d7-4da8-8a5f-0b9440f0087d,1791547196303,1791547749107,1791547749107,
3d221a8a-c847-4f81-b3ae-5d1bc53a5b3a,CONSUMER,1200,1,did:web:ssi-dim-wallet-service.identity:BPNL00000003AYRE,44ec85ed-33e6-45bf-9130-7c09aabe0cd2,1791547197805,1791547737413,1791547737413,
21f097f4-ad56-4b69-918b-611034641c2c,CONSUMER,1200,1,did:web:ssi-dim-wallet-service.identity:BPNL00000003AYRE,dc0c3790-7be8-418a-afea-31332c00cf78,1791547198002,1791547745207,1791547745207,
8fa1d443-c1c1-4ecd-9174-0233a0e3e2db,CONSUMER,1200,1,did:web:ssi-dim-wallet-service.identity:BPNL00000003AYRE,35e54ac0-e579-4a18-aeb4-ad2e1874c8ab,1791547198015,1791547743709,1791547743709,
707a1108-327c-41c8-8b0a-e2be8997d803,CONSUMER,1200,1,did:web:ssi-dim-wallet-service.identity:BPNL00000003AYRE,b1167bb4-5968-4348-8c24-6fc5f7981f4e,1791547198018,1791547749002,1791547749002,
d0774169-d590-43e9-8731-011ac0b9ddde,CONSUMER,1200,1,did:web:ssi-dim-wallet-service.identity:BPNL00000003AYRE,e5ad8543-aa5c-4e4a-a96e-d8a533263774,1791547198112,1791547752602,1791547752602,
f86809d6-8642-48e1-a538-ced81f51a258,CONSUMER,1200,1,did:web:ssi-dim-wallet-service.identity:BPNL00000003AYRE,f449a6a9-fb34-4cea-a1f9-fbaac0e1f9d6,1791547198113,1791547751511,1791547751511,
f9e1af67-ac3e-4d4e-8430-a6601096d60d,CONSUMER,1200,1,did:web:ssi-dim-wallet-service.identity:BPNL00000003AYRE,c7829b93-5fca-4d0b-936c-eb44e30944df,1791547198505,1791547751618,1791547751618,
35a7d12b-30f1-4828-84b2-553867fb2f34,CONSUMER,1200,1,did:web:ssi-dim-wallet-service.identity:BPNL00000003AYRE,1b8b5ace-661d-46ba-a687-0546805d0d79,1791547198616,1791547755911,1791547755911,
87da9145-73b4-45d1-bc1c-073c58547dc7,CONSUMER,1200,1,did:web:ssi-dim-wallet-service.identity:BPNL00000003AYRE,7238237a-0d6e-4b4c-a80f-096b53134549,1791547198706,1791547753231,1791547753231,
be07b2a0-27b2-43b3-be8a-46e0d1377477,CONSUMER,1200,1,did:web:ssi-dim-wallet-service.identity:BPNL00000003AYRE,362d308d-23fd-41d9-93a5-eeb323287194,1791547198910,1791547757915,1791547757915,
3ea02e0b-4479-4280-8dec-ecb781bc0c48,CONSUMER,1400,1,did:web:ssi-dim-wallet-service.identity:BPNL00000003AYRE,263857f5-010b-4c20-958a-47a3f02c221d,1791547199803,1791549821343,1791549821343,
ac2c265c-4d5d-4402-bf91-59af43351f5b,CONSUMER,1100,1,did:web:ssi-dim-wallet-service.identity:BPNL00000003AYRE,a3301788-93d5-463d-abed-d1e7e28012a9,1791547199919,1791547514602,1791547514602,
5cb473d6-49de-45d0-9116-7e20bfd62e97,CONSUMER,1100,1,did:web:ssi-dim-wallet-service.identity:BPNL00000003AYRE,0b0924bb-1a4f-47ee-9737-65ca8ebda087,1791547200811,1791547516003,1791547516003,
7b2cd871-ec93-471e-86de-d572548999ef,CONSUMER,1100,1,did:web:ssi-dim-wallet-service.identity:BPNL00000003AYRE,ef4673df-7f4c-41d1-b08a-9dd6a918e4df,1791547201016,1791547515547,1791547515547,
7548aec0-23ef-46fa-80b1-1c8a3c3afb05,CONSUMER,1100,1,did:web:ssi-dim-wallet-service.identity:BPNL00000003AYRE,1ba1039a-9863-42c0-b537-3a754959d10c,1791547201214,1791547516202,1791547516202,
946816fe-b6ac-447e-807f-2ad583fe4324,CONSUMER,1100,1,did:web:ssi-dim-wallet-service.identity:BPNL00000003AYRE,f1d9dc18-9e9d-4ca4-ae97-14eb33696c80,1791547203810,1791547516404,1791547516404,
f5f5f07a-529f-4692-ba16-697cc2a4ec8b,CONSUMER,1100,1,did:web:ssi-dim-wallet-service.identity:BPNL00000003AYRE,fadf1086-bd6b-4744-8045-84cb6f44a988,1791547204403,1791547516305,1791547516305,
f88dad86-4093-44de-b0a0-9fe82eedbbc5,CONSUMER,1100,1,did:web:ssi-dim-wallet-service.identity:BPNL00000003AYRE,a113e4ce-5376-449e-8040-24fe3b6aaf0a,1791547204806,1791547516303,1791547516303,
026072d3-2efb-48c8-9691-e4b1cd67679b,CONSUMER,1100,1,did:web:ssi-dim-wallet-service.identity:BPNL00000003AYRE,77342cb0-f04a-43a6-a29a-14834e693900,1791547205006,1791547516646,1791547516646,
6737700e-61cb-4a04-bf01-5463fe17b18b,CONSUMER,1100,1,did:web:ssi-dim-wallet-service.identity:BPNL00000003AYRE,4a8e2ad7-eac6-4e48-a113-b3c61e7711d0,1791547205009,1791547516707,1791547516707,
d3ca1db4-41c2-4cf4-84d1-212de438d3b3,CONSUMER,1100,1,did:web:ssi-dim-wallet-service.identity:BPNL00000003AYRE,5a34310e-1d8c-46e2-8b34-3ed723d67f83,1791547205212,1791547536031,1791547536031,
ed0a6ae0-f1e3-43e5-8520-5d300a2d8e4e,CONSUMER,1100,1,did:web:ssi-dim-wallet-service.identity:BPNL00000003AYRE,50f2fc0f-ca0c-43c7-907b-ddf03ce27e8f,1791547205416,1791547538230,1791547538230,
0dd609d6-f700-42d2-b341-abbc790317f5,CONSUMER,1100,1,did:web:ssi-dim-wallet-service.identity:BPNL00000003AYRE,1301c0f4-3b51-4183-8baa-0346504e697a,1791547206208,1791547536744,1791547536744,
5cd2290d-1043-42d4-8539-3fb1b6c3c1c8,CONSUMER,1100,1,did:web:ssi-dim-wallet-service.identity:BPNL00000003AYRE,2b3138a7-1894-42f6-b446-35d6f9e91207,1791547206807,1791547538702,1791547538702,
12d30045-9574-4ead-bf8f-3dce93a8b008,CONSUMER,1100,1,did:web:ssi-dim-wallet-service.identity:BPNL00000003AYRE,719eba05-8db2-42a0-8538-59c4d0d6609f,1791547207614,1791547537804,1791547537804,
33fb03f8-cf47-43de-85da-1529bc2ad977,CONSUMER,1100,1,did:web:ssi-dim-wallet-service.identity:BPNL00000003AYRE,c91a06f4-5800-4c32-a848-47359b50391b,1791547207819,1791547539340,1791547539340,
24f319ed-2b3f-4dae-8cb5-2a6ca48cc126,CONSUMER,1100,1,did:web:ssi-dim-wallet-service.identity:BPNL00000003AYRE,b9fd6949-f87a-4ff4-8ea1-bb87043fddab,1791547207910,1791547538704,1791547538704,
ee42e0ed-5d4d-4732-bab8-ede795fb1f2f,CONSUMER,1100,1,did:web:ssi-dim-wallet-service.identity:BPNL00000003AYRE,c78a98e3-f821-414e-9751-385acf1fc864,1791547209411,1791547539504,1791547539504,
862c122f-3170-4d54-91a8-35d1aeb15517,CONSUMER,1100,1,did:web:ssi-dim-wallet-service.identity:BPNL00000003AYRE,80ab4e4d-5134-409e-9ccd-b22736f797d6,1791547210304,1791547539904,1791547539904,
6f83e866-f949-4427-8884-a6ef8ae2dc06,CONSUMER,1100,1,did:web:ssi-dim-wallet-service.identity:BPNL00000003AYRE,b6989ebc-d124-48d3-a86f-e14ab99a15f7,1791547212809,1791547539629,1791547539629,
687619fe-946e-4e90-9e7b-b86c67c19d42,CONSUMER,1100,1,did:web:ssi-dim-wallet-service.identity:BPNL00000003AYRE,86a952ea-ba25-423f-ba25-355aaef09d95,1791547213105,1791547540002,1791547540002,
0245f09f-d53f-4132-920d-047f5d87cedf,CONSUMER,1100,1,did:web:ssi-dim-wallet-service.identity:BPNL00000003AYRE,3e880c34-ab4b-4e2a-972e-70aa940ef359,1791547213210,1791547539903,1791547539903,
60e6d6b6-03e0-47a5-9d7a-57f3d4c80915,CONSUMER,1100,1,did:web:ssi-dim-wallet-service.identity:BPNL00000003AYRE,a7934c63-64f6-4d29-87a6-296785a1305d,1791547213304,1791547540404,1791547540404,
d45c8037-141b-429b-9876-84d80a3fcdca,CONSUMER,1100,1,did:web:ssi-dim-wallet-service.identity:BPNL00000003AYRE,30e2c7cd-762e-43de-b9de-7faea7b17eda,1791547213316,1791547540603,1791547540603,
efec875a-5158-45dc-9dbe-d4d7d487d359,CONSUMER,1100,1,did:web:ssi-dim-wallet-service.identity:BPNL00000003AYRE,990a303b-c561-445c-a0d0-bf1f74d2c98c,1791547213316,1791547541429,1791547541429,
775ff8ff-6461-4faf-9867-37933058f366,CONSUMER,1100,1,did:web:ssi-dim-wallet-service.identity:BPNL00000003AYRE,75393ab7-880f-46d9-b21a-042ff867f9ec,1791547213706,1791547540936,1791547540936,
2ba42a7b-7ed1-4d6d-93eb-5cc56c36c0d5,CONSUMER,1100,1,did:web:ssi-dim-wallet-service.identity:BPNL00000003AYRE,c0ad1512-3857-40bf-8641-d5b0cf9f22b6,1791547213906,1791547541104,1791547541104,
a6498aa0-a98c-4318-ae80-468eb140437f,CONSUMER,1100,1,did:web:ssi-dim-wallet-service.identity:BPNL00000003AYRE,43a97a0c-e673-4a88-a96c-13cef53efa5c,1791547213913,1791547567602,1791547567602,
e160abaa-530a-4b04-b703-c2fbc89be7df,CONSUMER,1100,1,did:web:ssi-dim-wallet-service.identity:BPNL00000003AYRE,e5d6594c-1021-412a-bb40-5ce73e97ccd9,1791547214008,1791547568204,1791547568204,
f2c8cde5-46ad-4032-ae2b-5311ea146b2c,CONSUMER,1100,1,did:web:ssi-dim-wallet-service.identity:BPNL00000003AYRE,b27f699b-3f7d-4e69-85ef-6848b4437d74,1791547214023,1791547541503,1791547541503,
b107b00c-0c77-4a5f-b242-4896fbfa759d,CONSUMER,1100,1,did:web:ssi-dim-wallet-service.identity:BPNL00000003AYRE,138e658a-f374-4c6f-8d6e-ad2586e5b66b,1791547214214,1791547569506,1791547569506,
c724a5f8-45cd-4dbf-a59c-7d8ab1792af4,CONSUMER,1100,1,did:web:ssi-dim-wallet-service.identity:BPNL00000003AYRE,71f4f4ff-3766-4a1f-ab04-18e378e4a56e,1791547214216,1791547571452,1791547571452,
886a32bc-e582-4272-85b0-b158df8d0c9e,CONSUMER,1100,1,did:web:ssi-dim-wallet-service.identity:BPNL00000003AYRE,fabfac64-6a42-4f07-a1a9-4cd17d8e4ac4,1791547214306,1791547568430,1791547568430,
799ed8d1-d007-4962-9265-9b4bfec28889,CONSUMER,1100,1,did:web:ssi-dim-wallet-service.identity:BPNL00000003AYRE,a07b322a-380d-42e0-9953-ca2095c4a933,1791547214308,1791547571230,1791547571230,
1778673e-af77-4e34-a5c0-83ab0cddb394,CONSUMER,1100,1,did:web:ssi-dim-wallet-service.identity:BPNL00000003AYRE,8a9b92b4-635d-41e9-9197-75517a6f21d8,1791547214517,1791547571404,1791547571404,
a150b893-c92c-498c-a803-bfcff06c8f2c,CONSUMER,1100,1,did:web:ssi-dim-wallet-service.identity:BPNL00000003AYRE,0f0cc1b3-b1c0-4693-8863-9d8e02e12bde,1791547214806,1791547572204,1791547572204,
311f92a9-91d4-44e4-8763-cb9da80f50d2,CONSUMER,1100,1,did:web:ssi-dim-wallet-service.identity:BPNL00000003AYRE,ca3d72ab-9a4a-422a-90af-71494411ab8f,1791547216011,1791547571708,1791547571708,
1be86645-4f9d-4dcb-90cc-8bdc1dab3e14,CONSUMER,1100,1,did:web:ssi-dim-wallet-service.identity:BPNL00000003AYRE,aba368ae-5940-447a-be9d-b1b83779484a,1791547216103,1791547573834,1791547573834,
9a9c8f4b-3091-4dfa-9c05-cf7381d6c5b1,CONSUMER,1100,1,did:web:ssi-dim-wallet-service.identity:BPNL00000003AYRE,82afe11c-3e85-40eb-8d03-d149c1b103da,1791547216207,1791547572606,1791547572606,
4efd4e35-c747-4f56-85a7-5773dffe1caa,CONSUMER,1100,1,did:web:ssi-dim-wallet-service.identity:BPNL00000003AYRE,521a41ca-92d9-4071-9266-e292560b9182,1791547217722,1791547574306,1791547574306,
a5c3d462-f7f3-4545-9eeb-6d99fb0694cf,CONSUMER,1100,1,did:web:ssi-dim-wallet-service.identity:BPNL00000003AYRE,f07ee39d-24ab-4826-92a2-7b034d93258a,1791547218105,1791547573836,1791547573836,
66c3a775-6d1c-4e89-aae9-c3889347d03e,CONSUMER,1100,1,did:web:ssi-dim-wallet-service.identity:BPNL00000003AYRE,1820fd9e-6cab-4d49-89d9-ed9cd58b407a,1791547218111,1791547574428,1791547574428,
52b5e33f-9af2-4d62-8e90-e037954bcdd2,CONSUMER,1100,1,did:web:ssi-dim-wallet-service.identity:BPNL00000003AYRE,49b3446d-e00a-4b92-b646-a3503ce6b26b,1791547218302,1791547574503,1791547574503,
61f7eeac-b3b5-4908-a493-101c243a4db9,CONSUMER,1100,1,did:web:ssi-dim-wallet-service.identity:BPNL00000003AYRE,b919966b-a476-4ef5-baf5-3504dd581f8d,1791547218403,1791547574704,1791547574704,
b428e02d-5607-4c92-ae43-fb63fb3cb18b,CONSUMER,1100,1,did:web:ssi-dim-wallet-service.identity:BPNL00000003AYRE,b240236d-f70a-4aa5-a3cc-ae19ccef6d32,1791547218514,1791547574862,1791547574862,
89f3439c-7cfd-4d95-88da-b5112e20ebd0,CONSUMER,1100,1,did:web:ssi-dim-wallet-service.identity:BPNL00000003AYRE,e9ce960d-484b-4c24-a7ec-368325831a8d,1791547219106,1791547604546,1791547604546,
089cc2c6-eff9-404a-b50f-2cb5809a3e58,CONSUMER,1100,1,did:web:ssi-dim-wallet-service.identity:BPNL00000003AYRE,02335019-181d-4527-8dd1-f8d396e5277f,1791547219522,1791547575402,1791547575402,
db20713f-b72c-4f66-8005-5ab1715e93ca,CONSUMER,1100,1,did:web:ssi-dim-wallet-service.identity:BPNL00000003AYRE,9d221d47-debd-4be1-9ebb-069d29b97ddd,1791547220322,1791547604567,1791547604567,
4b2eec0f-7dc6-464f-891b-3283a59f5f33,CONSUMER,1100,1,did:web:ssi-dim-wallet-service.identity:BPNL00000003AYRE,c346728e-9956-4370-8dcb-621f16d6c7fb,1791547220504,1791547604557,1791547604557,
b3caca87-7a26-4a62-933e-3d87efd0a807,CONSUMER,1100,1,did:web:ssi-dim-wallet-service.identity:BPNL00000003AYRE,34d0420d-977d-4e18-8d57-78c2a53e8da7,1791547220505,1791547604557,1791547604557,
124b3f0b-b386-4879-acf4-89bd40802d56,CONSUMER,1100,1,did:web:ssi-dim-wallet-service.identity:BPNL00000003AYRE,aa6fe014-3ec7-4a8b-a379-3a7f620b824f,1791547221023,1791547604846,1791547604846,
7e440d62-3f2f-4563-be47-0db29102af6e,CONSUMER,1100,1,did:web:ssi-dim-wallet-service.identity:BPNL00000003AYRE,d9695598-72f7-417f-bb8e-1bd998587942,1791547221641,1791547604997,1791547604997,
ebe22799-e91d-4250-9a82-a184a0c993b5,CONSUMER,1100,1,did:web:ssi-dim-wallet-service.identity:BPNL00000003AYRE,87e0074c-5648-4eb9-85c2-777b0a243338,1791547221806,1791547604740,1791547604740,
407025e8-68e4-4a5a-9b59-31ca49b0e532,CONSUMER,1100,1,did:web:ssi-dim-wallet-service.identity:BPNL00000003AYRE,99dc5962-72d7-4035-884d-fd7a960a8167,1791547223707,1791547604813,1791547604813,
a7f34d0f-ae9e-4ce5-aeda-dd79f6d98086,CONSUMER,1100,1,did:web:ssi-dim-wallet-service.identity:BPNL00000003AYRE,44acdb5c-1dfb-415c-8ecb-44e2a3c19e6e,1791547224117,1791547604603,1791547604603,
7f26880d-a34f-49b6-b3be-51a1c6bfc635,CONSUMER,1100,1,did:web:ssi-dim-wallet-service.identity:BPNL00000003AYRE,b3fe192a-c3b9-4a34-9987-1bd206873e38,1791547225218,1791547604945,1791547604945,
bc37508f-9bda-46c2-9b5b-2db26d28c28d,CONSUMER,1100,1,did:web:ssi-dim-wallet-service.identity:BPNL00000003AYRE,5fd3a0c2-225d-43b1-adef-6cc9f84052fa,1791547226013,1791547604965,1791547604965,
2c1488c5-4ccd-445c-9659-fe2f4fbdfa52,CONSUMER,1100,1,did:web:ssi-dim-wallet-service.identity:BPNL00000003AYRE,e6b0ae1b-4a2c-45ac-a0b7-aeb68f4eb1a8,1791547227022,1791547604823,1791547604823,
cf125e46-97f1-44dc-b928-d095581d3480,CONSUMER,1100,1,did:web:ssi-dim-wallet-service.identity:BPNL00000003AYRE,a1edad39-18e8-4b2c-8455-15e45d6d5299,1791547227316,1791547605128,1791547605128,
11150d1a-6271-43a7-935b-04740f208e3f,CONSUMER,1100,1,did:web:ssi-dim-wallet-service.identity:BPNL00000003AYRE,2f2acc74-5a49-4d9e-a791-5a392beb667a,1791547227843,1791547604954,1791547604954,
d669e946-5092-4eae-95d0-874cd1162ebb,CONSUMER,1100,1,did:web:ssi-dim-wallet-service.identity:BPNL00000003AYRE,deda6ff5-2155-4500-86a7-7f6b6d0302d7,1791547227844,1791547605329,1791547605329,
c9f6c0e1-5e76-4519-91b9-13465ca51770,CONSUMER,1100,1,did:web:ssi-dim-wallet-service.identity:BPNL00000003AYRE,eb2877f7-72ba-4acb-a033-b9248ebb7ac7,1791547227911,1791547605110,1791547605110,
c2b88ab3-16fd-4bbb-b794-70ec80c52d57,CONSUMER,1100,1,did:web:ssi-dim-wallet-service.identity:BPNL00000003AYRE,e97f568d-1f5b-4b55-a9ce-22e6399136ff,1791547228105,1791547605232,1791547605232,
c3ee16d8-ad58-4d6f-8bd0-beafc60e2da7,CONSUMER,1100,1,did:web:ssi-dim-wallet-service.identity:BPNL00000003AYRE,8f71d09f-14de-423b-b60a-b31f5ec41507,1791547228110,1791547605128,1791547605128,
b6b572b5-c2ce-47b3-b289-497520a7d3c8,CONSUMER,1100,1,did:web:ssi-dim-wallet-service.identity:BPNL00000003AYRE,65d75fe4-e193-41d0-9c19-85011b00e1ae,1791547228316,1791547605129,1791547605129,
685be94c-497e-43ed-86d8-2157ace3298b,CONSUMER,1100,1,did:web:ssi-dim-wallet-service.identity:BPNL00000003AYRE,cd89b96d-361b-42b3-b8c6-939b1c456c23,1791547228403,1791547606536,1791547606536,
976b8f02-d39a-4f9f-b81f-2a34cbd567a4,CONSUMER,1100,1,did:web:ssi-dim-wallet-service.identity:BPNL00000003AYRE,1c0bdadf-bfef-4423-854b-5308354638b9,1791547228515,1791547606409,1791547606409,
b219e690-2e26-4ae5-9bdc-8f58802c48c0,CONSUMER,1100,1,did:web:ssi-dim-wallet-service.identity:BPNL00000003AYRE,7fcaafde-b669-4da0-82a1-4c20d5364281,1791547228713,1791547605331,1791547605331,
9877273b-79b6-4a5f-a443-ae8345cb1c3e,CONSUMER,1100,1,did:web:ssi-dim-wallet-service.identity:BPNL00000003AYRE,3935a89a-7c75-43c8-aa09-98ae2971f242,1791547228811,1791547606661,1791547606661,
77add3de-cee9-4ad5-bad3-71e0fb7d96f8,CONSUMER,1100,1,did:web:ssi-dim-wallet-service.identity:BPNL00000003AYRE,58257317-e7e4-4df7-b9de-8c0d6d2aae48,1791547229803,1791547606870,1791547606870,
57a007b1-c151-4a5f-8ee4-7dd9f9a276a5,CONSUMER,1100,1,did:web:ssi-dim-wallet-service.identity:BPNL00000003AYRE,0e825dcb-5ac0-4774-bb0e-d9c33f22590a,1791547230418,1791547606834,1791547606834,
ca9faa04-152b-4ddf-bfeb-46e3e21b5afc,CONSUMER,1100,1,did:web:ssi-dim-wallet-service.identity:BPNL00000003AYRE,8899216d-81cf-4469-9760-98754a7aa3df,1791547230508,1791547606533,1791547606533,
3d35d9d0-166d-4023-8efe-810dd509e053,CONSUMER,1100,1,did:web:ssi-dim-wallet-service.identity:BPNL00000003AYRE,f4f7bcb8-04aa-4518-b21e-ac49a8fdcb0f,1791547230521,1791547606902,1791547606902,
fd0342ab-ee98-4be0-8143-2ac2190e676c,CONSUMER,1100,1,did:web:ssi-dim-wallet-service.identity:BPNL00000003AYRE,15131d5f-c258-49b6-bda9-b4758349ff7d,1791547230602,1791547606877,1791547606877,
c758ca40-5b25-44fa-bf13-e76c788d6590,CONSUMER,1100,1,did:web:ssi-dim-wallet-service.identity:BPNL00000003AYRE,dd3a196b-6af6-4fce-9a04-c83d67c63c5e,1791547231211,1791547607064,1791547607064,
7d080a65-3ae5-4f26-8b22-2e3b2290b714,CONSUMER,1100,1,did:web:ssi-dim-wallet-service.identity:BPNL00000003AYRE,ce61ee0c-4a80-4c61-890d-839ee1a2da73,1791547231817,1791547607069,1791547607069,
36310992-955e-44b9-a6b6-6f5b6345686d,CONSUMER,1100,1,did:web:ssi-dim-wallet-service.identity:BPNL00000003AYRE,4cc9eef2-6a82-4a7b-9f8d-e3bc0ffeee05,1791547231913,1791547607063,1791547607063,
53f9e17d-9f78-47c1-90ab-34f8641d0cfe,CONSUMER,1100,1,did:web:ssi-dim-wallet-service.identity:BPNL00000003AYRE,6eea4fa6-9c4c-4442-ac74-91c64c963f2d,1791547232213,1791547607203,1791547607203,
1191c0e0-4d0a-4b0e-92bc-5e4c74723931,CONSUMER,1100,1,did:web:ssi-dim-wallet-service.identity:BPNL00000003AYRE,608ea4ac-9ba3-4fbc-97ad-c4fb3ce890c0,1791547233410,1791547607235,1791547607235,
755e3e35-b268-451d-b9ed-3152b1553b99,CONSUMER,1100,1,did:web:ssi-dim-wallet-service.identity:BPNL00000003AYRE,b02102fa-98b0-4882-bcb4-92f2930feca8,1791547233714,1791547607398,1791547607398,
9e4039ff-34c9-4a89-acf3-9461950894bf,CONSUMER,1100,1,did:web:ssi-dim-wallet-service.identity:BPNL00000003AYRE,448c9a1f-0772-41ec-ac0c-881d4cc7609f,1791547233804,1791547607345,1791547607345,
e0cd31b2-4a3f-4943-87c9-2dc45bc1759f,CONSUMER,1100,1,did:web:ssi-dim-wallet-service.identity:BPNL00000003AYRE,6e3a5abb-9cf1-4150-8f3d-bffb1700af89,1791547234211,1791547607330,1791547607330,
c733ddec-3278-4eb2-a6a5-b0f5a70757f9,CONSUMER,1100,1,did:web:ssi-dim-wallet-service.identity:BPNL00000003AYRE,73c611fe-c466-4759-8eb7-3a961e797fda,1791547234507,1791547607429,1791547607429,
419c95d3-c219-410d-9078-e1e55958ebe2,CONSUMER,1100,1,did:web:ssi-dim-wallet-service.identity:BPNL00000003AYRE,cfceec02-3010-4b5d-920d-2540c09b9abf,1791547235213,1791547607464,1791547607464,
b16d744c-70de-48c8-9eab-19cc884fe586,CONSUMER,1100,1,did:web:ssi-dim-wallet-service.identity:BPNL00000003AYRE,b4f9aa61-a7ff-4eaa-b942-a55aac1a096e,1791547235308,1791547608853,1791547608853,
b224475d-00b3-4443-b92b-2cc70d3e197e,CONSUMER,1100,1,did:web:ssi-dim-wallet-service.identity:BPNL00000003AYRE,d9e41c1f-03d2-411f-9804-5d2631d4c885,1791547235606,1791547607464,1791547607464,
0a156cdc-6e5d-415f-a81a-81a131c0612d,CONSUMER,1100,1,did:web:ssi-dim-wallet-service.identity:BPNL00000003AYRE,a34975c4-625c-477c-b40a-e9ab32cb760a,1791547237102,1791547608957,1791547608957,
beb01e43-59fe-479b-9d75-eb062b62ac12,CONSUMER,1100,1,did:web:ssi-dim-wallet-service.identity:BPNL00000003AYRE,f24cb79c-15ae-460f-b1c4-b92696bd4823,1791547237505,1791547608929,1791547608929,
e2b2a552-b297-4a9c-9102-ed954d90ece6,CONSUMER,1100,1,did:web:ssi-dim-wallet-service.identity:BPNL00000003AYRE,75d8788a-9f63-4312-a494-eea08efd58d9,1791547237509,1791547609108,1791547609108,
484e248a-4a1a-44a4-b1c0-5f7b85abf244,CONSUMER,1100,1,did:web:ssi-dim-wallet-service.identity:BPNL00000003AYRE,55a36a69-499d-4c8f-8ad7-98b64bddca61,1791547237612,1791547609148,1791547609148,
a752f104-c64b-4b63-9d2d-4fa54710e5de,CONSUMER,1100,1,did:web:ssi-dim-wallet-service.identity:BPNL00000003AYRE,5f58646f-a54c-40ae-8c04-2417ff00775d,1791547237715,1791547609167,1791547609167,
7febf909-498e-4235-9d36-58c500cb46c0,CONSUMER,1100,1,did:web:ssi-dim-wallet-service.identity:BPNL00000003AYRE,02c00832-9e9a-4122-a7ca-5b7209407693,1791547238912,1791547609177,1791547609177,
32481726-be58-42a6-b13d-59879d39d010,CONSUMER,1100,1,did:web:ssi-dim-wallet-service.identity:BPNL00000003AYRE,b57c216a-bc21-49b1-8da0-0337c3f0047b,1791547239512,1791547609147,1791547609147,
aececcb2-8d7a-4eed-9964-771b580c1f0f,CONSUMER,1100,1,did:web:ssi-dim-wallet-service.identity:BPNL00000003AYRE,0bd1490a-e62a-4949-a654-b924e48b7f6c,1791547240505,1791547621949,1791547621949,
7cce23cf-7ff2-42c7-ad5c-7a60e4307233,CONSUMER,1100,1,did:web:ssi-dim-wallet-service.identity:BPNL00000003AYRE,9cad7cb2-e533-4f69-b168-d1f9f7335410,1791547240506,1791547609177,1791547609177,
2ea547f4-8846-414a-aa0a-2ecec23d6831,CONSUMER,1100,1,did:web:ssi-dim-wallet-service.identity:BPNL00000003AYRE,8eebcfef-4ccf-4778-8599-eca50295c549,1791547241402,1791547622145,1791547622145,
3525eb51-a872-4e63-8348-3dcfd8e514c1,CONSUMER,1100,1,did:web:ssi-dim-wallet-service.identity:BPNL00000003AYRE,27086ad3-ebe6-4e72-8949-f4a997acf396,1791547241802,1791547622302,1791547622302,
01be8c27-4b3c-468a-9eb9-2b657291aded,CONSUMER,1100,1,did:web:ssi-dim-wallet-service.identity:BPNL00000003AYRE,6a58bca1-3cb0-4e21-a32a-61ce57c9e4af,1791547241806,1791547622105,1791547622105,
795d9716-9d73-4ad3-ac70-3bebfd6b0079,CONSUMER,1100,1,did:web:ssi-dim-wallet-service.identity:BPNL00000003AYRE,54311952-9d19-4c38-b466-a52eec481d8e,1791547242418,1791547622719,1791547622719,
c6c861be-305b-4d08-9c27-43e0f33b6049,CONSUMER,1100,1,did:web:ssi-dim-wallet-service.identity:BPNL00000003AYRE,e03d5db0-4e0d-4cfc-81da-e52bc584fc12,1791547242604,1791547622402,1791547622402,
069bf9a2-9a7c-4e90-ad04-399b669564f3,CONSUMER,1100,1,did:web:ssi-dim-wallet-service.identity:BPNL00000003AYRE,0e82492a-bfa5-41b7-98dd-ac3137fee2cf,1791547242816,1791547622832,1791547622832,
8e35df7f-3cc1-4a12-a5c6-24e892d553e7,CONSUMER,1100,1,did:web:ssi-dim-wallet-service.identity:BPNL00000003AYRE,c50e7571-e849-4b2c-abf1-1bbe96f89f99,1791547242911,1791547627930,1791547627930,
70d40878-e5fd-4238-b567-d15a6830e40c,CONSUMER,1100,1,did:web:ssi-dim-wallet-service.identity:BPNL00000003AYRE,1fcca927-5083-4c5d-88ce-4bf490a54571,1791547243503,1791547823402,1791547823402,
66ac864d-e5c4-44ed-8c2e-d95e486bff6e,CONSUMER,1100,1,did:web:ssi-dim-wallet-service.identity:BPNL00000003AYRE,bd0bfab8-2429-4457-82ca-c7093b40bd37,1791547244725,1791547823819,1791547823819,
52ef9af4-9b08-4843-ab9b-4b4862ac5142,CONSUMER,200,1,did:web:ssi-dim-wallet-service.identity:BPNL00000003AYRE,,1791547244922,1791547448809,1791547448809,
9a21aa1a-19bb-45d3-90d4-aaad1339883f,CONSUMER,1100,1,did:web:ssi-dim-wallet-service.identity:BPNL00000003AYRE,a469a2a9-4753-4f8b-8201-c2a46a1859a7,1791547245104,1791547824303,1791547824303,
0f14c96d-b90a-482e-b86c-ba00f016c086,CONSUMER,1100,1,did:web:ssi-dim-wallet-service.identity:BPNL00000003AYRE,1fcbe79f-b4ee-4afb-ad77-e802ad7bd68d,1791547246795,1791547825002,1791547825002,
9688cd29-b1b6-4c6f-8193-358e86a0c0c7,CONSUMER,200,1,did:web:ssi-dim-wallet-service.identity:BPNL00000003AYRE,,1791547246802,1791547449530,1791547449530,
475d4506-7e65-48f9-8c46-13cdea7754ad,CONSUMER,1100,1,did:web:ssi-dim-wallet-service.identity:BPNL00000003AYRE,5e7d3914-c82a-4b71-9218-a614929e1cfd,1791547246819,1791547825606,1791547825606,
4d6125b1-9afb-4451-b784-3744a23fdd6b,CONSUMER,200,1,did:web:ssi-dim-wallet-service.identity:BPNL00000003AYRE,,1791547247013,1791547449404,1791547449404,
ce3c0ede-8959-4a95-9997-d62aaf01610f,CONSUMER,1100,1,did:web:ssi-dim-wallet-service.identity:BPNL00000003AYRE,9a91c834-8f86-47fb-bd12-2a46ad27170e,1791547247019,1791547826471,1791547826471,
ddc3d4f2-13b4-4cd9-ad63-220b6e818028,CONSUMER,200,1,did:web:ssi-dim-wallet-service.identity:BPNL00000003AYRE,,1791547247106,1791547450037,1791547450037,
847d8bf8-cd8b-4f11-a285-73234b3a1bff,CONSUMER,200,1,did:web:ssi-dim-wallet-service.identity:BPNL00000003AYRE,,1791547247107,1791547450130,1791547450130,
e06f2798-f4bc-4b39-bd93-b7d62b6b1fcb,CONSUMER,200,1,did:web:ssi-dim-wallet-service.identity:BPNL00000003AYRE,,1791547247114,1791547450405,1791547450405,
c08bb8ec-e08d-4870-8a24-b271ab6a7379,CONSUMER,200,1,did:web:ssi-dim-wallet-service.identity:BPNL00000003AYRE,,1791547248211,1791547451009,1791547451009,
f39ba546-cd66-43c4-bdf3-5347a0b6838a,CONSUMER,200,1,did:web:ssi-dim-wallet-service.identity:BPNL00000003AYRE,,1791547248303,1791547451834,1791547451834,
2eecb693-1128-49fd-a5ab-9b64a447e04a,CONSUMER,200,1,did:web:ssi-dim-wallet-service.identity:BPNL00000003AYRE,,1791547248315,1791547450938,1791547450938,
3d80c838-8325-4d7f-b4f3-b9130603f49b,CONSUMER,200,1,did:web:ssi-dim-wallet-service.identity:BPNL00000003AYRE,,1791547248503,1791547451738,1791547451738,
06e3a398-b3ef-4d50-84cf-841a546b6a4e,CONSUMER,200,1,did:web:ssi-dim-wallet-service.identity:BPNL00000003AYRE,,1791547248603,1791547451533,1791547451533,
516d13d8-8179-419f-9207-2f320a5c9202,CONSUMER,1400,1,did:web:ssi-dim-wallet-service.identity:BPNL00000003AYRE,,1791547249204,1791549821374,1791549821374,
4e7d8433-691a-4e69-bc70-2e39b5563191,CONSUMER,1400,1,did:web:ssi-dim-wallet-service.identity:BPNL00000003AYRE,,1791547249215,1791549821467,1791549821467,
06c2660e-278b-4a9d-aacc-42a3fc82bec3,CONSUMER,200,1,did:web:ssi-dim-wallet-service.identity:BPNL00000003AYRE,,1791547249216,1791547455633,1791547455633,
f7d22d34-b919-4eb4-b371-c550acef7318,CONSUMER,200,1,did:web:ssi-dim-wallet-service.identity:BPNL00000003AYRE,,1791547249504,1791547469802,1791547469802,
ab31932b-25be-445f-b9ff-f4282b2e0979,CONSUMER,200,1,did:web:ssi-dim-wallet-service.identity:BPNL00000003AYRE,,1791547249615,1791547469827,1791547469827,
998a3c30-57ee-4df5-be84-1991b3bc6a76,CONSUMER,200,1,did:web:ssi-dim-wallet-service.identity:BPNL00000003AYRE,,1791547249703,1791547469930,1791547469930,
32d2b1d1-cfc4-4f03-aefd-5b1e779b1c06,CONSUMER,200,1,did:web:ssi-dim-wallet-service.identity:BPNL00000003AYRE,,1791547249918,1791547470139,1791547470139,
1f65330f-0ff9-4381-b908-7e34350a30fa,CONSUMER,200,1,did:web:ssi-dim-wallet-service.identity:BPNL00000003AYRE,,1791547250109,1791547470134,1791547470134,
36c2df34-5b64-4fd5-8f91-0de7b5f19317,CONSUMER,200,1,did:web:ssi-dim-wallet-service.identity:BPNL00000003AYRE,,1791547250803,1791547470938,1791547470938,
8b16b9de-4186-407a-97ed-01e3025bd666,CONSUMER,200,1,did:web:ssi-dim-wallet-service.identity:BPNL00000003AYRE,,1791547250921,1791547471205,1791547471205,
29fe8a5c-0033-435b-85d5-75bfb3cdefc3,CONSUMER,200,1,did:web:ssi-dim-wallet-service.identity:BPNL00000003AYRE,,1791547251318,1791547471438,1791547471438,
c24091dd-4962-418d-9e7b-fa25a134e542,CONSUMER,200,1,did:web:ssi-dim-wallet-service.identity:BPNL00000003AYRE,,1791547251619,1791547471708,1791547471708,
85a560ef-3105-4f24-9a7a-50bec16f9acc,CONSUMER,200,1,did:web:ssi-dim-wallet-service.identity:BPNL00000003AYRE,,1791547251619,1791547471537,1791547471537,
e403d607-d529-41b5-89c0-14541e1b88df,CONSUMER,200,1,did:web:ssi-dim-wallet-service.identity:BPNL00000003AYRE,,1791547251703,1791547471829,1791547471829,
74e618f8-b2a4-4eac-bde0-1111079806c9,CONSUMER,200,1,did:web:ssi-dim-wallet-service.identity:BPNL00000003AYRE,,1791547251810,1791547471936,1791547471936,
c284f589-c9e7-4586-ad73-fe823a5b050e,CONSUMER,200,1,did:web:ssi-dim-wallet-service.identity:BPNL00000003AYRE,,1791547251813,1791547471908,1791547471908,
3d3fca97-115d-47f0-a424-2d5a7e14f250,CONSUMER,200,1,did:web:ssi-dim-wallet-service.identity:BPNL00000003AYRE,,1791547252209,1791547472130,1791547472130,
5c9be972-cc1b-406e-b70b-fa8b8cf6d10e,CONSUMER,200,1,did:web:ssi-dim-wallet-service.identity:BPNL00000003AYRE,,1791547252304,1791547472635,1791547472635,
166b698a-60db-473a-b66f-7f22d8d72893,CONSUMER,200,1,did:web:ssi-dim-wallet-service.identity:BPNL00000003AYRE,,1791547252818,1791547472903,1791547472903,
ed819a0a-499e-4250-8226-32923d9e2f79,CONSUMER,200,1,did:web:ssi-dim-wallet-service.identity:BPNL00000003AYRE,,1791547253003,1791547473630,1791547473630,
dfabcb9d-0f59-4a41-bfbb-f94c47f3759d,CONSUMER,200,1,did:web:ssi-dim-wallet-service.identity:BPNL00000003AYRE,,1791547253817,1791547474336,1791547474336,
667f8c62-e0a5-4a28-aee5-b32d84046c10,CONSUMER,200,1,did:web:ssi-dim-wallet-service.identity:BPNL00000003AYRE,,1791547254505,1791547474846,1791547474846,
8e743b1e-e243-459a-860a-43c5445dc556,CONSUMER,200,1,did:web:ssi-dim-wallet-service.identity:BPNL00000003AYRE,,1791547254826,1791547475605,1791547475605,
d76973db-57d2-49c2-b7cf-3711eb6716bd,CONSUMER,1400,1,did:web:ssi-dim-wallet-service.identity:BPNL00000003AYRE,,1791547255015,1791549748788,1791549748788,
d68c6c07-8f66-4b0f-9095-d54efbff0506,CONSUMER,1400,1,did:web:ssi-dim-wallet-service.identity:BPNL00000003AYRE,,1791547255030,1791549748781,1791549748781,
57633b30-7b93-4407-888e-c9a5d48d87d3,CONSUMER,1400,1,did:web:ssi-dim-wallet-service.identity:BPNL00000003AYRE,,1791547255031,1791549748916,1791549748916,
d5b02cb4-38c2-49be-8ba0-204c231ece2f,CONSUMER,1400,1,did:web:ssi-dim-wallet-service.identity:BPNL00000003AYRE,,1791547255319,1791549748848,1791549748848,
ec3d6987-c481-43d5-8960-34bb8e37a4eb,CONSUMER,1400,1,did:web:ssi-dim-wallet-service.identity:BPNL00000003AYRE,,1791547256604,1791549748780,1791549748780,
807f072f-88e6-4f3a-9223-eff23f9ab7fe,CONSUMER,1400,1,did:web:ssi-dim-wallet-service.identity:BPNL00000003AYRE,,1791547256607,1791549748917,1791549748917,
aa27bcd1-a454-41bb-99d8-70539fbec35a,CONSUMER,1400,1,did:web:ssi-dim-wallet-service.identity:BPNL00000003AYRE,,1791547256812,1791549748930,1791549748930,
8400914c-356c-43bb-979a-61e00c46a103,CONSUMER,1400,1,did:web:ssi-dim-wallet-service.identity:BPNL00000003AYRE,,1791547257106,1791549749005,1791549749005,
e3c53fe9-2a8b-43de-92a2-ce0ab6702506,CONSUMER,1400,1,did:web:ssi-dim-wallet-service.identity:BPNL00000003AYRE,,1791547257113,1791549748938,1791549748938,
3ca59329-0246-4bd8-9f32-aa6256fe108a,CONSUMER,1400,1,did:web:ssi-dim-wallet-service.identity:BPNL00000003AYRE,,1791547257217,1791549828320,1791549828320,
492825a4-4df6-48d4-97e5-69700bf2053f,CONSUMER,1400,1,did:web:ssi-dim-wallet-service.identity:BPNL00000003AYRE,,1791547257606,1791549828271,1791549828271,
56c5ae68-77d6-466c-a024-6e93c3c68742,CONSUMER,1400,1,did:web:ssi-dim-wallet-service.identity:BPNL00000003AYRE,,1791547257617,1791549749435,1791549749435,
205d8f90-041d-446f-8ba6-17274711cea8,CONSUMER,1400,1,did:web:ssi-dim-wallet-service.identity:BPNL00000003AYRE,,1791547257704,1791549749415,1791549749415,
f1d0ba78-ae5b-40c0-84d0-d94cdbefb135,CONSUMER,1400,1,did:web:ssi-dim-wallet-service.identity:BPNL00000003AYRE,,1791547258315,1791549749446,1791549749446,
44e93529-a374-4fcf-8cd1-a45cdf3268e1,CONSUMER,1400,1,did:web:ssi-dim-wallet-service.identity:BPNL00000003AYRE,,1791547258408,1791549750324,1791549750324,
58fbbc49-16d2-41b0-87a3-0b70ae5de19a,CONSUMER,1400,1,did:web:ssi-dim-wallet-service.identity:BPNL00000003AYRE,,1791547259204,1791549750328,1791549750328,
f8d7945d-bc6c-4344-b8e0-5800e5e02d04,CONSUMER,1400,1,did:web:ssi-dim-wallet-service.identity:BPNL00000003AYRE,099da7c1-3aad-476f-96ea-81891bcfb886,1791547259402,1791547734009,1791547734009,"Failed to send termination to counter party: {""@type"":""ContractNegotiationError"",""code"":""409"",""reason"":[""Entity ccc57867-9006-4c4e-bb4c-47aa060316e7 of kind edc_contract_negotiation is currently leased!""],""@context"":[""https://w3id.org/tractusx/auth/v1.0.0"",""https://w3id.org/catenax/2025/9/policy/con"
019d4108-8293-4fb7-b8d5-d99a545b7de4,CONSUMER,1400,1,did:web:ssi-dim-wallet-service.identity:BPNL00000003AYRE,,1791547259916,1791549750467,1791549750467,
4c7341ba-d9c9-4b0f-a610-ce6684aa8c7e,CONSUMER,1400,1,did:web:ssi-dim-wallet-service.identity:BPNL00000003AYRE,,1791547260004,1791549750325,1791549750325,
b6d64b55-0df0-4cbd-a451-2154242b635e,CONSUMER,1400,1,did:web:ssi-dim-wallet-service.identity:BPNL00000003AYRE,,1791547260112,1791549750340,1791549750340,
5fdc64ca-3a8b-4069-be6b-43c634286f13,CONSUMER,1100,1,did:web:ssi-dim-wallet-service.identity:BPNL00000003AYRE,acc995ad-5f59-477f-aca1-ca534feb4ac3,1791547260814,1791547729008,1791547729008,
6f4a531c-98f7-4e5f-a286-b3f6afb213bc,CONSUMER,1100,1,did:web:ssi-dim-wallet-service.identity:BPNL00000003AYRE,9d911739-5d9c-4efa-ad6d-32e64c8f1ffc,1791547261304,1791547729707,1791547729707,
06e7ea5e-2249-459f-91e5-502f714d07a4,CONSUMER,1100,1,did:web:ssi-dim-wallet-service.identity:BPNL00000003AYRE,380a8f1c-c2fc-48c6-bdd5-3f4bc228db9a,1791547262436,1791547729516,1791547729516,
47b2d041-612d-41e4-a828-287662c516d7,CONSUMER,1100,1,did:web:ssi-dim-wallet-service.identity:BPNL00000003AYRE,76fe1dad-0f86-46ef-8dac-b6e3cd4895b8,1791547262438,1791547731502,1791547731502,
01f1e553-ad76-45ea-a1bb-198c0d5f2955,CONSUMER,1100,1,did:web:ssi-dim-wallet-service.identity:BPNL00000003AYRE,8b2dfed5-2ff3-4996-83cc-7951136a6915,1791547262505,1791547734403,1791547734403,
b507b42c-adf7-47f8-bd4e-275b2ac30569,CONSUMER,1100,1,did:web:ssi-dim-wallet-service.identity:BPNL00000003AYRE,e46f21a4-1694-4a5a-8743-03c9485cb977,1791547262515,1791547761504,1791547761504,
27651d64-9605-4ddc-b5c8-2cb39080bb0a,CONSUMER,1100,1,did:web:ssi-dim-wallet-service.identity:BPNL00000003AYRE,285d1024-3570-4650-ab5c-5ff9a88542ea,1791547262622,1791547761706,1791547761706,
28b18390-58df-4eb2-ba16-897901b24417,CONSUMER,1100,1,did:web:ssi-dim-wallet-service.identity:BPNL00000003AYRE,83ef7e64-9509-45ae-bccf-87df2d9100ff,1791547263512,1791547763806,1791547763806,
d6538b31-d99a-4a36-83a1-e970a13e77ef,CONSUMER,1100,1,did:web:ssi-dim-wallet-service.identity:BPNL00000003AYRE,65cab14d-3e8d-468b-847d-03fa75bf0136,1791547263905,1791547764605,1791547764605,
45f1b04e-a468-4020-a26a-e3ef71123e47,CONSUMER,1100,1,did:web:ssi-dim-wallet-service.identity:BPNL00000003AYRE,2af137a2-a6e2-40fa-9dd6-b99750c702a0,1791547264310,1791547762813,1791547762813,
b7838437-06fc-4c76-80da-955db5ed2d74,CONSUMER,1100,1,did:web:ssi-dim-wallet-service.identity:BPNL00000003AYRE,a1c63381-a787-4364-af23-febb5fa5b962,1791547264706,1791547764306,1791547764306,
ba260bd9-7cdb-42bf-9655-36aa21a45148,CONSUMER,1100,1,did:web:ssi-dim-wallet-service.identity:BPNL00000003AYRE,5c7b2d9e-bd85-467e-abd1-3726a45f20f6,1791547264815,1791547767002,1791547767002,
5406a422-7e2e-48ec-945a-78253621a69d,CONSUMER,1100,1,did:web:ssi-dim-wallet-service.identity:BPNL00000003AYRE,1a5933e3-858e-44a2-ae94-0982ff73e1f5,1791547265323,1791547770028,1791547770028,
04594c87-c6f4-4772-9ef5-8f65a6f68985,CONSUMER,1100,1,did:web:ssi-dim-wallet-service.identity:BPNL00000003AYRE,3ec9d347-4eb0-428d-aa59-71c86729ae64,1791547266108,1791547768902,1791547768902,
10f5e8c8-fb93-4258-9f44-fa924ce9f2a0,CONSUMER,1100,1,did:web:ssi-dim-wallet-service.identity:BPNL00000003AYRE,972ca0b7-ca0b-48f2-bb35-816c11bcd76e,1791547266202,1791547765913,1791547765913,
36a39550-9550-4dba-ad3c-3b2323f17d3e,CONSUMER,1100,1,did:web:ssi-dim-wallet-service.identity:BPNL00000003AYRE,05080d70-7da0-4167-97f0-468787768366,1791547266309,1791547769307,1791547769307,
f05ac242-80c3-4403-8f34-0a2090980828,CONSUMER,1100,1,did:web:ssi-dim-wallet-service.identity:BPNL00000003AYRE,0d51632c-fcf7-40d9-90ee-dbccfe1031b8,1791547266811,1791547769508,1791547769508,
83dae0b8-f985-41c8-9f92-04fbdb916150,CONSUMER,1100,1,did:web:ssi-dim-wallet-service.identity:BPNL00000003AYRE,f85e8626-b306-40a6-9d3a-21043565bbea,1791547267412,1791547768702,1791547768702,
972717ef-caaf-41b7-935d-4b6ad707fead,CONSUMER,1100,1,did:web:ssi-dim-wallet-service.identity:BPNL00000003AYRE,c889fb1d-17e6-40a2-acd4-056c3bc3362b,1791547267605,1791547770804,1791547770804,
eea141b5-b727-4ce3-872d-336643ea5a58,CONSUMER,1100,1,did:web:ssi-dim-wallet-service.identity:BPNL00000003AYRE,18bfcde8-80ef-48be-b751-2c2942aec56b,1791547267614,1791547770397,1791547770397,
2a7855c5-0cfb-4392-b3c7-377556f9a705,CONSUMER,1400,1,did:web:ssi-dim-wallet-service.identity:BPNL00000003AYRE,a4cc701e-c74a-41cb-a9e9-064546378075,1791547268054,1791549818487,1791549818487,
7bd187d7-6755-41be-a058-7a260d1e5e23,CONSUMER,1400,1,did:web:ssi-dim-wallet-service.identity:BPNL00000003AYRE,7880e111-93f9-4d81-b478-2457cdf40a37,1791547268102,1791549818932,1791549818932,
5f8ad52e-d4c9-45e4-9712-7cd8a1ed33a5,CONSUMER,1400,1,did:web:ssi-dim-wallet-service.identity:BPNL00000003AYRE,be4ff99c-f92a-487b-9aff-daf3e4d49d92,1791547268113,1791549818539,1791549818539,
c4909ec9-d645-43b6-bd2d-173363e908a9,CONSUMER,1400,1,did:web:ssi-dim-wallet-service.identity:BPNL00000003AYRE,07a9f310-2bcb-4116-9739-0eea642f7345,1791547268318,1791549818578,1791549818578,
a02a3624-a649-4099-8cb3-94d13dc288a6,CONSUMER,1100,1,did:web:ssi-dim-wallet-service.identity:BPNL00000003AYRE,ba193a0c-32c0-4c50-9dc3-97e835cf9933,1791547268612,1791547801703,1791547801703,
8e991d94-3ac9-412f-a1b7-bd6f37507ba3,CONSUMER,1400,1,did:web:ssi-dim-wallet-service.identity:BPNL00000003AYRE,c4791d99-483c-4c8f-b401-495b6238acda,1791547268817,1791549818585,1791549818585,
acb9c2e0-0c23-4359-9e5f-fca217add357,CONSUMER,1400,1,did:web:ssi-dim-wallet-service.identity:BPNL00000003AYRE,d3ca2968-4cb1-46f1-929b-5ae105e69e40,1791547268921,1791549818921,1791549818921,
520d6cc0-9256-429e-9eb1-332194a42b55,CONSUMER,1400,1,did:web:ssi-dim-wallet-service.identity:BPNL00000003AYRE,bd62ae80-bd77-4c99-adc3-3b68add0cede,1791547270107,1791549818943,1791549818943,
336a50c6-63a0-4e21-998a-3c1fb3b62c1a,CONSUMER,1400,1,did:web:ssi-dim-wallet-service.identity:BPNL00000003AYRE,0e4dfbf6-adbe-478f-91a4-f703805bbacc,1791547270111,1791549818978,1791549818978,
0814b755-ed04-4d35-91d8-5feaea94e2ea,CONSUMER,1400,1,did:web:ssi-dim-wallet-service.identity:BPNL00000003AYRE,b657cf6e-9375-4bfe-9ab7-25549aaf91bf,1791547270717,1791549819020,1791549819020,
8242ebe3-ad05-4eae-801f-f307a466c9e4,CONSUMER,1400,1,did:web:ssi-dim-wallet-service.identity:BPNL00000003AYRE,65aa2c00-a540-47b4-b87b-a025aea0f011,1791547270808,1791549818964,1791549818964,
ece85f84-7af5-4079-8e34-a6928fab3bf5,CONSUMER,1400,1,did:web:ssi-dim-wallet-service.identity:BPNL00000003AYRE,6fc14bc5-4e54-4e3c-a9d1-bbd397dc8621,1791547270813,1791549819069,1791549819069,
9e69c812-e551-4fb0-ad35-f0375568da85,CONSUMER,1400,1,did:web:ssi-dim-wallet-service.identity:BPNL00000003AYRE,54f8fb5b-0cc4-4ac2-9f42-e6a9c0dc7b07,1791547270913,1791549819072,1791549819072,
a2a1d36b-29f2-4f11-98aa-2600b0d54232,CONSUMER,1400,1,did:web:ssi-dim-wallet-service.identity:BPNL00000003AYRE,f197c54b-6702-4c32-a4bc-e0af7c7426a0,1791547271003,1791549819010,1791549819010,
f1d9cbe4-a901-4c49-809a-c104c308697e,CONSUMER,1400,1,did:web:ssi-dim-wallet-service.identity:BPNL00000003AYRE,b5bffc3d-c505-4052-b803-17006d37824a,1791547271704,1791549819149,1791549819149,
b6d70a0a-6be1-4805-a075-6d48a92a8449,CONSUMER,1400,1,did:web:ssi-dim-wallet-service.identity:BPNL00000003AYRE,c645305c-39cd-4a3d-8646-289a50816f97,1791547271907,1791549819166,1791549819166,
b5f6ba67-4763-4e23-9131-c56d4e2529c5,CONSUMER,1400,1,did:web:ssi-dim-wallet-service.identity:BPNL00000003AYRE,8a5e93ae-fd30-46ee-88ca-63df7e881363,1791547272823,1791549819019,1791549819019,
100c3b4f-eb27-4ee7-9d39-be988e5bdb53,CONSUMER,1100,1,did:web:ssi-dim-wallet-service.identity:BPNL00000003AYRE,15456fcc-4d86-4a60-b0e2-d57da71cc11a,1791547273111,1791547804103,1791547804103,
9a5c5af4-11bd-4593-8da4-52eee1a0a26f,CONSUMER,1400,1,did:web:ssi-dim-wallet-service.identity:BPNL00000003AYRE,04cad2ae-cd44-4aa0-9fef-a29aebd9f6b0,1791547273418,1791549819322,1791549819322,
d1d3df15-deea-4e0c-b728-75f698c809d0,CONSUMER,1400,1,did:web:ssi-dim-wallet-service.identity:BPNL00000003AYRE,a62c711b-61ed-4276-b0b6-77d035103b39,1791547273718,1791549819267,1791549819267,
850a421c-63f8-4769-9659-4502a0ac102e,CONSUMER,200,1,did:web:ssi-dim-wallet-service.identity:BPNL00000003AYRE,,1791547274007,1791547520529,1791547520529,
cb86d2e9-93f3-4aeb-b4bb-215be91339e6,CONSUMER,200,1,did:web:ssi-dim-wallet-service.identity:BPNL00000003AYRE,,1791547274309,1791547520436,1791547520436,
9cdbcfa0-372c-4b25-a4c0-c522f07b2ddc,CONSUMER,200,1,did:web:ssi-dim-wallet-service.identity:BPNL00000003AYRE,,1791547274403,1791547521138,1791547521138,
72395a77-ed64-4059-a2cc-247e543f6a2e,CONSUMER,200,1,did:web:ssi-dim-wallet-service.identity:BPNL00000003AYRE,,1791547274406,1791547521339,1791547521339,
df4349e7-8654-4e83-b3ce-66e80bcbb610,CONSUMER,200,1,did:web:ssi-dim-wallet-service.identity:BPNL00000003AYRE,,1791547275403,1791547521842,1791547521842,
80c097c3-3cd9-4040-ae87-b2be78f9c8d7,CONSUMER,200,1,did:web:ssi-dim-wallet-service.identity:BPNL00000003AYRE,,1791547276417,1791547522404,1791547522404,
245ebc2b-874d-4840-81b2-fcc02744c338,CONSUMER,200,1,did:web:ssi-dim-wallet-service.identity:BPNL00000003AYRE,,1791547276815,1791547522933,1791547522933,
7f1b631e-aa9a-4511-82fb-8dc27a35dddc,CONSUMER,200,1,did:web:ssi-dim-wallet-service.identity:BPNL00000003AYRE,,1791547277010,1791547523843,1791547523843,
9ed5e0ea-90f6-4cfb-a792-380a22d23609,CONSUMER,200,1,did:web:ssi-dim-wallet-service.identity:BPNL00000003AYRE,,1791547277021,1791547524929,1791547524929,
83bdb7c7-601b-4a3e-873f-cc772c3b848d,CONSUMER,200,1,did:web:ssi-dim-wallet-service.identity:BPNL00000003AYRE,,1791547277204,1791547525731,1791547525731,
7db89965-72a8-470d-8ccb-23df2ca3616f,CONSUMER,200,1,did:web:ssi-dim-wallet-service.identity:BPNL00000003AYRE,,1791547277602,1791547526606,1791547526606,
77279ebc-4b3e-4499-970d-293239127c13,CONSUMER,200,1,did:web:ssi-dim-wallet-service.identity:BPNL00000003AYRE,,1791547277712,1791547527332,1791547527332,
e8cc9c77-7444-4c81-8309-8cc23c562671,CONSUMER,200,1,did:web:ssi-dim-wallet-service.identity:BPNL00000003AYRE,,1791547278204,1791547527739,1791547527739,
9cf67101-abfa-43a4-ad3a-afc0941438e8,CONSUMER,200,1,did:web:ssi-dim-wallet-service.identity:BPNL00000003AYRE,,1791547278405,1791547528018,1791547528018,
187e9299-f0ae-429f-abb8-46a6b36ca152,CONSUMER,200,1,did:web:ssi-dim-wallet-service.identity:BPNL00000003AYRE,,1791547278407,1791547528428,1791547528428,
6ce29805-656f-4182-babf-b9913e80d769,CONSUMER,200,1,did:web:ssi-dim-wallet-service.identity:BPNL00000003AYRE,,1791547278407,1791547528429,1791547528429,
ca7237b1-47b0-4d9f-b772-989ca6997ee2,CONSUMER,200,1,did:web:ssi-dim-wallet-service.identity:BPNL00000003AYRE,,1791547278503,1791547528634,1791547528634,
26c44efe-9877-4ea5-bb66-c0117f6e54e0,CONSUMER,200,1,did:web:ssi-dim-wallet-service.identity:BPNL00000003AYRE,,1791547278514,1791547528606,1791547528606,
d9f157ce-3a7b-4e75-9c80-92bdc1552a9f,CONSUMER,200,1,did:web:ssi-dim-wallet-service.identity:BPNL00000003AYRE,,1791547278815,1791547529329,1791547529329,
b12ab8d6-9aa2-43bd-8e7b-8750e32c2b57,CONSUMER,200,1,did:web:ssi-dim-wallet-service.identity:BPNL00000003AYRE,,1791547278923,1791547529429,1791547529429,
22c4b015-cea1-496d-9e9a-0b5a38c9d766,CONSUMER,1400,1,did:web:ssi-dim-wallet-service.identity:BPNL00000003AYRE,,1791547279002,1791549750359,1791549750359,
694dcbaf-19ce-404d-8221-c38568e06271,CONSUMER,200,1,did:web:ssi-dim-wallet-service.identity:BPNL00000003AYRE,,1791547279202,1791547544534,1791547544534,
f0df350c-cadb-45e8-898c-ca4f1602d7a5,CONSUMER,200,1,did:web:ssi-dim-wallet-service.identity:BPNL00000003AYRE,,1791547279313,1791547544441,1791547544441,
55ae72c1-7175-4ddc-9244-6121bcb38f47,CONSUMER,200,1,did:web:ssi-dim-wallet-service.identity:BPNL00000003AYRE,,1791547279707,1791547545337,1791547545337,
fde7c836-e479-4ab0-a40e-87a4acca894b,CONSUMER,200,1,did:web:ssi-dim-wallet-service.identity:BPNL00000003AYRE,,1791547279803,1791547545735,1791547545735,
8419146b-3959-49eb-a001-0f6d38e3c46f,CONSUMER,200,1,did:web:ssi-dim-wallet-service.identity:BPNL00000003AYRE,,1791547280103,1791547546430,1791547546430,
412f9411-8c0b-441e-8ce7-e763dab68b24,CONSUMER,200,1,did:web:ssi-dim-wallet-service.identity:BPNL00000003AYRE,,1791547280107,1791547546535,1791547546535,
34bf819c-ba36-476e-b374-ca74634baa1d,CONSUMER,200,1,did:web:ssi-dim-wallet-service.identity:BPNL00000003AYRE,,1791547280110,1791547547440,1791547547440,
21b2cbd6-244d-469c-8788-0547485599df,CONSUMER,200,1,did:web:ssi-dim-wallet-service.identity:BPNL00000003AYRE,,1791547281119,1791547548532,1791547548532,
af33ab01-b739-4807-9f48-71f8dcf72725,CONSUMER,200,1,did:web:ssi-dim-wallet-service.identity:BPNL00000003AYRE,,1791547281917,1791547549411,1791547549411,
5d1b4662-6430-46e0-ab6d-2b49d9b740f6,CONSUMER,200,1,did:web:ssi-dim-wallet-service.identity:BPNL00000003AYRE,,1791547282205,1791547549805,1791547549805,
43e81722-2df3-42b6-9a10-5008125cd501,CONSUMER,200,1,did:web:ssi-dim-wallet-service.identity:BPNL00000003AYRE,,1791547282222,1791547550002,1791547550002,
e6f11f0d-ffe1-4a04-a44d-d33ae0cd1af2,CONSUMER,200,1,did:web:ssi-dim-wallet-service.identity:BPNL00000003AYRE,,1791547282302,1791547550129,1791547550129,
433f64ef-b3ac-4537-bd26-74a3ec388825,CONSUMER,200,1,did:web:ssi-dim-wallet-service.identity:BPNL00000003AYRE,,1791547282317,1791547550807,1791547550807,
8589b248-2771-427d-ac07-e25a9206da1c,CONSUMER,200,1,did:web:ssi-dim-wallet-service.identity:BPNL00000003AYRE,,1791547282406,1791547550907,1791547550907,
d97b7a3b-fc8e-404f-b40a-a19c3261bb14,CONSUMER,200,1,did:web:ssi-dim-wallet-service.identity:BPNL00000003AYRE,,1791547282409,1791547551133,1791547551133,
911b7e25-741c-42a7-89c5-41244bbf31d8,CONSUMER,200,1,did:web:ssi-dim-wallet-service.identity:BPNL00000003AYRE,,1791547282506,1791547552133,1791547552133,
e2804d9e-9ab4-452f-8052-24e49d300c9b,CONSUMER,200,1,did:web:ssi-dim-wallet-service.identity:BPNL00000003AYRE,,1791547282518,1791547552308,1791547552308,
edf0afaf-a132-48d0-884e-5fc544e59a00,CONSUMER,200,1,did:web:ssi-dim-wallet-service.identity:BPNL00000003AYRE,,1791547283519,1791547552529,1791547552529,
ec9c266f-fa54-47d8-aec2-0d0df696dd33,CONSUMER,200,1,did:web:ssi-dim-wallet-service.identity:BPNL00000003AYRE,,1791547283803,1791547553135,1791547553135,
8292969d-e866-4bef-b098-606405199b4f,CONSUMER,200,1,did:web:ssi-dim-wallet-service.identity:BPNL00000003AYRE,,1791547284105,1791547590633,1791547590633,
b319aa2a-781e-4967-b33e-d57eed5f5d3a,CONSUMER,200,1,did:web:ssi-dim-wallet-service.identity:BPNL00000003AYRE,,1791547284804,1791547590839,1791547590839,
b5d10d58-4663-4069-9b48-6c0480d37372,CONSUMER,200,1,did:web:ssi-dim-wallet-service.identity:BPNL00000003AYRE,,1791547284907,1791547590908,1791547590908,
c5f58147-7392-470b-bb57-b83616068edf,CONSUMER,200,1,did:web:ssi-dim-wallet-service.identity:BPNL00000003AYRE,,1791547285118,1791547591143,1791547591143,
ec8ba71c-6d91-4253-8583-21ee423f5f66,CONSUMER,200,1,did:web:ssi-dim-wallet-service.identity:BPNL00000003AYRE,,1791547285120,1791547591606,1791547591606,
3cf3863f-072b-4da5-9edc-99832f62376f,CONSUMER,200,1,did:web:ssi-dim-wallet-service.identity:BPNL00000003AYRE,,1791547285204,1791547591532,1791547591532,
d0e1cfd5-e65f-4906-bed3-1cef777e9f74,CONSUMER,1400,1,did:web:ssi-dim-wallet-service.identity:BPNL00000003AYRE,,1791547285304,1791549818321,1791549818321,
aec0f5ba-a68a-411e-815b-ee11328b1bd7,CONSUMER,1400,1,did:web:ssi-dim-wallet-service.identity:BPNL00000003AYRE,,1791547285613,1791549818233,1791549818233,
14b0e1ce-a997-4e11-9182-67b6dbd5fc7e,CONSUMER,1400,1,did:web:ssi-dim-wallet-service.identity:BPNL00000003AYRE,,1791547285613,1791549818227,1791549818227,
9dc6cec3-b05e-46fa-9e4c-86b6a85dc420,CONSUMER,1400,1,did:web:ssi-dim-wallet-service.identity:BPNL00000003AYRE,,1791547285715,1791549818282,1791549818282,
d5254e31-35f2-4f12-a06c-890961cb3cb8,CONSUMER,1400,1,did:web:ssi-dim-wallet-service.identity:BPNL00000003AYRE,,1791547286303,1791549818285,1791549818285,
4c4f5932-3e42-49cf-8790-bc3a60fab995,CONSUMER,1400,1,did:web:ssi-dim-wallet-service.identity:BPNL00000003AYRE,,1791547286718,1791549818336,1791549818336,
82d5320a-fbbe-4813-8ded-71bc23a5c2e1,CONSUMER,1400,1,did:web:ssi-dim-wallet-service.identity:BPNL00000003AYRE,,1791547286922,1791549818327,1791549818327,
5caace18-4f2d-48c5-a70a-90d797ad4241,CONSUMER,1400,1,did:web:ssi-dim-wallet-service.identity:BPNL00000003AYRE,,1791547287223,1791549818376,1791549818376,
f64cb527-760f-4d91-989a-d9d13bf85962,CONSUMER,1400,1,did:web:ssi-dim-wallet-service.identity:BPNL00000003AYRE,,1791547287717,1791549747975,1791549747975,
f474b7c0-4cc3-4e7c-bb0f-5edd994fa754,CONSUMER,1400,1,did:web:ssi-dim-wallet-service.identity:BPNL00000003AYRE,,1791547287912,1791549818429,1791549818429,
2354ffd7-0e96-42fc-800b-465563873ddd,CONSUMER,1400,1,did:web:ssi-dim-wallet-service.identity:BPNL00000003AYRE,,1791547289502,1791549818483,1791549818483,
0adb1a38-b3be-4481-8665-08951616eea5,CONSUMER,1400,1,did:web:ssi-dim-wallet-service.identity:BPNL00000003AYRE,,1791547289506,1791549818539,1791549818539,
42396f8e-d68c-4d03-9036-3b3a9d49dff2,CONSUMER,1400,1,did:web:ssi-dim-wallet-service.identity:BPNL00000003AYRE,,1791547289828,1791549752147,1791549752147,
8db3a7e6-79e6-45f5-bb08-927af1eca925,CONSUMER,1400,1,did:web:ssi-dim-wallet-service.identity:BPNL00000003AYRE,,1791547289905,1791549749490,1791549749490,
b3efdada-b747-4297-b349-601fe521aa24,CONSUMER,1400,1,did:web:ssi-dim-wallet-service.identity:BPNL00000003AYRE,,1791547290009,1791549749458,1791549749458,
2e9b81c2-c387-452e-8aa8-4217dce4316e,CONSUMER,1400,1,did:web:ssi-dim-wallet-service.identity:BPNL00000003AYRE,,1791547290208,1791549752251,1791549752251,
3cf997b6-9281-4d2d-b6cd-8750ecd18787,CONSUMER,1400,1,did:web:ssi-dim-wallet-service.identity:BPNL00000003AYRE,,1791547290311,1791549752173,1791549752173,
b399cff2-9667-463d-a090-84733c4f077f,CONSUMER,1400,1,did:web:ssi-dim-wallet-service.identity:BPNL00000003AYRE,,1791547290311,1791549752319,1791549752319,
f1f53d90-54f2-4dc7-bc19-4ce84bb1a37d,CONSUMER,1400,1,did:web:ssi-dim-wallet-service.identity:BPNL00000003AYRE,,1791547290811,1791549752272,1791549752272,
8354ec0e-5390-45f3-b53b-41d6acb99b3c,CONSUMER,1400,1,did:web:ssi-dim-wallet-service.identity:BPNL00000003AYRE,,1791547291004,1791549752264,1791549752264,
30ef0da7-98ed-41f6-9bcd-6a18af57ab62,CONSUMER,1400,1,did:web:ssi-dim-wallet-service.identity:BPNL00000003AYRE,,1791547291213,1791549752307,1791549752307,
90760b1b-3443-4211-a076-4cda5af520e2,CONSUMER,1400,1,did:web:ssi-dim-wallet-service.identity:BPNL00000003AYRE,,1791547291221,1791549752354,1791549752354,
72811a76-16c9-4fb2-9f7d-845b9effa569,CONSUMER,1400,1,did:web:ssi-dim-wallet-service.identity:BPNL00000003AYRE,,1791547291303,1791549752373,1791549752373,
a7b211c9-b0dd-4d9f-a625-29f7a4802159,CONSUMER,1400,1,did:web:ssi-dim-wallet-service.identity:BPNL00000003AYRE,,1791547291317,1791549752370,1791549752370,
28b70d7e-53a9-48f0-9406-8a1b5b046920,CONSUMER,1400,1,did:web:ssi-dim-wallet-service.identity:BPNL00000003AYRE,,1791547291322,1791549753270,1791549753270,
63048ea7-0a51-485f-af5f-058c03fe9081,CONSUMER,1400,1,did:web:ssi-dim-wallet-service.identity:BPNL00000003AYRE,,1791547291504,1791549752383,1791549752383,
8050fff4-1df5-4a9b-9cb3-baf27674b1ef,CONSUMER,1400,1,did:web:ssi-dim-wallet-service.identity:BPNL00000003AYRE,,1791547291514,1791549753173,1791549753173,
46ffcf26-2152-4c68-9072-984827a6ae0f,CONSUMER,1400,1,did:web:ssi-dim-wallet-service.identity:BPNL00000003AYRE,,1791547291904,1791549753176,1791549753176,
3937fcc1-7429-44d4-bee8-738d4cdd25d6,CONSUMER,1400,1,did:web:ssi-dim-wallet-service.identity:BPNL00000003AYRE,,1791547291905,1791549812148,1791549812148,
c114ad6f-6ac8-433d-98ad-84e0d1a23e9a,CONSUMER,1400,1,did:web:ssi-dim-wallet-service.identity:BPNL00000003AYRE,,1791547291908,1791549753444,1791549753444,
db10ffa6-0799-4de1-bb7f-15b58970707c,CONSUMER,1400,1,did:web:ssi-dim-wallet-service.identity:BPNL00000003AYRE,,1791547292009,1791549812068,1791549812068,
0b8cf380-b189-48a6-9d40-6d8cd6eb041f,CONSUMER,1400,1,did:web:ssi-dim-wallet-service.identity:BPNL00000003AYRE,,1791547292218,1791549812070,1791549812070,
53673ab7-3307-4ead-846c-1d792cedf756,CONSUMER,1400,1,did:web:ssi-dim-wallet-service.identity:BPNL00000003AYRE,,1791547292305,1791549812157,1791549812157,
07f2b5c8-445f-43db-9255-49b3e4580ee6,CONSUMER,1400,1,did:web:ssi-dim-wallet-service.identity:BPNL00000003AYRE,,1791547293418,1791549812099,1791549812099,
c23184cf-7734-4c7a-987f-4effbe142127,CONSUMER,1400,1,did:web:ssi-dim-wallet-service.identity:BPNL00000003AYRE,,1791547293606,1791549812161,1791549812161,
b5ce23c8-abeb-471d-abc1-2b3b0f7ef718,CONSUMER,1400,1,did:web:ssi-dim-wallet-service.identity:BPNL00000003AYRE,,1791547293611,1791549812164,1791549812164,
42dddf76-354e-4273-a88c-1a857a70dd86,CONSUMER,1400,1,did:web:ssi-dim-wallet-service.identity:BPNL00000003AYRE,,1791547294011,1791549813333,1791549813333,
59432920-d0f7-4dc6-8efb-122fb610af92,CONSUMER,1400,1,did:web:ssi-dim-wallet-service.identity:BPNL00000003AYRE,,1791547294320,1791549813357,1791549813357,
f2032cde-cf2a-41ab-b713-64ae937c08bb,CONSUMER,1400,1,did:web:ssi-dim-wallet-service.identity:BPNL00000003AYRE,,1791547294650,1791549813375,1791549813375,
4546a1bc-1c59-4081-b9d6-880b80c10df5,CONSUMER,1400,1,did:web:ssi-dim-wallet-service.identity:BPNL00000003AYRE,,1791547294818,1791549813354,1791549813354,
476b7ccd-4896-4e7e-b23e-f4a78c3edf68,CONSUMER,200,1,did:web:ssi-dim-wallet-service.identity:BPNL00000003AYRE,,1791547294821,1791547608239,1791547608239,
4a00bb90-f7a4-4aed-bae9-e89be5ea4ede,CONSUMER,200,1,did:web:ssi-dim-wallet-service.identity:BPNL00000003AYRE,,1791547295419,1791547608249,1791547608249,
2fcd5fb6-e222-4ce1-8c01-e118049b94fd,CONSUMER,200,1,did:web:ssi-dim-wallet-service.identity:BPNL00000003AYRE,,1791547295602,1791547608254,1791547608254,
bfa972ca-4f13-4553-9118-b0eb6d078e9c,CONSUMER,200,1,did:web:ssi-dim-wallet-service.identity:BPNL00000003AYRE,,1791547295812,1791547608332,1791547608332,
5a02c766-80dd-415d-bac6-c974c77baea0,CONSUMER,200,1,did:web:ssi-dim-wallet-service.identity:BPNL00000003AYRE,,1791547295906,1791547608337,1791547608337,
fc051289-b835-4037-b4df-d36cb0940d3f,CONSUMER,200,1,did:web:ssi-dim-wallet-service.identity:BPNL00000003AYRE,,1791547296316,1791547608463,1791547608463,
48740501-ef56-470b-9ebc-50acd7c8539c,CONSUMER,200,1,did:web:ssi-dim-wallet-service.identity:BPNL00000003AYRE,,1791547296420,1791547608471,1791547608471,
f50a835c-6efc-4767-bec9-df8b50bf598a,CONSUMER,200,1,did:web:ssi-dim-wallet-service.identity:BPNL00000003AYRE,,1791547296611,1791547608632,1791547608632,
ab557438-42ff-4d2a-8c1b-5544465a1e38,CONSUMER,200,1,did:web:ssi-dim-wallet-service.identity:BPNL00000003AYRE,,1791547296703,1791547608547,1791547608547,
c1f45d51-6d89-4ebb-991f-1173e988e64a,CONSUMER,200,1,did:web:ssi-dim-wallet-service.identity:BPNL00000003AYRE,,1791547296811,1791547608746,1791547608746,
07492bdb-88ea-470e-a303-d25bdf649eb3,CONSUMER,200,1,did:web:ssi-dim-wallet-service.identity:BPNL00000003AYRE,,1791547296921,1791547608658,1791547608658,
fd618517-978e-481d-a14f-0e3901ecd9f9,CONSUMER,200,1,did:web:ssi-dim-wallet-service.identity:BPNL00000003AYRE,,1791547297437,1791547608749,1791547608749,
007f1ef5-e701-4787-ab17-8d4b723e3d12,CONSUMER,200,1,did:web:ssi-dim-wallet-service.identity:BPNL00000003AYRE,,1791547299005,1791547608949,1791547608949,
16492867-6e99-42ac-972d-0aabd8a3c26a,CONSUMER,200,1,did:web:ssi-dim-wallet-service.identity:BPNL00000003AYRE,,1791547299108,1791547608843,1791547608843,
b2c758ee-8b77-42d4-912c-8c0803156f42,CONSUMER,200,1,did:web:ssi-dim-wallet-service.identity:BPNL00000003AYRE,,1791547299209,1791547609433,1791547609433,
c2da7467-5bd3-4af1-a1f5-3d5dc731b2fe,CONSUMER,200,1,did:web:ssi-dim-wallet-service.identity:BPNL00000003AYRE,,1791547299617,1791547609540,1791547609540,
03a8c983-54e3-40de-b868-c6d7769172c5,CONSUMER,200,1,did:web:ssi-dim-wallet-service.identity:BPNL00000003AYRE,,1791547300143,1791547609544,1791547609544,
54d515ea-e8f2-4f85-8f39-25e56952167e,CONSUMER,200,1,did:web:ssi-dim-wallet-service.identity:BPNL00000003AYRE,,1791547300153,1791547609657,1791547609657,
bfbb8370-44a2-4eda-a257-3d92232f6fed,CONSUMER,200,1,did:web:ssi-dim-wallet-service.identity:BPNL00000003AYRE,,1791547300612,1791547609803,1791547609803,
cfdb6145-3246-4e30-874d-f1b2928bd364,CONSUMER,200,1,did:web:ssi-dim-wallet-service.identity:BPNL00000003AYRE,,1791547300613,1791547609703,1791547609703,
93e0c987-627c-4263-83dc-fe0136a493ce,CONSUMER,200,1,did:web:ssi-dim-wallet-service.identity:BPNL00000003AYRE,,1791547301006,1791547610028,1791547610028,
766c448d-7741-4272-a76d-f1408bcb8704,CONSUMER,200,1,did:web:ssi-dim-wallet-service.identity:BPNL00000003AYRE,,1791547301512,1791547609944,1791547609944,
ca54d226-7565-4780-8e94-7fd5cb54ee2c,CONSUMER,200,1,did:web:ssi-dim-wallet-service.identity:BPNL00000003AYRE,,1791547301919,1791547610050,1791547610050,
b3ba6da8-a9a5-4856-a838-483b0c8b4b77,CONSUMER,200,1,did:web:ssi-dim-wallet-service.identity:BPNL00000003AYRE,,1791547302114,1791547610153,1791547610153,
1e3551dc-dfda-4c3e-a631-80d213a0b7d7,CONSUMER,200,1,did:web:ssi-dim-wallet-service.identity:BPNL00000003AYRE,,1791547302204,1791547610162,1791547610162,
6d25ff8b-8f89-487d-be84-33ad951c086e,CONSUMER,200,1,did:web:ssi-dim-wallet-service.identity:BPNL00000003AYRE,,1791547302204,1791547610045,1791547610045,
f5c02b59-9acf-4d13-acdf-3c98c6824dcb,CONSUMER,200,1,did:web:ssi-dim-wallet-service.identity:BPNL00000003AYRE,,1791547302214,1791547610250,1791547610250,
fb3b6d5a-c26d-41b7-9a62-c97f92362340,CONSUMER,200,1,did:web:ssi-dim-wallet-service.identity:BPNL00000003AYRE,,1791547302507,1791547610352,1791547610352,
bb214d2c-c7a5-4815-a7cf-aa82ac911bc2,CONSUMER,200,1,did:web:ssi-dim-wallet-service.identity:BPNL00000003AYRE,,1791547302913,1791547610348,1791547610348,
509e1e31-68a5-4fd5-aed1-90fc5e85cf42,CONSUMER,200,1,did:web:ssi-dim-wallet-service.identity:BPNL00000003AYRE,,1791547302926,1791547610354,1791547610354,
434dfcf4-87db-4a7b-833c-78b86e8a63e0,CONSUMER,200,1,did:web:ssi-dim-wallet-service.identity:BPNL00000003AYRE,,1791547303712,1791547610363,1791547610363,
218ea5f0-8ab4-4ad9-abec-ed025e6c62dd,CONSUMER,200,1,did:web:ssi-dim-wallet-service.identity:BPNL00000003AYRE,,1791547303720,1791547610462,1791547610462,
a950a05d-4fb7-4f98-bf92-6fbad6214294,CONSUMER,200,1,did:web:ssi-dim-wallet-service.identity:BPNL00000003AYRE,,1791547304314,1791547610561,1791547610561,
ebedd1cc-5850-4d6d-8711-0f2e2b442993,CONSUMER,200,1,did:web:ssi-dim-wallet-service.identity:BPNL00000003AYRE,,1791547304803,1791547610546,1791547610546,
1c2dd524-2c3f-4c62-84c9-6be7f899dedc,CONSUMER,200,1,did:web:ssi-dim-wallet-service.identity:BPNL00000003AYRE,,1791547304904,1791547610715,1791547610715,
d9f3e0c0-bd57-45f1-8404-aa65028da8c8,CONSUMER,200,1,did:web:ssi-dim-wallet-service.identity:BPNL00000003AYRE,,1791547305027,1791547610756,1791547610756,
0f3db761-ab49-4312-a96e-dc0a6abfb10c,CONSUMER,200,1,did:web:ssi-dim-wallet-service.identity:BPNL00000003AYRE,,1791547305314,1791547610843,1791547610843,
285c2f01-40a4-4376-9fca-d6b896c77c99,CONSUMER,200,1,did:web:ssi-dim-wallet-service.identity:BPNL00000003AYRE,,1791547305909,1791547610873,1791547610873,
bf0b3a6c-7e6b-468a-b979-f74997030e41,CONSUMER,200,1,did:web:ssi-dim-wallet-service.identity:BPNL00000003AYRE,,1791547305920,1791547610868,1791547610868,
a890f9f0-0ef8-4bd8-adf8-11ffa421eb07,CONSUMER,200,1,did:web:ssi-dim-wallet-service.identity:BPNL00000003AYRE,,1791547306610,1791547610905,1791547610905,
6e90b52a-d144-4461-b397-de75eca2c7d1,CONSUMER,200,1,did:web:ssi-dim-wallet-service.identity:BPNL00000003AYRE,,1791547307007,1791547611006,1791547611006,
8e3a7998-134e-4aaa-8880-3b23c1554c69,CONSUMER,200,1,did:web:ssi-dim-wallet-service.identity:BPNL00000003AYRE,,1791547307515,1791547611005,1791547611005,
1393df38-54c8-4c5e-b5e5-1fa4bb5d9754,CONSUMER,200,1,did:web:ssi-dim-wallet-service.identity:BPNL00000003AYRE,,1791547307517,1791547611074,1791547611074,
319d42dc-e243-4cdf-a0d4-98c360bc5642,CONSUMER,200,1,did:web:ssi-dim-wallet-service.identity:BPNL00000003AYRE,,1791547307708,1791547611249,1791547611249,
ec14c6a4-2673-4676-88e1-3485df3b02f3,CONSUMER,200,1,did:web:ssi-dim-wallet-service.identity:BPNL00000003AYRE,,1791547307916,1791547611337,1791547611337,
d7225fa2-e961-411b-b07e-b7ef328a76ef,CONSUMER,200,1,did:web:ssi-dim-wallet-service.identity:BPNL00000003AYRE,,1791547308012,1791547611402,1791547611402,
055e6811-ea86-4dd4-8932-b7bdccb0886e,CONSUMER,200,1,did:web:ssi-dim-wallet-service.identity:BPNL00000003AYRE,,1791547308105,1791547611444,1791547611444,
93548286-2c2a-4119-a8ae-ba196bf888e7,CONSUMER,200,1,did:web:ssi-dim-wallet-service.identity:BPNL00000003AYRE,,1791547308204,1791547611645,1791547611645,
35b63656-3fdc-47c3-802d-97919141c55f,CONSUMER,200,1,did:web:ssi-dim-wallet-service.identity:BPNL00000003AYRE,,1791547308214,1791547611558,1791547611558,
c909cdce-eb05-4f6c-b3c9-24b01e395f0a,CONSUMER,200,1,did:web:ssi-dim-wallet-service.identity:BPNL00000003AYRE,,1791547308415,1791547611662,1791547611662,
ee3e9a2a-e5a0-4df8-b02e-ef986a009773,CONSUMER,200,1,did:web:ssi-dim-wallet-service.identity:BPNL00000003AYRE,,1791547308507,1791547611940,1791547611940,
c92c297d-6087-4049-a015-84a6bd9e6c9f,CONSUMER,200,1,did:web:ssi-dim-wallet-service.identity:BPNL00000003AYRE,,1791547308515,1791547611941,1791547611941,
15b0006a-3972-4f62-86f8-9e5aa32bd48a,CONSUMER,200,1,did:web:ssi-dim-wallet-service.identity:BPNL00000003AYRE,,1791547308910,1791547611947,1791547611947,
b4564e7b-6bd9-4dfb-b5b5-90ba588741ba,CONSUMER,200,1,did:web:ssi-dim-wallet-service.identity:BPNL00000003AYRE,,1791547309010,1791547612050,1791547612050,
78a47f43-6790-46d4-a774-cde9036c6283,CONSUMER,200,1,did:web:ssi-dim-wallet-service.identity:BPNL00000003AYRE,,1791547309020,1791547612307,1791547612307,
9c2cb8e3-254b-4d9a-bd2c-90b8cbceb097,CONSUMER,200,1,did:web:ssi-dim-wallet-service.identity:BPNL00000003AYRE,,1791547309111,1791547612369,1791547612369,
75c8be8b-640e-469f-af4b-392f38d7c988,CONSUMER,200,1,did:web:ssi-dim-wallet-service.identity:BPNL00000003AYRE,,1791547309323,1791547612461,1791547612461,
bd865851-093a-4cd1-9786-8283243a9e83,CONSUMER,200,1,did:web:ssi-dim-wallet-service.identity:BPNL00000003AYRE,,1791547310604,1791547612507,1791547612507,
0ebe432b-2ca5-4408-bbdf-f12d09dad128,CONSUMER,200,1,did:web:ssi-dim-wallet-service.identity:BPNL00000003AYRE,,1791547310619,1791547612611,1791547612611,
d35c04d1-3a4e-423c-acbc-8f1a64468971,CONSUMER,200,1,did:web:ssi-dim-wallet-service.identity:BPNL00000003AYRE,,1791547310714,1791547612663,1791547612663,
abc360f8-0276-405f-b264-f9388a4df5ca,CONSUMER,200,1,did:web:ssi-dim-wallet-service.identity:BPNL00000003AYRE,,1791547310911,1791547612710,1791547612710,
1b0deb85-95af-413f-b142-fee00ada6cef,CONSUMER,200,1,did:web:ssi-dim-wallet-service.identity:BPNL00000003AYRE,,1791547311313,1791547612773,1791547612773,
5b2fa8d3-3da9-4191-8a7d-99997a7db34c,CONSUMER,200,1,did:web:ssi-dim-wallet-service.identity:BPNL00000003AYRE,,1791547311402,1791547612862,1791547612862,
50f7f40f-7fd9-42ed-8a32-d05622b70ba3,CONSUMER,200,1,did:web:ssi-dim-wallet-service.identity:BPNL00000003AYRE,,1791547311603,1791547612876,1791547612876,
7a5529cd-8ed5-4179-ba78-978b6e6c7428,CONSUMER,200,1,did:web:ssi-dim-wallet-service.identity:BPNL00000003AYRE,,1791547312205,1791547612965,1791547612965,
347df6be-bdb0-4716-8443-d4a80d9b25c7,CONSUMER,200,1,did:web:ssi-dim-wallet-service.identity:BPNL00000003AYRE,,1791547312221,1791547612975,1791547612975,
41e16cf1-a80e-4b3a-ba43-90eed018b2eb,CONSUMER,200,1,did:web:ssi-dim-wallet-service.identity:BPNL00000003AYRE,,1791547312513,1791547613054,1791547613054,
11f3f6b3-c206-4c01-9310-b8cb45401269,CONSUMER,200,1,did:web:ssi-dim-wallet-service.identity:BPNL00000003AYRE,,1791547312611,1791547613151,1791547613151,
470adf53-4e42-4676-8fc8-22836f1193c8,CONSUMER,200,1,did:web:ssi-dim-wallet-service.identity:BPNL00000003AYRE,,1791547312813,1791547613270,1791547613270,
ec05a65e-3ece-44d7-8256-7238f60433f7,CONSUMER,200,1,did:web:ssi-dim-wallet-service.identity:BPNL00000003AYRE,,1791547313012,1791547613347,1791547613347,
bddb86bf-314d-4fc4-86f4-9c8aacfdfd41,CONSUMER,200,1,did:web:ssi-dim-wallet-service.identity:BPNL00000003AYRE,,1791547313103,1791547613359,1791547613359,
be2546f6-d6f1-4767-b50a-d8276832f041,CONSUMER,200,1,did:web:ssi-dim-wallet-service.identity:BPNL00000003AYRE,,1791547313115,1791547613443,1791547613443,
d07e9be1-c462-463f-818f-3ba9aa712ac3,CONSUMER,200,1,did:web:ssi-dim-wallet-service.identity:BPNL00000003AYRE,,1791547313209,1791547613534,1791547613534,
baf5c984-0c37-4e2c-9d48-6251c29c94bf,CONSUMER,200,1,did:web:ssi-dim-wallet-service.identity:BPNL00000003AYRE,,1791547313806,1791547613545,1791547613545,
d3c73e8b-49f3-4c58-81da-6eb20127a199,CONSUMER,200,1,did:web:ssi-dim-wallet-service.identity:BPNL00000003AYRE,,1791547313904,1791547613857,1791547613857,
7898983c-c760-484b-9cee-a1b5ea308e79,CONSUMER,200,1,did:web:ssi-dim-wallet-service.identity:BPNL00000003AYRE,,1791547314103,1791547613860,1791547613860,
2def07a1-8b73-4e2c-b1f4-2192edfad46c,CONSUMER,1400,1,did:web:ssi-dim-wallet-service.identity:BPNL00000003AYRE,,1791547314104,1791549819219,1791549819219,
a7acd338-3916-491a-a459-12345283101f,CONSUMER,200,1,did:web:ssi-dim-wallet-service.identity:BPNL00000003AYRE,,1791547314107,1791547613941,1791547613941,
3b0949e4-c019-44d8-938a-f054d5940868,CONSUMER,1400,1,did:web:ssi-dim-wallet-service.identity:BPNL00000003AYRE,,1791547314117,1791549819181,1791549819181,
bfd90015-8527-40f2-862b-6addc32046b7,CONSUMER,1400,1,did:web:ssi-dim-wallet-service.identity:BPNL00000003AYRE,,1791547314120,1791549819320,1791549819320,
e95a59b4-760f-49cc-b350-5f14068e445b,CONSUMER,1400,1,did:web:ssi-dim-wallet-service.identity:BPNL00000003AYRE,,1791547315926,1791549819321,1791549819321,
9d4f20cb-2db8-4539-941a-b300e4bdfb12,CONSUMER,1400,1,did:web:ssi-dim-wallet-service.identity:BPNL00000003AYRE,,1791547316203,1791549819329,1791549819329,
ff522dba-49e4-41df-849c-a0216c16be42,CONSUMER,1400,1,did:web:ssi-dim-wallet-service.identity:BPNL00000003AYRE,,1791547316308,1791549819643,1791549819643,
be56579d-a85f-4f9b-8ff3-db6a992c2019,CONSUMER,1400,1,did:web:ssi-dim-wallet-service.identity:BPNL00000003AYRE,,1791547316802,1791549819359,1791549819359,
3ebffde3-0dc8-4541-8b98-96151c989c31,CONSUMER,1400,1,did:web:ssi-dim-wallet-service.identity:BPNL00000003AYRE,,1791547317004,1791549819642,1791549819642,
3d2200fc-c682-4690-9d54-3b4d565699e0,CONSUMER,1400,1,did:web:ssi-dim-wallet-service.identity:BPNL00000003AYRE,,1791547317012,1791549819720,1791549819720,
d0c339d9-34bf-48b9-a46e-4504656978f3,CONSUMER,1400,1,did:web:ssi-dim-wallet-service.identity:BPNL00000003AYRE,,1791547317407,1791549819680,1791549819680,
5bc5b4c2-6716-41f3-8865-66eaf1495d69,CONSUMER,1400,1,did:web:ssi-dim-wallet-service.identity:BPNL00000003AYRE,,1791547317414,1791549819637,1791549819637,
d84e1121-6592-4f91-9bda-8083d0f29f24,CONSUMER,1400,1,did:web:ssi-dim-wallet-service.identity:BPNL00000003AYRE,,1791547317518,1791549819635,1791549819635,
61b9f1a3-b034-400d-b479-4227632dd7bb,CONSUMER,1400,1,did:web:ssi-dim-wallet-service.identity:BPNL00000003AYRE,,1791547317802,1791549819681,1791549819681,
7b1dcd9d-d1c2-4c5a-bbb8-fbf66803c417,CONSUMER,1400,1,did:web:ssi-dim-wallet-service.identity:BPNL00000003AYRE,,1791547317903,1791549819689,1791549819689,
83ceb17c-aa72-4290-a56b-45d84aa28fb6,CONSUMER,1400,1,did:web:ssi-dim-wallet-service.identity:BPNL00000003AYRE,,1791547317908,1791549819690,1791549819690,
2b4a2fa5-b189-4365-8484-dfebc75a1bf5,CONSUMER,1400,1,did:web:ssi-dim-wallet-service.identity:BPNL00000003AYRE,,1791547318024,1791549819724,1791549819724,
24b1730f-9f8b-4b3f-a39f-06dfbb938cdb,CONSUMER,1400,1,did:web:ssi-dim-wallet-service.identity:BPNL00000003AYRE,,1791547318106,1791549819721,1791549819721,
08747474-b446-4e73-9295-c649eda231ff,CONSUMER,1400,1,did:web:ssi-dim-wallet-service.identity:BPNL00000003AYRE,,1791547318118,1791549819723,1791549819723,
90a0bae6-3e63-4f1d-9b49-85f162525a88,CONSUMER,1400,1,did:web:ssi-dim-wallet-service.identity:BPNL00000003AYRE,,1791547318305,1791549819803,1791549819803,
2f3209e2-5ee5-4680-8863-8eafd9878120,CONSUMER,1400,1,did:web:ssi-dim-wallet-service.identity:BPNL00000003AYRE,,1791547318403,1791549819816,1791549819816,
29758c20-e6a8-4451-b9bf-1b4f14dc2d2d,CONSUMER,1400,1,did:web:ssi-dim-wallet-service.identity:BPNL00000003AYRE,,1791547318703,1791549819861,1791549819861,
09f7086a-4d5d-439e-bb8a-6ce0e0dc7f13,CONSUMER,1400,1,did:web:ssi-dim-wallet-service.identity:BPNL00000003AYRE,,1791547319804,1791549819824,1791549819824,
fabe76bf-b9f1-41c7-ae40-42e62762e005,CONSUMER,1400,1,did:web:ssi-dim-wallet-service.identity:BPNL00000003AYRE,,1791547319916,1791549819741,1791549819741,
590bf27b-c91a-440f-90e8-da996b19381c,CONSUMER,1400,1,did:web:ssi-dim-wallet-service.identity:BPNL00000003AYRE,,1791547320103,1791549819863,1791549819863,
00002bd4-7e13-4fe4-879d-9c369d9bdfa4,CONSUMER,1400,1,did:web:ssi-dim-wallet-service.identity:BPNL00000003AYRE,,1791547320205,1791549820210,1791549820210,
0e1e40fc-8d71-4db9-b0f4-94ce581146d1,CONSUMER,1400,1,did:web:ssi-dim-wallet-service.identity:BPNL00000003AYRE,,1791547320211,1791549819866,1791549819866,
18f86bbd-75c3-4cfd-8ee2-94c6aaa75af1,CONSUMER,1400,1,did:web:ssi-dim-wallet-service.identity:BPNL00000003AYRE,,1791547320418,1791549819818,1791549819818,
3c8578a7-fd83-468a-8259-0ea9e42532b9,CONSUMER,1400,1,did:web:ssi-dim-wallet-service.identity:BPNL00000003AYRE,,1791547320420,1791549820214,1791549820214,
bd01542b-4cb8-4cad-a205-7a2c46e1b861,CONSUMER,1400,1,did:web:ssi-dim-wallet-service.identity:BPNL00000003AYRE,,1791547320514,1791549820167,1791549820167,
138242fd-dd36-4bd8-8725-1c341aef3caa,CONSUMER,1400,1,did:web:ssi-dim-wallet-service.identity:BPNL00000003AYRE,,1791547320912,1791549820173,1791549820173,
48661bc7-72bd-4b60-9dc7-73a852817809,CONSUMER,1400,1,did:web:ssi-dim-wallet-service.identity:BPNL00000003AYRE,,1791547321211,1791549820268,1791549820268,
6b892643-5100-4b85-a06b-5c779e2ae3ff,CONSUMER,1400,1,did:web:ssi-dim-wallet-service.identity:BPNL00000003AYRE,,1791547321212,1791549820218,1791549820218,
7c0866d1-88bd-47a8-8bf1-8ef9567f8350,CONSUMER,1400,1,did:web:ssi-dim-wallet-service.identity:BPNL00000003AYRE,,1791547321611,1791549820217,1791549820217,
9c7c680e-0e54-44cc-9b53-7b5bd6ba7bfc,CONSUMER,1400,1,did:web:ssi-dim-wallet-service.identity:BPNL00000003AYRE,,1791547321614,1791549820258,1791549820258,
f164b955-39de-4bca-a307-7d4585f62fd7,CONSUMER,1400,1,did:web:ssi-dim-wallet-service.identity:BPNL00000003AYRE,,1791547321815,1791549820420,1791549820420,
3ca6b31a-5ba1-4d02-8120-f61c1e9079bf,CONSUMER,1400,1,did:web:ssi-dim-wallet-service.identity:BPNL00000003AYRE,,1791547322102,1791549820247,1791549820247,
f2b08d11-5327-447c-a8d8-4236d69fa202,CONSUMER,1400,1,did:web:ssi-dim-wallet-service.identity:BPNL00000003AYRE,,1791547322523,1791549820247,1791549820247,
d1f4b571-3371-4b1f-931e-7bd0e6a1776b,CONSUMER,1400,1,did:web:ssi-dim-wallet-service.identity:BPNL00000003AYRE,,1791547322614,1791549820268,1791549820268,
fbb0cdb8-5319-4148-8129-9d007ae9342f,CONSUMER,1400,1,did:web:ssi-dim-wallet-service.identity:BPNL00000003AYRE,,1791547323310,1791549820311,1791549820311,
432d5a4a-2d8b-4cf1-8e7e-23e57098990c,CONSUMER,1400,1,did:web:ssi-dim-wallet-service.identity:BPNL00000003AYRE,,1791547324113,1791549820295,1791549820295,
6ee1e919-fef9-4d2d-8638-71a95370aaf6,CONSUMER,1400,1,did:web:ssi-dim-wallet-service.identity:BPNL00000003AYRE,,1791547324202,1791549820326,1791549820326,
ad527207-b086-47ac-8ff4-73fd886c8ecf,CONSUMER,1400,1,did:web:ssi-dim-wallet-service.identity:BPNL00000003AYRE,,1791547325010,1791549821120,1791549821120,
3d649524-1501-4908-ac5c-c0ab1208894e,CONSUMER,1400,1,did:web:ssi-dim-wallet-service.identity:BPNL00000003AYRE,,1791547325617,1791549821220,1791549821220,
5c63f201-afad-4d18-a20a-48400d0a16d9,CONSUMER,1400,1,did:web:ssi-dim-wallet-service.identity:BPNL00000003AYRE,,1791547325712,1791549821127,1791549821127,
1cdbcda8-6ebb-46f8-9269-3c0da346c7ff,CONSUMER,1400,1,did:web:ssi-dim-wallet-service.identity:BPNL00000003AYRE,,1791547325712,1791549820379,1791549820379,
0922d7e4-f616-49ea-b111-17872631c600,CONSUMER,1400,1,did:web:ssi-dim-wallet-service.identity:BPNL00000003AYRE,,1791547325715,1791549820374,1791549820374,
2917cbbf-61e7-44b8-a048-94625b881a95,CONSUMER,1400,1,did:web:ssi-dim-wallet-service.identity:BPNL00000003AYRE,,1791547325829,1791549820324,1791549820324,
22f6c972-d1be-49b0-b3e7-5e40f0d73499,CONSUMER,1400,1,did:web:ssi-dim-wallet-service.identity:BPNL00000003AYRE,,1791547326211,1791549820387,1791549820387,
c8f302a1-2a8b-4b50-ab99-eb68f2f14aae,CONSUMER,1400,1,did:web:ssi-dim-wallet-service.identity:BPNL00000003AYRE,,1791547326502,1791549820381,1791549820381,
86d40c52-9301-4184-8c85-7c7f371b8f2b,CONSUMER,1400,1,did:web:ssi-dim-wallet-service.identity:BPNL00000003AYRE,,1791547326610,1791549821185,1791549821185,
6f3fdbeb-d40c-47c0-b565-9589a550a701,CONSUMER,1400,1,did:web:ssi-dim-wallet-service.identity:BPNL00000003AYRE,,1791547327006,1791549821035,1791549821035,
8954fe96-1b97-4f02-b904-3c7cfac0ce5f,CONSUMER,1400,1,did:web:ssi-dim-wallet-service.identity:BPNL00000003AYRE,,1791547327212,1791549821167,1791549821167,
a6f4a98f-d512-4177-939e-9c4b6cb8f33c,CONSUMER,1400,1,did:web:ssi-dim-wallet-service.identity:BPNL00000003AYRE,,1791547327212,1791549821133,1791549821133,
d9478d3d-0d5b-469d-b246-66dfb280c4f1,CONSUMER,1400,1,did:web:ssi-dim-wallet-service.identity:BPNL00000003AYRE,,1791547328921,1791549821170,1791549821170,
01a11ea1-a0fb-4c5e-86fd-dfa876fb0f58,CONSUMER,1400,1,did:web:ssi-dim-wallet-service.identity:BPNL00000003AYRE,,1791547330321,1791549821335,1791549821335,
a4f133f5-49b5-4755-b84b-f44c904f3a85,CONSUMER,1400,1,did:web:ssi-dim-wallet-service.identity:BPNL00000003AYRE,,1791547330703,1791549821268,1791549821268,
488330d7-6451-4565-97be-c28e6a583953,CONSUMER,1400,1,did:web:ssi-dim-wallet-service.identity:BPNL00000003AYRE,,1791547330905,1791549821257,1791549821257,
cfc4a961-8a3a-440e-9bf6-e67f8a6281b7,CONSUMER,1400,1,did:web:ssi-dim-wallet-service.identity:BPNL00000003AYRE,,1791547330922,1791549821327,1791549821327,
babb2b86-16ee-4122-a8bd-bdb2694440ad,CONSUMER,1400,1,did:web:ssi-dim-wallet-service.identity:BPNL00000003AYRE,,1791547330927,1791549821374,1791549821374,
a451637a-fb9d-4793-8ba5-6cabaacc7c14,CONSUMER,1400,1,did:web:ssi-dim-wallet-service.identity:BPNL00000003AYRE,,1791547331122,1791549821174,1791549821174,
ccaf7e65-02f2-40f1-9b6a-c25a2ffc50b4,CONSUMER,1400,1,did:web:ssi-dim-wallet-service.identity:BPNL00000003AYRE,,1791547331315,1791549821321,1791549821321,
77178ae8-2a1c-471f-a1ac-fba8a095ffdd,CONSUMER,1400,1,did:web:ssi-dim-wallet-service.identity:BPNL00000003AYRE,,1791547331404,1791549821268,1791549821268,
fdde9f08-a67c-44dd-a3dd-ad7416c92d50,CONSUMER,1400,1,did:web:ssi-dim-wallet-service.identity:BPNL00000003AYRE,,1791547331416,1791549821868,1791549821868,
73929847-2eb7-447b-8489-c64d0f471c53,CONSUMER,1400,1,did:web:ssi-dim-wallet-service.identity:BPNL00000003AYRE,,1791547331442,1791549821303,1791549821303,
272c9bfc-e471-40ff-a130-d3805945cc35,CONSUMER,1400,1,did:web:ssi-dim-wallet-service.identity:BPNL00000003AYRE,,1791547331613,1791549821830,1791549821830,
19740a4f-9b2e-4071-92e5-0bab1690a5c7,CONSUMER,1400,1,did:web:ssi-dim-wallet-service.identity:BPNL00000003AYRE,,1791547331618,1791549821943,1791549821943,
83c9ad12-f62c-4679-867b-ee5c07ad568d,CONSUMER,1400,1,did:web:ssi-dim-wallet-service.identity:BPNL00000003AYRE,,1791547331806,1791549821821,1791549821821,
441a7fe9-d250-41c6-a29e-b32386363420,CONSUMER,1400,1,did:web:ssi-dim-wallet-service.identity:BPNL00000003AYRE,,1791547331819,1791549821957,1791549821957,
4466716d-6f99-42cc-9ed5-7b014950eb02,CONSUMER,1400,1,did:web:ssi-dim-wallet-service.identity:BPNL00000003AYRE,,1791547331904,1791549821969,1791549821969,
3bea79fe-b3a1-4409-9307-898f820b8a1e,CONSUMER,1400,1,did:web:ssi-dim-wallet-service.identity:BPNL00000003AYRE,,1791547331905,1791549822145,1791549822145,
4d83f9e0-17d5-49e8-8bbf-51355056da66,CONSUMER,1400,1,did:web:ssi-dim-wallet-service.identity:BPNL00000003AYRE,,1791547331918,1791549822011,1791549822011,
f634c89f-e775-44a8-804f-3a4daa904f30,CONSUMER,1400,1,did:web:ssi-dim-wallet-service.identity:BPNL00000003AYRE,,1791547332315,1791549822055,1791549822055,
d5699d5e-f8af-4c35-a15b-765209ed03f4,CONSUMER,1400,1,did:web:ssi-dim-wallet-service.identity:BPNL00000003AYRE,,1791547332511,1791549822173,1791549822173,
514ba7bf-34bf-4d28-9da2-01ed9b76d4ff,CONSUMER,1400,1,did:web:ssi-dim-wallet-service.identity:BPNL00000003AYRE,,1791547332516,1791549822270,1791549822270,
ad45638f-88d0-4eb2-ac83-d827251a81af,CONSUMER,1400,1,did:web:ssi-dim-wallet-service.identity:BPNL00000003AYRE,,1791547332615,1791549822281,1791549822281,
cbc2d017-0f76-4b87-a789-ca989f541cb6,CONSUMER,1400,1,did:web:ssi-dim-wallet-service.identity:BPNL00000003AYRE,,1791547332904,1791549822275,1791549822275,
b1a1d4aa-ffa1-4cbd-af29-8d2cfc9b4adb,CONSUMER,1400,1,did:web:ssi-dim-wallet-service.identity:BPNL00000003AYRE,,1791547334123,1791549822281,1791549822281,
d5a9f931-96d6-42b5-a254-b087d5d83881,CONSUMER,1400,1,did:web:ssi-dim-wallet-service.identity:BPNL00000003AYRE,,1791547336023,1791549822426,1791549822426,
de2429dd-e902-4a4d-99ba-66f9b043373f,CONSUMER,1400,1,did:web:ssi-dim-wallet-service.identity:BPNL00000003AYRE,,1791547336115,1791549822574,1791549822574,
290ec62a-997f-44c7-89b7-82c764831723,CONSUMER,1400,1,did:web:ssi-dim-wallet-service.identity:BPNL00000003AYRE,,1791547336207,1791549823186,1791549823186,
1bbf29ba-1ef8-4db2-9d02-e7f00c6a8377,CONSUMER,1400,1,did:web:ssi-dim-wallet-service.identity:BPNL00000003AYRE,,1791547336518,1791549822473,1791549822473,
ffeea954-b113-4a9d-be80-2e1d1742587c,CONSUMER,1400,1,did:web:ssi-dim-wallet-service.identity:BPNL00000003AYRE,,1791547336913,1791549822575,1791549822575,
606d12c8-fb27-485f-b360-38e56b7ba223,CONSUMER,1400,1,did:web:ssi-dim-wallet-service.identity:BPNL00000003AYRE,,1791547337408,1791549822527,1791549822527,
113853c0-2357-443c-9760-ea76c2c13575,CONSUMER,1400,1,did:web:ssi-dim-wallet-service.identity:BPNL00000003AYRE,,1791547338518,1791549822620,1791549822620,
bf6cfc48-0301-4d51-aca2-be20aacce551,CONSUMER,1400,1,did:web:ssi-dim-wallet-service.identity:BPNL00000003AYRE,,1791547338806,1791549823272,1791549823272,
e3e9f7d4-5657-406b-a017-90373dca435e,CONSUMER,1400,1,did:web:ssi-dim-wallet-service.identity:BPNL00000003AYRE,,1791547338904,1791549823274,1791549823274,
7c8176a4-64f0-4878-93b2-b57da23e4c2e,CONSUMER,1400,1,did:web:ssi-dim-wallet-service.identity:BPNL00000003AYRE,,1791547338905,1791549823274,1791549823274,
cb3bfbea-40b8-4c6b-aa86-2edde2e1a900,CONSUMER,1400,1,did:web:ssi-dim-wallet-service.identity:BPNL00000003AYRE,,1791547339108,1791549823184,1791549823184,
074c14b4-2f88-4f50-80fa-d5f7f3f89c16,CONSUMER,200,1,did:web:ssi-dim-wallet-service.identity:BPNL00000003AYRE,,1791547339303,1791547627328,1791547627328,
71c1dc2d-5382-4193-8200-7990c4171a72,CONSUMER,1400,1,did:web:ssi-dim-wallet-service.identity:BPNL00000003AYRE,,1791547339315,1791549823229,1791549823229,
f9b9d9e8-d7a1-46df-b4e8-b0b2849fb7c0,CONSUMER,1400,1,did:web:ssi-dim-wallet-service.identity:BPNL00000003AYRE,,1791547339415,1791549823184,1791549823184,
85d9387c-b56f-4c6e-bb16-e2a6e85f9d08,CONSUMER,200,1,did:web:ssi-dim-wallet-service.identity:BPNL00000003AYRE,,1791547339418,1791547627332,1791547627332,
a48e02e3-6fe0-42b1-a392-064db53f1645,CONSUMER,1400,1,did:web:ssi-dim-wallet-service.identity:BPNL00000003AYRE,,1791547340216,1791549823639,1791549823639,
7fc65194-764b-4b58-a08e-64ba5d25b8b3,CONSUMER,1400,1,did:web:ssi-dim-wallet-service.identity:BPNL00000003AYRE,,1791547340503,1791549826421,1791549826421,
cd41e3c0-e871-4da4-93a7-f90aca1bc58d,CONSUMER,1400,1,did:web:ssi-dim-wallet-service.identity:BPNL00000003AYRE,,1791547340509,1791549829120,1791549829120,
0cd7b28e-6d53-41ef-9b65-d71337002371,CONSUMER,1400,1,did:web:ssi-dim-wallet-service.identity:BPNL00000003AYRE,,1791547340916,1791549830539,1791549830539,
10945386-d73d-4caa-8dbf-b7cbc9c9f2bf,CONSUMER,200,1,did:web:ssi-dim-wallet-service.identity:BPNL00000003AYRE,,1791547341012,1791547627753,1791547627753,
63cf33af-a046-4d50-804e-966adb1aa276,CONSUMER,1400,1,did:web:ssi-dim-wallet-service.identity:BPNL00000003AYRE,,1791547341016,1791549831620,1791549831620,
3c06cde6-baf4-41ef-aca5-241a1c783f42,CONSUMER,1400,1,did:web:ssi-dim-wallet-service.identity:BPNL00000003AYRE,,1791547341118,1791549833815,1791549833815,
70dafe9c-1241-4c91-b15d-c4d9c1fef7e7,CONSUMER,1400,1,did:web:ssi-dim-wallet-service.identity:BPNL00000003AYRE,,1791547341221,1791549837475,1791549837475,
532c8be4-7f79-4923-8ad6-e93dfcb416d7,CONSUMER,1400,1,did:web:ssi-dim-wallet-service.identity:BPNL00000003AYRE,,1791547341515,1791549818521,1791549818521,
d5f630ff-8b36-4963-baf3-c0af90be4cd3,CONSUMER,200,1,did:web:ssi-dim-wallet-service.identity:BPNL00000003AYRE,,1791547341808,1791547628255,1791547628255,
89bbd022-5d72-4362-915f-1cbfa8ead844,CONSUMER,1400,1,did:web:ssi-dim-wallet-service.identity:BPNL00000003AYRE,,1791547342804,1791549742352,1791549742352,
eeb4807d-5928-4cce-917d-fc6b384436be,CONSUMER,200,1,did:web:ssi-dim-wallet-service.identity:BPNL00000003AYRE,,1791547342805,1791547628347,1791547628347,
89d90b84-9a6f-4761-a31e-1fb2304453f2,CONSUMER,200,1,did:web:ssi-dim-wallet-service.identity:BPNL00000003AYRE,,1791547344007,1791547628450,1791547628450,
664d5309-2b7e-403a-b345-b2207e16f5b3,CONSUMER,200,1,did:web:ssi-dim-wallet-service.identity:BPNL00000003AYRE,,1791547344203,1791547628458,1791547628458,
b41f518e-37d4-4ded-992d-f3ba264b3a98,CONSUMER,200,1,did:web:ssi-dim-wallet-service.identity:BPNL00000003AYRE,,1791547344515,1791547628608,1791547628608,
8d1d233c-3209-4246-8798-55f8f84dc969,CONSUMER,1400,1,did:web:ssi-dim-wallet-service.identity:BPNL00000003AYRE,,1791547345715,1791549742238,1791549742238,
244451ab-e4aa-4e20-b5ce-88d23c8f1977,CONSUMER,1400,1,did:web:ssi-dim-wallet-service.identity:BPNL00000003AYRE,,1791547346514,1791549742235,1791549742235,
ee5bc119-3ea0-41eb-a27f-781b68718ffb,CONSUMER,1400,1,did:web:ssi-dim-wallet-service.identity:BPNL00000003AYRE,,1791547347107,1791549742431,1791549742431,
eb49b14c-cb00-4f13-ab89-75d609a040ca,CONSUMER,1400,1,did:web:ssi-dim-wallet-service.identity:BPNL00000003AYRE,,1791547348702,1791549742254,1791549742254,
6fcda60a-daea-42f4-8883-06245487e77e,CONSUMER,1400,1,did:web:ssi-dim-wallet-service.identity:BPNL00000003AYRE,,1791547348907,1791549742239,1791549742239,
e7ee26fa-b1ca-45f2-9694-a3c177fb0cbc,CONSUMER,1400,1,did:web:ssi-dim-wallet-service.identity:BPNL00000003AYRE,,1791547349505,1791549742367,1791549742367,
74b80632-f86b-4e89-87ea-3e3f8278fc80,CONSUMER,1400,1,did:web:ssi-dim-wallet-service.identity:BPNL00000003AYRE,,1791547349506,1791549742342,1791549742342,
10d156bd-329d-40b9-97b3-382114c95b34,CONSUMER,1400,1,did:web:ssi-dim-wallet-service.identity:BPNL00000003AYRE,,1791547349707,1791549742303,1791549742303,
6e1b28ce-4002-42ba-98a5-5d14eae43aa1,CONSUMER,1400,1,did:web:ssi-dim-wallet-service.identity:BPNL00000003AYRE,,1791547350003,1791549742352,1791549742352,
e3d9f6de-072f-499d-802b-c1b1151943fa,CONSUMER,200,1,did:web:ssi-dim-wallet-service.identity:BPNL00000003AYRE,,1791547350017,1791547629143,1791547629143,
da055bbc-ce13-4068-b0f1-1e8024b27549,CONSUMER,200,1,did:web:ssi-dim-wallet-service.identity:BPNL00000003AYRE,,1791547350416,1791547629802,1791547629802,
80ea1f0a-3e0e-491e-a4c3-1f17424dd94d,CONSUMER,200,1,did:web:ssi-dim-wallet-service.identity:BPNL00000003AYRE,,1791547350602,1791547629711,1791547629711,
13fcd7e1-bb66-4ce6-bd1c-3195d9426b18,CONSUMER,1400,1,did:web:ssi-dim-wallet-service.identity:BPNL00000003AYRE,,1791547350605,1791549823462,1791549823462,
a48b756a-71cd-48c7-ba67-43de6967ad03,CONSUMER,200,1,did:web:ssi-dim-wallet-service.identity:BPNL00000003AYRE,,1791547350618,1791547629743,1791547629743,
6a9a225f-98a1-4bb4-a916-53b40aa44013,CONSUMER,1400,1,did:web:ssi-dim-wallet-service.identity:BPNL00000003AYRE,,1791547350707,1791549823358,1791549823358,
cc70f377-676f-4202-a137-9097b39737cc,CONSUMER,1400,1,did:web:ssi-dim-wallet-service.identity:BPNL00000003AYRE,,1791547350712,1791549823448,1791549823448,
e3b9402e-2a02-4a9f-af31-fa351f8551bf,CONSUMER,1400,1,did:web:ssi-dim-wallet-service.identity:BPNL00000003AYRE,,1791547350823,1791549823476,1791549823476,
41ef10db-ab53-44f7-a341-91b2a2ffe82b,CONSUMER,1400,1,did:web:ssi-dim-wallet-service.identity:BPNL00000003AYRE,,1791547350919,1791549743338,1791549743338,
1c951c11-83a5-4423-be7c-308fa7f6625b,CONSUMER,1400,1,did:web:ssi-dim-wallet-service.identity:BPNL00000003AYRE,,1791547351105,1791549823480,1791549823480,
92d379e6-c708-4ef1-86fa-1cad623de685,CONSUMER,1400,1,did:web:ssi-dim-wallet-service.identity:BPNL00000003AYRE,,1791547351507,1791549823669,1791549823669,
2b693125-0a39-4f84-acf1-e15a9f3ac3fa,CONSUMER,1400,1,did:web:ssi-dim-wallet-service.identity:BPNL00000003AYRE,,1791547351615,1791549743347,1791549743347,
d477933d-f43d-4995-bf6f-7d68dca8e0d0,CONSUMER,1400,1,did:web:ssi-dim-wallet-service.identity:BPNL00000003AYRE,,1791547351820,1791549828481,1791549828481,
913da4e4-a136-4a60-ac26-f5e8f841e8a6,CONSUMER,1400,1,did:web:ssi-dim-wallet-service.identity:BPNL00000003AYRE,,1791547352003,1791549743554,1791549743554,
a455af8e-25cf-4074-be60-1d8e1a08e785,CONSUMER,1400,1,did:web:ssi-dim-wallet-service.identity:BPNL00000003AYRE,,1791547352209,1791549743346,1791549743346,
57baa255-894f-4085-b80b-74478a464ea9,CONSUMER,1400,1,did:web:ssi-dim-wallet-service.identity:BPNL00000003AYRE,,1791547352521,1791549743450,1791549743450,
b068b99d-0de5-4e5a-b319-d0cc3b1c623c,CONSUMER,1400,1,did:web:ssi-dim-wallet-service.identity:BPNL00000003AYRE,,1791547352604,1791549743555,1791549743555,
f728387e-456c-49e1-819a-070868c74600,CONSUMER,1400,1,did:web:ssi-dim-wallet-service.identity:BPNL00000003AYRE,,1791547352714,1791549743457,1791549743457,
1da1f357-d8fa-4125-a4b2-818f6e3c7e87,CONSUMER,1400,1,did:web:ssi-dim-wallet-service.identity:BPNL00000003AYRE,,1791547352716,1791549743452,1791549743452,
07bd4fc7-9623-49ce-84bf-a489edccb0f9,CONSUMER,1400,1,did:web:ssi-dim-wallet-service.identity:BPNL00000003AYRE,,1791547352906,1791549743530,1791549743530,
71c1fca0-670c-48c9-b54c-58df5b404c3f,CONSUMER,1400,1,did:web:ssi-dim-wallet-service.identity:BPNL00000003AYRE,,1791547352912,1791549816934,1791549816934,
76f312f6-422e-4db6-97a6-08129f587a45,CONSUMER,1400,1,did:web:ssi-dim-wallet-service.identity:BPNL00000003AYRE,,1791547352924,1791549816934,1791549816934,
b91799f7-53e5-4035-aff3-b08fddd87a0b,CONSUMER,1400,1,did:web:ssi-dim-wallet-service.identity:BPNL00000003AYRE,,1791547353166,1791549816892,1791549816892,
2c38b662-ba5c-4766-86df-a81584d504d9,CONSUMER,1400,1,did:web:ssi-dim-wallet-service.identity:BPNL00000003AYRE,,1791547353211,1791549816952,1791549816952,
ed872f9b-cdf3-4330-9af7-3d9cc5cf928d,CONSUMER,1400,1,did:web:ssi-dim-wallet-service.identity:BPNL00000003AYRE,,1791547353602,1791549816940,1791549816940,
ea1b9cd7-f1a5-494d-97d8-05eca3d94e7f,CONSUMER,1400,1,did:web:ssi-dim-wallet-service.identity:BPNL00000003AYRE,,1791547353618,1791549816969,1791549816969,
77df3c37-5905-4f2f-80ea-c747b09bc0d5,CONSUMER,1400,1,did:web:ssi-dim-wallet-service.identity:BPNL00000003AYRE,,1791547353811,1791549816977,1791549816977,
5f953115-40c5-48cd-ad94-7eeaccb97a3e,CONSUMER,1400,1,did:web:ssi-dim-wallet-service.identity:BPNL00000003AYRE,,1791547353816,1791549817012,1791549817012,
7fa383d9-f410-453a-a243-36156038fe29,CONSUMER,1400,1,did:web:ssi-dim-wallet-service.identity:BPNL00000003AYRE,,1791547353926,1791549817019,1791549817019,
f82455ba-5e0f-4d45-ae7a-8bd2a7a4ba43,CONSUMER,1400,1,did:web:ssi-dim-wallet-service.identity:BPNL00000003AYRE,,1791547354104,1791549817043,1791549817043,
91ae1290-239e-4ac3-8b34-28a51796c35b,CONSUMER,1400,1,did:web:ssi-dim-wallet-service.identity:BPNL00000003AYRE,,1791547354106,1791549817048,1791549817048,
829528bd-5362-4153-a2c1-fd3424940043,CONSUMER,1400,1,did:web:ssi-dim-wallet-service.identity:BPNL00000003AYRE,,1791547354218,1791549817575,1791549817575,
f3918f2e-1c9a-4591-bce4-6e10120f1e03,CONSUMER,1400,1,did:web:ssi-dim-wallet-service.identity:BPNL00000003AYRE,,1791547354307,1791549817602,1791549817602,
795f9d0c-0423-4e99-9a6c-1961c61293c6,CONSUMER,1400,1,did:web:ssi-dim-wallet-service.identity:BPNL00000003AYRE,,1791547354415,1791549817003,1791549817003,
3d87b229-1ab7-41d4-9b61-fc78beb407b2,CONSUMER,1400,1,did:web:ssi-dim-wallet-service.identity:BPNL00000003AYRE,,1791547354722,1791549817573,1791549817573,
c67aea1d-d65b-474a-b69f-52a779e6f477,CONSUMER,1400,1,did:web:ssi-dim-wallet-service.identity:BPNL00000003AYRE,,1791547354722,1791549817623,1791549817623,
14d2326b-22ec-46d9-a202-c551b4e926ac,CONSUMER,1400,1,did:web:ssi-dim-wallet-service.identity:BPNL00000003AYRE,,1791547354817,1791549817572,1791549817572,
56ac0642-8171-48e5-a933-abab625c828c,CONSUMER,1400,1,did:web:ssi-dim-wallet-service.identity:BPNL00000003AYRE,,1791547354821,1791549817608,1791549817608,
5711d1db-2408-431a-a56e-207e677224c9,CONSUMER,1400,1,did:web:ssi-dim-wallet-service.identity:BPNL00000003AYRE,,1791547355003,1791549812882,1791549812882,
dcadf999-ff05-45db-aa7a-9871582c4ccc,CONSUMER,1400,1,did:web:ssi-dim-wallet-service.identity:BPNL00000003AYRE,,1791547355408,1791549812869,1791549812869,
6d2f251d-7729-415b-9125-9852e0ee9942,CONSUMER,1400,1,did:web:ssi-dim-wallet-service.identity:BPNL00000003AYRE,,1791547355409,1791549812952,1791549812952,
4a8a1acb-3945-452e-bfa5-d55b616ef7ce,CONSUMER,1400,1,did:web:ssi-dim-wallet-service.identity:BPNL00000003AYRE,,1791547355512,1791549831429,1791549831429,
898954da-1f72-4058-85d5-3c523cb6dba6,CONSUMER,1400,1,did:web:ssi-dim-wallet-service.identity:BPNL00000003AYRE,,1791547355603,1791549831375,1791549831375,
b829fcf3-997c-4699-b8fa-85b779ffc3c5,CONSUMER,1400,1,did:web:ssi-dim-wallet-service.identity:BPNL00000003AYRE,,1791547355710,1791549831434,1791549831434,
9b16a7e3-2891-4cea-b29f-ad085bcb8d49,CONSUMER,1400,1,did:web:ssi-dim-wallet-service.identity:BPNL00000003AYRE,,1791547355711,1791549831467,1791549831467,
e3a74ad1-cc75-49a1-8b16-9c9a51ad3b90,CONSUMER,1400,1,did:web:ssi-dim-wallet-service.identity:BPNL00000003AYRE,,1791547355812,1791549831479,1791549831479,
551ab99d-b11f-4a63-8ede-c6fb4bea14ec,CONSUMER,1400,1,did:web:ssi-dim-wallet-service.identity:BPNL00000003AYRE,,1791547355829,1791549831531,1791549831531,
08a33702-c0c7-4172-9e10-45c744913fb4,CONSUMER,1400,1,did:web:ssi-dim-wallet-service.identity:BPNL00000003AYRE,,1791547355910,1791549831553,1791549831553,
94d36a0e-48e5-4dfa-aa62-6a8a7664062f,CONSUMER,1400,1,did:web:ssi-dim-wallet-service.identity:BPNL00000003AYRE,,1791547356615,1791549831471,1791549831471,
eed26b35-c70f-45f0-9e5c-63b0ae31fc89,CONSUMER,1400,1,did:web:ssi-dim-wallet-service.identity:BPNL00000003AYRE,,1791547357420,1791549831567,1791549831567,
6efbf7f3-f51a-45ad-81a5-a5b2637d9fc1,CONSUMER,1400,1,did:web:ssi-dim-wallet-service.identity:BPNL00000003AYRE,,1791547357725,1791549831560,1791549831560,
6a9ab6cc-d4f6-4718-844b-44e9a105a3cc,CONSUMER,1400,1,did:web:ssi-dim-wallet-service.identity:BPNL00000003AYRE,,1791547357733,1791549831576,1791549831576,
1503cc3b-dd1e-42d8-b2d2-59cd75297a97,CONSUMER,1400,1,did:web:ssi-dim-wallet-service.identity:BPNL00000003AYRE,,1791547357809,1791549831643,1791549831643,
82686223-5d1e-4bcf-9504-9666081dcff1,CONSUMER,1400,1,did:web:ssi-dim-wallet-service.identity:BPNL00000003AYRE,,1791547357811,1791549831627,1791549831627,
72d0df42-6783-436a-aba4-96cf9259dd38,CONSUMER,1400,1,did:web:ssi-dim-wallet-service.identity:BPNL00000003AYRE,,1791547358105,1791549836068,1791549836068,
0141169b-79d6-46ac-b516-86f8a2032e01,CONSUMER,1400,1,did:web:ssi-dim-wallet-service.identity:BPNL00000003AYRE,,1791547358212,1791549836059,1791549836059,
54d616b6-93d0-4292-8905-a60377f2cb8a,CONSUMER,1400,1,did:web:ssi-dim-wallet-service.identity:BPNL00000003AYRE,,1791547358808,1791549836059,1791549836059,
4833496c-589e-4b80-a001-e4bbd95843a8,CONSUMER,1400,1,did:web:ssi-dim-wallet-service.identity:BPNL00000003AYRE,,1791547358907,1791549808908,1791549808908,
020d11e9-0fb1-4082-a994-fb014cdb9dee,CONSUMER,1400,1,did:web:ssi-dim-wallet-service.identity:BPNL00000003AYRE,,1791547359110,1791549748623,1791549748623,
900e2d1f-bc8a-4b9f-9e30-fc62543b030f,CONSUMER,1400,1,did:web:ssi-dim-wallet-service.identity:BPNL00000003AYRE,,1791547359117,1791549748577,1791549748577,
78ec7078-f5ce-4067-800e-e7ab3e9912ca,CONSUMER,1400,1,did:web:ssi-dim-wallet-service.identity:BPNL00000003AYRE,,1791547359907,1791549748532,1791549748532,
ec32aa58-2934-45a7-bd58-88d9f864fa83,CONSUMER,1400,1,did:web:ssi-dim-wallet-service.identity:BPNL00000003AYRE,,1791547360104,1791549748622,1791549748622,
23bded1c-d6da-4e47-9483-ff02e27a56f4,CONSUMER,1400,1,did:web:ssi-dim-wallet-service.identity:BPNL00000003AYRE,,1791547360618,1791549748532,1791549748532,
e4781163-e902-490f-a7ee-b3f1baa0a493,CONSUMER,1400,1,did:web:ssi-dim-wallet-service.identity:BPNL00000003AYRE,,1791547360707,1791549748627,1791549748627,
698534ec-76b8-4e33-8703-8e3b93ece5ea,CONSUMER,1400,1,did:web:ssi-dim-wallet-service.identity:BPNL00000003AYRE,,1791547399502,1791549748749,1791549748749,
e634749a-8da2-4070-891e-57bf8185f627,CONSUMER,1400,1,did:web:ssi-dim-wallet-service.identity:BPNL00000003AYRE,,1791547399504,1791549748745,1791549748745,
8de636b9-eca2-4c4c-97a3-88fbfdf20ae2,CONSUMER,1400,1,did:web:ssi-dim-wallet-service.identity:BPNL00000003AYRE,,1791547399506,1791549748667,1791549748667,
5dc61fee-5d08-4ad3-b889-b098dcc0096a,CONSUMER,1400,1,did:web:ssi-dim-wallet-service.identity:BPNL00000003AYRE,,1791547401239,1791549749475,1791549749475,
e28c1f6c-2cc0-46ab-9a35-bf3030214c68,CONSUMER,1400,1,did:web:ssi-dim-wallet-service.identity:BPNL00000003AYRE,,1791547402004,1791549749495,1791549749495,
6cea6b30-3d79-40dd-a5e4-4441b69941f1,CONSUMER,1400,1,did:web:ssi-dim-wallet-service.identity:BPNL00000003AYRE,,1791547402138,1791549749544,1791549749544,
46fa50cb-c594-422c-abff-a3b44854fedd,CONSUMER,1400,1,did:web:ssi-dim-wallet-service.identity:BPNL00000003AYRE,,1791547402508,1791549749548,1791549749548,
8ba5fe87-9447-4041-9c61-400d0d3f9985,CONSUMER,1400,1,did:web:ssi-dim-wallet-service.identity:BPNL00000003AYRE,,1791547402509,1791549749552,1791549749552,
e66f8581-7548-4563-9d6b-379dd26eec63,CONSUMER,1400,1,did:web:ssi-dim-wallet-service.identity:BPNL00000003AYRE,,1791547403234,1791549749557,1791549749557,
7ff326ca-8260-4340-a106-53d13ba63421,CONSUMER,1400,1,did:web:ssi-dim-wallet-service.identity:BPNL00000003AYRE,,1791547403530,1791549749567,1791549749567,
8fe045e8-c1b4-496e-a4f1-377b651a8506,CONSUMER,1400,1,did:web:ssi-dim-wallet-service.identity:BPNL00000003AYRE,,1791547403605,1791549749590,1791549749590,
7b197ec4-99be-4ae0-955d-f3e1578e64f4,CONSUMER,1400,1,did:web:ssi-dim-wallet-service.identity:BPNL00000003AYRE,,1791547403928,1791549749599,1791549749599,
925c3ac8-b75f-4df0-bfaa-6c19cfff8a5b,CONSUMER,1400,1,did:web:ssi-dim-wallet-service.identity:BPNL00000003AYRE,,1791547404428,1791549749616,1791549749616,
d0c459f9-1e35-422a-b547-1eb62eb3e541,CONSUMER,1400,1,did:web:ssi-dim-wallet-service.identity:BPNL00000003AYRE,,1791547404835,1791549749600,1791549749600,
4a90a6bb-75e0-46d4-a14d-138fc411c076,CONSUMER,1400,1,did:web:ssi-dim-wallet-service.identity:BPNL00000003AYRE,,1791547405311,1791549749650,1791549749650,
0c528dcd-4826-4612-ac85-1c35321da282,CONSUMER,1400,1,did:web:ssi-dim-wallet-service.identity:BPNL00000003AYRE,,1791547405408,1791549749626,1791549749626,
bf3d57db-a27d-4590-a1cb-364f9542daba,CONSUMER,1400,1,did:web:ssi-dim-wallet-service.identity:BPNL00000003AYRE,,1791547405603,1791549749634,1791549749634,
012d7344-4224-4c2d-bcdd-1678b1db4c77,CONSUMER,1400,1,did:web:ssi-dim-wallet-service.identity:BPNL00000003AYRE,,1791547407703,1791549749667,1791549749667,
c13790b1-deb0-49d2-8605-d854e287f8f3,CONSUMER,1400,1,did:web:ssi-dim-wallet-service.identity:BPNL00000003AYRE,,1791547407833,1791549750030,1791549750030,
059c4133-ba41-43ad-a3cc-02622ebdb63e,CONSUMER,1400,1,did:web:ssi-dim-wallet-service.identity:BPNL00000003AYRE,,1791547408131,1791549750131,1791549750131,
c5fd40ce-e9b1-4693-bc20-853078054adf,CONSUMER,1400,1,did:web:ssi-dim-wallet-service.identity:BPNL00000003AYRE,,1791547408437,1791549750130,1791549750130,
078b4c56-0c49-429b-8852-b806313c3e47,CONSUMER,1400,1,did:web:ssi-dim-wallet-service.identity:BPNL00000003AYRE,,1791547409129,1791549750122,1791549750122,
0f55d05e-846e-441c-937e-134c243fa89f,CONSUMER,1400,1,did:web:ssi-dim-wallet-service.identity:BPNL00000003AYRE,,1791547410031,1791549750129,1791549750129,
cf6a4edc-288c-4f95-896a-96ce1b88e018,CONSUMER,1400,1,did:web:ssi-dim-wallet-service.identity:BPNL00000003AYRE,,1791547410535,1791549750232,1791549750232,
9d0667bd-053d-442c-804b-92ab45b3c11d,CONSUMER,1400,1,did:web:ssi-dim-wallet-service.identity:BPNL00000003AYRE,,1791547410635,1791549750313,1791549750313,
851e7b88-b365-439a-856f-28efb1ae4b11,CONSUMER,1400,1,did:web:ssi-dim-wallet-service.identity:BPNL00000003AYRE,,1791547410830,1791549750234,1791549750234,
8298346c-c9e9-4aeb-a30a-7c52a6e9647b,CONSUMER,1400,1,did:web:ssi-dim-wallet-service.identity:BPNL00000003AYRE,,1791547411033,1791549750219,1791549750219,
3891983c-3b82-4d12-9168-74819050b866,CONSUMER,1400,1,did:web:ssi-dim-wallet-service.identity:BPNL00000003AYRE,,1791547411103,1791549750572,1791549750572,
c8a162b8-8bfa-4267-9e4d-0c4e7f4a996d,CONSUMER,1400,1,did:web:ssi-dim-wallet-service.identity:BPNL00000003AYRE,,1791547411132,1791549750555,1791549750555,
8eb53199-653f-4dbb-a255-561ae55544a5,CONSUMER,1400,1,did:web:ssi-dim-wallet-service.identity:BPNL00000003AYRE,,1791547411630,1791549750516,1791549750516,
2855bfb5-8de2-432a-9a4a-eadf053b47e8,CONSUMER,1400,1,did:web:ssi-dim-wallet-service.identity:BPNL00000003AYRE,,1791547412803,1791549750989,1791549750989,
626ff090-4945-49b7-9797-7cffe35a9148,CONSUMER,1400,1,did:web:ssi-dim-wallet-service.identity:BPNL00000003AYRE,,1791547412908,1791549750553,1791549750553,
707613f4-bbe1-4458-aa99-e65df0cf68fb,CONSUMER,1400,1,did:web:ssi-dim-wallet-service.identity:BPNL00000003AYRE,,1791547413038,1791549750945,1791549750945,
58597ed1-ba2e-4733-8482-d674a3c62a43,CONSUMER,1400,1,did:web:ssi-dim-wallet-service.identity:BPNL00000003AYRE,,1791547413203,1791549751032,1791549751032,
ffcb14a6-ccd6-4d5b-b277-8fc8bf8c903b,CONSUMER,1400,1,did:web:ssi-dim-wallet-service.identity:BPNL00000003AYRE,,1791547413234,1791549751033,1791549751033,
b9e95c17-7ae4-4ae8-89ca-2448e94f1e8f,CONSUMER,1400,1,did:web:ssi-dim-wallet-service.identity:BPNL00000003AYRE,,1791547413235,1791549751069,1791549751069,
7a7fa503-db7c-46e8-84e2-965a188b7e06,CONSUMER,1400,1,did:web:ssi-dim-wallet-service.identity:BPNL00000003AYRE,,1791547413403,1791549751076,1791549751076,
a88e0421-347e-446e-9c3b-eee5662756ac,CONSUMER,1400,1,did:web:ssi-dim-wallet-service.identity:BPNL00000003AYRE,,1791547413528,1791549751099,1791549751099,
219aff8e-f329-44b7-b429-0f7c9e52ad8e,CONSUMER,1400,1,did:web:ssi-dim-wallet-service.identity:BPNL00000003AYRE,,1791547413828,1791549750989,1791549750989,
2bd4a987-d0ca-49aa-a7d8-3af4aa9a8cd5,CONSUMER,1400,1,did:web:ssi-dim-wallet-service.identity:BPNL00000003AYRE,,1791547414031,1791549751111,1791549751111,
9ca82f17-2fb2-45d9-bac1-1f95346491d4,CONSUMER,1400,1,did:web:ssi-dim-wallet-service.identity:BPNL00000003AYRE,,1791547415003,1791549751114,1791549751114,
9f0e31d9-8839-4ebb-9f22-7c898dbca8a9,CONSUMER,1400,1,did:web:ssi-dim-wallet-service.identity:BPNL00000003AYRE,,1791547415611,1791549751139,1791549751139,
b19024c0-a115-42b7-9c2f-55e769f7fe56,CONSUMER,1400,1,did:web:ssi-dim-wallet-service.identity:BPNL00000003AYRE,,1791547416032,1791549751270,1791549751270,
ebf54147-8808-428b-8319-b7e60875b46d,CONSUMER,1400,1,did:web:ssi-dim-wallet-service.identity:BPNL00000003AYRE,,1791547416736,1791549751174,1791549751174,
d40ad1fb-a9bb-4d14-a973-ec514f155bad,CONSUMER,1400,1,did:web:ssi-dim-wallet-service.identity:BPNL00000003AYRE,,1791547417134,1791549751181,1791549751181,
e3272fbf-7037-495e-9972-d0d8f29735d1,CONSUMER,1400,1,did:web:ssi-dim-wallet-service.identity:BPNL00000003AYRE,,1791547418232,1791549751180,1791549751180,
b97fbfb7-e163-41a2-ba50-adc649492d4b,CONSUMER,1400,1,did:web:ssi-dim-wallet-service.identity:BPNL00000003AYRE,,1791547418508,1791549751231,1791549751231,
ad2bcbb1-8d3c-474c-94fb-e97996aadfef,CONSUMER,1400,1,did:web:ssi-dim-wallet-service.identity:BPNL00000003AYRE,,1791547419107,1791549751321,1791549751321,
1f9d8a4c-4eaa-45e2-bf1d-dfbaa9de6df5,CONSUMER,1400,1,did:web:ssi-dim-wallet-service.identity:BPNL00000003AYRE,,1791547419328,1791549751262,1791549751262,
2e2ff5fd-47fe-4b53-b8e6-a35cd5214621,CONSUMER,1400,1,did:web:ssi-dim-wallet-service.identity:BPNL00000003AYRE,,1791547419631,1791549751470,1791549751470,
0c4ac15d-2ac8-43df-b3d2-b9a716af5648,CONSUMER,1400,1,did:web:ssi-dim-wallet-service.identity:BPNL00000003AYRE,,1791547420403,1791549751320,1791549751320,
e1f68f0a-fe03-4d86-a4f7-d0eb3133f964,CONSUMER,1400,1,did:web:ssi-dim-wallet-service.identity:BPNL00000003AYRE,,1791547423904,1791549751978,1791549751978,
10a49f86-0812-48d9-8445-a341409428df,CONSUMER,1400,1,did:web:ssi-dim-wallet-service.identity:BPNL00000003AYRE,,1791547425006,1791549751971,1791549751971,
dc858bce-1ebe-49bc-b73d-ea2d4f8f1d2c,CONSUMER,1400,1,did:web:ssi-dim-wallet-service.identity:BPNL00000003AYRE,,1791547426832,1791549751980,1791549751980,
8ae903fb-9d37-430a-81ff-b23407ae2d09,CONSUMER,1400,1,did:web:ssi-dim-wallet-service.identity:BPNL00000003AYRE,,1791547426834,1791549752034,1791549752034,
17d6eb4f-b84c-48f2-8951-dc5faace9b57,CONSUMER,1400,1,did:web:ssi-dim-wallet-service.identity:BPNL00000003AYRE,,1791547426902,1791549752169,1791549752169,
897cf818-eff0-4989-957d-b5ae5897c7f7,CONSUMER,1400,1,did:web:ssi-dim-wallet-service.identity:BPNL00000003AYRE,,1791547426930,1791549752029,1791549752029,
5c5633d3-2d22-43e6-b5ad-5310d3a5599c,CONSUMER,1400,1,did:web:ssi-dim-wallet-service.identity:BPNL00000003AYRE,,1791547426933,1791549752075,1791549752075,
69caf334-86bd-4741-b6b4-da1dac1847d8,CONSUMER,1400,1,did:web:ssi-dim-wallet-service.identity:BPNL00000003AYRE,,1791547427007,1791549752067,1791549752067,
529a4baa-1c64-4b52-bb93-6f8fb9085f9e,CONSUMER,1400,1,did:web:ssi-dim-wallet-service.identity:BPNL00000003AYRE,,1791547427406,1791549752070,1791549752070,
14d19336-bfbe-49eb-8a7f-8a1c8c3139b5,CONSUMER,1400,1,did:web:ssi-dim-wallet-service.identity:BPNL00000003AYRE,,1791547427407,1791549753263,1791549753263,
dfaebf45-9db5-4a79-8abb-cc66bf1a2908,CONSUMER,1400,1,did:web:ssi-dim-wallet-service.identity:BPNL00000003AYRE,,1791547427504,1791549753434,1791549753434,
225ad6ed-3ba7-445a-b3c7-83c7a20563af,CONSUMER,1400,1,did:web:ssi-dim-wallet-service.identity:BPNL00000003AYRE,,1791547427541,1791549753433,1791549753433,
e2dbc474-8bf9-42f0-92a0-dc20bf61211e,CONSUMER,1400,1,did:web:ssi-dim-wallet-service.identity:BPNL00000003AYRE,,1791547427737,1791549753375,1791549753375,
fe7314d0-65ee-4934-aeca-8db7aab2ba40,CONSUMER,1400,1,did:web:ssi-dim-wallet-service.identity:BPNL00000003AYRE,,1791547428404,1791549753529,1791549753529,
cad19c65-017d-4af2-b5b1-38988af2e4a9,CONSUMER,1400,1,did:web:ssi-dim-wallet-service.identity:BPNL00000003AYRE,,1791547428407,1791549753520,1791549753520,
bb46eb4d-64fe-46c8-9dbe-f620c3683445,CONSUMER,1400,1,did:web:ssi-dim-wallet-service.identity:BPNL00000003AYRE,,1791547428428,1791549753534,1791549753534,
1ad80e19-e6ab-4a00-9e5e-187e47ea9205,CONSUMER,1400,1,did:web:ssi-dim-wallet-service.identity:BPNL00000003AYRE,,1791547428807,1791549753540,1791549753540,
364fdad4-e7a2-4293-a9b8-1cb0f5512336,CONSUMER,1400,1,did:web:ssi-dim-wallet-service.identity:BPNL00000003AYRE,,1791547429233,1791549753529,1791549753529,
416f5f7d-b2e8-495e-be9e-c04c8dfd477a,CONSUMER,1400,1,did:web:ssi-dim-wallet-service.identity:BPNL00000003AYRE,,1791547429633,1791549753582,1791549753582,
4c7ad7a0-ae67-45e6-814b-6b0b8e81f14b,CONSUMER,1400,1,did:web:ssi-dim-wallet-service.identity:BPNL00000003AYRE,,1791547429804,1791549753634,1791549753634,
32d27678-79ea-493a-87e2-d6d7af65d5c4,CONSUMER,1400,1,did:web:ssi-dim-wallet-service.identity:BPNL00000003AYRE,,1791547430634,1791549753629,1791549753629,
50682113-1bc1-49f4-a430-59d33abcd638,CONSUMER,1400,1,did:web:ssi-dim-wallet-service.identity:BPNL00000003AYRE,,1791547430735,1791549753676,1791549753676,
a920cee3-26bd-4b07-b28b-67dac779c7eb,CONSUMER,1400,1,did:web:ssi-dim-wallet-service.identity:BPNL00000003AYRE,,1791547431028,1791549753633,1791549753633,
052eb5a2-1db1-40ce-befb-b640f0060922,CONSUMER,1400,1,did:web:ssi-dim-wallet-service.identity:BPNL00000003AYRE,,1791547431530,1791549753720,1791549753720,
f992e77d-496b-417a-8602-3da7c9eeb766,CONSUMER,1400,1,did:web:ssi-dim-wallet-service.identity:BPNL00000003AYRE,,1791547432007,1791549816255,1791549816255,
88b486ba-788b-498c-afaa-9c982cbb8b87,CONSUMER,1400,1,did:web:ssi-dim-wallet-service.identity:BPNL00000003AYRE,,1791547432103,1791549816259,1791549816259,
80e9089b-0337-4f65-9624-1a5c504c5b19,CONSUMER,1400,1,did:web:ssi-dim-wallet-service.identity:BPNL00000003AYRE,,1791547432233,1791549816269,1791549816269,
aa03a8ad-8220-4ba3-9a57-8827efb092fa,CONSUMER,1400,1,did:web:ssi-dim-wallet-service.identity:BPNL00000003AYRE,,1791547432433,1791549816320,1791549816320,
b0f26337-e7a1-4a9b-a4c6-5e582413e85e,CONSUMER,1400,1,did:web:ssi-dim-wallet-service.identity:BPNL00000003AYRE,,1791547432931,1791549816268,1791549816268,
b111ebda-ecf7-4be3-9faa-37c46dd61671,CONSUMER,1400,1,did:web:ssi-dim-wallet-service.identity:BPNL00000003AYRE,,1791547433128,1791549816368,1791549816368,
d1d50af2-f276-47c8-b514-d4ec15346117,CONSUMER,1400,1,did:web:ssi-dim-wallet-service.identity:BPNL00000003AYRE,,1791547433903,1791549816302,1791549816302,
4adb562a-2366-460d-8e2f-5dec954a81db,CONSUMER,1400,1,did:web:ssi-dim-wallet-service.identity:BPNL00000003AYRE,,1791547434135,1791549816324,1791549816324,
4d874276-8a99-4a43-99e2-b2cd547da2b3,CONSUMER,1400,1,did:web:ssi-dim-wallet-service.identity:BPNL00000003AYRE,,1791547434304,1791549816480,1791549816480,
56911419-1599-406a-bc2d-bd803cf5a725,CONSUMER,1400,1,did:web:ssi-dim-wallet-service.identity:BPNL00000003AYRE,,1791547434904,1791549816388,1791549816388,
78569505-4c42-4c85-8f04-8f705e4463cf,CONSUMER,1400,1,did:web:ssi-dim-wallet-service.identity:BPNL00000003AYRE,,1791547435005,1791549816480,1791549816480,
2f985092-02cd-464f-9449-8a75416da063,CONSUMER,1400,1,did:web:ssi-dim-wallet-service.identity:BPNL00000003AYRE,,1791547435932,1791549816486,1791549816486,
4d7fecb2-d164-4060-a5d0-8d2bea0682c0,CONSUMER,1400,1,did:web:ssi-dim-wallet-service.identity:BPNL00000003AYRE,,1791547436034,1791549816537,1791549816537,
2d656719-0c8e-4de3-9f86-36ed64db15ef,CONSUMER,1400,1,did:web:ssi-dim-wallet-service.identity:BPNL00000003AYRE,,1791547436107,1791549816530,1791549816530,
0b458ece-ca76-4f5e-993e-a1c5f9898859,CONSUMER,1400,1,did:web:ssi-dim-wallet-service.identity:BPNL00000003AYRE,,1791547437438,1791549816544,1791549816544,
ac825ddd-4cab-4566-b3cf-45cb91c993c3,CONSUMER,1400,1,did:web:ssi-dim-wallet-service.identity:BPNL00000003AYRE,,1791547437502,1791549816487,1791549816487,
578982dc-0ce6-4fcb-9c4b-9ed1a3f06dcd,CONSUMER,1400,1,did:web:ssi-dim-wallet-service.identity:BPNL00000003AYRE,,1791547438029,1791549816560,1791549816560,
b76a8c8e-7df3-4676-8ed9-9afa8cb1f60c,CONSUMER,1400,1,did:web:ssi-dim-wallet-service.identity:BPNL00000003AYRE,,1791547438411,1791549816539,1791549816539,
40eb7ce2-be04-4c31-9be9-945f745bef9f,CONSUMER,1400,1,did:web:ssi-dim-wallet-service.identity:BPNL00000003AYRE,,1791547438538,1791549816826,1791549816826,
9dfe539b-dc68-4ae0-99e3-20db2665f6bd,CONSUMER,1400,1,did:web:ssi-dim-wallet-service.identity:BPNL00000003AYRE,,1791547439233,1791549816837,1791549816837,
d18f1eca-8224-4b1f-af09-320bc89451e9,CONSUMER,1400,1,did:web:ssi-dim-wallet-service.identity:BPNL00000003AYRE,,1791547440330,1791549816871,1791549816871,
5f7bcf8b-1494-4bcf-a93e-82b1e699d6aa,CONSUMER,1400,1,did:web:ssi-dim-wallet-service.identity:BPNL00000003AYRE,,1791547440628,1791549816885,1791549816885,
2eb03328-ac11-4ad8-a590-181729b148fc,CONSUMER,1400,1,did:web:ssi-dim-wallet-service.identity:BPNL00000003AYRE,,1791547440908,1791549816845,1791549816845,
c8a9077e-e399-4f07-998f-802d13b3f79f,CONSUMER,1400,1,did:web:ssi-dim-wallet-service.identity:BPNL00000003AYRE,,1791547441132,1791549816868,1791549816868,
3da584f9-9122-46b0-9587-17a9dfb95cfd,CONSUMER,1400,1,did:web:ssi-dim-wallet-service.identity:BPNL00000003AYRE,,1791547441235,1791549816906,1791549816906,
268674c1-f95f-4f4f-ab1b-858200384d11,CONSUMER,1400,1,did:web:ssi-dim-wallet-service.identity:BPNL00000003AYRE,,1791547441242,1791549812283,1791549812283,
c23856d5-da1d-44c4-aceb-493b45bd22ff,CONSUMER,1400,1,did:web:ssi-dim-wallet-service.identity:BPNL00000003AYRE,,1791547442703,1791549812281,1791549812281,
60c770c1-dbbf-4eb2-b9d5-148edace5469,CONSUMER,1400,1,did:web:ssi-dim-wallet-service.identity:BPNL00000003AYRE,,1791547442929,1791549812282,1791549812282,
efd24495-d0eb-4c98-a6c7-0ac73bf7447d,CONSUMER,1400,1,did:web:ssi-dim-wallet-service.identity:BPNL00000003AYRE,,1791547443537,1791549812310,1791549812310,
8a0456f4-f5e7-474c-b275-84d5bff078b1,CONSUMER,1400,1,did:web:ssi-dim-wallet-service.identity:BPNL00000003AYRE,,1791547443607,1791549812653,1791549812653,
17aecb5e-89a3-4177-a0f4-02f3960d230a,CONSUMER,1400,1,did:web:ssi-dim-wallet-service.identity:BPNL00000003AYRE,,1791547443707,1791549812658,1791549812658,
9730b7e6-5f84-407c-9e32-8922d4f2165d,CONSUMER,1400,1,did:web:ssi-dim-wallet-service.identity:BPNL00000003AYRE,,1791547444203,1791549812721,1791549812721,
790ad6fb-ba17-437a-bdfa-b20c9eac516e,CONSUMER,1400,1,did:web:ssi-dim-wallet-service.identity:BPNL00000003AYRE,,1791547444235,1791549812719,1791549812719,
00c46f00-c7c3-4351-9df5-f8ec1d0be028,CONSUMER,1400,1,did:web:ssi-dim-wallet-service.identity:BPNL00000003AYRE,,1791547445732,1791549812715,1791549812715,
1fb51353-749c-42f0-8414-53befbe1e604,CONSUMER,1400,1,did:web:ssi-dim-wallet-service.identity:BPNL00000003AYRE,,1791547446039,1791549753769,1791549753769,
01cca468-5a1b-4f27-9787-4a6938afbd1e,CONSUMER,1400,1,did:web:ssi-dim-wallet-service.identity:BPNL00000003AYRE,,1791547446106,1791549812818,1791549812818,
2b1e721e-4a98-4df3-a1f9-35cfed8f7a1a,CONSUMER,1400,1,did:web:ssi-dim-wallet-service.identity:BPNL00000003AYRE,,1791547446736,1791549812766,1791549812766,
e78fc490-693f-40c4-96a1-9480de138908,CONSUMER,1400,1,did:web:ssi-dim-wallet-service.identity:BPNL00000003AYRE,,1791547452130,1791549812822,1791549812822,
63fa4fa7-612f-4de2-aecd-283e5448f3df,CONSUMER,1400,1,did:web:ssi-dim-wallet-service.identity:BPNL00000003AYRE,,1791547452232,1791549812874,1791549812874,
2fca42b3-2afe-42a7-a06f-11b87df6213e,CONSUMER,1400,1,did:web:ssi-dim-wallet-service.identity:BPNL00000003AYRE,,1791547452247,1791549812829,1791549812829,
209779f0-6d24-497c-acdc-3061953381c3,CONSUMER,1400,1,did:web:ssi-dim-wallet-service.identity:BPNL00000003AYRE,,1791547452342,1791549812862,1791549812862,
01fb22bf-90b1-487f-8676-6e1a9a4b4023,CONSUMER,1400,1,did:web:ssi-dim-wallet-service.identity:BPNL00000003AYRE,,1791547452609,1791549816913,1791549816913,
5964c77e-0cd7-499d-b0c3-74ea0c6b7757,CONSUMER,1400,1,did:web:ssi-dim-wallet-service.identity:BPNL00000003AYRE,,1791547452629,1791549812957,1791549812957,
a8855149-07a4-4bb9-b6ec-645b1f3cc7af,CONSUMER,1400,1,did:web:ssi-dim-wallet-service.identity:BPNL00000003AYRE,,1791547453027,1791549754256,1791549754256,
18a28161-192a-46c2-83ba-005970019129,CONSUMER,1400,1,did:web:ssi-dim-wallet-service.identity:BPNL00000003AYRE,,1791547453130,1791549812875,1791549812875,
68c5cb7a-32b9-465b-923b-91d8ea824322,CONSUMER,1400,1,did:web:ssi-dim-wallet-service.identity:BPNL00000003AYRE,,1791547453134,1791549754225,1791549754225,
724c0fdd-44d7-4d7a-a412-dcfe0b7a223f,CONSUMER,1400,1,did:web:ssi-dim-wallet-service.identity:BPNL00000003AYRE,,1791547453237,1791549754422,1791549754422,
79c5e289-7534-46b8-95d9-251b86aaf742,CONSUMER,1400,1,did:web:ssi-dim-wallet-service.identity:BPNL00000003AYRE,,1791547453406,1791549817620,1791549817620,
7f5eaa55-8ded-452d-bf82-23e0281a487a,CONSUMER,1400,1,did:web:ssi-dim-wallet-service.identity:BPNL00000003AYRE,,1791547453708,1791549817666,1791549817666,
d03b4af0-3148-4967-9780-9973adbfe21f,CONSUMER,1400,1,did:web:ssi-dim-wallet-service.identity:BPNL00000003AYRE,,1791547453739,1791549817656,1791549817656,
0c6efd55-404f-4e89-a07b-e87d5fd40cd0,CONSUMER,1400,1,did:web:ssi-dim-wallet-service.identity:BPNL00000003AYRE,,1791547453955,1791549817669,1791549817669,
e98d7f97-677c-4e39-9755-04a64776fee0,CONSUMER,1400,1,did:web:ssi-dim-wallet-service.identity:BPNL00000003AYRE,,1791547454642,1791549817695,1791549817695,
6cbca0e7-f7d0-4eef-9e8b-a4410aec4800,CONSUMER,1400,1,did:web:ssi-dim-wallet-service.identity:BPNL00000003AYRE,,1791547454838,1791549817690,1791549817690,
e42e12c0-a9b0-4685-bd1b-35e6e33d871b,CONSUMER,1400,1,did:web:ssi-dim-wallet-service.identity:BPNL00000003AYRE,,1791547455232,1791549817667,1791549817667,
fd6837f6-b498-4eb6-b36b-57e116bc9863,CONSUMER,1400,1,did:web:ssi-dim-wallet-service.identity:BPNL00000003AYRE,,1791547455331,1791549817730,1791549817730,
c6817db5-f8ad-4a67-84f4-63cf76bfa2df,CONSUMER,1400,1,did:web:ssi-dim-wallet-service.identity:BPNL00000003AYRE,,1791547455630,1791549817738,1791549817738,
0cf453ab-072a-4d5b-9498-92ca87282974,CONSUMER,1400,1,did:web:ssi-dim-wallet-service.identity:BPNL00000003AYRE,,1791547456028,1791549817735,1791549817735,
81f6ebfe-3688-42c5-8062-7d9bacc315f8,CONSUMER,1400,1,did:web:ssi-dim-wallet-service.identity:BPNL00000003AYRE,,1791547456110,1791549817731,1791549817731,
df536b42-349a-418c-9dc2-dd0817b03bb9,CONSUMER,1400,1,did:web:ssi-dim-wallet-service.identity:BPNL00000003AYRE,,1791547457206,1791549817780,1791549817780,
90548ff8-fcb5-4069-8ff7-45fcad2b5c35,CONSUMER,1400,1,did:web:ssi-dim-wallet-service.identity:BPNL00000003AYRE,,1791547457430,1791549817795,1791549817795,
b07b2350-ce83-4106-baa6-27d68af8bf0a,CONSUMER,1400,1,did:web:ssi-dim-wallet-service.identity:BPNL00000003AYRE,,1791547458109,1791549817812,1791549817812,
20dcaefc-3ccb-4809-8a34-124d96373f25,CONSUMER,1400,1,did:web:ssi-dim-wallet-service.identity:BPNL00000003AYRE,,1791547458938,1791549818170,1791549818170,
91822e21-4ede-4214-a659-013d768196b5,CONSUMER,1400,1,did:web:ssi-dim-wallet-service.identity:BPNL00000003AYRE,,1791547459104,1791549818174,1791549818174,
f7e860ef-1356-4d47-a203-131c92fa7ea0,CONSUMER,1400,1,did:web:ssi-dim-wallet-service.identity:BPNL00000003AYRE,,1791547459230,1791549823728,1791549823728,
3490eb11-fc4a-4e2c-8c42-53283fea0eed,CONSUMER,1400,1,did:web:ssi-dim-wallet-service.identity:BPNL00000003AYRE,,1791547459402,1791549823721,1791549823721,
90932a6c-72c8-4833-8622-9f8fe97b17ae,CONSUMER,1400,1,did:web:ssi-dim-wallet-service.identity:BPNL00000003AYRE,,1791547460028,1791549823738,1791549823738,
8943c7c9-30eb-4bbf-b519-3835f26a9f0e,CONSUMER,1400,1,did:web:ssi-dim-wallet-service.identity:BPNL00000003AYRE,,1791547460811,1791549824450,1791549824450,
427dd6e9-cec6-43ac-99ef-565055b4702c,CONSUMER,1400,1,did:web:ssi-dim-wallet-service.identity:BPNL00000003AYRE,,1791547460834,1791549813310,1791549813310,
acdda724-d1c1-43dd-b798-1c5cd7a33f55,CONSUMER,1400,1,did:web:ssi-dim-wallet-service.identity:BPNL00000003AYRE,,1791547460903,1791549813351,1791549813351,
749b4db4-bbcc-4144-a443-548e0e76b1df,CONSUMER,1400,1,did:web:ssi-dim-wallet-service.identity:BPNL00000003AYRE,,1791547460932,1791549813375,1791549813375,
8e22b720-8004-403e-867a-31b7b9fe48c8,CONSUMER,1400,1,did:web:ssi-dim-wallet-service.identity:BPNL00000003AYRE,,1791547461310,1791549813390,1791549813390,
1c589f45-079c-4131-acf2-de62eac4c9a2,CONSUMER,1400,1,did:web:ssi-dim-wallet-service.identity:BPNL00000003AYRE,,1791547461338,1791549813407,1791549813407,
bb693923-87e6-4331-ba08-1964540bb79e,CONSUMER,1400,1,did:web:ssi-dim-wallet-service.identity:BPNL00000003AYRE,,1791547461407,1791549813404,1791549813404,
6bc94102-2105-4113-8517-50a933887c50,CONSUMER,1400,1,did:web:ssi-dim-wallet-service.identity:BPNL00000003AYRE,,1791547461604,1791549813425,1791549813425,
77931de6-554d-4e13-9452-d0a5992ff543,CONSUMER,1400,1,did:web:ssi-dim-wallet-service.identity:BPNL00000003AYRE,,1791547462207,1791549813430,1791549813430,
8680f318-1b46-46e3-9adc-8c2ced761e75,CONSUMER,1400,1,did:web:ssi-dim-wallet-service.identity:BPNL00000003AYRE,,1791547463330,1791549813444,1791549813444,
6cfd377a-e30b-4507-89cd-fae5b8b00f89,CONSUMER,1400,1,did:web:ssi-dim-wallet-service.identity:BPNL00000003AYRE,,1791547463331,1791549813458,1791549813458,
a3cb4224-77ad-4ad5-abb0-56344381a5b7,CONSUMER,1400,1,did:web:ssi-dim-wallet-service.identity:BPNL00000003AYRE,,1791547463333,1791549813469,1791549813469,
9ef1fb12-5c36-45c8-b48c-62d9cdd33f30,CONSUMER,1400,1,did:web:ssi-dim-wallet-service.identity:BPNL00000003AYRE,,1791547463428,1791549813478,1791549813478,
ed2c6c2f-ed4e-4168-8097-76238ce5b3bf,CONSUMER,1400,1,did:web:ssi-dim-wallet-service.identity:BPNL00000003AYRE,,1791547463505,1791549813496,1791549813496,
ac2d24bc-ea42-4390-9d2f-b5075f8d4d0d,CONSUMER,1400,1,did:web:ssi-dim-wallet-service.identity:BPNL00000003AYRE,,1791547463528,1791549813499,1791549813499,
d898eddc-28bb-4ebb-85de-9660d55e7406,CONSUMER,1400,1,did:web:ssi-dim-wallet-service.identity:BPNL00000003AYRE,,1791547463602,1791549813512,1791549813512,
6a9ec713-e3f0-4edc-b438-746b70500060,CONSUMER,1400,1,did:web:ssi-dim-wallet-service.identity:BPNL00000003AYRE,,1791547463631,1791549813528,1791549813528,
9c5afbd8-dddb-44ed-9552-ccffe685a77a,CONSUMER,1400,1,did:web:ssi-dim-wallet-service.identity:BPNL00000003AYRE,,1791547463855,1791549813874,1791549813874,
3b249f24-fb82-4bae-82b9-731edacd0f1e,CONSUMER,1400,1,did:web:ssi-dim-wallet-service.identity:BPNL00000003AYRE,,1791547463933,1791549813878,1791549813878,
1a7fc3ae-ab7e-43c7-9b97-8ace69a17661,CONSUMER,1400,1,did:web:ssi-dim-wallet-service.identity:BPNL00000003AYRE,,1791547464836,1791549813898,1791549813898,
7352975b-c0e5-443a-9e5c-2ef27339299e,CONSUMER,1400,1,did:web:ssi-dim-wallet-service.identity:BPNL00000003AYRE,,1791547465040,1791549813875,1791549813875,
a45619ad-852a-450c-9d05-93076671b8fa,CONSUMER,1400,1,did:web:ssi-dim-wallet-service.identity:BPNL00000003AYRE,,1791547465129,1791549813973,1791549813973,
97f608f8-3962-4519-8803-8f57f0d7ad61,CONSUMER,1400,1,did:web:ssi-dim-wallet-service.identity:BPNL00000003AYRE,,1791547465208,1791549813974,1791549813974,
3537820e-7865-4733-b53a-877537db598c,CONSUMER,1400,1,did:web:ssi-dim-wallet-service.identity:BPNL00000003AYRE,,1791547465605,1791549754422,1791549754422,
2ac0c6e7-eae5-43ef-8afb-00a0718fddbf,CONSUMER,1400,1,did:web:ssi-dim-wallet-service.identity:BPNL00000003AYRE,,1791547466336,1791549754415,1791549754415,
2dc994da-553b-48c0-855c-2ecfce81bc57,CONSUMER,1400,1,did:web:ssi-dim-wallet-service.identity:BPNL00000003AYRE,,1791547466433,1791549754518,1791549754518,
5a3986df-2108-41c0-b91b-b47944bddb00,CONSUMER,1400,1,did:web:ssi-dim-wallet-service.identity:BPNL00000003AYRE,,1791547466735,1791549754584,1791549754584,
3ec40829-7097-4dc5-a04a-c821cd46df71,CONSUMER,1400,1,did:web:ssi-dim-wallet-service.identity:BPNL00000003AYRE,,1791547466804,1791549754570,1791549754570,
9e9752fa-1a9a-4dd3-8501-b115cb7c6de0,CONSUMER,1400,1,did:web:ssi-dim-wallet-service.identity:BPNL00000003AYRE,,1791547466837,1791549754560,1791549754560,
bffef6f8-e3f3-445d-a1d9-867fab58926d,CONSUMER,1400,1,did:web:ssi-dim-wallet-service.identity:BPNL00000003AYRE,,1791547466904,1791549754626,1791549754626,
9e47573d-b20f-46ce-9f6a-ea2c625b63ee,CONSUMER,1400,1,did:web:ssi-dim-wallet-service.identity:BPNL00000003AYRE,,1791547466911,1791549754642,1791549754642,
5330fdea-c240-4e5d-9001-74fd4ded8ac9,CONSUMER,1400,1,did:web:ssi-dim-wallet-service.identity:BPNL00000003AYRE,,1791547466928,1791549754664,1791549754664,
f7007782-ae6b-4ebc-ab3a-0fccecd2e904,CONSUMER,1400,1,did:web:ssi-dim-wallet-service.identity:BPNL00000003AYRE,,1791547467104,1791549754675,1791549754675,
08407bff-41bf-4961-91d7-0be2dc5dded2,CONSUMER,1400,1,did:web:ssi-dim-wallet-service.identity:BPNL00000003AYRE,,1791547467327,1791549754746,1791549754746,
5171c978-0703-4a2d-90e8-f1f9b54cef1e,CONSUMER,1400,1,did:web:ssi-dim-wallet-service.identity:BPNL00000003AYRE,,1791547467940,1791549754761,1791549754761,
534ba5f7-ee01-4574-b7ec-f54088c0be2a,CONSUMER,1400,1,did:web:ssi-dim-wallet-service.identity:BPNL00000003AYRE,,1791547468202,1791549824447,1791549824447,
ea09fe31-caa2-4ab0-86dd-aab1cb69fb2e,CONSUMER,1400,1,did:web:ssi-dim-wallet-service.identity:BPNL00000003AYRE,,1791547468204,1791549824566,1791549824566,
4683f750-5e34-416a-bb1a-34a5ae3830c8,CONSUMER,1400,1,did:web:ssi-dim-wallet-service.identity:BPNL00000003AYRE,,1791547470036,1791549824571,1791549824571,
6505001b-ec5a-4dbe-addd-36940284b8f7,CONSUMER,1400,1,did:web:ssi-dim-wallet-service.identity:BPNL00000003AYRE,,1791547470507,1791549824572,1791549824572,
e75cea14-088e-4035-91b1-1660246b904e,CONSUMER,1400,1,did:web:ssi-dim-wallet-service.identity:BPNL00000003AYRE,,1791547472030,1791549824676,1791549824676,
eaa68a87-675f-4a9b-9bb6-ba5752150e1c,CONSUMER,1400,1,did:web:ssi-dim-wallet-service.identity:BPNL00000003AYRE,,1791547472328,1791549824574,1791549824574,
754352b0-3e88-44f0-b1ca-2d099341aea1,CONSUMER,1400,1,did:web:ssi-dim-wallet-service.identity:BPNL00000003AYRE,,1791547473034,1791549824649,1791549824649,
f5828d99-b491-4b36-8746-de6f32cdb14d,CONSUMER,1400,1,did:web:ssi-dim-wallet-service.identity:BPNL00000003AYRE,,1791547473236,1791549824820,1791549824820,
88e128d4-6f1c-4591-a7dc-d122d933b220,CONSUMER,1400,1,did:web:ssi-dim-wallet-service.identity:BPNL00000003AYRE,,1791547473238,1791549824857,1791549824857,
f791525b-ab96-46ee-812e-d63ff97213e6,CONSUMER,1400,1,did:web:ssi-dim-wallet-service.identity:BPNL00000003AYRE,,1791547473438,1791549824820,1791549824820,
b0c96b2f-b00c-45fc-9c3b-269f31c49443,CONSUMER,1400,1,did:web:ssi-dim-wallet-service.identity:BPNL00000003AYRE,,1791547473831,1791549825051,1791549825051,
aac8a1fd-55a3-4ff9-910f-505597abb047,CONSUMER,1400,1,did:web:ssi-dim-wallet-service.identity:BPNL00000003AYRE,,1791547474306,1791549824724,1791549824724,
43deb14b-1bda-4224-9703-3c89219b02e1,CONSUMER,1400,1,did:web:ssi-dim-wallet-service.identity:BPNL00000003AYRE,,1791547474609,1791549747869,1791549747869,
e09ff9a4-a64c-4123-ac76-f91e85e4b115,CONSUMER,1400,1,did:web:ssi-dim-wallet-service.identity:BPNL00000003AYRE,,1791547475107,1791549814260,1791549814260,
eb30bfae-43a0-45b6-85b0-048c5cd64fd7,CONSUMER,1400,1,did:web:ssi-dim-wallet-service.identity:BPNL00000003AYRE,,1791547475343,1791549747919,1791549747919,
b413d825-7724-4231-bf09-d6f1b6eab57f,CONSUMER,1400,1,did:web:ssi-dim-wallet-service.identity:BPNL00000003AYRE,,1791547475808,1791549747925,1791549747925,
a64a5ce3-35ee-464f-bc36-be66794d7924,CONSUMER,1400,1,did:web:ssi-dim-wallet-service.identity:BPNL00000003AYRE,,1791547475815,1791549747882,1791549747882,
d7c3a84f-7ece-4d16-805b-2c4d350f3a8b,CONSUMER,1400,1,did:web:ssi-dim-wallet-service.identity:BPNL00000003AYRE,,1791547476731,1791549747929,1791549747929,
a8a5f1e9-72e4-453a-af5b-eedf23164913,CONSUMER,1400,1,did:web:ssi-dim-wallet-service.identity:BPNL00000003AYRE,,1791547478034,1791549748022,1791549748022,
f91d21a3-bd8b-478e-9f0b-707fcbc77319,CONSUMER,1400,1,did:web:ssi-dim-wallet-service.identity:BPNL00000003AYRE,,1791547478142,1791549747919,1791549747919,
07d66813-3643-4488-8da5-f931592f5ff8,CONSUMER,1400,1,did:web:ssi-dim-wallet-service.identity:BPNL00000003AYRE,,1791547478503,1791549748020,1791549748020,
24a4633a-1d8f-4031-81a6-1766a4106018,CONSUMER,1400,1,did:web:ssi-dim-wallet-service.identity:BPNL00000003AYRE,,1791547480006,1791549747969,1791549747969,
84c8e910-4bb9-4e07-abf5-5a245e1bd3bc,CONSUMER,1400,1,did:web:ssi-dim-wallet-service.identity:BPNL00000003AYRE,,1791547480445,1791549754766,1791549754766,
d9e21444-ee42-4535-b3d5-94cbfb460e98,CONSUMER,1400,1,did:web:ssi-dim-wallet-service.identity:BPNL00000003AYRE,,1791547481443,1791549754874,1791549754874,
80f081ef-ceab-431f-9c06-593169615567,CONSUMER,1400,1,did:web:ssi-dim-wallet-service.identity:BPNL00000003AYRE,,1791547481907,1791549754840,1791549754840,
72c6d85c-17e0-4ba8-9c5d-7b697c7b9bec,CONSUMER,1400,1,did:web:ssi-dim-wallet-service.identity:BPNL00000003AYRE,,1791547483308,1791549814960,1791549814960,
bb5b5d19-1e5b-4198-9cf3-6a377d368077,CONSUMER,1400,1,did:web:ssi-dim-wallet-service.identity:BPNL00000003AYRE,,1791547483736,1791549754955,1791549754955,
5ed0294a-f223-4f25-b7eb-05cffcfcd5f5,CONSUMER,1400,1,did:web:ssi-dim-wallet-service.identity:BPNL00000003AYRE,,1791547483834,1791549754974,1791549754974,
ee36302e-abc3-4b89-86ac-8ecdf5e7374d,CONSUMER,1400,1,did:web:ssi-dim-wallet-service.identity:BPNL00000003AYRE,,1791547484708,1791549814967,1791549814967,
9b579a1a-e965-4506-a571-f30efc991262,CONSUMER,1400,1,did:web:ssi-dim-wallet-service.identity:BPNL00000003AYRE,,1791547484740,1791549815005,1791549815005,
3ba944ea-f7bc-4ace-90fe-03a334196cf3,CONSUMER,1400,1,did:web:ssi-dim-wallet-service.identity:BPNL00000003AYRE,,1791547485529,1791549815061,1791549815061,
d8987144-41a1-4ffa-8676-7a8b71932664,CONSUMER,1400,1,did:web:ssi-dim-wallet-service.identity:BPNL00000003AYRE,,1791547485628,1791549815060,1791549815060,
a4c1bc37-8693-41c0-a591-e09b1fb21f13,CONSUMER,1400,1,did:web:ssi-dim-wallet-service.identity:BPNL00000003AYRE,,1791547486130,1791549815472,1791549815472,
4d92a37e-00f0-437b-a3e3-f6db0f52a6a2,CONSUMER,1400,1,did:web:ssi-dim-wallet-service.identity:BPNL00000003AYRE,,1791547486236,1791549815073,1791549815073,
33ae9738-a5c5-420f-b75a-2b75828da47b,CONSUMER,1400,1,did:web:ssi-dim-wallet-service.identity:BPNL00000003AYRE,,1791547486403,1791549815081,1791549815081,
78fb43b5-6924-4e7b-9ebd-08bc8f8cccb6,CONSUMER,1400,1,did:web:ssi-dim-wallet-service.identity:BPNL00000003AYRE,,1791547486529,1791549815464,1791549815464,
17b96907-cd87-4afa-9200-e5d307128558,CONSUMER,1400,1,did:web:ssi-dim-wallet-service.identity:BPNL00000003AYRE,,1791547486732,1791549815473,1791549815473,
4cbf295b-2d52-499e-8147-fe9b2dbe7d6d,CONSUMER,1400,1,did:web:ssi-dim-wallet-service.identity:BPNL00000003AYRE,,1791547486804,1791549815475,1791549815475,
23046fa9-299e-4d9f-ae89-2c72793971a2,CONSUMER,1400,1,did:web:ssi-dim-wallet-service.identity:BPNL00000003AYRE,,1791547488328,1791549815504,1791549815504,
24276e70-7711-4326-9e41-5fadcf22849a,CONSUMER,1400,1,did:web:ssi-dim-wallet-service.identity:BPNL00000003AYRE,,1791547488337,1791549815572,1791549815572,
2675b394-ef0e-43d1-9a19-315e061f9b76,CONSUMER,1400,1,did:web:ssi-dim-wallet-service.identity:BPNL00000003AYRE,,1791547489404,1791549815557,1791549815557,
88a145b4-9780-42d1-b94e-d62f4a51f251,CONSUMER,1400,1,did:web:ssi-dim-wallet-service.identity:BPNL00000003AYRE,,1791547489428,1791549815571,1791549815571,
c1bda33a-5417-4b3c-a8ce-a53bce9fc905,CONSUMER,1400,1,did:web:ssi-dim-wallet-service.identity:BPNL00000003AYRE,,1791547489429,1791549815660,1791549815660,
c651eaad-17f9-477a-97dd-cd8f2b7d8dd1,CONSUMER,1400,1,did:web:ssi-dim-wallet-service.identity:BPNL00000003AYRE,,1791547490032,1791549815603,1791549815603,
6f722ad9-1a87-4cec-ae43-e9b488030fdd,CONSUMER,1400,1,did:web:ssi-dim-wallet-service.identity:BPNL00000003AYRE,,1791547490041,1791549815590,1791549815590,
ba85be09-244a-4132-98fb-489bda5b5ac8,CONSUMER,1400,1,did:web:ssi-dim-wallet-service.identity:BPNL00000003AYRE,,1791547490131,1791549815569,1791549815569,
eb183045-12a5-4e79-9b21-bd6953017e30,CONSUMER,1400,1,did:web:ssi-dim-wallet-service.identity:BPNL00000003AYRE,,1791547490332,1791549815698,1791549815698,
a7d800db-414b-4316-8b58-d66a95695714,CONSUMER,1400,1,did:web:ssi-dim-wallet-service.identity:BPNL00000003AYRE,,1791547490517,1791549815669,1791549815669,
232c8b2a-11e4-4797-9d3c-a6a81a6e9791,CONSUMER,1400,1,did:web:ssi-dim-wallet-service.identity:BPNL00000003AYRE,,1791547490610,1791549815691,1791549815691,
24c0a724-3775-47ac-bd56-fcfe45893060,CONSUMER,1400,1,did:web:ssi-dim-wallet-service.identity:BPNL00000003AYRE,,1791547491106,1791549815664,1791549815664,
46786715-3800-4f81-96b6-cdb0ea8af525,CONSUMER,1400,1,did:web:ssi-dim-wallet-service.identity:BPNL00000003AYRE,,1791547491745,1791549815667,1791549815667,
4a27dce1-cec3-4d87-b173-e64ba12eda78,CONSUMER,1400,1,did:web:ssi-dim-wallet-service.identity:BPNL00000003AYRE,,1791547492507,1791549815705,1791549815705,
eaf59e28-fcdc-4205-a4dd-4a36cf8176b1,CONSUMER,1400,1,did:web:ssi-dim-wallet-service.identity:BPNL00000003AYRE,,1791547494736,1791549815705,1791549815705,
9e9fae3a-2f7d-454e-8534-82137fd59067,CONSUMER,1400,1,did:web:ssi-dim-wallet-service.identity:BPNL00000003AYRE,,1791547496134,1791549816213,1791549816213,
3c60d7e1-87c1-4de7-acd0-9bf5c6df85ec,CONSUMER,1400,1,did:web:ssi-dim-wallet-service.identity:BPNL00000003AYRE,,1791547496533,1791549815718,1791549815718,
c691271c-9554-470c-9739-fad488d3d8b7,CONSUMER,1400,1,did:web:ssi-dim-wallet-service.identity:BPNL00000003AYRE,,1791547497304,1791549816212,1791549816212,
9bd360db-4247-46ca-80a9-86337ce6da37,CONSUMER,1400,1,did:web:ssi-dim-wallet-service.identity:BPNL00000003AYRE,,1791547497807,1791549798968,1791549798968,
b8b6758e-cc70-453b-9466-71e3ae39f866,CONSUMER,1400,1,did:web:ssi-dim-wallet-service.identity:BPNL00000003AYRE,,1791547498031,1791549824958,1791549824958,
3b57b64e-0f5b-4a44-a140-c6e99fb192cf,CONSUMER,1400,1,did:web:ssi-dim-wallet-service.identity:BPNL00000003AYRE,,1791547498614,1791549825059,1791549825059,
d140f8de-c349-4438-a5e7-2a3c2280269e,CONSUMER,1400,1,did:web:ssi-dim-wallet-service.identity:BPNL00000003AYRE,,1791547498706,1791549825081,1791549825081,
15543aea-1138-4698-b5c4-b71d6de545f6,CONSUMER,1400,1,did:web:ssi-dim-wallet-service.identity:BPNL00000003AYRE,,1791547499105,1791549825220,1791549825220,
69bd5aa2-bffe-4d99-b854-3fe36ee84dbe,CONSUMER,1400,1,did:web:ssi-dim-wallet-service.identity:BPNL00000003AYRE,,1791547499302,1791549825231,1791549825231,
68f806db-e198-4228-8936-dd271f31c468,CONSUMER,1400,1,did:web:ssi-dim-wallet-service.identity:BPNL00000003AYRE,,1791547499606,1791549825340,1791549825340,
d2779fa5-55a1-46dd-aeb2-3851fdad5b69,CONSUMER,1400,1,did:web:ssi-dim-wallet-service.identity:BPNL00000003AYRE,,1791547500635,1791549825997,1791549825997,
74e97ae2-20e8-47d6-a9fa-18df9f06f5c8,CONSUMER,1400,1,did:web:ssi-dim-wallet-service.identity:BPNL00000003AYRE,,1791547500730,1791549826074,1791549826074,
9db1768d-d772-4d72-b4f5-e1f93ce240f2,CONSUMER,1400,1,did:web:ssi-dim-wallet-service.identity:BPNL00000003AYRE,,1791547500738,1791549825961,1791549825961,
a3cd3aa3-3e06-4781-837a-ae79849f88cc,CONSUMER,1400,1,did:web:ssi-dim-wallet-service.identity:BPNL00000003AYRE,,1791547500738,1791549826078,1791549826078,
c0d66a12-5ed5-40e2-88eb-e16ae9da88b6,CONSUMER,1400,1,did:web:ssi-dim-wallet-service.identity:BPNL00000003AYRE,,1791547501336,1791549755831,1791549755831,
050b7628-9938-4b79-9fb6-2d79a073a6b3,CONSUMER,1400,1,did:web:ssi-dim-wallet-service.identity:BPNL00000003AYRE,,1791547501509,1791549826060,1791549826060,
c35638f3-4a1a-4493-8d3a-57f74d07dbb2,CONSUMER,1400,1,did:web:ssi-dim-wallet-service.identity:BPNL00000003AYRE,,1791547501908,1791549826002,1791549826002,
10523480-5f98-49e1-9d39-fb6d70f44aa2,CONSUMER,1400,1,did:web:ssi-dim-wallet-service.identity:BPNL00000003AYRE,,1791547502403,1791549826106,1791549826106,
1bb3045c-8187-4233-acc8-3f7df4f51b22,CONSUMER,1400,1,did:web:ssi-dim-wallet-service.identity:BPNL00000003AYRE,,1791547502543,1791549755867,1791549755867,
32188ea9-fda8-4b9e-9ea3-469417b64c81,CONSUMER,1400,1,did:web:ssi-dim-wallet-service.identity:BPNL00000003AYRE,,1791547502829,1791549756067,1791549756067,
c2831593-0a64-4774-ba1d-2ebf32c74026,CONSUMER,1400,1,did:web:ssi-dim-wallet-service.identity:BPNL00000003AYRE,,1791547504613,1791549756047,1791549756047,
86c6d014-e543-4bbc-8f4e-ca4d069f3d8b,CONSUMER,1400,1,did:web:ssi-dim-wallet-service.identity:BPNL00000003AYRE,,1791547504705,1791549755924,1791549755924,
acb74909-22e0-44dd-84de-cd4b9b07ecad,CONSUMER,1400,1,did:web:ssi-dim-wallet-service.identity:BPNL00000003AYRE,,1791547507109,1791549756170,1791549756170,
62922eb0-af84-475f-988e-0f086e6427b5,CONSUMER,1400,1,did:web:ssi-dim-wallet-service.identity:BPNL00000003AYRE,,1791547507230,1791549756078,1791549756078,
25885740-7392-4ab8-a239-6316610d3e1b,CONSUMER,1400,1,did:web:ssi-dim-wallet-service.identity:BPNL00000003AYRE,,1791547507346,1791549756111,1791549756111,
e21e153f-c81c-495d-af2a-38513ca6936a,CONSUMER,1400,1,did:web:ssi-dim-wallet-service.identity:BPNL00000003AYRE,,1791547507408,1791549756171,1791549756171,
6039cb41-112e-47a6-9682-91c00ea5f107,CONSUMER,1400,1,did:web:ssi-dim-wallet-service.identity:BPNL00000003AYRE,,1791547508630,1791549756215,1791549756215,
e2afbaf0-893d-4904-a2c1-1685cae8b784,CONSUMER,1400,1,did:web:ssi-dim-wallet-service.identity:BPNL00000003AYRE,,1791547508633,1791549756320,1791549756320,
7de66bd9-fedc-4ed7-82ae-fb6a57115373,CONSUMER,1400,1,did:web:ssi-dim-wallet-service.identity:BPNL00000003AYRE,,1791547508832,1791549756367,1791549756367,
e3c46341-85c1-443d-b18d-a15c6c1ee612,CONSUMER,1400,1,did:web:ssi-dim-wallet-service.identity:BPNL00000003AYRE,,1791547508940,1791549756529,1791549756529,
d018ccfd-5efc-41e6-b9f1-8d54203f741a,CONSUMER,1400,1,did:web:ssi-dim-wallet-service.identity:BPNL00000003AYRE,,1791547509235,1791549756529,1791549756529,
076e2dd4-aeef-4419-8320-7f189a5b193f,CONSUMER,1400,1,did:web:ssi-dim-wallet-service.identity:BPNL00000003AYRE,,1791547509404,1791549756520,1791549756520,
6bab0a47-4e0d-4d97-a323-cb4623a5e942,CONSUMER,1400,1,did:web:ssi-dim-wallet-service.identity:BPNL00000003AYRE,,1791547510804,1791549756520,1791549756520,
9e4cfb76-0a2d-4c28-9ee0-a7825771dc58,CONSUMER,1400,1,did:web:ssi-dim-wallet-service.identity:BPNL00000003AYRE,,1791547511041,1791549756625,1791549756625,
d9ded9c6-5bb2-47dd-96ab-d8ebabb95541,CONSUMER,1400,1,did:web:ssi-dim-wallet-service.identity:BPNL00000003AYRE,,1791547511403,1791549827411,1791549827411,
0d93a07b-8910-4589-b6a9-688a7950e081,CONSUMER,1400,1,did:web:ssi-dim-wallet-service.identity:BPNL00000003AYRE,,1791547511435,1791549827470,1791549827470,
9a5c276c-9799-42d1-bdc2-a6b56668275b,CONSUMER,1400,1,did:web:ssi-dim-wallet-service.identity:BPNL00000003AYRE,,1791547513403,1791549756720,1791549756720,
3d681fc5-ed79-4acd-8062-d0152635a678,CONSUMER,1400,1,did:web:ssi-dim-wallet-service.identity:BPNL00000003AYRE,,1791547513436,1791549756790,1791549756790,
88b5f246-b31b-4e31-920f-25f8e00989d4,CONSUMER,1400,1,did:web:ssi-dim-wallet-service.identity:BPNL00000003AYRE,,1791547514828,1791549827477,1791549827477,
e9dc99cd-ccae-4214-bc77-f1e54d98f44a,CONSUMER,1400,1,did:web:ssi-dim-wallet-service.identity:BPNL00000003AYRE,,1791547515433,1791549827477,1791549827477,
796c268e-8ec6-4029-94f8-f961e3f14925,CONSUMER,1400,1,did:web:ssi-dim-wallet-service.identity:BPNL00000003AYRE,,1791547515840,1791549827479,1791549827479,
bab9769a-252c-411c-91a3-e65098645eba,CONSUMER,1400,1,did:web:ssi-dim-wallet-service.identity:BPNL00000003AYRE,,1791547516028,1791549827526,1791549827526,
2d9016b7-f87a-4c4d-952c-4002850108b6,CONSUMER,1400,1,did:web:ssi-dim-wallet-service.identity:BPNL00000003AYRE,,1791547516505,1791549827540,1791549827540,
aa45a8fd-453f-4c32-9a32-e8ec0dae3f6e,CONSUMER,1400,1,did:web:ssi-dim-wallet-service.identity:BPNL00000003AYRE,,1791547516803,1791549827591,1791549827591,
1e929860-68ba-4b80-82be-79ba69f9c509,CONSUMER,1400,1,did:web:ssi-dim-wallet-service.identity:BPNL00000003AYRE,,1791547517054,1791549827547,1791549827547,
b96f856d-6765-439c-b1a3-c6295384988f,CONSUMER,1400,1,did:web:ssi-dim-wallet-service.identity:BPNL00000003AYRE,,1791547517304,1791549827583,1791549827583,
d2540534-5f87-4ee2-8e5d-d44d97970920,CONSUMER,1400,1,did:web:ssi-dim-wallet-service.identity:BPNL00000003AYRE,,1791547517906,1791549757868,1791549757868,
541edfda-07fa-4880-b219-341cf83e681b,CONSUMER,1400,1,did:web:ssi-dim-wallet-service.identity:BPNL00000003AYRE,,1791547518840,1791549757884,1791549757884,
5d8eeed7-41be-4c5b-a1ea-8b5e3103527b,CONSUMER,1400,1,did:web:ssi-dim-wallet-service.identity:BPNL00000003AYRE,,1791547519033,1791549828528,1791549828528,
eb6548a4-0489-4507-8897-acc31bbf5417,CONSUMER,1400,1,did:web:ssi-dim-wallet-service.identity:BPNL00000003AYRE,,1791547519204,1791549757763,1791549757763,
7b5a97ab-410d-493d-9a75-6594325d272f,CONSUMER,1400,1,did:web:ssi-dim-wallet-service.identity:BPNL00000003AYRE,,1791547519438,1791549757930,1791549757930,
9b5888cc-aeed-4255-9f36-e2e9084f0d0e,CONSUMER,1400,1,did:web:ssi-dim-wallet-service.identity:BPNL00000003AYRE,,1791547519609,1791549757972,1791549757972,
97c18d2d-ea82-4f4d-982d-1a6fa93e2ed8,CONSUMER,1400,1,did:web:ssi-dim-wallet-service.identity:BPNL00000003AYRE,,1791547520204,1791549757970,1791549757970,
58671db3-9c27-46f9-8575-c1ee4285008d,CONSUMER,1400,1,did:web:ssi-dim-wallet-service.identity:BPNL00000003AYRE,,1791547520209,1791549757904,1791549757904,
b5b6bac4-78c9-4ddf-98ad-bbf85d252338,CONSUMER,1400,1,did:web:ssi-dim-wallet-service.identity:BPNL00000003AYRE,,1791547520410,1791549758174,1791549758174,
a6ce81cb-9262-4860-abb7-2c74792eb468,CONSUMER,1400,1,did:web:ssi-dim-wallet-service.identity:BPNL00000003AYRE,,1791547522334,1791549758121,1791549758121,
e052285e-9495-419b-b0b7-cca0993df524,CONSUMER,1400,1,did:web:ssi-dim-wallet-service.identity:BPNL00000003AYRE,,1791547522409,1791549758272,1791549758272,
4e5edcb4-6e2a-4ba0-924d-4ad31f17baa2,CONSUMER,1400,1,did:web:ssi-dim-wallet-service.identity:BPNL00000003AYRE,,1791547522940,1791549758220,1791549758220,
1da75e85-cb83-4d26-bd40-843057521f35,CONSUMER,1400,1,did:web:ssi-dim-wallet-service.identity:BPNL00000003AYRE,,1791547523404,1791549758173,1791549758173,
c4c4dfcf-a016-400c-9b01-650264dc180d,CONSUMER,1400,1,did:web:ssi-dim-wallet-service.identity:BPNL00000003AYRE,,1791547524403,1791549758470,1791549758470,
fe3ee942-c8a5-4cb4-bb8a-aed424b60d77,CONSUMER,1400,1,did:web:ssi-dim-wallet-service.identity:BPNL00000003AYRE,,1791547524630,1791549758320,1791549758320,
be8951f5-db97-42cf-9ca5-0a6e222cb8f1,CONSUMER,1400,1,did:web:ssi-dim-wallet-service.identity:BPNL00000003AYRE,,1791547524814,1791549758477,1791549758477,
27650887-3ec7-4817-994c-40433614f8bb,CONSUMER,1400,1,did:web:ssi-dim-wallet-service.identity:BPNL00000003AYRE,,1791547524908,1791549758328,1791549758328,
8ad88761-7de1-4de3-8ab8-4c865cb64e6f,CONSUMER,1400,1,did:web:ssi-dim-wallet-service.identity:BPNL00000003AYRE,,1791547525104,1791549758522,1791549758522,
dba044be-0ad8-47fe-830b-4d3450016cd4,CONSUMER,1400,1,did:web:ssi-dim-wallet-service.identity:BPNL00000003AYRE,,1791547525703,1791549758675,1791549758675,
55bb3d63-79e1-428d-b924-9aa82f41d74a,CONSUMER,1400,1,did:web:ssi-dim-wallet-service.identity:BPNL00000003AYRE,,1791547525828,1791549758674,1791549758674,
13552dd6-0b23-4cb4-a7e3-25e4ffa8f85a,CONSUMER,1400,1,did:web:ssi-dim-wallet-service.identity:BPNL00000003AYRE,,1791547525931,1791549758674,1791549758674,
9f0e4859-d5c3-4140-815f-791dde855ec2,CONSUMER,1400,1,did:web:ssi-dim-wallet-service.identity:BPNL00000003AYRE,,1791547526206,1791549759969,1791549759969,
c68fde11-6c19-4f2a-8998-77e30d5c9c40,CONSUMER,1400,1,did:web:ssi-dim-wallet-service.identity:BPNL00000003AYRE,,1791547526406,1791549759694,1791549759694,
f3cdf1fa-2629-4a09-a4a5-8252540ca780,CONSUMER,1400,1,did:web:ssi-dim-wallet-service.identity:BPNL00000003AYRE,,1791547527304,1791549759787,1791549759787,
a8e9343a-7b3e-4eee-8bd8-90d5839ad309,CONSUMER,1400,1,did:web:ssi-dim-wallet-service.identity:BPNL00000003AYRE,,1791547527403,1791549759786,1791549759786,
cb0f09bc-2666-43a9-b2fb-39dccc248511,CONSUMER,1400,1,did:web:ssi-dim-wallet-service.identity:BPNL00000003AYRE,,1791547527734,1791549759778,1791549759778,
f8583aaf-e235-4d4f-b41a-bea083f8cb93,CONSUMER,1400,1,did:web:ssi-dim-wallet-service.identity:BPNL00000003AYRE,,1791547527935,1791549759828,1791549759828,
e5666add-125b-4079-a865-bce3a032c620,CONSUMER,1400,1,did:web:ssi-dim-wallet-service.identity:BPNL00000003AYRE,,1791547529330,1791549760068,1791549760068,
5ac4e456-c19f-4051-8024-33a93fbdcb23,CONSUMER,1400,1,did:web:ssi-dim-wallet-service.identity:BPNL00000003AYRE,,1791547529633,1791549759968,1791549759968,
e3fb783d-99d2-435e-951c-8e63927c6742,CONSUMER,1400,1,did:web:ssi-dim-wallet-service.identity:BPNL00000003AYRE,,1791547530533,1791549759970,1791549759970,
daef5c4e-3ff2-485c-bd99-70313c85f0fe,CONSUMER,1400,1,did:web:ssi-dim-wallet-service.identity:BPNL00000003AYRE,,1791547530834,1791549760073,1791549760073,
c7592f28-a038-4f35-9499-dc7c2ef373fd,CONSUMER,1400,1,did:web:ssi-dim-wallet-service.identity:BPNL00000003AYRE,,1791547531308,1791549760067,1791549760067,
27a84221-23d0-4a7f-99f9-2c24026ab151,CONSUMER,1400,1,did:web:ssi-dim-wallet-service.identity:BPNL00000003AYRE,,1791547531331,1791549760067,1791549760067,
318e268b-d95c-4ded-8755-6ea1cdda6833,CONSUMER,1400,1,did:web:ssi-dim-wallet-service.identity:BPNL00000003AYRE,,1791547531404,1791549760028,1791549760028,
ab902d56-9743-4299-9bdb-3b67642a309c,CONSUMER,1400,1,did:web:ssi-dim-wallet-service.identity:BPNL00000003AYRE,,1791547531503,1791549760377,1791549760377,
5658f96d-188b-43f1-9a06-df298b1647ce,CONSUMER,1400,1,did:web:ssi-dim-wallet-service.identity:BPNL00000003AYRE,,1791547531828,1791549760421,1791549760421,
303f4649-897f-4333-b21a-f575f2d24302,CONSUMER,1400,1,did:web:ssi-dim-wallet-service.identity:BPNL00000003AYRE,,1791547532203,1791549760369,1791549760369,
d91a1967-ecfd-4692-8bcb-41b860f33534,CONSUMER,1400,1,did:web:ssi-dim-wallet-service.identity:BPNL00000003AYRE,,1791547532306,1791549760368,1791549760368,
045adf5f-6aef-41f8-aee7-67c86868b846,CONSUMER,1400,1,did:web:ssi-dim-wallet-service.identity:BPNL00000003AYRE,,1791547532454,1791549760378,1791549760378,
6f5b7af8-6c9a-4dad-be87-acf98dc2c276,CONSUMER,1400,1,did:web:ssi-dim-wallet-service.identity:BPNL00000003AYRE,,1791547532639,1791549760476,1791549760476,
53630747-caed-47d5-aad5-061c25cb2a89,CONSUMER,1400,1,did:web:ssi-dim-wallet-service.identity:BPNL00000003AYRE,,1791547532802,1791549760567,1791549760567,
57fa55fe-d1d8-48fd-a4ce-4a36f36db388,CONSUMER,1400,1,did:web:ssi-dim-wallet-service.identity:BPNL00000003AYRE,,1791547533839,1791549802069,1791549802069,
a1e72556-9cda-4286-94bf-4c5db1c19a1e,CONSUMER,1400,1,did:web:ssi-dim-wallet-service.identity:BPNL00000003AYRE,,1791547534008,1791549802079,1791549802079,
d68d86c5-9672-4cee-8dee-4081010ca537,CONSUMER,1400,1,did:web:ssi-dim-wallet-service.identity:BPNL00000003AYRE,,1791547534046,1791549802169,1791549802169,
0f77360b-289a-4b6f-a2a6-197280b3411a,CONSUMER,1400,1,did:web:ssi-dim-wallet-service.identity:BPNL00000003AYRE,,1791547535003,1791549802772,1791549802772,
75b7f50e-832f-4e37-ab5e-0a9973205e4b,CONSUMER,1400,1,did:web:ssi-dim-wallet-service.identity:BPNL00000003AYRE,,1791547535104,1791549802176,1791549802176,
e7fc28ec-3207-4de6-b505-eaebc82da61f,CONSUMER,1400,1,did:web:ssi-dim-wallet-service.identity:BPNL00000003AYRE,,1791547535703,1791549802220,1791549802220,
43ed0db6-80b7-4561-8b52-acd28b3e177e,CONSUMER,1400,1,did:web:ssi-dim-wallet-service.identity:BPNL00000003AYRE,,1791547537030,1791549802220,1791549802220,
113fe18e-1a0c-4704-b0c5-bc2e5a200284,CONSUMER,1400,1,did:web:ssi-dim-wallet-service.identity:BPNL00000003AYRE,,1791547537239,1791549802267,1791549802267,
b703d449-d81c-464b-ad09-75c39b629424,CONSUMER,1400,1,did:web:ssi-dim-wallet-service.identity:BPNL00000003AYRE,,1791547538034,1791549802935,1791549802935,
f9f88253-c804-4ed6-9935-6a562f1fceb7,CONSUMER,1400,1,did:web:ssi-dim-wallet-service.identity:BPNL00000003AYRE,,1791547538305,1791549802968,1791549802968,
929bca0a-96de-4962-bd34-39bf2a62cd8b,CONSUMER,1400,1,did:web:ssi-dim-wallet-service.identity:BPNL00000003AYRE,,1791547538331,1791549802968,1791549802968,
4419f12e-4e15-45f7-bec0-a83c80bdc80b,CONSUMER,1400,1,did:web:ssi-dim-wallet-service.identity:BPNL00000003AYRE,,1791547538602,1791549802869,1791549802869,
5ecbf061-3768-4b19-a8b7-dbc4d9837955,CONSUMER,1400,1,did:web:ssi-dim-wallet-service.identity:BPNL00000003AYRE,,1791547538605,1791549802924,1791549802924,
89de69c4-8d56-4e8d-87f4-0b320c6a551d,CONSUMER,1400,1,did:web:ssi-dim-wallet-service.identity:BPNL00000003AYRE,,1791547538702,1791549803032,1791549803032,
06066092-a2e2-4d88-85be-4d452b99af0d,CONSUMER,1400,1,did:web:ssi-dim-wallet-service.identity:BPNL00000003AYRE,,1791547539216,1791549803068,1791549803068,
792b83da-9755-42b3-aa90-a753ca7f06a2,CONSUMER,1400,1,did:web:ssi-dim-wallet-service.identity:BPNL00000003AYRE,,1791547540807,1791549803067,1791549803067,
c9d6c27e-7133-42b8-bd69-7ba8c04bad6e,CONSUMER,1400,1,did:web:ssi-dim-wallet-service.identity:BPNL00000003AYRE,,1791547542156,1791549761367,1791549761367,
44a651a2-1460-4497-81e0-5b385c06fbe6,CONSUMER,1400,1,did:web:ssi-dim-wallet-service.identity:BPNL00000003AYRE,,1791547542542,1791549761438,1791549761438,
fcc5550c-b93f-479a-b8a5-acf006c76bb8,CONSUMER,1400,1,did:web:ssi-dim-wallet-service.identity:BPNL00000003AYRE,,1791547542837,1791549761368,1791549761368,
a0a8f2e1-9529-432f-8998-261d104f30ee,CONSUMER,1400,1,did:web:ssi-dim-wallet-service.identity:BPNL00000003AYRE,,1791547543310,1791549761431,1791549761431,
a0b88c46-c78e-4964-967e-c2ea237b847d,CONSUMER,1400,1,did:web:ssi-dim-wallet-service.identity:BPNL00000003AYRE,,1791547543505,1791549761439,1791549761439,
4722629f-58a9-4f35-9af8-4d7a40395ff8,CONSUMER,1400,1,did:web:ssi-dim-wallet-service.identity:BPNL00000003AYRE,,1791547543831,1791549761534,1791549761534,
2e4195c8-77bc-42b4-9867-14d36cec25dd,CONSUMER,1400,1,did:web:ssi-dim-wallet-service.identity:BPNL00000003AYRE,,1791547544135,1791549761537,1791549761537,
7a47eb1a-da71-4de3-b2bf-d29d1e1b00df,CONSUMER,1400,1,did:web:ssi-dim-wallet-service.identity:BPNL00000003AYRE,,1791547544406,1791549761574,1791549761574,
e10d9fff-6deb-4006-86fb-85fe17e341ef,CONSUMER,1400,1,did:web:ssi-dim-wallet-service.identity:BPNL00000003AYRE,,1791547544839,1791549761650,1791549761650,
04e287a2-4891-4380-83ef-2e618f5a7983,CONSUMER,1400,1,did:web:ssi-dim-wallet-service.identity:BPNL00000003AYRE,,1791547545138,1791549761720,1791549761720,
837c0c22-25ac-4ad4-8b23-9d16eb201d66,CONSUMER,1400,1,did:web:ssi-dim-wallet-service.identity:BPNL00000003AYRE,,1791547545532,1791549761674,1791549761674,
76223155-0b1b-4e7d-8c9a-69839db2e4bd,CONSUMER,1400,1,did:web:ssi-dim-wallet-service.identity:BPNL00000003AYRE,,1791547545930,1791549761820,1791549761820,
536a3675-9ed9-438c-83d1-ee1ba13abadf,CONSUMER,1400,1,did:web:ssi-dim-wallet-service.identity:BPNL00000003AYRE,,1791547546108,1791549761825,1791549761825,
8e8e0f6f-1c46-486f-9947-b8689e1aba17,CONSUMER,1400,1,did:web:ssi-dim-wallet-service.identity:BPNL00000003AYRE,,1791547546132,1791549761849,1791549761849,
56bcbf10-71bf-462f-8283-2af407449ce1,CONSUMER,1400,1,did:web:ssi-dim-wallet-service.identity:BPNL00000003AYRE,,1791547546436,1791549761976,1791549761976,
946cbb48-e014-4a01-ae2c-de3c0735d410,CONSUMER,1400,1,did:web:ssi-dim-wallet-service.identity:BPNL00000003AYRE,,1791547546438,1791549761834,1791549761834,
bd2704c3-94e4-40f7-8fed-ae947d5b1389,CONSUMER,1400,1,did:web:ssi-dim-wallet-service.identity:BPNL00000003AYRE,,1791547546705,1791549761922,1791549761922,
520c4418-ea82-42e1-a14e-5d1b7a10d816,CONSUMER,1400,1,did:web:ssi-dim-wallet-service.identity:BPNL00000003AYRE,,1791547547228,1791549761965,1791549761965,
ba70a83b-92d4-47be-90b7-1c8c5feb7eae,CONSUMER,1400,1,did:web:ssi-dim-wallet-service.identity:BPNL00000003AYRE,,1791547547329,1791549761949,1791549761949,
426e7d92-af42-4c92-8c1d-c3c96e5aa5d1,CONSUMER,1400,1,did:web:ssi-dim-wallet-service.identity:BPNL00000003AYRE,,1791547548336,1791549762021,1791549762021,
5eae4bdd-3042-428f-af6d-2447dd40e7b9,CONSUMER,1400,1,did:web:ssi-dim-wallet-service.identity:BPNL00000003AYRE,,1791547548804,1791549803927,1791549803927,
1392f59f-c583-4f77-b088-d0be71a8593f,CONSUMER,1400,1,did:web:ssi-dim-wallet-service.identity:BPNL00000003AYRE,,1791547549215,1791549803909,1791549803909,
749f24f8-6c97-4825-9041-4895c0bfa59c,CONSUMER,1400,1,did:web:ssi-dim-wallet-service.identity:BPNL00000003AYRE,,1791547550702,1791549803979,1791549803979,
69fd6260-da76-4baa-9cdc-4fcb4f9e9806,CONSUMER,1400,1,did:web:ssi-dim-wallet-service.identity:BPNL00000003AYRE,,1791547550833,1791549763080,1791549763080,
d06ce7de-ec5f-49e1-a52f-d0d74ae54585,CONSUMER,1400,1,did:web:ssi-dim-wallet-service.identity:BPNL00000003AYRE,,1791547550933,1791549803935,1791549803935,
8b0f48cf-6245-4cc2-8e52-8518b43f9e26,CONSUMER,1400,1,did:web:ssi-dim-wallet-service.identity:BPNL00000003AYRE,,1791547552429,1791549803977,1791549803977,
0dc05b2d-9ea6-4341-bb79-53b1c6c7358e,CONSUMER,1400,1,did:web:ssi-dim-wallet-service.identity:BPNL00000003AYRE,,1791547552436,1791549803974,1791549803974,
28f5a014-23e2-4432-9c71-77d1b879f9bb,CONSUMER,1400,1,did:web:ssi-dim-wallet-service.identity:BPNL00000003AYRE,,1791547553239,1791549804009,1791549804009,
1de90eb4-7a09-419f-a975-25aed8f36a2f,CONSUMER,1400,1,did:web:ssi-dim-wallet-service.identity:BPNL00000003AYRE,,1791547553533,1791549763141,1791549763141,
69b1748a-3c5a-4446-88ac-e22fd127675b,CONSUMER,1400,1,did:web:ssi-dim-wallet-service.identity:BPNL00000003AYRE,,1791547553935,1791549803965,1791549803965,
3e44ab14-51b1-4247-bf3c-632c4c571ee4,CONSUMER,1400,1,did:web:ssi-dim-wallet-service.identity:BPNL00000003AYRE,,1791547554029,1791549763126,1791549763126,
97fb17e7-caef-4968-8028-3250a54ea5cb,CONSUMER,1400,1,did:web:ssi-dim-wallet-service.identity:BPNL00000003AYRE,,1791547554132,1791549834730,1791549834730,
bc0b2516-6685-4611-bd85-52b9d70061d5,CONSUMER,1400,1,did:web:ssi-dim-wallet-service.identity:BPNL00000003AYRE,,1791547554236,1791549834861,1791549834861,
2c5dad49-a4c7-4c38-960b-50b8435131fb,CONSUMER,1400,1,did:web:ssi-dim-wallet-service.identity:BPNL00000003AYRE,,1791547554338,1791549763227,1791549763227,
b07befa6-5535-4a89-b145-5233129a8930,CONSUMER,1400,1,did:web:ssi-dim-wallet-service.identity:BPNL00000003AYRE,,1791547554533,1791549763265,1791549763265,
df278860-2edb-4e5c-914c-f0616d664782,CONSUMER,1400,1,did:web:ssi-dim-wallet-service.identity:BPNL00000003AYRE,,1791547555405,1791549763269,1791549763269,
9d578ed3-26e8-4992-8469-5e0f0cc49986,CONSUMER,1400,1,did:web:ssi-dim-wallet-service.identity:BPNL00000003AYRE,,1791547555637,1791549763271,1791549763271,
d500611c-b083-43bf-93d5-73daa9ec26ab,CONSUMER,1400,1,did:web:ssi-dim-wallet-service.identity:BPNL00000003AYRE,,1791547556003,1791549763275,1791549763275,
366b7a2d-34f0-4ca8-8d45-c1c68fb49beb,CONSUMER,1400,1,did:web:ssi-dim-wallet-service.identity:BPNL00000003AYRE,,1791547556140,1791549763339,1791549763339,
986c7752-0728-4951-aded-2fbb2ed64f0f,CONSUMER,1400,1,did:web:ssi-dim-wallet-service.identity:BPNL00000003AYRE,,1791547556231,1791549763344,1791549763344,
a04d8029-92d2-484d-a47c-856e60777709,CONSUMER,1400,1,did:web:ssi-dim-wallet-service.identity:BPNL00000003AYRE,,1791547556234,1791549763374,1791549763374,
6f66a328-9bfa-44d5-8d28-0ed903afea89,CONSUMER,1400,1,did:web:ssi-dim-wallet-service.identity:BPNL00000003AYRE,,1791547556406,1791549763358,1791549763358,
032d90aa-7a9f-4850-ba73-413b87bf241e,CONSUMER,1400,1,did:web:ssi-dim-wallet-service.identity:BPNL00000003AYRE,,1791547556528,1791549763420,1791549763420,
aad45817-fa72-45e5-aefc-f146c458d915,CONSUMER,1400,1,did:web:ssi-dim-wallet-service.identity:BPNL00000003AYRE,,1791547556738,1791549763433,1791549763433,
26ee22bc-faca-48ff-8747-c88db821b1fa,CONSUMER,1400,1,did:web:ssi-dim-wallet-service.identity:BPNL00000003AYRE,,1791547557829,1791549763476,1791549763476,
42797b39-268a-46f9-b403-eeff8f91d7a9,CONSUMER,1400,1,did:web:ssi-dim-wallet-service.identity:BPNL00000003AYRE,,1791547557935,1791549763472,1791549763472,
c230f5dd-3f4e-447f-87f0-d6fe95433b89,CONSUMER,1400,1,did:web:ssi-dim-wallet-service.identity:BPNL00000003AYRE,,1791547558133,1791549763529,1791549763529,
c7195e4e-f381-4f64-aca4-3252937b35ce,CONSUMER,1400,1,did:web:ssi-dim-wallet-service.identity:BPNL00000003AYRE,,1791547558237,1791549763520,1791549763520,
afb36b27-1d81-4c69-934b-af0d44e9c257,CONSUMER,1400,1,did:web:ssi-dim-wallet-service.identity:BPNL00000003AYRE,,1791547558336,1791549763534,1791549763534,
90b6fb98-3710-403b-9fbf-e3300a3595b9,CONSUMER,1400,1,did:web:ssi-dim-wallet-service.identity:BPNL00000003AYRE,,1791547558436,1791549763572,1791549763572,
809767b7-d7fe-41a4-b070-41aab01621fb,CONSUMER,1400,1,did:web:ssi-dim-wallet-service.identity:BPNL00000003AYRE,,1791547558547,1791549763975,1791549763975,
cf1a8cc4-fe9f-4a6f-bda1-c532fab177ad,CONSUMER,1400,1,did:web:ssi-dim-wallet-service.identity:BPNL00000003AYRE,,1791547558735,1791549764337,1791549764337,
78d93d4c-0e3a-4865-8cd1-e24ae77c4c5b,CONSUMER,1400,1,did:web:ssi-dim-wallet-service.identity:BPNL00000003AYRE,,1791547558803,1791549764465,1791549764465,
ec8dc692-3152-41fe-a800-f9440b28380b,CONSUMER,1400,1,did:web:ssi-dim-wallet-service.identity:BPNL00000003AYRE,,1791547558805,1791549764473,1791549764473,
bd08c216-50df-42bc-a6a9-c907cc90db24,CONSUMER,1400,1,did:web:ssi-dim-wallet-service.identity:BPNL00000003AYRE,,1791547559030,1791549764556,1791549764556,
f7d74f7e-e2a6-4279-ba51-fc4ca60cd953,CONSUMER,1400,1,did:web:ssi-dim-wallet-service.identity:BPNL00000003AYRE,,1791547559030,1791549764587,1791549764587,
c950e314-ac82-497c-969b-0f8c781f0bad,CONSUMER,1400,1,did:web:ssi-dim-wallet-service.identity:BPNL00000003AYRE,,1791547559102,1791549764465,1791549764465,
ef78cf95-7d53-49dd-98f9-607e78176541,CONSUMER,1400,1,did:web:ssi-dim-wallet-service.identity:BPNL00000003AYRE,,1791547559128,1791549764679,1791549764679,
2a44d744-b046-4283-970d-73e40652fdd8,CONSUMER,1400,1,did:web:ssi-dim-wallet-service.identity:BPNL00000003AYRE,,1791547559233,1791549764582,1791549764582,
5f089077-3533-4b83-a94e-d19fe52a5f0d,CONSUMER,1400,1,did:web:ssi-dim-wallet-service.identity:BPNL00000003AYRE,,1791547559432,1791549764627,1791549764627,
caf6bfcb-2e95-4561-bc17-ea14191f14c0,CONSUMER,1400,1,did:web:ssi-dim-wallet-service.identity:BPNL00000003AYRE,,1791547559935,1791549764631,1791549764631,
fb537808-1ba1-4671-9fcc-d484a9ff2cdb,CONSUMER,1400,1,did:web:ssi-dim-wallet-service.identity:BPNL00000003AYRE,,1791547560430,1791549764820,1791549764820,
ae8100d2-d26a-4f8d-a05e-1fe023011ce2,CONSUMER,1400,1,did:web:ssi-dim-wallet-service.identity:BPNL00000003AYRE,,1791547560504,1791549764827,1791549764827,
e73b3d43-189c-4004-9bb0-9ffff2f3867a,CONSUMER,1400,1,did:web:ssi-dim-wallet-service.identity:BPNL00000003AYRE,,1791547560732,1791549764755,1791549764755,
6f006ff5-fcb3-490e-90c0-080b1de266c8,CONSUMER,1400,1,did:web:ssi-dim-wallet-service.identity:BPNL00000003AYRE,,1791547560829,1791549764776,1791549764776,
7cdb2ad3-802b-4121-9b1e-97338ae6a9ed,CONSUMER,1400,1,did:web:ssi-dim-wallet-service.identity:BPNL00000003AYRE,,1791547560831,1791549764770,1791549764770,
208cd3fe-bd9a-4ad9-8cea-a61e3711dcfd,CONSUMER,1400,1,did:web:ssi-dim-wallet-service.identity:BPNL00000003AYRE,,1791547561010,1791549764833,1791549764833,
acb38c2a-8277-459e-afbe-fa1bc646c8d2,CONSUMER,1400,1,did:web:ssi-dim-wallet-service.identity:BPNL00000003AYRE,,1791547561034,1791549764924,1791549764924,
46cbee10-fa67-4ba0-be7e-754894c159de,CONSUMER,1400,1,did:web:ssi-dim-wallet-service.identity:BPNL00000003AYRE,,1791547561130,1791549765755,1791549765755,
2566fdbf-3297-426f-8958-b513bf768a36,CONSUMER,1400,1,did:web:ssi-dim-wallet-service.identity:BPNL00000003AYRE,,1791547561130,1791549764972,1791549764972,
623e764e-87af-41c1-8b56-15a989083fb4,CONSUMER,1400,1,did:web:ssi-dim-wallet-service.identity:BPNL00000003AYRE,,1791547561429,1791549765949,1791549765949,
07939672-b719-4dfa-8a29-d74ca33c9241,CONSUMER,1400,1,did:web:ssi-dim-wallet-service.identity:BPNL00000003AYRE,,1791547561505,1791549765758,1791549765758,
0c914a73-9d39-4a4e-9b7b-a14becf2d98a,CONSUMER,1400,1,did:web:ssi-dim-wallet-service.identity:BPNL00000003AYRE,,1791547561636,1791549764968,1791549764968,
832e6419-cfcb-4165-b489-0975c1033a07,CONSUMER,1400,1,did:web:ssi-dim-wallet-service.identity:BPNL00000003AYRE,,1791547561734,1791549765959,1791549765959,
0214d0cf-03d3-4517-9821-5086b7e22534,CONSUMER,1400,1,did:web:ssi-dim-wallet-service.identity:BPNL00000003AYRE,,1791547561883,1791549765979,1791549765979,
fad33947-8e1f-46e1-8955-a486c0713dcb,CONSUMER,1400,1,did:web:ssi-dim-wallet-service.identity:BPNL00000003AYRE,,1791547562008,1791549839381,1791549839381,
b9ee9e54-319d-4e32-a0bf-11634f343a41,CONSUMER,1400,1,did:web:ssi-dim-wallet-service.identity:BPNL00000003AYRE,,1791547563106,1791549839484,1791549839484,
5706cdae-a135-4f0f-a088-3b81f1f0dbe4,CONSUMER,1400,1,did:web:ssi-dim-wallet-service.identity:BPNL00000003AYRE,,1791547563230,1791549839480,1791549839480,
a5d0c74c-7f46-4d9c-914f-b4eaa3a0bfe1,CONSUMER,1400,1,did:web:ssi-dim-wallet-service.identity:BPNL00000003AYRE,,1791547563231,1791549839576,1791549839576,
e540deb8-738d-4cf4-a7fd-d0f1fb1f6700,CONSUMER,1400,1,did:web:ssi-dim-wallet-service.identity:BPNL00000003AYRE,,1791547563738,1791549807247,1791549807247,
75eb1f01-18b4-4ffd-afd0-dcb6b2f70e25,CONSUMER,1400,1,did:web:ssi-dim-wallet-service.identity:BPNL00000003AYRE,,1791547563904,1791549806620,1791549806620,
fcffe0ac-e330-4a4c-bfaf-cd5d26a6fbb8,CONSUMER,1400,1,did:web:ssi-dim-wallet-service.identity:BPNL00000003AYRE,,1791547564131,1791549839479,1791549839479,
47e69354-5e56-422f-a396-fac09b408692,CONSUMER,1400,1,did:web:ssi-dim-wallet-service.identity:BPNL00000003AYRE,,1791547564628,1791549807243,1791549807243,
b66b3c46-a747-4482-b8f1-17eb815dade2,CONSUMER,1400,1,did:web:ssi-dim-wallet-service.identity:BPNL00000003AYRE,,1791547564737,1791549807266,1791549807266,
2bd2d8da-6c80-4136-b1dc-d1b2e5e82c90,CONSUMER,1400,1,did:web:ssi-dim-wallet-service.identity:BPNL00000003AYRE,,1791547565333,1791549807276,1791549807276,
bc16e642-0af9-4409-80fd-6ec685cbb218,CONSUMER,1400,1,did:web:ssi-dim-wallet-service.identity:BPNL00000003AYRE,,1791547565428,1791549807322,1791549807322,
1513e18b-1342-4ca4-90c2-d00d17bb7769,CONSUMER,1400,1,did:web:ssi-dim-wallet-service.identity:BPNL00000003AYRE,,1791547565508,1791549807343,1791549807343,
48aa10e6-8d89-4d59-9615-9a523b9c3fe3,CONSUMER,1400,1,did:web:ssi-dim-wallet-service.identity:BPNL00000003AYRE,,1791547565710,1791549807370,1791549807370,
3cd3ec2d-5452-481e-90a7-1f725f1d7337,CONSUMER,1400,1,did:web:ssi-dim-wallet-service.identity:BPNL00000003AYRE,,1791547565806,1791549807628,1791549807628,
ce5df3c9-a512-4838-9dd0-6e9a05e5cee0,CONSUMER,1400,1,did:web:ssi-dim-wallet-service.identity:BPNL00000003AYRE,,1791547565830,1791549807344,1791549807344,
d0aa6b73-505d-4526-a04f-464668889d4a,CONSUMER,1400,1,did:web:ssi-dim-wallet-service.identity:BPNL00000003AYRE,,1791547566131,1791549807629,1791549807629,
9804d87b-0003-4b0c-83c1-4d0312f713d4,CONSUMER,1400,1,did:web:ssi-dim-wallet-service.identity:BPNL00000003AYRE,,1791547566446,1791549807567,1791549807567,
0aaec0f0-a5a9-45c7-9088-5af2f56afc2a,CONSUMER,1400,1,did:web:ssi-dim-wallet-service.identity:BPNL00000003AYRE,,1791547566832,1791549765964,1791549765964,
27200d6c-1661-4953-82cd-9f90c8cfef16,CONSUMER,1400,1,did:web:ssi-dim-wallet-service.identity:BPNL00000003AYRE,,1791547567007,1791549807624,1791549807624,
adfdfedc-4d4e-431d-b007-15aadcd5ee4e,CONSUMER,1400,1,did:web:ssi-dim-wallet-service.identity:BPNL00000003AYRE,,1791547567038,1791549807730,1791549807730,
c46ececb-df9f-4d69-8355-d38db5b43601,CONSUMER,1400,1,did:web:ssi-dim-wallet-service.identity:BPNL00000003AYRE,,1791547567137,1791549807730,1791549807730,
d0124341-461c-466e-9e9a-78c20149f4e8,CONSUMER,1400,1,did:web:ssi-dim-wallet-service.identity:BPNL00000003AYRE,,1791547567236,1791549807745,1791549807745,
da616fde-9a63-4a65-b452-7e40fdf184e7,CONSUMER,1400,1,did:web:ssi-dim-wallet-service.identity:BPNL00000003AYRE,,1791547567237,1791549807768,1791549807768,
81b75278-1c64-45cb-b8e2-fb21a89f3d8d,CONSUMER,1400,1,did:web:ssi-dim-wallet-service.identity:BPNL00000003AYRE,,1791547567330,1791549807820,1791549807820,
2596a560-308b-4552-8acd-d4068898f1f7,CONSUMER,1400,1,did:web:ssi-dim-wallet-service.identity:BPNL00000003AYRE,,1791547567330,1791549807827,1791549807827,
655dcadc-6ed5-466b-940e-5ad60d571443,CONSUMER,1400,1,did:web:ssi-dim-wallet-service.identity:BPNL00000003AYRE,,1791547567335,1791549807837,1791549807837,
14529b34-ebe4-4619-8bd1-e11ebdb53e3b,CONSUMER,200,1,did:web:ssi-dim-wallet-service.identity:BPNL00000003AYRE,,1791547567503,1791547935216,1791547935216,
61f87ee0-6048-4c52-b5c6-b710f78e9514,CONSUMER,1400,1,did:web:ssi-dim-wallet-service.identity:BPNL00000003AYRE,,1791547567607,1791549840875,1791549840875,
02410e87-1c37-45b4-9282-47d8ec861989,CONSUMER,200,1,did:web:ssi-dim-wallet-service.identity:BPNL00000003AYRE,,1791547567737,1791547937602,1791547937602,
6ae82369-bd82-4cb8-b362-13f80158a41e,CONSUMER,200,1,did:web:ssi-dim-wallet-service.identity:BPNL00000003AYRE,,1791547567805,1791547941215,1791547941215,
7e2dd759-1414-444e-8358-0745c1159bba,CONSUMER,200,1,did:web:ssi-dim-wallet-service.identity:BPNL00000003AYRE,,1791547567909,1791547941309,1791547941309,
9d392202-9a6b-479d-b7ce-54ff019b1428,CONSUMER,200,1,did:web:ssi-dim-wallet-service.identity:BPNL00000003AYRE,,1791547568039,1791547941706,1791547941706,
47f1d3f7-0a93-4782-a5ff-5f56c07b3a07,CONSUMER,200,1,did:web:ssi-dim-wallet-service.identity:BPNL00000003AYRE,,1791547568408,1791547942203,1791547942203,
3634c374-374c-4551-b1f3-ed3382416d7d,CONSUMER,200,1,did:web:ssi-dim-wallet-service.identity:BPNL00000003AYRE,,1791547568437,1791547942121,1791547942121,
23e1efe6-0574-4a96-bf7d-d5689abc2499,CONSUMER,200,1,did:web:ssi-dim-wallet-service.identity:BPNL00000003AYRE,,1791547568529,1791547942118,1791547942118,
e04731a2-98e0-4105-a267-e2764bd69a98,CONSUMER,200,1,did:web:ssi-dim-wallet-service.identity:BPNL00000003AYRE,,1791547568703,1791547942203,1791547942203,
e199f126-3edd-454f-85a3-ea21e1dc3f6b,CONSUMER,200,1,did:web:ssi-dim-wallet-service.identity:BPNL00000003AYRE,,1791547569203,1791547942404,1791547942404,
baa75e08-d04d-4478-8693-e09de4ce16cc,CONSUMER,200,1,did:web:ssi-dim-wallet-service.identity:BPNL00000003AYRE,,1791547569633,1791547942510,1791547942510,
8dbaed47-7c61-4f5a-9bba-5be9a13e4b62,CONSUMER,200,1,did:web:ssi-dim-wallet-service.identity:BPNL00000003AYRE,,1791547569731,1791547942905,1791547942905,
830c836b-5bb8-4078-a13c-147890540e55,CONSUMER,200,1,did:web:ssi-dim-wallet-service.identity:BPNL00000003AYRE,,1791547569739,1791547943321,1791547943321,
a20bd283-dd74-4fe2-b200-ba02f36c33dd,CONSUMER,200,1,did:web:ssi-dim-wallet-service.identity:BPNL00000003AYRE,,1791547569943,1791547943734,1791547943734,
9574a185-c392-4d89-84c0-91d59d5a693a,CONSUMER,200,1,did:web:ssi-dim-wallet-service.identity:BPNL00000003AYRE,,1791547570131,1791547944011,1791547944011,
2b1768fc-0e47-4238-a178-79cda4a58b87,CONSUMER,200,1,did:web:ssi-dim-wallet-service.identity:BPNL00000003AYRE,,1791547570205,1791547945203,1791547945203,
4efcdcf4-3aa2-4e1e-ae79-6dd92c3ff083,CONSUMER,200,1,did:web:ssi-dim-wallet-service.identity:BPNL00000003AYRE,,1791547570209,1791547944122,1791547944122,
424cb5bf-2895-4f9f-b6ca-b18a8eaf07a0,CONSUMER,200,1,did:web:ssi-dim-wallet-service.identity:BPNL00000003AYRE,,1791547570236,1791547944702,1791547944702,
2fe7392d-6773-4e0e-8b8b-d6160c507245,CONSUMER,200,1,did:web:ssi-dim-wallet-service.identity:BPNL00000003AYRE,,1791547570316,1791547945504,1791547945504,
342a62cb-1558-44d2-b144-da813c4ca11c,CONSUMER,200,1,did:web:ssi-dim-wallet-service.identity:BPNL00000003AYRE,,1791547570504,1791547945619,1791547945619,
137cbcf3-af81-4138-be1f-cc0c951f0a95,CONSUMER,200,1,did:web:ssi-dim-wallet-service.identity:BPNL00000003AYRE,,1791547570914,1791547946611,1791547946611,
3eccbd15-5019-40b2-a9e1-d99a7aed2071,CONSUMER,1400,1,did:web:ssi-dim-wallet-service.identity:BPNL00000003AYRE,,1791547571537,1791549767621,1791549767621,
c75fb29d-0d3f-4867-9d07-05c7675db867,CONSUMER,200,1,did:web:ssi-dim-wallet-service.identity:BPNL00000003AYRE,,1791547571638,1791547953352,1791547953352,
ea47221d-a94c-4d62-88fc-a258fd30d7ed,CONSUMER,200,1,did:web:ssi-dim-wallet-service.identity:BPNL00000003AYRE,,1791547571802,1791547953705,1791547953705,
ef469bdd-f7f9-422b-9517-e69ecd0caa18,CONSUMER,200,1,did:web:ssi-dim-wallet-service.identity:BPNL00000003AYRE,,1791547572029,1791547953720,1791547953720,
a304f4af-efb1-4618-9d2b-1171c8ff102f,CONSUMER,200,1,did:web:ssi-dim-wallet-service.identity:BPNL00000003AYRE,,1791547572505,1791547953916,1791547953916,
658a6604-4746-4a18-ac0f-e6e945b90bb9,CONSUMER,200,1,did:web:ssi-dim-wallet-service.identity:BPNL00000003AYRE,,1791547572632,1791547954119,1791547954119,
27e64cab-3e5a-445a-bab3-b9c6d50f8b39,CONSUMER,200,1,did:web:ssi-dim-wallet-service.identity:BPNL00000003AYRE,,1791547572639,1791547954704,1791547954704,
3630625a-7b0f-4f9b-85a3-271088167cb2,CONSUMER,200,1,did:web:ssi-dim-wallet-service.identity:BPNL00000003AYRE,,1791547572804,1791547954926,1791547954926,
e2814449-92e6-4595-9a54-a79600e48c1e,CONSUMER,200,1,did:web:ssi-dim-wallet-service.identity:BPNL00000003AYRE,,1791547573203,1791547954920,1791547954920,
74457869-f239-42cd-aa40-4f12c946065b,CONSUMER,200,1,did:web:ssi-dim-wallet-service.identity:BPNL00000003AYRE,,1791547573541,1791547955113,1791547955113,
b19d24a9-b212-4e05-9b70-743be4079322,CONSUMER,200,1,did:web:ssi-dim-wallet-service.identity:BPNL00000003AYRE,,1791547573641,1791547955305,1791547955305,
5d155fc0-2a97-41af-9ff3-96b781875bb0,CONSUMER,200,1,did:web:ssi-dim-wallet-service.identity:BPNL00000003AYRE,,1791547574003,1791547955324,1791547955324,
c9d1a2ed-e71a-433e-8d93-00aeb8b0487a,CONSUMER,200,1,did:web:ssi-dim-wallet-service.identity:BPNL00000003AYRE,,1791547574006,1791547955610,1791547955610,
2fff98b1-cde6-45cc-9e60-4d1b2524526e,CONSUMER,200,1,did:web:ssi-dim-wallet-service.identity:BPNL00000003AYRE,,1791547574304,1791547956005,1791547956005,
f492abb6-1e4c-4632-bf66-6bc6e2d98ca4,CONSUMER,200,1,did:web:ssi-dim-wallet-service.identity:BPNL00000003AYRE,,1791547574533,1791547956622,1791547956622,
e6b901ee-58b6-42ca-9425-0dead2afff66,CONSUMER,200,1,did:web:ssi-dim-wallet-service.identity:BPNL00000003AYRE,,1791547576430,1791547957118,1791547957118,
31994191-755f-4f3e-bd00-659779602f52,CONSUMER,200,1,did:web:ssi-dim-wallet-service.identity:BPNL00000003AYRE,,1791547576607,1791547957617,1791547957617,
6ae6c474-9aa7-4405-bc31-63c729426f8b,CONSUMER,200,1,did:web:ssi-dim-wallet-service.identity:BPNL00000003AYRE,,1791547576630,1791547958105,1791547958105,
a7d8a126-faf3-4f9f-bdfd-75733e637a15,CONSUMER,200,1,did:web:ssi-dim-wallet-service.identity:BPNL00000003AYRE,,1791547577007,1791547958379,1791547958379,
997b6ebc-220b-4304-bb2b-8b83624e41b2,CONSUMER,200,1,did:web:ssi-dim-wallet-service.identity:BPNL00000003AYRE,,1791547578030,1791547959124,1791547959124,
85583457-5b24-4e1d-94d7-9c42b0416c7c,CONSUMER,1400,1,did:web:ssi-dim-wallet-service.identity:BPNL00000003AYRE,,1791547578208,1791549777074,1791549777074,
bb8cb3f1-e5b7-41e9-9eb7-1df3fd62733e,CONSUMER,200,1,did:web:ssi-dim-wallet-service.identity:BPNL00000003AYRE,,1791547578502,1791547980752,1791547980752,
8b0a4f91-bfc0-480a-821c-94b6b97d31fe,CONSUMER,200,1,did:web:ssi-dim-wallet-service.identity:BPNL00000003AYRE,,1791547578630,1791547980937,1791547980937,
7d9cd414-75e3-4378-8b05-e20767c9094f,CONSUMER,200,1,did:web:ssi-dim-wallet-service.identity:BPNL00000003AYRE,,1791547578704,1791547981043,1791547981043,
87a04037-a707-483e-9ce3-50aef6448433,CONSUMER,1400,1,did:web:ssi-dim-wallet-service.identity:BPNL00000003AYRE,,1791547579810,1791549768783,1791549768783,
34839914-db73-4a83-ab94-4f6b81919e5d,CONSUMER,1400,1,did:web:ssi-dim-wallet-service.identity:BPNL00000003AYRE,,1791547579904,1791549768781,1791549768781,
db5a60fb-8229-4046-be2a-716309d4e118,CONSUMER,1400,1,did:web:ssi-dim-wallet-service.identity:BPNL00000003AYRE,,1791547579909,1791549768788,1791549768788,
dbc91037-46e1-45e9-9df4-d6e118886205,CONSUMER,1400,1,did:web:ssi-dim-wallet-service.identity:BPNL00000003AYRE,,1791547579913,1791549768801,1791549768801,
831004b0-f4a3-4faa-9a23-f65932cbc3cc,CONSUMER,1400,1,did:web:ssi-dim-wallet-service.identity:BPNL00000003AYRE,,1791547579938,1791549768888,1791549768888,
5cd845a3-0b1e-4b2a-9225-2d5b2f078192,CONSUMER,1400,1,did:web:ssi-dim-wallet-service.identity:BPNL00000003AYRE,,1791547580029,1791549768877,1791549768877,
6fcc4f2c-81a8-495e-97be-928e274f6768,CONSUMER,1400,1,did:web:ssi-dim-wallet-service.identity:BPNL00000003AYRE,,1791547580130,1791549768921,1791549768921,
0dba25f1-91bb-4dd9-a724-c587ffab1664,CONSUMER,200,1,did:web:ssi-dim-wallet-service.identity:BPNL00000003AYRE,,1791547580604,1791547981953,1791547981953,
eb2284d2-9e34-4686-8092-67242db461dd,CONSUMER,200,1,did:web:ssi-dim-wallet-service.identity:BPNL00000003AYRE,,1791547580728,1791547982203,1791547982203,
2e84fce1-008e-48d2-af8d-218a6ac87c64,CONSUMER,200,1,did:web:ssi-dim-wallet-service.identity:BPNL00000003AYRE,,1791547581003,1791547982149,1791547982149,
4f5d3206-eb8d-450f-b6bb-8b11fff7a62e,CONSUMER,200,1,did:web:ssi-dim-wallet-service.identity:BPNL00000003AYRE,,1791547581404,1791547982341,1791547982341,
a5920d2e-55e9-49bd-9a82-6d16e3003cd6,CONSUMER,200,1,did:web:ssi-dim-wallet-service.identity:BPNL00000003AYRE,,1791547581508,1791547982540,1791547982540,
6ad6a860-16af-406e-821a-d0f7d2053331,CONSUMER,200,1,did:web:ssi-dim-wallet-service.identity:BPNL00000003AYRE,,1791547581512,1791547982640,1791547982640,
be401efe-9bdd-4410-ac72-a87d6685678b,CONSUMER,200,1,did:web:ssi-dim-wallet-service.identity:BPNL00000003AYRE,,1791547581703,1791547982846,1791547982846,
8cef8579-5766-41b0-8cab-c2de73b6f71c,CONSUMER,200,1,did:web:ssi-dim-wallet-service.identity:BPNL00000003AYRE,,1791547582805,1791547982943,1791547982943,
7a94d3e2-9b69-4aa7-8925-5d7f2a8b1e7d,CONSUMER,200,1,did:web:ssi-dim-wallet-service.identity:BPNL00000003AYRE,,1791547583003,1791547983103,1791547983103,
030fb757-9fb8-4726-864a-82f2dabd5247,CONSUMER,200,1,did:web:ssi-dim-wallet-service.identity:BPNL00000003AYRE,,1791547583533,1791547983237,1791547983237,
20da78d5-eb12-4b88-acd2-2627279747a3,CONSUMER,200,1,did:web:ssi-dim-wallet-service.identity:BPNL00000003AYRE,,1791547583805,1791547983952,1791547983952,
d9874852-2562-41ac-9fd8-463ed383c37f,CONSUMER,200,1,did:web:ssi-dim-wallet-service.identity:BPNL00000003AYRE,,1791547584009,1791547984039,1791547984039,
9a6afabf-1ffa-43e1-a20f-64807e552a91,CONSUMER,200,1,did:web:ssi-dim-wallet-service.identity:BPNL00000003AYRE,,1791547584029,1791547984140,1791547984140,
6d6f8726-6718-4a0e-bea8-77096b11ad4b,CONSUMER,200,1,did:web:ssi-dim-wallet-service.identity:BPNL00000003AYRE,,1791547584106,1791547984247,1791547984247,
b26aedd4-93b0-47c1-8313-9e90c4f4c297,CONSUMER,200,1,did:web:ssi-dim-wallet-service.identity:BPNL00000003AYRE,,1791547584137,1791547984363,1791547984363,
d0c30499-3821-4de1-9d43-4cc0210aaf7d,CONSUMER,200,1,did:web:ssi-dim-wallet-service.identity:BPNL00000003AYRE,,1791547584205,1791547984443,1791547984443,
f556361a-3afb-4469-88f8-af7b1a52b108,CONSUMER,200,1,did:web:ssi-dim-wallet-service.identity:BPNL00000003AYRE,,1791547584532,1791547984447,1791547984447,
b313b0d9-71b6-4f9c-90d3-619a74029630,CONSUMER,200,1,did:web:ssi-dim-wallet-service.identity:BPNL00000003AYRE,,1791547584836,1791547984550,1791547984550,
62817483-3657-40c0-9f41-88fca1c962a4,CONSUMER,200,1,did:web:ssi-dim-wallet-service.identity:BPNL00000003AYRE,,1791547585112,1791547984646,1791547984646,
ff29b02f-946f-4696-8007-0b92a44a7df4,CONSUMER,200,1,did:web:ssi-dim-wallet-service.identity:BPNL00000003AYRE,,1791547585533,1791547984740,1791547984740,
d8ddaee3-124a-456b-a0ba-d86385bdf05b,CONSUMER,200,1,did:web:ssi-dim-wallet-service.identity:BPNL00000003AYRE,,1791547585628,1791547984845,1791547984845,
3fa49a46-d837-44a2-b011-6e6ac89441d3,CONSUMER,200,1,did:web:ssi-dim-wallet-service.identity:BPNL00000003AYRE,,1791547586332,1791547985039,1791547985039,
ab86e4a1-bdd4-45c6-9394-0b970448e9b1,CONSUMER,200,1,did:web:ssi-dim-wallet-service.identity:BPNL00000003AYRE,,1791547586503,1791547985037,1791547985037,
f72ff7af-5e76-44b1-b322-0269bedb9fee,CONSUMER,200,1,did:web:ssi-dim-wallet-service.identity:BPNL00000003AYRE,,1791547586812,1791547985142,1791547985142,
2bd5c6a5-7f8e-4c59-94bb-be012a15f6ea,CONSUMER,200,1,did:web:ssi-dim-wallet-service.identity:BPNL00000003AYRE,,1791547586908,1791547985404,1791547985404,
5a6ceaea-2bbe-4534-92df-02fda0f1f40c,CONSUMER,200,1,did:web:ssi-dim-wallet-service.identity:BPNL00000003AYRE,,1791547586928,1791547985438,1791547985438,
3a5ba148-d603-4541-adb1-ae3c74c8a11c,CONSUMER,200,1,did:web:ssi-dim-wallet-service.identity:BPNL00000003AYRE,,1791547587030,1791547985504,1791547985504,
eb509f84-134a-4be0-a6f3-caf93ae6a32d,CONSUMER,200,1,did:web:ssi-dim-wallet-service.identity:BPNL00000003AYRE,,1791547588603,1791547985546,1791547985546,
417fb35f-29ea-4bd5-8ace-8ba9b7aeb8ef,CONSUMER,200,1,did:web:ssi-dim-wallet-service.identity:BPNL00000003AYRE,,1791547588810,1791547985709,1791547985709,
e74e9285-c705-4f44-95ad-b90821bfaa4a,CONSUMER,200,1,did:web:ssi-dim-wallet-service.identity:BPNL00000003AYRE,,1791547590034,1791547985710,1791547985710,
e7bd0c3a-4c60-4b30-8563-71f5cf027e9b,CONSUMER,1400,1,did:web:ssi-dim-wallet-service.identity:BPNL00000003AYRE,,1791547590308,1791549772788,1791549772788,
383d6af7-6f9a-45e0-8d3f-bbc7b205982e,CONSUMER,1400,1,did:web:ssi-dim-wallet-service.identity:BPNL00000003AYRE,,1791547590633,1791549772820,1791549772820,
31b563b1-1e4e-4097-8747-7a74fa9dc13a,CONSUMER,1400,1,did:web:ssi-dim-wallet-service.identity:BPNL00000003AYRE,,1791547591305,1791549773120,1791549773120,
a97c0f4b-98fc-4017-aabb-4dd4663b20a9,CONSUMER,1400,1,did:web:ssi-dim-wallet-service.identity:BPNL00000003AYRE,,1791547591311,1791549773122,1791549773122,
eb51f093-cd86-489d-b83a-e5abff501d86,CONSUMER,1400,1,did:web:ssi-dim-wallet-service.identity:BPNL00000003AYRE,,1791547591503,1791549773121,1791549773121,
f619d077-f839-4c20-b8a5-29d448f0051b,CONSUMER,1400,1,did:web:ssi-dim-wallet-service.identity:BPNL00000003AYRE,,1791547591932,1791549773137,1791549773137,
49139333-c585-4bd8-9a61-96e54b212b87,CONSUMER,200,1,did:web:ssi-dim-wallet-service.identity:BPNL00000003AYRE,,1791547592008,1791547986756,1791547986756,
15c0bc63-0aeb-4715-843f-b2741e1d0b76,CONSUMER,200,1,did:web:ssi-dim-wallet-service.identity:BPNL00000003AYRE,,1791547592031,1791547986855,1791547986855,
4dea28bf-a75d-44ae-942e-d7bd1b52498d,CONSUMER,200,1,did:web:ssi-dim-wallet-service.identity:BPNL00000003AYRE,,1791547592531,1791547987041,1791547987041,
d8cca126-dcc3-402d-8d16-853e3c341e99,CONSUMER,200,1,did:web:ssi-dim-wallet-service.identity:BPNL00000003AYRE,,1791547592732,1791547987142,1791547987142,
d1839e40-ef7d-4e2d-b525-581100b5033e,CONSUMER,200,1,did:web:ssi-dim-wallet-service.identity:BPNL00000003AYRE,,1791547592802,1791547987205,1791547987205,
b56279f2-e210-42de-a3c5-1e37371b45cf,CONSUMER,200,1,did:web:ssi-dim-wallet-service.identity:BPNL00000003AYRE,,1791547594033,1791547987347,1791547987347,
b532da0c-5aae-4059-b23a-9467596e6672,CONSUMER,200,1,did:web:ssi-dim-wallet-service.identity:BPNL00000003AYRE,,1791547594104,1791547987356,1791547987356,
941e5547-1be2-4378-866c-e8559d439e1f,CONSUMER,200,1,did:web:ssi-dim-wallet-service.identity:BPNL00000003AYRE,,1791547594105,1791547987473,1791547987473,
ff000df1-625d-4368-ae5a-e5e79792d706,CONSUMER,200,1,did:web:ssi-dim-wallet-service.identity:BPNL00000003AYRE,,1791547594306,1791547987605,1791547987605,
52769fff-6f1e-46f4-97a8-e903d7a497ab,CONSUMER,200,1,did:web:ssi-dim-wallet-service.identity:BPNL00000003AYRE,,1791547595433,1791547987607,1791547987607,
ebe036d9-46e3-4801-a195-e1ce24674d37,CONSUMER,200,1,did:web:ssi-dim-wallet-service.identity:BPNL00000003AYRE,,1791547595707,1791547987737,1791547987737,
52178e6b-7915-4a10-ac45-14251c404c38,CONSUMER,200,1,did:web:ssi-dim-wallet-service.identity:BPNL00000003AYRE,,1791547595708,1791547987838,1791547987838,
4cfa87d7-ca94-49c5-8143-bbc658ad3a74,CONSUMER,200,1,did:web:ssi-dim-wallet-service.identity:BPNL00000003AYRE,,1791547595709,1791547987902,1791547987902,
e4361556-185c-4062-9f26-8126146adb32,CONSUMER,200,1,did:web:ssi-dim-wallet-service.identity:BPNL00000003AYRE,,1791547596609,1791547987954,1791547987954,
2a397624-7041-4bca-881c-251d98e9f8b9,CONSUMER,200,1,did:web:ssi-dim-wallet-service.identity:BPNL00000003AYRE,,1791547596613,1791547988639,1791547988639,
81f55fe1-797b-4814-af65-c2a29a8041f2,CONSUMER,200,1,did:web:ssi-dim-wallet-service.identity:BPNL00000003AYRE,,1791547596614,1791547988647,1791547988647,
fb681632-ed73-42cf-9035-b2e9f1ab14e6,CONSUMER,200,1,did:web:ssi-dim-wallet-service.identity:BPNL00000003AYRE,,1791547596632,1791547988751,1791547988751,
f611ded1-3ae2-4abd-8bac-987eb66fbc5a,CONSUMER,200,1,did:web:ssi-dim-wallet-service.identity:BPNL00000003AYRE,,1791547596829,1791547988802,1791547988802,
6155c582-5a2e-4bba-8b26-928e1732207c,CONSUMER,200,1,did:web:ssi-dim-wallet-service.identity:BPNL00000003AYRE,,1791547597210,1791547988837,1791547988837,
2daf46d6-09bd-4861-b81c-d28e5632fe15,CONSUMER,200,1,did:web:ssi-dim-wallet-service.identity:BPNL00000003AYRE,,1791547597406,1791547988938,1791547988938,
c0380179-5c74-4749-8f11-305c628b12e8,CONSUMER,1400,1,did:web:ssi-dim-wallet-service.identity:BPNL00000003AYRE,,1791547597827,1791549770879,1791549770879,
6520b17b-214a-4e52-88c7-d337af397315,CONSUMER,1400,1,did:web:ssi-dim-wallet-service.identity:BPNL00000003AYRE,,1791547597935,1791549770880,1791549770880,
5e0269ae-87eb-4f99-97c4-f717c3d10f77,CONSUMER,1400,1,did:web:ssi-dim-wallet-service.identity:BPNL00000003AYRE,,1791547599531,1791549770889,1791549770889,
352b8fe8-b813-41a5-a33d-592f36a6b7c1,CONSUMER,1400,1,did:web:ssi-dim-wallet-service.identity:BPNL00000003AYRE,,1791547599809,1791549770908,1791549770908,
88b71715-24fa-4240-a76b-a44b1b8a06e9,CONSUMER,1400,1,did:web:ssi-dim-wallet-service.identity:BPNL00000003AYRE,,1791547600030,1791549770943,1791549770943,
45ffefe4-5594-4713-8b67-04238b7b32bb,CONSUMER,1400,1,did:web:ssi-dim-wallet-service.identity:BPNL00000003AYRE,,1791547600911,1791549770936,1791549770936,
3fe6d031-961d-4760-87fb-46890db9cc19,CONSUMER,1400,1,did:web:ssi-dim-wallet-service.identity:BPNL00000003AYRE,,1791547600931,1791549770997,1791549770997,
242a32ad-6fb7-4022-ad13-515fa9e059fa,CONSUMER,1400,1,did:web:ssi-dim-wallet-service.identity:BPNL00000003AYRE,,1791547601218,1791549770973,1791549770973,
39e72d1a-a6f2-4af4-9f3c-f6395eb6d429,CONSUMER,1400,1,did:web:ssi-dim-wallet-service.identity:BPNL00000003AYRE,,1791547601630,1791549770947,1791549770947,
68548c2e-e5f9-411d-89b1-22b4abdad19a,CONSUMER,1400,1,did:web:ssi-dim-wallet-service.identity:BPNL00000003AYRE,,1791547601702,1791549771004,1791549771004,
9cb6aeeb-a4f5-4011-9a9d-87baf602c5be,CONSUMER,1400,1,did:web:ssi-dim-wallet-service.identity:BPNL00000003AYRE,,1791547601704,1791549771014,1791549771014,
39512502-817c-45e0-aca1-a7831d356eb2,CONSUMER,1400,1,did:web:ssi-dim-wallet-service.identity:BPNL00000003AYRE,,1791547602504,1791549771004,1791549771004,
4ea28650-b039-4eb1-8fa6-57c351f0f543,CONSUMER,1400,1,did:web:ssi-dim-wallet-service.identity:BPNL00000003AYRE,,1791547616951,1791549771022,1791549771022,
a19ddc99-6d0c-439c-b97a-52f70359f5b6,CONSUMER,1400,1,did:web:ssi-dim-wallet-service.identity:BPNL00000003AYRE,,1791547617033,1791549771051,1791549771051,
97dec739-0e5b-4273-81c3-18aab3626afd,CONSUMER,1400,1,did:web:ssi-dim-wallet-service.identity:BPNL00000003AYRE,,1791547617329,1791549771069,1791549771069,
4d6c9742-bf90-43dc-89e5-b4c99f2cd488,CONSUMER,1400,1,did:web:ssi-dim-wallet-service.identity:BPNL00000003AYRE,,1791547617435,1791549771071,1791549771071,
4dc39b49-78bd-4daf-8022-52093b587526,CONSUMER,1400,1,did:web:ssi-dim-wallet-service.identity:BPNL00000003AYRE,,1791547617603,1791549771087,1791549771087,
aeaab49c-81fe-4d8a-8f0b-5d7c599bb87e,CONSUMER,1400,1,did:web:ssi-dim-wallet-service.identity:BPNL00000003AYRE,,1791547617737,1791549771177,1791549771177,
26ad9fcd-e635-410e-9750-c8f06ae829d5,CONSUMER,1400,1,did:web:ssi-dim-wallet-service.identity:BPNL00000003AYRE,,1791547618406,1791549771170,1791549771170,
143dd104-4473-4935-80a8-a865232ac22f,CONSUMER,1400,1,did:web:ssi-dim-wallet-service.identity:BPNL00000003AYRE,,1791547618613,1791549771121,1791549771121,
14d6af60-bacd-48d7-982e-99810772b023,CONSUMER,1400,1,did:web:ssi-dim-wallet-service.identity:BPNL00000003AYRE,,1791547618939,1791549771571,1791549771571,
1201d88e-a4b9-4428-a254-37ae18329dd0,CONSUMER,1400,1,did:web:ssi-dim-wallet-service.identity:BPNL00000003AYRE,,1791547619236,1791549771588,1791549771588,
a2a8e747-57bb-4e02-b60c-9a3f0beb5c06,CONSUMER,1400,1,did:web:ssi-dim-wallet-service.identity:BPNL00000003AYRE,,1791547619369,1791549771586,1791549771586,
ea2780a7-20d3-4b88-9674-6ee3f6bcf6fb,CONSUMER,1400,1,did:web:ssi-dim-wallet-service.identity:BPNL00000003AYRE,,1791547619406,1791549771648,1791549771648,
67380c4f-8980-4275-810d-09b1861d79de,CONSUMER,1400,1,did:web:ssi-dim-wallet-service.identity:BPNL00000003AYRE,,1791547619406,1791549771654,1791549771654,
fbacf236-4ff4-4836-b212-ae338cf5bd60,CONSUMER,1400,1,did:web:ssi-dim-wallet-service.identity:BPNL00000003AYRE,,1791547619430,1791549771598,1791549771598,
fe8a1514-21cb-4271-a6b1-a3bbe2c3586f,CONSUMER,1400,1,did:web:ssi-dim-wallet-service.identity:BPNL00000003AYRE,,1791547619439,1791549771630,1791549771630,
d8b35bc5-ae9d-4b1c-8ad8-72f97ccae0c7,CONSUMER,1400,1,did:web:ssi-dim-wallet-service.identity:BPNL00000003AYRE,,1791547619529,1791549771609,1791549771609,
cfbbcaa7-0e5e-443a-a768-09a88864e39c,CONSUMER,1400,1,did:web:ssi-dim-wallet-service.identity:BPNL00000003AYRE,,1791547625236,1791549771645,1791549771645,
7fde6e31-d758-447f-b2cd-212789b4cb7a,CONSUMER,1400,1,did:web:ssi-dim-wallet-service.identity:BPNL00000003AYRE,,1791547625935,1791549771695,1791549771695,
e068dba8-5804-4857-a88c-76643e685178,CONSUMER,1400,1,did:web:ssi-dim-wallet-service.identity:BPNL00000003AYRE,,1791547627030,1791549771694,1791549771694,
79cb4475-1252-43e8-a809-2e9e062ab2fb,CONSUMER,1400,1,did:web:ssi-dim-wallet-service.identity:BPNL00000003AYRE,,1791547627343,1791549771711,1791549771711,
f7ee28cc-bea8-487c-9d9c-083d6e24a253,CONSUMER,1400,1,did:web:ssi-dim-wallet-service.identity:BPNL00000003AYRE,,1791547628237,1791549771720,1791549771720,
d378a76c-b67d-4af8-8c2f-2d65cdb0f876,CONSUMER,1400,1,did:web:ssi-dim-wallet-service.identity:BPNL00000003AYRE,,1791547628462,1791549771744,1791549771744,
bc40669e-d0a4-4f9a-bc53-214bddbc756f,CONSUMER,1400,1,did:web:ssi-dim-wallet-service.identity:BPNL00000003AYRE,,1791547628931,1791549771755,1791549771755,
b4db41c6-1c2a-413c-a862-c61aa45e727b,CONSUMER,1400,1,did:web:ssi-dim-wallet-service.identity:BPNL00000003AYRE,,1791547629104,1791549771773,1791549771773,
98244557-bdce-4551-9509-f73f576ad331,CONSUMER,1400,1,did:web:ssi-dim-wallet-service.identity:BPNL00000003AYRE,,1791547629136,1791549771798,1791549771798,
18ecd44a-16d6-4f27-a58b-cb6f703007f6,CONSUMER,1400,1,did:web:ssi-dim-wallet-service.identity:BPNL00000003AYRE,,1791547629535,1791549771788,1791549771788,
17fb8542-f18a-4936-ab49-d9d95ccae429,CONSUMER,1400,1,did:web:ssi-dim-wallet-service.identity:BPNL00000003AYRE,,1791547629538,1791549772443,1791549772443,
44d31ee9-6562-4928-a91b-69f1fdc9cb25,CONSUMER,1400,1,did:web:ssi-dim-wallet-service.identity:BPNL00000003AYRE,,1791547629541,1791549771802,1791549771802,
588c20e8-0715-4723-af75-324d65914a67,CONSUMER,1400,1,did:web:ssi-dim-wallet-service.identity:BPNL00000003AYRE,,1791547629546,1791549771830,1791549771830,
dbca5c54-2b65-4c1a-ae3e-f7382aaba2a3,CONSUMER,1400,1,did:web:ssi-dim-wallet-service.identity:BPNL00000003AYRE,,1791547629635,1791549772357,1791549772357,
caee5703-88fe-4d34-9417-b9948a8c913e,CONSUMER,1400,1,did:web:ssi-dim-wallet-service.identity:BPNL00000003AYRE,,1791547629638,1791549772500,1791549772500,
b181fd7d-17d5-498e-9f2c-7b59add2f8bd,CONSUMER,1400,1,did:web:ssi-dim-wallet-service.identity:BPNL00000003AYRE,,1791547629703,1791549772558,1791549772558,
e6741e18-8482-47e7-9177-134e5465e15c,CONSUMER,1400,1,did:web:ssi-dim-wallet-service.identity:BPNL00000003AYRE,,1791547629932,1791549772561,1791549772561,
0269edc2-1841-477a-a642-1ee76b5f53ab,CONSUMER,1400,1,did:web:ssi-dim-wallet-service.identity:BPNL00000003AYRE,,1791547629940,1791549772559,1791549772559,
1dd04ed6-04ed-4c19-94ec-edccb4aad4cc,CONSUMER,1400,1,did:web:ssi-dim-wallet-service.identity:BPNL00000003AYRE,,1791547630128,1791549772651,1791549772651,
dbb047f1-5a89-4d0d-b0fd-811d8e154b59,CONSUMER,1400,1,did:web:ssi-dim-wallet-service.identity:BPNL00000003AYRE,,1791547630510,1791549772759,1791549772759,
1007d76a-c081-4820-a320-bcfbd149d99e,CONSUMER,1400,1,did:web:ssi-dim-wallet-service.identity:BPNL00000003AYRE,,1791547630537,1791549772829,1791549772829,
ec3015fa-0448-49af-bd71-0f8eb7ec0eca,CONSUMER,1400,1,did:web:ssi-dim-wallet-service.identity:BPNL00000003AYRE,,1791547630541,1791549772831,1791549772831,
fabf1dd8-6705-45d6-bde3-ec06a427fd7d,CONSUMER,1400,1,did:web:ssi-dim-wallet-service.identity:BPNL00000003AYRE,,1791547630548,1791549773259,1791549773259,
17030afa-29d9-4dcc-bcee-4ddb8e134405,CONSUMER,1400,1,did:web:ssi-dim-wallet-service.identity:BPNL00000003AYRE,,1791547674203,1791549773261,1791549773261,
187bef4d-54e0-4e8a-932c-73671bb3c069,CONSUMER,1400,1,did:web:ssi-dim-wallet-service.identity:BPNL00000003AYRE,,1791547674203,1791549773160,1791549773160,
9d2d7d74-380d-44bf-b4d3-76a5da9334b8,CONSUMER,1400,1,did:web:ssi-dim-wallet-service.identity:BPNL00000003AYRE,,1791547674205,1791549773421,1791549773421,
637e66eb-ddc3-4609-bf0f-eec0ebff78bd,CONSUMER,1400,1,did:web:ssi-dim-wallet-service.identity:BPNL00000003AYRE,,1791547674511,1791549774433,1791549774433,
0d53337b-da39-42a3-a9af-e558b427879e,CONSUMER,1400,1,did:web:ssi-dim-wallet-service.identity:BPNL00000003AYRE,,1791547675479,1791549774421,1791549774421,
7f96fa45-2155-4e75-a91a-f111376fa2f9,CONSUMER,1400,1,did:web:ssi-dim-wallet-service.identity:BPNL00000003AYRE,,1791547675712,1791549774271,1791549774271,
7edf62ca-2e77-4b33-b54c-fc9dfa0f167d,CONSUMER,1400,1,did:web:ssi-dim-wallet-service.identity:BPNL00000003AYRE,,1791547675712,1791549774330,1791549774330,
d952753f-2e54-42e1-a3fc-7c93be89669d,CONSUMER,1400,1,did:web:ssi-dim-wallet-service.identity:BPNL00000003AYRE,,1791547675806,1791549774720,1791549774720,
dc564bac-c566-47cd-b5f7-1d2ef69e2d13,CONSUMER,1400,1,did:web:ssi-dim-wallet-service.identity:BPNL00000003AYRE,,1791547676106,1791549774567,1791549774567,
755a866b-f6f9-4113-b1e7-be41abbcec96,CONSUMER,1400,1,did:web:ssi-dim-wallet-service.identity:BPNL00000003AYRE,,1791547676710,1791549774630,1791549774630,
c4f5adb3-c3e5-49fd-938e-e4fc1870f80c,CONSUMER,1400,1,did:web:ssi-dim-wallet-service.identity:BPNL00000003AYRE,,1791547677204,1791549774627,1791549774627,
509c4318-3f0d-4d9b-b66e-60f6020c3478,CONSUMER,200,1,did:web:ssi-dim-wallet-service.identity:BPNL00000003AYRE,,1791547677207,1791547994358,1791547994358,
2434ddb3-edaf-4e76-9148-08ee6723e989,CONSUMER,1400,1,did:web:ssi-dim-wallet-service.identity:BPNL00000003AYRE,,1791547677533,1791549774732,1791549774732,
a4c28759-0733-422d-89ae-62936495f0a8,CONSUMER,1400,1,did:web:ssi-dim-wallet-service.identity:BPNL00000003AYRE,,1791547677807,1791549774823,1791549774823,
e6a99f68-9595-46a8-ab24-19c6ae8624e1,CONSUMER,1400,1,did:web:ssi-dim-wallet-service.identity:BPNL00000003AYRE,,1791547678203,1791549774628,1791549774628,
912877a8-a0ca-4b64-b094-94ee8b271221,CONSUMER,1400,1,did:web:ssi-dim-wallet-service.identity:BPNL00000003AYRE,,1791547678409,1791549774829,1791549774829,
3bf4675c-244d-43f7-b229-fe273aaa81f9,CONSUMER,1400,1,did:web:ssi-dim-wallet-service.identity:BPNL00000003AYRE,,1791547678611,1791549774829,1791549774829,
e42429ae-0204-4897-8d56-29e511da5c6c,CONSUMER,1400,1,did:web:ssi-dim-wallet-service.identity:BPNL00000003AYRE,,1791547679008,1791549774862,1791549774862,
63385d63-8115-4f52-85df-b8ca356dff5a,CONSUMER,1400,1,did:web:ssi-dim-wallet-service.identity:BPNL00000003AYRE,,1791547679381,1791549774968,1791549774968,
64bfb5a8-aada-42e2-a9b0-2ea7dea6efef,CONSUMER,200,1,did:web:ssi-dim-wallet-service.identity:BPNL00000003AYRE,,1791547679716,1791547995038,1791547995038,
f33adc42-4c6a-47f3-913d-7fcb247fdcb2,CONSUMER,200,1,did:web:ssi-dim-wallet-service.identity:BPNL00000003AYRE,,1791547679904,1791547995107,1791547995107,
ee552599-951a-43b8-8ccc-a9da08ae07cd,CONSUMER,1400,1,did:web:ssi-dim-wallet-service.identity:BPNL00000003AYRE,,1791547679908,1791549774967,1791549774967,
195e787b-4e7d-4bc7-8059-dbe25fe59cb3,CONSUMER,1400,1,did:web:ssi-dim-wallet-service.identity:BPNL00000003AYRE,,1791547680811,1791549775767,1791549775767,
88d011cf-ff6d-4456-95c4-a36997eefd19,CONSUMER,200,1,did:web:ssi-dim-wallet-service.identity:BPNL00000003AYRE,,1791547681109,1791548003755,1791548003755,
74d6668a-2a59-4204-8fa2-afc7f9110f1f,CONSUMER,1400,1,did:web:ssi-dim-wallet-service.identity:BPNL00000003AYRE,,1791547681309,1791549775834,1791549775834,
4d612dcd-879f-46f8-bf39-76a3a741a1e1,CONSUMER,1400,1,did:web:ssi-dim-wallet-service.identity:BPNL00000003AYRE,,1791547682008,1791549775835,1791549775835,
e676d36a-2a7f-44e6-8e8b-8666d9541da2,CONSUMER,1400,1,did:web:ssi-dim-wallet-service.identity:BPNL00000003AYRE,,1791547684203,1791549775860,1791549775860,
1eb45ee6-cf3c-4fd9-924b-306cb3702e62,CONSUMER,1400,1,did:web:ssi-dim-wallet-service.identity:BPNL00000003AYRE,,1791547684615,1791549775941,1791549775941,
e1f3962a-5cbb-49c2-ab2a-c3715ed271b0,CONSUMER,1400,1,did:web:ssi-dim-wallet-service.identity:BPNL00000003AYRE,,1791547687509,1791549775961,1791549775961,
858ee779-258f-4abb-a747-2147d162e174,CONSUMER,1400,1,did:web:ssi-dim-wallet-service.identity:BPNL00000003AYRE,,1791547687804,1791549775933,1791549775933,
16bb862b-e263-4778-8503-38bb885cdf40,CONSUMER,1400,1,did:web:ssi-dim-wallet-service.identity:BPNL00000003AYRE,,1791547688204,1791549776069,1791549776069,
1071e2a2-e906-4280-9f3f-b9f913a75cc9,CONSUMER,1400,1,did:web:ssi-dim-wallet-service.identity:BPNL00000003AYRE,,1791547688615,1791549776075,1791549776075,
88d2eeb9-da91-4aff-9364-7bbc441912ec,CONSUMER,1400,1,did:web:ssi-dim-wallet-service.identity:BPNL00000003AYRE,,1791547688780,1791549776059,1791549776059,
71bcf5c6-8f89-486e-8ed3-0270648d2105,CONSUMER,1400,1,did:web:ssi-dim-wallet-service.identity:BPNL00000003AYRE,,1791547689083,1791549776061,1791549776061,
dcae646a-6d33-46bc-925d-54994feaa8ca,CONSUMER,1400,1,did:web:ssi-dim-wallet-service.identity:BPNL00000003AYRE,,1791547690812,1791549776165,1791549776165,
b3fd15f8-53e4-4a18-b2f7-4b1f8db4799b,CONSUMER,1400,1,did:web:ssi-dim-wallet-service.identity:BPNL00000003AYRE,,1791547693413,1791549776068,1791549776068,
8edb6204-4614-4b43-99de-0ce8e4181d44,CONSUMER,1400,1,did:web:ssi-dim-wallet-service.identity:BPNL00000003AYRE,,1791547693713,1791549776125,1791549776125,
15537c1b-dd07-4c03-ba3b-2b92108183b4,CONSUMER,1400,1,did:web:ssi-dim-wallet-service.identity:BPNL00000003AYRE,,1791547693782,1791549776159,1791549776159,
2a458dc7-9ce9-4ebf-a703-bad0873c2b31,CONSUMER,1400,1,did:web:ssi-dim-wallet-service.identity:BPNL00000003AYRE,,1791547694410,1791549776320,1791549776320,
b642dfa8-e03a-4af1-98f0-6396031f6926,CONSUMER,1400,1,did:web:ssi-dim-wallet-service.identity:BPNL00000003AYRE,,1791547695614,1791549776367,1791549776367,
7175c911-359f-42f2-949e-a4614482965d,CONSUMER,1400,1,did:web:ssi-dim-wallet-service.identity:BPNL00000003AYRE,,1791547695620,1791549776386,1791549776386,
0d1834b6-179f-4d95-a437-7faeb40a6578,CONSUMER,1400,1,did:web:ssi-dim-wallet-service.identity:BPNL00000003AYRE,,1791547696704,1791549776376,1791549776376,
228f340c-95a2-4c8a-80d5-aa5d1928dcb5,CONSUMER,1400,1,did:web:ssi-dim-wallet-service.identity:BPNL00000003AYRE,,1791547698283,1791549776421,1791549776421,
b37f466f-919a-4c1b-9d49-b2fdb8a28c3d,CONSUMER,1400,1,did:web:ssi-dim-wallet-service.identity:BPNL00000003AYRE,,1791547701520,1791549777078,1791549777078,
b8a81151-b4c0-4008-abf9-34a6194c7bce,CONSUMER,1400,1,did:web:ssi-dim-wallet-service.identity:BPNL00000003AYRE,,1791547701705,1791549777168,1791549777168,
ade7fecb-b2b5-47a8-a0f2-1678e2250618,CONSUMER,1400,1,did:web:ssi-dim-wallet-service.identity:BPNL00000003AYRE,,1791547701812,1791549777171,1791549777171,
1523b1f2-f0a3-439a-ac03-1550138e293f,CONSUMER,1400,1,did:web:ssi-dim-wallet-service.identity:BPNL00000003AYRE,,1791547702515,1791549777173,1791549777173,
89437e74-6f04-489f-9e40-545df0a13d3d,CONSUMER,1400,1,did:web:ssi-dim-wallet-service.identity:BPNL00000003AYRE,,1791547703110,1791549777277,1791549777277,
b412b227-2fa0-4dcc-a8b2-3c6b48d055a3,CONSUMER,1400,1,did:web:ssi-dim-wallet-service.identity:BPNL00000003AYRE,,1791547704732,1791549777283,1791549777283,
6e9e72a1-eaa8-4988-a54f-0f28e34d8281,CONSUMER,1400,1,did:web:ssi-dim-wallet-service.identity:BPNL00000003AYRE,,1791547705803,1791549777376,1791549777376,
4ff7b593-28f2-47db-8829-699d22c4285d,CONSUMER,1400,1,did:web:ssi-dim-wallet-service.identity:BPNL00000003AYRE,,1791547724111,1791549777376,1791549777376,
d7bd6e68-69ce-4d8a-a9dd-e13075199cf8,CONSUMER,1400,1,did:web:ssi-dim-wallet-service.identity:BPNL00000003AYRE,,1791547724648,1791549777380,1791549777380,
7d0633af-564e-4e22-b480-d65370acd158,CONSUMER,1400,1,did:web:ssi-dim-wallet-service.identity:BPNL00000003AYRE,,1791547725504,1791549777477,1791549777477,
11fa2e09-9893-472c-a27e-042272748c4b,CONSUMER,1400,1,did:web:ssi-dim-wallet-service.identity:BPNL00000003AYRE,,1791547727415,1791549777611,1791549777611,
46e001a2-5ea3-4f69-991f-6aa8eebae135,CONSUMER,1400,1,did:web:ssi-dim-wallet-service.identity:BPNL00000003AYRE,,1791547727522,1791549777485,1791549777485,
3b4bdb89-77b1-4881-93a8-471c458c09bd,CONSUMER,1400,1,did:web:ssi-dim-wallet-service.identity:BPNL00000003AYRE,,1791547727911,1791549777612,1791549777612,
ba05350a-2236-4e4f-b7b0-1ab665b9fe29,CONSUMER,1400,1,did:web:ssi-dim-wallet-service.identity:BPNL00000003AYRE,,1791547728109,1791549777617,1791549777617,
4a93f5a5-ab87-4562-a2bf-702ca9542031,CONSUMER,1400,1,did:web:ssi-dim-wallet-service.identity:BPNL00000003AYRE,,1791547728503,1791549777567,1791549777567,
743b6fb9-371a-48e7-aa03-e46c032a34fc,CONSUMER,1400,1,did:web:ssi-dim-wallet-service.identity:BPNL00000003AYRE,,1791547729605,1791549777679,1791549777679,
485c3421-1c6f-401f-b653-63c51f75e083,CONSUMER,1400,1,did:web:ssi-dim-wallet-service.identity:BPNL00000003AYRE,,1791547729805,1791549777678,1791549777678,
fc07928b-5289-4604-8acf-de753ff5e0a6,CONSUMER,1400,1,did:web:ssi-dim-wallet-service.identity:BPNL00000003AYRE,,1791547729814,1791549777682,1791549777682,
17b05390-d7d8-47e4-87a0-93a3d3f663b1,CONSUMER,1400,1,did:web:ssi-dim-wallet-service.identity:BPNL00000003AYRE,,1791547729814,1791549777719,1791549777719,
301f9927-baff-4af4-97c5-50d7cefec11e,CONSUMER,200,1,did:web:ssi-dim-wallet-service.identity:BPNL00000003AYRE,,1791547730114,1791548097238,1791548097238,
df9ac270-ef77-43cb-828d-bafb39ef249d,CONSUMER,200,1,did:web:ssi-dim-wallet-service.identity:BPNL00000003AYRE,,1791547730310,1791548097513,1791548097513,
2e05531c-7023-4289-8ce2-886a2f6bd013,CONSUMER,200,1,did:web:ssi-dim-wallet-service.identity:BPNL00000003AYRE,,1791547730322,1791548097838,1791548097838,
2b09a69a-f929-43cf-8433-60d2b7b7236b,CONSUMER,200,1,did:web:ssi-dim-wallet-service.identity:BPNL00000003AYRE,,1791547730409,1791548098404,1791548098404,
5afbccb4-5d74-4bc3-bd15-04ffe0c1320b,CONSUMER,200,1,did:web:ssi-dim-wallet-service.identity:BPNL00000003AYRE,,1791547730411,1791548098604,1791548098604,
5b9473d9-4492-47d9-8007-2c3d33aea415,CONSUMER,200,1,did:web:ssi-dim-wallet-service.identity:BPNL00000003AYRE,,1791547731116,1791548099842,1791548099842,
23a54d7f-fc77-42ca-b63a-9f777367e0f3,CONSUMER,200,1,did:web:ssi-dim-wallet-service.identity:BPNL00000003AYRE,,1791547731206,1791548100507,1791548100507,
68132ce1-ec33-42f7-8cd6-6109add703da,CONSUMER,200,1,did:web:ssi-dim-wallet-service.identity:BPNL00000003AYRE,,1791547731213,1791548101944,1791548101944,
8fb2d036-00e4-4570-957c-9b80bdcc3533,CONSUMER,200,1,did:web:ssi-dim-wallet-service.identity:BPNL00000003AYRE,,1791547731310,1791548102909,1791548102909,
f61291fa-447f-43e5-91b2-a96a94830aab,CONSUMER,200,1,did:web:ssi-dim-wallet-service.identity:BPNL00000003AYRE,,1791547731503,1791548103839,1791548103839,
fe1b448b-0822-45a4-ad14-96b5ab2c3c65,CONSUMER,200,1,did:web:ssi-dim-wallet-service.identity:BPNL00000003AYRE,,1791547731710,1791548104337,1791548104337,
068d585a-87c0-481b-b38a-30dd35815b07,CONSUMER,200,1,did:web:ssi-dim-wallet-service.identity:BPNL00000003AYRE,,1791547731904,1791548110836,1791548110836,
db30f99a-6360-48d6-86e7-34b8c313e980,CONSUMER,200,1,did:web:ssi-dim-wallet-service.identity:BPNL00000003AYRE,,1791547732314,1791548104438,1791548104438,
effaa758-a7a6-41e5-b5ef-5b4b40b7c114,CONSUMER,200,1,did:web:ssi-dim-wallet-service.identity:BPNL00000003AYRE,,1791547732418,1791548105811,1791548105811,
1cf9110c-41ff-4ec3-8f58-c6ca26686d23,CONSUMER,200,1,did:web:ssi-dim-wallet-service.identity:BPNL00000003AYRE,,1791547732518,1791548106412,1791548106412,
dfb7f2c1-ea6c-41b2-bd4b-933f962674ea,CONSUMER,200,1,did:web:ssi-dim-wallet-service.identity:BPNL00000003AYRE,,1791547732613,1791548107809,1791548107809,
df86d570-5604-4b71-9955-94bcf279ac69,CONSUMER,200,1,did:web:ssi-dim-wallet-service.identity:BPNL00000003AYRE,,1791547732725,1791548109105,1791548109105,
51f536e9-f243-454a-a70d-3d8ce2a55f19,CONSUMER,200,1,did:web:ssi-dim-wallet-service.identity:BPNL00000003AYRE,,1791547733316,1791548110405,1791548110405,
876ac666-8826-4df0-96b2-3947405fc050,CONSUMER,200,1,did:web:ssi-dim-wallet-service.identity:BPNL00000003AYRE,,1791547733410,1791548111239,1791548111239,
513552ca-41d9-4097-9198-cf68d17188b4,CONSUMER,200,1,did:web:ssi-dim-wallet-service.identity:BPNL00000003AYRE,,1791547733518,1791548112105,1791548112105,
2242d745-940f-4183-83c4-d111089c3500,CONSUMER,1400,1,did:web:ssi-dim-wallet-service.identity:BPNL00000003AYRE,,1791547733723,1791549778884,1791549778884,
8974e7f0-bef6-4a6c-9527-82b9a1995786,CONSUMER,1400,1,did:web:ssi-dim-wallet-service.identity:BPNL00000003AYRE,,1791547734015,1791549778943,1791549778943,
f653209f-2abc-48ee-a83f-b16678b6ab3a,CONSUMER,1400,1,did:web:ssi-dim-wallet-service.identity:BPNL00000003AYRE,,1791547735105,1791549778967,1791549778967,
1ef99700-2d29-455f-be65-79ec86a6a529,CONSUMER,200,1,did:web:ssi-dim-wallet-service.identity:BPNL00000003AYRE,,1791547735513,1791548127839,1791548127839,
1e909707-5743-41d4-ad14-4ebbbfc27840,CONSUMER,1400,1,did:web:ssi-dim-wallet-service.identity:BPNL00000003AYRE,,1791547735819,1791549779020,1791549779020,
7c1ca0b2-e4d4-48ce-920d-5708863a4198,CONSUMER,200,1,did:web:ssi-dim-wallet-service.identity:BPNL00000003AYRE,,1791547736005,1791548131004,1791548131004,
7e646b2f-0576-4440-9ee9-9fe03839b531,CONSUMER,200,1,did:web:ssi-dim-wallet-service.identity:BPNL00000003AYRE,,1791547736107,1791548132108,1791548132108,
28fd4ce5-d512-4249-b13e-2ca6628d4adf,CONSUMER,200,1,did:web:ssi-dim-wallet-service.identity:BPNL00000003AYRE,,1791547736110,1791548132903,1791548132903,
556a3924-a0ff-4ceb-9529-9ed98d0dc5ec,CONSUMER,200,1,did:web:ssi-dim-wallet-service.identity:BPNL00000003AYRE,,1791547737018,1791548133044,1791548133044,
540e326b-65d1-4eb7-8bf8-7b2717173633,CONSUMER,200,1,did:web:ssi-dim-wallet-service.identity:BPNL00000003AYRE,,1791547737305,1791548133237,1791548133237,
6ec9e427-c288-42d2-8f6b-5445dbe018c7,CONSUMER,200,1,did:web:ssi-dim-wallet-service.identity:BPNL00000003AYRE,,1791547738216,1791548133545,1791548133545,
dd3173dc-56c1-4a89-83f8-dcf1d64032a1,CONSUMER,200,1,did:web:ssi-dim-wallet-service.identity:BPNL00000003AYRE,,1791547741022,1791548133839,1791548133839,
01ca49db-a1b4-478d-b93f-96e6a70e1ed5,CONSUMER,200,1,did:web:ssi-dim-wallet-service.identity:BPNL00000003AYRE,,1791547741314,1791548134205,1791548134205,
8eb0bea9-6530-4e0e-9fd7-768c87577e56,CONSUMER,200,1,did:web:ssi-dim-wallet-service.identity:BPNL00000003AYRE,,1791547742479,1791548134542,1791548134542,
78ee6e4e-eb7a-434e-adf0-6215025940f5,CONSUMER,200,1,did:web:ssi-dim-wallet-service.identity:BPNL00000003AYRE,,1791547742479,1791548135009,1791548135009,
1d6f8daf-c0ea-4764-a5b1-10934a00f797,CONSUMER,200,1,did:web:ssi-dim-wallet-service.identity:BPNL00000003AYRE,,1791547742710,1791548136247,1791548136247,
5e171cf5-5a5e-44dd-9320-38dfc01dc141,CONSUMER,200,1,did:web:ssi-dim-wallet-service.identity:BPNL00000003AYRE,,1791547742710,1791548135705,1791548135705,
a93fd9d3-69e8-4ca0-9574-9bce3e43601f,CONSUMER,200,1,did:web:ssi-dim-wallet-service.identity:BPNL00000003AYRE,,1791547742715,1791548136710,1791548136710,
a561f355-a00d-48ca-808d-32b91636ea93,CONSUMER,200,1,did:web:ssi-dim-wallet-service.identity:BPNL00000003AYRE,,1791547742808,1791548136745,1791548136745,
6a7ecd38-40da-435f-bed7-a7bde57a90ce,CONSUMER,200,1,did:web:ssi-dim-wallet-service.identity:BPNL00000003AYRE,,1791547742809,1791548137242,1791548137242,
5d96feb5-1b1d-43e7-84d1-743c8a970be0,CONSUMER,1400,1,did:web:ssi-dim-wallet-service.identity:BPNL00000003AYRE,,1791547742905,1791549779682,1791549779682,
c8d222e0-93eb-4fcb-8c41-62f7cdfee6b8,CONSUMER,1400,1,did:web:ssi-dim-wallet-service.identity:BPNL00000003AYRE,,1791547742910,1791549779735,1791549779735,
a3ed9bb6-0f72-4bfc-96f9-3a99215ad3eb,CONSUMER,1400,1,did:web:ssi-dim-wallet-service.identity:BPNL00000003AYRE,,1791547742917,1791549779730,1791549779730,
b035ba49-41ed-4828-8af0-635415ea94e3,CONSUMER,1400,1,did:web:ssi-dim-wallet-service.identity:BPNL00000003AYRE,,1791547743105,1791549779769,1791549779769,
54b4cacb-a1aa-4cea-bcef-63a0aae5071f,CONSUMER,1400,1,did:web:ssi-dim-wallet-service.identity:BPNL00000003AYRE,,1791547743202,1791549779768,1791549779768,
5fdc4ac6-281c-4e22-9e71-150f45ea08c0,CONSUMER,1400,1,did:web:ssi-dim-wallet-service.identity:BPNL00000003AYRE,,1791547743312,1791549779772,1791549779772,
3e24bc98-d1a6-4234-b62f-3cca3d32d5d7,CONSUMER,1400,1,did:web:ssi-dim-wallet-service.identity:BPNL00000003AYRE,,1791547743609,1791549779839,1791549779839,
fef04d93-780a-451e-b6b7-af0a4c3ad38b,CONSUMER,1400,1,did:web:ssi-dim-wallet-service.identity:BPNL00000003AYRE,,1791547743613,1791549779848,1791549779848,
300e0cd2-2157-4e01-af27-32c6b69288f8,CONSUMER,1400,1,did:web:ssi-dim-wallet-service.identity:BPNL00000003AYRE,,1791547744314,1791549779962,1791549779962,
5a2495ec-6797-4b64-bdc8-c8132d91b698,CONSUMER,1400,1,did:web:ssi-dim-wallet-service.identity:BPNL00000003AYRE,,1791547745212,1791549779895,1791549779895,
ddb56531-c144-46fb-92a6-09b391b8e5fd,CONSUMER,1400,1,did:web:ssi-dim-wallet-service.identity:BPNL00000003AYRE,,1791547745516,1791549779864,1791549779864,
27fbd1bc-6aef-4d23-922d-9084140caeb2,CONSUMER,1400,1,did:web:ssi-dim-wallet-service.identity:BPNL00000003AYRE,,1791547746613,1791549779854,1791549779854,
3843a878-d873-43e6-b4f3-e9c15acb07d2,CONSUMER,1400,1,did:web:ssi-dim-wallet-service.identity:BPNL00000003AYRE,,1791547746729,1791549779966,1791549779966,
b10694f5-113d-472b-bfb4-f2ccede25d30,CONSUMER,1400,1,did:web:ssi-dim-wallet-service.identity:BPNL00000003AYRE,,1791547746808,1791549779963,1791549779963,
9b91d822-3397-4859-8625-b934c8403b92,CONSUMER,200,1,did:web:ssi-dim-wallet-service.identity:BPNL00000003AYRE,,1791547747213,1791548151341,1791548151341,
e9be9088-964e-4995-9ecd-2311261fec5c,CONSUMER,200,1,did:web:ssi-dim-wallet-service.identity:BPNL00000003AYRE,,1791547747404,1791548151716,1791548151716,
6c7afa8c-3950-47c0-83fe-e2a2aa5322f1,CONSUMER,200,1,did:web:ssi-dim-wallet-service.identity:BPNL00000003AYRE,,1791547748602,1791548151909,1791548151909,
e608a7d8-225b-42cf-b214-b2ea32c685e4,CONSUMER,200,1,did:web:ssi-dim-wallet-service.identity:BPNL00000003AYRE,,1791547749005,1791548152420,1791548152420,
6eba4cd8-3bfb-4959-b3ef-23a9a1a6be00,CONSUMER,200,1,did:web:ssi-dim-wallet-service.identity:BPNL00000003AYRE,,1791547749214,1791548152705,1791548152705,
befafe4f-b2a6-4c2e-b6c7-29d8d7b0583e,CONSUMER,200,1,did:web:ssi-dim-wallet-service.identity:BPNL00000003AYRE,,1791547749306,1791548152942,1791548152942,
54f8b0c4-d7bc-4608-b64b-8780f0b04203,CONSUMER,200,1,did:web:ssi-dim-wallet-service.identity:BPNL00000003AYRE,,1791547749615,1791548157704,1791548157704,
4a8a16ef-981a-4b6b-8677-cec18ad00cbb,CONSUMER,1400,1,did:web:ssi-dim-wallet-service.identity:BPNL00000003AYRE,,1791547749709,1791549735977,1791549735977,
050e38f4-1a1c-4230-aa98-3f06ce69f203,CONSUMER,1400,1,did:web:ssi-dim-wallet-service.identity:BPNL00000003AYRE,,1791547750024,1791549735971,1791549735971,
6f672d32-367e-4e9f-b61c-3bcd6713ff47,CONSUMER,1400,1,did:web:ssi-dim-wallet-service.identity:BPNL00000003AYRE,,1791547750419,1791549735881,1791549735881,
d02900f0-64e4-4489-b19c-3940e8054a1a,CONSUMER,1400,1,did:web:ssi-dim-wallet-service.identity:BPNL00000003AYRE,,1791547752306,1791549735973,1791549735973,
6d225b04-b227-4e1c-869e-b8929fa5cfed,CONSUMER,200,1,did:web:ssi-dim-wallet-service.identity:BPNL00000003AYRE,,1791547752511,1791548159007,1791548159007,
158c7991-ebb9-4ba0-9847-f1a5c0f4d548,CONSUMER,200,1,did:web:ssi-dim-wallet-service.identity:BPNL00000003AYRE,,1791547752604,1791548159208,1791548159208,
2cf0d73d-5492-4a1e-bc69-0799c00da248,CONSUMER,200,1,did:web:ssi-dim-wallet-service.identity:BPNL00000003AYRE,,1791547752721,1791548159938,1791548159938,
ce4d8bb8-164e-4fd9-b267-5c7b4bde4522,CONSUMER,200,1,did:web:ssi-dim-wallet-service.identity:BPNL00000003AYRE,,1791547753807,1791548159942,1791548159942,
5d2fa99c-f053-4d33-87d0-ad9870b96730,CONSUMER,200,1,did:web:ssi-dim-wallet-service.identity:BPNL00000003AYRE,,1791547753918,1791548159906,1791548159906,
f78ed26f-5b3a-45ca-b809-bdc6c56fd819,CONSUMER,200,1,did:web:ssi-dim-wallet-service.identity:BPNL00000003AYRE,,1791547754003,1791548160602,1791548160602,
332edf43-dc58-458d-bc1c-3bab97473496,CONSUMER,200,1,did:web:ssi-dim-wallet-service.identity:BPNL00000003AYRE,,1791547754219,1791548160636,1791548160636,
803a0203-9c2b-4970-8c2d-dda7f818ceec,CONSUMER,200,1,did:web:ssi-dim-wallet-service.identity:BPNL00000003AYRE,,1791547754314,1791548160708,1791548160708,
fac6e6a6-e886-4f2c-8d27-c303dc3b8d84,CONSUMER,1400,1,did:web:ssi-dim-wallet-service.identity:BPNL00000003AYRE,,1791547754408,1791549780934,1791549780934,
ff82f23e-01ef-4b72-aaa3-de93a396fb3e,CONSUMER,1400,1,did:web:ssi-dim-wallet-service.identity:BPNL00000003AYRE,,1791547754502,1791549780937,1791549780937,
f35a4361-4e50-4d1e-aec6-78b9d3cc21ff,CONSUMER,1400,1,did:web:ssi-dim-wallet-service.identity:BPNL00000003AYRE,,1791547754502,1791549780944,1791549780944,
ac7b36da-fef0-4f82-ae96-baa4a0ae8875,CONSUMER,1400,1,did:web:ssi-dim-wallet-service.identity:BPNL00000003AYRE,,1791547754520,1791549780943,1791549780943,
ef79f731-dac4-427c-a781-42e707ec59db,CONSUMER,1400,1,did:web:ssi-dim-wallet-service.identity:BPNL00000003AYRE,,1791547754606,1791549780978,1791549780978,
1636ff77-9c7c-4804-b96c-90f338dacf3e,CONSUMER,1400,1,did:web:ssi-dim-wallet-service.identity:BPNL00000003AYRE,,1791547754610,1791549781353,1791549781353,
5a14be2d-e960-48f2-abf3-e76811631ea4,CONSUMER,1400,1,did:web:ssi-dim-wallet-service.identity:BPNL00000003AYRE,,1791547754803,1791549780964,1791549780964,
4da64607-045a-4071-90d3-f63c6d2d7ce2,CONSUMER,1400,1,did:web:ssi-dim-wallet-service.identity:BPNL00000003AYRE,,1791547754806,1791549781357,1791549781357,
14057ae6-eade-420a-a761-a27dfbc49b3b,CONSUMER,1400,1,did:web:ssi-dim-wallet-service.identity:BPNL00000003AYRE,,1791547754808,1791549780966,1791549780966,
b3b234bd-ba37-475c-9351-b3d0db739c74,CONSUMER,1400,1,did:web:ssi-dim-wallet-service.identity:BPNL00000003AYRE,,1791547755103,1791549781383,1791549781383,
28b07448-a728-4a23-84a1-d5d49564cd35,CONSUMER,1400,1,did:web:ssi-dim-wallet-service.identity:BPNL00000003AYRE,,1791547755103,1791549781357,1791549781357,
6d2a9f19-06b4-4fcd-8bc8-c483bc455979,CONSUMER,1400,1,did:web:ssi-dim-wallet-service.identity:BPNL00000003AYRE,,1791547755218,1791549781458,1791549781458,
5a468f7d-984f-49fc-9f3c-4cde5b51d403,CONSUMER,1400,1,did:web:ssi-dim-wallet-service.identity:BPNL00000003AYRE,,1791547756021,1791549781354,1791549781354,
db6e31ac-826e-47c6-a8c9-c970ea9996a7,CONSUMER,1400,1,did:web:ssi-dim-wallet-service.identity:BPNL00000003AYRE,,1791547756102,1791549781463,1791549781463,
4ce5f47f-42c7-40eb-b95b-cb531ed5ab8a,CONSUMER,1400,1,did:web:ssi-dim-wallet-service.identity:BPNL00000003AYRE,,1791547756514,1791549781465,1791549781465,
14d40fd1-f108-49e9-829e-428c3215517c,CONSUMER,1400,1,did:web:ssi-dim-wallet-service.identity:BPNL00000003AYRE,,1791547756921,1791549781399,1791549781399,
7bcaecbf-2f88-46e5-8b73-d3b9b8fc52d2,CONSUMER,1400,1,did:web:ssi-dim-wallet-service.identity:BPNL00000003AYRE,,1791547757105,1791549781484,1791549781484,
0307bfa6-c54e-4b81-ac26-f8e875ffc4b4,CONSUMER,1400,1,did:web:ssi-dim-wallet-service.identity:BPNL00000003AYRE,,1791547757121,1791549781471,1791549781471,
2ecd4642-39a3-4bc0-80c7-127654c9bbe0,CONSUMER,1400,1,did:web:ssi-dim-wallet-service.identity:BPNL00000003AYRE,,1791547758306,1791549781546,1791549781546,
53c6363d-c3e9-49e3-aa22-64a75bc25291,CONSUMER,1400,1,did:web:ssi-dim-wallet-service.identity:BPNL00000003AYRE,,1791547759103,1791549781573,1791549781573,
e8518ed6-010c-4c7b-9b18-54c4a3f7b30d,CONSUMER,1400,1,did:web:ssi-dim-wallet-service.identity:BPNL00000003AYRE,,1791547759905,1791549735009,1791549735009,
9100bbf2-b77d-4cbf-9dd8-18ff7dd3faee,CONSUMER,1400,1,did:web:ssi-dim-wallet-service.identity:BPNL00000003AYRE,,1791547760115,1791549781563,1791549781563,
1d3d6178-11e0-490e-a15b-a799b38a5b4e,CONSUMER,1400,1,did:web:ssi-dim-wallet-service.identity:BPNL00000003AYRE,,1791547760312,1791549781569,1791549781569,
e76038d1-b69e-44a5-8bc5-6225766976f7,CONSUMER,1400,1,did:web:ssi-dim-wallet-service.identity:BPNL00000003AYRE,,1791547760404,1791549781638,1791549781638,
f50e1396-d507-42e8-8373-0dc907c04dd1,CONSUMER,1400,1,did:web:ssi-dim-wallet-service.identity:BPNL00000003AYRE,,1791547760502,1791549735004,1791549735004,
4ba70879-53be-4b35-97c9-76404b2eafc6,CONSUMER,1400,1,did:web:ssi-dim-wallet-service.identity:BPNL00000003AYRE,,1791547760506,1791549781666,1791549781666,
e7dbeae1-caa5-4bcd-b84d-53a369ead80a,CONSUMER,1400,1,did:web:ssi-dim-wallet-service.identity:BPNL00000003AYRE,,1791547761603,1791549782569,1791549782569,
f3efbc68-64a0-4aa9-a977-a573c38d380b,CONSUMER,1400,1,did:web:ssi-dim-wallet-service.identity:BPNL00000003AYRE,,1791547761902,1791549781674,1791549781674,
247abb3e-5d90-4295-887f-3157f5dec64b,CONSUMER,1400,1,did:web:ssi-dim-wallet-service.identity:BPNL00000003AYRE,,1791547762015,1791549735008,1791549735008,
faa99f22-5ebc-4f48-8191-739b3cbafb64,CONSUMER,1400,1,did:web:ssi-dim-wallet-service.identity:BPNL00000003AYRE,,1791547762217,1791549782673,1791549782673,
94bbdbb1-5135-4807-b1cf-6b8c52106697,CONSUMER,1400,1,did:web:ssi-dim-wallet-service.identity:BPNL00000003AYRE,,1791547762314,1791549782680,1791549782680,
97f39ee3-63f4-45f3-9032-adc111124779,CONSUMER,1400,1,did:web:ssi-dim-wallet-service.identity:BPNL00000003AYRE,,1791547762623,1791549782676,1791549782676,
aa7843ce-408b-4c16-a141-81884cd1bd72,CONSUMER,1400,1,did:web:ssi-dim-wallet-service.identity:BPNL00000003AYRE,,1791547763480,1791549782680,1791549782680,
0349dd51-12bc-49a1-b7ea-d173821b27d8,CONSUMER,1400,1,did:web:ssi-dim-wallet-service.identity:BPNL00000003AYRE,,1791547763503,1791549782734,1791549782734,
89749d1b-e310-4dd6-879f-762531613986,CONSUMER,1400,1,did:web:ssi-dim-wallet-service.identity:BPNL00000003AYRE,,1791547763809,1791549782721,1791549782721,
28996bfb-aab7-4a94-8bbd-72acc8f8cfe2,CONSUMER,1400,1,did:web:ssi-dim-wallet-service.identity:BPNL00000003AYRE,,1791547763822,1791549782756,1791549782756,
2b85a726-84f5-4352-b1cc-a6bc68e00e0d,CONSUMER,1400,1,did:web:ssi-dim-wallet-service.identity:BPNL00000003AYRE,,1791547764118,1791549782775,1791549782775,
5d89001a-f839-4d8b-bc04-eb04da1d6eb4,CONSUMER,1400,1,did:web:ssi-dim-wallet-service.identity:BPNL00000003AYRE,,1791547765506,1791549782789,1791549782789,
0cdacd01-098c-460d-a8c7-8c6c9a98d32e,CONSUMER,1400,1,did:web:ssi-dim-wallet-service.identity:BPNL00000003AYRE,,1791547765824,1791549782829,1791549782829,
80a2edf6-ce68-4ef0-9c9e-cb124a08054b,CONSUMER,1400,1,did:web:ssi-dim-wallet-service.identity:BPNL00000003AYRE,,1791547766333,1791549782835,1791549782835,
cf82a7cb-8b7d-474c-a8f1-9805afe18ec6,CONSUMER,1400,1,did:web:ssi-dim-wallet-service.identity:BPNL00000003AYRE,,1791547766403,1791549782867,1791549782867,
5c36e21a-3f92-4807-85de-4df087db6a79,CONSUMER,1400,1,did:web:ssi-dim-wallet-service.identity:BPNL00000003AYRE,,1791547767144,1791549782925,1791549782925,
89bd410c-0af7-4bac-94f7-054e023cefbb,CONSUMER,1400,1,did:web:ssi-dim-wallet-service.identity:BPNL00000003AYRE,,1791547767210,1791549782920,1791549782920,
02285840-b424-4169-a67b-aeea2a83fded,CONSUMER,200,1,did:web:ssi-dim-wallet-service.identity:BPNL00000003AYRE,,1791547767309,1791548199106,1791548199106,
7c6c32da-40f3-4056-b207-32308bd108cd,CONSUMER,200,1,did:web:ssi-dim-wallet-service.identity:BPNL00000003AYRE,,1791547767416,1791548199308,1791548199308,
40936cfb-8bbb-4394-8e68-093eb3d92330,CONSUMER,1400,1,did:web:ssi-dim-wallet-service.identity:BPNL00000003AYRE,,1791547767613,1791549735733,1791549735733,
bf58dc8d-3234-4438-817f-790beedef8db,CONSUMER,1400,1,did:web:ssi-dim-wallet-service.identity:BPNL00000003AYRE,,1791547768808,1791549735727,1791549735727,
6e89ff73-0f59-4799-a61f-d2d65eff093c,CONSUMER,1400,1,did:web:ssi-dim-wallet-service.identity:BPNL00000003AYRE,,1791547769312,1791549735759,1791549735759,
a62530a2-dbeb-44df-9306-b9b23bec254e,CONSUMER,1400,1,did:web:ssi-dim-wallet-service.identity:BPNL00000003AYRE,,1791547769909,1791549735804,1791549735804,
1607f1a5-a326-46f7-b674-3e979643428c,CONSUMER,1400,1,did:web:ssi-dim-wallet-service.identity:BPNL00000003AYRE,,1791547770029,1791549735819,1791549735819,
87102c9c-3f3d-4ef3-ae55-35dc98193d15,CONSUMER,1400,1,did:web:ssi-dim-wallet-service.identity:BPNL00000003AYRE,,1791547770121,1791549735777,1791549735777,
a3fdebb0-34a1-4575-ba4c-e002b8d4b7e8,CONSUMER,1400,1,did:web:ssi-dim-wallet-service.identity:BPNL00000003AYRE,,1791547770505,1791549735836,1791549735836,
73b8be50-093d-46fd-a228-8b9f08c7191a,CONSUMER,1400,1,did:web:ssi-dim-wallet-service.identity:BPNL00000003AYRE,,1791547772011,1791549735848,1791549735848,
b95f2675-96e4-41e1-ab9d-3b7b89d969ec,CONSUMER,1400,1,did:web:ssi-dim-wallet-service.identity:BPNL00000003AYRE,,1791547772423,1791549735842,1791549735842,
4d4da18a-9e28-4e4f-b37a-2d3376653fa3,CONSUMER,1400,1,did:web:ssi-dim-wallet-service.identity:BPNL00000003AYRE,,1791547773011,1791549735881,1791549735881,
7eec947c-e50f-4d1e-8888-b024db59c82a,CONSUMER,1400,1,did:web:ssi-dim-wallet-service.identity:BPNL00000003AYRE,,1791547773121,1791549783867,1791549783867,
d3ad5171-50f0-4ca1-8165-0726c6a12174,CONSUMER,1400,1,did:web:ssi-dim-wallet-service.identity:BPNL00000003AYRE,,1791547773315,1791549783868,1791549783868,
b87874ae-94b6-4e7a-8a99-6b50be463245,CONSUMER,1400,1,did:web:ssi-dim-wallet-service.identity:BPNL00000003AYRE,,1791547773416,1791549737038,1791549737038,
60083aab-fb6d-4a91-a80a-027ba83cc1c4,CONSUMER,1400,1,did:web:ssi-dim-wallet-service.identity:BPNL00000003AYRE,,1791547773418,1791549783924,1791549783924,
304572c9-64f0-4072-abc5-667eb2c1be5c,CONSUMER,1400,1,did:web:ssi-dim-wallet-service.identity:BPNL00000003AYRE,,1791547774014,1791549783893,1791549783893,
c91ff391-0244-4e2b-9f0e-964a710a893d,CONSUMER,1400,1,did:web:ssi-dim-wallet-service.identity:BPNL00000003AYRE,,1791547774017,1791549783925,1791549783925,
0038192d-780b-4070-a573-bfbc4cbb6bda,CONSUMER,1400,1,did:web:ssi-dim-wallet-service.identity:BPNL00000003AYRE,,1791547774703,1791549783930,1791549783930,
710f8940-2244-4ddd-a693-5216f9fada50,CONSUMER,1400,1,did:web:ssi-dim-wallet-service.identity:BPNL00000003AYRE,,1791547775516,1791549783937,1791549783937,
126ae3cb-7e94-4c0a-a39e-3697f8db45cf,CONSUMER,1400,1,did:web:ssi-dim-wallet-service.identity:BPNL00000003AYRE,,1791547776113,1791549737448,1791549737448,
41973803-3217-439a-8eaa-647d7057d44f,CONSUMER,1400,1,did:web:ssi-dim-wallet-service.identity:BPNL00000003AYRE,,1791547776313,1791549783973,1791549783973,
0e64eea5-87cd-4ca3-ba9f-4aa64f8c8c5f,CONSUMER,1400,1,did:web:ssi-dim-wallet-service.identity:BPNL00000003AYRE,,1791547777313,1791549783974,1791549783974,
5783ac73-f00d-4e10-8a67-add4706f910b,CONSUMER,1400,1,did:web:ssi-dim-wallet-service.identity:BPNL00000003AYRE,,1791547778008,1791549783976,1791549783976,
bef304b9-5031-4b6a-85c7-7d3c998fb085,CONSUMER,200,1,did:web:ssi-dim-wallet-service.identity:BPNL00000003AYRE,,1791547778012,1791548224437,1791548224437,
0a94ea2c-81eb-4595-a6c5-028d861c801b,CONSUMER,200,1,did:web:ssi-dim-wallet-service.identity:BPNL00000003AYRE,,1791547778209,1791548224538,1791548224538,
83399b6b-3443-4391-9f0b-76e74e3d8616,CONSUMER,200,1,did:web:ssi-dim-wallet-service.identity:BPNL00000003AYRE,,1791547780503,1791548224637,1791548224637,
118bf36f-3825-482d-8949-8db4c2bb1dc0,CONSUMER,200,1,did:web:ssi-dim-wallet-service.identity:BPNL00000003AYRE,,1791547780509,1791548224849,1791548224849,
3e55dfb8-2b41-4837-a142-b6d257dd89b3,CONSUMER,200,1,did:web:ssi-dim-wallet-service.identity:BPNL00000003AYRE,,1791547781102,1791548225036,1791548225036,
6a6bc810-60dd-4d26-aed1-12a4286fd8cf,CONSUMER,200,1,did:web:ssi-dim-wallet-service.identity:BPNL00000003AYRE,,1791547781110,1791548225114,1791548225114,
8eda4c0d-fd51-45ab-9218-be400d257121,CONSUMER,200,1,did:web:ssi-dim-wallet-service.identity:BPNL00000003AYRE,,1791547781217,1791548225407,1791548225407,
3ed4ad0d-dfd9-4a1e-a323-c58c51025839,CONSUMER,200,1,did:web:ssi-dim-wallet-service.identity:BPNL00000003AYRE,,1791547781323,1791548225310,1791548225310,
8fe85ae4-8a84-4713-b450-2a3a396afda4,CONSUMER,200,1,did:web:ssi-dim-wallet-service.identity:BPNL00000003AYRE,,1791547781508,1791548225350,1791548225350,
d6b7beec-8bac-4636-8da3-c21b33ff3872,CONSUMER,200,1,did:web:ssi-dim-wallet-service.identity:BPNL00000003AYRE,,1791547782502,1791548225608,1791548225608,
6ddbda1c-a30f-4dcc-9eb0-98cb61892aea,CONSUMER,200,1,did:web:ssi-dim-wallet-service.identity:BPNL00000003AYRE,,1791547782914,1791548225639,1791548225639,
a4bd6031-e37c-47e4-b6f8-0d38aeb887bf,CONSUMER,200,1,did:web:ssi-dim-wallet-service.identity:BPNL00000003AYRE,,1791547783018,1791548225752,1791548225752,
3fe47d71-f923-4cc0-a392-53520c9c049a,CONSUMER,200,1,did:web:ssi-dim-wallet-service.identity:BPNL00000003AYRE,,1791547783602,1791548225644,1791548225644,
990d52dc-38cb-4e11-bd7c-ef3242a559c9,CONSUMER,200,1,did:web:ssi-dim-wallet-service.identity:BPNL00000003AYRE,,1791547785019,1791548225643,1791548225643,
5a7c900f-826d-45dc-9f5c-61328df2c4b5,CONSUMER,200,1,did:web:ssi-dim-wallet-service.identity:BPNL00000003AYRE,,1791547785305,1791548225939,1791548225939,
c29aa47e-5538-4b3c-ad17-ef4366c80ccf,CONSUMER,200,1,did:web:ssi-dim-wallet-service.identity:BPNL00000003AYRE,,1791547785413,1791548226203,1791548226203,
64bf3c4c-275e-4b66-8f5d-89c46a9d3a6d,CONSUMER,200,1,did:web:ssi-dim-wallet-service.identity:BPNL00000003AYRE,,1791547785604,1791548226312,1791548226312,
342a1708-db4f-4489-a5d7-889697444b64,CONSUMER,200,1,did:web:ssi-dim-wallet-service.identity:BPNL00000003AYRE,,1791547785617,1791548226338,1791548226338,
97fe265d-04c9-49d5-832a-4ee9d091b633,CONSUMER,200,1,did:web:ssi-dim-wallet-service.identity:BPNL00000003AYRE,,1791547785904,1791548226445,1791548226445,
1982b21a-30f8-4976-ab68-c1d3c08ad576,CONSUMER,200,1,did:web:ssi-dim-wallet-service.identity:BPNL00000003AYRE,,1791547785912,1791548226364,1791548226364,
b2466029-b71f-407c-8580-51c28ac22c32,CONSUMER,1400,1,did:web:ssi-dim-wallet-service.identity:BPNL00000003AYRE,,1791547786004,1791549784970,1791549784970,
17c1a1ec-c48e-4bb4-b2dd-eba9632c1d60,CONSUMER,1400,1,did:web:ssi-dim-wallet-service.identity:BPNL00000003AYRE,,1791547786406,1791549784974,1791549784974,
6d19ae68-60fe-4a09-aed1-50f17a82a4d6,CONSUMER,1400,1,did:web:ssi-dim-wallet-service.identity:BPNL00000003AYRE,,1791547786411,1791549784978,1791549784978,
98bf3151-36e0-44b3-9e54-b47654c03028,CONSUMER,200,1,did:web:ssi-dim-wallet-service.identity:BPNL00000003AYRE,,1791547786413,1791548228537,1791548228537,
5125dc73-d440-46b7-883e-1f817568eb63,CONSUMER,200,1,did:web:ssi-dim-wallet-service.identity:BPNL00000003AYRE,,1791547786506,1791548228836,1791548228836,
f1896b2f-21e3-4bf5-a9d1-6be02b1bec94,CONSUMER,200,1,did:web:ssi-dim-wallet-service.identity:BPNL00000003AYRE,,1791547786904,1791548229003,1791548229003,
dff436f7-6026-46ce-8780-0e8dc529757d,CONSUMER,200,1,did:web:ssi-dim-wallet-service.identity:BPNL00000003AYRE,,1791547787318,1791548231010,1791548231010,
2e97445a-4e60-4e17-afb5-79b976f2ffab,CONSUMER,200,1,did:web:ssi-dim-wallet-service.identity:BPNL00000003AYRE,,1791547787805,1791548231607,1791548231607,
a6e64825-954c-4498-bdea-4be95f561874,CONSUMER,200,1,did:web:ssi-dim-wallet-service.identity:BPNL00000003AYRE,,1791547788841,1791548231438,1791548231438,
437a29d8-1618-476b-9700-72860cfa9a51,CONSUMER,200,1,did:web:ssi-dim-wallet-service.identity:BPNL00000003AYRE,,1791547789308,1791548231639,1791548231639,
09f21534-755c-455f-9687-d6350e11026a,CONSUMER,200,1,did:web:ssi-dim-wallet-service.identity:BPNL00000003AYRE,,1791547789503,1791548232506,1791548232506,
cff2603e-61d2-4a30-a836-34e6859f34ba,CONSUMER,200,1,did:web:ssi-dim-wallet-service.identity:BPNL00000003AYRE,,1791547789879,1791548232716,1791548232716,
7e223bec-9b16-4a2e-a8a2-fe602a189c4d,CONSUMER,200,1,did:web:ssi-dim-wallet-service.identity:BPNL00000003AYRE,,1791547790509,1791548234407,1791548234407,
79403289-3f9e-43ce-b16b-65290a1ec7c8,CONSUMER,200,1,did:web:ssi-dim-wallet-service.identity:BPNL00000003AYRE,,1791547790715,1791548233439,1791548233439,
400922c9-7889-4451-b354-228b8991895f,CONSUMER,200,1,did:web:ssi-dim-wallet-service.identity:BPNL00000003AYRE,,1791547790980,1791548234538,1791548234538,
075d17f9-c720-45b2-9698-01d8f9068a21,CONSUMER,200,1,did:web:ssi-dim-wallet-service.identity:BPNL00000003AYRE,,1791547791106,1791548234940,1791548234940,
f0f599ab-34cd-4af4-a3e1-e60391f98ac0,CONSUMER,200,1,did:web:ssi-dim-wallet-service.identity:BPNL00000003AYRE,,1791547791411,1791548234904,1791548234904,
99ad41fa-5d59-41e6-8342-0de46270c18d,CONSUMER,200,1,did:web:ssi-dim-wallet-service.identity:BPNL00000003AYRE,,1791547791415,1791548234941,1791548234941,
ca101807-650d-43f6-b553-ecf816b0d074,CONSUMER,200,1,did:web:ssi-dim-wallet-service.identity:BPNL00000003AYRE,,1791547791804,1791548235256,1791548235256,
b4a3c6de-e04b-4550-a1bf-3b023d8993a2,CONSUMER,200,1,did:web:ssi-dim-wallet-service.identity:BPNL00000003AYRE,,1791547791819,1791548235447,1791548235447,
41bfde05-f080-4a03-8e4a-a3b8a79d876e,CONSUMER,1400,1,did:web:ssi-dim-wallet-service.identity:BPNL00000003AYRE,,1791547792421,1791549785476,1791549785476,
9e57ff24-7468-4675-ad15-ead5cb1c672c,CONSUMER,1400,1,did:web:ssi-dim-wallet-service.identity:BPNL00000003AYRE,,1791547792522,1791549785509,1791549785509,
2729d92d-219f-4b4e-b71c-5461f2ddfb3d,CONSUMER,1400,1,did:web:ssi-dim-wallet-service.identity:BPNL00000003AYRE,,1791547794603,1791549785516,1791549785516,
fa0db19b-2d65-4d86-9afc-0da003fb13e1,CONSUMER,1400,1,did:web:ssi-dim-wallet-service.identity:BPNL00000003AYRE,,1791547794713,1791549785503,1791549785503,
5ae37493-3642-45b2-87c4-9b03d6dc3997,CONSUMER,1400,1,did:web:ssi-dim-wallet-service.identity:BPNL00000003AYRE,,1791547795214,1791549785521,1791549785521,
dcd682c2-f4df-4789-b94b-c0dd429cb6d1,CONSUMER,1400,1,did:web:ssi-dim-wallet-service.identity:BPNL00000003AYRE,,1791547796103,1791549785521,1791549785521,
89af6807-8393-4da2-bc8f-829be2325ac2,CONSUMER,1400,1,did:web:ssi-dim-wallet-service.identity:BPNL00000003AYRE,,1791547796105,1791549785615,1791549785615,
b2b6ca9c-3992-417a-968f-dd3c2381ad4b,CONSUMER,1400,1,did:web:ssi-dim-wallet-service.identity:BPNL00000003AYRE,,1791547796312,1791549785622,1791549785622,
28864f60-d482-4c0a-84b8-ac65a21147f8,CONSUMER,1400,1,did:web:ssi-dim-wallet-service.identity:BPNL00000003AYRE,,1791547796408,1791549785561,1791549785561,
ac6dae59-3b73-4b2a-9de8-b68ccc8fb2e8,CONSUMER,1400,1,did:web:ssi-dim-wallet-service.identity:BPNL00000003AYRE,,1791547796707,1791549785675,1791549785675,
7074ac99-4603-4342-bb9e-f0190ad51fde,CONSUMER,1400,1,did:web:ssi-dim-wallet-service.identity:BPNL00000003AYRE,,1791547797007,1791549785617,1791549785617,
496f1d2c-a9bf-4a75-a90e-c01a5833f162,CONSUMER,1400,1,did:web:ssi-dim-wallet-service.identity:BPNL00000003AYRE,,1791547797104,1791549785667,1791549785667,
c7047403-c02f-4de0-84ad-37c099fe3d9c,CONSUMER,1400,1,did:web:ssi-dim-wallet-service.identity:BPNL00000003AYRE,,1791547797503,1791549785682,1791549785682,
b7592fdf-5ce9-4b28-b61d-02f6cc9f4bca,CONSUMER,1400,1,did:web:ssi-dim-wallet-service.identity:BPNL00000003AYRE,,1791547797708,1791549786768,1791549786768,
8ed50739-ac7c-4423-9f51-302850e55f40,CONSUMER,1400,1,did:web:ssi-dim-wallet-service.identity:BPNL00000003AYRE,,1791547798303,1791549785762,1791549785762,
b5c1fcf3-d56e-45bc-b168-e31abbf231fa,CONSUMER,1400,1,did:web:ssi-dim-wallet-service.identity:BPNL00000003AYRE,,1791547798918,1791549785739,1791549785739,
3146fe2c-fba3-4ee3-bf71-89372ae6315b,CONSUMER,1400,1,did:web:ssi-dim-wallet-service.identity:BPNL00000003AYRE,,1791547799221,1791549785819,1791549785819,
384b4771-5005-4111-a098-eebe76450bcc,CONSUMER,1400,1,did:web:ssi-dim-wallet-service.identity:BPNL00000003AYRE,,1791547799402,1791549785720,1791549785720,
d6644344-09de-45aa-970f-f2d2ce8550f4,CONSUMER,1400,1,did:web:ssi-dim-wallet-service.identity:BPNL00000003AYRE,,1791547799808,1791549785780,1791549785780,
c4d2c818-b8d2-468a-8daf-19026ab7ab4e,CONSUMER,1400,1,did:web:ssi-dim-wallet-service.identity:BPNL00000003AYRE,,1791547800111,1791549785784,1791549785784,
41184d52-06b5-4f63-ab61-7388f9191461,CONSUMER,1400,1,did:web:ssi-dim-wallet-service.identity:BPNL00000003AYRE,,1791547800318,1791549785786,1791549785786,
4c242cc9-a0ef-4b71-ac71-807849c52e5b,CONSUMER,1400,1,did:web:ssi-dim-wallet-service.identity:BPNL00000003AYRE,,1791547801737,1791549786691,1791549786691,
73eeb5bb-fe19-4891-8f5f-c2f4e98a8060,CONSUMER,1400,1,did:web:ssi-dim-wallet-service.identity:BPNL00000003AYRE,,1791547802129,1791549786679,1791549786679,
c04f3a3e-47b6-416b-b89c-44c2d68e6d3d,CONSUMER,1400,1,did:web:ssi-dim-wallet-service.identity:BPNL00000003AYRE,,1791547802512,1791549786769,1791549786769,
b02ba9c8-dfa0-4a60-9076-79aa6cd2ce3d,CONSUMER,1400,1,did:web:ssi-dim-wallet-service.identity:BPNL00000003AYRE,,1791547802513,1791549786950,1791549786950,
a914a219-1fc3-482b-81c1-3df2433a59af,CONSUMER,1400,1,did:web:ssi-dim-wallet-service.identity:BPNL00000003AYRE,,1791547803915,1791549786811,1791549786811,
c64bfaea-b6f7-4ec8-a04e-a93ba5911857,CONSUMER,1400,1,did:web:ssi-dim-wallet-service.identity:BPNL00000003AYRE,,1791547804511,1791549786778,1791549786778,
fbc65815-93d9-492f-85e9-36ca28d00526,CONSUMER,1400,1,did:web:ssi-dim-wallet-service.identity:BPNL00000003AYRE,,1791547804608,1791549786968,1791549786968,
7fe2977f-19c3-44fd-8932-d9b26818f4fc,CONSUMER,1400,1,did:web:ssi-dim-wallet-service.identity:BPNL00000003AYRE,,1791547804718,1791549787121,1791549787121,
06ada732-53ad-4d34-8670-b06179698d88,CONSUMER,1400,1,did:web:ssi-dim-wallet-service.identity:BPNL00000003AYRE,,1791547804827,1791549786982,1791549786982,
fb84bf58-1194-4ae4-989b-53f937d76c39,CONSUMER,1400,1,did:web:ssi-dim-wallet-service.identity:BPNL00000003AYRE,,1791547806208,1791549787026,1791549787026,
efde13a0-f763-4637-b34c-6c9612ecc7a4,CONSUMER,1400,1,did:web:ssi-dim-wallet-service.identity:BPNL00000003AYRE,,1791547806309,1791549787228,1791549787228,
965898d0-1e53-4ec1-b09e-738120c84be2,CONSUMER,1400,1,did:web:ssi-dim-wallet-service.identity:BPNL00000003AYRE,,1791547806411,1791549787324,1791549787324,
dec0d5ed-0eb7-45b0-9ae2-a073a4aeb903,CONSUMER,1400,1,did:web:ssi-dim-wallet-service.identity:BPNL00000003AYRE,,1791547806720,1791549787222,1791549787222,
18965abb-aa85-482b-97f4-4a3649586f1c,CONSUMER,1400,1,did:web:ssi-dim-wallet-service.identity:BPNL00000003AYRE,,1791547807211,1791549787076,1791549787076,
10bd95c2-3de0-44c6-a513-ec0a27b535fd,CONSUMER,1400,1,did:web:ssi-dim-wallet-service.identity:BPNL00000003AYRE,,1791547807616,1791549787267,1791549787267,
b4213cee-9b77-49da-84d3-04594c711f2b,CONSUMER,1400,1,did:web:ssi-dim-wallet-service.identity:BPNL00000003AYRE,,1791547807879,1791549787420,1791549787420,
e8851f7b-de56-4998-abf5-e4cf57d25b8c,CONSUMER,1400,1,did:web:ssi-dim-wallet-service.identity:BPNL00000003AYRE,,1791547807915,1791549787433,1791549787433,
9f62dcdd-aa6a-4e35-a7b4-12305cbe8f69,CONSUMER,1400,1,did:web:ssi-dim-wallet-service.identity:BPNL00000003AYRE,,1791547808119,1791549787470,1791549787470,
7fa8cbe4-b6b6-4308-bda9-13235448c150,CONSUMER,1400,1,did:web:ssi-dim-wallet-service.identity:BPNL00000003AYRE,,1791547808119,1791549787320,1791549787320,
283f17f6-9f6d-4d7f-869d-ea3d388f545a,CONSUMER,200,1,did:web:ssi-dim-wallet-service.identity:BPNL00000003AYRE,,1791547808302,1791548257002,1791548257002,
1e53e04c-80b5-42e1-9401-4508c6c7abfd,CONSUMER,200,1,did:web:ssi-dim-wallet-service.identity:BPNL00000003AYRE,,1791547808822,1791548257007,1791548257007,
0a2c97e7-1699-442f-8a3e-00c81893cda1,CONSUMER,200,1,did:web:ssi-dim-wallet-service.identity:BPNL00000003AYRE,,1791547809331,1791548257051,1791548257051,
6551eb12-fbbc-449c-ae1f-67e472785038,CONSUMER,200,1,did:web:ssi-dim-wallet-service.identity:BPNL00000003AYRE,,1791547809503,1791548257112,1791548257112,
e82f8c34-fd31-475b-acad-559e3f5aeb39,CONSUMER,200,1,did:web:ssi-dim-wallet-service.identity:BPNL00000003AYRE,,1791547809525,1791548257209,1791548257209,
674f5d55-e7b3-491c-b04f-5d4f1cc11cec,CONSUMER,200,1,did:web:ssi-dim-wallet-service.identity:BPNL00000003AYRE,,1791547809804,1791548257306,1791548257306,
ec2be2e1-cd74-42e5-a6fe-9414d59f685a,CONSUMER,200,1,did:web:ssi-dim-wallet-service.identity:BPNL00000003AYRE,,1791547810110,1791548257446,1791548257446,
69a50b6e-0595-432a-a237-c012fb00e1cc,CONSUMER,200,1,did:web:ssi-dim-wallet-service.identity:BPNL00000003AYRE,,1791547810225,1791548257620,1791548257620,
8acdc4c5-0d8e-48c1-83f1-3065bd6f02ec,CONSUMER,200,1,did:web:ssi-dim-wallet-service.identity:BPNL00000003AYRE,,1791547812005,1791548257805,1791548257805,
2c3b2e75-3179-4d8b-8389-ab164f8bd0ea,CONSUMER,200,1,did:web:ssi-dim-wallet-service.identity:BPNL00000003AYRE,,1791547812011,1791548257849,1791548257849,
400c24c1-4d5a-41fb-9f29-0d1106ffa8ce,CONSUMER,200,1,did:web:ssi-dim-wallet-service.identity:BPNL00000003AYRE,,1791547812011,1791548257710,1791548257710,
ac1c9630-389d-4362-94fd-e8f32789d468,CONSUMER,200,1,did:web:ssi-dim-wallet-service.identity:BPNL00000003AYRE,,1791547812104,1791548257942,1791548257942,
4f447fa1-3434-4153-b75e-6a9d2f7aa7a5,CONSUMER,1400,1,did:web:ssi-dim-wallet-service.identity:BPNL00000003AYRE,,1791547812214,1791549788801,1791549788801,
51d7e604-da31-4ed5-8278-2396e8d1cbce,CONSUMER,200,1,did:web:ssi-dim-wallet-service.identity:BPNL00000003AYRE,,1791547812303,1791548258403,1791548258403,
3e0e8a18-dd2d-44c1-ba05-a0a1b8a8e5f8,CONSUMER,1400,1,did:web:ssi-dim-wallet-service.identity:BPNL00000003AYRE,,1791547812307,1791549788777,1791549788777,
bd453b76-3a8b-47cc-98cf-48195e621385,CONSUMER,1400,1,did:web:ssi-dim-wallet-service.identity:BPNL00000003AYRE,,1791547812608,1791549788879,1791549788879,
2413186b-d824-46ee-9e18-f90bd283c7f5,CONSUMER,1400,1,did:web:ssi-dim-wallet-service.identity:BPNL00000003AYRE,,1791547812805,1791549788862,1791549788862,
9b5d3728-6fbb-485d-9d57-6b20ccd7c8a8,CONSUMER,1400,1,did:web:ssi-dim-wallet-service.identity:BPNL00000003AYRE,,1791547812905,1791549788867,1791549788867,
2372d63f-7e6f-4a64-8132-ac2d6d4330c5,CONSUMER,1400,1,did:web:ssi-dim-wallet-service.identity:BPNL00000003AYRE,,1791547812906,1791549788769,1791549788769,
289d9b7a-6a1b-4b29-8895-a5d6088c0beb,CONSUMER,1400,1,did:web:ssi-dim-wallet-service.identity:BPNL00000003AYRE,,1791547812915,1791549788938,1791549788938,
2de1292a-d811-4c89-8eb1-477f8e8d6da3,CONSUMER,1400,1,did:web:ssi-dim-wallet-service.identity:BPNL00000003AYRE,,1791547812915,1791549737552,1791549737552,
b8c3d62b-e5c3-430c-8b41-8bd016684aae,CONSUMER,1400,1,did:web:ssi-dim-wallet-service.identity:BPNL00000003AYRE,,1791547813403,1791549737560,1791549737560,
6df5f75d-8c06-4567-9803-3d70d3999696,CONSUMER,1400,1,did:web:ssi-dim-wallet-service.identity:BPNL00000003AYRE,,1791547813836,1791549737667,1791549737667,
4f0daffc-079f-43cb-8763-73410d5a7f8f,CONSUMER,1400,1,did:web:ssi-dim-wallet-service.identity:BPNL00000003AYRE,,1791547814209,1791549737657,1791549737657,
e923757d-021d-4ddc-a03e-d9524568bebf,CONSUMER,1400,1,did:web:ssi-dim-wallet-service.identity:BPNL00000003AYRE,,1791547814406,1791549737863,1791549737863,
0a8fe456-1e8d-4fe6-8725-2643c83e1887,CONSUMER,1400,1,did:web:ssi-dim-wallet-service.identity:BPNL00000003AYRE,,1791547814505,1791549737873,1791549737873,
b188f598-4e9d-4a7c-be46-9db9044e2d62,CONSUMER,1400,1,did:web:ssi-dim-wallet-service.identity:BPNL00000003AYRE,,1791547814506,1791549737927,1791549737927,
ac36d9c1-9299-46e9-9883-e3fac72972fb,CONSUMER,1400,1,did:web:ssi-dim-wallet-service.identity:BPNL00000003AYRE,,1791547814510,1791549738021,1791549738021,
0336ad89-1db2-4b42-9018-063e976b8ba0,CONSUMER,200,1,did:web:ssi-dim-wallet-service.identity:BPNL00000003AYRE,,1791547815104,1791548266415,1791548266415,
fd2b3593-2043-4c5c-8e87-2e677efd9d0c,CONSUMER,1400,1,did:web:ssi-dim-wallet-service.identity:BPNL00000003AYRE,,1791547815207,1791549738028,1791549738028,
a4ff5916-d248-4bcf-924a-e7e5aac9e81b,CONSUMER,200,1,did:web:ssi-dim-wallet-service.identity:BPNL00000003AYRE,,1791547815317,1791548267043,1791548267043,
14f362e0-f656-44c7-b210-dee33f9cb443,CONSUMER,200,1,did:web:ssi-dim-wallet-service.identity:BPNL00000003AYRE,,1791547815322,1791548267112,1791548267112,
c9e55ca5-a583-4a20-9ad3-a9a2af144d0f,CONSUMER,200,1,did:web:ssi-dim-wallet-service.identity:BPNL00000003AYRE,,1791547815508,1791548267109,1791548267109,
c5cdc02f-ca06-4e2c-aa36-05339e19ad41,CONSUMER,1400,1,did:web:ssi-dim-wallet-service.identity:BPNL00000003AYRE,,1791547815514,1791549793968,1791549793968,
a1b80394-1d6f-43db-9707-e9a22d19685b,CONSUMER,200,1,did:web:ssi-dim-wallet-service.identity:BPNL00000003AYRE,,1791547815516,1791548267506,1791548267506,
0df62d9c-5f9f-488f-8ebc-66c4a1d84393,CONSUMER,200,1,did:web:ssi-dim-wallet-service.identity:BPNL00000003AYRE,,1791547815721,1791548267503,1791548267503,
85a9ba89-885e-4c0e-a887-1c0f382b597e,CONSUMER,200,1,did:web:ssi-dim-wallet-service.identity:BPNL00000003AYRE,,1791547815808,1791548267838,1791548267838,
fb1d17cc-e7be-4869-bbb3-38fc9fabe7dc,CONSUMER,200,1,did:web:ssi-dim-wallet-service.identity:BPNL00000003AYRE,,1791547815811,1791548268042,1791548268042,
8785aecb-78c6-4bd8-b219-0f148fd20855,CONSUMER,1400,1,did:web:ssi-dim-wallet-service.identity:BPNL00000003AYRE,,1791547816621,1791549793852,1791549793852,
b3f93350-00e1-4b99-92e4-7939890a504e,CONSUMER,200,1,did:web:ssi-dim-wallet-service.identity:BPNL00000003AYRE,,1791547816621,1791548268642,1791548268642,
d060d121-e8ac-49f4-b108-422ce78c5e02,CONSUMER,200,1,did:web:ssi-dim-wallet-service.identity:BPNL00000003AYRE,,1791547816622,1791548290505,1791548290505,
546b5c53-d8e3-445b-955f-d50fd0b44b9d,CONSUMER,200,1,did:web:ssi-dim-wallet-service.identity:BPNL00000003AYRE,,1791547816622,1791548291145,1791548291145,
47f9f5d8-3db4-498d-9f77-ec1a09edd41f,CONSUMER,200,1,did:web:ssi-dim-wallet-service.identity:BPNL00000003AYRE,,1791547816724,1791548291622,1791548291622,
1a0726d4-771d-4dae-a661-de19ce70141d,CONSUMER,200,1,did:web:ssi-dim-wallet-service.identity:BPNL00000003AYRE,,1791547816920,1791548291909,1791548291909,
3e313dc5-16b0-49e6-8247-0483ca5b3f63,CONSUMER,200,1,did:web:ssi-dim-wallet-service.identity:BPNL00000003AYRE,,1791547817123,1791548292144,1791548292144,
de33d82d-1966-417b-a44a-dfe025023444,CONSUMER,200,1,did:web:ssi-dim-wallet-service.identity:BPNL00000003AYRE,,1791547817615,1791548292315,1791548292315,
c67b8b61-95b8-43b9-a312-25b6a883a961,CONSUMER,200,1,did:web:ssi-dim-wallet-service.identity:BPNL00000003AYRE,,1791547817719,1791548292407,1791548292407,
9017b751-c736-4a13-816e-d572ccf91af9,CONSUMER,200,1,did:web:ssi-dim-wallet-service.identity:BPNL00000003AYRE,,1791547817903,1791548292706,1791548292706,
a80168fc-1131-4387-9a3f-a5f84fa6ee83,CONSUMER,200,1,did:web:ssi-dim-wallet-service.identity:BPNL00000003AYRE,,1791547817911,1791548292809,1791548292809,
e24effcb-08f4-4fed-a1a5-be1fb3c7bc9f,CONSUMER,200,1,did:web:ssi-dim-wallet-service.identity:BPNL00000003AYRE,,1791547818418,1791548292938,1791548292938,
bc310728-c67b-44bc-ab60-3201614a5bd9,CONSUMER,1100,1,did:web:ssi-dim-wallet-service.identity:BPNL00000003AYRE,a6e8647e-a061-4cdb-a6fa-2527d8e0690c,1791547818511,1791549793433,1791549793433,
7f91a150-a159-48e2-8085-77e93ff8b5b5,CONSUMER,200,1,did:web:ssi-dim-wallet-service.identity:BPNL00000003AYRE,,1791547818606,1791548293505,1791548293505,
260d0bb4-0500-40d9-ba85-d4ceab7250c5,CONSUMER,200,1,did:web:ssi-dim-wallet-service.identity:BPNL00000003AYRE,,1791547818708,1791548293716,1791548293716,
6a55b8cb-f5be-4a60-813e-f83aab9a70a7,CONSUMER,200,1,did:web:ssi-dim-wallet-service.identity:BPNL00000003AYRE,,1791547818719,1791548294015,1791548294015,
2e812c25-d6da-4407-bd23-5c93815d4402,CONSUMER,200,1,did:web:ssi-dim-wallet-service.identity:BPNL00000003AYRE,,1791547818807,1791548294316,1791548294316,
235747cb-7be3-447a-b051-42ea30c60cb2,CONSUMER,200,1,did:web:ssi-dim-wallet-service.identity:BPNL00000003AYRE,,1791547819204,1791548294539,1791548294539,
95900203-0808-43ff-b2f7-c98854483266,CONSUMER,200,1,did:web:ssi-dim-wallet-service.identity:BPNL00000003AYRE,,1791547819207,1791548294736,1791548294736,
ee7c9e61-c993-41d7-8338-26416aca8275,CONSUMER,200,1,did:web:ssi-dim-wallet-service.identity:BPNL00000003AYRE,,1791547819213,1791548294911,1791548294911,
c4252834-ecb5-484c-b4ee-ae05e2fec137,CONSUMER,200,1,did:web:ssi-dim-wallet-service.identity:BPNL00000003AYRE,,1791547819214,1791548295439,1791548295439,
1d3e62c2-9b07-4054-ad65-06dbdf6b9255,CONSUMER,200,1,did:web:ssi-dim-wallet-service.identity:BPNL00000003AYRE,,1791547819215,1791548295613,1791548295613,
55e0aa8a-ac5e-4a38-9628-5f0ccae3a060,CONSUMER,1400,1,did:web:ssi-dim-wallet-service.identity:BPNL00000003AYRE,,1791547819414,1791549791773,1791549791773,
5e40ce3d-7d3b-4b72-82ae-d6f89674a072,CONSUMER,1400,1,did:web:ssi-dim-wallet-service.identity:BPNL00000003AYRE,,1791547819429,1791549791674,1791549791674,
9a2f8710-107f-4815-8b71-06586d47f1a6,CONSUMER,1400,1,did:web:ssi-dim-wallet-service.identity:BPNL00000003AYRE,,1791547819517,1791549791769,1791549791769,
eaedf792-b020-4309-95ff-11409be545fc,CONSUMER,1400,1,did:web:ssi-dim-wallet-service.identity:BPNL00000003AYRE,,1791547819611,1791549791777,1791549791777,
d3712420-f686-455f-a368-03bb79a16896,CONSUMER,1400,1,did:web:ssi-dim-wallet-service.identity:BPNL00000003AYRE,,1791547819706,1791549791871,1791549791871,
8b5f5211-46bc-414b-9858-6f6391950e7a,CONSUMER,1400,1,did:web:ssi-dim-wallet-service.identity:BPNL00000003AYRE,,1791547819802,1791549791961,1791549791961,
9a136c8a-67cf-4834-8404-3427464e6f4c,CONSUMER,1400,1,did:web:ssi-dim-wallet-service.identity:BPNL00000003AYRE,,1791547819820,1791549791870,1791549791870,
c8ca8414-a2f9-45d4-ae7c-5fd75ff59b74,CONSUMER,1400,1,did:web:ssi-dim-wallet-service.identity:BPNL00000003AYRE,,1791547819828,1791549791871,1791549791871,
7ea9c844-2d3b-4bf7-8144-5f4a6e3fa389,CONSUMER,1400,1,did:web:ssi-dim-wallet-service.identity:BPNL00000003AYRE,,1791547820118,1791549791873,1791549791873,
360f2c08-7ee9-4751-aa7f-bff4708de1b8,CONSUMER,1400,1,did:web:ssi-dim-wallet-service.identity:BPNL00000003AYRE,,1791547820241,1791549791965,1791549791965,
0a5c5222-c7da-4bf4-b948-2a46f4ad4c19,CONSUMER,200,1,did:web:ssi-dim-wallet-service.identity:BPNL00000003AYRE,,1791547820309,1791548321225,1791548321225,
6b6ac6ab-9761-43ea-a266-cae6ce9d6b9d,CONSUMER,1400,1,did:web:ssi-dim-wallet-service.identity:BPNL00000003AYRE,,1791547820418,1791549791945,1791549791945,
e1c55538-f7ee-4005-8ea5-096f98183f55,CONSUMER,200,1,did:web:ssi-dim-wallet-service.identity:BPNL00000003AYRE,,1791547820503,1791548321342,1791548321342,
5d2f3768-39a9-4a39-9094-a93f4b6f2664,CONSUMER,200,1,did:web:ssi-dim-wallet-service.identity:BPNL00000003AYRE,,1791547820619,1791548321523,1791548321523,
9c0f81c7-2528-4d21-8db0-0f9a146cd473,CONSUMER,200,1,did:web:ssi-dim-wallet-service.identity:BPNL00000003AYRE,,1791547820804,1791548321608,1791548321608,
49d299ff-67dc-42e3-8163-eb7b070b1888,CONSUMER,200,1,did:web:ssi-dim-wallet-service.identity:BPNL00000003AYRE,,1791547821403,1791548321708,1791548321708,
63d60c12-c6b6-403a-b3c5-0d628a7ca5eb,CONSUMER,200,1,did:web:ssi-dim-wallet-service.identity:BPNL00000003AYRE,,1791547821419,1791548321905,1791548321905,
9c6461ed-1fa8-4593-8430-c4542fdb6ac9,CONSUMER,200,1,did:web:ssi-dim-wallet-service.identity:BPNL00000003AYRE,,1791547821419,1791548322031,1791548322031,
3ffb21bd-a6b5-4b8a-97e8-88bbe234ebc4,CONSUMER,1400,1,did:web:ssi-dim-wallet-service.identity:BPNL00000003AYRE,,1791547821806,1791549792677,1791549792677,
1fb5b8d2-6df4-455c-8c1c-0ad902236b4e,CONSUMER,1400,1,did:web:ssi-dim-wallet-service.identity:BPNL00000003AYRE,,1791547821813,1791549792582,1791549792582,
d6aa356e-bb5a-47e7-9298-9544582fefed,CONSUMER,1400,1,did:web:ssi-dim-wallet-service.identity:BPNL00000003AYRE,,1791547821908,1791549792677,1791549792677,
66c20d01-05fc-4b50-b1a0-c0ceb3b0cf46,CONSUMER,1400,1,did:web:ssi-dim-wallet-service.identity:BPNL00000003AYRE,,1791547822003,1791549792681,1791549792681,
7fe0b759-a8ab-4e71-8e53-c298fb8dfe3b,CONSUMER,1400,1,did:web:ssi-dim-wallet-service.identity:BPNL00000003AYRE,,1791547822015,1791549792753,1791549792753,
52cdaf1c-ed2e-4133-acf1-e329bd8a6074,CONSUMER,1400,1,did:web:ssi-dim-wallet-service.identity:BPNL00000003AYRE,,1791547822117,1791549792879,1791549792879,
2d32e977-0e1e-4ac9-b37e-7a038d5489e5,CONSUMER,1400,1,did:web:ssi-dim-wallet-service.identity:BPNL00000003AYRE,,1791547822119,1791549792758,1791549792758,
afaaba0e-e4fa-4216-b9b7-6717b2cbee38,CONSUMER,1400,1,did:web:ssi-dim-wallet-service.identity:BPNL00000003AYRE,,1791547822305,1791549792876,1791549792876,
574319f4-d10c-46e3-959b-39102625fae3,CONSUMER,1400,1,did:web:ssi-dim-wallet-service.identity:BPNL00000003AYRE,,1791547822504,1791549792780,1791549792780,
005b3109-866e-4572-9573-702502d3dc27,CONSUMER,1400,1,did:web:ssi-dim-wallet-service.identity:BPNL00000003AYRE,,1791547822704,1791549792821,1791549792821,
3366f591-42b0-4ad3-b9fe-b9a3aa9dbf9d,CONSUMER,1400,1,did:web:ssi-dim-wallet-service.identity:BPNL00000003AYRE,,1791547822805,1791549792926,1791549792926,
53344b95-b5e7-409d-a505-00d50c898134,CONSUMER,1400,1,did:web:ssi-dim-wallet-service.identity:BPNL00000003AYRE,,1791547822831,1791549792885,1791549792885,
703da8ef-9b9e-42a6-99b5-21a655f3e9d5,CONSUMER,1400,1,did:web:ssi-dim-wallet-service.identity:BPNL00000003AYRE,,1791547822903,1791549793967,1791549793967,
7551dd16-2cc9-4f70-b412-0353f25d6ea5,CONSUMER,1400,1,did:web:ssi-dim-wallet-service.identity:BPNL00000003AYRE,,1791547822913,1791549792973,1791549792973,
c9378be2-7158-4773-9f22-e445cf409c7c,CONSUMER,200,1,did:web:ssi-dim-wallet-service.identity:BPNL00000003AYRE,,1791547822914,1791548324122,1791548324122,
6d4a6776-1751-4000-9ba9-3103a7b1245c,CONSUMER,1400,1,did:web:ssi-dim-wallet-service.identity:BPNL00000003AYRE,,1791547823013,1791549792925,1791549792925,
e17dbd3e-ca3f-4f45-a934-2389577f9984,CONSUMER,200,1,did:web:ssi-dim-wallet-service.identity:BPNL00000003AYRE,,1791547823307,1791548324507,1791548324507,
5332b055-8fba-4de3-b073-99c13a6fffbe,CONSUMER,200,1,did:web:ssi-dim-wallet-service.identity:BPNL00000003AYRE,,1791547823506,1791548324524,1791548324524,
7cba5568-9817-49c8-8f07-d94429246fa5,CONSUMER,1400,1,did:web:ssi-dim-wallet-service.identity:BPNL00000003AYRE,,1791547823615,1791549793860,1791549793860,
efef3f2a-857f-4f1b-80a1-c3bb1cf8ae32,CONSUMER,200,1,did:web:ssi-dim-wallet-service.identity:BPNL00000003AYRE,,1791547824412,1791548324543,1791548324543,
3e5e92be-ca6b-4264-b3a4-c2209b48d0ce,CONSUMER,200,1,did:web:ssi-dim-wallet-service.identity:BPNL00000003AYRE,,1791547824515,1791548324623,1791548324623,
435d3798-7d02-419f-8f2f-a8eb5388ef74,CONSUMER,200,1,did:web:ssi-dim-wallet-service.identity:BPNL00000003AYRE,,1791547824904,1791548324627,1791548324627,
fc07c217-3721-4ad7-b088-1f52f0a29a1d,CONSUMER,1400,1,did:web:ssi-dim-wallet-service.identity:BPNL00000003AYRE,,1791547824904,1791549794023,1791549794023,
3b29687c-6386-4255-a342-5bc35566e206,CONSUMER,1400,1,did:web:ssi-dim-wallet-service.identity:BPNL00000003AYRE,,1791547825215,1791549793973,1791549793973,
cd8a5e61-4b1b-4373-93e5-da7f1d71d971,CONSUMER,200,1,did:web:ssi-dim-wallet-service.identity:BPNL00000003AYRE,,1791547825305,1791548325724,1791548325724,
70198695-c601-4864-9180-44acff7b5057,CONSUMER,200,1,did:web:ssi-dim-wallet-service.identity:BPNL00000003AYRE,,1791547826304,1791548325811,1791548325811,
bb74bff9-78cd-4ea2-93e8-6771280457a2,CONSUMER,200,1,did:web:ssi-dim-wallet-service.identity:BPNL00000003AYRE,,1791547826515,1791548325825,1791548325825,
e16f550d-20cd-4d36-b729-74fcf2370f3e,CONSUMER,200,1,did:web:ssi-dim-wallet-service.identity:BPNL00000003AYRE,,1791547826716,1791548325830,1791548325830,
a20df0c6-4791-4999-84ac-995c1278d5d2,CONSUMER,200,1,did:web:ssi-dim-wallet-service.identity:BPNL00000003AYRE,,1791547827118,1791548325935,1791548325935,
6bc6379a-ce36-488f-9d0d-e8ec816032d5,CONSUMER,200,1,did:web:ssi-dim-wallet-service.identity:BPNL00000003AYRE,,1791547827308,1791548326026,1791548326026,
c2845cbe-7b48-4dbe-897d-667f3f638b82,CONSUMER,200,1,did:web:ssi-dim-wallet-service.identity:BPNL00000003AYRE,,1791547827426,1791548326203,1791548326203,
b3a8a506-ddcf-4f99-86b5-486ad24b5e89,CONSUMER,200,1,did:web:ssi-dim-wallet-service.identity:BPNL00000003AYRE,,1791547828015,1791548326223,1791548326223,
c3804c13-498b-404c-ba42-27b13db1a8e3,CONSUMER,1400,1,did:web:ssi-dim-wallet-service.identity:BPNL00000003AYRE,,1791547828120,1791549794186,1791549794186,
824e2744-4402-42e0-8dd0-a7302b309366,CONSUMER,1400,1,did:web:ssi-dim-wallet-service.identity:BPNL00000003AYRE,,1791547828518,1791549794243,1791549794243,
c30a887c-b6eb-4c1a-84d2-61f5cbe564db,CONSUMER,200,1,did:web:ssi-dim-wallet-service.identity:BPNL00000003AYRE,,1791547828628,1791548326423,1791548326423,
b20fba2c-71f0-46c6-8fa7-5cdb843b89d6,CONSUMER,1400,1,did:web:ssi-dim-wallet-service.identity:BPNL00000003AYRE,,1791547829011,1791549794200,1791549794200,
8e0f93e8-6170-474b-a025-6e52f333394d,CONSUMER,1400,1,did:web:ssi-dim-wallet-service.identity:BPNL00000003AYRE,,1791547829525,1791549794226,1791549794226,
3cd489bc-ebaa-4d6c-ada8-bf6a3077eb97,CONSUMER,1400,1,did:web:ssi-dim-wallet-service.identity:BPNL00000003AYRE,,1791547829804,1791549794245,1791549794245,
85e510b8-0219-47ed-8970-11970fe3f493,CONSUMER,1400,1,did:web:ssi-dim-wallet-service.identity:BPNL00000003AYRE,,1791547830105,1791549794843,1791549794843,
7537216c-54df-448e-8fa2-91c4548eac6b,CONSUMER,1400,1,did:web:ssi-dim-wallet-service.identity:BPNL00000003AYRE,,1791547830308,1791549794700,1791549794700,
a102db37-8328-44dc-9b6d-f49f881c4c2c,CONSUMER,1400,1,did:web:ssi-dim-wallet-service.identity:BPNL00000003AYRE,,1791547830407,1791549794859,1791549794859,
ebdc1109-ed23-41db-9d79-174ad5886e4d,CONSUMER,1400,1,did:web:ssi-dim-wallet-service.identity:BPNL00000003AYRE,,1791547830704,1791549794875,1791549794875,
cd839ec4-008d-4d1d-81f0-0caefdb21e1a,CONSUMER,1400,1,did:web:ssi-dim-wallet-service.identity:BPNL00000003AYRE,,1791547830814,1791549794967,1791549794967,
ee0a7dd3-8939-425d-a478-6e1ea3db4a15,CONSUMER,1400,1,did:web:ssi-dim-wallet-service.identity:BPNL00000003AYRE,,1791547830816,1791549794957,1791549794957,
29591caa-a8df-4789-971a-d58cf778cb58,CONSUMER,200,1,did:web:ssi-dim-wallet-service.identity:BPNL00000003AYRE,,1791547830905,1791548327762,1791548327762,
0b0ee1aa-6009-441e-8ee8-5f504c855036,CONSUMER,200,1,did:web:ssi-dim-wallet-service.identity:BPNL00000003AYRE,,1791547831312,1791548327854,1791548327854,
843e403e-5d7e-4f10-be4c-dbe896053e1d,CONSUMER,200,1,did:web:ssi-dim-wallet-service.identity:BPNL00000003AYRE,,1791547831418,1791548327946,1791548327946,
a2ec7ca8-9ada-4f09-8ce1-98992f7443be,CONSUMER,200,1,did:web:ssi-dim-wallet-service.identity:BPNL00000003AYRE,,1791547831616,1791548328053,1791548328053,
75e582b6-bcb6-40f2-ac96-3592cb2b3770,CONSUMER,200,1,did:web:ssi-dim-wallet-service.identity:BPNL00000003AYRE,,1791547831814,1791548328109,1791548328109,
3db39506-5733-4048-8920-32705606a312,CONSUMER,200,1,did:web:ssi-dim-wallet-service.identity:BPNL00000003AYRE,,1791547831817,1791548328139,1791548328139,
3cca2de7-029e-480c-92fc-3257946ec8c7,CONSUMER,1400,1,did:web:ssi-dim-wallet-service.identity:BPNL00000003AYRE,,1791547832218,1791549795222,1791549795222,
891e5f61-fae0-4591-bfd5-a4f23be6fb98,CONSUMER,200,1,did:web:ssi-dim-wallet-service.identity:BPNL00000003AYRE,,1791547832518,1791548328367,1791548328367,
f76e068f-21b8-494f-b666-a02b8ed62615,CONSUMER,1400,1,did:web:ssi-dim-wallet-service.identity:BPNL00000003AYRE,,1791547832705,1791549795238,1791549795238,
2379fb80-5a57-42d1-b57e-e4b89111e8d1,CONSUMER,1400,1,did:web:ssi-dim-wallet-service.identity:BPNL00000003AYRE,,1791547832720,1791549795298,1791549795298,
bc933933-6fec-4988-a035-75c9fdc588d8,CONSUMER,1400,1,did:web:ssi-dim-wallet-service.identity:BPNL00000003AYRE,,1791547833102,1791549795307,1791549795307,
e0ce7aa7-3bd5-415b-847d-47aea44033e4,CONSUMER,1400,1,did:web:ssi-dim-wallet-service.identity:BPNL00000003AYRE,,1791547833525,1791549795353,1791549795353,
f1f94463-b99d-4508-b50b-3370b56f0bf9,CONSUMER,1400,1,did:web:ssi-dim-wallet-service.identity:BPNL00000003AYRE,,1791547833605,1791549795356,1791549795356,
a2d53d06-3877-4327-a47c-b2d1b02f9328,CONSUMER,1400,1,did:web:ssi-dim-wallet-service.identity:BPNL00000003AYRE,,1791547834305,1791549795827,1791549795827,
e76ee1b5-644b-44a2-a231-f912771ce9fa,CONSUMER,1400,1,did:web:ssi-dim-wallet-service.identity:BPNL00000003AYRE,,1791547834305,1791549795338,1791549795338,
c36f883a-e83f-4f25-9c48-747c94df0fbe,CONSUMER,1400,1,did:web:ssi-dim-wallet-service.identity:BPNL00000003AYRE,,1791547834409,1791549795868,1791549795868,
a65b88df-9e9f-4acd-a118-7f6754e22e0d,CONSUMER,1400,1,did:web:ssi-dim-wallet-service.identity:BPNL00000003AYRE,,1791547834512,1791549795911,1791549795911,
5df5aca8-e916-4782-af3f-f59a095cd38a,CONSUMER,1400,1,did:web:ssi-dim-wallet-service.identity:BPNL00000003AYRE,,1791547834706,1791549795909,1791549795909,
02ceda4d-2a58-4383-b802-f173ea43a623,CONSUMER,1400,1,did:web:ssi-dim-wallet-service.identity:BPNL00000003AYRE,,1791547835411,1791549795959,1791549795959,
7b375b1b-12f3-43c6-a5d9-55a2b8fff380,CONSUMER,1400,1,did:web:ssi-dim-wallet-service.identity:BPNL00000003AYRE,,1791547835632,1791549795966,1791549795966,
6daa799d-a8dc-4b59-bdbf-fbc1f5cc08c0,CONSUMER,1400,1,did:web:ssi-dim-wallet-service.identity:BPNL00000003AYRE,,1791547836381,1791549795969,1791549795969,
48aac6cc-ed09-4a0f-b467-701f338c9048,CONSUMER,1400,1,did:web:ssi-dim-wallet-service.identity:BPNL00000003AYRE,,1791547836618,1791549795972,1791549795972,
0fbc1a67-7b6c-4baf-ab5a-251e46028fdc,CONSUMER,1400,1,did:web:ssi-dim-wallet-service.identity:BPNL00000003AYRE,,1791547836813,1791549796014,1791549796014,
bb7911d7-9066-43c6-bb69-05ca02708082,CONSUMER,1400,1,did:web:ssi-dim-wallet-service.identity:BPNL00000003AYRE,,1791547837019,1791549796072,1791549796072,
5bb194a4-5d30-4ca7-80a2-b0dc0bca64df,CONSUMER,1400,1,did:web:ssi-dim-wallet-service.identity:BPNL00000003AYRE,,1791547837115,1791549796113,1791549796113,
5573f099-d423-4d6f-bc6d-b634ad126b98,CONSUMER,1400,1,did:web:ssi-dim-wallet-service.identity:BPNL00000003AYRE,,1791547838021,1791549796061,1791549796061,
70712bfd-438b-40c1-8ce8-709346603ec2,CONSUMER,1400,1,did:web:ssi-dim-wallet-service.identity:BPNL00000003AYRE,,1791547838814,1791549796113,1791549796113,
67aaaf70-3b87-48fe-b1cb-a20b9c9ff0dd,CONSUMER,1400,1,did:web:ssi-dim-wallet-service.identity:BPNL00000003AYRE,,1791547838824,1791549796153,1791549796153,
59184868-6cfb-4547-906e-0e488ed01df3,CONSUMER,1400,1,did:web:ssi-dim-wallet-service.identity:BPNL00000003AYRE,,1791547839417,1791549796106,1791549796106,
c1a325c2-67cf-489b-9ee7-11725356b0df,CONSUMER,1400,1,did:web:ssi-dim-wallet-service.identity:BPNL00000003AYRE,,1791547840105,1791549796177,1791549796177,
29a76daf-67c2-418c-a3bb-18afea69eb11,CONSUMER,1400,1,did:web:ssi-dim-wallet-service.identity:BPNL00000003AYRE,,1791547840604,1791549797177,1791549797177,
4d3defd7-00ce-4941-b650-eb5e2f320878,CONSUMER,1400,1,did:web:ssi-dim-wallet-service.identity:BPNL00000003AYRE,,1791547840613,1791549796181,1791549796181,
d41e729d-5b53-47bb-a690-bdc782004e53,CONSUMER,1400,1,did:web:ssi-dim-wallet-service.identity:BPNL00000003AYRE,,1791547840619,1791549796271,1791549796271,
b07f0d5b-cb47-475d-a220-e8816a043f6a,CONSUMER,1400,1,did:web:ssi-dim-wallet-service.identity:BPNL00000003AYRE,,1791547840704,1791549796193,1791549796193,
c668ac33-0638-4a85-83a0-353a1c1ff19f,CONSUMER,1400,1,did:web:ssi-dim-wallet-service.identity:BPNL00000003AYRE,,1791547841425,1791549796229,1791549796229,
e54303cc-3a85-4f09-b3cd-61a4e641accb,CONSUMER,1400,1,did:web:ssi-dim-wallet-service.identity:BPNL00000003AYRE,,1791547842018,1791549797179,1791549797179,
78a98f7c-60c0-46fe-80b3-1d851326234a,CONSUMER,1400,1,did:web:ssi-dim-wallet-service.identity:BPNL00000003AYRE,,1791547842103,1791549797178,1791549797178,
e419dba0-57b9-44f0-8315-2e46a4f15c6d,CONSUMER,1400,1,did:web:ssi-dim-wallet-service.identity:BPNL00000003AYRE,,1791547842312,1791549797172,1791549797172,
12bf868e-f591-4a62-b0e9-4dae9a9eb4e7,CONSUMER,1400,1,did:web:ssi-dim-wallet-service.identity:BPNL00000003AYRE,,1791547842410,1791549797187,1791549797187,
2d0d24a6-b104-4245-80f0-53ecd1bd1739,CONSUMER,1400,1,did:web:ssi-dim-wallet-service.identity:BPNL00000003AYRE,,1791547842420,1791549797227,1791549797227,
6e09d95b-ef3f-4c79-97d6-ce04353eb254,CONSUMER,1400,1,did:web:ssi-dim-wallet-service.identity:BPNL00000003AYRE,,1791547843216,1791549797223,1791549797223,
c365ccf9-03b0-4594-9dfa-69a117c3afce,CONSUMER,1400,1,did:web:ssi-dim-wallet-service.identity:BPNL00000003AYRE,,1791547843604,1791549797279,1791549797279,
035fcd74-f21d-44f9-b979-35f840633b2a,CONSUMER,1400,1,did:web:ssi-dim-wallet-service.identity:BPNL00000003AYRE,,1791547844709,1791549797295,1791549797295,
f0a0d991-ffa3-49a7-9d59-1262fd2ccfe2,CONSUMER,1400,1,did:web:ssi-dim-wallet-service.identity:BPNL00000003AYRE,,1791547852309,1791549797224,1791549797224,
7eb83f47-114b-464a-a49e-f1b65c328ca3,CONSUMER,1400,1,did:web:ssi-dim-wallet-service.identity:BPNL00000003AYRE,,1791547856881,1791549797303,1791549797303,
c2784d27-5574-4250-bba3-f4aa8af31910,CONSUMER,1400,1,did:web:ssi-dim-wallet-service.identity:BPNL00000003AYRE,,1791547857215,1791549797342,1791549797342,
0592621f-94b7-4e03-8d66-4fac57bb69fe,CONSUMER,1400,1,did:web:ssi-dim-wallet-service.identity:BPNL00000003AYRE,,1791547857321,1791549797337,1791549797337,
b633205c-e2ff-46fc-a0e4-bbc3fecfc563,CONSUMER,1400,1,did:web:ssi-dim-wallet-service.identity:BPNL00000003AYRE,,1791547857419,1791549797312,1791549797312,
c0c4077e-6f78-4d20-a663-dc08ca994996,CONSUMER,1400,1,did:web:ssi-dim-wallet-service.identity:BPNL00000003AYRE,,1791547858307,1791549797305,1791549797305,
24740fff-c4fc-46a1-9bc7-86136a38daa8,CONSUMER,1400,1,did:web:ssi-dim-wallet-service.identity:BPNL00000003AYRE,,1791547858514,1791549797332,1791549797332,
0bfde33e-d37d-43c9-9e7c-1c51000dd177,CONSUMER,1400,1,did:web:ssi-dim-wallet-service.identity:BPNL00000003AYRE,,1791547858824,1791549797339,1791549797339,
2f021c96-dce4-4f42-bf9e-2b87e29ec0d4,CONSUMER,1400,1,did:web:ssi-dim-wallet-service.identity:BPNL00000003AYRE,,1791547862617,1791549797382,1791549797382,
e732974d-3749-4d68-8cf7-616293e03da5,CONSUMER,1400,1,did:web:ssi-dim-wallet-service.identity:BPNL00000003AYRE,,1791547862708,1791549797384,1791549797384,
b66f23de-ef95-4132-b4f7-4385132c9e14,CONSUMER,1400,1,did:web:ssi-dim-wallet-service.identity:BPNL00000003AYRE,,1791547862916,1791549797371,1791549797371,
09f959a2-f483-4fc6-948d-37c9788e60b6,CONSUMER,1400,1,did:web:ssi-dim-wallet-service.identity:BPNL00000003AYRE,,1791547863021,1791549797850,1791549797850,
43fd6fa7-f485-4762-93c6-33ad7e9ff517,CONSUMER,1400,1,did:web:ssi-dim-wallet-service.identity:BPNL00000003AYRE,,1791547863207,1791549798019,1791549798019,
0b553791-bd6f-493a-b359-bb3926eb6bb0,CONSUMER,200,1,did:web:ssi-dim-wallet-service.identity:BPNL00000003AYRE,,1791547863216,1791548336436,1791548336436,
eb367ed2-3148-4bb4-8e7d-5c45cd23c09e,CONSUMER,1400,1,did:web:ssi-dim-wallet-service.identity:BPNL00000003AYRE,,1791547863280,1791549797849,1791549797849,
1e665eb5-ea49-4390-b69c-d4d09f59830c,CONSUMER,1400,1,did:web:ssi-dim-wallet-service.identity:BPNL00000003AYRE,,1791547863303,1791549797920,1791549797920,
70d8b243-ff2e-47c4-a3fb-2877096af7ce,CONSUMER,200,1,did:web:ssi-dim-wallet-service.identity:BPNL00000003AYRE,,1791547863317,1791548341334,1791548341334,
77a9ece5-594f-42a6-ba7f-6922dc35ec07,CONSUMER,1400,1,did:web:ssi-dim-wallet-service.identity:BPNL00000003AYRE,,1791547863603,1791549797925,1791549797925,
50627651-0fc3-4977-861c-fa54779bf4cf,CONSUMER,200,1,did:web:ssi-dim-wallet-service.identity:BPNL00000003AYRE,,1791547863807,1791548346324,1791548346324,
3f707b63-5b23-42cf-80b2-8ff936cfc154,CONSUMER,200,1,did:web:ssi-dim-wallet-service.identity:BPNL00000003AYRE,,1791547863917,1791548348422,1791548348422,
b1016eec-c955-4626-82e5-7f2fbe07411d,CONSUMER,200,1,did:web:ssi-dim-wallet-service.identity:BPNL00000003AYRE,,1791547864004,1791548350629,1791548350629,
55dec413-676e-4156-8b97-328e87f57147,CONSUMER,200,1,did:web:ssi-dim-wallet-service.identity:BPNL00000003AYRE,,1791547864013,1791548349534,1791548349534,
d9d3aa20-4c51-4a30-93a3-3a1e20cd28a4,CONSUMER,200,1,did:web:ssi-dim-wallet-service.identity:BPNL00000003AYRE,,1791547864016,1791548354429,1791548354429,
dd71ceda-9c37-4497-acac-a09b0f63c1ba,CONSUMER,200,1,did:web:ssi-dim-wallet-service.identity:BPNL00000003AYRE,,1791547864106,1791548352103,1791548352103,
f3be16b1-be54-4397-9270-2d27dcaf289f,CONSUMER,200,1,did:web:ssi-dim-wallet-service.identity:BPNL00000003AYRE,,1791547864203,1791548354405,1791548354405,
4bea25f5-f88a-4c2c-9784-80125b0d64ab,CONSUMER,200,1,did:web:ssi-dim-wallet-service.identity:BPNL00000003AYRE,,1791547864320,1791548354903,1791548354903,
fb49bd04-9909-4295-bbdd-948061edb386,CONSUMER,200,1,did:web:ssi-dim-wallet-service.identity:BPNL00000003AYRE,,1791547864420,1791548359904,1791548359904,
9fe6752b-f275-4e00-abcc-0a70d5025f1b,CONSUMER,200,1,did:web:ssi-dim-wallet-service.identity:BPNL00000003AYRE,,1791547864429,1791548362507,1791548362507,
bb71d42d-82e3-4ab0-bfcf-dd6265e41bb2,CONSUMER,200,1,did:web:ssi-dim-wallet-service.identity:BPNL00000003AYRE,,1791547864479,1791548363102,1791548363102,
27df3a90-ce28-4a7b-ab0a-ed8a83f739ac,CONSUMER,200,1,did:web:ssi-dim-wallet-service.identity:BPNL00000003AYRE,,1791547864607,1791548363621,1791548363621,
bc7ca013-c404-4f6b-b39c-e7c2b7f89177,CONSUMER,200,1,did:web:ssi-dim-wallet-service.identity:BPNL00000003AYRE,,1791547864613,1791548371302,1791548371302,
3ee53f5c-255e-4bda-9350-b089279b5b3a,CONSUMER,1400,1,did:web:ssi-dim-wallet-service.identity:BPNL00000003AYRE,,1791547865004,1791549791680,1791549791680,
e7ae5b47-8041-42ae-9ec8-aea07fe03c7b,CONSUMER,1400,1,did:web:ssi-dim-wallet-service.identity:BPNL00000003AYRE,,1791547865005,1791549791778,1791549791778,
ffeb4e1a-fb04-4eff-839f-24878cfe7ff4,CONSUMER,1100,1,did:web:ssi-dim-wallet-service.identity:BPNL00000003AYRE,f164175f-4190-4a09-9973-82a3e34f1c4b,1791547865119,1791549793438,1791549793438,
08da78b4-ccdd-45b5-a1ea-112ef0774f3e,CONSUMER,1100,1,did:web:ssi-dim-wallet-service.identity:BPNL00000003AYRE,fce5b22a-9386-44fb-b260-3c651e6003c5,1791547865207,1791549793538,1791549793538,
694ee5d0-b4d9-4450-8713-7891a1125103,CONSUMER,1100,1,did:web:ssi-dim-wallet-service.identity:BPNL00000003AYRE,6f9def81-9f86-4067-9609-2645d1a1c505,1791547865615,1791549793358,1791549793358,
0876b2c8-0449-401b-a0a3-45feab2c95f2,CONSUMER,1100,1,did:web:ssi-dim-wallet-service.identity:BPNL00000003AYRE,59ff7c50-153d-4b3e-a890-fa9086c3c06f,1791547865905,1791549733535,1791549733535,
404ac365-4c5f-48ac-8818-9e2584f1e629,CONSUMER,1100,1,did:web:ssi-dim-wallet-service.identity:BPNL00000003AYRE,e48d0a54-817e-40a5-a152-fa6a7690c7b2,1791547866003,1791549733661,1791549733661,
a903d381-d400-4cd8-8cbb-1748a584936b,CONSUMER,1100,1,did:web:ssi-dim-wallet-service.identity:BPNL00000003AYRE,9d8592a2-9775-42b4-beb4-6864ae60697d,1791547867113,1791549733834,1791549733834,
fdbda69f-002d-4a81-8301-4ed2466f7bb0,CONSUMER,1100,1,did:web:ssi-dim-wallet-service.identity:BPNL00000003AYRE,dc391815-776c-43fd-9c43-5cdb89bfbd43,1791547867314,1791549733734,1791549733734,
a16a8dc7-25d2-4fbd-8061-352595d66ee8,CONSUMER,1100,1,did:web:ssi-dim-wallet-service.identity:BPNL00000003AYRE,643f86f7-31bb-4147-be13-677e5fafb762,1791547868306,1791549733774,1791549733774,
82f5a8f5-56e4-41d1-8f64-6dd01d83f89d,CONSUMER,1100,1,did:web:ssi-dim-wallet-service.identity:BPNL00000003AYRE,e318d9c0-dc70-481d-b4ab-df5ebbcf2d58,1791547868507,1791549793653,1791549793653,
e3afb2e4-cd77-41a1-9c6c-f77c670edd6c,CONSUMER,1100,1,did:web:ssi-dim-wallet-service.identity:BPNL00000003AYRE,d8058948-7b3c-4f0d-bd4c-34a2d7014f37,1791547868716,1791549793491,1791549793491,
3da4bcba-47be-4442-ae5c-2cc12468b39f,CONSUMER,1100,1,did:web:ssi-dim-wallet-service.identity:BPNL00000003AYRE,cdab6d88-c701-4796-a8a8-097091935b55,1791547868806,1791549793849,1791549793849,
f327923b-d725-4700-aaf4-f92b91289530,CONSUMER,1100,1,did:web:ssi-dim-wallet-service.identity:BPNL00000003AYRE,dd129f01-eba1-4c21-8db8-65773a4a4aff,1791547869012,1791549793562,1791549793562,
2b995a62-281a-4c9f-b811-a84a3a01a850,CONSUMER,1100,1,did:web:ssi-dim-wallet-service.identity:BPNL00000003AYRE,535846a5-1650-45ea-89f7-f7479085d9b3,1791547869106,1791549793861,1791549793861,
15df4f7f-f906-4304-8890-cff4b5ee3b01,CONSUMER,1100,1,did:web:ssi-dim-wallet-service.identity:BPNL00000003AYRE,aa38abfe-500b-47e7-a86e-40263c607157,1791547869107,1791549793769,1791549793769,
7d69bb96-1b88-4f5d-b640-1bc4e5859bad,CONSUMER,1100,1,did:web:ssi-dim-wallet-service.identity:BPNL00000003AYRE,e3be2949-e7c9-4d19-b80f-e101c52b7661,1791547869427,1791549793734,1791549793734,
6a1aca2f-44a7-4712-83a7-52a58faed699,CONSUMER,1100,1,did:web:ssi-dim-wallet-service.identity:BPNL00000003AYRE,68c5a87a-42aa-4b90-ab34-adfcc4538c98,1791547869517,1791549793872,1791549793872,
c6ae249b-93d1-46ce-8994-15cf0fe7a78a,CONSUMER,1100,1,did:web:ssi-dim-wallet-service.identity:BPNL00000003AYRE,49817619-4b8d-45d1-9461-63db86d9b831,1791547869521,1791549793861,1791549793861,
29ff9526-1aaf-4149-bae2-2614e8457faa,CONSUMER,1100,1,did:web:ssi-dim-wallet-service.identity:BPNL00000003AYRE,cc5fca5a-38b6-4942-8acf-ad61e35b7429,1791547869822,1791549793873,1791549793873,
5c15500d-8ff8-4500-ae87-a21a6b80b48b,CONSUMER,1100,1,did:web:ssi-dim-wallet-service.identity:BPNL00000003AYRE,1caa4658-a614-4e7d-be72-73becbd34ad2,1791547870016,1791549793959,1791549793959,
14f93d51-de15-44d6-8a17-cc939c5a65fb,CONSUMER,1100,1,did:web:ssi-dim-wallet-service.identity:BPNL00000003AYRE,5723bc7e-e515-4e83-ac63-5efe576570ca,1791547870403,1791549794662,1791549794662,
22c938c3-da24-4f2c-968c-71e07362bbb2,CONSUMER,1100,1,did:web:ssi-dim-wallet-service.identity:BPNL00000003AYRE,d1e46336-9cbb-4a35-b6a3-36af09470e9c,1791547870508,1791549794732,1791549794732,
a9c31a3b-cd1a-4c58-a7b4-feaae0cfa724,CONSUMER,1100,1,did:web:ssi-dim-wallet-service.identity:BPNL00000003AYRE,16fc3a94-0beb-4520-8b04-57349d9b2598,1791547871524,1791549794662,1791549794662,
8c02bcc4-e901-41f0-bb4f-2dd772cf6f2b,CONSUMER,1100,1,did:web:ssi-dim-wallet-service.identity:BPNL00000003AYRE,1b84a809-b181-43db-adcd-931f7ceb4fb6,1791547871606,1791549794829,1791549794829,
4e162941-67bd-4d2f-ade4-321e51dbf4ba,CONSUMER,1100,1,did:web:ssi-dim-wallet-service.identity:BPNL00000003AYRE,7bc30d0e-a4ae-42d9-ac61-d68664d4fd64,1791547871619,1791549794882,1791549794882,
091159eb-1a8d-49a4-a2e9-600385619afa,CONSUMER,1100,1,did:web:ssi-dim-wallet-service.identity:BPNL00000003AYRE,5f32937e-2143-45f3-bd96-706021c54c6a,1791547871714,1791549794847,1791549794847,
18390aa9-2540-4fde-9172-286c295ae6a5,CONSUMER,1100,1,did:web:ssi-dim-wallet-service.identity:BPNL00000003AYRE,705d0a8b-3420-4df5-82a9-c26e1c2adbc1,1791547872007,1791549794928,1791549794928,
7b3d6e27-0271-4f2e-a8a0-12305d603f1a,CONSUMER,1100,1,did:web:ssi-dim-wallet-service.identity:BPNL00000003AYRE,fc9dcad1-710f-432c-a2b4-82b48e1d48b3,1791547872116,1791549794872,1791549794872,
139b9906-5be9-4641-8f5f-6a8db4ba9d20,CONSUMER,1100,1,did:web:ssi-dim-wallet-service.identity:BPNL00000003AYRE,fc82c283-f1a8-463c-9bbe-d3744d7649b1,1791547873516,1791549795151,1791549795151,
40632603-0eaa-42d4-92ce-135979303042,CONSUMER,1100,1,did:web:ssi-dim-wallet-service.identity:BPNL00000003AYRE,450c326f-dce7-4927-ad45-7d145adfc4db,1791547873603,1791549795139,1791549795139,
79edf4a8-4989-481a-b9cf-7fa73c3e654f,CONSUMER,1100,1,did:web:ssi-dim-wallet-service.identity:BPNL00000003AYRE,d7e16e11-60c3-4f12-a3ae-a07e15289798,1791547873810,1791549795151,1791549795151,
aa622da4-9bb8-4971-bd64-b1305b42cb13,CONSUMER,1100,1,did:web:ssi-dim-wallet-service.identity:BPNL00000003AYRE,0e90fc39-426f-4810-8264-1dfbd1c4172e,1791547873880,1791549795151,1791549795151,
14cf6e27-462a-4637-8ebd-26730b45f559,CONSUMER,1100,1,did:web:ssi-dim-wallet-service.identity:BPNL00000003AYRE,2c1c2a8d-bdd7-4742-ab1d-8cbe7b267704,1791547874410,1791549795284,1791549795284,
e9a20fe2-0f13-4300-a4f3-787221343a48,CONSUMER,1100,1,did:web:ssi-dim-wallet-service.identity:BPNL00000003AYRE,1bb793d3-65c3-4c36-a8fe-eabe51230aea,1791547874979,1791549795285,1791549795285,
dc831df7-21f4-4c17-bd1e-c7f515119d64,CONSUMER,1100,1,did:web:ssi-dim-wallet-service.identity:BPNL00000003AYRE,783959f1-5b6a-4f18-b2f7-3235f38e207a,1791547875013,1791549795285,1791549795285,
a4345aa7-0f4d-422b-a713-01722ce0afc1,CONSUMER,1100,1,did:web:ssi-dim-wallet-service.identity:BPNL00000003AYRE,8005f7ce-e451-40ff-bc4b-bcd1e24b47a9,1791547875014,1791549795395,1791549795395,
5d24f98c-9385-42c1-a1c6-b213c6d221c5,CONSUMER,1100,1,did:web:ssi-dim-wallet-service.identity:BPNL00000003AYRE,973e1ff5-2424-4bb5-a202-3ce9ffc89058,1791547875403,1791549795429,1791549795429,
2b92d2f0-caf6-4570-960c-25c84c34a804,CONSUMER,1100,1,did:web:ssi-dim-wallet-service.identity:BPNL00000003AYRE,f490edbf-01ad-42f6-9619-e82b7d209655,1791547876614,1791549795371,1791549795371,
d3d2b99b-62dc-400c-b09f-c52224e06ee7,CONSUMER,1100,1,did:web:ssi-dim-wallet-service.identity:BPNL00000003AYRE,83b2092f-2df5-4d71-b483-2bba7e99a1f7,1791547876680,1791549795467,1791549795467,
277cf889-c288-43ee-9cf4-574febb6b7e2,CONSUMER,1100,1,did:web:ssi-dim-wallet-service.identity:BPNL00000003AYRE,15379908-c71e-4a8f-9927-45860e6109da,1791547877210,1791549795457,1791549795457,
b439af21-cffa-4170-97b3-edaf1867b276,CONSUMER,1100,1,did:web:ssi-dim-wallet-service.identity:BPNL00000003AYRE,1b89a253-388d-4d06-95f4-c82f551ec2a8,1791547878002,1791549796558,1791549796558,
b2a2116d-4f16-4d5a-8148-1998deed6de6,CONSUMER,1100,1,did:web:ssi-dim-wallet-service.identity:BPNL00000003AYRE,07005dd5-9d9f-4738-9fbe-1a4d7967cd18,1791547878024,1791549796575,1791549796575,
2f4aca65-84c2-47d5-95dc-30927219c372,CONSUMER,1100,1,did:web:ssi-dim-wallet-service.identity:BPNL00000003AYRE,0cde599a-1520-4021-af13-3c0e4c3f75de,1791547878114,1791549796593,1791549796593,
cee57f9e-44f5-492b-b757-7302ef01d127,CONSUMER,1100,1,did:web:ssi-dim-wallet-service.identity:BPNL00000003AYRE,978d975b-3036-4d51-9e0b-4756fce738b2,1791547878116,1791549796795,1791549796795,
f9e5cad6-ede1-41f6-934f-488c93402ce9,CONSUMER,1100,1,did:web:ssi-dim-wallet-service.identity:BPNL00000003AYRE,6a237034-5131-4105-aaf7-f8cea0d95ff3,1791547878226,1791549796950,1791549796950,
bb029185-1263-4dc4-a2fb-31a45229dd95,CONSUMER,1100,1,did:web:ssi-dim-wallet-service.identity:BPNL00000003AYRE,e52edf8e-ff0b-493d-b141-ac75368869f4,1791547878280,1791549796905,1791549796905,
8ff782e6-b4c9-4217-abbd-1b1eec8a1df9,CONSUMER,1100,1,did:web:ssi-dim-wallet-service.identity:BPNL00000003AYRE,a9b2036d-f26f-4c9c-8a13-ddd933f07f4f,1791547878306,1791549796854,1791549796854,
9fe31918-bb15-4143-9af5-4478fa75bbce,CONSUMER,1100,1,did:web:ssi-dim-wallet-service.identity:BPNL00000003AYRE,cfc76980-833e-4633-a7b8-42564e13492b,1791547878321,1791549797020,1791549797020,
6c5f24ea-f424-407e-b331-dfbc724e2d07,CONSUMER,1100,1,did:web:ssi-dim-wallet-service.identity:BPNL00000003AYRE,4c290833-73ac-4446-839d-655011c8f41d,1791547878405,1791549797050,1791549797050,
0cbd193e-aea5-44e4-a955-894a3c18ff8c,CONSUMER,1100,1,did:web:ssi-dim-wallet-service.identity:BPNL00000003AYRE,2a47fcf8-af27-4329-8cff-cfadbd1187d8,1791547879127,1791549796961,1791549796961,
9806041b-153e-4ccc-8122-7fa5312719a6,CONSUMER,1100,1,did:web:ssi-dim-wallet-service.identity:BPNL00000003AYRE,9403df18-227f-4929-a3a6-349cc620ec09,1791547879719,1791549796950,1791549796950,
4f922ac2-1904-4a22-98c2-f782d971ef35,CONSUMER,1100,1,did:web:ssi-dim-wallet-service.identity:BPNL00000003AYRE,e13b5412-1658-4894-8fd2-30cbc5438f78,1791547880517,1791549797055,1791549797055,
af63b2ee-077b-445a-bb7b-c57a8e70ab04,CONSUMER,1100,1,did:web:ssi-dim-wallet-service.identity:BPNL00000003AYRE,4684b304-2734-40c2-8f61-329b4878cf53,1791547880826,1791549797037,1791549797037,
db9b4ef4-6929-4d5d-9149-29a7b2212bad,CONSUMER,1100,1,did:web:ssi-dim-wallet-service.identity:BPNL00000003AYRE,190be843-28f8-4c4e-8374-7b714df155b6,1791547880906,1791549737138,1791549737138,
0e3407a0-a68a-4853-a621-ecd4033d7e38,CONSUMER,1100,1,did:web:ssi-dim-wallet-service.identity:BPNL00000003AYRE,fdc4f699-bd42-492c-8f08-ecfc0d840c1c,1791547881079,1791549797114,1791549797114,
b49ad2d1-ca03-45f7-827f-183f5967d751,CONSUMER,1100,1,did:web:ssi-dim-wallet-service.identity:BPNL00000003AYRE,bcc81955-268b-4947-a2cc-a040de189276,1791547881102,1791549737366,1791549737366,
721d19d0-e0e7-48ac-94be-5cda34c505aa,CONSUMER,1100,1,did:web:ssi-dim-wallet-service.identity:BPNL00000003AYRE,e7bc417c-30c3-4396-9c98-2b283c99d5ec,1791547881102,1791549797118,1791549797118,
08055b93-2cab-49bb-9f71-045643671a89,CONSUMER,1100,1,did:web:ssi-dim-wallet-service.identity:BPNL00000003AYRE,92f3bd18-bdcc-4b64-816e-0722d61f29d5,1791547881211,1791549737245,1791549737245,
de78f77e-982b-49f6-b829-9d4fcced911f,CONSUMER,1100,1,did:web:ssi-dim-wallet-service.identity:BPNL00000003AYRE,3848eba3-8727-4a9c-a66b-c0f2896c404b,1791547881413,1791549737355,1791549737355,
a1a3a1a9-4b30-43fb-90fe-e9325b45f52a,CONSUMER,1100,1,did:web:ssi-dim-wallet-service.identity:BPNL00000003AYRE,d06d9ae9-7488-4999-9393-97f9f0704e63,1791547881505,1791549737372,1791549737372,
760e12dd-e3ed-4895-a6dc-f0708846cb91,CONSUMER,1100,1,did:web:ssi-dim-wallet-service.identity:BPNL00000003AYRE,bec2bc5e-2088-4550-b416-cc44f16e8f59,1791547881526,1791549798660,1791549798660,
cb21f42f-2bbe-47f8-9308-cb386901218e,CONSUMER,1100,1,did:web:ssi-dim-wallet-service.identity:BPNL00000003AYRE,e9008ad6-7d73-4aff-a613-006fb161bbd7,1791547881903,1791549798848,1791549798848,
eaabec35-ae77-4e8d-bfbd-13c2fa1d7b77,CONSUMER,1100,1,did:web:ssi-dim-wallet-service.identity:BPNL00000003AYRE,33192d76-e4a6-4564-b1ba-78570e51f2cc,1791547882103,1791549798856,1791549798856,
078a2f37-5df8-4781-b56f-a9633b1b9283,CONSUMER,1100,1,did:web:ssi-dim-wallet-service.identity:BPNL00000003AYRE,37410eb7-ba8e-4628-9e7c-60c82ca6928a,1791547883103,1791549798756,1791549798756,
a442a57b-8d6a-48f4-b4d3-886cb9eaf444,CONSUMER,1100,1,did:web:ssi-dim-wallet-service.identity:BPNL00000003AYRE,9ce3857b-f83f-4900-8ec3-f994ad81db21,1791547884410,1791549798864,1791549798864,
34304f38-6f76-4b93-820f-33973862080a,CONSUMER,1100,1,did:web:ssi-dim-wallet-service.identity:BPNL00000003AYRE,ba8e42cf-be62-4c4a-bbcb-5b10bb24e655,1791547885206,1791549798928,1791549798928,
7a8c098b-7a8e-4f21-b82e-8ba3987b7d9d,CONSUMER,1100,1,did:web:ssi-dim-wallet-service.identity:BPNL00000003AYRE,569e2fdf-cde3-4596-9587-8dcb1f064e14,1791547885219,1791549798880,1791549798880,
01adcb68-181c-483d-8126-80dc612c2088,CONSUMER,1100,1,did:web:ssi-dim-wallet-service.identity:BPNL00000003AYRE,1f732b44-5df0-4cfa-aaf2-bf30c7b0c791,1791547885326,1791549799155,1791549799155,
94dbfe27-c933-4aa7-aa96-7eb1af15cd4b,CONSUMER,1100,1,did:web:ssi-dim-wallet-service.identity:BPNL00000003AYRE,7553c2d9-5a68-4fdc-a742-ad67fcc85a12,1791547885415,1791549799155,1791549799155,
af35c076-b983-486f-87d7-82a6de69343d,CONSUMER,1100,1,did:web:ssi-dim-wallet-service.identity:BPNL00000003AYRE,392d0421-d4e4-41a0-8847-04badffce7c1,1791547885734,1791549799166,1791549799166,
2bdb1595-86b6-4495-b874-c1dbf8b41d21,CONSUMER,1100,1,did:web:ssi-dim-wallet-service.identity:BPNL00000003AYRE,a1fea5d2-e1da-48f9-bc49-cdd8c475e6b5,1791547886505,1791549799167,1791549799167,
4106d4f4-6d2a-4900-b990-2991fba8620f,CONSUMER,1100,1,did:web:ssi-dim-wallet-service.identity:BPNL00000003AYRE,bc465050-ca43-4629-8530-59a08dc73aba,1791547886506,1791549799166,1791549799166,
e7294a06-571d-40dd-8a1d-38d6e0c0b61e,CONSUMER,1100,1,did:web:ssi-dim-wallet-service.identity:BPNL00000003AYRE,ed218d5f-7c0d-4f29-8aa7-8e4cbbe79037,1791547886579,1791549799252,1791549799252,
97ca3df9-777c-44fc-9c9f-cc2d6566d2f9,CONSUMER,1100,1,did:web:ssi-dim-wallet-service.identity:BPNL00000003AYRE,88d86097-d2d1-4c85-847a-219b6f5e01b9,1791547886625,1791549799464,1791549799464,
f6046a27-2205-454f-812b-d5116908e95a,CONSUMER,1100,1,did:web:ssi-dim-wallet-service.identity:BPNL00000003AYRE,b64f2751-c9b7-44c4-b544-3b45a996758a,1791547886804,1791549799295,1791549799295,
ad3ebc68-9776-47e1-bbf4-7a5c10a97926,CONSUMER,1100,1,did:web:ssi-dim-wallet-service.identity:BPNL00000003AYRE,9eca7534-cb48-43ec-9f84-db44e6ff2195,1791547886920,1791549799433,1791549799433,
8015a5f2-5e96-4527-8309-ebfb805f3787,CONSUMER,1100,1,did:web:ssi-dim-wallet-service.identity:BPNL00000003AYRE,dc0082e3-161e-42c3-aa59-3ba99b00e06b,1791547887103,1791549799463,1791549799463,
a9ffb1d5-e52b-4ef7-8ca2-0cdb197ff38d,CONSUMER,1100,1,did:web:ssi-dim-wallet-service.identity:BPNL00000003AYRE,9d1b33cc-d7a1-428d-b439-a88848fa0bbb,1791547887303,1791549799849,1791549799849,
bda1d266-5e1f-41b8-867e-58a15e0e3050,CONSUMER,1100,1,did:web:ssi-dim-wallet-service.identity:BPNL00000003AYRE,0b3d2ca3-9103-462a-9f26-2d1d31a6780d,1791547887305,1791549799866,1791549799866,
4c7d9ff5-7aa0-4995-9502-e4f899954065,CONSUMER,1100,1,did:web:ssi-dim-wallet-service.identity:BPNL00000003AYRE,02b7d6ce-ef03-4e19-85c2-9627f6f2273c,1791547887404,1791549799934,1791549799934,
7b399b2e-8421-474d-baca-5267f71f9a92,CONSUMER,200,1,did:web:ssi-dim-wallet-service.identity:BPNL00000003AYRE,,1791547887527,1791548450225,1791548450225,
ba0f8001-17e3-4623-8980-def82d794acd,CONSUMER,200,1,did:web:ssi-dim-wallet-service.identity:BPNL00000003AYRE,,1791547887821,1791548450724,1791548450724,
0cb145e1-7252-4768-abcc-35463a9724e5,CONSUMER,200,1,did:web:ssi-dim-wallet-service.identity:BPNL00000003AYRE,,1791547888407,1791548450635,1791548450635,
6ff78b53-5dde-4674-b887-ef30632a2cc8,CONSUMER,200,1,did:web:ssi-dim-wallet-service.identity:BPNL00000003AYRE,,1791547888423,1791548451228,1791548451228,
2559ec1a-fe12-4c73-87fb-b2d165d4612e,CONSUMER,200,1,did:web:ssi-dim-wallet-service.identity:BPNL00000003AYRE,,1791547888508,1791548451428,1791548451428,
384938e4-27c2-4441-902b-9c88d716a346,CONSUMER,200,1,did:web:ssi-dim-wallet-service.identity:BPNL00000003AYRE,,1791547889903,1791548451423,1791548451423,
c0f919d3-5198-4df2-a6be-73dcd430d626,CONSUMER,200,1,did:web:ssi-dim-wallet-service.identity:BPNL00000003AYRE,,1791547889908,1791548451726,1791548451726,
04540690-ad6d-45f8-ab78-33926c5c976d,CONSUMER,200,1,did:web:ssi-dim-wallet-service.identity:BPNL00000003AYRE,,1791547890616,1791548451837,1791548451837,
8b64d673-acae-41c8-a64e-8f0cefe852c9,CONSUMER,200,1,did:web:ssi-dim-wallet-service.identity:BPNL00000003AYRE,,1791547890618,1791548451823,1791548451823,
54aaf014-2ec8-4037-bf85-08f51ed25b8c,CONSUMER,200,1,did:web:ssi-dim-wallet-service.identity:BPNL00000003AYRE,,1791547890719,1791548451829,1791548451829,
c1fe1250-5298-4d83-bc22-c9a7a70235de,CONSUMER,200,1,did:web:ssi-dim-wallet-service.identity:BPNL00000003AYRE,,1791547891003,1791548451926,1791548451926,
9fce8c47-5c5f-48e0-b450-99b47fed7fc5,CONSUMER,200,1,did:web:ssi-dim-wallet-service.identity:BPNL00000003AYRE,,1791547891015,1791548452005,1791548452005,
d6801dfc-ec2a-4413-a799-ecc14095621d,CONSUMER,200,1,did:web:ssi-dim-wallet-service.identity:BPNL00000003AYRE,,1791547891205,1791548452123,1791548452123,
9af65dfc-4dcf-4e20-aadd-7e38289da401,CONSUMER,200,1,did:web:ssi-dim-wallet-service.identity:BPNL00000003AYRE,,1791547891209,1791548452105,1791548452105,
6c834c76-014a-4980-85d3-399d50514c1b,CONSUMER,200,1,did:web:ssi-dim-wallet-service.identity:BPNL00000003AYRE,,1791547891614,1791548452242,1791548452242,
0f0dc8ee-3e8e-4612-ba17-27069bdbb944,CONSUMER,200,1,did:web:ssi-dim-wallet-service.identity:BPNL00000003AYRE,,1791547891621,1791548452721,1791548452721,
cb9474ce-b1f4-456c-9a91-579e23252cf2,CONSUMER,200,1,did:web:ssi-dim-wallet-service.identity:BPNL00000003AYRE,,1791547892179,1791548453447,1791548453447,
d3b8ddbc-3306-44a1-a61c-f220f3d06165,CONSUMER,200,1,did:web:ssi-dim-wallet-service.identity:BPNL00000003AYRE,,1791547892214,1791548454149,1791548454149,
af38b836-e62c-450d-a8fc-bda7a9e6c9af,CONSUMER,200,1,did:web:ssi-dim-wallet-service.identity:BPNL00000003AYRE,,1791547892533,1791548453905,1791548453905,
4fe8e7f6-e88b-49b3-8882-1c631d5320e2,CONSUMER,200,1,did:web:ssi-dim-wallet-service.identity:BPNL00000003AYRE,,1791547893222,1791548454228,1791548454228,
7566950b-3009-471d-93ce-73560e138a7e,CONSUMER,1100,1,did:web:ssi-dim-wallet-service.identity:BPNL00000003AYRE,cc9c7668-2b93-4333-902a-1244e52e4ee1,1791547894656,1791549744903,1791549744903,
dde53fbe-8401-489c-ae5b-e4190379e784,CONSUMER,1100,1,did:web:ssi-dim-wallet-service.identity:BPNL00000003AYRE,a920f6bd-bc52-4b04-a6ae-78d670d03905,1791547894808,1791549744329,1791549744329,
66e03eed-0c75-42c8-a1ac-2b6391ef1428,CONSUMER,1100,1,did:web:ssi-dim-wallet-service.identity:BPNL00000003AYRE,465aa761-0b53-498a-b78f-0588942b9ee2,1791547895020,1791549744734,1791549744734,
d6fff918-38f2-4bfe-b749-fc5a36c1db4c,CONSUMER,1100,1,did:web:ssi-dim-wallet-service.identity:BPNL00000003AYRE,ce4aa54b-18b5-4cc6-b22e-787bf9e0c3c1,1791547895606,1791549744347,1791549744347,
597b2f4d-c537-4359-aae2-8fb0ff0b7515,CONSUMER,1100,1,did:web:ssi-dim-wallet-service.identity:BPNL00000003AYRE,a702b8f3-3fdb-4cfb-8253-c8ad444cb095,1791547895607,1791549744607,1791549744607,
693f811e-4145-4e9b-b927-2301a0cf0e70,CONSUMER,1100,1,did:web:ssi-dim-wallet-service.identity:BPNL00000003AYRE,5bff79bc-dcc7-409c-89a7-2c69f8656c6d,1791547895708,1791549744828,1791549744828,
93af97e4-274f-41e0-a63b-984856762607,CONSUMER,1100,1,did:web:ssi-dim-wallet-service.identity:BPNL00000003AYRE,3cbcf626-f3b1-4f07-93f4-a5aad23c9cd2,1791547896004,1791549744628,1791549744628,
0e69c3e8-32ff-4e37-a9e4-35e2eeecd7aa,CONSUMER,1100,1,did:web:ssi-dim-wallet-service.identity:BPNL00000003AYRE,3798700f-c5af-43d8-bdb9-b3659e61ea6d,1791547896512,1791549744836,1791549744836,
e6075788-42ad-49e3-8ec1-11f51cdd5c29,CONSUMER,1100,1,did:web:ssi-dim-wallet-service.identity:BPNL00000003AYRE,c1e140cb-ceec-4a9c-b030-0e6d81834e86,1791547897416,1791549744902,1791549744902,
9918be51-b63a-4f92-8dda-987cde8f0a9f,CONSUMER,1100,1,did:web:ssi-dim-wallet-service.identity:BPNL00000003AYRE,1baff4ac-fe9f-4dd1-9b16-14084547c851,1791547898311,1791549744863,1791549744863,
74359ae6-e147-4704-85f3-67b08880b2e0,CONSUMER,1100,1,did:web:ssi-dim-wallet-service.identity:BPNL00000003AYRE,4e437cef-1fd8-4d7d-9d45-3490fc7c5340,1791547898817,1791549745010,1791549745010,
01eaac92-2f35-4baa-b690-d32d5503d37a,CONSUMER,1100,1,did:web:ssi-dim-wallet-service.identity:BPNL00000003AYRE,8ade9c01-3ee9-4492-864f-fee6c8bcd64a,1791547899514,1791549745012,1791549745012,
60b494de-5e7c-4cea-b9ac-8260139c6983,CONSUMER,1100,1,did:web:ssi-dim-wallet-service.identity:BPNL00000003AYRE,71102393-27a5-4ac4-9138-49d41c882d3a,1791547900404,1791549745556,1791549745556,
fc9e28e8-3bc2-4f76-a0c1-1dbf87aff615,CONSUMER,1100,1,did:web:ssi-dim-wallet-service.identity:BPNL00000003AYRE,755fa8f2-fe8a-4659-ae17-d1ce812e9bfc,1791547900511,1791549745530,1791549745530,
d3262157-d817-45f0-8d69-fb28c423d352,CONSUMER,1100,1,did:web:ssi-dim-wallet-service.identity:BPNL00000003AYRE,8706ad8f-28f8-485f-bc18-8d8b5e9c8dfb,1791547900618,1791549745528,1791549745528,
94f9a560-7093-41a9-afad-95be87e0b350,CONSUMER,1100,1,did:web:ssi-dim-wallet-service.identity:BPNL00000003AYRE,0cee3238-4f35-4139-b607-102528d52298,1791547900908,1791549803446,1791549803446,
69c1b0a2-8b70-412b-aef4-999794639d8c,CONSUMER,1100,1,did:web:ssi-dim-wallet-service.identity:BPNL00000003AYRE,89ae6cd6-d27f-4158-9f3c-88dc369cf9e3,1791547901121,1791549803345,1791549803345,
8e82d35d-3eb7-4815-a184-629d57bc15cc,CONSUMER,1100,1,did:web:ssi-dim-wallet-service.identity:BPNL00000003AYRE,db67de5b-4db5-4c57-965b-fbd0d4ddbf37,1791547901313,1791549803345,1791549803345,
2c2ea5c9-8130-402a-ba05-3e87b0a46fb1,CONSUMER,1100,1,did:web:ssi-dim-wallet-service.identity:BPNL00000003AYRE,f5c77fe1-7282-4e66-86a2-5fcecfb902b9,1791547901914,1791549803361,1791549803361,
f87451d5-695b-4a0d-8749-142c06af6c06,CONSUMER,1100,1,did:web:ssi-dim-wallet-service.identity:BPNL00000003AYRE,1a1dd402-a36b-4850-af6c-5b70ff25079b,1791547903506,1791549803371,1791549803371,
2d7565f4-745b-4113-af05-77121a468bc8,CONSUMER,1100,1,did:web:ssi-dim-wallet-service.identity:BPNL00000003AYRE,5d1ba9eb-dc82-45a0-b268-3ab9f035e9bf,1791547903525,1791549745728,1791549745728,
a4822f4c-06dd-410a-af55-8957a5918d80,CONSUMER,1100,1,did:web:ssi-dim-wallet-service.identity:BPNL00000003AYRE,406876b4-3b49-4bfc-a96e-b86c2c422f04,1791547904217,1791549745833,1791549745833,
5a698605-99f0-470f-be4e-15bc8a344c88,CONSUMER,1100,1,did:web:ssi-dim-wallet-service.identity:BPNL00000003AYRE,d7d5530e-7018-40f8-b740-76e8b11e809c,1791547904703,1791549745599,1791549745599,
16677c92-a724-4ff0-988d-9c4d748d406a,CONSUMER,1100,1,did:web:ssi-dim-wallet-service.identity:BPNL00000003AYRE,5bfd9932-c7a2-40f5-b380-8d7319b7d5d3,1791547904728,1791549746096,1791549746096,
fb7ae0b2-3b30-4efd-bdc0-e178a9f3079d,CONSUMER,1100,1,did:web:ssi-dim-wallet-service.identity:BPNL00000003AYRE,8d4c65c5-547d-467e-9660-819d28dcd9f6,1791547905045,1791549745833,1791549745833,
e6b6ebb9-0722-434e-8f0b-5acbc3cf58c1,CONSUMER,1100,1,did:web:ssi-dim-wallet-service.identity:BPNL00000003AYRE,87b20207-2140-4f42-b45f-0d60bf6234b2,1791547906109,1791549745737,1791549745737,
875102e3-7be3-4e90-b14b-586806cc58ee,CONSUMER,1100,1,did:web:ssi-dim-wallet-service.identity:BPNL00000003AYRE,b866465b-59de-41ed-8045-a2aed6cac02d,1791547906220,1791549746035,1791549746035,
a0a4c9a1-d23f-4c3f-8ca6-0b7c4d5c3be6,CONSUMER,1100,1,did:web:ssi-dim-wallet-service.identity:BPNL00000003AYRE,4a63f26d-40fc-4de0-848a-818a345e229d,1791547906318,1791549746296,1791549746296,
ddc363a9-7f4a-4fd3-b2cc-8827afd36711,CONSUMER,1100,1,did:web:ssi-dim-wallet-service.identity:BPNL00000003AYRE,d008abd1-b2e5-4c30-9072-acccb2a92765,1791547906910,1791549746159,1791549746159,
650aba76-2ec8-4ab8-ba96-f32aa1eb578c,CONSUMER,1100,1,did:web:ssi-dim-wallet-service.identity:BPNL00000003AYRE,1f575b0e-817b-4d6e-a359-6e884ffb9a42,1791547906920,1791549746198,1791549746198,
20ad1ddb-9591-40fb-8399-765f04399965,CONSUMER,1100,1,did:web:ssi-dim-wallet-service.identity:BPNL00000003AYRE,7ac4582b-c04c-4ae8-b00c-e776fcc8f22a,1791547907424,1791549746533,1791549746533,
5a6fc549-cbd0-42f5-8e98-4f56ad841f74,CONSUMER,1100,1,did:web:ssi-dim-wallet-service.identity:BPNL00000003AYRE,1f6ea202-fd1a-41a5-ac2e-21bed78d17dc,1791547907514,1791549746456,1791549746456,
c7a993d1-f6b2-43be-9cdf-6bdd48aa43e4,CONSUMER,1100,1,did:web:ssi-dim-wallet-service.identity:BPNL00000003AYRE,297fffca-0504-4256-857a-24237a625afd,1791547907807,1791549746443,1791549746443,
91d0d697-63dd-4edc-9faf-07e13bbe0542,CONSUMER,1100,1,did:web:ssi-dim-wallet-service.identity:BPNL00000003AYRE,c8083107-dbeb-4db1-b7b9-49c0b18e4ba8,1791547907919,1791549746461,1791549746461,
f737594f-d5a1-4fce-9eed-189651404f3c,CONSUMER,1100,1,did:web:ssi-dim-wallet-service.identity:BPNL00000003AYRE,afb66bee-9277-425d-8b38-eae9dfc99ade,1791547908410,1791549805195,1791549805195,
4a4879f7-2485-4299-a0c2-f424521153d0,CONSUMER,1100,1,did:web:ssi-dim-wallet-service.identity:BPNL00000003AYRE,48844fc4-c5b5-46bc-9933-285451ab4f7f,1791547909416,1791549805195,1791549805195,
2a9112c1-9f2a-42b0-bc7a-aa102f0688e6,CONSUMER,1100,1,did:web:ssi-dim-wallet-service.identity:BPNL00000003AYRE,97a46dcd-446f-4a42-8d08-a1c74f844a15,1791547910216,1791549805196,1791549805196,
afdaeb88-3581-49ee-923c-9812fd972512,CONSUMER,1100,1,did:web:ssi-dim-wallet-service.identity:BPNL00000003AYRE,219966ac-5bf6-4609-bf50-64d9ed158724,1791547910819,1791549805295,1791549805295,
a779079b-da96-48f4-9a24-4241e6ab986d,CONSUMER,1100,1,did:web:ssi-dim-wallet-service.identity:BPNL00000003AYRE,236e5c93-d77c-466e-8ef1-692399d717c5,1791547911214,1791549805273,1791549805273,
bde281e7-573e-4a97-851c-e98551648983,CONSUMER,1100,1,did:web:ssi-dim-wallet-service.identity:BPNL00000003AYRE,f3f9601e-e30b-41af-907e-7f2d4468b922,1791547911302,1791549805316,1791549805316,
31fdd5a6-f860-454a-b39a-afeb84a23a3e,CONSUMER,1100,1,did:web:ssi-dim-wallet-service.identity:BPNL00000003AYRE,9ea0e416-9457-4c40-8640-4d7a0b9b9c70,1791547911504,1791549809758,1791549809758,
4da9c22c-01bb-4ecc-8a92-20ac60006eed,CONSUMER,1100,1,did:web:ssi-dim-wallet-service.identity:BPNL00000003AYRE,2d6b45fe-bdef-4721-93b0-33b216120d6d,1791547911606,1791549809802,1791549809802,
3df76533-86c9-4c90-b39b-7839ed1bcb00,CONSUMER,1100,1,did:web:ssi-dim-wallet-service.identity:BPNL00000003AYRE,e49aee1f-91f8-4536-9cd5-10a1be9ad857,1791547911819,1791549809758,1791549809758,
ec6dd352-b213-4910-9240-6722b79ba9bd,CONSUMER,1100,1,did:web:ssi-dim-wallet-service.identity:BPNL00000003AYRE,b650d3df-f228-40f0-bc17-45c44268ae4a,1791547912218,1791549810162,1791549810162,
c5825987-b711-41b9-ae9b-49d6db8b45c6,CONSUMER,1100,1,did:web:ssi-dim-wallet-service.identity:BPNL00000003AYRE,a86d2d09-3572-42da-9c47-9f9bf5363303,1791547912430,1791549810162,1791549810162,
7039d566-53b3-4834-bccd-cdf5ad6ff287,CONSUMER,200,1,did:web:ssi-dim-wallet-service.identity:BPNL00000003AYRE,,1791547912620,1791548477714,1791548477714,
f8b3ca53-3d5c-4973-b4ca-fd8dffbf4963,CONSUMER,1100,1,did:web:ssi-dim-wallet-service.identity:BPNL00000003AYRE,8bf8a69c-5e11-47a9-89b8-4963c07659fe,1791547913207,1791549809833,1791549809833,
919a739e-1176-4d53-bb58-38f008a87e16,CONSUMER,200,1,did:web:ssi-dim-wallet-service.identity:BPNL00000003AYRE,,1791547913511,1791548477928,1791548477928,
016bf116-e514-4ff4-be56-ec1f551cc029,CONSUMER,200,1,did:web:ssi-dim-wallet-service.identity:BPNL00000003AYRE,,1791547913809,1791548478323,1791548478323,
15cca546-5575-499e-8031-c3d1a0061430,CONSUMER,200,1,did:web:ssi-dim-wallet-service.identity:BPNL00000003AYRE,,1791547914104,1791548478603,1791548478603,
c2c1614d-73de-4b2c-be47-a72d32b42b62,CONSUMER,200,1,did:web:ssi-dim-wallet-service.identity:BPNL00000003AYRE,,1791547914321,1791548478930,1791548478930,
4a67d4ba-8b0f-4d98-937a-6572d83ea1e3,CONSUMER,200,1,did:web:ssi-dim-wallet-service.identity:BPNL00000003AYRE,,1791547914406,1791548479535,1791548479535,
daab9385-800e-4643-bd1a-9d7f9fb2eeed,CONSUMER,200,1,did:web:ssi-dim-wallet-service.identity:BPNL00000003AYRE,,1791547915118,1791548480628,1791548480628,
9c811d19-ff57-4db7-8fd3-2dc0fba79cd3,CONSUMER,1100,1,did:web:ssi-dim-wallet-service.identity:BPNL00000003AYRE,f871806f-6da0-4ca6-b67f-5b06fe353a2a,1791547917237,1791549748847,1791549748847,
e7fdeb38-89f9-4c34-9479-86edfb758a23,CONSUMER,1100,1,did:web:ssi-dim-wallet-service.identity:BPNL00000003AYRE,74cbbbdf-2a6a-4ff9-b4fd-0c4ac3b5d996,1791547918216,1791549748811,1791549748811,
5eaba938-1de7-4035-88f7-ef471f4e01e0,CONSUMER,1100,1,did:web:ssi-dim-wallet-service.identity:BPNL00000003AYRE,9e290183-d3c9-4e2b-a82f-2116b864b65f,1791547918319,1791549748847,1791549748847,
4862ffd4-7fc2-4861-b627-22bc00fdb42f,CONSUMER,1100,1,did:web:ssi-dim-wallet-service.identity:BPNL00000003AYRE,416e2259-6841-48a7-b41f-ab7c25fb8afb,1791547918604,1791549748904,1791549748904,
a7f19474-6c71-40a3-a44b-ef911532cf7a,CONSUMER,1100,1,did:web:ssi-dim-wallet-service.identity:BPNL00000003AYRE,c96daaa3-e7f9-4104-83d6-a4c6ee433180,1791547918810,1791549748745,1791549748745,
f41916f2-dc77-43e7-83a7-ab00eacc3f56,CONSUMER,1100,1,did:web:ssi-dim-wallet-service.identity:BPNL00000003AYRE,386563d9-19ce-428f-ba96-69f6ee56237b,1791547919112,1791549749003,1791549749003,
eb84c6c7-9cba-4b6d-af42-c5e62d659a7d,CONSUMER,1100,1,did:web:ssi-dim-wallet-service.identity:BPNL00000003AYRE,d751aa95-1342-4a19-a262-72bd884f6975,1791547919118,1791549748945,1791549748945,
514726c4-6851-4be7-bc06-3560bcb7b5d4,CONSUMER,200,1,did:web:ssi-dim-wallet-service.identity:BPNL00000003AYRE,,1791547919219,1791548488912,1791548488912,
5ed13b9f-0a2f-4c2a-b6c6-77f93498be8d,CONSUMER,200,1,did:web:ssi-dim-wallet-service.identity:BPNL00000003AYRE,,1791547919718,1791548488946,1791548488946,
1be6d103-46ef-4362-8682-3f4ec03a0137,CONSUMER,200,1,did:web:ssi-dim-wallet-service.identity:BPNL00000003AYRE,,1791547920110,1791548489225,1791548489225,
c01d036c-1fd4-48a8-8a54-1f8293cfd0d7,CONSUMER,200,1,did:web:ssi-dim-wallet-service.identity:BPNL00000003AYRE,,1791547920315,1791548489427,1791548489427,
3e092f36-3dee-46bc-9a02-c1340eb98906,CONSUMER,200,1,did:web:ssi-dim-wallet-service.identity:BPNL00000003AYRE,,1791547920511,1791548489336,1791548489336,
ee908692-ee07-454f-a7e6-ebdff6f0f728,CONSUMER,200,1,did:web:ssi-dim-wallet-service.identity:BPNL00000003AYRE,,1791547920622,1791548489623,1791548489623,
e53ad29d-a3e8-450b-9bcf-bc4640e9651f,CONSUMER,200,1,did:web:ssi-dim-wallet-service.identity:BPNL00000003AYRE,,1791547920920,1791548489928,1791548489928,
97d4ca72-8f30-4b1c-852f-7a8a247de907,CONSUMER,200,1,did:web:ssi-dim-wallet-service.identity:BPNL00000003AYRE,,1791547921307,1791548490733,1791548490733,
f99d0380-354d-4f8f-9086-ba1cf8e2ac1f,CONSUMER,200,1,did:web:ssi-dim-wallet-service.identity:BPNL00000003AYRE,,1791547921817,1791548492032,1791548492032,
b65fe41b-abf1-40e6-ae2a-566b2fc3b48a,CONSUMER,200,1,did:web:ssi-dim-wallet-service.identity:BPNL00000003AYRE,,1791547921936,1791548491922,1791548491922,
a5684802-9c14-4cea-b3a9-e556998787c7,CONSUMER,200,1,did:web:ssi-dim-wallet-service.identity:BPNL00000003AYRE,,1791547922009,1791548493047,1791548493047,
02765648-2d30-4b9f-b66c-f23627d2f769,CONSUMER,200,1,did:web:ssi-dim-wallet-service.identity:BPNL00000003AYRE,,1791547922010,1791548493431,1791548493431,
8dff8ae6-3a78-454f-bda1-1dcc6e29a02c,CONSUMER,200,1,did:web:ssi-dim-wallet-service.identity:BPNL00000003AYRE,,1791547922279,1791548493804,1791548493804,
f8153c09-0f4a-4b41-8941-ac015b6154bb,CONSUMER,200,1,did:web:ssi-dim-wallet-service.identity:BPNL00000003AYRE,,1791547924403,1791548498322,1791548498322,
82d58725-c6c6-4580-9181-6e545945b028,CONSUMER,200,1,did:web:ssi-dim-wallet-service.identity:BPNL00000003AYRE,,1791547925108,1791548499029,1791548499029,
1bd0ca77-cba7-4a03-95bb-f030c1475d8d,CONSUMER,200,1,did:web:ssi-dim-wallet-service.identity:BPNL00000003AYRE,,1791547925109,1791548499441,1791548499441,
0ea58124-5aed-461d-9836-e8093d1e3a04,CONSUMER,200,1,did:web:ssi-dim-wallet-service.identity:BPNL00000003AYRE,,1791547925712,1791548499524,1791548499524,
867a134d-7309-45fe-8d1e-0dc31fb8aa2f,CONSUMER,200,1,did:web:ssi-dim-wallet-service.identity:BPNL00000003AYRE,,1791547925804,1791548499630,1791548499630,
34d8b3fa-d33d-4b3e-bb4e-208cd7e035ce,CONSUMER,200,1,did:web:ssi-dim-wallet-service.identity:BPNL00000003AYRE,,1791547926509,1791548499730,1791548499730,
7637f7b8-3956-480f-8b60-7c819581dc3b,CONSUMER,200,1,did:web:ssi-dim-wallet-service.identity:BPNL00000003AYRE,,1791547926613,1791548500326,1791548500326,
2ae7607d-f4d8-4be1-bad9-cc6d40a29887,CONSUMER,1100,1,did:web:ssi-dim-wallet-service.identity:BPNL00000003AYRE,f78109ce-f9a9-4749-b09a-559bfe3e43ab,1791547926813,1791549754455,1791549754455,
4a95bfaa-6bc7-4bfa-a0e8-babdea7dcc47,CONSUMER,1100,1,did:web:ssi-dim-wallet-service.identity:BPNL00000003AYRE,2a498a04-5c4c-45bf-9e69-0a4fe164b3ec,1791547927027,1791549754533,1791549754533,
282ea6de-6d42-4be7-81fa-d406a8b303a9,CONSUMER,1100,1,did:web:ssi-dim-wallet-service.identity:BPNL00000003AYRE,8a3d6f5a-7734-4608-be47-31db9884ad62,1791547929527,1791549754545,1791549754545,
ac9a7b6c-bfc6-41b3-96eb-8451b0999c61,CONSUMER,1100,1,did:web:ssi-dim-wallet-service.identity:BPNL00000003AYRE,5f3ec6ca-28da-4230-8070-70baf0de0317,1791547929911,1791549754446,1791549754446,
789a2109-0973-4366-bec0-b0e099c33cd9,CONSUMER,1100,1,did:web:ssi-dim-wallet-service.identity:BPNL00000003AYRE,1c46608c-826d-4abf-8793-c00eae24d2ec,1791547930116,1791549754659,1791549754659,
06fa9264-f3aa-496b-88bc-01432159cf3a,CONSUMER,1100,1,did:web:ssi-dim-wallet-service.identity:BPNL00000003AYRE,63279994-5806-4d2a-9d5c-b282dccdc59c,1791547930121,1791549754817,1791549754817,
7dbbd6f1-ffdf-44fb-b749-4215b0510de2,CONSUMER,1100,1,did:web:ssi-dim-wallet-service.identity:BPNL00000003AYRE,a46b4683-0e42-4ff4-b6cf-8f18d146592f,1791547930206,1791549754659,1791549754659,
232f6417-ef24-4fce-83f1-3b6a953c8ec1,CONSUMER,1100,1,did:web:ssi-dim-wallet-service.identity:BPNL00000003AYRE,4f913227-4a49-4f2f-9e23-41023fa278d4,1791547930417,1791549754830,1791549754830,
22012b09-04e1-4c04-b6c0-f8cba971cf7c,CONSUMER,1100,1,did:web:ssi-dim-wallet-service.identity:BPNL00000003AYRE,75344832-3100-4fda-a6e3-7650016fc4ad,1791547930505,1791549754929,1791549754929,
b86ca8a6-ba9d-4075-b643-f1b5d10a9102,CONSUMER,1100,1,did:web:ssi-dim-wallet-service.identity:BPNL00000003AYRE,4e48fbbe-9cfa-425f-830c-cd0c752bb301,1791547930517,1791549754830,1791549754830,
e9a9b3d8-4d25-43d5-b7b5-7cef03a8aa16,CONSUMER,1100,1,did:web:ssi-dim-wallet-service.identity:BPNL00000003AYRE,28f5becf-a297-4b6d-8bdb-6d089eb439c8,1791547930618,1791549755134,1791549755134,
c9236641-3989-49e0-8b10-cd2152243e57,CONSUMER,1100,1,did:web:ssi-dim-wallet-service.identity:BPNL00000003AYRE,33f2b225-5da6-42f9-bc66-2308c66ed68b,1791547930624,1791549755309,1791549755309,
7dd6d8a3-ec02-4ad2-9250-a930c06e3fd5,CONSUMER,1100,1,did:web:ssi-dim-wallet-service.identity:BPNL00000003AYRE,4af033bc-7bfb-4a70-abcf-8324b26be6f0,1791547930741,1791549755105,1791549755105,
a5c54558-271a-4903-8a4d-bc957a7122a9,CONSUMER,1100,1,did:web:ssi-dim-wallet-service.identity:BPNL00000003AYRE,c03d3b06-c774-4ed4-b0eb-1ad77b8b3fae,1791547930807,1791549755203,1791549755203,
6b0d5b1a-3c03-4ff9-b708-1f7ae30f5099,CONSUMER,1100,1,did:web:ssi-dim-wallet-service.identity:BPNL00000003AYRE,3525944d-68ab-40bc-b244-1c3954f94464,1791547931203,1791549755269,1791549755269,
b5162f14-feab-4f10-896e-bf8267e1cd5a,CONSUMER,1100,1,did:web:ssi-dim-wallet-service.identity:BPNL00000003AYRE,2247e66b-725a-4cb3-9f0f-7ad65e200d7e,1791547931212,1791549755335,1791549755335,
e15129b4-3507-4268-b1a8-9304532c9e04,CONSUMER,1100,1,did:web:ssi-dim-wallet-service.identity:BPNL00000003AYRE,d378c3ee-712a-42ea-b26a-6052383f6018,1791547931303,1791549755334,1791549755334,
1a3e4e8a-9b6a-4b72-8480-b4ef0bfc0d45,CONSUMER,1100,1,did:web:ssi-dim-wallet-service.identity:BPNL00000003AYRE,26dc5029-8cd5-4bd0-a165-69540f725bd9,1791547931622,1791549755408,1791549755408,
34ad1d90-1b50-44da-b46f-90b4fba1d4b2,CONSUMER,1100,1,did:web:ssi-dim-wallet-service.identity:BPNL00000003AYRE,79f0ae30-acf4-40f3-a37b-c130ccf351ef,1791547931704,1791549755408,1791549755408,
858b013d-6819-41b8-8e5c-cb2c9a9f37f6,CONSUMER,1100,1,did:web:ssi-dim-wallet-service.identity:BPNL00000003AYRE,e74f1aa7-7624-4713-baa0-c6691e7998ac,1791547932026,1791549755435,1791549755435,
e07c9578-fd23-4473-8b64-d2648cfdf0a3,CONSUMER,1100,1,did:web:ssi-dim-wallet-service.identity:BPNL00000003AYRE,c7ebdc3d-0691-4f03-92de-3faace18f0f9,1791547932310,1791549755937,1791549755937,
92e206c5-e887-4ff0-a53b-23c9d042f5a5,CONSUMER,1100,1,did:web:ssi-dim-wallet-service.identity:BPNL00000003AYRE,dcf55c99-edbd-441a-8849-707abe7d135b,1791547932616,1791549755789,1791549755789,
0b8e7c0b-4a9f-465d-83a2-ae5b7527fd16,CONSUMER,1100,1,did:web:ssi-dim-wallet-service.identity:BPNL00000003AYRE,f92ddede-e88e-418e-b710-de8ea1b72d01,1791547933108,1791549755849,1791549755849,
7f2ad75d-f166-4dba-8389-7b26341fd8f6,CONSUMER,1100,1,did:web:ssi-dim-wallet-service.identity:BPNL00000003AYRE,1afb8e16-37e0-48f8-b13f-e1ace316fe15,1791547933606,1791549755997,1791549755997,
0e8c7584-6e84-45ee-8514-892a424dd348,CONSUMER,1100,1,did:web:ssi-dim-wallet-service.identity:BPNL00000003AYRE,886b82e6-a0b7-4a3f-bf5a-727e4156d5ca,1791547934114,1791549756064,1791549756064,
a702e62c-dfb8-4076-ae5b-b218358febac,CONSUMER,1100,1,did:web:ssi-dim-wallet-service.identity:BPNL00000003AYRE,48a21325-2829-4edd-82b0-3bf3435636df,1791547934709,1791549756196,1791549756196,
507f2f0f-c323-4af4-b774-c95e8e3fcb84,CONSUMER,1100,1,did:web:ssi-dim-wallet-service.identity:BPNL00000003AYRE,af5d99f8-68a1-4711-9302-90b94fd6e086,1791547934812,1791549756297,1791549756297,
c6048f88-99f5-4945-8af8-a79a63a4e2cf,CONSUMER,1100,1,did:web:ssi-dim-wallet-service.identity:BPNL00000003AYRE,526f4d4f-3ddf-4409-8862-7b8d37f57e06,1791547935713,1791549756064,1791549756064,
b436e232-c5fe-45e1-b9b7-488c15fdb830,CONSUMER,1100,1,did:web:ssi-dim-wallet-service.identity:BPNL00000003AYRE,4c2a2867-21b5-4178-bc82-64a81be8645d,1791547936512,1791549756249,1791549756249,
3c2e7d1d-6bfb-4376-afd6-7ee9c09d864a,CONSUMER,1100,1,did:web:ssi-dim-wallet-service.identity:BPNL00000003AYRE,4dc84a98-7e10-427a-b6dd-d419c743f073,1791547936905,1791549756361,1791549756361,
0479b9fe-3ab7-4317-b14d-36479c2c2397,CONSUMER,1100,1,did:web:ssi-dim-wallet-service.identity:BPNL00000003AYRE,297349cf-f70b-4c47-9821-465038fd3905,1791547936924,1791549756395,1791549756395,
5f9694d4-4693-49b1-a88a-676d0f7a9f34,CONSUMER,1100,1,did:web:ssi-dim-wallet-service.identity:BPNL00000003AYRE,e67e5bcb-c9a5-4de5-b979-fc90d81db32f,1791547937003,1791549756445,1791549756445,
84795b1a-d845-4f23-8e41-cc281ef7c426,CONSUMER,1100,1,did:web:ssi-dim-wallet-service.identity:BPNL00000003AYRE,b0d858fa-fa86-405f-af5b-a252b2fc15d6,1791547937615,1791549756459,1791549756459,
a901e7fa-8533-43e1-b6f1-179bb51938bb,CONSUMER,1100,1,did:web:ssi-dim-wallet-service.identity:BPNL00000003AYRE,46da4e48-90c1-4095-bdec-76bb2b07b1df,1791547937705,1791549756459,1791549756459,
74555608-9eaa-4fc7-a9b4-f5692ce99565,CONSUMER,1100,1,did:web:ssi-dim-wallet-service.identity:BPNL00000003AYRE,52fd34b5-d261-4df3-ae42-596175d47660,1791547937902,1791549756547,1791549756547,
5e8efc13-ed39-49db-8101-414ca7b6bd78,CONSUMER,1100,1,did:web:ssi-dim-wallet-service.identity:BPNL00000003AYRE,aafd3cb2-111f-476f-bef3-0d74b847cca9,1791547937904,1791549756535,1791549756535,
9c8cf6fe-275b-4fd7-86a4-61603f152d1e,CONSUMER,1100,1,did:web:ssi-dim-wallet-service.identity:BPNL00000003AYRE,55d9d100-a896-4c49-b6de-81efa7e4a175,1791547938117,1791549756637,1791549756637,
444ecd7c-fb87-4700-a07e-4533168aad72,CONSUMER,1100,1,did:web:ssi-dim-wallet-service.identity:BPNL00000003AYRE,ce47c55b-389e-4c55-b8ad-7f64f66e2a42,1791547938619,1791549756568,1791549756568,
8dae2a57-8c72-44e1-b640-610ffb5e335b,CONSUMER,1100,1,did:web:ssi-dim-wallet-service.identity:BPNL00000003AYRE,de5adeaa-995e-4c0a-9468-7dec47f846f8,1791547939610,1791549757050,1791549757050,
70b79219-33f7-424f-93c4-b00940f511ae,CONSUMER,1100,1,did:web:ssi-dim-wallet-service.identity:BPNL00000003AYRE,5290e56c-c494-45d3-8f20-46092b89d489,1791547939813,1791549757040,1791549757040,
9e42866a-9aca-4e26-bc1b-033ad91558f0,CONSUMER,1100,1,did:web:ssi-dim-wallet-service.identity:BPNL00000003AYRE,6ac4b0b7-f983-4485-be44-782712cd42aa,1791547940503,1791549758170,1791549758170,
2afd5ce2-9473-45d1-8110-04f395086aac,CONSUMER,1100,1,did:web:ssi-dim-wallet-service.identity:BPNL00000003AYRE,04fe7c9e-1c65-40d4-bd98-dc0dcc31eea9,1791547941841,1791549758170,1791549758170,
645f3f18-39cb-407a-9e95-0c73b843286b,CONSUMER,1100,1,did:web:ssi-dim-wallet-service.identity:BPNL00000003AYRE,ab48b549-c8c0-48ec-bd0c-ae5da1dd11e2,1791547942618,1791549758062,1791549758062,
22516fbc-7d0f-42e6-b178-ad314fc4f3cc,CONSUMER,1100,1,did:web:ssi-dim-wallet-service.identity:BPNL00000003AYRE,71c562a8-1c67-4f05-aa2f-a4389b3cf2e8,1791547942815,1791549758534,1791549758534,
ddfe3e40-7ebe-496c-9d0c-e678076b1129,CONSUMER,1100,1,did:web:ssi-dim-wallet-service.identity:BPNL00000003AYRE,1c7443e3-4041-4bff-8e2c-78282768af39,1791547943018,1791549758445,1791549758445,
c1b90ef1-2b54-44b6-aa87-71d4a1e5e4b8,CONSUMER,1100,1,did:web:ssi-dim-wallet-service.identity:BPNL00000003AYRE,ed6beca1-383c-4bae-bf5a-5f401396ae3e,1791547943118,1791549758267,1791549758267,
7320069f-e20a-43ea-bbd4-f9aa3e5744db,CONSUMER,1100,1,did:web:ssi-dim-wallet-service.identity:BPNL00000003AYRE,c8912483-97b4-4a8f-99d1-4241435b9027,1791547943216,1791549758642,1791549758642,
b0f4df58-47cb-4a3a-81ce-c9b3e39f8fb7,CONSUMER,1100,1,did:web:ssi-dim-wallet-service.identity:BPNL00000003AYRE,6768cb10-beaa-42ca-9126-9be213a127bf,1791547943316,1791549758629,1791549758629,
0b72d7b9-eb55-4fa7-b3cc-bfbcfcfc6d0f,CONSUMER,1100,1,did:web:ssi-dim-wallet-service.identity:BPNL00000003AYRE,12e378dd-0f5a-4f0b-9295-c9746ad8e2fa,1791547943423,1791549758560,1791549758560,
2aaa53cb-4588-4a23-aa19-1bf0f56bf118,CONSUMER,1100,1,did:web:ssi-dim-wallet-service.identity:BPNL00000003AYRE,38d94af2-caae-49f2-addc-66b3e5d9e290,1791547944112,1791549758752,1791549758752,
f22f86b4-e819-4eae-b487-feb0455179ab,CONSUMER,1100,1,did:web:ssi-dim-wallet-service.identity:BPNL00000003AYRE,a2355f7e-b9b1-42bc-9a24-61397fc2c280,1791547944202,1791549758829,1791549758829,
2b42dc29-a827-4e2b-8b1f-7a54d9e600c1,CONSUMER,1100,1,did:web:ssi-dim-wallet-service.identity:BPNL00000003AYRE,10c5f7f9-4cb3-4021-8f2f-43c4d60f4bd3,1791547944408,1791549758929,1791549758929,
def2e644-e9c5-46c1-860c-1e5ba431d689,CONSUMER,1100,1,did:web:ssi-dim-wallet-service.identity:BPNL00000003AYRE,2aff97c9-7655-45aa-898c-7b59e29303ee,1791547944615,1791549758829,1791549758829,
bd86e8e9-1137-4b3b-8034-9e7c523c545f,CONSUMER,1100,1,did:web:ssi-dim-wallet-service.identity:BPNL00000003AYRE,f20b4795-e4f3-4ef2-b4c9-2cc4fddeee53,1791547945311,1791549758999,1791549758999,
f7bcd980-19d9-4abb-a935-2e6ea9e91ff0,CONSUMER,1100,1,did:web:ssi-dim-wallet-service.identity:BPNL00000003AYRE,31e772dd-bda2-49c7-8029-8ed3b1c8ae03,1791547945731,1791549759043,1791549759043,
04743379-5011-47d8-b0bb-6b49fe4fbd48,CONSUMER,1100,1,did:web:ssi-dim-wallet-service.identity:BPNL00000003AYRE,1c9367d3-4d1e-45a7-9764-3f52ec8c7109,1791547946012,1791549759129,1791549759129,
e17b4679-c092-4316-97e6-fbb271e6dc35,CONSUMER,1100,1,did:web:ssi-dim-wallet-service.identity:BPNL00000003AYRE,64a4bd62-1d98-4b3b-97ad-68ba263335b0,1791547946605,1791549759229,1791549759229,
30634b8e-bc07-4067-a91f-c171f6b086a7,CONSUMER,1100,1,did:web:ssi-dim-wallet-service.identity:BPNL00000003AYRE,af3f5477-ac1d-4d90-bb20-85ad64b8b990,1791547946619,1791549759151,1791549759151,
321bbc05-6626-411c-99bc-eaa62ea58d09,CONSUMER,1100,1,did:web:ssi-dim-wallet-service.identity:BPNL00000003AYRE,41aacb7e-326f-4c76-8985-7dcb6ab5e6b5,1791547946623,1791549759151,1791549759151,
61b640d7-93d6-4310-b7ce-9b7e597aca21,CONSUMER,1100,1,did:web:ssi-dim-wallet-service.identity:BPNL00000003AYRE,a701493e-a837-4896-9d91-46ee3fa0d260,1791547946709,1791549759253,1791549759253,
d8303145-8605-4940-88db-54a45d4540d4,CONSUMER,1100,1,did:web:ssi-dim-wallet-service.identity:BPNL00000003AYRE,0aa5e50e-d114-4d1d-ab0d-a43e3c49c5b7,1791547946716,1791549759666,1791549759666,
e95966ad-0685-4309-9aff-eb1f01a27fdb,CONSUMER,1100,1,did:web:ssi-dim-wallet-service.identity:BPNL00000003AYRE,bb9130c9-17b6-4202-97f4-de3086e4433e,1791547946917,1791549759796,1791549759796,
ff54baf1-9ba5-409d-a055-cd9f7e9ee666,CONSUMER,1100,1,did:web:ssi-dim-wallet-service.identity:BPNL00000003AYRE,b031e529-32b3-4a42-bf2d-433bdc9eb2ae,1791547947310,1791549759529,1791549759529,
54ea533a-f61a-4215-948f-16f47008686e,CONSUMER,1100,1,did:web:ssi-dim-wallet-service.identity:BPNL00000003AYRE,247e0136-8dfd-4f0f-9dc7-37965e1ab4f5,1791547947410,1791549759450,1791549759450,
fedb371c-6458-4555-929b-67106cf700d2,CONSUMER,1100,1,did:web:ssi-dim-wallet-service.identity:BPNL00000003AYRE,b2006591-5b47-46ac-9a97-494823e491be,1791547947520,1791549759829,1791549759829,
f81831c9-4d69-4fde-a31b-4c82ad534b9d,CONSUMER,1100,1,did:web:ssi-dim-wallet-service.identity:BPNL00000003AYRE,f99e370b-5ecb-4357-add6-e427e3a1865f,1791547947621,1791549759729,1791549759729,
db83d764-28ed-474b-a088-322627154ebd,CONSUMER,1100,1,did:web:ssi-dim-wallet-service.identity:BPNL00000003AYRE,7df48151-8dad-4249-821c-2d78d57131b9,1791547947702,1791549759744,1791549759744,
a98c9a28-e154-4411-82b9-2f51993b0a47,CONSUMER,1100,1,did:web:ssi-dim-wallet-service.identity:BPNL00000003AYRE,9da9117c-be6c-48bb-9e53-b99d5e4cd5b1,1791547948903,1791549759895,1791549759895,
82004907-4ed1-45a5-8cd4-b19ec798dc84,CONSUMER,1100,1,did:web:ssi-dim-wallet-service.identity:BPNL00000003AYRE,b30d2306-e54e-4266-b135-e7d26c8ffbb3,1791547949003,1791549759863,1791549759863,
00e23016-76d7-46a7-9307-4d873c41cc8d,CONSUMER,1100,1,did:web:ssi-dim-wallet-service.identity:BPNL00000003AYRE,566e6564-e52e-44cc-8c24-b862a39fd1c5,1791547949523,1791549759907,1791549759907,
aaaba28e-fddf-4241-a4c8-b5469beb12a5,CONSUMER,1100,1,did:web:ssi-dim-wallet-service.identity:BPNL00000003AYRE,4a1eea0c-e66e-4ce9-979b-8c335620de6f,1791547949610,1791549759943,1791549759943,
25811f65-eb5c-42a1-a8dd-aecd4ef7868c,CONSUMER,1100,1,did:web:ssi-dim-wallet-service.identity:BPNL00000003AYRE,18feb9a3-9890-490a-96ef-96dff48d2adb,1791547950826,1791549760258,1791549760258,
ee691b94-a887-49e5-8617-9b328ec0d2d8,CONSUMER,1100,1,did:web:ssi-dim-wallet-service.identity:BPNL00000003AYRE,b529bd2a-88d5-4336-9136-f120f991ae12,1791547951410,1791549760009,1791549760009,
bbef496b-e4b2-4398-aadd-d0e8759d05ec,CONSUMER,1100,1,did:web:ssi-dim-wallet-service.identity:BPNL00000003AYRE,5b90db32-7bdf-4db6-bb2e-77de2b7166c5,1791547951612,1791549760258,1791549760258,
4729df1a-e44b-4bf9-9d48-e640fc2535f6,CONSUMER,1100,1,did:web:ssi-dim-wallet-service.identity:BPNL00000003AYRE,595a0f20-7fbf-4801-8ffe-2bf9a3cfda9a,1791547951625,1791549760258,1791549760258,
6ef2d5a1-624d-44ca-8b7a-a553166a9785,CONSUMER,1100,1,did:web:ssi-dim-wallet-service.identity:BPNL00000003AYRE,fbfbce34-0eed-4c36-8d7f-912e9ad3db6e,1791547952115,1791549760262,1791549760262,
c40ac5e8-6945-4fff-b77d-9c66cc6e15b0,CONSUMER,1100,1,did:web:ssi-dim-wallet-service.identity:BPNL00000003AYRE,dd7e2a6e-077a-45db-9b7b-cc70f158224b,1791547952414,1791549760258,1791549760258,
b8a320e2-8cbe-4941-9ac1-1c8f3c2a52d0,CONSUMER,1100,1,did:web:ssi-dim-wallet-service.identity:BPNL00000003AYRE,8b3143ab-f032-44ee-b4a2-dc48360dbfb0,1791547953810,1791549760342,1791549760342,
1ee70d23-acb2-481b-8637-12efe672c753,CONSUMER,1100,1,did:web:ssi-dim-wallet-service.identity:BPNL00000003AYRE,8441ec57-bdc3-4a1b-bacc-929d5c7ea498,1791547953923,1791549760303,1791549760303,
2cf82727-c992-4527-afab-3dc50152102a,CONSUMER,1100,1,did:web:ssi-dim-wallet-service.identity:BPNL00000003AYRE,66b595b9-1794-4a76-a029-875018fe4862,1791547954421,1791549760360,1791549760360,
2bebf808-a89a-41a0-a586-297af8f1ac0d,CONSUMER,1100,1,did:web:ssi-dim-wallet-service.identity:BPNL00000003AYRE,0b6dc5aa-f196-457f-9756-b7742e4a0d6b,1791547954719,1791549760360,1791549760360,
66b5f3c0-d6b8-48f8-8ab0-a6ebe4b177e8,CONSUMER,1100,1,did:web:ssi-dim-wallet-service.identity:BPNL00000003AYRE,df7a5483-9433-4993-9472-cc547853afca,1791547955114,1791549760529,1791549760529,
a145210c-a7c6-48f8-a99e-ebecf0dd42d0,CONSUMER,1100,1,did:web:ssi-dim-wallet-service.identity:BPNL00000003AYRE,220f7981-3b01-47d4-b7a6-3b2cb7b72298,1791547955720,1791549760662,1791549760662,
96dfbba4-ee85-440b-b7e2-d774481664e9,CONSUMER,1100,1,did:web:ssi-dim-wallet-service.identity:BPNL00000003AYRE,10195ac3-390b-4962-99cf-2db38382838f,1791547955720,1791549760714,1791549760714,
3325e9a4-5614-43ba-80f9-b02d19d2c700,CONSUMER,1100,1,did:web:ssi-dim-wallet-service.identity:BPNL00000003AYRE,5b334842-1f78-421c-be9f-d54a37770bd1,1791547955909,1791549760658,1791549760658,
300eaf03-364b-4f57-a6af-3028099e21b7,CONSUMER,1100,1,did:web:ssi-dim-wallet-service.identity:BPNL00000003AYRE,ff1a9e78-a7f0-4bfd-9b2d-563cdbb56fe9,1791547956107,1791549760674,1791549760674,
4c153fd3-7d06-402d-aa0b-3a98fd67b917,CONSUMER,1100,1,did:web:ssi-dim-wallet-service.identity:BPNL00000003AYRE,141ba491-4f3a-49e1-902b-a59f26cd7b5c,1791547956108,1791549760673,1791549760673,
434604d4-b80f-4f56-bd72-cebd39818c2a,CONSUMER,1100,1,did:web:ssi-dim-wallet-service.identity:BPNL00000003AYRE,84661fa4-402e-4e75-9e4e-ce82ff01dc3f,1791547956108,1791549760775,1791549760775,
1b64cf73-e233-40b7-9b13-03bc9571bf01,CONSUMER,1100,1,did:web:ssi-dim-wallet-service.identity:BPNL00000003AYRE,8d8dff7c-ddf9-4e4c-919f-95ef3b1cfd46,1791547956116,1791549760930,1791549760930,
8544ab64-812b-4973-8c7d-1c3f1d58ba1d,CONSUMER,1100,1,did:web:ssi-dim-wallet-service.identity:BPNL00000003AYRE,9d330058-515e-47d0-833a-9f90365cbafb,1791547956516,1791549760766,1791549760766,
a42e5f3a-bb69-4502-8597-e93d4d6c27de,CONSUMER,1100,1,did:web:ssi-dim-wallet-service.identity:BPNL00000003AYRE,628a4cc6-3809-4319-9e5b-2161109d08c6,1791547956623,1791549760864,1791549760864,
bdfaf115-6788-41c2-9d57-d1b0fbcd6a85,CONSUMER,1100,1,did:web:ssi-dim-wallet-service.identity:BPNL00000003AYRE,4d73c236-2fe8-4491-9fa8-e8be60485c90,1791547956779,1791549761240,1791549761240,
16b23bc7-7902-42db-b6a8-8fbd416bd347,CONSUMER,1100,1,did:web:ssi-dim-wallet-service.identity:BPNL00000003AYRE,e9299c83-69f6-44f7-b548-b0756b3f0429,1791547957004,1791549761060,1791549761060,
d4b28ed5-1a52-4683-8a31-1988c0d20c58,CONSUMER,1100,1,did:web:ssi-dim-wallet-service.identity:BPNL00000003AYRE,a53f1dfb-29bc-43ce-bd8f-359b53c75c2d,1791547957007,1791549761009,1791549761009,
851a18ec-a2e3-4574-9f38-d6b3a23c124a,CONSUMER,1100,1,did:web:ssi-dim-wallet-service.identity:BPNL00000003AYRE,e2051b04-3b03-4f4d-a7e7-eafcd058cf1e,1791547957119,1791549761228,1791549761228,
f0be34e6-156c-4466-932b-8c99e64d1ef8,CONSUMER,1100,1,did:web:ssi-dim-wallet-service.identity:BPNL00000003AYRE,fec9538a-c7b8-40ee-9171-beebc2a511a7,1791547957404,1791549761235,1791549761235,
a6278f56-f473-448c-942c-5d627ed00385,CONSUMER,1100,1,did:web:ssi-dim-wallet-service.identity:BPNL00000003AYRE,fd0c95d1-75db-4ae1-9aad-aa819d526b19,1791547957823,1791549761240,1791549761240,
acb42692-33ac-41a9-9e5a-c40f1c4ed4f2,CONSUMER,1100,1,did:web:ssi-dim-wallet-service.identity:BPNL00000003AYRE,671eb480-c364-4a09-81fc-ec26aeff16d6,1791547958205,1791549761395,1791549761395,
34b78689-0a96-4836-a898-cf703c095422,CONSUMER,1100,1,did:web:ssi-dim-wallet-service.identity:BPNL00000003AYRE,2f2863ad-99f7-4f5b-8f11-93a52ceccd16,1791547958509,1791549761328,1791549761328,
1ec52c36-e2df-4679-86de-7de7dd14b8b4,CONSUMER,1100,1,did:web:ssi-dim-wallet-service.identity:BPNL00000003AYRE,b0c82808-cce1-4beb-adba-8a3d2eac8c12,1791547959214,1791549761430,1791549761430,
83e4b2bf-fc5c-42ef-95e7-096d4c07be4b,CONSUMER,1100,1,did:web:ssi-dim-wallet-service.identity:BPNL00000003AYRE,ab75fbe8-2d85-4cdc-8a02-5ebe2745ffa9,1791547959773,1791549761445,1791549761445,
171b8b18-f5e6-420b-a139-24a0b9d1b9c6,CONSUMER,1100,1,did:web:ssi-dim-wallet-service.identity:BPNL00000003AYRE,b1eb9b2e-8705-4d8c-bbc4-eba4e404a778,1791547960018,1791549761409,1791549761409,
8da84a10-a8db-4be4-a66b-3e7ce2e64acb,CONSUMER,1100,1,did:web:ssi-dim-wallet-service.identity:BPNL00000003AYRE,06ef11d2-c2f0-4664-9af6-9e430d77d4e3,1791547999042,1791549761497,1791549761497,
40ba64f3-dd65-4bf7-98a4-ac9269bc2241,CONSUMER,1100,1,did:web:ssi-dim-wallet-service.identity:BPNL00000003AYRE,303aa0a1-a425-408b-80e7-83b88152e24b,1791547999102,1791549761562,1791549761562,
30fb0a7e-914a-4e5f-8bad-395c52e4b140,CONSUMER,1100,1,did:web:ssi-dim-wallet-service.identity:BPNL00000003AYRE,dc32924b-cda0-4c78-8ff8-9aa343418feb,1791548001036,1791549761507,1791549761507,
77338cd8-e5ce-4156-8164-abead7ea352b,CONSUMER,1100,1,did:web:ssi-dim-wallet-service.identity:BPNL00000003AYRE,9901a755-d818-45b6-a8d0-7415f23aaa17,1791548001470,1791549761545,1791549761545,
e764f0f7-3a8a-4d21-bfd9-bf34bb3c95bf,CONSUMER,1100,1,did:web:ssi-dim-wallet-service.identity:BPNL00000003AYRE,90f67c72-ff07-44dc-91ca-6913d3f7fa14,1791548001646,1791549761561,1791549761561,
adcb9bcf-9144-4baf-826c-f16184969340,CONSUMER,1100,1,did:web:ssi-dim-wallet-service.identity:BPNL00000003AYRE,bd26ff99-e26e-4331-a56c-ad4a2b1dd5a5,1791548001742,1791549761575,1791549761575,
cb36759f-ff4d-4991-9805-dfebdb87fe51,CONSUMER,1100,1,did:web:ssi-dim-wallet-service.identity:BPNL00000003AYRE,ec001ede-c7a1-43f7-b36a-bd73b9a46521,1791548002909,1791549761679,1791549761679,
4430654b-f42e-4729-800f-94bd3bcc4b6b,CONSUMER,1100,1,did:web:ssi-dim-wallet-service.identity:BPNL00000003AYRE,0d704882-739e-4edb-8e8a-ef21738380c2,1791548003139,1791549761657,1791549761657,
12c83c27-54a4-471e-8510-09d5d482538d,CONSUMER,1100,1,did:web:ssi-dim-wallet-service.identity:BPNL00000003AYRE,72d41ba6-51d1-4181-ae49-dfc3c0af0d30,1791548003306,1791549762121,1791549762121,
94f99465-d022-4e40-830d-3eaa60883a1c,CONSUMER,1100,1,did:web:ssi-dim-wallet-service.identity:BPNL00000003AYRE,29a4aae7-65e6-49bf-96e7-eb5837efdb20,1791548005642,1791549761811,1791549761811,
37079100-9334-411f-8b1f-807dee366f61,CONSUMER,1100,1,did:web:ssi-dim-wallet-service.identity:BPNL00000003AYRE,0aed2712-3d17-4160-b197-fce55f07906d,1791548006340,1791549762059,1791549762059,
a4934205-0ebd-4a2a-a278-7b2769a75777,CONSUMER,1100,1,did:web:ssi-dim-wallet-service.identity:BPNL00000003AYRE,92fdd23d-7ba4-4d7d-addd-1c74e5bf198b,1791548006341,1791549762045,1791549762045,
e449e784-6198-4be7-8402-d011e5084ce9,CONSUMER,1100,1,did:web:ssi-dim-wallet-service.identity:BPNL00000003AYRE,2ec152b6-e0cc-4fc6-927c-12716e21faa0,1791548006904,1791549761965,1791549761965,
808ca77f-b30e-48ed-8a6c-c9786f2abc9f,CONSUMER,1100,1,did:web:ssi-dim-wallet-service.identity:BPNL00000003AYRE,74af5bc8-6da4-4005-ae58-688cbe642375,1791548006970,1791549762111,1791549762111,
c81e0371-1431-4cd6-bb2a-bfd55ac41391,CONSUMER,1100,1,did:web:ssi-dim-wallet-service.identity:BPNL00000003AYRE,9f600399-36ca-4b15-8a2b-7b43b1c36714,1791548007636,1791549762111,1791549762111,
af5c72eb-9a30-4c93-9159-adae93e6edba,CONSUMER,1100,1,did:web:ssi-dim-wallet-service.identity:BPNL00000003AYRE,d7b1e8ac-c19c-4b83-b1a3-54f51749a902,1791548007643,1791549762305,1791549762305,
cd65381f-fc19-4aaf-bbd0-5e8d33e50306,CONSUMER,1100,1,did:web:ssi-dim-wallet-service.identity:BPNL00000003AYRE,63b5c1f8-baf3-48c1-b120-c62aae1f2484,1791548008337,1791549762428,1791549762428,
43260b5a-8ac1-4f7b-a5cd-e39556c7c8eb,CONSUMER,1100,1,did:web:ssi-dim-wallet-service.identity:BPNL00000003AYRE,ed5fe6a0-705e-47bd-b158-89b88571b520,1791548008404,1791549762202,1791549762202,
d76f308c-eafb-4ea4-8dd7-7c5e432f027f,CONSUMER,1100,1,did:web:ssi-dim-wallet-service.identity:BPNL00000003AYRE,f11e17d3-fbc6-4c1f-a9db-69d0b5c2f08d,1791548008407,1791549762265,1791549762265,
c7c87114-f35f-4205-abc1-f6d5576420f7,CONSUMER,1100,1,did:web:ssi-dim-wallet-service.identity:BPNL00000003AYRE,916cba65-40ba-4db3-b795-214f2c38c34d,1791548008638,1791549762545,1791549762545,
82137e3a-0e8d-41b1-b0a0-e4f684e34209,CONSUMER,1100,1,did:web:ssi-dim-wallet-service.identity:BPNL00000003AYRE,45fdc897-6fb2-4a45-a9ea-bd8e3eba81e1,1791548008762,1791549762855,1791549762855,
f976bc32-1a90-406b-ab93-6300174c1919,CONSUMER,1100,1,did:web:ssi-dim-wallet-service.identity:BPNL00000003AYRE,67b5f9a9-7c46-4b06-b28d-8c535a3c67d3,1791548008937,1791549762934,1791549762934,
f8683d61-295d-49e9-84f5-2cff8c8f3094,CONSUMER,1100,1,did:web:ssi-dim-wallet-service.identity:BPNL00000003AYRE,e116664b-7793-4020-b2b2-969601709375,1791548009003,1791549762913,1791549762913,
d3813284-827a-4720-aa58-e0a2b915940d,CONSUMER,1100,1,did:web:ssi-dim-wallet-service.identity:BPNL00000003AYRE,c54d58d8-1160-4c70-967f-64fc246f6bd1,1791548009007,1791549762811,1791549762811,
ef1fffaa-a427-4bcb-a4bf-6dded0ba5d46,CONSUMER,1100,1,did:web:ssi-dim-wallet-service.identity:BPNL00000003AYRE,51263932-901f-41f5-b78e-e57784b3712e,1791548009446,1791549762902,1791549762902,
10f9ad87-17eb-40bf-8f95-5f7eeb03732b,CONSUMER,1100,1,did:web:ssi-dim-wallet-service.identity:BPNL00000003AYRE,b4604600-f599-4250-941e-c23299d7102a,1791548009647,1791549763047,1791549763047,
344a89bb-f4f9-42bc-82f6-ab03ff40c3e2,CONSUMER,1100,1,did:web:ssi-dim-wallet-service.identity:BPNL00000003AYRE,a6bed7df-7832-4a19-b0d4-af377989c123,1791548009842,1791549763007,1791549763007,
fa7b9075-627c-45bd-8601-3bd79f8ac77e,CONSUMER,1100,1,did:web:ssi-dim-wallet-service.identity:BPNL00000003AYRE,2cfda0ff-d78e-4f49-89c1-93fb50d104d8,1791548010003,1791549763063,1791549763063,
0950c041-3597-4fef-82d6-883bba8a04bb,CONSUMER,1100,1,did:web:ssi-dim-wallet-service.identity:BPNL00000003AYRE,4fd75873-d13c-4d0a-a952-9a5a645e6807,1791548010150,1791549763150,1791549763150,
905509f3-5dfa-4d5a-b4a7-6a669174896e,CONSUMER,1100,1,did:web:ssi-dim-wallet-service.identity:BPNL00000003AYRE,c10e3711-5ab5-4744-9b68-d67b360d6ed7,1791548011003,1791549763161,1791549763161,
cc9491ef-a6d1-4854-abdf-96957a044808,CONSUMER,1100,1,did:web:ssi-dim-wallet-service.identity:BPNL00000003AYRE,911380ee-7c85-45d3-b552-88b9b421fcf8,1791548011441,1791549763235,1791549763235,
9b217baa-5e1e-459b-ab6f-53ad19488d78,CONSUMER,1100,1,did:web:ssi-dim-wallet-service.identity:BPNL00000003AYRE,df923886-bc46-4b96-b0e5-99922680a0e4,1791548011805,1791549763173,1791549763173,
93c49b15-2263-4195-8070-099d63df5c65,CONSUMER,1100,1,did:web:ssi-dim-wallet-service.identity:BPNL00000003AYRE,f6947368-afa7-4d78-b6ec-df671c449970,1791548011837,1791549763234,1791549763234,
64524d33-4d85-4645-9ab6-f09d3a555169,CONSUMER,1100,1,did:web:ssi-dim-wallet-service.identity:BPNL00000003AYRE,3af7197c-f281-46f8-9efc-e7c75cb3b962,1791548012743,1791549763279,1791549763279,
98d461e3-231f-47a1-8f3e-16ebf5e5c213,CONSUMER,1100,1,did:web:ssi-dim-wallet-service.identity:BPNL00000003AYRE,a10f17c4-e24e-439d-b860-f3a31dca1237,1791548012940,1791549763280,1791549763280,
eefa4667-4a52-4c4c-b82b-eebec10307df,CONSUMER,1100,1,did:web:ssi-dim-wallet-service.identity:BPNL00000003AYRE,1fc03232-558c-438e-9e77-cc1739224db1,1791548014740,1791549763271,1791549763271,
df98d9db-7ef6-4751-a5fd-62bccddde789,CONSUMER,1100,1,did:web:ssi-dim-wallet-service.identity:BPNL00000003AYRE,fa9c6ad7-4719-48bc-9683-b30a9e02b94e,1791548016502,1791549763996,1791549763996,
6173be53-b945-4a4a-b78b-a8e511cf4304,CONSUMER,1100,1,did:web:ssi-dim-wallet-service.identity:BPNL00000003AYRE,c46a30aa-0c9c-4810-85a1-fa1314bb8621,1791548017403,1791549763972,1791549763972,
29d11219-ed3e-4886-b83d-460b4f619b7b,CONSUMER,1100,1,did:web:ssi-dim-wallet-service.identity:BPNL00000003AYRE,c530d034-07e4-4bee-89be-629c0bed5571,1791548018339,1791549821698,1791549821698,
1e6f01e4-f20b-4763-be7d-f9de8a5e05e5,CONSUMER,1100,1,did:web:ssi-dim-wallet-service.identity:BPNL00000003AYRE,ac3aff39-44c8-484c-8a08-b763e87a303a,1791548020703,1791549821673,1791549821673,
aad73f66-00ee-4979-945a-7f71298d5544,CONSUMER,1100,1,did:web:ssi-dim-wallet-service.identity:BPNL00000003AYRE,0dc0bd20-2934-4920-8b10-36bf6cc5b23f,1791548021804,1791549821765,1791549821765,
5fbb283c-3496-4d20-90dd-4f3fecf87ec0,CONSUMER,1100,1,did:web:ssi-dim-wallet-service.identity:BPNL00000003AYRE,1c4d4822-0db3-432f-96b2-57b5f5e59690,1791548022706,1791549821719,1791549821719,
89501d70-03bd-432e-9df5-cdb91b6a7695,CONSUMER,1100,1,did:web:ssi-dim-wallet-service.identity:BPNL00000003AYRE,b5d4736f-d355-49a5-ae05-b83ac22f8f46,1791548026210,1791549821772,1791549821772,
cbd7ec2a-14f2-4d5c-80f9-b8ed8cb69af5,CONSUMER,1100,1,did:web:ssi-dim-wallet-service.identity:BPNL00000003AYRE,f0277ebf-5b2f-4ca7-9526-0729738000aa,1791548034803,1791549821902,1791549821902,
6789e95e-a340-4108-b60f-ae041e43c2da,CONSUMER,1100,1,did:web:ssi-dim-wallet-service.identity:BPNL00000003AYRE,59aa7f72-ba3e-4ecc-96e1-d3b4a8cf6cef,1791548040337,1791549821818,1791549821818,
1bbd8c71-6d85-4b67-aecb-602548e53498,CONSUMER,1100,1,did:web:ssi-dim-wallet-service.identity:BPNL00000003AYRE,1e67947d-dad1-4ffe-b704-8ee1e1c5e262,1791548054409,1791549822295,1791549822295,
54249804-1004-4c33-b9fa-4612488be5cd,CONSUMER,1100,1,did:web:ssi-dim-wallet-service.identity:BPNL00000003AYRE,2f8717db-976a-4371-a0d4-5f03c7857887,1791548056441,1791549822165,1791549822165,
20d9751d-391f-4789-9518-422ad4a4f523,CONSUMER,1100,1,did:web:ssi-dim-wallet-service.identity:BPNL00000003AYRE,8b527760-f2d1-44ef-bdf0-17b2322ac486,1791548056543,1791549822245,1791549822245,
42706574-09f1-4a0e-853d-8a273f1245d7,CONSUMER,1100,1,did:web:ssi-dim-wallet-service.identity:BPNL00000003AYRE,c29c014f-fb53-4759-8caa-b8c480fefc9d,1791548056813,1791549822165,1791549822165,
d6048c1a-0f53-4f55-bdc0-7a423ca6cde3,CONSUMER,1100,1,did:web:ssi-dim-wallet-service.identity:BPNL00000003AYRE,b95bc991-4cc0-4e64-b2ef-4a370dc97df0,1791548057205,1791549822352,1791549822352,
1594d517-2428-4171-bbdc-bbb33307d9cb,CONSUMER,1100,1,did:web:ssi-dim-wallet-service.identity:BPNL00000003AYRE,6f2b38d0-542d-4ce5-a72e-f03410d74f7d,1791548058002,1791549822395,1791549822395,
434f7f98-5adb-4e2b-a499-5181732fd4ad,CONSUMER,1100,1,did:web:ssi-dim-wallet-service.identity:BPNL00000003AYRE,41666183-1439-4107-a964-1fb39fd70d38,1791548058006,1791549822407,1791549822407,
40a85450-72db-4919-af40-66dea059a6a1,CONSUMER,1100,1,did:web:ssi-dim-wallet-service.identity:BPNL00000003AYRE,26e35bea-0342-4345-ba28-b0e7337f0abb,1791548058040,1791549822396,1791549822396,
5b5f9515-8d96-4371-ba63-2bf33fe79eab,CONSUMER,1100,1,did:web:ssi-dim-wallet-service.identity:BPNL00000003AYRE,3f92c499-cb2d-41e0-b491-365f29f8e8aa,1791548058110,1791549822495,1791549822495,
01350abe-1187-48ed-aa48-9f44d9bc9e6a,CONSUMER,1100,1,did:web:ssi-dim-wallet-service.identity:BPNL00000003AYRE,2a808745-9672-43a6-8197-84350d957061,1791548058139,1791549822515,1791549822515,
0e259c98-8d5d-4c06-851e-4e02cd0d394f,CONSUMER,1100,1,did:web:ssi-dim-wallet-service.identity:BPNL00000003AYRE,8f18a734-7d67-4f95-a180-791dab2735de,1791548058209,1791549822502,1791549822502,
bfac3654-7cad-45c0-9f26-b9f5d2fb5505,CONSUMER,1100,1,did:web:ssi-dim-wallet-service.identity:BPNL00000003AYRE,606c83bf-d0c2-4684-aab1-fe40e2ad389d,1791548058741,1791549822559,1791549822559,
d74c580d-688c-49c8-98cf-b9c99f7941f0,CONSUMER,1100,1,did:web:ssi-dim-wallet-service.identity:BPNL00000003AYRE,a32306da-1600-4a0a-941f-f45ccf9e01e8,1791548058838,1791549767053,1791549767053,
3ea34d2e-c2d4-47b8-a73e-00eec723d13b,CONSUMER,1100,1,did:web:ssi-dim-wallet-service.identity:BPNL00000003AYRE,a256e5d7-b83b-4d95-a85c-4c8a86eb8348,1791548059110,1791549768775,1791549768775,
725e48db-c96f-4362-95a2-892cdf51909e,CONSUMER,1100,1,did:web:ssi-dim-wallet-service.identity:BPNL00000003AYRE,e6c9d744-2804-411b-9374-f15a0dc8e853,1791548059137,1791549768834,1791549768834,
5f16f8fb-b8b3-43d2-90a0-56c1ce4b53b1,CONSUMER,1100,1,did:web:ssi-dim-wallet-service.identity:BPNL00000003AYRE,9ca9b735-c412-4f30-9210-33195fdac80f,1791548059244,1791549768866,1791549768866,
06a33249-de94-4ea0-9442-1a5d96e4285f,CONSUMER,1100,1,did:web:ssi-dim-wallet-service.identity:BPNL00000003AYRE,5c228319-54fe-49eb-8e44-5476b0c7c536,1791548059346,1791549769061,1791549769061,
77eabab2-e951-4253-b7e6-0c565ab99bc1,CONSUMER,1100,1,did:web:ssi-dim-wallet-service.identity:BPNL00000003AYRE,4853ab9d-111f-4fcc-b352-131cd1eb085f,1791548059507,1791549768934,1791549768934,
d4bc9d1b-2766-49f9-9409-729cc1d8f098,CONSUMER,1100,1,did:web:ssi-dim-wallet-service.identity:BPNL00000003AYRE,876a370a-3e04-4c00-9908-0cdc957189a5,1791548059739,1791549769054,1791549769054,
5163891f-39ee-41b7-97c7-49daeac66437,CONSUMER,1100,1,did:web:ssi-dim-wallet-service.identity:BPNL00000003AYRE,9419a398-93c9-4261-899f-be4f7dcac48d,1791548059809,1791549769047,1791549769047,
c745b775-63cb-41c4-a13b-8236fd7d9462,CONSUMER,1100,1,did:web:ssi-dim-wallet-service.identity:BPNL00000003AYRE,ed811ad7-017b-462e-9148-8e03646155d3,1791548060136,1791549769054,1791549769054,
02b3d3de-b449-41a8-888c-69bcef368957,CONSUMER,1100,1,did:web:ssi-dim-wallet-service.identity:BPNL00000003AYRE,ef411ed3-214d-43f9-a4a5-b3948f8b2690,1791548060137,1791549769096,1791549769096,
87086a0d-611b-489a-8349-6349619a8915,CONSUMER,1100,1,did:web:ssi-dim-wallet-service.identity:BPNL00000003AYRE,ebe19ed3-c458-45d7-b9d6-ce6483af3132,1791548060236,1791549769296,1791549769296,
6cd7c76e-0874-49d0-b18b-4c9069dc0b35,CONSUMER,1100,1,did:web:ssi-dim-wallet-service.identity:BPNL00000003AYRE,bd71c38e-98df-4608-8176-01c3f8f6768b,1791548060311,1791549769167,1791549769167,
16be200d-2f62-4e97-a97c-78e19a0d6969,CONSUMER,1100,1,did:web:ssi-dim-wallet-service.identity:BPNL00000003AYRE,5ab73479-857b-4df6-9a1b-092eb584f1aa,1791548060338,1791549769298,1791549769298,
3a5b8d8a-92d2-43bd-8eb5-9b0419170d39,CONSUMER,1100,1,did:web:ssi-dim-wallet-service.identity:BPNL00000003AYRE,fb790cd1-4612-428f-8506-04a681aac191,1791548060339,1791549769296,1791549769296,
7352040a-1eff-4a3d-9c18-a5d51a196c39,CONSUMER,1100,1,did:web:ssi-dim-wallet-service.identity:BPNL00000003AYRE,259cf3b7-b08c-42e0-8157-4636c6f5aa3a,1791548060603,1791549823262,1791549823262,
76f88ce2-b0af-4a4a-9c20-337d11cb0b80,CONSUMER,1100,1,did:web:ssi-dim-wallet-service.identity:BPNL00000003AYRE,4bd848ac-c45d-4464-b948-fae1546382f2,1791548060641,1791549769297,1791549769297,
b1881cb6-e362-44a5-aa7b-c07d6f1323fb,CONSUMER,1100,1,did:web:ssi-dim-wallet-service.identity:BPNL00000003AYRE,8096cf5a-5b9d-4536-ae77-014da461af00,1791548060642,1791549822616,1791549822616,
20f0ce10-54f0-4d34-80fa-85a4c5719c75,CONSUMER,1100,1,did:web:ssi-dim-wallet-service.identity:BPNL00000003AYRE,65ff21f7-ecee-44c6-b34e-5e7c2450660a,1791548060709,1791549823372,1791549823372,
1f66d003-136e-4d76-8214-3cb955b67b09,CONSUMER,1100,1,did:web:ssi-dim-wallet-service.identity:BPNL00000003AYRE,573c5524-21f7-4724-8f82-dd659e99c9ad,1791548060710,1791549823309,1791549823309,
623a10b9-9b09-4dcb-a953-8b5c1ff667b8,CONSUMER,1100,1,did:web:ssi-dim-wallet-service.identity:BPNL00000003AYRE,d7e223f1-81a0-4c57-a8e8-559e604d4b0c,1791548060904,1791549823343,1791549823343,
5da6e56c-33d2-4ed2-9050-7b379a019225,CONSUMER,1100,1,did:web:ssi-dim-wallet-service.identity:BPNL00000003AYRE,20cd56b3-a1a7-474e-9fb5-e8efdae74c82,1791548061303,1791549823373,1791549823373,
5370ba61-e86f-417f-b7b6-8ddbea01c806,CONSUMER,1100,1,did:web:ssi-dim-wallet-service.identity:BPNL00000003AYRE,c2b05ff8-f4e0-433a-86b3-12d04883e1fa,1791548061538,1791549823608,1791549823608,
1cc8a72a-3ce7-4dbb-b027-feb0718f6e2b,CONSUMER,1100,1,did:web:ssi-dim-wallet-service.identity:BPNL00000003AYRE,1e2db9b3-13b1-4146-8d3a-387d278477c4,1791548061544,1791549823597,1791549823597,
9a538845-c6b1-46ed-8a3c-2527ef14bcd9,CONSUMER,1100,1,did:web:ssi-dim-wallet-service.identity:BPNL00000003AYRE,f609a37d-fbf7-4e8d-80c6-a63a06783e83,1791548061812,1791549823663,1791549823663,
c13b9fad-ed77-4079-9b61-3f1a20d83c41,CONSUMER,1100,1,did:web:ssi-dim-wallet-service.identity:BPNL00000003AYRE,c5dd8677-833c-44fe-8a16-65f2a8419741,1791548061841,1791549823663,1791549823663,
73ba4e65-134c-4306-b66a-ed5967051afd,CONSUMER,1100,1,did:web:ssi-dim-wallet-service.identity:BPNL00000003AYRE,0e8f6020-acde-4655-80d2-e832d010953a,1791548061843,1791549823743,1791549823743,
93427e63-b884-4925-bd79-3437d5224137,CONSUMER,1100,1,did:web:ssi-dim-wallet-service.identity:BPNL00000003AYRE,10ef6ef4-bda3-46e7-bdd4-59e7e09d98d3,1791548061843,1791549823866,1791549823866,
6ad960cc-4e6e-403d-9942-e50b5721c72b,CONSUMER,1100,1,did:web:ssi-dim-wallet-service.identity:BPNL00000003AYRE,de34a736-0413-4bbb-9fdd-2ae4759ed05d,1791548062037,1791549823766,1791549823766,
c5165792-4cdb-4cf1-8143-1876ff7d4778,CONSUMER,1100,1,did:web:ssi-dim-wallet-service.identity:BPNL00000003AYRE,abfdb003-c9e2-4b26-8c87-a7819cbeb773,1791548062207,1791549823796,1791549823796,
df5d5178-2c40-4cf2-9be0-d89453d8ed14,CONSUMER,1100,1,did:web:ssi-dim-wallet-service.identity:BPNL00000003AYRE,780e73db-afc2-4d6b-88da-090f48ea510d,1791548062238,1791549825195,1791549825195,
7ae3dd68-3965-41c1-9cbc-e093571a6666,CONSUMER,1100,1,did:web:ssi-dim-wallet-service.identity:BPNL00000003AYRE,fae4e941-53b6-4406-94f5-07144dbacaa1,1791548062638,1791549825263,1791549825263,
b0c81eb5-e13a-4997-81bf-d43f2cbf4f55,CONSUMER,1100,1,did:web:ssi-dim-wallet-service.identity:BPNL00000003AYRE,3390caf8-8f37-4ee9-918f-5e124cc9b4aa,1791548063141,1791549825286,1791549825286,
0f7871aa-0105-4b48-80f4-19fe67a9487c,CONSUMER,1100,1,did:web:ssi-dim-wallet-service.identity:BPNL00000003AYRE,867268ea-7ec4-4e99-8e0c-df5ee7366b4a,1791548063545,1791549825151,1791549825151,
bc9ff786-77fb-4467-91a3-edef8864b297,CONSUMER,1100,1,did:web:ssi-dim-wallet-service.identity:BPNL00000003AYRE,5a7cee60-1133-4045-b293-5eaea6e0c97f,1791548063708,1791549770304,1791549770304,
20c7a749-39b6-48ec-bd91-52bccb4ae5e6,CONSUMER,1100,1,did:web:ssi-dim-wallet-service.identity:BPNL00000003AYRE,080c85bd-26d1-4c36-8fff-a4a1451417b4,1791548063846,1791549825354,1791549825354,
bbcabf11-594f-4934-8df7-510cbe0864af,CONSUMER,1100,1,did:web:ssi-dim-wallet-service.identity:BPNL00000003AYRE,adc9c821-2fec-4b42-a78b-d542ea98387a,1791548064537,1791549825354,1791549825354,
8cf31757-8bb1-4ebe-a716-16192e80acc4,CONSUMER,1100,1,did:web:ssi-dim-wallet-service.identity:BPNL00000003AYRE,b67852a3-07a3-4608-a4cd-fa6a27c76ff8,1791548064904,1791549825354,1791549825354,
95a2e7e0-2599-4e1a-bf5d-2a7cc2b41c3a,CONSUMER,1100,1,did:web:ssi-dim-wallet-service.identity:BPNL00000003AYRE,568b9709-313e-4adf-abe1-87f0542189c9,1791548065039,1791549825354,1791549825354,
9d049d68-3b0a-4b94-9b35-2686569e60b2,CONSUMER,1100,1,did:web:ssi-dim-wallet-service.identity:BPNL00000003AYRE,2e464124-40e3-436a-afaa-27c716ac3580,1791548065137,1791549825849,1791549825849,
20bf8967-3415-44cd-8b27-962401927d3d,CONSUMER,1100,1,did:web:ssi-dim-wallet-service.identity:BPNL00000003AYRE,526790c1-1c47-4313-8ab9-870deb08c1a6,1791548065744,1791549825434,1791549825434,
f9b292e6-3b32-48f4-afb6-3582ef59dcdd,CONSUMER,1100,1,did:web:ssi-dim-wallet-service.identity:BPNL00000003AYRE,9291797b-e731-47f8-8b95-de44d343c625,1791548066305,1791549825847,1791549825847,
9afb5331-32a0-462a-8807-551adcf5116c,CONSUMER,1100,1,did:web:ssi-dim-wallet-service.identity:BPNL00000003AYRE,5d2f8c8d-df30-4f36-9b12-2819b8dbd339,1791548068106,1791549825630,1791549825630,
da81abcd-c574-4149-a5c4-734ca436d7af,CONSUMER,1100,1,did:web:ssi-dim-wallet-service.identity:BPNL00000003AYRE,a21c8c62-0c8c-4d5d-861a-a4423deca816,1791548068243,1791549826003,1791549826003,
7bef878f-b67d-42cf-8f75-3f708c4b2541,CONSUMER,1100,1,did:web:ssi-dim-wallet-service.identity:BPNL00000003AYRE,0d603e9c-2bfc-443d-8d5b-243dd7a9380c,1791548068538,1791549826065,1791549826065,
2f889922-4e69-41ac-906f-fcc9dff786d2,CONSUMER,1100,1,did:web:ssi-dim-wallet-service.identity:BPNL00000003AYRE,358f8516-800e-44ae-9f5e-b41664ea82a6,1791548068803,1791549826014,1791549826014,
17595ee3-9a79-417f-ab08-df92bf1a8128,CONSUMER,1100,1,did:web:ssi-dim-wallet-service.identity:BPNL00000003AYRE,96f02b0e-4142-48df-b461-b1002de90f90,1791548068803,1791549826003,1791549826003,
fa46440a-f99d-4d20-bdb8-8b46cabbb7a9,CONSUMER,1100,1,did:web:ssi-dim-wallet-service.identity:BPNL00000003AYRE,74bca6fc-a3be-40f5-a82f-a499133d9dc5,1791548068811,1791549772661,1791549772661,
c8d42389-7fcf-4236-9b0a-ca892f397658,CONSUMER,1100,1,did:web:ssi-dim-wallet-service.identity:BPNL00000003AYRE,152b6985-d4ed-41db-8e7c-4eebe79ebd80,1791548069004,1791549826160,1791549826160,
0f393f2f-92ef-4376-b646-2df43bb659d9,CONSUMER,1100,1,did:web:ssi-dim-wallet-service.identity:BPNL00000003AYRE,63849fd2-d4cd-4155-ba2c-3038d412545f,1791548069011,1791549826195,1791549826195,
e1741aa7-e2b6-455a-a6ee-8bf2e8129b92,CONSUMER,1100,1,did:web:ssi-dim-wallet-service.identity:BPNL00000003AYRE,79d00b72-ccee-482a-9411-a210a389f845,1791548069405,1791549826095,1791549826095,
f5831d79-1ef6-432d-8738-1f3598840d53,CONSUMER,1100,1,did:web:ssi-dim-wallet-service.identity:BPNL00000003AYRE,e91b29f8-a2a0-4e03-8506-7859894c19b5,1791548069407,1791549772146,1791549772146,
a5bf8b83-0dba-4754-b2d9-dfaa7b66f8fd,CONSUMER,1100,1,did:web:ssi-dim-wallet-service.identity:BPNL00000003AYRE,3a611e33-d49d-416f-8fbf-2c6841e7a421,1791548069407,1791549772496,1791549772496,
5036a67a-2f5c-44a9-8889-0e7b67cabf11,CONSUMER,1100,1,did:web:ssi-dim-wallet-service.identity:BPNL00000003AYRE,66a50ebf-242a-4fd3-8019-16081c68ff4a,1791548069807,1791549772550,1791549772550,
2605332a-6fb9-4d91-b112-f169b226b46f,CONSUMER,1100,1,did:web:ssi-dim-wallet-service.identity:BPNL00000003AYRE,32a29185-2cb1-461c-99ee-971dad1acc82,1791548070339,1791549772838,1791549772838,
c0f6d377-a32a-4f95-b187-251f91f31bf3,CONSUMER,1100,1,did:web:ssi-dim-wallet-service.identity:BPNL00000003AYRE,9c5d8491-f1c9-4a23-b403-6feb6ac83f46,1791548070441,1791549772738,1791549772738,
1c860fc2-ff3f-464c-a132-66eb40df0357,CONSUMER,1100,1,did:web:ssi-dim-wallet-service.identity:BPNL00000003AYRE,e6d434a3-dadc-4b68-9614-fd5e380459c1,1791548070537,1791549772436,1791549772436,
9432c516-758c-4d12-8ab0-4a509242dbee,CONSUMER,1400,1,did:web:ssi-dim-wallet-service.identity:BPNL00000003AYRE,5dfdde55-234e-4b93-8bc1-64592b77494e,1791548070611,1791549774607,1791549774607,"Failed to send termination to counter party: {""@type"":""ContractNegotiationError"",""code"":""409"",""reason"":[""Entity 916cf255-cf13-42db-9d50-0e2d091ce819 of kind edc_contract_negotiation is currently leased!""],""@context"":[""https://w3id.org/tractusx/auth/v1.0.0"",""https://w3id.org/catenax/2025/9/policy/con"
fa9c18b4-8934-4b92-a0de-18a8952b2d36,CONSUMER,1100,1,did:web:ssi-dim-wallet-service.identity:BPNL00000003AYRE,f78a4972-1384-439c-9ee4-5619e62dcb14,1791548070703,1791549772729,1791549772729,
38aebc06-4c40-4ee9-8d2c-f19130302fef,CONSUMER,1100,1,did:web:ssi-dim-wallet-service.identity:BPNL00000003AYRE,18ef7950-1ccb-480f-afaf-a4b0eb440ad8,1791548072004,1791549773053,1791549773053,
1ee5f5f1-cbcb-4b16-af9d-b4bdd4b52d90,CONSUMER,1100,1,did:web:ssi-dim-wallet-service.identity:BPNL00000003AYRE,393d19e0-f490-4a74-bb53-3e2acb95e9a3,1791548072308,1791549772934,1791549772934,
2e19efd2-76a7-4cf1-800e-66d96464d3c6,CONSUMER,1100,1,did:web:ssi-dim-wallet-service.identity:BPNL00000003AYRE,5b05aac2-7185-4ef9-b2d5-99734f7d4f97,1791548073639,1791549773240,1791549773240,
aa02baf2-88cc-4794-a9da-dbd0992d994e,CONSUMER,1100,1,did:web:ssi-dim-wallet-service.identity:BPNL00000003AYRE,039bef5b-83e0-4244-8b88-15d2341dd3ea,1791548074004,1791549773328,1791549773328,
c6f384b7-128e-4afa-b305-69ae183c6598,CONSUMER,1100,1,did:web:ssi-dim-wallet-service.identity:BPNL00000003AYRE,482fe687-194c-46f3-8811-ddea03b4b459,1791548074411,1791549773329,1791549773329,
2b9269f1-5188-416a-b66d-5b81b05820bd,CONSUMER,1100,1,did:web:ssi-dim-wallet-service.identity:BPNL00000003AYRE,79acbbc8-089a-4512-b7aa-d7cbe75a425e,1791548074440,1791549773375,1791549773375,
81a9f313-4d1b-400d-8c78-5d0f0bf15ae3,CONSUMER,1100,1,did:web:ssi-dim-wallet-service.identity:BPNL00000003AYRE,555f5cf9-ce75-4402-8093-211565caef96,1791548074610,1791549773564,1791549773564,
06a7014f-aca5-4d22-a0b6-a7c696cc3fec,CONSUMER,1100,1,did:web:ssi-dim-wallet-service.identity:BPNL00000003AYRE,f5956d9a-7726-47f7-a0c4-705d72b2afab,1791548074642,1791549773562,1791549773562,
52ea62a5-cda6-4b38-8e10-ec2698d43c98,CONSUMER,1100,1,did:web:ssi-dim-wallet-service.identity:BPNL00000003AYRE,86ae1338-fa0a-43b2-9d2e-905a15368575,1791548075110,1791549773629,1791549773629,
f39919d4-65fb-4c9a-868b-faf7c86b3a81,CONSUMER,1100,1,did:web:ssi-dim-wallet-service.identity:BPNL00000003AYRE,2e25c4f0-fc3d-4cbf-b851-c260f358a6b0,1791548075239,1791549773562,1791549773562,
f8689fad-9fda-4455-9fcb-f8b50baf63f7,CONSUMER,1100,1,did:web:ssi-dim-wallet-service.identity:BPNL00000003AYRE,5fa49d21-c0b9-4ba2-bd26-7be3c5db5eaf,1791548075407,1791549773572,1791549773572,
3e0903cd-15ac-47cf-b7fb-276bf56e68ba,CONSUMER,1100,1,did:web:ssi-dim-wallet-service.identity:BPNL00000003AYRE,7bfbb4b4-a6bd-46ce-9bbb-356ea355bb12,1791548075703,1791549773898,1791549773898,
0ca90d15-cf9e-4031-a073-06a26a3a774c,CONSUMER,1100,1,did:web:ssi-dim-wallet-service.identity:BPNL00000003AYRE,6d07523d-5505-492b-bf69-c0c9a65b563c,1791548076736,1791549773928,1791549773928,
d9cdfcd6-2d6c-4bdb-ab95-8f4254908d30,CONSUMER,1100,1,did:web:ssi-dim-wallet-service.identity:BPNL00000003AYRE,d166cf5f-c00b-49b1-b9c8-fdff516b6cf8,1791548077142,1791549773828,1791549773828,
4486bfff-a3b2-4885-97fc-30466e0ff20f,CONSUMER,1100,1,did:web:ssi-dim-wallet-service.identity:BPNL00000003AYRE,c7888f48-abf5-46f6-9197-6d859da02431,1791548077315,1791549773897,1791549773897,
55fc1845-91c5-4f0e-836e-dd9bc6c3445f,CONSUMER,1100,1,did:web:ssi-dim-wallet-service.identity:BPNL00000003AYRE,43a3b8e0-1205-4b9a-ada1-572780498fad,1791548078438,1791549773906,1791549773906,
a43c55db-d046-467a-b9a1-031bd9f640e9,CONSUMER,1100,1,did:web:ssi-dim-wallet-service.identity:BPNL00000003AYRE,814e7365-2822-4f94-b81d-5d2aa1171d3e,1791548078641,1791549774062,1791549774062,
50526399-a7bf-4212-a19c-27d36ede157a,CONSUMER,1100,1,did:web:ssi-dim-wallet-service.identity:BPNL00000003AYRE,92a490eb-8093-4ed4-8671-c78f159786bd,1791548078833,1791549774129,1791549774129,
d9f45e4d-b8c2-4096-8170-f282a78a098a,CONSUMER,1100,1,did:web:ssi-dim-wallet-service.identity:BPNL00000003AYRE,cad479f8-986c-46e7-94fe-8b1226e7f287,1791548079103,1791549774130,1791549774130,
e1cbd354-a602-42f4-b187-5c38b7c91d14,CONSUMER,1100,1,did:web:ssi-dim-wallet-service.identity:BPNL00000003AYRE,1bc3f759-7301-4ee7-a2d9-65d3b1d8c831,1791548079108,1791549774346,1791549774346,
995f62ed-36b3-4005-b0aa-a4a753b63a70,CONSUMER,1100,1,did:web:ssi-dim-wallet-service.identity:BPNL00000003AYRE,9acdee78-51aa-4ab0-81e7-33db92459326,1791548079243,1791549774129,1791549774129,
ccc9318c-3c37-47ec-9545-2dcdb9885c59,CONSUMER,1100,1,did:web:ssi-dim-wallet-service.identity:BPNL00000003AYRE,71759343-b152-4fd0-aff4-0e974a6598c0,1791548079307,1791549774298,1791549774298,
7e662b35-809a-4c83-a161-6de690e491e5,CONSUMER,1100,1,did:web:ssi-dim-wallet-service.identity:BPNL00000003AYRE,202520a9-7185-4299-95f0-1095814a25dc,1791548080104,1791549774445,1791549774445,
a378a149-c750-438d-981a-e6ceb0f8240e,CONSUMER,1100,1,did:web:ssi-dim-wallet-service.identity:BPNL00000003AYRE,cbecb4a1-7edf-4d67-a3f0-60fd4ff7d048,1791548080404,1791549779449,1791549779449,
9f35408c-7dbc-4afd-8c34-84a22201eae3,CONSUMER,1400,1,did:web:ssi-dim-wallet-service.identity:BPNL00000003AYRE,984f0393-d12d-4326-96e8-db61ffeb4bf2,1791548080904,1791549780354,1791549780354,"Failed to send verification to provider: {""@type"":""ContractNegotiationError"",""code"":""409"",""reason"":[""Cannot process ContractAgreementVerificationMessage because negotiation cannot be verified""],""@context"":[""https://w3id.org/tractusx/auth/v1.0.0"",""https://w3id.org/catenax/2025/9/policy/context.jsonld"
8b38176f-77c4-4ece-87fc-128e13fc66e2,CONSUMER,1100,1,did:web:ssi-dim-wallet-service.identity:BPNL00000003AYRE,671d45cb-2111-415d-8de0-8c7b3e33cc71,1791548081207,1791549779528,1791549779528,
e239719e-91c7-4723-9292-c46ace1960b4,CONSUMER,1100,1,did:web:ssi-dim-wallet-service.identity:BPNL00000003AYRE,9dce9a12-5947-4925-b6e7-a8caed1739ad,1791548081309,1791549779470,1791549779470,
4e15eb71-28a6-4ae4-9879-2205a20669b0,CONSUMER,1100,1,did:web:ssi-dim-wallet-service.identity:BPNL00000003AYRE,06139fbf-c9a5-4e5d-b8fc-0a51b83713cc,1791548081538,1791549839864,1791549839864,
477e041c-833b-4304-9422-f386183168d3,CONSUMER,1100,1,did:web:ssi-dim-wallet-service.identity:BPNL00000003AYRE,fd78908f-3e50-4bb0-ae77-a1c807f27309,1791548082907,1791549839876,1791549839876,
35f2307b-a130-44a1-9da8-1e0bba4fc6d3,CONSUMER,1100,1,did:web:ssi-dim-wallet-service.identity:BPNL00000003AYRE,992dee09-ca87-4973-adcb-613733d1e683,1791548083039,1791549840351,1791549840351,
43534cd4-336e-4e95-9ede-f376cd266ae2,CONSUMER,1100,1,did:web:ssi-dim-wallet-service.identity:BPNL00000003AYRE,c8f782d3-936f-4c64-8ee9-411806f31758,1791548083246,1791549840366,1791549840366,
8e2e296c-853c-4d24-9711-d3d096f3a3f9,CONSUMER,1100,1,did:web:ssi-dim-wallet-service.identity:BPNL00000003AYRE,69b9093c-4fb2-4fe2-a172-92d2958bfbcf,1791548083405,1791549764560,1791549764560,
0340c074-b747-4d9d-b1fb-a9044387d0f9,CONSUMER,1100,1,did:web:ssi-dim-wallet-service.identity:BPNL00000003AYRE,03c0da1d-bbd6-45f7-b346-ff3d43e84371,1791548083541,1791549764546,1791549764546,
8421115f-3ff8-4717-bb0d-ce72fc338c66,CONSUMER,1100,1,did:web:ssi-dim-wallet-service.identity:BPNL00000003AYRE,b9ee4b20-5eb3-4fd8-8da2-a8318b04d868,1791548083603,1791549764326,1791549764326,
737ebc2d-63ee-4532-9d68-324bbefa4790,CONSUMER,1100,1,did:web:ssi-dim-wallet-service.identity:BPNL00000003AYRE,1f9e1be1-6236-4f7b-b4c1-7eb214865134,1791548084505,1791549764560,1791549764560,
5aecbc0a-fe4d-4874-9840-0b4e4dc83a1e,CONSUMER,1100,1,did:web:ssi-dim-wallet-service.identity:BPNL00000003AYRE,54bac131-e272-4953-bc8c-f7913fe0ef45,1791548084805,1791549764611,1791549764611,
1507aa66-064c-4671-ae18-5e1d308a37a4,CONSUMER,1100,1,did:web:ssi-dim-wallet-service.identity:BPNL00000003AYRE,2c38ca07-2e97-4fb6-88c6-fbc0bb0d3eed,1791548084837,1791549764571,1791549764571,
48de03ac-a5db-43f1-9bc1-7f0175499bdc,CONSUMER,1100,1,did:web:ssi-dim-wallet-service.identity:BPNL00000003AYRE,5fc44ab5-d23b-4bb6-a152-ec8c1de6ca75,1791548086510,1791549764736,1791549764736,
054686fb-cc0d-4d13-9215-3f2c8cfd68fe,CONSUMER,1100,1,did:web:ssi-dim-wallet-service.identity:BPNL00000003AYRE,406f5751-a2e6-4961-b06d-23cf27e37b3b,1791548086605,1791549764734,1791549764734,
2922878e-8b08-40d2-a84d-91af30511c32,CONSUMER,1100,1,did:web:ssi-dim-wallet-service.identity:BPNL00000003AYRE,75833501-b4d0-4386-9cc6-c6d0124fde03,1791548087506,1791549764751,1791549764751,
8c2e9747-a0fb-4be8-a175-b4758c02f75b,CONSUMER,1100,1,did:web:ssi-dim-wallet-service.identity:BPNL00000003AYRE,f6d42a2e-8e62-4af4-b1f1-10bbfdea6f51,1791548087903,1791549764759,1791549764759,
d3ba674d-8625-457a-88ec-81e431bc082d,CONSUMER,1100,1,did:web:ssi-dim-wallet-service.identity:BPNL00000003AYRE,be5c2adf-a54f-4d55-81d2-31894fc3db89,1791548087907,1791549764836,1791549764836,
43b3c99c-6b76-4739-b25e-86049289c9ad,CONSUMER,1100,1,did:web:ssi-dim-wallet-service.identity:BPNL00000003AYRE,41ceaad5-70dd-4abb-a66a-48accbb96583,1791548088210,1791549764234,1791549764234,
d78bd16b-e7ac-495a-b588-b285e09d33b8,CONSUMER,1400,1,did:web:ssi-dim-wallet-service.identity:BPNL00000003AYRE,bf615fea-46b9-462f-8deb-89b7bc6e47a0,1791548088320,1791549766138,1791549766138,"Failed to send termination to counter party: {""@type"":""ContractNegotiationError"",""code"":""409"",""reason"":[""Entity 19f4b77f-7b6b-4986-94ba-3b11d0774c9c of kind edc_contract_negotiation is currently leased!""],""@context"":[""https://w3id.org/tractusx/auth/v1.0.0"",""https://w3id.org/catenax/2025/9/policy/con"
4bad8754-353d-4c8c-b22e-8b93ca7de008,CONSUMER,1400,1,did:web:ssi-dim-wallet-service.identity:BPNL00000003AYRE,e643cfaf-59df-4b74-956a-8466c8160624,1791548089110,1791549765935,1791549765935,"Failed to send termination to counter party: {""@type"":""ContractNegotiationError"",""code"":""409"",""reason"":[""Entity 3b8d82ad-dead-4e32-82c1-60d86bf4a47b of kind edc_contract_negotiation is currently leased!""],""@context"":[""https://w3id.org/tractusx/auth/v1.0.0"",""https://w3id.org/catenax/2025/9/policy/con"
0809f57f-602e-4004-815d-5993c58b71cb,CONSUMER,1400,1,did:web:ssi-dim-wallet-service.identity:BPNL00000003AYRE,c0fec9fa-e290-4dac-90d6-fc7f53182cfd,1791548090905,1791549765944,1791549765944,"Failed to send termination to counter party: {""@type"":""ContractNegotiationError"",""code"":""409"",""reason"":[""Entity da920d12-1a22-4042-8367-21709d7bcb6e of kind edc_contract_negotiation is currently leased!""],""@context"":[""https://w3id.org/tractusx/auth/v1.0.0"",""https://w3id.org/catenax/2025/9/policy/con"
d5be6fd9-1c2a-49d6-a966-ec0439c78053,CONSUMER,1400,1,did:web:ssi-dim-wallet-service.identity:BPNL00000003AYRE,48fe58e4-c374-45ff-80fa-c689db347979,1791548091008,1791549766341,1791549766341,"Failed to send termination to counter party: {""@type"":""ContractNegotiationError"",""code"":""409"",""reason"":[""Entity d03af2aa-3e9b-4bdb-a74f-20b327685508 of kind edc_contract_negotiation is currently leased!""],""@context"":[""https://w3id.org/tractusx/auth/v1.0.0"",""https://w3id.org/catenax/2025/9/policy/con"
d817335c-6ab0-4748-a2a8-e32c1a60c2fb,CONSUMER,1400,1,did:web:ssi-dim-wallet-service.identity:BPNL00000003AYRE,4260e59f-08dc-45e0-a128-69c9b7cf659a,1791548091042,1791549766341,1791549766341,"Failed to send termination to counter party: {""@type"":""ContractNegotiationError"",""code"":""409"",""reason"":[""Entity 23138484-5736-4fc9-b0b9-2a9a35e09435 of kind edc_contract_negotiation is currently leased!""],""@context"":[""https://w3id.org/tractusx/auth/v1.0.0"",""https://w3id.org/catenax/2025/9/policy/con"
e2bfb698-e407-45a6-80d2-7db2dba259e1,CONSUMER,1400,1,did:web:ssi-dim-wallet-service.identity:BPNL00000003AYRE,b4ae38b9-4848-43aa-814d-cf41cc343db6,1791548091244,1791549766256,1791549766256,"Failed to send termination to counter party: {""@type"":""ContractNegotiationError"",""code"":""409"",""reason"":[""Entity 7324ff18-f552-4d0c-a7b6-09233a26698f of kind edc_contract_negotiation is currently leased!""],""@context"":[""https://w3id.org/tractusx/auth/v1.0.0"",""https://w3id.org/catenax/2025/9/policy/con"
00c50fb1-ff5d-47bf-b06c-1d8942ff45c7,CONSUMER,1400,1,did:web:ssi-dim-wallet-service.identity:BPNL00000003AYRE,ff9809bf-d864-4b23-805c-6bee91c6b64c,1791548091437,1791549766479,1791549766479,"Failed to send termination to counter party: {""@type"":""ContractNegotiationError"",""code"":""409"",""reason"":[""Entity c96f1d73-6bd3-4176-8648-836d45e97a36 of kind edc_contract_negotiation is currently leased!""],""@context"":[""https://w3id.org/tractusx/auth/v1.0.0"",""https://w3id.org/catenax/2025/9/policy/con"
420a24f8-85f1-4b03-9663-ff05b8bc4256,CONSUMER,1400,1,did:web:ssi-dim-wallet-service.identity:BPNL00000003AYRE,93b8d04a-e23e-4af2-ac29-13ff6bbb64d4,1791548091441,1791549766139,1791549766139,"Failed to send termination to counter party: {""@type"":""ContractNegotiationError"",""code"":""409"",""reason"":[""Entity 478fb6d9-3446-488d-850e-8fbbaaf960de of kind edc_contract_negotiation is currently leased!""],""@context"":[""https://w3id.org/tractusx/auth/v1.0.0"",""https://w3id.org/catenax/2025/9/policy/con"
27ed81dd-c0c0-43eb-b5c7-76e9bd63cbd5,CONSUMER,1400,1,did:web:ssi-dim-wallet-service.identity:BPNL00000003AYRE,3b2e89a4-476f-4971-a78f-ff2c14ccaaaf,1791548091841,1791549766360,1791549766360,"Failed to send verification to provider: {""@type"":""ContractNegotiationError"",""code"":""409"",""reason"":[""Cannot process ContractAgreementVerificationMessage because negotiation cannot be verified""],""@context"":[""https://w3id.org/tractusx/auth/v1.0.0"",""https://w3id.org/catenax/2025/9/policy/context.jsonld"
4525bf86-deb3-458d-8f5a-a21023d619f8,CONSUMER,1400,1,did:web:ssi-dim-wallet-service.identity:BPNL00000003AYRE,48564902-f96d-4629-aacb-f7e8757c6751,1791548092406,1791549766352,1791549766352,"Failed to send verification to provider: {""@type"":""ContractNegotiationError"",""code"":""409"",""reason"":[""Cannot process ContractAgreementVerificationMessage because negotiation cannot be verified""],""@context"":[""https://w3id.org/tractusx/auth/v1.0.0"",""https://w3id.org/catenax/2025/9/policy/context.jsonld"
d183dff6-54c5-4bef-83db-e860b78c49de,CONSUMER,1400,1,did:web:ssi-dim-wallet-service.identity:BPNL00000003AYRE,bed33212-863b-4cc4-8864-1b800654f536,1791548093304,1791549766760,1791549766760,"Failed to send verification to provider: {""@type"":""ContractNegotiationError"",""code"":""409"",""reason"":[""Cannot process ContractAgreementVerificationMessage because negotiation cannot be verified""],""@context"":[""https://w3id.org/tractusx/auth/v1.0.0"",""https://w3id.org/catenax/2025/9/policy/context.jsonld"
b4011f72-6ece-4d45-94c2-725ab9ab0ac8,CONSUMER,1400,1,did:web:ssi-dim-wallet-service.identity:BPNL00000003AYRE,67da158d-0145-4484-b1cb-364783a317c9,1791548093640,1791549766864,1791549766864,"Failed to send verification to provider: {""@type"":""ContractNegotiationError"",""code"":""409"",""reason"":[""Cannot process ContractAgreementVerificationMessage because negotiation cannot be verified""],""@context"":[""https://w3id.org/tractusx/auth/v1.0.0"",""https://w3id.org/catenax/2025/9/policy/context.jsonld"
8c192644-f644-4d21-be5d-1173eaeb10b9,CONSUMER,1400,1,did:web:ssi-dim-wallet-service.identity:BPNL00000003AYRE,b5e6b5fd-d2e3-4515-9b6a-bffb6eeddcb2,1791548093840,1791549766472,1791549766472,"Failed to send verification to provider: {""@type"":""ContractNegotiationError"",""code"":""409"",""reason"":[""Cannot process ContractAgreementVerificationMessage because negotiation cannot be verified""],""@context"":[""https://w3id.org/tractusx/auth/v1.0.0"",""https://w3id.org/catenax/2025/9/policy/context.jsonld"
88571204-1c9c-46f7-9dd2-6f0f25ea59e2,CONSUMER,1400,1,did:web:ssi-dim-wallet-service.identity:BPNL00000003AYRE,13250795-3657-4d21-a440-f4d0a6b4ac44,1791548094339,1791549766361,1791549766361,"Failed to send verification to provider: {""@type"":""ContractNegotiationError"",""code"":""409"",""reason"":[""Cannot process ContractAgreementVerificationMessage because negotiation cannot be verified""],""@context"":[""https://w3id.org/tractusx/auth/v1.0.0"",""https://w3id.org/catenax/2025/9/policy/context.jsonld"
edd4a60b-64e1-4eba-b1ed-a252dc557194,CONSUMER,1400,1,did:web:ssi-dim-wallet-service.identity:BPNL00000003AYRE,9b423bcf-1eda-41aa-80fc-41dd58387d69,1791548094402,1791549766750,1791549766750,"Failed to send verification to provider: {""@type"":""ContractNegotiationError"",""code"":""409"",""reason"":[""Cannot process ContractAgreementVerificationMessage because negotiation cannot be verified""],""@context"":[""https://w3id.org/tractusx/auth/v1.0.0"",""https://w3id.org/catenax/2025/9/policy/context.jsonld"
9f875405-5342-470e-9c72-5b024ea98166,CONSUMER,1400,1,did:web:ssi-dim-wallet-service.identity:BPNL00000003AYRE,7f600b41-5e49-47ab-835d-b845b6f45020,1791548094609,1791549766934,1791549766934,"Failed to send verification to provider: {""@type"":""ContractNegotiationError"",""code"":""409"",""reason"":[""Cannot process ContractAgreementVerificationMessage because negotiation cannot be verified""],""@context"":[""https://w3id.org/tractusx/auth/v1.0.0"",""https://w3id.org/catenax/2025/9/policy/context.jsonld"
4a7605f3-5ed1-407d-8875-7a5fe1c226f6,CONSUMER,1400,1,did:web:ssi-dim-wallet-service.identity:BPNL00000003AYRE,4e749593-7727-437a-90d5-af09d90054d0,1791548094611,1791549766945,1791549766945,"Failed to send verification to provider: {""@type"":""ContractNegotiationError"",""code"":""409"",""reason"":[""Cannot process ContractAgreementVerificationMessage because negotiation cannot be verified""],""@context"":[""https://w3id.org/tractusx/auth/v1.0.0"",""https://w3id.org/catenax/2025/9/policy/context.jsonld"
283b3be0-6eb9-4d85-9d42-5eb36cf0fb4b,CONSUMER,1400,1,did:web:ssi-dim-wallet-service.identity:BPNL00000003AYRE,86d8e451-25fe-42d3-ac37-f6b27945b4ae,1791548094738,1791549767259,1791549767259,"Failed to send verification to provider: {""@type"":""ContractNegotiationError"",""code"":""409"",""reason"":[""Cannot process ContractAgreementVerificationMessage because negotiation cannot be verified""],""@context"":[""https://w3id.org/tractusx/auth/v1.0.0"",""https://w3id.org/catenax/2025/9/policy/context.jsonld"
fd41bee6-c179-4e96-85a6-b6c147135891,CONSUMER,1400,1,did:web:ssi-dim-wallet-service.identity:BPNL00000003AYRE,fec7aa5b-a881-4285-8ee3-47373233a021,1791548094808,1791549767028,1791549767028,"Failed to send verification to provider: {""@type"":""ContractNegotiationError"",""code"":""409"",""reason"":[""Cannot process ContractAgreementVerificationMessage because negotiation cannot be verified""],""@context"":[""https://w3id.org/tractusx/auth/v1.0.0"",""https://w3id.org/catenax/2025/9/policy/context.jsonld"
06a44b9e-9f63-4b51-89be-07cdac843f16,CONSUMER,1400,1,did:web:ssi-dim-wallet-service.identity:BPNL00000003AYRE,af6e7854-e6ff-40dc-b703-afd5f69e434b,1791548095112,1791549767195,1791549767195,"Failed to send verification to provider: {""@type"":""ContractNegotiationError"",""code"":""409"",""reason"":[""Cannot process ContractAgreementVerificationMessage because negotiation cannot be verified""],""@context"":[""https://w3id.org/tractusx/auth/v1.0.0"",""https://w3id.org/catenax/2025/9/policy/context.jsonld"
995dfb9a-bb87-4199-bdd4-4c2324e2a6d6,CONSUMER,1400,1,did:web:ssi-dim-wallet-service.identity:BPNL00000003AYRE,9c947f21-3352-4372-a356-856f7dcd2c65,1791548095812,1791549767195,1791549767195,"Failed to send verification to provider: {""@type"":""ContractNegotiationError"",""code"":""409"",""reason"":[""Cannot process ContractAgreementVerificationMessage because negotiation cannot be verified""],""@context"":[""https://w3id.org/tractusx/auth/v1.0.0"",""https://w3id.org/catenax/2025/9/policy/context.jsonld"
e24b1b7c-30d7-4288-9658-5d4f9358abee,CONSUMER,1100,1,did:web:ssi-dim-wallet-service.identity:BPNL00000003AYRE,05c27984-4bc9-41cc-92c3-e9eeb07f7a7e,1791548099204,1791549793264,1791549793264,
a7367563-faea-4907-a73c-b55434c6f84e,CONSUMER,1100,1,did:web:ssi-dim-wallet-service.identity:BPNL00000003AYRE,7a19ce7a-f025-44d8-9cfc-018eef595ed9,1791548099205,1791549793438,1791549793438,
cfa686be-d6e2-4878-800b-86a74d042001,CONSUMER,1100,1,did:web:ssi-dim-wallet-service.identity:BPNL00000003AYRE,81bc5301-b925-4df9-903c-5e80a40538dd,1791548099345,1791549793264,1791549793264,
46ec2cb5-fa20-402d-9399-90689b4cad38,CONSUMER,1100,1,did:web:ssi-dim-wallet-service.identity:BPNL00000003AYRE,59feac77-ac57-411c-bf9d-31fe186dd5d3,1791548099442,1791549795510,1791549795510,
937c5ebd-40c0-414b-a537-ac6edcecbddd,CONSUMER,1100,1,did:web:ssi-dim-wallet-service.identity:BPNL00000003AYRE,99dbbf93-0231-4c62-92b8-c117f17feacb,1791548100006,1791549795595,1791549795595,
1d5dd8ba-9644-4876-adfc-21233c3cea35,CONSUMER,1100,1,did:web:ssi-dim-wallet-service.identity:BPNL00000003AYRE,5973f2e5-45fe-4c0b-82c6-642b67051a95,1791548100441,1791549736263,1791549736263,
cd5750c2-3da3-4843-b347-c395371837aa,CONSUMER,1100,1,did:web:ssi-dim-wallet-service.identity:BPNL00000003AYRE,63a7d92e-1c91-4564-9931-5e1f6502dd93,1791548100737,1791549736365,1791549736365,
4693f983-7a1e-4f62-bcbe-4bb9d612096c,CONSUMER,1400,1,did:web:ssi-dim-wallet-service.identity:BPNL00000003AYRE,41284a50-c082-4957-9342-38457962d5a7,1791548100947,1791549825616,1791549825616,"Failed to send verification to provider: {""@type"":""ContractNegotiationError"",""code"":""409"",""reason"":[""Cannot process ContractAgreementVerificationMessage because negotiation cannot be verified""],""@context"":[""https://w3id.org/tractusx/auth/v1.0.0"",""https://w3id.org/catenax/2025/9/policy/context.jsonld"
704a99ed-ece5-4271-9a28-c24b4a80caf3,CONSUMER,1400,1,did:web:ssi-dim-wallet-service.identity:BPNL00000003AYRE,14bdf08a-3018-4917-8aaf-c943358007ff,1791548101744,1791549825660,1791549825660,"Failed to send verification to provider: {""@type"":""ContractNegotiationError"",""code"":""409"",""reason"":[""Cannot process ContractAgreementVerificationMessage because negotiation cannot be verified""],""@context"":[""https://w3id.org/tractusx/auth/v1.0.0"",""https://w3id.org/catenax/2025/9/policy/context.jsonld"
6f8a0785-7de5-48a5-ad99-afd8a740a6e2,CONSUMER,1400,1,did:web:ssi-dim-wallet-service.identity:BPNL00000003AYRE,d898538b-7c70-4cf2-9429-5995a4fa1b0d,1791548102303,1791549825617,1791549825617,"Failed to send verification to provider: {""@type"":""ContractNegotiationError"",""code"":""409"",""reason"":[""Cannot process ContractAgreementVerificationMessage because negotiation cannot be verified""],""@context"":[""https://w3id.org/tractusx/auth/v1.0.0"",""https://w3id.org/catenax/2025/9/policy/context.jsonld"
944d724c-7039-457f-9737-7ea6a2bfd409,CONSUMER,1400,1,did:web:ssi-dim-wallet-service.identity:BPNL00000003AYRE,2895eebc-d5e7-47ee-95fe-7d1cb5fbe549,1791548102404,1791549825616,1791549825616,"Failed to send verification to provider: {""@type"":""ContractNegotiationError"",""code"":""409"",""reason"":[""Cannot process ContractAgreementVerificationMessage because negotiation cannot be verified""],""@context"":[""https://w3id.org/tractusx/auth/v1.0.0"",""https://w3id.org/catenax/2025/9/policy/context.jsonld"
7bd69b02-560d-458e-b825-a4cdbac52cda,CONSUMER,1400,1,did:web:ssi-dim-wallet-service.identity:BPNL00000003AYRE,75666389-cf16-4cac-8ffd-1c2c5e9cb532,1791548102504,1791549825606,1791549825606,"Failed to send verification to provider: {""@type"":""ContractNegotiationError"",""code"":""409"",""reason"":[""Cannot process ContractAgreementVerificationMessage because negotiation cannot be verified""],""@context"":[""https://w3id.org/tractusx/auth/v1.0.0"",""https://w3id.org/catenax/2025/9/policy/context.jsonld"
fe375fb4-0805-4bba-bf30-de43d3a5a5a1,CONSUMER,1400,1,did:web:ssi-dim-wallet-service.identity:BPNL00000003AYRE,52160326-fb90-4249-b336-3b5495d8f7c8,1791548102544,1791549825796,1791549825796,"Failed to send verification to provider: {""@type"":""ContractNegotiationError"",""code"":""409"",""reason"":[""Cannot process ContractAgreementVerificationMessage because negotiation cannot be verified""],""@context"":[""https://w3id.org/tractusx/auth/v1.0.0"",""https://w3id.org/catenax/2025/9/policy/context.jsonld"
5274b75f-28c4-41dd-a386-357950bc49be,CONSUMER,1400,1,did:web:ssi-dim-wallet-service.identity:BPNL00000003AYRE,5c9387fd-0dce-4d7e-80e5-708ad830bd6b,1791548102906,1791549825666,1791549825666,"Failed to send verification to provider: {""@type"":""ContractNegotiationError"",""code"":""409"",""reason"":[""Cannot process ContractAgreementVerificationMessage because negotiation cannot be verified""],""@context"":[""https://w3id.org/tractusx/auth/v1.0.0"",""https://w3id.org/catenax/2025/9/policy/context.jsonld"
735d1312-c210-489b-b4ac-f82bee4a02c5,CONSUMER,1400,1,did:web:ssi-dim-wallet-service.identity:BPNL00000003AYRE,96fba46c-69fd-4756-a47c-3ed8773ad523,1791548102938,1791549826410,1791549826410,"Failed to send verification to provider: {""@type"":""ContractNegotiationError"",""code"":""409"",""reason"":[""Cannot process ContractAgreementVerificationMessage because negotiation cannot be verified""],""@context"":[""https://w3id.org/tractusx/auth/v1.0.0"",""https://w3id.org/catenax/2025/9/policy/context.jsonld"
6b9abbcf-55c7-4cd7-977b-61cc6210cf4e,CONSUMER,1400,1,did:web:ssi-dim-wallet-service.identity:BPNL00000003AYRE,dd8d4114-e501-44a2-acaf-2440e7fc5281,1791548103037,1791549826564,1791549826564,"Failed to send verification to provider: {""@type"":""ContractNegotiationError"",""code"":""409"",""reason"":[""Cannot process ContractAgreementVerificationMessage because negotiation cannot be verified""],""@context"":[""https://w3id.org/tractusx/auth/v1.0.0"",""https://w3id.org/catenax/2025/9/policy/context.jsonld"
21ca8dea-9f6a-4368-94aa-2019497650bc,CONSUMER,1400,1,did:web:ssi-dim-wallet-service.identity:BPNL00000003AYRE,785da8be-aa96-48c0-8127-4d8d497bf74e,1791548103809,1791549826366,1791549826366,"Failed to send verification to provider: {""@type"":""ContractNegotiationError"",""code"":""409"",""reason"":[""Cannot process ContractAgreementVerificationMessage because negotiation cannot be verified""],""@context"":[""https://w3id.org/tractusx/auth/v1.0.0"",""https://w3id.org/catenax/2025/9/policy/context.jsonld"
66cc15b8-b47c-4474-af83-50ddb66d0307,CONSUMER,1400,1,did:web:ssi-dim-wallet-service.identity:BPNL00000003AYRE,8d356b73-a72f-4b7f-b60f-baae82db218e,1791548104310,1791549826557,1791549826557,"Failed to send verification to provider: {""@type"":""ContractNegotiationError"",""code"":""409"",""reason"":[""Cannot process ContractAgreementVerificationMessage because negotiation cannot be verified""],""@context"":[""https://w3id.org/tractusx/auth/v1.0.0"",""https://w3id.org/catenax/2025/9/policy/context.jsonld"
61d11510-2a17-4b58-8d81-b9d168ac745f,CONSUMER,1400,1,did:web:ssi-dim-wallet-service.identity:BPNL00000003AYRE,d2352281-634d-47d7-984b-4dc5697ff299,1791548104442,1791549826417,1791549826417,"Failed to send verification to provider: {""@type"":""ContractNegotiationError"",""code"":""409"",""reason"":[""Cannot process ContractAgreementVerificationMessage because negotiation cannot be verified""],""@context"":[""https://w3id.org/tractusx/auth/v1.0.0"",""https://w3id.org/catenax/2025/9/policy/context.jsonld"
7f7f37de-5713-4dd3-8c24-5ecb66a21519,CONSUMER,1400,1,did:web:ssi-dim-wallet-service.identity:BPNL00000003AYRE,c1a8498c-0aaf-419d-8c11-4a929a7c9dfa,1791548104609,1791549826608,1791549826608,"Failed to send verification to provider: {""@type"":""ContractNegotiationError"",""code"":""409"",""reason"":[""Cannot process ContractAgreementVerificationMessage because negotiation cannot be verified""],""@context"":[""https://w3id.org/tractusx/auth/v1.0.0"",""https://w3id.org/catenax/2025/9/policy/context.jsonld"
912e116b-3a98-44de-b902-ccb20f88837c,CONSUMER,1400,1,did:web:ssi-dim-wallet-service.identity:BPNL00000003AYRE,2fa3339c-33a2-48a0-aabb-527c979cbe33,1791548104805,1791549826619,1791549826619,"Failed to send verification to provider: {""@type"":""ContractNegotiationError"",""code"":""409"",""reason"":[""Cannot process ContractAgreementVerificationMessage because negotiation cannot be verified""],""@context"":[""https://w3id.org/tractusx/auth/v1.0.0"",""https://w3id.org/catenax/2025/9/policy/context.jsonld"
54fa645d-95e8-47ed-8844-8d343b4fee6b,CONSUMER,1400,1,did:web:ssi-dim-wallet-service.identity:BPNL00000003AYRE,f5e63df2-53c6-4b45-907b-0f13d11a0d03,1791548104909,1791549826757,1791549826757,"Failed to send verification to provider: {""@type"":""ContractNegotiationError"",""code"":""409"",""reason"":[""Cannot process ContractAgreementVerificationMessage because negotiation cannot be verified""],""@context"":[""https://w3id.org/tractusx/auth/v1.0.0"",""https://w3id.org/catenax/2025/9/policy/context.jsonld"
82f5476a-ab69-4bb5-84a3-1f30282cbee6,CONSUMER,1400,1,did:web:ssi-dim-wallet-service.identity:BPNL00000003AYRE,cae75ed7-0ffc-4473-bbd4-ced5b0b913e0,1791548105306,1791549826658,1791549826658,"Failed to send verification to provider: {""@type"":""ContractNegotiationError"",""code"":""409"",""reason"":[""Cannot process ContractAgreementVerificationMessage because negotiation cannot be verified""],""@context"":[""https://w3id.org/tractusx/auth/v1.0.0"",""https://w3id.org/catenax/2025/9/policy/context.jsonld"
b6086598-27ab-42b9-bb03-4ca041126990,CONSUMER,1400,1,did:web:ssi-dim-wallet-service.identity:BPNL00000003AYRE,e8d07739-73a5-4613-a6eb-e52311dd121d,1791548105312,1791549826859,1791549826859,"Failed to send verification to provider: {""@type"":""ContractNegotiationError"",""code"":""409"",""reason"":[""Cannot process ContractAgreementVerificationMessage because negotiation cannot be verified""],""@context"":[""https://w3id.org/tractusx/auth/v1.0.0"",""https://w3id.org/catenax/2025/9/policy/context.jsonld"
08a7db18-f57d-4618-9f74-ad95fe83b625,CONSUMER,1400,1,did:web:ssi-dim-wallet-service.identity:BPNL00000003AYRE,a785af0e-b45a-40e5-adfd-fa895f20f448,1791548105337,1791549826948,1791549826948,"Failed to send verification to provider: {""@type"":""ContractNegotiationError"",""code"":""409"",""reason"":[""Cannot process ContractAgreementVerificationMessage because negotiation cannot be verified""],""@context"":[""https://w3id.org/tractusx/auth/v1.0.0"",""https://w3id.org/catenax/2025/9/policy/context.jsonld"
bb847a3c-32c8-4cd9-a745-573d9c5daedc,CONSUMER,1400,1,did:web:ssi-dim-wallet-service.identity:BPNL00000003AYRE,2f199f1e-f398-4910-9024-440ae68d2009,1791548106306,1791549826902,1791549826902,"Failed to send verification to provider: {""@type"":""ContractNegotiationError"",""code"":""409"",""reason"":[""Cannot process ContractAgreementVerificationMessage because negotiation cannot be verified""],""@context"":[""https://w3id.org/tractusx/auth/v1.0.0"",""https://w3id.org/catenax/2025/9/policy/context.jsonld"
9a852ace-908d-4d24-a45e-83f204dcd99c,CONSUMER,1400,1,did:web:ssi-dim-wallet-service.identity:BPNL00000003AYRE,be5ac9e2-f279-44f3-b438-317d93fb0a6a,1791548106408,1791549826963,1791549826963,"Failed to send verification to provider: {""@type"":""ContractNegotiationError"",""code"":""409"",""reason"":[""Cannot process ContractAgreementVerificationMessage because negotiation cannot be verified""],""@context"":[""https://w3id.org/tractusx/auth/v1.0.0"",""https://w3id.org/catenax/2025/9/policy/context.jsonld"
296fd763-e2a7-4546-8539-ed70a2075b63,CONSUMER,1400,1,did:web:ssi-dim-wallet-service.identity:BPNL00000003AYRE,c8ff493e-51b2-4012-91b1-0e66a35aaee1,1791548106539,1791549827058,1791549827058,"Failed to send verification to provider: {""@type"":""ContractNegotiationError"",""code"":""409"",""reason"":[""Cannot process ContractAgreementVerificationMessage because negotiation cannot be verified""],""@context"":[""https://w3id.org/tractusx/auth/v1.0.0"",""https://w3id.org/catenax/2025/9/policy/context.jsonld"
feffb844-1abc-4a68-8f56-a205ee5a1b6d,CONSUMER,1400,1,did:web:ssi-dim-wallet-service.identity:BPNL00000003AYRE,df47a346-5142-4a56-9158-d9e8031b706c,1791548106712,1791549827074,1791549827074,"Failed to send termination to counter party: {""@type"":""ContractNegotiationError"",""code"":""409"",""reason"":[""Entity 09f20896-9fe8-417f-a56d-fa83c5593530 of kind edc_contract_negotiation is currently leased!""],""@context"":[""https://w3id.org/tractusx/auth/v1.0.0"",""https://w3id.org/catenax/2025/9/policy/con"
17d44810-f3ea-444f-a384-4020258c5e85,CONSUMER,1400,1,did:web:ssi-dim-wallet-service.identity:BPNL00000003AYRE,1a3d5d26-1ce9-4f91-9972-4465dda3c15b,1791548107141,1791549827212,1791549827212,"Failed to send termination to counter party: {""@type"":""ContractNegotiationError"",""code"":""409"",""reason"":[""Entity 7fd1a2af-13cf-4259-b924-4e6de197a5a1 of kind edc_contract_negotiation is currently leased!""],""@context"":[""https://w3id.org/tractusx/auth/v1.0.0"",""https://w3id.org/catenax/2025/9/policy/con"
18e05f8c-597e-4a15-95e4-e41e8dd1ec16,CONSUMER,1400,1,did:web:ssi-dim-wallet-service.identity:BPNL00000003AYRE,f4d3bee4-f809-4681-84dc-ad0962a9c98e,1791548107540,1791549827200,1791549827200,"Failed to send termination to counter party: {""@type"":""ContractNegotiationError"",""code"":""409"",""reason"":[""Entity 72708490-465c-4919-b97b-f0a2a595b7b2 of kind edc_contract_negotiation is currently leased!""],""@context"":[""https://w3id.org/tractusx/auth/v1.0.0"",""https://w3id.org/catenax/2025/9/policy/con"
26d96a0a-19d1-4876-b271-d482409ca036,CONSUMER,1400,1,did:web:ssi-dim-wallet-service.identity:BPNL00000003AYRE,778c6162-7c16-40d3-af4c-28f157193f6b,1791548107716,1791549774696,1791549774696,"Failed to send verification to provider: {""@type"":""ContractNegotiationError"",""code"":""409"",""reason"":[""Cannot process ContractAgreementVerificationMessage because negotiation cannot be verified""],""@context"":[""https://w3id.org/tractusx/auth/v1.0.0"",""https://w3id.org/catenax/2025/9/policy/context.jsonld"
784ced16-89e9-4576-a904-3197d1c62598,CONSUMER,1400,1,did:web:ssi-dim-wallet-service.identity:BPNL00000003AYRE,c456d16e-aeac-4ad3-aa05-ffdb290764bb,1791548107739,1791549827169,1791549827169,"Failed to send termination to counter party: {""@type"":""ContractNegotiationError"",""code"":""409"",""reason"":[""Entity 59b74a2b-e103-4457-9f19-217a178f949f of kind edc_contract_negotiation is currently leased!""],""@context"":[""https://w3id.org/tractusx/auth/v1.0.0"",""https://w3id.org/catenax/2025/9/policy/con"
97803f29-5407-4e2f-bcda-9da85b1dbc10,CONSUMER,1400,1,did:web:ssi-dim-wallet-service.identity:BPNL00000003AYRE,41b4467c-728a-4e1a-92d2-c6f1bab64aea,1791548107743,1791549774565,1791549774565,"Failed to send verification to provider: {""@type"":""ContractNegotiationError"",""code"":""409"",""reason"":[""Cannot process ContractAgreementVerificationMessage because negotiation cannot be verified""],""@context"":[""https://w3id.org/tractusx/auth/v1.0.0"",""https://w3id.org/catenax/2025/9/policy/context.jsonld"
84a8dcbc-4f83-4225-988d-6e7e47bbccc8,CONSUMER,1400,1,did:web:ssi-dim-wallet-service.identity:BPNL00000003AYRE,e18e11e9-d026-498e-989c-cdecdab11888,1791548108240,1791549774759,1791549774759,"Failed to send verification to provider: {""@type"":""ContractNegotiationError"",""code"":""409"",""reason"":[""Cannot process ContractAgreementVerificationMessage because negotiation cannot be verified""],""@context"":[""https://w3id.org/tractusx/auth/v1.0.0"",""https://w3id.org/catenax/2025/9/policy/context.jsonld"
331262ea-b3ec-428f-8129-f1c0bc5c2664,CONSUMER,1100,1,did:web:ssi-dim-wallet-service.identity:BPNL00000003AYRE,7bc5ec91-5605-4645-8383-107389e31215,1791548108544,1791549751697,1791549751697,
cbd630e3-62af-43db-a504-1296ac9811b6,CONSUMER,1100,1,did:web:ssi-dim-wallet-service.identity:BPNL00000003AYRE,0205629d-0172-42d4-bef4-e7892ad0fb68,1791548108636,1791549751849,1791549751849,
87627970-4d9b-43cc-a7a9-ba54f5c347b5,CONSUMER,1100,1,did:web:ssi-dim-wallet-service.identity:BPNL00000003AYRE,1694e03b-54e1-463a-bcc8-b99449c0ae76,1791548109445,1791549751928,1791549751928,
284a01e1-b217-4d30-bdf6-2142ddbd290a,CONSUMER,1100,1,did:web:ssi-dim-wallet-service.identity:BPNL00000003AYRE,6e4da100-6984-452b-ac6c-84095b0cb53c,1791548109605,1791549751995,1791549751995,
f45d92d6-1883-4019-bda8-6cabf302ceb0,CONSUMER,1100,1,did:web:ssi-dim-wallet-service.identity:BPNL00000003AYRE,b01bca2a-2b89-4b2f-ba96-af13d4e26d65,1791548109738,1791549779558,1791549779558,
9b75e298-ed42-43d1-8b7d-20d7bc039aba,CONSUMER,1100,1,did:web:ssi-dim-wallet-service.identity:BPNL00000003AYRE,a8f645b1-861c-4dc2-9126-09b7a8dcc6b4,1791548111008,1791549779558,1791549779558,
5571f6c7-b689-43ba-b55f-fb173aa7bdee,CONSUMER,1100,1,did:web:ssi-dim-wallet-service.identity:BPNL00000003AYRE,0b16139e-1d5a-4980-b0f5-8f1acf446c94,1791548111203,1791549779595,1791549779595,
cdb4d4bc-815c-4048-b728-78fae16c8c2f,CONSUMER,1100,1,did:web:ssi-dim-wallet-service.identity:BPNL00000003AYRE,2759e2df-3512-4491-8759-f1a475f59a39,1791548111311,1791549782954,1791549782954,
85b5813a-fe32-4dfc-a5bb-07310437af58,CONSUMER,1100,1,did:web:ssi-dim-wallet-service.identity:BPNL00000003AYRE,afbf8e4b-726c-4930-b845-876fcec9e516,1791548111839,1791549783082,1791549783082,
027db6b9-2386-4799-b469-734c01a49a3b,CONSUMER,1100,1,did:web:ssi-dim-wallet-service.identity:BPNL00000003AYRE,fa1ec3cd-829d-4a2d-b9f7-2689475c1612,1791548111936,1791549783221,1791549783221,
191b3d13-a363-494e-b078-91f2b05806d3,CONSUMER,1100,1,did:web:ssi-dim-wallet-service.identity:BPNL00000003AYRE,4cfdde78-ba07-463d-b17f-d5bf483e2a19,1791548113109,1791549783057,1791549783057,
cd63c98c-9787-406b-9a53-f609458840ad,CONSUMER,1100,1,did:web:ssi-dim-wallet-service.identity:BPNL00000003AYRE,16ab8447-ae04-4d73-a897-482526d78675,1791548115144,1791549783070,1791549783070,
cb8ff52a-957d-4173-a6a5-ee9049968f39,CONSUMER,1100,1,did:web:ssi-dim-wallet-service.identity:BPNL00000003AYRE,2570ab83-e8d9-40f2-8a10-102212da28c0,1791548115339,1791549783209,1791549783209,
a1b60e75-c1f6-48a9-ace6-9c90aeda83a0,CONSUMER,1100,1,did:web:ssi-dim-wallet-service.identity:BPNL00000003AYRE,5f5db542-0c57-493a-992c-9fa7d293228a,1791548115506,1791549783134,1791549783134,
aa333fce-704c-4b4e-9b58-e30729b21c97,CONSUMER,1100,1,did:web:ssi-dim-wallet-service.identity:BPNL00000003AYRE,c1dbec3f-b55c-45ce-8f0b-c0d9a1e927df,1791548115737,1791549783307,1791549783307,
ae1fbc0d-4aee-4fcd-af06-04567e849018,CONSUMER,1100,1,did:web:ssi-dim-wallet-service.identity:BPNL00000003AYRE,8fb8d3fe-0252-440a-bef7-cea588553e96,1791548115804,1791549783210,1791549783210,
d7aaff5e-2cf6-4e66-b1a4-283ea4e788d5,CONSUMER,1100,1,did:web:ssi-dim-wallet-service.identity:BPNL00000003AYRE,320eba8f-62a5-45a7-b3cf-3baf1cbdc93c,1791548115940,1791549783221,1791549783221,
4039080b-0517-40f8-bbfb-3fd4b4ecd4e7,CONSUMER,1100,1,did:web:ssi-dim-wallet-service.identity:BPNL00000003AYRE,dc763126-fe16-44a7-9cb9-b9e77d9ffef5,1791548116668,1791549783311,1791549783311,
d77ac822-e44d-4862-98b1-8774a4118131,CONSUMER,1100,1,did:web:ssi-dim-wallet-service.identity:BPNL00000003AYRE,a75b9577-f60b-4b3b-b513-da86fbc0bdf7,1791548116706,1791549783569,1791549783569,
78fd2d21-b0ba-40d8-989e-c30e47be874d,CONSUMER,1100,1,did:web:ssi-dim-wallet-service.identity:BPNL00000003AYRE,7d5f4c6f-d90d-4d42-8d86-839fe56279f8,1791548116909,1791549783729,1791549783729,
c4686740-682e-4fd2-ae45-d26920a8fd9b,CONSUMER,1100,1,did:web:ssi-dim-wallet-service.identity:BPNL00000003AYRE,d0ca9db5-2ca2-4a46-9701-d595fb9b3b32,1791548116910,1791549783764,1791549783764,
bd36d1b1-60aa-4481-ae98-c9265c115abe,CONSUMER,1100,1,did:web:ssi-dim-wallet-service.identity:BPNL00000003AYRE,fa8d00d3-e721-42cc-ab78-e19286ed755a,1791548116912,1791549783703,1791549783703,
adee0550-24b1-4bff-92ea-8a89175b854f,CONSUMER,1100,1,did:web:ssi-dim-wallet-service.identity:BPNL00000003AYRE,68a2fe7c-2416-463a-9481-16776ce134ed,1791548117204,1791549783749,1791549783749,
e7e99ab1-6518-41ac-a02f-9bbd97fc7e98,CONSUMER,1100,1,did:web:ssi-dim-wallet-service.identity:BPNL00000003AYRE,8ea822aa-0c16-4925-ac4d-8052e4646d83,1791548117542,1791549783775,1791549783775,
03d5a738-247d-454f-b775-4e9696f9b2f4,CONSUMER,1100,1,did:web:ssi-dim-wallet-service.identity:BPNL00000003AYRE,9445340c-a9a8-4c97-8de6-60864a5c69ce,1791548118007,1791549783776,1791549783776,
94758eb7-079c-40b6-b12d-c39f7704e92d,CONSUMER,1100,1,did:web:ssi-dim-wallet-service.identity:BPNL00000003AYRE,ef0f8547-9d66-4527-9421-f79f8f573ca4,1791548118142,1791549783831,1791549783831,
d916ce2d-3253-41a2-af08-b5145e5e7ae2,CONSUMER,1100,1,did:web:ssi-dim-wallet-service.identity:BPNL00000003AYRE,0b8f184c-cfbe-4595-a664-85a8ee29ecfc,1791548118912,1791549783789,1791549783789,
f5616c03-7933-436e-9bbc-d96411d8cfd1,CONSUMER,1100,1,did:web:ssi-dim-wallet-service.identity:BPNL00000003AYRE,99ee1737-e25f-4ac6-81c1-2dce4a23555d,1791548119302,1791549775096,1791549775096,
802a0984-10c5-49a5-a61e-22b47a27909c,CONSUMER,1100,1,did:web:ssi-dim-wallet-service.identity:BPNL00000003AYRE,ec466dbd-4f19-44cc-810d-a19e76c8a3ea,1791548119403,1791549774996,1791549774996,
4a3dc8eb-0c5f-4ddc-b66d-f01ee9fa9da3,CONSUMER,1100,1,did:web:ssi-dim-wallet-service.identity:BPNL00000003AYRE,89574126-1a32-4c36-8f11-6a0825c05ed9,1791548119438,1791549775151,1791549775151,
77f1a0ec-7cd9-4287-90fb-b2fe62881d2d,CONSUMER,1100,1,did:web:ssi-dim-wallet-service.identity:BPNL00000003AYRE,f883f7f6-e2b1-48b5-ae82-bdabd6c53a64,1791548120004,1791549775161,1791549775161,
bbc213b0-4497-4ae4-b510-c430bc4005ff,CONSUMER,1100,1,did:web:ssi-dim-wallet-service.identity:BPNL00000003AYRE,ae33fbe1-02b2-446c-b3fb-b29f7f1ca051,1791548120804,1791549775248,1791549775248,
0218ee11-e1eb-442c-b484-a5bef007c0ee,CONSUMER,1100,1,did:web:ssi-dim-wallet-service.identity:BPNL00000003AYRE,2d99b374-7bf4-438b-b1f7-07aaf996a1b5,1791548121106,1791549775345,1791549775345,
cdfe189b-718d-4250-9b2a-a1aaaa133614,CONSUMER,1100,1,did:web:ssi-dim-wallet-service.identity:BPNL00000003AYRE,1dd076fb-e327-4dfd-b45f-8db2dc05d9b3,1791548121111,1791549775466,1791549775466,
fa5442a4-5a79-482e-aa19-df548ead7672,CONSUMER,1100,1,did:web:ssi-dim-wallet-service.identity:BPNL00000003AYRE,c2b1009c-8876-47df-9469-7a07e886c2fa,1791548121504,1791549775315,1791549775315,
c9f7a794-c5ab-4250-93ae-0272fb2a847e,CONSUMER,1100,1,did:web:ssi-dim-wallet-service.identity:BPNL00000003AYRE,1ba4e220-272f-4ac1-9c89-81ce461456fb,1791548122502,1791549775445,1791549775445,
7430307a-add4-4b33-a2c8-4e075efbe9e1,CONSUMER,1100,1,did:web:ssi-dim-wallet-service.identity:BPNL00000003AYRE,8b0fccf3-18b2-4732-9a6c-ea0008704383,1791548122854,1791549775413,1791549775413,
db01df68-404b-4d86-a5db-16f206fa07e8,CONSUMER,1100,1,did:web:ssi-dim-wallet-service.identity:BPNL00000003AYRE,b6680c4c-fa24-4c63-a78e-327659c2c15f,1791548123042,1791549775547,1791549775547,
90acebb0-a17e-4b47-83b3-4fcc979f48b0,CONSUMER,1100,1,did:web:ssi-dim-wallet-service.identity:BPNL00000003AYRE,c7200509-9f73-417a-94f1-e32ae3fcd4da,1791548123142,1791549775546,1791549775546,
83522edc-401d-4420-b8e3-14c836728cb6,CONSUMER,1100,1,did:web:ssi-dim-wallet-service.identity:BPNL00000003AYRE,293d733d-c0aa-45fa-9898-4a81b2ecaa4f,1791548123146,1791549775545,1791549775545,
aa719a4c-3074-4b70-b6c3-f54b3943bc62,CONSUMER,1100,1,did:web:ssi-dim-wallet-service.identity:BPNL00000003AYRE,4e4782e0-75eb-47a7-bc7f-f59076d84c80,1791548124841,1791549775695,1791549775695,
32821d5e-248c-46e1-8f6e-81911cd72f34,CONSUMER,1100,1,did:web:ssi-dim-wallet-service.identity:BPNL00000003AYRE,4042e12d-a0c2-4c0e-8f10-e877889f78bd,1791548125138,1791549775713,1791549775713,
875d030e-2b7e-4e15-bc00-9d944ad7969b,CONSUMER,1100,1,did:web:ssi-dim-wallet-service.identity:BPNL00000003AYRE,39d8d73a-de9b-44a4-aa42-0bc822835c3b,1791548125203,1791549775704,1791549775704,
f7b1f679-e66d-40a0-96b1-c87bc1388de6,CONSUMER,1100,1,did:web:ssi-dim-wallet-service.identity:BPNL00000003AYRE,e752ab05-46f1-4742-ae64-041f22229329,1791548125640,1791549775795,1791549775795,
72dabccd-f12b-4e33-82b6-668ae00e0571,CONSUMER,1100,1,did:web:ssi-dim-wallet-service.identity:BPNL00000003AYRE,4704deb1-752d-45ab-9b54-eb02cd3dc0aa,1791548126004,1791549775746,1791549775746,
3b6df636-b2f4-4f1c-af05-da60d34e645b,CONSUMER,1100,1,did:web:ssi-dim-wallet-service.identity:BPNL00000003AYRE,1b1ac484-2c56-4bc9-a9e7-18359287c0f4,1791548126548,1791549775695,1791549775695,
305cad43-aa65-40f8-9171-899abd6e4c84,CONSUMER,1100,1,did:web:ssi-dim-wallet-service.identity:BPNL00000003AYRE,ec595219-e947-4a9d-a6d4-33df583a5d0b,1791548126817,1791549779555,1791549779555,
fe165fb0-c1ca-4d09-8deb-d693e77f8e8d,CONSUMER,1100,1,did:web:ssi-dim-wallet-service.identity:BPNL00000003AYRE,9b743acd-06ca-426a-bfeb-1ac0e6cbb3c6,1791548127036,1791549775772,1791549775772,
db84d2b9-2485-410a-b49f-e70e138b283e,CONSUMER,1100,1,did:web:ssi-dim-wallet-service.identity:BPNL00000003AYRE,39807a52-e600-4c99-bdb4-e8344b705b69,1791548127109,1791549779595,1791549779595,
8650c561-407c-4839-adba-834ac747d5fb,CONSUMER,1400,1,did:web:ssi-dim-wallet-service.identity:BPNL00000003AYRE,b35a69b1-04d3-4d4a-a9ef-4d367233603b,1791548128805,1791549780736,1791549780736,"Failed to send termination to counter party: {""@type"":""ContractNegotiationError"",""code"":""409"",""reason"":[""Entity 62a27bb8-e15e-45ca-b016-7746b22be486 of kind edc_contract_negotiation is currently leased!""],""@context"":[""https://w3id.org/tractusx/auth/v1.0.0"",""https://w3id.org/catenax/2025/9/policy/con"
eb43b008-5672-464d-8203-572ef3b0408a,CONSUMER,1100,1,did:web:ssi-dim-wallet-service.identity:BPNL00000003AYRE,66a3a6e8-a717-40a0-a763-0e897398b06e,1791548128811,1791549779670,1791549779670,
f31dbd58-2fe2-4594-8935-7b18f3fe2d79,CONSUMER,1400,1,did:web:ssi-dim-wallet-service.identity:BPNL00000003AYRE,4e3156b9-17bd-4184-becb-83a9d6c71a28,1791548129106,1791549780758,1791549780758,"Failed to send termination to counter party: {""@type"":""ContractNegotiationError"",""code"":""409"",""reason"":[""Entity 39aa8991-6a7c-4c3b-8880-650a8773aed0 of kind edc_contract_negotiation is currently leased!""],""@context"":[""https://w3id.org/tractusx/auth/v1.0.0"",""https://w3id.org/catenax/2025/9/policy/con"
a104a3e8-e8fa-47a2-8785-57fd450abec3,CONSUMER,1100,1,did:web:ssi-dim-wallet-service.identity:BPNL00000003AYRE,5956405b-949e-4841-b0a1-cccd6bb44526,1791548129206,1791549830951,1791549830951,
fd25183d-5fe3-43b9-962f-c2a7c7e6cc1e,CONSUMER,1100,1,did:web:ssi-dim-wallet-service.identity:BPNL00000003AYRE,6a458fe1-3d09-438c-8e08-dc0ead509d6b,1791548129707,1791549831128,1791549831128,
c4f7c76b-eff4-4646-b79d-85020fa86535,CONSUMER,1100,1,did:web:ssi-dim-wallet-service.identity:BPNL00000003AYRE,5314847a-4f81-4938-b907-cabe40e2c30d,1791548129804,1791549831045,1791549831045,
ccc8d532-1cda-4479-a32d-431600ad8c34,CONSUMER,1100,1,did:web:ssi-dim-wallet-service.identity:BPNL00000003AYRE,8b44f68c-a9fc-4172-8852-f0f5d9028edd,1791548129918,1791549831095,1791549831095,
c4f67934-bdd6-4712-8290-7447f1a479a6,CONSUMER,1100,1,did:web:ssi-dim-wallet-service.identity:BPNL00000003AYRE,a192c242-025a-451f-a265-ab399da5998c,1791548130039,1791549831046,1791549831046,
2f04e596-b699-4f07-820e-21d7567320db,CONSUMER,1100,1,did:web:ssi-dim-wallet-service.identity:BPNL00000003AYRE,f9c6e97f-11e5-43d2-ac9a-8a625319351b,1791548130744,1791549831115,1791549831115,
dea4da35-4093-439c-9c55-34655107054a,CONSUMER,1100,1,did:web:ssi-dim-wallet-service.identity:BPNL00000003AYRE,a4582eb2-7317-4334-b6d9-0c91d8229e2f,1791548131442,1791549831121,1791549831121,
6f6624bd-949c-4cb0-a569-7a1039f9a2e0,CONSUMER,1100,1,did:web:ssi-dim-wallet-service.identity:BPNL00000003AYRE,974a2b46-94d4-48b9-8c98-8f89a2f81037,1791548131604,1791549831150,1791549831150,
f223577d-5b00-4972-8bce-1181c3aea908,CONSUMER,1100,1,did:web:ssi-dim-wallet-service.identity:BPNL00000003AYRE,89855d9f-1eec-4680-afe2-fab2cab41e6d,1791548132439,1791549832196,1791549832196,
8532fb1d-1b22-491c-b3f2-b1088554be44,CONSUMER,1100,1,did:web:ssi-dim-wallet-service.identity:BPNL00000003AYRE,28d9c7fa-9c82-44a5-ba40-2412f8ee735d,1791548132807,1791549832195,1791549832195,
81351d33-d41c-4fe8-99e8-f2448c83a148,CONSUMER,1100,1,did:web:ssi-dim-wallet-service.identity:BPNL00000003AYRE,d2634107-e910-4c27-b77b-ee1b37f6d12f,1791548132836,1791549832497,1791549832497,
8faa532e-1217-4d90-8037-c5c9e9f7c2a4,CONSUMER,1100,1,did:web:ssi-dim-wallet-service.identity:BPNL00000003AYRE,6d0c4f28-7dcc-45e4-9dee-5e5ee1559cd6,1791548132840,1791549832409,1791549832409,
6482d735-85fe-4155-955e-394308457233,CONSUMER,1100,1,did:web:ssi-dim-wallet-service.identity:BPNL00000003AYRE,7d3adb00-5ebf-4b41-9241-5c170d29c334,1791548132940,1791549833240,1791549833240,
52755bb4-de47-4749-a3e8-121848409937,CONSUMER,1100,1,did:web:ssi-dim-wallet-service.identity:BPNL00000003AYRE,e1087006-9457-4e13-a822-abe440a641d7,1791548133110,1791549832508,1791549832508,
1bf70079-85ed-4a1b-bb0c-1e70279d7a24,CONSUMER,1100,1,did:web:ssi-dim-wallet-service.identity:BPNL00000003AYRE,cef9b61d-e5f3-4ad0-a921-f5d9892a52b1,1791548133241,1791549832505,1791549832505,
2274bf75-65a8-428c-9d3c-ff2b9a14a520,CONSUMER,1100,1,did:web:ssi-dim-wallet-service.identity:BPNL00000003AYRE,90b3e4ad-5b9e-434c-bc99-952004e62491,1791548133542,1791549833395,1791549833395,
0ebacafe-0290-4cc4-8083-55c3f1a27692,CONSUMER,1100,1,did:web:ssi-dim-wallet-service.identity:BPNL00000003AYRE,81e98ca4-9a2f-4412-a09b-35e874bab3e5,1791548133642,1791549833355,1791549833355,
fcdc4cfa-46e9-48a0-9d37-f0397e2b0a28,CONSUMER,1100,1,did:web:ssi-dim-wallet-service.identity:BPNL00000003AYRE,a2a5b704-b6b8-47d4-bfce-738277776833,1791548133907,1791549833329,1791549833329,
6072a20a-a280-40dd-b948-86057fbe2787,CONSUMER,1100,1,did:web:ssi-dim-wallet-service.identity:BPNL00000003AYRE,27389ebd-4c96-4c15-8169-6945e77e673c,1791548135003,1791549833711,1791549833711,
846aab19-8a7a-48a7-a42f-c581dce4f677,CONSUMER,1100,1,did:web:ssi-dim-wallet-service.identity:BPNL00000003AYRE,e1581d1d-f562-4abd-ad15-a7318aa1b60d,1791548135110,1791549833562,1791549833562,
c246c618-a32f-4de5-bff2-f62c08fa2a9e,CONSUMER,1100,1,did:web:ssi-dim-wallet-service.identity:BPNL00000003AYRE,9c9459f1-fe2d-4849-8af1-e5ad9cc092c3,1791548135550,1791549833711,1791549833711,
cf07c5bf-f0e8-4c66-b741-c08a800377f7,CONSUMER,1100,1,did:web:ssi-dim-wallet-service.identity:BPNL00000003AYRE,8917956f-8d7e-48f4-b86d-12fa3032f942,1791548135856,1791549833453,1791549833453,
f24c957f-5f3a-4a59-9d49-e6de1bd24817,CONSUMER,1100,1,did:web:ssi-dim-wallet-service.identity:BPNL00000003AYRE,81cc9a16-7e52-4a0e-98da-5a6ca921700a,1791548137004,1791549833706,1791549833706,
2c8e0388-fca2-420d-a867-608de42cf157,CONSUMER,1100,1,did:web:ssi-dim-wallet-service.identity:BPNL00000003AYRE,58d30469-78a8-4887-bada-c821e8396dfa,1791548137306,1791549833713,1791549833713,
985f8c12-3671-4bc5-9c9f-a8a5fae190b6,CONSUMER,1100,1,did:web:ssi-dim-wallet-service.identity:BPNL00000003AYRE,9548996f-abdf-441f-aba7-d5ad90983e98,1791548138104,1791549834058,1791549834058,
061e6342-5a3c-446c-9221-01171ad70f76,CONSUMER,1100,1,did:web:ssi-dim-wallet-service.identity:BPNL00000003AYRE,cd8452c3-568d-44cc-a890-f91e968254ba,1791548138146,1791549833753,1791549833753,
4e4edcd1-434d-4ca1-a987-47a1592e237f,CONSUMER,1100,1,did:web:ssi-dim-wallet-service.identity:BPNL00000003AYRE,137569dc-1db5-41dd-9329-94b8a0c2d052,1791548138338,1791549834058,1791549834058,
b3890974-3663-46fc-ab5a-989c4abbddeb,CONSUMER,1100,1,did:web:ssi-dim-wallet-service.identity:BPNL00000003AYRE,9911e170-afa9-40bc-a099-d620df2a6e26,1791548138339,1791549833901,1791549833901,
c386d417-2ef2-4ddc-bdbb-8678fd390a18,CONSUMER,1100,1,did:web:ssi-dim-wallet-service.identity:BPNL00000003AYRE,a4feec3e-ee0f-4627-a59f-9d72d5bdbf52,1791548138813,1791549784704,1791549784704,
777328cb-1162-4208-af70-d52409bc1c64,CONSUMER,1100,1,did:web:ssi-dim-wallet-service.identity:BPNL00000003AYRE,0be8cf90-987d-4ca7-9e0a-36856c271b52,1791548139437,1791549835234,1791549835234,
e63b3dd3-7f2c-4728-98c0-dfe07ec75e42,CONSUMER,1100,1,did:web:ssi-dim-wallet-service.identity:BPNL00000003AYRE,609f1818-2430-48f4-aedc-3544e544ccc6,1791548139809,1791549835263,1791549835263,
b8a26123-33b8-485f-b7a5-4f07563f3799,CONSUMER,1100,1,did:web:ssi-dim-wallet-service.identity:BPNL00000003AYRE,4e5b6364-6cba-4eb1-a4cd-18b39911868e,1791548139903,1791549834946,1791549834946,
a9f35379-a83b-40f6-b264-ace7471abff0,CONSUMER,1100,1,did:web:ssi-dim-wallet-service.identity:BPNL00000003AYRE,481b9f00-b536-4608-a353-8673a151c7d9,1791548139938,1791549835252,1791549835252,
10a271bb-4427-4e7c-8adc-ccc782188806,CONSUMER,1100,1,did:web:ssi-dim-wallet-service.identity:BPNL00000003AYRE,87f85da8-823c-402a-9ff2-ec6e6d285aa3,1791548140012,1791549835252,1791549835252,
e6a142ba-0a23-4326-9d82-3e945eaca3ff,CONSUMER,1100,1,did:web:ssi-dim-wallet-service.identity:BPNL00000003AYRE,8827b55c-ade2-4a4c-8faf-a2ddd4b08434,1791548140038,1791549835245,1791549835245,
e5b4001d-f46f-4eb3-81fc-132731148041,CONSUMER,1100,1,did:web:ssi-dim-wallet-service.identity:BPNL00000003AYRE,fd22100b-77a6-4106-9868-188b2a2f3848,1791548140414,1791549835406,1791549835406,
0e7604ad-0d91-49d3-880f-bc52dc408f89,CONSUMER,1100,1,did:web:ssi-dim-wallet-service.identity:BPNL00000003AYRE,3e78d3a0-a860-422c-b0c9-a9cab625a030,1791548140811,1791549835496,1791549835496,
fcb52a53-42b4-416f-be7a-add59c1d54e5,CONSUMER,1100,1,did:web:ssi-dim-wallet-service.identity:BPNL00000003AYRE,c42c388e-d4ab-450b-bd43-1c086644e96b,1791548141339,1791549835446,1791549835446,
c2214e75-cc76-4078-8c95-8f9821488dce,CONSUMER,1100,1,did:web:ssi-dim-wallet-service.identity:BPNL00000003AYRE,573d77ba-82b4-41f4-bdae-7593c1592071,1791548141648,1791549835446,1791549835446,
b825f2eb-3cd8-4d55-9fa8-2eb9371d0f86,CONSUMER,1100,1,did:web:ssi-dim-wallet-service.identity:BPNL00000003AYRE,fd71013d-51b4-49af-9564-3af3dcdee6f7,1791548141944,1791549835547,1791549835547,
0af5b57e-1d45-4bf7-a15c-2227782f65d5,CONSUMER,1100,1,did:web:ssi-dim-wallet-service.identity:BPNL00000003AYRE,bee06d01-9066-4c26-b4a7-26af947db692,1791548142541,1791549835607,1791549835607,
6f151131-645c-4440-a33b-670800c4254e,CONSUMER,1100,1,did:web:ssi-dim-wallet-service.identity:BPNL00000003AYRE,92aa6f5a-0dbe-4ba6-9c97-0cec57c6baf4,1791548142638,1791549835614,1791549835614,
3f77e3f4-5448-4f4e-ae48-f935bc270e79,CONSUMER,1100,1,did:web:ssi-dim-wallet-service.identity:BPNL00000003AYRE,32ec3803-1176-4259-b496-50eaffa6b168,1791548143404,1791549835847,1791549835847,
f7fe17e2-5ef3-4432-9417-34d48c0a96c7,CONSUMER,1100,1,did:web:ssi-dim-wallet-service.identity:BPNL00000003AYRE,9c60cb90-0deb-454d-b70c-7523e409dd38,1791548143422,1791549835745,1791549835745,
9e0a69bd-ed44-47c7-a132-3c3cfc8df3d9,CONSUMER,1100,1,did:web:ssi-dim-wallet-service.identity:BPNL00000003AYRE,4c3ad470-3259-46ed-8d02-c0a51e301e59,1791548143509,1791549835711,1791549835711,
c4f24b23-a6aa-4642-a8fd-2fe66588c6a4,CONSUMER,1100,1,did:web:ssi-dim-wallet-service.identity:BPNL00000003AYRE,e5b73b69-4ef0-4cf4-b6d5-b1ba07b31099,1791548143714,1791549835845,1791549835845,
a75e3f80-cacf-4d2d-b433-b09933c9f8ac,CONSUMER,1100,1,did:web:ssi-dim-wallet-service.identity:BPNL00000003AYRE,292d35a5-0ba0-4c0e-9cdf-a147d6936663,1791548143944,1791549835808,1791549835808,
86147906-e585-4cd6-89c3-6e84114ad3a8,CONSUMER,1100,1,did:web:ssi-dim-wallet-service.identity:BPNL00000003AYRE,e8801b5e-bac6-42a5-bd66-4c9d1492f6cc,1791548144003,1791549836046,1791549836046,
7100d289-e54a-4953-91c9-a15dd0e9ec1b,CONSUMER,1100,1,did:web:ssi-dim-wallet-service.identity:BPNL00000003AYRE,7e749fc1-3a3c-4644-ad28-6f1c3f7f2631,1791548144109,1791549788497,1791549788497,
0c1718c0-0ab8-42f1-90c8-93560ab44bc9,CONSUMER,1100,1,did:web:ssi-dim-wallet-service.identity:BPNL00000003AYRE,052df5d2-a790-4bbf-ab5d-c0223dc64c91,1791548144307,1791549788596,1791549788596,
ff40ddd9-4bc6-4521-9e38-ea3e297bd31e,CONSUMER,1100,1,did:web:ssi-dim-wallet-service.identity:BPNL00000003AYRE,b87f6de1-9de7-4ae7-8d00-dc7f5b130c65,1791548144507,1791549788613,1791549788613,
ff971562-ecac-49c7-8e1d-f506faacd7b1,CONSUMER,1400,1,did:web:ssi-dim-wallet-service.identity:BPNL00000003AYRE,2c0c9fa5-2c91-4f1f-9211-25767d23980c,1791548144543,1791549790451,1791549790451,"Failed to send termination to counter party: {""@type"":""ContractNegotiationError"",""code"":""409"",""reason"":[""Entity 23c324e9-929a-4278-b741-3d3dceeddb7d of kind edc_contract_negotiation is currently leased!""],""@context"":[""https://w3id.org/tractusx/auth/v1.0.0"",""https://w3id.org/catenax/2025/9/policy/con"
d9047130-a560-474e-ac4f-0dfda4214374,CONSUMER,1400,1,did:web:ssi-dim-wallet-service.identity:BPNL00000003AYRE,b54b8359-3891-4364-9f3f-950853a607c2,1791548144705,1791549790639,1791549790639,"Failed to send termination to counter party: {""@type"":""ContractNegotiationError"",""code"":""409"",""reason"":[""Entity fe62e833-eb35-45c0-8e51-56b9815bd272 of kind edc_contract_negotiation is currently leased!""],""@context"":[""https://w3id.org/tractusx/auth/v1.0.0"",""https://w3id.org/catenax/2025/9/policy/con"
0276c471-3ff3-40c5-b407-320d96b3e00b,CONSUMER,1400,1,did:web:ssi-dim-wallet-service.identity:BPNL00000003AYRE,d80df1bf-6f8f-4201-94f9-53fcfc308641,1791548144815,1791549790473,1791549790473,"Failed to send termination to counter party: {""@type"":""ContractNegotiationError"",""code"":""409"",""reason"":[""Entity f3996e22-288b-4b46-bf79-b0743e26ce53 of kind edc_contract_negotiation is currently leased!""],""@context"":[""https://w3id.org/tractusx/auth/v1.0.0"",""https://w3id.org/catenax/2025/9/policy/con"
f14aa3fc-e4ac-4547-8aa7-cf015cb232c1,CONSUMER,1400,1,did:web:ssi-dim-wallet-service.identity:BPNL00000003AYRE,4fa81d57-d11c-4b40-826c-3ca645d2f009,1791548145006,1791549790472,1791549790472,"Failed to send termination to counter party: {""@type"":""ContractNegotiationError"",""code"":""409"",""reason"":[""Entity 3b0b1547-e109-4a0c-b958-f98a69a94b67 of kind edc_contract_negotiation is currently leased!""],""@context"":[""https://w3id.org/tractusx/auth/v1.0.0"",""https://w3id.org/catenax/2025/9/policy/con"
af7ac01c-77e4-491b-8330-37a800437b68,CONSUMER,1400,1,did:web:ssi-dim-wallet-service.identity:BPNL00000003AYRE,7d824c3e-81e5-4042-97b0-95800734320f,1791548145337,1791549790472,1791549790472,"Failed to send termination to counter party: {""@type"":""ContractNegotiationError"",""code"":""409"",""reason"":[""Entity e21fefbf-027f-4ed7-ab81-caeb2806e7d1 of kind edc_contract_negotiation is currently leased!""],""@context"":[""https://w3id.org/tractusx/auth/v1.0.0"",""https://w3id.org/catenax/2025/9/policy/con"
615f96f4-d847-4577-9a17-7dfad478d5e3,CONSUMER,1100,1,did:web:ssi-dim-wallet-service.identity:BPNL00000003AYRE,c9a6d584-576b-46c5-8482-57e32a662d0a,1791548145606,1791549789135,1791549789135,
197e5886-9a1e-43e1-8f4b-18ed6dff0049,CONSUMER,1100,1,did:web:ssi-dim-wallet-service.identity:BPNL00000003AYRE,709d233f-4936-45d6-923d-58d1b241f295,1791548145607,1791549788974,1791549788974,
22badf51-7111-4d33-88c2-14be14fcf287,CONSUMER,1100,1,did:web:ssi-dim-wallet-service.identity:BPNL00000003AYRE,29e064b5-e3b4-45ca-ad5a-84cac2cb0654,1791548145611,1791549789165,1791549789165,
55eb9955-abdf-4df1-be4b-a232a37a18cb,CONSUMER,1100,1,did:web:ssi-dim-wallet-service.identity:BPNL00000003AYRE,7c8c67e9-5e77-414e-8a4a-6f434f4c3e7e,1791548145804,1791549789173,1791549789173,
13a8d43c-89d8-44a3-bb6b-132de28fd9bd,CONSUMER,1100,1,did:web:ssi-dim-wallet-service.identity:BPNL00000003AYRE,11b627ce-c36d-449b-9f56-dcf25d572e48,1791548145808,1791549789295,1791549789295,
5a9fd8da-f6df-4291-b7d3-107e73120e73,CONSUMER,1100,1,did:web:ssi-dim-wallet-service.identity:BPNL00000003AYRE,723b549e-7670-4e04-87c5-532cf557e3e7,1791548145908,1791549789458,1791549789458,
97a20335-f8a5-4397-b230-3a2fe5300ad5,CONSUMER,1100,1,did:web:ssi-dim-wallet-service.identity:BPNL00000003AYRE,523ace95-8ca3-4050-9795-e9d0c288650c,1791548146322,1791549789435,1791549789435,
be75b53a-ea97-4f4b-96ce-c087c4c827f8,CONSUMER,1100,1,did:web:ssi-dim-wallet-service.identity:BPNL00000003AYRE,d8d774bf-4319-4353-82ef-7c04a9421706,1791548146336,1791549789373,1791549789373,
6b8487a8-509d-46fd-923d-6466cd4d4533,CONSUMER,1100,1,did:web:ssi-dim-wallet-service.identity:BPNL00000003AYRE,bab49239-3d97-4a80-a079-f4abef585de9,1791548146807,1791549789356,1791549789356,
66745494-802b-432c-b7ee-25edf12bb734,CONSUMER,1100,1,did:web:ssi-dim-wallet-service.identity:BPNL00000003AYRE,e80d7267-f1f9-4d04-88db-f2122c2106c6,1791548146811,1791549789482,1791549789482,
0ecaa355-2945-4cff-b8d0-58dada24618d,CONSUMER,1100,1,did:web:ssi-dim-wallet-service.identity:BPNL00000003AYRE,68d5a23e-322c-4c44-a2b7-18036bb1f879,1791548146814,1791549789482,1791549789482,
9e22ca17-9c21-4e6b-ae80-4d73f1a270d4,CONSUMER,1100,1,did:web:ssi-dim-wallet-service.identity:BPNL00000003AYRE,4abdc127-c103-4e60-967b-9df6e74ec32c,1791548146839,1791549789482,1791549789482,
adb29ca6-0de7-4699-adbe-d57e28fa342b,CONSUMER,1100,1,did:web:ssi-dim-wallet-service.identity:BPNL00000003AYRE,70745788-e7b4-4f44-8f5b-7e098fc75e81,1791548146841,1791549790844,1791549790844,
52116d8c-c350-4e49-8619-7b1fa8483a68,CONSUMER,1100,1,did:web:ssi-dim-wallet-service.identity:BPNL00000003AYRE,c0575392-7cc2-4fe2-9b0b-acdd7b562d64,1791548147302,1791549790937,1791549790937,
94bc1eda-18a4-423a-a924-8ea592c6a5ed,CONSUMER,1100,1,did:web:ssi-dim-wallet-service.identity:BPNL00000003AYRE,28bac384-c0bf-4cf6-88c0-113dbaab6a57,1791548147309,1791549790904,1791549790904,
9411481c-3687-4aa0-92b0-0ad22e9a98e3,CONSUMER,1100,1,did:web:ssi-dim-wallet-service.identity:BPNL00000003AYRE,ee036fe8-d67e-4dea-abf1-90bb944fda31,1791548147433,1791549790964,1791549790964,
7b740731-fc7c-4936-b579-179992c190b1,CONSUMER,1100,1,did:web:ssi-dim-wallet-service.identity:BPNL00000003AYRE,9db10235-7478-4e75-9e24-279bd2984788,1791548147505,1791549764470,1791549764470,
def28e1f-fe36-4a8e-ba11-782bc605028d,CONSUMER,1100,1,did:web:ssi-dim-wallet-service.identity:BPNL00000003AYRE,152e4eaf-a737-4064-b7b6-9f3b4ba47ff2,1791548147538,1791549764257,1791549764257,
b1cd6f98-111c-49af-ae39-90c9db81cbeb,CONSUMER,1100,1,did:web:ssi-dim-wallet-service.identity:BPNL00000003AYRE,5ce73e7d-81e6-4410-9e63-699ed856b5e9,1791548147638,1791549764334,1791549764334,
eb13e02f-994c-4778-aaab-1740e77911b2,CONSUMER,1100,1,did:web:ssi-dim-wallet-service.identity:BPNL00000003AYRE,abc1c51c-da46-4b51-8aad-81d29e60a6c0,1791548147809,1791549757132,1791549757132,
46381702-cdfb-4ced-8269-1c7650fbb0e7,CONSUMER,1100,1,did:web:ssi-dim-wallet-service.identity:BPNL00000003AYRE,07c7db0b-7ade-4f4b-9eca-a2f3c3e878aa,1791548147840,1791549757057,1791549757057,
4025d2c2-7472-4ea0-a7c0-7eb4b0a81afd,CONSUMER,1100,1,did:web:ssi-dim-wallet-service.identity:BPNL00000003AYRE,9024abac-15e4-48cf-b084-184ad47a02b2,1791548148212,1791549757330,1791549757330,
6eca1e83-0762-4537-8d65-64e75a8a84ad,CONSUMER,1100,1,did:web:ssi-dim-wallet-service.identity:BPNL00000003AYRE,62cb4830-6755-4f95-b627-8c95e3d51157,1791548148304,1791549757300,1791549757300,
ea0df415-ba2e-489d-9be0-d64709135cef,CONSUMER,1100,1,did:web:ssi-dim-wallet-service.identity:BPNL00000003AYRE,271ccbc8-5790-46af-b22f-b6bf5f1288b2,1791548148305,1791549757360,1791549757360,
ca8e0615-a294-4580-8e5f-3ea6979c45ee,CONSUMER,1100,1,did:web:ssi-dim-wallet-service.identity:BPNL00000003AYRE,50834ccc-dedd-41cd-9cf1-f56554aa9bf3,1791548148452,1791549757657,1791549757657,
21c73712-221f-4c2e-87dd-eed88bb51f81,CONSUMER,1100,1,did:web:ssi-dim-wallet-service.identity:BPNL00000003AYRE,d8e7b047-4696-474c-9735-fe863c95704f,1791548148506,1791549757628,1791549757628,
0a86487e-686e-44bc-8cba-9f6a705a0e71,CONSUMER,1100,1,did:web:ssi-dim-wallet-service.identity:BPNL00000003AYRE,9a98235f-7ba3-404e-ac04-a0bfb5973d84,1791548148516,1791549757360,1791549757360,
808fad5f-a293-4b6c-be8e-793859dcdb83,CONSUMER,1100,1,did:web:ssi-dim-wallet-service.identity:BPNL00000003AYRE,b6eb3362-7018-448b-bbda-626936bb8927,1791548148737,1791549757945,1791549757945,
be77d5b0-62a6-4597-b850-028b0fb094a0,CONSUMER,1100,1,did:web:ssi-dim-wallet-service.identity:BPNL00000003AYRE,0d4c145f-e953-4e5c-a1fe-98b2e67c4bf8,1791548148738,1791549757996,1791549757996,
862eddf5-dfb4-448c-906e-870b20f9909a,CONSUMER,1100,1,did:web:ssi-dim-wallet-service.identity:BPNL00000003AYRE,078129e6-b539-4ccd-b261-6fa1d0f4c053,1791548148807,1791549757548,1791549757548,
10976e1f-8137-49cf-96d1-784d2cb09869,CONSUMER,1100,1,did:web:ssi-dim-wallet-service.identity:BPNL00000003AYRE,8f4b394b-2a0f-40d2-b59a-e02f36b51e91,1791548148809,1791549757902,1791549757902,
c3c14394-a224-43c1-a7f6-5ea63e73379d,CONSUMER,1100,1,did:web:ssi-dim-wallet-service.identity:BPNL00000003AYRE,dcc05df9-5b10-4abd-ac22-920bb41949e6,1791548148811,1791549757774,1791549757774,
058858d7-5286-4298-9749-1516418c587d,CONSUMER,1100,1,did:web:ssi-dim-wallet-service.identity:BPNL00000003AYRE,145dec26-d3ef-4a40-a681-e0417f2e20b2,1791548148814,1791549758001,1791549758001,
8a64e67d-c9b0-423d-a671-73bc917efb4e,CONSUMER,1100,1,did:web:ssi-dim-wallet-service.identity:BPNL00000003AYRE,f958ad9a-cd6a-4b11-943f-3a3fd2926048,1791548148837,1791549758007,1791549758007,
24b60163-7d34-436f-becb-177c1230285b,CONSUMER,1100,1,did:web:ssi-dim-wallet-service.identity:BPNL00000003AYRE,60dd461b-7e52-44d2-ae36-4a13debc035e,1791548148905,1791549757995,1791549757995,
dc431fad-5508-4868-990c-7dc4b5f6d2bd,CONSUMER,1400,1,did:web:ssi-dim-wallet-service.identity:BPNL00000003AYRE,cf22b6ee-347a-4070-a9b6-08697193f0f1,1791548149037,1791549777516,1791549777516,"Failed to send verification to provider: {""@type"":""ContractNegotiationError"",""code"":""409"",""reason"":[""Cannot process ContractAgreementVerificationMessage because negotiation cannot be verified""],""@context"":[""https://w3id.org/tractusx/auth/v1.0.0"",""https://w3id.org/catenax/2025/9/policy/context.jsonld"
ea51a87b-69c0-45dd-a1c1-ebfd48ceacf3,CONSUMER,1400,1,did:web:ssi-dim-wallet-service.identity:BPNL00000003AYRE,cbf2a04f-87ec-498d-a424-7ff9888df9bf,1791548149638,1791549777514,1791549777514,"Failed to send verification to provider: {""@type"":""ContractNegotiationError"",""code"":""409"",""reason"":[""Cannot process ContractAgreementVerificationMessage because negotiation cannot be verified""],""@context"":[""https://w3id.org/tractusx/auth/v1.0.0"",""https://w3id.org/catenax/2025/9/policy/context.jsonld"
b233c81e-adbc-421c-b164-57a6ff1e738c,CONSUMER,1400,1,did:web:ssi-dim-wallet-service.identity:BPNL00000003AYRE,bad15b81-ea7f-414c-8ff4-260277e5c190,1791548149938,1791549778994,1791549778994,"Failed to send verification to provider: {""@type"":""ContractNegotiationError"",""code"":""409"",""reason"":[""Cannot process ContractAgreementVerificationMessage because negotiation cannot be verified""],""@context"":[""https://w3id.org/tractusx/auth/v1.0.0"",""https://w3id.org/catenax/2025/9/policy/context.jsonld"
5a17a5c9-12dd-47cf-b487-2eec53e0e578,CONSUMER,1400,1,did:web:ssi-dim-wallet-service.identity:BPNL00000003AYRE,d35b3aa4-7905-4b23-874f-f8972f39ae40,1791548150004,1791549777518,1791549777518,"Failed to send verification to provider: {""@type"":""ContractNegotiationError"",""code"":""409"",""reason"":[""Cannot process ContractAgreementVerificationMessage because negotiation cannot be verified""],""@context"":[""https://w3id.org/tractusx/auth/v1.0.0"",""https://w3id.org/catenax/2025/9/policy/context.jsonld"
3146fd8c-8a69-4f7c-a43a-25cdc53db4b5,CONSUMER,1400,1,did:web:ssi-dim-wallet-service.identity:BPNL00000003AYRE,ed2e5554-308b-4f39-b58c-67b71af5c40c,1791548150141,1791549777619,1791549777619,"Failed to send verification to provider: {""@type"":""ContractNegotiationError"",""code"":""409"",""reason"":[""Cannot process ContractAgreementVerificationMessage because negotiation cannot be verified""],""@context"":[""https://w3id.org/tractusx/auth/v1.0.0"",""https://w3id.org/catenax/2025/9/policy/context.jsonld"
a1917c2b-5cb9-470b-9dfc-45a04e9aa65e,CONSUMER,1400,1,did:web:ssi-dim-wallet-service.identity:BPNL00000003AYRE,86a43d1d-3635-4730-879c-56138ea07ca7,1791548150209,1791549779160,1791549779160,"Failed to send verification to provider: {""@type"":""ContractNegotiationError"",""code"":""409"",""reason"":[""Cannot process ContractAgreementVerificationMessage because negotiation cannot be verified""],""@context"":[""https://w3id.org/tractusx/auth/v1.0.0"",""https://w3id.org/catenax/2025/9/policy/context.jsonld"
c0e99703-2639-4b20-8a56-c5018d0bdc13,CONSUMER,1400,1,did:web:ssi-dim-wallet-service.identity:BPNL00000003AYRE,96b8a4f9-ccc5-4d3f-9da0-9275be95b274,1791548150606,1791549779148,1791549779148,"Failed to send verification to provider: {""@type"":""ContractNegotiationError"",""code"":""409"",""reason"":[""Cannot process ContractAgreementVerificationMessage because negotiation cannot be verified""],""@context"":[""https://w3id.org/tractusx/auth/v1.0.0"",""https://w3id.org/catenax/2025/9/policy/context.jsonld"
b16ac331-5e91-4ecd-a877-0c402f442b2c,CONSUMER,1400,1,did:web:ssi-dim-wallet-service.identity:BPNL00000003AYRE,fc791a3d-a025-45fa-b582-9c68253d7674,1791548150710,1791549779164,1791549779164,"Failed to send verification to provider: {""@type"":""ContractNegotiationError"",""code"":""409"",""reason"":[""Cannot process ContractAgreementVerificationMessage because negotiation cannot be verified""],""@context"":[""https://w3id.org/tractusx/auth/v1.0.0"",""https://w3id.org/catenax/2025/9/policy/context.jsonld"
964fe828-038e-4eda-9c4d-8ae5c9626165,CONSUMER,1400,1,did:web:ssi-dim-wallet-service.identity:BPNL00000003AYRE,0c2460bf-8efd-4a3a-98c4-51f3ebbb4703,1791548150740,1791549779164,1791549779164,"Failed to send verification to provider: {""@type"":""ContractNegotiationError"",""code"":""409"",""reason"":[""Cannot process ContractAgreementVerificationMessage because negotiation cannot be verified""],""@context"":[""https://w3id.org/tractusx/auth/v1.0.0"",""https://w3id.org/catenax/2025/9/policy/context.jsonld"
d6330364-7bc4-4b78-bb00-ea2eef52ebca,CONSUMER,1400,1,did:web:ssi-dim-wallet-service.identity:BPNL00000003AYRE,99a9b9cf-2ab8-41e1-ba5f-18452158a826,1791548150918,1791549779234,1791549779234,"Failed to send verification to provider: {""@type"":""ContractNegotiationError"",""code"":""409"",""reason"":[""Cannot process ContractAgreementVerificationMessage because negotiation cannot be verified""],""@context"":[""https://w3id.org/tractusx/auth/v1.0.0"",""https://w3id.org/catenax/2025/9/policy/context.jsonld"
606b69ff-3bf3-4566-91ab-c4a9c80f2260,CONSUMER,1400,1,did:web:ssi-dim-wallet-service.identity:BPNL00000003AYRE,a86d73d8-df5c-4cb6-a6fb-b363d2539987,1791548151805,1791549779165,1791549779165,"Failed to send verification to provider: {""@type"":""ContractNegotiationError"",""code"":""409"",""reason"":[""Cannot process ContractAgreementVerificationMessage because negotiation cannot be verified""],""@context"":[""https://w3id.org/tractusx/auth/v1.0.0"",""https://w3id.org/catenax/2025/9/policy/context.jsonld"
89c4d36d-03eb-42aa-9739-14b10e2660f5,CONSUMER,1400,1,did:web:ssi-dim-wallet-service.identity:BPNL00000003AYRE,9de7d9b4-2717-4ab4-ac99-f14ae0429cfd,1791548152005,1791549779337,1791549779337,"Failed to send verification to provider: {""@type"":""ContractNegotiationError"",""code"":""409"",""reason"":[""Cannot process ContractAgreementVerificationMessage because negotiation cannot be verified""],""@context"":[""https://w3id.org/tractusx/auth/v1.0.0"",""https://w3id.org/catenax/2025/9/policy/context.jsonld"
d55e4ae6-a422-49cd-8d1f-66b0306afd43,CONSUMER,1100,1,did:web:ssi-dim-wallet-service.identity:BPNL00000003AYRE,e7006381-7c1a-4874-a34b-29a1856dabf2,1791548152017,1791549774495,1791549774495,
761ba886-27f7-464f-bd19-c6a285e20be6,CONSUMER,1100,1,did:web:ssi-dim-wallet-service.identity:BPNL00000003AYRE,14cba1a5-5784-4b74-8464-bcdb49d01c34,1791548152304,1791549774496,1791549774496,
1c3262bc-0c47-44ba-a4ed-00f34acb55cb,CONSUMER,1100,1,did:web:ssi-dim-wallet-service.identity:BPNL00000003AYRE,d9671bfc-eeea-4f01-8652-1765afd3816a,1791548152307,1791549774357,1791549774357,
640c1d73-ba59-4514-990b-331f1093bea4,CONSUMER,1100,1,did:web:ssi-dim-wallet-service.identity:BPNL00000003AYRE,f78e1812-61b5-49f4-a597-251ed6213459,1791548152341,1791549774595,1791549774595,
c7da8114-a25c-476a-a750-3bdf1d81daf6,CONSUMER,1100,1,did:web:ssi-dim-wallet-service.identity:BPNL00000003AYRE,e66954e8-9e8f-4c49-bc55-b0065b1965f1,1791548152710,1791549774845,1791549774845,
4e2fed38-c193-42b2-a092-e5b96a7cbf97,CONSUMER,1100,1,did:web:ssi-dim-wallet-service.identity:BPNL00000003AYRE,b4989489-c0cf-4ff9-ad26-51518f9f94dd,1791548152937,1791549774997,1791549774997,
9671c44d-98da-4ca6-b9b5-5aa7ce16714d,CONSUMER,1100,1,did:web:ssi-dim-wallet-service.identity:BPNL00000003AYRE,abfd19cf-82da-449d-a72e-2a0119574537,1791548153204,1791549774845,1791549774845,
275caadb-f9c3-4f49-be22-e15f63e449ed,CONSUMER,1100,1,did:web:ssi-dim-wallet-service.identity:BPNL00000003AYRE,c5afb9c5-68f1-42cb-af0f-8e972cd8b13d,1791548153547,1791549774957,1791549774957,
d0e979a6-4538-4c77-b028-fc1b2bc2f4a4,CONSUMER,1400,1,did:web:ssi-dim-wallet-service.identity:BPNL00000003AYRE,7422633d-598b-452b-a0f2-8e88e405c9da,1791548153912,1791549779428,1791549779428,"Failed to send verification to provider: {""@type"":""ContractNegotiationError"",""code"":""409"",""reason"":[""Entity 555dd5c2-33fc-44e7-b61f-9e8cb32294fb of kind edc_contract_negotiation is currently leased!""],""@context"":[""https://w3id.org/tractusx/auth/v1.0.0"",""https://w3id.org/catenax/2025/9/policy/context"
732ca52b-756c-4c7c-89eb-3b6bbd19c586,CONSUMER,1400,1,did:web:ssi-dim-wallet-service.identity:BPNL00000003AYRE,a4b7fd23-9c9b-4333-a969-2bb2cb697d72,1791548154137,1791549779361,1791549779361,"Failed to send verification to provider: {""@type"":""ContractNegotiationError"",""code"":""409"",""reason"":[""Entity cf048e33-e616-4b64-a0ec-58d409805b50 of kind edc_contract_negotiation is currently leased!""],""@context"":[""https://w3id.org/tractusx/auth/v1.0.0"",""https://w3id.org/catenax/2025/9/policy/context"
fe64d0fd-6485-4992-9a19-37a81b276c42,CONSUMER,1400,1,did:web:ssi-dim-wallet-service.identity:BPNL00000003AYRE,b33a3047-31c0-4c1a-ad98-3bf099a4aed6,1791548154241,1791549779873,1791549779873,"Failed to send verification to provider: {""@type"":""ContractNegotiationError"",""code"":""409"",""reason"":[""Cannot process ContractAgreementVerificationMessage because negotiation cannot be verified""],""@context"":[""https://w3id.org/tractusx/auth/v1.0.0"",""https://w3id.org/catenax/2025/9/policy/context.jsonld"
a69c300b-2667-47ed-9220-be5566aa4209,CONSUMER,1400,1,did:web:ssi-dim-wallet-service.identity:BPNL00000003AYRE,bec59754-798a-4abe-968f-59c40bf76ac4,1791548154507,1791549779428,1791549779428,"Failed to send verification to provider: {""@type"":""ContractNegotiationError"",""code"":""409"",""reason"":[""Entity b86e573c-d7c5-4c82-bbb0-01d4accd4559 of kind edc_contract_negotiation is currently leased!""],""@context"":[""https://w3id.org/tractusx/auth/v1.0.0"",""https://w3id.org/catenax/2025/9/policy/context"
ece5cd9b-df3d-46c9-9bf5-2b0076552d0f,CONSUMER,1400,1,did:web:ssi-dim-wallet-service.identity:BPNL00000003AYRE,d8c113bd-e203-4f49-8c58-9db1c73eaaca,1791548154603,1791549779873,1791549779873,"Failed to send verification to provider: {""@type"":""ContractNegotiationError"",""code"":""409"",""reason"":[""Cannot process ContractAgreementVerificationMessage because negotiation cannot be verified""],""@context"":[""https://w3id.org/tractusx/auth/v1.0.0"",""https://w3id.org/catenax/2025/9/policy/context.jsonld"
50f52a90-b79b-4a44-bec3-552f6806ca1a,CONSUMER,1400,1,did:web:ssi-dim-wallet-service.identity:BPNL00000003AYRE,89c9ef93-cffa-4043-a467-bbd01ef26726,1791548155205,1791549779675,1791549779675,"Failed to send verification to provider: {""@type"":""ContractNegotiationError"",""code"":""409"",""reason"":[""Cannot process ContractAgreementVerificationMessage because negotiation cannot be verified""],""@context"":[""https://w3id.org/tractusx/auth/v1.0.0"",""https://w3id.org/catenax/2025/9/policy/context.jsonld"
c1dd54a4-e6bd-48bd-8149-b5e10b334b97,CONSUMER,1400,1,did:web:ssi-dim-wallet-service.identity:BPNL00000003AYRE,9f3c512a-abc6-455e-b43a-6d3006abd022,1791548155208,1791549780139,1791549780139,"Failed to send verification to provider: {""@type"":""ContractNegotiationError"",""code"":""409"",""reason"":[""Cannot process ContractAgreementVerificationMessage because negotiation cannot be verified""],""@context"":[""https://w3id.org/tractusx/auth/v1.0.0"",""https://w3id.org/catenax/2025/9/policy/context.jsonld"
fce16edc-d6a5-41c7-9f5e-46d860c05d9a,CONSUMER,1400,1,did:web:ssi-dim-wallet-service.identity:BPNL00000003AYRE,fe32652b-350b-4ba0-aa14-a4fb8f6561eb,1791548155704,1791549779949,1791549779949,"Failed to send verification to provider: {""@type"":""ContractNegotiationError"",""code"":""409"",""reason"":[""Entity a50deb28-40e2-4b94-8a9c-02a6058bbace of kind edc_contract_negotiation is currently leased!""],""@context"":[""https://w3id.org/tractusx/auth/v1.0.0"",""https://w3id.org/catenax/2025/9/policy/context"
b7ef9574-0da6-40c0-9ba4-9875a43831e1,CONSUMER,1400,1,did:web:ssi-dim-wallet-service.identity:BPNL00000003AYRE,c62be8da-0534-49b8-8b31-6a0230834e15,1791548155836,1791549779750,1791549779750,"Failed to send verification to provider: {""@type"":""ContractNegotiationError"",""code"":""409"",""reason"":[""Entity 45f0230b-387a-468e-8af4-d53d624e8c9e of kind edc_contract_negotiation is currently leased!""],""@context"":[""https://w3id.org/tractusx/auth/v1.0.0"",""https://w3id.org/catenax/2025/9/policy/context"
494e1753-0746-4ca4-8627-e237d2dec423,CONSUMER,1400,1,did:web:ssi-dim-wallet-service.identity:BPNL00000003AYRE,611962f4-05ae-497d-9d0f-6dccbeb92b39,1791548157040,1791549779975,1791549779975,"Failed to send verification to provider: {""@type"":""ContractNegotiationError"",""code"":""409"",""reason"":[""Cannot process ContractAgreementVerificationMessage because negotiation cannot be verified""],""@context"":[""https://w3id.org/tractusx/auth/v1.0.0"",""https://w3id.org/catenax/2025/9/policy/context.jsonld"
c29700b9-a540-4ee6-8a66-411f35659e3c,CONSUMER,1400,1,did:web:ssi-dim-wallet-service.identity:BPNL00000003AYRE,9b8bce3d-4bcd-47c0-8e16-544c0c4b7363,1791548157140,1791549780133,1791549780133,"Failed to send verification to provider: {""@type"":""ContractNegotiationError"",""code"":""409"",""reason"":[""Cannot process ContractAgreementVerificationMessage because negotiation cannot be verified""],""@context"":[""https://w3id.org/tractusx/auth/v1.0.0"",""https://w3id.org/catenax/2025/9/policy/context.jsonld"
1c235476-92c1-470a-a6dc-64f8ee05d30d,CONSUMER,1400,1,did:web:ssi-dim-wallet-service.identity:BPNL00000003AYRE,f241d136-22f2-42bd-8470-f670a27cb267,1791548157645,1791549780142,1791549780142,"Failed to send verification to provider: {""@type"":""ContractNegotiationError"",""code"":""409"",""reason"":[""Entity 4766c06b-6a4c-45c5-a446-e311d79967dc of kind edc_contract_negotiation is currently leased!""],""@context"":[""https://w3id.org/tractusx/auth/v1.0.0"",""https://w3id.org/catenax/2025/9/policy/context"
6b7fd245-c7f4-4b5d-af2d-b70939234a17,CONSUMER,1400,1,did:web:ssi-dim-wallet-service.identity:BPNL00000003AYRE,9e6ba508-9880-45ff-8425-3144c96e5ffe,1791548159204,1791549779873,1791549779873,"Failed to send verification to provider: {""@type"":""ContractNegotiationError"",""code"":""409"",""reason"":[""Entity ea221882-b2d5-4ac9-95f5-6451e286ae7d of kind edc_contract_negotiation is currently leased!""],""@context"":[""https://w3id.org/tractusx/auth/v1.0.0"",""https://w3id.org/catenax/2025/9/policy/context"
9b06de00-fd46-471a-b586-b80acc1448cf,CONSUMER,1400,1,did:web:ssi-dim-wallet-service.identity:BPNL00000003AYRE,b24aea03-c33f-444a-a293-33f88620e359,1791548159242,1791549780143,1791549780143,"Failed to send verification to provider: {""@type"":""ContractNegotiationError"",""code"":""409"",""reason"":[""Cannot process ContractAgreementVerificationMessage because negotiation cannot be verified""],""@context"":[""https://w3id.org/tractusx/auth/v1.0.0"",""https://w3id.org/catenax/2025/9/policy/context.jsonld"
8f833017-4489-435c-a223-045d76a4e3cc,CONSUMER,1400,1,did:web:ssi-dim-wallet-service.identity:BPNL00000003AYRE,8b467d4f-cbfe-4d00-a09f-4b58249e8704,1791548161646,1791549780134,1791549780134,"Failed to send verification to provider: {""@type"":""ContractNegotiationError"",""code"":""409"",""reason"":[""Cannot process ContractAgreementVerificationMessage because negotiation cannot be verified""],""@context"":[""https://w3id.org/tractusx/auth/v1.0.0"",""https://w3id.org/catenax/2025/9/policy/context.jsonld"
fb84e291-eaec-41c0-9b56-007777155e56,CONSUMER,1400,1,did:web:ssi-dim-wallet-service.identity:BPNL00000003AYRE,363c1687-cfa6-4ff1-9746-37a684215a79,1791548162239,1791549779873,1791549779873,"Failed to send verification to provider: {""@type"":""ContractNegotiationError"",""code"":""409"",""reason"":[""Cannot process ContractAgreementVerificationMessage because negotiation cannot be verified""],""@context"":[""https://w3id.org/tractusx/auth/v1.0.0"",""https://w3id.org/catenax/2025/9/policy/context.jsonld"
22bc0003-522b-4411-9a8c-2f29b33aa9af,CONSUMER,1400,1,did:web:ssi-dim-wallet-service.identity:BPNL00000003AYRE,c59b785c-eef5-49ac-a8f0-c3467f4f325e,1791548164714,1791549780177,1791549780177,"Failed to send verification to provider: {""@type"":""ContractNegotiationError"",""code"":""409"",""reason"":[""Cannot process ContractAgreementVerificationMessage because negotiation cannot be verified""],""@context"":[""https://w3id.org/tractusx/auth/v1.0.0"",""https://w3id.org/catenax/2025/9/policy/context.jsonld"
a0b5ce23-6ed6-4529-8714-9c5e5a275839,CONSUMER,1100,1,did:web:ssi-dim-wallet-service.identity:BPNL00000003AYRE,812bb86f-ff45-46ac-b5a6-6dcf6cd17d1a,1791548166543,1791549780355,1791549780355,
eea80c0c-8a43-4303-b6df-6a34d0212dd1,CONSUMER,1100,1,did:web:ssi-dim-wallet-service.identity:BPNL00000003AYRE,3aaf8d08-0925-40ea-8728-a1baebb82dfe,1791548168950,1791549780364,1791549780364,
c3c1709d-e75a-4c81-9546-4b42e1bdb80a,CONSUMER,1100,1,did:web:ssi-dim-wallet-service.identity:BPNL00000003AYRE,730a555c-48f5-4ff1-b334-4abb119cad08,1791548169507,1791549780428,1791549780428,
8038d6ea-4e74-4a76-bab8-16a3d221e919,CONSUMER,1400,1,did:web:ssi-dim-wallet-service.identity:BPNL00000003AYRE,bec9c9a7-9e87-4fb9-987f-3bc7367b8cff,1791548169539,1791549831904,1791549831904,"Failed to send termination to counter party: {""@type"":""ContractNegotiationError"",""code"":""409"",""reason"":[""Entity f1be321a-0f4b-4877-bac7-8157ace703cc of kind edc_contract_negotiation is currently leased!""],""@context"":[""https://w3id.org/tractusx/auth/v1.0.0"",""https://w3id.org/catenax/2025/9/policy/con"
0328d5cf-ec9d-4ae5-9a82-4fde3d839e4c,CONSUMER,1400,1,did:web:ssi-dim-wallet-service.identity:BPNL00000003AYRE,a7525259-99cf-4732-92b1-84c4d12b0dd1,1791548169943,1791549832041,1791549832041,"Failed to send termination to counter party: {""@type"":""ContractNegotiationError"",""code"":""409"",""reason"":[""Entity 92507402-9cd9-40da-8cfa-90081bbaa9de of kind edc_contract_negotiation is currently leased!""],""@context"":[""https://w3id.org/tractusx/auth/v1.0.0"",""https://w3id.org/catenax/2025/9/policy/con"
ad501871-5054-4676-aa06-7b0108af0ff3,CONSUMER,1400,1,did:web:ssi-dim-wallet-service.identity:BPNL00000003AYRE,3eb5fa5d-8dbe-4c77-b1e6-7b6dd9725c5b,1791548169951,1791549832071,1791549832071,"Failed to send termination to counter party: {""@type"":""ContractNegotiationError"",""code"":""409"",""reason"":[""Entity ddd4f52c-6213-42b5-8c94-54f50bfb670c of kind edc_contract_negotiation is currently leased!""],""@context"":[""https://w3id.org/tractusx/auth/v1.0.0"",""https://w3id.org/catenax/2025/9/policy/con"
4599c1ca-f938-40f0-a22e-2bb3c0e02e33,CONSUMER,1400,1,did:web:ssi-dim-wallet-service.identity:BPNL00000003AYRE,0eb46a00-02af-4528-a4b6-43e671ed32f9,1791548170447,1791549832037,1791549832037,"Failed to send termination to counter party: {""@type"":""ContractNegotiationError"",""code"":""409"",""reason"":[""Entity 82914b33-6d1f-4b82-bb54-cf4e8559d1c8 of kind edc_contract_negotiation is currently leased!""],""@context"":[""https://w3id.org/tractusx/auth/v1.0.0"",""https://w3id.org/catenax/2025/9/policy/con"
7bdfde6f-4c1c-455f-9ea3-d7e4c20f6e9f,CONSUMER,1400,1,did:web:ssi-dim-wallet-service.identity:BPNL00000003AYRE,666fe6c4-a4b5-420b-9492-0667bc806009,1791548170644,1791549832537,1791549832537,"Failed to send termination to counter party: {""@type"":""ContractNegotiationError"",""code"":""409"",""reason"":[""Entity 96b8ab4d-c2c4-4027-aa4b-3c8542b4a364 of kind edc_contract_negotiation is currently leased!""],""@context"":[""https://w3id.org/tractusx/auth/v1.0.0"",""https://w3id.org/catenax/2025/9/policy/con"
096f151b-25e1-48d2-9817-483c8a3d39b0,CONSUMER,1400,1,did:web:ssi-dim-wallet-service.identity:BPNL00000003AYRE,8590387e-201c-4370-bbf4-7c82b851d1e2,1791548171209,1791549838165,1791549838165,"Failed to send termination to counter party: {""@type"":""ContractNegotiationError"",""code"":""409"",""reason"":[""Entity 97900148-7689-48a9-8a0b-af62d0bc6307 of kind edc_contract_negotiation is currently leased!""],""@context"":[""https://w3id.org/tractusx/auth/v1.0.0"",""https://w3id.org/catenax/2025/9/policy/con"
62e08854-b620-4c36-8768-c73d4e6687a3,CONSUMER,1400,1,did:web:ssi-dim-wallet-service.identity:BPNL00000003AYRE,fa4d3ec0-1c8d-44b9-80af-d0f173201e1a,1791548171214,1791549837163,1791549837163,"Failed to send termination to counter party: {""@type"":""ContractNegotiationError"",""code"":""409"",""reason"":[""Entity bfa789e9-ea5b-4e20-804c-34d3d32d887c of kind edc_contract_negotiation is currently leased!""],""@context"":[""https://w3id.org/tractusx/auth/v1.0.0"",""https://w3id.org/catenax/2025/9/policy/con"
6e260c90-d231-47aa-ae04-6ffd1a8544e0,CONSUMER,1400,1,did:web:ssi-dim-wallet-service.identity:BPNL00000003AYRE,5ae35633-5639-4c19-be4b-557643fcf8fb,1791548172337,1791549838250,1791549838250,"Failed to send termination to counter party: {""@type"":""ContractNegotiationError"",""code"":""409"",""reason"":[""Entity fea68a26-20d7-478c-81d1-00f96e1ad4e1 of kind edc_contract_negotiation is currently leased!""],""@context"":[""https://w3id.org/tractusx/auth/v1.0.0"",""https://w3id.org/catenax/2025/9/policy/con"
555fae4d-4bec-48a1-a6c1-b32da700c17c,CONSUMER,1400,1,did:web:ssi-dim-wallet-service.identity:BPNL00000003AYRE,287e8aea-5170-42ff-95b9-fd8847d72786,1791548172738,1791549838153,1791549838153,"Failed to send termination to counter party: {""@type"":""ContractNegotiationError"",""code"":""409"",""reason"":[""Entity e0ef61f0-f8bc-4843-a033-6f2e22e59ee0 of kind edc_contract_negotiation is currently leased!""],""@context"":[""https://w3id.org/tractusx/auth/v1.0.0"",""https://w3id.org/catenax/2025/9/policy/con"
76e6d6e7-30b7-4ffd-85a7-053dac3d7bf2,CONSUMER,1400,1,did:web:ssi-dim-wallet-service.identity:BPNL00000003AYRE,8a3c673a-025e-42f4-9997-df611c86317a,1791548172910,1791549838174,1791549838174,"Failed to send termination to counter party: {""@type"":""ContractNegotiationError"",""code"":""409"",""reason"":[""Entity 68d86be3-894b-4509-83dd-d1522816580d of kind edc_contract_negotiation is currently leased!""],""@context"":[""https://w3id.org/tractusx/auth/v1.0.0"",""https://w3id.org/catenax/2025/9/policy/con"
bd08103a-bdd8-46cc-97b9-13dffea9156b,CONSUMER,1400,1,did:web:ssi-dim-wallet-service.identity:BPNL00000003AYRE,9a619054-c6b3-4185-9fdf-f123be61fe64,1791548173702,1791549838161,1791549838161,"Failed to send termination to counter party: {""@type"":""ContractNegotiationError"",""code"":""409"",""reason"":[""Entity 1b7d1726-eece-40f0-bd5b-44614a9980c2 of kind edc_contract_negotiation is currently leased!""],""@context"":[""https://w3id.org/tractusx/auth/v1.0.0"",""https://w3id.org/catenax/2025/9/policy/con"
b7dce8cd-d752-4f25-9237-eaa6ece284fa,CONSUMER,1400,1,did:web:ssi-dim-wallet-service.identity:BPNL00000003AYRE,70f42c45-4312-4546-8d64-7d7da23f6ef8,1791548174054,1791549838360,1791549838360,"Failed to send termination to counter party: {""@type"":""ContractNegotiationError"",""code"":""409"",""reason"":[""Entity 0a49c3bd-a7b7-4fbb-b450-3ce11d7ec0c1 of kind edc_contract_negotiation is currently leased!""],""@context"":[""https://w3id.org/tractusx/auth/v1.0.0"",""https://w3id.org/catenax/2025/9/policy/con"
76d71e21-67eb-48d6-a2d7-68ea4f20209c,CONSUMER,1400,1,did:web:ssi-dim-wallet-service.identity:BPNL00000003AYRE,a1e0bed3-7f62-4c1b-87b0-538df34fbb5c,1791548174815,1791549838334,1791549838334,"Failed to send termination to counter party: {""@type"":""ContractNegotiationError"",""code"":""409"",""reason"":[""Entity 41f6e01f-fc67-4712-90ed-74b0dade241d of kind edc_contract_negotiation is currently leased!""],""@context"":[""https://w3id.org/tractusx/auth/v1.0.0"",""https://w3id.org/catenax/2025/9/policy/con"
d87ce65a-b181-417f-b500-58d56db79beb,CONSUMER,1400,1,did:web:ssi-dim-wallet-service.identity:BPNL00000003AYRE,28c6025e-dbf7-4184-a897-44dd10890ac6,1791548181107,1791549838262,1791549838262,"Failed to send termination to counter party: {""@type"":""ContractNegotiationError"",""code"":""409"",""reason"":[""Entity a2d36c5c-a9b0-4625-9ec5-3acb5cf55823 of kind edc_contract_negotiation is currently leased!""],""@context"":[""https://w3id.org/tractusx/auth/v1.0.0"",""https://w3id.org/catenax/2025/9/policy/con"
528c2bc6-1852-47cd-8e90-8d49cf4030ed,CONSUMER,1400,1,did:web:ssi-dim-wallet-service.identity:BPNL00000003AYRE,7ffd79a3-7b2e-4fb8-8011-154b3a1b4c8a,1791548181239,1791549838360,1791549838360,"Failed to send termination to counter party: {""@type"":""ContractNegotiationError"",""code"":""409"",""reason"":[""Entity 3a6aa18b-3d55-49cc-a170-f3cae36a5422 of kind edc_contract_negotiation is currently leased!""],""@context"":[""https://w3id.org/tractusx/auth/v1.0.0"",""https://w3id.org/catenax/2025/9/policy/con"
a277f8db-b37e-443f-910a-d0c4441a6165,CONSUMER,1400,1,did:web:ssi-dim-wallet-service.identity:BPNL00000003AYRE,94a76754-1b64-42e8-977f-fdd8e914ff10,1791548181304,1791549838287,1791549838287,"Failed to send termination to counter party: {""@type"":""ContractNegotiationError"",""code"":""409"",""reason"":[""Entity 8a31ce56-a0e2-4dd5-9e35-9191a09d3c5a of kind edc_contract_negotiation is currently leased!""],""@context"":[""https://w3id.org/tractusx/auth/v1.0.0"",""https://w3id.org/catenax/2025/9/policy/con"
2dfd3cc8-6378-4c8e-8bd8-38c470fa5f0e,CONSUMER,1400,1,did:web:ssi-dim-wallet-service.identity:BPNL00000003AYRE,a154aaf5-b7b3-429a-ba3a-23aaf43a6c33,1791548181648,1791549782563,1791549782563,"Failed to send termination to counter party: {""@type"":""ContractNegotiationError"",""code"":""409"",""reason"":[""Entity 14cc7480-cacd-4e10-bb9a-ff6f5d770965 of kind edc_contract_negotiation is currently leased!""],""@context"":[""https://w3id.org/tractusx/auth/v1.0.0"",""https://w3id.org/catenax/2025/9/policy/con"
ea7efb05-e73d-4624-b9ae-5803b9e717ea,CONSUMER,1400,1,did:web:ssi-dim-wallet-service.identity:BPNL00000003AYRE,dfea54da-9178-467d-8e74-899c2cd2262a,1791548182003,1791549782557,1791549782557,"Failed to send termination to counter party: {""@type"":""ContractNegotiationError"",""code"":""409"",""reason"":[""Entity e4c9c36e-5c2a-4c8c-9177-3e6ae1c96421 of kind edc_contract_negotiation is currently leased!""],""@context"":[""https://w3id.org/tractusx/auth/v1.0.0"",""https://w3id.org/catenax/2025/9/policy/con"
9a6829a7-7f24-4a1e-ab12-69b2d592279f,CONSUMER,1400,1,did:web:ssi-dim-wallet-service.identity:BPNL00000003AYRE,92107e6d-c824-477e-b31c-c5b5264df6a2,1791548182005,1791549783370,1791549783370,"Failed to send termination to counter party: {""@type"":""ContractNegotiationError"",""code"":""409"",""reason"":[""Entity ed6deefc-2063-49ec-afac-e7e931414f24 of kind edc_contract_negotiation is currently leased!""],""@context"":[""https://w3id.org/tractusx/auth/v1.0.0"",""https://w3id.org/catenax/2025/9/policy/con"
3498a68a-0829-4531-ab39-fb247cec9cbf,CONSUMER,1100,1,did:web:ssi-dim-wallet-service.identity:BPNL00000003AYRE,fc7b6e59-5cd1-4a5b-9fd7-934f33aab7d1,1791548182005,1791549786359,1791549786359,
9ba13216-2509-4013-94de-8274409a1714,CONSUMER,1400,1,did:web:ssi-dim-wallet-service.identity:BPNL00000003AYRE,f3d3e7ae-6f87-4a0a-9cce-3b2a50d6119d,1791548182007,1791549838373,1791549838373,"Failed to send termination to counter party: {""@type"":""ContractNegotiationError"",""code"":""409"",""reason"":[""Entity 15e93f9b-4593-41ed-9f02-b43b76a78fe3 of kind edc_contract_negotiation is currently leased!""],""@context"":[""https://w3id.org/tractusx/auth/v1.0.0"",""https://w3id.org/catenax/2025/9/policy/con"
3fe15396-2be8-418c-8c76-0ae7281a72ea,CONSUMER,1100,1,did:web:ssi-dim-wallet-service.identity:BPNL00000003AYRE,256c2933-bd8a-4a39-a527-08719c3838bf,1791548182008,1791549786337,1791549786337,
1aee258c-210a-4884-bf67-dafd3b6b3e56,CONSUMER,1100,1,did:web:ssi-dim-wallet-service.identity:BPNL00000003AYRE,ee2d1da0-5697-4e5d-b82e-21ddf6dd1ec6,1791548182242,1791549786367,1791549786367,
286d7599-2e43-498a-b7e3-efbc2be5dd71,CONSUMER,1100,1,did:web:ssi-dim-wallet-service.identity:BPNL00000003AYRE,49f7f3c3-d7df-41ea-8fcc-875fcb16a663,1791548183005,1791549786341,1791549786341,
1d1dc52f-c88f-43c1-9ef6-fca602b263a7,CONSUMER,1100,1,did:web:ssi-dim-wallet-service.identity:BPNL00000003AYRE,5f07bee3-670b-47c1-9f74-8552aa814ec0,1791548183008,1791549786365,1791549786365,
8527d4b4-84d9-4fed-8a35-1ea0ab967ef8,CONSUMER,1100,1,did:web:ssi-dim-wallet-service.identity:BPNL00000003AYRE,3dbbdb78-7d33-468f-b537-6d430877317d,1791548183151,1791549786529,1791549786529,
68cc6dfe-f4df-43d6-9e80-b4c0d8872dad,CONSUMER,1100,1,did:web:ssi-dim-wallet-service.identity:BPNL00000003AYRE,4060829f-772b-4bca-8257-60bf78c1435c,1791548183237,1791549786557,1791549786557,
8b6890d3-c837-4b79-8ec1-4f2fa7f1d5af,CONSUMER,1100,1,did:web:ssi-dim-wallet-service.identity:BPNL00000003AYRE,db72913e-e657-490a-b1ad-df44e62e778c,1791548183244,1791549786902,1791549786902,
b8fac9e9-91ea-4b58-8905-45980fb7b0e8,CONSUMER,1100,1,did:web:ssi-dim-wallet-service.identity:BPNL00000003AYRE,3d125425-1b31-4722-aad2-306332494b76,1791548183404,1791549787037,1791549787037,
38792507-fe11-4f3c-91a6-86eabea30c46,CONSUMER,1100,1,did:web:ssi-dim-wallet-service.identity:BPNL00000003AYRE,8e694c72-1e4c-4876-bdd3-b052324fc9d4,1791548183504,1791549787047,1791549787047,
d96ca801-6078-4788-846c-ff511ddb1bb1,CONSUMER,1100,1,did:web:ssi-dim-wallet-service.identity:BPNL00000003AYRE,e7df6af4-2534-4c64-805e-547b6550da51,1791548183838,1791549786954,1791549786954,
556de50b-00eb-4cca-8415-9b31981063c1,CONSUMER,1100,1,did:web:ssi-dim-wallet-service.identity:BPNL00000003AYRE,1b51a602-2137-47c9-8a17-cca04eac13d7,1791548184538,1791549786995,1791549786995,
f381f3f3-d90b-4c04-948e-bdbd92b191ce,CONSUMER,1400,1,did:web:ssi-dim-wallet-service.identity:BPNL00000003AYRE,f9db671e-8ad8-4893-a02f-53a8dfa0e540,1791548184637,1791549783300,1791549783300,"Failed to send termination to counter party: {""@type"":""ContractNegotiationError"",""code"":""409"",""reason"":[""Entity ceebf72a-cb48-40c8-b4f5-884a688c6abd of kind edc_contract_negotiation is currently leased!""],""@context"":[""https://w3id.org/tractusx/auth/v1.0.0"",""https://w3id.org/catenax/2025/9/policy/con"
e55e3750-124d-4204-aaf5-00f3829458cd,CONSUMER,1400,1,did:web:ssi-dim-wallet-service.identity:BPNL00000003AYRE,4de649e2-fc47-425f-ad5d-a3cc386378af,1791548185240,1791549783339,1791549783339,"Failed to send termination to counter party: {""@type"":""ContractNegotiationError"",""code"":""409"",""reason"":[""Entity a9d54c8f-ed13-492c-a7c2-f901c90616f9 of kind edc_contract_negotiation is currently leased!""],""@context"":[""https://w3id.org/tractusx/auth/v1.0.0"",""https://w3id.org/catenax/2025/9/policy/con"
278973bf-fe54-43f9-b459-bab696f786a2,CONSUMER,1400,1,did:web:ssi-dim-wallet-service.identity:BPNL00000003AYRE,7c701c59-61e2-4481-bc15-816d63ab7c0e,1791548185439,1791549783305,1791549783305,"Failed to send termination to counter party: {""@type"":""ContractNegotiationError"",""code"":""409"",""reason"":[""Entity 713d59c5-2471-4828-9b50-ab72572a8ee4 of kind edc_contract_negotiation is currently leased!""],""@context"":[""https://w3id.org/tractusx/auth/v1.0.0"",""https://w3id.org/catenax/2025/9/policy/con"
9e292061-8580-485a-be2b-60ce709d48e6,CONSUMER,1400,1,did:web:ssi-dim-wallet-service.identity:BPNL00000003AYRE,4db8b3db-12d5-4869-a146-0bcd3ff36d80,1791548185502,1791549783639,1791549783639,"Failed to send termination to counter party: {""@type"":""ContractNegotiationError"",""code"":""409"",""reason"":[""Entity 86e7c982-7097-4c77-b5a8-d1cab32b96e4 of kind edc_contract_negotiation is currently leased!""],""@context"":[""https://w3id.org/tractusx/auth/v1.0.0"",""https://w3id.org/catenax/2025/9/policy/con"
c7ffb8f1-8e5a-4662-b742-c1d39fafb31e,CONSUMER,1400,1,did:web:ssi-dim-wallet-service.identity:BPNL00000003AYRE,412fcada-fd0b-42b0-9372-35975af05162,1791548185720,1791549783433,1791549783433,"Failed to send termination to counter party: {""@type"":""ContractNegotiationError"",""code"":""409"",""reason"":[""Entity 09822bcc-a75b-4159-8da2-7fb2fa25fb89 of kind edc_contract_negotiation is currently leased!""],""@context"":[""https://w3id.org/tractusx/auth/v1.0.0"",""https://w3id.org/catenax/2025/9/policy/con"
1944e8fe-854d-43f2-bf15-a7891b958927,CONSUMER,1100,1,did:web:ssi-dim-wallet-service.identity:BPNL00000003AYRE,1ca4d8ea-da89-4fea-a035-534619aaf8c2,1791548185748,1791549787064,1791549787064,
ff1f6281-3b4b-455f-a7ae-d0406b33ab66,CONSUMER,1100,1,did:web:ssi-dim-wallet-service.identity:BPNL00000003AYRE,ae1f2c3c-73e4-4900-9bfd-f9f710db08b1,1791548186110,1791549787162,1791549787162,
4b982d1b-3cef-4fdf-a872-2a44c3369bf1,CONSUMER,1400,1,did:web:ssi-dim-wallet-service.identity:BPNL00000003AYRE,0edf47c9-66f8-4391-8dde-38b9c7644f05,1791548186243,1791549788863,1791549788863,"Failed to send termination to counter party: {""@type"":""ContractNegotiationError"",""code"":""409"",""reason"":[""Entity eeac17ff-27d8-420a-9128-fda6b223e48f of kind edc_contract_negotiation is currently leased!""],""@context"":[""https://w3id.org/tractusx/auth/v1.0.0"",""https://w3id.org/catenax/2025/9/policy/con"
5ba7e8de-207a-4be6-a0fb-1a5db739e468,CONSUMER,1100,1,did:web:ssi-dim-wallet-service.identity:BPNL00000003AYRE,785a7cb6-d55e-43ac-a176-42fb00e8d46d,1791548186243,1791549787148,1791549787148,
cf3edc3c-1eb7-4a8a-aefb-b69982dd04ac,CONSUMER,1400,1,did:web:ssi-dim-wallet-service.identity:BPNL00000003AYRE,fae1622d-91ee-4336-95ec-4df31fdf7bf4,1791548186354,1791549789935,1791549789935,"Failed to send termination to counter party: {""@type"":""ContractNegotiationError"",""code"":""409"",""reason"":[""Entity d01ca335-bc92-4d7b-bff5-65eb86f6a029 of kind edc_contract_negotiation is currently leased!""],""@context"":[""https://w3id.org/tractusx/auth/v1.0.0"",""https://w3id.org/catenax/2025/9/policy/con"
56060680-ccd8-42cf-a434-fc1784ef3af7,CONSUMER,1400,1,did:web:ssi-dim-wallet-service.identity:BPNL00000003AYRE,3746a8fb-35b6-4779-b7f7-9780ab8dcfa0,1791548186603,1791549788861,1791549788861,"Failed to send termination to counter party: {""@type"":""ContractNegotiationError"",""code"":""409"",""reason"":[""Entity 02e6c3fb-eb6b-4322-8fc9-c6a62149d6dc of kind edc_contract_negotiation is currently leased!""],""@context"":[""https://w3id.org/tractusx/auth/v1.0.0"",""https://w3id.org/catenax/2025/9/policy/con"
3d7ba1e9-a238-41b7-a3b8-a1346877400c,CONSUMER,1400,1,did:web:ssi-dim-wallet-service.identity:BPNL00000003AYRE,b2be4cd8-4934-4e76-88e4-b3226e53bfea,1791548186703,1791549788878,1791549788878,"Failed to send termination to counter party: {""@type"":""ContractNegotiationError"",""code"":""409"",""reason"":[""Entity 7018723f-c2cd-4c0f-9dce-8ab028f777f4 of kind edc_contract_negotiation is currently leased!""],""@context"":[""https://w3id.org/tractusx/auth/v1.0.0"",""https://w3id.org/catenax/2025/9/policy/con"
9d0ac6bf-63f9-4af5-be94-ffa878915913,CONSUMER,1400,1,did:web:ssi-dim-wallet-service.identity:BPNL00000003AYRE,b72e53b2-a49c-4788-bcb9-03330c45eed6,1791548187139,1791549789035,1791549789035,"Failed to send termination to counter party: {""@type"":""ContractNegotiationError"",""code"":""409"",""reason"":[""Entity d972f1ee-7400-4c5d-a68b-9755e599df5d of kind edc_contract_negotiation is currently leased!""],""@context"":[""https://w3id.org/tractusx/auth/v1.0.0"",""https://w3id.org/catenax/2025/9/policy/con"
f96fca5b-3b33-456f-abf0-66d0776cfad2,CONSUMER,1400,1,did:web:ssi-dim-wallet-service.identity:BPNL00000003AYRE,49dce52a-0a03-48b1-ab05-5383f0675611,1791548187803,1791549789139,1791549789139,"Failed to send termination to counter party: {""@type"":""ContractNegotiationError"",""code"":""409"",""reason"":[""Entity 1f51bf01-d95d-4d45-951a-0a2ae7fce0a5 of kind edc_contract_negotiation is currently leased!""],""@context"":[""https://w3id.org/tractusx/auth/v1.0.0"",""https://w3id.org/catenax/2025/9/policy/con"
857763ab-bc9b-470a-81e0-3ab0ae9a27f0,CONSUMER,1400,1,did:web:ssi-dim-wallet-service.identity:BPNL00000003AYRE,22f633a6-d33a-46c4-9b28-acf5412c2a3a,1791548187939,1791549789967,1791549789967,"Failed to send termination to counter party: {""@type"":""ContractNegotiationError"",""code"":""409"",""reason"":[""Entity 785210c4-ab0d-4355-a772-6d434f75fee3 of kind edc_contract_negotiation is currently leased!""],""@context"":[""https://w3id.org/tractusx/auth/v1.0.0"",""https://w3id.org/catenax/2025/9/policy/con"
e4bce1c7-e5bf-4ca5-80ae-de73cd993952,CONSUMER,1400,1,did:web:ssi-dim-wallet-service.identity:BPNL00000003AYRE,2c8f358e-533a-4999-8751-512db2729e02,1791548188507,1791549790139,1791549790139,"Failed to send termination to counter party: {""@type"":""ContractNegotiationError"",""code"":""409"",""reason"":[""Entity e06117de-5df7-45e1-8e44-080e233222b6 of kind edc_contract_negotiation is currently leased!""],""@context"":[""https://w3id.org/tractusx/auth/v1.0.0"",""https://w3id.org/catenax/2025/9/policy/con"
1af70bc5-b2e2-4ad9-a30f-147cedef5faa,CONSUMER,1400,1,did:web:ssi-dim-wallet-service.identity:BPNL00000003AYRE,05ca1cc7-40b7-4572-92d3-22727ba703d2,1791548188643,1791549790062,1791549790062,"Failed to send termination to counter party: {""@type"":""ContractNegotiationError"",""code"":""409"",""reason"":[""Entity 0d75263f-d3fb-4185-8307-09dc52005b9d of kind edc_contract_negotiation is currently leased!""],""@context"":[""https://w3id.org/tractusx/auth/v1.0.0"",""https://w3id.org/catenax/2025/9/policy/con"
8a94092c-1a67-416d-ad06-d0411e6e98ff,CONSUMER,1400,1,did:web:ssi-dim-wallet-service.identity:BPNL00000003AYRE,92d6cae2-a823-457b-994e-9bc419e7c2ab,1791548188645,1791549790063,1791549790063,"Failed to send termination to counter party: {""@type"":""ContractNegotiationError"",""code"":""409"",""reason"":[""Entity 956f3cdb-2428-4007-a043-0a02c17357f1 of kind edc_contract_negotiation is currently leased!""],""@context"":[""https://w3id.org/tractusx/auth/v1.0.0"",""https://w3id.org/catenax/2025/9/policy/con"
31ce6b36-fa76-4710-9ef9-dacbef7f051b,CONSUMER,1400,1,did:web:ssi-dim-wallet-service.identity:BPNL00000003AYRE,ef408645-65d5-4f34-92b0-5cd817506421,1791548188903,1791549789942,1791549789942,"Failed to send termination to counter party: {""@type"":""ContractNegotiationError"",""code"":""409"",""reason"":[""Entity 43764aa3-5c1e-4a41-8b6c-2a8ed5484364 of kind edc_contract_negotiation is currently leased!""],""@context"":[""https://w3id.org/tractusx/auth/v1.0.0"",""https://w3id.org/catenax/2025/9/policy/con"
c998dda5-3339-4067-b166-bd4923b8f708,CONSUMER,1400,1,did:web:ssi-dim-wallet-service.identity:BPNL00000003AYRE,a2debb53-1ebd-47ba-b04e-a8385df347d1,1791548188905,1791549790135,1791549790135,"Failed to send termination to counter party: {""@type"":""ContractNegotiationError"",""code"":""409"",""reason"":[""Entity 91df059a-85e2-492d-bf06-1faa1b2484c2 of kind edc_contract_negotiation is currently leased!""],""@context"":[""https://w3id.org/tractusx/auth/v1.0.0"",""https://w3id.org/catenax/2025/9/policy/con"
7f5fcb3b-f1b6-4bb0-abad-1a6b0a91b1fc,CONSUMER,1400,1,did:web:ssi-dim-wallet-service.identity:BPNL00000003AYRE,71cda0ba-ff91-42a0-bcaf-c73f598dfe25,1791548188909,1791549790236,1791549790236,"Failed to send termination to counter party: {""@type"":""ContractNegotiationError"",""code"":""409"",""reason"":[""Entity 5b1370b0-3a74-4d85-a339-b30bfbdb2589 of kind edc_contract_negotiation is currently leased!""],""@context"":[""https://w3id.org/tractusx/auth/v1.0.0"",""https://w3id.org/catenax/2025/9/policy/con"
89f10a38-b3a0-4407-8540-3ab452800cfe,CONSUMER,1400,1,did:web:ssi-dim-wallet-service.identity:BPNL00000003AYRE,d8a9aec7-9083-42ef-87a0-b5d4371d96bf,1791548189013,1791549790337,1791549790337,"Failed to send termination to counter party: {""@type"":""ContractNegotiationError"",""code"":""409"",""reason"":[""Entity 2e60e1cf-e010-45d6-a855-63fdd358b217 of kind edc_contract_negotiation is currently leased!""],""@context"":[""https://w3id.org/tractusx/auth/v1.0.0"",""https://w3id.org/catenax/2025/9/policy/con"
3676d7cb-b238-4ca6-9e9a-0fa76e2fa1f2,CONSUMER,1400,1,did:web:ssi-dim-wallet-service.identity:BPNL00000003AYRE,db83a2eb-57f6-4432-8fd4-97b1b913ee2f,1791548189202,1791549790235,1791549790235,"Failed to send termination to counter party: {""@type"":""ContractNegotiationError"",""code"":""409"",""reason"":[""Entity a3209117-a42e-4ce8-a862-4b428e2c3772 of kind edc_contract_negotiation is currently leased!""],""@context"":[""https://w3id.org/tractusx/auth/v1.0.0"",""https://w3id.org/catenax/2025/9/policy/con"
83e20ebe-dfcb-487a-894a-877d9696e6e5,CONSUMER,1400,1,did:web:ssi-dim-wallet-service.identity:BPNL00000003AYRE,35c2e6a8-0c1e-41eb-97c9-4f5ddeb1c966,1791548189206,1791549790443,1791549790443,"Failed to send termination to counter party: {""@type"":""ContractNegotiationError"",""code"":""409"",""reason"":[""Entity a85110f3-5167-47a5-8c6f-cfd1d4c1ade8 of kind edc_contract_negotiation is currently leased!""],""@context"":[""https://w3id.org/tractusx/auth/v1.0.0"",""https://w3id.org/catenax/2025/9/policy/con"
b4f7d7b6-3f38-4c68-a927-60854fc8f477,CONSUMER,1400,1,did:web:ssi-dim-wallet-service.identity:BPNL00000003AYRE,96a8d0fe-0cec-4694-8e57-ad77bfc53dae,1791548189237,1791549790337,1791549790337,"Failed to send termination to counter party: {""@type"":""ContractNegotiationError"",""code"":""409"",""reason"":[""Entity 1fadaf22-747c-434f-bf61-d01ccd354495 of kind edc_contract_negotiation is currently leased!""],""@context"":[""https://w3id.org/tractusx/auth/v1.0.0"",""https://w3id.org/catenax/2025/9/policy/con"
07ba28a2-8ce4-42e3-9ab8-26f7320cdfad,CONSUMER,1400,1,did:web:ssi-dim-wallet-service.identity:BPNL00000003AYRE,2272a650-c0ba-485a-81fa-b1e86bb8b67b,1791548189238,1791549730836,1791549730836,"Failed to send termination to counter party: {""@type"":""ContractNegotiationError"",""code"":""409"",""reason"":[""Entity 6b6e9d1c-8034-4f30-9a17-243def87d0bb of kind edc_contract_negotiation is currently leased!""],""@context"":[""https://w3id.org/tractusx/auth/v1.0.0"",""https://w3id.org/catenax/2025/9/policy/con"
77dd0e17-7cf0-4f0c-aff9-0db15f9b5635,CONSUMER,1400,1,did:web:ssi-dim-wallet-service.identity:BPNL00000003AYRE,9e5ef3e1-723c-4b78-a4fa-798e66ec6b24,1791548189246,1791549731235,1791549731235,"Failed to send termination to counter party: {""@type"":""ContractNegotiationError"",""code"":""409"",""reason"":[""Entity 740d26b4-4df5-4cad-903a-21c4909b1e1f of kind edc_contract_negotiation is currently leased!""],""@context"":[""https://w3id.org/tractusx/auth/v1.0.0"",""https://w3id.org/catenax/2025/9/policy/con"
b47a95e5-0549-46e2-a924-9f94e498b8d6,CONSUMER,1400,1,did:web:ssi-dim-wallet-service.identity:BPNL00000003AYRE,832a649c-dddd-449d-a39d-b4a0b3826084,1791548189305,1791549731264,1791549731264,"Failed to send termination to counter party: {""@type"":""ContractNegotiationError"",""code"":""409"",""reason"":[""Entity 43082763-b9ac-4a60-b41d-2ca5412bf4e9 of kind edc_contract_negotiation is currently leased!""],""@context"":[""https://w3id.org/tractusx/auth/v1.0.0"",""https://w3id.org/catenax/2025/9/policy/con"
cf6e23b3-cd9b-4ab9-8e40-e4c3e95fb903,CONSUMER,1400,1,did:web:ssi-dim-wallet-service.identity:BPNL00000003AYRE,85de60a5-b619-43e6-946b-e22e6bf60891,1791548189342,1791549731146,1791549731146,"Failed to send termination to counter party: {""@type"":""ContractNegotiationError"",""code"":""409"",""reason"":[""Entity 413c9a5b-0269-4964-8631-f9333170626e of kind edc_contract_negotiation is currently leased!""],""@context"":[""https://w3id.org/tractusx/auth/v1.0.0"",""https://w3id.org/catenax/2025/9/policy/con"
5aa37694-654b-43f8-a13d-48471498c3d2,CONSUMER,1400,1,did:web:ssi-dim-wallet-service.identity:BPNL00000003AYRE,e7c52059-e836-4899-b64b-4c01cf7feef0,1791548189413,1791549730841,1791549730841,"Failed to send termination to counter party: {""@type"":""ContractNegotiationError"",""code"":""409"",""reason"":[""Entity 38ffe772-5f23-4d6f-9c95-60d9bb48c54a of kind edc_contract_negotiation is currently leased!""],""@context"":[""https://w3id.org/tractusx/auth/v1.0.0"",""https://w3id.org/catenax/2025/9/policy/con"
7f76a92d-580b-43c5-b3ec-ce10a9fe1eb6,CONSUMER,1400,1,did:web:ssi-dim-wallet-service.identity:BPNL00000003AYRE,1ff942d6-bcfa-4a74-b8c1-b4ca4cebabce,1791548189708,1791549790977,1791549790977,"Failed to send termination to counter party: {""@type"":""ContractNegotiationError"",""code"":""409"",""reason"":[""Entity bd47e23b-d425-403b-8b12-15d7fa9b350b of kind edc_contract_negotiation is currently leased!""],""@context"":[""https://w3id.org/tractusx/auth/v1.0.0"",""https://w3id.org/catenax/2025/9/policy/con"
a6325835-d244-4e60-92f4-cd4cf7d6761b,CONSUMER,1400,1,did:web:ssi-dim-wallet-service.identity:BPNL00000003AYRE,49337e08-c23c-4c08-ab6c-bf54f9b1bebc,1791548189740,1791549790967,1791549790967,"Failed to send termination to counter party: {""@type"":""ContractNegotiationError"",""code"":""409"",""reason"":[""Entity 6f232436-0d9f-4da4-9d74-81703f0decb3 of kind edc_contract_negotiation is currently leased!""],""@context"":[""https://w3id.org/tractusx/auth/v1.0.0"",""https://w3id.org/catenax/2025/9/policy/con"
a2c9fdd4-f852-4edb-ada2-c2f3f7bd95a7,CONSUMER,1400,1,did:web:ssi-dim-wallet-service.identity:BPNL00000003AYRE,da99fb7f-7f98-4ff6-b24a-28aa65cc5fb2,1791548189838,1791549791049,1791549791049,"Failed to send termination to counter party: {""@type"":""ContractNegotiationError"",""code"":""409"",""reason"":[""Entity 59df86cc-31d3-4691-a427-ba10b4eedcb8 of kind edc_contract_negotiation is currently leased!""],""@context"":[""https://w3id.org/tractusx/auth/v1.0.0"",""https://w3id.org/catenax/2025/9/policy/con"
28586379-6a19-4e7d-b407-6db8f2f6ce2a,CONSUMER,1400,1,did:web:ssi-dim-wallet-service.identity:BPNL00000003AYRE,fbf4bf85-8652-4816-9d5b-2a4d38b6cebc,1791548189845,1791549791140,1791549791140,"Failed to send termination to counter party: {""@type"":""ContractNegotiationError"",""code"":""409"",""reason"":[""Entity 0a10f24c-34ad-4580-8f25-6238601e72bd of kind edc_contract_negotiation is currently leased!""],""@context"":[""https://w3id.org/tractusx/auth/v1.0.0"",""https://w3id.org/catenax/2025/9/policy/con"
466256bf-03b3-4f21-8ee7-5ac211086a0c,CONSUMER,1400,1,did:web:ssi-dim-wallet-service.identity:BPNL00000003AYRE,1c5da2b2-5ca3-48f6-9e6b-2a058260092d,1791548190043,1791549791136,1791549791136,"Failed to send termination to counter party: {""@type"":""ContractNegotiationError"",""code"":""409"",""reason"":[""Entity 66a983bb-8703-4c38-8790-d28722a8c629 of kind edc_contract_negotiation is currently leased!""],""@context"":[""https://w3id.org/tractusx/auth/v1.0.0"",""https://w3id.org/catenax/2025/9/policy/con"
0df7130a-351c-4b20-a7cf-88157679d400,CONSUMER,1400,1,did:web:ssi-dim-wallet-service.identity:BPNL00000003AYRE,e3bee9de-5e51-408a-8d89-75496152a13f,1791548190047,1791549791136,1791549791136,"Failed to send termination to counter party: {""@type"":""ContractNegotiationError"",""code"":""409"",""reason"":[""Entity d4e1c32b-3d80-4dff-bf72-e088dbce8219 of kind edc_contract_negotiation is currently leased!""],""@context"":[""https://w3id.org/tractusx/auth/v1.0.0"",""https://w3id.org/catenax/2025/9/policy/con"
b8ca06b7-6a0a-45c9-a886-465bac0d8fe9,CONSUMER,1400,1,did:web:ssi-dim-wallet-service.identity:BPNL00000003AYRE,f11b56ed-bff3-4856-b1e4-956ffb9cf03b,1791548190105,1791549791182,1791549791182,"Failed to send termination to counter party: {""@type"":""ContractNegotiationError"",""code"":""409"",""reason"":[""Entity 06f53bf3-bb7b-4d1a-97c4-5b1dc826aaaf of kind edc_contract_negotiation is currently leased!""],""@context"":[""https://w3id.org/tractusx/auth/v1.0.0"",""https://w3id.org/catenax/2025/9/policy/con"
1095641a-d07b-4e6b-be35-cc839bd100c0,CONSUMER,1400,1,did:web:ssi-dim-wallet-service.identity:BPNL00000003AYRE,c6a2f398-215a-45c4-a6ce-e0d9932e4601,1791548190139,1791549791163,1791549791163,"Failed to send termination to counter party: {""@type"":""ContractNegotiationError"",""code"":""409"",""reason"":[""Entity a59b5a11-7803-408d-8f72-396471acd8f7 of kind edc_contract_negotiation is currently leased!""],""@context"":[""https://w3id.org/tractusx/auth/v1.0.0"",""https://w3id.org/catenax/2025/9/policy/con"
4bec23a0-d1c5-4610-bf85-eb13baf26a6e,CONSUMER,1400,1,did:web:ssi-dim-wallet-service.identity:BPNL00000003AYRE,b14a3254-ffa7-440d-8c6c-7eac60ea01c5,1791548190239,1791549791534,1791549791534,"Failed to send termination to counter party: {""@type"":""ContractNegotiationError"",""code"":""409"",""reason"":[""Entity 854079b9-ec0f-4d43-bbb1-494bb55107a8 of kind edc_contract_negotiation is currently leased!""],""@context"":[""https://w3id.org/tractusx/auth/v1.0.0"",""https://w3id.org/catenax/2025/9/policy/con"
1e107648-8278-4ffd-9450-21a57f81f45a,CONSUMER,1400,1,did:web:ssi-dim-wallet-service.identity:BPNL00000003AYRE,6db5f143-9a48-43b3-ad7b-17df8b0fe676,1791548190340,1791549791361,1791549791361,"Failed to send termination to counter party: {""@type"":""ContractNegotiationError"",""code"":""409"",""reason"":[""Entity 913be9b7-ff92-4af8-9648-d203146ca69e of kind edc_contract_negotiation is currently leased!""],""@context"":[""https://w3id.org/tractusx/auth/v1.0.0"",""https://w3id.org/catenax/2025/9/policy/con"
ac25ce70-36b3-426a-b193-e7d0be01c5ef,CONSUMER,1400,1,did:web:ssi-dim-wallet-service.identity:BPNL00000003AYRE,ea784334-6141-4342-ab2e-83d4dc545318,1791548190402,1791549791369,1791549791369,"Failed to send termination to counter party: {""@type"":""ContractNegotiationError"",""code"":""409"",""reason"":[""Entity 02a39d88-7078-4cd3-9e7a-f1335df6a172 of kind edc_contract_negotiation is currently leased!""],""@context"":[""https://w3id.org/tractusx/auth/v1.0.0"",""https://w3id.org/catenax/2025/9/policy/con"
e4ee6b89-2da4-47ba-97d2-606185b69478,CONSUMER,1400,1,did:web:ssi-dim-wallet-service.identity:BPNL00000003AYRE,c636afeb-0e41-4574-8f0f-8bb2a3363e66,1791548190605,1791549791543,1791549791543,"Failed to send termination to counter party: {""@type"":""ContractNegotiationError"",""code"":""409"",""reason"":[""Entity 776f9a74-d949-41b9-94c2-b09daa2cba19 of kind edc_contract_negotiation is currently leased!""],""@context"":[""https://w3id.org/tractusx/auth/v1.0.0"",""https://w3id.org/catenax/2025/9/policy/con"
ba16100b-9f85-4458-b86b-5c168703d73e,CONSUMER,1400,1,did:web:ssi-dim-wallet-service.identity:BPNL00000003AYRE,51a86973-bc64-46a6-ae1c-3dfca5189cbf,1791548190637,1791549791738,1791549791738,"Failed to send termination to counter party: {""@type"":""ContractNegotiationError"",""code"":""409"",""reason"":[""Entity b40603e7-536d-44d5-8422-30f40c0de8c4 of kind edc_contract_negotiation is currently leased!""],""@context"":[""https://w3id.org/tractusx/auth/v1.0.0"",""https://w3id.org/catenax/2025/9/policy/con"
cc17ef2e-75b8-44ba-9014-6b1cec70fc6f,CONSUMER,1400,1,did:web:ssi-dim-wallet-service.identity:BPNL00000003AYRE,7d55d5d5-a920-4910-ad62-ef3331f40873,1791548190705,1791549791664,1791549791664,"Failed to send termination to counter party: {""@type"":""ContractNegotiationError"",""code"":""409"",""reason"":[""Entity 378e09a6-7503-4622-b741-5f71049d39e1 of kind edc_contract_negotiation is currently leased!""],""@context"":[""https://w3id.org/tractusx/auth/v1.0.0"",""https://w3id.org/catenax/2025/9/policy/con"
d6259ef3-d56e-4eff-b4b0-d486bc83e024,CONSUMER,850,1,did:web:ssi-dim-wallet-service.identity:BPNL00000003AYRE,b30e0595-86ae-41b9-8728-54511018d05d,1791548190812,1791549841026,1791549841026,
37a36002-d4a0-44a1-b4f1-dceb8d75f7f6,CONSUMER,850,1,did:web:ssi-dim-wallet-service.identity:BPNL00000003AYRE,d280c484-24e0-4fe7-9255-15c89fcc8442,1791548190938,1791549841069,1791549841069,
826b18ad-7a5d-4e19-af66-be598af89606,CONSUMER,850,1,did:web:ssi-dim-wallet-service.identity:BPNL00000003AYRE,c972c8ee-7992-4631-b15e-446a5747afd3,1791548191140,1791549841067,1791549841067,
b225e879-dfe4-4daa-b2c3-f7e547e9d91a,CONSUMER,200,1,did:web:ssi-dim-wallet-service.identity:BPNL00000003AYRE,,1791548191541,1791549040254,1791549040254,
e9c109d7-be3e-4b48-91ac-5e9918a13483,CONSUMER,200,1,did:web:ssi-dim-wallet-service.identity:BPNL00000003AYRE,,1791548191602,1791549040352,1791549040352,
8b357555-3dee-4299-8cda-9a1a935d484e,CONSUMER,200,1,did:web:ssi-dim-wallet-service.identity:BPNL00000003AYRE,,1791548192502,1791549040457,1791549040457,
ad36b909-8ef9-43cf-a8c1-e517082bce57,CONSUMER,200,1,did:web:ssi-dim-wallet-service.identity:BPNL00000003AYRE,,1791548192506,1791549040940,1791549040940,
8b5d889b-38e6-41ac-9ed9-756ad504b78c,CONSUMER,200,1,did:web:ssi-dim-wallet-service.identity:BPNL00000003AYRE,,1791548192810,1791549040853,1791549040853,
f0ae7d0f-e82f-4987-9ca5-3a5f27c21514,CONSUMER,200,1,did:web:ssi-dim-wallet-service.identity:BPNL00000003AYRE,,1791548192908,1791549047749,1791549047749,
100b01c6-8506-4108-9a71-be8488ab53e6,CONSUMER,200,1,did:web:ssi-dim-wallet-service.identity:BPNL00000003AYRE,,1791548192939,1791549047843,1791549047843,
0cf94228-a244-4307-80cd-4022e490bd04,CONSUMER,200,1,did:web:ssi-dim-wallet-service.identity:BPNL00000003AYRE,,1791548192945,1791549047855,1791549047855,
8dd02ae0-52b7-4257-99b0-b1e4fa914df0,CONSUMER,200,1,did:web:ssi-dim-wallet-service.identity:BPNL00000003AYRE,,1791548193237,1791549047946,1791549047946,
485b811a-150f-45f6-9b89-d4b93d2a71b2,CONSUMER,200,1,did:web:ssi-dim-wallet-service.identity:BPNL00000003AYRE,,1791548193503,1791549048044,1791549048044,
20ac0a4c-0591-4126-ab45-3f475595a66d,CONSUMER,200,1,did:web:ssi-dim-wallet-service.identity:BPNL00000003AYRE,,1791548193704,1791549048231,1791549048231,
eebe6523-1dec-4215-b9e0-1e507798be3c,CONSUMER,200,1,did:web:ssi-dim-wallet-service.identity:BPNL00000003AYRE,,1791548194012,1791549048453,1791549048453,
407bb889-0fed-42ab-ba24-18cec88f754a,CONSUMER,200,1,did:web:ssi-dim-wallet-service.identity:BPNL00000003AYRE,,1791548194242,1791549048653,1791549048653,
a24d446c-a480-434a-ba61-876656336e0e,CONSUMER,200,1,did:web:ssi-dim-wallet-service.identity:BPNL00000003AYRE,,1791548194506,1791549048850,1791549048850,
03bdc33d-6089-4913-b765-a40f3cb5773c,CONSUMER,200,1,did:web:ssi-dim-wallet-service.identity:BPNL00000003AYRE,,1791548194604,1791549049165,1791549049165,
2f8098ea-849a-4056-8e7b-53407eee6d51,CONSUMER,200,1,did:web:ssi-dim-wallet-service.identity:BPNL00000003AYRE,,1791548194608,1791549049270,1791549049270,
d93b1f56-0b4f-435f-aed9-497c596256e7,CONSUMER,200,1,did:web:ssi-dim-wallet-service.identity:BPNL00000003AYRE,,1791548194643,1791549049542,1791549049542,
b3ef8953-d4bf-4916-8c0e-a839764baf3b,CONSUMER,200,1,did:web:ssi-dim-wallet-service.identity:BPNL00000003AYRE,,1791548194849,1791549049849,1791549049849,
1a88a43e-aa3f-468b-8050-fab3084e1c1e,CONSUMER,200,1,did:web:ssi-dim-wallet-service.identity:BPNL00000003AYRE,,1791548195043,1791549049943,1791549049943,
3d0cea80-0e71-4692-8f66-1c1188d34eb0,CONSUMER,200,1,did:web:ssi-dim-wallet-service.identity:BPNL00000003AYRE,,1791548195444,1791549049948,1791549049948,
8c6b374c-7fd2-4661-bb36-db3469dce30e,CONSUMER,200,1,did:web:ssi-dim-wallet-service.identity:BPNL00000003AYRE,,1791548196306,1791549050241,1791549050241,
c2d52686-b16f-42af-9065-8d4cbf6ce1ce,CONSUMER,200,1,did:web:ssi-dim-wallet-service.identity:BPNL00000003AYRE,,1791548196342,1791549050344,1791549050344,
57dce187-07ad-44de-8d8d-875714014499,CONSUMER,200,1,did:web:ssi-dim-wallet-service.identity:BPNL00000003AYRE,,1791548196506,1791549050661,1791549050661,
b2854bf5-f12b-44c9-95b3-92cd33eaee7b,CONSUMER,200,1,did:web:ssi-dim-wallet-service.identity:BPNL00000003AYRE,,1791548196542,1791549050946,1791549050946,
11afc7d1-9d83-4e29-89c7-058f75bd5f58,CONSUMER,200,1,did:web:ssi-dim-wallet-service.identity:BPNL00000003AYRE,,1791548196548,1791549051256,1791549051256,
77b77500-5ec7-4918-be6e-9b7d07a89a9e,CONSUMER,1400,1,did:web:ssi-dim-wallet-service.identity:BPNL00000003AYRE,3e60c83c-d3b3-48af-954e-8a2a751042b5,1791548196811,1791549737735,1791549737735,"Failed to send termination to counter party: {""@type"":""ContractNegotiationError"",""code"":""409"",""reason"":[""Entity 32ab20aa-6baa-4944-8aea-5a986b79aef9 of kind edc_contract_negotiation is currently leased!""],""@context"":[""https://w3id.org/tractusx/auth/v1.0.0"",""https://w3id.org/catenax/2025/9/policy/con"
2c4f1f13-62d8-4dd0-add0-65cf9bbd793b,CONSUMER,1400,1,did:web:ssi-dim-wallet-service.identity:BPNL00000003AYRE,b2ff9831-ea39-4d74-91bc-6f24358340ad,1791548197405,1791549737461,1791549737461,"Failed to send termination to counter party: {""@type"":""ContractNegotiationError"",""code"":""409"",""reason"":[""Entity f35f1856-da08-4c7d-899d-1636cb55eeb1 of kind edc_contract_negotiation is currently leased!""],""@context"":[""https://w3id.org/tractusx/auth/v1.0.0"",""https://w3id.org/catenax/2025/9/policy/con"
437524cf-4dfd-4b83-8279-f3f25e5e429e,CONSUMER,1400,1,did:web:ssi-dim-wallet-service.identity:BPNL00000003AYRE,a387dd1f-cc35-4564-8a39-7dc70e8a4525,1791548197407,1791549737522,1791549737522,"Failed to send termination to counter party: {""@type"":""ContractNegotiationError"",""code"":""409"",""reason"":[""Entity 77168ad9-3999-44bc-943e-68d5d9e83370 of kind edc_contract_negotiation is currently leased!""],""@context"":[""https://w3id.org/tractusx/auth/v1.0.0"",""https://w3id.org/catenax/2025/9/policy/con"
f768fed9-0605-4b5b-9e0c-c908e86ad533,CONSUMER,1400,1,did:web:ssi-dim-wallet-service.identity:BPNL00000003AYRE,7a43efdb-96fd-4ed8-9d18-9cf57d5ff1c4,1791548197746,1791549737841,1791549737841,"Failed to send termination to counter party: {""@type"":""ContractNegotiationError"",""code"":""409"",""reason"":[""Entity ed766805-81e4-4395-a059-d71ac9db9bfd of kind edc_contract_negotiation is currently leased!""],""@context"":[""https://w3id.org/tractusx/auth/v1.0.0"",""https://w3id.org/catenax/2025/9/policy/con"
4dc0f8bb-bdfe-49ce-83f0-bdaf1eb95ca1,CONSUMER,1400,1,did:web:ssi-dim-wallet-service.identity:BPNL00000003AYRE,5293cdd1-11e9-4859-9a1f-fa615977587e,1791548197841,1791549737935,1791549737935,"Failed to send termination to counter party: {""@type"":""ContractNegotiationError"",""code"":""409"",""reason"":[""Entity 80712e81-180d-40ca-92be-8c4bad6b0e66 of kind edc_contract_negotiation is currently leased!""],""@context"":[""https://w3id.org/tractusx/auth/v1.0.0"",""https://w3id.org/catenax/2025/9/policy/con"
0c36c29f-d504-46de-b255-8ff6e98a3092,CONSUMER,1400,1,did:web:ssi-dim-wallet-service.identity:BPNL00000003AYRE,3fb472ba-148a-4300-83de-e4a533e63599,1791548198003,1791549737939,1791549737939,"Failed to send termination to counter party: {""@type"":""ContractNegotiationError"",""code"":""409"",""reason"":[""Entity fac6c084-6e30-4724-8f7c-c15bea706b12 of kind edc_contract_negotiation is currently leased!""],""@context"":[""https://w3id.org/tractusx/auth/v1.0.0"",""https://w3id.org/catenax/2025/9/policy/con"
436fee60-09ef-4520-872c-4158be18f1f3,CONSUMER,1400,1,did:web:ssi-dim-wallet-service.identity:BPNL00000003AYRE,d5157809-a2a1-44b6-ac7d-6400998fb5b0,1791548198113,1791549737942,1791549737942,"Failed to send termination to counter party: {""@type"":""ContractNegotiationError"",""code"":""409"",""reason"":[""Entity 02414175-d59a-4447-8011-12cb230b136f of kind edc_contract_negotiation is currently leased!""],""@context"":[""https://w3id.org/tractusx/auth/v1.0.0"",""https://w3id.org/catenax/2025/9/policy/con"
2ca1dc36-3b48-4cd5-bec7-44a43fdb664e,CONSUMER,1400,1,did:web:ssi-dim-wallet-service.identity:BPNL00000003AYRE,9d2f9b76-ef1c-4bfa-9278-56742c5d2e77,1791548198604,1791549737955,1791549737955,"Failed to send termination to counter party: {""@type"":""ContractNegotiationError"",""code"":""409"",""reason"":[""Entity 2c01c0b6-deff-46f1-a3df-2e00c4f4f8dc of kind edc_contract_negotiation is currently leased!""],""@context"":[""https://w3id.org/tractusx/auth/v1.0.0"",""https://w3id.org/catenax/2025/9/policy/con"
235c90ba-cf8b-4674-9e04-5304fc6c3dbc,CONSUMER,1400,1,did:web:ssi-dim-wallet-service.identity:BPNL00000003AYRE,6d3a31d3-32aa-413b-a835-f8d8e68b30b7,1791548198607,1791549738143,1791549738143,"Failed to send termination to counter party: {""@type"":""ContractNegotiationError"",""code"":""409"",""reason"":[""Entity d52803ef-464c-4c12-8efe-7bc0ee248c84 of kind edc_contract_negotiation is currently leased!""],""@context"":[""https://w3id.org/tractusx/auth/v1.0.0"",""https://w3id.org/catenax/2025/9/policy/con"
e674ee09-64bf-4774-b160-ae031accf0d2,CONSUMER,1400,1,did:web:ssi-dim-wallet-service.identity:BPNL00000003AYRE,dab089fc-1adc-44c2-9323-dd56ca574c5d,1791548198705,1791549739042,1791549739042,"Failed to send termination to counter party: {""@type"":""ContractNegotiationError"",""code"":""409"",""reason"":[""Entity c04375ad-a12d-4f5d-84ab-912ce03dcebb of kind edc_contract_negotiation is currently leased!""],""@context"":[""https://w3id.org/tractusx/auth/v1.0.0"",""https://w3id.org/catenax/2025/9/policy/con"
4e3e365d-cc5d-47bb-b87f-35bc8d4ce512,CONSUMER,1400,1,did:web:ssi-dim-wallet-service.identity:BPNL00000003AYRE,c910bf2c-e5a4-49ed-8580-14bd290a1e43,1791548199246,1791549738145,1791549738145,"Failed to send termination to counter party: {""@type"":""ContractNegotiationError"",""code"":""409"",""reason"":[""Entity 4ca99b61-6e5d-4729-9e07-599d3946a21b of kind edc_contract_negotiation is currently leased!""],""@context"":[""https://w3id.org/tractusx/auth/v1.0.0"",""https://w3id.org/catenax/2025/9/policy/con"
d6ffedde-2984-468c-803b-0d2008c16fd0,CONSUMER,1400,1,did:web:ssi-dim-wallet-service.identity:BPNL00000003AYRE,563dd709-cec7-455f-973e-05679c531730,1791548199755,1791549738144,1791549738144,"Failed to send termination to counter party: {""@type"":""ContractNegotiationError"",""code"":""409"",""reason"":[""Entity a34856fc-6650-4cd9-aac3-b11322bc98c6 of kind edc_contract_negotiation is currently leased!""],""@context"":[""https://w3id.org/tractusx/auth/v1.0.0"",""https://w3id.org/catenax/2025/9/policy/con"
29411c20-0ab1-49cb-98f0-9b260e995426,CONSUMER,1400,1,did:web:ssi-dim-wallet-service.identity:BPNL00000003AYRE,7abf19b5-0dc2-4248-bf3c-b04baaa9b0f2,1791548199803,1791549738156,1791549738156,"Failed to send termination to counter party: {""@type"":""ContractNegotiationError"",""code"":""409"",""reason"":[""Entity 0cf4193a-0c83-4610-8e20-83e438d3b72b of kind edc_contract_negotiation is currently leased!""],""@context"":[""https://w3id.org/tractusx/auth/v1.0.0"",""https://w3id.org/catenax/2025/9/policy/con"
1d173f54-6859-483a-bbfb-0fe026d4e2e9,CONSUMER,1400,1,did:web:ssi-dim-wallet-service.identity:BPNL00000003AYRE,4a42dabe-9783-4d0e-a8d0-5e90426be283,1791548199809,1791549739166,1791549739166,"Failed to send termination to counter party: {""@type"":""ContractNegotiationError"",""code"":""409"",""reason"":[""Entity c34cb767-dc8e-4685-9207-6585ccec6794 of kind edc_contract_negotiation is currently leased!""],""@context"":[""https://w3id.org/tractusx/auth/v1.0.0"",""https://w3id.org/catenax/2025/9/policy/con"
e904ac89-74b8-498a-abf7-47e1b1152094,CONSUMER,1400,1,did:web:ssi-dim-wallet-service.identity:BPNL00000003AYRE,b729d0b9-ca8c-4c6c-9cff-5f331b8b84c5,1791548200508,1791549739150,1791549739150,"Failed to send termination to counter party: {""@type"":""ContractNegotiationError"",""code"":""409"",""reason"":[""Entity 29ddf4f8-f9b1-4475-8206-d012ee04fe1c of kind edc_contract_negotiation is currently leased!""],""@context"":[""https://w3id.org/tractusx/auth/v1.0.0"",""https://w3id.org/catenax/2025/9/policy/con"
78d09ef4-52ca-4110-97c8-2930d4d7e53f,CONSUMER,1400,1,did:web:ssi-dim-wallet-service.identity:BPNL00000003AYRE,01d60802-8eb2-406d-9035-0a3493f16150,1791548200608,1791549797942,1791549797942,"Failed to send termination to counter party: {""@type"":""ContractNegotiationError"",""code"":""409"",""reason"":[""Entity 243b61eb-4570-4b32-9590-e99d110c112a of kind edc_contract_negotiation is currently leased!""],""@context"":[""https://w3id.org/tractusx/auth/v1.0.0"",""https://w3id.org/catenax/2025/9/policy/con"
2003fd75-4a5c-462c-a4ea-a4e53e8e8e3c,CONSUMER,1400,1,did:web:ssi-dim-wallet-service.identity:BPNL00000003AYRE,e33e108b-d45f-401e-9a05-850b33cfb7f0,1791548201447,1791549739235,1791549739235,"Failed to send termination to counter party: {""@type"":""ContractNegotiationError"",""code"":""409"",""reason"":[""Entity 40627607-4e5e-4c73-9c5a-01c359c7cff9 of kind edc_contract_negotiation is currently leased!""],""@context"":[""https://w3id.org/tractusx/auth/v1.0.0"",""https://w3id.org/catenax/2025/9/policy/con"
8c1834e3-6a1f-481a-8719-f53d67a85bb8,CONSUMER,1400,1,did:web:ssi-dim-wallet-service.identity:BPNL00000003AYRE,de7a0d88-19ee-452d-8166-1e0eeb3b2adb,1791548202112,1791549799656,1791549799656,"Failed to send termination to counter party: {""@type"":""ContractNegotiationError"",""code"":""409"",""reason"":[""Entity 35142a1c-fdab-4726-8f90-ffe280a38f18 of kind edc_contract_negotiation is currently leased!""],""@context"":[""https://w3id.org/tractusx/auth/v1.0.0"",""https://w3id.org/catenax/2025/9/policy/con"
5f42e552-fc58-45ce-a9a1-22a51e74759f,CONSUMER,1400,1,did:web:ssi-dim-wallet-service.identity:BPNL00000003AYRE,fa3f40c7-4eb2-467f-a5d7-e0ad652bc597,1791548202203,1791549797940,1791549797940,"Failed to send termination to counter party: {""@type"":""ContractNegotiationError"",""code"":""409"",""reason"":[""Entity 0540fdb4-71db-4b8b-9a0c-435156f6a034 of kind edc_contract_negotiation is currently leased!""],""@context"":[""https://w3id.org/tractusx/auth/v1.0.0"",""https://w3id.org/catenax/2025/9/policy/con"
624af94a-3dc3-47ea-9fe4-43053f22d980,CONSUMER,1400,1,did:web:ssi-dim-wallet-service.identity:BPNL00000003AYRE,cf42afee-5c47-43a2-baac-4345be857de1,1791548202246,1791549799537,1791549799537,"Failed to send termination to counter party: {""@type"":""ContractNegotiationError"",""code"":""409"",""reason"":[""Entity 62d293e6-3d64-48fd-a3ad-9c0b988b338c of kind edc_contract_negotiation is currently leased!""],""@context"":[""https://w3id.org/tractusx/auth/v1.0.0"",""https://w3id.org/catenax/2025/9/policy/con"
1f18d780-a16a-47f6-a2c9-151be2a3a850,CONSUMER,1400,1,did:web:ssi-dim-wallet-service.identity:BPNL00000003AYRE,877bb07a-b75e-4c5f-b5f7-479f541ac847,1791548203207,1791549797950,1791549797950,"Failed to send termination to counter party: {""@type"":""ContractNegotiationError"",""code"":""409"",""reason"":[""Entity 068cde58-762f-431e-9fee-445e5ce7f64d of kind edc_contract_negotiation is currently leased!""],""@context"":[""https://w3id.org/tractusx/auth/v1.0.0"",""https://w3id.org/catenax/2025/9/policy/con"
89e90747-72c1-446c-83fb-0efe2603ffa5,CONSUMER,1400,1,did:web:ssi-dim-wallet-service.identity:BPNL00000003AYRE,2374ba43-6e08-448b-9a89-16c736e0e39c,1791548203641,1791549797945,1791549797945,"Failed to send termination to counter party: {""@type"":""ContractNegotiationError"",""code"":""409"",""reason"":[""Entity 1efd2ced-cb9a-4fb0-92c3-61f7c3f50b92 of kind edc_contract_negotiation is currently leased!""],""@context"":[""https://w3id.org/tractusx/auth/v1.0.0"",""https://w3id.org/catenax/2025/9/policy/con"
e9c394ba-3188-4b78-b96f-d976dc9fdddc,CONSUMER,1400,1,did:web:ssi-dim-wallet-service.identity:BPNL00000003AYRE,d62d5778-bd80-412a-b894-02192d5ca848,1791548203646,1791549799744,1791549799744,"Failed to send termination to counter party: {""@type"":""ContractNegotiationError"",""code"":""409"",""reason"":[""Entity 38c5a8c4-900a-4ee8-879c-ba14c519ce8d of kind edc_contract_negotiation is currently leased!""],""@context"":[""https://w3id.org/tractusx/auth/v1.0.0"",""https://w3id.org/catenax/2025/9/policy/con"
30a182b5-53a1-4a4b-9030-53510f41dfe7,CONSUMER,1400,1,did:web:ssi-dim-wallet-service.identity:BPNL00000003AYRE,9acaf5c3-d6ed-41b0-92cb-6cd4cf9a5225,1791548203736,1791549799435,1791549799435,"Failed to send termination to counter party: {""@type"":""ContractNegotiationError"",""code"":""409"",""reason"":[""Entity f5132ae5-0cfd-4569-adfa-73050b433e1e of kind edc_contract_negotiation is currently leased!""],""@context"":[""https://w3id.org/tractusx/auth/v1.0.0"",""https://w3id.org/catenax/2025/9/policy/con"
64c60e41-d1e8-439a-a360-08a6df831073,CONSUMER,1400,1,did:web:ssi-dim-wallet-service.identity:BPNL00000003AYRE,75fcea21-2efb-4306-888b-d2f7a64b4fee,1791548203942,1791549739635,1791549739635,"Failed to send termination to counter party: {""@type"":""ContractNegotiationError"",""code"":""409"",""reason"":[""Entity 17bec9d4-e812-4058-9cc8-ca497490533d of kind edc_contract_negotiation is currently leased!""],""@context"":[""https://w3id.org/tractusx/auth/v1.0.0"",""https://w3id.org/catenax/2025/9/policy/con"
aeb49097-fb21-4433-a67f-d1e8a2d7f526,CONSUMER,1400,1,did:web:ssi-dim-wallet-service.identity:BPNL00000003AYRE,56731ebc-fe1d-440a-ae54-a62476a9062b,1791548204207,1791549739659,1791549739659,"Failed to send termination to counter party: {""@type"":""ContractNegotiationError"",""code"":""409"",""reason"":[""Entity 0ef49779-18d7-4e93-80c2-c6de28f07c25 of kind edc_contract_negotiation is currently leased!""],""@context"":[""https://w3id.org/tractusx/auth/v1.0.0"",""https://w3id.org/catenax/2025/9/policy/con"
8a1a4242-dd71-47d1-9ece-7e38ad54b03a,CONSUMER,1400,1,did:web:ssi-dim-wallet-service.identity:BPNL00000003AYRE,523034dc-90b1-4fd0-8d44-72e24b26a8ec,1791548204341,1791549739460,1791549739460,"Failed to send termination to counter party: {""@type"":""ContractNegotiationError"",""code"":""409"",""reason"":[""Entity 45d1f5e1-1ee1-416e-a1c0-7513be62da92 of kind edc_contract_negotiation is currently leased!""],""@context"":[""https://w3id.org/tractusx/auth/v1.0.0"",""https://w3id.org/catenax/2025/9/policy/con"
56620991-42f9-4c92-939f-cce1833cce29,CONSUMER,1400,1,did:web:ssi-dim-wallet-service.identity:BPNL00000003AYRE,560ebfb2-2db8-4a2c-8715-0dd930b4ec3d,1791548204409,1791549739846,1791549739846,"Failed to send termination to counter party: {""@type"":""ContractNegotiationError"",""code"":""409"",""reason"":[""Entity c3195f92-db03-4ac3-90bc-a726d83e7739 of kind edc_contract_negotiation is currently leased!""],""@context"":[""https://w3id.org/tractusx/auth/v1.0.0"",""https://w3id.org/catenax/2025/9/policy/con"
3773edb3-5500-4ef2-bbe0-8a7cfb4fba4c,CONSUMER,1400,1,did:web:ssi-dim-wallet-service.identity:BPNL00000003AYRE,231af744-d271-4585-8ff8-d610b1105d9c,1791548205418,1791549739740,1791549739740,"Failed to send termination to counter party: {""@type"":""ContractNegotiationError"",""code"":""409"",""reason"":[""Entity 74a35dcb-4617-4bca-b644-fad33a56af25 of kind edc_contract_negotiation is currently leased!""],""@context"":[""https://w3id.org/tractusx/auth/v1.0.0"",""https://w3id.org/catenax/2025/9/policy/con"
e1417c7e-13ea-4b02-9bd9-43b60e04312d,CONSUMER,1400,1,did:web:ssi-dim-wallet-service.identity:BPNL00000003AYRE,f0a3af0c-e020-4c34-b3d9-b067790b4fb5,1791548205840,1791549739853,1791549739853,"Failed to send termination to counter party: {""@type"":""ContractNegotiationError"",""code"":""409"",""reason"":[""Entity 02769a36-328c-446c-90fc-4dfb0e20d063 of kind edc_contract_negotiation is currently leased!""],""@context"":[""https://w3id.org/tractusx/auth/v1.0.0"",""https://w3id.org/catenax/2025/9/policy/con"
b414874d-f733-4930-86b1-0d7f43a989e4,CONSUMER,1400,1,did:web:ssi-dim-wallet-service.identity:BPNL00000003AYRE,edfbecbc-74d1-42b6-be1c-a46c5e81e5ce,1791548206010,1791549739662,1791549739662,"Failed to send termination to counter party: {""@type"":""ContractNegotiationError"",""code"":""409"",""reason"":[""Entity a423e5d6-6835-4397-8f25-74db39b6c25e of kind edc_contract_negotiation is currently leased!""],""@context"":[""https://w3id.org/tractusx/auth/v1.0.0"",""https://w3id.org/catenax/2025/9/policy/con"
642798ea-272b-42ae-ae97-6c16977845c3,CONSUMER,1400,1,did:web:ssi-dim-wallet-service.identity:BPNL00000003AYRE,ca763a35-b124-4b28-8777-ff4a2f7089ba,1791548206347,1791549739941,1791549739941,"Failed to send termination to counter party: {""@type"":""ContractNegotiationError"",""code"":""409"",""reason"":[""Entity 199eef19-cbe1-4fe2-8ba2-7cb58f39ae95 of kind edc_contract_negotiation is currently leased!""],""@context"":[""https://w3id.org/tractusx/auth/v1.0.0"",""https://w3id.org/catenax/2025/9/policy/con"
66fd4b2d-310c-482b-9d7f-b8d39ac86430,CONSUMER,1400,1,did:web:ssi-dim-wallet-service.identity:BPNL00000003AYRE,dd68835c-e975-4257-be86-be590e0d7749,1791548206405,1791549739935,1791549739935,"Failed to send termination to counter party: {""@type"":""ContractNegotiationError"",""code"":""409"",""reason"":[""Entity a5a54ec3-d22a-4abd-8e64-b98eaa97f516 of kind edc_contract_negotiation is currently leased!""],""@context"":[""https://w3id.org/tractusx/auth/v1.0.0"",""https://w3id.org/catenax/2025/9/policy/con"
a455a6c7-26da-42ff-a1b0-2e6e2127d146,CONSUMER,1400,1,did:web:ssi-dim-wallet-service.identity:BPNL00000003AYRE,32dc5dc7-a566-4deb-9e0d-a0f06a83b6f5,1791548206542,1791549740135,1791549740135,"Failed to send termination to counter party: {""@type"":""ContractNegotiationError"",""code"":""409"",""reason"":[""Entity 9fbfd653-97f7-4864-95c0-64a797796f80 of kind edc_contract_negotiation is currently leased!""],""@context"":[""https://w3id.org/tractusx/auth/v1.0.0"",""https://w3id.org/catenax/2025/9/policy/con"
78ad27a9-f547-4395-b5a5-2b635a14c4f3,CONSUMER,1400,1,did:web:ssi-dim-wallet-service.identity:BPNL00000003AYRE,eae36bb4-f706-4b8f-9772-44e80bd57d76,1791548206647,1791549799747,1791549799747,"Failed to send termination to counter party: {""@type"":""ContractNegotiationError"",""code"":""409"",""reason"":[""Entity 62742332-2bac-44c1-9e11-b45a57186ee7 of kind edc_contract_negotiation is currently leased!""],""@context"":[""https://w3id.org/tractusx/auth/v1.0.0"",""https://w3id.org/catenax/2025/9/policy/con"
6ff80407-29e5-4ab1-9982-7d725748d988,CONSUMER,1400,1,did:web:ssi-dim-wallet-service.identity:BPNL00000003AYRE,fb0ae15f-2cae-4e1e-8895-4deb002a8932,1791548206838,1791549740038,1791549740038,"Failed to send termination to counter party: {""@type"":""ContractNegotiationError"",""code"":""409"",""reason"":[""Entity 2c82dd7f-e5e7-4773-9c71-04362f0e98af of kind edc_contract_negotiation is currently leased!""],""@context"":[""https://w3id.org/tractusx/auth/v1.0.0"",""https://w3id.org/catenax/2025/9/policy/con"
c8a5b736-826f-4f0d-be6e-afc90e94327b,CONSUMER,1400,1,did:web:ssi-dim-wallet-service.identity:BPNL00000003AYRE,ec5c75b2-1ff5-4afc-9568-4c88c5186dc3,1791548207239,1791549801016,1791549801016,"Failed to send termination to counter party: {""@type"":""ContractNegotiationError"",""code"":""409"",""reason"":[""Entity b1ee9bfd-e0c7-4ec0-9c87-f535e0ffb330 of kind edc_contract_negotiation is currently leased!""],""@context"":[""https://w3id.org/tractusx/auth/v1.0.0"",""https://w3id.org/catenax/2025/9/policy/con"
5d50d929-7679-4d4e-9f19-9668d7f368d7,CONSUMER,1400,1,did:web:ssi-dim-wallet-service.identity:BPNL00000003AYRE,c2f8d6e4-353a-4d49-905e-6cb3d0bf98e0,1791548207304,1791549801202,1791549801202,"Failed to send termination to counter party: {""@type"":""ContractNegotiationError"",""code"":""409"",""reason"":[""Entity 238f07a9-b277-4347-9d65-6543be684028 of kind edc_contract_negotiation is currently leased!""],""@context"":[""https://w3id.org/tractusx/auth/v1.0.0"",""https://w3id.org/catenax/2025/9/policy/con"
bf17bc1b-36f3-49db-a11f-4f7ae52ecd7a,CONSUMER,1400,1,did:web:ssi-dim-wallet-service.identity:BPNL00000003AYRE,018ca889-cff6-410e-ab06-e857b6187d21,1791548207836,1791549801073,1791549801073,"Failed to send termination to counter party: {""@type"":""ContractNegotiationError"",""code"":""409"",""reason"":[""Entity 184b2ebb-2b54-481e-ad39-2c3fe10b80bd of kind edc_contract_negotiation is currently leased!""],""@context"":[""https://w3id.org/tractusx/auth/v1.0.0"",""https://w3id.org/catenax/2025/9/policy/con"
0e2978ec-f94f-4b57-8076-fcd147ceffa7,CONSUMER,1400,1,did:web:ssi-dim-wallet-service.identity:BPNL00000003AYRE,9f4b3589-39d9-4124-9579-71648ec3cb48,1791548207946,1791549801260,1791549801260,"Failed to send termination to counter party: {""@type"":""ContractNegotiationError"",""code"":""409"",""reason"":[""Entity df18b6e4-c4ad-4d11-bd11-a0c36377f55f of kind edc_contract_negotiation is currently leased!""],""@context"":[""https://w3id.org/tractusx/auth/v1.0.0"",""https://w3id.org/catenax/2025/9/policy/con"
7ae98b86-898d-4f57-be5c-bfb6d7288b71,CONSUMER,1400,1,did:web:ssi-dim-wallet-service.identity:BPNL00000003AYRE,49178968-0213-4260-a3ef-37c27292718c,1791548208003,1791549801259,1791549801259,"Failed to send termination to counter party: {""@type"":""ContractNegotiationError"",""code"":""409"",""reason"":[""Entity 5c642357-1357-4d07-bea9-efe3e73bd0aa of kind edc_contract_negotiation is currently leased!""],""@context"":[""https://w3id.org/tractusx/auth/v1.0.0"",""https://w3id.org/catenax/2025/9/policy/con"
e9e77e58-4051-4b03-a423-31174949a3f3,CONSUMER,1400,1,did:web:ssi-dim-wallet-service.identity:BPNL00000003AYRE,6a2e4a08-836e-4f3e-b4bb-8cce7191fd4d,1791548208047,1791549801327,1791549801327,"Failed to send termination to counter party: {""@type"":""ContractNegotiationError"",""code"":""409"",""reason"":[""Entity 9c47d508-913e-4a30-827c-c196644de5d9 of kind edc_contract_negotiation is currently leased!""],""@context"":[""https://w3id.org/tractusx/auth/v1.0.0"",""https://w3id.org/catenax/2025/9/policy/con"
65cf529e-6e6e-4067-a08c-f3a4ecfc7c2a,CONSUMER,1400,1,did:web:ssi-dim-wallet-service.identity:BPNL00000003AYRE,e8ba9f80-f641-409c-a7f1-0dc0bb013cf9,1791548208140,1791549801545,1791549801545,"Failed to send termination to counter party: {""@type"":""ContractNegotiationError"",""code"":""409"",""reason"":[""Entity c4aa6bf5-ce6e-481c-a7b5-5c276c7f53e9 of kind edc_contract_negotiation is currently leased!""],""@context"":[""https://w3id.org/tractusx/auth/v1.0.0"",""https://w3id.org/catenax/2025/9/policy/con"
092c94e5-8d91-4617-a6ea-c3329004f738,CONSUMER,1400,1,did:web:ssi-dim-wallet-service.identity:BPNL00000003AYRE,a08273c6-424c-456d-abfd-07db57501adb,1791548208141,1791549801375,1791549801375,"Failed to send termination to counter party: {""@type"":""ContractNegotiationError"",""code"":""409"",""reason"":[""Entity f9a2c351-20e3-45d9-aa6a-b72599655f7e of kind edc_contract_negotiation is currently leased!""],""@context"":[""https://w3id.org/tractusx/auth/v1.0.0"",""https://w3id.org/catenax/2025/9/policy/con"
87fffd06-6f65-482f-90d9-59170ac27ffb,CONSUMER,1400,1,did:web:ssi-dim-wallet-service.identity:BPNL00000003AYRE,45c708e4-73b2-428c-a71e-28900bf9023f,1791548208206,1791549801450,1791549801450,"Failed to send termination to counter party: {""@type"":""ContractNegotiationError"",""code"":""409"",""reason"":[""Entity 8ae6de48-c50c-4cd8-a0c6-5a20a9054ec1 of kind edc_contract_negotiation is currently leased!""],""@context"":[""https://w3id.org/tractusx/auth/v1.0.0"",""https://w3id.org/catenax/2025/9/policy/con"
efaa2206-8ca6-4e50-8d88-b7672c5601a3,CONSUMER,1400,1,did:web:ssi-dim-wallet-service.identity:BPNL00000003AYRE,ab9028b3-7ebc-42ee-8801-59247bde58a8,1791548208850,1791549801360,1791549801360,"Failed to send termination to counter party: {""@type"":""ContractNegotiationError"",""code"":""409"",""reason"":[""Entity af88101e-3951-4d0a-92c9-1a8d7322850d of kind edc_contract_negotiation is currently leased!""],""@context"":[""https://w3id.org/tractusx/auth/v1.0.0"",""https://w3id.org/catenax/2025/9/policy/con"
293698d2-7d94-450c-8e77-b4d10a74c679,CONSUMER,1400,1,did:web:ssi-dim-wallet-service.identity:BPNL00000003AYRE,48473c48-4776-49f8-8106-a8cf4f4a7042,1791548209002,1791549801707,1791549801707,"Failed to send termination to counter party: {""@type"":""ContractNegotiationError"",""code"":""409"",""reason"":[""Entity e8d783fd-54f4-4e50-a9c5-d100711d6ad2 of kind edc_contract_negotiation is currently leased!""],""@context"":[""https://w3id.org/tractusx/auth/v1.0.0"",""https://w3id.org/catenax/2025/9/policy/con"
724f9bfd-041f-4a4d-8cc0-99f25987e42b,CONSUMER,1400,1,did:web:ssi-dim-wallet-service.identity:BPNL00000003AYRE,73e4610e-b4d4-40be-b86f-d21277f4677d,1791548209015,1791549801661,1791549801661,"Failed to send termination to counter party: {""@type"":""ContractNegotiationError"",""code"":""409"",""reason"":[""Entity 7fa12bf4-24f3-4b29-a4d8-3e5491465a1b of kind edc_contract_negotiation is currently leased!""],""@context"":[""https://w3id.org/tractusx/auth/v1.0.0"",""https://w3id.org/catenax/2025/9/policy/con"
852693b5-88a6-45a7-9289-439123f3726b,CONSUMER,1400,1,did:web:ssi-dim-wallet-service.identity:BPNL00000003AYRE,2f0344d8-f587-42bc-b0c5-a96cc02d687a,1791548209108,1791549801713,1791549801713,"Failed to send termination to counter party: {""@type"":""ContractNegotiationError"",""code"":""409"",""reason"":[""Entity 1a4668a5-6ee9-4150-a8f7-ec61ea7b59bc of kind edc_contract_negotiation is currently leased!""],""@context"":[""https://w3id.org/tractusx/auth/v1.0.0"",""https://w3id.org/catenax/2025/9/policy/con"
aaad82b3-afa8-4472-b7e5-d9263ad8d705,CONSUMER,1400,1,did:web:ssi-dim-wallet-service.identity:BPNL00000003AYRE,cd78d7d3-ba53-4e82-b0e4-252d8da1319e,1791548209307,1791549801805,1791549801805,"Failed to send termination to counter party: {""@type"":""ContractNegotiationError"",""code"":""409"",""reason"":[""Entity 75e9eb56-cb0c-40f4-8c37-d32547679218 of kind edc_contract_negotiation is currently leased!""],""@context"":[""https://w3id.org/tractusx/auth/v1.0.0"",""https://w3id.org/catenax/2025/9/policy/con"
d60ba7a4-fd73-4660-b2b9-47597481636f,CONSUMER,1400,1,did:web:ssi-dim-wallet-service.identity:BPNL00000003AYRE,fabd4b6a-4ed3-49cb-a21e-ecc7325e3874,1791548209309,1791549801725,1791549801725,"Failed to send termination to counter party: {""@type"":""ContractNegotiationError"",""code"":""409"",""reason"":[""Entity 774e39d3-9acb-4e4d-a79c-73ea6a9a0942 of kind edc_contract_negotiation is currently leased!""],""@context"":[""https://w3id.org/tractusx/auth/v1.0.0"",""https://w3id.org/catenax/2025/9/policy/con"
03df3d8c-fce4-4203-acbc-90e89b6e53b5,CONSUMER,1400,1,did:web:ssi-dim-wallet-service.identity:BPNL00000003AYRE,d2c62882-d59a-4afd-bdca-3985f884b481,1791548209344,1791549801906,1791549801906,"Failed to send termination to counter party: {""@type"":""ContractNegotiationError"",""code"":""409"",""reason"":[""Entity 918a8987-2110-4357-9d56-84cbafa6d9d5 of kind edc_contract_negotiation is currently leased!""],""@context"":[""https://w3id.org/tractusx/auth/v1.0.0"",""https://w3id.org/catenax/2025/9/policy/con"
370e7759-5cce-4212-b580-8d8e93d530ce,CONSUMER,1400,1,did:web:ssi-dim-wallet-service.identity:BPNL00000003AYRE,a1e8c754-1608-4999-8ea2-50c02910a9b7,1791548209636,1791549801938,1791549801938,"Failed to send termination to counter party: {""@type"":""ContractNegotiationError"",""code"":""409"",""reason"":[""Entity 3950f9f1-ef2a-457d-94a5-a0513109342f of kind edc_contract_negotiation is currently leased!""],""@context"":[""https://w3id.org/tractusx/auth/v1.0.0"",""https://w3id.org/catenax/2025/9/policy/con"
68371ee0-fd84-4ce3-9c98-75ce0abe4d7b,CONSUMER,1400,1,did:web:ssi-dim-wallet-service.identity:BPNL00000003AYRE,c2b2415e-0162-445d-99f9-5de99c89741c,1791548209747,1791549801837,1791549801837,"Failed to send termination to counter party: {""@type"":""ContractNegotiationError"",""code"":""409"",""reason"":[""Entity f44eec9d-8288-4fe9-b8ee-ed946cf45387 of kind edc_contract_negotiation is currently leased!""],""@context"":[""https://w3id.org/tractusx/auth/v1.0.0"",""https://w3id.org/catenax/2025/9/policy/con"
e4b1ef98-f061-498c-b86d-28d6256bc83a,CONSUMER,1400,1,did:web:ssi-dim-wallet-service.identity:BPNL00000003AYRE,620d683a-79c6-4b2e-b463-ee2bd943a0d8,1791548210008,1791549801908,1791549801908,"Failed to send termination to counter party: {""@type"":""ContractNegotiationError"",""code"":""409"",""reason"":[""Entity ce76baf4-8044-4515-8d23-61d76fa34c1c of kind edc_contract_negotiation is currently leased!""],""@context"":[""https://w3id.org/tractusx/auth/v1.0.0"",""https://w3id.org/catenax/2025/9/policy/con"
b6128b7d-79ef-478e-bd50-1a85b7c104c8,CONSUMER,200,1,did:web:ssi-dim-wallet-service.identity:BPNL00000003AYRE,,1791548210103,1791549069759,1791549069759,
06600784-b73c-4922-9989-0a85bbdccc1c,CONSUMER,200,1,did:web:ssi-dim-wallet-service.identity:BPNL00000003AYRE,,1791548210103,1791549069841,1791549069841,
2008ae05-4c5a-4271-baaf-a864c359eb9c,CONSUMER,200,1,did:web:ssi-dim-wallet-service.identity:BPNL00000003AYRE,,1791548210103,1791549069771,1791549069771,
62177fbe-a7e7-4e40-b899-27022b5c01e0,CONSUMER,200,1,did:web:ssi-dim-wallet-service.identity:BPNL00000003AYRE,,1791548210602,1791549070143,1791549070143,
20d9c5bc-abaa-4030-bce9-b9a5a2b65dde,CONSUMER,200,1,did:web:ssi-dim-wallet-service.identity:BPNL00000003AYRE,,1791548210749,1791549070341,1791549070341,
6ecc4981-a8a7-4548-91cb-5916d8de8616,CONSUMER,200,1,did:web:ssi-dim-wallet-service.identity:BPNL00000003AYRE,,1791548210839,1791549071149,1791549071149,
823cd4d4-2a7b-4df0-92c1-81d8bcdf7d65,CONSUMER,200,1,did:web:ssi-dim-wallet-service.identity:BPNL00000003AYRE,,1791548211003,1791549071438,1791549071438,
e507bcb7-3e9d-44c5-9ce9-1ece4cca5c8c,CONSUMER,200,1,did:web:ssi-dim-wallet-service.identity:BPNL00000003AYRE,,1791548211104,1791549071535,1791549071535,
45dd3ff6-20ea-433b-a5c2-6b59caaf2f66,CONSUMER,200,1,did:web:ssi-dim-wallet-service.identity:BPNL00000003AYRE,,1791548211139,1791549071636,1791549071636,
d1b67de1-11a8-4b58-a13b-909830e454ce,CONSUMER,200,1,did:web:ssi-dim-wallet-service.identity:BPNL00000003AYRE,,1791548211143,1791549071455,1791549071455,
127f6daf-7959-4299-83c0-5d68ac3be8da,CONSUMER,200,1,did:web:ssi-dim-wallet-service.identity:BPNL00000003AYRE,,1791548211506,1791549071933,1791549071933,
6d739388-dc53-4972-adf8-7ce847b6612d,CONSUMER,200,1,did:web:ssi-dim-wallet-service.identity:BPNL00000003AYRE,,1791548211643,1791549071768,1791549071768,
613fb0cc-604f-40f5-b263-0ed837af8b6a,CONSUMER,200,1,did:web:ssi-dim-wallet-service.identity:BPNL00000003AYRE,,1791548212043,1791549072042,1791549072042,
4f9e6139-f633-4661-a382-70eda5bd4bb7,CONSUMER,200,1,did:web:ssi-dim-wallet-service.identity:BPNL00000003AYRE,,1791548212045,1791549073270,1791549073270,
12a921c5-5960-4584-b152-cc631b028ded,CONSUMER,200,1,did:web:ssi-dim-wallet-service.identity:BPNL00000003AYRE,,1791548212543,1791549073344,1791549073344,
4fee6647-41ff-408a-b0d2-65fa2926c320,CONSUMER,200,1,did:web:ssi-dim-wallet-service.identity:BPNL00000003AYRE,,1791548212837,1791549073350,1791549073350,
d2ffdd06-a7e6-4740-be92-258cd1f7a80e,CONSUMER,1400,1,did:web:ssi-dim-wallet-service.identity:BPNL00000003AYRE,dce2dbc1-690f-4fac-be1c-c9fdeff60f63,1791548212937,1791549803471,1791549803471,"Failed to send termination to counter party: {""@type"":""ContractNegotiationError"",""code"":""409"",""reason"":[""Entity 8ee49379-246b-4f84-8e45-6125f7fff9c7 of kind edc_contract_negotiation is currently leased!""],""@context"":[""https://w3id.org/tractusx/auth/v1.0.0"",""https://w3id.org/catenax/2025/9/policy/con"
235a87ae-c7ab-4ef3-b890-7dd880d82243,CONSUMER,1400,1,did:web:ssi-dim-wallet-service.identity:BPNL00000003AYRE,2c249a5e-2808-497a-87af-6acfacc2f8a0,1791548213403,1791549802949,1791549802949,"Failed to send termination to counter party: {""@type"":""ContractNegotiationError"",""code"":""409"",""reason"":[""Entity 929fa2c1-2942-4804-970c-e12aeff4f1c5 of kind edc_contract_negotiation is currently leased!""],""@context"":[""https://w3id.org/tractusx/auth/v1.0.0"",""https://w3id.org/catenax/2025/9/policy/con"
5a713b00-d462-4bd5-be4e-9b125e2ab7a9,CONSUMER,1400,1,did:web:ssi-dim-wallet-service.identity:BPNL00000003AYRE,0cd2220f-b93c-48f5-af2f-35584f1dd5a9,1791548213549,1791549802965,1791549802965,"Failed to send termination to counter party: {""@type"":""ContractNegotiationError"",""code"":""409"",""reason"":[""Entity 5f39bdbe-59d9-4d67-8ccd-55f087830ac6 of kind edc_contract_negotiation is currently leased!""],""@context"":[""https://w3id.org/tractusx/auth/v1.0.0"",""https://w3id.org/catenax/2025/9/policy/con"
9d245a13-d076-4120-bff4-448cb0f644a7,CONSUMER,1400,1,did:web:ssi-dim-wallet-service.identity:BPNL00000003AYRE,efbcee37-e48d-49e3-a2b9-3e95346604a3,1791548213908,1791549802955,1791549802955,"Failed to send termination to counter party: {""@type"":""ContractNegotiationError"",""code"":""409"",""reason"":[""Entity eaaaaf60-f08b-436e-aad9-51d862a1d63c of kind edc_contract_negotiation is currently leased!""],""@context"":[""https://w3id.org/tractusx/auth/v1.0.0"",""https://w3id.org/catenax/2025/9/policy/con"
972b32aa-3d38-4886-8f66-d538081a76ad,CONSUMER,1400,1,did:web:ssi-dim-wallet-service.identity:BPNL00000003AYRE,1b018f8c-c75b-4118-a622-2e0c36683737,1791548214504,1791549803469,1791549803469,"Failed to send termination to counter party: {""@type"":""ContractNegotiationError"",""code"":""409"",""reason"":[""Entity abe98e94-c62f-432a-997a-b15595a41a26 of kind edc_contract_negotiation is currently leased!""],""@context"":[""https://w3id.org/tractusx/auth/v1.0.0"",""https://w3id.org/catenax/2025/9/policy/con"
0f5dc90e-99ae-44b8-84a7-5b01dd836a0a,CONSUMER,1400,1,did:web:ssi-dim-wallet-service.identity:BPNL00000003AYRE,c5e3df6c-480b-4fbd-97dd-b2f447995219,1791548214841,1791549803465,1791549803465,"Failed to send termination to counter party: {""@type"":""ContractNegotiationError"",""code"":""409"",""reason"":[""Entity 784dee9b-1bcc-45d2-847e-2b0888f8ab2c of kind edc_contract_negotiation is currently leased!""],""@context"":[""https://w3id.org/tractusx/auth/v1.0.0"",""https://w3id.org/catenax/2025/9/policy/con"
a5752fed-8c4b-4031-939d-366adc4843a4,CONSUMER,1400,1,did:web:ssi-dim-wallet-service.identity:BPNL00000003AYRE,508fd6b6-cf4e-42d8-a523-7470e15b792d,1791548214841,1791549802977,1791549802977,"Failed to send termination to counter party: {""@type"":""ContractNegotiationError"",""code"":""409"",""reason"":[""Entity 2933d268-5662-43cd-a515-74ca9dbfcb11 of kind edc_contract_negotiation is currently leased!""],""@context"":[""https://w3id.org/tractusx/auth/v1.0.0"",""https://w3id.org/catenax/2025/9/policy/con"
d8d2c867-de62-4b57-9362-9bad9c3c209d,CONSUMER,1400,1,did:web:ssi-dim-wallet-service.identity:BPNL00000003AYRE,93b37504-a0a9-4b3c-b9ec-934990908590,1791548214905,1791549745038,1791549745038,"Failed to send termination to counter party: {""@type"":""ContractNegotiationError"",""code"":""409"",""reason"":[""Entity 0244b7a4-e149-44ac-aa3b-80b48eea6269 of kind edc_contract_negotiation is currently leased!""],""@context"":[""https://w3id.org/tractusx/auth/v1.0.0"",""https://w3id.org/catenax/2025/9/policy/con"
8c1853df-eb89-4968-9ecb-cca22c976c1b,CONSUMER,1400,1,did:web:ssi-dim-wallet-service.identity:BPNL00000003AYRE,fbd5e3a7-9241-4024-b5fb-21bb041b9690,1791548216011,1791549745241,1791549745241,"Failed to send termination to counter party: {""@type"":""ContractNegotiationError"",""code"":""409"",""reason"":[""Entity c51b986b-9c0b-49f3-b57b-2f8dfb8102ef of kind edc_contract_negotiation is currently leased!""],""@context"":[""https://w3id.org/tractusx/auth/v1.0.0"",""https://w3id.org/catenax/2025/9/policy/con"
9d674335-bce9-411d-8208-04837b96c73c,CONSUMER,1400,1,did:web:ssi-dim-wallet-service.identity:BPNL00000003AYRE,ad6b4bdb-edcb-467a-acec-ce094014e478,1791548216012,1791549745236,1791549745236,"Failed to send termination to counter party: {""@type"":""ContractNegotiationError"",""code"":""409"",""reason"":[""Entity 02048c73-da96-488e-9dff-64b03b753c47 of kind edc_contract_negotiation is currently leased!""],""@context"":[""https://w3id.org/tractusx/auth/v1.0.0"",""https://w3id.org/catenax/2025/9/policy/con"
6aef8abe-8bab-45c2-baba-e7a080597a2b,CONSUMER,1400,1,did:web:ssi-dim-wallet-service.identity:BPNL00000003AYRE,9b4cb424-5c15-42fd-acf7-09f12bc04c20,1791548216804,1791549745237,1791549745237,"Failed to send termination to counter party: {""@type"":""ContractNegotiationError"",""code"":""409"",""reason"":[""Entity b0a254d5-46fd-424b-a9e5-1a2600882722 of kind edc_contract_negotiation is currently leased!""],""@context"":[""https://w3id.org/tractusx/auth/v1.0.0"",""https://w3id.org/catenax/2025/9/policy/con"
187af81a-0dfa-4c1a-a43a-c39ea9a84d70,CONSUMER,1400,1,did:web:ssi-dim-wallet-service.identity:BPNL00000003AYRE,a7993459-0527-41a0-8f9d-6a904aa1a423,1791548216808,1791549745353,1791549745353,"Failed to send termination to counter party: {""@type"":""ContractNegotiationError"",""code"":""409"",""reason"":[""Entity e1240999-3a95-467b-b20f-c7e982d2ddd0 of kind edc_contract_negotiation is currently leased!""],""@context"":[""https://w3id.org/tractusx/auth/v1.0.0"",""https://w3id.org/catenax/2025/9/policy/con"
3d805906-7707-42a0-8d58-e53f33beccbb,CONSUMER,1400,1,did:web:ssi-dim-wallet-service.identity:BPNL00000003AYRE,4e75d446-c896-49cf-86ec-91a168b99764,1791548217049,1791549745541,1791549745541,"Failed to send termination to counter party: {""@type"":""ContractNegotiationError"",""code"":""409"",""reason"":[""Entity 3261f418-f9c8-4fb2-adb2-7b6d82396ce2 of kind edc_contract_negotiation is currently leased!""],""@context"":[""https://w3id.org/tractusx/auth/v1.0.0"",""https://w3id.org/catenax/2025/9/policy/con"
073c0873-576b-4979-96fa-f8a027cff38c,CONSUMER,1400,1,did:web:ssi-dim-wallet-service.identity:BPNL00000003AYRE,f3fea4da-47a9-4444-b04a-5c3f5826f009,1791548217804,1791549806341,1791549806341,"Failed to send termination to counter party: {""@type"":""ContractNegotiationError"",""code"":""409"",""reason"":[""Entity 3d0b5709-e409-4e1f-8fbc-bae4e5bd21a8 of kind edc_contract_negotiation is currently leased!""],""@context"":[""https://w3id.org/tractusx/auth/v1.0.0"",""https://w3id.org/catenax/2025/9/policy/con"
9a641316-b500-47bc-818e-6dda7adc75ff,CONSUMER,1400,1,did:web:ssi-dim-wallet-service.identity:BPNL00000003AYRE,f4eb3504-0687-4d82-99c3-d3caae527210,1791548218137,1791549806270,1791549806270,"Failed to send termination to counter party: {""@type"":""ContractNegotiationError"",""code"":""409"",""reason"":[""Entity a6d5f5ba-9b20-4b84-994e-d33cd0085818 of kind edc_contract_negotiation is currently leased!""],""@context"":[""https://w3id.org/tractusx/auth/v1.0.0"",""https://w3id.org/catenax/2025/9/policy/con"
23772bd0-85a9-4fb7-86b5-cec2ed05f7cb,CONSUMER,1400,1,did:web:ssi-dim-wallet-service.identity:BPNL00000003AYRE,20a37b67-585e-4afd-bf3b-7509c6c31a0d,1791548218303,1791549806587,1791549806587,"Failed to send termination to counter party: {""@type"":""ContractNegotiationError"",""code"":""409"",""reason"":[""Entity f4862aa7-e137-426d-bfa3-b510f65e2749 of kind edc_contract_negotiation is currently leased!""],""@context"":[""https://w3id.org/tractusx/auth/v1.0.0"",""https://w3id.org/catenax/2025/9/policy/con"
4610391c-5877-4149-9026-9f9172fbac91,CONSUMER,1400,1,did:web:ssi-dim-wallet-service.identity:BPNL00000003AYRE,2e6933d8-d873-45e1-8b0a-64209c2aceb4,1791548218339,1791549806398,1791549806398,"Failed to send termination to counter party: {""@type"":""ContractNegotiationError"",""code"":""409"",""reason"":[""Entity cec9bae2-8f06-46d4-a947-857fe4b13b76 of kind edc_contract_negotiation is currently leased!""],""@context"":[""https://w3id.org/tractusx/auth/v1.0.0"",""https://w3id.org/catenax/2025/9/policy/con"
5ff31965-4ec7-4d0f-9680-4716da34f6f5,CONSUMER,1400,1,did:web:ssi-dim-wallet-service.identity:BPNL00000003AYRE,3b0acb8d-1881-4a44-b048-88487ec9a723,1791548218437,1791549806503,1791549806503,"Failed to send termination to counter party: {""@type"":""ContractNegotiationError"",""code"":""409"",""reason"":[""Entity 0d2791e6-39df-4440-bef8-0bff02210122 of kind edc_contract_negotiation is currently leased!""],""@context"":[""https://w3id.org/tractusx/auth/v1.0.0"",""https://w3id.org/catenax/2025/9/policy/con"
cfb2b1d0-67c6-43c9-aba5-0df0a4d26527,CONSUMER,1400,1,did:web:ssi-dim-wallet-service.identity:BPNL00000003AYRE,e34cb4dc-f0f0-476d-815a-4c32d4d6d840,1791548218441,1791549806855,1791549806855,"Failed to send termination to counter party: {""@type"":""ContractNegotiationError"",""code"":""409"",""reason"":[""Entity 6fb9a216-a5ec-4a78-a1d3-227838c3b53e of kind edc_contract_negotiation is currently leased!""],""@context"":[""https://w3id.org/tractusx/auth/v1.0.0"",""https://w3id.org/catenax/2025/9/policy/con"
9013c97a-81d0-49cf-aff8-3f3091c5d41f,CONSUMER,1400,1,did:web:ssi-dim-wallet-service.identity:BPNL00000003AYRE,d440cdd9-f23f-438e-9588-a4b5f85b05d2,1791548218640,1791549806940,1791549806940,"Failed to send termination to counter party: {""@type"":""ContractNegotiationError"",""code"":""409"",""reason"":[""Entity fa7ec1bb-8d61-45df-ad07-f205f478c5fe of kind edc_contract_negotiation is currently leased!""],""@context"":[""https://w3id.org/tractusx/auth/v1.0.0"",""https://w3id.org/catenax/2025/9/policy/con"
153844a6-0b7d-41a5-8ee3-68bd7c453f7b,CONSUMER,1400,1,did:web:ssi-dim-wallet-service.identity:BPNL00000003AYRE,26fa521d-72fb-4b14-81f1-6086022c83fb,1791548218712,1791549806761,1791549806761,"Failed to send termination to counter party: {""@type"":""ContractNegotiationError"",""code"":""409"",""reason"":[""Entity 5f28fe6b-ec78-4a99-bd5d-918010448611 of kind edc_contract_negotiation is currently leased!""],""@context"":[""https://w3id.org/tractusx/auth/v1.0.0"",""https://w3id.org/catenax/2025/9/policy/con"
0c81fd6c-9be3-464c-8de5-a91cf4b4d14b,CONSUMER,1400,1,did:web:ssi-dim-wallet-service.identity:BPNL00000003AYRE,f717cfce-cecc-4b6c-a876-1e12ba30a9d9,1791548218903,1791549807359,1791549807359,"Failed to send termination to counter party: {""@type"":""ContractNegotiationError"",""code"":""409"",""reason"":[""Entity 626f1025-5bf4-418c-93c3-497ae7fccf8d of kind edc_contract_negotiation is currently leased!""],""@context"":[""https://w3id.org/tractusx/auth/v1.0.0"",""https://w3id.org/catenax/2025/9/policy/con"
239dfed5-9c4a-465b-b7d5-e1cb42f75b53,CONSUMER,1400,1,did:web:ssi-dim-wallet-service.identity:BPNL00000003AYRE,5d8daca8-d2ac-40de-80a0-d6891c3575f7,1791548218942,1791549806957,1791549806957,"Failed to send termination to counter party: {""@type"":""ContractNegotiationError"",""code"":""409"",""reason"":[""Entity 92a3b5df-5f55-4c24-a55c-e2c921bb830b of kind edc_contract_negotiation is currently leased!""],""@context"":[""https://w3id.org/tractusx/auth/v1.0.0"",""https://w3id.org/catenax/2025/9/policy/con"
75d1f9ae-66db-42e7-b412-47294471c372,CONSUMER,1400,1,did:web:ssi-dim-wallet-service.identity:BPNL00000003AYRE,8940e730-f600-4977-a74f-7c95e770c4af,1791548219042,1791549806737,1791549806737,"Failed to send termination to counter party: {""@type"":""ContractNegotiationError"",""code"":""409"",""reason"":[""Entity 924b3f78-bc6d-4ede-8626-ef70bea5479c of kind edc_contract_negotiation is currently leased!""],""@context"":[""https://w3id.org/tractusx/auth/v1.0.0"",""https://w3id.org/catenax/2025/9/policy/con"
a0ed6699-ece9-4cba-9184-9cd67fb74bac,CONSUMER,1400,1,did:web:ssi-dim-wallet-service.identity:BPNL00000003AYRE,595cea14-de2e-47c1-a3c3-f5509c8f7eca,1791548219143,1791549807336,1791549807336,"Failed to send termination to counter party: {""@type"":""ContractNegotiationError"",""code"":""409"",""reason"":[""Entity 74e914a2-9dff-42f7-ad8c-4593d4224f53 of kind edc_contract_negotiation is currently leased!""],""@context"":[""https://w3id.org/tractusx/auth/v1.0.0"",""https://w3id.org/catenax/2025/9/policy/con"
637e1eee-b45c-4c53-b420-5c9434fe0d22,CONSUMER,1400,1,did:web:ssi-dim-wallet-service.identity:BPNL00000003AYRE,781006a8-3cb0-4d19-9fb7-2ba475486a50,1791548219145,1791549807341,1791549807341,"Failed to send termination to counter party: {""@type"":""ContractNegotiationError"",""code"":""409"",""reason"":[""Entity cf4e291e-b779-405f-a5a4-c68fdf18f623 of kind edc_contract_negotiation is currently leased!""],""@context"":[""https://w3id.org/tractusx/auth/v1.0.0"",""https://w3id.org/catenax/2025/9/policy/con"
45205187-1dff-427f-a98c-6c2d5cdc93e4,CONSUMER,1400,1,did:web:ssi-dim-wallet-service.identity:BPNL00000003AYRE,e41e6cfa-f306-41da-a0fd-22b23613961f,1791548219202,1791549807366,1791549807366,"Failed to send termination to counter party: {""@type"":""ContractNegotiationError"",""code"":""409"",""reason"":[""Entity d7e745ef-5afb-4653-ac2a-44192705d973 of kind edc_contract_negotiation is currently leased!""],""@context"":[""https://w3id.org/tractusx/auth/v1.0.0"",""https://w3id.org/catenax/2025/9/policy/con"
c1a9d1b9-703c-4bd0-aa04-0c9038ebf730,CONSUMER,1400,1,did:web:ssi-dim-wallet-service.identity:BPNL00000003AYRE,40901898-e93b-4a27-aa00-d188b213fc67,1791548219347,1791549807468,1791549807468,"Failed to send termination to counter party: {""@type"":""ContractNegotiationError"",""code"":""409"",""reason"":[""Entity 0e6df176-fee1-412a-ab78-299a0a5d6c23 of kind edc_contract_negotiation is currently leased!""],""@context"":[""https://w3id.org/tractusx/auth/v1.0.0"",""https://w3id.org/catenax/2025/9/policy/con"
4c29f63b-467c-467f-a5c6-6a8f9455450d,CONSUMER,1400,1,did:web:ssi-dim-wallet-service.identity:BPNL00000003AYRE,6c19df7f-2350-4082-b9fe-d95f21064b33,1791548219606,1791549807630,1791549807630,"Failed to send termination to counter party: {""@type"":""ContractNegotiationError"",""code"":""409"",""reason"":[""Entity 6347101d-fb14-4498-b2f4-86f155580460 of kind edc_contract_negotiation is currently leased!""],""@context"":[""https://w3id.org/tractusx/auth/v1.0.0"",""https://w3id.org/catenax/2025/9/policy/con"
e3530064-0e10-4dc3-a042-93f81543ede3,CONSUMER,1400,1,did:web:ssi-dim-wallet-service.identity:BPNL00000003AYRE,13164390-355d-46d9-b195-a891cb9c2940,1791548219802,1791549807562,1791549807562,"Failed to send termination to counter party: {""@type"":""ContractNegotiationError"",""code"":""409"",""reason"":[""Entity 9269d526-ef5d-4521-89ce-f20544345577 of kind edc_contract_negotiation is currently leased!""],""@context"":[""https://w3id.org/tractusx/auth/v1.0.0"",""https://w3id.org/catenax/2025/9/policy/con"
0b67c478-5b21-44b9-bbd9-9e67973c0059,CONSUMER,1400,1,did:web:ssi-dim-wallet-service.identity:BPNL00000003AYRE,b2637f27-cef0-465f-9d8c-1d80d748d6f7,1791548219904,1791549808937,1791549808937,"Failed to send termination to counter party: {""@type"":""ContractNegotiationError"",""code"":""409"",""reason"":[""Entity fc4d2852-03f6-41b5-b652-f779ff89a9d3 of kind edc_contract_negotiation is currently leased!""],""@context"":[""https://w3id.org/tractusx/auth/v1.0.0"",""https://w3id.org/catenax/2025/9/policy/con"
05d33157-11d2-4b09-a3ec-3e56d0f0231b,CONSUMER,1400,1,did:web:ssi-dim-wallet-service.identity:BPNL00000003AYRE,1832b3c6-d59a-40df-a12f-95a7cf5a63c3,1791548219910,1791549809044,1791549809044,"Failed to send termination to counter party: {""@type"":""ContractNegotiationError"",""code"":""409"",""reason"":[""Entity 07f619b6-8d71-4718-bc83-b5a8157a1d5d of kind edc_contract_negotiation is currently leased!""],""@context"":[""https://w3id.org/tractusx/auth/v1.0.0"",""https://w3id.org/catenax/2025/9/policy/con"
0e9d57a8-c7ec-46a5-b417-37575666471a,CONSUMER,1400,1,did:web:ssi-dim-wallet-service.identity:BPNL00000003AYRE,a282ead5-e713-45f6-901a-4df5a99ae012,1791548220014,1791549808939,1791549808939,"Failed to send termination to counter party: {""@type"":""ContractNegotiationError"",""code"":""409"",""reason"":[""Entity 35e3f8aa-9838-44b9-a60f-4d6b0e9fa2c7 of kind edc_contract_negotiation is currently leased!""],""@context"":[""https://w3id.org/tractusx/auth/v1.0.0"",""https://w3id.org/catenax/2025/9/policy/con"
0ca4b03d-c1b5-49c1-b2b7-07b417ee042b,CONSUMER,1400,1,did:web:ssi-dim-wallet-service.identity:BPNL00000003AYRE,e1a99dd0-bf67-47f3-af3f-9d87f574dfa6,1791548220111,1791549809372,1791549809372,"Failed to send termination to counter party: {""@type"":""ContractNegotiationError"",""code"":""409"",""reason"":[""Entity 598fe618-3fa9-4ae7-ab70-1d1dee0e131e of kind edc_contract_negotiation is currently leased!""],""@context"":[""https://w3id.org/tractusx/auth/v1.0.0"",""https://w3id.org/catenax/2025/9/policy/con"
9f7f7f3f-4e0e-497b-b840-a64e173a975c,CONSUMER,1400,1,did:web:ssi-dim-wallet-service.identity:BPNL00000003AYRE,b152a611-ae91-4295-bfbc-50f6511c493b,1791548220138,1791549809502,1791549809502,"Failed to send termination to counter party: {""@type"":""ContractNegotiationError"",""code"":""409"",""reason"":[""Entity 8a7dbf12-29e6-4afa-9be3-139360f8ba1f of kind edc_contract_negotiation is currently leased!""],""@context"":[""https://w3id.org/tractusx/auth/v1.0.0"",""https://w3id.org/catenax/2025/9/policy/con"
d2829e7e-a76e-4873-97d0-b1a973848fbd,CONSUMER,1400,1,did:web:ssi-dim-wallet-service.identity:BPNL00000003AYRE,9a71e271-4002-42c4-9867-055160b5aa71,1791548220509,1791549809537,1791549809537,"Failed to send termination to counter party: {""@type"":""ContractNegotiationError"",""code"":""409"",""reason"":[""Entity 3344c44c-092d-432e-991b-b842071418fa of kind edc_contract_negotiation is currently leased!""],""@context"":[""https://w3id.org/tractusx/auth/v1.0.0"",""https://w3id.org/catenax/2025/9/policy/con"
0372711e-4342-41c3-a6dc-ff6ded8ccda8,CONSUMER,1400,1,did:web:ssi-dim-wallet-service.identity:BPNL00000003AYRE,78a36bc2-11ff-408e-9b9c-321ff0c58b43,1791548220638,1791549809542,1791549809542,"Failed to send termination to counter party: {""@type"":""ContractNegotiationError"",""code"":""409"",""reason"":[""Entity 8a3194a2-39f8-444c-8a32-f34d5ca95868 of kind edc_contract_negotiation is currently leased!""],""@context"":[""https://w3id.org/tractusx/auth/v1.0.0"",""https://w3id.org/catenax/2025/9/policy/con"
4224426d-f0d0-40c8-ba68-05786e8d2f49,CONSUMER,1400,1,did:web:ssi-dim-wallet-service.identity:BPNL00000003AYRE,eacdca3a-424d-4e06-b402-f1396c1000f2,1791548221303,1791549810158,1791549810158,"Failed to send termination to counter party: {""@type"":""ContractNegotiationError"",""code"":""409"",""reason"":[""Entity 3088fe9c-a622-487e-8653-7981f0416d77 of kind edc_contract_negotiation is currently leased!""],""@context"":[""https://w3id.org/tractusx/auth/v1.0.0"",""https://w3id.org/catenax/2025/9/policy/con"
b3db966d-fd9e-4d06-b712-22dcbe555101,CONSUMER,1400,1,did:web:ssi-dim-wallet-service.identity:BPNL00000003AYRE,b5a7cd01-6cf4-4be0-a7b4-e5062cf0d48e,1791548221503,1791549809638,1791549809638,"Failed to send termination to counter party: {""@type"":""ContractNegotiationError"",""code"":""409"",""reason"":[""Entity 659bb0fc-7f52-4ee9-9c49-7bd5fa56bcd4 of kind edc_contract_negotiation is currently leased!""],""@context"":[""https://w3id.org/tractusx/auth/v1.0.0"",""https://w3id.org/catenax/2025/9/policy/con"
6646e14d-9d35-40b1-ac92-d60d56071095,CONSUMER,1400,1,did:web:ssi-dim-wallet-service.identity:BPNL00000003AYRE,dd1e34d0-6ac1-4237-8e8c-ddc55c7be8dc,1791548221637,1791549809743,1791549809743,"Failed to send termination to counter party: {""@type"":""ContractNegotiationError"",""code"":""409"",""reason"":[""Entity 30e19722-1263-46fd-9ac7-d5769fbf4daa of kind edc_contract_negotiation is currently leased!""],""@context"":[""https://w3id.org/tractusx/auth/v1.0.0"",""https://w3id.org/catenax/2025/9/policy/con"
ebccd2cb-e99a-49ce-b5fe-3915753279d9,CONSUMER,1400,1,did:web:ssi-dim-wallet-service.identity:BPNL00000003AYRE,02ff59ba-7367-4472-9373-b5d05a385ef9,1791548221706,1791549809767,1791549809767,"Failed to send termination to counter party: {""@type"":""ContractNegotiationError"",""code"":""409"",""reason"":[""Entity 34f2e37f-cf71-4bde-b6fc-ee8d1ff63836 of kind edc_contract_negotiation is currently leased!""],""@context"":[""https://w3id.org/tractusx/auth/v1.0.0"",""https://w3id.org/catenax/2025/9/policy/con"
dd63871b-4f13-4c34-92b6-8552d778ebd6,CONSUMER,1400,1,did:web:ssi-dim-wallet-service.identity:BPNL00000003AYRE,d18d5e75-a3ba-4af4-8780-c2e3d7caa721,1791548221805,1791549810234,1791549810234,"Failed to send termination to counter party: {""@type"":""ContractNegotiationError"",""code"":""409"",""reason"":[""Entity e4ae38e7-5498-4917-9b3a-19a724535224 of kind edc_contract_negotiation is currently leased!""],""@context"":[""https://w3id.org/tractusx/auth/v1.0.0"",""https://w3id.org/catenax/2025/9/policy/con"
3e829f52-27f0-4998-af84-97f9634fc65d,CONSUMER,200,1,did:web:ssi-dim-wallet-service.identity:BPNL00000003AYRE,,1791548221841,1791549077149,1791549077149,
fcddbc98-1276-4b79-8be3-a86c68185977,CONSUMER,1400,1,did:web:ssi-dim-wallet-service.identity:BPNL00000003AYRE,f34464a3-7257-4ef4-ab4a-6a5edf5f7c91,1791548222606,1791549809938,1791549809938,"Failed to send termination to counter party: {""@type"":""ContractNegotiationError"",""code"":""409"",""reason"":[""Entity 2306ffae-4e21-4005-9d4c-40e4d7ca1a11 of kind edc_contract_negotiation is currently leased!""],""@context"":[""https://w3id.org/tractusx/auth/v1.0.0"",""https://w3id.org/catenax/2025/9/policy/con"
578145f8-dec9-4e05-9c8d-1b58578128a2,CONSUMER,200,1,did:web:ssi-dim-wallet-service.identity:BPNL00000003AYRE,,1791548222637,1791549076941,1791549076941,
cd8e758c-885a-4ba1-9d91-5f469d89df1c,CONSUMER,200,1,did:web:ssi-dim-wallet-service.identity:BPNL00000003AYRE,,1791548222639,1791549077342,1791549077342,
fab8441b-e1fa-4171-b4aa-11d7f027a257,CONSUMER,200,1,did:web:ssi-dim-wallet-service.identity:BPNL00000003AYRE,,1791548222811,1791549077349,1791549077349,
21d53744-4473-4240-9c42-870c37043777,CONSUMER,200,1,did:web:ssi-dim-wallet-service.identity:BPNL00000003AYRE,,1791548222813,1791549077349,1791549077349,
967e6dd2-da7b-4e8c-b3bc-8c2537bd2658,CONSUMER,200,1,did:web:ssi-dim-wallet-service.identity:BPNL00000003AYRE,,1791548222905,1791549077540,1791549077540,
f647a07d-7db8-4032-ae9e-398cc990aa04,CONSUMER,1400,1,did:web:ssi-dim-wallet-service.identity:BPNL00000003AYRE,01ed13b2-4cc8-4bc2-b8be-806f8abe6207,1791548223203,1791549810265,1791549810265,"Failed to send termination to counter party: {""@type"":""ContractNegotiationError"",""code"":""409"",""reason"":[""Entity 7baf8e27-a3e9-4466-b32d-f764532aafdc of kind edc_contract_negotiation is currently leased!""],""@context"":[""https://w3id.org/tractusx/auth/v1.0.0"",""https://w3id.org/catenax/2025/9/policy/con"
5a6f4fce-4dc0-4953-973a-d5b222d889f6,CONSUMER,1400,1,did:web:ssi-dim-wallet-service.identity:BPNL00000003AYRE,6c23ee25-b420-434d-9b44-da12ebca52c6,1791548223342,1791549810346,1791549810346,"Failed to send termination to counter party: {""@type"":""ContractNegotiationError"",""code"":""409"",""reason"":[""Entity ec39a13a-c120-4baf-820f-d93f26ca3c02 of kind edc_contract_negotiation is currently leased!""],""@context"":[""https://w3id.org/tractusx/auth/v1.0.0"",""https://w3id.org/catenax/2025/9/policy/con"
156f80af-03d5-476e-a8d3-19a5b0585792,CONSUMER,1400,1,did:web:ssi-dim-wallet-service.identity:BPNL00000003AYRE,40aa69ed-ffb6-46eb-b9ab-6258ad449050,1791548223538,1791549810172,1791549810172,"Failed to send termination to counter party: {""@type"":""ContractNegotiationError"",""code"":""409"",""reason"":[""Entity 33e19a42-18d3-465e-aa05-93b9bc8814d2 of kind edc_contract_negotiation is currently leased!""],""@context"":[""https://w3id.org/tractusx/auth/v1.0.0"",""https://w3id.org/catenax/2025/9/policy/con"
78753287-cdd0-4b83-ab2b-a8c30140696c,CONSUMER,1400,1,did:web:ssi-dim-wallet-service.identity:BPNL00000003AYRE,da370376-e7d3-4cbe-84cb-b9eb45ec2517,1791548223603,1791549810339,1791549810339,"Failed to send termination to counter party: {""@type"":""ContractNegotiationError"",""code"":""409"",""reason"":[""Entity 2d5aee19-28fa-492e-b096-8f15eecbeefb of kind edc_contract_negotiation is currently leased!""],""@context"":[""https://w3id.org/tractusx/auth/v1.0.0"",""https://w3id.org/catenax/2025/9/policy/con"
96ee26b2-acd9-457d-80f0-5e0b5ade6356,CONSUMER,200,1,did:web:ssi-dim-wallet-service.identity:BPNL00000003AYRE,,1791548223610,1791549077942,1791549077942,
80614898-f6c4-4940-9b49-cc24f6155da7,CONSUMER,200,1,did:web:ssi-dim-wallet-service.identity:BPNL00000003AYRE,,1791548223905,1791549078043,1791549078043,
302ebe36-76a1-428e-81a0-23827867bf6b,CONSUMER,200,1,did:web:ssi-dim-wallet-service.identity:BPNL00000003AYRE,,1791548224317,1791549078239,1791549078239,
5032e250-202b-42bb-afb2-83c8ba448e47,CONSUMER,200,1,did:web:ssi-dim-wallet-service.identity:BPNL00000003AYRE,,1791548224322,1791549078346,1791549078346,
7388730a-deca-4dfb-977d-1a92095c4fe1,CONSUMER,1400,1,did:web:ssi-dim-wallet-service.identity:BPNL00000003AYRE,3ba519f0-6598-4ee0-beb2-d672d72c3671,1791548224604,1791549753053,1791549753053,"Failed to send termination to counter party: {""@type"":""ContractNegotiationError"",""code"":""409"",""reason"":[""Entity cf6b1fba-ded8-451c-8847-f8c60ac0439e of kind edc_contract_negotiation is currently leased!""],""@context"":[""https://w3id.org/tractusx/auth/v1.0.0"",""https://w3id.org/catenax/2025/9/policy/con"
5c226c96-e1d0-4e37-91c9-8aaab71b4321,CONSUMER,1400,1,did:web:ssi-dim-wallet-service.identity:BPNL00000003AYRE,d60cb646-fdf1-4cda-93d9-23de6c74ae91,1791548224808,1791549752833,1791549752833,"Failed to send termination to counter party: {""@type"":""ContractNegotiationError"",""code"":""409"",""reason"":[""Entity 268ec459-908e-4d39-8b7f-26924fc2ebac of kind edc_contract_negotiation is currently leased!""],""@context"":[""https://w3id.org/tractusx/auth/v1.0.0"",""https://w3id.org/catenax/2025/9/policy/con"
7eb19f96-3199-4585-b693-68ba6dd040c5,CONSUMER,1400,1,did:web:ssi-dim-wallet-service.identity:BPNL00000003AYRE,7fb238f7-d493-4d0a-9ed1-8644954924ff,1791548226947,1791549752960,1791549752960,"Failed to send termination to counter party: {""@type"":""ContractNegotiationError"",""code"":""409"",""reason"":[""Entity 7153adc2-831d-40b3-a999-bc0481f9a549 of kind edc_contract_negotiation is currently leased!""],""@context"":[""https://w3id.org/tractusx/auth/v1.0.0"",""https://w3id.org/catenax/2025/9/policy/con"
e15944fc-c1ec-4b85-ab0a-a15390840aa6,CONSUMER,1400,1,did:web:ssi-dim-wallet-service.identity:BPNL00000003AYRE,868f27c7-ca19-4e02-aeb6-fdcc99c5b773,1791548227110,1791549752866,1791549752866,"Failed to send termination to counter party: {""@type"":""ContractNegotiationError"",""code"":""409"",""reason"":[""Entity 38baf5a1-d9d1-4079-bd93-d390d00b59d7 of kind edc_contract_negotiation is currently leased!""],""@context"":[""https://w3id.org/tractusx/auth/v1.0.0"",""https://w3id.org/catenax/2025/9/policy/con"
aaebdf62-4b30-46cd-9178-2d80c73657ee,CONSUMER,1400,1,did:web:ssi-dim-wallet-service.identity:BPNL00000003AYRE,b25d8dd4-23ff-4b3b-b220-c75988728157,1791548227250,1791549753063,1791549753063,"Failed to send termination to counter party: {""@type"":""ContractNegotiationError"",""code"":""409"",""reason"":[""Entity c456455e-1f78-46d1-8f44-4a4466ead97d of kind edc_contract_negotiation is currently leased!""],""@context"":[""https://w3id.org/tractusx/auth/v1.0.0"",""https://w3id.org/catenax/2025/9/policy/con"
fbdbedf0-61f2-4428-a701-7a1c74b3da84,CONSUMER,1400,1,did:web:ssi-dim-wallet-service.identity:BPNL00000003AYRE,ea0cd6ba-abff-4a9a-81af-5ff3f5aa3345,1791548227806,1791549753238,1791549753238,"Failed to send termination to counter party: {""@type"":""ContractNegotiationError"",""code"":""409"",""reason"":[""Entity 7caf1611-94d3-4f31-8b94-a2f8fd7406af of kind edc_contract_negotiation is currently leased!""],""@context"":[""https://w3id.org/tractusx/auth/v1.0.0"",""https://w3id.org/catenax/2025/9/policy/con"
f7261626-e2b2-4763-a10f-cb410e78dc48,CONSUMER,1400,1,did:web:ssi-dim-wallet-service.identity:BPNL00000003AYRE,6c1f624d-fae4-46b0-81c8-73f036ef4f55,1791548227902,1791549753257,1791549753257,"Failed to send termination to counter party: {""@type"":""ContractNegotiationError"",""code"":""409"",""reason"":[""Entity 3b5a5645-f52e-4600-b6e9-f42074e59a81 of kind edc_contract_negotiation is currently leased!""],""@context"":[""https://w3id.org/tractusx/auth/v1.0.0"",""https://w3id.org/catenax/2025/9/policy/con"
1413dd11-4f17-4481-87de-b267d3d44461,CONSUMER,1400,1,did:web:ssi-dim-wallet-service.identity:BPNL00000003AYRE,c7f14fcd-2c5f-48c0-8291-3540228b8d0e,1791548227948,1791549753270,1791549753270,"Failed to send termination to counter party: {""@type"":""ContractNegotiationError"",""code"":""409"",""reason"":[""Entity 2a154121-838b-4564-b505-183e6d723fe0 of kind edc_contract_negotiation is currently leased!""],""@context"":[""https://w3id.org/tractusx/auth/v1.0.0"",""https://w3id.org/catenax/2025/9/policy/con"
02e71983-d941-46af-83d4-2c025512b6d8,CONSUMER,1400,1,did:web:ssi-dim-wallet-service.identity:BPNL00000003AYRE,bc44012a-a417-4b49-bab9-b7938d539131,1791548228002,1791549753260,1791549753260,"Failed to send termination to counter party: {""@type"":""ContractNegotiationError"",""code"":""409"",""reason"":[""Entity 47c410ef-58cb-4ae4-a733-305cbe6d4005 of kind edc_contract_negotiation is currently leased!""],""@context"":[""https://w3id.org/tractusx/auth/v1.0.0"",""https://w3id.org/catenax/2025/9/policy/con"
5e074883-5f3a-40f2-9b61-fdd95f5a1976,CONSUMER,1400,1,did:web:ssi-dim-wallet-service.identity:BPNL00000003AYRE,9bc0abf5-24b1-425d-8fa4-1e1988860419,1791548228002,1791549753362,1791549753362,"Failed to send termination to counter party: {""@type"":""ContractNegotiationError"",""code"":""409"",""reason"":[""Entity bff6f2c3-01f0-4327-a52e-d726b3c93684 of kind edc_contract_negotiation is currently leased!""],""@context"":[""https://w3id.org/tractusx/auth/v1.0.0"",""https://w3id.org/catenax/2025/9/policy/con"
b6c56bc8-ff40-4745-993d-c5914ded1328,CONSUMER,1400,1,did:web:ssi-dim-wallet-service.identity:BPNL00000003AYRE,67a37197-1861-4281-825e-b15168b7b95a,1791548228543,1791549755740,1791549755740,"Failed to send termination to counter party: {""@type"":""ContractNegotiationError"",""code"":""409"",""reason"":[""Entity e9b969c9-b9b2-44d6-a40e-14334a3507b7 of kind edc_contract_negotiation is currently leased!""],""@context"":[""https://w3id.org/tractusx/auth/v1.0.0"",""https://w3id.org/catenax/2025/9/policy/con"
603e2bc9-f56b-44c1-8444-562e4dc32321,CONSUMER,1400,1,did:web:ssi-dim-wallet-service.identity:BPNL00000003AYRE,7ee2f86f-312b-4609-9f0b-262388751617,1791548228902,1791549753340,1791549753340,"Failed to send termination to counter party: {""@type"":""ContractNegotiationError"",""code"":""409"",""reason"":[""Entity 44980ddc-baeb-460f-ba76-23e04c50d65c of kind edc_contract_negotiation is currently leased!""],""@context"":[""https://w3id.org/tractusx/auth/v1.0.0"",""https://w3id.org/catenax/2025/9/policy/con"
c0cdfcad-aa01-4487-b1ba-26d409a4c0d7,CONSUMER,1400,1,did:web:ssi-dim-wallet-service.identity:BPNL00000003AYRE,9921c6a7-ef47-44c7-8bd5-57d5264918b9,1791548229409,1791549755739,1791549755739,"Failed to send termination to counter party: {""@type"":""ContractNegotiationError"",""code"":""409"",""reason"":[""Entity 3ca4e662-bd7a-4f20-aaa9-61e691e6a1ea of kind edc_contract_negotiation is currently leased!""],""@context"":[""https://w3id.org/tractusx/auth/v1.0.0"",""https://w3id.org/catenax/2025/9/policy/con"
84aa3f8c-1b64-4c8e-be35-910a8d69787c,CONSUMER,1400,1,did:web:ssi-dim-wallet-service.identity:BPNL00000003AYRE,e3dc7563-0b84-427b-abbd-a7e1f8aff280,1791548229541,1791549755735,1791549755735,"Failed to send termination to counter party: {""@type"":""ContractNegotiationError"",""code"":""409"",""reason"":[""Entity ec90a590-f095-4db9-98e9-a88da8b1d810 of kind edc_contract_negotiation is currently leased!""],""@context"":[""https://w3id.org/tractusx/auth/v1.0.0"",""https://w3id.org/catenax/2025/9/policy/con"
4fb66f77-64eb-4bb8-b8e5-17177e9317c3,CONSUMER,1400,1,did:web:ssi-dim-wallet-service.identity:BPNL00000003AYRE,1979f647-263d-4638-8441-2b39123664a1,1791548230408,1791549755758,1791549755758,"Failed to send termination to counter party: {""@type"":""ContractNegotiationError"",""code"":""409"",""reason"":[""Entity 2330e18d-0ae4-4043-913e-b59339d80ae3 of kind edc_contract_negotiation is currently leased!""],""@context"":[""https://w3id.org/tractusx/auth/v1.0.0"",""https://w3id.org/catenax/2025/9/policy/con"
e9dc6908-1b26-49fd-8aa8-fdf6580e7314,CONSUMER,1400,1,did:web:ssi-dim-wallet-service.identity:BPNL00000003AYRE,677215f4-1808-4440-9f1b-32a0dc5009cb,1791548231204,1791549755759,1791549755759,"Failed to send termination to counter party: {""@type"":""ContractNegotiationError"",""code"":""409"",""reason"":[""Entity 5b4626de-5870-4e78-9f48-a6c2445fb245 of kind edc_contract_negotiation is currently leased!""],""@context"":[""https://w3id.org/tractusx/auth/v1.0.0"",""https://w3id.org/catenax/2025/9/policy/con"
22d13d6a-41f5-4dd9-a4c0-ee9a0449073c,CONSUMER,1400,1,did:web:ssi-dim-wallet-service.identity:BPNL00000003AYRE,a2d7a8c0-5cbe-4203-ab10-b415e27c72b0,1791548231407,1791549759330,1791549759330,"Failed to send termination to counter party: {""@type"":""ContractNegotiationError"",""code"":""409"",""reason"":[""Entity e47daa18-5ad6-494b-b5aa-3be1c9b8d1a1 of kind edc_contract_negotiation is currently leased!""],""@context"":[""https://w3id.org/tractusx/auth/v1.0.0"",""https://w3id.org/catenax/2025/9/policy/con"
5159f6af-f1be-425a-87e1-4e57154e0537,CONSUMER,1400,1,did:web:ssi-dim-wallet-service.identity:BPNL00000003AYRE,265c4996-b82f-46fa-8fdb-e4ce9d302015,1791548231437,1791549759265,1791549759265,"Failed to send termination to counter party: {""@type"":""ContractNegotiationError"",""code"":""409"",""reason"":[""Entity 8726e78c-201b-48f1-b365-5bbfff993eb4 of kind edc_contract_negotiation is currently leased!""],""@context"":[""https://w3id.org/tractusx/auth/v1.0.0"",""https://w3id.org/catenax/2025/9/policy/con"
7675e278-76f2-4860-9e34-0e8820100888,CONSUMER,1400,1,did:web:ssi-dim-wallet-service.identity:BPNL00000003AYRE,4a7da3b5-a3cc-4759-8f3a-a25e3908acdb,1791548231841,1791549759335,1791549759335,"Failed to send termination to counter party: {""@type"":""ContractNegotiationError"",""code"":""409"",""reason"":[""Entity c84e26f0-7545-44b4-be64-8265dd8ff713 of kind edc_contract_negotiation is currently leased!""],""@context"":[""https://w3id.org/tractusx/auth/v1.0.0"",""https://w3id.org/catenax/2025/9/policy/con"
584ecc3b-8284-4737-805c-80add5f7b630,CONSUMER,1400,1,did:web:ssi-dim-wallet-service.identity:BPNL00000003AYRE,950fd466-7c3b-4f4b-b903-b190bf84d0ff,1791548232411,1791549759436,1791549759436,"Failed to send termination to counter party: {""@type"":""ContractNegotiationError"",""code"":""409"",""reason"":[""Entity 8fb9103b-f6e0-48bb-a0e3-214b8bec3d5a of kind edc_contract_negotiation is currently leased!""],""@context"":[""https://w3id.org/tractusx/auth/v1.0.0"",""https://w3id.org/catenax/2025/9/policy/con"
018dfd40-af4f-48f5-901c-98d79a8d376c,CONSUMER,200,1,did:web:ssi-dim-wallet-service.identity:BPNL00000003AYRE,,1791548232643,1791549097961,1791549097961,
27e32261-53fc-4611-bd24-d17767649014,CONSUMER,200,1,did:web:ssi-dim-wallet-service.identity:BPNL00000003AYRE,,1791548233004,1791549098039,1791549098039,
a09de58c-3468-4e3a-88c5-1727bfdc33fe,CONSUMER,200,1,did:web:ssi-dim-wallet-service.identity:BPNL00000003AYRE,,1791548233104,1791549098248,1791549098248,
3ff573a1-3780-4d2e-b3d4-9587e9a98a34,CONSUMER,200,1,did:web:ssi-dim-wallet-service.identity:BPNL00000003AYRE,,1791548233307,1791549098444,1791549098444,
b0dd67b3-787f-4ca6-a2d6-fd17d24129dc,CONSUMER,200,1,did:web:ssi-dim-wallet-service.identity:BPNL00000003AYRE,,1791548233310,1791549098338,1791549098338,
c18c13cb-b231-4f51-9554-8b6d17a21190,CONSUMER,200,1,did:web:ssi-dim-wallet-service.identity:BPNL00000003AYRE,,1791548233403,1791549098546,1791549098546,
44c7a2b0-718c-4f3c-86fc-95adca60b1bd,CONSUMER,1400,1,did:web:ssi-dim-wallet-service.identity:BPNL00000003AYRE,dcbc0393-70e6-4504-9aeb-4921901d9d55,1791548233446,1791549809143,1791549809143,"Failed to send termination to counter party: {""@type"":""ContractNegotiationError"",""code"":""409"",""reason"":[""Entity 9cb51cdf-86aa-4c48-9b73-cd5ab1f5e486 of kind edc_contract_negotiation is currently leased!""],""@context"":[""https://w3id.org/tractusx/auth/v1.0.0"",""https://w3id.org/catenax/2025/9/policy/con"
c8f45710-5afa-41ae-bea7-e1d004c56fef,CONSUMER,200,1,did:web:ssi-dim-wallet-service.identity:BPNL00000003AYRE,,1791548233744,1791549098559,1791549098559,
0d4c83a8-801a-4417-9557-32f50c9d94c1,CONSUMER,1400,1,did:web:ssi-dim-wallet-service.identity:BPNL00000003AYRE,ab8d1483-c9d1-4315-8776-6cc1ee79f084,1791548234006,1791549809245,1791549809245,"Failed to send termination to counter party: {""@type"":""ContractNegotiationError"",""code"":""409"",""reason"":[""Entity c4239dc8-b25c-4391-8654-62c102aeaced of kind edc_contract_negotiation is currently leased!""],""@context"":[""https://w3id.org/tractusx/auth/v1.0.0"",""https://w3id.org/catenax/2025/9/policy/con"
0d929aee-7012-40c5-ac16-38e0a393eed7,CONSUMER,1400,1,did:web:ssi-dim-wallet-service.identity:BPNL00000003AYRE,8a21d8f5-d005-4958-9ea9-7fbe4d3b96af,1791548236844,1791549809301,1791549809301,"Failed to send verification to provider: {""@type"":""ContractNegotiationError"",""code"":""409"",""reason"":[""Cannot process ContractAgreementVerificationMessage because negotiation cannot be verified""],""@context"":[""https://w3id.org/tractusx/auth/v1.0.0"",""https://w3id.org/catenax/2025/9/policy/context.jsonld"
866af835-1091-4a12-bbb0-f3e76b78f166,CONSUMER,1400,1,did:web:ssi-dim-wallet-service.identity:BPNL00000003AYRE,75ebe4a7-def2-4b9c-93c6-30368ea7efad,1791548238647,1791549809237,1791549809237,"Failed to send termination to counter party: {""@type"":""ContractNegotiationError"",""code"":""409"",""reason"":[""Entity ed4d04af-fa75-4ab9-a7f4-b357b8506989 of kind edc_contract_negotiation is currently leased!""],""@context"":[""https://w3id.org/tractusx/auth/v1.0.0"",""https://w3id.org/catenax/2025/9/policy/con"
c2b466d9-2121-4c34-bb73-0988280b5087,CONSUMER,1400,1,did:web:ssi-dim-wallet-service.identity:BPNL00000003AYRE,6d74ff37-fac8-4cfc-8263-0585c1976fe2,1791548238746,1791549809235,1791549809235,"Failed to send verification to provider: {""@type"":""ContractNegotiationError"",""code"":""409"",""reason"":[""Cannot process ContractAgreementVerificationMessage because negotiation cannot be verified""],""@context"":[""https://w3id.org/tractusx/auth/v1.0.0"",""https://w3id.org/catenax/2025/9/policy/context.jsonld"
f17b5393-ea45-4699-a396-cc087d6a80fe,CONSUMER,1400,1,did:web:ssi-dim-wallet-service.identity:BPNL00000003AYRE,096fb5f7-6a9e-4a52-b311-4dc6e74313ae,1791548238806,1791549809402,1791549809402,"Failed to send verification to provider: {""@type"":""ContractNegotiationError"",""code"":""409"",""reason"":[""Cannot process ContractAgreementVerificationMessage because negotiation cannot be verified""],""@context"":[""https://w3id.org/tractusx/auth/v1.0.0"",""https://w3id.org/catenax/2025/9/policy/context.jsonld"
10c7f94a-9aad-4168-b227-21eac27ee475,CONSUMER,1400,1,did:web:ssi-dim-wallet-service.identity:BPNL00000003AYRE,90e4ad50-c6fb-472f-9520-9b38b7d681d6,1791548238906,1791549809365,1791549809365,"Failed to send verification to provider: {""@type"":""ContractNegotiationError"",""code"":""409"",""reason"":[""Cannot process ContractAgreementVerificationMessage because negotiation cannot be verified""],""@context"":[""https://w3id.org/tractusx/auth/v1.0.0"",""https://w3id.org/catenax/2025/9/policy/context.jsonld"
32c7dae0-58ac-4414-86b7-ded438ffefa9,CONSUMER,1400,1,did:web:ssi-dim-wallet-service.identity:BPNL00000003AYRE,1fd28791-cb2d-4681-b0b2-99ebc5eafff1,1791548239042,1791549809369,1791549809369,"Failed to send verification to provider: {""@type"":""ContractNegotiationError"",""code"":""409"",""reason"":[""Cannot process ContractAgreementVerificationMessage because negotiation cannot be verified""],""@context"":[""https://w3id.org/tractusx/auth/v1.0.0"",""https://w3id.org/catenax/2025/9/policy/context.jsonld"
c376ae3d-1f50-495d-8fc8-e5899c61de8e,CONSUMER,1400,1,did:web:ssi-dim-wallet-service.identity:BPNL00000003AYRE,f9fd12ce-86f3-4348-8f11-81da43f5b3ec,1791548239047,1791549809369,1791549809369,"Failed to send verification to provider: {""@type"":""ContractNegotiationError"",""code"":""409"",""reason"":[""Cannot process ContractAgreementVerificationMessage because negotiation cannot be verified""],""@context"":[""https://w3id.org/tractusx/auth/v1.0.0"",""https://w3id.org/catenax/2025/9/policy/context.jsonld"
67e6fd97-3c30-4348-ab9f-8630c24659f4,CONSUMER,1400,1,did:web:ssi-dim-wallet-service.identity:BPNL00000003AYRE,e09d4701-403f-4e8c-a9e7-e4f5bdcae38b,1791548239103,1791549817106,1791549817106,"Failed to send verification to provider: {""@type"":""ContractNegotiationError"",""code"":""409"",""reason"":[""Cannot process ContractAgreementVerificationMessage because negotiation cannot be verified""],""@context"":[""https://w3id.org/tractusx/auth/v1.0.0"",""https://w3id.org/catenax/2025/9/policy/context.jsonld"
8c916266-0eca-41f1-af42-8e81f5f400bd,CONSUMER,1400,1,did:web:ssi-dim-wallet-service.identity:BPNL00000003AYRE,af475e37-9973-44f9-ad00-fcaea883464e,1791548239138,1791549817263,1791549817263,"Failed to send verification to provider: {""@type"":""ContractNegotiationError"",""code"":""409"",""reason"":[""Cannot process ContractAgreementVerificationMessage because negotiation cannot be verified""],""@context"":[""https://w3id.org/tractusx/auth/v1.0.0"",""https://w3id.org/catenax/2025/9/policy/context.jsonld"
d51367f2-5d82-4111-91a3-d2a8f9bc4eec,CONSUMER,1400,1,did:web:ssi-dim-wallet-service.identity:BPNL00000003AYRE,35035a52-ad0d-467e-88a2-9e5b1ad76627,1791548239142,1791549817273,1791549817273,"Failed to send verification to provider: {""@type"":""ContractNegotiationError"",""code"":""409"",""reason"":[""Cannot process ContractAgreementVerificationMessage because negotiation cannot be verified""],""@context"":[""https://w3id.org/tractusx/auth/v1.0.0"",""https://w3id.org/catenax/2025/9/policy/context.jsonld"
8a134666-5f67-4b2a-b822-86e8b868a7f6,CONSUMER,1400,1,did:web:ssi-dim-wallet-service.identity:BPNL00000003AYRE,87924e51-8cd0-45b3-b6c8-3c3d195f8ce4,1791548239310,1791549817264,1791549817264,"Failed to send verification to provider: {""@type"":""ContractNegotiationError"",""code"":""409"",""reason"":[""Cannot process ContractAgreementVerificationMessage because negotiation cannot be verified""],""@context"":[""https://w3id.org/tractusx/auth/v1.0.0"",""https://w3id.org/catenax/2025/9/policy/context.jsonld"
7c685406-6be2-48d2-a1b7-b7f0aa5e2950,CONSUMER,200,1,did:web:ssi-dim-wallet-service.identity:BPNL00000003AYRE,,1791548239444,1791549153341,1791549153341,
6df0397b-464a-45aa-8032-8addb6475b7c,CONSUMER,200,1,did:web:ssi-dim-wallet-service.identity:BPNL00000003AYRE,,1791548239503,1791549153346,1791549153346,
c693d294-b537-482f-8cad-e95b757f7829,CONSUMER,200,1,did:web:ssi-dim-wallet-service.identity:BPNL00000003AYRE,,1791548239642,1791549153754,1791549153754,
43e94fac-29cc-4d9c-a36b-4bcdb1b6bec2,CONSUMER,200,1,did:web:ssi-dim-wallet-service.identity:BPNL00000003AYRE,,1791548241041,1791549153758,1791549153758,
8486821a-858f-4150-8c86-1446acf6ea55,CONSUMER,200,1,did:web:ssi-dim-wallet-service.identity:BPNL00000003AYRE,,1791548241045,1791549153765,1791549153765,
2b280611-8279-4073-b96b-427ff433b094,CONSUMER,200,1,did:web:ssi-dim-wallet-service.identity:BPNL00000003AYRE,,1791548241105,1791549153840,1791549153840,
4f29b04e-eb1e-47f5-af51-e7db55ee91d9,CONSUMER,200,1,did:web:ssi-dim-wallet-service.identity:BPNL00000003AYRE,,1791548241606,1791549153847,1791549153847,
275b1aa4-d7dd-46c7-a32f-843e805e4bae,CONSUMER,200,1,did:web:ssi-dim-wallet-service.identity:BPNL00000003AYRE,,1791548242657,1791549154039,1791549154039,
af7e8cb9-3181-4ccd-90aa-d75a284d2465,CONSUMER,200,1,did:web:ssi-dim-wallet-service.identity:BPNL00000003AYRE,,1791548242738,1791549154154,1791549154154,
11f692a2-ae4f-400a-a6c7-27dc9907a2bf,CONSUMER,200,1,did:web:ssi-dim-wallet-service.identity:BPNL00000003AYRE,,1791548242804,1791549154954,1791549154954,
a851573e-12fb-43dd-9704-fcdedf509a0b,CONSUMER,200,1,did:web:ssi-dim-wallet-service.identity:BPNL00000003AYRE,,1791548243439,1791549155254,1791549155254,
37553bac-a97e-4cb7-8471-bcb168148fff,CONSUMER,200,1,did:web:ssi-dim-wallet-service.identity:BPNL00000003AYRE,,1791548243703,1791549155140,1791549155140,
b5ec1134-53c8-424b-9106-5823e99689ae,CONSUMER,200,1,did:web:ssi-dim-wallet-service.identity:BPNL00000003AYRE,,1791548244343,1791549155057,1791549155057,
b55c0cbd-5843-4e42-a490-87a4e131ccec,CONSUMER,200,1,did:web:ssi-dim-wallet-service.identity:BPNL00000003AYRE,,1791548245609,1791549155245,1791549155245,
e64a5496-62af-45f6-8252-694bab71c0ef,CONSUMER,200,1,did:web:ssi-dim-wallet-service.identity:BPNL00000003AYRE,,1791548245641,1791549155456,1791549155456,
d3f3349b-45b3-4fb4-ba0b-49bd26e5882e,CONSUMER,200,1,did:web:ssi-dim-wallet-service.identity:BPNL00000003AYRE,,1791548246648,1791549155454,1791549155454,
e9e987d9-37c9-4e4a-a04b-8c87f4e6fc01,CONSUMER,200,1,did:web:ssi-dim-wallet-service.identity:BPNL00000003AYRE,,1791548248604,1791549155633,1791549155633,
e36dbcd9-a848-4af4-afd0-6e3d07d7e61a,CONSUMER,200,1,did:web:ssi-dim-wallet-service.identity:BPNL00000003AYRE,,1791548248613,1791549155544,1791549155544,
5e70d61c-331f-43ec-841e-1170eda65388,CONSUMER,200,1,did:web:ssi-dim-wallet-service.identity:BPNL00000003AYRE,,1791548248746,1791549155635,1791549155635,
075106c5-80da-432e-97ca-c3c60c9788e1,CONSUMER,200,1,did:web:ssi-dim-wallet-service.identity:BPNL00000003AYRE,,1791548248913,1791549155766,1791549155766,
ff04c701-bbe7-4dcf-aad3-7c3ec4daf3d5,CONSUMER,200,1,did:web:ssi-dim-wallet-service.identity:BPNL00000003AYRE,,1791548248941,1791549159649,1791549159649,
1186d5bd-aeec-4bf3-a408-a4f4546f517d,CONSUMER,200,1,did:web:ssi-dim-wallet-service.identity:BPNL00000003AYRE,,1791548248941,1791549159648,1791549159648,
c107a754-b9d7-48ba-b001-e6490861e47c,CONSUMER,200,1,did:web:ssi-dim-wallet-service.identity:BPNL00000003AYRE,,1791548248943,1791549159968,1791549159968,
7d52ade9-da74-4b8a-a8f1-eb788222d213,CONSUMER,200,1,did:web:ssi-dim-wallet-service.identity:BPNL00000003AYRE,,1791548249043,1791549159940,1791549159940,
e35c3cd3-ca53-4522-b3f7-43cb38a4abdd,CONSUMER,200,1,did:web:ssi-dim-wallet-service.identity:BPNL00000003AYRE,,1791548249104,1791549159739,1791549159739,
9a04da98-e35b-411b-bbe6-8169362578ec,CONSUMER,200,1,did:web:ssi-dim-wallet-service.identity:BPNL00000003AYRE,,1791548249303,1791549159970,1791549159970,
1959aca5-5c44-451a-a5de-29bcde541841,CONSUMER,200,1,did:web:ssi-dim-wallet-service.identity:BPNL00000003AYRE,,1791548249405,1791549159971,1791549159971,
2a317b52-acc3-44e0-864b-ab027c3574e8,CONSUMER,200,1,did:web:ssi-dim-wallet-service.identity:BPNL00000003AYRE,,1791548249841,1791549160055,1791549160055,
eea59779-b1b5-4284-8c67-05fe5ae54bb8,CONSUMER,200,1,did:web:ssi-dim-wallet-service.identity:BPNL00000003AYRE,,1791548249910,1791549160342,1791549160342,
b85c34f7-2046-49ff-8c9c-94f4e191d76b,CONSUMER,200,1,did:web:ssi-dim-wallet-service.identity:BPNL00000003AYRE,,1791548250036,1791549160343,1791549160343,
2385bed5-7b06-402b-ba4b-fff92b5bcedf,CONSUMER,200,1,did:web:ssi-dim-wallet-service.identity:BPNL00000003AYRE,,1791548250503,1791549160368,1791549160368,
5df3f23c-606b-42a2-9af4-95916236f666,CONSUMER,200,1,did:web:ssi-dim-wallet-service.identity:BPNL00000003AYRE,,1791548251703,1791549160944,1791549160944,
21602788-a75b-4339-8310-9a4ff5d0dd15,CONSUMER,200,1,did:web:ssi-dim-wallet-service.identity:BPNL00000003AYRE,,1791548251739,1791549161058,1791549161058,
3ae3cefe-ff5a-4408-9007-33b9c79f4a23,CONSUMER,200,1,did:web:ssi-dim-wallet-service.identity:BPNL00000003AYRE,,1791548251803,1791549161040,1791549161040,
b8b7db2e-f016-46f8-871c-612446a80240,CONSUMER,200,1,did:web:ssi-dim-wallet-service.identity:BPNL00000003AYRE,,1791548251839,1791549161255,1791549161255,
7fc4de33-7040-4cee-8424-bbaa3ba0657c,CONSUMER,200,1,did:web:ssi-dim-wallet-service.identity:BPNL00000003AYRE,,1791548253139,1791549161347,1791549161347,
2dbaa0a7-2f5c-46bc-8472-e6a60516ee9c,CONSUMER,200,1,did:web:ssi-dim-wallet-service.identity:BPNL00000003AYRE,,1791548253707,1791549161361,1791549161361,
8654904e-5731-4dc8-aab6-7d00eb0d6569,CONSUMER,200,1,did:web:ssi-dim-wallet-service.identity:BPNL00000003AYRE,,1791548253710,1791549161545,1791549161545,
38578f05-6cfc-4572-9830-d4e65fc6d4c4,CONSUMER,200,1,did:web:ssi-dim-wallet-service.identity:BPNL00000003AYRE,,1791548254002,1791549161446,1791549161446,
c9c7b0b6-b0a5-424c-8e2b-ea9c694aeded,CONSUMER,200,1,did:web:ssi-dim-wallet-service.identity:BPNL00000003AYRE,,1791548254012,1791549161776,1791549161776,
bbf8fd4e-1a3f-4e91-973d-406afb86aa17,CONSUMER,200,1,did:web:ssi-dim-wallet-service.identity:BPNL00000003AYRE,,1791548254407,1791549167139,1791549167139,
8e8e2514-a5bc-454f-98aa-af2ec668daca,CONSUMER,200,1,did:web:ssi-dim-wallet-service.identity:BPNL00000003AYRE,,1791548254412,1791549167042,1791549167042,
df15c39c-8434-4cc5-909c-c552e3246dfd,CONSUMER,200,1,did:web:ssi-dim-wallet-service.identity:BPNL00000003AYRE,,1791548254416,1791549167252,1791549167252,
7c298fee-86d9-465c-a694-b3704c58894a,CONSUMER,200,1,did:web:ssi-dim-wallet-service.identity:BPNL00000003AYRE,,1791548254605,1791549167242,1791549167242,
930223d9-3f4b-48a2-9a44-a3ffb3c1c28b,CONSUMER,200,1,did:web:ssi-dim-wallet-service.identity:BPNL00000003AYRE,,1791548255239,1791549167243,1791549167243,
aeeaac1a-708e-4aae-aec2-8f8b0b435851,CONSUMER,200,1,did:web:ssi-dim-wallet-service.identity:BPNL00000003AYRE,,1791548256115,1791549167556,1791549167556,
b0e8a651-c622-45e3-ad87-1eadca070738,CONSUMER,200,1,did:web:ssi-dim-wallet-service.identity:BPNL00000003AYRE,,1791548256207,1791549167441,1791549167441,
80e021da-360e-4527-8744-100f087bb478,CONSUMER,200,1,did:web:ssi-dim-wallet-service.identity:BPNL00000003AYRE,,1791548256837,1791549167857,1791549167857,
9c50a8a1-af18-4928-9085-33024981c2a4,CONSUMER,200,1,did:web:ssi-dim-wallet-service.identity:BPNL00000003AYRE,,1791548257209,1791549168046,1791549168046,
2bac1d37-b829-4a0a-a16d-669b1c47a708,CONSUMER,200,1,did:web:ssi-dim-wallet-service.identity:BPNL00000003AYRE,,1791548257805,1791549168053,1791549168053,
e2604b93-da09-4280-9989-53e3301e61d7,CONSUMER,200,1,did:web:ssi-dim-wallet-service.identity:BPNL00000003AYRE,,1791548258109,1791549168047,1791549168047,
bc3a1f4d-863b-4cce-a54b-65b03fff6c76,CONSUMER,200,1,did:web:ssi-dim-wallet-service.identity:BPNL00000003AYRE,,1791548258940,1791549167864,1791549167864,
69770cf5-23fa-4107-9736-d6b21c1a0e6e,CONSUMER,200,1,did:web:ssi-dim-wallet-service.identity:BPNL00000003AYRE,,1791548259137,1791549168343,1791549168343,
1c2bc899-b5f9-47d0-bec4-4b2984dd5bb1,CONSUMER,200,1,did:web:ssi-dim-wallet-service.identity:BPNL00000003AYRE,,1791548259547,1791549168344,1791549168344,
63e0130a-c4a8-4f08-89d9-e9bf00bb487f,CONSUMER,200,1,did:web:ssi-dim-wallet-service.identity:BPNL00000003AYRE,,1791548259709,1791549168359,1791549168359,
69f5f30c-e11b-4258-9d01-964d4d6684b2,CONSUMER,200,1,did:web:ssi-dim-wallet-service.identity:BPNL00000003AYRE,,1791548260413,1791549168562,1791549168562,
d1962440-d372-443e-b1bd-7ced0bc31dda,CONSUMER,200,1,did:web:ssi-dim-wallet-service.identity:BPNL00000003AYRE,,1791548261040,1791549168563,1791549168563,
84ba849d-17d6-43ef-bb57-fbb7090ee394,CONSUMER,200,1,did:web:ssi-dim-wallet-service.identity:BPNL00000003AYRE,,1791548261308,1791549168749,1791549168749,
ac0c5648-cdb3-456b-b805-095c9bf1eff5,CONSUMER,200,1,did:web:ssi-dim-wallet-service.identity:BPNL00000003AYRE,,1791548261410,1791549168759,1791549168759,
53e689e3-166e-471c-b7e1-0a169a75e9f9,CONSUMER,200,1,did:web:ssi-dim-wallet-service.identity:BPNL00000003AYRE,,1791548261902,1791549168648,1791549168648,
e2266bc8-0e0a-4ee6-82f7-9c51bc9ab8c5,CONSUMER,200,1,did:web:ssi-dim-wallet-service.identity:BPNL00000003AYRE,,1791548262238,1791549175043,1791549175043,
971c8549-5907-42b8-9743-123434576caf,CONSUMER,200,1,did:web:ssi-dim-wallet-service.identity:BPNL00000003AYRE,,1791548262410,1791549174842,1791549174842,
ae35cfeb-4de3-4455-8945-879251d34b74,CONSUMER,200,1,did:web:ssi-dim-wallet-service.identity:BPNL00000003AYRE,,1791548263509,1791549174962,1791549174962,
4efc2b22-c986-4565-a980-4660860ea692,CONSUMER,200,1,did:web:ssi-dim-wallet-service.identity:BPNL00000003AYRE,,1791548264540,1791549175260,1791549175260,
91463e7e-203c-4d7e-bbce-4c51a6283685,CONSUMER,200,1,did:web:ssi-dim-wallet-service.identity:BPNL00000003AYRE,,1791548264616,1791549175352,1791549175352,
49b7c91e-8148-410f-903c-0ae7ed6c81e5,CONSUMER,200,1,did:web:ssi-dim-wallet-service.identity:BPNL00000003AYRE,,1791548264711,1791549175443,1791549175443,
d2d177a4-6206-4750-a19f-690a87ebf0af,CONSUMER,200,1,did:web:ssi-dim-wallet-service.identity:BPNL00000003AYRE,,1791548264905,1791549175341,1791549175341,
5fd5b927-771c-4299-945d-c4b4946ef8d3,CONSUMER,200,1,did:web:ssi-dim-wallet-service.identity:BPNL00000003AYRE,,1791548265349,1791549175470,1791549175470,
155ff98b-b1af-43c5-bf89-8af47d314f7c,CONSUMER,200,1,did:web:ssi-dim-wallet-service.identity:BPNL00000003AYRE,,1791548266210,1791549175605,1791549175605,
3e0dc5af-2d83-456f-bbb6-eb79749e9273,CONSUMER,200,1,did:web:ssi-dim-wallet-service.identity:BPNL00000003AYRE,,1791548266403,1791549175655,1791549175655,
b12e13a4-8785-4cc7-a5a5-e6a3e6d43456,CONSUMER,200,1,did:web:ssi-dim-wallet-service.identity:BPNL00000003AYRE,,1791548268039,1791549175615,1791549175615,
d93635ae-4676-4325-b9ba-328b1f810b9d,CONSUMER,200,1,did:web:ssi-dim-wallet-service.identity:BPNL00000003AYRE,,1791548268842,1791549175811,1791549175811,
cd7e4bd8-0aea-41e6-94ac-86e7a78b67cb,CONSUMER,200,1,did:web:ssi-dim-wallet-service.identity:BPNL00000003AYRE,,1791548269203,1791549175938,1791549175938,
d0d4d140-5c52-4f88-8451-398984debe1c,CONSUMER,200,1,did:web:ssi-dim-wallet-service.identity:BPNL00000003AYRE,,1791548269211,1791549176044,1791549176044,
eb6b12dc-1247-4245-adb9-11aa90da42e3,CONSUMER,200,1,did:web:ssi-dim-wallet-service.identity:BPNL00000003AYRE,,1791548269636,1791549175952,1791549175952,
b63627ca-e595-4658-9f25-bfcf5ef6f2d7,CONSUMER,200,1,did:web:ssi-dim-wallet-service.identity:BPNL00000003AYRE,,1791548269841,1791549176043,1791549176043,
8402c7e6-ce9f-4f6c-b546-387f50cd57e4,CONSUMER,200,1,did:web:ssi-dim-wallet-service.identity:BPNL00000003AYRE,,1791548270142,1791549176038,1791549176038,
5576ed81-fc76-4e86-afec-1605b34fd9f5,CONSUMER,200,1,did:web:ssi-dim-wallet-service.identity:BPNL00000003AYRE,,1791548270242,1791549176150,1791549176150,
14fb9018-006e-450b-a669-1a62a805eb11,CONSUMER,200,1,did:web:ssi-dim-wallet-service.identity:BPNL00000003AYRE,,1791548270303,1791549176110,1791549176110,
1d9f1fb2-40e0-47a9-befe-d44debfac0eb,CONSUMER,200,1,did:web:ssi-dim-wallet-service.identity:BPNL00000003AYRE,,1791548270311,1791549176339,1791549176339,
f00bf256-3b56-499a-9087-f93f5832b53b,CONSUMER,200,1,did:web:ssi-dim-wallet-service.identity:BPNL00000003AYRE,,1791548270517,1791549176265,1791549176265,
53cc2a46-5c92-43d8-bcf3-2ee56e88b1a2,CONSUMER,200,1,did:web:ssi-dim-wallet-service.identity:BPNL00000003AYRE,,1791548271003,1791549176432,1791549176432,
3076b4fe-4ec5-422f-99ce-cbced40c4c83,CONSUMER,200,1,did:web:ssi-dim-wallet-service.identity:BPNL00000003AYRE,,1791548271304,1791549176365,1791549176365,
28e59c79-ff0e-4f23-9625-f3635cd4c66e,CONSUMER,200,1,did:web:ssi-dim-wallet-service.identity:BPNL00000003AYRE,,1791548271513,1791549176459,1791549176459,
36cc45a6-c11d-4974-8ffd-a8ffebc7c7bc,CONSUMER,200,1,did:web:ssi-dim-wallet-service.identity:BPNL00000003AYRE,,1791548271703,1791549176532,1791549176532,
7cc2ec08-1b4a-45a0-89cf-e910a242a56f,CONSUMER,200,1,did:web:ssi-dim-wallet-service.identity:BPNL00000003AYRE,,1791548271704,1791549176634,1791549176634,
e847f0c3-747e-440e-a712-36a3a3340783,CONSUMER,200,1,did:web:ssi-dim-wallet-service.identity:BPNL00000003AYRE,,1791548271714,1791549176730,1791549176730,
5f17393a-089e-4a17-987c-acbb001c677c,CONSUMER,200,1,did:web:ssi-dim-wallet-service.identity:BPNL00000003AYRE,,1791548272011,1791549176714,1791549176714,
d63fc806-3962-42a4-9608-ba09bbb21eb7,CONSUMER,200,1,did:web:ssi-dim-wallet-service.identity:BPNL00000003AYRE,,1791548272406,1791549176716,1791549176716,
4aea0743-e770-41a9-9c2e-3a55458d133b,CONSUMER,200,1,did:web:ssi-dim-wallet-service.identity:BPNL00000003AYRE,,1791548272442,1791549176857,1791549176857,
9aed8276-e540-4908-a86d-8d636e50c1d7,CONSUMER,200,1,did:web:ssi-dim-wallet-service.identity:BPNL00000003AYRE,,1791548273005,1791549176942,1791549176942,
b82806bd-1e13-4641-9f2c-fdee6bd5f8b3,CONSUMER,200,1,did:web:ssi-dim-wallet-service.identity:BPNL00000003AYRE,,1791548273503,1791549177235,1791549177235,
62c5fb15-6926-4529-a780-67e3d74fdc27,CONSUMER,200,1,did:web:ssi-dim-wallet-service.identity:BPNL00000003AYRE,,1791548273902,1791549177251,1791549177251,
707d198b-aa4c-4947-9942-32465a2559a0,CONSUMER,200,1,did:web:ssi-dim-wallet-service.identity:BPNL00000003AYRE,,1791548274039,1791549177259,1791549177259,
007a04bd-0d06-49bb-bcc1-6027d3b5cbde,CONSUMER,200,1,did:web:ssi-dim-wallet-service.identity:BPNL00000003AYRE,,1791548274507,1791549177342,1791549177342,
8f1ed38e-02ec-4011-ae19-cb428f4a1bcf,CONSUMER,200,1,did:web:ssi-dim-wallet-service.identity:BPNL00000003AYRE,,1791548274907,1791549177344,1791549177344,
41e6c16c-1647-4d5a-a2bf-74320888b31d,CONSUMER,200,1,did:web:ssi-dim-wallet-service.identity:BPNL00000003AYRE,,1791548275010,1791549177432,1791549177432,
dfd85984-39f6-4f25-bf78-b2c16667b5e1,CONSUMER,200,1,did:web:ssi-dim-wallet-service.identity:BPNL00000003AYRE,,1791548275011,1791549177469,1791549177469,
5ff847f1-050e-4c88-906a-832760048945,CONSUMER,200,1,did:web:ssi-dim-wallet-service.identity:BPNL00000003AYRE,,1791548275040,1791549177434,1791549177434,
e65e489e-270a-4933-ab3b-f7cb6cf64f95,CONSUMER,200,1,did:web:ssi-dim-wallet-service.identity:BPNL00000003AYRE,,1791548275240,1791549177550,1791549177550,
b1a6eddf-e415-4337-a0bc-69bf323bcf1e,CONSUMER,200,1,did:web:ssi-dim-wallet-service.identity:BPNL00000003AYRE,,1791548275304,1791549177641,1791549177641,
6685013f-49a9-46d0-9f9b-7d5bfdc596fb,CONSUMER,200,1,did:web:ssi-dim-wallet-service.identity:BPNL00000003AYRE,,1791548275413,1791549177760,1791549177760,
9e8d0792-97b6-4887-acf8-248001d56cf4,CONSUMER,200,1,did:web:ssi-dim-wallet-service.identity:BPNL00000003AYRE,,1791548275504,1791549177640,1791549177640,
5a8b352b-c458-4d28-a3c5-bc609f691cfb,CONSUMER,200,1,did:web:ssi-dim-wallet-service.identity:BPNL00000003AYRE,,1791548275541,1791549177837,1791549177837,
19f1522c-b5fa-4b39-9277-d2cdab2032a5,CONSUMER,200,1,did:web:ssi-dim-wallet-service.identity:BPNL00000003AYRE,,1791548275612,1791549177831,1791549177831,
f4a64b66-3e1c-4a32-8420-80f5a3069907,CONSUMER,200,1,did:web:ssi-dim-wallet-service.identity:BPNL00000003AYRE,,1791548275808,1791549177854,1791549177854,
a61dfbee-7db1-4700-97e5-a015ce381acb,CONSUMER,200,1,did:web:ssi-dim-wallet-service.identity:BPNL00000003AYRE,,1791548275939,1791549177939,1791549177939,
914d2326-ffbe-42dc-a367-e5e94bf92a04,CONSUMER,200,1,did:web:ssi-dim-wallet-service.identity:BPNL00000003AYRE,,1791548276010,1791549177864,1791549177864,
d46b13b1-32ee-4069-87ae-a16c43dc3340,CONSUMER,200,1,did:web:ssi-dim-wallet-service.identity:BPNL00000003AYRE,,1791548276040,1791549177962,1791549177962,
70750ba1-69e4-45f2-8029-09dfec5527c7,CONSUMER,200,1,did:web:ssi-dim-wallet-service.identity:BPNL00000003AYRE,,1791548276040,1791549177935,1791549177935,
85a58c65-5328-4245-a29d-29b5dea00d78,CONSUMER,200,1,did:web:ssi-dim-wallet-service.identity:BPNL00000003AYRE,,1791548276109,1791549177961,1791549177961,
8d534027-cd9a-4d68-a761-f190f07d6e45,CONSUMER,200,1,did:web:ssi-dim-wallet-service.identity:BPNL00000003AYRE,,1791548276239,1791549177960,1791549177960,
bd5c1fa1-d03d-437e-863b-b4037b90ade4,CONSUMER,200,1,did:web:ssi-dim-wallet-service.identity:BPNL00000003AYRE,,1791548276615,1791549178073,1791549178073,
602cb64f-b82a-4979-82c5-34509c2a1875,CONSUMER,200,1,did:web:ssi-dim-wallet-service.identity:BPNL00000003AYRE,,1791548276640,1791549178077,1791549178077,
6c6db3ce-351c-4c81-8545-1a4a9668220b,CONSUMER,200,1,did:web:ssi-dim-wallet-service.identity:BPNL00000003AYRE,,1791548277203,1791549178247,1791549178247,
0812c58f-96ec-41f4-b8a3-28a6d4f25c19,CONSUMER,200,1,did:web:ssi-dim-wallet-service.identity:BPNL00000003AYRE,,1791548277206,1791549178335,1791549178335,
6866394b-68cb-483c-808c-f3d65fc467b2,CONSUMER,200,1,did:web:ssi-dim-wallet-service.identity:BPNL00000003AYRE,,1791548277310,1791549178437,1791549178437,
98bc34e6-6e7f-48f6-b8b8-6360d2d88c44,CONSUMER,200,1,did:web:ssi-dim-wallet-service.identity:BPNL00000003AYRE,,1791548277512,1791549178445,1791549178445,
f4837a74-0ed6-44a1-8965-af29398f352e,CONSUMER,200,1,did:web:ssi-dim-wallet-service.identity:BPNL00000003AYRE,,1791548277514,1791549178453,1791549178453,
b6d0d2ad-dd67-47c4-8bd5-ba5687980423,CONSUMER,200,1,did:web:ssi-dim-wallet-service.identity:BPNL00000003AYRE,,1791548277537,1791549178543,1791549178543,
bd5deb3f-3100-44fc-90f8-81683de8a797,CONSUMER,200,1,did:web:ssi-dim-wallet-service.identity:BPNL00000003AYRE,,1791548277803,1791549178433,1791549178433,
53bc8013-f282-4eb7-ba75-c1debd0289b4,CONSUMER,200,1,did:web:ssi-dim-wallet-service.identity:BPNL00000003AYRE,,1791548277910,1791549178649,1791549178649,
1dfea3fe-7ab4-4fba-9172-469436242848,CONSUMER,200,1,did:web:ssi-dim-wallet-service.identity:BPNL00000003AYRE,,1791548278040,1791549178845,1791549178845,
576adbaa-c601-4597-af89-c1a69037093f,CONSUMER,200,1,did:web:ssi-dim-wallet-service.identity:BPNL00000003AYRE,,1791548278204,1791549178845,1791549178845,
2fb2b812-5b87-4238-be9f-41db63505bfd,CONSUMER,200,1,did:web:ssi-dim-wallet-service.identity:BPNL00000003AYRE,,1791548278241,1791549179061,1791549179061,
90f54df0-b382-44a7-b567-64782c39640e,CONSUMER,200,1,did:web:ssi-dim-wallet-service.identity:BPNL00000003AYRE,,1791548278243,1791549179142,1791549179142,
bf6fa716-e294-4dc4-8bed-70f13c3ed105,CONSUMER,200,1,did:web:ssi-dim-wallet-service.identity:BPNL00000003AYRE,,1791548278310,1791549179334,1791549179334,
f2cf2456-06b2-48f5-a391-86f9d377a72d,CONSUMER,200,1,did:web:ssi-dim-wallet-service.identity:BPNL00000003AYRE,,1791548278602,1791549179152,1791549179152,
600c4143-2766-413b-96e3-5f772636143a,CONSUMER,200,1,did:web:ssi-dim-wallet-service.identity:BPNL00000003AYRE,,1791548278745,1791549179431,1791549179431,
ca06d6a2-aab1-4e77-92b7-140a8210a825,CONSUMER,200,1,did:web:ssi-dim-wallet-service.identity:BPNL00000003AYRE,,1791548278905,1791549179360,1791549179360,
e56425eb-3188-44c8-bf9d-9e68d162dd38,CONSUMER,200,1,did:web:ssi-dim-wallet-service.identity:BPNL00000003AYRE,,1791548279203,1791549179537,1791549179537,
284eb395-d504-4747-8ba0-e1637a1278f1,CONSUMER,200,1,did:web:ssi-dim-wallet-service.identity:BPNL00000003AYRE,,1791548279247,1791549179455,1791549179455,
d0531c56-7c4d-49c9-8ec3-0bb927f1927f,CONSUMER,200,1,did:web:ssi-dim-wallet-service.identity:BPNL00000003AYRE,,1791548279415,1791549179535,1791549179535,
74bf64b2-2766-4862-8064-458083300e3b,CONSUMER,200,1,did:web:ssi-dim-wallet-service.identity:BPNL00000003AYRE,,1791548279636,1791549179548,1791549179548,
c1bf75ee-9435-40c4-8526-ad190b4b3f1a,CONSUMER,200,1,did:web:ssi-dim-wallet-service.identity:BPNL00000003AYRE,,1791548279637,1791549179672,1791549179672,
ef6e4997-0f9e-4596-b62c-dee3f0d333e0,CONSUMER,200,1,did:web:ssi-dim-wallet-service.identity:BPNL00000003AYRE,,1791548279711,1791549179940,1791549179940,
5aee8806-8a25-4369-9db5-324ebbe8bddb,CONSUMER,200,1,did:web:ssi-dim-wallet-service.identity:BPNL00000003AYRE,,1791548279713,1791549179951,1791549179951,
a11d0cea-1894-4bae-a9c1-915cf6eba2c8,CONSUMER,200,1,did:web:ssi-dim-wallet-service.identity:BPNL00000003AYRE,,1791548279837,1791549180150,1791549180150,
eca76d76-8511-43cc-9b59-7343e13fe849,CONSUMER,200,1,did:web:ssi-dim-wallet-service.identity:BPNL00000003AYRE,,1791548279840,1791549180140,1791549180140,
b5858c33-d3b9-4f52-9cf7-7e174c419af4,CONSUMER,200,1,did:web:ssi-dim-wallet-service.identity:BPNL00000003AYRE,,1791548279841,1791549180133,1791549180133,
9aa7659d-56e5-4042-bb0e-c3416530e82e,CONSUMER,200,1,did:web:ssi-dim-wallet-service.identity:BPNL00000003AYRE,,1791548280103,1791549180342,1791549180342,
e59038de-c290-49c2-b097-8484c0c562b1,CONSUMER,200,1,did:web:ssi-dim-wallet-service.identity:BPNL00000003AYRE,,1791548280317,1791549180264,1791549180264,
c6b3b35d-7834-4d06-8e25-1782d8db3a33,CONSUMER,200,1,did:web:ssi-dim-wallet-service.identity:BPNL00000003AYRE,,1791548280437,1791549180544,1791549180544,
50455b0d-5bc4-4011-8b24-11fae329d4cb,CONSUMER,200,1,did:web:ssi-dim-wallet-service.identity:BPNL00000003AYRE,,1791548280604,1791549180452,1791549180452,
fe06d3bd-8a66-409d-ac63-45fc501009c6,CONSUMER,200,1,did:web:ssi-dim-wallet-service.identity:BPNL00000003AYRE,,1791548280715,1791549180545,1791549180545,
d70110e5-cff3-48ad-a664-e8b425685fe0,CONSUMER,200,1,did:web:ssi-dim-wallet-service.identity:BPNL00000003AYRE,,1791548280808,1791549180642,1791549180642,
5e04f531-9067-4ea9-aac7-baf8305e7cf5,CONSUMER,200,1,did:web:ssi-dim-wallet-service.identity:BPNL00000003AYRE,,1791548280844,1791549180657,1791549180657,
fd583412-da7d-40dd-b41f-e6c53bcaf4f7,CONSUMER,200,1,did:web:ssi-dim-wallet-service.identity:BPNL00000003AYRE,,1791548281002,1791549180848,1791549180848,
b805c9c6-97ee-467d-90dd-f07790e9505b,CONSUMER,200,1,did:web:ssi-dim-wallet-service.identity:BPNL00000003AYRE,,1791548281511,1791549180904,1791549180904,
707fa2d2-f6d0-4bdc-ac1b-a0b9a2ed463e,CONSUMER,200,1,did:web:ssi-dim-wallet-service.identity:BPNL00000003AYRE,,1791548281802,1791549180937,1791549180937,
27d4d702-0908-4a26-aa07-a3380a9a3d1e,CONSUMER,200,1,did:web:ssi-dim-wallet-service.identity:BPNL00000003AYRE,,1791548282013,1791549180966,1791549180966,
55d6d9e0-1db1-4f21-82aa-ad162648fbc3,CONSUMER,200,1,did:web:ssi-dim-wallet-service.identity:BPNL00000003AYRE,,1791548282125,1791549180948,1791549180948,
e8c7f175-bbb0-4394-aeab-7a77a9de6708,CONSUMER,200,1,did:web:ssi-dim-wallet-service.identity:BPNL00000003AYRE,,1791548282139,1791549181146,1791549181146,
6f5f1f08-81db-452f-8f01-8d29d08d765d,CONSUMER,200,1,did:web:ssi-dim-wallet-service.identity:BPNL00000003AYRE,,1791548282224,1791549181046,1791549181046,
fb5f004d-b04f-435b-80d1-3589b8affd93,CONSUMER,200,1,did:web:ssi-dim-wallet-service.identity:BPNL00000003AYRE,,1791548282742,1791549181240,1791549181240,
5d3b8daf-dda9-4727-ad95-087d133df7d3,CONSUMER,200,1,did:web:ssi-dim-wallet-service.identity:BPNL00000003AYRE,,1791548282813,1791549181247,1791549181247,
f07752fa-a605-4a3b-8e94-7c473174be5c,CONSUMER,200,1,did:web:ssi-dim-wallet-service.identity:BPNL00000003AYRE,,1791548282839,1791549181245,1791549181245,
3d593f37-b57f-4f3e-8c1a-5a95707b20d0,CONSUMER,200,1,did:web:ssi-dim-wallet-service.identity:BPNL00000003AYRE,,1791548282908,1791549181345,1791549181345,
3aa5e5e3-1251-4de0-9347-6abcf60fe57d,CONSUMER,200,1,did:web:ssi-dim-wallet-service.identity:BPNL00000003AYRE,,1791548283038,1791549181449,1791549181449,
5aa095f0-02f2-49ce-9e8b-5bd4a1cdb707,CONSUMER,200,1,did:web:ssi-dim-wallet-service.identity:BPNL00000003AYRE,,1791548283706,1791549181660,1791549181660,
83b41f7d-4f93-42e1-9289-aa0f96560656,CONSUMER,200,1,did:web:ssi-dim-wallet-service.identity:BPNL00000003AYRE,,1791548283806,1791549181656,1791549181656,
90eb8576-d58b-42e3-bd96-91b0feddb0e2,CONSUMER,200,1,did:web:ssi-dim-wallet-service.identity:BPNL00000003AYRE,,1791548283812,1791549181655,1791549181655,
5024c068-79b9-4ad1-ba13-77f225c54fbb,CONSUMER,200,1,did:web:ssi-dim-wallet-service.identity:BPNL00000003AYRE,,1791548284442,1791549181640,1791549181640,
471a1671-037c-4c19-8963-b4d032b54774,CONSUMER,200,1,did:web:ssi-dim-wallet-service.identity:BPNL00000003AYRE,,1791548284709,1791549181745,1791549181745,
ea6b3175-8320-42ca-8618-f043797761ad,CONSUMER,200,1,did:web:ssi-dim-wallet-service.identity:BPNL00000003AYRE,,1791548284819,1791549182130,1791549182130,
f1b4d07c-4aa8-461a-8f38-1edec45f99f2,CONSUMER,200,1,did:web:ssi-dim-wallet-service.identity:BPNL00000003AYRE,,1791548285003,1791549182136,1791549182136,
17916697-958e-4f65-aeb8-c18fe5f333b9,CONSUMER,200,1,did:web:ssi-dim-wallet-service.identity:BPNL00000003AYRE,,1791548285015,1791549182251,1791549182251,
c7c01781-4b2a-4d22-aa4c-807ffa42dd4f,CONSUMER,200,1,did:web:ssi-dim-wallet-service.identity:BPNL00000003AYRE,,1791548285105,1791549182066,1791549182066,
c3ee2e5f-4b0b-4612-ba1a-7e8b4c8ca63a,CONSUMER,200,1,did:web:ssi-dim-wallet-service.identity:BPNL00000003AYRE,,1791548285215,1791549182250,1791549182250,
1db38f9b-fd22-4a12-8a05-2ad6caea5d03,CONSUMER,200,1,did:web:ssi-dim-wallet-service.identity:BPNL00000003AYRE,,1791548285408,1791549182341,1791549182341,
229b4abe-4dd3-4c8c-8865-91c188215cc7,CONSUMER,200,1,did:web:ssi-dim-wallet-service.identity:BPNL00000003AYRE,,1791548285444,1791549182266,1791549182266,
7c1d6925-caf9-456d-99d2-b98cb5c7d022,CONSUMER,200,1,did:web:ssi-dim-wallet-service.identity:BPNL00000003AYRE,,1791548285513,1791549182455,1791549182455,
068915fd-dee1-416e-ae12-2ecee266f3ca,CONSUMER,200,1,did:web:ssi-dim-wallet-service.identity:BPNL00000003AYRE,,1791548286138,1791549182538,1791549182538,
9de71d6a-313a-42dd-b510-ab1c5f864d2c,CONSUMER,200,1,did:web:ssi-dim-wallet-service.identity:BPNL00000003AYRE,,1791548286337,1791549182561,1791549182561,
435aae33-be03-43f4-900b-0e3a1d0baf8e,CONSUMER,200,1,did:web:ssi-dim-wallet-service.identity:BPNL00000003AYRE,,1791548286422,1791549182543,1791549182543,
c4649467-8382-4c64-a66b-cfd1360723f2,CONSUMER,200,1,did:web:ssi-dim-wallet-service.identity:BPNL00000003AYRE,,1791548286443,1791549182557,1791549182557,
b692f93a-5184-48fb-b302-6358b6df5629,CONSUMER,200,1,did:web:ssi-dim-wallet-service.identity:BPNL00000003AYRE,,1791548286803,1791549182865,1791549182865,
f0ab6eaf-a8ac-4057-94d5-06e3061c1f8f,CONSUMER,200,1,did:web:ssi-dim-wallet-service.identity:BPNL00000003AYRE,,1791548286810,1791549182868,1791549182868,
e4c65f9f-0f01-4cea-9475-59b850e91bee,CONSUMER,200,1,did:web:ssi-dim-wallet-service.identity:BPNL00000003AYRE,,1791548286820,1791549183050,1791549183050,
7b40bdfb-8901-4228-82e7-60ffa098f110,CONSUMER,200,1,did:web:ssi-dim-wallet-service.identity:BPNL00000003AYRE,,1791548287004,1791549183132,1791549183132,
1f29423d-18ec-46c6-9c38-5a044003b337,CONSUMER,200,1,did:web:ssi-dim-wallet-service.identity:BPNL00000003AYRE,,1791548287214,1791549183046,1791549183046,
894aa140-e36f-4595-b0f4-eaa20e2f056c,CONSUMER,200,1,did:web:ssi-dim-wallet-service.identity:BPNL00000003AYRE,,1791548287219,1791549183143,1791549183143,
111aedf3-7e98-4db0-881c-d4904a534ddb,CONSUMER,200,1,did:web:ssi-dim-wallet-service.identity:BPNL00000003AYRE,,1791548287506,1791549183146,1791549183146,
c0386f91-b8a4-46d4-ab5a-6a415fc223a4,CONSUMER,200,1,did:web:ssi-dim-wallet-service.identity:BPNL00000003AYRE,,1791548287513,1791549183340,1791549183340,
4139c374-64af-457d-8f49-14785997fec2,CONSUMER,200,1,did:web:ssi-dim-wallet-service.identity:BPNL00000003AYRE,,1791548287908,1791549183468,1791549183468,
52bb1107-c5b2-4032-80fb-9a91960cef02,CONSUMER,200,1,did:web:ssi-dim-wallet-service.identity:BPNL00000003AYRE,,1791548287939,1791549183744,1791549183744,
e08e86c2-5029-43ae-849f-80ac5a6ccda6,CONSUMER,200,1,did:web:ssi-dim-wallet-service.identity:BPNL00000003AYRE,,1791548288104,1791549183540,1791549183540,
4bf5cc2f-05ac-46d7-b281-7b39889092e7,CONSUMER,200,1,did:web:ssi-dim-wallet-service.identity:BPNL00000003AYRE,,1791548288241,1791549183642,1791549183642,
d731c573-69d4-4f12-adf8-4047fd48fe92,CONSUMER,200,1,did:web:ssi-dim-wallet-service.identity:BPNL00000003AYRE,,1791548288339,1791549183841,1791549183841,
ec023cba-d667-4a91-8658-bb4eaf10f989,CONSUMER,200,1,did:web:ssi-dim-wallet-service.identity:BPNL00000003AYRE,,1791548288514,1791549183841,1791549183841,
ab03f507-af5c-4e5b-937b-0ec38fa028f8,CONSUMER,200,1,did:web:ssi-dim-wallet-service.identity:BPNL00000003AYRE,,1791548288813,1791549183839,1791549183839,
ae6e73c0-cd35-4601-806b-b59c6893ff63,CONSUMER,200,1,did:web:ssi-dim-wallet-service.identity:BPNL00000003AYRE,,1791548288904,1791549183947,1791549183947,
a69971d7-5339-4978-ae0c-6cef709b01f1,CONSUMER,200,1,did:web:ssi-dim-wallet-service.identity:BPNL00000003AYRE,,1791548289207,1791549184264,1791549184264,
946c1b20-a43f-421f-8e49-7191277f2a9e,CONSUMER,200,1,did:web:ssi-dim-wallet-service.identity:BPNL00000003AYRE,,1791548289209,1791549184356,1791549184356,
7207fd5b-8abf-437a-918a-a2511078cda3,CONSUMER,200,1,did:web:ssi-dim-wallet-service.identity:BPNL00000003AYRE,,1791548289304,1791549184347,1791549184347,
24429ba9-0a41-4325-8670-8b67e65edf48,CONSUMER,200,1,did:web:ssi-dim-wallet-service.identity:BPNL00000003AYRE,,1791548289444,1791549184553,1791549184553,
ac0485b1-9170-4dda-880e-379624975eb2,CONSUMER,200,1,did:web:ssi-dim-wallet-service.identity:BPNL00000003AYRE,,1791548289513,1791549184642,1791549184642,
8cddecd7-06e0-40ae-a92b-691e59ab0ffd,CONSUMER,200,1,did:web:ssi-dim-wallet-service.identity:BPNL00000003AYRE,,1791548289610,1791549184563,1791549184563,
2e5ae2d9-2dbc-429a-9094-ad3cfacce7ac,CONSUMER,200,1,did:web:ssi-dim-wallet-service.identity:BPNL00000003AYRE,,1791548289811,1791549184641,1791549184641,
3204ecc7-0ea1-4b80-b895-afe4ce71449f,CONSUMER,200,1,did:web:ssi-dim-wallet-service.identity:BPNL00000003AYRE,,1791548289811,1791549184649,1791549184649,
14c9a7db-fde7-4c8b-92b6-cfdf559d21b6,CONSUMER,200,1,did:web:ssi-dim-wallet-service.identity:BPNL00000003AYRE,,1791548290007,1791549184961,1791549184961,
390f5e94-3fd3-42a7-8487-fb137ae35842,CONSUMER,200,1,did:web:ssi-dim-wallet-service.identity:BPNL00000003AYRE,,1791548290404,1791549184940,1791549184940,
777866f3-81b3-4fc8-b19f-8c8ac5121ced,CONSUMER,200,1,did:web:ssi-dim-wallet-service.identity:BPNL00000003AYRE,,1791548290631,1791549185047,1791549185047,
00178bb1-9977-4817-837d-0dcb9c8a3e9c,CONSUMER,200,1,did:web:ssi-dim-wallet-service.identity:BPNL00000003AYRE,,1791548290709,1791549184965,1791549184965,
7a05dde8-6f50-4136-9b16-bd6508bab982,CONSUMER,200,1,did:web:ssi-dim-wallet-service.identity:BPNL00000003AYRE,,1791548290913,1791549185046,1791549185046,
b62f2d58-a0a9-4881-bfa1-fab7f07a3bab,CONSUMER,200,1,did:web:ssi-dim-wallet-service.identity:BPNL00000003AYRE,,1791548290914,1791549185264,1791549185264,
cb323ae7-f94b-4f35-b038-18341b4456b5,CONSUMER,200,1,did:web:ssi-dim-wallet-service.identity:BPNL00000003AYRE,,1791548291137,1791549185244,1791549185244,
22d5970f-b4a9-43bb-b517-3090ff299334,CONSUMER,200,1,did:web:ssi-dim-wallet-service.identity:BPNL00000003AYRE,,1791548291139,1791549185347,1791549185347,
65063f91-08fc-40fe-b597-31225b80c47e,CONSUMER,200,1,did:web:ssi-dim-wallet-service.identity:BPNL00000003AYRE,,1791548291304,1791549185446,1791549185446,
e3834279-34d7-4005-91d0-36cbe1a955d8,CONSUMER,200,1,did:web:ssi-dim-wallet-service.identity:BPNL00000003AYRE,,1791548291812,1791549185264,1791549185264,
2e2539bc-27e0-497b-9da2-c819de0a6dd4,CONSUMER,200,1,did:web:ssi-dim-wallet-service.identity:BPNL00000003AYRE,,1791548291909,1791549185640,1791549185640,
f478e761-88e7-4140-adb8-f2360f1d3b40,CONSUMER,200,1,did:web:ssi-dim-wallet-service.identity:BPNL00000003AYRE,,1791548292237,1791549185550,1791549185550,
38d3d1e0-ae84-4c1d-b1dc-3f9e9fb6d58b,CONSUMER,200,1,did:web:ssi-dim-wallet-service.identity:BPNL00000003AYRE,,1791548292242,1791549185841,1791549185841,
91d7aceb-b087-451f-a346-14fc3c43d955,CONSUMER,200,1,did:web:ssi-dim-wallet-service.identity:BPNL00000003AYRE,,1791548292607,1791549185860,1791549185860,
f7f0ade3-9284-43a8-b27b-d710195a7638,CONSUMER,200,1,did:web:ssi-dim-wallet-service.identity:BPNL00000003AYRE,,1791548292643,1791549185949,1791549185949,
ca8f205f-8937-4428-9655-3188b38ff043,CONSUMER,200,1,did:web:ssi-dim-wallet-service.identity:BPNL00000003AYRE,,1791548293003,1791549185872,1791549185872,
98aaee37-c741-4059-a7ae-41d0d1200fd0,CONSUMER,200,1,did:web:ssi-dim-wallet-service.identity:BPNL00000003AYRE,,1791548293242,1791549186048,1791549186048,
2a4fc3ce-1cdf-47a4-b94f-2ca127fcbca9,CONSUMER,200,1,did:web:ssi-dim-wallet-service.identity:BPNL00000003AYRE,,1791548293303,1791549186156,1791549186156,
427c5a36-f34b-4826-8c2e-5420af5713d9,CONSUMER,200,1,did:web:ssi-dim-wallet-service.identity:BPNL00000003AYRE,,1791548293312,1791549186239,1791549186239,
0d83d09e-7fc5-4fd2-9b71-c6fd5d24dd88,CONSUMER,200,1,did:web:ssi-dim-wallet-service.identity:BPNL00000003AYRE,,1791548293321,1791549186454,1791549186454,
1437ff96-3036-4d4f-af09-309d7e5a8210,CONSUMER,200,1,did:web:ssi-dim-wallet-service.identity:BPNL00000003AYRE,,1791548293324,1791549186343,1791549186343,
d6cab931-a669-416e-880d-108dd2992921,CONSUMER,200,1,did:web:ssi-dim-wallet-service.identity:BPNL00000003AYRE,,1791548293438,1791549186454,1791549186454,
691a1522-c58d-4a3b-bb96-f7bbeeb56b39,CONSUMER,200,1,did:web:ssi-dim-wallet-service.identity:BPNL00000003AYRE,,1791548293936,1791549186417,1791549186417,
0355575b-1785-4129-8208-be9a31bed3b5,CONSUMER,200,1,did:web:ssi-dim-wallet-service.identity:BPNL00000003AYRE,,1791548294307,1791549186558,1791549186558,
cd036e63-dd40-4d0b-8753-e96d7acd07f8,CONSUMER,200,1,did:web:ssi-dim-wallet-service.identity:BPNL00000003AYRE,,1791548294704,1791549186605,1791549186605,
84c7d91f-748b-4231-b29e-4ffcbd39ec66,CONSUMER,200,1,did:web:ssi-dim-wallet-service.identity:BPNL00000003AYRE,,1791548294844,1791549186674,1791549186674,
5bea2f46-df11-48f8-ae3b-f128a26080a0,CONSUMER,200,1,did:web:ssi-dim-wallet-service.identity:BPNL00000003AYRE,,1791548295306,1791549186743,1791549186743,
db632ed3-3f48-424e-b00b-ec33a1720805,CONSUMER,200,1,did:web:ssi-dim-wallet-service.identity:BPNL00000003AYRE,,1791548295607,1791549186749,1791549186749,
cd274dad-9bfa-4445-a752-3b8a4e45ef84,CONSUMER,200,1,did:web:ssi-dim-wallet-service.identity:BPNL00000003AYRE,,1791548295614,1791549186771,1791549186771,
2ae3e752-b5e1-48c9-a5af-694fdb569649,CONSUMER,200,1,did:web:ssi-dim-wallet-service.identity:BPNL00000003AYRE,,1791548295809,1791549186847,1791549186847,
9d4469d4-9f41-4a08-a454-1ebd7110d496,CONSUMER,200,1,did:web:ssi-dim-wallet-service.identity:BPNL00000003AYRE,,1791548295919,1791549186957,1791549186957,
4de0c781-e335-48af-b48b-15ad0a1333b7,CONSUMER,200,1,did:web:ssi-dim-wallet-service.identity:BPNL00000003AYRE,,1791548296009,1791549187248,1791549187248,
f5ea19d1-f43a-4911-a6b5-44887d0b8a12,CONSUMER,200,1,did:web:ssi-dim-wallet-service.identity:BPNL00000003AYRE,,1791548296212,1791549187353,1791549187353,
b76d7593-5600-4c33-97b9-cfe967fc81a1,CONSUMER,200,1,did:web:ssi-dim-wallet-service.identity:BPNL00000003AYRE,,1791548296212,1791549187454,1791549187454,
410ac289-bbf3-4b50-be9f-b0dae8d16e58,CONSUMER,200,1,did:web:ssi-dim-wallet-service.identity:BPNL00000003AYRE,,1791548296606,1791549187351,1791549187351,
01bf8fb0-1e37-47bd-b440-5154f493f0fa,CONSUMER,200,1,did:web:ssi-dim-wallet-service.identity:BPNL00000003AYRE,,1791548296936,1791549187258,1791549187258,
a17fa1e3-db04-42e6-baa8-7f52abd1f442,CONSUMER,200,1,did:web:ssi-dim-wallet-service.identity:BPNL00000003AYRE,,1791548297338,1791549187645,1791549187645,
bbae9904-6b31-4a09-ae7a-5709662cbc3c,CONSUMER,200,1,did:web:ssi-dim-wallet-service.identity:BPNL00000003AYRE,,1791548297937,1791549187647,1791549187647,
9dd7301d-73ce-4eb6-b588-4fc7fc673b58,CONSUMER,200,1,did:web:ssi-dim-wallet-service.identity:BPNL00000003AYRE,,1791548297937,1791549187941,1791549187941,
f7ad8ef3-68bb-4971-a539-83e7668bc45c,CONSUMER,200,1,did:web:ssi-dim-wallet-service.identity:BPNL00000003AYRE,,1791548298004,1791549187542,1791549187542,
08dc7b87-58ff-42d1-8287-7b4dd150b859,CONSUMER,200,1,did:web:ssi-dim-wallet-service.identity:BPNL00000003AYRE,,1791548298008,1791549188143,1791549188143,
dd0f8a69-8c70-4a32-aab9-52bc9dfb3480,CONSUMER,200,1,did:web:ssi-dim-wallet-service.identity:BPNL00000003AYRE,,1791548298341,1791549187944,1791549187944,
7b005b85-3196-48d5-8395-e01125a71645,CONSUMER,200,1,did:web:ssi-dim-wallet-service.identity:BPNL00000003AYRE,,1791548298414,1791549187945,1791549187945,
d101cb59-4314-411f-97e9-260681892d0f,CONSUMER,200,1,did:web:ssi-dim-wallet-service.identity:BPNL00000003AYRE,,1791548298439,1791549188043,1791549188043,
30e0010c-280b-40c1-9f12-e78a2f2dc9e6,CONSUMER,200,1,did:web:ssi-dim-wallet-service.identity:BPNL00000003AYRE,,1791548298541,1791549188156,1791549188156,
7c97223e-d8ea-4fa6-bdca-6588acd95b0f,CONSUMER,200,1,did:web:ssi-dim-wallet-service.identity:BPNL00000003AYRE,,1791548298714,1791549188351,1791549188351,
66cfbd86-b22c-4df3-b5e5-5f881c283cb6,CONSUMER,200,1,did:web:ssi-dim-wallet-service.identity:BPNL00000003AYRE,,1791548299411,1791549188241,1791549188241,
8d070ae9-58c4-4959-89dd-98ec4c53c86d,CONSUMER,200,1,did:web:ssi-dim-wallet-service.identity:BPNL00000003AYRE,,1791548300540,1791549188258,1791549188258,
d7be4625-f550-4d5e-8d52-cb23b6be73f0,CONSUMER,200,1,did:web:ssi-dim-wallet-service.identity:BPNL00000003AYRE,,1791548300805,1791549188743,1791549188743,
6b306982-9b79-4e38-a696-95764f3093fc,CONSUMER,200,1,did:web:ssi-dim-wallet-service.identity:BPNL00000003AYRE,,1791548336023,1791549188956,1791549188956,
d53d250f-5e80-43ad-9091-cfe97e6da29a,CONSUMER,200,1,did:web:ssi-dim-wallet-service.identity:BPNL00000003AYRE,,1791548337126,1791549188958,1791549188958,
571bd4df-8cc1-4d40-82cd-ac3b586eae6f,CONSUMER,200,1,did:web:ssi-dim-wallet-service.identity:BPNL00000003AYRE,,1791548337226,1791549188743,1791549188743,
3c963c61-f21e-4141-990b-08bc372fd238,CONSUMER,200,1,did:web:ssi-dim-wallet-service.identity:BPNL00000003AYRE,,1791548338655,1791549188848,1791549188848,
04304e13-95b2-4741-adc7-41ff67ed4447,CONSUMER,200,1,did:web:ssi-dim-wallet-service.identity:BPNL00000003AYRE,,1791548339550,1791549189358,1791549189358,
4ff3cab7-9cb7-4cf7-be93-8a34a0e220ef,CONSUMER,200,1,did:web:ssi-dim-wallet-service.identity:BPNL00000003AYRE,,1791548339702,1791549189048,1791549189048,
0a3d789a-bc21-4ac0-89eb-85b807d1ca30,CONSUMER,200,1,did:web:ssi-dim-wallet-service.identity:BPNL00000003AYRE,,1791548339833,1791549189242,1791549189242,
b1f986d7-4972-42f4-92f0-44dae14f245e,CONSUMER,200,1,did:web:ssi-dim-wallet-service.identity:BPNL00000003AYRE,,1791548340229,1791549189349,1791549189349,
e1d28fa6-d23a-45e1-88d9-65c8c5532846,CONSUMER,200,1,did:web:ssi-dim-wallet-service.identity:BPNL00000003AYRE,,1791548340232,1791549189346,1791549189346,
2af9b1f8-39f2-44c3-add8-c5e30a6d8565,CONSUMER,200,1,did:web:ssi-dim-wallet-service.identity:BPNL00000003AYRE,,1791548340550,1791549189442,1791549189442,
3b578bfb-bcaa-4690-bab9-df4316623666,CONSUMER,200,1,did:web:ssi-dim-wallet-service.identity:BPNL00000003AYRE,,1791548342023,1791549189544,1791549189544,
021b5aa1-b6d9-4903-a137-a07e2c5a308c,CONSUMER,200,1,did:web:ssi-dim-wallet-service.identity:BPNL00000003AYRE,,1791548342123,1791549189746,1791549189746,
207b7a84-1b46-499e-b6d4-f9687665c3fb,CONSUMER,200,1,did:web:ssi-dim-wallet-service.identity:BPNL00000003AYRE,,1791548342302,1791549189940,1791549189940,
3252b682-a59c-4a21-84fc-c1db7a3030fe,CONSUMER,200,1,did:web:ssi-dim-wallet-service.identity:BPNL00000003AYRE,,1791548342325,1791549189642,1791549189642,
f672974e-1172-4a32-a2d8-93ba184f4007,CONSUMER,200,1,did:web:ssi-dim-wallet-service.identity:BPNL00000003AYRE,,1791548343305,1791549189750,1791549189750,
7fa80790-c443-4ab9-bcb5-9766ce4b1649,CONSUMER,200,1,did:web:ssi-dim-wallet-service.identity:BPNL00000003AYRE,,1791548343338,1791549189941,1791549189941,
d06852c0-bf9b-4ece-b2a0-7634395289a6,CONSUMER,200,1,did:web:ssi-dim-wallet-service.identity:BPNL00000003AYRE,,1791548343402,1791549189961,1791549189961,
ee2ecdda-07d0-44e2-992f-98b7b99073da,CONSUMER,200,1,did:web:ssi-dim-wallet-service.identity:BPNL00000003AYRE,,1791548343422,1791549190144,1791549190144,
33fb30fe-6bf0-4cea-987f-8431fc78da3b,CONSUMER,200,1,did:web:ssi-dim-wallet-service.identity:BPNL00000003AYRE,,1791548343437,1791549190241,1791549190241,
b8b07d46-9774-458f-a547-ec3df2b0d016,CONSUMER,200,1,did:web:ssi-dim-wallet-service.identity:BPNL00000003AYRE,,1791548344328,1791549190259,1791549190259,
273c8379-926c-4bfc-9fff-e5c912c28147,CONSUMER,200,1,did:web:ssi-dim-wallet-service.identity:BPNL00000003AYRE,,1791548346024,1791549190443,1791549190443,
e93aa9df-e12e-4151-9275-566a5fd3d6e8,CONSUMER,200,1,did:web:ssi-dim-wallet-service.identity:BPNL00000003AYRE,,1791548346441,1791549190358,1791549190358,
69689098-6aa1-4b46-ac6b-8b81cd90c4ed,CONSUMER,200,1,did:web:ssi-dim-wallet-service.identity:BPNL00000003AYRE,,1791548347022,1791549190443,1791549190443,
689e6c78-7320-42ec-9992-5cf88e103890,CONSUMER,200,1,did:web:ssi-dim-wallet-service.identity:BPNL00000003AYRE,,1791548347024,1791549190657,1791549190657,
5eae080e-597c-4601-972a-1e753df75d0a,CONSUMER,200,1,did:web:ssi-dim-wallet-service.identity:BPNL00000003AYRE,,1791548347326,1791549190839,1791549190839,
cece3730-9630-41ef-85a7-73ace5515ba7,CONSUMER,200,1,did:web:ssi-dim-wallet-service.identity:BPNL00000003AYRE,,1791548349724,1791549190856,1791549190856,
47858deb-09c1-4895-a561-751ee2dc9823,CONSUMER,200,1,did:web:ssi-dim-wallet-service.identity:BPNL00000003AYRE,,1791548349736,1791549190769,1791549190769,
6fe26386-e5c8-4dd3-8554-118e97f00af1,CONSUMER,200,1,did:web:ssi-dim-wallet-service.identity:BPNL00000003AYRE,,1791548349921,1791549190959,1791549190959,
5450b5c3-0b97-42c6-b864-551c27c7917f,CONSUMER,200,1,did:web:ssi-dim-wallet-service.identity:BPNL00000003AYRE,,1791548350226,1791549191042,1791549191042,
d52da613-3578-4502-ab18-cc5292038801,CONSUMER,200,1,did:web:ssi-dim-wallet-service.identity:BPNL00000003AYRE,,1791548350333,1791549190957,1791549190957,
91670d67-9041-4143-92d3-62fc7b45da44,CONSUMER,200,1,did:web:ssi-dim-wallet-service.identity:BPNL00000003AYRE,,1791548350547,1791549191143,1791549191143,
99b9a0bf-1370-4027-b109-a4204e702e34,CONSUMER,200,1,did:web:ssi-dim-wallet-service.identity:BPNL00000003AYRE,,1791548350831,1791549191153,1791549191153,
8e86b899-fc1a-458f-ad26-561926e58ab7,CONSUMER,200,1,did:web:ssi-dim-wallet-service.identity:BPNL00000003AYRE,,1791548351626,1791549191353,1791549191353,
b0a2a24b-33e2-40bb-b72d-0eca4571323c,CONSUMER,200,1,did:web:ssi-dim-wallet-service.identity:BPNL00000003AYRE,,1791548351822,1791549191244,1791549191244,
c5c9978b-8993-4c43-ab9e-a31cd43bd00f,CONSUMER,200,1,did:web:ssi-dim-wallet-service.identity:BPNL00000003AYRE,,1791548351903,1791549191340,1791549191340,
a225f0f2-acf5-4f8c-abbf-725a5f8ad7fe,CONSUMER,200,1,did:web:ssi-dim-wallet-service.identity:BPNL00000003AYRE,,1791548352222,1791549191671,1791549191671,
f3a52fe6-04ef-48ef-b13c-ff2e785aa9cc,CONSUMER,200,1,did:web:ssi-dim-wallet-service.identity:BPNL00000003AYRE,,1791548353731,1791549191674,1791549191674,
82e89501-c998-492b-9ac9-d9f9cc7c2f00,CONSUMER,200,1,did:web:ssi-dim-wallet-service.identity:BPNL00000003AYRE,,1791548355023,1791549191640,1791549191640,
a2a70216-a330-481a-9156-80290901f914,CONSUMER,200,1,did:web:ssi-dim-wallet-service.identity:BPNL00000003AYRE,,1791548357134,1791549191741,1791549191741,
9791fea2-d46e-4e49-8114-f5f31396a13b,CONSUMER,200,1,did:web:ssi-dim-wallet-service.identity:BPNL00000003AYRE,,1791548357823,1791549191671,1791549191671,
2a850e8a-22e8-4bab-ac27-f1fb7671b80e,CONSUMER,200,1,did:web:ssi-dim-wallet-service.identity:BPNL00000003AYRE,,1791548361922,1791549191946,1791549191946,
5b29d958-5865-4804-a788-733f2af6e13c,CONSUMER,200,1,did:web:ssi-dim-wallet-service.identity:BPNL00000003AYRE,,1791548363331,1791549192048,1791549192048,
c3606b15-460f-4b42-9174-87cb991abcb5,CONSUMER,200,1,did:web:ssi-dim-wallet-service.identity:BPNL00000003AYRE,,1791548365603,1791549192145,1791549192145,
4744d659-5649-49be-95d4-04400a44bffe,CONSUMER,200,1,did:web:ssi-dim-wallet-service.identity:BPNL00000003AYRE,,1791548372128,1791549192148,1791549192148,
f03f4433-042f-453a-93b9-ce0e8945bc3e,CONSUMER,200,1,did:web:ssi-dim-wallet-service.identity:BPNL00000003AYRE,,1791548432432,1791549192252,1791549192252,
5dce8f31-5db1-4bae-9dec-6d49e6c7d312,CONSUMER,200,1,did:web:ssi-dim-wallet-service.identity:BPNL00000003AYRE,,1791548432524,1791549192260,1791549192260,
515c6da3-7422-483d-9c58-fa4e7bef8dda,CONSUMER,200,1,did:web:ssi-dim-wallet-service.identity:BPNL00000003AYRE,,1791548433134,1791549192445,1791549192445,
05c928bc-02b5-492f-a998-bbb392eaa01f,CONSUMER,200,1,did:web:ssi-dim-wallet-service.identity:BPNL00000003AYRE,,1791548436627,1791549192544,1791549192544,
ccfe75fe-8d41-4bc4-a3c5-3257947ff65d,CONSUMER,200,1,did:web:ssi-dim-wallet-service.identity:BPNL00000003AYRE,,1791548437723,1791549192457,1791549192457,
53e45558-2e36-4d0d-9bf2-7bb53dcc9fd5,CONSUMER,200,1,did:web:ssi-dim-wallet-service.identity:BPNL00000003AYRE,,1791548437728,1791549192543,1791549192543,
48c6b8bc-3635-447e-9a48-6600bdfd216f,CONSUMER,200,1,did:web:ssi-dim-wallet-service.identity:BPNL00000003AYRE,,1791548437802,1791549192564,1791549192564,
bca0b5ba-46f1-4523-b6b9-73ad121b206e,CONSUMER,200,1,did:web:ssi-dim-wallet-service.identity:BPNL00000003AYRE,,1791548438321,1791549192646,1791549192646,
5788b5aa-357b-4800-8213-4fdc5278667e,CONSUMER,200,1,did:web:ssi-dim-wallet-service.identity:BPNL00000003AYRE,,1791548441828,1791549192750,1791549192750,
b1a48011-1473-41e6-b00c-3fb4f63d59d9,CONSUMER,200,1,did:web:ssi-dim-wallet-service.identity:BPNL00000003AYRE,,1791548442023,1791549192840,1791549192840,
387248a0-cf7c-4068-a9ac-8c05b1d094b7,CONSUMER,200,1,did:web:ssi-dim-wallet-service.identity:BPNL00000003AYRE,,1791548442206,1791549192948,1791549192948,
58b4f90c-983e-4b5a-9fb4-987daa44988d,CONSUMER,200,1,did:web:ssi-dim-wallet-service.identity:BPNL00000003AYRE,,1791548443213,1791549192759,1791549192759,
693d186b-715f-401f-8c13-c3feac2e35b1,CONSUMER,200,1,did:web:ssi-dim-wallet-service.identity:BPNL00000003AYRE,,1791548443233,1791549192948,1791549192948,
0f689c00-ea96-4c7e-96d2-f1bea9680093,CONSUMER,200,1,did:web:ssi-dim-wallet-service.identity:BPNL00000003AYRE,,1791548444332,1791549193042,1791549193042,
8087cc53-df79-4434-b018-615b04c7247b,CONSUMER,200,1,did:web:ssi-dim-wallet-service.identity:BPNL00000003AYRE,,1791548446835,1791549193045,1791549193045,
474d50f9-b9f3-425f-b3c5-2d16a5a510ed,CONSUMER,200,1,did:web:ssi-dim-wallet-service.identity:BPNL00000003AYRE,,1791548446933,1791549193042,1791549193042,
1f467b01-2281-427c-945e-d13451774060,CONSUMER,200,1,did:web:ssi-dim-wallet-service.identity:BPNL00000003AYRE,,1791548449327,1791549193141,1791549193141,
7252a86e-edf6-4658-9d98-13ea28a513c8,CONSUMER,200,1,did:web:ssi-dim-wallet-service.identity:BPNL00000003AYRE,,1791548449532,1791549193246,1791549193246,
a1f76e8c-ce5e-44f5-b5d9-79ce24f0ae44,CONSUMER,200,1,did:web:ssi-dim-wallet-service.identity:BPNL00000003AYRE,,1791548450103,1791549193365,1791549193365,
7439a50e-283a-4f16-8b01-8dd4bce4aed1,CONSUMER,200,1,did:web:ssi-dim-wallet-service.identity:BPNL00000003AYRE,,1791548450405,1791549193346,1791549193346,
ed6adb97-551b-440d-9d78-06d871500eba,CONSUMER,200,1,did:web:ssi-dim-wallet-service.identity:BPNL00000003AYRE,,1791548450708,1791549193347,1791549193347,
fdfe413c-f4e9-4b21-b7d8-d02d54123f9a,CONSUMER,200,1,did:web:ssi-dim-wallet-service.identity:BPNL00000003AYRE,,1791548451231,1791549193355,1791549193355,
9fce9d6c-0e6c-40f5-a0f3-3d3196e80b30,CONSUMER,200,1,did:web:ssi-dim-wallet-service.identity:BPNL00000003AYRE,,1791548451423,1791549193376,1791549193376,
6f08bd37-ca05-44cc-b995-3e0aebd1a5b1,CONSUMER,200,1,did:web:ssi-dim-wallet-service.identity:BPNL00000003AYRE,,1791548451435,1791549193651,1791549193651,
7ff6acb3-44d0-46b4-a45b-ae2c7e7a2ea8,CONSUMER,200,1,did:web:ssi-dim-wallet-service.identity:BPNL00000003AYRE,,1791548451522,1791549193644,1791549193644,
88cf527c-8770-46c5-9af9-78b1cf703818,CONSUMER,200,1,did:web:ssi-dim-wallet-service.identity:BPNL00000003AYRE,,1791548451633,1791549193746,1791549193746,
fd8e7e70-84f2-4212-8f40-72c0417b581d,CONSUMER,200,1,did:web:ssi-dim-wallet-service.identity:BPNL00000003AYRE,,1791548452033,1791549194362,1791549194362,
b63511ee-aaf1-405a-a812-1db379e4426c,CONSUMER,200,1,did:web:ssi-dim-wallet-service.identity:BPNL00000003AYRE,,1791548452204,1791549194146,1791549194146,
32efd435-4440-424a-9be7-f89e16bd5bfe,CONSUMER,200,1,did:web:ssi-dim-wallet-service.identity:BPNL00000003AYRE,,1791548452638,1791549194050,1791549194050,
313c84c8-5b84-4743-8763-c06b80c364a6,CONSUMER,200,1,did:web:ssi-dim-wallet-service.identity:BPNL00000003AYRE,,1791548452803,1791549194245,1791549194245,
5aa6b460-ff84-427f-bf9b-b1dedd1001f8,CONSUMER,200,1,did:web:ssi-dim-wallet-service.identity:BPNL00000003AYRE,,1791548452829,1791549194148,1791549194148,
78374de6-1e70-4640-847a-693776e4f3e5,CONSUMER,200,1,did:web:ssi-dim-wallet-service.identity:BPNL00000003AYRE,,1791548453545,1791549194366,1791549194366,
efb438c1-4c2a-467c-ba2a-4994c98dbc7f,CONSUMER,200,1,did:web:ssi-dim-wallet-service.identity:BPNL00000003AYRE,,1791548453722,1791549194538,1791549194538,
94ef63b8-2083-419b-8852-c1e77b2372f8,CONSUMER,200,1,did:web:ssi-dim-wallet-service.identity:BPNL00000003AYRE,,1791548454436,1791549194500,1791549194500,
8da11b3f-fec2-45f1-bba7-b6506ab2d9c2,CONSUMER,200,1,did:web:ssi-dim-wallet-service.identity:BPNL00000003AYRE,,1791548454826,1791549194499,1791549194499,
0b5d6110-3fc4-47de-b111-38a6d00e35b2,CONSUMER,200,1,did:web:ssi-dim-wallet-service.identity:BPNL00000003AYRE,,1791548455223,1791549194649,1791549194649,
58174022-5405-4674-a97b-65cd6cbafbd8,CONSUMER,200,1,did:web:ssi-dim-wallet-service.identity:BPNL00000003AYRE,,1791548456137,1791549194565,1791549194565,
cdc27fcb-7620-4347-a18c-1117ec86cbf7,CONSUMER,200,1,did:web:ssi-dim-wallet-service.identity:BPNL00000003AYRE,,1791548456424,1791549194752,1791549194752,
d110e2d7-7466-4402-a92c-94b1ed2229ec,CONSUMER,200,1,did:web:ssi-dim-wallet-service.identity:BPNL00000003AYRE,,1791548457005,1791549194639,1791549194639,
8355f3f8-e6e2-40ab-934a-0f229d4bd1d3,CONSUMER,200,1,did:web:ssi-dim-wallet-service.identity:BPNL00000003AYRE,,1791548457202,1791549195140,1791549195140,
febde0b3-aaf1-4e9a-a01d-6d9f56d534e8,CONSUMER,200,1,did:web:ssi-dim-wallet-service.identity:BPNL00000003AYRE,,1791548457223,1791549195042,1791549195042,
d0749b0d-8245-43e0-90ef-4c5d5de9e141,CONSUMER,200,1,did:web:ssi-dim-wallet-service.identity:BPNL00000003AYRE,,1791548457508,1791549195041,1791549195041,
ac037c80-f421-4a43-b95b-79f487db65bd,CONSUMER,200,1,did:web:ssi-dim-wallet-service.identity:BPNL00000003AYRE,,1791548457538,1791549195143,1791549195143,
1ec9995a-d894-4d9f-861e-6c756ebd1c9f,CONSUMER,200,1,did:web:ssi-dim-wallet-service.identity:BPNL00000003AYRE,,1791548457629,1791549195250,1791549195250,
5c3be782-f773-478f-90a4-5e15a489660c,CONSUMER,200,1,did:web:ssi-dim-wallet-service.identity:BPNL00000003AYRE,,1791548457635,1791549195357,1791549195357,
e3a8f1de-2736-44d6-8cd6-5a24aab874b9,CONSUMER,200,1,did:web:ssi-dim-wallet-service.identity:BPNL00000003AYRE,,1791548457635,1791549195353,1791549195353,
d5c72daf-ca87-47bb-bc58-db8f5aaf59fe,CONSUMER,200,1,did:web:ssi-dim-wallet-service.identity:BPNL00000003AYRE,,1791548457837,1791549195367,1791549195367,
0f94edeb-6d05-47c3-8f09-2a5c7647021d,CONSUMER,200,1,did:web:ssi-dim-wallet-service.identity:BPNL00000003AYRE,,1791548458005,1791549195541,1791549195541,
d7d97053-0591-4ef3-a1bb-77ff4fb1b2df,CONSUMER,200,1,did:web:ssi-dim-wallet-service.identity:BPNL00000003AYRE,,1791548458134,1791549195554,1791549195554,
9627cc6a-249a-453c-8021-d8ccd0c5af4d,CONSUMER,200,1,did:web:ssi-dim-wallet-service.identity:BPNL00000003AYRE,,1791548458227,1791549195941,1791549195941,
86e727f1-c3bb-4327-9fa2-d616c074bf78,CONSUMER,200,1,did:web:ssi-dim-wallet-service.identity:BPNL00000003AYRE,,1791548458431,1791549195771,1791549195771,
e82ded2b-1101-4fdf-b0b5-03e5657ff842,CONSUMER,200,1,did:web:ssi-dim-wallet-service.identity:BPNL00000003AYRE,,1791548458434,1791549195644,1791549195644,
f2b2edfd-371e-45f7-9078-660cc5c4c3ff,CONSUMER,200,1,did:web:ssi-dim-wallet-service.identity:BPNL00000003AYRE,,1791548458625,1791549195933,1791549195933,
06c8453c-274e-4635-a0ee-f200663b7b97,CONSUMER,200,1,did:web:ssi-dim-wallet-service.identity:BPNL00000003AYRE,,1791548458787,1791549195866,1791549195866,
78b56ccd-2fcb-4d32-a7b3-479da99c3b44,CONSUMER,200,1,did:web:ssi-dim-wallet-service.identity:BPNL00000003AYRE,,1791548458831,1791549195942,1791549195942,
05af0239-8564-4956-a397-22d0e7375b8d,CONSUMER,200,1,did:web:ssi-dim-wallet-service.identity:BPNL00000003AYRE,,1791548458835,1791549196050,1791549196050,
5d5d4959-a8db-413b-aa80-2bca4c718e30,CONSUMER,200,1,did:web:ssi-dim-wallet-service.identity:BPNL00000003AYRE,,1791548459035,1791549196144,1791549196144,
bf9a5f9b-53ad-48a3-abe1-02c27561b0be,CONSUMER,200,1,did:web:ssi-dim-wallet-service.identity:BPNL00000003AYRE,,1791548459125,1791549196241,1791549196241,
435caae9-eb3e-495f-91af-1cc870cfe74f,CONSUMER,200,1,did:web:ssi-dim-wallet-service.identity:BPNL00000003AYRE,,1791548459128,1791549196247,1791549196247,
40cf6e70-c4b9-4d81-86b0-c11f58e848e7,CONSUMER,200,1,did:web:ssi-dim-wallet-service.identity:BPNL00000003AYRE,,1791548459303,1791549196346,1791549196346,
434efd94-1b5b-4f2f-b1ed-66490fc4ae35,CONSUMER,200,1,did:web:ssi-dim-wallet-service.identity:BPNL00000003AYRE,,1791548459434,1791549196544,1791549196544,
dde58982-05e7-4a0c-a049-aa72eec64d87,CONSUMER,200,1,did:web:ssi-dim-wallet-service.identity:BPNL00000003AYRE,,1791548459605,1791549196543,1791549196543,
83c6656a-9a86-4436-9b43-a2fb6140f965,CONSUMER,200,1,did:web:ssi-dim-wallet-service.identity:BPNL00000003AYRE,,1791548459628,1791549196456,1791549196456,
48b1a4c6-be9a-4b51-a531-5acba04181dd,CONSUMER,200,1,did:web:ssi-dim-wallet-service.identity:BPNL00000003AYRE,,1791548459823,1791549196556,1791549196556,
da6f8006-c3c1-44e1-9402-7e4dc79984bd,CONSUMER,200,1,did:web:ssi-dim-wallet-service.identity:BPNL00000003AYRE,,1791548460224,1791549196642,1791549196642,
72e22a32-96f6-4611-8ec2-421d6a08cbf9,CONSUMER,200,1,did:web:ssi-dim-wallet-service.identity:BPNL00000003AYRE,,1791548460633,1791549196750,1791549196750,
60938bda-9646-4b1f-b582-97f6aff6a73d,CONSUMER,200,1,did:web:ssi-dim-wallet-service.identity:BPNL00000003AYRE,,1791548461433,1791549196848,1791549196848,
f944e3cb-8bf4-4c79-8663-bf99a56b7fa6,CONSUMER,200,1,did:web:ssi-dim-wallet-service.identity:BPNL00000003AYRE,,1791548463102,1791549197150,1791549197150,
58427af6-4833-4480-af9b-d4a6cdab74e8,CONSUMER,200,1,did:web:ssi-dim-wallet-service.identity:BPNL00000003AYRE,,1791548463427,1791549197050,1791549197050,
a29e02d1-0f17-4ca7-85b0-92e6af07a8b4,CONSUMER,200,1,did:web:ssi-dim-wallet-service.identity:BPNL00000003AYRE,,1791548463831,1791549196949,1791549196949,
a1c45e0d-6ba0-47e6-bd0d-d3bd15dc6639,CONSUMER,200,1,did:web:ssi-dim-wallet-service.identity:BPNL00000003AYRE,,1791548463904,1791549197243,1791549197243,
2d704351-cc08-4ddc-ba1a-9025f9d92cdd,CONSUMER,200,1,did:web:ssi-dim-wallet-service.identity:BPNL00000003AYRE,,1791548464133,1791549197145,1791549197145,
9f44050f-f58d-4fe4-9f19-79aaf9700e07,CONSUMER,200,1,did:web:ssi-dim-wallet-service.identity:BPNL00000003AYRE,,1791548464826,1791549197241,1791549197241,
bea36861-cf0d-4ccb-9990-46b35bfbbafe,CONSUMER,200,1,did:web:ssi-dim-wallet-service.identity:BPNL00000003AYRE,,1791548465020,1791549197259,1791549197259,
cf8d5e78-4372-46ed-bb05-a84db481f580,CONSUMER,200,1,did:web:ssi-dim-wallet-service.identity:BPNL00000003AYRE,,1791548465830,1791549197544,1791549197544,
f21d82f9-7f3b-4021-aba0-65edcb7d2605,CONSUMER,200,1,did:web:ssi-dim-wallet-service.identity:BPNL00000003AYRE,,1791548466032,1791549197347,1791549197347,
d2007005-865b-40cb-a1c7-6c8579836280,CONSUMER,200,1,did:web:ssi-dim-wallet-service.identity:BPNL00000003AYRE,,1791548466833,1791549197644,1791549197644,
df4a2c09-f220-49ba-912b-94313aac67b5,CONSUMER,200,1,did:web:ssi-dim-wallet-service.identity:BPNL00000003AYRE,,1791548467203,1791549197542,1791549197542,
92a5674d-a045-44f9-8d05-6221094d0a4f,CONSUMER,200,1,did:web:ssi-dim-wallet-service.identity:BPNL00000003AYRE,,1791548467325,1791549197741,1791549197741,
3024e226-4185-483c-aae4-b429f37133b6,CONSUMER,200,1,did:web:ssi-dim-wallet-service.identity:BPNL00000003AYRE,,1791548467838,1791549197942,1791549197942,
3a9d0a98-e6a6-4361-a7d1-2bc8c23cf078,CONSUMER,200,1,did:web:ssi-dim-wallet-service.identity:BPNL00000003AYRE,,1791548467838,1791549197652,1791549197652,
9e5a56ef-327b-4212-afe7-c6d74d13c030,CONSUMER,200,1,did:web:ssi-dim-wallet-service.identity:BPNL00000003AYRE,,1791548467910,1791549197842,1791549197842,
2d235e10-5908-4964-8a67-1bd306caa376,CONSUMER,200,1,did:web:ssi-dim-wallet-service.identity:BPNL00000003AYRE,,1791548467939,1791549198148,1791549198148,
d118c3c1-6bb5-4b75-a1f8-f6b69a0a066b,CONSUMER,200,1,did:web:ssi-dim-wallet-service.identity:BPNL00000003AYRE,,1791548468336,1791549198041,1791549198041,
ff0470c6-4b38-4673-8cf2-59fa46f2da2e,CONSUMER,200,1,did:web:ssi-dim-wallet-service.identity:BPNL00000003AYRE,,1791548468624,1791549198144,1791549198144,
9e60a391-d890-49e0-9cc9-984e380b30e6,CONSUMER,200,1,did:web:ssi-dim-wallet-service.identity:BPNL00000003AYRE,,1791548469007,1791549198256,1791549198256,
786d5ca3-fba7-498f-821a-4ee90437e132,CONSUMER,200,1,did:web:ssi-dim-wallet-service.identity:BPNL00000003AYRE,,1791548469024,1791549198257,1791549198257,
a1e699ba-0ebf-4887-a67e-a51cab9efe58,CONSUMER,200,1,did:web:ssi-dim-wallet-service.identity:BPNL00000003AYRE,,1791548469032,1791549198446,1791549198446,
bcd393dd-2dbe-4639-b9e5-4b7b10038832,CONSUMER,200,1,did:web:ssi-dim-wallet-service.identity:BPNL00000003AYRE,,1791548469222,1791549198441,1791549198441,
82804d55-dd4d-410d-b7a0-cc976ea10765,CONSUMER,200,1,did:web:ssi-dim-wallet-service.identity:BPNL00000003AYRE,,1791548469228,1791549198460,1791549198460,
64bc276c-7360-4627-8617-e0692126afdb,CONSUMER,200,1,did:web:ssi-dim-wallet-service.identity:BPNL00000003AYRE,,1791548469504,1791549198749,1791549198749,
e538d1f4-c7e1-4cbd-82d3-6ec8bb727806,CONSUMER,200,1,did:web:ssi-dim-wallet-service.identity:BPNL00000003AYRE,,1791548469504,1791549198546,1791549198546,
b854330a-d8ca-4689-9dce-c2c11e286e44,CONSUMER,200,1,did:web:ssi-dim-wallet-service.identity:BPNL00000003AYRE,,1791548469743,1791549198749,1791549198749,
63d825fc-82d8-4e70-9015-62b7891cb09f,CONSUMER,200,1,did:web:ssi-dim-wallet-service.identity:BPNL00000003AYRE,,1791548469903,1791549198844,1791549198844,
b5b2f1b1-12cd-4373-a8ae-cd63355dc873,CONSUMER,200,1,did:web:ssi-dim-wallet-service.identity:BPNL00000003AYRE,,1791548469908,1791549198756,1791549198756,
d6d75b74-5d8b-4765-83a9-aa15cc5e50f3,CONSUMER,200,1,did:web:ssi-dim-wallet-service.identity:BPNL00000003AYRE,,1791548469922,1791549198839,1791549198839,
8c5dc797-d180-44c6-a21a-1b744aded801,CONSUMER,200,1,did:web:ssi-dim-wallet-service.identity:BPNL00000003AYRE,,1791548469928,1791549199132,1791549199132,
fc4376f6-fc39-4c92-b470-4a1dd9c408d7,CONSUMER,200,1,did:web:ssi-dim-wallet-service.identity:BPNL00000003AYRE,,1791548469939,1791549199139,1791549199139,
2014c277-54bd-42cc-9c20-fb3c66f0f28a,CONSUMER,200,1,did:web:ssi-dim-wallet-service.identity:BPNL00000003AYRE,,1791548470026,1791549199137,1791549199137,
7b3a1ca2-fc84-4f76-8938-ae2bc47f841d,CONSUMER,200,1,did:web:ssi-dim-wallet-service.identity:BPNL00000003AYRE,,1791548470828,1791549199246,1791549199246,
dbd30a91-199c-484b-8536-6c442043305c,CONSUMER,200,1,did:web:ssi-dim-wallet-service.identity:BPNL00000003AYRE,,1791548471022,1791549199205,1791549199205,
b7447ad5-5edf-4717-b511-e715512aebe3,CONSUMER,200,1,did:web:ssi-dim-wallet-service.identity:BPNL00000003AYRE,,1791548471030,1791549199262,1791549199262,
b2e493b0-acd9-4fb2-917f-3ca6deb5fb66,CONSUMER,200,1,did:web:ssi-dim-wallet-service.identity:BPNL00000003AYRE,,1791548471128,1791549199271,1791549199271,
0351b308-ef12-4a4c-9e38-f1417d234fa1,CONSUMER,200,1,did:web:ssi-dim-wallet-service.identity:BPNL00000003AYRE,,1791548471226,1791549199440,1791549199440,
c7fb3e85-de3b-40f8-920c-fb7384e90b93,CONSUMER,200,1,did:web:ssi-dim-wallet-service.identity:BPNL00000003AYRE,,1791548471361,1791549199647,1791549199647,
4c5bfab1-10f5-4582-99d3-44d8fe9667c7,CONSUMER,200,1,did:web:ssi-dim-wallet-service.identity:BPNL00000003AYRE,,1791548471368,1791549199558,1791549199558,
5bbcc752-98c3-4328-b45a-037b93d652f4,CONSUMER,200,1,did:web:ssi-dim-wallet-service.identity:BPNL00000003AYRE,,1791548471422,1791549199757,1791549199757,
0574536b-33ad-4531-93cf-1bed4ed225d2,CONSUMER,200,1,did:web:ssi-dim-wallet-service.identity:BPNL00000003AYRE,,1791548471532,1791549199941,1791549199941,
ab898038-b21d-4756-a53a-1ba9193a9d75,CONSUMER,200,1,did:web:ssi-dim-wallet-service.identity:BPNL00000003AYRE,,1791548471725,1791549199842,1791549199842,
c7c399aa-f164-4cf4-895d-c798adbc7564,CONSUMER,200,1,did:web:ssi-dim-wallet-service.identity:BPNL00000003AYRE,,1791548471840,1791549199944,1791549199944,
1f3568e5-5274-4892-aa72-44639a5abb9d,CONSUMER,200,1,did:web:ssi-dim-wallet-service.identity:BPNL00000003AYRE,,1791548472224,1791549200049,1791549200049,
3e17b971-cfe2-4c69-92aa-9492a43c0258,CONSUMER,200,1,did:web:ssi-dim-wallet-service.identity:BPNL00000003AYRE,,1791548472305,1791549199955,1791549199955,
ad7f2576-24ec-427b-8c77-4ae271f9cf47,CONSUMER,200,1,did:web:ssi-dim-wallet-service.identity:BPNL00000003AYRE,,1791548472309,1791549200047,1791549200047,
a8f50a22-3d6d-4c50-a3b8-ac310c9dde5f,CONSUMER,200,1,did:web:ssi-dim-wallet-service.identity:BPNL00000003AYRE,,1791548472408,1791549200236,1791549200236,
75186f1a-772f-4654-a2eb-0261e9724c89,CONSUMER,200,1,did:web:ssi-dim-wallet-service.identity:BPNL00000003AYRE,,1791548472437,1791549200342,1791549200342,
f3f89b18-1584-4493-b037-ae7e040eac1e,CONSUMER,200,1,did:web:ssi-dim-wallet-service.identity:BPNL00000003AYRE,,1791548472530,1791549200243,1791549200243,
a29a2a27-e930-499f-991b-11eaaccc5e1b,CONSUMER,200,1,did:web:ssi-dim-wallet-service.identity:BPNL00000003AYRE,,1791548472536,1791549200275,1791549200275,
7f90bdcc-6e5e-48d1-94e4-4414edc30ad7,CONSUMER,200,1,did:web:ssi-dim-wallet-service.identity:BPNL00000003AYRE,,1791548473022,1791549200345,1791549200345,
54180078-a8fb-43b5-b02f-26381ec88958,CONSUMER,200,1,did:web:ssi-dim-wallet-service.identity:BPNL00000003AYRE,,1791548473335,1791549200544,1791549200544,
8b264c54-4040-48f7-9b39-0baed825de9d,CONSUMER,200,1,did:web:ssi-dim-wallet-service.identity:BPNL00000003AYRE,,1791548473426,1791549200753,1791549200753,
d1e729d1-14e6-48bf-8109-f57de35b6bb2,CONSUMER,200,1,did:web:ssi-dim-wallet-service.identity:BPNL00000003AYRE,,1791548473929,1791549200765,1791549200765,
9b64390f-2c44-4694-906c-499d87ddc782,CONSUMER,200,1,did:web:ssi-dim-wallet-service.identity:BPNL00000003AYRE,,1791548474105,1791549200933,1791549200933,
ef02f70f-ace9-4e16-97c1-02dc40e7d8a0,CONSUMER,200,1,did:web:ssi-dim-wallet-service.identity:BPNL00000003AYRE,,1791548474124,1791549200957,1791549200957,
a392d50e-9ca5-441f-9feb-9ce5475244ae,CONSUMER,200,1,did:web:ssi-dim-wallet-service.identity:BPNL00000003AYRE,,1791548474329,1791549200946,1791549200946,
50a2d0c6-d309-4bed-a7f8-daea7621a165,CONSUMER,200,1,did:web:ssi-dim-wallet-service.identity:BPNL00000003AYRE,,1791548474504,1791549201045,1791549201045,
371e00a5-8925-460c-b259-9c5ba46a3cf3,CONSUMER,200,1,did:web:ssi-dim-wallet-service.identity:BPNL00000003AYRE,,1791548474532,1791549201138,1791549201138,
009fcef3-e863-481e-8069-2731ecf14a8b,CONSUMER,200,1,did:web:ssi-dim-wallet-service.identity:BPNL00000003AYRE,,1791548475424,1791549201242,1791549201242,
725f1c4d-1a46-4ed3-a517-04d7f11dc820,CONSUMER,200,1,did:web:ssi-dim-wallet-service.identity:BPNL00000003AYRE,,1791548475527,1791549201337,1791549201337,
e1863de4-42e2-4705-8816-9e9bce99e673,CONSUMER,200,1,did:web:ssi-dim-wallet-service.identity:BPNL00000003AYRE,,1791548475532,1791549201259,1791549201259,
ce3771dd-81cb-49bd-ab1c-9db541dd7da1,CONSUMER,200,1,did:web:ssi-dim-wallet-service.identity:BPNL00000003AYRE,,1791548475629,1791549201259,1791549201259,
f3c5770b-b23a-4fec-bd46-6ed54113ceca,CONSUMER,200,1,did:web:ssi-dim-wallet-service.identity:BPNL00000003AYRE,,1791548475903,1791549201552,1791549201552,
122509b2-79b1-4c8b-aec3-50f5d1345d9d,CONSUMER,200,1,did:web:ssi-dim-wallet-service.identity:BPNL00000003AYRE,,1791548476208,1791549201644,1791549201644,
03ac7d0a-0a8a-43ec-b2ef-554489307dfd,CONSUMER,200,1,did:web:ssi-dim-wallet-service.identity:BPNL00000003AYRE,,1791548476422,1791549201443,1791549201443,
7752c1c6-4dc4-4789-92e2-e7ffa6052544,CONSUMER,200,1,did:web:ssi-dim-wallet-service.identity:BPNL00000003AYRE,,1791548477337,1791549201549,1791549201549,
9d721b8f-eb3a-44ce-a6a3-9e39a6f0b596,CONSUMER,200,1,did:web:ssi-dim-wallet-service.identity:BPNL00000003AYRE,,1791548477609,1791549201843,1791549201843,
30029aed-6a54-423c-9625-4f26013235e8,CONSUMER,200,1,did:web:ssi-dim-wallet-service.identity:BPNL00000003AYRE,,1791548477637,1791549201756,1791549201756,
ba29c943-854c-4d03-903e-e4f45f0abbcf,CONSUMER,200,1,did:web:ssi-dim-wallet-service.identity:BPNL00000003AYRE,,1791548478533,1791549201954,1791549201954,
ef7ed1ec-7129-4fcd-bdbf-0625ad7c5a90,CONSUMER,200,1,did:web:ssi-dim-wallet-service.identity:BPNL00000003AYRE,,1791548478831,1791549201953,1791549201953,
a872fbb1-4488-4c04-a9d1-77dcfdc0caf1,CONSUMER,200,1,did:web:ssi-dim-wallet-service.identity:BPNL00000003AYRE,,1791548479332,1791549202057,1791549202057,
0ac561d0-d8f1-431e-9c5b-74ecd75a7894,CONSUMER,200,1,did:web:ssi-dim-wallet-service.identity:BPNL00000003AYRE,,1791548479822,1791549202146,1791549202146,
eee8dcdb-ff70-4a65-9d5a-6d09ccea7db0,CONSUMER,200,1,did:web:ssi-dim-wallet-service.identity:BPNL00000003AYRE,,1791548479828,1791549202146,1791549202146,
17164b78-3b87-448a-a203-44e59d9e7455,CONSUMER,200,1,did:web:ssi-dim-wallet-service.identity:BPNL00000003AYRE,,1791548480002,1791549202341,1791549202341,
fb3e32ec-98b9-41f5-ac4e-e050019b682b,CONSUMER,200,1,did:web:ssi-dim-wallet-service.identity:BPNL00000003AYRE,,1791548480029,1791549202351,1791549202351,
bf7fe502-87a0-4e70-bbfb-01150d015403,CONSUMER,200,1,did:web:ssi-dim-wallet-service.identity:BPNL00000003AYRE,,1791548480123,1791549202342,1791549202342,
84a99928-cb07-459c-96b2-e126b0aeaefd,CONSUMER,200,1,did:web:ssi-dim-wallet-service.identity:BPNL00000003AYRE,,1791548480134,1791549202370,1791549202370,
26ef57ce-69a9-47d7-ba07-8dad47f67729,CONSUMER,200,1,did:web:ssi-dim-wallet-service.identity:BPNL00000003AYRE,,1791548480206,1791549202376,1791549202376,
b24bac86-ecde-43a9-8625-58bae5286931,CONSUMER,200,1,did:web:ssi-dim-wallet-service.identity:BPNL00000003AYRE,,1791548480209,1791549202660,1791549202660,
9f778da4-7102-4596-88f7-48953524d27a,CONSUMER,200,1,did:web:ssi-dim-wallet-service.identity:BPNL00000003AYRE,,1791548480403,1791549202745,1791549202745,
6a0b427d-3fba-4af6-8982-087abee4bbdc,CONSUMER,200,1,did:web:ssi-dim-wallet-service.identity:BPNL00000003AYRE,,1791548480440,1791549203044,1791549203044,
b6515f63-d1a4-40f3-9a81-68a358b2f23c,CONSUMER,200,1,did:web:ssi-dim-wallet-service.identity:BPNL00000003AYRE,,1791548480523,1791549202856,1791549202856,
ac286f3f-d6af-4582-9ef3-ed43f5786d95,CONSUMER,200,1,did:web:ssi-dim-wallet-service.identity:BPNL00000003AYRE,,1791548480527,1791549202749,1791549202749,
81e9ba62-9324-4c09-b53c-b99d3b3a42e2,CONSUMER,200,1,did:web:ssi-dim-wallet-service.identity:BPNL00000003AYRE,,1791548480606,1791549202947,1791549202947,
c1451d17-5cc3-430b-8f92-fa2794ec6bee,CONSUMER,200,1,did:web:ssi-dim-wallet-service.identity:BPNL00000003AYRE,,1791548480623,1791549203065,1791549203065,
1f4f6f19-b82d-4b82-827b-6efd5cd7638d,CONSUMER,200,1,did:web:ssi-dim-wallet-service.identity:BPNL00000003AYRE,,1791548480633,1791549203048,1791549203048,
9a203b54-a0f6-4dc0-9e30-d26bcd0029f2,CONSUMER,200,1,did:web:ssi-dim-wallet-service.identity:BPNL00000003AYRE,,1791548482722,1791549203143,1791549203143,
47a9716a-317c-4c93-bf32-c8bf5bb981b4,CONSUMER,200,1,did:web:ssi-dim-wallet-service.identity:BPNL00000003AYRE,,1791548482925,1791549203244,1791549203244,
3f2a524e-8879-4f3d-bc54-f7b575b20b89,CONSUMER,200,1,did:web:ssi-dim-wallet-service.identity:BPNL00000003AYRE,,1791548483030,1791549203248,1791549203248,
a4ff74eb-50e6-425b-bfbe-fc55e139cf40,CONSUMER,200,1,did:web:ssi-dim-wallet-service.identity:BPNL00000003AYRE,,1791548483032,1791549203347,1791549203347,
f7ab3216-8ea7-4e29-9947-94bd027b1137,CONSUMER,200,1,did:web:ssi-dim-wallet-service.identity:BPNL00000003AYRE,,1791548483430,1791549203349,1791549203349,
bdd56d41-075a-470f-8c3a-c296c50d54e1,CONSUMER,200,1,did:web:ssi-dim-wallet-service.identity:BPNL00000003AYRE,,1791548483530,1791549203640,1791549203640,
068c17e8-5316-4e23-a0cd-9b963f384873,CONSUMER,200,1,did:web:ssi-dim-wallet-service.identity:BPNL00000003AYRE,,1791548484124,1791549203748,1791549203748,
88e01b2f-83ec-4a16-9bba-7331e7bcf2df,CONSUMER,200,1,did:web:ssi-dim-wallet-service.identity:BPNL00000003AYRE,,1791548484323,1791549203750,1791549203750,
716d20a0-f1e6-4366-b1f3-78405a0b1ff9,CONSUMER,200,1,did:web:ssi-dim-wallet-service.identity:BPNL00000003AYRE,,1791548484424,1791549203941,1791549203941,
7dd76823-690c-41cf-b76b-fc3f2a8fa257,CONSUMER,200,1,did:web:ssi-dim-wallet-service.identity:BPNL00000003AYRE,,1791548484438,1791549203946,1791549203946,
8506b8df-9a7b-4364-ac2c-0161ed594ad3,CONSUMER,200,1,did:web:ssi-dim-wallet-service.identity:BPNL00000003AYRE,,1791548484710,1791549203962,1791549203962,
871325e0-7d4a-45aa-9b7f-1ff26ad75e1d,CONSUMER,200,1,did:web:ssi-dim-wallet-service.identity:BPNL00000003AYRE,,1791548484737,1791549204046,1791549204046,
427fec89-ff26-4a9f-bab0-0755de4f2610,CONSUMER,200,1,did:web:ssi-dim-wallet-service.identity:BPNL00000003AYRE,,1791548484802,1791549204251,1791549204251,
edc0b878-8836-4633-ad98-bd27d28b0555,CONSUMER,200,1,did:web:ssi-dim-wallet-service.identity:BPNL00000003AYRE,,1791548485108,1791549204342,1791549204342,
4759adb7-3eb3-4680-8eb2-d5380529424a,CONSUMER,200,1,did:web:ssi-dim-wallet-service.identity:BPNL00000003AYRE,,1791548485635,1791549204241,1791549204241,
57138e4a-185b-4d02-be73-714319688640,CONSUMER,200,1,did:web:ssi-dim-wallet-service.identity:BPNL00000003AYRE,,1791548485902,1791549204340,1791549204340,
7478ae1c-f619-43dc-a1b0-d6e2b8f97080,CONSUMER,200,1,did:web:ssi-dim-wallet-service.identity:BPNL00000003AYRE,,1791548486031,1791549204743,1791549204743,
5b71fd78-bc35-4896-83ca-c05b666ac43a,CONSUMER,200,1,did:web:ssi-dim-wallet-service.identity:BPNL00000003AYRE,,1791548486033,1791549204652,1791549204652,
1825a4c3-d35a-49ed-aeaa-d999a22a8869,CONSUMER,200,1,did:web:ssi-dim-wallet-service.identity:BPNL00000003AYRE,,1791548486428,1791549204549,1791549204549,
b27a327b-c1f1-473b-b709-2f9077c75157,CONSUMER,200,1,did:web:ssi-dim-wallet-service.identity:BPNL00000003AYRE,,1791548486434,1791549204645,1791549204645,
71f2014b-5c14-4417-bfa6-e24cf1466770,CONSUMER,200,1,did:web:ssi-dim-wallet-service.identity:BPNL00000003AYRE,,1791548486505,1791549204946,1791549204946,
21ec8685-01dd-49c1-bfce-c7b6749fa661,CONSUMER,200,1,did:web:ssi-dim-wallet-service.identity:BPNL00000003AYRE,,1791548486727,1791549204840,1791549204840,
50caee08-9110-4a83-bc4b-d97a9a3e2602,CONSUMER,200,1,did:web:ssi-dim-wallet-service.identity:BPNL00000003AYRE,,1791548486808,1791549204958,1791549204958,
73bb3b23-a358-457c-b7a0-55f2609e40e0,CONSUMER,200,1,did:web:ssi-dim-wallet-service.identity:BPNL00000003AYRE,,1791548487139,1791549204940,1791549204940,
8c594d6b-4e6d-4f84-bcf1-ecf2535706c8,CONSUMER,200,1,did:web:ssi-dim-wallet-service.identity:BPNL00000003AYRE,,1791548487226,1791549205140,1791549205140,
05e2401e-2eac-4b45-8d95-913fac3c424f,CONSUMER,200,1,did:web:ssi-dim-wallet-service.identity:BPNL00000003AYRE,,1791548487422,1791549205040,1791549205040,
d9800792-47ae-4668-b2fe-2976cdfaab9b,CONSUMER,200,1,did:web:ssi-dim-wallet-service.identity:BPNL00000003AYRE,,1791548487424,1791549205139,1791549205139,
4f978c92-a583-4255-baec-cac3ddabefd1,CONSUMER,200,1,did:web:ssi-dim-wallet-service.identity:BPNL00000003AYRE,,1791548487545,1791549205241,1791549205241,
49553f05-370a-4361-92d7-a438d5f774bc,CONSUMER,200,1,did:web:ssi-dim-wallet-service.identity:BPNL00000003AYRE,,1791548487727,1791549205259,1791549205259,
87283345-b386-48d1-b688-80f4b27e25cd,CONSUMER,200,1,did:web:ssi-dim-wallet-service.identity:BPNL00000003AYRE,,1791548487924,1791549205341,1791549205341,
41c36bdd-8c2b-457d-880f-72883f4947ec,CONSUMER,200,1,did:web:ssi-dim-wallet-service.identity:BPNL00000003AYRE,,1791548488023,1791549205348,1791549205348,
4eff8683-11a2-4e42-98a2-b08650225746,CONSUMER,200,1,did:web:ssi-dim-wallet-service.identity:BPNL00000003AYRE,,1791548488231,1791549205446,1791549205446,
ec3d4682-3190-4c95-b14a-ed4ed296c232,CONSUMER,200,1,did:web:ssi-dim-wallet-service.identity:BPNL00000003AYRE,,1791548488338,1791549205440,1791549205440,
e33183c2-d1d0-4d48-b409-e0959f603dc2,CONSUMER,200,1,did:web:ssi-dim-wallet-service.identity:BPNL00000003AYRE,,1791548488448,1791549205544,1791549205544,
680d07bf-c28e-4965-bb3f-fc3f4042d97c,CONSUMER,200,1,did:web:ssi-dim-wallet-service.identity:BPNL00000003AYRE,,1791548488524,1791549205559,1791549205559,
42d667c9-d0d2-458f-8e9a-ae8add05202e,CONSUMER,200,1,did:web:ssi-dim-wallet-service.identity:BPNL00000003AYRE,,1791548489529,1791549205640,1791549205640,
65c29f0a-50d3-4ee9-baa4-92d7218692de,CONSUMER,200,1,did:web:ssi-dim-wallet-service.identity:BPNL00000003AYRE,,1791548489903,1791549205741,1791549205741,
edca7a17-b64e-4619-a12f-e99532b4a95e,CONSUMER,200,1,did:web:ssi-dim-wallet-service.identity:BPNL00000003AYRE,,1791548489922,1791549205652,1791549205652,
22d908a6-e7cd-4178-8206-8a70bb47a4d0,CONSUMER,200,1,did:web:ssi-dim-wallet-service.identity:BPNL00000003AYRE,,1791548489930,1791549205757,1791549205757,
8af439fc-1024-47a5-ae62-ac8ddb89d889,CONSUMER,200,1,did:web:ssi-dim-wallet-service.identity:BPNL00000003AYRE,,1791548489934,1791549205746,1791549205746,
ea170dc9-b830-4e93-b760-efa5abe0c2b2,CONSUMER,200,1,did:web:ssi-dim-wallet-service.identity:BPNL00000003AYRE,,1791548490035,1791549205859,1791549205859,
9566217a-8038-47f9-be13-8ede901d61d8,CONSUMER,200,1,did:web:ssi-dim-wallet-service.identity:BPNL00000003AYRE,,1791548490633,1791549205862,1791549205862,
4bc04754-0508-4509-8582-403895f70d05,CONSUMER,200,1,did:web:ssi-dim-wallet-service.identity:BPNL00000003AYRE,,1791548490727,1791549206121,1791549206121,
9a895706-945b-482b-afa2-46c83848e9f5,CONSUMER,200,1,did:web:ssi-dim-wallet-service.identity:BPNL00000003AYRE,,1791548491708,1791549206004,1791549206004,
8473a80c-da5a-427d-b881-8ea3028e804f,CONSUMER,200,1,did:web:ssi-dim-wallet-service.identity:BPNL00000003AYRE,,1791548491806,1791549206111,1791549206111,
94daa26c-e571-482d-af98-5e881156bd0c,CONSUMER,200,1,did:web:ssi-dim-wallet-service.identity:BPNL00000003AYRE,,1791548493821,1791549206216,1791549206216,
1f213a7a-5464-4d8c-af9b-22d0bd8240f2,CONSUMER,200,1,did:web:ssi-dim-wallet-service.identity:BPNL00000003AYRE,,1791548494432,1791549206254,1791549206254,
392ad856-d0bf-45e7-8efc-5cbb67ce13e1,CONSUMER,200,1,did:web:ssi-dim-wallet-service.identity:BPNL00000003AYRE,,1791548494704,1791549206352,1791549206352,
6e475760-d992-424f-86ea-fd65fa265474,CONSUMER,200,1,did:web:ssi-dim-wallet-service.identity:BPNL00000003AYRE,,1791548494833,1791549206345,1791549206345,
3f41aaf4-58d3-4d4f-ba15-f45d7414eea2,CONSUMER,200,1,did:web:ssi-dim-wallet-service.identity:BPNL00000003AYRE,,1791548495003,1791549206545,1791549206545,
f67455d6-361c-43e7-8b5c-ec35c31c250b,CONSUMER,200,1,did:web:ssi-dim-wallet-service.identity:BPNL00000003AYRE,,1791548495308,1791549206445,1791549206445,
cd16a799-fdc7-4127-bce7-18c966438cf6,CONSUMER,200,1,did:web:ssi-dim-wallet-service.identity:BPNL00000003AYRE,,1791548495834,1791549206746,1791549206746,
6ba3002c-1db7-49ae-88ca-a6c923a519d8,CONSUMER,200,1,did:web:ssi-dim-wallet-service.identity:BPNL00000003AYRE,,1791548495834,1791549206542,1791549206542,
edd3e486-de6c-4c31-ab38-a4d502a4b39c,CONSUMER,200,1,did:web:ssi-dim-wallet-service.identity:BPNL00000003AYRE,,1791548496203,1791549206665,1791549206665,
aabfc73b-88d2-4357-b281-0a9addc220bf,CONSUMER,200,1,did:web:ssi-dim-wallet-service.identity:BPNL00000003AYRE,,1791548496210,1791549206747,1791549206747,
f10b792f-b42a-44d0-9cc1-d2667ad366f7,CONSUMER,200,1,did:web:ssi-dim-wallet-service.identity:BPNL00000003AYRE,,1791548496405,1791549206846,1791549206846,
4dc73ac3-4692-46c9-b687-86b03c686ed2,CONSUMER,200,1,did:web:ssi-dim-wallet-service.identity:BPNL00000003AYRE,,1791548496424,1791549206841,1791549206841,
fcb5de0f-aa48-421f-b7a5-928e9e03e853,CONSUMER,200,1,did:web:ssi-dim-wallet-service.identity:BPNL00000003AYRE,,1791548496609,1791549206951,1791549206951,
417c5bf3-0324-4e23-8b2d-06c8a60f3095,CONSUMER,200,1,did:web:ssi-dim-wallet-service.identity:BPNL00000003AYRE,,1791548503210,1791549207045,1791549207045,
fde91b30-2125-4ed6-b33b-446c6b4f5293,CONSUMER,200,1,did:web:ssi-dim-wallet-service.identity:BPNL00000003AYRE,,1791548503229,1791549207048,1791549207048,
d16d27d2-64cd-400a-b45b-7afa0b819976,CONSUMER,200,1,did:web:ssi-dim-wallet-service.identity:BPNL00000003AYRE,,1791548503254,1791549207059,1791549207059,
a0b144ab-46e8-4455-af73-41e4800c0ec2,CONSUMER,200,1,did:web:ssi-dim-wallet-service.identity:BPNL00000003AYRE,,1791548503436,1791549207140,1791549207140,
a9335649-f45b-455f-825a-55b6b348909c,CONSUMER,200,1,did:web:ssi-dim-wallet-service.identity:BPNL00000003AYRE,,1791548503822,1791549207244,1791549207244,
70d4f40b-97e3-4387-9a95-aab79abf4478,CONSUMER,200,1,did:web:ssi-dim-wallet-service.identity:BPNL00000003AYRE,,1791548503922,1791549207246,1791549207246,
dbec1e5b-8502-40d2-8fbe-d06b7f652a84,CONSUMER,200,1,did:web:ssi-dim-wallet-service.identity:BPNL00000003AYRE,,1791548504128,1791549207350,1791549207350,
a493b421-b4df-4019-b983-1c0a485b39b0,CONSUMER,200,1,did:web:ssi-dim-wallet-service.identity:BPNL00000003AYRE,,1791548504334,1791549207641,1791549207641,
bc50f942-bf85-43f6-a1a3-b0306dc12211,CONSUMER,200,1,did:web:ssi-dim-wallet-service.identity:BPNL00000003AYRE,,1791548504524,1791549207853,1791549207853,
dabec732-1167-41af-924e-eb41347b242b,CONSUMER,200,1,did:web:ssi-dim-wallet-service.identity:BPNL00000003AYRE,,1791548504724,1791549207849,1791549207849,
874029ac-4b6c-418f-a9d9-3c8253460bd5,CONSUMER,200,1,did:web:ssi-dim-wallet-service.identity:BPNL00000003AYRE,,1791548504731,1791549207755,1791549207755,
e614219d-c3f6-4504-9fc3-28675064c55d,CONSUMER,200,1,did:web:ssi-dim-wallet-service.identity:BPNL00000003AYRE,,1791548504837,1791549207954,1791549207954,
e1120080-03ac-4ada-b3b3-0cd9ae0ad882,CONSUMER,200,1,did:web:ssi-dim-wallet-service.identity:BPNL00000003AYRE,,1791548505105,1791549208136,1791549208136,
4fb4ed40-9c04-4e4a-bea8-8a1b7537692f,CONSUMER,200,1,did:web:ssi-dim-wallet-service.identity:BPNL00000003AYRE,,1791548505129,1791549208138,1791549208138,
59de7510-3c34-46be-8aad-ede3bf27d908,CONSUMER,200,1,did:web:ssi-dim-wallet-service.identity:BPNL00000003AYRE,,1791548505230,1791549208253,1791549208253,
dcffcfed-3e02-4aa4-a4b3-e8e29b60818a,CONSUMER,200,1,did:web:ssi-dim-wallet-service.identity:BPNL00000003AYRE,,1791548505431,1791549208170,1791549208170,
452826e7-bf5e-4501-b553-9e012f707596,CONSUMER,200,1,did:web:ssi-dim-wallet-service.identity:BPNL00000003AYRE,,1791548505704,1791549208239,1791549208239,
48e1ef92-11bd-4e58-96dc-9daf39d61cee,CONSUMER,200,1,did:web:ssi-dim-wallet-service.identity:BPNL00000003AYRE,,1791548505723,1791549208330,1791549208330,
2bf6072f-a6a3-4672-ba5c-e3cf1bab3d1f,CONSUMER,200,1,did:web:ssi-dim-wallet-service.identity:BPNL00000003AYRE,,1791548505822,1791549208337,1791549208337,
346a5bfe-638c-4d5b-b492-e93cb950bb7b,CONSUMER,200,1,did:web:ssi-dim-wallet-service.identity:BPNL00000003AYRE,,1791548505923,1791549208437,1791549208437,
34b1cba3-3f0c-4775-be02-5f0564b3ed8b,CONSUMER,200,1,did:web:ssi-dim-wallet-service.identity:BPNL00000003AYRE,,1791548506236,1791549208302,1791549208302,
137bb5ef-becc-4e06-9965-d0cd22d1469d,CONSUMER,200,1,did:web:ssi-dim-wallet-service.identity:BPNL00000003AYRE,,1791548506402,1791549208536,1791549208536,
52a6e51a-9b74-401f-87db-bce3149f5be0,CONSUMER,200,1,did:web:ssi-dim-wallet-service.identity:BPNL00000003AYRE,,1791548506425,1791549208438,1791549208438,
52c6a9b0-4f1f-4cac-9cbc-2cbd4d6ec513,CONSUMER,200,1,did:web:ssi-dim-wallet-service.identity:BPNL00000003AYRE,,1791548506525,1791549208438,1791549208438,
dd4ed5a0-9aea-4f27-99a1-893e43aaf7b2,CONSUMER,200,1,did:web:ssi-dim-wallet-service.identity:BPNL00000003AYRE,,1791548506528,1791549208542,1791549208542,
e812fc74-08fd-4855-bfb6-27639cb1421f,CONSUMER,200,1,did:web:ssi-dim-wallet-service.identity:BPNL00000003AYRE,,1791548506926,1791549208638,1791549208638,
e0b4270e-fc0e-4338-b8fd-a9a698fa4314,CONSUMER,200,1,did:web:ssi-dim-wallet-service.identity:BPNL00000003AYRE,,1791548506929,1791549208639,1791549208639,
a65b9172-cb50-4274-b4a5-16d0c30b368e,CONSUMER,200,1,did:web:ssi-dim-wallet-service.identity:BPNL00000003AYRE,,1791548507007,1791549208762,1791549208762,
5defcfbb-773c-4ff1-8617-bc34a1f8c730,CONSUMER,200,1,did:web:ssi-dim-wallet-service.identity:BPNL00000003AYRE,,1791548507105,1791549208643,1791549208643,
29ad1b90-c2c0-4b3e-b60f-6fc900f92b7d,CONSUMER,200,1,did:web:ssi-dim-wallet-service.identity:BPNL00000003AYRE,,1791548507139,1791549208661,1791549208661,
054ffb71-60ff-4a5f-9cee-ef84d6d99460,CONSUMER,200,1,did:web:ssi-dim-wallet-service.identity:BPNL00000003AYRE,,1791548507305,1791549208762,1791549208762,
8c240eda-74b5-40ed-8652-4a8dbcfe0152,CONSUMER,200,1,did:web:ssi-dim-wallet-service.identity:BPNL00000003AYRE,,1791548507422,1791549208944,1791549208944,
f7a07b57-7b59-4711-8eaa-815ea2875f9b,CONSUMER,200,1,did:web:ssi-dim-wallet-service.identity:BPNL00000003AYRE,,1791548507423,1791549208842,1791549208842,
f72e04b1-8633-47c8-a2bc-705ea8f7064f,CONSUMER,200,1,did:web:ssi-dim-wallet-service.identity:BPNL00000003AYRE,,1791548507430,1791549209158,1791549209158,
30e7a6cc-619d-4580-a453-cd2b3eb905cf,CONSUMER,200,1,did:web:ssi-dim-wallet-service.identity:BPNL00000003AYRE,,1791548507509,1791549209144,1791549209144,
916e1960-12d4-431a-aed9-76d5050b6c04,CONSUMER,200,1,did:web:ssi-dim-wallet-service.identity:BPNL00000003AYRE,,1791548507603,1791549209234,1791549209234,
1aeb1a07-4a90-4eb1-a99e-d318b7d9673c,CONSUMER,200,1,did:web:ssi-dim-wallet-service.identity:BPNL00000003AYRE,,1791548507803,1791549209349,1791549209349,
5e0e002e-bd66-4b50-bcb7-dbb15eecf618,CONSUMER,200,1,did:web:ssi-dim-wallet-service.identity:BPNL00000003AYRE,,1791548507803,1791549209449,1791549209449,
038aaa45-65f6-4131-aa1d-b5d6a8120cf7,CONSUMER,200,1,did:web:ssi-dim-wallet-service.identity:BPNL00000003AYRE,,1791548507823,1791549209450,1791549209450,
5d6a0e5d-b59e-499b-9825-f68c555a8eaf,CONSUMER,200,1,did:web:ssi-dim-wallet-service.identity:BPNL00000003AYRE,,1791548508221,1791549209447,1791549209447,
ad28560f-001b-4ad6-8e7a-ecaf03b6621e,CONSUMER,200,1,did:web:ssi-dim-wallet-service.identity:BPNL00000003AYRE,,1791548509032,1791549209463,1791549209463,
7a4ebd9a-c563-423f-aaa6-92cebcd9ad63,CONSUMER,200,1,did:web:ssi-dim-wallet-service.identity:BPNL00000003AYRE,,1791548509107,1791549209650,1791549209650,
fe30e3c1-8967-4b48-b4fb-f7b325eb53bb,CONSUMER,200,1,did:web:ssi-dim-wallet-service.identity:BPNL00000003AYRE,,1791548509303,1791549209840,1791549209840,
fcf233c0-c33b-486c-8b23-017fbf19afb7,CONSUMER,200,1,did:web:ssi-dim-wallet-service.identity:BPNL00000003AYRE,,1791548509508,1791549209940,1791549209940,
ef5f9674-dafa-44cc-a2f7-e58e6a748ef2,CONSUMER,200,1,did:web:ssi-dim-wallet-service.identity:BPNL00000003AYRE,,1791548509530,1791549209946,1791549209946,
e769940e-bf25-4d61-85f1-c26a0be026aa,CONSUMER,200,1,did:web:ssi-dim-wallet-service.identity:BPNL00000003AYRE,,1791548509629,1791549209941,1791549209941,
0c7182b6-5ce5-4fe4-b1d7-b98e2731d015,CONSUMER,200,1,did:web:ssi-dim-wallet-service.identity:BPNL00000003AYRE,,1791548509641,1791549209947,1791549209947,
ca574aee-7784-4926-af50-b92e0e6fd063,CONSUMER,200,1,did:web:ssi-dim-wallet-service.identity:BPNL00000003AYRE,,1791548509822,1791549210233,1791549210233,
7196c980-ec6a-468f-b25a-e4080260542c,CONSUMER,200,1,did:web:ssi-dim-wallet-service.identity:BPNL00000003AYRE,,1791548509830,1791549210344,1791549210344,
bf0cb2ff-8fbe-4bd5-a178-8c604266e39b,CONSUMER,200,1,did:web:ssi-dim-wallet-service.identity:BPNL00000003AYRE,,1791548509904,1791549210454,1791549210454,
d5a13321-f16e-4d82-b7aa-51010deabc88,CONSUMER,200,1,did:web:ssi-dim-wallet-service.identity:BPNL00000003AYRE,,1791548510322,1791549210264,1791549210264,
4c81fdad-0dad-42e1-8448-5f0ff817b6b8,CONSUMER,200,1,did:web:ssi-dim-wallet-service.identity:BPNL00000003AYRE,,1791548510703,1791549210448,1791549210448,
86a2f458-20be-465c-8ed9-40227dcce651,CONSUMER,200,1,did:web:ssi-dim-wallet-service.identity:BPNL00000003AYRE,,1791548511124,1791549210544,1791549210544,
5d1bf56e-6c58-4625-a626-cf1b4c871a58,CONSUMER,200,1,did:web:ssi-dim-wallet-service.identity:BPNL00000003AYRE,,1791548511432,1791549211039,1791549211039,
85910856-42cb-4d28-be50-bc5921bc8892,CONSUMER,200,1,did:web:ssi-dim-wallet-service.identity:BPNL00000003AYRE,,1791548511733,1791549211032,1791549211032,
58e64897-feb8-446c-91c7-495205ae4e94,CONSUMER,200,1,did:web:ssi-dim-wallet-service.identity:BPNL00000003AYRE,,1791548513605,1791549210762,1791549210762,
063ffaf2-ffad-40f9-a601-c3874214eabe,CONSUMER,200,1,did:web:ssi-dim-wallet-service.identity:BPNL00000003AYRE,,1791548513803,1791549211038,1791549211038,
a21abf60-c1c5-4697-922b-d41a267143ad,CONSUMER,200,1,did:web:ssi-dim-wallet-service.identity:BPNL00000003AYRE,,1791548514229,1791549210847,1791549210847,
275e82ba-6768-4dd2-92bf-bc11ca473825,CONSUMER,200,1,did:web:ssi-dim-wallet-service.identity:BPNL00000003AYRE,,1791548514539,1791549210961,1791549210961,
b5335748-169f-476e-9430-97f4d55d6e92,CONSUMER,200,1,did:web:ssi-dim-wallet-service.identity:BPNL00000003AYRE,,1791548515424,1791549211075,1791549211075,
80571d4b-ebb9-416e-a06d-f8423fe539f8,CONSUMER,200,1,did:web:ssi-dim-wallet-service.identity:BPNL00000003AYRE,,1791548515728,1791549211138,1791549211138,
eae8f34b-7761-48ed-888d-7fc8e864efaa,CONSUMER,200,1,did:web:ssi-dim-wallet-service.identity:BPNL00000003AYRE,,1791548515832,1791549211259,1791549211259,
e069020e-3c34-4182-9b05-182e97a666a4,CONSUMER,200,1,did:web:ssi-dim-wallet-service.identity:BPNL00000003AYRE,,1791548517014,1791549211256,1791549211256,
957ada2f-e007-4c7b-a159-aee6a53879ad,CONSUMER,200,1,did:web:ssi-dim-wallet-service.identity:BPNL00000003AYRE,,1791548517305,1791549211354,1791549211354,
026567f5-7311-4d44-b7e5-641d750acc01,CONSUMER,200,1,did:web:ssi-dim-wallet-service.identity:BPNL00000003AYRE,,1791548517329,1791549211354,1791549211354,
08f9f9f5-2b03-460f-86de-5d5f90983297,CONSUMER,200,1,did:web:ssi-dim-wallet-service.identity:BPNL00000003AYRE,,1791548519434,1791549211443,1791549211443,
3381dccd-970f-47e3-a125-8e6b48fe7dff,CONSUMER,200,1,did:web:ssi-dim-wallet-service.identity:BPNL00000003AYRE,,1791548519922,1791549211541,1791549211541,
0a13b673-46ad-4f1f-8c23-6679c8d4ad41,CONSUMER,200,1,did:web:ssi-dim-wallet-service.identity:BPNL00000003AYRE,,1791548520326,1791549211644,1791549211644,
dcb018ba-26ff-4bad-a0f5-db87e57f05e2,CONSUMER,200,1,did:web:ssi-dim-wallet-service.identity:BPNL00000003AYRE,,1791548521133,1791549211644,1791549211644,
65d402ac-3880-45b0-83ef-0c44ae88020a,CONSUMER,200,1,did:web:ssi-dim-wallet-service.identity:BPNL00000003AYRE,,1791548537522,1791549211747,1791549211747,
fbbaa3c2-7641-4597-9d10-1912e415e4ef,CONSUMER,200,1,did:web:ssi-dim-wallet-service.identity:BPNL00000003AYRE,,1791548537706,1791549211668,1791549211668,
2bbfe2e6-3a93-4b19-878b-ce58656b1869,CONSUMER,200,1,did:web:ssi-dim-wallet-service.identity:BPNL00000003AYRE,,1791548670635,1791549211862,1791549211862,
b7efc128-d683-4a28-b74a-575970706757,CONSUMER,200,1,did:web:ssi-dim-wallet-service.identity:BPNL00000003AYRE,,1791548670705,1791549212143,1791549212143,
5222942b-da0b-4602-b7d2-2ced7c556996,CONSUMER,200,1,did:web:ssi-dim-wallet-service.identity:BPNL00000003AYRE,,1791548670946,1791549211944,1791549211944,
2e265e28-cd6d-4896-a6a8-52f68e29cd76,CONSUMER,200,1,did:web:ssi-dim-wallet-service.identity:BPNL00000003AYRE,,1791548671131,1791549212139,1791549212139,
47d76a65-1c43-4fe8-955e-f0039c4de715,CONSUMER,200,1,did:web:ssi-dim-wallet-service.identity:BPNL00000003AYRE,,1791548671303,1791549212043,1791549212043,
3c449db4-50fa-4dc9-a1c2-9a51a2c56c7d,CONSUMER,200,1,did:web:ssi-dim-wallet-service.identity:BPNL00000003AYRE,,1791548671342,1791549212141,1791549212141,
71690756-6ddb-4635-a706-e30a969e1931,CONSUMER,200,1,did:web:ssi-dim-wallet-service.identity:BPNL00000003AYRE,,1791548671738,1791549212259,1791549212259,
17376d4c-6f53-4606-bc32-0b46a0e06ca1,CONSUMER,200,1,did:web:ssi-dim-wallet-service.identity:BPNL00000003AYRE,,1791548671931,1791549212557,1791549212557,
74701719-b792-47f1-9918-d7c739c87c28,CONSUMER,200,1,did:web:ssi-dim-wallet-service.identity:BPNL00000003AYRE,,1791548671932,1791549212567,1791549212567,
23e2625f-cd35-4dbb-adc6-b989e0ee56fe,CONSUMER,200,1,did:web:ssi-dim-wallet-service.identity:BPNL00000003AYRE,,1791548672103,1791549212540,1791549212540,
ba240eb4-0373-48f4-997a-b466bbbc839c,CONSUMER,200,1,did:web:ssi-dim-wallet-service.identity:BPNL00000003AYRE,,1791548672530,1791549212559,1791549212559,
4774bfd8-4e8b-4624-8769-334c33d0e05e,CONSUMER,200,1,did:web:ssi-dim-wallet-service.identity:BPNL00000003AYRE,,1791548672608,1791549212568,1791549212568,
bfe8f0a6-c5cc-4491-8a28-3b4ec156b4b2,CONSUMER,200,1,did:web:ssi-dim-wallet-service.identity:BPNL00000003AYRE,,1791548673203,1791549212841,1791549212841,
ced086d4-bc65-4d5c-820f-503118945f4f,CONSUMER,200,1,did:web:ssi-dim-wallet-service.identity:BPNL00000003AYRE,,1791548673335,1791549212940,1791549212940,
b1fd3d6e-bc83-42fd-b560-7ffe85726a3f,CONSUMER,200,1,did:web:ssi-dim-wallet-service.identity:BPNL00000003AYRE,,1791548673807,1791549212740,1791549212740,
5a56a2f4-d4a4-4642-beb7-7742eed023b3,CONSUMER,200,1,did:web:ssi-dim-wallet-service.identity:BPNL00000003AYRE,,1791548674831,1791549213041,1791549213041,
2a78b52d-7652-4452-8460-c784f56f77b9,CONSUMER,200,1,did:web:ssi-dim-wallet-service.identity:BPNL00000003AYRE,,1791548675448,1791549212940,1791549212940,
837dc316-4360-42d5-aa58-c439d28c58ce,CONSUMER,200,1,did:web:ssi-dim-wallet-service.identity:BPNL00000003AYRE,,1791548675449,1791549213048,1791549213048,
9de35a29-a3eb-4391-88e1-1469076c8ac9,CONSUMER,200,1,did:web:ssi-dim-wallet-service.identity:BPNL00000003AYRE,,1791548675731,1791549213044,1791549213044,
932d53ba-a202-4e25-bd05-202fdfbb5fd6,CONSUMER,200,1,did:web:ssi-dim-wallet-service.identity:BPNL00000003AYRE,,1791548675831,1791549213252,1791549213252,
9c633cb7-218b-481d-b224-5c8eb0de07d5,CONSUMER,200,1,did:web:ssi-dim-wallet-service.identity:BPNL00000003AYRE,,1791548675834,1791549213250,1791549213250,
5880c64b-bc4e-4000-83f3-6da6b1cf03e2,CONSUMER,200,1,did:web:ssi-dim-wallet-service.identity:BPNL00000003AYRE,,1791548676450,1791549213541,1791549213541,
02140a18-23c1-4d8b-b472-eaa356999492,CONSUMER,200,1,did:web:ssi-dim-wallet-service.identity:BPNL00000003AYRE,,1791548676451,1791549213460,1791549213460,
c3f848ab-2da6-4851-ac99-b05c34794f55,CONSUMER,200,1,did:web:ssi-dim-wallet-service.identity:BPNL00000003AYRE,,1791548676454,1791549213541,1791549213541,
664b171f-ed38-4eae-8eba-3576b161896b,CONSUMER,200,1,did:web:ssi-dim-wallet-service.identity:BPNL00000003AYRE,,1791548676503,1791549213641,1791549213641,
e8cb0314-be3b-427b-94e6-c6bf93cc0d21,CONSUMER,200,1,did:web:ssi-dim-wallet-service.identity:BPNL00000003AYRE,,1791548676709,1791549213643,1791549213643,
2c88b524-3c2d-473d-8f4c-4f6d5d6de22f,CONSUMER,200,1,did:web:ssi-dim-wallet-service.identity:BPNL00000003AYRE,,1791548676947,1791549213754,1791549213754,
fd56c0af-0c4f-41c9-878b-f3e92027b6db,CONSUMER,200,1,did:web:ssi-dim-wallet-service.identity:BPNL00000003AYRE,,1791548676951,1791549213944,1791549213944,
e534dc05-d637-44eb-bbd2-53d0e81080bc,CONSUMER,200,1,did:web:ssi-dim-wallet-service.identity:BPNL00000003AYRE,,1791548677009,1791549213846,1791549213846,
e9d09cf3-f247-49b0-a138-45498ba7a1ac,CONSUMER,200,1,did:web:ssi-dim-wallet-service.identity:BPNL00000003AYRE,,1791548677031,1791549213963,1791549213963,
65c0b4f4-ff7e-47ab-83aa-a496615abd36,CONSUMER,200,1,did:web:ssi-dim-wallet-service.identity:BPNL00000003AYRE,,1791548677140,1791549214044,1791549214044,
955d0aff-4e9f-4d2e-9ea3-bf24a13d60f0,CONSUMER,200,1,did:web:ssi-dim-wallet-service.identity:BPNL00000003AYRE,,1791548677334,1791549213962,1791549213962,
f7936178-8361-4e00-9080-852a2b1d77f7,CONSUMER,200,1,did:web:ssi-dim-wallet-service.identity:BPNL00000003AYRE,,1791548677337,1791549214144,1791549214144,
f906a326-20e5-48c4-a4cb-4e0fa5a6bc1f,CONSUMER,200,1,did:web:ssi-dim-wallet-service.identity:BPNL00000003AYRE,,1791548677338,1791549214373,1791549214373,
76bda67a-ae39-4739-81d5-f67abdef041a,CONSUMER,200,1,did:web:ssi-dim-wallet-service.identity:BPNL00000003AYRE,,1791548677405,1791549214408,1791549214408,
096f6317-cb8a-40b3-a101-2ef80345f8fd,CONSUMER,200,1,did:web:ssi-dim-wallet-service.identity:BPNL00000003AYRE,,1791548677504,1791549214354,1791549214354,
c8ef8b1a-8532-4598-bdd3-cc7077c9771c,CONSUMER,200,1,did:web:ssi-dim-wallet-service.identity:BPNL00000003AYRE,,1791548677906,1791549214441,1791549214441,
21607c0f-9bae-478f-bebf-637691a2eca6,CONSUMER,200,1,did:web:ssi-dim-wallet-service.identity:BPNL00000003AYRE,,1791548678207,1791549214555,1791549214555,
10cd017f-b7b6-4e49-995d-671d348ee9c0,CONSUMER,200,1,did:web:ssi-dim-wallet-service.identity:BPNL00000003AYRE,,1791548678230,1791549214605,1791549214605,
c3d5bbe6-113b-4b58-aeb9-c61866d07beb,CONSUMER,200,1,did:web:ssi-dim-wallet-service.identity:BPNL00000003AYRE,,1791548678531,1791549214572,1791549214572,
0ad32ddd-254b-4faf-8eae-c1d89b0deca7,CONSUMER,200,1,did:web:ssi-dim-wallet-service.identity:BPNL00000003AYRE,,1791548678736,1791549214853,1791549214853,
242f3456-b332-490d-b567-c3b315908ede,CONSUMER,200,1,did:web:ssi-dim-wallet-service.identity:BPNL00000003AYRE,,1791548679236,1791549214839,1791549214839,
9f9b874f-e5a8-438c-b5ea-afcbd1075a36,CONSUMER,200,1,did:web:ssi-dim-wallet-service.identity:BPNL00000003AYRE,,1791548679835,1791549214950,1791549214950,
52c7e799-3fe0-484c-9b95-abab93ffba07,CONSUMER,200,1,did:web:ssi-dim-wallet-service.identity:BPNL00000003AYRE,,1791548679839,1791549214946,1791549214946,
507f1d6c-ab91-4143-9d7e-27b09a8db258,CONSUMER,200,1,did:web:ssi-dim-wallet-service.identity:BPNL00000003AYRE,,1791548679934,1791549214951,1791549214951,
6b6cdb7e-65f7-4dd5-80dd-8e97e569e19b,CONSUMER,200,1,did:web:ssi-dim-wallet-service.identity:BPNL00000003AYRE,,1791548681030,1791549215143,1791549215143,
be650015-45a3-4a39-a5c9-bc8597fe3541,CONSUMER,200,1,did:web:ssi-dim-wallet-service.identity:BPNL00000003AYRE,,1791548681802,1791549215248,1791549215248,
ed6f54cc-6025-4a76-877f-3d5f4be0b7fa,CONSUMER,200,1,did:web:ssi-dim-wallet-service.identity:BPNL00000003AYRE,,1791548682704,1791549215305,1791549215305,
a8dcbfd5-934f-4b31-8b5d-659814db07de,CONSUMER,200,1,did:web:ssi-dim-wallet-service.identity:BPNL00000003AYRE,,1791548682806,1791549215544,1791549215544,
3f270963-87cd-4193-bfe2-eec8f3517d25,CONSUMER,200,1,did:web:ssi-dim-wallet-service.identity:BPNL00000003AYRE,,1791548683406,1791549215551,1791549215551,
6ccf772c-7b17-4dd7-820e-b5ca217df1c1,CONSUMER,200,1,did:web:ssi-dim-wallet-service.identity:BPNL00000003AYRE,,1791548684509,1791549215444,1791549215444,
8d73fe17-9ee3-4065-bae8-1647afdfe088,CONSUMER,200,1,did:web:ssi-dim-wallet-service.identity:BPNL00000003AYRE,,1791548687404,1791549215750,1791549215750,
38a9d88e-62a6-4ff2-b0f2-6503b792a94a,CONSUMER,200,1,did:web:ssi-dim-wallet-service.identity:BPNL00000003AYRE,,1791548687738,1791549215737,1791549215737,
f203d0e1-bd51-43cb-bb41-4a09169076b5,CONSUMER,200,1,did:web:ssi-dim-wallet-service.identity:BPNL00000003AYRE,,1791548689634,1791549215762,1791549215762,
5e8d66bd-217e-4293-8bf4-c8e2ac353a50,CONSUMER,200,1,did:web:ssi-dim-wallet-service.identity:BPNL00000003AYRE,,1791549218652,1791549220245,1791549220245,
8d10bf84-8c79-437c-9a99-dc6dbc5d65a0,CONSUMER,200,1,did:web:ssi-dim-wallet-service.identity:BPNL00000003AYRE,,1791549218670,1791549220234,1791549220234,
2a0fb53d-4a64-4147-aed1-194d5088beb8,CONSUMER,200,1,did:web:ssi-dim-wallet-service.identity:BPNL00000003AYRE,,1791549218748,1791549220238,1791549220238,
7613e6ac-8f9e-429d-a51b-cb3b0a48ce0f,CONSUMER,200,1,did:web:ssi-dim-wallet-service.identity:BPNL00000003AYRE,,1791549218803,1791549220246,1791549220246,
cc43a90d-bb0e-4a76-a88d-b3353c59c2bf,CONSUMER,200,1,did:web:ssi-dim-wallet-service.identity:BPNL00000003AYRE,,1791549220857,1791549221633,1791549221633,
454e6696-cd0b-4032-8b17-a0258a701400,CONSUMER,200,1,did:web:ssi-dim-wallet-service.identity:BPNL00000003AYRE,,1791549225842,1791549227066,1791549227066,
c5e90772-b348-4de8-8d28-8de2c51f8460,CONSUMER,200,1,did:web:ssi-dim-wallet-service.identity:BPNL00000003AYRE,,1791549231046,1791549231851,1791549231851,
060ed270-df57-4fdf-b14d-04eb016ad7cf,CONSUMER,200,1,did:web:ssi-dim-wallet-service.identity:BPNL00000003AYRE,,1791549232067,1791549233042,1791549233042,
97c87924-4897-461a-b5a2-2e820a0ddd29,CONSUMER,200,1,did:web:ssi-dim-wallet-service.identity:BPNL00000003AYRE,,1791549232151,1791549233136,1791549233136,
ad7ad10f-235d-4c3d-8128-0da2c3c4392b,CONSUMER,200,1,did:web:ssi-dim-wallet-service.identity:BPNL00000003AYRE,,1791549233181,1791549234160,1791549234160,
442ccb12-e8c7-463c-881b-2a241e1ceb70,CONSUMER,200,1,did:web:ssi-dim-wallet-service.identity:BPNL00000003AYRE,,1791549236061,1791549237330,1791549237330,
960db47b-df32-4bd8-8e5d-5a5f008b4105,CONSUMER,200,1,did:web:ssi-dim-wallet-service.identity:BPNL00000003AYRE,,1791549238745,1791549240023,1791549240023,
1ebe9e15-c1a9-480d-b9d9-6c1f7ad893bc,CONSUMER,200,1,did:web:ssi-dim-wallet-service.identity:BPNL00000003AYRE,,1791549240977,1791549242307,1791549242307,
c131ea50-6349-4fff-9b1b-9c0062674126,CONSUMER,200,1,did:web:ssi-dim-wallet-service.identity:BPNL00000003AYRE,,1791549244064,1791549244734,1791549244734,
5add94d4-f0f1-40a5-94e8-f602f897ed10,CONSUMER,200,1,did:web:ssi-dim-wallet-service.identity:BPNL00000003AYRE,,1791549245812,1791549247405,1791549247405,
8008278c-02ab-414a-bcc1-5fc670ff91d9,CONSUMER,200,1,did:web:ssi-dim-wallet-service.identity:BPNL00000003AYRE,,1791549250686,1791549251971,1791549251971,
db601ba2-1bfc-4533-840b-61f8d31e3d44,CONSUMER,200,1,did:web:ssi-dim-wallet-service.identity:BPNL00000003AYRE,,1791549250911,1791549252044,1791549252044,
034b7f7d-c24b-46c0-bd81-2a109348f9d7,CONSUMER,200,1,did:web:ssi-dim-wallet-service.identity:BPNL00000003AYRE,,1791549255068,1791549255636,1791549255636,
a383b3fc-7f41-4528-ad5d-fcadb18717a5,CONSUMER,200,1,did:web:ssi-dim-wallet-service.identity:BPNL00000003AYRE,,1791549255813,1791549257032,1791549257032,
79864157-cc9e-4451-ba67-ac6d9984aafb,CONSUMER,200,1,did:web:ssi-dim-wallet-service.identity:BPNL00000003AYRE,,1791549259253,1791549260441,1791549260441,
c1c6408b-eafe-4d2f-8d1c-1f634def5937,CONSUMER,200,1,did:web:ssi-dim-wallet-service.identity:BPNL00000003AYRE,,1791549260880,1791549261685,1791549261685,
8b72f28d-776d-4e25-ba74-fb961ccd515b,CONSUMER,200,1,did:web:ssi-dim-wallet-service.identity:BPNL00000003AYRE,,1791549265056,1791549265618,1791549265618,
64ef2bcb-c4cf-4d71-9a54-3595295c801a,CONSUMER,200,1,did:web:ssi-dim-wallet-service.identity:BPNL00000003AYRE,,1791549265967,1791549267121,1791549267121,
0000027c-3f09-4827-98e7-1ae9bc71e379,CONSUMER,200,1,did:web:ssi-dim-wallet-service.identity:BPNL00000003AYRE,,1791549269417,1791549270961,1791549270961,
fff904e4-3f28-439a-b966-fdec644315c6,CONSUMER,200,1,did:web:ssi-dim-wallet-service.identity:BPNL00000003AYRE,,1791549271032,1791549272314,1791549272314,
9a410ed1-a363-4b15-b883-1b62b599471e,CONSUMER,200,1,did:web:ssi-dim-wallet-service.identity:BPNL00000003AYRE,,1791549274924,1791549275928,1791549275928,
92012439-00fb-4800-8408-392e092ae07f,CONSUMER,200,1,did:web:ssi-dim-wallet-service.identity:BPNL00000003AYRE,,1791549275806,1791549276417,1791549276417,
3313a2f8-a133-4bdc-86fd-300e657cc075,CONSUMER,200,1,did:web:ssi-dim-wallet-service.identity:BPNL00000003AYRE,,1791549280960,1791549281480,1791549281480,
db3ce7f9-7717-4ad9-a5c8-8d8235c7a513,CONSUMER,200,1,did:web:ssi-dim-wallet-service.identity:BPNL00000003AYRE,,1791549281066,1791549281482,1791549281482,
9f355649-6d25-444d-a04d-1e398e6bcd05,CONSUMER,200,1,did:web:ssi-dim-wallet-service.identity:BPNL00000003AYRE,,1791549284838,1791549286572,1791549286572,
e8092e3b-ff15-42b8-a4e3-e4d4a03a9122,CONSUMER,200,1,did:web:ssi-dim-wallet-service.identity:BPNL00000003AYRE,,1791549285803,1791549286539,1791549286539,
7491917f-c609-4cd1-98ec-498467d2e1dd,CONSUMER,200,1,did:web:ssi-dim-wallet-service.identity:BPNL00000003AYRE,,1791549290976,1791549291756,1791549291756,
1f64ffdc-d473-41e0-bc5c-16829252c63e,CONSUMER,200,1,did:web:ssi-dim-wallet-service.identity:BPNL00000003AYRE,,1791549291057,1791549291912,1791549291912,
6f497a80-7820-489f-a462-bc99eaadc218,CONSUMER,200,1,did:web:ssi-dim-wallet-service.identity:BPNL00000003AYRE,,1791549294014,1791549294359,1791549294359,
a2b70cec-10d3-48ea-bec2-2ca42ada5d9b,CONSUMER,200,1,did:web:ssi-dim-wallet-service.identity:BPNL00000003AYRE,,1791549296046,1791549296565,1791549296565,
32fac778-3eda-4561-b13b-06ff41f554e2,CONSUMER,200,1,did:web:ssi-dim-wallet-service.identity:BPNL00000003AYRE,,1791549298746,1791549300066,1791549300066,
95221f5c-7722-4cea-9515-2049b45e35d5,CONSUMER,200,1,did:web:ssi-dim-wallet-service.identity:BPNL00000003AYRE,,1791549300985,1791549301464,1791549301464,
24ca7cb2-f05d-451c-aa16-4b492f27ffdb,CONSUMER,200,1,did:web:ssi-dim-wallet-service.identity:BPNL00000003AYRE,,1791549304361,1791549304842,1791549304842,
3c95c093-73a1-4e97-8447-1cce6f5744c7,CONSUMER,200,1,did:web:ssi-dim-wallet-service.identity:BPNL00000003AYRE,,1791549305833,1791549307115,1791549307115,
65faa108-cc2f-48e4-a85e-c5cc578f8b25,CONSUMER,200,1,did:web:ssi-dim-wallet-service.identity:BPNL00000003AYRE,,1791549310288,1791549311626,1791549311626,
c2ffe15f-1556-4aae-ad24-e2aa56635226,CONSUMER,200,1,did:web:ssi-dim-wallet-service.identity:BPNL00000003AYRE,,1791549310851,1791549311817,1791549311817,
7b3cdd99-856b-44b7-a360-d6035b637dbb,CONSUMER,200,1,did:web:ssi-dim-wallet-service.identity:BPNL00000003AYRE,,1791549314561,1791549315208,1791549315208,
76ef8e3e-84b1-4d7d-b713-ea54da650850,CONSUMER,200,1,did:web:ssi-dim-wallet-service.identity:BPNL00000003AYRE,,1791549315942,1791549316161,1791549316161,
040152ee-3c0d-44fc-9798-e7aa91af3648,CONSUMER,200,1,did:web:ssi-dim-wallet-service.identity:BPNL00000003AYRE,,1791549319741,1791549321032,1791549321032,
defdc478-4508-4821-8f3a-e54f0b722c13,CONSUMER,200,1,did:web:ssi-dim-wallet-service.identity:BPNL00000003AYRE,,1791549320864,1791549321132,1791549321132,
f1fdf4c0-fe9b-49f9-b8f1-b47c27ccb630,CONSUMER,200,1,did:web:ssi-dim-wallet-service.identity:BPNL00000003AYRE,,1791549323959,1791549324760,1791549324760,
512e355b-23a2-4ac8-86ae-c133ee63f620,CONSUMER,200,1,did:web:ssi-dim-wallet-service.identity:BPNL00000003AYRE,,1791549325869,1791549326864,1791549326864,
ee12c6c8-2e0c-4ae3-87e1-e33d02bff4ad,CONSUMER,200,1,did:web:ssi-dim-wallet-service.identity:BPNL00000003AYRE,,1791549329865,1791549330650,1791549330650,
ee72ba0e-7826-4078-af29-f9011fffa697,CONSUMER,200,1,did:web:ssi-dim-wallet-service.identity:BPNL00000003AYRE,,1791549330945,1791549331709,1791549331709,
8b79cc7e-d556-4360-bc7e-a9156fac0363,CONSUMER,200,1,did:web:ssi-dim-wallet-service.identity:BPNL00000003AYRE,,1791549333383,1791549334116,1791549334116,
72217d9e-7ec0-4cca-8f26-5e0b317c217a,CONSUMER,200,1,did:web:ssi-dim-wallet-service.identity:BPNL00000003AYRE,,1791549335788,1791549336443,1791549336443,
770f669a-8b8d-4dff-9c96-96152c7f9dda,CONSUMER,200,1,did:web:ssi-dim-wallet-service.identity:BPNL00000003AYRE,,1791549338888,1791549339704,1791549339704,
f2c9c0f7-33ce-4c22-9396-e29b65550572,CONSUMER,200,1,did:web:ssi-dim-wallet-service.identity:BPNL00000003AYRE,,1791549340941,1791549341251,1791549341251,
077b5bd5-50b4-43fe-9ca2-8bc0a95159d2,CONSUMER,200,1,did:web:ssi-dim-wallet-service.identity:BPNL00000003AYRE,,1791549343470,1791549344608,1791549344608,
dea396b2-6474-4826-afd4-83c383595464,CONSUMER,200,1,did:web:ssi-dim-wallet-service.identity:BPNL00000003AYRE,,1791549345787,1791549346882,1791549346882,
7a6d95fa-dc6f-433b-9b46-830758ac2ae5,CONSUMER,200,1,did:web:ssi-dim-wallet-service.identity:BPNL00000003AYRE,,1791549348503,1791549349674,1791549349674,
4e94ff7f-8b3d-42c7-89d8-78c5f0f96523,CONSUMER,200,1,did:web:ssi-dim-wallet-service.identity:BPNL00000003AYRE,,1791549350930,1791549352306,1791549352306,
d8e7eaa2-6a20-4c07-8e0d-1f7af4f55d3b,CONSUMER,200,1,did:web:ssi-dim-wallet-service.identity:BPNL00000003AYRE,,1791549353623,1791549355212,1791549355212,
9671cb28-7227-4ad2-bba7-7b4d65e1c949,CONSUMER,200,1,did:web:ssi-dim-wallet-service.identity:BPNL00000003AYRE,,1791549356023,1791549357275,1791549357275,
b602db99-d4fe-44ab-b031-57c5989a7b34,CONSUMER,200,1,did:web:ssi-dim-wallet-service.identity:BPNL00000003AYRE,,1791549360175,1791549360961,1791549360961,
5ee4468e-20de-4a27-a44d-bf5fdaf4f8d3,CONSUMER,200,1,did:web:ssi-dim-wallet-service.identity:BPNL00000003AYRE,,1791549361009,1791549362002,1791549362002,
c270970f-b3fb-4082-8277-638b86fb0c1a,CONSUMER,200,1,did:web:ssi-dim-wallet-service.identity:BPNL00000003AYRE,,1791549363632,1791549364260,1791549364260,
fc05fa94-efc4-4640-bd3e-5b112330217e,CONSUMER,200,1,did:web:ssi-dim-wallet-service.identity:BPNL00000003AYRE,,1791549365962,1791549366239,1791549366239,
4bec4a1b-7290-4e46-8109-21c687f84558,CONSUMER,200,1,did:web:ssi-dim-wallet-service.identity:BPNL00000003AYRE,,1791549368777,1791549369764,1791549369764,
41cc9d78-7c7b-450a-acd2-b081f88efec3,CONSUMER,200,1,did:web:ssi-dim-wallet-service.identity:BPNL00000003AYRE,,1791549370858,1791549371805,1791549371805,
399d1536-f138-4bfd-b64b-ad0d4deda33b,CONSUMER,200,1,did:web:ssi-dim-wallet-service.identity:BPNL00000003AYRE,,1791549373852,1791549374563,1791549374563,
ecd9114d-7a16-4d9c-8d0d-8c300a5233f0,CONSUMER,200,1,did:web:ssi-dim-wallet-service.identity:BPNL00000003AYRE,,1791549376043,1791549376680,1791549376680,
610fdb51-0e61-4ebc-87f2-bb91347c7391,CONSUMER,200,1,did:web:ssi-dim-wallet-service.identity:BPNL00000003AYRE,,1791549379375,1791549380473,1791549380473,
1e8faf94-0758-4c59-bbde-746688f38555,CONSUMER,200,1,did:web:ssi-dim-wallet-service.identity:BPNL00000003AYRE,,1791549380803,1791549381528,1791549381528,
14223870-33a2-4424-af3a-2c435b69d11f,CONSUMER,200,1,did:web:ssi-dim-wallet-service.identity:BPNL00000003AYRE,,1791549383975,1791549384912,1791549384912,
8694270f-20de-489a-8d5a-c917b55f3676,CONSUMER,200,1,did:web:ssi-dim-wallet-service.identity:BPNL00000003AYRE,,1791549386068,1791549386993,1791549386993,
24748b64-9083-4214-bf38-a4b0f0f3e907,CONSUMER,200,1,did:web:ssi-dim-wallet-service.identity:BPNL00000003AYRE,,1791549389291,1791549389573,1791549389573,
e090711f-26c6-49d8-a6c3-097dec5165f9,CONSUMER,200,1,did:web:ssi-dim-wallet-service.identity:BPNL00000003AYRE,,1791549390929,1791549392519,1791549392519,
0a858401-2eef-4824-80f5-e9674a3a740f,CONSUMER,200,1,did:web:ssi-dim-wallet-service.identity:BPNL00000003AYRE,,1791549394613,1791549394863,1791549394863,
61d2dd3d-86f4-4c81-803f-af4e69a142c3,CONSUMER,200,1,did:web:ssi-dim-wallet-service.identity:BPNL00000003AYRE,,1791549395848,1791549397265,1791549397265,
618170cd-3fb6-4a31-83af-86256e2c4b3d,CONSUMER,200,1,did:web:ssi-dim-wallet-service.identity:BPNL00000003AYRE,,1791549400072,1791549400773,1791549400773,
69fbb9b5-4ba9-4f3a-91db-0331d89581a1,CONSUMER,200,1,did:web:ssi-dim-wallet-service.identity:BPNL00000003AYRE,,1791549400883,1791549402106,1791549402106,
2493c050-b41e-4bcb-99f6-18a330a42121,CONSUMER,200,1,did:web:ssi-dim-wallet-service.identity:BPNL00000003AYRE,,1791549403613,1791549404582,1791549404582,
8e554b04-f5a7-4e6d-bb61-2eff51d124e7,CONSUMER,200,1,did:web:ssi-dim-wallet-service.identity:BPNL00000003AYRE,,1791549405873,1791549407060,1791549407060,
505c90ef-2f87-4aca-9c16-2d377de7f6dd,CONSUMER,200,1,did:web:ssi-dim-wallet-service.identity:BPNL00000003AYRE,,1791549409960,1791549410967,1791549410967,
35a35e21-7239-4945-831b-ef026dce609e,CONSUMER,200,1,did:web:ssi-dim-wallet-service.identity:BPNL00000003AYRE,,1791549411032,1791549412366,1791549412366,
5020c4a3-b081-4db6-97bd-5c338d1e12c1,CONSUMER,200,1,did:web:ssi-dim-wallet-service.identity:BPNL00000003AYRE,,1791549415266,1791549415910,1791549415910,
c4e5448b-fcd9-4ac3-89ce-e595e19d8fe7,CONSUMER,200,1,did:web:ssi-dim-wallet-service.identity:BPNL00000003AYRE,,1791549415790,1791549417114,1791549417114,
dd49d64f-4c85-41cb-98bf-970a16f0c790,CONSUMER,200,1,did:web:ssi-dim-wallet-service.identity:BPNL00000003AYRE,,1791549419045,1791549419884,1791549419884,
2f72063f-c9d1-496c-a325-2d3b077ed572,CONSUMER,200,1,did:web:ssi-dim-wallet-service.identity:BPNL00000003AYRE,,1791549420935,1791549421333,1791549421333,
c7286638-7bdf-4e56-9248-fced468447da,CONSUMER,200,1,did:web:ssi-dim-wallet-service.identity:BPNL00000003AYRE,,1791549423983,1791549424913,1791549424913,
0076dbe9-9794-47cf-a07c-2c5bcd8cd334,CONSUMER,200,1,did:web:ssi-dim-wallet-service.identity:BPNL00000003AYRE,,1791549426243,1791549427260,1791549427260,
5fc117f3-c36b-4a22-9ae9-5bf63be7937f,CONSUMER,200,1,did:web:ssi-dim-wallet-service.identity:BPNL00000003AYRE,,1791549429357,1791549429772,1791549429772,
1c98145c-addb-4ca3-a602-259d9faadb9f,CONSUMER,200,1,did:web:ssi-dim-wallet-service.identity:BPNL00000003AYRE,,1791549430896,1791549431869,1791549431869,
121d67ce-d19d-464b-a70d-0eb925d3b925,CONSUMER,200,1,did:web:ssi-dim-wallet-service.identity:BPNL00000003AYRE,,1791549433778,1791549434762,1791549434762,
2576928d-307c-4f2f-8346-cd2ae856ed1d,CONSUMER,200,1,did:web:ssi-dim-wallet-service.identity:BPNL00000003AYRE,,1791549435811,1791549437085,1791549437085,
fcfd0172-c618-41ad-86c6-d3d416b1f5fc,CONSUMER,200,1,did:web:ssi-dim-wallet-service.identity:BPNL00000003AYRE,,1791549440878,1791549442107,1791549442107,
e39a8b54-9959-438f-b1e0-ae5dd48ac481,CONSUMER,200,1,did:web:ssi-dim-wallet-service.identity:BPNL00000003AYRE,,1791549440954,1791549442260,1791549442260,
b5df64ff-617c-4c24-bbd4-9934c8d36103,CONSUMER,200,1,did:web:ssi-dim-wallet-service.identity:BPNL00000003AYRE,,1791549445248,1791549445974,1791549445974,
72fb6066-156d-4153-abd0-b8d39f9f98ed,CONSUMER,200,1,did:web:ssi-dim-wallet-service.identity:BPNL00000003AYRE,,1791549446089,1791549447104,1791549447104,
9de9981b-4c4e-4644-9273-ffc7c3182d5d,CONSUMER,200,1,did:web:ssi-dim-wallet-service.identity:BPNL00000003AYRE,,1791549450153,1791549450637,1791549450637,
29a42df0-d0c9-4d17-a078-816b80e35a73,CONSUMER,200,1,did:web:ssi-dim-wallet-service.identity:BPNL00000003AYRE,,1791549450854,1791549452064,1791549452064,
4b3aece0-04c9-46c4-b167-38213198a4f7,CONSUMER,200,1,did:web:ssi-dim-wallet-service.identity:BPNL00000003AYRE,,1791549453843,1791549454439,1791549454439,
81d16038-296d-4e3e-bb3e-69b7329192e3,CONSUMER,200,1,did:web:ssi-dim-wallet-service.identity:BPNL00000003AYRE,,1791549455945,1791549456666,1791549456666,
f38ddfe9-220f-41d8-a30c-578d08aa12a1,CONSUMER,200,1,did:web:ssi-dim-wallet-service.identity:BPNL00000003AYRE,,1791549459036,1791549460563,1791549460563,
57d27a00-bcc9-4519-b880-55359565c66b,CONSUMER,200,1,did:web:ssi-dim-wallet-service.identity:BPNL00000003AYRE,,1791549460854,1791549461872,1791549461872,
d82cf1b1-1bd3-4434-92df-e195a32eae43,CONSUMER,200,1,did:web:ssi-dim-wallet-service.identity:BPNL00000003AYRE,,1791549464158,1791549465412,1791549465412,
8b191ab8-f66f-42da-8026-1289de63e5bc,CONSUMER,200,1,did:web:ssi-dim-wallet-service.identity:BPNL00000003AYRE,,1791549465830,1791549466902,1791549466902,
02aa045e-bb3c-454f-9049-d411091baf6c,CONSUMER,200,1,did:web:ssi-dim-wallet-service.identity:BPNL00000003AYRE,,1791549470488,1791549471941,1791549471941,
bfdd4545-4393-4409-b6df-00ef046b1574,CONSUMER,200,1,did:web:ssi-dim-wallet-service.identity:BPNL00000003AYRE,,1791549470878,1791549471959,1791549471959,
dcf2806d-72bf-4f93-9478-bac125b69229,CONSUMER,200,1,did:web:ssi-dim-wallet-service.identity:BPNL00000003AYRE,,1791549475755,1791549477265,1791549477265,
57a7603d-765c-4cf0-aaf6-310a2d194d05,CONSUMER,200,1,did:web:ssi-dim-wallet-service.identity:BPNL00000003AYRE,,1791549476044,1791549477451,1791549477451,
769016e0-6212-44c6-ab7f-58a6c95ee2d2,CONSUMER,200,1,did:web:ssi-dim-wallet-service.identity:BPNL00000003AYRE,,1791549480471,1791549481656,1791549481656,
133d1f9e-7dce-429e-9812-7c89b5622a12,CONSUMER,200,1,did:web:ssi-dim-wallet-service.identity:BPNL00000003AYRE,,1791549480832,1791549481744,1791549481744,
bed45963-da60-435b-8763-4ceb264b20dd,CONSUMER,200,1,did:web:ssi-dim-wallet-service.identity:BPNL00000003AYRE,,1791549485644,1791549486359,1791549486359,
290d8b71-8b79-490e-8fdb-386ca0cf56a1,CONSUMER,200,1,did:web:ssi-dim-wallet-service.identity:BPNL00000003AYRE,,1791549485955,1791549486541,1791549486541,
e8de09b1-db7e-4a9d-99ec-b4a33696464a,CONSUMER,200,1,did:web:ssi-dim-wallet-service.identity:BPNL00000003AYRE,,1791549490635,1791549490955,1791549490955,
0948d953-a374-412f-9eeb-60eebd121646,CONSUMER,200,1,did:web:ssi-dim-wallet-service.identity:BPNL00000003AYRE,,1791549490885,1791549491319,1791549491319,
0fc43658-f480-4540-bff9-0cc4efaded8e,CONSUMER,200,1,did:web:ssi-dim-wallet-service.identity:BPNL00000003AYRE,,1791549494684,1791549495842,1791549495842,
80a50df5-3623-4c85-8bf5-ab95ee200630,CONSUMER,200,1,did:web:ssi-dim-wallet-service.identity:BPNL00000003AYRE,,1791549496244,1791549497075,1791549497075,
84a9ecbe-f149-467b-83e6-39f608727eea,CONSUMER,200,1,did:web:ssi-dim-wallet-service.identity:BPNL00000003AYRE,,1791549499007,1791549499542,1791549499542,
6fa63a8e-7b11-4cd3-838a-32e42bee6a13,CONSUMER,200,1,did:web:ssi-dim-wallet-service.identity:BPNL00000003AYRE,,1791549500852,1791549501908,1791549501908,
c6eede3e-1c33-4443-af0b-760267a52a15,CONSUMER,200,1,did:web:ssi-dim-wallet-service.identity:BPNL00000003AYRE,,1791549504707,1791549505663,1791549505663,
e4ff1f69-7131-41e3-9de1-b6516fcd9ed4,CONSUMER,200,1,did:web:ssi-dim-wallet-service.identity:BPNL00000003AYRE,,1791549505844,1791549507062,1791549507062,
48290bce-7a54-4812-97ff-cf1c23d3bcf7,CONSUMER,200,1,did:web:ssi-dim-wallet-service.identity:BPNL00000003AYRE,,1791549510282,1791549511363,1791549511363,
f029111e-17db-4f87-b879-9c2094a781dd,CONSUMER,200,1,did:web:ssi-dim-wallet-service.identity:BPNL00000003AYRE,,1791549510943,1791549511724,1791549511724,
99736f22-550e-45e0-be95-0b8d99cecec4,CONSUMER,200,1,did:web:ssi-dim-wallet-service.identity:BPNL00000003AYRE,,1791549514366,1791549514859,1791549514859,
deaa463c-897d-4800-8290-de226b569bf2,CONSUMER,200,1,did:web:ssi-dim-wallet-service.identity:BPNL00000003AYRE,,1791549515883,1791549517088,1791549517088,
d8d3fb56-d3fd-49d8-ba65-1310d067ed70,CONSUMER,200,1,did:web:ssi-dim-wallet-service.identity:BPNL00000003AYRE,,1791549517947,1791549518336,1791549518336,
3fae47c8-808f-4319-9c3b-92ea759efc46,CONSUMER,200,1,did:web:ssi-dim-wallet-service.identity:BPNL00000003AYRE,,1791549520917,1791549522271,1791549522271,
f264a0f9-eaab-42cd-8238-49d9b41d4958,CONSUMER,200,1,did:web:ssi-dim-wallet-service.identity:BPNL00000003AYRE,,1791549523383,1791549523570,1791549523570,
1d3ad49d-0630-4e45-aa3c-1e3b995c5b8a,CONSUMER,200,1,did:web:ssi-dim-wallet-service.identity:BPNL00000003AYRE,,1791549525864,1791549526933,1791549526933,
7d15d069-011f-4a51-a6c5-f36f87d842bb,CONSUMER,200,1,did:web:ssi-dim-wallet-service.identity:BPNL00000003AYRE,,1791549530053,1791549531118,1791549531118,
47e2fc7e-45ea-418c-b885-2448be205802,CONSUMER,200,1,did:web:ssi-dim-wallet-service.identity:BPNL00000003AYRE,,1791549535424,1791549535773,1791549535773,
4a87fc75-b099-4f33-a764-26b6ee594b80,CONSUMER,200,1,did:web:ssi-dim-wallet-service.identity:BPNL00000003AYRE,,1791549540145,1791549541304,1791549541304,
