id,type,state,state_count,counterparty_id,agreement_id,created_at,state_timestamp,updated_at,error_detail
b1258037-aae0-46a4-a6a4-6256eb7c1613,PROVIDER,1200,1,did:web:ssi-dim-wallet-service.identity:BPNL00000003AZQP,83673ffd-c48c-429a-b6c6-7e8dac70b874,1791329101083,1791329103532,1791329103532,
1992f9fb-72ac-41fd-bbc6-4833859fd6ac,PROVIDER,1200,1,did:web:ssi-dim-wallet-service.identity:BPNL00000003AZQP,94e18afa-4f43-4cbc-aa09-d5598efd2adc,1791329114337,1791329115978,1791329115978,
3e92b4f3-d333-44a4-8eba-064a68a8a875,PROVIDER,1200,1,did:web:ssi-dim-wallet-service.identity:BPNL00000003AZQP,0ef26eaf-3d7c-479a-9a01-d5fa6d5cdd8e,1791329919832,1791329921225,1791329921225,
6f2ee26e-a81f-4072-b8c0-a460a19ebbdd,PROVIDER,1400,1,did:web:ssi-dim-wallet-service.identity:BPNL00000003AZQP,74086c39-6437-461b-ac0c-61b8dae6ab17,1791483917639,1791483934419,1791483934419,"Failed to send termination to counter party: {""@type"":""ContractNegotiationError"",""code"":""409"",""reason"":[""Entity 2a55b8e5-3b96-48b4-8e7b-d15904399434 of kind edc_contract_negotiation is currently leased!""],""@context"":[""https://w3id.org/tractusx/auth/v1.0.0"",""https://w3id.org/catenax/2025/9/policy/con"
e84cc841-ee95-4f51-a14d-30c00cb36c84,PROVIDER,1200,1,did:web:ssi-dim-wallet-service.identity:BPNL00000003AZQP,77045c07-aa77-415a-a9fa-d71ae6c4b4cd,1791483918649,1791483933609,1791483933609,
b4cb7b51-3133-428b-9926-0ea767f60711,PROVIDER,1400,1,did:web:ssi-dim-wallet-service.identity:BPNL00000003AZQP,d749c943-f116-49f3-8ae2-66f11375f4eb,1791483919134,1791483934209,1791483934209,"Failed to send termination to counter party: {""@type"":""ContractNegotiationError"",""code"":""409"",""reason"":[""Entity dc8347e1-8ce4-49aa-9f9f-86f2736ed6c0 of kind edc_contract_negotiation is currently leased!""],""@context"":[""https://w3id.org/tractusx/auth/v1.0.0"",""https://w3id.org/catenax/2025/9/policy/con"
45870c10-f18a-4086-86ee-3a84ce058cac,PROVIDER,1200,1,did:web:ssi-dim-wallet-service.identity:BPNL00000003AZQP,a9e3bac9-c565-4c24-98d9-98fae5ce543f,1791483919807,1791483937206,1791483937206,
771401e0-a86c-4f7c-9251-4eb8dfdaeeb0,PROVIDER,1200,1,did:web:ssi-dim-wallet-service.identity:BPNL00000003AZQP,feb04469-984b-40ef-a74a-7aa3eeefe83b,1791483920528,1791483955399,1791483955399,
bc477a5b-461a-4827-8683-0a6312986b32,PROVIDER,1200,1,did:web:ssi-dim-wallet-service.identity:BPNL00000003AZQP,f2484501-b31e-456a-886f-789e8b125465,1791483923739,1791483950897,1791483950897,
753a184c-0220-4829-a7c5-6e731572f982,PROVIDER,1400,1,did:web:ssi-dim-wallet-service.identity:BPNL00000003AZQP,,1791483924734,1791483929906,1791483929906,"Failed to send agreement to consumer: {""@type"":""ContractNegotiationError"",""code"":""409"",""reason"":[""Entity 1f0524b1-0f21-4a79-80fa-8019416535ce of kind edc_contract_negotiation is currently leased!""],""@context"":[""https://w3id.org/tractusx/auth/v1.0.0"",""https://w3id.org/catenax/2025/9/policy/context.js"
adb0d2d1-eb3a-4163-8cf4-2474884350fc,PROVIDER,1200,1,did:web:ssi-dim-wallet-service.identity:BPNL00000003AZQP,9e1dc9c2-f403-4fd4-a6e4-5fb67326584d,1791483924941,1791483951908,1791483951908,
b710bd5f-6e14-4532-9381-f66fdf5c0c0f,PROVIDER,1400,1,did:web:ssi-dim-wallet-service.identity:BPNL00000003AZQP,,1791483925345,1791483928415,1791483928415,"Failed to send termination to counter party: {""@type"":""ContractNegotiationError"",""code"":""409"",""reason"":[""Entity bccd2a0a-1e20-41ad-b7a7-e4ba53cc6041 of kind edc_contract_negotiation is currently leased!""],""@context"":[""https://w3id.org/tractusx/auth/v1.0.0"",""https://w3id.org/catenax/2025/9/policy/con"
cb3b06d9-b003-43d3-ba25-f5ab78386e85,PROVIDER,1400,1,did:web:ssi-dim-wallet-service.identity:BPNL00000003AZQP,,1791483939628,1791483944806,1791483944806,"Failed to send agreement to consumer: {""@type"":""ContractNegotiationError"",""code"":""409"",""reason"":[""Entity e72a5954-c0a8-4f7b-be28-94f9aa152c2d of kind edc_contract_negotiation is currently leased!""],""@context"":[""https://w3id.org/tractusx/auth/v1.0.0"",""https://w3id.org/catenax/2025/9/policy/context.js"
9397999b-45aa-42c2-8c2e-635139a1552e,PROVIDER,1400,1,did:web:ssi-dim-wallet-service.identity:BPNL00000003AZQP,,1791483940131,1791483946522,1791483946522,"Failed to send agreement to consumer: {""@type"":""ContractNegotiationError"",""code"":""409"",""reason"":[""Entity 3b162689-4ebb-40c8-bbfc-df7a2810e4f6 of kind edc_contract_negotiation is currently leased!""],""@context"":[""https://w3id.org/tractusx/auth/v1.0.0"",""https://w3id.org/catenax/2025/9/policy/context.js"
f0610d17-f2ce-43f5-84cd-65f767a47b7b,PROVIDER,1200,1,did:web:ssi-dim-wallet-service.identity:BPNL00000003AZQP,cc0ec9f7-35aa-40f5-84ab-5f7c76d094e5,1791483940336,1791483950720,1791483950720,
c6bcaeca-1d16-4415-bd60-d55e290007af,PROVIDER,1200,1,did:web:ssi-dim-wallet-service.identity:BPNL00000003AZQP,10cf4c10-9ffd-4acd-b529-09e9efcacc2f,1791483941046,1791483952110,1791483952110,
bfb32757-f88e-41dd-b5b5-32fe0258b3db,PROVIDER,1200,1,did:web:ssi-dim-wallet-service.identity:BPNL00000003AZQP,aa5468ad-addd-48a0-a1ad-8cd51d8b55ac,1791483941436,1791483986797,1791483986797,
33a517cd-4cba-4197-bb1e-e5a1dc614a2f,PROVIDER,1200,1,did:web:ssi-dim-wallet-service.identity:BPNL00000003AZQP,da0ae0ea-8982-40f2-b622-a637fff59bfb,1791483942433,1791483988806,1791483988806,
9c1158bd-12c6-4598-a757-43abb32b47a9,PROVIDER,1200,1,did:web:ssi-dim-wallet-service.identity:BPNL00000003AZQP,fab86846-54b1-4713-b6ac-b530b0afab55,1791483942840,1791483985612,1791483985612,
8d61f33f-4bfa-41e3-b85b-e4e3042c0fa9,PROVIDER,1200,1,did:web:ssi-dim-wallet-service.identity:BPNL00000003AZQP,02858be7-b411-4870-ae22-b5cff55db13f,1791483943541,1791483985202,1791483985202,
8dad0417-2aa7-450e-b35c-7b9e4e949362,PROVIDER,1400,1,did:web:ssi-dim-wallet-service.identity:BPNL00000003AZQP,55d77b69-0014-41d4-9ee0-b75cb757be9a,1791483944535,1791483991408,1791483991408,"Failed to send finalization to consumer: {""@type"":""ContractNegotiationError"",""code"":""409"",""reason"":[""Entity abd9ceb7-816a-49d7-afd2-cac262be6de3 of kind edc_contract_negotiation is currently leased!""],""@context"":[""https://w3id.org/tractusx/auth/v1.0.0"",""https://w3id.org/catenax/2025/9/policy/context"
d57d992e-44b0-444b-a5b5-36ccc4f2f930,PROVIDER,1200,1,did:web:ssi-dim-wallet-service.identity:BPNL00000003AZQP,530dd92e-4ce5-4206-b0e0-607ef1ff2ad7,1791483959031,1791483989215,1791483989215,
76f683b9-6e1a-46f3-beec-5335b98370f9,PROVIDER,1400,1,did:web:ssi-dim-wallet-service.identity:BPNL00000003AZQP,a45262bc-f483-48aa-922e-1cc96bc06f68,1791483960035,1791483989210,1791483989210,"Failed to send termination to counter party: {""@type"":""ContractNegotiationError"",""code"":""409"",""reason"":[""Entity db3421d6-d279-4ce8-a02c-eac96c3b9208 of kind edc_contract_negotiation is currently leased!""],""@context"":[""https://w3id.org/tractusx/auth/v1.0.0"",""https://w3id.org/catenax/2025/9/policy/con"
cc364e66-ae42-4ee2-94c6-43b2857e9332,PROVIDER,1200,1,did:web:ssi-dim-wallet-service.identity:BPNL00000003AZQP,f14dc42f-7e19-451b-8aa2-8b0f43b38de8,1791483961231,1791483987015,1791483987015,
64d79615-6036-4c80-bf90-0e302d475030,PROVIDER,1400,1,did:web:ssi-dim-wallet-service.identity:BPNL00000003AZQP,,1791483961834,1791483969310,1791483969310,"Failed to send termination to counter party: {""@type"":""ContractNegotiationError"",""code"":""409"",""reason"":[""Entity da24985c-10b0-4bd2-b5a3-d8e6046196a6 of kind edc_contract_negotiation is currently leased!""],""@context"":[""https://w3id.org/tractusx/auth/v1.0.0"",""https://w3id.org/catenax/2025/9/policy/con"
3221c852-2b6f-4f1f-a655-855f607cbb2b,PROVIDER,1400,1,did:web:ssi-dim-wallet-service.identity:BPNL00000003AZQP,78f6338c-0dba-4abb-8200-56bff9a9d20c,1791483962034,1791483988431,1791483988431,"Failed to send finalization to consumer: {""@type"":""ContractNegotiationError"",""code"":""409"",""reason"":[""Entity d679961c-dd62-46a9-ab7e-a6e1dad0f196 of kind edc_contract_negotiation is currently leased!""],""@context"":[""https://w3id.org/tractusx/auth/v1.0.0"",""https://w3id.org/catenax/2025/9/policy/context"
5d4a00e6-2634-4ea0-9102-99afa4474845,PROVIDER,1200,1,did:web:ssi-dim-wallet-service.identity:BPNL00000003AZQP,14a2d252-251d-43fb-9e58-4357f8608154,1791483962547,1791484075297,1791484075297,
8be1c441-7a84-4d05-a917-d76c08dd84e7,PROVIDER,1200,1,did:web:ssi-dim-wallet-service.identity:BPNL00000003AZQP,7dcf561d-ff7d-4040-82d2-12b4aa5404bb,1791483963728,1791483987707,1791483987707,
11b44aea-7a73-4bbb-a9a0-2e5f660de369,PROVIDER,1200,1,did:web:ssi-dim-wallet-service.identity:BPNL00000003AZQP,d572867a-44d4-4904-b0a6-67446138a29a,1791483964038,1791484076221,1791484076221,
4c03e5cc-f8b8-4cfe-b135-918cd302e41d,PROVIDER,1200,1,did:web:ssi-dim-wallet-service.identity:BPNL00000003AZQP,7647cfc5-4fa1-4a8c-843b-c3548714d9cc,1791483964530,1791484076806,1791484076806,
bd5e4619-470d-48d0-a97f-d6eff13ac60a,PROVIDER,1400,1,did:web:ssi-dim-wallet-service.identity:BPNL00000003AZQP,,1791483965345,1791483978805,1791483978805,"Failed to send agreement to consumer: {""@type"":""ContractNegotiationError"",""code"":""409"",""reason"":[""Entity d4b2e3f3-cf2f-4612-b8af-29cfe7fbfbc3 of kind edc_contract_negotiation is currently leased!""],""@context"":[""https://w3id.org/tractusx/auth/v1.0.0"",""https://w3id.org/catenax/2025/9/policy/context.js"
9f27d122-f7f0-4a23-949b-3130df05581c,PROVIDER,1200,1,did:web:ssi-dim-wallet-service.identity:BPNL00000003AZQP,874fcc67-b0be-407e-8994-f06e991e0ee7,1791483966842,1791484077297,1791484077297,
82fe4dc3-0c4c-40ee-b0c3-c5994af43280,PROVIDER,1200,1,did:web:ssi-dim-wallet-service.identity:BPNL00000003AZQP,e679948f-411e-43e1-ba16-7bb886775471,1791483966842,1791484075405,1791484075405,
949ac1c3-94e9-4fe0-ae6f-ddd09cc4a023,PROVIDER,1200,1,did:web:ssi-dim-wallet-service.identity:BPNL00000003AZQP,14877775-29c8-4f60-88ec-a7cbfaaefb35,1791484018342,1791484076597,1791484076597,
121c88de-8f8e-4536-a21b-28cbf66dd932,PROVIDER,1200,1,did:web:ssi-dim-wallet-service.identity:BPNL00000003AZQP,67d2b2d2-bd89-4a2a-a2ed-320108507bf6,1791484019336,1791484077205,1791484077205,
15666756-32dd-448f-92e3-95067e262261,PROVIDER,1400,1,did:web:ssi-dim-wallet-service.identity:BPNL00000003AZQP,,1791484019833,1791484023122,1791484023122,"Failed to send agreement to consumer: {""@type"":""ContractNegotiationError"",""code"":""409"",""reason"":[""Entity a5e033c4-f09a-4729-a050-e7b1923a69f5 of kind edc_contract_negotiation is currently leased!""],""@context"":[""https://w3id.org/tractusx/auth/v1.0.0"",""https://w3id.org/catenax/2025/9/policy/context.js"
2ceb174b-2829-494b-85ac-7656ff9da524,PROVIDER,1200,1,did:web:ssi-dim-wallet-service.identity:BPNL00000003AZQP,4d265123-4b9b-417c-b009-21d725683070,1791484020539,1791484078807,1791484078807,
8ca4a582-419f-4ef1-9000-8aec63f115f2,PROVIDER,1200,1,did:web:ssi-dim-wallet-service.identity:BPNL00000003AZQP,bf52f9a7-423e-4451-b7cb-3415b9fb32ac,1791484022043,1791484076997,1791484076997,
db8d5b74-3fa4-4dc8-9d5c-c2fe91e0ebde,PROVIDER,1400,1,did:web:ssi-dim-wallet-service.identity:BPNL00000003AZQP,,1791484022731,1791484031105,1791484031105,"Failed to send agreement to consumer: {""@type"":""ContractNegotiationError"",""code"":""409"",""reason"":[""Entity 68e4a5aa-70d9-4651-917d-dd1e93447061 of kind edc_contract_negotiation is currently leased!""],""@context"":[""https://w3id.org/tractusx/auth/v1.0.0"",""https://w3id.org/catenax/2025/9/policy/context.js"
adfb2cef-c3be-408b-a8f3-b25208b21cf2,PROVIDER,1400,1,did:web:ssi-dim-wallet-service.identity:BPNL00000003AZQP,,1791484024137,1791484032696,1791484032696,"Failed to send agreement to consumer: {""@type"":""ContractNegotiationError"",""code"":""409"",""reason"":[""Entity 519f46d4-327b-40a5-b1ce-bd0709736457 of kind edc_contract_negotiation is currently leased!""],""@context"":[""https://w3id.org/tractusx/auth/v1.0.0"",""https://w3id.org/catenax/2025/9/policy/context.js"
2f1a7fff-c613-41bb-9a4c-0503761efd49,PROVIDER,1200,1,did:web:ssi-dim-wallet-service.identity:BPNL00000003AZQP,011ab9f1-153f-4116-a92b-3c571d13f6ca,1791484024239,1791484077611,1791484077611,
0f808b33-bb7a-41a6-8556-7af412986b33,PROVIDER,1200,1,did:web:ssi-dim-wallet-service.identity:BPNL00000003AZQP,8bbe07e6-c2b5-4c89-b5c2-b3ca2f92eced,1791484024627,1791484077997,1791484077997,
95e4bec5-f04e-43b2-bf41-76570b3ecb4e,PROVIDER,1400,1,did:web:ssi-dim-wallet-service.identity:BPNL00000003AZQP,,1791484025530,1791484035910,1791484035910,"Failed to send agreement to consumer: {""@type"":""ContractNegotiationError"",""code"":""409"",""reason"":[""Entity 6a60006b-ff35-43e1-9a07-122cd7bdf5cb of kind edc_contract_negotiation is currently leased!""],""@context"":[""https://w3id.org/tractusx/auth/v1.0.0"",""https://w3id.org/catenax/2025/9/policy/context.js"
cee111a3-c521-4bfc-b3f7-8557ced3ee4f,PROVIDER,1400,1,did:web:ssi-dim-wallet-service.identity:BPNL00000003AZQP,,1791484025906,1791484034108,1791484034108,"Failed to send agreement to consumer: {""@type"":""ContractNegotiationError"",""code"":""409"",""reason"":[""Entity 5bb6f05f-df04-49e8-8110-a39510d24e32 of kind edc_contract_negotiation is currently leased!""],""@context"":[""https://w3id.org/tractusx/auth/v1.0.0"",""https://w3id.org/catenax/2025/9/policy/context.js"
d7dbac52-4a0a-431d-97ce-48932048855b,PROVIDER,1400,1,did:web:ssi-dim-wallet-service.identity:BPNL00000003AZQP,,1791484026839,1791484034007,1791484034007,"Failed to send termination to counter party: {""@type"":""ContractNegotiationError"",""code"":""409"",""reason"":[""Entity 890fdbd4-852f-4463-b289-c1f6eb665bcd of kind edc_contract_negotiation is currently leased!""],""@context"":[""https://w3id.org/tractusx/auth/v1.0.0"",""https://w3id.org/catenax/2025/9/policy/con"
c7983fd8-2a0b-4991-b172-8b5a8ba1a9ab,PROVIDER,1200,1,did:web:ssi-dim-wallet-service.identity:BPNL00000003AZQP,2485e1db-9859-4106-92b5-eac985172244,1791484026931,1791484102318,1791484102318,
a569bbd6-2e86-4af1-8939-f2605dc1172f,PROVIDER,1200,1,did:web:ssi-dim-wallet-service.identity:BPNL00000003AZQP,93574fd9-36d4-41f3-bb00-f614b1d485fd,1791484027441,1791484099725,1791484099725,
0bd2d598-49eb-451d-bd10-4cfd0e25fa9b,PROVIDER,1200,1,did:web:ssi-dim-wallet-service.identity:BPNL00000003AZQP,b51811c0-b31d-4432-bb3e-64907ec807d8,1791484028140,1791484099897,1791484099897,
1f2225f4-f0c4-4a81-9a0d-7da64969d5aa,PROVIDER,1200,1,did:web:ssi-dim-wallet-service.identity:BPNL00000003AZQP,829108c7-b382-419d-bcf5-e49fbe10860d,1791484028708,1791484100697,1791484100697,
a51feb77-42c6-48d8-8475-696d44f12a5b,PROVIDER,1200,1,did:web:ssi-dim-wallet-service.identity:BPNL00000003AZQP,db2f7414-3a4f-4f4b-ad1b-e3589b0d836d,1791484030429,1791484102508,1791484102508,
0e51f8c1-4055-49bb-9322-cbb49cd342cc,PROVIDER,1200,1,did:web:ssi-dim-wallet-service.identity:BPNL00000003AZQP,84dec8d9-f1b4-4bb3-9c14-5499b8093703,1791484030712,1791484101220,1791484101220,
73aaf21c-77bc-4797-8a6a-a48d1b3c57fc,PROVIDER,1400,1,did:web:ssi-dim-wallet-service.identity:BPNL00000003AZQP,43b2a481-d288-41c9-bad9-0e85b1a2cf14,1791484030844,1791484104124,1791484104124,"Failed to send finalization to consumer: {""@type"":""ContractNegotiationError"",""code"":""409"",""reason"":[""Entity 5e52e2ab-019b-4e8d-8b3d-0e20bc0950a1 of kind edc_contract_negotiation is currently leased!""],""@context"":[""https://w3id.org/tractusx/auth/v1.0.0"",""https://w3id.org/catenax/2025/9/policy/context"
9c00b63e-70b7-4f88-97f0-d90bd0a4af14,PROVIDER,1400,1,did:web:ssi-dim-wallet-service.identity:BPNL00000003AZQP,53521c93-3675-4368-8784-d178ed69a75d,1791484031844,1791484105497,1791484105497,"Failed to send finalization to consumer: {""@type"":""ContractNegotiationError"",""code"":""409"",""reason"":[""Entity 5f0c5f87-5dd9-4ae1-8c77-9263f887b4d1 of kind edc_contract_negotiation is currently leased!""],""@context"":[""https://w3id.org/tractusx/auth/v1.0.0"",""https://w3id.org/catenax/2025/9/policy/context"
87282933-0437-4215-a242-861283575495,PROVIDER,1200,1,did:web:ssi-dim-wallet-service.identity:BPNL00000003AZQP,4944f262-8e5a-4fba-959a-e1d394a632a1,1791484085229,1791484101320,1791484101320,
b783aa05-fcca-4bb3-8a1a-a6811776f0e1,PROVIDER,1200,1,did:web:ssi-dim-wallet-service.identity:BPNL00000003AZQP,d2485df1-3378-40b1-bbba-a550b6639799,1791484085703,1791484102777,1791484102777,
37a0b50e-1d93-4236-bf33-62a744409564,PROVIDER,1200,1,did:web:ssi-dim-wallet-service.identity:BPNL00000003AZQP,8dbbf22b-cfce-4ecd-8e0d-98d000568dda,1791484085843,1791484125997,1791484125997,
09022c69-6ee0-417c-9697-a85b3ad66391,PROVIDER,1200,1,did:web:ssi-dim-wallet-service.identity:BPNL00000003AZQP,cb1da1eb-ca9f-4bf6-8b92-dcbb1ac26866,1791484086242,1791484105198,1791484105198,
bb3fdc8b-aead-45ec-9c9f-eb0a5b210895,PROVIDER,1200,1,did:web:ssi-dim-wallet-service.identity:BPNL00000003AZQP,c3a8ce6c-659b-4c61-bf83-93254869c806,1791484086305,1791484103135,1791484103135,
607cc2b8-8bd9-455c-a6dc-332ca06c91c3,PROVIDER,1200,1,did:web:ssi-dim-wallet-service.identity:BPNL00000003AZQP,7bd724e8-b205-41e1-a6ed-6782fa7fb0f4,1791484086435,1791484127508,1791484127508,
95427e30-0208-427b-bfa3-a9a0195323c1,PROVIDER,1400,1,did:web:ssi-dim-wallet-service.identity:BPNL00000003AZQP,,1791484086641,1791484094798,1791484094798,"Failed to send agreement to consumer: {""@type"":""ContractNegotiationError"",""code"":""409"",""reason"":[""Entity 28328de5-a8fa-46e5-8292-4fd8ee767834 of kind edc_contract_negotiation is currently leased!""],""@context"":[""https://w3id.org/tractusx/auth/v1.0.0"",""https://w3id.org/catenax/2025/9/policy/context.js"
c272a885-f94e-40f8-a775-dfd25887af90,PROVIDER,1200,1,did:web:ssi-dim-wallet-service.identity:BPNL00000003AZQP,26bd7aad-7505-4ed6-ba82-ea5545f4606a,1791484087204,1791484103523,1791484103523,
86376cef-7a88-4b51-8d6a-666809922f7a,PROVIDER,1200,1,did:web:ssi-dim-wallet-service.identity:BPNL00000003AZQP,2b49818e-7eea-4c08-9e83-0622c07766f1,1791484087439,1791484128307,1791484128307,
258bfac5-2ac2-4c35-b80c-48b5bdf20190,PROVIDER,1200,1,did:web:ssi-dim-wallet-service.identity:BPNL00000003AZQP,08a8de1b-4597-4f0b-a735-827fa1b33248,1791484087538,1791484103908,1791484103908,
b877315b-4de8-4c8e-94b0-57daf602a3b1,PROVIDER,1400,1,did:web:ssi-dim-wallet-service.identity:BPNL00000003AZQP,fe63a31c-361e-42a4-a30a-ba6fad4299f0,1791484087735,1791484129026,1791484129026,"Failed to send finalization to consumer: {""@type"":""ContractNegotiationError"",""code"":""409"",""reason"":[""Cannot process ContractNegotiationEventMessage because negotiation cannot be finalized""],""@context"":[""https://w3id.org/tractusx/auth/v1.0.0"",""https://w3id.org/catenax/2025/9/policy/context.jsonld"",""h"
953abab3-d5ed-45d6-ad3d-5b7b494c420d,PROVIDER,1200,1,did:web:ssi-dim-wallet-service.identity:BPNL00000003AZQP,82121725-b8a9-4f33-811d-bc375ce6aaac,1791484087904,1791484126998,1791484126998,
b33a58d2-234b-4fbb-8b65-cc6f0d018349,PROVIDER,1200,1,did:web:ssi-dim-wallet-service.identity:BPNL00000003AZQP,97d1f131-41cc-4010-bf2d-a47811e86f26,1791484088044,1791484127910,1791484127910,
ba1d62d3-849d-4065-8aaf-bd209b3cf251,PROVIDER,1200,1,did:web:ssi-dim-wallet-service.identity:BPNL00000003AZQP,b745053b-e892-4573-8900-9b8f34692a0b,1791484088342,1791484128621,1791484128621,
87057a73-c490-4c34-8e28-01db6e78b39d,PROVIDER,1200,1,did:web:ssi-dim-wallet-service.identity:BPNL00000003AZQP,3825f244-032b-460e-be37-8ea27e20b376,1791484088544,1791484131676,1791484131676,
2ba582ad-4c1a-46fa-81af-3dca5261f67b,PROVIDER,1200,1,did:web:ssi-dim-wallet-service.identity:BPNL00000003AZQP,1b15d108-fd80-49b4-9fc3-55a92aa0f0b0,1791484088841,1791484127707,1791484127707,
f520f53e-82e3-4874-9b24-fb7035013451,PROVIDER,1200,1,did:web:ssi-dim-wallet-service.identity:BPNL00000003AZQP,a8f08985-b10c-4852-a1de-c55f419e2486,1791484089141,1791484131408,1791484131408,
eff52176-3332-4d98-8063-bb984c553651,PROVIDER,1400,1,did:web:ssi-dim-wallet-service.identity:BPNL00000003AZQP,99698b01-7543-4891-b1d2-97ac52e27f61,1791484089443,1791484135504,1791484135504,"Failed to send finalization to consumer: {""@type"":""ContractNegotiationError"",""code"":""409"",""reason"":[""Entity 74a07e7d-e840-4737-bad5-84ead394236b of kind edc_contract_negotiation is currently leased!""],""@context"":[""https://w3id.org/tractusx/auth/v1.0.0"",""https://w3id.org/catenax/2025/9/policy/context"
1cd34dc7-0785-44aa-804c-ce36bbabdb97,PROVIDER,1200,1,did:web:ssi-dim-wallet-service.identity:BPNL00000003AZQP,37c05a9a-6d85-4f69-818b-02771b794e1f,1791484089842,1791484130907,1791484130907,
c976ab3b-2c5a-4868-9348-3ec061927734,PROVIDER,1200,1,did:web:ssi-dim-wallet-service.identity:BPNL00000003AZQP,d2517d79-489f-40ea-bf94-ef03ea448806,1791484090034,1791484129497,1791484129497,
2796526c-31b1-416a-a9b1-174c9334aae6,PROVIDER,1200,1,did:web:ssi-dim-wallet-service.identity:BPNL00000003AZQP,8a7b3527-7729-4044-ac24-0d0b803addd8,1791484114025,1791484131506,1791484131506,
6038914b-5d13-4ae1-8c16-917a8e3728e3,PROVIDER,1400,1,did:web:ssi-dim-wallet-service.identity:BPNL00000003AZQP,,1791484114231,1791484120597,1791484120597,"Failed to send agreement to consumer: {""@type"":""ContractNegotiationError"",""code"":""409"",""reason"":[""Entity b67d3ce3-bed8-4d49-916c-eafdf38ea2b0 of kind edc_contract_negotiation is currently leased!""],""@context"":[""https://w3id.org/tractusx/auth/v1.0.0"",""https://w3id.org/catenax/2025/9/policy/context.js"
fd2a354f-8066-4804-831a-af822057d1c5,PROVIDER,1400,1,did:web:ssi-dim-wallet-service.identity:BPNL00000003AZQP,4fbc3f17-23de-4e65-93be-7be72dad4312,1791484114325,1791484133628,1791484133628,"Failed to send finalization to consumer: {""@type"":""ContractNegotiationError"",""code"":""409"",""reason"":[""Entity 1aae219d-5838-4eb8-9e12-06d728b8d759 of kind edc_contract_negotiation is currently leased!""],""@context"":[""https://w3id.org/tractusx/auth/v1.0.0"",""https://w3id.org/catenax/2025/9/policy/context"
babb5027-95de-47ba-a006-afee9ed60af8,PROVIDER,1200,1,did:web:ssi-dim-wallet-service.identity:BPNL00000003AZQP,64ca05f1-f820-4ca5-9a1b-071523d2ad62,1791484114626,1791484133497,1791484133497,
9c274e99-aa88-4d19-ac51-20a2befe5d47,PROVIDER,1400,1,did:web:ssi-dim-wallet-service.identity:BPNL00000003AZQP,,1791484114828,1791484117908,1791484117908,"Failed to send agreement to consumer: {""@type"":""ContractNegotiationError"",""code"":""409"",""reason"":[""Entity ef6cc44b-ce04-47f6-91b1-c9bc4fc6a311 of kind edc_contract_negotiation is currently leased!""],""@context"":[""https://w3id.org/tractusx/auth/v1.0.0"",""https://w3id.org/catenax/2025/9/policy/context.js"
e427c4bd-f8fe-4f75-994e-dc1a1c83d0e8,PROVIDER,1400,1,did:web:ssi-dim-wallet-service.identity:BPNL00000003AZQP,,1791484115036,1791484119731,1791484119731,"Failed to send agreement to consumer: {""@type"":""ContractNegotiationError"",""code"":""409"",""reason"":[""Entity 9cc72320-aca4-48d0-8c84-61739ecb60fe of kind edc_contract_negotiation is currently leased!""],""@context"":[""https://w3id.org/tractusx/auth/v1.0.0"",""https://w3id.org/catenax/2025/9/policy/context.js"
c998eb75-7ba7-4b91-9732-311ee8f8bea8,PROVIDER,1200,1,did:web:ssi-dim-wallet-service.identity:BPNL00000003AZQP,5f21a7d2-4580-4741-be20-f3f4feb47023,1791484115328,1791484167710,1791484167710,
ff378af4-b598-4390-a38c-11898c0e981b,PROVIDER,1200,1,did:web:ssi-dim-wallet-service.identity:BPNL00000003AZQP,f0bcc5ad-44df-44d4-aa20-f9016f890df3,1791484115517,1791484133620,1791484133620,
87ecac31-0037-40b3-b8d1-7cbaa3c6656c,PROVIDER,1200,1,did:web:ssi-dim-wallet-service.identity:BPNL00000003AZQP,4c951499-6050-4248-a39f-1a92c9883024,1791484115734,1791484134110,1791484134110,
cdd567f9-7a44-4145-9a29-b6de89310cfe,PROVIDER,1200,1,did:web:ssi-dim-wallet-service.identity:BPNL00000003AZQP,2c1bb826-ab41-4747-9395-aa3c6ae543ee,1791484116207,1791484169706,1791484169706,
6abc0cc7-8f51-47e8-8f68-3a26021dc2b8,PROVIDER,1200,1,did:web:ssi-dim-wallet-service.identity:BPNL00000003AZQP,a195732f-86c4-40ef-8e6b-51ac5d0462ae,1791484116405,1791484168497,1791484168497,
d8200204-0336-4567-ab67-b6c538853f38,PROVIDER,1200,1,did:web:ssi-dim-wallet-service.identity:BPNL00000003AZQP,d88a9374-2659-447b-8602-1438c1388e96,1791484116735,1791484169808,1791484169808,
8a957926-5157-44bf-92d0-9bffd9106e50,PROVIDER,1200,1,did:web:ssi-dim-wallet-service.identity:BPNL00000003AZQP,2b1a9feb-5582-46f5-84e8-573a5007a8cc,1791484117045,1791484169198,1791484169198,
307fe1d3-69ef-4c3a-98b4-5a649120b868,PROVIDER,1400,1,did:web:ssi-dim-wallet-service.identity:BPNL00000003AZQP,44c96015-4d51-4f8a-8d00-88b929977c8c,1791484117204,1791484172011,1791484172011,"Failed to send finalization to consumer: {""@type"":""ContractNegotiationError"",""code"":""409"",""reason"":[""Entity 03855f4a-1879-469a-93cf-c2953bc0f549 of kind edc_contract_negotiation is currently leased!""],""@context"":[""https://w3id.org/tractusx/auth/v1.0.0"",""https://w3id.org/catenax/2025/9/policy/context"
da0ca0bb-f16c-4e91-bde2-2417d792b9c9,PROVIDER,1200,1,did:web:ssi-dim-wallet-service.identity:BPNL00000003AZQP,84f47630-2249-45d0-b6e2-e393639ac8a0,1791484117433,1791484170324,1791484170324,
779ae9c6-efa4-4096-bfb1-00adc9730c04,PROVIDER,1200,1,did:web:ssi-dim-wallet-service.identity:BPNL00000003AZQP,cfce8c73-9c3c-4efd-ae2c-1a10af85f997,1791484118033,1791484173697,1791484173697,
c4a545f6-2a78-44c3-8188-325e8652545d,PROVIDER,1200,1,did:web:ssi-dim-wallet-service.identity:BPNL00000003AZQP,4ba87e05-dc38-4881-a6fe-2c6c223b9b78,1791484118205,1791484170117,1791484170117,
6c6eedf3-2db0-4bb6-9547-8c60ee4c374c,PROVIDER,1400,1,did:web:ssi-dim-wallet-service.identity:BPNL00000003AZQP,,1791484118307,1791484122983,1791484122983,"Failed to send agreement to consumer: {""@type"":""ContractNegotiationError"",""code"":""409"",""reason"":[""Entity 0b234405-ea25-4afd-b1a6-94665090056a of kind edc_contract_negotiation is currently leased!""],""@context"":[""https://w3id.org/tractusx/auth/v1.0.0"",""https://w3id.org/catenax/2025/9/policy/context.js"
3fb61e40-b736-41d2-8a4d-32dcc2e051de,PROVIDER,1200,1,did:web:ssi-dim-wallet-service.identity:BPNL00000003AZQP,2a0cabe3-585d-45a1-8e18-7fd222a23f3e,1791484118540,1791484170197,1791484170197,
49619535-2e38-4638-a168-a4e456588dab,PROVIDER,1200,1,did:web:ssi-dim-wallet-service.identity:BPNL00000003AZQP,6949c510-4204-46f8-81c3-dceaaf95510c,1791484118647,1791484169623,1791484169623,
a266072b-540a-4cb1-b953-710b35d6b765,PROVIDER,1200,1,did:web:ssi-dim-wallet-service.identity:BPNL00000003AZQP,536f0691-e629-44e0-9754-7f3a8e0961fb,1791484139422,1791484200469,1791484200469,
76ff2a6c-883b-4e4f-8d06-2ba3f9add69f,PROVIDER,1200,1,did:web:ssi-dim-wallet-service.identity:BPNL00000003AZQP,28c5dbba-8b7a-4e15-887d-67f6a98db21f,1791484139642,1791484199305,1791484199305,
ab124f06-e328-4aab-8c46-f28683e9d9ba,PROVIDER,1200,1,did:web:ssi-dim-wallet-service.identity:BPNL00000003AZQP,96e9ec0e-52ee-416c-9e11-4df2f87ce2c5,1791484139830,1791484170897,1791484170897,
5b0b4859-253b-4b54-8b68-807a913101be,PROVIDER,1200,1,did:web:ssi-dim-wallet-service.identity:BPNL00000003AZQP,e7892a33-371d-4d13-aff8-c1b59eeace45,1791484140045,1791484170722,1791484170722,
936b624a-fb24-46c7-ba6e-9c67a4d5900c,PROVIDER,1400,1,did:web:ssi-dim-wallet-service.identity:BPNL00000003AZQP,,1791484140530,1791484145307,1791484145307,"Failed to send agreement to consumer: {""@type"":""ContractNegotiationError"",""code"":""409"",""reason"":[""Entity a84341fd-bcce-4d4c-8c68-5d554ffe48cf of kind edc_contract_negotiation is currently leased!""],""@context"":[""https://w3id.org/tractusx/auth/v1.0.0"",""https://w3id.org/catenax/2025/9/policy/context.js"
42e02f4a-81b1-4b35-a6cd-830043c1a163,PROVIDER,1200,1,did:web:ssi-dim-wallet-service.identity:BPNL00000003AZQP,facdd5eb-bca1-4c7f-a642-8519f6c6380c,1791484140842,1791484170733,1791484170733,
1c964bee-37f0-4ad9-82b0-22cc1344c8d1,PROVIDER,1200,1,did:web:ssi-dim-wallet-service.identity:BPNL00000003AZQP,2ee2d819-2691-4191-823e-af1be8e9436b,1791484141243,1791484202846,1791484202846,
3c750a0c-6796-4b2d-9c5d-73f719d5ea91,PROVIDER,1200,1,did:web:ssi-dim-wallet-service.identity:BPNL00000003AZQP,74a3144d-2df2-4218-bc08-572b20bebf28,1791484142730,1791484200807,1791484200807,
ab059972-a3d7-4dbb-a247-3859b584b4d1,PROVIDER,1200,1,did:web:ssi-dim-wallet-service.identity:BPNL00000003AZQP,6e9bc5c8-f828-45d2-9a51-bfd2b7e77579,1791484143335,1791484204621,1791484204621,
d1ff3dc7-c261-4099-8b30-36bb2ada1585,PROVIDER,1200,1,did:web:ssi-dim-wallet-service.identity:BPNL00000003AZQP,77b0a4e4-67c1-427f-979d-5c289fcb4c59,1791484143447,1791484201427,1791484201427,
5561a23a-db9c-4293-83af-7ff03639f91e,PROVIDER,1200,1,did:web:ssi-dim-wallet-service.identity:BPNL00000003AZQP,1af071aa-2a0b-414c-95e4-15dcc1103593,1791484143934,1791484201138,1791484201138,
bef96b5f-88d0-458b-900b-47e768c5fa10,PROVIDER,1200,1,did:web:ssi-dim-wallet-service.identity:BPNL00000003AZQP,ccf123e7-1837-439b-badf-ceed83f21385,1791484144045,1791484203921,1791484203921,
90a818a6-eb2d-4635-b99b-c4c211646abd,PROVIDER,1200,1,did:web:ssi-dim-wallet-service.identity:BPNL00000003AZQP,74da2fe9-4cfb-44c1-8865-19cbdbce7b78,1791484144434,1791484201668,1791484201668,
87ce7201-e68a-416e-9889-acb6edb8a2a6,PROVIDER,1200,1,did:web:ssi-dim-wallet-service.identity:BPNL00000003AZQP,919da3d6-1d82-4c1d-b408-cc74e01ce352,1791484144504,1791484203333,1791484203333,
e7536f7d-8be2-444e-9fcf-1bc2d15707aa,PROVIDER,1400,1,did:web:ssi-dim-wallet-service.identity:BPNL00000003AZQP,,1791484145042,1791484155497,1791484155497,"Failed to send agreement to consumer: {""@type"":""ContractNegotiationError"",""code"":""409"",""reason"":[""Entity 48a4c376-3ffc-481d-b865-d87dd925ec8e of kind edc_contract_negotiation is currently leased!""],""@context"":[""https://w3id.org/tractusx/auth/v1.0.0"",""https://w3id.org/catenax/2025/9/policy/context.js"
19b79920-bcf7-4b33-bd13-7228991b2681,PROVIDER,1200,1,did:web:ssi-dim-wallet-service.identity:BPNL00000003AZQP,b5c8ec5d-d450-4584-ad88-7604480c0f8a,1791484145104,1791484204110,1791484204110,
5960bf39-740a-4265-8588-82ec9007b635,PROVIDER,1200,1,did:web:ssi-dim-wallet-service.identity:BPNL00000003AZQP,8343747d-a698-47cd-83e9-eee91e306157,1791484145336,1791484205905,1791484205905,
d37381a8-5806-4ee3-a458-a77ff30ca32f,PROVIDER,1200,1,did:web:ssi-dim-wallet-service.identity:BPNL00000003AZQP,2a7eba23-3579-47a4-8956-1cba2aaef6be,1791484145543,1791484205021,1791484205021,
6691b8a3-d8bd-46f6-abd4-796d0cb7d770,PROVIDER,1200,1,did:web:ssi-dim-wallet-service.identity:BPNL00000003AZQP,96a35d7c-17a3-40ca-b102-c420006320f0,1791484146137,1791484204068,1791484204068,
b6932f51-1916-4ced-b148-a0217266db3c,PROVIDER,1200,1,did:web:ssi-dim-wallet-service.identity:BPNL00000003AZQP,b97efdec-9efc-49d9-94a2-d02d9d9b660b,1791484146835,1791484205007,1791484205007,
cad3a8fc-22cd-489f-86c8-14fa502796ec,PROVIDER,1200,1,did:web:ssi-dim-wallet-service.identity:BPNL00000003AZQP,cd135625-b1e3-4d59-b022-b5a377f6c380,1791484182335,1791484217018,1791484217018,
9774cf59-f9e5-45fd-a410-bb284b00abf3,PROVIDER,1200,1,did:web:ssi-dim-wallet-service.identity:BPNL00000003AZQP,00218c49-9c55-4b88-87eb-e6f54cee6c70,1791484182526,1791484217606,1791484217606,
d7a4b940-1037-4009-a59f-7624b2ce23dd,PROVIDER,1400,1,did:web:ssi-dim-wallet-service.identity:BPNL00000003AZQP,d54b835a-59e3-4fdc-b6f2-a1d6632e8288,1791484182742,1791484218823,1791484218823,"Failed to send finalization to consumer: {""@type"":""ContractNegotiationError"",""code"":""409"",""reason"":[""Entity a2899de5-0eb7-4219-9600-ac88c94f07d0 of kind edc_contract_negotiation is currently leased!""],""@context"":[""https://w3id.org/tractusx/auth/v1.0.0"",""https://w3id.org/catenax/2025/9/policy/context"
021d129b-2329-495e-8798-8238562c41d5,PROVIDER,1200,1,did:web:ssi-dim-wallet-service.identity:BPNL00000003AZQP,0334e487-90f6-41c9-9468-4d8aee84fb23,1791484182828,1791484215705,1791484215705,
f4c819d1-2e77-46ba-b67a-66ec2da952f4,PROVIDER,1200,1,did:web:ssi-dim-wallet-service.identity:BPNL00000003AZQP,171f7abc-21ef-4ff6-9555-0b174db084e8,1791484183034,1791484204725,1791484204725,
58e63bac-2a96-4a9b-a031-f763ccbff56d,PROVIDER,1400,1,did:web:ssi-dim-wallet-service.identity:BPNL00000003AZQP,,1791484183342,1791484196536,1791484196536,"Failed to send agreement to consumer: {""@type"":""ContractNegotiationError"",""code"":""409"",""reason"":[""Entity 0dced01a-8c42-4ef1-a66a-06db1281fd9d of kind edc_contract_negotiation is currently leased!""],""@context"":[""https://w3id.org/tractusx/auth/v1.0.0"",""https://w3id.org/catenax/2025/9/policy/context.js"
41599eb4-ed24-406a-84dc-5015841a7670,PROVIDER,1200,1,did:web:ssi-dim-wallet-service.identity:BPNL00000003AZQP,85b3eeb0-4efb-4d10-b80c-c296054b2e40,1791484183345,1791484216597,1791484216597,
973f5974-99df-4e4f-8fdf-91e57b012d19,PROVIDER,1200,1,did:web:ssi-dim-wallet-service.identity:BPNL00000003AZQP,5c0dec4c-c656-4235-a0f5-f23f80d11d6e,1791484190531,1791484218224,1791484218224,
2b989e05-95ea-4dd9-9977-585c8e19a6aa,PROVIDER,1200,1,did:web:ssi-dim-wallet-service.identity:BPNL00000003AZQP,7d6f81dc-5960-4d5f-8c93-be197f2e75f4,1791484190743,1791484219733,1791484219733,
2e398cab-2670-423a-a934-6ed0d6cd48ec,PROVIDER,1200,1,did:web:ssi-dim-wallet-service.identity:BPNL00000003AZQP,07a93a17-bffd-48ba-aea9-0f93ad6c7c32,1791484191240,1791484223270,1791484223270,
451f0961-cdfc-468e-82da-93d7ecf0e354,PROVIDER,1200,1,did:web:ssi-dim-wallet-service.identity:BPNL00000003AZQP,f44373a1-5ce1-40e6-9fa7-4bb49131449d,1791484191804,1791484218506,1791484218506,
3fd6ef23-bf9f-4048-8439-e316638d347f,PROVIDER,1200,1,did:web:ssi-dim-wallet-service.identity:BPNL00000003AZQP,50a16af4-b2fe-4b8d-8582-6d4142c926f3,1791484193045,1791484217807,1791484217807,
459b9a1b-66c8-420f-8b46-38fb6777d22a,PROVIDER,1400,1,did:web:ssi-dim-wallet-service.identity:BPNL00000003AZQP,,1791484193144,1791484199998,1791484199998,"Failed to send agreement to consumer: {""@type"":""ContractNegotiationError"",""code"":""409"",""reason"":[""Entity 21d68d55-1b02-4899-acd5-1c09f3de710d of kind edc_contract_negotiation is currently leased!""],""@context"":[""https://w3id.org/tractusx/auth/v1.0.0"",""https://w3id.org/catenax/2025/9/policy/context.js"
77b1842f-1629-4a65-ba9c-bfebbdb3a426,PROVIDER,1400,1,did:web:ssi-dim-wallet-service.identity:BPNL00000003AZQP,08de7e9f-d3bd-4c20-8734-beadd86ec95d,1791484193245,1791484221106,1791484221106,"Failed to send finalization to consumer: {""@type"":""ContractNegotiationError"",""code"":""409"",""reason"":[""Entity c502d8f5-2ba6-40d3-a75a-7e49e9b9a075 of kind edc_contract_negotiation is currently leased!""],""@context"":[""https://w3id.org/tractusx/auth/v1.0.0"",""https://w3id.org/catenax/2025/9/policy/context"
db7f68fd-49df-4190-8927-0fd193ccb44f,PROVIDER,1200,1,did:web:ssi-dim-wallet-service.identity:BPNL00000003AZQP,92f510ee-c45c-4066-825f-998e2d8b311d,1791484193405,1791484221833,1791484221833,
e3039da4-27d7-4fa7-b2cc-a4372fa615fe,PROVIDER,1400,1,did:web:ssi-dim-wallet-service.identity:BPNL00000003AZQP,,1791484193642,1791484203333,1791484203333,"Failed to send agreement to consumer: {""@type"":""ContractNegotiationError"",""code"":""409"",""reason"":[""Entity e9642615-59b2-4a2e-b75b-b6f7e0e85061 of kind edc_contract_negotiation is currently leased!""],""@context"":[""https://w3id.org/tractusx/auth/v1.0.0"",""https://w3id.org/catenax/2025/9/policy/context.js"
f87600ea-accf-4dc4-b4f1-2bebe931b588,PROVIDER,1200,1,did:web:ssi-dim-wallet-service.identity:BPNL00000003AZQP,0c3c8174-38f6-4ae0-a948-569ea9c78045,1791484193706,1791484220768,1791484220768,
dcc857f8-3d3a-4923-8380-2bd382618002,PROVIDER,1200,1,did:web:ssi-dim-wallet-service.identity:BPNL00000003AZQP,21590389-892e-4321-828d-3d56ae99f0b0,1791484194005,1791484245808,1791484245808,
58ec18b6-ca34-4125-916e-9f8269a0862d,PROVIDER,1400,1,did:web:ssi-dim-wallet-service.identity:BPNL00000003AZQP,29b50b42-9dd5-4a5f-923e-edc7f7b09f57,1791484194006,1791484224505,1791484224505,"Failed to send finalization to consumer: {""@type"":""ContractNegotiationError"",""code"":""409"",""reason"":[""Entity 0076d2e9-49e0-4254-846f-84b37f133f46 of kind edc_contract_negotiation is currently leased!""],""@context"":[""https://w3id.org/tractusx/auth/v1.0.0"",""https://w3id.org/catenax/2025/9/policy/context"
2831d809-4a22-4c59-a832-1f32f93f8665,PROVIDER,1200,1,did:web:ssi-dim-wallet-service.identity:BPNL00000003AZQP,8fb24f4c-5e3d-457b-9391-884c4bf5d3a8,1791484194708,1791484220196,1791484220196,
29178eb3-9e01-4de3-b74b-6a126cbafaca,PROVIDER,1200,1,did:web:ssi-dim-wallet-service.identity:BPNL00000003AZQP,0661b2e3-32d9-4a5d-81ae-8485bbb08b5f,1791484204347,1791484249109,1791484249109,
6fb82197-a32d-4cc4-87b2-cd9e38c41d5f,PROVIDER,1200,1,did:web:ssi-dim-wallet-service.identity:BPNL00000003AZQP,b2270965-3923-41a4-8f50-163b4ad07258,1791484204641,1791484246306,1791484246306,
84d915e3-e04a-4cc2-abf7-3ef27b2a357b,PROVIDER,1200,1,did:web:ssi-dim-wallet-service.identity:BPNL00000003AZQP,6e17b0c4-2112-47c4-a376-8858ca5ed314,1791484204704,1791484251507,1791484251507,
818e09d7-6016-463c-a034-976eeb4fc2f1,PROVIDER,1200,1,did:web:ssi-dim-wallet-service.identity:BPNL00000003AZQP,a271fd9d-69ae-45e6-ad39-7ac2e9d4697c,1791484205135,1791484244623,1791484244623,
a3bcbf8b-725e-4b43-be96-9220aa7f6eb7,PROVIDER,1200,1,did:web:ssi-dim-wallet-service.identity:BPNL00000003AZQP,1d9a0bfa-08ab-44fd-a7e1-d9306a5fc087,1791484205234,1791484248768,1791484248768,
f8eb36b3-1935-4ebe-a88b-3bfd0eb807ba,PROVIDER,1200,1,did:web:ssi-dim-wallet-service.identity:BPNL00000003AZQP,1ec1e372-ecab-4e39-b26c-35f1cd97db72,1791484205936,1791484244605,1791484244605,
a9cfcda5-cbb5-4302-af73-067ad5a368a0,PROVIDER,1400,1,did:web:ssi-dim-wallet-service.identity:BPNL00000003AZQP,558afd65-6244-47da-bf65-885fb7380910,1791484206034,1791484250197,1791484250197,"Failed to send finalization to consumer: {""@type"":""ContractNegotiationError"",""code"":""409"",""reason"":[""Entity 54832add-038d-4e86-906c-f8ffde162ee1 of kind edc_contract_negotiation is currently leased!""],""@context"":[""https://w3id.org/tractusx/auth/v1.0.0"",""https://w3id.org/catenax/2025/9/policy/context"
c3243ab7-3986-4fdd-94a5-cbc46bfb948b,PROVIDER,1200,1,did:web:ssi-dim-wallet-service.identity:BPNL00000003AZQP,a473d162-0dbf-4841-8d43-b015742b0796,1791484206204,1791484248806,1791484248806,
1abb841f-5ead-44af-9f0b-2e62505c1254,PROVIDER,1200,1,did:web:ssi-dim-wallet-service.identity:BPNL00000003AZQP,6f3206b9-b60d-445b-89e9-eec47758afa6,1791484206635,1791484248219,1791484248219,
9e7cb4b8-d29e-4a3e-8975-dc194b89cf55,PROVIDER,1200,1,did:web:ssi-dim-wallet-service.identity:BPNL00000003AZQP,8df00370-e80f-461e-a647-aee63029e56a,1791484206734,1791484248911,1791484248911,
95b5edf8-8925-4ad1-8658-dd8438dcd45e,PROVIDER,1200,1,did:web:ssi-dim-wallet-service.identity:BPNL00000003AZQP,a8115a8d-f957-4e14-923c-14dd976a7a92,1791484207104,1791484253083,1791484253083,
f1638666-db7e-486e-920c-8aeec57dab2c,PROVIDER,1200,1,did:web:ssi-dim-wallet-service.identity:BPNL00000003AZQP,c8128fe2-6049-472e-8e45-474b1b2d7240,1791484207534,1791484253835,1791484253835,
9a917f3e-7aef-438a-a8e8-bc81243a3327,PROVIDER,1400,1,did:web:ssi-dim-wallet-service.identity:BPNL00000003AZQP,,1791484208104,1791484215805,1791484215805,"Failed to send agreement to consumer: {""@type"":""ContractNegotiationError"",""code"":""409"",""reason"":[""Entity a5ac43aa-bdcd-430d-a745-9a4fede2ad57 of kind edc_contract_negotiation is currently leased!""],""@context"":[""https://w3id.org/tractusx/auth/v1.0.0"",""https://w3id.org/catenax/2025/9/policy/context.js"
581d8f03-1124-469a-8231-7373bc91f7d7,PROVIDER,1200,1,did:web:ssi-dim-wallet-service.identity:BPNL00000003AZQP,f5f2a8cb-73aa-48a4-a710-cd67db293ff1,1791484208534,1791484250715,1791484250715,
b1fe306f-4ec6-48c5-a342-0a567bebd074,PROVIDER,1200,1,did:web:ssi-dim-wallet-service.identity:BPNL00000003AZQP,855bd3b3-d59d-4ee7-a75f-2c12640ea0d1,1791484209404,1791484250306,1791484250306,
61c04b4e-b15c-4ef1-a389-0a998a0982e3,PROVIDER,1400,1,did:web:ssi-dim-wallet-service.identity:BPNL00000003AZQP,f01ff20c-d2dd-434c-83ca-3c4aa23f7146,1791484209505,1791484254376,1791484254376,"Failed to send finalization to consumer: {""@type"":""ContractNegotiationError"",""code"":""409"",""reason"":[""Entity 3f598c94-3c1a-4a56-a08f-b091ba804757 of kind edc_contract_negotiation is currently leased!""],""@context"":[""https://w3id.org/tractusx/auth/v1.0.0"",""https://w3id.org/catenax/2025/9/policy/context"
716ef7ee-e325-4ae5-bfd5-921973712108,PROVIDER,1200,1,did:web:ssi-dim-wallet-service.identity:BPNL00000003AZQP,1123e156-b226-4004-80dc-e4133ae9b115,1791484209645,1791484254368,1791484254368,
d1895499-bde1-4c53-84a1-b3d050dd2ba2,PROVIDER,1200,1,did:web:ssi-dim-wallet-service.identity:BPNL00000003AZQP,264a2ba9-9e8b-4b79-bb79-c15cda43812d,1791484209840,1791484252945,1791484252945,
a2a8179a-3944-464f-9209-adadbf61f76f,PROVIDER,1200,1,did:web:ssi-dim-wallet-service.identity:BPNL00000003AZQP,5642393f-0755-4b79-80e1-0ea7b1a1ed72,1791484209842,1791484253406,1791484253406,
4c682941-e1ed-41f6-bb6a-8271127f6815,PROVIDER,1200,1,did:web:ssi-dim-wallet-service.identity:BPNL00000003AZQP,5c7403b4-c1ea-4b87-bdb5-691f8869d80b,1791484210034,1791484252308,1791484252308,
96e6e7be-a1ff-4d89-b799-7f8890dd7232,PROVIDER,1200,1,did:web:ssi-dim-wallet-service.identity:BPNL00000003AZQP,4fb72cda-0d5c-4ff7-b0c5-e5caf9e2c868,1791484227535,1791484271813,1791484271813,
b28088c0-9c8b-4f9e-b773-807c73b5f11b,PROVIDER,1400,1,did:web:ssi-dim-wallet-service.identity:BPNL00000003AZQP,c27481c8-9fcf-4443-a38c-15733a4601c5,1791484227704,1791484274912,1791484274912,"Failed to send termination to counter party: {""@type"":""ContractNegotiationError"",""code"":""409"",""reason"":[""Entity 6e71d1df-2d2f-4c27-8b0d-84e9d8a9dc91 of kind edc_contract_negotiation is currently leased!""],""@context"":[""https://w3id.org/tractusx/auth/v1.0.0"",""https://w3id.org/catenax/2025/9/policy/con"
1b03b60e-af1a-41fd-924d-bc8b88643f2e,PROVIDER,1200,1,did:web:ssi-dim-wallet-service.identity:BPNL00000003AZQP,e67bfe5b-2e2b-475f-ab3e-4544955f9abc,1791484227945,1791484273398,1791484273398,
66879936-5619-4d3a-9afa-c8b550ae3f3c,PROVIDER,1200,1,did:web:ssi-dim-wallet-service.identity:BPNL00000003AZQP,bf8ddbb6-8d28-4417-a5c0-8c12cb33c738,1791484228239,1791484272221,1791484272221,
4bd1e3cf-eff6-47f8-9363-1af7070c0530,PROVIDER,1400,1,did:web:ssi-dim-wallet-service.identity:BPNL00000003AZQP,7aa532b8-04dd-4481-817c-03e331334187,1791484228326,1791484275397,1791484275397,"Failed to send termination to counter party: {""@type"":""ContractNegotiationError"",""code"":""409"",""reason"":[""Entity 057befe2-1c8d-4831-a581-e2a4fe84da80 of kind edc_contract_negotiation is currently leased!""],""@context"":[""https://w3id.org/tractusx/auth/v1.0.0"",""https://w3id.org/catenax/2025/9/policy/con"
4a8ebe54-78eb-4d88-9123-aaffe62db2c1,PROVIDER,1400,1,did:web:ssi-dim-wallet-service.identity:BPNL00000003AZQP,,1791484228642,1791484234019,1791484234019,"Failed to send agreement to consumer: {""@type"":""ContractNegotiationError"",""code"":""409"",""reason"":[""Entity fc39adb6-e242-424d-bf63-ec638c23eb87 of kind edc_contract_negotiation is currently leased!""],""@context"":[""https://w3id.org/tractusx/auth/v1.0.0"",""https://w3id.org/catenax/2025/9/policy/context.js"
47c2ac17-0f89-4078-9c0d-c8c93d33efdf,PROVIDER,1200,1,did:web:ssi-dim-wallet-service.identity:BPNL00000003AZQP,ec592231-c78a-4fe0-8d78-26eb9440f9af,1791484229109,1791484291179,1791484291179,
f84e777e-ddfc-41f1-9fe5-f3cdb167286d,PROVIDER,1200,1,did:web:ssi-dim-wallet-service.identity:BPNL00000003AZQP,6e0398ba-cd66-4b8b-ba5a-ebe49de3321b,1791484229640,1791484272797,1791484272797,
9a48d4b1-0ac1-4da0-a42d-61cfff1bae79,PROVIDER,1200,1,did:web:ssi-dim-wallet-service.identity:BPNL00000003AZQP,840c0d43-f225-4af1-a6bb-4581b4fdaa7e,1791484229904,1791484291533,1791484291533,
6f351b1d-4525-4bd3-ade6-ce89e5b41934,PROVIDER,1200,1,did:web:ssi-dim-wallet-service.identity:BPNL00000003AZQP,48bb00cc-20ca-4083-9530-a1d2912676f8,1791484229942,1791484291733,1791484291733,
f08a79fb-ef4b-4d81-87ff-4c42f01d9054,PROVIDER,1200,1,did:web:ssi-dim-wallet-service.identity:BPNL00000003AZQP,53db0c75-2ce9-4349-a521-d05e74ef257c,1791484230134,1791484292540,1791484292540,
bc1f2317-493c-4fd2-837c-0d5816ab8ada,PROVIDER,1200,1,did:web:ssi-dim-wallet-service.identity:BPNL00000003AZQP,a4d2d25b-5bb4-4429-996c-a266f11371c0,1791484230344,1791484292219,1791484292219,
aee2f0ec-f1f7-4c68-ae24-b5bd3d7a8efe,PROVIDER,1200,1,did:web:ssi-dim-wallet-service.identity:BPNL00000003AZQP,93eaa194-8d7e-4820-a9e0-5fd48ec89647,1791484230642,1791484292578,1791484292578,
521aba4b-7fd0-49dd-a3be-8df307f2cb67,PROVIDER,1200,1,did:web:ssi-dim-wallet-service.identity:BPNL00000003AZQP,d27cc863-dc59-4997-99b4-fe3da99610f0,1791484230944,1791484293268,1791484293268,
7eea3ccf-e3ed-49e4-a5b4-a6d21ca2f4a7,PROVIDER,1200,1,did:web:ssi-dim-wallet-service.identity:BPNL00000003AZQP,dd29b600-fc7d-4607-a4ea-84cb792bff4b,1791484231043,1791484292568,1791484292568,
c19c414a-21a7-492b-adcc-e3de79025a71,PROVIDER,1200,1,did:web:ssi-dim-wallet-service.identity:BPNL00000003AZQP,834aa8b0-8028-43ea-bc17-ba06f95c63f9,1791484231339,1791484292133,1791484292133,
19211d99-265d-4856-b22f-af7e362c557f,PROVIDER,1200,1,did:web:ssi-dim-wallet-service.identity:BPNL00000003AZQP,61b7a0db-518a-4044-9683-f1832acf086c,1791484231442,1791484292868,1791484292868,
79f75b79-d33b-4e7b-8168-46ccb93b3e05,PROVIDER,1200,1,did:web:ssi-dim-wallet-service.identity:BPNL00000003AZQP,2e3aeb88-5bf5-4e43-aa55-c4f8348383bb,1791484231804,1791484293068,1791484293068,
b82f8887-8b45-45ca-a856-9ac316da08fe,PROVIDER,1200,1,did:web:ssi-dim-wallet-service.identity:BPNL00000003AZQP,8ac29b90-f1a2-46c2-b11c-0f169fd7ef42,1791484232343,1791484293574,1791484293574,
8abdcd2a-7b7b-4519-8a75-4851143b6562,PROVIDER,1200,1,did:web:ssi-dim-wallet-service.identity:BPNL00000003AZQP,491c60d8-c1f2-4bf8-8069-f2339e9307a2,1791484233046,1791484293074,1791484293074,
372f7908-0b7a-4a84-a915-84ba76b04b92,PROVIDER,1400,1,did:web:ssi-dim-wallet-service.identity:BPNL00000003AZQP,,1791484260241,1791484278713,1791484278713,"Failed to send termination to counter party: {""@type"":""ContractNegotiationError"",""code"":""409"",""reason"":[""Entity 1428f448-deaf-4796-b0d9-5a4d1821dfc9 of kind edc_contract_negotiation is currently leased!""],""@context"":[""https://w3id.org/tractusx/auth/v1.0.0"",""https://w3id.org/catenax/2025/9/policy/con"
d519b99f-c78f-439b-94b6-f9847dbe67d1,PROVIDER,1200,1,did:web:ssi-dim-wallet-service.identity:BPNL00000003AZQP,e351459b-2064-40e1-a72e-9d31614fd274,1791484260505,1791484302106,1791484302106,
07e9f0e0-04aa-4dee-8a38-b1ed90dea42a,PROVIDER,1200,1,did:web:ssi-dim-wallet-service.identity:BPNL00000003AZQP,f2f09f00-9a3c-432f-bb27-f61ba3013e61,1791484260804,1791484293436,1791484293436,
1d95bee8-8452-45f0-b465-dbaa65e25d8b,PROVIDER,1200,1,did:web:ssi-dim-wallet-service.identity:BPNL00000003AZQP,fe81fb98-ab8b-4299-8b7d-1b73b6fb6b16,1791484260842,1791484308436,1791484308436,
6a0e604b-eba8-4b16-bf14-4a871390425b,PROVIDER,1200,1,did:web:ssi-dim-wallet-service.identity:BPNL00000003AZQP,be6b1158-8119-4a7f-9da4-56eb783a628d,1791484261141,1791484308077,1791484308077,
5c6ed9b4-951e-48ab-a5cb-a00ec6b905e7,PROVIDER,1200,1,did:web:ssi-dim-wallet-service.identity:BPNL00000003AZQP,620face4-855f-4281-8cd1-231afa3ffc65,1791484261342,1791484302115,1791484302115,
169c425a-a13a-410b-8fb4-52b44ced2538,PROVIDER,1200,1,did:web:ssi-dim-wallet-service.identity:BPNL00000003AZQP,c61cdcf2-4555-48c4-a315-8d789063ae4b,1791484261445,1791484302068,1791484302068,
09064169-5517-4a14-bde0-7b174d2f0771,PROVIDER,1200,1,did:web:ssi-dim-wallet-service.identity:BPNL00000003AZQP,6e79e89f-1d97-471b-b853-02dc858c5d9a,1791484261544,1791484302433,1791484302433,
4ceb5942-da06-4a9d-814f-fcf272d03d21,PROVIDER,1200,1,did:web:ssi-dim-wallet-service.identity:BPNL00000003AZQP,7ac82fc7-7d44-46c9-bedd-4f075482cfbd,1791484261842,1791484302434,1791484302434,
91400186-19b2-4c0e-9f3e-3532f781ed42,PROVIDER,1400,1,did:web:ssi-dim-wallet-service.identity:BPNL00000003AZQP,,1791484261912,1791484269308,1791484269308,"Failed to send termination to counter party: {""@type"":""ContractNegotiationError"",""code"":""409"",""reason"":[""Entity 558d47f1-5b39-4b8a-baac-0707d78b1b55 of kind edc_contract_negotiation is currently leased!""],""@context"":[""https://w3id.org/tractusx/auth/v1.0.0"",""https://w3id.org/catenax/2025/9/policy/con"
ecdcb650-f963-44b1-adea-c4d6a30249c6,PROVIDER,1200,1,did:web:ssi-dim-wallet-service.identity:BPNL00000003AZQP,22a0d2a0-149e-4ed8-a186-a85e8e66046f,1791484262043,1791484302705,1791484302705,
14c65115-5f05-4af2-baed-426957d51646,PROVIDER,1200,1,did:web:ssi-dim-wallet-service.identity:BPNL00000003AZQP,d8e5c295-06dd-4c32-9f80-ead0a2709ef4,1791484262326,1791484308175,1791484308175,
793b31ce-8288-4710-a9fb-49e1e5a6e8ca,PROVIDER,1200,1,did:web:ssi-dim-wallet-service.identity:BPNL00000003AZQP,efc9953f-1df4-4cd1-81a4-b98950ddb06c,1791484262450,1791484302706,1791484302706,
6d9b288e-2d26-47df-b9ef-61705296df4b,PROVIDER,1200,1,did:web:ssi-dim-wallet-service.identity:BPNL00000003AZQP,c6dd6262-7a6d-490d-98c9-b4d8821d078f,1791484262648,1791484303206,1791484303206,
727d68eb-797a-40fb-813f-ca1f02aaad70,PROVIDER,1200,1,did:web:ssi-dim-wallet-service.identity:BPNL00000003AZQP,f0a9da74-6b94-41d8-8388-bacc9d026634,1791484263007,1791484303436,1791484303436,
9fb7a456-7af6-47b4-9d10-28c9b31db964,PROVIDER,1200,1,did:web:ssi-dim-wallet-service.identity:BPNL00000003AZQP,959dcac5-65da-4031-b6f9-c5f2aca17d1b,1791484263634,1791484302613,1791484302613,
1fca14f3-8c28-4c61-b857-028107eaebcb,PROVIDER,1200,1,did:web:ssi-dim-wallet-service.identity:BPNL00000003AZQP,4b4d83bc-94b7-46c0-aeab-45b3cdc6871d,1791484263734,1791484303399,1791484303399,
0eba750d-ea4e-4004-bb89-549d0cf61624,PROVIDER,1200,1,did:web:ssi-dim-wallet-service.identity:BPNL00000003AZQP,55583747-bce2-4ffc-98c6-6ffc3d29ce18,1791484263942,1791484303305,1791484303305,
9d1775a4-2b01-4223-b7b5-42fe35c3d517,PROVIDER,1200,1,did:web:ssi-dim-wallet-service.identity:BPNL00000003AZQP,faf3b581-e5ba-49a4-8bcf-93ac7393980e,1791484264215,1791484303479,1791484303479,
920444c6-0a74-4738-8e71-7cc05921fa58,PROVIDER,1200,1,did:web:ssi-dim-wallet-service.identity:BPNL00000003AZQP,7830709a-b48a-4c05-9129-cac50f85c429,1791484264242,1791484303504,1791484303504,
e80074ba-8198-4123-a66f-84bae4fb2ae9,PROVIDER,1200,1,did:web:ssi-dim-wallet-service.identity:BPNL00000003AZQP,6c316826-b6f6-48e4-a15d-02a2db67d47b,1791484293812,1791484320133,1791484320133,
e41faa3a-96de-4035-9a76-d87bf1364ba4,PROVIDER,1200,1,did:web:ssi-dim-wallet-service.identity:BPNL00000003AZQP,c3d515a0-2495-4382-a801-82967c3645c2,1791484293909,1791484320234,1791484320234,
22cac991-9770-481d-97c1-eecfc76cf799,PROVIDER,1200,1,did:web:ssi-dim-wallet-service.identity:BPNL00000003AZQP,10bc16b0-7cf7-4081-b1fd-5373881409f9,1791484293947,1791484320333,1791484320333,
31342855-d1c0-482d-b14e-9fa67b6fc444,PROVIDER,1200,1,did:web:ssi-dim-wallet-service.identity:BPNL00000003AZQP,27b8eafe-7f73-47be-993f-25963939eeef,1791484294005,1791484320233,1791484320233,
9b1265d3-e8e5-4b84-8065-6ea2c7775498,PROVIDER,1200,1,did:web:ssi-dim-wallet-service.identity:BPNL00000003AZQP,cda52d87-15d5-41f9-a7c6-18a070197762,1791484294324,1791484320241,1791484320241,
6bcd9841-62af-4b8d-981a-d7813975ed13,PROVIDER,1200,1,did:web:ssi-dim-wallet-service.identity:BPNL00000003AZQP,1571a550-45f0-4d49-bca8-c6241bd7fa8f,1791484294535,1791484320665,1791484320665,
deb5cfe0-0782-4afe-818e-7de0711da1af,PROVIDER,1200,1,did:web:ssi-dim-wallet-service.identity:BPNL00000003AZQP,7d9ec858-9544-40b7-bf5e-d23403ed3732,1791484294545,1791484327056,1791484327056,
ba89f82a-04d9-4e83-9bba-6616523e8f89,PROVIDER,1200,1,did:web:ssi-dim-wallet-service.identity:BPNL00000003AZQP,d24f5b13-0206-40b6-b35f-2183faeadd35,1791484294547,1791484327268,1791484327268,
f3c2740f-e328-451c-bc61-5ed71883e5a1,PROVIDER,1200,1,did:web:ssi-dim-wallet-service.identity:BPNL00000003AZQP,e7cd6d05-ee43-4356-8c3d-3175305264a6,1791484294604,1791484327375,1791484327375,
6b4656c5-cfcb-4dc8-a81f-75da566f68cb,PROVIDER,1200,1,did:web:ssi-dim-wallet-service.identity:BPNL00000003AZQP,c1631a9b-8dcb-4e62-a635-4fb94736d3f5,1791484294644,1791484327369,1791484327369,
2a5bcc23-a1e1-40b7-ac63-8f864905bb54,PROVIDER,1200,1,did:web:ssi-dim-wallet-service.identity:BPNL00000003AZQP,3af3a007-93a6-4789-8f05-fd28140f96fd,1791484294646,1791484327452,1791484327452,
37c29764-728d-4a5d-9b39-cff83650cc1c,PROVIDER,1200,1,did:web:ssi-dim-wallet-service.identity:BPNL00000003AZQP,8a359a86-388f-42d3-bbbf-9ffc21d8c758,1791484294748,1791484327649,1791484327649,
bfe81454-b3fc-4ce5-9dab-7bfebd76d259,PROVIDER,1200,1,did:web:ssi-dim-wallet-service.identity:BPNL00000003AZQP,bc9a35ea-7880-4d6f-8203-d0d6f53fab48,1791484294751,1791484327654,1791484327654,
180fac6a-9df7-49c5-8717-80575b346832,PROVIDER,1200,1,did:web:ssi-dim-wallet-service.identity:BPNL00000003AZQP,c1293c11-20f9-4b9d-aacd-c71bf301340d,1791484294804,1791484327775,1791484327775,
0eb108ad-b73f-4c52-a124-3333dcacec2e,PROVIDER,1200,1,did:web:ssi-dim-wallet-service.identity:BPNL00000003AZQP,5895cb1d-60d2-4064-9de7-a9a16eff5d72,1791484295134,1791484334634,1791484334634,
972713e7-49d9-4469-ae95-6d9b7187f485,PROVIDER,1200,1,did:web:ssi-dim-wallet-service.identity:BPNL00000003AZQP,e75e5432-c96f-40a7-93ec-125617dd8ba7,1791484295309,1791484334642,1791484334642,
83cec679-0748-4620-aee8-0d57f7f9f7ab,PROVIDER,1200,1,did:web:ssi-dim-wallet-service.identity:BPNL00000003AZQP,022ec297-32cf-451c-9f57-4f9dad50d42d,1791484295334,1791484335068,1791484335068,
6213c3e9-0ef5-4524-8131-fecffa79a44a,PROVIDER,1200,1,did:web:ssi-dim-wallet-service.identity:BPNL00000003AZQP,e9efdf2b-d1ca-4ece-89d3-1cf450c486e2,1791484295343,1791484335335,1791484335335,
fa746c25-c301-44fe-80f4-189ef86eb0d6,PROVIDER,1200,1,did:web:ssi-dim-wallet-service.identity:BPNL00000003AZQP,a113c883-53c8-438a-b5dc-4d35db1d0eb5,1791484295542,1791484334653,1791484334653,
8335266e-e52b-4168-84e4-602ecf81f404,PROVIDER,1200,1,did:web:ssi-dim-wallet-service.identity:BPNL00000003AZQP,cc0a7cb8-3915-402f-b65a-7b184e577dad,1791484295644,1791484335322,1791484335322,
740dbfea-cef7-4136-a2fc-6efd5fd99efb,PROVIDER,1200,1,did:web:ssi-dim-wallet-service.identity:BPNL00000003AZQP,e9a5419d-8a69-469b-a2c2-27ce59bd2b30,1791484298635,1791484334968,1791484334968,
44e13d7b-6dbe-4cf9-ba87-48bdb4d07717,PROVIDER,1200,1,did:web:ssi-dim-wallet-service.identity:BPNL00000003AZQP,0977900e-b78e-48ac-b16f-a8a08cfd7063,1791484298735,1791484335470,1791484335470,
4551d123-0a3e-4e67-bd08-dc8e87088bc6,PROVIDER,1200,1,did:web:ssi-dim-wallet-service.identity:BPNL00000003AZQP,13f8a73a-f127-426e-b0d1-de5b2b288224,1791484298936,1791484335097,1791484335097,
b0010450-0506-47e3-abf5-e881695fc5d2,PROVIDER,1200,1,did:web:ssi-dim-wallet-service.identity:BPNL00000003AZQP,b1e9fb9a-e914-447a-b12f-4d4c1bcd02a1,1791484298948,1791484336179,1791484336179,
b508c9db-fff1-457f-a673-f34344594d0b,PROVIDER,1200,1,did:web:ssi-dim-wallet-service.identity:BPNL00000003AZQP,6ca17186-1f91-4f4e-8228-03842f38e02f,1791484299106,1791484336281,1791484336281,
2f586152-6985-4f4c-ab2c-9421be9e4f91,PROVIDER,1200,1,did:web:ssi-dim-wallet-service.identity:BPNL00000003AZQP,63056a7a-58a2-4145-806f-1b2ca79c1734,1791484299134,1791484335674,1791484335674,
957875ea-c106-4173-aa05-9d84810a7e85,PROVIDER,1200,1,did:web:ssi-dim-wallet-service.identity:BPNL00000003AZQP,28c00e51-cea7-49da-b6c9-56dfd417c7cc,1791484299541,1791484335668,1791484335668,
12dd007b-8efc-48ab-bc39-012aa065451a,PROVIDER,1200,1,did:web:ssi-dim-wallet-service.identity:BPNL00000003AZQP,716d03f3-afd6-4868-a859-05d4b03c3360,1791484299544,1791484343633,1791484343633,
b23c00a5-d57b-4158-ae0d-55747fa465de,PROVIDER,1200,1,did:web:ssi-dim-wallet-service.identity:BPNL00000003AZQP,5c77bbe9-949c-489b-87d0-a185185bc6c5,1791484299643,1791484335881,1791484335881,
15f5b0f7-2251-4385-9b63-87eaf6dc44dc,PROVIDER,1200,1,did:web:ssi-dim-wallet-service.identity:BPNL00000003AZQP,43b2a104-eb22-45c3-bdbd-d731ab95deb1,1791484299837,1791484344133,1791484344133,
f79a7f8e-b851-42c8-a8c6-2f3306aa8da2,PROVIDER,1200,1,did:web:ssi-dim-wallet-service.identity:BPNL00000003AZQP,dda01c57-a5fd-4fdd-8fcf-d6b98583ebea,1791484299942,1791484343581,1791484343581,
2b0bc691-aad5-4c47-91e4-221c7781462c,PROVIDER,1200,1,did:web:ssi-dim-wallet-service.identity:BPNL00000003AZQP,ab26d541-92cd-40fe-9c50-3dd69a751855,1791484300011,1791484343933,1791484343933,
2bbb5eee-09a2-440a-ad47-0ec56d1851b9,PROVIDER,1200,1,did:web:ssi-dim-wallet-service.identity:BPNL00000003AZQP,e19477b4-4176-4ede-8f63-d1f6fc750b8c,1791484300034,1791484344133,1791484344133,
0e116471-401a-4e7a-8606-c125edabe08b,PROVIDER,1200,1,did:web:ssi-dim-wallet-service.identity:BPNL00000003AZQP,8e47e4a2-0368-4217-a82d-26d458b6ae80,1791484300241,1791484344133,1791484344133,
020f58c8-1038-4092-ad1a-988be81899e4,PROVIDER,1200,1,did:web:ssi-dim-wallet-service.identity:BPNL00000003AZQP,d04470f1-7c8e-4e88-994a-634f7a57cb39,1791484300245,1791484344586,1791484344586,
9f8e4413-41a1-40f9-9446-5a097ba095fe,PROVIDER,1200,1,did:web:ssi-dim-wallet-service.identity:BPNL00000003AZQP,eef7c471-dc85-4dcf-9f70-61c464810f6c,1791484300245,1791484344279,1791484344279,
fe08bfd0-555e-45be-83bd-9c6d23914443,PROVIDER,1200,1,did:web:ssi-dim-wallet-service.identity:BPNL00000003AZQP,294ff651-2547-47b4-b016-d050b5d80f14,1791484300339,1791484344834,1791484344834,
d19a16d9-7e17-491d-9715-3cc969a8cf11,PROVIDER,1200,1,did:web:ssi-dim-wallet-service.identity:BPNL00000003AZQP,336256a7-47e4-41fd-86ee-469c3086baad,1791484300705,1791484344735,1791484344735,
cd6d6870-ff78-4931-88fc-8977dc1f3bd7,PROVIDER,1200,1,did:web:ssi-dim-wallet-service.identity:BPNL00000003AZQP,6fb52c03-c5f4-4cc8-9296-10c31755b220,1791484300705,1791484344568,1791484344568,
206c3773-4973-4a5f-b653-ac1b7651e8b6,PROVIDER,1200,1,did:web:ssi-dim-wallet-service.identity:BPNL00000003AZQP,8d3c078a-ff50-44c1-8ae3-834ffb5f2e77,1791484300837,1791484344683,1791484344683,
a90406a3-68fa-4143-9086-091337930a5c,PROVIDER,1200,1,did:web:ssi-dim-wallet-service.identity:BPNL00000003AZQP,3bf35562-c584-40fa-9b61-84aa70de1ec8,1791484301335,1791484344885,1791484344885,
b1f8aa4d-1306-478b-9034-bcf542611259,PROVIDER,1200,1,did:web:ssi-dim-wallet-service.identity:BPNL00000003AZQP,bc3a682b-60ef-43b6-a0dc-895a1a953e67,1791484301342,1791484344934,1791484344934,
d0a0f6de-ad5d-45c0-9f71-3e64f44e606b,PROVIDER,1200,1,did:web:ssi-dim-wallet-service.identity:BPNL00000003AZQP,f4e9217e-6c08-4251-be41-0493f26c59f2,1791484301343,1791484345376,1791484345376,
cdd7de81-8f43-4a60-8a4a-fac60ac0ce94,PROVIDER,1200,1,did:web:ssi-dim-wallet-service.identity:BPNL00000003AZQP,f0701657-3e85-4cee-b995-d68852c6f323,1791484301419,1791484345066,1791484345066,
ca003e9b-4b28-4261-810b-7da04f7173a7,PROVIDER,1200,1,did:web:ssi-dim-wallet-service.identity:BPNL00000003AZQP,26374627-e9c8-4f01-bcb8-68b7ce6ef69f,1791484301434,1791484344977,1791484344977,
cf5a3753-dd7f-4219-ae7b-3f5c55869bd6,PROVIDER,1200,1,did:web:ssi-dim-wallet-service.identity:BPNL00000003AZQP,7ccd2b07-677f-41e0-a081-44d613d8048b,1791484301443,1791484345337,1791484345337,
2d251c7f-41a1-4a5e-996e-e30151c7c106,PROVIDER,1200,1,did:web:ssi-dim-wallet-service.identity:BPNL00000003AZQP,2e3d4b5e-4769-40f9-a06e-728469235589,1791484301456,1791484345034,1791484345034,
889f2e71-f163-43f2-924b-9ff615255575,PROVIDER,1200,1,did:web:ssi-dim-wallet-service.identity:BPNL00000003AZQP,1dde70fe-db65-44aa-a2dc-df7e750b4ac6,1791484301605,1791484345361,1791484345361,
1f6dd391-ca95-43f6-8dc3-5bb3120b3e61,PROVIDER,1200,1,did:web:ssi-dim-wallet-service.identity:BPNL00000003AZQP,37bf96fc-a3e8-4bc0-b988-4da0c6003f1e,1791484301617,1791484352568,1791484352568,
43a579df-c140-4723-9dc9-6000b0b0b070,PROVIDER,1200,1,did:web:ssi-dim-wallet-service.identity:BPNL00000003AZQP,bf0f3841-5722-46f6-9228-e7cf01edb32e,1791484301633,1791484352568,1791484352568,
dd5f1829-9576-4449-837b-19f241d71ebf,PROVIDER,1200,1,did:web:ssi-dim-wallet-service.identity:BPNL00000003AZQP,1603a0c4-8c58-4088-84a6-6455b1c56570,1791484301941,1791484352669,1791484352669,
47573ffa-de2b-49a2-b9ad-9a868b9d1401,PROVIDER,1200,1,did:web:ssi-dim-wallet-service.identity:BPNL00000003AZQP,5270089a-5338-40a4-8776-a6589771e00c,1791484301966,1791484352568,1791484352568,
0f2056a9-4d53-4bcc-ae93-438f07267fd4,PROVIDER,1200,1,did:web:ssi-dim-wallet-service.identity:BPNL00000003AZQP,15f4bd60-e4cd-477c-b760-6cd52087103d,1791484302306,1791484353082,1791484353082,
9d0e5fac-f83f-4afa-8a5c-429b535f7a62,PROVIDER,1200,1,did:web:ssi-dim-wallet-service.identity:BPNL00000003AZQP,59ff0841-d293-4b34-a48c-47cff353def7,1791484302644,1791484352868,1791484352868,
86cddf04-c442-482b-a7ac-a7492bd73308,PROVIDER,1200,1,did:web:ssi-dim-wallet-service.identity:BPNL00000003AZQP,06a47702-5051-43d2-917b-571b8767e1fb,1791484302645,1791484353343,1791484353343,
19d77cce-4393-4cef-8e8b-448ec066be7d,PROVIDER,1200,1,did:web:ssi-dim-wallet-service.identity:BPNL00000003AZQP,a3873fb4-089c-4d9a-ab49-d2d8c04a8082,1791484302645,1791484353435,1791484353435,
84b888a7-df51-4940-91eb-038bbd590b58,PROVIDER,1200,1,did:web:ssi-dim-wallet-service.identity:BPNL00000003AZQP,52373438-f027-46bc-b20f-4a620d09c10e,1791484303005,1791484353169,1791484353169,
7f21cae3-eaff-4b5c-851e-b89e8e75ac17,PROVIDER,1200,1,did:web:ssi-dim-wallet-service.identity:BPNL00000003AZQP,88d57a4d-5346-4e94-9c75-7406a82e6fc4,1791484303037,1791484353235,1791484353235,
851c8e4e-36f8-4d94-abb6-20d512038dcb,PROVIDER,1200,1,did:web:ssi-dim-wallet-service.identity:BPNL00000003AZQP,01ab2a8a-558a-42b4-83f2-6e2e10732d2c,1791484303137,1791484353768,1791484353768,
42d6bab9-012c-4aaa-a71b-e120c0ea174f,PROVIDER,1200,1,did:web:ssi-dim-wallet-service.identity:BPNL00000003AZQP,0e979012-1dc3-4f16-abe0-d41f027e2044,1791484303239,1791484353674,1791484353674,
08561344-0d43-443b-b2e4-ada18bc99ed4,PROVIDER,1200,1,did:web:ssi-dim-wallet-service.identity:BPNL00000003AZQP,4fb4c2ed-304e-434a-a4e2-ab6766c9f704,1791484303641,1791484353535,1791484353535,
edcc8265-9a00-4286-879f-e87743fb0a70,PROVIDER,1200,1,did:web:ssi-dim-wallet-service.identity:BPNL00000003AZQP,bd38e49c-4275-4eb8-a114-0bf522eb98ab,1791484303736,1791484353869,1791484353869,
4b035052-680c-4dbd-9d41-a157e355fc23,PROVIDER,1200,1,did:web:ssi-dim-wallet-service.identity:BPNL00000003AZQP,68cf6115-ab35-419f-bf1a-8ffeac040b0d,1791484303805,1791484354136,1791484354136,
97178a01-c670-4197-aaa8-dac7b92d987c,PROVIDER,1200,1,did:web:ssi-dim-wallet-service.identity:BPNL00000003AZQP,66c743a1-bc8e-4186-9e43-cdaa8359d69d,1791484303847,1791484354369,1791484354369,
03e9248e-26c7-4af0-91ad-aac62fd0098a,PROVIDER,1200,1,did:web:ssi-dim-wallet-service.identity:BPNL00000003AZQP,439852ea-b93f-4e13-89e9-164ffe349a99,1791484303943,1791484354147,1791484354147,
fcd9e4a7-8148-4a8a-845c-bc0abab25b9d,PROVIDER,1200,1,did:web:ssi-dim-wallet-service.identity:BPNL00000003AZQP,524cd2ce-9427-4d67-896c-c969e5af4509,1791484304006,1791484354536,1791484354536,
ae485421-e0d1-4e2a-b55e-423a842c7dee,PROVIDER,1200,1,did:web:ssi-dim-wallet-service.identity:BPNL00000003AZQP,8da35dc4-2cc6-4530-8caa-2563dfb56b7b,1791484304047,1791484354574,1791484354574,
7c551145-48e7-4835-87e1-92f32d8aaf27,PROVIDER,1200,1,did:web:ssi-dim-wallet-service.identity:BPNL00000003AZQP,998287db-4ea5-489c-b028-8a04d051c089,1791484304133,1791484355279,1791484355279,
53bde43d-074b-4c26-817c-0b246d7250cc,PROVIDER,1200,1,did:web:ssi-dim-wallet-service.identity:BPNL00000003AZQP,d87ea361-e9b2-4be6-8f60-dc8ebc5350fe,1791484304243,1791484359019,1791484359019,
302d66e9-009d-485b-ab03-523778bd402c,PROVIDER,1200,1,did:web:ssi-dim-wallet-service.identity:BPNL00000003AZQP,01617dcc-7c26-4c0f-9766-62d32d97a9e2,1791484304433,1791484359123,1791484359123,
7f7fdaf8-39e7-4471-be78-aebcfd280648,PROVIDER,1200,1,did:web:ssi-dim-wallet-service.identity:BPNL00000003AZQP,45bbce52-4707-4d06-bd6f-df4d0cc224a3,1791484304504,1791484359168,1791484359168,
95caad37-aa09-453d-9e23-ac5059f5b5ff,PROVIDER,1200,1,did:web:ssi-dim-wallet-service.identity:BPNL00000003AZQP,b9dc4199-efa9-4569-8cae-6da7699e67d8,1791484304504,1791484359168,1791484359168,
dd8b9cae-5980-48d5-81d5-4c7b6c6756bd,PROVIDER,1200,1,did:web:ssi-dim-wallet-service.identity:BPNL00000003AZQP,1eccc1a9-874f-4c6c-8cda-8873b22d9f9d,1791484304642,1791484359030,1791484359030,
d087907f-406a-4322-b3ec-ca2408539d92,PROVIDER,1200,1,did:web:ssi-dim-wallet-service.identity:BPNL00000003AZQP,5827a703-9b65-42da-9662-9fe2fda7a15f,1791484304739,1791484360296,1791484360296,
31c8ec08-16b9-4815-8552-b13e229e3020,PROVIDER,1200,1,did:web:ssi-dim-wallet-service.identity:BPNL00000003AZQP,b4a2fcc4-9cd5-49fc-b520-863d2c3a2bb2,1791484304739,1791484359497,1791484359497,
020071c3-0d1d-4ddd-b142-b071884192b4,PROVIDER,1200,1,did:web:ssi-dim-wallet-service.identity:BPNL00000003AZQP,6f27a97c-5b2b-4300-989d-5d82ea4785d6,1791484304836,1791484360476,1791484360476,
ad3fe575-2e9f-43fa-a70c-e771b4a1a01f,PROVIDER,1200,1,did:web:ssi-dim-wallet-service.identity:BPNL00000003AZQP,43f1c584-de9b-47bb-ad07-0a67582704d4,1791484304938,1791484361136,1791484361136,
51dcc775-358e-43b4-9362-ae85c2b50d18,PROVIDER,1200,1,did:web:ssi-dim-wallet-service.identity:BPNL00000003AZQP,3ce830e4-f56f-49a3-bc70-028762ce7439,1791484304943,1791484360683,1791484360683,
7985da07-4618-44a9-932a-a5a6666c765d,PROVIDER,1200,1,did:web:ssi-dim-wallet-service.identity:BPNL00000003AZQP,1953f07f-19f3-44d4-8740-8df997ffefb3,1791484304955,1791484360790,1791484360790,
d6860caa-edb5-4577-ac4c-ebfee4c23f96,PROVIDER,1200,1,did:web:ssi-dim-wallet-service.identity:BPNL00000003AZQP,035e8ce0-35d5-46f0-97de-8bf1ee84316a,1791484305104,1791484360745,1791484360745,
efe92ac0-caa6-417d-8465-adbb9282a673,PROVIDER,1200,1,did:web:ssi-dim-wallet-service.identity:BPNL00000003AZQP,c1dc7a26-214e-428d-a489-bd856880c715,1791484306638,1791484360690,1791484360690,
f1b9ac58-392a-4f3d-b146-8a51f9fb9621,PROVIDER,1200,1,did:web:ssi-dim-wallet-service.identity:BPNL00000003AZQP,abc14d37-d5d6-42c1-b90a-1844dc920ee2,1791484306904,1791484361183,1791484361183,
65538a98-b1db-45a2-99f7-63ee6d25d9dd,PROVIDER,1200,1,did:web:ssi-dim-wallet-service.identity:BPNL00000003AZQP,371c9543-afdf-4844-8933-b72d3a2582cd,1791484306936,1791484361335,1791484361335,
4f4272c2-c164-49b3-8b4a-08f16843b424,PROVIDER,1200,1,did:web:ssi-dim-wallet-service.identity:BPNL00000003AZQP,dd494dac-357f-40e2-b2ae-7d94bdaf84a9,1791484307004,1791484361485,1791484361485,
59b6329a-7105-45d1-88b7-a3524378c3b8,PROVIDER,1200,1,did:web:ssi-dim-wallet-service.identity:BPNL00000003AZQP,68ca0ca8-655a-47a2-bb3a-dd0980bbe096,1791484307034,1791484361485,1791484361485,
827a8961-d713-4779-a229-4ba03f815ca6,PROVIDER,1200,1,did:web:ssi-dim-wallet-service.identity:BPNL00000003AZQP,7db04a03-2ddd-4459-8bf4-8c488b928b48,1791484307104,1791484362069,1791484362069,
65239980-4d6e-43fa-a989-1a35f69655c0,PROVIDER,1200,1,did:web:ssi-dim-wallet-service.identity:BPNL00000003AZQP,789336e0-d75e-4f78-97a9-0bc5b39565d6,1791484307410,1791484361486,1791484361486,
e54025f1-f781-487d-bb9e-29a933e17a50,PROVIDER,1200,1,did:web:ssi-dim-wallet-service.identity:BPNL00000003AZQP,7d9aa345-46e0-4b0e-97ac-3849a11a4234,1791484307604,1791484361677,1791484361677,
ce4b12da-746b-446a-b52e-592146329d3a,PROVIDER,1200,1,did:web:ssi-dim-wallet-service.identity:BPNL00000003AZQP,e2e69bc9-a858-4672-8e20-ab349b606c5e,1791484307635,1791484365106,1791484365106,
5b769bdd-d68c-45da-b522-f1ecd551c211,PROVIDER,1200,1,did:web:ssi-dim-wallet-service.identity:BPNL00000003AZQP,0e9da36d-0a49-43f3-aa7d-6e21ecf1a337,1791484307834,1791484365027,1791484365027,
bf8e90b4-fb57-45f6-9fde-1195bc7b7b7e,PROVIDER,1200,1,did:web:ssi-dim-wallet-service.identity:BPNL00000003AZQP,f87be12f-0add-4ebb-8dfb-cf8872a89782,1791484308005,1791484365006,1791484365006,
c967bc7f-c2f4-4bc6-a6b4-d798b6e7ba74,PROVIDER,1200,1,did:web:ssi-dim-wallet-service.identity:BPNL00000003AZQP,05934c98-c0c7-43ba-a944-e944eaf4f0db,1791484308047,1791484365405,1791484365405,
b752968a-089e-4953-8dba-8ff8fe35a2ff,PROVIDER,1200,1,did:web:ssi-dim-wallet-service.identity:BPNL00000003AZQP,dfba8d27-8dc6-4847-9bbf-8d26a7e406d5,1791484308335,1791484365930,1791484365930,
7e0bd67b-5cea-4bd6-86a2-2c733ad9157d,PROVIDER,1200,1,did:web:ssi-dim-wallet-service.identity:BPNL00000003AZQP,d2470723-355a-4c02-aeca-4084e614995f,1791484308534,1791484365338,1791484365338,
50f500fb-7326-4f9b-8035-97d8386232d5,PROVIDER,1200,1,did:web:ssi-dim-wallet-service.identity:BPNL00000003AZQP,f8484fc5-5fc0-4938-bc92-cc75d5ffe248,1791484308605,1791484366007,1791484366007,
ce0ac10d-6c7d-4091-a45c-219cafa09b0b,PROVIDER,1200,1,did:web:ssi-dim-wallet-service.identity:BPNL00000003AZQP,aca73904-3428-430a-b069-306cf5d8d8a1,1791484308736,1791484365430,1791484365430,
7c66333d-ed4f-486e-9157-cf5fdbbff68a,PROVIDER,1200,1,did:web:ssi-dim-wallet-service.identity:BPNL00000003AZQP,1713e5c1-0774-4e59-a22c-512d33472a41,1791484308835,1791484365729,1791484365729,
e3c374c8-855b-4172-99d0-0887446db36a,PROVIDER,1200,1,did:web:ssi-dim-wallet-service.identity:BPNL00000003AZQP,9fd86268-f65a-4206-87e8-e060fce33dbf,1791484308836,1791484365805,1791484365805,
6aaab72c-b195-42ae-83be-ff747e8e8eb4,PROVIDER,1200,1,did:web:ssi-dim-wallet-service.identity:BPNL00000003AZQP,9f4e0164-c834-41a5-90ac-0bcceb17e0ba,1791484308903,1791484366869,1791484366869,
e700f66b-3c2f-41a9-850b-8b93bc918d3f,PROVIDER,1200,1,did:web:ssi-dim-wallet-service.identity:BPNL00000003AZQP,65fe8275-0c56-4e76-952b-4f66bce011f1,1791484308904,1791484366011,1791484366011,
c5527633-fcda-4252-99b4-49e1c3816e1d,PROVIDER,1200,1,did:web:ssi-dim-wallet-service.identity:BPNL00000003AZQP,322bb0be-3a6d-4936-bed7-178dab134a9b,1791484309051,1791484366224,1791484366224,
20ca7c28-bab5-4332-bd26-ff0ff451dc25,PROVIDER,1200,1,did:web:ssi-dim-wallet-service.identity:BPNL00000003AZQP,e123c953-6d8a-4a03-8323-0aaedc4ad40f,1791484309204,1791484367205,1791484367205,
5c1f1e65-fe9d-404e-8ade-3a9f91686a10,PROVIDER,1200,1,did:web:ssi-dim-wallet-service.identity:BPNL00000003AZQP,4cba95f0-808d-4211-8eca-f65623ac4e49,1791484309242,1791484366805,1791484366805,
1463a078-fba4-4095-8724-8fb855d4af7b,PROVIDER,1200,1,did:web:ssi-dim-wallet-service.identity:BPNL00000003AZQP,e19dc973-dc2f-44fd-9e2b-1630e083fcaf,1791484309337,1791484366806,1791484366806,
1ecd3d99-9dfe-4b8a-84ce-fa737a5f34af,PROVIDER,1200,1,did:web:ssi-dim-wallet-service.identity:BPNL00000003AZQP,b2e5a90a-f56a-443b-b5b5-0e17f425a979,1791484309355,1791484367223,1791484367223,
2ed4f0e8-24c2-47ed-9bc5-d7b291da664f,PROVIDER,1200,1,did:web:ssi-dim-wallet-service.identity:BPNL00000003AZQP,ee4367ad-cf20-4167-939e-943590d36e0e,1791484309403,1791484366869,1791484366869,
0f3d881e-2fe9-4787-bc25-210472316499,PROVIDER,1200,1,did:web:ssi-dim-wallet-service.identity:BPNL00000003AZQP,13a48724-85db-48ae-aa6d-fdb059d59c92,1791484309404,1791484367406,1791484367406,
bf389b88-fee4-47a0-bc06-df828892e023,PROVIDER,1200,1,did:web:ssi-dim-wallet-service.identity:BPNL00000003AZQP,f05151db-aa71-46be-a517-80eac8c1b25f,1791484309442,1791484371533,1791484371533,
2fcf3f38-4553-4bb1-97a1-f1c1c4367d27,PROVIDER,1200,1,did:web:ssi-dim-wallet-service.identity:BPNL00000003AZQP,940f2718-1f07-4b1a-9ce8-f7e6ea9dce27,1791484309714,1791484367721,1791484367721,
2680662e-9b11-4adf-83d7-24eca35d7573,PROVIDER,1200,1,did:web:ssi-dim-wallet-service.identity:BPNL00000003AZQP,cf9992d1-4ded-487e-9213-24125de2d7d4,1791484309834,1791484371770,1791484371770,
50a4faf1-45f5-417f-9504-704411c9464a,PROVIDER,1200,1,did:web:ssi-dim-wallet-service.identity:BPNL00000003AZQP,0856d8f7-1b63-435c-b265-80489c6b6a29,1791484309934,1791484371768,1791484371768,
118d0bb5-1245-41e0-ac65-0c9a59abc0f7,PROVIDER,1200,1,did:web:ssi-dim-wallet-service.identity:BPNL00000003AZQP,79d2be07-eb93-468e-af50-9d47b746a271,1791484310245,1791484371383,1791484371383,
99566ab7-0688-4e33-8345-fde1f4064d4d,PROVIDER,1200,1,did:web:ssi-dim-wallet-service.identity:BPNL00000003AZQP,c5aa2d37-2797-4470-85ae-571ccbbd49a6,1791484310404,1791484372272,1791484372272,
4261aa8e-db39-4261-9548-960ad8d96f3a,PROVIDER,1200,1,did:web:ssi-dim-wallet-service.identity:BPNL00000003AZQP,253d0a76-a78a-4cce-a7fc-8b4a7bd0bab5,1791484310405,1791484372172,1791484372172,
9eb5ba93-4a97-42e0-8209-c50e420f66ba,PROVIDER,1200,1,did:web:ssi-dim-wallet-service.identity:BPNL00000003AZQP,608b2143-54a2-4a3e-bbcb-9d878fa0cf10,1791484310412,1791484372534,1791484372534,
e2d7012a-bc4f-48c3-952f-df74d6078795,PROVIDER,1200,1,did:web:ssi-dim-wallet-service.identity:BPNL00000003AZQP,f8de5c0b-e096-4fec-b94b-92dd4c277d15,1791484310534,1791484372291,1791484372291,
b312afea-56a5-42e2-98fe-ead4718e440f,PROVIDER,1200,1,did:web:ssi-dim-wallet-service.identity:BPNL00000003AZQP,3ee05ef9-f4d3-40f5-96ef-a7a73d174e58,1791484310607,1791484372378,1791484372378,
093517c0-ced5-4719-9bbc-31a430e61f6d,PROVIDER,1200,1,did:web:ssi-dim-wallet-service.identity:BPNL00000003AZQP,2ec5c97c-4365-4521-bc7b-95c7613694e5,1791484310635,1791484372868,1791484372868,
bd54089d-fdcb-4baf-aca7-50b621e50fea,PROVIDER,1200,1,did:web:ssi-dim-wallet-service.identity:BPNL00000003AZQP,1c709006-c931-4cdb-851c-b92e71858bab,1791484310643,1791484372968,1791484372968,
72a06bcb-7603-457b-9f5f-bdebe2c7e5fe,PROVIDER,1200,1,did:web:ssi-dim-wallet-service.identity:BPNL00000003AZQP,82571d18-4a0b-459b-bdfe-1c72cd7b231a,1791484310735,1791484372779,1791484372779,
a09d5af9-5224-4b6a-8154-f79433f12389,PROVIDER,1200,1,did:web:ssi-dim-wallet-service.identity:BPNL00000003AZQP,b647bcab-b075-4df6-94b1-0bb2241e291b,1791484310744,1791484372868,1791484372868,
f0d75897-0932-4aa2-9f74-f624328f6ee4,PROVIDER,1200,1,did:web:ssi-dim-wallet-service.identity:BPNL00000003AZQP,4a898e34-7a04-4398-be90-99473d5f61e5,1791484310747,1791484373470,1791484373470,
00b449dd-60f2-42a7-bdde-13406072c68a,PROVIDER,1200,1,did:web:ssi-dim-wallet-service.identity:BPNL00000003AZQP,4d990fe7-1f9b-4ae3-81ec-77df45f718f7,1791484310835,1791484373790,1791484373790,
dc18925d-568f-4b45-abe0-42b28faff5e8,PROVIDER,1200,1,did:web:ssi-dim-wallet-service.identity:BPNL00000003AZQP,1c8891bf-bc85-4a03-b85b-2843423c5e8f,1791484310835,1791484373368,1791484373368,
4c6802a9-8dc7-453f-ac8c-241faf6eda56,PROVIDER,1200,1,did:web:ssi-dim-wallet-service.identity:BPNL00000003AZQP,3af8c3be-6b15-4ff0-aed9-df4341771271,1791484310847,1791484373735,1791484373735,
f2938fce-c4bc-463e-b881-ebaf584f9deb,PROVIDER,1200,1,did:web:ssi-dim-wallet-service.identity:BPNL00000003AZQP,3436ddde-2189-4775-b425-0b4e71571507,1791484311008,1791484373983,1791484373983,
862aed44-e42e-4c9c-8d6f-bda1c544ccf5,PROVIDER,1200,1,did:web:ssi-dim-wallet-service.identity:BPNL00000003AZQP,cddafd34-7876-4153-ae24-265b4e5cebd4,1791484311048,1791484373968,1791484373968,
204d48db-2dd6-47a3-a906-64a0a024643c,PROVIDER,1200,1,did:web:ssi-dim-wallet-service.identity:BPNL00000003AZQP,ac89f2ae-5253-46f2-b791-14388ddc58cf,1791484311104,1791484377076,1791484377076,
2b5b38dd-7076-477a-924e-0c5d583ff271,PROVIDER,1200,1,did:web:ssi-dim-wallet-service.identity:BPNL00000003AZQP,32747348-7bcc-46bc-bf90-42dc8b3d6210,1791484311134,1791484377005,1791484377005,
af8d0a45-a71c-44bf-ac78-9d1c380ef5ef,PROVIDER,1200,1,did:web:ssi-dim-wallet-service.identity:BPNL00000003AZQP,6bcd6e10-5d31-41b9-ae70-2e57128ae476,1791484311548,1791484374176,1791484374176,
7712d490-bb6b-4e1f-b65e-de1c52e408ef,PROVIDER,1200,1,did:web:ssi-dim-wallet-service.identity:BPNL00000003AZQP,d813448e-64e2-442f-94a6-652140ed1761,1791484311553,1791484377620,1791484377620,
2b868228-e434-4a5b-93ab-3725fbfdd8bd,PROVIDER,1200,1,did:web:ssi-dim-wallet-service.identity:BPNL00000003AZQP,f7dda7fc-0775-4e6d-bd25-395bec50dc5c,1791484311735,1791484377122,1791484377122,
a1ce27ad-cf6d-4229-b4f5-2a8e21aad469,PROVIDER,1200,1,did:web:ssi-dim-wallet-service.identity:BPNL00000003AZQP,a0e5cd07-7ac6-4657-9bfd-61a5f0e59d73,1791484311936,1791484377605,1791484377605,
2ac00237-7b1d-4501-ab6b-a045f9158c38,PROVIDER,1200,1,did:web:ssi-dim-wallet-service.identity:BPNL00000003AZQP,f441e501-b538-494f-b735-902a1282cb8b,1791484312136,1791484377820,1791484377820,
8ca38527-3b69-48e0-b65c-e126e9d5a9f8,PROVIDER,1200,1,did:web:ssi-dim-wallet-service.identity:BPNL00000003AZQP,c3cf849b-a0e3-49bb-84f8-6c79d844667e,1791484312143,1791484378334,1791484378334,
549df05f-4070-43de-add3-de85cb1fb9ad,PROVIDER,1200,1,did:web:ssi-dim-wallet-service.identity:BPNL00000003AZQP,2f0ccae8-696a-444d-aeb4-1cd42cc42cc8,1791484312335,1791484378105,1791484378105,
6931be13-e9fe-4081-a444-1e46d158e3f6,PROVIDER,1200,1,did:web:ssi-dim-wallet-service.identity:BPNL00000003AZQP,07498b3c-1fff-4481-99b4-0520d8027ad4,1791484312349,1791484378609,1791484378609,
c9a8281b-a271-4586-964a-4eb5a2d9e85d,PROVIDER,1200,1,did:web:ssi-dim-wallet-service.identity:BPNL00000003AZQP,c5c96470-6852-4f2e-abad-de27c348fbcc,1791484312633,1791484379018,1791484379018,
3d6e1e19-04d0-47ea-ab1b-5e3e9880e502,PROVIDER,1200,1,did:web:ssi-dim-wallet-service.identity:BPNL00000003AZQP,0363e27a-b452-4479-979b-f24d917f0f4e,1791484312645,1791484378106,1791484378106,
6ade283c-736c-4e49-8385-2f894ac524e9,PROVIDER,1200,1,did:web:ssi-dim-wallet-service.identity:BPNL00000003AZQP,e90f5fed-1909-492a-a951-a59e4c7a0580,1791484312705,1791484379328,1791484379328,
d796918c-6fe5-4827-9011-79b6cf4f1c27,PROVIDER,1200,1,did:web:ssi-dim-wallet-service.identity:BPNL00000003AZQP,d79e3439-e682-4583-8e6d-783b9c4caf03,1791484312739,1791484379196,1791484379196,
6022d665-1593-4757-9a05-63ea42aa9c69,PROVIDER,1200,1,did:web:ssi-dim-wallet-service.identity:BPNL00000003AZQP,daba2afc-b5e6-4a33-8c5b-919a5551175f,1791484312946,1791484378820,1791484378820,
5339916f-8249-4606-832d-ca3bf304174a,PROVIDER,1200,1,did:web:ssi-dim-wallet-service.identity:BPNL00000003AZQP,85bdaea8-6e44-4741-aca1-88b8a2e6c813,1791484313034,1791484381226,1791484381226,
a7ebbb14-bf3b-4c2b-af07-cf32c4126a26,PROVIDER,1200,1,did:web:ssi-dim-wallet-service.identity:BPNL00000003AZQP,24d89f0b-0bda-4b3b-b46e-547c4f265d81,1791484313806,1791484379523,1791484379523,
e3b6f6ca-0f94-45ed-a11e-743c29ad3950,PROVIDER,1200,1,did:web:ssi-dim-wallet-service.identity:BPNL00000003AZQP,05478326-0a80-420d-85e0-083b03252280,1791484313809,1791484380815,1791484380815,
1a280ce5-2cfe-4824-b97e-a8ddce5b9860,PROVIDER,1200,1,did:web:ssi-dim-wallet-service.identity:BPNL00000003AZQP,1d6a4ef0-e772-402e-851b-1877383f631f,1791484313834,1791484380633,1791484380633,
5b6eb1ce-1876-408a-ba5b-78d4d5dcfc29,PROVIDER,1200,1,did:web:ssi-dim-wallet-service.identity:BPNL00000003AZQP,7da323f3-b36d-47ba-bb5f-c5f719670457,1791484313834,1791484380514,1791484380514,
0251b25e-37fb-4639-a618-192b258402d5,PROVIDER,1200,1,did:web:ssi-dim-wallet-service.identity:BPNL00000003AZQP,d72cce7a-79a4-41f6-8cd0-19131315f790,1791484314034,1791484380506,1791484380506,
3032b3ae-7fc4-4ab4-8430-cfe3178aab62,PROVIDER,1200,1,did:web:ssi-dim-wallet-service.identity:BPNL00000003AZQP,ee6d2f8f-76cc-427a-85d9-006626904734,1791484314535,1791484383735,1791484383735,
0c86f38c-413c-468c-b35c-a785edb0d9e9,PROVIDER,1200,1,did:web:ssi-dim-wallet-service.identity:BPNL00000003AZQP,a7e5b137-0b57-4992-9167-78a8ce706fcc,1791484314704,1791484383770,1791484383770,
1527e21b-91f9-4d28-8731-f81f38ad30a0,PROVIDER,1200,1,did:web:ssi-dim-wallet-service.identity:BPNL00000003AZQP,0e5620e3-fef3-4dc8-87e2-bac39d28fbf8,1791484314735,1791484384042,1791484384042,
ea2a3d6a-47c6-405d-8952-1173a2a32b89,PROVIDER,1200,1,did:web:ssi-dim-wallet-service.identity:BPNL00000003AZQP,b22dce41-14ba-4744-82bf-1fecaf272645,1791484315003,1791484384206,1791484384206,
67667269-ad0f-4f7f-8233-ec12e650be06,PROVIDER,1200,1,did:web:ssi-dim-wallet-service.identity:BPNL00000003AZQP,dde2953e-65e4-4705-9a55-bb39a4a43b98,1791484315136,1791484384539,1791484384539,
6c4e00c3-1de6-43ce-a586-bc0ae1dc303a,PROVIDER,1200,1,did:web:ssi-dim-wallet-service.identity:BPNL00000003AZQP,4dfe95a8-3308-45c1-800b-8ea3e7fddd32,1791484315304,1791484384316,1791484384316,
9ab608dc-1be1-42f5-bf8d-18a7757abbc9,PROVIDER,1200,1,did:web:ssi-dim-wallet-service.identity:BPNL00000003AZQP,1ef83683-8cee-4ffb-b5d1-92a9634b353d,1791484315334,1791484384789,1791484384789,
f67dfe63-fd37-45ab-87a9-ede182862dd1,PROVIDER,1200,1,did:web:ssi-dim-wallet-service.identity:BPNL00000003AZQP,e249d359-6e5d-496c-899e-e64f012fe600,1791484315404,1791484384937,1791484384937,
c35a0cbf-ed12-4fce-b716-106d3634e75a,PROVIDER,1200,1,did:web:ssi-dim-wallet-service.identity:BPNL00000003AZQP,092d6b16-c2c6-4652-ac4f-80e51ecb1bd4,1791484315444,1791484384782,1791484384782,
ed4bae45-cf46-453f-9f19-24331f0e60d9,PROVIDER,1200,1,did:web:ssi-dim-wallet-service.identity:BPNL00000003AZQP,89c8caba-df24-4f55-beb2-3e94692ce546,1791484315604,1791484385184,1791484385184,
d8ded292-654b-47db-b257-25131c792453,PROVIDER,1200,1,did:web:ssi-dim-wallet-service.identity:BPNL00000003AZQP,6931ef35-459a-41bb-8a8f-763b36c686dc,1791484315604,1791484384774,1791484384774,
38062e0c-77f5-429d-8dd0-4023ba5965a6,PROVIDER,1200,1,did:web:ssi-dim-wallet-service.identity:BPNL00000003AZQP,618e66b2-4b80-4a81-a3b7-d4bec2b52a37,1791484315634,1791484385206,1791484385206,
102e55b1-ba33-40f0-a550-499262e8b29e,PROVIDER,1200,1,did:web:ssi-dim-wallet-service.identity:BPNL00000003AZQP,ac8f3c1d-3f84-4b7b-a2fa-8bc6ab6d0b05,1791484316036,1791484385623,1791484385623,
aa33e3e0-cece-4e36-bacc-734e2b1440b6,PROVIDER,1200,1,did:web:ssi-dim-wallet-service.identity:BPNL00000003AZQP,6bd5aa32-3b22-45be-996d-9456f0ab3ca6,1791484316042,1791484386016,1791484386016,
06877dff-2595-43c3-9d9e-7508b2352fc0,PROVIDER,1200,1,did:web:ssi-dim-wallet-service.identity:BPNL00000003AZQP,0f4ca3f9-dcce-4d59-9040-691b4b64b9e7,1791484316134,1791484385905,1791484385905,
3713524c-b2c9-44c9-81d8-58b676d9948e,PROVIDER,1200,1,did:web:ssi-dim-wallet-service.identity:BPNL00000003AZQP,1765f07b-59c0-4c39-951c-aa5f3940151a,1791484316337,1791484385719,1791484385719,
b395a9d8-4646-4c86-b500-15e1a7a8c639,PROVIDER,1200,1,did:web:ssi-dim-wallet-service.identity:BPNL00000003AZQP,2ab92784-9813-4eb5-871e-662793083d1f,1791484316406,1791484386137,1791484386137,
e7752f8d-9de1-4366-8bb7-8aa3c10c7d69,PROVIDER,1200,1,did:web:ssi-dim-wallet-service.identity:BPNL00000003AZQP,53b240f1-a38f-41d6-be1e-cb54a8c5443a,1791484316505,1791484386447,1791484386447,
4c64f150-8c5a-4b0a-9649-6537bb6d41f1,PROVIDER,1200,1,did:web:ssi-dim-wallet-service.identity:BPNL00000003AZQP,7a78b5f0-e3b6-4ae2-93b6-c5bf3506d245,1791484316535,1791484386068,1791484386068,
4646c982-caaf-4916-a17d-666d4c01bbb0,PROVIDER,1200,1,did:web:ssi-dim-wallet-service.identity:BPNL00000003AZQP,aa05a886-4be2-46ea-8e9a-37d26db32b4d,1791484316537,1791484390712,1791484390712,
599e2134-bf19-4ad4-a0a4-4b10499c8bb0,PROVIDER,1200,1,did:web:ssi-dim-wallet-service.identity:BPNL00000003AZQP,910d9662-4f6c-4869-afb7-aebb891d8eed,1791484316539,1791484386507,1791484386507,
bb574750-7059-4e3f-b686-7e468b2eddd7,PROVIDER,1200,1,did:web:ssi-dim-wallet-service.identity:BPNL00000003AZQP,287751d3-9315-49e4-a588-999f0b139e3d,1791484316610,1791484391877,1791484391877,
94573358-fba2-4a05-9ab9-39c61e6ad22e,PROVIDER,1200,1,did:web:ssi-dim-wallet-service.identity:BPNL00000003AZQP,c4cfdc52-ee8f-4ef5-a72d-7c31e2999d85,1791484316934,1791484391038,1791484391038,
7be49d5f-f555-44e9-a670-7d734fe2cbdf,PROVIDER,1200,1,did:web:ssi-dim-wallet-service.identity:BPNL00000003AZQP,a7f1bbe5-e347-4ca6-9489-16c6fcfea409,1791484317005,1791484391107,1791484391107,
8a02e084-a444-4d8e-8996-92387c5ce3c5,PROVIDER,1200,1,did:web:ssi-dim-wallet-service.identity:BPNL00000003AZQP,343715b6-b8ba-41fa-9d7c-efadff2430ad,1791484317104,1791484391009,1791484391009,
9d648da9-14ff-4a18-9ebc-0981cbac8362,PROVIDER,1200,1,did:web:ssi-dim-wallet-service.identity:BPNL00000003AZQP,80d5daca-9ef0-41cb-8cc7-f4f946911f6e,1791484317207,1791484391575,1791484391575,
1bb602ab-ef31-4fa2-a096-9bb567d3d4d0,PROVIDER,1200,1,did:web:ssi-dim-wallet-service.identity:BPNL00000003AZQP,4e9b843c-6e8a-4db3-9cef-213c1e78c1d1,1791484317335,1791484402181,1791484402181,
80f82083-2f84-48c8-a29b-32992a312b3a,PROVIDER,1200,1,did:web:ssi-dim-wallet-service.identity:BPNL00000003AZQP,07026823-e1d3-4441-9445-6269f6a8588a,1791484317634,1791484403079,1791484403079,
a73080f6-3079-4071-b59b-75041fc640d9,PROVIDER,1200,1,did:web:ssi-dim-wallet-service.identity:BPNL00000003AZQP,92da80d0-a5ce-4e7b-baeb-38180d277209,1791484317638,1791484402435,1791484402435,
50f8a1b6-c70e-4ab5-bb62-f84c526119b8,PROVIDER,1200,1,did:web:ssi-dim-wallet-service.identity:BPNL00000003AZQP,0ea3d479-b0ab-4e2f-9a1e-2c44676a9e2d,1791484317934,1791484402677,1791484402677,
c3d8fa36-9731-45ba-83af-6ad6cfa35cf7,PROVIDER,1200,1,did:web:ssi-dim-wallet-service.identity:BPNL00000003AZQP,9f9eee45-acb0-44e7-bbfd-d51849129d36,1791484318007,1791484403069,1791484403069,
a11112a2-3559-4aaa-8ae1-d57b74bf78e4,PROVIDER,1200,1,did:web:ssi-dim-wallet-service.identity:BPNL00000003AZQP,99897a01-272e-4911-b688-3daa6cf102ad,1791484318134,1791484402974,1791484402974,
9e6ea476-5452-47bf-b37a-a35effbdafed,PROVIDER,1200,1,did:web:ssi-dim-wallet-service.identity:BPNL00000003AZQP,445f56d7-5714-40a8-b797-73c8e88471e5,1791484318905,1791484403835,1791484403835,
6780188f-b394-41d6-84f6-6ad5066d81e6,PROVIDER,1200,1,did:web:ssi-dim-wallet-service.identity:BPNL00000003AZQP,5bdc1fd3-636f-440f-b1c2-e83672897595,1791484319239,1791484403935,1791484403935,
9b45cc13-1179-4f14-8eae-b554f99c5be2,PROVIDER,1200,1,did:web:ssi-dim-wallet-service.identity:BPNL00000003AZQP,964d6772-54b8-4956-a9b9-3dfa60577a02,1791484319242,1791484403868,1791484403868,
402d85ee-0017-4502-9469-77670bff9bdc,PROVIDER,1200,1,did:web:ssi-dim-wallet-service.identity:BPNL00000003AZQP,d9f7052d-a9a8-4d1e-b455-aa7f0c8d3593,1791484319304,1791484404035,1791484404035,
b23e8838-e972-4a2e-90a1-657db8f6ade0,PROVIDER,1200,1,did:web:ssi-dim-wallet-service.identity:BPNL00000003AZQP,d50b3cdb-2147-43f6-90c1-1a74d618c393,1791484319309,1791484403944,1791484403944,
3d923316-7ac4-4844-ae2a-672e2b725fa5,PROVIDER,1200,1,did:web:ssi-dim-wallet-service.identity:BPNL00000003AZQP,617d42bd-1c8b-4972-ad9d-781a3278c1e4,1791484319435,1791484404478,1791484404478,
5c9c2d93-ba84-4d87-a4e4-85e0cfdbf65f,PROVIDER,1200,1,did:web:ssi-dim-wallet-service.identity:BPNL00000003AZQP,501c6ff7-ddec-4feb-b8ab-1310dfe83408,1791484319437,1791484404634,1791484404634,
f0f150d3-9085-4695-a2ef-7f14e00ec76b,PROVIDER,1200,1,did:web:ssi-dim-wallet-service.identity:BPNL00000003AZQP,4b89d92c-7297-4678-a9c5-eb10232065f1,1791484319634,1791484405034,1791484405034,
29640129-2eaa-4b0b-bda9-2162643aec37,PROVIDER,1200,1,did:web:ssi-dim-wallet-service.identity:BPNL00000003AZQP,884682c6-0b85-4e26-be5a-9135fed83912,1791484319634,1791484404634,1791484404634,
d273a216-a3ed-4634-83a1-aa125320154b,PROVIDER,1200,1,did:web:ssi-dim-wallet-service.identity:BPNL00000003AZQP,845ec047-1c7e-4843-a5a7-4c9c68daee13,1791484319704,1791484404868,1791484404868,
d4ecff98-fc6a-4272-85f3-58a71a8b6747,PROVIDER,1200,1,did:web:ssi-dim-wallet-service.identity:BPNL00000003AZQP,56816958-17bf-404a-a469-3c0898897b96,1791484319705,1791484405080,1791484405080,
a907e5a1-49d6-4000-8f66-aaa028526586,PROVIDER,1200,1,did:web:ssi-dim-wallet-service.identity:BPNL00000003AZQP,cf6b22a7-9c9e-4cbe-8bb6-89ba561d01a5,1791484319804,1791484405190,1791484405190,
5f49a1fb-fc71-410b-bb9d-03515229eda8,PROVIDER,1200,1,did:web:ssi-dim-wallet-service.identity:BPNL00000003AZQP,5e6885d5-229f-48f3-bfd0-795a17e1b35e,1791484319842,1791484405396,1791484405396,
2d1d4316-8654-4918-ab8b-b061e668c261,PROVIDER,1200,1,did:web:ssi-dim-wallet-service.identity:BPNL00000003AZQP,659361b2-9e62-497a-9dfd-b25a788106c9,1791484319943,1791484408206,1791484408206,
6ed51ec6-2813-4767-89db-685af5797c7a,PROVIDER,1200,1,did:web:ssi-dim-wallet-service.identity:BPNL00000003AZQP,541f6ef9-a5fc-48c3-bd9b-207e65721dec,1791484319943,1791484417069,1791484417069,
5f882263-8e0c-4ea4-a1ec-2660b8c0a067,PROVIDER,1200,1,did:web:ssi-dim-wallet-service.identity:BPNL00000003AZQP,ff6576f8-1da8-45c5-905a-305e64365caa,1791484320005,1791484416974,1791484416974,
3a7b0c6e-9809-4d11-ac25-754c10eca619,PROVIDER,1200,1,did:web:ssi-dim-wallet-service.identity:BPNL00000003AZQP,06a3adb6-aa6b-415b-aad4-5806bd81e3d0,1791484320338,1791484416784,1791484416784,
20859730-a336-44c3-af7f-bfb93e839945,PROVIDER,1200,1,did:web:ssi-dim-wallet-service.identity:BPNL00000003AZQP,cf27b1fc-31bf-48ca-925e-1f019a773860,1791484320406,1791484418205,1791484418205,
a4263efe-d03f-4b92-8ec0-63f759ba32b3,PROVIDER,1200,1,did:web:ssi-dim-wallet-service.identity:BPNL00000003AZQP,d157e320-f1e8-4d5e-ad20-33af32aed4a7,1791484320433,1791484416798,1791484416798,
911a5473-c15c-4990-84d2-83e88e272393,PROVIDER,1200,1,did:web:ssi-dim-wallet-service.identity:BPNL00000003AZQP,967377e3-4418-4413-be21-6a13da4af772,1791484320504,1791484417535,1791484417535,
d97f08df-1099-49c8-9b2f-563934d16cd9,PROVIDER,1200,1,did:web:ssi-dim-wallet-service.identity:BPNL00000003AZQP,6a15cdee-4a71-4a96-95bf-7bf675987b40,1791484321435,1791484417777,1791484417777,
aeeafd8e-5d32-488a-8a2b-6410d21b9b10,PROVIDER,1200,1,did:web:ssi-dim-wallet-service.identity:BPNL00000003AZQP,18cd1b81-91fc-4704-8b3e-73cd022e91d2,1791484321435,1791484418006,1791484418006,
edb3acbd-5d02-4bc3-b2a1-2c6aa0a2b693,PROVIDER,1200,1,did:web:ssi-dim-wallet-service.identity:BPNL00000003AZQP,59de2326-7269-4dcf-bef7-c8211f0e00e3,1791484321503,1791484417768,1791484417768,
48d27d72-2671-4f97-bf23-ee102bffb014,PROVIDER,1200,1,did:web:ssi-dim-wallet-service.identity:BPNL00000003AZQP,19df48e7-6668-48ab-a7f5-4fb83b9764ee,1791484321535,1791484419169,1791484419169,
0bdd2f4d-31c9-4420-abbb-8e096c45e59e,PROVIDER,1200,1,did:web:ssi-dim-wallet-service.identity:BPNL00000003AZQP,38659e1c-38ae-4b11-9fa8-440f8df25579,1791484321636,1791484418425,1791484418425,
7f61fc02-69e2-4f75-8554-407dd82c4d7a,PROVIDER,1200,1,did:web:ssi-dim-wallet-service.identity:BPNL00000003AZQP,fc04228e-90ab-4d30-beb2-797baf5e3986,1791484321904,1791484419123,1791484419123,
0e47580a-9614-42e7-baba-27d91db9d34e,PROVIDER,1200,1,did:web:ssi-dim-wallet-service.identity:BPNL00000003AZQP,86e19bfd-4f33-4dc7-97a7-7df96eb09351,1791484321908,1791484420506,1791484420506,
96b64eff-4557-4624-af8a-500ff79d0a1c,PROVIDER,1200,1,did:web:ssi-dim-wallet-service.identity:BPNL00000003AZQP,3fe6885a-3f96-4b20-bd2f-91cb34802cee,1791484322104,1791484418868,1791484418868,
6d05666e-b83b-4688-8bc8-ed1188a8a39f,PROVIDER,1200,1,did:web:ssi-dim-wallet-service.identity:BPNL00000003AZQP,072a6e60-75a7-42ab-a60b-3c41dc877900,1791484322105,1791484418330,1791484418330,
2564eb4c-355d-4580-9e64-a2dff4610591,PROVIDER,1200,1,did:web:ssi-dim-wallet-service.identity:BPNL00000003AZQP,d74f2c2a-7cdf-41ad-a6fe-bf0d1a323d58,1791484322109,1791484419168,1791484419168,
07737ff1-46c3-4359-97c8-b43918a7b40d,PROVIDER,1200,1,did:web:ssi-dim-wallet-service.identity:BPNL00000003AZQP,099d5311-f848-4208-baa6-1a39c8e0ab82,1791484322240,1791484419169,1791484419169,
9b8cfc1e-3618-408f-b2e3-8de18f139e21,PROVIDER,1200,1,did:web:ssi-dim-wallet-service.identity:BPNL00000003AZQP,a87e4c03-dfa3-4353-bfde-e1370a452642,1791484322313,1791484421908,1791484421908,
ea49205e-12c5-467a-be98-82b4b85c99d2,PROVIDER,1200,1,did:web:ssi-dim-wallet-service.identity:BPNL00000003AZQP,1ed71af4-8f0f-4928-b42f-16e312761e7e,1791484322336,1791484420819,1791484420819,
fec0a2c1-a5e4-49b0-8786-9f388a7d2a1e,PROVIDER,1200,1,did:web:ssi-dim-wallet-service.identity:BPNL00000003AZQP,ad6bbf11-7f8b-47a0-a4ce-c013e78649d7,1791484322412,1791484419806,1791484419806,
e0f45a5c-235e-49fa-8813-6ce4f2f0f83c,PROVIDER,1200,1,did:web:ssi-dim-wallet-service.identity:BPNL00000003AZQP,7a5a3cbd-6f9b-445b-a6f4-0938e16e109e,1791484322443,1791484425417,1791484425417,
d261bd50-f038-4063-ab99-e2b64a3ae521,PROVIDER,1200,1,did:web:ssi-dim-wallet-service.identity:BPNL00000003AZQP,f0197682-8fe2-4dd1-80a5-608987c70e97,1791484322483,1791484425619,1791484425619,
9550b911-c735-4c93-9b61-53d6166fc917,PROVIDER,1200,1,did:web:ssi-dim-wallet-service.identity:BPNL00000003AZQP,8730a3ef-e6d3-4807-93ee-09d4e2eeb7a0,1791484322535,1791484426006,1791484426006,
daa6ef51-95ca-4dd7-94c6-9c6fa2c34805,PROVIDER,1200,1,did:web:ssi-dim-wallet-service.identity:BPNL00000003AZQP,3ca8e9c5-8f06-4d91-9ec8-b4aa476fdba6,1791484322604,1791484426205,1791484426205,
16b027cb-1aed-419b-a82d-99f737b85083,PROVIDER,1200,1,did:web:ssi-dim-wallet-service.identity:BPNL00000003AZQP,bb4b3cdf-7368-48ef-b84f-1fefdf5b9d3d,1791484322643,1791484426206,1791484426206,
363e1809-f936-40c2-a8e2-df8c3141a0b9,PROVIDER,1200,1,did:web:ssi-dim-wallet-service.identity:BPNL00000003AZQP,336a0057-12b3-43b0-a0b1-4d85d4f52dd2,1791484322742,1791484426405,1791484426405,
11c9d5ac-1c9c-4ac4-a789-8dc51ab967d4,PROVIDER,1200,1,did:web:ssi-dim-wallet-service.identity:BPNL00000003AZQP,56692a3f-e4fa-4db4-8bd2-ae96f1d738da,1791484322834,1791484426107,1791484426107,
5288ff0e-9ff1-4ceb-916e-1998f5bcf46f,PROVIDER,1200,1,did:web:ssi-dim-wallet-service.identity:BPNL00000003AZQP,e7d99062-8d60-4673-823c-63f0a3a41242,1791484322911,1791484426568,1791484426568,
f9aead50-9150-469d-8d87-cc4725012f5e,PROVIDER,1200,1,did:web:ssi-dim-wallet-service.identity:BPNL00000003AZQP,01df0063-ce4c-4e3a-b8a6-38056a6fed77,1791484323003,1791484426905,1791484426905,
18f7ac42-5caf-4c8e-b7bf-ea045f6c6257,PROVIDER,1200,1,did:web:ssi-dim-wallet-service.identity:BPNL00000003AZQP,5d1eb369-3128-4fd2-ba45-f6ed5c40895f,1791484323035,1791484426705,1791484426705,
d6c640b7-8183-477e-b106-622da8eb4fef,PROVIDER,1200,1,did:web:ssi-dim-wallet-service.identity:BPNL00000003AZQP,14b8045e-67e3-408f-bdd9-ee8ec25cfd95,1791484323042,1791484426714,1791484426714,
9ec6a04a-7081-4f2e-b8b4-8a702958a5a1,PROVIDER,1200,1,did:web:ssi-dim-wallet-service.identity:BPNL00000003AZQP,c5d7d6d0-b356-4d9e-b94f-a677faf34af3,1791484323237,1791484427705,1791484427705,
e3e7821e-f534-4829-8d85-e4f94cd6a7c1,PROVIDER,1200,1,did:web:ssi-dim-wallet-service.identity:BPNL00000003AZQP,15459f26-beb5-42e2-8060-138aeee72fff,1791484323404,1791484427705,1791484427705,
81241a82-7dd4-4215-8e1c-65544974d080,PROVIDER,1200,1,did:web:ssi-dim-wallet-service.identity:BPNL00000003AZQP,dfc51a56-4d81-4d58-b2de-7eacaaf4d170,1791484323406,1791484428405,1791484428405,
8251145d-ce0e-4a9c-b780-99dd07887e99,PROVIDER,1200,1,did:web:ssi-dim-wallet-service.identity:BPNL00000003AZQP,69e08717-14e7-4af3-8eb0-b5bc7319bb24,1791484323411,1791484427405,1791484427405,
9b17b706-286b-4dc7-8588-ff99ae6a3098,PROVIDER,1200,1,did:web:ssi-dim-wallet-service.identity:BPNL00000003AZQP,5253a4d7-eb64-4cb0-8019-7267b3d43b59,1791484323412,1791484427014,1791484427014,
d30038e6-d4ac-443e-a219-a00d4e4692f7,PROVIDER,1200,1,did:web:ssi-dim-wallet-service.identity:BPNL00000003AZQP,1b1d3e3b-3694-44c2-839a-ea7cedc694d2,1791484323504,1791484427129,1791484427129,
8e8293fd-3f7c-434c-b8d0-f500eb46f949,PROVIDER,1200,1,did:web:ssi-dim-wallet-service.identity:BPNL00000003AZQP,4e4ea2b0-d69c-4622-8589-ff2ed51157d9,1791484323610,1791484430026,1791484430026,
951e8637-4417-4feb-aa44-a2c5395cc515,PROVIDER,1200,1,did:web:ssi-dim-wallet-service.identity:BPNL00000003AZQP,a8ec6b79-c18e-41d9-aafd-c7ce77dfdceb,1791484323640,1791484427305,1791484427305,
ff60d3c0-c854-44dd-a43e-67a4b26283dd,PROVIDER,1200,1,did:web:ssi-dim-wallet-service.identity:BPNL00000003AZQP,583ab68f-af0d-4a01-bad9-78aeeef30468,1791484323642,1791484427907,1791484427907,
c5fc9810-932a-4ed0-9991-4a496dfa091e,PROVIDER,1200,1,did:web:ssi-dim-wallet-service.identity:BPNL00000003AZQP,3dac4fc5-3f40-4b82-8877-888e203477cb,1791484323736,1791484446119,1791484446119,
7451ee5f-d1f9-4b3a-9d35-2cc96ab87f56,PROVIDER,1200,1,did:web:ssi-dim-wallet-service.identity:BPNL00000003AZQP,24255446-e376-48d3-82f0-af947f74ba34,1791484323804,1791484445905,1791484445905,
383e1e1a-5924-4756-bc95-74c2656c55c1,PROVIDER,1400,1,did:web:ssi-dim-wallet-service.identity:BPNL00000003AZQP,2c2f804a-44c5-45c8-8fe8-e87e1e0bbca3,1791484323842,1791484448815,1791484448815,"Failed to send finalization to consumer: {""@type"":""ContractNegotiationError"",""code"":""409"",""reason"":[""Entity 760e3fae-8d26-4a6c-b87b-876b03bc1048 of kind edc_contract_negotiation is currently leased!""],""@context"":[""https://w3id.org/tractusx/auth/v1.0.0"",""https://w3id.org/catenax/2025/9/policy/context"
10ebc755-02fc-4742-8991-94d6e87810e4,PROVIDER,1200,1,did:web:ssi-dim-wallet-service.identity:BPNL00000003AZQP,66532f09-6762-4203-9450-396722dc8213,1791484323843,1791484446126,1791484446126,
2b0ae4ce-2ff1-421b-92b8-8ac7d0e0ed4b,PROVIDER,1200,1,did:web:ssi-dim-wallet-service.identity:BPNL00000003AZQP,88725d5b-8ca2-450f-a69e-0e05e5ac49b9,1791484323845,1791484446316,1791484446316,
ef554c92-7aca-4b50-bcfe-55c7d1ca00a1,PROVIDER,1200,1,did:web:ssi-dim-wallet-service.identity:BPNL00000003AZQP,e6bbc683-acfc-4c15-a063-3dbadc49600a,1791484323935,1791484447924,1791484447924,
e92c55a7-251f-4a43-b882-5a464298bf9a,PROVIDER,1200,1,did:web:ssi-dim-wallet-service.identity:BPNL00000003AZQP,c321254a-6113-4f24-9a34-77bc7cb95c9e,1791484324105,1791484446005,1791484446005,
b0b99ab2-9a1d-429f-860d-ae6d0d9f30d8,PROVIDER,1400,1,did:web:ssi-dim-wallet-service.identity:BPNL00000003AZQP,1dd9d760-0e1a-4dda-a09b-6d13fdae6e41,1791484324107,1791484446518,1791484446518,"Failed to send finalization to consumer: {""@type"":""ContractNegotiationError"",""code"":""409"",""reason"":[""Entity 91bd46a5-92cc-409e-b4ad-9bed2f43ad1f of kind edc_contract_negotiation is currently leased!""],""@context"":[""https://w3id.org/tractusx/auth/v1.0.0"",""https://w3id.org/catenax/2025/9/policy/context"
146327fb-fd32-49f0-b785-d5e6f1b6a262,PROVIDER,1400,1,did:web:ssi-dim-wallet-service.identity:BPNL00000003AZQP,1beedfcb-68a1-4a50-ba8c-556e58e7c4af,1791484324135,1791484448219,1791484448219,"Failed to send finalization to consumer: {""@type"":""ContractNegotiationError"",""code"":""409"",""reason"":[""Entity c8ab512b-eaa5-4f70-9657-f86d28a4afdd of kind edc_contract_negotiation is currently leased!""],""@context"":[""https://w3id.org/tractusx/auth/v1.0.0"",""https://w3id.org/catenax/2025/9/policy/context"
3811d84a-9351-4f09-851e-1b581dc0d2e6,PROVIDER,1200,1,did:web:ssi-dim-wallet-service.identity:BPNL00000003AZQP,ecb87972-531a-4d56-9a5a-48ada0a5d42f,1791484324144,1791484451569,1791484451569,
1fe9e7b0-17de-4db6-8dac-5dbfcbdfc9ec,PROVIDER,1400,1,did:web:ssi-dim-wallet-service.identity:BPNL00000003AZQP,291094f4-4cd5-4d5b-a9f3-ce65a3bcaddd,1791484324308,1791484449406,1791484449406,"Failed to send finalization to consumer: {""@type"":""ContractNegotiationError"",""code"":""409"",""reason"":[""Entity c035f08a-1e65-42c4-bf5b-e3afa030c23b of kind edc_contract_negotiation is currently leased!""],""@context"":[""https://w3id.org/tractusx/auth/v1.0.0"",""https://w3id.org/catenax/2025/9/policy/context"
cdd2e27b-31ac-4688-8373-6756947282b8,PROVIDER,1200,1,did:web:ssi-dim-wallet-service.identity:BPNL00000003AZQP,478a03a7-a958-4fa8-94a6-2b1774ce88f6,1791484324339,1791484448005,1791484448005,
7dd7add4-49d7-4024-8944-61062b3a24bf,PROVIDER,1200,1,did:web:ssi-dim-wallet-service.identity:BPNL00000003AZQP,21365497-cffe-4ac9-a2a4-7a77d9c4458a,1791484324341,1791484448905,1791484448905,
ba31c471-7110-4f97-8141-7864962fb9c9,PROVIDER,1200,1,did:web:ssi-dim-wallet-service.identity:BPNL00000003AZQP,f9dd1cf6-25fa-466b-bafa-d8384984a873,1791484324343,1791484449517,1791484449517,
574a3387-0811-47c3-a083-1e95caa87f83,PROVIDER,1200,1,did:web:ssi-dim-wallet-service.identity:BPNL00000003AZQP,48d6d001-c682-4fea-b3dd-61a9900cf032,1791484324434,1791484450030,1791484450030,
db407ad8-5516-4c6e-8aa0-9d840e36cce7,PROVIDER,1200,1,did:web:ssi-dim-wallet-service.identity:BPNL00000003AZQP,7fb7e074-b0d4-4f3c-be9a-2cc6ca39a6d6,1791484324443,1791484449605,1791484449605,
4ef3044c-3f12-4807-8d67-49a958dba007,PROVIDER,1400,1,did:web:ssi-dim-wallet-service.identity:BPNL00000003AZQP,ecfaac80-1be2-4b47-bcb2-fc43a7af6844,1791484324446,1791484451782,1791484451782,"Failed to send finalization to consumer: {""@type"":""ContractNegotiationError"",""code"":""409"",""reason"":[""Entity ab790c56-a749-441b-b545-862dd349e51f of kind edc_contract_negotiation is currently leased!""],""@context"":[""https://w3id.org/tractusx/auth/v1.0.0"",""https://w3id.org/catenax/2025/9/policy/context"
0de9229c-2ba1-45cf-939a-ce0355dbbc46,PROVIDER,1200,1,did:web:ssi-dim-wallet-service.identity:BPNL00000003AZQP,0d2ddd81-6a33-43fe-9568-e7ff924c48e0,1791484324505,1791484450322,1791484450322,
9edf2cbf-1b17-4b7c-a85e-9b75c4d2dafb,PROVIDER,1200,1,did:web:ssi-dim-wallet-service.identity:BPNL00000003AZQP,688a30ee-7331-404d-b843-ba1a8a0bfbd8,1791484324637,1791484450106,1791484450106,
3888625c-338d-4e72-bca9-6f0729c831ff,PROVIDER,1200,1,did:web:ssi-dim-wallet-service.identity:BPNL00000003AZQP,473a7876-363b-49bb-b081-ab5d3aa699cb,1791484324704,1791484450330,1791484450330,
b441d665-35df-4c0b-9870-9b18410bc348,PROVIDER,1400,1,did:web:ssi-dim-wallet-service.identity:BPNL00000003AZQP,ae460018-04a0-4ca0-a217-15dd1c321b04,1791484324840,1791484471705,1791484471705,"Failed to send finalization to consumer: {""@type"":""ContractNegotiationError"",""code"":""409"",""reason"":[""Entity 3aa2144a-4291-442f-8028-e356e22e85f1 of kind edc_contract_negotiation is currently leased!""],""@context"":[""https://w3id.org/tractusx/auth/v1.0.0"",""https://w3id.org/catenax/2025/9/policy/context"
b802b00c-11a3-4438-8b23-80f8244b54b3,PROVIDER,1200,1,did:web:ssi-dim-wallet-service.identity:BPNL00000003AZQP,40ff0bf0-7e54-4ac1-83f6-37b64f63de0f,1791484324847,1791484471017,1791484471017,
290070f5-f7fe-44c1-8fcf-fca5f563b7a4,PROVIDER,1400,1,did:web:ssi-dim-wallet-service.identity:BPNL00000003AZQP,e734c6d7-9286-45b9-8eb0-f4e86510a310,1791484324933,1791484471968,1791484471968,"Failed to send finalization to consumer: {""@type"":""ContractNegotiationError"",""code"":""409"",""reason"":[""Entity 6b16d08b-28af-478a-82ae-72d133b4701a of kind edc_contract_negotiation is currently leased!""],""@context"":[""https://w3id.org/tractusx/auth/v1.0.0"",""https://w3id.org/catenax/2025/9/policy/context"
e98ed635-442d-4c6c-a215-34a4c0697346,PROVIDER,1400,1,did:web:ssi-dim-wallet-service.identity:BPNL00000003AZQP,8cda0da3-958c-4e68-8dbe-8e29b02f2850,1791484324937,1791484471977,1791484471977,"Failed to send finalization to consumer: {""@type"":""ContractNegotiationError"",""code"":""409"",""reason"":[""Entity 9342d3c0-30ef-49e8-9271-bf6a2f98a3fd of kind edc_contract_negotiation is currently leased!""],""@context"":[""https://w3id.org/tractusx/auth/v1.0.0"",""https://w3id.org/catenax/2025/9/policy/context"
63ed2596-bca0-4bd5-af48-21966a2c5168,PROVIDER,1200,1,did:web:ssi-dim-wallet-service.identity:BPNL00000003AZQP,82806704-ba3a-4822-ba63-a6e55fc589cd,1791484324946,1791484470980,1791484470980,
579cc7ee-013c-4819-b7e0-cbdf507366f4,PROVIDER,1400,1,did:web:ssi-dim-wallet-service.identity:BPNL00000003AZQP,cef82a0f-5de4-44d4-a8d6-6bbb121eea17,1791484325235,1791484473935,1791484473935,"Failed to send finalization to consumer: {""@type"":""ContractNegotiationError"",""code"":""409"",""reason"":[""Entity c68d77db-587c-4fbd-aa6f-ee78480cc02a of kind edc_contract_negotiation is currently leased!""],""@context"":[""https://w3id.org/tractusx/auth/v1.0.0"",""https://w3id.org/catenax/2025/9/policy/context"
21e73c25-4c35-482e-9ccb-780487f6cd5c,PROVIDER,1200,1,did:web:ssi-dim-wallet-service.identity:BPNL00000003AZQP,12138db5-379a-4611-94d3-36d607e04209,1791484325433,1791484470986,1791484470986,
9006895a-b113-4e4a-94a4-439f16fc8db1,PROVIDER,1400,1,did:web:ssi-dim-wallet-service.identity:BPNL00000003AZQP,58a5de6d-aaee-4c8e-b20d-e525b224f9fa,1791484325504,1791484474171,1791484474171,"Failed to send finalization to consumer: {""@type"":""ContractNegotiationError"",""code"":""409"",""reason"":[""Entity 9b1bf49f-8ebb-4931-aaa1-0f047020bf46 of kind edc_contract_negotiation is currently leased!""],""@context"":[""https://w3id.org/tractusx/auth/v1.0.0"",""https://w3id.org/catenax/2025/9/policy/context"
de6e9651-4a2e-4bf1-9f3a-719e9b1e1c07,PROVIDER,1400,1,did:web:ssi-dim-wallet-service.identity:BPNL00000003AZQP,c2a5f4b5-1eb4-4c1c-bcba-8ebaf1044de1,1791484325705,1791484474706,1791484474706,"Failed to send finalization to consumer: {""@type"":""ContractNegotiationError"",""code"":""409"",""reason"":[""Entity 6386edd6-9f1e-4fcc-93d5-217517713eaf of kind edc_contract_negotiation is currently leased!""],""@context"":[""https://w3id.org/tractusx/auth/v1.0.0"",""https://w3id.org/catenax/2025/9/policy/context"
1b91df37-8ecf-4827-97bb-c9f15e29841e,PROVIDER,1200,1,did:web:ssi-dim-wallet-service.identity:BPNL00000003AZQP,886c8c4e-5a62-47e1-ad74-cf9fc2ef630e,1791484325706,1791484472734,1791484472734,
0df2e887-9674-42b5-b8c6-91a1a1320ddd,PROVIDER,1200,1,did:web:ssi-dim-wallet-service.identity:BPNL00000003AZQP,621cac52-b685-4e09-8f34-90d67e3ebffd,1791484325845,1791484472668,1791484472668,
0ad3ea5c-6d29-4172-b470-2f701dab1f29,PROVIDER,1200,1,did:web:ssi-dim-wallet-service.identity:BPNL00000003AZQP,22700ae7-f1f2-4d87-aba7-ccfe53a70275,1791484326041,1791484473286,1791484473286,
cd394f69-de4e-4ab8-9de0-5a302d6ae916,PROVIDER,1200,1,did:web:ssi-dim-wallet-service.identity:BPNL00000003AZQP,8db124c5-be0a-4989-a8b5-dac2fb6d1ba3,1791484326134,1791484472977,1791484472977,
b7cd8cba-8e00-4d53-a7f4-4ce5e6f59668,PROVIDER,1200,1,did:web:ssi-dim-wallet-service.identity:BPNL00000003AZQP,365e263a-6c6b-4678-a8ea-e45f551acecc,1791484326134,1791484474135,1791484474135,
492b1a70-ec7e-49d0-8a76-44dc7c63ac3e,PROVIDER,1200,1,did:web:ssi-dim-wallet-service.identity:BPNL00000003AZQP,7a7f0653-5559-476d-b2b5-0cc283983ae5,1791484326335,1791484473169,1791484473169,
905451a2-f3ba-4d61-8851-2703d3451a3c,PROVIDER,1200,1,did:web:ssi-dim-wallet-service.identity:BPNL00000003AZQP,18d07e8d-b2e1-49a7-8593-a8408366023c,1791484326536,1791484476279,1791484476279,
1f83f58e-f06f-4a20-a418-20acca78ccc6,PROVIDER,1200,1,did:web:ssi-dim-wallet-service.identity:BPNL00000003AZQP,4d842843-caa8-4a32-a07e-2b5a27032db9,1791484326540,1791484475134,1791484475134,
55b17096-4ac1-43fd-806a-71e8a8fdae53,PROVIDER,1200,1,did:web:ssi-dim-wallet-service.identity:BPNL00000003AZQP,ae91f7f8-cff9-4506-b7f1-6013b4ed2f40,1791484326543,1791484475505,1791484475505,
d88be1f5-f8b0-43e2-93b2-04c4206e2572,PROVIDER,1200,1,did:web:ssi-dim-wallet-service.identity:BPNL00000003AZQP,a40c12b8-6231-47f0-b81d-f07f473f0d24,1791484326843,1791484475484,1791484475484,
f1c22155-7b8a-4c3c-8109-1ed7495776f1,PROVIDER,1200,1,did:web:ssi-dim-wallet-service.identity:BPNL00000003AZQP,5e2a827e-2be0-490b-94ee-0c6d1e34042e,1791484326909,1791484478505,1791484478505,
07b2229d-68a7-48b4-aa10-de6b3d355063,PROVIDER,1200,1,did:web:ssi-dim-wallet-service.identity:BPNL00000003AZQP,263c5229-4a76-4d73-afb1-42d452ccead0,1791484326937,1791484494834,1791484494834,
d54af4a6-8cd1-428f-958e-5be0ae2a4785,PROVIDER,1200,1,did:web:ssi-dim-wallet-service.identity:BPNL00000003AZQP,6f1897cb-6bdf-4537-8da5-78921d51f71b,1791484327135,1791484494868,1791484494868,
d13f8ace-bca2-4df2-8ff0-1d8728825a45,PROVIDER,1200,1,did:web:ssi-dim-wallet-service.identity:BPNL00000003AZQP,e31e1155-6bf6-432c-a9a1-45b629fbaad5,1791484327136,1791484494880,1791484494880,
6d98cb4e-1366-4201-af5c-22a8485ce21c,PROVIDER,1200,1,did:web:ssi-dim-wallet-service.identity:BPNL00000003AZQP,d59d019b-d19f-4c9f-acd2-1df50ea80856,1791484327234,1791484494968,1791484494968,
d4fc262c-c92d-4f91-925e-01d5f7f5e5ba,PROVIDER,1200,1,did:web:ssi-dim-wallet-service.identity:BPNL00000003AZQP,8b94711f-cd18-4706-a61e-80320b3c54a8,1791484327304,1791484494842,1791484494842,
a7582f3f-edc7-4ec3-adeb-602993dab91c,PROVIDER,1400,1,did:web:ssi-dim-wallet-service.identity:BPNL00000003AZQP,d3e9f94f-5617-447b-bb1f-20219c7131c7,1791484327441,1791484500005,1791484500005,"Failed to send finalization to consumer: {""@type"":""ContractNegotiationError"",""code"":""409"",""reason"":[""Cannot process ContractNegotiationEventMessage because negotiation cannot be finalized""],""@context"":[""https://w3id.org/tractusx/auth/v1.0.0"",""https://w3id.org/catenax/2025/9/policy/context.jsonld"",""h"
7af7d43b-a2bd-4abf-b44d-1ca56d152e95,PROVIDER,1200,1,did:web:ssi-dim-wallet-service.identity:BPNL00000003AZQP,d81d7e3e-4aa8-4d14-9e52-a5e63254cc21,1791484327443,1791484497068,1791484497068,
1e77638f-9ae8-487b-a7d8-23007ea35779,PROVIDER,1200,1,did:web:ssi-dim-wallet-service.identity:BPNL00000003AZQP,f61b785f-6515-4d29-b38a-43b204eac971,1791484327704,1791484496172,1791484496172,
a97dc661-e862-446e-a4af-28fd294a3251,PROVIDER,1400,1,did:web:ssi-dim-wallet-service.identity:BPNL00000003AZQP,98012d06-8a18-45bd-87dd-d7133b7c96ef,1791484327836,1791484499521,1791484499521,"Failed to send finalization to consumer: {""@type"":""ContractNegotiationError"",""code"":""409"",""reason"":[""Entity 8ede33ab-c906-4fe9-a19a-785bd0ca7c07 of kind edc_contract_negotiation is currently leased!""],""@context"":[""https://w3id.org/tractusx/auth/v1.0.0"",""https://w3id.org/catenax/2025/9/policy/context"
949bd3d5-ce7a-4e92-a5d5-c0e180668953,PROVIDER,1200,1,did:web:ssi-dim-wallet-service.identity:BPNL00000003AZQP,d4349e54-f7e4-4abb-ac94-dca7364bc137,1791484328133,1791484496476,1791484496476,
4cd03516-f214-4302-a196-9e23dafb6582,PROVIDER,1200,1,did:web:ssi-dim-wallet-service.identity:BPNL00000003AZQP,36fed306-8ab8-4ee1-a329-562567ddc368,1791484328134,1791484498384,1791484498384,
e922a444-3c99-4674-aed3-b34a0fab6404,PROVIDER,1200,1,did:web:ssi-dim-wallet-service.identity:BPNL00000003AZQP,9f72e0b8-ce92-4b94-982a-d71b2a3280e8,1791484328206,1791484498406,1791484498406,
a3715a61-e992-42b3-b4c4-8d17d56471d7,PROVIDER,1200,1,did:web:ssi-dim-wallet-service.identity:BPNL00000003AZQP,eb0c7536-1cbd-4531-b27c-b305b1093884,1791484328206,1791484498105,1791484498105,
a061aaf0-0745-4b2a-8b39-25dc9e6dc99f,PROVIDER,1200,1,did:web:ssi-dim-wallet-service.identity:BPNL00000003AZQP,746f4d9b-3c8e-46ea-bc5a-3e1d5c117213,1791484328347,1791484497932,1791484497932,
70fdeae8-4134-4364-bf38-9f363299a486,PROVIDER,1200,1,did:web:ssi-dim-wallet-service.identity:BPNL00000003AZQP,8d870fee-d90e-49d4-b2cc-50e07d70131e,1791484328440,1791484497806,1791484497806,
6bb902eb-f279-4387-b256-a51a368f6387,PROVIDER,1200,1,did:web:ssi-dim-wallet-service.identity:BPNL00000003AZQP,cc67f182-ef9c-4acd-9743-9a4cca2dba9c,1791484328704,1791484500468,1791484500468,
44afa06c-70b2-4d82-aa95-77191058bb24,PROVIDER,1200,1,did:web:ssi-dim-wallet-service.identity:BPNL00000003AZQP,7ea1b684-d5ae-41cd-ab44-586e683a0a64,1791484328734,1791484498970,1791484498970,
491b3837-63b7-459e-9153-b8bc41d70043,PROVIDER,1200,1,did:web:ssi-dim-wallet-service.identity:BPNL00000003AZQP,1057e685-cdd0-4dd0-a51d-2631742e03ae,1791484328803,1791484501209,1791484501209,
daf49390-20bd-4104-9a87-661e57d0eee0,PROVIDER,1200,1,did:web:ssi-dim-wallet-service.identity:BPNL00000003AZQP,748ea821-2ce4-4b89-8508-b28b77b447bb,1791484328804,1791484500923,1791484500923,
bfec04e5-3e87-4de3-a43e-5750673764dc,PROVIDER,1200,1,did:web:ssi-dim-wallet-service.identity:BPNL00000003AZQP,0cc582f7-e999-4537-b6df-987c3ee75105,1791484329004,1791484527421,1791484527421,
479e460b-c82f-4942-be11-1d0ef6ebe485,PROVIDER,1200,1,did:web:ssi-dim-wallet-service.identity:BPNL00000003AZQP,a16a0cb5-3d5a-44a7-a148-60c08406aae8,1791484329043,1791484500307,1791484500307,
221ffb5c-19a0-434c-8914-d67e1e87db13,PROVIDER,1200,1,did:web:ssi-dim-wallet-service.identity:BPNL00000003AZQP,350a1d9d-6fb0-4cb7-a029-e69e4637c884,1791484329048,1791484530607,1791484530607,
b3908bc6-7e2f-4d3e-b940-1a3459bbba69,PROVIDER,1400,1,did:web:ssi-dim-wallet-service.identity:BPNL00000003AZQP,a67c0c3b-3d8f-451c-b1ce-d15191104863,1791484329134,1791484534068,1791484534068,"Failed to send finalization to consumer: {""@type"":""ContractNegotiationError"",""code"":""409"",""reason"":[""Entity 0cf71426-999d-4942-8b41-fa45cbec045d of kind edc_contract_negotiation is currently leased!""],""@context"":[""https://w3id.org/tractusx/auth/v1.0.0"",""https://w3id.org/catenax/2025/9/policy/context"
795c3277-09a0-49a3-ab4a-5446413f4b54,PROVIDER,1400,1,did:web:ssi-dim-wallet-service.identity:BPNL00000003AZQP,3d6fbee4-00e3-4df4-b6a3-aafb30116009,1791484329334,1791484530276,1791484530276,"Failed to send finalization to consumer: {""@type"":""ContractNegotiationError"",""code"":""409"",""reason"":[""Entity 6195adb8-dad8-4021-875d-a003291ef1f8 of kind edc_contract_negotiation is currently leased!""],""@context"":[""https://w3id.org/tractusx/auth/v1.0.0"",""https://w3id.org/catenax/2025/9/policy/context"
82dc1154-4f01-49d3-be57-9c821485acea,PROVIDER,1200,1,did:web:ssi-dim-wallet-service.identity:BPNL00000003AZQP,18172f99-6e6d-4eea-8a62-afba343e8bc4,1791484329434,1791484529932,1791484529932,
b995c0d7-416d-45de-8d89-b810c23b4227,PROVIDER,1200,1,did:web:ssi-dim-wallet-service.identity:BPNL00000003AZQP,f1e41cb5-2c90-4ab7-9eca-0e63d573fa90,1791484329534,1791484532874,1791484532874,
2bfdba90-db1c-43cc-90f5-ace1cbf9cf82,PROVIDER,1200,1,did:web:ssi-dim-wallet-service.identity:BPNL00000003AZQP,9e8486ea-0f71-4d0a-a76f-1bf41f2bfd3b,1791484330335,1791484530120,1791484530120,
db43ee95-a0b3-4dcd-a05d-3aed84b7acab,PROVIDER,1200,1,did:web:ssi-dim-wallet-service.identity:BPNL00000003AZQP,965dece0-e865-461f-9c88-bd0076171eae,1791484330404,1791484532421,1791484532421,
0c5262f2-a801-4536-8be6-7b734adbd633,PROVIDER,1400,1,did:web:ssi-dim-wallet-service.identity:BPNL00000003AZQP,b1f5ffbe-a705-42ed-8118-c09422c7b6c5,1791484330436,1791484536420,1791484536420,"Failed to send finalization to consumer: {""@type"":""ContractNegotiationError"",""code"":""409"",""reason"":[""Entity 9acd4308-e192-4cd6-9c15-42091f619029 of kind edc_contract_negotiation is currently leased!""],""@context"":[""https://w3id.org/tractusx/auth/v1.0.0"",""https://w3id.org/catenax/2025/9/policy/context"
2bf82ddf-0019-433a-8e43-cce39eb01809,PROVIDER,1200,1,did:web:ssi-dim-wallet-service.identity:BPNL00000003AZQP,67b3ebb3-977f-41c8-b349-53ed28d265a9,1791484330538,1791484530768,1791484530768,
ab829d67-aab8-4954-9154-62c348885379,PROVIDER,1200,1,did:web:ssi-dim-wallet-service.identity:BPNL00000003AZQP,90afa616-5c48-4aaf-8c60-0013ed7b5304,1791484330605,1791484533268,1791484533268,
a958e926-3858-4cd7-bb16-596cdaec257c,PROVIDER,1200,1,did:web:ssi-dim-wallet-service.identity:BPNL00000003AZQP,dec04e1a-7d38-4aa5-9a28-23e20430caa0,1791484330611,1791484531205,1791484531205,
910607b0-b6ab-4921-bc5b-2de861140e55,PROVIDER,1200,1,did:web:ssi-dim-wallet-service.identity:BPNL00000003AZQP,32de6748-2b1b-49a8-845f-6ad4b8368e8e,1791484330646,1791484533168,1791484533168,
d08d63cf-fc56-4aea-82e6-e330cae38999,PROVIDER,1200,1,did:web:ssi-dim-wallet-service.identity:BPNL00000003AZQP,a563445e-fd85-4024-8960-6547dd330a7a,1791484330733,1791484533068,1791484533068,
6dde9aa4-9e63-4bfa-820a-99c2ac63e358,PROVIDER,1200,1,did:web:ssi-dim-wallet-service.identity:BPNL00000003AZQP,bcac5985-29f9-4bd5-b08f-d4a283022672,1791484330734,1791484534709,1791484534709,
b2220c6a-d581-48ed-ad7e-da9f93354f0e,PROVIDER,1200,1,did:web:ssi-dim-wallet-service.identity:BPNL00000003AZQP,eccf593f-3aa7-4610-85cf-2013824740a2,1791484330841,1791484532882,1791484532882,
39ee0796-46b4-448f-95d4-37986f627ee3,PROVIDER,1200,1,did:web:ssi-dim-wallet-service.identity:BPNL00000003AZQP,6f01a46b-e75a-4e63-bbce-a5757c72c662,1791484330842,1791484535823,1791484535823,
19ec95a7-9465-4595-8285-9b4ca22c0a9d,PROVIDER,1200,1,did:web:ssi-dim-wallet-service.identity:BPNL00000003AZQP,ab5ea6d5-b4d8-432c-b91f-55fdc2a9de8a,1791484330844,1791484534308,1791484534308,
39c71f5e-8621-45af-b3b4-96436d33ed69,PROVIDER,1400,1,did:web:ssi-dim-wallet-service.identity:BPNL00000003AZQP,f463fdc9-7cfa-40fe-8d16-a7281b99a01d,1791484330847,1791484557983,1791484557983,"Failed to send finalization to consumer: {""@type"":""ContractNegotiationError"",""code"":""409"",""reason"":[""Entity d9da99c1-2c79-409a-b2f5-8356a2d5c124 of kind edc_contract_negotiation is currently leased!""],""@context"":[""https://w3id.org/tractusx/auth/v1.0.0"",""https://w3id.org/catenax/2025/9/policy/context"
04fbfbaf-e780-4a0a-9002-5bc17a19b263,PROVIDER,1200,1,did:web:ssi-dim-wallet-service.identity:BPNL00000003AZQP,f41393ba-ce6f-4ffa-a248-5ca2fae6ff1b,1791484330904,1791484534474,1791484534474,
a731ba91-03b8-4edb-9601-76698eb3e3f9,PROVIDER,1200,1,did:web:ssi-dim-wallet-service.identity:BPNL00000003AZQP,6c71a5e4-de79-4f9b-9358-b6f478f5cd51,1791484330944,1791484537205,1791484537205,
3f7ec302-3d21-45c4-8125-5e76c6d7f2cf,PROVIDER,1400,1,did:web:ssi-dim-wallet-service.identity:BPNL00000003AZQP,5045e1ae-1093-41c1-b908-4661d001e34e,1791484330945,1791484556625,1791484556625,"Failed to send termination to counter party: {""@type"":""ContractNegotiationError"",""code"":""409"",""reason"":[""Entity 1ba3b317-2edb-4fe5-9e02-328164dab1ee of kind edc_contract_negotiation is currently leased!""],""@context"":[""https://w3id.org/tractusx/auth/v1.0.0"",""https://w3id.org/catenax/2025/9/policy/con"
6a617850-5752-432d-b9c9-c169bcdf32e2,PROVIDER,1400,1,did:web:ssi-dim-wallet-service.identity:BPNL00000003AZQP,123e7ea4-5459-4ae5-9ce7-63f1cf846481,1791484331104,1791484559406,1791484559406,"Failed to send finalization to consumer: {""@type"":""ContractNegotiationError"",""code"":""409"",""reason"":[""Cannot process ContractNegotiationEventMessage because negotiation cannot be finalized""],""@context"":[""https://w3id.org/tractusx/auth/v1.0.0"",""https://w3id.org/catenax/2025/9/policy/context.jsonld"",""h"
4dd35e65-3c72-46c9-afe4-974bbdfc26c7,PROVIDER,1400,1,did:web:ssi-dim-wallet-service.identity:BPNL00000003AZQP,65f919b7-22df-4404-b134-0b9c178d42b0,1791484331105,1791484560635,1791484560635,"Failed to send finalization to consumer: {""@type"":""ContractNegotiationError"",""code"":""409"",""reason"":[""Entity 818f07fe-017c-43d6-bf07-dcd9b869fc57 of kind edc_contract_negotiation is currently leased!""],""@context"":[""https://w3id.org/tractusx/auth/v1.0.0"",""https://w3id.org/catenax/2025/9/policy/context"
20602fae-a619-4d25-aecf-a9904b9adb8c,PROVIDER,1400,1,did:web:ssi-dim-wallet-service.identity:BPNL00000003AZQP,edee47c5-d11d-4ede-b190-846be406eb8e,1791484331135,1791484558182,1791484558182,"Failed to send finalization to consumer: {""@type"":""ContractNegotiationError"",""code"":""409"",""reason"":[""Entity f1f704b5-e1c2-43bb-b59f-53612ff5dad7 of kind edc_contract_negotiation is currently leased!""],""@context"":[""https://w3id.org/tractusx/auth/v1.0.0"",""https://w3id.org/catenax/2025/9/policy/context"
e02bce1c-2c8d-4022-831f-25e7ed429744,PROVIDER,1200,1,did:web:ssi-dim-wallet-service.identity:BPNL00000003AZQP,2f28f51f-c904-4056-8791-23e1711f5701,1791484331204,1791484563920,1791484563920,
58303167-6d9d-4e7c-b64a-eacd3cc8b307,PROVIDER,1400,1,did:web:ssi-dim-wallet-service.identity:BPNL00000003AZQP,da922a7a-97cd-44d4-9403-d8c5bcdde2fc,1791484333244,1791484564368,1791484564368,"Failed to send finalization to consumer: {""@type"":""ContractNegotiationError"",""code"":""409"",""reason"":[""Entity 112456f6-356d-4f2c-b94a-c3d627af0280 of kind edc_contract_negotiation is currently leased!""],""@context"":[""https://w3id.org/tractusx/auth/v1.0.0"",""https://w3id.org/catenax/2025/9/policy/context"
8334d0dc-832e-4819-9114-f0dc1fab2dc4,PROVIDER,1200,1,did:web:ssi-dim-wallet-service.identity:BPNL00000003AZQP,b5e57906-068f-44f6-b0d8-548a8d40d09c,1791484333303,1791484560225,1791484560225,
fc06878f-6d27-4857-a068-654d37076262,PROVIDER,1200,1,did:web:ssi-dim-wallet-service.identity:BPNL00000003AZQP,4594c742-257c-41bd-9104-bb68b36bc53c,1791484333337,1791484561226,1791484561226,
34dd9268-c777-477d-a7ef-1a04c728981a,PROVIDER,1200,1,did:web:ssi-dim-wallet-service.identity:BPNL00000003AZQP,cd7118d8-ba5b-4789-8608-90c0b921ef5a,1791484333346,1791484562506,1791484562506,
b8bbe9ac-ba4b-4e3f-82f1-998c455339b1,PROVIDER,1200,1,did:web:ssi-dim-wallet-service.identity:BPNL00000003AZQP,99e625ea-4c0e-4733-aeb1-980ceb9292be,1791484333403,1791484563020,1791484563020,
fd129cd3-8510-4c1a-a7ca-00d17e587550,PROVIDER,1200,1,did:web:ssi-dim-wallet-service.identity:BPNL00000003AZQP,35cb2c61-62c5-496a-bdc4-34043472f515,1791484333507,1791484563381,1791484563381,
9065c475-1a4e-44c5-bb4f-ece0f4a95dc3,PROVIDER,1200,1,did:web:ssi-dim-wallet-service.identity:BPNL00000003AZQP,3f1964f7-69a4-4621-a05b-73653f404b44,1791484333533,1791484560131,1791484560131,
1d7d390d-9647-4dde-802b-dbbd7001b3f0,PROVIDER,1200,1,did:web:ssi-dim-wallet-service.identity:BPNL00000003AZQP,c5ff4978-d84e-4522-84ed-fa936b2b8cdb,1791484333643,1791484561108,1791484561108,
56d11a19-6e56-4155-a5cc-bf50c120edf2,PROVIDER,1200,1,did:web:ssi-dim-wallet-service.identity:BPNL00000003AZQP,b791b91b-f9da-4140-b6d9-9bf6aa1530ef,1791484333734,1791484561721,1791484561721,
c16b0b16-7bb4-4925-831c-150baaa1b848,PROVIDER,1400,1,did:web:ssi-dim-wallet-service.identity:BPNL00000003AZQP,20602f69-7975-4bee-b416-6d3d7760dd09,1791484333835,1791484564129,1791484564129,"Failed to send finalization to consumer: {""@type"":""ContractNegotiationError"",""code"":""409"",""reason"":[""Entity a233a826-940e-4953-bae0-fd227b962baf of kind edc_contract_negotiation is currently leased!""],""@context"":[""https://w3id.org/tractusx/auth/v1.0.0"",""https://w3id.org/catenax/2025/9/policy/context"
61f87faa-3fab-40b6-a1d9-20d58a679325,PROVIDER,1200,1,did:web:ssi-dim-wallet-service.identity:BPNL00000003AZQP,19e122a8-b9c3-4b63-94d1-203d54a3dc55,1791484333844,1791484562405,1791484562405,
84aaef65-a45b-4ecf-9362-be6e25d418a5,PROVIDER,1200,1,did:web:ssi-dim-wallet-service.identity:BPNL00000003AZQP,92d13b5c-272c-4358-9c97-cb2556cab359,1791484333910,1791484562076,1791484562076,
5b2de3cd-18b3-45d8-b986-008d458374f1,PROVIDER,1200,1,did:web:ssi-dim-wallet-service.identity:BPNL00000003AZQP,1259d71b-d011-4526-a8fe-52ac2914b51f,1791484334146,1791484565068,1791484565068,
12a6eb7a-6604-4310-af37-b3255be2c597,PROVIDER,1200,1,did:web:ssi-dim-wallet-service.identity:BPNL00000003AZQP,2f99d9ef-b6b1-4434-a931-ae0da3cad101,1791484334234,1791484568119,1791484568119,
569a09c7-44a4-4ae3-84e4-628935876384,PROVIDER,1200,1,did:web:ssi-dim-wallet-service.identity:BPNL00000003AZQP,b3c01969-48d9-475b-9e2e-3169c491b986,1791484334241,1791484599823,1791484599823,
4ea5bc04-e441-43fb-9f2b-7e6613bd7f8e,PROVIDER,1200,1,did:web:ssi-dim-wallet-service.identity:BPNL00000003AZQP,36cb6acf-e745-40c9-b0c0-d81e970c38c2,1791484334346,1791484600829,1791484600829,
30d6e622-0254-4d85-9de1-75d5b075ecab,PROVIDER,1200,1,did:web:ssi-dim-wallet-service.identity:BPNL00000003AZQP,8e1fe729-409f-414c-885f-d601b72b951e,1791484334408,1791484604606,1791484604606,
c5caa2db-3173-425d-82de-a90df7d34d53,PROVIDER,1400,1,did:web:ssi-dim-wallet-service.identity:BPNL00000003AZQP,6cac853c-c6a3-41fb-8cb5-599fea7606d0,1791484334433,1791484604906,1791484604906,"Failed to send finalization to consumer: {""@type"":""ContractNegotiationError"",""code"":""409"",""reason"":[""Entity 914c1753-3f72-452c-9f19-63e4d626f389 of kind edc_contract_negotiation is currently leased!""],""@context"":[""https://w3id.org/tractusx/auth/v1.0.0"",""https://w3id.org/catenax/2025/9/policy/context"
7da0408b-aa63-4e70-a78f-aa9547cde9b1,PROVIDER,1200,1,did:web:ssi-dim-wallet-service.identity:BPNL00000003AZQP,460372bb-13b1-4a68-bb68-57d1bc0ba69f,1791484334438,1791484603289,1791484603289,
8e0e9f7f-e1af-4a7e-87df-d6448d1e12d4,PROVIDER,1200,1,did:web:ssi-dim-wallet-service.identity:BPNL00000003AZQP,7af0e96a-dc98-4177-8c37-4caf5c3e46ce,1791484334444,1791484603571,1791484603571,
03b651a1-1af5-446c-a62b-65cc9abb0e1c,PROVIDER,1200,1,did:web:ssi-dim-wallet-service.identity:BPNL00000003AZQP,ebed568e-2eb7-43bb-9e53-af1815bb96e8,1791484334551,1791484605515,1791484605515,
b5385df9-99d0-4409-9b13-b74bcfc4e718,PROVIDER,1200,1,did:web:ssi-dim-wallet-service.identity:BPNL00000003AZQP,4047bf59-c0d2-4999-a6fe-95cd9215cf96,1791484334642,1791484602121,1791484602121,
39c1ad9c-a154-4e27-b0d8-f4e17768b1ea,PROVIDER,1200,1,did:web:ssi-dim-wallet-service.identity:BPNL00000003AZQP,858bf67c-ab58-48bc-8d14-2e6cab58b098,1791484334844,1791484603678,1791484603678,
fac43ae9-1433-4cae-8e1d-7dfe49be0717,PROVIDER,1200,1,did:web:ssi-dim-wallet-service.identity:BPNL00000003AZQP,7df49037-19b4-4b1c-8378-d42f0d70d054,1791484334904,1791484607175,1791484607175,
98aac3e6-5c9b-4d9b-ba08-1f8225168f70,PROVIDER,1200,1,did:web:ssi-dim-wallet-service.identity:BPNL00000003AZQP,fb74b70b-fa91-4ed7-8206-4ecce8651d09,1791484335003,1791484603869,1791484603869,
31a609ff-0462-43d6-8742-b8a534b2919f,PROVIDER,1200,1,did:web:ssi-dim-wallet-service.identity:BPNL00000003AZQP,7d5ab6e1-7527-43be-ae83-81669b1d00c2,1791484335034,1791484607326,1791484607326,
eb72955c-b949-4605-b660-b936b7700aae,PROVIDER,1200,1,did:web:ssi-dim-wallet-service.identity:BPNL00000003AZQP,54574658-945f-4ffa-9edd-3149adda1e45,1791484335247,1791484606027,1791484606027,
a98d81fe-638a-47d7-9e73-56d7a1b2f4cc,PROVIDER,1200,1,did:web:ssi-dim-wallet-service.identity:BPNL00000003AZQP,89b69806-09d9-47c3-9ac2-b55d991b5a26,1791484335351,1791484607105,1791484607105,
af0d753a-6a19-4dff-82cf-1bb1dfe2b781,PROVIDER,1200,1,did:web:ssi-dim-wallet-service.identity:BPNL00000003AZQP,1b80016f-fea1-487c-b141-161723a07921,1791484335535,1791484608206,1791484608206,
cf38aebf-d7ae-4083-a1e9-3432080b979a,PROVIDER,1200,1,did:web:ssi-dim-wallet-service.identity:BPNL00000003AZQP,46e9d6a1-24ab-489a-b341-db1388f019c3,1791484335604,1791484605608,1791484605608,
a896588e-81ec-4bd7-9b7d-62200b0c27ce,PROVIDER,1200,1,did:web:ssi-dim-wallet-service.identity:BPNL00000003AZQP,50eefd54-a9b7-49ba-989b-7a4b910f6ba9,1791484335703,1791484606207,1791484606207,
2a49dc4f-0d97-4a52-a5e6-f9d0fc4b7084,PROVIDER,1200,1,did:web:ssi-dim-wallet-service.identity:BPNL00000003AZQP,e31b33fa-ea5c-495e-a842-1005c33b5044,1791484349708,1791484606626,1791484606626,
0f2c1e4d-e2c2-4e99-b635-dce07c750801,PROVIDER,1400,1,did:web:ssi-dim-wallet-service.identity:BPNL00000003AZQP,f225674e-321b-4c1a-9140-594e4aeeed32,1791484349734,1791484608306,1791484608306,"Failed to send finalization to consumer: {""@type"":""ContractNegotiationError"",""code"":""409"",""reason"":[""Cannot process ContractNegotiationEventMessage because negotiation cannot be finalized""],""@context"":[""https://w3id.org/tractusx/auth/v1.0.0"",""https://w3id.org/catenax/2025/9/policy/context.jsonld"",""h"
1870e89d-951e-4fff-8af4-593f19746a52,PROVIDER,1200,1,did:web:ssi-dim-wallet-service.identity:BPNL00000003AZQP,3459ceb3-b79e-48d9-a2d3-6a4537a01474,1791484349736,1791484606625,1791484606625,
c842b9b3-bc9c-41ec-811f-350141a16e28,PROVIDER,1200,1,did:web:ssi-dim-wallet-service.identity:BPNL00000003AZQP,70974629-2170-48d6-93c6-c47f9ace960e,1791484349805,1791484641034,1791484641034,
267ac5ee-436f-4025-b153-f52f6acd5c07,PROVIDER,1200,1,did:web:ssi-dim-wallet-service.identity:BPNL00000003AZQP,007ba9f0-bdf8-4787-9653-9d1679ee0523,1791484350004,1791484643481,1791484643481,
32856eb2-65b9-4972-a236-f8c81877f8de,PROVIDER,1400,1,did:web:ssi-dim-wallet-service.identity:BPNL00000003AZQP,27c1e978-293f-4ff4-bcb7-3d4a4defa34e,1791484350306,1791484647005,1791484647005,"Failed to send finalization to consumer: {""@type"":""ContractNegotiationError"",""code"":""409"",""reason"":[""Entity dfe13bde-b774-4d33-8d19-5caa6cca3c31 of kind edc_contract_negotiation is currently leased!""],""@context"":[""https://w3id.org/tractusx/auth/v1.0.0"",""https://w3id.org/catenax/2025/9/policy/context"
8a482e5b-7e8b-470c-8213-771f2ed1b519,PROVIDER,1200,1,did:web:ssi-dim-wallet-service.identity:BPNL00000003AZQP,652dc949-75a4-48f0-b936-54f01a001e2b,1791484350334,1791484643781,1791484643781,
b847747d-e4a8-4ad9-9b37-6e80e83f0818,PROVIDER,1400,1,did:web:ssi-dim-wallet-service.identity:BPNL00000003AZQP,8c4bef4e-dcc9-4cec-8cd5-45aecc0661d9,1791484350337,1791484644942,1791484644942,"Failed to send termination to counter party: {""@type"":""ContractNegotiationError"",""code"":""409"",""reason"":[""Entity 1867207c-2043-4cc5-9655-de8f6c149fd1 of kind edc_contract_negotiation is currently leased!""],""@context"":[""https://w3id.org/tractusx/auth/v1.0.0"",""https://w3id.org/catenax/2025/9/policy/con"
10ce7ced-2b6e-4150-8a00-e1baaddf16c5,PROVIDER,1200,1,did:web:ssi-dim-wallet-service.identity:BPNL00000003AZQP,e2af49a5-a48d-42f1-a748-44cade19fc34,1791484350504,1791484641775,1791484641775,
c3ebc660-c0dd-4b5d-bf6b-d46715385e98,PROVIDER,1200,1,did:web:ssi-dim-wallet-service.identity:BPNL00000003AZQP,a0ef11aa-882c-4a6f-8b54-7e3b77e03eb2,1791484350904,1791484643368,1791484643368,
1473b50d-388c-4d3b-8b89-c7cc45fa8aad,PROVIDER,1200,1,did:web:ssi-dim-wallet-service.identity:BPNL00000003AZQP,0c89982c-ab2f-46cc-9886-2c738aba25f6,1791484354433,1791484642968,1791484642968,
f9f673a9-89fe-4096-b419-30fec96237f0,PROVIDER,1200,1,did:web:ssi-dim-wallet-service.identity:BPNL00000003AZQP,0cffaf55-04d7-4bee-9782-57d87b7dd534,1791484354509,1791484644876,1791484644876,
1cc0447d-9d6a-4b19-bc7c-9c16796500bc,PROVIDER,1200,1,did:web:ssi-dim-wallet-service.identity:BPNL00000003AZQP,c035b989-0a3c-4d6c-a108-4e147e4d8eba,1791484354737,1791484644868,1791484644868,
5b58789a-3d34-4ee7-b01d-ff0a16416373,PROVIDER,1200,1,did:web:ssi-dim-wallet-service.identity:BPNL00000003AZQP,5bb1f218-f2ad-4c1c-8e19-3691d30a5459,1791484354805,1791484645106,1791484645106,
02a75374-a387-4bad-9e3c-0e42862d95b8,PROVIDER,1200,1,did:web:ssi-dim-wallet-service.identity:BPNL00000003AZQP,974f67c1-5962-4e26-9162-c60defc56047,1791484354811,1791484648302,1791484648302,
bed0e82e-d5db-4d3a-9d04-5300bb8e5a0c,PROVIDER,1200,1,did:web:ssi-dim-wallet-service.identity:BPNL00000003AZQP,a7e4b1cb-05eb-439f-87e9-aa4da92e0e95,1791484355040,1791484648124,1791484648124,
ce68bd4d-f609-4a14-a639-35523c67147a,PROVIDER,1200,1,did:web:ssi-dim-wallet-service.identity:BPNL00000003AZQP,6655aa92-f0ae-404a-ab62-75331c14a490,1791484355209,1791484648619,1791484648619,
794bf2e5-2fb0-4a13-b79b-a926564be900,PROVIDER,1200,1,did:web:ssi-dim-wallet-service.identity:BPNL00000003AZQP,ab3cd85d-ca9c-430a-ac0d-4e1ab9188710,1791484355704,1791484652284,1791484652284,
6e1eb5a6-2905-4c1f-97de-41d03a8a8d61,PROVIDER,1400,1,did:web:ssi-dim-wallet-service.identity:BPNL00000003AZQP,15d0ffb8-3c9f-4e6b-aca4-9e29fc394283,1791484355906,1791484649409,1791484649409,"Failed to send termination to counter party: {""@type"":""ContractNegotiationError"",""code"":""409"",""reason"":[""Entity 825080c8-add4-4689-90f6-aa7392d69923 of kind edc_contract_negotiation is currently leased!""],""@context"":[""https://w3id.org/tractusx/auth/v1.0.0"",""https://w3id.org/catenax/2025/9/policy/con"
14694bdb-2c30-4758-a461-3f881b56fa73,PROVIDER,1400,1,did:web:ssi-dim-wallet-service.identity:BPNL00000003AZQP,5b21f334-4be2-42a5-a360-7927f1d49c64,1791484362504,1791484649405,1791484649405,"Failed to send finalization to consumer: {""@type"":""ContractNegotiationError"",""code"":""409"",""reason"":[""Entity 2883d633-5286-46a6-aa6f-4f07f2f3a579 of kind edc_contract_negotiation is currently leased!""],""@context"":[""https://w3id.org/tractusx/auth/v1.0.0"",""https://w3id.org/catenax/2025/9/policy/context"
7541a677-03e4-42b2-b7b7-8dbe899f6260,PROVIDER,1400,1,did:web:ssi-dim-wallet-service.identity:BPNL00000003AZQP,358fa072-096f-4fdc-bd21-e5a423de5a2a,1791484362505,1791484649018,1791484649018,"Failed to send termination to counter party: {""@type"":""ContractNegotiationError"",""code"":""409"",""reason"":[""Entity 82fd470a-622f-4818-b10f-dbe90f59edaf of kind edc_contract_negotiation is currently leased!""],""@context"":[""https://w3id.org/tractusx/auth/v1.0.0"",""https://w3id.org/catenax/2025/9/policy/con"
832674f7-baaa-4394-a3f9-77921c81550e,PROVIDER,1200,1,did:web:ssi-dim-wallet-service.identity:BPNL00000003AZQP,e77a1e9d-f5a4-434b-8b99-195f33a586a2,1791484362506,1791484648821,1791484648821,
19124c02-e745-40e3-aaea-6c69fcda1751,PROVIDER,1200,1,did:web:ssi-dim-wallet-service.identity:BPNL00000003AZQP,b0d58c3e-3e49-437f-8eb2-52cac1c952ca,1791484362608,1791484648425,1791484648425,
8d15fad5-87e4-4578-ba05-4c948725749c,PROVIDER,1400,1,did:web:ssi-dim-wallet-service.identity:BPNL00000003AZQP,b07e0c90-2c7a-40e5-acb1-5a1da2d99edc,1791484362633,1791484697278,1791484697278,"Failed to send finalization to consumer: {""@type"":""ContractNegotiationError"",""code"":""409"",""reason"":[""Entity bfce2c9a-2934-4a4b-a4e5-ffd0a808c31f of kind edc_contract_negotiation is currently leased!""],""@context"":[""https://w3id.org/tractusx/auth/v1.0.0"",""https://w3id.org/catenax/2025/9/policy/context"
2124773a-90a1-4dd4-8ae3-b52e74a241fd,PROVIDER,1400,1,did:web:ssi-dim-wallet-service.identity:BPNL00000003AZQP,f8a13944-418c-48a0-8089-0b3be17c151d,1791484362821,1791484696927,1791484696927,"Failed to send finalization to consumer: {""@type"":""ContractNegotiationError"",""code"":""409"",""reason"":[""Entity 1bfb880c-5c4f-4f28-a4ee-aa07545739ee of kind edc_contract_negotiation is currently leased!""],""@context"":[""https://w3id.org/tractusx/auth/v1.0.0"",""https://w3id.org/catenax/2025/9/policy/context"
b8acf644-9d15-4a78-bd4e-9cdef28030cb,PROVIDER,1200,1,did:web:ssi-dim-wallet-service.identity:BPNL00000003AZQP,67f86fa7-d2bb-4115-b456-9a7cc788779f,1791484362941,1791484697406,1791484697406,
32b05840-68a7-49d9-8839-0e08d75633af,PROVIDER,1400,1,did:web:ssi-dim-wallet-service.identity:BPNL00000003AZQP,be992f69-e44c-4d7e-beb8-130645ac03af,1791484374251,1791484699006,1791484699006,"Failed to send termination to counter party: {""@type"":""ContractNegotiationError"",""code"":""409"",""reason"":[""Entity 34498ee9-cdb4-4276-a043-9c1db06edf4e of kind edc_contract_negotiation is currently leased!""],""@context"":[""https://w3id.org/tractusx/auth/v1.0.0"",""https://w3id.org/catenax/2025/9/policy/con"
c1b5e7d1-d266-4755-8623-ac81f413e79b,PROVIDER,1400,1,did:web:ssi-dim-wallet-service.identity:BPNL00000003AZQP,aba4a240-91c0-40e2-9db0-c99ea857c9da,1791484374636,1791484696006,1791484696006,"Failed to send termination to counter party: {""@type"":""ContractNegotiationError"",""code"":""409"",""reason"":[""Entity 9ed684cd-7464-454a-b093-1acfcac26cdb of kind edc_contract_negotiation is currently leased!""],""@context"":[""https://w3id.org/tractusx/auth/v1.0.0"",""https://w3id.org/catenax/2025/9/policy/con"
302601f9-81b2-4b25-be80-3e2004085180,PROVIDER,1200,1,did:web:ssi-dim-wallet-service.identity:BPNL00000003AZQP,126a62f1-629b-40e2-a289-156dc0bdf7ef,1791484374639,1791484696706,1791484696706,
4466c539-1726-4944-aa58-bb1e57e223ca,PROVIDER,1200,1,did:web:ssi-dim-wallet-service.identity:BPNL00000003AZQP,79820763-bc22-4659-9367-263fc06b4af9,1791484374804,1791484701396,1791484701396,
56a6ce2e-85d5-4a19-a804-3cfaf9db3872,PROVIDER,1400,1,did:web:ssi-dim-wallet-service.identity:BPNL00000003AZQP,6aed108e-215f-475a-941e-94c4f15c5420,1791484374934,1791484705477,1791484705477,"Failed to send finalization to consumer: {""@type"":""ContractNegotiationError"",""code"":""409"",""reason"":[""Entity 37b8185f-279b-4147-bac6-d56fbecb5816 of kind edc_contract_negotiation is currently leased!""],""@context"":[""https://w3id.org/tractusx/auth/v1.0.0"",""https://w3id.org/catenax/2025/9/policy/context"
1b25b052-d041-40ba-a495-a345a56b91a2,PROVIDER,1400,1,did:web:ssi-dim-wallet-service.identity:BPNL00000003AZQP,83c2a919-436d-42bc-a90f-fe23657e9cf9,1791484375044,1791484699316,1791484699316,"Failed to send termination to counter party: {""@type"":""ContractNegotiationError"",""code"":""409"",""reason"":[""Entity d4e7adbf-b7b8-4141-ba13-1b6b11bcd493 of kind edc_contract_negotiation is currently leased!""],""@context"":[""https://w3id.org/tractusx/auth/v1.0.0"",""https://w3id.org/catenax/2025/9/policy/con"
cd294422-530b-430f-aecd-35d85a89b0aa,PROVIDER,1200,1,did:web:ssi-dim-wallet-service.identity:BPNL00000003AZQP,46e59e43-483e-4912-8813-f559d3830368,1791484375204,1791484701706,1791484701706,
6f2663e6-4c80-45f0-8eee-c5ba2f661132,PROVIDER,1200,1,did:web:ssi-dim-wallet-service.identity:BPNL00000003AZQP,78dbaee7-5fcf-4e31-9ab2-d79cf207d448,1791484375340,1791484698974,1791484698974,
dd3ff6ae-7c51-4046-9c2c-cd6a54312c84,PROVIDER,1200,1,did:web:ssi-dim-wallet-service.identity:BPNL00000003AZQP,223e0073-0935-4aa8-98aa-48b169319ed0,1791484375533,1791484701210,1791484701210,
eb0e5fac-f7a3-4a87-b581-286b5f890d88,PROVIDER,1200,1,did:web:ssi-dim-wallet-service.identity:BPNL00000003AZQP,4ffdb0de-d255-4505-b534-208935d2dccd,1791484390335,1791484704935,1791484704935,
44713c0d-9278-4867-bbda-f1c23dc04752,PROVIDER,1200,1,did:web:ssi-dim-wallet-service.identity:BPNL00000003AZQP,2c629f3c-f7fa-40f9-91ba-da799a831b73,1791484390336,1791484701604,1791484701604,
cf275227-b74d-4de3-9394-ce1958ef9b90,PROVIDER,1200,1,did:web:ssi-dim-wallet-service.identity:BPNL00000003AZQP,de5cf270-d5c8-4cf6-a85f-18f09ec0c1a9,1791484390341,1791484703435,1791484703435,
71ee2576-01b1-4757-9186-b4b74465f7d3,PROVIDER,1200,1,did:web:ssi-dim-wallet-service.identity:BPNL00000003AZQP,0541b21e-1eec-48af-a535-47d738e6b61e,1791484390341,1791484702182,1791484702182,
0f40917c-4515-4421-9627-ed89a16cf64c,PROVIDER,1200,1,did:web:ssi-dim-wallet-service.identity:BPNL00000003AZQP,7aa5f839-ed03-4383-a859-f5acfbfe85bd,1791484390535,1791484707708,1791484707708,
21f4f74b-409b-4a0e-90a2-e57d05ad38ca,PROVIDER,1200,1,did:web:ssi-dim-wallet-service.identity:BPNL00000003AZQP,98550dbe-3cd9-4e58-8de2-fd81c84ff85c,1791484390804,1791484704085,1791484704085,
03a1017d-28a8-4acb-8817-900950edbc0e,PROVIDER,1400,1,did:web:ssi-dim-wallet-service.identity:BPNL00000003AZQP,24f8758f-9b49-4fda-951b-a9002cbd4f12,1791484391234,1791484733448,1791484733448,"Failed to send finalization to consumer: {""@type"":""ContractNegotiationError"",""code"":""409"",""reason"":[""Entity 5738f16b-74fe-499c-b17d-9dfa075c8269 of kind edc_contract_negotiation is currently leased!""],""@context"":[""https://w3id.org/tractusx/auth/v1.0.0"",""https://w3id.org/catenax/2025/9/policy/context"
63e91e9f-47e8-426d-aa9f-457b7acc47f9,PROVIDER,1200,1,did:web:ssi-dim-wallet-service.identity:BPNL00000003AZQP,a834ee48-fa8a-4b0e-8a20-cbda4b8fae7b,1791484391509,1791484705668,1791484705668,
b5d19a53-3744-42f8-84b3-c062f70a6a1e,PROVIDER,1200,1,did:web:ssi-dim-wallet-service.identity:BPNL00000003AZQP,8aeac410-89b8-4f83-b41e-c84eb32a1d27,1791484391536,1791484706020,1791484706020,
b5c761f7-fbba-439f-be8e-b5961b1a4677,PROVIDER,1200,1,did:web:ssi-dim-wallet-service.identity:BPNL00000003AZQP,509fd34d-3f91-4e7e-b4db-29824d0d82ba,1791484391605,1791484730836,1791484730836,
57c6d899-fa31-4b0b-9464-7cabdc8cbf92,PROVIDER,1200,1,did:web:ssi-dim-wallet-service.identity:BPNL00000003AZQP,2398c0c1-8fa9-4bb4-abf4-590137fc747c,1791484392034,1791484730829,1791484730829,
7b0be2a8-03ef-4e80-be31-e07de3ce16ae,PROVIDER,1200,1,did:web:ssi-dim-wallet-service.identity:BPNL00000003AZQP,399172c7-b151-41e0-9fad-e20d3a00392a,1791484392235,1791484730317,1791484730317,
202de2d1-f088-47e3-b322-eb65b0257677,PROVIDER,1400,1,did:web:ssi-dim-wallet-service.identity:BPNL00000003AZQP,fec69183-e727-4f48-9d13-d1577f1ebe8d,1791484392242,1791484734669,1791484734669,"Failed to send finalization to consumer: {""@type"":""ContractNegotiationError"",""code"":""409"",""reason"":[""Entity f530b2bc-6051-4809-bfe2-be78dfb509d7 of kind edc_contract_negotiation is currently leased!""],""@context"":[""https://w3id.org/tractusx/auth/v1.0.0"",""https://w3id.org/catenax/2025/9/policy/context"
cf54e8de-1693-493a-a9ec-9e45b2ebcedb,PROVIDER,1200,1,did:web:ssi-dim-wallet-service.identity:BPNL00000003AZQP,7d80f77a-adc7-4ac4-899c-41bf82e0c5f5,1791484392334,1791484730836,1791484730836,
bb606e43-2eb0-4ece-b173-21f2d54038c9,PROVIDER,1200,1,did:web:ssi-dim-wallet-service.identity:BPNL00000003AZQP,53d9ab0b-1b22-4aed-a08c-2cb168d55ed3,1791484392450,1791484730416,1791484730416,
735dd566-4666-40ef-b785-a28cc2451bba,PROVIDER,1400,1,did:web:ssi-dim-wallet-service.identity:BPNL00000003AZQP,e03912e8-b141-4499-8a62-dabe4bab3f96,1791484392913,1791484731876,1791484731876,"Failed to send finalization to consumer: {""@type"":""ContractNegotiationError"",""code"":""409"",""reason"":[""Entity 72279c83-9e2e-4821-b842-b4356b5455c3 of kind edc_contract_negotiation is currently leased!""],""@context"":[""https://w3id.org/tractusx/auth/v1.0.0"",""https://w3id.org/catenax/2025/9/policy/context"
20a5a93a-ac9c-4fb7-8a52-73a570898fc8,PROVIDER,1200,1,did:web:ssi-dim-wallet-service.identity:BPNL00000003AZQP,9f66fd0a-fe5d-4e37-8dc0-df6b05c6e06c,1791484411037,1791484735180,1791484735180,
5d5333ec-1be4-479f-8a76-4fc3e4012064,PROVIDER,1200,1,did:web:ssi-dim-wallet-service.identity:BPNL00000003AZQP,2e434d8e-bf6c-4a8b-909f-9126d107d679,1791484411149,1791484732705,1791484732705,
78636b75-c400-42a5-b28c-a158d6a5ba98,PROVIDER,1200,1,did:web:ssi-dim-wallet-service.identity:BPNL00000003AZQP,f3a1ee9e-bbd6-43a9-af3b-867c732176a7,1791484411252,1791484734269,1791484734269,
d12d726b-770b-4fc7-9e16-d38a5685d1c7,PROVIDER,1200,1,did:web:ssi-dim-wallet-service.identity:BPNL00000003AZQP,1b5b36b3-3e23-4e1b-a64c-a934d697575d,1791484411345,1791484737917,1791484737917,
24ae4f89-42cc-4d0b-8487-037e5efd3ef0,PROVIDER,1200,1,did:web:ssi-dim-wallet-service.identity:BPNL00000003AZQP,5af470a1-b0b3-4df7-ab0b-f24c326bc956,1791484411545,1791484739307,1791484739307,
fca3caeb-df15-46f7-b142-5b14d33d969e,PROVIDER,1200,1,did:web:ssi-dim-wallet-service.identity:BPNL00000003AZQP,4fb926d7-182e-4673-b70a-aabea1e422d1,1791484411747,1791484734669,1791484734669,
475a8fab-f7ed-4fbd-b6f0-18d633813851,PROVIDER,1200,1,did:web:ssi-dim-wallet-service.identity:BPNL00000003AZQP,a722aa75-3f8a-418f-a823-d392865c9eb9,1791484411754,1791484737606,1791484737606,
caba6cef-af75-4469-ba0c-13699f781d7d,PROVIDER,1200,1,did:web:ssi-dim-wallet-service.identity:BPNL00000003AZQP,176cc694-9ef3-4a71-91fd-e6fe1642f814,1791484411930,1791484735283,1791484735283,
e7cfab7a-91c6-4df8-ad2c-0ada4b37de1c,PROVIDER,1200,1,did:web:ssi-dim-wallet-service.identity:BPNL00000003AZQP,5a06e2a4-0798-4a03-97d7-7d12830ee15d,1791484412240,1791484737118,1791484737118,
7f647273-c601-45b1-92a1-16834d37d0e8,PROVIDER,1200,1,did:web:ssi-dim-wallet-service.identity:BPNL00000003AZQP,760b0933-40e5-463f-b093-8cf8eb8283b4,1791484412300,1791484739021,1791484739021,
7ad99c36-c6dd-4897-8980-726073003319,PROVIDER,1200,1,did:web:ssi-dim-wallet-service.identity:BPNL00000003AZQP,1cb4937f-0700-4ca1-a407-64d1f50b40a3,1791484412424,1791484744778,1791484744778,
a9d45bb5-7cfe-4af9-ae59-f4e15ce550f7,PROVIDER,1200,1,did:web:ssi-dim-wallet-service.identity:BPNL00000003AZQP,453265de-a814-43f5-b410-4762526a67dd,1791484412604,1791484737269,1791484737269,
abcba536-1eb1-40f0-ba28-ea3d845ee120,PROVIDER,1400,1,did:web:ssi-dim-wallet-service.identity:BPNL00000003AZQP,7defd83f-c030-4750-869b-c971f131e186,1791484412610,1791484780927,1791484780927,"Failed to send termination to counter party: {""@type"":""ContractNegotiationError"",""code"":""409"",""reason"":[""Entity 0a5eb54c-0853-449b-b564-6a05c885698a of kind edc_contract_negotiation is currently leased!""],""@context"":[""https://w3id.org/tractusx/auth/v1.0.0"",""https://w3id.org/catenax/2025/9/policy/con"
f0e3d68c-2343-4ae3-8be2-e4d92096b6c1,PROVIDER,1200,1,did:web:ssi-dim-wallet-service.identity:BPNL00000003AZQP,73d03e33-0c54-4da8-afb1-02d2029958c9,1791484412889,1791484781508,1791484781508,
039e6f80-55d9-456f-b2a4-684c88ff540a,PROVIDER,1400,1,did:web:ssi-dim-wallet-service.identity:BPNL00000003AZQP,94831285-b05d-48e3-a2b2-f1f855e4373d,1791484412998,1791484788335,1791484788335,"Failed to send finalization to consumer: {""@type"":""ContractNegotiationError"",""code"":""409"",""reason"":[""Entity 85816c35-5afc-417e-bd31-e4369ef42dd0 of kind edc_contract_negotiation is currently leased!""],""@context"":[""https://w3id.org/tractusx/auth/v1.0.0"",""https://w3id.org/catenax/2025/9/policy/context"
a6f044a6-af86-4430-a534-42989ede55aa,PROVIDER,1400,1,did:web:ssi-dim-wallet-service.identity:BPNL00000003AZQP,309caa0d-87d9-49be-8205-a1cadabd45d7,1791484413003,1791484783979,1791484783979,"Failed to send finalization to consumer: {""@type"":""ContractNegotiationError"",""code"":""409"",""reason"":[""Entity 88f650da-db75-4cb8-83bf-33870da22340 of kind edc_contract_negotiation is currently leased!""],""@context"":[""https://w3id.org/tractusx/auth/v1.0.0"",""https://w3id.org/catenax/2025/9/policy/context"
d383fdfe-9c02-4cc4-a925-1ce5140a943a,PROVIDER,1400,1,did:web:ssi-dim-wallet-service.identity:BPNL00000003AZQP,df1f0b33-562a-4950-b530-f2d243025e5b,1791484413262,1791484783970,1791484783970,"Failed to send finalization to consumer: {""@type"":""ContractNegotiationError"",""code"":""409"",""reason"":[""Entity 7b802685-d597-4c52-a39a-7c67b494c696 of kind edc_contract_negotiation is currently leased!""],""@context"":[""https://w3id.org/tractusx/auth/v1.0.0"",""https://w3id.org/catenax/2025/9/policy/context"
58a30722-376e-4583-97aa-b2c98c877b1a,PROVIDER,1400,1,did:web:ssi-dim-wallet-service.identity:BPNL00000003AZQP,b24a4edd-ffc1-43e1-a167-c2e39a87c58a,1791484413265,1791484788405,1791484788405,"Failed to send finalization to consumer: {""@type"":""ContractNegotiationError"",""code"":""409"",""reason"":[""Entity 65e94559-62ee-4b43-a610-af8a3cf17f93 of kind edc_contract_negotiation is currently leased!""],""@context"":[""https://w3id.org/tractusx/auth/v1.0.0"",""https://w3id.org/catenax/2025/9/policy/context"
84c0f710-8afe-4bd1-a4da-048de209fcdf,PROVIDER,1200,1,did:web:ssi-dim-wallet-service.identity:BPNL00000003AZQP,3e772a84-c634-43ee-b9cd-51196fc10fe7,1791484413704,1791484783841,1791484783841,
a3b54607-72c2-469f-b027-3b0a51746eb1,PROVIDER,1200,1,did:web:ssi-dim-wallet-service.identity:BPNL00000003AZQP,c91badec-cceb-4b65-b002-69d2366f5c51,1791484414004,1791484783568,1791484783568,
d3d88773-ccf0-45ee-8964-cafec23571fc,PROVIDER,1200,1,did:web:ssi-dim-wallet-service.identity:BPNL00000003AZQP,45f34a04-6b02-4cec-a8d6-76b3e10d4df7,1791484429644,1791484786421,1791484786421,
e33c2933-257b-424b-a89b-9baf9d414dca,PROVIDER,1200,1,did:web:ssi-dim-wallet-service.identity:BPNL00000003AZQP,844b713a-4bab-4499-a383-d7a84348d0ee,1791484429746,1791484785768,1791484785768,
33d78343-2446-467d-b70e-d8da6217bd61,PROVIDER,1200,1,did:web:ssi-dim-wallet-service.identity:BPNL00000003AZQP,7380aad0-9a81-4e42-b2a6-8384d431a93d,1791484430033,1791484787120,1791484787120,
fc24ab8d-a08c-4c96-9926-38fac5cca931,PROVIDER,1200,1,did:web:ssi-dim-wallet-service.identity:BPNL00000003AZQP,d5bfd103-4f95-4aaa-a2a9-c51e0eb144f5,1791484430324,1791484786716,1791484786716,
472fd509-f349-45ad-9fd8-5cb515313aae,PROVIDER,1200,1,did:web:ssi-dim-wallet-service.identity:BPNL00000003AZQP,5c6cfb1c-a438-4897-91ed-d9146343266b,1791484430538,1791484794468,1791484794468,
ebd56245-35d6-4688-8e03-1b1bb5b3edfa,PROVIDER,1200,1,did:web:ssi-dim-wallet-service.identity:BPNL00000003AZQP,75cd702e-e27f-4982-a57a-a3e638aaa202,1791484430626,1791484789527,1791484789527,
3c8e9193-2a56-424a-a1b3-e7c40f987a2c,PROVIDER,1400,1,did:web:ssi-dim-wallet-service.identity:BPNL00000003AZQP,87335f59-5ba6-45d0-96e3-64e876b700c0,1791484430935,1791484839010,1791484839010,"Failed to send finalization to consumer: {""@type"":""ContractNegotiationError"",""code"":""409"",""reason"":[""Cannot process ContractNegotiationEventMessage because negotiation cannot be finalized""],""@context"":[""https://w3id.org/tractusx/auth/v1.0.0"",""https://w3id.org/catenax/2025/9/policy/context.jsonld"",""h"
a7a9eb56-f6d3-483b-b265-cb3b757925c3,PROVIDER,1200,1,did:web:ssi-dim-wallet-service.identity:BPNL00000003AZQP,b0d6e533-5d51-4edc-b39b-98d46bcfc234,1791484431142,1791484789305,1791484789305,
92d09ed2-3175-4ecb-9422-c84b6a613463,PROVIDER,1200,1,did:web:ssi-dim-wallet-service.identity:BPNL00000003AZQP,ddc5c4c4-8d82-4720-a89f-bc805249fd5f,1791484431243,1791484789505,1791484789505,
f124ca24-291a-4265-bdcf-c1a2d051bda0,PROVIDER,1400,1,did:web:ssi-dim-wallet-service.identity:BPNL00000003AZQP,254fe349-5544-4ce1-b47b-e9a21ef769ba,1791484431440,1791484840723,1791484840723,"Failed to send finalization to consumer: {""@type"":""ContractNegotiationError"",""code"":""409"",""reason"":[""Entity 05fde355-3f20-4452-868d-59c33fbe0eda of kind edc_contract_negotiation is currently leased!""],""@context"":[""https://w3id.org/tractusx/auth/v1.0.0"",""https://w3id.org/catenax/2025/9/policy/context"
6f190cd0-4a4a-44a9-b23d-54b257c5d4c3,PROVIDER,1200,1,did:web:ssi-dim-wallet-service.identity:BPNL00000003AZQP,309ae28d-e8fb-4779-a34a-f0201b911b3d,1791484431732,1791484792769,1791484792769,
542018f0-e4f1-4f24-9169-017660d67202,PROVIDER,1400,1,did:web:ssi-dim-wallet-service.identity:BPNL00000003AZQP,,1791484431924,1791484437309,1791484437309,"Failed to send agreement to consumer: {""@type"":""ContractNegotiationError"",""code"":""409"",""reason"":[""Entity fc653e7b-b8a7-483d-9874-66080505dfae of kind edc_contract_negotiation is currently leased!""],""@context"":[""https://w3id.org/tractusx/auth/v1.0.0"",""https://w3id.org/catenax/2025/9/policy/context.js"
847dbdb9-10ed-4f2d-9055-70ca91279358,PROVIDER,1200,1,did:web:ssi-dim-wallet-service.identity:BPNL00000003AZQP,7d33ee3c-eb06-4e52-8b1a-5d52e93e5946,1791484432031,1791484790717,1791484790717,
64bee922-1452-486b-a409-df66c22835ab,PROVIDER,1200,1,did:web:ssi-dim-wallet-service.identity:BPNL00000003AZQP,7fdf01f5-73f1-468c-975b-1a2cde9797b0,1791484432827,1791484792882,1791484792882,
8b6696c3-a672-452a-93a7-4b5f5437de29,PROVIDER,1200,1,did:web:ssi-dim-wallet-service.identity:BPNL00000003AZQP,6276043d-e9ea-4422-a696-6d45e218adaf,1791484432856,1791484790505,1791484790505,
523d04ad-d0bc-471c-97ea-f4d2d68e5690,PROVIDER,1400,1,did:web:ssi-dim-wallet-service.identity:BPNL00000003AZQP,59eca3b4-6ffa-4d88-8479-16e0edda3938,1791484433043,1791484842376,1791484842376,"Failed to send finalization to consumer: {""@type"":""ContractNegotiationError"",""code"":""409"",""reason"":[""Entity ac8f5cfa-4991-4006-beed-4b7f583f6e55 of kind edc_contract_negotiation is currently leased!""],""@context"":[""https://w3id.org/tractusx/auth/v1.0.0"",""https://w3id.org/catenax/2025/9/policy/context"
c7c9e13b-f254-4584-b166-923ca8bc041b,PROVIDER,1400,1,did:web:ssi-dim-wallet-service.identity:BPNL00000003AZQP,fc20e566-5420-4ad4-b357-0565358f17fc,1791484433226,1791484837929,1791484837929,"Failed to send termination to counter party: {""@type"":""ContractNegotiationError"",""code"":""409"",""reason"":[""Entity bbb9cb09-9a83-4043-b33b-6b64b21bec0d of kind edc_contract_negotiation is currently leased!""],""@context"":[""https://w3id.org/tractusx/auth/v1.0.0"",""https://w3id.org/catenax/2025/9/policy/con"
79a90234-8561-47fc-9c55-26484c2ad33c,PROVIDER,1200,1,did:web:ssi-dim-wallet-service.identity:BPNL00000003AZQP,2188db1b-790a-42bc-aace-96b3f9e42c1f,1791484434137,1791484837507,1791484837507,
03803493-abe5-4f28-85e3-2d5b626abb90,PROVIDER,1400,1,did:web:ssi-dim-wallet-service.identity:BPNL00000003AZQP,87347539-3a23-4a09-a11d-a6d343dd1c95,1791484434140,1791484841009,1791484841009,"Failed to send termination to counter party: {""@type"":""ContractNegotiationError"",""code"":""409"",""reason"":[""Entity c2ec5d54-f7a0-427e-a22a-45b140f94f5a of kind edc_contract_negotiation is currently leased!""],""@context"":[""https://w3id.org/tractusx/auth/v1.0.0"",""https://w3id.org/catenax/2025/9/policy/con"
177e3124-5af8-4253-8a93-bd6c3aff3476,PROVIDER,1400,1,did:web:ssi-dim-wallet-service.identity:BPNL00000003AZQP,1d161bac-a2f0-48c5-b95e-26025d066d00,1791484434329,1791484840327,1791484840327,"Failed to send finalization to consumer: {""@type"":""ContractNegotiationError"",""code"":""409"",""reason"":[""Entity b93a0924-41fa-44e3-9345-304da8056b33 of kind edc_contract_negotiation is currently leased!""],""@context"":[""https://w3id.org/tractusx/auth/v1.0.0"",""https://w3id.org/catenax/2025/9/policy/context"
31bf4168-0db3-4135-ac5f-6db67ee1e8ac,PROVIDER,1400,1,did:web:ssi-dim-wallet-service.identity:BPNL00000003AZQP,47ed7a2d-74cf-4308-b755-0345d4bf342e,1791484453426,1791484843068,1791484843068,"Failed to send finalization to consumer: {""@type"":""ContractNegotiationError"",""code"":""409"",""reason"":[""Entity f6157926-273a-40c5-9841-fbd9e4c7742e of kind edc_contract_negotiation is currently leased!""],""@context"":[""https://w3id.org/tractusx/auth/v1.0.0"",""https://w3id.org/catenax/2025/9/policy/context"
6977026f-ca19-4051-b32b-907d3644e6c4,PROVIDER,1400,1,did:web:ssi-dim-wallet-service.identity:BPNL00000003AZQP,,1791484453433,1791484459377,1791484459377,"Failed to send agreement to consumer: {""@type"":""ContractNegotiationError"",""code"":""409"",""reason"":[""Entity 71f92600-1c39-4151-a17d-27a13d7bd286 of kind edc_contract_negotiation is currently leased!""],""@context"":[""https://w3id.org/tractusx/auth/v1.0.0"",""https://w3id.org/catenax/2025/9/policy/context.js"
8ca4ecc3-8105-4c79-bd33-ffa74e9bc0be,PROVIDER,1400,1,did:web:ssi-dim-wallet-service.identity:BPNL00000003AZQP,,1791484453460,1791484457312,1791484457312,"Failed to send agreement to consumer: {""@type"":""ContractNegotiationError"",""code"":""409"",""reason"":[""Entity 30ae6df9-3030-43a9-b4c1-4aedce956650 of kind edc_contract_negotiation is currently leased!""],""@context"":[""https://w3id.org/tractusx/auth/v1.0.0"",""https://w3id.org/catenax/2025/9/policy/context.js"
b4175e75-33d5-4286-967a-4c3b3f533211,PROVIDER,1200,1,did:web:ssi-dim-wallet-service.identity:BPNL00000003AZQP,e2afa561-5f53-47a8-aac1-2b89ae332c42,1791484453466,1791484842668,1791484842668,
545c288a-9c2b-41f7-83be-31e02074cf6c,PROVIDER,1400,1,did:web:ssi-dim-wallet-service.identity:BPNL00000003AZQP,ee29a7f8-9563-46ba-b21e-6b3621b195de,1791484453544,1791484844481,1791484844481,"Failed to send finalization to consumer: {""@type"":""ContractNegotiationError"",""code"":""409"",""reason"":[""Entity 5810ebf7-af30-4501-be30-d74962cfcb55 of kind edc_contract_negotiation is currently leased!""],""@context"":[""https://w3id.org/tractusx/auth/v1.0.0"",""https://w3id.org/catenax/2025/9/policy/context"
5b52b9c8-0fbb-4933-84d9-f946599d5d7e,PROVIDER,1200,1,did:web:ssi-dim-wallet-service.identity:BPNL00000003AZQP,5796a25a-cd6f-4a82-ac9b-ed3ac1a24fbc,1791484454337,1791484845406,1791484845406,
74a8c9f7-f15b-4ac9-99ff-738b886097fd,PROVIDER,1200,1,did:web:ssi-dim-wallet-service.identity:BPNL00000003AZQP,ff6e402e-46c1-4c41-a24d-2aec923a10d9,1791484454583,1791484849805,1791484849805,
3559479b-4f5d-42e2-97cf-e3009c3beb1a,PROVIDER,1400,1,did:web:ssi-dim-wallet-service.identity:BPNL00000003AZQP,4b32b029-6351-4aa7-813c-7e5ab86ba495,1791484454630,1791484848605,1791484848605,"Failed to send finalization to consumer: {""@type"":""ContractNegotiationError"",""code"":""409"",""reason"":[""Entity 770f7077-6b6b-4f6f-b12b-fd2b9d90d58f of kind edc_contract_negotiation is currently leased!""],""@context"":[""https://w3id.org/tractusx/auth/v1.0.0"",""https://w3id.org/catenax/2025/9/policy/context"
3de1e08c-4a8f-4450-81da-1ab8f9613981,PROVIDER,1200,1,did:web:ssi-dim-wallet-service.identity:BPNL00000003AZQP,4614d734-cd5f-4ea6-827e-2c253782efb6,1791484454635,1791484845906,1791484845906,
df878687-30ef-40de-aea8-de099a2f1726,PROVIDER,1400,1,did:web:ssi-dim-wallet-service.identity:BPNL00000003AZQP,6371b97e-2ae3-4442-850c-9a88c0fe98de,1791484454928,1791484847210,1791484847210,"Failed to send finalization to consumer: {""@type"":""ContractNegotiationError"",""code"":""409"",""reason"":[""Entity aa4f5f00-4915-407f-8b02-66dad5dd05e8 of kind edc_contract_negotiation is currently leased!""],""@context"":[""https://w3id.org/tractusx/auth/v1.0.0"",""https://w3id.org/catenax/2025/9/policy/context"
bbbb855e-0e9d-4d85-b286-3e0a8cc3aae1,PROVIDER,1400,1,did:web:ssi-dim-wallet-service.identity:BPNL00000003AZQP,,1791484454929,1791484460370,1791484460370,"Failed to send agreement to consumer: {""@type"":""ContractNegotiationError"",""code"":""409"",""reason"":[""Entity f5fedfb1-cd65-4875-a71b-849db88607a0 of kind edc_contract_negotiation is currently leased!""],""@context"":[""https://w3id.org/tractusx/auth/v1.0.0"",""https://w3id.org/catenax/2025/9/policy/context.js"
016f2903-4754-4812-884a-4cc18e6bd4e6,PROVIDER,1400,1,did:web:ssi-dim-wallet-service.identity:BPNL00000003AZQP,,1791484455241,1791484460335,1791484460335,"Failed to send agreement to consumer: {""@type"":""ContractNegotiationError"",""code"":""409"",""reason"":[""Entity ae9b6366-e229-4c04-98d6-6e36ad4c371c of kind edc_contract_negotiation is currently leased!""],""@context"":[""https://w3id.org/tractusx/auth/v1.0.0"",""https://w3id.org/catenax/2025/9/policy/context.js"
251ba118-60b8-4d88-a327-eada55bc23e8,PROVIDER,1200,1,did:web:ssi-dim-wallet-service.identity:BPNL00000003AZQP,1a2eae12-a818-41a7-a274-0cb6924c8c47,1791484455425,1791484853769,1791484853769,
28b097cc-41f3-440e-88c1-c7e8f7aaa5da,PROVIDER,1200,1,did:web:ssi-dim-wallet-service.identity:BPNL00000003AZQP,d734c296-2aaf-42a3-a5c7-c3e15c47af7e,1791484455834,1791484847229,1791484847229,
7586d55b-e1a0-484e-ab54-ab05ed4ba80e,PROVIDER,1400,1,did:web:ssi-dim-wallet-service.identity:BPNL00000003AZQP,6f01f12a-500d-4ad4-960d-938799dc76d0,1791484456234,1791484854468,1791484854468,"Failed to send finalization to consumer: {""@type"":""ContractNegotiationError"",""code"":""409"",""reason"":[""Entity 256dcbab-09e2-44f5-9444-064fd9b762ab of kind edc_contract_negotiation is currently leased!""],""@context"":[""https://w3id.org/tractusx/auth/v1.0.0"",""https://w3id.org/catenax/2025/9/policy/context"
cb9e8973-5315-4984-ab4e-e69bcfb04ac1,PROVIDER,1400,1,did:web:ssi-dim-wallet-service.identity:BPNL00000003AZQP,4ab02bd4-69b6-4ec0-bb33-84414af4b0ce,1791484456434,1791484850105,1791484850105,"Failed to send finalization to consumer: {""@type"":""ContractNegotiationError"",""code"":""409"",""reason"":[""Entity dd2c4d3b-cf93-442c-b364-ee6d401002eb of kind edc_contract_negotiation is currently leased!""],""@context"":[""https://w3id.org/tractusx/auth/v1.0.0"",""https://w3id.org/catenax/2025/9/policy/context"
163b646a-e73c-4665-ae68-144b8228f8e6,PROVIDER,1400,1,did:web:ssi-dim-wallet-service.identity:BPNL00000003AZQP,,1791484457406,1791484462368,1791484462368,"Failed to send agreement to consumer: {""@type"":""ContractNegotiationError"",""code"":""409"",""reason"":[""Entity 01c6b580-8216-4751-b119-c25e0666b47e of kind edc_contract_negotiation is currently leased!""],""@context"":[""https://w3id.org/tractusx/auth/v1.0.0"",""https://w3id.org/catenax/2025/9/policy/context.js"
7d7a9281-a7f0-4dfb-8979-1d5f4c282c87,PROVIDER,1400,1,did:web:ssi-dim-wallet-service.identity:BPNL00000003AZQP,7f4c5f64-5056-4461-889c-6acede38eb14,1791484457504,1791484883715,1791484883715,"Failed to send finalization to consumer: {""@type"":""ContractNegotiationError"",""code"":""409"",""reason"":[""Entity 326a0f35-ca5a-4fc0-a2a3-81f3ade46e65 of kind edc_contract_negotiation is currently leased!""],""@context"":[""https://w3id.org/tractusx/auth/v1.0.0"",""https://w3id.org/catenax/2025/9/policy/context"
d7084355-1513-49d0-a29b-87d20ac629f7,PROVIDER,1200,1,did:web:ssi-dim-wallet-service.identity:BPNL00000003AZQP,7021e1fa-6220-4a14-92b2-d850b143b9dc,1791484457544,1791484851023,1791484851023,
a3270051-0867-4ceb-947d-a31974c56a00,PROVIDER,1200,1,did:web:ssi-dim-wallet-service.identity:BPNL00000003AZQP,a281a447-f83f-4653-80d8-0084c9e8d410,1791484457637,1791484878587,1791484878587,
6aa62cd6-4bc6-4b22-a313-eb1122675580,PROVIDER,1400,1,did:web:ssi-dim-wallet-service.identity:BPNL00000003AZQP,,1791484480626,1791484485507,1791484485507,"Failed to send termination to counter party: {""@type"":""ContractNegotiationError"",""code"":""409"",""reason"":[""Entity c2b8847c-7f1a-41fa-b292-a7d0ba93e177 of kind edc_contract_negotiation is currently leased!""],""@context"":[""https://w3id.org/tractusx/auth/v1.0.0"",""https://w3id.org/catenax/2025/9/policy/con"
82334b81-d7ea-4d41-a951-07bab16ad887,PROVIDER,1400,1,did:web:ssi-dim-wallet-service.identity:BPNL00000003AZQP,,1791484480834,1791484485605,1791484485605,"Failed to send agreement to consumer: {""@type"":""ContractNegotiationError"",""code"":""409"",""reason"":[""Entity 0405931f-f17d-4699-bee4-5345a7455591 of kind edc_contract_negotiation is currently leased!""],""@context"":[""https://w3id.org/tractusx/auth/v1.0.0"",""https://w3id.org/catenax/2025/9/policy/context.js"
31deb9ec-a549-4528-b792-ea1c5832bca2,PROVIDER,1200,1,did:web:ssi-dim-wallet-service.identity:BPNL00000003AZQP,0096e6ca-8d35-4269-b327-10f480ad8ae4,1791484481036,1791484879705,1791484879705,
ab415808-c57d-4ad0-8704-91e01808a06f,PROVIDER,1400,1,did:web:ssi-dim-wallet-service.identity:BPNL00000003AZQP,185eb3a8-328b-4942-883f-2e26f77889d7,1791484481141,1791484881605,1791484881605,"Failed to send finalization to consumer: {""@type"":""ContractNegotiationError"",""code"":""409"",""reason"":[""Entity d5499938-0282-41cd-bda9-0d4720f23ffe of kind edc_contract_negotiation is currently leased!""],""@context"":[""https://w3id.org/tractusx/auth/v1.0.0"",""https://w3id.org/catenax/2025/9/policy/context"
1b5cbc90-37f2-4386-b631-38f045dc901a,PROVIDER,1400,1,did:web:ssi-dim-wallet-service.identity:BPNL00000003AZQP,,1791484481542,1791484484214,1791484484214,"Failed to send termination to counter party: {""@type"":""ContractNegotiationError"",""code"":""409"",""reason"":[""Entity 94dbfabd-e31a-402f-a921-774c6a759734 of kind edc_contract_negotiation is currently leased!""],""@context"":[""https://w3id.org/tractusx/auth/v1.0.0"",""https://w3id.org/catenax/2025/9/policy/con"
b68fb9c8-8f08-4d57-8fd3-b66d6a4757f3,PROVIDER,1400,1,did:web:ssi-dim-wallet-service.identity:BPNL00000003AZQP,,1791484481827,1791484485621,1791484485621,"Failed to send agreement to consumer: {""@type"":""ContractNegotiationError"",""code"":""409"",""reason"":[""Entity 0819e429-7c77-4c96-8b78-219bc4b641f2 of kind edc_contract_negotiation is currently leased!""],""@context"":[""https://w3id.org/tractusx/auth/v1.0.0"",""https://w3id.org/catenax/2025/9/policy/context.js"
5c92f05a-6788-4dfc-8f0e-9a32d6f1f532,PROVIDER,1400,1,did:web:ssi-dim-wallet-service.identity:BPNL00000003AZQP,88893b93-fa8a-45f4-86cf-86dab2176a59,1791484482034,1791484883783,1791484883783,"Failed to send finalization to consumer: {""@type"":""ContractNegotiationError"",""code"":""409"",""reason"":[""Entity eaffe2d1-d09c-4127-8e50-8b72de91f9c1 of kind edc_contract_negotiation is currently leased!""],""@context"":[""https://w3id.org/tractusx/auth/v1.0.0"",""https://w3id.org/catenax/2025/9/policy/context"
c0c4b44b-982c-49bd-8af8-b9d0b397cdd3,PROVIDER,1400,1,did:web:ssi-dim-wallet-service.identity:BPNL00000003AZQP,,1791484483640,1791484491405,1791484491405,"Failed to send agreement to consumer: {""@type"":""ContractNegotiationError"",""code"":""409"",""reason"":[""Entity cbc6aae3-fb8f-49c5-aaf7-9698ca12be57 of kind edc_contract_negotiation is currently leased!""],""@context"":[""https://w3id.org/tractusx/auth/v1.0.0"",""https://w3id.org/catenax/2025/9/policy/context.js"
2cb0217e-0e4c-467f-bc57-a75139181bf4,PROVIDER,1200,1,did:web:ssi-dim-wallet-service.identity:BPNL00000003AZQP,5c3e91d6-20e1-4519-9dc0-fe85f6b00b45,1791484483748,1791484876434,1791484876434,
b7579fe1-97d2-4799-9c05-02499b49e825,PROVIDER,1400,1,did:web:ssi-dim-wallet-service.identity:BPNL00000003AZQP,,1791484484041,1791484491005,1791484491005,"Failed to send agreement to consumer: {""@type"":""ContractNegotiationError"",""code"":""409"",""reason"":[""Entity a785ee8e-962a-4418-9ed1-c0903b562324 of kind edc_contract_negotiation is currently leased!""],""@context"":[""https://w3id.org/tractusx/auth/v1.0.0"",""https://w3id.org/catenax/2025/9/policy/context.js"
21973141-4d68-4590-9047-d52e7b2862bf,PROVIDER,1200,1,did:web:ssi-dim-wallet-service.identity:BPNL00000003AZQP,1162f455-8643-49a3-a355-1e9f58add362,1791484484737,1791484879805,1791484879805,
c1ae1c52-ce81-43f9-a5f9-e927d8e8ed32,PROVIDER,1200,1,did:web:ssi-dim-wallet-service.identity:BPNL00000003AZQP,219a3e93-99e4-4b08-bfc2-d185aed1e40d,1791484484879,1791484880816,1791484880816,
21757bd1-1a3d-4d6f-951a-90098d96389b,PROVIDER,1200,1,did:web:ssi-dim-wallet-service.identity:BPNL00000003AZQP,32d9d827-578e-48cf-a4b8-7daea4c4e039,1791484485119,1791484882605,1791484882605,
fd6ab04e-b4bd-4f01-b637-e22e84a97a13,PROVIDER,1400,1,did:web:ssi-dim-wallet-service.identity:BPNL00000003AZQP,18348388-4d85-4625-995d-9868e1b83ee9,1791484485226,1791484892305,1791484892305,"Failed to send finalization to consumer: {""@type"":""ContractNegotiationError"",""code"":""409"",""reason"":[""Entity bb87fc56-8827-4dde-9e4c-a6c116a926cc of kind edc_contract_negotiation is currently leased!""],""@context"":[""https://w3id.org/tractusx/auth/v1.0.0"",""https://w3id.org/catenax/2025/9/policy/context"
8ae34fe3-ca5c-46d1-b4ca-9f527d950263,PROVIDER,1200,1,did:web:ssi-dim-wallet-service.identity:BPNL00000003AZQP,7500276c-3cbc-473d-b913-785badeaf2c5,1791484485430,1791484885018,1791484885018,
7b136f61-ed58-44c7-b40a-afe403a503b9,PROVIDER,1200,1,did:web:ssi-dim-wallet-service.identity:BPNL00000003AZQP,82ef43bf-f886-4ea4-a656-ec6c13631dc3,1791484485432,1791484882308,1791484882308,
431f1e68-a1a0-4e68-a93e-c54e601e88c5,PROVIDER,1200,1,did:web:ssi-dim-wallet-service.identity:BPNL00000003AZQP,7fa1a411-1b6e-4ebb-8581-fbf5d299a687,1791484485704,1791484881770,1791484881770,
45134403-932a-494f-b6f5-f593f33f199b,PROVIDER,1200,1,did:web:ssi-dim-wallet-service.identity:BPNL00000003AZQP,743693e8-ae73-4f2c-8202-52ea772070cb,1791484485839,1791484886905,1791484886905,
65f96266-c60e-468b-a033-d1c5b2a6967d,PROVIDER,1200,1,did:web:ssi-dim-wallet-service.identity:BPNL00000003AZQP,240bf9da-2126-405e-b4a0-1b8f31544726,1791484485922,1791484888068,1791484888068,
05143e87-84c8-4824-9128-e3f8bf50b4a6,PROVIDER,1200,1,did:web:ssi-dim-wallet-service.identity:BPNL00000003AZQP,20d499fd-ed57-4c95-955d-04850cb8277d,1791484486535,1791484887168,1791484887168,
f440b518-a191-4c93-8863-ebfbfc6b0638,PROVIDER,1200,1,did:web:ssi-dim-wallet-service.identity:BPNL00000003AZQP,41285a8c-d5cd-4e96-a364-7a899cfb62da,1791484505225,1791484933368,1791484933368,
781bddde-374a-4fcb-91ad-e7dd94d05826,PROVIDER,1200,1,did:web:ssi-dim-wallet-service.identity:BPNL00000003AZQP,94b3d66a-9ceb-43d3-93aa-d99c05b9baa1,1791484505533,1791484885205,1791484885205,
24aac5fb-908f-4933-9ad8-11890c7725be,PROVIDER,1200,1,did:web:ssi-dim-wallet-service.identity:BPNL00000003AZQP,337228da-bf86-4b59-a748-cdf50a0e11dc,1791484505745,1791484933968,1791484933968,
08306699-fa52-4b2c-99eb-bb479ec09a14,PROVIDER,1200,1,did:web:ssi-dim-wallet-service.identity:BPNL00000003AZQP,f883d2df-0ed9-46f1-b34d-f06b53684c37,1791484505904,1791484887205,1791484887205,
e52cdc99-6ebd-40dc-bbd3-42eef033b3dc,PROVIDER,1400,1,did:web:ssi-dim-wallet-service.identity:BPNL00000003AZQP,,1791484505944,1791484510420,1791484510420,"Failed to send agreement to consumer: {""@type"":""ContractNegotiationError"",""code"":""409"",""reason"":[""Entity 2319ed0a-8c10-436d-9ddd-eea4832ac183 of kind edc_contract_negotiation is currently leased!""],""@context"":[""https://w3id.org/tractusx/auth/v1.0.0"",""https://w3id.org/catenax/2025/9/policy/context.js"
8798b1f6-7ef8-4974-92ae-66e90c2b9660,PROVIDER,1200,1,did:web:ssi-dim-wallet-service.identity:BPNL00000003AZQP,a75dd898-2fc9-4441-b690-31a8ba4e2b74,1791484506140,1791484886129,1791484886129,
7f723eb5-4c0b-460e-a166-d95a6e9403cd,PROVIDER,1200,1,did:web:ssi-dim-wallet-service.identity:BPNL00000003AZQP,f2f00e99-7aec-466f-9851-38b22e34db7c,1791484506325,1791484932135,1791484932135,
c81cb06b-0718-443a-a6f0-2dab88ecdf74,PROVIDER,1200,1,did:web:ssi-dim-wallet-service.identity:BPNL00000003AZQP,c9360550-a559-4529-9e30-aa668dfb5fe4,1791484506445,1791484888720,1791484888720,
1ca3a743-d8aa-46a6-9b91-6e96525e938f,PROVIDER,1200,1,did:web:ssi-dim-wallet-service.identity:BPNL00000003AZQP,cec4d973-0a6d-400f-912d-4902147a2920,1791484506941,1791484933978,1791484933978,
285028e8-72aa-4db2-bd01-34a05f4d23c3,PROVIDER,1200,1,did:web:ssi-dim-wallet-service.identity:BPNL00000003AZQP,cd232245-4973-4814-92e1-1487a1ab26b0,1791484507442,1791484932236,1791484932236,
0e2344e1-f6fd-4699-b5e4-42edf8d457f1,PROVIDER,1200,1,did:web:ssi-dim-wallet-service.identity:BPNL00000003AZQP,3acc5f48-676e-42b8-9c69-97a6588e3d89,1791484507634,1791484934379,1791484934379,
686759b7-d5fb-4eb3-aecf-42e54723c265,PROVIDER,1200,1,did:web:ssi-dim-wallet-service.identity:BPNL00000003AZQP,bbebe079-b53b-4dd8-9246-f72be1a5e3e4,1791484508107,1791484939583,1791484939583,
3c39886e-34c4-42cd-b792-c1bfd5c67b73,PROVIDER,1200,1,did:web:ssi-dim-wallet-service.identity:BPNL00000003AZQP,3410245b-7b8a-47b6-8163-e1d25e85893c,1791484508304,1791484934289,1791484934289,
b39fa31a-3cec-4c8e-a297-cbae3d7bf256,PROVIDER,1200,1,did:web:ssi-dim-wallet-service.identity:BPNL00000003AZQP,19554f1e-86f8-48e8-bcd9-1ffc9abb1f6a,1791484508704,1791484936986,1791484936986,
d9ee6a3d-e8a1-4fb2-a2ed-bf0c6c8bd152,PROVIDER,1200,1,did:web:ssi-dim-wallet-service.identity:BPNL00000003AZQP,7cbbd7a8-79e5-402c-b4bf-a3cd27bbaf11,1791484509404,1791484936388,1791484936388,
3a6e526a-a8b7-4787-a522-947cfe7208ee,PROVIDER,1200,1,did:web:ssi-dim-wallet-service.identity:BPNL00000003AZQP,f57ce412-ceb7-42f9-9c13-c2e549b127b2,1791484510233,1791484936869,1791484936869,
d9fdaf8b-5464-4ddd-9a52-efd92b8eb664,PROVIDER,1200,1,did:web:ssi-dim-wallet-service.identity:BPNL00000003AZQP,e8b103c3-5cb3-483e-ba44-774afca2b760,1791484510240,1791484942209,1791484942209,
32208f78-2133-42e5-85c9-600318c26fef,PROVIDER,1200,1,did:web:ssi-dim-wallet-service.identity:BPNL00000003AZQP,aadc4ba8-d75a-4f46-9306-3a96cf952b5d,1791484510406,1791484939305,1791484939305,
ff8a0b9b-bcd2-44d2-a815-fdb7723b1eb9,PROVIDER,1200,1,did:web:ssi-dim-wallet-service.identity:BPNL00000003AZQP,a043d47d-91b2-4b49-8091-55598931e59c,1791484510605,1791484938906,1791484938906,
cb1c668e-0953-4a68-bc20-0fa3f573ebaf,PROVIDER,1200,1,did:web:ssi-dim-wallet-service.identity:BPNL00000003AZQP,3afcd721-a318-41b6-b3b6-1ce7f4c7a362,1791484510836,1791484943505,1791484943505,
9972f3ad-a98a-4568-91d4-c4be69e75ac7,PROVIDER,1400,1,did:web:ssi-dim-wallet-service.identity:BPNL00000003AZQP,,1791484541728,1791484548769,1791484548769,"Failed to send agreement to consumer: {""@type"":""ContractNegotiationError"",""code"":""409"",""reason"":[""Entity 27bd1f93-d714-4707-a64a-b9c7e2a1298b of kind edc_contract_negotiation is currently leased!""],""@context"":[""https://w3id.org/tractusx/auth/v1.0.0"",""https://w3id.org/catenax/2025/9/policy/context.js"
4c2974db-83b9-4c16-8ca8-c8b710842285,PROVIDER,1400,1,did:web:ssi-dim-wallet-service.identity:BPNL00000003AZQP,,1791484541744,1791484545084,1791484545084,"Failed to send agreement to consumer: {""@type"":""ContractNegotiationError"",""code"":""409"",""reason"":[""Entity af2df9ef-f048-4e34-be05-9358a0995c1c of kind edc_contract_negotiation is currently leased!""],""@context"":[""https://w3id.org/tractusx/auth/v1.0.0"",""https://w3id.org/catenax/2025/9/policy/context.js"
ff6afbe8-2c41-4467-85a5-14bb675afd21,PROVIDER,1400,1,did:web:ssi-dim-wallet-service.identity:BPNL00000003AZQP,,1791484541766,1791484545396,1791484545396,"Failed to send agreement to consumer: {""@type"":""ContractNegotiationError"",""code"":""409"",""reason"":[""Entity 041f6690-85a6-406c-8a41-9b7d7ca56853 of kind edc_contract_negotiation is currently leased!""],""@context"":[""https://w3id.org/tractusx/auth/v1.0.0"",""https://w3id.org/catenax/2025/9/policy/context.js"
8bb8298a-b56f-4d6b-8156-64fde05281d1,PROVIDER,1200,1,did:web:ssi-dim-wallet-service.identity:BPNL00000003AZQP,9e86b14b-3f16-4eb4-91f8-e04671220181,1791484541834,1791484940406,1791484940406,
dcc4ba13-1052-4968-a15c-d455b2ab3f67,PROVIDER,1400,1,did:web:ssi-dim-wallet-service.identity:BPNL00000003AZQP,,1791484541939,1791484547406,1791484547406,"Failed to send agreement to consumer: {""@type"":""ContractNegotiationError"",""code"":""409"",""reason"":[""Entity b0e54e84-e0ab-4ce4-8bb6-216f6916302a of kind edc_contract_negotiation is currently leased!""],""@context"":[""https://w3id.org/tractusx/auth/v1.0.0"",""https://w3id.org/catenax/2025/9/policy/context.js"
4e2c905e-d952-4fde-bdd3-9d9012518e09,PROVIDER,1200,1,did:web:ssi-dim-wallet-service.identity:BPNL00000003AZQP,35c6dcaf-240c-46d8-b979-48bff192c598,1791484543777,1791484940805,1791484940805,
2df3b30b-7b68-4aec-ac41-4be9e4445496,PROVIDER,1400,1,did:web:ssi-dim-wallet-service.identity:BPNL00000003AZQP,,1791484543841,1791484547907,1791484547907,"Failed to send agreement to consumer: {""@type"":""ContractNegotiationError"",""code"":""409"",""reason"":[""Entity 6948dca5-511c-4524-ab0a-f4034c07b392 of kind edc_contract_negotiation is currently leased!""],""@context"":[""https://w3id.org/tractusx/auth/v1.0.0"",""https://w3id.org/catenax/2025/9/policy/context.js"
0334b3ca-d46c-4990-9515-ef8a23e15515,PROVIDER,1400,1,did:web:ssi-dim-wallet-service.identity:BPNL00000003AZQP,,1791484544046,1791484548007,1791484548007,"Failed to send termination to counter party: {""@type"":""ContractNegotiationError"",""code"":""409"",""reason"":[""Entity fbb48f2a-382b-4150-ab83-7fbdee3cc57e of kind edc_contract_negotiation is currently leased!""],""@context"":[""https://w3id.org/tractusx/auth/v1.0.0"",""https://w3id.org/catenax/2025/9/policy/con"
e34078a4-299f-49f2-ba71-e21ab08398ea,PROVIDER,1200,1,did:web:ssi-dim-wallet-service.identity:BPNL00000003AZQP,a75c27cc-22aa-4981-8ba4-2885b9f92942,1791484544834,1791484950006,1791484950006,
3dcda565-17e6-43f3-9125-bc1f6d99c781,PROVIDER,1400,1,did:web:ssi-dim-wallet-service.identity:BPNL00000003AZQP,,1791484544881,1791484550521,1791484550521,"Failed to send agreement to consumer: {""@type"":""ContractNegotiationError"",""code"":""409"",""reason"":[""Entity 007ce461-6817-4715-bdce-a7af6b4c10f0 of kind edc_contract_negotiation is currently leased!""],""@context"":[""https://w3id.org/tractusx/auth/v1.0.0"",""https://w3id.org/catenax/2025/9/policy/context.js"
327fe47c-6baa-410c-9f15-b6e46a259ea1,PROVIDER,1400,1,did:web:ssi-dim-wallet-service.identity:BPNL00000003AZQP,,1791484545085,1791484549405,1791484549405,"Failed to send agreement to consumer: {""@type"":""ContractNegotiationError"",""code"":""409"",""reason"":[""Cannot process ContractAgreementMessage because negotiation cannot be agreed""],""@context"":[""https://w3id.org/tractusx/auth/v1.0.0"",""https://w3id.org/catenax/2025/9/policy/context.jsonld"",""https://w3id.o"
6047286b-820f-4ec9-b2e6-0d6e6bc6b8f6,PROVIDER,1200,1,did:web:ssi-dim-wallet-service.identity:BPNL00000003AZQP,4b849ad6-1c01-45c3-9396-42016f26646f,1791484545362,1791484943741,1791484943741,
09a8825f-a34c-4299-a1a5-a235ec3752bc,PROVIDER,1400,1,did:web:ssi-dim-wallet-service.identity:BPNL00000003AZQP,,1791484546123,1791484549820,1791484549820,"Failed to send agreement to consumer: {""@type"":""ContractNegotiationError"",""code"":""409"",""reason"":[""Entity 4742d7fa-bfa4-4f68-8598-7d0acf43d1a1 of kind edc_contract_negotiation is currently leased!""],""@context"":[""https://w3id.org/tractusx/auth/v1.0.0"",""https://w3id.org/catenax/2025/9/policy/context.js"
38d1acad-0366-47c5-968d-814a37968e9a,PROVIDER,1200,1,did:web:ssi-dim-wallet-service.identity:BPNL00000003AZQP,06e5b236-270b-4575-a4fa-2b94b5b9f855,1791484547124,1791484943668,1791484943668,
3d796e7d-b36e-47d8-9f62-4f42eaba5504,PROVIDER,1200,1,did:web:ssi-dim-wallet-service.identity:BPNL00000003AZQP,0f38e0c3-6b35-40d2-8a89-82c347eac486,1791484548544,1791484970105,1791484970105,
d50fd7dc-dd96-4240-a6ad-e4214ff00226,PROVIDER,1400,1,did:web:ssi-dim-wallet-service.identity:BPNL00000003AZQP,b95bd4b0-45c2-46c4-afb3-ee97ed2febe4,1791484548842,1791484974644,1791484974644,"Failed to send finalization to consumer: {""@type"":""ContractNegotiationError"",""code"":""409"",""reason"":[""Entity b3e7b23f-0832-40bd-a219-e74b3fafe5c1 of kind edc_contract_negotiation is currently leased!""],""@context"":[""https://w3id.org/tractusx/auth/v1.0.0"",""https://w3id.org/catenax/2025/9/policy/context"
fc015cca-7fca-4ee7-b442-1594bc7710b5,PROVIDER,1400,1,did:web:ssi-dim-wallet-service.identity:BPNL00000003AZQP,,1791484548939,1791484553685,1791484553685,"Failed to send agreement to consumer: {""@type"":""ContractNegotiationError"",""code"":""409"",""reason"":[""Entity 54a641da-9888-46e8-a511-53f5c946066e of kind edc_contract_negotiation is currently leased!""],""@context"":[""https://w3id.org/tractusx/auth/v1.0.0"",""https://w3id.org/catenax/2025/9/policy/context.js"
c56a8c34-e2b6-4f4c-b366-1d8d236094f4,PROVIDER,1200,1,did:web:ssi-dim-wallet-service.identity:BPNL00000003AZQP,9768f575-bddb-4ad8-a4ea-acf6aca0d1db,1791484549323,1791484971805,1791484971805,
1bbbc065-e1ec-4222-9230-2ef1bd201d0b,PROVIDER,1200,1,did:web:ssi-dim-wallet-service.identity:BPNL00000003AZQP,15ad000b-7de8-4f73-9c4b-f75ccfa3a375,1791484549530,1791484970018,1791484970018,
0b414d4b-af79-4917-808f-cd817f10472e,PROVIDER,1400,1,did:web:ssi-dim-wallet-service.identity:BPNL00000003AZQP,,1791484549743,1791484553868,1791484553868,"Failed to send agreement to consumer: {""@type"":""ContractNegotiationError"",""code"":""409"",""reason"":[""Entity b1f83a93-b373-4826-91f1-e94f757ac0b2 of kind edc_contract_negotiation is currently leased!""],""@context"":[""https://w3id.org/tractusx/auth/v1.0.0"",""https://w3id.org/catenax/2025/9/policy/context.js"
9a321202-1910-49c3-909b-832cde1aea8b,PROVIDER,1400,1,did:web:ssi-dim-wallet-service.identity:BPNL00000003AZQP,,1791484578744,1791484583541,1791484583541,"Failed to send agreement to consumer: {""@type"":""ContractNegotiationError"",""code"":""409"",""reason"":[""Entity 055c31f8-8288-4f95-adcd-45ad2c3bfb62 of kind edc_contract_negotiation is currently leased!""],""@context"":[""https://w3id.org/tractusx/auth/v1.0.0"",""https://w3id.org/catenax/2025/9/policy/context.js"
142d236d-497b-410b-9b06-68214c8f2a93,PROVIDER,1400,1,did:web:ssi-dim-wallet-service.identity:BPNL00000003AZQP,83e0c812-2986-40a7-8509-5246d23ec51a,1791484578928,1791484976575,1791484976575,"Failed to send finalization to consumer: {""@type"":""ContractNegotiationError"",""code"":""409"",""reason"":[""Entity 11cbe787-403c-43ff-8ac0-e478f6b8d83e of kind edc_contract_negotiation is currently leased!""],""@context"":[""https://w3id.org/tractusx/auth/v1.0.0"",""https://w3id.org/catenax/2025/9/policy/context"
1f582fd5-92e5-4772-a5cd-1aae51fbacee,PROVIDER,1400,1,did:web:ssi-dim-wallet-service.identity:BPNL00000003AZQP,,1791484579225,1791484585706,1791484585706,"Failed to send agreement to consumer: {""@type"":""ContractNegotiationError"",""code"":""409"",""reason"":[""Entity c0da28e6-007d-4d99-b859-ef2a925f14a9 of kind edc_contract_negotiation is currently leased!""],""@context"":[""https://w3id.org/tractusx/auth/v1.0.0"",""https://w3id.org/catenax/2025/9/policy/context.js"
7f924a89-bb6f-4211-bcd0-57231dc9f5d1,PROVIDER,1400,1,did:web:ssi-dim-wallet-service.identity:BPNL00000003AZQP,,1791484579429,1791484585222,1791484585222,"Failed to send agreement to consumer: {""@type"":""ContractNegotiationError"",""code"":""409"",""reason"":[""Entity 64bb7781-57b3-45d6-a190-4d3302856951 of kind edc_contract_negotiation is currently leased!""],""@context"":[""https://w3id.org/tractusx/auth/v1.0.0"",""https://w3id.org/catenax/2025/9/policy/context.js"
13a6e035-b728-4b2c-9473-38ac0061a572,PROVIDER,1200,1,did:web:ssi-dim-wallet-service.identity:BPNL00000003AZQP,45d91e62-8705-4fb2-a467-20ccb202f92d,1791484579541,1791484974068,1791484974068,
13d84191-3e04-4c80-8cee-c2adaa63cf55,PROVIDER,1400,1,did:web:ssi-dim-wallet-service.identity:BPNL00000003AZQP,8b31036f-1d4f-429d-8c4a-c10791f146e7,1791484579747,1791484977169,1791484977169,"Failed to send finalization to consumer: {""@type"":""ContractNegotiationError"",""code"":""409"",""reason"":[""Entity 89ede408-0127-406c-a518-7d19d9f23e00 of kind edc_contract_negotiation is currently leased!""],""@context"":[""https://w3id.org/tractusx/auth/v1.0.0"",""https://w3id.org/catenax/2025/9/policy/context"
34c96d36-87ed-4457-a760-5de1ac7212da,PROVIDER,1200,1,did:web:ssi-dim-wallet-service.identity:BPNL00000003AZQP,c3e8ae61-88f4-435d-a620-14ba2fb5908f,1791484580034,1791484973578,1791484973578,
f7233171-0cf1-4454-bf17-dc447079b996,PROVIDER,1200,1,did:web:ssi-dim-wallet-service.identity:BPNL00000003AZQP,7bda436b-3445-4172-a376-b7197c5c8808,1791484580342,1791484973976,1791484973976,
2ec6aaf5-fa62-47b6-86a5-44b0e67d52be,PROVIDER,1400,1,did:web:ssi-dim-wallet-service.identity:BPNL00000003AZQP,,1791484580440,1791484585132,1791484585132,"Failed to send agreement to consumer: {""@type"":""ContractNegotiationError"",""code"":""409"",""reason"":[""Entity d7b4a1f5-de17-4d74-a856-e10ac5de7a69 of kind edc_contract_negotiation is currently leased!""],""@context"":[""https://w3id.org/tractusx/auth/v1.0.0"",""https://w3id.org/catenax/2025/9/policy/context.js"
8f25ffde-eeb9-4cd4-926e-30a64f07154f,PROVIDER,1200,1,did:web:ssi-dim-wallet-service.identity:BPNL00000003AZQP,4508a999-2af0-4473-91d1-4f4a81a65926,1791484580738,1791484977420,1791484977420,
1c244520-03b5-40ad-b0b3-2963404a0c95,PROVIDER,1200,1,did:web:ssi-dim-wallet-service.identity:BPNL00000003AZQP,76137ac1-1092-434e-99fb-c92c389a5ee8,1791484581047,1791484973069,1791484973069,
46b7ca7f-3311-416c-963f-99f2501c13d1,PROVIDER,1400,1,did:web:ssi-dim-wallet-service.identity:BPNL00000003AZQP,08cee9b0-b0f0-4dc0-b332-1f111579f582,1791484581329,1791484980508,1791484980508,"Failed to send finalization to consumer: {""@type"":""ContractNegotiationError"",""code"":""409"",""reason"":[""Entity 834d3b37-8703-48ad-9d93-c2a68d6b4246 of kind edc_contract_negotiation is currently leased!""],""@context"":[""https://w3id.org/tractusx/auth/v1.0.0"",""https://w3id.org/catenax/2025/9/policy/context"
f554e405-1c08-4477-bfd6-e57da8142b87,PROVIDER,1200,1,did:web:ssi-dim-wallet-service.identity:BPNL00000003AZQP,2afa971e-f485-40cf-84b5-dfb8ba7de6bb,1791484581540,1791484979635,1791484979635,
4da6455d-bc05-4045-8e6f-74e4aaabbc7f,PROVIDER,1200,1,did:web:ssi-dim-wallet-service.identity:BPNL00000003AZQP,b2e2cb17-3407-4694-8095-8cd15827a997,1791484582024,1791484982868,1791484982868,
885ef3ed-0f49-4247-91fb-7146005ebd25,PROVIDER,1200,1,did:web:ssi-dim-wallet-service.identity:BPNL00000003AZQP,944d20c8-084f-4f3c-9996-d3f404016516,1791484582531,1791484979444,1791484979444,
cb41ad4e-8c5b-49c7-b708-91e53ef76830,PROVIDER,1200,1,did:web:ssi-dim-wallet-service.identity:BPNL00000003AZQP,70f43ee0-97ff-4983-958d-3ccdeae36401,1791484582798,1791484978205,1791484978205,
509281c2-6858-40e8-ae30-ff74d0a452a2,PROVIDER,1200,1,did:web:ssi-dim-wallet-service.identity:BPNL00000003AZQP,fd75bd85-af26-48ce-8763-8f611bdfb3be,1791484582938,1791484979808,1791484979808,
bd3a8a77-e0e9-4e05-9375-5fdcb1f57a87,PROVIDER,1200,1,did:web:ssi-dim-wallet-service.identity:BPNL00000003AZQP,a17fa67d-240e-455b-8458-f92dfa73fb5e,1791484583604,1791484980205,1791484980205,
8ec55b78-7b8a-42e4-90db-6694c7a168ad,PROVIDER,1200,1,did:web:ssi-dim-wallet-service.identity:BPNL00000003AZQP,fa15b3d6-134c-4799-a97b-dfdfd805b98a,1791484583882,1791484981205,1791484981205,
284726f2-0bca-4115-951b-cc2f35f32168,PROVIDER,1200,1,did:web:ssi-dim-wallet-service.identity:BPNL00000003AZQP,7717a421-3bc0-432f-8b03-66d08fd7310b,1791484583952,1791484982582,1791484982582,
30e3d3b5-7d0e-4542-8287-18a4cb45aaee,PROVIDER,1200,1,did:web:ssi-dim-wallet-service.identity:BPNL00000003AZQP,f9af2363-eaa6-4247-be19-e148c446f3ef,1791484616732,1791485024111,1791485024111,
692a5f33-0292-42ed-8376-85797102a2cd,PROVIDER,1200,1,did:web:ssi-dim-wallet-service.identity:BPNL00000003AZQP,e90acbfb-d481-4892-8e27-e0195d5e6f24,1791484616843,1791485024419,1791485024419,
ea1e9b0c-5dd0-4ae4-acc5-2c16229da996,PROVIDER,1200,1,did:web:ssi-dim-wallet-service.identity:BPNL00000003AZQP,f14281d9-677b-436c-8704-92098d3be703,1791484616945,1791485020918,1791485020918,
847e0485-72df-4905-9e73-07148b5ae34a,PROVIDER,1400,1,did:web:ssi-dim-wallet-service.identity:BPNL00000003AZQP,,1791484617234,1791484622781,1791484622781,"Failed to send agreement to consumer: {""@type"":""ContractNegotiationError"",""code"":""409"",""reason"":[""Entity 5096cfed-b285-4deb-b4e0-ba5e8311de9c of kind edc_contract_negotiation is currently leased!""],""@context"":[""https://w3id.org/tractusx/auth/v1.0.0"",""https://w3id.org/catenax/2025/9/policy/context.js"
e4a5f41a-596e-4e19-ac07-720f4c83ced3,PROVIDER,1200,1,did:web:ssi-dim-wallet-service.identity:BPNL00000003AZQP,c7185706-ee80-4962-84ce-d9f785d9391d,1791484617304,1791485026816,1791485026816,
2f2a2612-599c-4d75-846e-4ccc4804a6fc,PROVIDER,1200,1,did:web:ssi-dim-wallet-service.identity:BPNL00000003AZQP,fda43d7d-aa2a-414d-8e89-817da63a5324,1791484617809,1791485020902,1791485020902,
ac8c4766-e634-4476-9a2b-0095f8508ccb,PROVIDER,1200,1,did:web:ssi-dim-wallet-service.identity:BPNL00000003AZQP,536cd898-e083-4a88-ae81-be3641f0b273,1791484618404,1791485022469,1791485022469,
9e38fcc3-b10d-4449-8fa5-c58b245a3482,PROVIDER,1200,1,did:web:ssi-dim-wallet-service.identity:BPNL00000003AZQP,e40e48c0-aa0f-44a3-82e7-fc7dcae5d8d0,1791484618433,1791485023917,1791485023917,
e083f18f-80da-40f4-a6c5-2da3eb3305a6,PROVIDER,1200,1,did:web:ssi-dim-wallet-service.identity:BPNL00000003AZQP,16d2f119-7f99-4897-bc34-f0495a6a7204,1791484619108,1791485024505,1791485024505,
a60423a5-8970-403b-aaaa-25246b685f20,PROVIDER,1400,1,did:web:ssi-dim-wallet-service.identity:BPNL00000003AZQP,,1791484619211,1791484623074,1791484623074,"Failed to send agreement to consumer: {""@type"":""ContractNegotiationError"",""code"":""409"",""reason"":[""Entity 4dc2dbfe-277c-4709-b96e-7d463b9a8de0 of kind edc_contract_negotiation is currently leased!""],""@context"":[""https://w3id.org/tractusx/auth/v1.0.0"",""https://w3id.org/catenax/2025/9/policy/context.js"
c2cf10a4-0645-414d-9664-142ed8382bad,PROVIDER,1200,1,did:web:ssi-dim-wallet-service.identity:BPNL00000003AZQP,ccaac76a-a32a-448f-abf3-089e40ee5031,1791484619342,1791485025706,1791485025706,
da355833-1a25-488a-94f4-5d3c2d15b58d,PROVIDER,1400,1,did:web:ssi-dim-wallet-service.identity:BPNL00000003AZQP,,1791484619440,1791484623581,1791484623581,"Failed to send agreement to consumer: {""@type"":""ContractNegotiationError"",""code"":""409"",""reason"":[""Entity 6f7d9f4f-8f33-4fd8-801e-01b9a29015d9 of kind edc_contract_negotiation is currently leased!""],""@context"":[""https://w3id.org/tractusx/auth/v1.0.0"",""https://w3id.org/catenax/2025/9/policy/context.js"
b4e460ae-97b0-4390-93e8-a72b494a2d52,PROVIDER,1400,1,did:web:ssi-dim-wallet-service.identity:BPNL00000003AZQP,,1791484619642,1791484625007,1791484625007,"Failed to send agreement to consumer: {""@type"":""ContractNegotiationError"",""code"":""409"",""reason"":[""Entity a852bc9b-aedf-4534-9f70-e7b84aa437e3 of kind edc_contract_negotiation is currently leased!""],""@context"":[""https://w3id.org/tractusx/auth/v1.0.0"",""https://w3id.org/catenax/2025/9/policy/context.js"
5f2097d2-7b9a-494b-9d05-b2bb18af1726,PROVIDER,1400,1,did:web:ssi-dim-wallet-service.identity:BPNL00000003AZQP,,1791484620341,1791484625812,1791484625812,"Failed to send agreement to consumer: {""@type"":""ContractNegotiationError"",""code"":""409"",""reason"":[""Entity d5316bf2-ac89-4809-8ad6-68288287866e of kind edc_contract_negotiation is currently leased!""],""@context"":[""https://w3id.org/tractusx/auth/v1.0.0"",""https://w3id.org/catenax/2025/9/policy/context.js"
2cac1325-c0d9-4b47-abce-4af7d880e1e4,PROVIDER,1200,1,did:web:ssi-dim-wallet-service.identity:BPNL00000003AZQP,d14c47cd-4bbc-44ee-8132-a01ba0ca84cd,1791484620413,1791485025724,1791485025724,
202bec2c-9232-43cc-a50b-d5972f86269b,PROVIDER,1400,1,did:web:ssi-dim-wallet-service.identity:BPNL00000003AZQP,,1791484622100,1791484625706,1791484625706,"Failed to send agreement to consumer: {""@type"":""ContractNegotiationError"",""code"":""409"",""reason"":[""Entity 318735d8-09c0-43a3-92cc-e43674f9c23b of kind edc_contract_negotiation is currently leased!""],""@context"":[""https://w3id.org/tractusx/auth/v1.0.0"",""https://w3id.org/catenax/2025/9/policy/context.js"
20eee715-3dbf-45c3-9d47-ced3adcc2dd0,PROVIDER,1200,1,did:web:ssi-dim-wallet-service.identity:BPNL00000003AZQP,df1d94af-dc06-4379-8cf3-6a39fc599dc0,1791484622598,1791485032481,1791485032481,
b85a0613-52a8-41db-9309-6d4134c43e78,PROVIDER,1200,1,did:web:ssi-dim-wallet-service.identity:BPNL00000003AZQP,3ee7d705-7811-4edd-8d03-7327c6fa344f,1791484622691,1791485027018,1791485027018,
8822442a-e9e4-4a7a-9033-d25e99cc8c01,PROVIDER,1200,1,did:web:ssi-dim-wallet-service.identity:BPNL00000003AZQP,38fa12dc-0219-4f10-9179-9ad566dc661b,1791484622890,1791485025621,1791485025621,
91cef638-9520-4d4a-8318-f644ff82bb13,PROVIDER,1400,1,did:web:ssi-dim-wallet-service.identity:BPNL00000003AZQP,,1791484623141,1791484627730,1791484627730,"Failed to send termination to counter party: {""@type"":""ContractNegotiationError"",""code"":""409"",""reason"":[""Entity 7639b056-5096-42dd-9bfc-7507204fc24a of kind edc_contract_negotiation is currently leased!""],""@context"":[""https://w3id.org/tractusx/auth/v1.0.0"",""https://w3id.org/catenax/2025/9/policy/con"
6548b4ad-21bb-4ef1-bfa4-e4f1603a1409,PROVIDER,1400,1,did:web:ssi-dim-wallet-service.identity:BPNL00000003AZQP,,1791484671128,1791484678112,1791484678112,"Failed to send termination to counter party: {""@type"":""ContractNegotiationError"",""code"":""409"",""reason"":[""Entity bfd0c7fe-54b8-414b-bf85-0f1d68232564 of kind edc_contract_negotiation is currently leased!""],""@context"":[""https://w3id.org/tractusx/auth/v1.0.0"",""https://w3id.org/catenax/2025/9/policy/con"
e8699149-8950-4156-b24e-a5ae4cb13d63,PROVIDER,1200,1,did:web:ssi-dim-wallet-service.identity:BPNL00000003AZQP,b2a35ebd-0c3a-4220-b75f-99c3f40a2261,1791484671227,1791485028706,1791485028706,
6b138beb-fe19-48b4-a99d-dad3d5981cda,PROVIDER,1400,1,did:web:ssi-dim-wallet-service.identity:BPNL00000003AZQP,,1791484671533,1791484679596,1791484679596,"Failed to send agreement to consumer: {""@type"":""ContractNegotiationError"",""code"":""409"",""reason"":[""Entity 6c51863e-c623-4256-8ba1-d59f753766b6 of kind edc_contract_negotiation is currently leased!""],""@context"":[""https://w3id.org/tractusx/auth/v1.0.0"",""https://w3id.org/catenax/2025/9/policy/context.js"
fa3a13b4-f961-432c-91ff-3aa18a10bfc3,PROVIDER,1200,1,did:web:ssi-dim-wallet-service.identity:BPNL00000003AZQP,79f9b2e1-23ce-44f7-9929-0686c01759a0,1791484671634,1791485029305,1791485029305,
d4ab77e6-66e6-4e1f-bf11-1378638d4b6b,PROVIDER,1200,1,did:web:ssi-dim-wallet-service.identity:BPNL00000003AZQP,1aef9102-8fd8-48f9-8439-1f15ab58883b,1791484671821,1791485037207,1791485037207,
71335616-92b5-4ebb-ad85-09021ce25df9,PROVIDER,1200,1,did:web:ssi-dim-wallet-service.identity:BPNL00000003AZQP,9587a949-16ba-4742-8da9-83b8597a0291,1791484671933,1791485032978,1791485032978,
740ff936-6564-48fb-a9fd-be40118cf7f8,PROVIDER,1200,1,did:web:ssi-dim-wallet-service.identity:BPNL00000003AZQP,001a62bc-d6b4-4cfc-a275-a3cf8d08ffe2,1791484672335,1791485028534,1791485028534,
1b209dec-dee9-41c9-8756-224d5adcd550,PROVIDER,1200,1,did:web:ssi-dim-wallet-service.identity:BPNL00000003AZQP,00b908b0-6e26-415b-aee3-bbdc4a7933d5,1791484672527,1791485033368,1791485033368,
28899946-afaa-4a03-bbb9-3235d2611c83,PROVIDER,1200,1,did:web:ssi-dim-wallet-service.identity:BPNL00000003AZQP,8ec33f44-7238-4767-b5ca-981dcef1946e,1791484673630,1791485028268,1791485028268,
42328ffe-b59d-4433-9d86-bfac31b944b7,PROVIDER,1200,1,did:web:ssi-dim-wallet-service.identity:BPNL00000003AZQP,4bcefe56-ffaa-431d-957c-ec3486fe04d7,1791484673843,1791485065268,1791485065268,
cc49bd09-d099-42e1-bca5-a02a9c2b0d84,PROVIDER,1400,1,did:web:ssi-dim-wallet-service.identity:BPNL00000003AZQP,,1791484674241,1791484688619,1791484688619,"Failed to send agreement to consumer: {""@type"":""ContractNegotiationError"",""code"":""409"",""reason"":[""Entity 912ab477-2ad7-4b05-8215-b828c70bf476 of kind edc_contract_negotiation is currently leased!""],""@context"":[""https://w3id.org/tractusx/auth/v1.0.0"",""https://w3id.org/catenax/2025/9/policy/context.js"
fa255b41-e0ac-4c51-9104-90be829a91a1,PROVIDER,1400,1,did:web:ssi-dim-wallet-service.identity:BPNL00000003AZQP,,1791484674437,1791484679908,1791484679908,"Failed to send termination to counter party: {""@type"":""ContractNegotiationError"",""code"":""409"",""reason"":[""Entity 350595ce-b63c-46da-a193-eb795643a5ab of kind edc_contract_negotiation is currently leased!""],""@context"":[""https://w3id.org/tractusx/auth/v1.0.0"",""https://w3id.org/catenax/2025/9/policy/con"
5fa9b1fb-52e5-48d0-aa80-dedfcdd8b104,PROVIDER,1200,1,did:web:ssi-dim-wallet-service.identity:BPNL00000003AZQP,0233f8b1-6b88-4f76-ba20-c6ad4beea226,1791484674735,1791485065236,1791485065236,
f06f8029-57f9-4fcf-a4fd-2952b04dd3b6,PROVIDER,1200,1,did:web:ssi-dim-wallet-service.identity:BPNL00000003AZQP,eb1350d3-a41b-48e3-ab5f-6c0b52ec46cb,1791484675936,1791485065405,1791485065405,
465b10b0-f744-4ac1-b5df-f0a76e40950c,PROVIDER,1200,1,did:web:ssi-dim-wallet-service.identity:BPNL00000003AZQP,6614a948-7d82-43b4-a5db-d575fd28da14,1791484678453,1791485065468,1791485065468,
f2c89157-d1c3-4808-907d-1385e5489903,PROVIDER,1200,1,did:web:ssi-dim-wallet-service.identity:BPNL00000003AZQP,4db10015-91fd-4393-bb67-59c82ac61c4d,1791484679124,1791485065568,1791485065568,
92eeb78b-fce1-4136-8e34-44d404caa6b7,PROVIDER,1200,1,did:web:ssi-dim-wallet-service.identity:BPNL00000003AZQP,5e110e3e-a3b2-4592-982f-cadf6d1a24da,1791484679434,1791485066423,1791485066423,
5c7923a0-1473-4845-8506-448f3f737607,PROVIDER,1400,1,did:web:ssi-dim-wallet-service.identity:BPNL00000003AZQP,,1791484679507,1791484684617,1791484684617,"Failed to send agreement to consumer: {""@type"":""ContractNegotiationError"",""code"":""409"",""reason"":[""Entity ab995abf-7cee-4353-9d98-a853bf76fffa of kind edc_contract_negotiation is currently leased!""],""@context"":[""https://w3id.org/tractusx/auth/v1.0.0"",""https://w3id.org/catenax/2025/9/policy/context.js"
21f95451-82ab-4dd0-9b03-306eddf863b3,PROVIDER,1400,1,did:web:ssi-dim-wallet-service.identity:BPNL00000003AZQP,,1791484680327,1791484682568,1791484682568,"Failed to send agreement to consumer: {""@type"":""ContractNegotiationError"",""code"":""409"",""reason"":[""Entity e4c2b50b-d08a-486a-b5d5-318f5559b5d8 of kind edc_contract_negotiation is currently leased!""],""@context"":[""https://w3id.org/tractusx/auth/v1.0.0"",""https://w3id.org/catenax/2025/9/policy/context.js"
1afef1bc-b8bf-4583-a1f3-c8a3bf74d0d4,PROVIDER,1200,1,did:web:ssi-dim-wallet-service.identity:BPNL00000003AZQP,6da8825e-c370-4dad-9e54-b4fbde9f2652,1791484680826,1791485066619,1791485066619,
d6da5ead-fb38-4e11-8216-bc1d51ac6c6d,PROVIDER,1200,1,did:web:ssi-dim-wallet-service.identity:BPNL00000003AZQP,a2bebecd-3024-480f-a8e4-d18a9053376c,1791484707442,1791485071791,1791485071791,
4d6d68b7-28c6-4027-b7e3-1a2c0197e910,PROVIDER,1200,1,did:web:ssi-dim-wallet-service.identity:BPNL00000003AZQP,aef20b9d-1e66-4c8c-8b95-cd24876312ea,1791484707645,1791485066705,1791485066705,
d3975b9f-7948-47ae-81e7-e8d5f3647009,PROVIDER,1400,1,did:web:ssi-dim-wallet-service.identity:BPNL00000003AZQP,,1791484707942,1791484711406,1791484711406,"Failed to send agreement to consumer: {""@type"":""ContractNegotiationError"",""code"":""409"",""reason"":[""Entity d1a2bac3-8de1-4c92-8ac0-8921d4ae69f6 of kind edc_contract_negotiation is currently leased!""],""@context"":[""https://w3id.org/tractusx/auth/v1.0.0"",""https://w3id.org/catenax/2025/9/policy/context.js"
885fe596-42fa-4551-8210-2c19946cbeb9,PROVIDER,1400,1,did:web:ssi-dim-wallet-service.identity:BPNL00000003AZQP,,1791484708140,1791484717406,1791484717406,"Failed to send agreement to consumer: {""@type"":""ContractNegotiationError"",""code"":""409"",""reason"":[""Entity 5b21aa74-74a9-47b8-adb6-bfff86eb110c of kind edc_contract_negotiation is currently leased!""],""@context"":[""https://w3id.org/tractusx/auth/v1.0.0"",""https://w3id.org/catenax/2025/9/policy/context.js"
199dd69c-3be8-4d18-a17d-b144ac3f04a4,PROVIDER,1200,1,did:web:ssi-dim-wallet-service.identity:BPNL00000003AZQP,ab6b5b0e-621a-4e3f-8091-1d3ace054561,1791484708420,1791485068588,1791485068588,
c63cf44b-4c6e-4c13-b154-98e85fd76d9d,PROVIDER,1400,1,did:web:ssi-dim-wallet-service.identity:BPNL00000003AZQP,71341ce0-8834-4a55-89a7-3f3c47a5f35c,1791484708728,1791485076434,1791485076434,"Failed to send finalization to consumer: {""@type"":""ContractNegotiationError"",""code"":""409"",""reason"":[""Entity 1dcbdbfc-d984-4f82-b180-03bace7aea6e of kind edc_contract_negotiation is currently leased!""],""@context"":[""https://w3id.org/tractusx/auth/v1.0.0"",""https://w3id.org/catenax/2025/9/policy/context"
00010adb-f845-4eea-919e-c7e2fb3a6ece,PROVIDER,1200,1,did:web:ssi-dim-wallet-service.identity:BPNL00000003AZQP,f02b04e9-ac63-4d7a-a782-04ce4cb85a75,1791484708838,1791485072474,1791485072474,
3accba85-3c1d-41df-a19c-c650cd0b8ce6,PROVIDER,1200,1,did:web:ssi-dim-wallet-service.identity:BPNL00000003AZQP,2df97874-f91c-4b13-8e9a-57abffe0961a,1791484709028,1791485068968,1791485068968,
d74618c6-acb1-471a-8076-0cef3413a70e,PROVIDER,1200,1,did:web:ssi-dim-wallet-service.identity:BPNL00000003AZQP,ab446f23-871b-4750-a6bd-c258a83d90d5,1791484709420,1791485074876,1791485074876,
9449d840-7b04-4e07-996f-37d92563132c,PROVIDER,1200,1,did:web:ssi-dim-wallet-service.identity:BPNL00000003AZQP,09a0fe9b-3e7b-421b-909c-8c3b2b6d44d5,1791484709534,1791485072584,1791485072584,
1c8ea258-35b1-4445-866d-0a32844f6b1c,PROVIDER,1200,1,did:web:ssi-dim-wallet-service.identity:BPNL00000003AZQP,963a59df-d37f-4cdd-8299-58193b692110,1791484709745,1791485075170,1791485075170,
fe05d07b-5ac4-4681-b8bf-20958f758851,PROVIDER,1200,1,did:web:ssi-dim-wallet-service.identity:BPNL00000003AZQP,11e9c853-5bff-4ba1-90ae-933f891e20f6,1791484710037,1791485071668,1791485071668,
c2be61b9-e906-4edf-a7a8-76fd90ca7ad1,PROVIDER,1200,1,did:web:ssi-dim-wallet-service.identity:BPNL00000003AZQP,4758b3a2-c745-44a7-8ddf-f5ca0edcbc23,1791484710231,1791485075393,1791485075393,
14356c24-46d1-4d71-9576-8c3a9cd852a0,PROVIDER,1200,1,did:web:ssi-dim-wallet-service.identity:BPNL00000003AZQP,459d37a8-0702-4a78-b2ff-faae275add0b,1791484710541,1791485074984,1791485074984,
9b3a1241-1173-4d85-a0b2-de6d917b5d8b,PROVIDER,1200,1,did:web:ssi-dim-wallet-service.identity:BPNL00000003AZQP,bc592997-b78d-4f89-b3e0-033d45468e3d,1791484710927,1791485075935,1791485075935,
1b81c3dd-10c0-4ba5-a759-2010d319fca5,PROVIDER,1200,1,did:web:ssi-dim-wallet-service.identity:BPNL00000003AZQP,9aa46708-e559-40a8-b5d4-4da6aadbc2a5,1791484712289,1791485115705,1791485115705,
4fb5dcd8-d5b6-4336-a6a4-8bf9b7de56a1,PROVIDER,1400,1,did:web:ssi-dim-wallet-service.identity:BPNL00000003AZQP,,1791484712692,1791484718114,1791484718114,"Failed to send termination to counter party: {""@type"":""ContractNegotiationError"",""code"":""409"",""reason"":[""Entity 1007de29-5186-412b-adf2-ff718f1a94a2 of kind edc_contract_negotiation is currently leased!""],""@context"":[""https://w3id.org/tractusx/auth/v1.0.0"",""https://w3id.org/catenax/2025/9/policy/con"
d6078823-b06a-47be-8d75-ef6ea5f2c51d,PROVIDER,1200,1,did:web:ssi-dim-wallet-service.identity:BPNL00000003AZQP,9c875748-f124-4cb8-8268-f237a0363874,1791484712813,1791485116289,1791485116289,
9be64d4a-e833-449e-8c5e-2b0320efcefc,PROVIDER,1400,1,did:web:ssi-dim-wallet-service.identity:BPNL00000003AZQP,56869c2f-38f4-4c1c-ba0b-99f334fb490f,1791484713390,1791485117118,1791485117118,"Failed to send finalization to consumer: {""@type"":""ContractNegotiationError"",""code"":""409"",""reason"":[""Entity 2c9e0c3e-5359-4591-a696-adf9014f662e of kind edc_contract_negotiation is currently leased!""],""@context"":[""https://w3id.org/tractusx/auth/v1.0.0"",""https://w3id.org/catenax/2025/9/policy/context"
4b9a8c66-109a-488f-84f1-f7da6e3d1dd3,PROVIDER,1200,1,did:web:ssi-dim-wallet-service.identity:BPNL00000003AZQP,98a66f84-59fc-40f4-b3b0-8173eb90d3e1,1791484714386,1791485116476,1791485116476,
2f4396fc-b9be-4e32-aa34-45da5d38f207,PROVIDER,1200,1,did:web:ssi-dim-wallet-service.identity:BPNL00000003AZQP,b2e03ba3-ed1a-4e15-9963-dfb518ab8dfd,1791484755132,1791485119216,1791485119216,
e19efb6c-571a-475d-b9cf-c47c30212f52,PROVIDER,1200,1,did:web:ssi-dim-wallet-service.identity:BPNL00000003AZQP,c7a96f3f-b31f-4c9c-807f-cfe730e765cd,1791484755251,1791485119035,1791485119035,
4bb5e951-171f-4bf6-86da-5e723c0529ed,PROVIDER,1400,1,did:web:ssi-dim-wallet-service.identity:BPNL00000003AZQP,7d126cc1-74d0-471a-a204-24b578b1f116,1791484755528,1791485117706,1791485117706,"Failed to send finalization to consumer: {""@type"":""ContractNegotiationError"",""code"":""409"",""reason"":[""Entity 4ed03e31-9c00-4ebe-bdd2-42fa1250008a of kind edc_contract_negotiation is currently leased!""],""@context"":[""https://w3id.org/tractusx/auth/v1.0.0"",""https://w3id.org/catenax/2025/9/policy/context"
01a35a34-f8a0-4053-81a1-eab94c938e70,PROVIDER,1400,1,did:web:ssi-dim-wallet-service.identity:BPNL00000003AZQP,9e0ac7c9-6c35-4059-8bb6-205f4cbbce36,1791484755742,1791485117407,1791485117407,"Failed to send finalization to consumer: {""@type"":""ContractNegotiationError"",""code"":""409"",""reason"":[""Entity 0800f9a5-493b-4650-86d7-868f70236ca2 of kind edc_contract_negotiation is currently leased!""],""@context"":[""https://w3id.org/tractusx/auth/v1.0.0"",""https://w3id.org/catenax/2025/9/policy/context"
7c1b6b37-8530-47ad-917a-03bd8bafaca0,PROVIDER,1400,1,did:web:ssi-dim-wallet-service.identity:BPNL00000003AZQP,,1791484755934,1791484772088,1791484772088,"Failed to send agreement to consumer: {""@type"":""ContractNegotiationError"",""code"":""409"",""reason"":[""Cannot process ContractAgreementMessage because negotiation cannot be agreed""],""@context"":[""https://w3id.org/tractusx/auth/v1.0.0"",""https://w3id.org/catenax/2025/9/policy/context.jsonld"",""https://w3id.o"
cf7b94f9-1349-4ddf-bb77-120648be38f3,PROVIDER,1400,1,did:web:ssi-dim-wallet-service.identity:BPNL00000003AZQP,a5d9f599-0c74-4bce-bfda-56620d48fd62,1791484756134,1791485121097,1791485121097,"Failed to send finalization to consumer: {""@type"":""ContractNegotiationError"",""code"":""409"",""reason"":[""Entity 3ab5a2ab-282e-4ad7-ad8a-f019ab69d4a9 of kind edc_contract_negotiation is currently leased!""],""@context"":[""https://w3id.org/tractusx/auth/v1.0.0"",""https://w3id.org/catenax/2025/9/policy/context"
e098abab-aba4-4fbe-b7a1-58ff62b1deb9,PROVIDER,1400,1,did:web:ssi-dim-wallet-service.identity:BPNL00000003AZQP,,1791484756344,1791484768819,1791484768819,"Failed to send agreement to consumer: {""@type"":""ContractNegotiationError"",""code"":""409"",""reason"":[""Entity 10b47bb9-7840-472f-873a-8b041842e9b4 of kind edc_contract_negotiation is currently leased!""],""@context"":[""https://w3id.org/tractusx/auth/v1.0.0"",""https://w3id.org/catenax/2025/9/policy/context.js"
028dd2ed-ebaf-4421-b643-5694343af8d6,PROVIDER,1200,1,did:web:ssi-dim-wallet-service.identity:BPNL00000003AZQP,ce72d4ec-df26-4b86-9824-f32df73b03b2,1791484756442,1791485122468,1791485122468,
481c8876-7d5a-4730-89b2-f189e1a4b414,PROVIDER,1200,1,did:web:ssi-dim-wallet-service.identity:BPNL00000003AZQP,88cbc50b-4e54-4681-a2c3-5ea6188c2f02,1791484756741,1791485119816,1791485119816,
af0d14e6-fb54-445f-a848-4ffdf6153d40,PROVIDER,1400,1,did:web:ssi-dim-wallet-service.identity:BPNL00000003AZQP,b7f97013-c870-4132-8b6d-bffabb41a0ef,1791484756936,1791485123677,1791485123677,"Failed to send finalization to consumer: {""@type"":""ContractNegotiationError"",""code"":""409"",""reason"":[""Entity 8349fa91-79ff-4090-acd9-aa0890bf1738 of kind edc_contract_negotiation is currently leased!""],""@context"":[""https://w3id.org/tractusx/auth/v1.0.0"",""https://w3id.org/catenax/2025/9/policy/context"
033fedef-b0e8-4e11-9b85-bec0741884c4,PROVIDER,1200,1,did:web:ssi-dim-wallet-service.identity:BPNL00000003AZQP,abe86d50-66e0-4eb2-8658-10b4d235167b,1791484757005,1791485119414,1791485119414,
c295ceb4-80f9-491c-b8a7-6a2d2ae4571f,PROVIDER,1200,1,did:web:ssi-dim-wallet-service.identity:BPNL00000003AZQP,53ff88f7-5791-453b-b38a-b0a21d482f66,1791484757503,1791485118819,1791485118819,
3d93a8c0-088a-4d9c-b45a-7994e68e54be,PROVIDER,1200,1,did:web:ssi-dim-wallet-service.identity:BPNL00000003AZQP,d75639a0-a6b5-49f7-8c92-0c794c9e7d9a,1791484757536,1791485134768,1791485134768,
4ef4e5df-239b-4b20-88f4-5bc8e27532f1,PROVIDER,1200,1,did:web:ssi-dim-wallet-service.identity:BPNL00000003AZQP,dc46011e-3e26-499d-95ff-15ed18917ec4,1791484758643,1791485122069,1791485122069,
1cd5dcd7-53cc-4db6-ac10-bbdba28b0cb2,PROVIDER,1200,1,did:web:ssi-dim-wallet-service.identity:BPNL00000003AZQP,21d86cc8-b8ec-455a-807c-a806ffa8ebba,1791484758743,1791485120205,1791485120205,
41f9e6c7-7685-4775-8d04-79d5bbeddb95,PROVIDER,1400,1,did:web:ssi-dim-wallet-service.identity:BPNL00000003AZQP,663f9bb1-c467-4a99-9fc4-63b5aebb2c85,1791484758942,1791485123772,1791485123772,"Failed to send finalization to consumer: {""@type"":""ContractNegotiationError"",""code"":""409"",""reason"":[""Entity 23c7a6ce-6e93-49b3-87e8-a1048c4e3506 of kind edc_contract_negotiation is currently leased!""],""@context"":[""https://w3id.org/tractusx/auth/v1.0.0"",""https://w3id.org/catenax/2025/9/policy/context"
6b2465a0-e67c-4966-a295-5c6077b69ef9,PROVIDER,1200,1,did:web:ssi-dim-wallet-service.identity:BPNL00000003AZQP,d0284a33-c3f8-4627-b1e1-fecb98e57b1e,1791484759039,1791485135580,1791485135580,
b1b462e6-cf1f-4fe9-86db-85325bbed3fc,PROVIDER,1200,1,did:web:ssi-dim-wallet-service.identity:BPNL00000003AZQP,f996d265-2ef6-4f11-93bb-8e0b7295abf2,1791484759146,1791485121397,1791485121397,
dfbbfbf1-c8df-42fc-9002-e7d43df5700a,PROVIDER,1200,1,did:web:ssi-dim-wallet-service.identity:BPNL00000003AZQP,a02b4b67-84df-451c-b35d-02ebc57df48e,1791484759404,1791485122005,1791485122005,
f7499ab1-f33f-4bd1-bb92-83e1368edebc,PROVIDER,1200,1,did:web:ssi-dim-wallet-service.identity:BPNL00000003AZQP,c7e883cd-36ca-4192-ad86-872dbe3b6d8c,1791484759544,1791485121705,1791485121705,
1eeaca47-a454-438b-b333-67d7b7108385,PROVIDER,1400,1,did:web:ssi-dim-wallet-service.identity:BPNL00000003AZQP,,1791484803545,1791484810315,1791484810315,"Failed to send agreement to consumer: {""@type"":""ContractNegotiationError"",""code"":""409"",""reason"":[""Entity ae930cf9-66e4-477d-8673-a9939675e8ba of kind edc_contract_negotiation is currently leased!""],""@context"":[""https://w3id.org/tractusx/auth/v1.0.0"",""https://w3id.org/catenax/2025/9/policy/context.js"
dc39631c-4e9a-4693-89ec-68d32bea3347,PROVIDER,1400,1,did:web:ssi-dim-wallet-service.identity:BPNL00000003AZQP,,1791484803547,1791484812270,1791484812270,"Failed to send agreement to consumer: {""@type"":""ContractNegotiationError"",""code"":""409"",""reason"":[""Entity dff7b26f-1081-4c2a-a77c-f661f224a6a3 of kind edc_contract_negotiation is currently leased!""],""@context"":[""https://w3id.org/tractusx/auth/v1.0.0"",""https://w3id.org/catenax/2025/9/policy/context.js"
26e08e08-3ea3-4df2-bd38-8aba4da66d89,PROVIDER,1400,1,did:web:ssi-dim-wallet-service.identity:BPNL00000003AZQP,,1791484803554,1791484809684,1791484809684,"Failed to send agreement to consumer: {""@type"":""ContractNegotiationError"",""code"":""409"",""reason"":[""Entity 4687216e-c13d-456b-8224-343664b46031 of kind edc_contract_negotiation is currently leased!""],""@context"":[""https://w3id.org/tractusx/auth/v1.0.0"",""https://w3id.org/catenax/2025/9/policy/context.js"
084a8e5d-6e72-468a-a4e1-e26ae9f511e1,PROVIDER,1200,1,did:web:ssi-dim-wallet-service.identity:BPNL00000003AZQP,0a0a27e9-97cc-4de8-baee-098df3f92370,1791484803640,1791485135294,1791485135294,
2a2f439f-a3dd-401c-8812-4efdf5328050,PROVIDER,1200,1,did:web:ssi-dim-wallet-service.identity:BPNL00000003AZQP,90396146-e362-4b16-a292-4dcb99648a21,1791484803644,1791485134268,1791485134268,
c6b49667-733a-4bed-864f-6fe17d4a0e88,PROVIDER,1400,1,did:web:ssi-dim-wallet-service.identity:BPNL00000003AZQP,,1791484803831,1791484816242,1791484816242,"Failed to send agreement to consumer: {""@type"":""ContractNegotiationError"",""code"":""409"",""reason"":[""Entity 0b05b225-017b-48e1-82fe-1157adfa7d60 of kind edc_contract_negotiation is currently leased!""],""@context"":[""https://w3id.org/tractusx/auth/v1.0.0"",""https://w3id.org/catenax/2025/9/policy/context.js"
9a2521a6-9b78-4373-9ea8-2e753413994f,PROVIDER,1200,1,did:web:ssi-dim-wallet-service.identity:BPNL00000003AZQP,f3264826-8052-4d32-9654-dfe8ebdb39ca,1791484804435,1791485136268,1791485136268,
003b8145-dc03-4424-84c7-eb76840284ea,PROVIDER,1200,1,did:web:ssi-dim-wallet-service.identity:BPNL00000003AZQP,13333a01-d82b-488f-bbb0-d434429eab34,1791484804729,1791485136885,1791485136885,
9b4b4b53-4090-41cf-8061-8c4ad54bf5e2,PROVIDER,1200,1,did:web:ssi-dim-wallet-service.identity:BPNL00000003AZQP,f80f00ca-0cb5-40f9-9c89-a1806b3543f2,1791484805128,1791485137226,1791485137226,
46520513-96f6-4006-85c4-732de7fad87f,PROVIDER,1200,1,did:web:ssi-dim-wallet-service.identity:BPNL00000003AZQP,8a19a41d-8347-44ab-9ce5-d580840cc660,1791484805640,1791485143520,1791485143520,
aa01aa60-579b-45c5-8496-358bfd184dc0,PROVIDER,1200,1,did:web:ssi-dim-wallet-service.identity:BPNL00000003AZQP,74167021-e861-4e91-a59c-2c29b76a8b73,1791484806536,1791485138606,1791485138606,
0132ab90-6b8f-493d-a2fc-358a06a5d7d9,PROVIDER,1200,1,did:web:ssi-dim-wallet-service.identity:BPNL00000003AZQP,9484160b-80f4-44c7-9251-a08373029a7a,1791484806634,1791485137205,1791485137205,
6741728e-f6a3-40fb-9c56-783fae41bcd5,PROVIDER,1200,1,did:web:ssi-dim-wallet-service.identity:BPNL00000003AZQP,c3b14615-65b5-4d36-b964-1bc508d3a24d,1791484806748,1791485141009,1791485141009,
1e1e1663-e10f-4e39-8afc-f619e7528122,PROVIDER,1200,1,did:web:ssi-dim-wallet-service.identity:BPNL00000003AZQP,50de121a-c07a-4ae3-ad7c-ca632229bfb3,1791484806751,1791485143505,1791485143505,
8b3ef8e7-64d2-4e6b-973d-f8f0b17f2352,PROVIDER,1200,1,did:web:ssi-dim-wallet-service.identity:BPNL00000003AZQP,ab36a033-cd22-4e96-befe-fe6082f99d1e,1791484806933,1791485144505,1791485144505,
e3a18d7f-3903-4959-9f31-7d8390cde428,PROVIDER,1200,1,did:web:ssi-dim-wallet-service.identity:BPNL00000003AZQP,f2779b3d-0b1b-4f05-8f1a-fd8cec81a3af,1791484807242,1791485140606,1791485140606,
831aa2ad-4703-4841-86b1-c80e6a8b95dd,PROVIDER,1400,1,did:web:ssi-dim-wallet-service.identity:BPNL00000003AZQP,8ab29a23-9649-491c-b420-e01293994010,1791484808033,1791485144033,1791485144033,"Failed to send finalization to consumer: {""@type"":""ContractNegotiationError"",""code"":""409"",""reason"":[""Entity 2bb4b569-6bdb-4843-8f0b-448e5bee834a of kind edc_contract_negotiation is currently leased!""],""@context"":[""https://w3id.org/tractusx/auth/v1.0.0"",""https://w3id.org/catenax/2025/9/policy/context"
6f7b0172-2f93-4f64-a2d4-eb4d6ebcb69c,PROVIDER,1200,1,did:web:ssi-dim-wallet-service.identity:BPNL00000003AZQP,8c3600b9-a260-48a5-869e-3b96bb7c23c6,1791484808840,1791485139411,1791485139411,
d72b9209-a372-4aff-a372-6581454ec81b,PROVIDER,1200,1,did:web:ssi-dim-wallet-service.identity:BPNL00000003AZQP,4138d7e9-f322-47e4-aa72-1e61d3bd158b,1791484808939,1791485139219,1791485139219,
6affe73c-4a4b-4215-95e5-e6b930dff9d7,PROVIDER,1200,1,did:web:ssi-dim-wallet-service.identity:BPNL00000003AZQP,fe3f39c0-777b-49bb-9d91-421784319a54,1791484809304,1791485144910,1791485144910,
20231d63-012d-4daa-a12f-7a1fda30d312,PROVIDER,1200,1,did:web:ssi-dim-wallet-service.identity:BPNL00000003AZQP,a5701b93-0463-4c32-97ff-925d82b35ec8,1791484849650,1791485144405,1791485144405,
c6119ca7-dafc-4b08-88a0-cf7db8d2f2e3,PROVIDER,1200,1,did:web:ssi-dim-wallet-service.identity:BPNL00000003AZQP,09507f4c-6865-4f61-84df-85cddca3d40b,1791484849938,1791485143821,1791485143821,
bc6f62ce-d4df-496a-840c-691838290dbb,PROVIDER,1200,1,did:web:ssi-dim-wallet-service.identity:BPNL00000003AZQP,abea1d61-0cd1-4931-a24f-5d77c4fdb036,1791484850139,1791485191206,1791485191206,
5ed0adbe-297d-4312-8623-8cd542e16517,PROVIDER,1200,1,did:web:ssi-dim-wallet-service.identity:BPNL00000003AZQP,abb16ba5-d13a-4bc5-a3a3-08192c10eb7a,1791484850442,1791485189207,1791485189207,
72e1a070-e4dc-468e-b26b-9bda8044e5fd,PROVIDER,1200,1,did:web:ssi-dim-wallet-service.identity:BPNL00000003AZQP,fdc78692-c924-416a-8cf6-06ed1a9f0b6d,1791484850544,1791485189112,1791485189112,
278012c0-a07b-4900-9d5c-eaa1d279fefb,PROVIDER,1200,1,did:web:ssi-dim-wallet-service.identity:BPNL00000003AZQP,4ba54763-3417-40d6-ba1e-a0ea8c80363d,1791484850704,1791485191306,1791485191306,
9417596a-b9b3-4f18-8f99-83399290ceec,PROVIDER,1200,1,did:web:ssi-dim-wallet-service.identity:BPNL00000003AZQP,cd30f34c-4542-4266-b437-9d7b0e9c1697,1791484850842,1791485190068,1791485190068,
27d73dcc-da29-437d-b9a5-8859bf4f6912,PROVIDER,1200,1,did:web:ssi-dim-wallet-service.identity:BPNL00000003AZQP,0838fbf4-1f04-4cbf-bdcd-85741be18e61,1791484851141,1791485189878,1791485189878,
030ac617-f87c-4828-8464-ca06b833fc56,PROVIDER,1200,1,did:web:ssi-dim-wallet-service.identity:BPNL00000003AZQP,86adb383-9481-4be0-8e3e-b7d92492ce18,1791484851246,1791485196535,1791485196535,
cf203067-37d5-41bb-bc79-a5b25a94fc9b,PROVIDER,1200,1,did:web:ssi-dim-wallet-service.identity:BPNL00000003AZQP,6d0d1e68-75a7-4cf9-9834-b433ebbc2f67,1791484852298,1791485193586,1791485193586,
e9878fc1-7e72-492f-a5e4-c79d7ff365e2,PROVIDER,1200,1,did:web:ssi-dim-wallet-service.identity:BPNL00000003AZQP,76cc2477-8131-41a0-a450-d48e4376345d,1791484852649,1791485191006,1791485191006,
7e3d0099-e171-4a3c-aeb3-ee25f89f8337,PROVIDER,1200,1,did:web:ssi-dim-wallet-service.identity:BPNL00000003AZQP,89a262cc-def1-4cb2-b492-9997d3815667,1791484852904,1791485193377,1791485193377,
f0834790-e3f8-4675-8fb8-fb8a5a39befb,PROVIDER,1400,1,did:web:ssi-dim-wallet-service.identity:BPNL00000003AZQP,,1791484853234,1791484864806,1791484864806,"Failed to send agreement to consumer: {""@type"":""ContractNegotiationError"",""code"":""409"",""reason"":[""Entity 95a18365-8d28-49fd-9a4e-d7cbea4ef8d0 of kind edc_contract_negotiation is currently leased!""],""@context"":[""https://w3id.org/tractusx/auth/v1.0.0"",""https://w3id.org/catenax/2025/9/policy/context.js"
1aac5147-7459-4654-aa84-0da25a3f420f,PROVIDER,1200,1,did:web:ssi-dim-wallet-service.identity:BPNL00000003AZQP,e197f287-5b7f-42e2-8bad-34a46287f72b,1791484853234,1791485190733,1791485190733,
0f2eeaca-4854-4a20-88dd-7cb4d9b09ebb,PROVIDER,1200,1,did:web:ssi-dim-wallet-service.identity:BPNL00000003AZQP,bde58a9c-1d27-42fb-9494-900c1d2d3006,1791484854736,1791485191474,1791485191474,
23189f06-9a49-41e7-bf4d-680821043472,PROVIDER,1200,1,did:web:ssi-dim-wallet-service.identity:BPNL00000003AZQP,ada7bccd-7612-4f1b-8961-7f810d9239d5,1791484854941,1791485191506,1791485191506,
4055980e-9c96-4bdf-9da8-b5744778e849,PROVIDER,1200,1,did:web:ssi-dim-wallet-service.identity:BPNL00000003AZQP,aa6fc251-f4af-4eff-914f-8818bc4d7dca,1791484855743,1791485197126,1791485197126,
1c765576-0d58-4a2e-b453-41a28025a3f5,PROVIDER,1200,1,did:web:ssi-dim-wallet-service.identity:BPNL00000003AZQP,c0ae3f24-ca45-4cc9-a13f-cd1fc13bd356,1791484856119,1791485196306,1791485196306,
f32b8b5e-0f31-42ae-9c39-8a82066ed1d9,PROVIDER,1400,1,did:web:ssi-dim-wallet-service.identity:BPNL00000003AZQP,b011eefc-b83b-417b-b29c-0f5366acf26b,1791484856128,1791485197409,1791485197409,"Failed to send finalization to consumer: {""@type"":""ContractNegotiationError"",""code"":""409"",""reason"":[""Entity 112b4aaf-adf9-43ab-982d-65ce07d69b5d of kind edc_contract_negotiation is currently leased!""],""@context"":[""https://w3id.org/tractusx/auth/v1.0.0"",""https://w3id.org/catenax/2025/9/policy/context"
88971507-5996-4583-afdd-5beaddcb3987,PROVIDER,1400,1,did:web:ssi-dim-wallet-service.identity:BPNL00000003AZQP,ff40a5ba-4f75-4b26-8803-e7a852fae37d,1791484856343,1791485198915,1791485198915,"Failed to send finalization to consumer: {""@type"":""ContractNegotiationError"",""code"":""409"",""reason"":[""Entity f15d8b97-f471-4477-aec3-f96a18a23064 of kind edc_contract_negotiation is currently leased!""],""@context"":[""https://w3id.org/tractusx/auth/v1.0.0"",""https://w3id.org/catenax/2025/9/policy/context"
1d1f0c34-7290-413e-ae15-84de789084de,PROVIDER,1200,1,did:web:ssi-dim-wallet-service.identity:BPNL00000003AZQP,6408f4cb-b967-4936-880c-7ed631151652,1791484897947,1791485196407,1791485196407,
21bfa8c3-ec85-4371-ae79-00421da77d62,PROVIDER,1400,1,did:web:ssi-dim-wallet-service.identity:BPNL00000003AZQP,,1791484898204,1791484905608,1791484905608,"Failed to send agreement to consumer: {""@type"":""ContractNegotiationError"",""code"":""409"",""reason"":[""Entity e84b92ad-f782-4187-a1bb-9914e1d8ec01 of kind edc_contract_negotiation is currently leased!""],""@context"":[""https://w3id.org/tractusx/auth/v1.0.0"",""https://w3id.org/catenax/2025/9/policy/context.js"
92266c7a-6363-4894-93d9-6b4e154acfe4,PROVIDER,1400,1,did:web:ssi-dim-wallet-service.identity:BPNL00000003AZQP,bb7fa6b5-f0ca-460e-88b2-e1da1dcfeb48,1791484898339,1791485203482,1791485203482,"Failed to send finalization to consumer: {""@type"":""ContractNegotiationError"",""code"":""409"",""reason"":[""Entity 1c0b5a1d-5399-48ee-a00f-7a3e8a020ae7 of kind edc_contract_negotiation is currently leased!""],""@context"":[""https://w3id.org/tractusx/auth/v1.0.0"",""https://w3id.org/catenax/2025/9/policy/context"
246d6971-de7f-47ec-bb44-fe078ad68340,PROVIDER,1200,1,did:web:ssi-dim-wallet-service.identity:BPNL00000003AZQP,5f452ff1-5c5f-4ff6-8636-7ae6766cd7f7,1791484898406,1791485241368,1791485241368,
8a49091e-7967-4a61-b49a-57eaa2f02f98,PROVIDER,1400,1,did:web:ssi-dim-wallet-service.identity:BPNL00000003AZQP,,1791484898644,1791484908306,1791484908306,"Failed to send agreement to consumer: {""@type"":""ContractNegotiationError"",""code"":""409"",""reason"":[""Entity a605a003-9739-46d9-8307-12d7d2b286af of kind edc_contract_negotiation is currently leased!""],""@context"":[""https://w3id.org/tractusx/auth/v1.0.0"",""https://w3id.org/catenax/2025/9/policy/context.js"
196ee863-2f76-46f5-9b3e-0edb25e0a0f7,PROVIDER,1200,1,did:web:ssi-dim-wallet-service.identity:BPNL00000003AZQP,21b9b11f-af7a-475e-a783-b4b936a3c794,1791484898837,1791485200407,1791485200407,
eb0ab821-5a2b-45e3-9d51-c1052084ed50,PROVIDER,1400,1,did:web:ssi-dim-wallet-service.identity:BPNL00000003AZQP,24912e2a-9de8-4bd5-9980-e15673e42369,1791484899147,1791485244187,1791485244187,"Failed to send finalization to consumer: {""@type"":""ContractNegotiationError"",""code"":""409"",""reason"":[""Entity 3b611966-99c4-43e6-b7e7-886d626efeda of kind edc_contract_negotiation is currently leased!""],""@context"":[""https://w3id.org/tractusx/auth/v1.0.0"",""https://w3id.org/catenax/2025/9/policy/context"
08857427-4069-4e90-be18-e7f397dfab16,PROVIDER,1400,1,did:web:ssi-dim-wallet-service.identity:BPNL00000003AZQP,640d8541-4526-4623-be32-00a600dcd035,1791484899216,1791485251770,1791485251770,"Failed to send finalization to consumer: {""@type"":""ContractNegotiationError"",""code"":""409"",""reason"":[""Entity b3ddc2a2-6d23-4014-a6db-cc36eccd96b1 of kind edc_contract_negotiation is currently leased!""],""@context"":[""https://w3id.org/tractusx/auth/v1.0.0"",""https://w3id.org/catenax/2025/9/policy/context"
cea7ad8f-767a-45e6-89e4-e1dc0b0917b8,PROVIDER,1400,1,did:web:ssi-dim-wallet-service.identity:BPNL00000003AZQP,90f5b87d-58b7-4b90-86dc-3c43efc10c04,1791484899735,1791485244442,1791485244442,"Failed to send finalization to consumer: {""@type"":""ContractNegotiationError"",""code"":""409"",""reason"":[""Entity b0f9f763-bdbf-4908-8093-5336785bb402 of kind edc_contract_negotiation is currently leased!""],""@context"":[""https://w3id.org/tractusx/auth/v1.0.0"",""https://w3id.org/catenax/2025/9/policy/context"
7a540b65-0c03-4169-9b1d-32c638fb59e9,PROVIDER,1200,1,did:web:ssi-dim-wallet-service.identity:BPNL00000003AZQP,293f16b7-b9b6-49d6-a291-338cdec474c1,1791484899850,1791485239924,1791485239924,
7fa68c41-a55c-489f-be5a-8642357a109f,PROVIDER,1200,1,did:web:ssi-dim-wallet-service.identity:BPNL00000003AZQP,ef49bd36-57f8-4013-8fea-a958bce79073,1791484900231,1791485240127,1791485240127,
cb92d56d-b726-42dd-812e-b3c347f1f571,PROVIDER,1200,1,did:web:ssi-dim-wallet-service.identity:BPNL00000003AZQP,1609823f-3350-4b42-9f0d-81aea0da96d1,1791484900541,1791485240314,1791485240314,
85e12773-d1e8-4c3c-9804-2df1d8f7d109,PROVIDER,1400,1,did:web:ssi-dim-wallet-service.identity:BPNL00000003AZQP,c820aae6-5671-483a-8c44-583f4256b743,1791484900930,1791485243875,1791485243875,"Failed to send finalization to consumer: {""@type"":""ContractNegotiationError"",""code"":""409"",""reason"":[""Entity 65d9deae-9890-4549-8ea7-8a81ccbfb153 of kind edc_contract_negotiation is currently leased!""],""@context"":[""https://w3id.org/tractusx/auth/v1.0.0"",""https://w3id.org/catenax/2025/9/policy/context"
8fbc68d9-7808-46dd-980d-b69b23654bfd,PROVIDER,1200,1,did:web:ssi-dim-wallet-service.identity:BPNL00000003AZQP,f29d280c-20c5-408f-9388-cb9f3391667b,1791484901440,1791485243169,1791485243169,
141e218d-6428-4506-9e11-1d265df96b63,PROVIDER,1200,1,did:web:ssi-dim-wallet-service.identity:BPNL00000003AZQP,d479041c-2fe7-4fae-86e4-26bbba5e34ea,1791484901444,1791485241469,1791485241469,
ed7f1478-44e1-474a-b374-6abca34514bf,PROVIDER,1200,1,did:web:ssi-dim-wallet-service.identity:BPNL00000003AZQP,c0caaeba-eb27-4a5c-9feb-88a1aef8bc86,1791484902094,1791485245077,1791485245077,
30f9ec60-6462-4c97-abc2-28f4cbe22208,PROVIDER,1200,1,did:web:ssi-dim-wallet-service.identity:BPNL00000003AZQP,34f3778f-2cdf-498a-b1b8-4d71bb89601f,1791484903390,1791485246905,1791485246905,
c464c292-5f86-4107-9151-e2d2422c28b7,PROVIDER,1200,1,did:web:ssi-dim-wallet-service.identity:BPNL00000003AZQP,b38d9fb5-6e33-460e-8307-0a2b8ae0a537,1791484904523,1791485246105,1791485246105,
132f541b-e559-4cae-9081-a0e1a0e08a0b,PROVIDER,1200,1,did:web:ssi-dim-wallet-service.identity:BPNL00000003AZQP,28609dc5-af42-46bb-8de8-d4e4d3948ca9,1791484904525,1791485246427,1791485246427,
80d9b383-a9ac-4d11-8075-09b7e27a47e4,PROVIDER,1200,1,did:web:ssi-dim-wallet-service.identity:BPNL00000003AZQP,bdf7464a-6b69-46cd-aa6c-07de89b7533e,1791484904627,1791485248968,1791485248968,
965bd435-184f-4284-8953-459f9938a24c,PROVIDER,1400,1,did:web:ssi-dim-wallet-service.identity:BPNL00000003AZQP,b9c2e821-5dab-4fd3-87ff-3b6fb1eef3b7,1791484941943,1791485250707,1791485250707,"Failed to send finalization to consumer: {""@type"":""ContractNegotiationError"",""code"":""409"",""reason"":[""Entity 21783fb3-9d85-4116-9081-3b51a82a9269 of kind edc_contract_negotiation is currently leased!""],""@context"":[""https://w3id.org/tractusx/auth/v1.0.0"",""https://w3id.org/catenax/2025/9/policy/context"
9c617f06-c929-4a15-8fb7-d821d531becf,PROVIDER,1200,1,did:web:ssi-dim-wallet-service.identity:BPNL00000003AZQP,330e19fe-648c-4ba0-a8cc-92d2dc7c2b43,1791484942004,1791485250405,1791485250405,
813d66a2-1bcb-429d-9955-e805c0e427b3,PROVIDER,1200,1,did:web:ssi-dim-wallet-service.identity:BPNL00000003AZQP,c5f8ed39-6c54-4302-8535-046dc1df6426,1791484942229,1791485248796,1791485248796,
8c4f7ffc-b1cb-414d-8118-8a6f478150b4,PROVIDER,1400,1,did:web:ssi-dim-wallet-service.identity:BPNL00000003AZQP,,1791484942825,1791484951205,1791484951205,"Failed to send agreement to consumer: {""@type"":""ContractNegotiationError"",""code"":""409"",""reason"":[""Cannot process ContractAgreementMessage because negotiation cannot be agreed""],""@context"":[""https://w3id.org/tractusx/auth/v1.0.0"",""https://w3id.org/catenax/2025/9/policy/context.jsonld"",""https://w3id.o"
19b7b66b-d28a-40e2-ad2b-8f0f10e2702c,PROVIDER,1400,1,did:web:ssi-dim-wallet-service.identity:BPNL00000003AZQP,9e64e02f-9ead-411c-89a8-1ced3fae9efc,1791484942880,1791485250516,1791485250516,"Failed to send finalization to consumer: {""@type"":""ContractNegotiationError"",""code"":""409"",""reason"":[""Entity a3ae5252-8e7e-4186-916b-0b835ac03173 of kind edc_contract_negotiation is currently leased!""],""@context"":[""https://w3id.org/tractusx/auth/v1.0.0"",""https://w3id.org/catenax/2025/9/policy/context"
092a2650-c1fe-4d04-940a-c49b42fbf3c9,PROVIDER,1400,1,did:web:ssi-dim-wallet-service.identity:BPNL00000003AZQP,,1791484943142,1791484951985,1791484951985,"Failed to send agreement to consumer: {""@type"":""ContractNegotiationError"",""code"":""409"",""reason"":[""Entity fe7d43e5-4e5e-4ac6-a822-5acbd85e4f27 of kind edc_contract_negotiation is currently leased!""],""@context"":[""https://w3id.org/tractusx/auth/v1.0.0"",""https://w3id.org/catenax/2025/9/policy/context.js"
cdcc4cbc-e740-406a-91c8-087110b8fa42,PROVIDER,1400,1,did:web:ssi-dim-wallet-service.identity:BPNL00000003AZQP,,1791484943336,1791484956268,1791484956268,"Failed to send agreement to consumer: {""@type"":""ContractNegotiationError"",""code"":""409"",""reason"":[""Entity 6d30d4a3-f1c9-4f5f-b0c2-ba75989bed5a of kind edc_contract_negotiation is currently leased!""],""@context"":[""https://w3id.org/tractusx/auth/v1.0.0"",""https://w3id.org/catenax/2025/9/policy/context.js"
f1d811de-5936-440c-9c4e-fd3bab2a68b6,PROVIDER,1200,1,did:web:ssi-dim-wallet-service.identity:BPNL00000003AZQP,649c02a4-8fa2-4051-a0fd-3acfcc09bc1e,1791484943726,1791485294488,1791485294488,
b600ae9f-a20c-4543-9bbb-8c900493be97,PROVIDER,1200,1,did:web:ssi-dim-wallet-service.identity:BPNL00000003AZQP,ac526af4-2284-4ea9-a412-c0e97fa2a98b,1791484944431,1791485297407,1791485297407,
fa39ea66-4753-4ecd-857e-919f03fd96fe,PROVIDER,1200,1,did:web:ssi-dim-wallet-service.identity:BPNL00000003AZQP,6fbdbee1-5ac9-4f7f-955c-358a1f23bbc5,1791484945153,1791485248269,1791485248269,
50b12296-2f3e-4f1e-8ad6-1c20a6edb3d7,PROVIDER,1200,1,did:web:ssi-dim-wallet-service.identity:BPNL00000003AZQP,5deba3d2-470c-4a22-8ff5-07cfdbcd525c,1791484945424,1791485295427,1791485295427,
d4fd1405-8292-4578-a0cc-bb5bc7e846db,PROVIDER,1200,1,did:web:ssi-dim-wallet-service.identity:BPNL00000003AZQP,3ce0722c-7e00-45bd-b49e-d5db77daab98,1791484946926,1791485295026,1791485295026,
3b9e6355-5e06-4f42-8e03-4f1d71ad7724,PROVIDER,1200,1,did:web:ssi-dim-wallet-service.identity:BPNL00000003AZQP,c3d7b8d5-bcf1-4f46-ba3d-7a788b2fe73b,1791484948628,1791485297119,1791485297119,
5f8cfc4a-d22b-4460-8e90-c8dc84dde27f,PROVIDER,1200,1,did:web:ssi-dim-wallet-service.identity:BPNL00000003AZQP,4d14972b-6514-47ec-9a55-d88209cceabc,1791484949242,1791485296134,1791485296134,
c19861d3-efa3-4e0f-9414-308b5b8c7f2f,PROVIDER,1200,1,did:web:ssi-dim-wallet-service.identity:BPNL00000003AZQP,91b14db7-4ecc-499a-82da-45a47e1206d6,1791484949521,1791485297505,1791485297505,
0834b580-6b56-42ac-94fe-fc559aa26314,PROVIDER,1200,1,did:web:ssi-dim-wallet-service.identity:BPNL00000003AZQP,690996a6-1e1c-461a-9b37-695634483ede,1791484950440,1791485298471,1791485298471,
77a286a4-aae4-496f-9bbe-3fec4efcdc71,PROVIDER,1200,1,did:web:ssi-dim-wallet-service.identity:BPNL00000003AZQP,36bb927c-9872-4dd1-bf9b-31030fe9db90,1791484950829,1791485295305,1791485295305,
b0026384-13ad-4b29-a0aa-65ca691aa434,PROVIDER,1200,1,did:web:ssi-dim-wallet-service.identity:BPNL00000003AZQP,caa9b307-1a0f-415b-afe0-a306de4a1d3b,1791484951820,1791485295705,1791485295705,
09a6e8a4-ec67-46c1-8478-e55c96bdcf6d,PROVIDER,1400,1,did:web:ssi-dim-wallet-service.identity:BPNL00000003AZQP,f7f6b261-6b58-4308-9802-ee6ce1dbf947,1791484952001,1791485301223,1791485301223,"Failed to send finalization to consumer: {""@type"":""ContractNegotiationError"",""code"":""409"",""reason"":[""Entity 47d22f26-9d02-41ce-96e3-97b8b3eab76b of kind edc_contract_negotiation is currently leased!""],""@context"":[""https://w3id.org/tractusx/auth/v1.0.0"",""https://w3id.org/catenax/2025/9/policy/context"
5ba7f847-77d3-493f-bf0c-67ccddfa7268,PROVIDER,1400,1,did:web:ssi-dim-wallet-service.identity:BPNL00000003AZQP,4c197d97-c7cd-4e88-87e7-160ded413601,1791484952006,1791485300608,1791485300608,"Failed to send finalization to consumer: {""@type"":""ContractNegotiationError"",""code"":""409"",""reason"":[""Entity ad519144-6ba9-4abb-b799-e15f628b83f0 of kind edc_contract_negotiation is currently leased!""],""@context"":[""https://w3id.org/tractusx/auth/v1.0.0"",""https://w3id.org/catenax/2025/9/policy/context"
9f5070c4-412c-4173-aa31-14f7533dff2d,PROVIDER,1400,1,did:web:ssi-dim-wallet-service.identity:BPNL00000003AZQP,,1791484996445,1791485000808,1791485000808,"Failed to send termination to counter party: {""@type"":""ContractNegotiationError"",""code"":""409"",""reason"":[""Entity 285d6159-cd89-45a3-aa7a-3d9ac0f9920f of kind edc_contract_negotiation is currently leased!""],""@context"":[""https://w3id.org/tractusx/auth/v1.0.0"",""https://w3id.org/catenax/2025/9/policy/con"
2409b070-b3fb-4995-99a9-808d98bfdf5f,PROVIDER,1400,1,did:web:ssi-dim-wallet-service.identity:BPNL00000003AZQP,,1791484996504,1791485004384,1791485004384,"Failed to send agreement to consumer: {""@type"":""ContractNegotiationError"",""code"":""409"",""reason"":[""Entity d4c6d420-65c4-4cad-a00e-301e1aab54d6 of kind edc_contract_negotiation is currently leased!""],""@context"":[""https://w3id.org/tractusx/auth/v1.0.0"",""https://w3id.org/catenax/2025/9/policy/context.js"
0e9e57eb-5161-4691-b2e8-4e1b6b45488f,PROVIDER,1200,1,did:web:ssi-dim-wallet-service.identity:BPNL00000003AZQP,0d0ba042-6486-401b-83f7-aab55a0abc32,1791484996533,1791485299616,1791485299616,
5a914a99-a797-4cc8-8ffc-efd07ec25872,PROVIDER,1200,1,did:web:ssi-dim-wallet-service.identity:BPNL00000003AZQP,fc01f6f4-dc79-43c5-9821-d130219c83dd,1791484996540,1791485300805,1791485300805,
05712939-02eb-46d1-8c3c-2d6de2aa4a5c,PROVIDER,1200,1,did:web:ssi-dim-wallet-service.identity:BPNL00000003AZQP,5b16f0cf-721d-45b0-bdfd-4a40e2b26883,1791484996644,1791485298381,1791485298381,
1ec4aecb-743f-4e26-a7c0-17b3a0bfb452,PROVIDER,1200,1,did:web:ssi-dim-wallet-service.identity:BPNL00000003AZQP,93d9cdec-af98-485c-a8d4-0e52d26b631a,1791484996734,1791485364475,1791485364475,
5b5409f6-4fa3-445d-bfa2-7b462bbc0e17,PROVIDER,1400,1,did:web:ssi-dim-wallet-service.identity:BPNL00000003AZQP,,1791484999734,1791485009325,1791485009325,"Failed to send agreement to consumer: {""@type"":""ContractNegotiationError"",""code"":""409"",""reason"":[""Entity 9f7a5468-878c-462b-b961-9532b5607042 of kind edc_contract_negotiation is currently leased!""],""@context"":[""https://w3id.org/tractusx/auth/v1.0.0"",""https://w3id.org/catenax/2025/9/policy/context.js"
01911761-4339-460a-b010-74c38c085a1a,PROVIDER,1200,1,did:web:ssi-dim-wallet-service.identity:BPNL00000003AZQP,6737ee43-f370-44f6-8445-8bedaefe2bb7,1791484999913,1791485300105,1791485300105,
bdef9d3f-d910-4597-a976-23fa255699a8,PROVIDER,1200,1,did:web:ssi-dim-wallet-service.identity:BPNL00000003AZQP,973befc7-1056-43e2-b771-ba74dcf5c15b,1791484999941,1791485299569,1791485299569,
78a40c13-89c1-4243-bd81-36895114c4aa,PROVIDER,1200,1,did:web:ssi-dim-wallet-service.identity:BPNL00000003AZQP,8a707f92-11ec-494b-8f2d-7707d9afadae,1791485000016,1791485303373,1791485303373,
eceff191-ab05-42c9-be20-24515431ca5a,PROVIDER,1200,1,did:web:ssi-dim-wallet-service.identity:BPNL00000003AZQP,8d9b5d5b-0656-4c5f-ae04-7e514a0dcc9e,1791485000946,1791485363568,1791485363568,
b570251f-7333-4cee-b51a-3f2f1b27cd17,PROVIDER,1200,1,did:web:ssi-dim-wallet-service.identity:BPNL00000003AZQP,b274d588-20d2-47fb-b4df-2272f2bd8860,1791485001051,1791485302169,1791485302169,
e0494fdd-698b-47d6-8cf4-44b02e3c8d0f,PROVIDER,1200,1,did:web:ssi-dim-wallet-service.identity:BPNL00000003AZQP,3936b6ef-0a2b-490b-a19a-8938f7f025ad,1791485001331,1791485300605,1791485300605,
58dd4a05-f590-4a4f-990c-72724b259cca,PROVIDER,1200,1,did:web:ssi-dim-wallet-service.identity:BPNL00000003AZQP,fa18d52d-4576-4cb3-8f55-2299ed621a90,1791485003654,1791485362269,1791485362269,
55beea75-2e71-4cd4-9b20-fa31ec19f7a7,PROVIDER,1200,1,did:web:ssi-dim-wallet-service.identity:BPNL00000003AZQP,396e7434-74af-4e32-ba4d-7b5a00a28216,1791485003686,1791485361097,1791485361097,
cea449bc-1f2c-4255-87fe-1b1886da447e,PROVIDER,1200,1,did:web:ssi-dim-wallet-service.identity:BPNL00000003AZQP,31524499-e6a7-44a6-8226-0e7e24e79695,1791485003762,1791485367744,1791485367744,
51f744fa-0ecb-4c1e-aac1-4c94caf50af1,PROVIDER,1200,1,did:web:ssi-dim-wallet-service.identity:BPNL00000003AZQP,0173faec-cf34-4006-b2e2-b996252b8066,1791485003991,1791485363469,1791485363469,
18ce5773-cb24-4c7a-a83d-4a58b5689002,PROVIDER,1200,1,did:web:ssi-dim-wallet-service.identity:BPNL00000003AZQP,d81618c9-026d-43b2-b93d-f98219f362f4,1791485004222,1791485364469,1791485364469,
fe6426dd-4f7f-4ff9-8043-0d26fe02aa56,PROVIDER,1200,1,did:web:ssi-dim-wallet-service.identity:BPNL00000003AZQP,77580a47-886e-46bb-9cfc-0255ea09a8ae,1791485004727,1791485365406,1791485365406,
0bc0995f-09d8-4029-a02d-af96759781f4,PROVIDER,1200,1,did:web:ssi-dim-wallet-service.identity:BPNL00000003AZQP,04ee8371-8dd8-4e39-bebe-2c184a7cf45d,1791485004943,1791485369623,1791485369623,
c3971600-abb1-4569-8a5e-19ce7b12bd89,PROVIDER,1400,1,did:web:ssi-dim-wallet-service.identity:BPNL00000003AZQP,,1791485033939,1791485039768,1791485039768,"Failed to send agreement to consumer: {""@type"":""ContractNegotiationError"",""code"":""409"",""reason"":[""Entity 44ee8467-8536-421f-8e48-7e274fcf55f4 of kind edc_contract_negotiation is currently leased!""],""@context"":[""https://w3id.org/tractusx/auth/v1.0.0"",""https://w3id.org/catenax/2025/9/policy/context.js"
8e305568-542b-40b4-9c01-0cee8e32ed27,PROVIDER,1400,1,did:web:ssi-dim-wallet-service.identity:BPNL00000003AZQP,,1791485033948,1791485042169,1791485042169,"Failed to send agreement to consumer: {""@type"":""ContractNegotiationError"",""code"":""409"",""reason"":[""Entity eb10d864-2712-454b-badc-95d00ad4e880 of kind edc_contract_negotiation is currently leased!""],""@context"":[""https://w3id.org/tractusx/auth/v1.0.0"",""https://w3id.org/catenax/2025/9/policy/context.js"
19878d8f-b040-4035-824e-74f56041b2e6,PROVIDER,1200,1,did:web:ssi-dim-wallet-service.identity:BPNL00000003AZQP,4e670d34-1cd0-45f7-ad32-83d0bc6f844b,1791485034134,1791485368505,1791485368505,
bf035aeb-c48e-4aa2-af0b-8a935d386916,PROVIDER,1200,1,did:web:ssi-dim-wallet-service.identity:BPNL00000003AZQP,97fbaeb6-9088-4440-ba45-21fe6706b39d,1791485034139,1791485369705,1791485369705,
264a28cd-f7f1-4e1d-8d91-b4e875336447,PROVIDER,1400,1,did:web:ssi-dim-wallet-service.identity:BPNL00000003AZQP,,1791485034234,1791485043671,1791485043671,"Failed to send agreement to consumer: {""@type"":""ContractNegotiationError"",""code"":""409"",""reason"":[""Entity 386721ed-0d14-4f30-841c-f4a562eba12d of kind edc_contract_negotiation is currently leased!""],""@context"":[""https://w3id.org/tractusx/auth/v1.0.0"",""https://w3id.org/catenax/2025/9/policy/context.js"
e50c720a-d9f1-4c3c-ae69-5e9f8a084336,PROVIDER,1400,1,did:web:ssi-dim-wallet-service.identity:BPNL00000003AZQP,5eaddeae-158c-49b3-8553-84c0960a77ab,1791485035826,1791485371324,1791485371324,"Failed to send termination to counter party: {""@type"":""ContractNegotiationError"",""code"":""409"",""reason"":[""Entity 4542faa1-5d72-419d-b0dd-b155e8ae68d2 of kind edc_contract_negotiation is currently leased!""],""@context"":[""https://w3id.org/tractusx/auth/v1.0.0"",""https://w3id.org/catenax/2025/9/policy/con"
b83127ee-da40-4e67-8271-5017f46880ac,PROVIDER,1200,1,did:web:ssi-dim-wallet-service.identity:BPNL00000003AZQP,c1e76144-01ac-426d-ad77-5a721be98d33,1791485036137,1791485365079,1791485365079,
7742b737-b8c7-4ce9-824a-8e0c6b13c22e,PROVIDER,1200,1,did:web:ssi-dim-wallet-service.identity:BPNL00000003AZQP,fb9d9652-99a6-445a-91a5-cda335989682,1791485036138,1791485366568,1791485366568,
ae48cb79-578a-46d0-828d-e3366a8f16c3,PROVIDER,1400,1,did:web:ssi-dim-wallet-service.identity:BPNL00000003AZQP,59f263dd-dda8-4e5e-9821-0d3472a62d04,1791485036240,1791485370105,1791485370105,"Failed to send finalization to consumer: {""@type"":""ContractNegotiationError"",""code"":""409"",""reason"":[""Entity 6e328bd4-22d8-4c26-a2ec-51c82774c76d of kind edc_contract_negotiation is currently leased!""],""@context"":[""https://w3id.org/tractusx/auth/v1.0.0"",""https://w3id.org/catenax/2025/9/policy/context"
46ab557a-db59-4cf2-a28a-36ddaa5a9d18,PROVIDER,1200,1,did:web:ssi-dim-wallet-service.identity:BPNL00000003AZQP,d3806183-26ea-4f63-bdff-6a308ff09652,1791485036954,1791485372979,1791485372979,
8c35c1f0-1fec-441a-ae89-fd383c7d78df,PROVIDER,1200,1,did:web:ssi-dim-wallet-service.identity:BPNL00000003AZQP,ec959e1c-bd67-4f15-bcad-90fb69f290fe,1791485037048,1791485369296,1791485369296,
c7eab797-ff0f-4545-b59d-7480a1700082,PROVIDER,1200,1,did:web:ssi-dim-wallet-service.identity:BPNL00000003AZQP,753b4f21-3957-4508-8e8a-2b5bbfef0fee,1791485038106,1791485368819,1791485368819,
ae524730-e0a1-473e-8d58-f01dc5bc5131,PROVIDER,1200,1,did:web:ssi-dim-wallet-service.identity:BPNL00000003AZQP,14dba394-6051-4ebe-8217-3d76b579d9df,1791485038735,1791485371218,1791485371218,
81fa4898-fcb2-4a39-8d97-5f3f0798a40f,PROVIDER,1200,1,did:web:ssi-dim-wallet-service.identity:BPNL00000003AZQP,48b9bad4-c93f-4236-8659-318b92531b67,1791485039006,1791485370305,1791485370305,
75a9f66c-d533-47e9-a7ce-7e61bc96fc0b,PROVIDER,1200,1,did:web:ssi-dim-wallet-service.identity:BPNL00000003AZQP,e30f5849-2d11-4d49-85e0-d959829aa821,1791485039404,1791485400668,1791485400668,
2244b664-1e45-4a68-a86b-88afed8f3897,PROVIDER,1200,1,did:web:ssi-dim-wallet-service.identity:BPNL00000003AZQP,27bd71f0-b7e0-420f-ae61-9dd8128d3318,1791485039633,1791485402205,1791485402205,
c7500940-01a5-462a-af2c-470dcfd48942,PROVIDER,1200,1,did:web:ssi-dim-wallet-service.identity:BPNL00000003AZQP,14f11f8a-edec-4d3f-8ab3-af92eb35e120,1791485040008,1791485400505,1791485400505,
f19de4fb-d275-4c5b-b7e5-14d75fcaa114,PROVIDER,1200,1,did:web:ssi-dim-wallet-service.identity:BPNL00000003AZQP,fbeaec8c-9df1-497d-b2b5-0cac1780e5f1,1791485040134,1791485400226,1791485400226,
fa184e84-e02d-4227-84b6-d08a0e29597b,PROVIDER,1200,1,did:web:ssi-dim-wallet-service.identity:BPNL00000003AZQP,4a88f594-30cf-46b5-8dea-e9bc9ce1c323,1791485040742,1791485403542,1791485403542,
2f151e5d-ea0f-463f-9b29-ec4e3621a969,PROVIDER,1200,1,did:web:ssi-dim-wallet-service.identity:BPNL00000003AZQP,6f1b3fd2-d77c-4723-ab50-e535c7d810d6,1791485040842,1791485400527,1791485400527,
ed814a1a-2b36-4eda-ad4b-1f6dfcb69c57,PROVIDER,1200,1,did:web:ssi-dim-wallet-service.identity:BPNL00000003AZQP,916583a5-1911-4721-8492-4f692b3fb5f7,1791485079754,1791485402406,1791485402406,
d49ecc3a-50a7-48c4-b742-fafa5b2a0dcd,PROVIDER,1200,1,did:web:ssi-dim-wallet-service.identity:BPNL00000003AZQP,3fc02460-6833-40c0-83ba-72bbb38bcfd3,1791485080026,1791485406168,1791485406168,
dadb00b6-ddff-43a2-9f57-84f551905476,PROVIDER,1200,1,did:web:ssi-dim-wallet-service.identity:BPNL00000003AZQP,37a1223b-97d4-4eb4-8a38-00ef96db0d36,1791485080134,1791485403536,1791485403536,
fb0146eb-5436-4cac-a396-044c31f99728,PROVIDER,1200,1,did:web:ssi-dim-wallet-service.identity:BPNL00000003AZQP,6cc40fc0-c1f4-427f-8a1d-af1d3a52783b,1791485080232,1791485401207,1791485401207,
d85641f3-f111-496f-979c-76959c788807,PROVIDER,1200,1,did:web:ssi-dim-wallet-service.identity:BPNL00000003AZQP,60edc2d5-7da4-4414-9794-883d7e3ebd93,1791485080335,1791485401885,1791485401885,
d9efc4fd-4fc7-4c2f-863b-bf125325014e,PROVIDER,1200,1,did:web:ssi-dim-wallet-service.identity:BPNL00000003AZQP,025e5335-3e3f-4a85-9bc5-5acdbe2e0715,1791485080434,1791485401905,1791485401905,
2dcd3768-eef8-43d1-8410-727fd3efb768,PROVIDER,1200,1,did:web:ssi-dim-wallet-service.identity:BPNL00000003AZQP,16123ddf-75cc-4da8-a931-718226705998,1791485080530,1791485437623,1791485437623,
f7181c58-6dc8-46e4-a204-98d630912fce,PROVIDER,1200,1,did:web:ssi-dim-wallet-service.identity:BPNL00000003AZQP,691e4752-146e-4428-a22e-2f0dee72e6a5,1791485080748,1791485403379,1791485403379,
cfc7cf54-a82a-49aa-9f78-e2694352bb7d,PROVIDER,1400,1,did:web:ssi-dim-wallet-service.identity:BPNL00000003AZQP,,1791485081050,1791485096815,1791485096815,"Failed to send agreement to consumer: {""@type"":""ContractNegotiationError"",""code"":""409"",""reason"":[""Entity 8eea39f9-f6dc-493e-8822-4f371074184a of kind edc_contract_negotiation is currently leased!""],""@context"":[""https://w3id.org/tractusx/auth/v1.0.0"",""https://w3id.org/catenax/2025/9/policy/context.js"
2970a1a1-cc6b-4c3d-94ee-506791a2ad3a,PROVIDER,1200,1,did:web:ssi-dim-wallet-service.identity:BPNL00000003AZQP,acbed2d2-8d90-45bc-a266-a49d85a918f1,1791485081235,1791485404082,1791485404082,
ca7c686a-7c36-4a77-8b59-fad6ef879446,PROVIDER,1400,1,did:web:ssi-dim-wallet-service.identity:BPNL00000003AZQP,,1791485081333,1791485097612,1791485097612,"Failed to send termination to counter party: {""@type"":""ContractNegotiationError"",""code"":""409"",""reason"":[""Entity e6e9e078-78ea-4297-8f50-0a7c0cae0445 of kind edc_contract_negotiation is currently leased!""],""@context"":[""https://w3id.org/tractusx/auth/v1.0.0"",""https://w3id.org/catenax/2025/9/policy/con"
e0a37cf8-6ef5-43e0-aa33-c3bbae41def1,PROVIDER,1400,1,did:web:ssi-dim-wallet-service.identity:BPNL00000003AZQP,,1791485081904,1791485098311,1791485098311,"Failed to send termination to counter party: {""@type"":""ContractNegotiationError"",""code"":""409"",""reason"":[""Entity ab58e3ad-ae9e-4835-bf98-b404ba22c53d of kind edc_contract_negotiation is currently leased!""],""@context"":[""https://w3id.org/tractusx/auth/v1.0.0"",""https://w3id.org/catenax/2025/9/policy/con"
91e47d90-6c2c-4fa4-90e5-8194506868b1,PROVIDER,1400,1,did:web:ssi-dim-wallet-service.identity:BPNL00000003AZQP,73b5314a-bbd8-434e-990a-06b414ba9b95,1791485082446,1791485406478,1791485406478,"Failed to send finalization to consumer: {""@type"":""ContractNegotiationError"",""code"":""409"",""reason"":[""Entity e94ac132-d7b7-4331-a0df-508fed5c2d31 of kind edc_contract_negotiation is currently leased!""],""@context"":[""https://w3id.org/tractusx/auth/v1.0.0"",""https://w3id.org/catenax/2025/9/policy/context"
c5866ce9-b7cc-47e2-8bfd-205009bef77e,PROVIDER,1400,1,did:web:ssi-dim-wallet-service.identity:BPNL00000003AZQP,,1791485082915,1791485099914,1791485099914,"Failed to send termination to counter party: {""@type"":""ContractNegotiationError"",""code"":""409"",""reason"":[""Entity 0a4be113-5da3-4ba6-9cbd-bec959f89e6a of kind edc_contract_negotiation is currently leased!""],""@context"":[""https://w3id.org/tractusx/auth/v1.0.0"",""https://w3id.org/catenax/2025/9/policy/con"
90d8e242-cd38-494e-bdbc-c08d75a3b584,PROVIDER,1200,1,did:web:ssi-dim-wallet-service.identity:BPNL00000003AZQP,12f78e43-4582-4f34-8945-fbd85a0e6761,1791485083437,1791485405175,1791485405175,
273838fc-a0c2-4867-a472-df6913b8efc3,PROVIDER,1200,1,did:web:ssi-dim-wallet-service.identity:BPNL00000003AZQP,60e6bcea-afde-4d77-9ce0-15f1040fb48d,1791485083626,1791485404507,1791485404507,
5044b186-221d-4fc5-bb70-62368c07a51a,PROVIDER,1200,1,did:web:ssi-dim-wallet-service.identity:BPNL00000003AZQP,4a5616c4-e6d1-4144-9777-9e8b8e8fbc0d,1791485084028,1791485406468,1791485406468,
747150ba-83c1-4a2f-b720-f2d42ae01985,PROVIDER,1400,1,did:web:ssi-dim-wallet-service.identity:BPNL00000003AZQP,,1791485093622,1791485106414,1791485106414,"Failed to send termination to counter party: {""@type"":""ContractNegotiationError"",""code"":""409"",""reason"":[""Entity 3d9deafb-5eb2-4503-838f-f0b65c4940e6 of kind edc_contract_negotiation is currently leased!""],""@context"":[""https://w3id.org/tractusx/auth/v1.0.0"",""https://w3id.org/catenax/2025/9/policy/con"
8fedcaef-9095-43df-a2d9-858c95ff6e5b,PROVIDER,1200,1,did:web:ssi-dim-wallet-service.identity:BPNL00000003AZQP,375dc02c-c92f-4c16-bc1e-740bac30c2e0,1791485096419,1791485404927,1791485404927,
e8cacd3f-9771-47b2-b50c-508e6d22886c,PROVIDER,1200,1,did:web:ssi-dim-wallet-service.identity:BPNL00000003AZQP,01091878-9752-4bb1-aec4-61eee739b228,1791485096622,1791485406477,1791485406477,
ed76ac91-13d2-4f9f-b7ee-1faa4fc553cd,PROVIDER,1200,1,did:web:ssi-dim-wallet-service.identity:BPNL00000003AZQP,6b348f17-639d-4067-8be1-ceec350f4d57,1791485121740,1791485436207,1791485436207,
bdb86d4b-1cd0-4362-8066-aa30f234f557,PROVIDER,1200,1,did:web:ssi-dim-wallet-service.identity:BPNL00000003AZQP,940ab452-0fcc-4778-870b-2d536ce3f0e1,1791485122305,1791485441107,1791485441107,
bbfde30c-c8ce-4f2c-b48a-825cf5f06865,PROVIDER,1200,1,did:web:ssi-dim-wallet-service.identity:BPNL00000003AZQP,19b715ec-dfae-4f9a-91df-279bbd84787a,1791485122345,1791485438605,1791485438605,
4b8d05bf-b2ab-4dd6-a426-f2301c2577fe,PROVIDER,1400,1,did:web:ssi-dim-wallet-service.identity:BPNL00000003AZQP,,1791485122435,1791485127606,1791485127606,"Failed to send agreement to consumer: {""@type"":""ContractNegotiationError"",""code"":""409"",""reason"":[""Cannot process ContractAgreementMessage because negotiation cannot be agreed""],""@context"":[""https://w3id.org/tractusx/auth/v1.0.0"",""https://w3id.org/catenax/2025/9/policy/context.jsonld"",""https://w3id.o"
184250dc-5747-43a8-b218-d75a4f4b569f,PROVIDER,1400,1,did:web:ssi-dim-wallet-service.identity:BPNL00000003AZQP,,1791485122734,1791485127336,1791485127336,"Failed to send agreement to consumer: {""@type"":""ContractNegotiationError"",""code"":""409"",""reason"":[""Entity 6cb46f73-8bd9-4c25-bc53-425c97943f9f of kind edc_contract_negotiation is currently leased!""],""@context"":[""https://w3id.org/tractusx/auth/v1.0.0"",""https://w3id.org/catenax/2025/9/policy/context.js"
3324dfc8-8eea-41bf-a7bc-8d75fc2c5625,PROVIDER,1200,1,did:web:ssi-dim-wallet-service.identity:BPNL00000003AZQP,8a5237b7-0bd4-49e4-b2e3-9b2d39ccad8b,1791485123437,1791485440106,1791485440106,
bb28d743-7fe2-4294-a2fb-0f26bb0a3cb0,PROVIDER,1400,1,did:web:ssi-dim-wallet-service.identity:BPNL00000003AZQP,,1791485124018,1791485127305,1791485127305,"Failed to send agreement to consumer: {""@type"":""ContractNegotiationError"",""code"":""409"",""reason"":[""Entity fe8ac8f3-7732-4405-afce-d8f38b4df3bf of kind edc_contract_negotiation is currently leased!""],""@context"":[""https://w3id.org/tractusx/auth/v1.0.0"",""https://w3id.org/catenax/2025/9/policy/context.js"
045ddff4-f27a-43ef-8527-399ded0cbfc8,PROVIDER,1400,1,did:web:ssi-dim-wallet-service.identity:BPNL00000003AZQP,,1791485124092,1791485128441,1791485128441,"Failed to send agreement to consumer: {""@type"":""ContractNegotiationError"",""code"":""409"",""reason"":[""Entity 885951f8-f9cc-49f4-95bd-ea466b0bb39c of kind edc_contract_negotiation is currently leased!""],""@context"":[""https://w3id.org/tractusx/auth/v1.0.0"",""https://w3id.org/catenax/2025/9/policy/context.js"
10e683c2-933e-4418-886f-62893d2f8a4b,PROVIDER,1400,1,did:web:ssi-dim-wallet-service.identity:BPNL00000003AZQP,,1791485125225,1791485130868,1791485130868,"Failed to send agreement to consumer: {""@type"":""ContractNegotiationError"",""code"":""409"",""reason"":[""Entity 10ecb3a5-24f4-4055-b027-576fcffd61c9 of kind edc_contract_negotiation is currently leased!""],""@context"":[""https://w3id.org/tractusx/auth/v1.0.0"",""https://w3id.org/catenax/2025/9/policy/context.js"
e7e275e3-b0ca-435e-b2ce-6b8bf639efa9,PROVIDER,1200,1,did:web:ssi-dim-wallet-service.identity:BPNL00000003AZQP,947ee961-ce7b-4b7a-afa1-4dff62cd0238,1791485126004,1791485441768,1791485441768,
951c976e-b1b7-4233-95b2-536f485f5bb2,PROVIDER,1200,1,did:web:ssi-dim-wallet-service.identity:BPNL00000003AZQP,6c24f3c3-ac28-4f04-8dcd-f0e363ddf9e5,1791485126877,1791485441304,1791485441304,
682ab6da-80a9-495e-919f-64eda9e4babd,PROVIDER,1200,1,did:web:ssi-dim-wallet-service.identity:BPNL00000003AZQP,ed9b55c4-aa9a-457c-b265-7099d24263d6,1791485126942,1791485443876,1791485443876,
2c47f2c7-3b6d-47c3-9e2c-81c45319c94c,PROVIDER,1200,1,did:web:ssi-dim-wallet-service.identity:BPNL00000003AZQP,b73fde73-006f-4e3b-97b4-5fe47e445a39,1791485127121,1791485441017,1791485441017,
750e32e3-e7fe-4faf-943e-a6d19244a854,PROVIDER,1200,1,did:web:ssi-dim-wallet-service.identity:BPNL00000003AZQP,c10c0f91-de94-4075-846a-bb08f03de2c3,1791485127125,1791485442476,1791485442476,
03ed98e1-74ae-471e-b155-c83e6f4d0092,PROVIDER,1200,1,did:web:ssi-dim-wallet-service.identity:BPNL00000003AZQP,bed5ddfb-1eb7-41d0-96d0-0d203f797ba2,1791485127226,1791485443734,1791485443734,
b60936ce-b542-4bba-bd7b-d9ade6d1efc1,PROVIDER,1400,1,did:web:ssi-dim-wallet-service.identity:BPNL00000003AZQP,24e3d339-4b5a-4d31-aa8e-5fca4f41ccf2,1791485127239,1791485447676,1791485447676,"Failed to send finalization to consumer: {""@type"":""ContractNegotiationError"",""code"":""409"",""reason"":[""Entity 1d9333bb-d5c4-4a72-93ab-b6e3813c32f7 of kind edc_contract_negotiation is currently leased!""],""@context"":[""https://w3id.org/tractusx/auth/v1.0.0"",""https://w3id.org/catenax/2025/9/policy/context"
08e63258-6335-44e1-a4e5-827398f61bd5,PROVIDER,1200,1,did:web:ssi-dim-wallet-service.identity:BPNL00000003AZQP,a13f43bd-171b-4067-b063-9970117b6bb2,1791485127404,1791485443668,1791485443668,
79b5466d-287c-4c9f-8dac-89edc5170a68,PROVIDER,1200,1,did:web:ssi-dim-wallet-service.identity:BPNL00000003AZQP,b4fd1366-7799-4951-9b6d-da7a38df948d,1791485127834,1791485441579,1791485441579,
8a0595b2-20fd-4885-b659-0316743e3dd7,PROVIDER,1400,1,did:web:ssi-dim-wallet-service.identity:BPNL00000003AZQP,a8e46ac3-f805-4d75-b3bc-947724444069,1791485128233,1791485449205,1791485449205,"Failed to send finalization to consumer: {""@type"":""ContractNegotiationError"",""code"":""409"",""reason"":[""Entity 2a116ffc-555c-4457-af6d-9ee3e1e0ba8a of kind edc_contract_negotiation is currently leased!""],""@context"":[""https://w3id.org/tractusx/auth/v1.0.0"",""https://w3id.org/catenax/2025/9/policy/context"
a76afcf3-2b1d-496c-bc8a-9cb44f5e0f79,PROVIDER,1200,1,did:web:ssi-dim-wallet-service.identity:BPNL00000003AZQP,8ef9e00d-11ec-4018-a4a8-ae1217ee9dbf,1791485128235,1791485444168,1791485444168,
2935c529-0122-4238-9494-3d2ed066e3d7,PROVIDER,1200,1,did:web:ssi-dim-wallet-service.identity:BPNL00000003AZQP,0995e9bc-743d-4a8d-b20f-bd9776676ce0,1791485154513,1791485447235,1791485447235,
aacbb087-a0f6-4c42-bb77-7716f2989d8e,PROVIDER,1400,1,did:web:ssi-dim-wallet-service.identity:BPNL00000003AZQP,,1791485154806,1791485158531,1791485158531,"Failed to send agreement to consumer: {""@type"":""ContractNegotiationError"",""code"":""409"",""reason"":[""Entity 08d30188-f5b7-4c84-96a6-ffa1c58a98f3 of kind edc_contract_negotiation is currently leased!""],""@context"":[""https://w3id.org/tractusx/auth/v1.0.0"",""https://w3id.org/catenax/2025/9/policy/context.js"
073d24f2-5bd7-43d5-82ff-7f7256f0eab2,PROVIDER,1200,1,did:web:ssi-dim-wallet-service.identity:BPNL00000003AZQP,85389478-e9ee-4ce2-9f18-53bb502dbe06,1791485154843,1791485445837,1791485445837,
8e888d93-4a03-4e7d-83cd-096a89f649a5,PROVIDER,1200,1,did:web:ssi-dim-wallet-service.identity:BPNL00000003AZQP,45a08aab-4879-426b-bbe6-306ef358cc03,1791485154942,1791485445322,1791485445322,
fb373006-9c60-4f45-8df5-bc6998f83bd2,PROVIDER,1200,1,did:web:ssi-dim-wallet-service.identity:BPNL00000003AZQP,29dc1a7b-0e9b-4d4c-ae8a-a73c6b62227c,1791485155232,1791485449368,1791485449368,
be9d3631-450e-4719-92e4-550ab01a794d,PROVIDER,1400,1,did:web:ssi-dim-wallet-service.identity:BPNL00000003AZQP,,1791485155337,1791485157612,1791485157612,"Failed to send termination to counter party: {""@type"":""ContractNegotiationError"",""code"":""409"",""reason"":[""Entity d8f8e4bc-d2e2-4aa4-ad8b-48ba4c4609bc of kind edc_contract_negotiation is currently leased!""],""@context"":[""https://w3id.org/tractusx/auth/v1.0.0"",""https://w3id.org/catenax/2025/9/policy/con"
87aa0a0a-74b1-4b95-a37f-a9aa2955f1ce,PROVIDER,1200,1,did:web:ssi-dim-wallet-service.identity:BPNL00000003AZQP,4466fa6b-043f-457b-9ca2-e060ef455d4e,1791485155535,1791485484607,1791485484607,
04a10b72-636b-4c58-9c40-59ffd4516ccf,PROVIDER,1400,1,did:web:ssi-dim-wallet-service.identity:BPNL00000003AZQP,e2ea0790-9987-450b-8103-24ee5b4f0ab7,1791485155936,1791485486920,1791485486920,"Failed to send finalization to consumer: {""@type"":""ContractNegotiationError"",""code"":""409"",""reason"":[""Entity bd7f31d8-4065-4629-9c13-e591d23d8aee of kind edc_contract_negotiation is currently leased!""],""@context"":[""https://w3id.org/tractusx/auth/v1.0.0"",""https://w3id.org/catenax/2025/9/policy/context"
eb611dff-90e3-481c-b265-b4f2f846ac63,PROVIDER,1200,1,did:web:ssi-dim-wallet-service.identity:BPNL00000003AZQP,d5401a76-0a08-46ef-b2e4-b04275a56889,1791485156339,1791485484397,1791485484397,
e9959d53-e10f-4cda-9878-80c48a206f4d,PROVIDER,1400,1,did:web:ssi-dim-wallet-service.identity:BPNL00000003AZQP,,1791485156548,1791485165505,1791485165505,"Failed to send agreement to consumer: {""@type"":""ContractNegotiationError"",""code"":""409"",""reason"":[""Entity 5b692554-3042-49fa-8c6b-ce42ef4b85f2 of kind edc_contract_negotiation is currently leased!""],""@context"":[""https://w3id.org/tractusx/auth/v1.0.0"",""https://w3id.org/catenax/2025/9/policy/context.js"
a4e31d43-6e56-4699-9166-fadd8a61ccbe,PROVIDER,1200,1,did:web:ssi-dim-wallet-service.identity:BPNL00000003AZQP,082e4f35-ffa6-45a3-949a-42aaabb4f8c4,1791485157844,1791485484397,1791485484397,
32d666bc-141b-4290-b8ec-8d5f87bcb61f,PROVIDER,1200,1,did:web:ssi-dim-wallet-service.identity:BPNL00000003AZQP,e12f67b3-3e7a-4a76-931a-b4cd29f487b3,1791485157846,1791485485737,1791485485737,
aa055197-0420-4e4f-b52f-3b73e561bde4,PROVIDER,1200,1,did:web:ssi-dim-wallet-service.identity:BPNL00000003AZQP,44b92404-2875-47af-bd3e-67feb07031aa,1791485158338,1791485485710,1791485485710,
ebeb5b77-9a9f-4ff7-b549-2953f9ad50c3,PROVIDER,1200,1,did:web:ssi-dim-wallet-service.identity:BPNL00000003AZQP,16f3709c-a7a3-4309-9a32-8d1163dd82cb,1791485158942,1791485485784,1791485485784,
d96e6ec6-eeb0-4394-b489-078a73c97c92,PROVIDER,1200,1,did:web:ssi-dim-wallet-service.identity:BPNL00000003AZQP,7b0059e5-a4d6-44b4-9b2d-c8fdc31f4429,1791485159046,1791485485368,1791485485368,
dd24d390-0008-49ab-a932-a8cdf5cc5b49,PROVIDER,1400,1,did:web:ssi-dim-wallet-service.identity:BPNL00000003AZQP,,1791485159253,1791485168481,1791485168481,"Failed to send agreement to consumer: {""@type"":""ContractNegotiationError"",""code"":""409"",""reason"":[""Entity 22697d6b-09a6-4845-bb74-21a8468b6570 of kind edc_contract_negotiation is currently leased!""],""@context"":[""https://w3id.org/tractusx/auth/v1.0.0"",""https://w3id.org/catenax/2025/9/policy/context.js"
828073ac-1c4a-49de-9bfe-297a17d0e1c2,PROVIDER,1200,1,did:web:ssi-dim-wallet-service.identity:BPNL00000003AZQP,08b26534-fe22-4c4e-8d4e-41676028d023,1791485159438,1791485485880,1791485485880,
bf3ea81e-2736-4bba-a2fa-9753ef8553a8,PROVIDER,1200,1,did:web:ssi-dim-wallet-service.identity:BPNL00000003AZQP,38702324-e178-4974-a83c-71ff8197e732,1791485159549,1791485486805,1791485486805,
4e798993-1e74-4334-8217-27dafa08690c,PROVIDER,1200,1,did:web:ssi-dim-wallet-service.identity:BPNL00000003AZQP,e7f06329-3c4f-4e2c-83b9-abc1661f55cd,1791485159634,1791485488377,1791485488377,
cdc34ccf-4b2d-4dec-8ef7-1b58683fc625,PROVIDER,1200,1,did:web:ssi-dim-wallet-service.identity:BPNL00000003AZQP,061b112e-536e-447d-9cd5-abe5ae6af350,1791485159835,1791485487844,1791485487844,
ec9766d2-cfa1-453f-960f-bd93c4503999,PROVIDER,1200,1,did:web:ssi-dim-wallet-service.identity:BPNL00000003AZQP,b4662105-3594-4a29-b948-a7c3a2e3d584,1791485211534,1791485489368,1791485489368,
065a51cf-63cb-445b-8de0-16527fdd6c4c,PROVIDER,1400,1,did:web:ssi-dim-wallet-service.identity:BPNL00000003AZQP,,1791485211550,1791485218422,1791485218422,"Failed to send agreement to consumer: {""@type"":""ContractNegotiationError"",""code"":""409"",""reason"":[""Entity ed13ef3e-67a5-46fa-aa18-678a2c2e1e56 of kind edc_contract_negotiation is currently leased!""],""@context"":[""https://w3id.org/tractusx/auth/v1.0.0"",""https://w3id.org/catenax/2025/9/policy/context.js"
be87742f-9b3b-4af4-b34b-b182fa2f67b3,PROVIDER,1200,1,did:web:ssi-dim-wallet-service.identity:BPNL00000003AZQP,b01f9c16-ad6d-4e7e-adab-54d4411fd39e,1791485211644,1791485489581,1791485489581,
421b9616-bb87-4548-a117-01d6b20d7c82,PROVIDER,1200,1,did:web:ssi-dim-wallet-service.identity:BPNL00000003AZQP,398c486d-fc19-4e18-b9e6-e5f23a8f4b25,1791485211752,1791485512077,1791485512077,
8c86adac-3ec3-4ebc-a484-e94fd602bfea,PROVIDER,1200,1,did:web:ssi-dim-wallet-service.identity:BPNL00000003AZQP,ad7538ec-25e0-454e-b868-10b1f0ef8f19,1791485211947,1791485488240,1791485488240,
5c63e903-e44b-494d-8c81-0925ffa77b05,PROVIDER,1200,1,did:web:ssi-dim-wallet-service.identity:BPNL00000003AZQP,ac67597e-a26b-4f06-b9f6-7f8ebb13ee65,1791485212295,1791485488096,1791485488096,
3ca0b412-e435-47d3-84fe-2e3ba85a3d23,PROVIDER,1200,1,did:web:ssi-dim-wallet-service.identity:BPNL00000003AZQP,13a13385-5277-4946-a38b-26fe9be021b4,1791485212504,1791485489605,1791485489605,
36ecfa2f-5cd2-461e-9c74-f0e3a564a72b,PROVIDER,1200,1,did:web:ssi-dim-wallet-service.identity:BPNL00000003AZQP,7b668659-ed8c-4588-b240-96f76821c71c,1791485213635,1791485509521,1791485509521,
a7e12b5a-61a8-4d14-ba27-75da0214911e,PROVIDER,1200,1,did:web:ssi-dim-wallet-service.identity:BPNL00000003AZQP,06961266-e34d-48cc-a90b-0c0a587f307e,1791485214640,1791485489588,1791485489588,
a98a3eb7-3dcf-4665-ba1f-428db658ae50,PROVIDER,1200,1,did:web:ssi-dim-wallet-service.identity:BPNL00000003AZQP,ecb7284b-8e6a-47f7-9261-e6aaf139a8ed,1791485215195,1791485489589,1791485489589,
295b5707-6821-48b3-afb4-b28a6d9e1fd3,PROVIDER,1200,1,did:web:ssi-dim-wallet-service.identity:BPNL00000003AZQP,25bad39f-a87e-4555-a0d4-e9ace124ceff,1791485215204,1791485491205,1791485491205,
da2ecf3d-b260-4248-ae38-1bb04e20f322,PROVIDER,1400,1,did:web:ssi-dim-wallet-service.identity:BPNL00000003AZQP,ad284f35-0c12-4788-b70d-d0d70e7c3240,1791485215418,1791485513568,1791485513568,"Failed to send finalization to consumer: {""@type"":""ContractNegotiationError"",""code"":""409"",""reason"":[""Entity aba7995d-0ed7-44d1-88ad-65815a02d607 of kind edc_contract_negotiation is currently leased!""],""@context"":[""https://w3id.org/tractusx/auth/v1.0.0"",""https://w3id.org/catenax/2025/9/policy/context"
3d3d4880-52f9-48bc-972f-8c5e88e63904,PROVIDER,1400,1,did:web:ssi-dim-wallet-service.identity:BPNL00000003AZQP,,1791485215510,1791485226269,1791485226269,"Failed to send agreement to consumer: {""@type"":""ContractNegotiationError"",""code"":""409"",""reason"":[""Entity 257b263e-3f86-4f92-8ad2-c3d82c8a13e0 of kind edc_contract_negotiation is currently leased!""],""@context"":[""https://w3id.org/tractusx/auth/v1.0.0"",""https://w3id.org/catenax/2025/9/policy/context.js"
f145a1ba-2263-4405-92b1-d2c6d1a4e2a5,PROVIDER,1200,1,did:web:ssi-dim-wallet-service.identity:BPNL00000003AZQP,5634fd84-21cf-47d5-be16-f8e839123693,1791485216245,1791485509006,1791485509006,
2fd778db-c4f8-4c78-aa91-ea4b1d87701b,PROVIDER,1400,1,did:web:ssi-dim-wallet-service.identity:BPNL00000003AZQP,0d4b8c0d-9f1d-4f6b-93ef-62f914e5698f,1791485216744,1791485513268,1791485513268,"Failed to send finalization to consumer: {""@type"":""ContractNegotiationError"",""code"":""409"",""reason"":[""Entity 586a7fb2-029c-41b6-a689-8be6b0f22fd7 of kind edc_contract_negotiation is currently leased!""],""@context"":[""https://w3id.org/tractusx/auth/v1.0.0"",""https://w3id.org/catenax/2025/9/policy/context"
f864dbe9-4abe-42f4-a26f-bf881c94f207,PROVIDER,1200,1,did:web:ssi-dim-wallet-service.identity:BPNL00000003AZQP,fb97ea6a-f806-416f-b158-ec1c10a973fb,1791485216745,1791485510926,1791485510926,
94ab70b1-1d5d-4f00-8247-63820d1dba1b,PROVIDER,1200,1,did:web:ssi-dim-wallet-service.identity:BPNL00000003AZQP,cdb64ddc-d4b0-4470-adbd-7cef947fa06f,1791485216833,1791485509505,1791485509505,
52da72ff-73c2-4ade-a56a-85a68201a5fa,PROVIDER,1400,1,did:web:ssi-dim-wallet-service.identity:BPNL00000003AZQP,6aa8661c-247f-466f-b31f-de5ff4026a5b,1791485216942,1791485512568,1791485512568,"Failed to send finalization to consumer: {""@type"":""ContractNegotiationError"",""code"":""409"",""reason"":[""Cannot process ContractNegotiationEventMessage because negotiation cannot be finalized""],""@context"":[""https://w3id.org/tractusx/auth/v1.0.0"",""https://w3id.org/catenax/2025/9/policy/context.jsonld"",""h"
a5cef2f5-e0ae-4b62-b66b-efbff54bf5ff,PROVIDER,1400,1,did:web:ssi-dim-wallet-service.identity:BPNL00000003AZQP,efa2d555-f71b-428b-8cae-a05cffa5c7ee,1791485217141,1791485515368,1791485515368,"Failed to send finalization to consumer: {""@type"":""ContractNegotiationError"",""code"":""409"",""reason"":[""Entity d575f569-8dbf-45a4-b7e8-e482705d7d7e of kind edc_contract_negotiation is currently leased!""],""@context"":[""https://w3id.org/tractusx/auth/v1.0.0"",""https://w3id.org/catenax/2025/9/policy/context"
56573ef6-090e-4642-b72a-df614afb0f29,PROVIDER,1200,1,did:web:ssi-dim-wallet-service.identity:BPNL00000003AZQP,6cc32977-a9c3-4070-87f1-706ace1df72d,1791485217334,1791485510205,1791485510205,
2119fe90-f207-4a6e-afad-87e0d12c5af7,PROVIDER,1400,1,did:web:ssi-dim-wallet-service.identity:BPNL00000003AZQP,,1791485256532,1791485260524,1791485260524,"Failed to send agreement to consumer: {""@type"":""ContractNegotiationError"",""code"":""409"",""reason"":[""Entity c1202265-e1a5-4ee8-ac1a-ba286e066c40 of kind edc_contract_negotiation is currently leased!""],""@context"":[""https://w3id.org/tractusx/auth/v1.0.0"",""https://w3id.org/catenax/2025/9/policy/context.js"
e680669c-de2c-4e82-9d0c-9dba0a29037b,PROVIDER,1200,1,did:web:ssi-dim-wallet-service.identity:BPNL00000003AZQP,82f76eab-20f8-48c6-8339-e6b41f6a0613,1791485256546,1791485513043,1791485513043,
30f72073-a0e4-4114-b343-d84966e34d39,PROVIDER,1200,1,did:web:ssi-dim-wallet-service.identity:BPNL00000003AZQP,3e0e304f-92a0-4ac5-a92a-64675e44cece,1791485256563,1791485514841,1791485514841,
d5f17ea2-8b72-497c-8ce3-1ae081d1552f,PROVIDER,1400,1,did:web:ssi-dim-wallet-service.identity:BPNL00000003AZQP,,1791485256581,1791485267036,1791485267036,"Failed to send agreement to consumer: {""@type"":""ContractNegotiationError"",""code"":""409"",""reason"":[""Entity e89c1215-4810-4336-bd25-e889f287baff of kind edc_contract_negotiation is currently leased!""],""@context"":[""https://w3id.org/tractusx/auth/v1.0.0"",""https://w3id.org/catenax/2025/9/policy/context.js"
2bfc8b06-f90a-44fc-be0e-46924d260f70,PROVIDER,1200,1,did:web:ssi-dim-wallet-service.identity:BPNL00000003AZQP,8ebea0d6-1f7a-4347-a8e0-9b9d2e1f0758,1791485256646,1791485515827,1791485515827,
e20eabb5-d4f9-4f8b-986b-f89989fe5057,PROVIDER,1200,1,did:web:ssi-dim-wallet-service.identity:BPNL00000003AZQP,50f12e89-1f70-4db6-b15f-b656d8db07ad,1791485256738,1791485512275,1791485512275,
82d10817-4ecf-41ed-bf40-06a012b8f4cc,PROVIDER,1200,1,did:web:ssi-dim-wallet-service.identity:BPNL00000003AZQP,f9d0d4ab-193a-417b-a43f-2c9287f1fcfd,1791485256942,1791485515387,1791485515387,
fec1c113-e72d-49c2-9595-0e1fc81c672b,PROVIDER,1200,1,did:web:ssi-dim-wallet-service.identity:BPNL00000003AZQP,11650903-74f2-44c5-a366-223199c2f11a,1791485257127,1791485511734,1791485511734,
50c60674-7729-4f3d-bdb4-688de5e0a5e2,PROVIDER,1200,1,did:web:ssi-dim-wallet-service.identity:BPNL00000003AZQP,cec049d5-1be9-4bf8-93c0-7635cd0816e4,1791485257439,1791485513734,1791485513734,
b4f2b217-9fa9-441f-b6cf-286a24323886,PROVIDER,1200,1,did:web:ssi-dim-wallet-service.identity:BPNL00000003AZQP,ea1ac844-08b0-4746-9d0d-9cae51f46e8e,1791485257941,1791485513845,1791485513845,
57b53f7d-9047-4099-849f-5b5f7f6c16a7,PROVIDER,1200,1,did:web:ssi-dim-wallet-service.identity:BPNL00000003AZQP,ae04ed9e-91d7-4b20-9353-d1941dbc2700,1791485257943,1791485515069,1791485515069,
dabee7a4-8286-440d-8b19-87204317f269,PROVIDER,1200,1,did:web:ssi-dim-wallet-service.identity:BPNL00000003AZQP,1c8f0f7c-1ffb-43cc-8b8d-cb3c2bdaaf7a,1791485258444,1791485533468,1791485533468,
cfed5bf6-9527-43d2-98b7-d6b199349e04,PROVIDER,1200,1,did:web:ssi-dim-wallet-service.identity:BPNL00000003AZQP,c6cd57d5-c430-4fb9-b511-4aaf81a1452e,1791485258640,1791485515387,1791485515387,
65500058-c230-443e-9942-0b972f637ff2,PROVIDER,1400,1,did:web:ssi-dim-wallet-service.identity:BPNL00000003AZQP,7738544c-e965-4664-b391-eadb8cfee210,1791485258838,1791485535808,1791485535808,"Failed to send finalization to consumer: {""@type"":""ContractNegotiationError"",""code"":""409"",""reason"":[""Entity 9c8c847f-e3cd-46c9-a4bb-099d69da828b of kind edc_contract_negotiation is currently leased!""],""@context"":[""https://w3id.org/tractusx/auth/v1.0.0"",""https://w3id.org/catenax/2025/9/policy/context"
875c13fe-372f-40f7-a96b-5011c9a84f4e,PROVIDER,1200,1,did:web:ssi-dim-wallet-service.identity:BPNL00000003AZQP,7fcf8a2a-9d73-42f0-b306-3f8fece4de51,1791485258929,1791485533647,1791485533647,
64086774-99c4-4342-8221-3d48062c6535,PROVIDER,1200,1,did:web:ssi-dim-wallet-service.identity:BPNL00000003AZQP,252c4abe-45c7-4733-8d78-522f4ee3b84c,1791485259027,1791485533040,1791485533040,
83e92afd-d8b5-4afa-acc8-da78f105ce24,PROVIDER,1200,1,did:web:ssi-dim-wallet-service.identity:BPNL00000003AZQP,fa25e5b4-e06d-4fde-8901-d813bf0386e9,1791485259225,1791485533770,1791485533770,
c1d91beb-a3a9-440d-bc5f-dadfa740a2b0,PROVIDER,1200,1,did:web:ssi-dim-wallet-service.identity:BPNL00000003AZQP,9a6fad11-77db-4aa1-b9f5-7c9b06126bff,1791485259941,1791485534486,1791485534486,
7c1148c2-815d-413e-a42d-c093803c113f,PROVIDER,1200,1,did:web:ssi-dim-wallet-service.identity:BPNL00000003AZQP,ab3a569c-c4a2-48d3-a7e8-bd2f621af9ab,1791485260033,1791485533079,1791485533079,
b1b3841e-3414-4650-ba73-0041eb748d13,PROVIDER,1200,1,did:web:ssi-dim-wallet-service.identity:BPNL00000003AZQP,f8f82c54-193f-4cc9-aa06-355bf56c1e09,1791485261334,1791485534486,1791485534486,
11d30b65-3611-4453-adc5-a1cf85b4e91f,PROVIDER,1200,1,did:web:ssi-dim-wallet-service.identity:BPNL00000003AZQP,f0c4c30e-9c70-4a7b-ab9f-2014325d93a9,1791485319929,1791485534576,1791485534576,
1adccdb2-5e5d-4253-bffd-3af751ec432f,PROVIDER,1200,1,did:web:ssi-dim-wallet-service.identity:BPNL00000003AZQP,6c6c901b-0eaa-4df1-9cf1-904c3b6c131b,1791485320129,1791485534983,1791485534983,
49652f9f-ad1d-4bd9-b244-5108cf86b8f7,PROVIDER,1200,1,did:web:ssi-dim-wallet-service.identity:BPNL00000003AZQP,78a90abe-8584-45e4-bfbd-6d3fc401702d,1791485320333,1791485534868,1791485534868,
47e82719-be6b-4878-8eba-35adba7fa416,PROVIDER,1200,1,did:web:ssi-dim-wallet-service.identity:BPNL00000003AZQP,0cbe4258-8571-41d1-855a-89568ccc4114,1791485320425,1791485535284,1791485535284,
046844f6-b3c1-408d-8e6b-c1133f67e6d8,PROVIDER,1200,1,did:web:ssi-dim-wallet-service.identity:BPNL00000003AZQP,1ac24c32-283c-43f5-9dd5-df9bcb91ab5a,1791485320529,1791485535282,1791485535282,
0943b7d8-2f11-40d4-9099-531ba28557b7,PROVIDER,1200,1,did:web:ssi-dim-wallet-service.identity:BPNL00000003AZQP,558e368b-29c9-4c01-939f-731f06951b3b,1791485320741,1791485535285,1791485535285,
fa71bbfe-c882-4a2b-9757-197924c582d6,PROVIDER,1400,1,did:web:ssi-dim-wallet-service.identity:BPNL00000003AZQP,,1791485320820,1791485330308,1791485330308,"Failed to send agreement to consumer: {""@type"":""ContractNegotiationError"",""code"":""409"",""reason"":[""Entity cbf1afbd-b7c7-410a-9824-a4e0c15c9d61 of kind edc_contract_negotiation is currently leased!""],""@context"":[""https://w3id.org/tractusx/auth/v1.0.0"",""https://w3id.org/catenax/2025/9/policy/context.js"
e50e4744-10e8-424d-98c6-7c1a26481166,PROVIDER,1200,1,did:web:ssi-dim-wallet-service.identity:BPNL00000003AZQP,bf084c1f-bed2-4a20-b48b-131b42e31242,1791485320934,1791485536589,1791485536589,
86a90bbc-b0f0-4832-9379-0c628c1e6d0a,PROVIDER,1200,1,did:web:ssi-dim-wallet-service.identity:BPNL00000003AZQP,80b857e9-694b-47b0-8eb3-1caf13c7a729,1791485321334,1791485536605,1791485536605,
fae751a7-e12b-4d08-aa3e-a80e232dacbe,PROVIDER,1200,1,did:web:ssi-dim-wallet-service.identity:BPNL00000003AZQP,e3e6866e-4136-4fa5-9b3a-aec4ac46b7c8,1791485321340,1791485536705,1791485536705,
364c588f-8f75-4a1c-8165-1806600560b7,PROVIDER,1200,1,did:web:ssi-dim-wallet-service.identity:BPNL00000003AZQP,1026ca28-8f97-4d1d-a7ce-eaa7c4ceee7b,1791485321904,1791485535924,1791485535924,
c45bfd44-1009-47e8-a824-ce3043fdab67,PROVIDER,1400,1,did:web:ssi-dim-wallet-service.identity:BPNL00000003AZQP,,1791485322090,1791485331009,1791485331009,"Failed to send agreement to consumer: {""@type"":""ContractNegotiationError"",""code"":""409"",""reason"":[""Entity 90d56d79-3be5-439a-bc7d-1748fe5e9ee5 of kind edc_contract_negotiation is currently leased!""],""@context"":[""https://w3id.org/tractusx/auth/v1.0.0"",""https://w3id.org/catenax/2025/9/policy/context.js"
5e0b892c-6013-4eaf-8a79-c54996734951,PROVIDER,1200,1,did:web:ssi-dim-wallet-service.identity:BPNL00000003AZQP,2dfcb2dd-90c3-455e-aea9-416e06429f58,1791485322189,1791485536568,1791485536568,
9ad3afb5-33b8-4ba4-a189-926ae2424fbc,PROVIDER,1200,1,did:web:ssi-dim-wallet-service.identity:BPNL00000003AZQP,929fc7b7-c4b4-4761-b375-3db160d243f5,1791485323552,1791485559517,1791485559517,
c65d90ab-7e62-45ea-b59f-903cc08e8a8b,PROVIDER,1200,1,did:web:ssi-dim-wallet-service.identity:BPNL00000003AZQP,880f3f50-1a19-42e5-80f8-2de9d2fb96a6,1791485324049,1791485536316,1791485536316,
2364c2b0-2937-4cf5-8e92-63cb4295b87b,PROVIDER,1200,1,did:web:ssi-dim-wallet-service.identity:BPNL00000003AZQP,e839bf21-03a6-473b-b686-72cdb0e0f1b2,1791485325031,1791485561168,1791485561168,
6278d3c0-2be0-4361-8e59-5689357bfffa,PROVIDER,1200,1,did:web:ssi-dim-wallet-service.identity:BPNL00000003AZQP,433148da-a1b8-46ab-8154-92877e01f251,1791485325329,1791485559413,1791485559413,
a1cc71d3-225c-44bf-8569-2cf6ff64d621,PROVIDER,1200,1,did:web:ssi-dim-wallet-service.identity:BPNL00000003AZQP,969e6a78-04c7-4ab0-95d9-bcc2bc952f61,1791485325736,1791485560396,1791485560396,
430e9d2f-936b-44a1-acec-bf31996f4345,PROVIDER,1200,1,did:web:ssi-dim-wallet-service.identity:BPNL00000003AZQP,32b2c6e5-2c47-42ac-bcb2-d3a937c3b23c,1791485326235,1791485560420,1791485560420,
647f4b8a-9eb0-451a-90c9-412c844cfef4,PROVIDER,1200,1,did:web:ssi-dim-wallet-service.identity:BPNL00000003AZQP,a2a5695a-8520-4964-8275-e0c3b0ee6321,1791485326636,1791485559618,1791485559618,
07238904-04f7-45cd-be71-3d0449496e90,PROVIDER,1400,1,did:web:ssi-dim-wallet-service.identity:BPNL00000003AZQP,,1791485378742,1791485383505,1791485383505,"Failed to send agreement to consumer: {""@type"":""ContractNegotiationError"",""code"":""409"",""reason"":[""Entity ee26b47f-b767-42c1-ba31-e11c5da440b1 of kind edc_contract_negotiation is currently leased!""],""@context"":[""https://w3id.org/tractusx/auth/v1.0.0"",""https://w3id.org/catenax/2025/9/policy/context.js"
2f4f2396-3a84-4498-ae96-59bf7956cb86,PROVIDER,1200,1,did:web:ssi-dim-wallet-service.identity:BPNL00000003AZQP,c031131a-e816-4555-b781-0f57c13b6a67,1791485378830,1791485560683,1791485560683,
4df9a85c-7402-4f39-8b57-8675150d4c5a,PROVIDER,1400,1,did:web:ssi-dim-wallet-service.identity:BPNL00000003AZQP,,1791485378934,1791485384168,1791485384168,"Failed to send agreement to consumer: {""@type"":""ContractNegotiationError"",""code"":""409"",""reason"":[""Entity adafc09a-9b0b-42e2-b5e0-084084f63504 of kind edc_contract_negotiation is currently leased!""],""@context"":[""https://w3id.org/tractusx/auth/v1.0.0"",""https://w3id.org/catenax/2025/9/policy/context.js"
34e6d4a8-7014-4585-a643-7b52af5022c6,PROVIDER,1200,1,did:web:ssi-dim-wallet-service.identity:BPNL00000003AZQP,38835abd-e490-4ad3-a905-4965f27285fa,1791485379232,1791485561368,1791485561368,
7863d608-ab96-4c2d-b6c2-6f1710f064dd,PROVIDER,1400,1,did:web:ssi-dim-wallet-service.identity:BPNL00000003AZQP,,1791485379342,1791485381618,1791485381618,"Failed to send agreement to consumer: {""@type"":""ContractNegotiationError"",""code"":""409"",""reason"":[""Entity b600db2b-2321-4155-8ec7-9c06600e59ee of kind edc_contract_negotiation is currently leased!""],""@context"":[""https://w3id.org/tractusx/auth/v1.0.0"",""https://w3id.org/catenax/2025/9/policy/context.js"
0492f8df-3116-4572-b289-327dcf347940,PROVIDER,1200,1,did:web:ssi-dim-wallet-service.identity:BPNL00000003AZQP,28927811-6e41-421d-829f-6bf154c8d4af,1791485379544,1791485560871,1791485560871,
ebcf9abd-c2dc-4772-865c-e58ee22b2ded,PROVIDER,1400,1,did:web:ssi-dim-wallet-service.identity:BPNL00000003AZQP,,1791485379642,1791485386505,1791485386505,"Failed to send agreement to consumer: {""@type"":""ContractNegotiationError"",""code"":""409"",""reason"":[""Entity 17f071b9-3818-49a0-a691-4cbcc95419b4 of kind edc_contract_negotiation is currently leased!""],""@context"":[""https://w3id.org/tractusx/auth/v1.0.0"",""https://w3id.org/catenax/2025/9/policy/context.js"
4ea528af-bcc2-4cab-9419-684146d3d7c3,PROVIDER,1400,1,did:web:ssi-dim-wallet-service.identity:BPNL00000003AZQP,,1791485380040,1791485388178,1791485388178,"Failed to send agreement to consumer: {""@type"":""ContractNegotiationError"",""code"":""409"",""reason"":[""Entity b71234e1-b460-4c80-bd06-6afc7e2a32b3 of kind edc_contract_negotiation is currently leased!""],""@context"":[""https://w3id.org/tractusx/auth/v1.0.0"",""https://w3id.org/catenax/2025/9/policy/context.js"
06bcf281-684b-42b3-b914-9da5e1b78763,PROVIDER,1200,1,did:web:ssi-dim-wallet-service.identity:BPNL00000003AZQP,52db40f4-2744-4abe-870d-4c55098918e9,1791485381037,1791485561288,1791485561288,
84a172c1-bd35-4fae-973f-d8dbd1296f1b,PROVIDER,1200,1,did:web:ssi-dim-wallet-service.identity:BPNL00000003AZQP,d0cd03e0-d3a4-489e-bc02-458a22e15829,1791485381640,1791485561384,1791485561384,
85eb8401-0dce-4ee8-a1cf-23db0485e109,PROVIDER,1200,1,did:web:ssi-dim-wallet-service.identity:BPNL00000003AZQP,f9724ad8-c15b-4816-9381-86322b1813ca,1791485381840,1791485562569,1791485562569,
c5e37e29-f366-4b2d-a5ed-b36b09ca7010,PROVIDER,1200,1,did:web:ssi-dim-wallet-service.identity:BPNL00000003AZQP,7725d653-62c7-44b0-afe2-350c64daabfb,1791485382312,1791485562141,1791485562141,
76b3e7dd-596c-42f8-9ff8-a8a5d5e9cba7,PROVIDER,1200,1,did:web:ssi-dim-wallet-service.identity:BPNL00000003AZQP,450551be-d24b-4a30-8396-20d9f48dd190,1791485382592,1791485562278,1791485562278,
1ee2ca0a-c15c-4f3e-8074-cb9c45370c51,PROVIDER,1200,1,did:web:ssi-dim-wallet-service.identity:BPNL00000003AZQP,c7e54d8f-7ba0-4b5d-8433-260755624d01,1791485382693,1791485563442,1791485563442,
25023326-0aca-49ca-9e01-f530eda7ec76,PROVIDER,1200,1,did:web:ssi-dim-wallet-service.identity:BPNL00000003AZQP,fdeeb301-c6dd-472e-bfe0-0ba090ee3c60,1791485384350,1791485563368,1791485563368,
c4f64080-0042-473e-ad69-2856bd165ec1,PROVIDER,1200,1,did:web:ssi-dim-wallet-service.identity:BPNL00000003AZQP,965e923c-d262-40bf-a4c3-b9f046be1b81,1791485384508,1791485579173,1791485579173,
25776c37-78e9-4363-b51d-a47a478a35a1,PROVIDER,1200,1,did:web:ssi-dim-wallet-service.identity:BPNL00000003AZQP,09af0634-c298-44bc-8333-2d54c4ffacb9,1791485384540,1791485562334,1791485562334,
e71ae133-a98f-40b5-832c-4154635ceecf,PROVIDER,1200,1,did:web:ssi-dim-wallet-service.identity:BPNL00000003AZQP,fd096975-81e0-4a34-bc3b-7274b17444c7,1791485384925,1791485563281,1791485563281,
de8e6a69-f4b3-4820-b5f7-5515a9f8c868,PROVIDER,1200,1,did:web:ssi-dim-wallet-service.identity:BPNL00000003AZQP,ba4e81b2-1bca-4640-b226-8b5688b77d47,1791485385038,1791485563082,1791485563082,
8856f88d-2e7d-404d-9ed9-5d2444c3196d,PROVIDER,1200,1,did:web:ssi-dim-wallet-service.identity:BPNL00000003AZQP,8d293897-ac31-4b39-bb8b-cf53aa2ae9e7,1791485385139,1791485562891,1791485562891,
f856e159-de2c-4cfd-959f-bd6bbc96d2da,PROVIDER,1400,1,did:web:ssi-dim-wallet-service.identity:BPNL00000003AZQP,,1791485420737,1791485429625,1791485429625,"Failed to send agreement to consumer: {""@type"":""ContractNegotiationError"",""code"":""409"",""reason"":[""Entity 5371fcc0-7d6a-4c01-8d3a-fce216fb2a2a of kind edc_contract_negotiation is currently leased!""],""@context"":[""https://w3id.org/tractusx/auth/v1.0.0"",""https://w3id.org/catenax/2025/9/policy/context.js"
554f4f98-7bb4-4148-8325-cfbf868b83da,PROVIDER,1200,1,did:web:ssi-dim-wallet-service.identity:BPNL00000003AZQP,37b2ce06-1faa-4344-87b1-0477a2c49635,1791485420830,1791485579806,1791485579806,
6d4788c6-38a1-43ec-95cf-6fc218b428bd,PROVIDER,1200,1,did:web:ssi-dim-wallet-service.identity:BPNL00000003AZQP,610ba7ab-e37c-4a64-9a51-b6f34fe84e33,1791485421041,1791485579319,1791485579319,
42ac2f86-ff70-44f5-9348-1a277e70eec5,PROVIDER,1200,1,did:web:ssi-dim-wallet-service.identity:BPNL00000003AZQP,5b5671fc-4f11-4c3b-ac97-2bd9c7c15971,1791485421129,1791485579168,1791485579168,
af28be6c-cc28-440f-b37d-c5bf4bcb04c8,PROVIDER,1200,1,did:web:ssi-dim-wallet-service.identity:BPNL00000003AZQP,4cb6a4f2-fb42-484a-a500-d3c41cc6e388,1791485421226,1791485579269,1791485579269,
bd0e2d2e-002d-4925-a320-bd0ce69444bd,PROVIDER,1200,1,did:web:ssi-dim-wallet-service.identity:BPNL00000003AZQP,874f610c-c017-48a3-8c6b-7bcdd54313d6,1791485421443,1791485579581,1791485579581,
e310caac-5263-44d0-9b42-af64a9bf9dc9,PROVIDER,1200,1,did:web:ssi-dim-wallet-service.identity:BPNL00000003AZQP,3679ef37-a4c3-4802-b2bb-9caefaeaca78,1791485421640,1791485580788,1791485580788,
5e678ef6-bece-4711-bd33-59e5211a14ab,PROVIDER,1200,1,did:web:ssi-dim-wallet-service.identity:BPNL00000003AZQP,e39966b5-755e-4715-be58-a7ec98e6f431,1791485421649,1791485580006,1791485580006,
9b29beba-1b1b-4434-810e-56a4c2ae8ddd,PROVIDER,1200,1,did:web:ssi-dim-wallet-service.identity:BPNL00000003AZQP,c0192f75-08ea-45c9-a7e0-ddb9a5e01370,1791485421841,1791485580171,1791485580171,
2d33ad5d-9f69-4960-a311-5bd49b489876,PROVIDER,1200,1,did:web:ssi-dim-wallet-service.identity:BPNL00000003AZQP,3fbc73ae-3664-488f-a0f1-2e146f604af1,1791485422923,1791485581075,1791485581075,
d08ac417-3bba-4a97-a127-03770726e2da,PROVIDER,1200,1,did:web:ssi-dim-wallet-service.identity:BPNL00000003AZQP,4387051d-a837-4c12-a7b6-0a1c8f376269,1791485424090,1791485581469,1791485581469,
0ad2e27e-fd72-409a-9714-289215154721,PROVIDER,1200,1,did:web:ssi-dim-wallet-service.identity:BPNL00000003AZQP,505bede3-79b0-479c-84aa-ad532681df4c,1791485424203,1791485580205,1791485580205,
6242f536-f83d-4b2c-8a47-6d0d083de0c5,PROVIDER,1200,1,did:web:ssi-dim-wallet-service.identity:BPNL00000003AZQP,e1849b79-08e3-41a2-9c17-6890448cd73f,1791485424448,1791485580968,1791485580968,
0b67b588-825e-488a-84fc-c6c981525d5f,PROVIDER,1200,1,did:web:ssi-dim-wallet-service.identity:BPNL00000003AZQP,a8b3e0dd-8536-4f69-970b-6e4855e3fa2e,1791485424580,1791485582176,1791485582176,
330005bc-88aa-4292-8e55-427ee45d9d74,PROVIDER,1200,1,did:web:ssi-dim-wallet-service.identity:BPNL00000003AZQP,3d0a155d-843d-4047-8276-471f4232e4b7,1791485426236,1791485581471,1791485581471,
47a0f1b4-bc5c-48c5-b3b1-681f721e4d43,PROVIDER,1200,1,did:web:ssi-dim-wallet-service.identity:BPNL00000003AZQP,73e3d075-8c95-48bd-b615-d0166cf6d173,1791485426504,1791485581480,1791485581480,
d44083bb-61ee-46f1-93fb-792d80f20e2f,PROVIDER,1200,1,did:web:ssi-dim-wallet-service.identity:BPNL00000003AZQP,d34eef41-658a-4ab1-8740-72044b80d44c,1791485426604,1791485580834,1791485580834,
39a692db-a4ce-4ffc-9368-34e5fe406af9,PROVIDER,1200,1,did:web:ssi-dim-wallet-service.identity:BPNL00000003AZQP,239d2bd1-1304-44d6-9d70-e7ba67c567a1,1791485426745,1791485581069,1791485581069,
ed8923b6-f84e-4396-949f-d7714ce231c8,PROVIDER,1200,1,did:web:ssi-dim-wallet-service.identity:BPNL00000003AZQP,eddc4570-2e18-49e6-b2f3-7f6cf6e5d1a5,1791485428145,1791485582035,1791485582035,
ff264a21-86b3-4ed0-9bc1-ae14827c74bb,PROVIDER,1400,1,did:web:ssi-dim-wallet-service.identity:BPNL00000003AZQP,,1791485428319,1791485437827,1791485437827,"Failed to send agreement to consumer: {""@type"":""ContractNegotiationError"",""code"":""409"",""reason"":[""Entity bf9cb361-a1d3-4f02-a52f-24fb0bb6f386 of kind edc_contract_negotiation is currently leased!""],""@context"":[""https://w3id.org/tractusx/auth/v1.0.0"",""https://w3id.org/catenax/2025/9/policy/context.js"
3c2197f1-568f-43ca-ad5c-ac5ed9a497df,PROVIDER,1200,1,did:web:ssi-dim-wallet-service.identity:BPNL00000003AZQP,8f265952-2797-4f05-9162-e6a1b0a55433,1791485454500,1791485593868,1791485593868,
b1810701-5cf2-429a-9223-6c1c45c524d7,PROVIDER,1400,1,did:web:ssi-dim-wallet-service.identity:BPNL00000003AZQP,,1791485454527,1791485458706,1791485458706,"Failed to send agreement to consumer: {""@type"":""ContractNegotiationError"",""code"":""409"",""reason"":[""Entity e35b5a87-2166-4db0-a0f6-c34dc817f374 of kind edc_contract_negotiation is currently leased!""],""@context"":[""https://w3id.org/tractusx/auth/v1.0.0"",""https://w3id.org/catenax/2025/9/policy/context.js"
191b3e92-fa2b-41c1-82d8-4792f9f75418,PROVIDER,1400,1,did:web:ssi-dim-wallet-service.identity:BPNL00000003AZQP,,1791485454535,1791485458109,1791485458109,"Failed to send termination to counter party: {""@type"":""ContractNegotiationError"",""code"":""409"",""reason"":[""Entity 70f333a3-3977-4df8-a772-ea1a3ffd6223 of kind edc_contract_negotiation is currently leased!""],""@context"":[""https://w3id.org/tractusx/auth/v1.0.0"",""https://w3id.org/catenax/2025/9/policy/con"
ce395bcb-934a-4280-b68d-1509f3a9d631,PROVIDER,1200,1,did:web:ssi-dim-wallet-service.identity:BPNL00000003AZQP,c607aaa7-d02f-4182-bc56-3f64da0cb0a8,1791485454557,1791485581568,1791485581568,
f694655b-4714-4ef0-8887-1cf9eb86db97,PROVIDER,1400,1,did:web:ssi-dim-wallet-service.identity:BPNL00000003AZQP,,1791485454569,1791485457807,1791485457807,"Failed to send agreement to consumer: {""@type"":""ContractNegotiationError"",""code"":""409"",""reason"":[""Entity e7bce294-e8fd-41da-8f9a-aadb74aabba4 of kind edc_contract_negotiation is currently leased!""],""@context"":[""https://w3id.org/tractusx/auth/v1.0.0"",""https://w3id.org/catenax/2025/9/policy/context.js"
399aa95f-16c9-4efd-b6fd-9731c9cf92be,PROVIDER,1200,1,did:web:ssi-dim-wallet-service.identity:BPNL00000003AZQP,7bd41555-9482-4e40-8e4e-931b690a6544,1791485454824,1791485593576,1791485593576,
2f61622d-dafa-4ee3-b50e-fb1d073a7f1b,PROVIDER,1400,1,did:web:ssi-dim-wallet-service.identity:BPNL00000003AZQP,,1791485457203,1791485461405,1791485461405,"Failed to send agreement to consumer: {""@type"":""ContractNegotiationError"",""code"":""409"",""reason"":[""Entity 0ec5a295-d726-4d79-91c1-fbecbf68b943 of kind edc_contract_negotiation is currently leased!""],""@context"":[""https://w3id.org/tractusx/auth/v1.0.0"",""https://w3id.org/catenax/2025/9/policy/context.js"
7800c841-a0c1-4cd2-937a-167b96a1e849,PROVIDER,1400,1,did:web:ssi-dim-wallet-service.identity:BPNL00000003AZQP,38c1e460-da46-475c-bfb7-753c944898d7,1791485457343,1791485597376,1791485597376,"Failed to send finalization to consumer: {""@type"":""ContractNegotiationError"",""code"":""409"",""reason"":[""Cannot process ContractNegotiationEventMessage because negotiation cannot be finalized""],""@context"":[""https://w3id.org/tractusx/auth/v1.0.0"",""https://w3id.org/catenax/2025/9/policy/context.jsonld"",""h"
7cda784f-4ad4-4d36-afc5-60644263f0af,PROVIDER,1200,1,did:web:ssi-dim-wallet-service.identity:BPNL00000003AZQP,5bc3f1bc-b57c-44e6-a1b0-f5ea41a662ac,1791485457434,1791485594143,1791485594143,
ef8c0dd1-4e3f-4541-88e5-0d07c9796358,PROVIDER,1200,1,did:web:ssi-dim-wallet-service.identity:BPNL00000003AZQP,d2bc632c-bd02-44a1-883a-783e1868c6dd,1791485458403,1791485593794,1791485593794,
ccd11095-1e4d-4bd6-b092-034ab80a4361,PROVIDER,1200,1,did:web:ssi-dim-wallet-service.identity:BPNL00000003AZQP,a1d33e05-2873-4212-ac4d-5ac5a5b9b129,1791485458541,1791485596308,1791485596308,
9e775a53-e699-4ca7-8e0b-5ed400707b1a,PROVIDER,1400,1,did:web:ssi-dim-wallet-service.identity:BPNL00000003AZQP,,1791485459142,1791485461678,1791485461678,"Failed to send termination to counter party: {""@type"":""ContractNegotiationError"",""code"":""409"",""reason"":[""Entity bb797e72-1461-4417-93dc-e0b4b7c25c15 of kind edc_contract_negotiation is currently leased!""],""@context"":[""https://w3id.org/tractusx/auth/v1.0.0"",""https://w3id.org/catenax/2025/9/policy/con"
7fef70d5-0d14-4693-9236-bff5e7f937a6,PROVIDER,1200,1,did:web:ssi-dim-wallet-service.identity:BPNL00000003AZQP,4f170ea8-4138-43e1-9a47-cffe237411ff,1791485459336,1791485596668,1791485596668,
e3520a63-cb99-4ae7-aaad-bdf966ab78b3,PROVIDER,1200,1,did:web:ssi-dim-wallet-service.identity:BPNL00000003AZQP,eddbce46-928a-48ff-a258-eb527d5e4968,1791485459643,1791485596880,1791485596880,
c0a0fca4-137c-4ca4-aaf5-ace286a70a79,PROVIDER,1400,1,did:web:ssi-dim-wallet-service.identity:BPNL00000003AZQP,,1791485460040,1791485470426,1791485470426,"Failed to send agreement to consumer: {""@type"":""ContractNegotiationError"",""code"":""409"",""reason"":[""Entity b87d9047-1c66-4fd0-85e7-02abdd4406dc of kind edc_contract_negotiation is currently leased!""],""@context"":[""https://w3id.org/tractusx/auth/v1.0.0"",""https://w3id.org/catenax/2025/9/policy/context.js"
58992bdf-3fcb-4c5a-86e7-9e8e68c7f166,PROVIDER,1200,1,did:web:ssi-dim-wallet-service.identity:BPNL00000003AZQP,02fcaae5-5a8a-4796-adf0-d8a35e730ce6,1791485461136,1791485596891,1791485596891,
95a8b1b2-d578-4f37-93a4-4393a7dabf1a,PROVIDER,1200,1,did:web:ssi-dim-wallet-service.identity:BPNL00000003AZQP,f350d688-2fdc-4900-bb14-7f042e66f4f7,1791485461141,1791485597069,1791485597069,
b1d050b8-87e0-4eb3-aed4-3afcd853148a,PROVIDER,1200,1,did:web:ssi-dim-wallet-service.identity:BPNL00000003AZQP,9fcb72eb-5030-419b-9250-02e04d12d6b2,1791485461435,1791485596868,1791485596868,
19639e53-33fb-4d89-b992-acdd83cf8f3f,PROVIDER,1200,1,did:web:ssi-dim-wallet-service.identity:BPNL00000003AZQP,ad532798-91f3-4ee2-8a68-eb2c27803e5a,1791485461748,1791485597187,1791485597187,
cf04116c-3433-4fad-b6f3-2988970da0ec,PROVIDER,1200,1,did:web:ssi-dim-wallet-service.identity:BPNL00000003AZQP,348c8828-3460-4978-abef-f4b3146ae859,1791485462240,1791485597187,1791485597187,
59f1d10d-e224-41b2-86e5-ee36d949968f,PROVIDER,1200,1,did:web:ssi-dim-wallet-service.identity:BPNL00000003AZQP,258668ed-5ac2-49db-8a1e-263620ed4c0e,1791485493696,1791485597669,1791485597669,
7a467468-24a6-47b3-a704-79a4693fa128,PROVIDER,1200,1,did:web:ssi-dim-wallet-service.identity:BPNL00000003AZQP,476854b8-bbbf-4072-a76f-8d2d974fe31c,1791485493703,1791485597740,1791485597740,
99c3cd57-27c6-4ec3-8667-ee56a46824c7,PROVIDER,1400,1,did:web:ssi-dim-wallet-service.identity:BPNL00000003AZQP,,1791485493714,1791485499197,1791485499197,"Failed to send agreement to consumer: {""@type"":""ContractNegotiationError"",""code"":""409"",""reason"":[""Entity 3b107a10-287c-4e9d-893f-5bc759f9addd of kind edc_contract_negotiation is currently leased!""],""@context"":[""https://w3id.org/tractusx/auth/v1.0.0"",""https://w3id.org/catenax/2025/9/policy/context.js"
c03df71a-f2ae-4d4e-a916-d47e00673ee6,PROVIDER,1200,1,did:web:ssi-dim-wallet-service.identity:BPNL00000003AZQP,a21d0a01-43b7-4247-9cda-098b24c7dff3,1791485493719,1791485597681,1791485597681,
ad075677-109a-474f-b4df-7460890bd281,PROVIDER,1400,1,did:web:ssi-dim-wallet-service.identity:BPNL00000003AZQP,,1791485493735,1791485499985,1791485499985,"Failed to send agreement to consumer: {""@type"":""ContractNegotiationError"",""code"":""409"",""reason"":[""Entity d3082f0d-e7f5-4b7b-9136-7b90a527775c of kind edc_contract_negotiation is currently leased!""],""@context"":[""https://w3id.org/tractusx/auth/v1.0.0"",""https://w3id.org/catenax/2025/9/policy/context.js"
bf4d6c06-d7f7-49a3-874c-67f7f27ecfbb,PROVIDER,1200,1,did:web:ssi-dim-wallet-service.identity:BPNL00000003AZQP,6dd2edc7-1a52-4938-b580-85903904890a,1791485494724,1791485598006,1791485598006,
2ff1ff05-3901-410a-8dd4-f619ab37f1b2,PROVIDER,1200,1,did:web:ssi-dim-wallet-service.identity:BPNL00000003AZQP,97336a00-64c7-4eee-9d86-f3fd5ae938e8,1791485494786,1791485597668,1791485597668,
d048cbe6-14f0-4165-ac08-ded7f351c436,PROVIDER,1200,1,did:web:ssi-dim-wallet-service.identity:BPNL00000003AZQP,d53485c1-1521-4ac3-a933-63684a2d0486,1791485495360,1791485598073,1791485598073,
42e0f9da-3e86-4a97-b570-a0f9e5d09e59,PROVIDER,1200,1,did:web:ssi-dim-wallet-service.identity:BPNL00000003AZQP,6c9bb695-7b91-4b6d-af57-a944a721ba01,1791485495440,1791485598697,1791485598697,
696ba743-0e3c-4884-936d-67c90e381256,PROVIDER,1200,1,did:web:ssi-dim-wallet-service.identity:BPNL00000003AZQP,a25ec5bf-7dad-4805-92b7-959170354f0f,1791485495550,1791485607635,1791485607635,
34b1a7f3-995e-4869-b43d-d3693a14d473,PROVIDER,1200,1,did:web:ssi-dim-wallet-service.identity:BPNL00000003AZQP,da01ad59-479d-4c40-bafd-ca22b6933aec,1791485495646,1791485607669,1791485607669,
5e314d0d-5367-454a-8099-61c10d3f644a,PROVIDER,1200,1,did:web:ssi-dim-wallet-service.identity:BPNL00000003AZQP,b2f797de-b294-4227-a485-c2d425616fda,1791485495741,1791485608276,1791485608276,
130c43ac-18c0-4e64-8414-d99ca975a558,PROVIDER,1200,1,did:web:ssi-dim-wallet-service.identity:BPNL00000003AZQP,ee44a32a-ac57-40fd-830a-ffceefece44d,1791485496636,1791485609582,1791485609582,
c018ffd5-ca72-49fc-afe2-498d2e0b962e,PROVIDER,1200,1,did:web:ssi-dim-wallet-service.identity:BPNL00000003AZQP,b430a898-ef10-4e9c-b05e-5d6aae07d02e,1791485496842,1791485607577,1791485607577,
f0c176c9-43c8-4eac-a6af-8c49fa64a36c,PROVIDER,1200,1,did:web:ssi-dim-wallet-service.identity:BPNL00000003AZQP,b7892b9e-b5ef-4bee-b189-11730a70d3a6,1791485496845,1791485607670,1791485607670,
59cfb681-8be0-425b-903a-192ea71309a5,PROVIDER,1200,1,did:web:ssi-dim-wallet-service.identity:BPNL00000003AZQP,4a14c7bb-976a-4e0c-83cd-d5410d0f07f3,1791485497149,1791485607906,1791485607906,
565528aa-a1a9-4b65-a225-9718ce76829c,PROVIDER,1200,1,did:web:ssi-dim-wallet-service.identity:BPNL00000003AZQP,265bab02-cd9b-45c4-b872-6da631f1638b,1791485497205,1791485608578,1791485608578,
7dcb2706-56e0-4d80-b4f6-1fbc684c42de,PROVIDER,1200,1,did:web:ssi-dim-wallet-service.identity:BPNL00000003AZQP,35152d21-a7b9-479e-94a2-9d5bc97120fa,1791485497804,1791485608284,1791485608284,
81d1f7d6-4554-4271-9977-688dff07c134,PROVIDER,1200,1,did:web:ssi-dim-wallet-service.identity:BPNL00000003AZQP,7010955b-fec8-461e-806b-cb77449c5692,1791485498804,1791485609526,1791485609526,
13bdd07d-a98f-4ace-8926-87c7b50ad65d,PROVIDER,1200,1,did:web:ssi-dim-wallet-service.identity:BPNL00000003AZQP,9b5a8a4c-a584-423a-82dc-13121b3d8c66,1791485498836,1791485608570,1791485608570,
02d188dc-bb9c-4503-b653-b64ff006196c,PROVIDER,1200,1,did:web:ssi-dim-wallet-service.identity:BPNL00000003AZQP,f8381ef4-7e54-4c9f-aeec-fa94927a113f,1791485520035,1791485609632,1791485609632,
ecf174de-eadc-4287-a33c-1c05bd327222,PROVIDER,1400,1,did:web:ssi-dim-wallet-service.identity:BPNL00000003AZQP,,1791485520126,1791485524305,1791485524305,"Failed to send agreement to consumer: {""@type"":""ContractNegotiationError"",""code"":""409"",""reason"":[""Entity 58f71a64-b7fd-470b-8e6d-7c5cc4dc7631 of kind edc_contract_negotiation is currently leased!""],""@context"":[""https://w3id.org/tractusx/auth/v1.0.0"",""https://w3id.org/catenax/2025/9/policy/context.js"
cb08231c-c2f9-4863-aff4-25cdc314f45a,PROVIDER,1200,1,did:web:ssi-dim-wallet-service.identity:BPNL00000003AZQP,3e406780-975a-4aec-97a0-6afd8cb1e694,1791485520323,1791485609783,1791485609783,
a9da52bc-5c51-4d33-b49b-ac37b31abbff,PROVIDER,1200,1,did:web:ssi-dim-wallet-service.identity:BPNL00000003AZQP,8bbb02bc-f319-4728-87bf-a899d1b06bbd,1791485520643,1791485610078,1791485610078,
3378d52c-824a-4d70-8885-45743c3d4275,PROVIDER,1200,1,did:web:ssi-dim-wallet-service.identity:BPNL00000003AZQP,aea2fdb7-dbd6-4e58-8739-eb7c4172939b,1791485520741,1791485609582,1791485609582,
e231bfa2-b026-4972-850c-0231b2bb54b9,PROVIDER,1400,1,did:web:ssi-dim-wallet-service.identity:BPNL00000003AZQP,,1791485520845,1791485525707,1791485525707,"Failed to send agreement to consumer: {""@type"":""ContractNegotiationError"",""code"":""409"",""reason"":[""Entity 947952a5-e6d9-4c7c-a3be-303d7f210a8e of kind edc_contract_negotiation is currently leased!""],""@context"":[""https://w3id.org/tractusx/auth/v1.0.0"",""https://w3id.org/catenax/2025/9/policy/context.js"
b7d11528-0215-4f9e-a996-277d94bfa258,PROVIDER,1200,1,did:web:ssi-dim-wallet-service.identity:BPNL00000003AZQP,34733970-d18b-415f-aad1-d404139a8493,1791485521141,1791485610370,1791485610370,
5a03af01-2dbe-47b8-b381-b8eff9876e4b,PROVIDER,1200,1,did:web:ssi-dim-wallet-service.identity:BPNL00000003AZQP,911406f8-d4c1-4c33-9d94-26883ba85ce2,1791485521240,1791485610068,1791485610068,
1b8077ca-05b7-4532-8c92-d85ec70e7216,PROVIDER,1200,1,did:web:ssi-dim-wallet-service.identity:BPNL00000003AZQP,0c948cee-fb06-49a9-932f-3a00873c4390,1791485521443,1791485610084,1791485610084,
36df5026-9d23-415a-90d1-615fa903d85f,PROVIDER,1200,1,did:web:ssi-dim-wallet-service.identity:BPNL00000003AZQP,ccd0e073-8b06-473f-a2b4-bbc42667aec2,1791485521540,1791485609968,1791485609968,
9457ec28-3c6c-464b-b034-bea02b4d218f,PROVIDER,1200,1,did:web:ssi-dim-wallet-service.identity:BPNL00000003AZQP,d256e112-82c8-43fa-8f6a-0026ab5f19dc,1791485521640,1791485610476,1791485610476,
4f6c2de5-2a41-4b76-bf24-4d99f9335e8b,PROVIDER,1200,1,did:web:ssi-dim-wallet-service.identity:BPNL00000003AZQP,2ac7ce0d-5d46-462e-9ed0-98a7344cfa52,1791485521825,1791485619668,1791485619668,
c73beb6c-9195-44ba-a17b-0a96579129cd,PROVIDER,1200,1,did:web:ssi-dim-wallet-service.identity:BPNL00000003AZQP,192dd639-0102-4ba4-a8ef-a9c12b548720,1791485521938,1791485619579,1791485619579,
ce7d54f0-59f2-4eb0-9978-846d86717b02,PROVIDER,1200,1,did:web:ssi-dim-wallet-service.identity:BPNL00000003AZQP,7775e56d-33e7-464a-9c93-4f5f2c054421,1791485522180,1791485619668,1791485619668,
84a7206b-5833-40a9-a97e-fcd1a111396e,PROVIDER,1200,1,did:web:ssi-dim-wallet-service.identity:BPNL00000003AZQP,1853a111-982c-4623-a84d-9cb0a885e9da,1791485522736,1791485619578,1791485619578,
754606ee-c2fe-45c2-b42e-8a66f360d188,PROVIDER,1200,1,did:web:ssi-dim-wallet-service.identity:BPNL00000003AZQP,18446d14-d829-4ee7-bfed-763180342fc4,1791485522742,1791485620270,1791485620270,
d0638f84-26ef-43df-9e37-b826851f9be8,PROVIDER,1200,1,did:web:ssi-dim-wallet-service.identity:BPNL00000003AZQP,f92838b3-9666-4cfb-8be8-b50e2faab479,1791485522934,1791485619969,1791485619969,
d2d1ee55-e2c4-41fc-91df-185fb138e691,PROVIDER,1200,1,did:web:ssi-dim-wallet-service.identity:BPNL00000003AZQP,7641e2d7-0a1f-4e4a-a202-364b4996c8f5,1791485522943,1791485619882,1791485619882,
0c34cc43-f516-4c2f-8b65-8f31b97e4cac,PROVIDER,1200,1,did:web:ssi-dim-wallet-service.identity:BPNL00000003AZQP,c1f7abd8-45b6-4e73-8e56-6a19e71d26c1,1791485523893,1791485620576,1791485620576,
78e34984-4710-4831-ab3a-55551be1aa3b,PROVIDER,1200,1,did:web:ssi-dim-wallet-service.identity:BPNL00000003AZQP,3f396681-ffec-4239-94b5-2b3fcfd3a674,1791485524324,1791485619682,1791485619682,
0757488e-c50a-4e50-891e-f71b68db4233,PROVIDER,1400,1,did:web:ssi-dim-wallet-service.identity:BPNL00000003AZQP,,1791485545746,1791485549969,1791485549969,"Failed to send agreement to consumer: {""@type"":""ContractNegotiationError"",""code"":""409"",""reason"":[""Entity 50d10bbb-8b59-49a0-9935-9dab6c633044 of kind edc_contract_negotiation is currently leased!""],""@context"":[""https://w3id.org/tractusx/auth/v1.0.0"",""https://w3id.org/catenax/2025/9/policy/context.js"
a58f947c-e6ab-4009-90e5-43fee056da71,PROVIDER,1400,1,did:web:ssi-dim-wallet-service.identity:BPNL00000003AZQP,,1791485545934,1791485549768,1791485549768,"Failed to send agreement to consumer: {""@type"":""ContractNegotiationError"",""code"":""409"",""reason"":[""Entity ba50ff7c-ed3f-4032-a846-54fd32ee0d69 of kind edc_contract_negotiation is currently leased!""],""@context"":[""https://w3id.org/tractusx/auth/v1.0.0"",""https://w3id.org/catenax/2025/9/policy/context.js"
62a7da1d-589e-4086-9485-6a9a36f291ac,PROVIDER,1200,1,did:web:ssi-dim-wallet-service.identity:BPNL00000003AZQP,15f9220d-1ecf-40a4-a43c-43c2a88b3b4b,1791485546041,1791485622636,1791485622636,
387c2b3f-305d-4633-ab17-68bd4ce38022,PROVIDER,1400,1,did:web:ssi-dim-wallet-service.identity:BPNL00000003AZQP,,1791485546238,1791485548926,1791485548926,"Failed to send termination to counter party: {""@type"":""ContractNegotiationError"",""code"":""409"",""reason"":[""Entity ede85439-9ba7-48aa-b783-f1511d06a40b of kind edc_contract_negotiation is currently leased!""],""@context"":[""https://w3id.org/tractusx/auth/v1.0.0"",""https://w3id.org/catenax/2025/9/policy/con"
4161ac52-a764-40be-8af0-b0dcec31a1e5,PROVIDER,1400,1,did:web:ssi-dim-wallet-service.identity:BPNL00000003AZQP,,1791485546515,1791485549590,1791485549590,"Failed to send agreement to consumer: {""@type"":""ContractNegotiationError"",""code"":""409"",""reason"":[""Entity 58d0ad6b-4852-43c9-8ddc-8b7545d496a3 of kind edc_contract_negotiation is currently leased!""],""@context"":[""https://w3id.org/tractusx/auth/v1.0.0"",""https://w3id.org/catenax/2025/9/policy/context.js"
307ea952-e864-4817-a146-8c772f9c94d9,PROVIDER,1200,1,did:web:ssi-dim-wallet-service.identity:BPNL00000003AZQP,c78dd515-9164-4a06-a924-7308e05d752d,1791485546623,1791485622134,1791485622134,
d62fecf1-312d-4a29-b5b1-1966ac04ca66,PROVIDER,1200,1,did:web:ssi-dim-wallet-service.identity:BPNL00000003AZQP,d0715118-1db2-4db9-bf42-bceaa7ee2241,1791485547028,1791485622475,1791485622475,
affd26dc-25e8-4212-bec0-892add2b648d,PROVIDER,1200,1,did:web:ssi-dim-wallet-service.identity:BPNL00000003AZQP,76e7f92f-9e1f-4b62-b783-676ed2c85554,1791485547404,1791485622169,1791485622169,
405d44b2-3a59-4926-b8f1-66ca23341e92,PROVIDER,1200,1,did:web:ssi-dim-wallet-service.identity:BPNL00000003AZQP,9c4e79c8-d0a7-434d-bf71-7b91ec2ae3cf,1791485547527,1791485622377,1791485622377,
d6c799b2-1e37-46da-afc2-bfdef309ce47,PROVIDER,1200,1,did:web:ssi-dim-wallet-service.identity:BPNL00000003AZQP,59798dec-5964-43cf-b7ce-50353c78e7da,1791485547828,1791485622968,1791485622968,
c285b53a-964b-419f-8432-090e16e890fc,PROVIDER,1200,1,did:web:ssi-dim-wallet-service.identity:BPNL00000003AZQP,3afc800e-2740-4cec-bd9a-d0f417e5a866,1791485548112,1791485622778,1791485622778,
fc045d6f-69f9-441c-acf0-30b8ab2abcb2,PROVIDER,1200,1,did:web:ssi-dim-wallet-service.identity:BPNL00000003AZQP,fc2aa024-c593-4eaf-a168-8fe659c9bc50,1791485549040,1791485623269,1791485623269,
59f1b655-c163-46e0-9d36-51e9d1a070d1,PROVIDER,1200,1,did:web:ssi-dim-wallet-service.identity:BPNL00000003AZQP,20b539e5-0dc4-4cb1-8fb4-fa4ea27d14ad,1791485549044,1791485623068,1791485623068,
bb8e3795-6247-4426-a97c-74032d3baeb9,PROVIDER,1200,1,did:web:ssi-dim-wallet-service.identity:BPNL00000003AZQP,02e3e525-aa14-4264-b6fb-fb9b9e1f0d4d,1791485549146,1791485623296,1791485623296,
ab6c4716-f781-4f53-81dc-8b39b413acfd,PROVIDER,1200,1,did:web:ssi-dim-wallet-service.identity:BPNL00000003AZQP,ca75648f-d06b-47d0-b7fe-363a5d9e55fc,1791485549148,1791485631369,1791485631369,
bd0e580f-4d96-4218-b836-83c618176031,PROVIDER,1200,1,did:web:ssi-dim-wallet-service.identity:BPNL00000003AZQP,b2c07b8a-5c98-4e4e-8a82-373708eeed8b,1791485549344,1791485631235,1791485631235,
be2493ee-273d-42d3-b8d9-a332b72a1f79,PROVIDER,1200,1,did:web:ssi-dim-wallet-service.identity:BPNL00000003AZQP,fe3470d9-8b65-46e7-85e0-9d436df9fb5f,1791485549348,1791485623134,1791485623134,
70b93415-5706-4684-b573-9c2a31164be9,PROVIDER,1200,1,did:web:ssi-dim-wallet-service.identity:BPNL00000003AZQP,bae985f7-d02d-4601-bf84-a1309840c869,1791485549439,1791485632775,1791485632775,
871f6b92-11f7-43ed-afd5-350ed8291e7b,PROVIDER,1200,1,did:web:ssi-dim-wallet-service.identity:BPNL00000003AZQP,8c776c86-27ba-4aa2-8b53-52f39a372901,1791485549635,1791485632968,1791485632968,
fa6d3d8c-4c04-435a-832a-213ab740722a,PROVIDER,1200,1,did:web:ssi-dim-wallet-service.identity:BPNL00000003AZQP,ecc4ef23-1fdf-4e6e-a1de-1e62b7ec0443,1791485550105,1791485632768,1791485632768,
13776db2-e72d-4df5-bc05-b9bde76840c9,PROVIDER,1200,1,did:web:ssi-dim-wallet-service.identity:BPNL00000003AZQP,ccb9afc6-a551-47bd-801c-55a80a65e525,1791485566544,1791485633668,1791485633668,
72de65df-382e-48f5-9c9e-3ea4ea92e31a,PROVIDER,1200,1,did:web:ssi-dim-wallet-service.identity:BPNL00000003AZQP,db51266b-5c50-418e-a1d0-177177556b07,1791485566642,1791485634283,1791485634283,
411cb42e-6e5c-46aa-9bcf-95927027ffb8,PROVIDER,1200,1,did:web:ssi-dim-wallet-service.identity:BPNL00000003AZQP,cf58bd21-7be2-4d82-ab93-f4f9cf02ecd5,1791485566834,1791485633077,1791485633077,
3fde3c84-1d77-48e3-a05c-3d472ee47cd6,PROVIDER,1200,1,did:web:ssi-dim-wallet-service.identity:BPNL00000003AZQP,27835297-5cf3-4921-aa3e-5a06390fe0c1,1791485567043,1791485633271,1791485633271,
4478e4af-6569-46b2-a0da-0a0e48c668e0,PROVIDER,1200,1,did:web:ssi-dim-wallet-service.identity:BPNL00000003AZQP,5f79b18c-e6e5-459d-bffa-20982ed18d91,1791485567043,1791485634136,1791485634136,
66db3fda-6f85-4359-85aa-0822fddb3807,PROVIDER,1200,1,did:web:ssi-dim-wallet-service.identity:BPNL00000003AZQP,8ff0710a-e940-4d41-af42-bcf8f09357b4,1791485567245,1791485634178,1791485634178,
2166be33-6d28-407d-b141-5a5a759bd2f4,PROVIDER,1200,1,did:web:ssi-dim-wallet-service.identity:BPNL00000003AZQP,d3dd8ef4-8bc8-4eef-80e3-a5d5625992f2,1791485567434,1791485634535,1791485634535,
3bc29451-a060-4c2e-b8c6-67c239b4e0a7,PROVIDER,1200,1,did:web:ssi-dim-wallet-service.identity:BPNL00000003AZQP,b57762b4-0443-4f5f-b161-f1b14b1505a7,1791485567439,1791485634272,1791485634272,
fbae00b9-a715-43b7-9e7d-ca72c46429d4,PROVIDER,1200,1,did:web:ssi-dim-wallet-service.identity:BPNL00000003AZQP,56510f4f-b5fc-4801-8f25-b28efa675cba,1791485567636,1791485634480,1791485634480,
12e8493d-277c-4d31-a4ca-f2d97558dd73,PROVIDER,1200,1,did:web:ssi-dim-wallet-service.identity:BPNL00000003AZQP,027f16e3-3f17-4080-acd3-8b443ea58b98,1791485568135,1791485634772,1791485634772,
fbc6a866-405a-4b94-b62e-3887c86c60f1,PROVIDER,1200,1,did:web:ssi-dim-wallet-service.identity:BPNL00000003AZQP,fcdcc4bb-e06d-42ea-95d2-29173ec3bd97,1791485568410,1791485634882,1791485634882,
6645f56d-32cb-46e0-b6d1-7abf55caf643,PROVIDER,1200,1,did:web:ssi-dim-wallet-service.identity:BPNL00000003AZQP,f74cece9-1bdf-438f-b7bb-8fa284f38377,1791485568509,1791485634875,1791485634875,
1ae308c0-bc54-467e-9f97-722d7164e38b,PROVIDER,1200,1,did:web:ssi-dim-wallet-service.identity:BPNL00000003AZQP,cc6fc651-97ed-4edf-9906-feb6ed4787bc,1791485568635,1791485634935,1791485634935,
1b39ff87-49de-4fc3-a3bf-79c20b20276e,PROVIDER,1200,1,did:web:ssi-dim-wallet-service.identity:BPNL00000003AZQP,5761a6fd-488c-4736-a644-f6ece5d18df5,1791485568835,1791485635368,1791485635368,
230d5b8a-2b9d-43fb-965b-9187eae38ece,PROVIDER,1200,1,did:web:ssi-dim-wallet-service.identity:BPNL00000003AZQP,0c1763ab-8ffa-40a2-8d67-fa460c9014a6,1791485568905,1791485634969,1791485634969,
3e6d4090-4952-4971-9b7d-44fe330573b8,PROVIDER,1200,1,did:web:ssi-dim-wallet-service.identity:BPNL00000003AZQP,8651fa09-99d9-4262-8a3c-aa5506633130,1791485569248,1791485641681,1791485641681,
0b209082-cc9a-4930-b1f0-13d26bedbb31,PROVIDER,1200,1,did:web:ssi-dim-wallet-service.identity:BPNL00000003AZQP,85959ee3-22aa-4680-b807-7b7170a359e3,1791485569304,1791485644135,1791485644135,
5da5a53b-775a-4932-9576-69b7cb7943a6,PROVIDER,1200,1,did:web:ssi-dim-wallet-service.identity:BPNL00000003AZQP,e40e829a-24af-4fa6-a50f-a52759d96b93,1791485569440,1791485643642,1791485643642,
a3ab2645-2f97-420a-a996-04d1d4007db0,PROVIDER,1200,1,did:web:ssi-dim-wallet-service.identity:BPNL00000003AZQP,86176e8b-203c-4d09-bca9-aa15334bfb0d,1791485569707,1791485643970,1791485643970,
659f3bf4-ad6b-4b40-b591-3a3d915d63f3,PROVIDER,1200,1,did:web:ssi-dim-wallet-service.identity:BPNL00000003AZQP,a0f3a1b9-10aa-463a-bef2-069a5255c59c,1791485569741,1791485643968,1791485643968,
b6966729-723e-46d8-9cbd-2748ccf292f3,PROVIDER,1200,1,did:web:ssi-dim-wallet-service.identity:BPNL00000003AZQP,989e906a-e0f5-45b7-8023-b66f7b916085,1791485584629,1791485644034,1791485644034,
31a94353-d090-4a37-ae6a-5166d911e28f,PROVIDER,1400,1,did:web:ssi-dim-wallet-service.identity:BPNL00000003AZQP,,1791485584729,1791485586685,1791485586685,"Failed to send agreement to consumer: {""@type"":""ContractNegotiationError"",""code"":""409"",""reason"":[""Entity 0c66c7b8-254b-409e-9ba1-c1387e575ab5 of kind edc_contract_negotiation is currently leased!""],""@context"":[""https://w3id.org/tractusx/auth/v1.0.0"",""https://w3id.org/catenax/2025/9/policy/context.js"
b95ba91c-192f-490c-a270-222e511c96cb,PROVIDER,1200,1,did:web:ssi-dim-wallet-service.identity:BPNL00000003AZQP,c45e4c81-0d15-4bba-949a-73cf77dbf2df,1791485584828,1791485644644,1791485644644,
3f74435c-3ea5-49bc-8e8b-a78e43a008ef,PROVIDER,1400,1,did:web:ssi-dim-wallet-service.identity:BPNL00000003AZQP,,1791485584842,1791485590179,1791485590179,"Failed to send agreement to consumer: {""@type"":""ContractNegotiationError"",""code"":""409"",""reason"":[""Entity ed8806fd-311a-42b4-9d10-41807de7bd9b of kind edc_contract_negotiation is currently leased!""],""@context"":[""https://w3id.org/tractusx/auth/v1.0.0"",""https://w3id.org/catenax/2025/9/policy/context.js"
b2f6b40b-5476-4feb-a6fe-910631b69872,PROVIDER,1200,1,did:web:ssi-dim-wallet-service.identity:BPNL00000003AZQP,35e135a9-71a2-4cf7-9d2b-48c415851cf9,1791485584853,1791485644669,1791485644669,
5c14f530-230a-4c8b-9e9f-7f4beed0e4ef,PROVIDER,1200,1,did:web:ssi-dim-wallet-service.identity:BPNL00000003AZQP,8fb3c8f2-806c-4c40-ba74-bf53a8066c76,1791485585031,1791485644735,1791485644735,
8e882c29-8d45-4b46-879a-8dcc8d5887f8,PROVIDER,1200,1,did:web:ssi-dim-wallet-service.identity:BPNL00000003AZQP,f2eef554-5a6b-467a-b3a5-7f4b1f77bfa1,1791485585232,1791485645069,1791485645069,
98b40258-2c6c-4242-8577-ca04f5652df9,PROVIDER,1200,1,did:web:ssi-dim-wallet-service.identity:BPNL00000003AZQP,a5eb44c2-37b1-43a6-be7a-4cc7d409e2b4,1791485585233,1791485644644,1791485644644,
dd4b8080-68f8-4496-9893-dc50dc934ee6,PROVIDER,1200,1,did:web:ssi-dim-wallet-service.identity:BPNL00000003AZQP,de6150cc-0d28-41f7-89dc-50839fd60c62,1791485585326,1791485644434,1791485644434,
65da7ef8-d7de-4f4f-b7e9-cd388f8fd84c,PROVIDER,1200,1,did:web:ssi-dim-wallet-service.identity:BPNL00000003AZQP,2fca01a0-cbcf-4db6-bafe-947e98e4564b,1791485585525,1791485645370,1791485645370,
6e2f93ba-803f-4806-a2b8-4c76dcdb6b1c,PROVIDER,1200,1,did:web:ssi-dim-wallet-service.identity:BPNL00000003AZQP,e5fc9844-d239-4bda-b4a5-5384eca970d5,1791485585640,1791485645170,1791485645170,
34c2c621-8589-4790-830e-01b42f2b8f95,PROVIDER,1200,1,did:web:ssi-dim-wallet-service.identity:BPNL00000003AZQP,507a5993-81b8-4d5f-a6aa-61c1faed45f4,1791485585704,1791485645144,1791485645144,
8d593f48-b1b6-498f-909d-c155fd6402a6,PROVIDER,1200,1,did:web:ssi-dim-wallet-service.identity:BPNL00000003AZQP,b992be20-8ceb-4bb3-a1ec-aa4c5c820a6b,1791485586013,1791485645341,1791485645341,
279fda65-e803-456c-be16-16e463aad729,PROVIDER,1200,1,did:web:ssi-dim-wallet-service.identity:BPNL00000003AZQP,74314043-847a-402a-8dcf-30556ce463d3,1791485586135,1791485645034,1791485645034,
79554587-a1a0-426e-a1b4-24e2b33b366c,PROVIDER,1200,1,did:web:ssi-dim-wallet-service.identity:BPNL00000003AZQP,7b04fab6-567f-4388-9e35-38cb96a15f0a,1791485586241,1791485645679,1791485645679,
c3813d0e-878e-40a7-b81e-0d43dfe7bd93,PROVIDER,1200,1,did:web:ssi-dim-wallet-service.identity:BPNL00000003AZQP,9716d950-b089-46d8-8551-4aee4c18fdcf,1791485586442,1791485645476,1791485645476,
a6b2b081-056a-4834-a335-7faacdd2db11,PROVIDER,1200,1,did:web:ssi-dim-wallet-service.identity:BPNL00000003AZQP,230fd35f-c3d7-4f0e-8d0a-0c41365be133,1791485586543,1791485645536,1791485645536,
5cc54f99-8f3d-4149-b971-f7a5df7a4ede,PROVIDER,1200,1,did:web:ssi-dim-wallet-service.identity:BPNL00000003AZQP,df113ff9-973b-4409-be2f-d3daaf909c26,1791485586706,1791485652968,1791485652968,
8463c23b-7c42-42b5-a825-a6f2f0353eba,PROVIDER,1200,1,did:web:ssi-dim-wallet-service.identity:BPNL00000003AZQP,09bd561f-9f15-40c1-8a7e-3b2358adbca7,1791485587104,1791485652894,1791485652894,
e454be84-4c48-469a-99b4-12f7e607808e,PROVIDER,1200,1,did:web:ssi-dim-wallet-service.identity:BPNL00000003AZQP,c0525d91-d084-475c-ae58-517ff3ae3355,1791485587135,1791485653236,1791485653236,
ffd21439-02f4-47ad-ab0f-46a94fead41d,PROVIDER,1200,1,did:web:ssi-dim-wallet-service.identity:BPNL00000003AZQP,0b97c749-7b47-4348-a7bb-f43c7bd16e98,1791485598312,1791485653335,1791485653335,
ccd2d4e2-ff2a-4582-bd08-71d2a04be1b1,PROVIDER,1200,1,did:web:ssi-dim-wallet-service.identity:BPNL00000003AZQP,ba849944-2e3f-4a9c-a4f6-1e3629a93606,1791485598534,1791485653283,1791485653283,
243e096b-2e4b-4290-961c-0bd957ffcf51,PROVIDER,1200,1,did:web:ssi-dim-wallet-service.identity:BPNL00000003AZQP,864beb07-5ba1-42fe-9c32-ba62da349856,1791485598542,1791485653468,1791485653468,
62d33f31-c090-4356-8de2-4837c7a9756d,PROVIDER,1200,1,did:web:ssi-dim-wallet-service.identity:BPNL00000003AZQP,e4e4d7d3-3359-4f0a-9b4e-58ce3b25a874,1791485598544,1791485653568,1791485653568,
7522c9d7-df8c-439d-995f-b941ac9eb788,PROVIDER,1200,1,did:web:ssi-dim-wallet-service.identity:BPNL00000003AZQP,fa1c7bd2-f30a-4bc5-b596-20967718f0d3,1791485598642,1791485654908,1791485654908,
07a0432f-08c1-4a63-8be6-73c9aedf80c8,PROVIDER,1200,1,did:web:ssi-dim-wallet-service.identity:BPNL00000003AZQP,8f311d59-495d-4b84-8817-ad814d799054,1791485598944,1791485654076,1791485654076,
7ddbeb95-a93a-4620-8e6d-1e6fa26218b3,PROVIDER,1200,1,did:web:ssi-dim-wallet-service.identity:BPNL00000003AZQP,6bccbb6c-e895-49fc-9710-af8f997a53c7,1791485599035,1791485654796,1791485654796,
258bc699-dd94-4600-a927-17350880abc1,PROVIDER,1200,1,did:web:ssi-dim-wallet-service.identity:BPNL00000003AZQP,93154560-8470-4704-9a15-167d91b6ae95,1791485599104,1791485654807,1791485654807,
e7d921f5-00a2-44f0-9be9-b120d6b48baf,PROVIDER,1200,1,did:web:ssi-dim-wallet-service.identity:BPNL00000003AZQP,1838c133-f5c7-449e-88e1-8b612d273930,1791485599342,1791485655097,1791485655097,
f86cb7c1-61e3-48dc-91b9-799f3e3e52a8,PROVIDER,1200,1,did:web:ssi-dim-wallet-service.identity:BPNL00000003AZQP,bb381710-c65c-482a-b381-f2e7166a7d35,1791485599406,1791485654897,1791485654897,
2dc8bec4-db15-4429-97c2-9c6adda5f73a,PROVIDER,1200,1,did:web:ssi-dim-wallet-service.identity:BPNL00000003AZQP,0f4e56cb-8956-47d7-a06a-1e2dc972e544,1791485599434,1791485655035,1791485655035,
811bb1a2-420d-413d-bfcc-d02583fd9a31,PROVIDER,1200,1,did:web:ssi-dim-wallet-service.identity:BPNL00000003AZQP,d200c16c-defb-48ae-aae7-3c859cfb491a,1791485599541,1791485655097,1791485655097,
9396a0aa-49d8-4066-9b33-69c2c0eda20c,PROVIDER,1200,1,did:web:ssi-dim-wallet-service.identity:BPNL00000003AZQP,6551b28a-f287-4bd3-84e8-7e7470cc7681,1791485599707,1791485655085,1791485655085,
9499c55a-68cc-4b38-bada-bd84efb93ed3,PROVIDER,1200,1,did:web:ssi-dim-wallet-service.identity:BPNL00000003AZQP,448714eb-aaef-468a-9368-3e174e7af817,1791485599733,1791485655374,1791485655374,
8c145992-da05-4909-965f-adf27eb6327b,PROVIDER,1200,1,did:web:ssi-dim-wallet-service.identity:BPNL00000003AZQP,48339667-faf8-4ea8-8a30-30a610d9e00c,1791485599834,1791485655283,1791485655283,
b20d932e-5326-4812-9459-6355c018e270,PROVIDER,1200,1,did:web:ssi-dim-wallet-service.identity:BPNL00000003AZQP,cd370e8f-5731-42f0-88a0-97d38b1464ed,1791485599934,1791485655269,1791485655269,
3c33081f-eb47-4b78-a9ec-c6a2a8c9f315,PROVIDER,1200,1,did:web:ssi-dim-wallet-service.identity:BPNL00000003AZQP,fb538f43-06ae-419d-bef3-f1d3eb146b08,1791485600103,1791485655375,1791485655375,
a1a27689-242a-48da-bfd7-c5e385b99b11,PROVIDER,1200,1,did:web:ssi-dim-wallet-service.identity:BPNL00000003AZQP,3dd54b4d-e40b-411c-865c-c10568a7acc2,1791485600342,1791485664736,1791485664736,
19bc86a7-d6f5-417f-8aba-187e3e979f97,PROVIDER,1200,1,did:web:ssi-dim-wallet-service.identity:BPNL00000003AZQP,3024ede9-e8ed-4de9-8f55-5af35316bff9,1791485600536,1791485664735,1791485664735,
d1b432d2-1c63-46f9-8fe7-b6c2abcc705a,PROVIDER,1200,1,did:web:ssi-dim-wallet-service.identity:BPNL00000003AZQP,0aeb241f-bafb-4482-8a48-650bf776c107,1791485600705,1791485664839,1791485664839,
82950f71-2fa5-413e-aec0-256ba9bb3593,PROVIDER,1200,1,did:web:ssi-dim-wallet-service.identity:BPNL00000003AZQP,40f2e22c-13ac-433b-8e77-f458bde125c4,1791485611439,1791485664667,1791485664667,
025b11a8-c480-4870-872f-fcb7bb96c56e,PROVIDER,1200,1,did:web:ssi-dim-wallet-service.identity:BPNL00000003AZQP,921429ca-1cc5-4f98-9ab9-b6b26c307b8d,1791485611632,1791485664837,1791485664837,
3ab051c4-da72-4acb-b632-8749ab010c99,PROVIDER,1200,1,did:web:ssi-dim-wallet-service.identity:BPNL00000003AZQP,49973c46-14d5-46c3-8435-45e3f636643c,1791485611739,1791485664968,1791485664968,
c42c345b-4401-4469-abdc-6e9602c0807d,PROVIDER,1200,1,did:web:ssi-dim-wallet-service.identity:BPNL00000003AZQP,727033b0-9e55-4fc2-afac-3946ad95f1ec,1791485611747,1791485665534,1791485665534,
38e6b6a7-9e6a-4d92-b941-f9a344499497,PROVIDER,1200,1,did:web:ssi-dim-wallet-service.identity:BPNL00000003AZQP,696dde86-ed10-4b17-bfe6-8449361ac3b0,1791485611835,1791485665578,1791485665578,
9330a4f1-5b74-406c-bb18-b77487456ffe,PROVIDER,1200,1,did:web:ssi-dim-wallet-service.identity:BPNL00000003AZQP,252ddb88-3044-4d31-b2a3-ef16c2d846cc,1791485612041,1791485665534,1791485665534,
a7c2630e-6d15-4440-85b4-2950420b26b7,PROVIDER,1200,1,did:web:ssi-dim-wallet-service.identity:BPNL00000003AZQP,ecfebf7b-d950-4b71-a41d-78ad76733e33,1791485612121,1791485665738,1791485665738,
248cc5b4-9e9f-4150-996d-3f9f793f5e49,PROVIDER,1200,1,did:web:ssi-dim-wallet-service.identity:BPNL00000003AZQP,de439042-d05d-4cc0-b2a4-586c96d3aab7,1791485612239,1791485665869,1791485665869,
22ef66cc-62de-44a0-8504-903c60ef0726,PROVIDER,1200,1,did:web:ssi-dim-wallet-service.identity:BPNL00000003AZQP,958cbcf2-c9b9-48bc-870d-5123829e7a43,1791485612342,1791485665595,1791485665595,
14547f78-f3c9-400a-b842-983ec9c84b6f,PROVIDER,1200,1,did:web:ssi-dim-wallet-service.identity:BPNL00000003AZQP,d11b1cb1-dd11-4df5-aa39-1fc8d5166786,1791485612542,1791485665739,1791485665739,
0e6c98de-689a-435a-96cf-6aa356f8288c,PROVIDER,1200,1,did:web:ssi-dim-wallet-service.identity:BPNL00000003AZQP,a34529b9-04b1-4955-adb3-44e2c2f1f44a,1791485612692,1791485666046,1791485666046,
46fb53e6-7bcd-4afe-b10f-bf5b296f7cea,PROVIDER,1200,1,did:web:ssi-dim-wallet-service.identity:BPNL00000003AZQP,7bc1b644-bf6d-421c-97c4-b67005c247c2,1791485612933,1791485666149,1791485666149,
ff916549-79fe-4b2c-b035-ea620464ebde,PROVIDER,1200,1,did:web:ssi-dim-wallet-service.identity:BPNL00000003AZQP,3f87a590-212f-4b23-911c-f48af8634664,1791485612973,1791485665979,1791485665979,
b1814174-19f6-4a7f-96c1-ce709dccfbd5,PROVIDER,1200,1,did:web:ssi-dim-wallet-service.identity:BPNL00000003AZQP,d7dc5c57-4003-4886-809a-406a121d9a7b,1791485613151,1791485666171,1791485666171,
ed2cf508-b1de-4faa-bb37-30d56a3318a1,PROVIDER,1200,1,did:web:ssi-dim-wallet-service.identity:BPNL00000003AZQP,360dbe3b-aa23-40e3-8674-1da634e45510,1791485613233,1791485666569,1791485666569,
58c272ec-bee9-4c25-a4e6-8e13a72ece1e,PROVIDER,1200,1,did:web:ssi-dim-wallet-service.identity:BPNL00000003AZQP,8698636d-0c29-459f-8685-462589d74180,1791485613293,1791485666378,1791485666378,
ab70cae5-fe29-458b-8f19-578260a78916,PROVIDER,1200,1,did:web:ssi-dim-wallet-service.identity:BPNL00000003AZQP,0487bcfe-f493-4c76-a041-8f23fab00707,1791485613385,1791485676643,1791485676643,
592461d7-8cf0-4e97-b9cf-3e07efc22404,PROVIDER,1200,1,did:web:ssi-dim-wallet-service.identity:BPNL00000003AZQP,2beaa107-ee5c-4d6e-8208-c1a680de48b9,1791485613606,1791485666569,1791485666569,
00f79335-c49c-4d71-99f2-41510abf76f4,PROVIDER,1200,1,did:web:ssi-dim-wallet-service.identity:BPNL00000003AZQP,c54cf1ab-0cfc-4857-ac4b-5f2df1dc986a,1791485613746,1791485676775,1791485676775,
c1c3f3a4-185f-4b02-ae53-08c37904c054,PROVIDER,1200,1,did:web:ssi-dim-wallet-service.identity:BPNL00000003AZQP,ef644e53-0701-4767-854a-fe6740fa7acd,1791485613810,1791485676737,1791485676737,
ed555671-3d72-4e63-a391-396416def353,PROVIDER,1200,1,did:web:ssi-dim-wallet-service.identity:BPNL00000003AZQP,92aaaad8-e67a-48dc-893f-e709632b6456,1791485624405,1791485677068,1791485677068,
9b99349c-0985-496b-b22b-b4ea5b156deb,PROVIDER,1200,1,did:web:ssi-dim-wallet-service.identity:BPNL00000003AZQP,cf853df5-12ea-49d0-affd-693dc065c7ab,1791485624415,1791485676635,1791485676635,
ac9955b8-11a7-4d7a-a52d-6c2363dfe624,PROVIDER,1200,1,did:web:ssi-dim-wallet-service.identity:BPNL00000003AZQP,064878a8-890d-471f-9ffd-82c983f97688,1791485624442,1791485676768,1791485676768,
c7725ac5-0768-4c7a-b66d-482a0f7fbdf1,PROVIDER,1200,1,did:web:ssi-dim-wallet-service.identity:BPNL00000003AZQP,dff459be-71e7-4a32-8397-b44b30a4a840,1791485624506,1791485677176,1791485677176,
1fbca3cf-30e1-41ec-915e-6bf993b751a9,PROVIDER,1200,1,did:web:ssi-dim-wallet-service.identity:BPNL00000003AZQP,cfe44cd4-e5d7-41fb-ad84-3f2221a52094,1791485624520,1791485677337,1791485677337,
cce77023-c81f-4a2a-b43b-de965a6dabbc,PROVIDER,1200,1,did:web:ssi-dim-wallet-service.identity:BPNL00000003AZQP,0e099f3c-3de4-4fd6-b4d7-2c42307902e5,1791485624534,1791485677338,1791485677338,
dbebcd75-f202-4599-bfbe-01489df80b66,PROVIDER,1200,1,did:web:ssi-dim-wallet-service.identity:BPNL00000003AZQP,1e4b3963-81fb-4dfb-8c6a-b32091bd1486,1791485624604,1791485677352,1791485677352,
ada8fea4-be8a-4bb8-8216-c3aceca86bd8,PROVIDER,1200,1,did:web:ssi-dim-wallet-service.identity:BPNL00000003AZQP,53dc8df6-f6c7-4fac-829f-96648179c2f4,1791485624704,1791485678435,1791485678435,
0b1e82da-e843-45dd-b62b-ee6436508f09,PROVIDER,1200,1,did:web:ssi-dim-wallet-service.identity:BPNL00000003AZQP,d4934ef1-1262-4afe-b40b-9a20911713ba,1791485624826,1791485678178,1791485678178,
1d841475-90ef-42e6-be19-02eef086eb34,PROVIDER,1200,1,did:web:ssi-dim-wallet-service.identity:BPNL00000003AZQP,26f91507-36e6-4cf7-93b0-1ef355920071,1791485624929,1791485678368,1791485678368,
9eb690e2-56b7-496c-a783-388a72468976,PROVIDER,1200,1,did:web:ssi-dim-wallet-service.identity:BPNL00000003AZQP,99ff0546-037a-4cde-9173-4eb82a538844,1791485625043,1791485678185,1791485678185,
ec986e67-a1d6-4755-ad31-c8f73d9d67d1,PROVIDER,1200,1,did:web:ssi-dim-wallet-service.identity:BPNL00000003AZQP,4692261a-4ed6-4c46-b801-44c5b6d26d01,1791485625111,1791485678437,1791485678437,
53298746-a041-441d-8186-0d1b8d39b143,PROVIDER,1200,1,did:web:ssi-dim-wallet-service.identity:BPNL00000003AZQP,dc4440d2-c34f-44e7-8ab2-cbf1bfda05d3,1791485625213,1791485678678,1791485678678,
b26624eb-ca93-457d-a1f2-2ead825f5dc3,PROVIDER,1200,1,did:web:ssi-dim-wallet-service.identity:BPNL00000003AZQP,102bd529-854c-4954-9584-a3f8ed53e275,1791485625434,1791485680542,1791485680542,
2c60fe6d-c596-47f0-ac6b-a0fc62cec300,PROVIDER,1200,1,did:web:ssi-dim-wallet-service.identity:BPNL00000003AZQP,bdc1e58c-0a1c-4b21-b9d8-d07919f6df13,1791485625507,1791485680868,1791485680868,
97d238f7-98e6-4251-8def-47adef8c7d5d,PROVIDER,1200,1,did:web:ssi-dim-wallet-service.identity:BPNL00000003AZQP,ac13d726-426a-4926-862e-480238269f01,1791485625640,1791485689470,1791485689470,
3f408c1c-5f97-457b-b446-631b5e3e4ab0,PROVIDER,1200,1,did:web:ssi-dim-wallet-service.identity:BPNL00000003AZQP,71becb84-221c-484d-807b-e1bb3160d2b4,1791485625940,1791485689347,1791485689347,
342ac7f4-2f83-4eb3-8311-4845a83fa24b,PROVIDER,1200,1,did:web:ssi-dim-wallet-service.identity:BPNL00000003AZQP,88b4b4ae-b390-426f-9e75-72e3826d4847,1791485626037,1791485680577,1791485680577,
b2ade5a0-ceb7-44ea-8727-9c6dd3cde4ef,PROVIDER,1200,1,did:web:ssi-dim-wallet-service.identity:BPNL00000003AZQP,b5f1d2c2-bbf4-48dd-9f85-0047a7213167,1791485626133,1791485680669,1791485680669,
2dee21ce-964c-4461-87c9-96282250e134,PROVIDER,1200,1,did:web:ssi-dim-wallet-service.identity:BPNL00000003AZQP,e6000338-65ca-48ab-b4d1-e197fb58aa34,1791485626235,1791485689379,1791485689379,
0220d526-6a47-483c-8a45-1ca83ddf0972,PROVIDER,1200,1,did:web:ssi-dim-wallet-service.identity:BPNL00000003AZQP,81dc27b1-8f0c-468a-9a3f-6bcd652a0083,1791485636007,1791485689177,1791485689177,
41a42372-3e87-4aaf-9682-fa0585f68dd3,PROVIDER,1200,1,did:web:ssi-dim-wallet-service.identity:BPNL00000003AZQP,e974c63b-cff1-4fe6-a326-d80d9cf3f310,1791485636034,1791485689656,1791485689656,
37541a81-75cb-4db5-9f4c-7c4167e2de6d,PROVIDER,1200,1,did:web:ssi-dim-wallet-service.identity:BPNL00000003AZQP,46ae9eb1-f3cc-4e02-8164-02039a85396f,1791485636304,1791485689634,1791485689634,
ec9da1ff-83f1-4433-9a2b-12c4efeca272,PROVIDER,1200,1,did:web:ssi-dim-wallet-service.identity:BPNL00000003AZQP,e9d4f524-0cd6-4299-9a8f-c20202568cb5,1791485636406,1791485689815,1791485689815,
bb9d5baa-ddce-4a70-8484-2b9b9b30460a,PROVIDER,1200,1,did:web:ssi-dim-wallet-service.identity:BPNL00000003AZQP,d784a14f-d736-4ea1-bd23-0e35597f0bed,1791485636443,1791485690081,1791485690081,
4c6bd04e-17d2-494c-96b2-22b817995e89,PROVIDER,1200,1,did:web:ssi-dim-wallet-service.identity:BPNL00000003AZQP,c4c2e82e-4e09-46ec-8bbd-e00eb2bcc995,1791485636544,1791485690275,1791485690275,
66e3b6ec-ab12-4878-b68d-de5220d3caec,PROVIDER,1200,1,did:web:ssi-dim-wallet-service.identity:BPNL00000003AZQP,bb9d7078-5095-4812-b481-dc2bf8fb18ca,1791485636834,1791485689807,1791485689807,
f3a48f55-ad2c-4ffe-ae07-56409038ba07,PROVIDER,1200,1,did:web:ssi-dim-wallet-service.identity:BPNL00000003AZQP,22cc9ed5-8e21-4b69-b28f-fbc07ee1e977,1791485636937,1791485689852,1791485689852,
8bc824d0-deff-4583-a2c2-e94f8d20328f,PROVIDER,1200,1,did:web:ssi-dim-wallet-service.identity:BPNL00000003AZQP,8f0ff0d2-cde9-4cda-b4c1-9c1f757c23b6,1791485636943,1791485691034,1791485691034,
6d7a4643-ff19-4eae-bdd7-fa5eb95dd7da,PROVIDER,1200,1,did:web:ssi-dim-wallet-service.identity:BPNL00000003AZQP,ea29616a-3e55-4492-9cf8-bcc97327dcd6,1791485636943,1791485690583,1791485690583,
7045b240-a93d-4bb4-808e-e52c04dca420,PROVIDER,1200,1,did:web:ssi-dim-wallet-service.identity:BPNL00000003AZQP,c3be6817-845e-4fe7-b87e-525bcdbfc74f,1791485637242,1791485690368,1791485690368,
f0a57616-0220-45ab-ba08-023aa1a5f4f4,PROVIDER,1200,1,did:web:ssi-dim-wallet-service.identity:BPNL00000003AZQP,03c2ca15-620d-4081-9308-4d196bcdc517,1791485637335,1791485690636,1791485690636,
02c773c1-d31f-4c89-a57f-643cfd4cffcf,PROVIDER,1200,1,did:web:ssi-dim-wallet-service.identity:BPNL00000003AZQP,e64bef30-7108-4c62-b1cd-d94f62d1a16f,1791485637536,1791485691136,1791485691136,
ead3ffd8-c692-48de-9061-4b4dc0b92268,PROVIDER,1200,1,did:web:ssi-dim-wallet-service.identity:BPNL00000003AZQP,6eb1aed9-48f0-442f-9444-f07f1093a175,1791485637604,1791485690935,1791485690935,
afabf564-b9af-4748-a014-4baeb6f2abdc,PROVIDER,1200,1,did:web:ssi-dim-wallet-service.identity:BPNL00000003AZQP,8d96d88d-b26c-4623-902e-a60ddd98ac64,1791485637745,1791485691176,1791485691176,
be010b8f-4e39-4392-85b2-baa67ad67004,PROVIDER,1200,1,did:web:ssi-dim-wallet-service.identity:BPNL00000003AZQP,87251636-314e-4677-96c2-cff9aa45e6b6,1791485637836,1791485691183,1791485691183,
de581d92-e54d-429f-9090-77a23a67cf9e,PROVIDER,1200,1,did:web:ssi-dim-wallet-service.identity:BPNL00000003AZQP,84524a2b-51e3-4afe-8ffa-9ac422de7ec7,1791485638034,1791485691383,1791485691383,
9e2e56c5-3eaf-4cce-9d61-e050c63806d6,PROVIDER,1200,1,did:web:ssi-dim-wallet-service.identity:BPNL00000003AZQP,7e54db50-3e0a-4d7e-9858-3d79c79caf0c,1791485638142,1791485697418,1791485697418,
52acb56c-6ef7-415d-8a87-ec29d3af027c,PROVIDER,1200,1,did:web:ssi-dim-wallet-service.identity:BPNL00000003AZQP,0ff4b4c4-650a-416b-b81b-e41da01d4c2a,1791485638304,1791485697405,1791485697405,
38fa6f64-9af5-43f6-a434-e52b8f1c5368,PROVIDER,1200,1,did:web:ssi-dim-wallet-service.identity:BPNL00000003AZQP,14bb5f63-1e25-4449-ad70-f04115f7cc87,1791485638304,1791485697533,1791485697533,
5b87254e-94ad-4752-a4d6-a2c9dbf58874,PROVIDER,1200,1,did:web:ssi-dim-wallet-service.identity:BPNL00000003AZQP,796b2a46-09a0-4a6c-9d47-78952b01ec81,1791485645803,1791485700976,1791485700976,
c8cb2aab-176c-4448-8524-4df529c242df,PROVIDER,1200,1,did:web:ssi-dim-wallet-service.identity:BPNL00000003AZQP,4ee15d16-813b-4b9f-9a8e-8803ad29c355,1791485645840,1791485697733,1791485697733,
dc23700d-0b01-483a-a8a1-440545e52773,PROVIDER,1200,1,did:web:ssi-dim-wallet-service.identity:BPNL00000003AZQP,832d9519-377f-431d-8db9-e44817420e69,1791485645846,1791485700976,1791485700976,
38073605-2e87-4e31-932d-61a5a0716a26,PROVIDER,1200,1,did:web:ssi-dim-wallet-service.identity:BPNL00000003AZQP,1bfdff81-9533-4ef4-b317-60cd4c0c3ec2,1791485645934,1791485700682,1791485700682,
59df4ae2-d181-4f43-84fb-c5b0fb4a6ba0,PROVIDER,1200,1,did:web:ssi-dim-wallet-service.identity:BPNL00000003AZQP,7d359645-44aa-49c1-80f7-7784103153dd,1791485646036,1791485700648,1791485700648,
ae061633-7170-4fd6-9883-65d44a45d154,PROVIDER,1200,1,did:web:ssi-dim-wallet-service.identity:BPNL00000003AZQP,db0650b5-b74c-429a-a818-17f419350e82,1791485646445,1791485700868,1791485700868,
8cb9cc36-7acf-4c2b-b012-63fa62081525,PROVIDER,1200,1,did:web:ssi-dim-wallet-service.identity:BPNL00000003AZQP,8c09e877-b4aa-4537-af64-24c38236e588,1791485646536,1791485701683,1791485701683,
21e7248d-8875-43da-9265-b6432ac6ccb0,PROVIDER,1200,1,did:web:ssi-dim-wallet-service.identity:BPNL00000003AZQP,409492c3-5780-428e-b2a7-ed474aaddfd5,1791485646549,1791485702036,1791485702036,
dff0f5e4-d544-4779-95c2-d97a89a4e48a,PROVIDER,1200,1,did:web:ssi-dim-wallet-service.identity:BPNL00000003AZQP,a35a6248-a21e-4deb-a9ab-b7c14a56b0a1,1791485646637,1791485705477,1791485705477,
09d300a1-41d1-4d7f-b05e-f7f440cb2078,PROVIDER,1200,1,did:web:ssi-dim-wallet-service.identity:BPNL00000003AZQP,b5841afd-22a8-46de-a1b1-afa160ab52c0,1791485646641,1791485702135,1791485702135,
4184aebe-7168-4283-9bce-bdace6dc35ac,PROVIDER,1200,1,did:web:ssi-dim-wallet-service.identity:BPNL00000003AZQP,7a066637-c8fe-43ac-bba6-cac9c1caaaa1,1791485646649,1791485701683,1791485701683,
a6a68ce0-1e91-4b5b-b6ef-de4d12521eb2,PROVIDER,1200,1,did:web:ssi-dim-wallet-service.identity:BPNL00000003AZQP,0de651c8-4462-4a5d-a63a-b3f5fe57b21f,1791485646740,1791485701969,1791485701969,
37f74668-a28e-4b35-a5bc-785a3db10963,PROVIDER,1200,1,did:web:ssi-dim-wallet-service.identity:BPNL00000003AZQP,de10225e-8560-4894-b6ce-a944138ea55c,1791485646751,1791485705483,1791485705483,
92ea7c43-ab01-41f4-8b6f-2beade02dd90,PROVIDER,1200,1,did:web:ssi-dim-wallet-service.identity:BPNL00000003AZQP,2d0aae39-7175-4577-bb30-f51bf1f2b737,1791485646844,1791485706185,1791485706185,
60507ad2-8b2f-49dd-ab3a-fa6ec8e5cb78,PROVIDER,1200,1,did:web:ssi-dim-wallet-service.identity:BPNL00000003AZQP,5c36f4ce-6588-44c5-b6e5-55a7e04edbea,1791485646845,1791485706068,1791485706068,
8824f36d-f10a-4d1c-9e96-d677c845ee88,PROVIDER,1200,1,did:web:ssi-dim-wallet-service.identity:BPNL00000003AZQP,93af578e-fa5b-47f0-b1f1-03ea11992032,1791485646936,1791485706083,1791485706083,
7c39d111-ff0c-4628-85ef-33e6e0450c25,PROVIDER,1200,1,did:web:ssi-dim-wallet-service.identity:BPNL00000003AZQP,6cf7de82-14f2-49a4-90d8-a06d9590138a,1791485647034,1791485706185,1791485706185,
4f957011-cb2b-43fe-a73c-6c9d48e62211,PROVIDER,1200,1,did:web:ssi-dim-wallet-service.identity:BPNL00000003AZQP,0c4c9f49-dfb9-43e8-aa6c-54301803b16a,1791485647148,1791485707574,1791485707574,
2bbc4263-b37c-4a72-8d1c-5382425c31d5,PROVIDER,1200,1,did:web:ssi-dim-wallet-service.identity:BPNL00000003AZQP,a7b9661e-1a5b-4397-87c9-955edbf27c62,1791485647335,1791485707705,1791485707705,
92a449b4-cafe-434e-a2bc-fea2a14f19ad,PROVIDER,1200,1,did:web:ssi-dim-wallet-service.identity:BPNL00000003AZQP,f1720ec8-6f62-4fcd-b157-71b4cbb89624,1791485647441,1791485707419,1791485707419,
8d1d4dca-3702-4814-9d07-dfd04ec8a7f2,PROVIDER,1200,1,did:web:ssi-dim-wallet-service.identity:BPNL00000003AZQP,66b11700-3a3c-46a0-939c-78e56a33a911,1791485656411,1791485707574,1791485707574,
5e9529bb-f788-4999-9089-06cb0170b90d,PROVIDER,1200,1,did:web:ssi-dim-wallet-service.identity:BPNL00000003AZQP,48384d5b-00fe-4b74-a0dd-d6391df1f53d,1791485656452,1791485707217,1791485707217,
9457ec70-cebd-4f92-8dac-bd1e593e4558,PROVIDER,1200,1,did:web:ssi-dim-wallet-service.identity:BPNL00000003AZQP,2b1c7053-0e82-43a4-aa43-8d0725eba49b,1791485656452,1791485707631,1791485707631,
4560d2e3-52dc-43b2-8eb1-ce8319efc0c7,PROVIDER,1200,1,did:web:ssi-dim-wallet-service.identity:BPNL00000003AZQP,3345b25f-be43-4399-94fc-cccd4cdd3b5e,1791485656536,1791485707816,1791485707816,
0a37d549-c21b-4afb-a23e-01471b22feac,PROVIDER,1200,1,did:web:ssi-dim-wallet-service.identity:BPNL00000003AZQP,a7d47355-0c9a-4da4-a129-84dd9a0cebc5,1791485656545,1791485707868,1791485707868,
1cf8b2e6-fc7f-460d-b733-081ce7c07a73,PROVIDER,1200,1,did:web:ssi-dim-wallet-service.identity:BPNL00000003AZQP,bb504b97-97ee-4c92-8afa-96b7fbb7579f,1791485656834,1791485710307,1791485710307,
5b147f1b-801d-4df3-8ba6-f94fac574c9e,PROVIDER,1200,1,did:web:ssi-dim-wallet-service.identity:BPNL00000003AZQP,8138d307-0ff6-425b-a99c-7d56f68dbfe8,1791485657334,1791485710482,1791485710482,
722b716e-07b8-4c46-8730-a69c0447c794,PROVIDER,1200,1,did:web:ssi-dim-wallet-service.identity:BPNL00000003AZQP,b5dd449d-b16d-4541-b4ab-efc03ecb3da3,1791485658040,1791485710506,1791485710506,
94c7345f-f5ee-4917-9aa1-3730547ec5e6,PROVIDER,1200,1,did:web:ssi-dim-wallet-service.identity:BPNL00000003AZQP,fddd140f-6fc7-48bb-ae6d-b5691a0ee30c,1791485658433,1791485710506,1791485710506,
99b22506-e869-41de-8c71-390716148d28,PROVIDER,1200,1,did:web:ssi-dim-wallet-service.identity:BPNL00000003AZQP,71586766-caee-4981-842e-a52d09f224a9,1791485658535,1791485710305,1791485710305,
ce33b1fe-153e-4e71-a719-c99ab749abb0,PROVIDER,1200,1,did:web:ssi-dim-wallet-service.identity:BPNL00000003AZQP,e9507088-7c37-47f8-abb3-f2c9d1be6a78,1791485658805,1791485710969,1791485710969,
ab3d2b18-7aa6-46e2-b702-081fa0a8afbd,PROVIDER,1200,1,did:web:ssi-dim-wallet-service.identity:BPNL00000003AZQP,f518f4d5-a6d4-41de-ad48-6b54c3abf96a,1791485658836,1791485710920,1791485710920,
d31f3a9e-7ba5-43c3-8021-dbb0b54e3908,PROVIDER,1200,1,did:web:ssi-dim-wallet-service.identity:BPNL00000003AZQP,ccc76649-31c6-48ec-956d-c7fe4fa2a716,1791485659034,1791485710969,1791485710969,
dc1452fb-8d5e-4b8c-b409-8cc59f3037f1,PROVIDER,1200,1,did:web:ssi-dim-wallet-service.identity:BPNL00000003AZQP,97963594-5acf-4f01-a4e9-83ec7c578a6b,1791485659042,1791485711105,1791485711105,
776a2195-186c-4c39-a949-045c9d0dca6c,PROVIDER,1200,1,did:web:ssi-dim-wallet-service.identity:BPNL00000003AZQP,02e9617e-bc94-466b-9f2b-4d416c9d2df6,1791485659415,1791485711006,1791485711006,
28a2f0f9-5861-4136-aee4-a8dad008b466,PROVIDER,1200,1,did:web:ssi-dim-wallet-service.identity:BPNL00000003AZQP,3be6663f-5e32-4059-a5d6-2be845227748,1791485659604,1791485711511,1791485711511,
014d4cfa-30a2-4419-b81d-2b951d4b9aae,PROVIDER,1200,1,did:web:ssi-dim-wallet-service.identity:BPNL00000003AZQP,98c23cd0-2984-4c6b-b5a5-54dd303f3e68,1791485659635,1791485716135,1791485716135,
2223ef66-7051-4bb9-add6-60e626fd9478,PROVIDER,1200,1,did:web:ssi-dim-wallet-service.identity:BPNL00000003AZQP,8df41e44-8035-4b7e-85fd-62e8bee6c62e,1791485659734,1791485711406,1791485711406,
e58f13d0-bd65-4f9f-b8b9-ebac53e7588e,PROVIDER,1200,1,did:web:ssi-dim-wallet-service.identity:BPNL00000003AZQP,32a5608e-613e-4d73-aa6c-64ba067c99c0,1791485659735,1791485716242,1791485716242,
bb2af446-da30-4984-be0d-ac44ce9503d8,PROVIDER,1200,1,did:web:ssi-dim-wallet-service.identity:BPNL00000003AZQP,d827525d-87b1-42d2-941a-1945d65b2523,1791485660006,1791485715913,1791485715913,
a70a7f09-ff84-4cf4-b404-a2826bf0efae,PROVIDER,1200,1,did:web:ssi-dim-wallet-service.identity:BPNL00000003AZQP,4f9d5321-ab5d-4d46-aa53-9731c66d9f80,1791485668343,1791485716078,1791485716078,
5dddb3f3-9a37-42c9-8456-dd5bde8b51e4,PROVIDER,1200,1,did:web:ssi-dim-wallet-service.identity:BPNL00000003AZQP,500b5a1f-3a64-4feb-b5e2-b0709621991a,1791485668540,1791485719047,1791485719047,
94bf6bd4-b1f7-4483-a6a4-db0d8ba9da2a,PROVIDER,1200,1,did:web:ssi-dim-wallet-service.identity:BPNL00000003AZQP,69f6c050-6e41-4dd7-b28e-6dac6d7cab27,1791485668641,1791485719106,1791485719106,
d160dfe5-7228-4862-8720-915a289ddaa7,PROVIDER,1200,1,did:web:ssi-dim-wallet-service.identity:BPNL00000003AZQP,28160343-660b-4d1c-bf6b-0ea6901e4bdb,1791485668704,1791485719285,1791485719285,
72df0ea3-fcf0-4902-b117-89858f61f800,PROVIDER,1200,1,did:web:ssi-dim-wallet-service.identity:BPNL00000003AZQP,db09a197-a0b0-43e3-a51a-efacbdec0a3a,1791485668804,1791485719369,1791485719369,
a743d2c4-eaa9-4803-9c23-dd2f58701af5,PROVIDER,1200,1,did:web:ssi-dim-wallet-service.identity:BPNL00000003AZQP,1246c4aa-f4eb-44b4-b807-e401072dd616,1791485669038,1791485719118,1791485719118,
31ee06fe-ffba-4851-bc10-3de59f26fe25,PROVIDER,1200,1,did:web:ssi-dim-wallet-service.identity:BPNL00000003AZQP,d636538c-8e05-41c2-aabc-bb6fb3e6ac77,1791485669039,1791485720270,1791485720270,
5c14ced3-c975-436c-8046-05cd35eed28d,PROVIDER,1200,1,did:web:ssi-dim-wallet-service.identity:BPNL00000003AZQP,fdadde8e-c5d8-4988-a495-cb4870b1e585,1791485669136,1791485719976,1791485719976,
f6c34204-7018-46db-99a5-c448aeeccb54,PROVIDER,1200,1,did:web:ssi-dim-wallet-service.identity:BPNL00000003AZQP,e1d5bb05-4cac-44e6-96e6-1b92c79fcb21,1791485669214,1791485719847,1791485719847,
9ed55ee0-3836-4fcb-b8f7-d116554aa875,PROVIDER,1200,1,did:web:ssi-dim-wallet-service.identity:BPNL00000003AZQP,075927d2-5fe0-4816-9714-087111793658,1791485669344,1791485719676,1791485719676,
43fbe75a-c7b1-484c-941c-dac882e27afa,PROVIDER,1200,1,did:web:ssi-dim-wallet-service.identity:BPNL00000003AZQP,415c5635-9061-41fb-8587-cd4652bd6eb2,1791485669404,1791485719879,1791485719879,
ab23a221-c069-4d6f-95e4-afcb155880b8,PROVIDER,1200,1,did:web:ssi-dim-wallet-service.identity:BPNL00000003AZQP,ad6571f0-5816-489f-a6bd-5b813fefb45b,1791485669433,1791485721475,1791485721475,
4438e5ae-ef89-4fa3-b6bd-53ca29ea0ce9,PROVIDER,1200,1,did:web:ssi-dim-wallet-service.identity:BPNL00000003AZQP,02bd76ae-c1db-4b86-83ff-2b3c615953a8,1791485669705,1791485719970,1791485719970,
61d08aba-9b61-4b04-a7f0-0415e1b2de22,PROVIDER,1200,1,did:web:ssi-dim-wallet-service.identity:BPNL00000003AZQP,b351d490-df4c-48e2-8c7f-41b1701a5045,1791485669834,1791485721368,1791485721368,
74b91904-c2dc-43db-93d6-c66303dd8c27,PROVIDER,1200,1,did:web:ssi-dim-wallet-service.identity:BPNL00000003AZQP,c4c59a8d-def9-4d9b-a705-ed6799448a75,1791485669941,1791485721183,1791485721183,
82bd70e0-eff1-4c9c-962c-79f938430ed5,PROVIDER,1200,1,did:web:ssi-dim-wallet-service.identity:BPNL00000003AZQP,850e5d4d-6316-47f6-9c2b-84b52e472bab,1791485669943,1791485727787,1791485727787,
490065d1-4b02-49f6-a083-3d08261294f1,PROVIDER,1200,1,did:web:ssi-dim-wallet-service.identity:BPNL00000003AZQP,5466bd26-f2c6-4312-986d-0860b39c9e8d,1791485669945,1791485721535,1791485721535,
ff17a5b0-3ec6-466f-8047-ec80f3ac6ef7,PROVIDER,1200,1,did:web:ssi-dim-wallet-service.identity:BPNL00000003AZQP,3a540c44-aa79-4468-953a-15a493d1eb64,1791485670144,1791485727743,1791485727743,
dcec3f5d-5a85-4c17-a497-db18d1d98ce8,PROVIDER,1200,1,did:web:ssi-dim-wallet-service.identity:BPNL00000003AZQP,88cb0de6-dc61-40b4-925e-1207c304fcc0,1791485670144,1791485721468,1791485721468,
74dd95f8-3957-40d2-bf8f-7174818acf26,PROVIDER,1200,1,did:web:ssi-dim-wallet-service.identity:BPNL00000003AZQP,68430e46-bd73-452c-92e1-6bd1800cb925,1791485670249,1791485727780,1791485727780,
aadba9b1-46a9-45a7-9534-eea957a39aa8,PROVIDER,1200,1,did:web:ssi-dim-wallet-service.identity:BPNL00000003AZQP,07ab5d23-c882-45a2-82f9-7dadaaa84333,1791485679735,1791485728168,1791485728168,
7011e93e-f311-419f-8b4f-7cd60fd64222,PROVIDER,1200,1,did:web:ssi-dim-wallet-service.identity:BPNL00000003AZQP,4154d7dc-e44e-465a-836b-100e994a1d84,1791485679736,1791485728176,1791485728176,
33b7f854-bb66-47d6-bbe7-f277eb21728f,PROVIDER,1200,1,did:web:ssi-dim-wallet-service.identity:BPNL00000003AZQP,025ce706-9ed8-432f-9602-dfc89b582cba,1791485679804,1791485730777,1791485730777,
408f0625-6952-4302-8d46-d7b30e6b365c,PROVIDER,1200,1,did:web:ssi-dim-wallet-service.identity:BPNL00000003AZQP,8a8eeace-3df9-4400-85ef-3b832bf43479,1791485679904,1791485731468,1791485731468,
cd4dd5c4-4635-4eb5-b89a-3d188009c826,PROVIDER,1200,1,did:web:ssi-dim-wallet-service.identity:BPNL00000003AZQP,747d3622-162a-4737-b917-95f712fc0df3,1791485679934,1791485730616,1791485730616,
99bfee76-1952-433d-8921-075282bd6eb3,PROVIDER,1200,1,did:web:ssi-dim-wallet-service.identity:BPNL00000003AZQP,f0e5a25e-298a-49c7-a22c-a6f83d208a3a,1791485680004,1791485728236,1791485728236,
734b30a0-0d28-4d3e-9ca5-1fff6a12e4d0,PROVIDER,1200,1,did:web:ssi-dim-wallet-service.identity:BPNL00000003AZQP,7390b55e-98ce-4af0-b4e8-543d9fd3340e,1791485680036,1791485730777,1791485730777,
9d550057-1f3a-405b-bb6e-96999918751b,PROVIDER,1200,1,did:web:ssi-dim-wallet-service.identity:BPNL00000003AZQP,b707d0ef-9d3f-4368-98fb-c2f69662d7fb,1791485680037,1791485730836,1791485730836,
328ac1d6-f852-4bdf-afac-e3e0f97a557a,PROVIDER,1200,1,did:web:ssi-dim-wallet-service.identity:BPNL00000003AZQP,e95ac395-3267-4f36-858a-bc44a7e0480d,1791485680318,1791485731668,1791485731668,
cfe0540a-d926-40d1-9d01-1d2156df5d61,PROVIDER,1200,1,did:web:ssi-dim-wallet-service.identity:BPNL00000003AZQP,a32cd342-c849-4508-8492-07bebe582e95,1791485680410,1791485731679,1791485731679,
55ced5c9-74a5-4176-a3c8-f251fe18062d,PROVIDER,1200,1,did:web:ssi-dim-wallet-service.identity:BPNL00000003AZQP,f0d14534-9eaf-4b46-9021-1bcabb3f5f46,1791485680442,1791485730605,1791485730605,
1f815eb1-34dc-4527-b6b2-3de1191f9e85,PROVIDER,1200,1,did:web:ssi-dim-wallet-service.identity:BPNL00000003AZQP,d3ef82de-c876-42ea-9c46-63e2fb8e6a09,1791485680540,1791485731834,1791485731834,
d34ea302-eb81-42e0-b236-bc35ed9aa5bd,PROVIDER,1200,1,did:web:ssi-dim-wallet-service.identity:BPNL00000003AZQP,19ff2ff3-4d76-4bf5-9fff-53cc75710359,1791485681239,1791485731970,1791485731970,
37ae86fc-dfce-43d3-9b62-eb98f35c8cf9,PROVIDER,1200,1,did:web:ssi-dim-wallet-service.identity:BPNL00000003AZQP,764cd6bd-7a90-450c-a96c-ad5878ea9908,1791485681334,1791485732176,1791485732176,
3258e646-1294-41ae-8dab-0b08eefa6ec6,PROVIDER,1200,1,did:web:ssi-dim-wallet-service.identity:BPNL00000003AZQP,0a6e48f8-9b8a-4b56-b7de-24984f5a37b1,1791485681434,1791485733568,1791485733568,
6c7fd74a-c802-439a-b58c-aa736ef67680,PROVIDER,1200,1,did:web:ssi-dim-wallet-service.identity:BPNL00000003AZQP,6ab5069d-b864-4bc3-94b1-eb2d2e18f566,1791485681437,1791485734035,1791485734035,
f64a2bfb-5dc8-4147-8470-b55373df529b,PROVIDER,1200,1,did:web:ssi-dim-wallet-service.identity:BPNL00000003AZQP,1f7bd17b-0993-44c0-ab1f-0b481d6a1e38,1791485681603,1791485739376,1791485739376,
031dc5d5-b86f-4635-93c0-891d50989200,PROVIDER,1200,1,did:web:ssi-dim-wallet-service.identity:BPNL00000003AZQP,a9e9093f-6a80-4bb4-a9a8-28f2b4736587,1791485681734,1791485739468,1791485739468,
227efce8-f41f-4d82-88d6-42ab9c8bf03f,PROVIDER,1200,1,did:web:ssi-dim-wallet-service.identity:BPNL00000003AZQP,4f87a7dd-8ebb-462b-a481-057afa0cfa9b,1791485681804,1791485732176,1791485732176,
28f9c2cb-ab40-42f7-b836-b7d8ce11ca21,PROVIDER,1200,1,did:web:ssi-dim-wallet-service.identity:BPNL00000003AZQP,f6bf9015-eb54-446a-b814-9ff1925e63b1,1791485681941,1791485739335,1791485739335,
a394cac2-9070-404b-877f-ebb0373369e5,PROVIDER,1200,1,did:web:ssi-dim-wallet-service.identity:BPNL00000003AZQP,bc33b7c8-370f-4aeb-b015-b6aa9c33102c,1791485689493,1791485739469,1791485739469,
ce1975de-576f-40e8-8402-15f27b8f9535,PROVIDER,1200,1,did:web:ssi-dim-wallet-service.identity:BPNL00000003AZQP,9ba271ec-ca03-4b4e-9d12-68caf0971350,1791485689510,1791485739436,1791485739436,
16d4ba6b-ebb7-4522-b153-e1737c422dcb,PROVIDER,1200,1,did:web:ssi-dim-wallet-service.identity:BPNL00000003AZQP,061ed16d-08a5-48a0-a1b2-11eb5d71e1dc,1791485689540,1791485740680,1791485740680,
46d18403-5ae3-4595-ae3e-6314d8050c97,PROVIDER,1200,1,did:web:ssi-dim-wallet-service.identity:BPNL00000003AZQP,0c93c9cb-c7f2-4282-b00a-72fc94494efb,1791485689551,1791485739852,1791485739852,
831111f4-2ce7-437a-a635-0926bf5fc0c2,PROVIDER,1200,1,did:web:ssi-dim-wallet-service.identity:BPNL00000003AZQP,4349cb22-0368-42bf-9234-4483062b501b,1791485689559,1791485740934,1791485740934,
521eb034-a449-4594-b9c8-dd6d9c8cc860,PROVIDER,1200,1,did:web:ssi-dim-wallet-service.identity:BPNL00000003AZQP,3c9522ad-11e3-42b8-a6c3-9b813cd4dc98,1791485689843,1791485740569,1791485740569,
8b24fae5-9374-4e61-95ba-e4c55fbcb9be,PROVIDER,1200,1,did:web:ssi-dim-wallet-service.identity:BPNL00000003AZQP,33d37abf-e626-48a7-b6d1-dcb089efccef,1791485689844,1791485740935,1791485740935,
a826c2f1-3593-4840-a942-f04c1907b241,PROVIDER,1200,1,did:web:ssi-dim-wallet-service.identity:BPNL00000003AZQP,139d6f15-0e0b-48f7-b53f-e6ce5b689cdc,1791485690235,1791485740968,1791485740968,
147f142b-3450-4fad-b0e0-6d38d854c055,PROVIDER,1200,1,did:web:ssi-dim-wallet-service.identity:BPNL00000003AZQP,ae1c09cb-822f-44d6-ae5f-5f910a86ee41,1791485690504,1791485743277,1791485743277,
11edb245-1ce5-4331-af48-a2c59a77b809,PROVIDER,1200,1,did:web:ssi-dim-wallet-service.identity:BPNL00000003AZQP,293a80c8-693a-4361-814f-356da988439f,1791485690535,1791485743075,1791485743075,
857f2744-3670-41f1-9b4a-0d36cbc31996,PROVIDER,1200,1,did:web:ssi-dim-wallet-service.identity:BPNL00000003AZQP,38814e67-f07e-4857-ac84-d6a2dcf3fd76,1791485690635,1791485743334,1791485743334,
3f022e2a-904f-44b7-b001-8fceb1504ff8,PROVIDER,1200,1,did:web:ssi-dim-wallet-service.identity:BPNL00000003AZQP,da319668-4df6-4ec4-bfc5-329ed8effbcb,1791485690635,1791485743305,1791485743305,
d44b1b7d-5b8e-4c73-9347-497c0001abe6,PROVIDER,1200,1,did:web:ssi-dim-wallet-service.identity:BPNL00000003AZQP,88c7b3f5-623b-45cc-ba0d-ad9c31ed77fb,1791485690805,1791485743082,1791485743082,
5bc62d27-f46f-45bc-873a-2746b6910740,PROVIDER,1200,1,did:web:ssi-dim-wallet-service.identity:BPNL00000003AZQP,03fca093-7efe-4dbc-b03c-e2374443c8a3,1791485690846,1791485743570,1791485743570,
ec17b826-588b-4fc1-95d8-2fa5989737c3,PROVIDER,1200,1,did:web:ssi-dim-wallet-service.identity:BPNL00000003AZQP,f61f0951-04e4-47fd-9504-2463bec92939,1791485691034,1791485743533,1791485743533,
44efec10-3e82-4342-ad6d-c8b971bab874,PROVIDER,1200,1,did:web:ssi-dim-wallet-service.identity:BPNL00000003AZQP,bf16ce3a-8ee4-4b51-a65d-7731cbe22ca9,1791485691104,1791485743636,1791485743636,
0ca66b62-bd91-4f77-a9a0-bc8ad5e0336e,PROVIDER,1200,1,did:web:ssi-dim-wallet-service.identity:BPNL00000003AZQP,44afce0c-da0e-4ebd-813a-3f4820a2cca4,1791485691348,1791485746584,1791485746584,
9174dd20-0b06-461c-bac3-4d6f2833b7bc,PROVIDER,1200,1,did:web:ssi-dim-wallet-service.identity:BPNL00000003AZQP,f3aef6e6-568a-4f49-8254-f03852c85e73,1791485691403,1791485743668,1791485743668,
0028933a-594e-43d8-ac06-0d36cfda6fb9,PROVIDER,1200,1,did:web:ssi-dim-wallet-service.identity:BPNL00000003AZQP,35a6e43c-aba1-4a2d-b91c-d6452d67b6e1,1791485691445,1791485746735,1791485746735,
ddfcff46-0654-4b73-bb1e-6a0135031d00,PROVIDER,1200,1,did:web:ssi-dim-wallet-service.identity:BPNL00000003AZQP,433a29bc-9167-40b0-b284-cb4acc7f1bce,1791485691543,1791485746768,1791485746768,
7cf95dc7-0149-462a-bdbe-dfec20bef7be,PROVIDER,1200,1,did:web:ssi-dim-wallet-service.identity:BPNL00000003AZQP,6ce061ed-b439-48ad-baa2-4715a8bea19d,1791485698836,1791485746744,1791485746744,
938231fe-dcb1-4310-945a-72e9e39c0d71,PROVIDER,1200,1,did:web:ssi-dim-wallet-service.identity:BPNL00000003AZQP,4334ea11-6abc-4df2-9f97-3ecf81223dc5,1791485698844,1791485747241,1791485747241,
0d8c6a8c-9c1e-46df-8417-f4307bfdcb58,PROVIDER,1200,1,did:web:ssi-dim-wallet-service.identity:BPNL00000003AZQP,7331b388-1571-4bbd-a35d-81d4585d2ed1,1791485698909,1791485747544,1791485747544,
c3f2d85f-dfb2-4db0-81db-fe8041442ec3,PROVIDER,1200,1,did:web:ssi-dim-wallet-service.identity:BPNL00000003AZQP,b5902c5f-e0b7-463f-9c3c-5d3583104741,1791485698938,1791485746743,1791485746743,
3fd0ac9d-ed3d-4b84-b421-a7eaa25b4973,PROVIDER,1200,1,did:web:ssi-dim-wallet-service.identity:BPNL00000003AZQP,a2dfd058-1dd2-436f-a374-d37c187af304,1791485699035,1791485746981,1791485746981,
fe873596-dc3b-452f-b9a5-046a755a3f18,PROVIDER,1200,1,did:web:ssi-dim-wallet-service.identity:BPNL00000003AZQP,9eac43a6-4129-4179-964e-52adf2c2b9df,1791485699143,1791485749718,1791485749718,
e6be14bf-1e0e-4b98-bf48-1cb89f77dcb0,PROVIDER,1200,1,did:web:ssi-dim-wallet-service.identity:BPNL00000003AZQP,11030a08-4656-4680-b9af-daedd3e703df,1791485699205,1791485749981,1791485749981,
9e7f7dc5-0dfa-4a04-8c42-83dd081ca1fb,PROVIDER,1200,1,did:web:ssi-dim-wallet-service.identity:BPNL00000003AZQP,f25170f4-e961-4158-9b9a-75266b41e341,1791485699336,1791485749980,1791485749980,
f5b93eb5-d9d2-4cad-9d2b-e25c838d9506,PROVIDER,1200,1,did:web:ssi-dim-wallet-service.identity:BPNL00000003AZQP,fb475d8a-1999-4f80-9070-13bf7e34876f,1791485699403,1791485750270,1791485750270,
03a4d6c8-19ac-4315-8646-c1ef7fe6eeca,PROVIDER,1200,1,did:web:ssi-dim-wallet-service.identity:BPNL00000003AZQP,da53959a-8aaf-42a4-93a0-022ad1d8e4d4,1791485699535,1791485749854,1791485749854,
2fd0bdac-8d1b-4a52-838c-25e164048edd,PROVIDER,1200,1,did:web:ssi-dim-wallet-service.identity:BPNL00000003AZQP,8acd09c4-1765-48ca-8609-0b9fa8372a2f,1791485699639,1791485750368,1791485750368,
90cbaa02-fd84-4fa9-b6a0-3dc45004df79,PROVIDER,1200,1,did:web:ssi-dim-wallet-service.identity:BPNL00000003AZQP,82b7e818-fdc4-493c-8164-18114411d8ef,1791485699834,1791485750644,1791485750644,
fa67b5e4-f886-4d7e-8e06-ec0721fa94ed,PROVIDER,1200,1,did:web:ssi-dim-wallet-service.identity:BPNL00000003AZQP,32cf398f-2fc5-421e-aa9a-6ae6d158da92,1791485700036,1791485749838,1791485749838,
c857c024-e33e-47ed-ae44-ef8fd5c8245e,PROVIDER,1200,1,did:web:ssi-dim-wallet-service.identity:BPNL00000003AZQP,1df914b1-30cb-438a-aff5-bcb7ff59eb84,1791485700036,1791485750635,1791485750635,
f6447c08-8f02-4871-8f0b-342790ac67cd,PROVIDER,1200,1,did:web:ssi-dim-wallet-service.identity:BPNL00000003AZQP,b6a87055-b019-40eb-8c2e-fe9954117676,1791485700236,1791485750935,1791485750935,
e2c8a23b-46ac-4726-90f2-5c56df25b24d,PROVIDER,1200,1,did:web:ssi-dim-wallet-service.identity:BPNL00000003AZQP,3ea3e755-76c7-458e-9ee4-fff5f7479626,1791485700535,1791485750277,1791485750277,
6193601f-86a9-4f69-84c7-c99cedbcd51a,PROVIDER,1200,1,did:web:ssi-dim-wallet-service.identity:BPNL00000003AZQP,1a0cf65c-bf78-47c9-92df-1a63d425d747,1791485700543,1791485750934,1791485750934,
914e8a7c-bfa2-4e1e-8af2-7edaa805c68b,PROVIDER,1200,1,did:web:ssi-dim-wallet-service.identity:BPNL00000003AZQP,f5740e05-da31-4b95-901a-aae40d54190e,1791485700634,1791485755136,1791485755136,
cc2d9d1f-6a11-4305-89ad-7602a2a8a926,PROVIDER,1200,1,did:web:ssi-dim-wallet-service.identity:BPNL00000003AZQP,bf7c1459-2f50-4c43-bb4c-1ae6fab08057,1791485700642,1791485757386,1791485757386,
4b9b120a-2ca6-4364-80ec-5d647abe70e0,PROVIDER,1200,1,did:web:ssi-dim-wallet-service.identity:BPNL00000003AZQP,001b109b-209e-4997-b5b7-955694ee105d,1791485700947,1791485754638,1791485754638,
43d93121-f6ed-4e35-be4a-57f7ffc795b0,PROVIDER,1200,1,did:web:ssi-dim-wallet-service.identity:BPNL00000003AZQP,d19216b9-de71-4e54-b249-c64f13cf3c22,1791485707934,1791485758770,1791485758770,
7f64ea0e-917a-451f-b628-c82e86c1245e,PROVIDER,1200,1,did:web:ssi-dim-wallet-service.identity:BPNL00000003AZQP,685ce00f-dbc7-464c-8eda-37701f1fdd8f,1791485708112,1791485757446,1791485757446,
24fa0931-52a2-487d-bb8b-fd362aafa7a2,PROVIDER,1200,1,did:web:ssi-dim-wallet-service.identity:BPNL00000003AZQP,adaf7b11-150c-47f9-aa00-d1b29b127d91,1791485708350,1791485757368,1791485757368,
44de22c7-d444-458e-8f8c-3ad15d525cf7,PROVIDER,1200,1,did:web:ssi-dim-wallet-service.identity:BPNL00000003AZQP,4c4575e0-c030-46b8-bdd0-bbd8711191f4,1791485708405,1791485757435,1791485757435,
d702443b-09be-406e-b5d7-3980c4f1c856,PROVIDER,1200,1,did:web:ssi-dim-wallet-service.identity:BPNL00000003AZQP,746e61f1-2070-49c2-9cf8-4c3f19db503b,1791485708434,1791485757378,1791485757378,
825b0d0c-260c-4f44-bf14-374a1e925d8d,PROVIDER,1200,1,did:web:ssi-dim-wallet-service.identity:BPNL00000003AZQP,e5cfb1f2-7bd8-43de-8680-415e74911f09,1791485708833,1791485758744,1791485758744,
282f9838-736d-4b45-9fe5-d55b129e9f80,PROVIDER,1200,1,did:web:ssi-dim-wallet-service.identity:BPNL00000003AZQP,2d5e030a-a7f4-4930-9191-02727d68a4fa,1791485708841,1791485758534,1791485758534,
36f0d2c7-e4d2-4bf6-be9a-36e9ca21877c,PROVIDER,1200,1,did:web:ssi-dim-wallet-service.identity:BPNL00000003AZQP,921535cc-cb2a-4635-aafb-4aad325a5cd1,1791485708934,1791485758634,1791485758634,
b91b2c00-ea38-4fa9-b37a-8a1246593224,PROVIDER,1200,1,did:web:ssi-dim-wallet-service.identity:BPNL00000003AZQP,39308a27-e285-4451-89f6-9b99629d9ea4,1791485709104,1791485758935,1791485758935,
9d70b2f5-7098-4f34-88cc-8c5740402b6e,PROVIDER,1200,1,did:web:ssi-dim-wallet-service.identity:BPNL00000003AZQP,c33345f8-da3f-4bfd-8d23-87c8423451d7,1791485709348,1791485760979,1791485760979,
ed5ce2b3-4333-430e-bb0b-ecb773a2ebb9,PROVIDER,1200,1,did:web:ssi-dim-wallet-service.identity:BPNL00000003AZQP,aa1adedd-e3f1-4782-94d5-d4b132a66f62,1791485709405,1791485760796,1791485760796,
0b836c8a-50b5-4f84-b6df-6fd0c10763a8,PROVIDER,1200,1,did:web:ssi-dim-wallet-service.identity:BPNL00000003AZQP,279f5621-a1c2-4950-9428-0fc44c9f8efd,1791485709442,1791485760675,1791485760675,
856086be-0afc-4f5f-8f00-f5a6c64577b5,PROVIDER,1200,1,did:web:ssi-dim-wallet-service.identity:BPNL00000003AZQP,733f783f-e659-4e71-aa40-1610673b29af,1791485709504,1791485761235,1791485761235,
60394f98-63db-4467-ad2e-94b19aa85b44,PROVIDER,1200,1,did:web:ssi-dim-wallet-service.identity:BPNL00000003AZQP,7aa1d1e5-2e2b-4b28-8f93-a9899f5145c8,1791485709534,1791485761077,1791485761077,
52879a16-02fd-4e93-a34f-b3121d21980a,PROVIDER,1200,1,did:web:ssi-dim-wallet-service.identity:BPNL00000003AZQP,08b4e759-b860-46d2-9f35-f2e908d2bebf,1791485709742,1791485765436,1791485765436,
f1533179-6373-4dff-bcd6-913b8a996db7,PROVIDER,1200,1,did:web:ssi-dim-wallet-service.identity:BPNL00000003AZQP,f2242647-ceca-45ac-b7d7-550d5042a6fa,1791485709834,1791485761435,1791485761435,
ebd983e0-55fc-42b6-85a5-a54038053a24,PROVIDER,1200,1,did:web:ssi-dim-wallet-service.identity:BPNL00000003AZQP,2a11fd8b-3209-4fea-9e60-027b371f9962,1791485710037,1791485761379,1791485761379,
c5bbe457-52f5-44e7-bf27-214fd1832dea,PROVIDER,1200,1,did:web:ssi-dim-wallet-service.identity:BPNL00000003AZQP,a75f5cd7-85d8-4f6a-bc7d-9b882d30a41a,1791485710104,1791485765868,1791485765868,
74fedcf2-d393-4f5e-9416-6cb1e07df865,PROVIDER,1200,1,did:web:ssi-dim-wallet-service.identity:BPNL00000003AZQP,4ca5f7eb-fb6e-4757-94c0-77b527413bec,1791485710135,1791485761476,1791485761476,
621f2d27-bff6-4705-9d26-62a0a1d424cb,PROVIDER,1200,1,did:web:ssi-dim-wallet-service.identity:BPNL00000003AZQP,6b6b38a4-2f39-475a-bb91-e7da68198bec,1791485710239,1791485765676,1791485765676,
84640150-16fe-4efb-b718-f13345165cd4,PROVIDER,1200,1,did:web:ssi-dim-wallet-service.identity:BPNL00000003AZQP,bb56a361-689d-4daf-b8c4-9c42d57da332,1791485718141,1791485766075,1791485766075,
89d20998-eae6-4de8-bed6-4cc099ae2336,PROVIDER,1200,1,did:web:ssi-dim-wallet-service.identity:BPNL00000003AZQP,525b4be3-8d0f-4475-81c0-0130cd58d6d0,1791485718244,1791485766134,1791485766134,
10009d75-f748-4742-9238-6c101a62c6a5,PROVIDER,1200,1,did:web:ssi-dim-wallet-service.identity:BPNL00000003AZQP,abdbfb6e-c998-435d-84de-f375e87316c1,1791485718511,1791485765935,1791485765935,
4ff5b93a-46f7-49a1-a5d8-208df8048575,PROVIDER,1200,1,did:web:ssi-dim-wallet-service.identity:BPNL00000003AZQP,88fc77b8-a896-483f-8aec-8ec93eb41422,1791485718711,1791485765778,1791485765778,
830ec6e2-0233-4d3d-a2eb-0559be3255a0,PROVIDER,1200,1,did:web:ssi-dim-wallet-service.identity:BPNL00000003AZQP,ef1334f1-3d02-485b-816d-63efa826106c,1791485718843,1791485767036,1791485767036,
7f209fce-d69a-49ac-b4cf-ff3425561b11,PROVIDER,1200,1,did:web:ssi-dim-wallet-service.identity:BPNL00000003AZQP,63a872a0-f64c-40b0-ac28-802afc8712a3,1791485719034,1791485767147,1791485767147,
ae820298-1d5a-44a2-8f38-dce53f9d907a,PROVIDER,1200,1,did:web:ssi-dim-wallet-service.identity:BPNL00000003AZQP,1aec200d-6c47-44db-a188-23e8ec3f21c8,1791485719226,1791485767246,1791485767246,
7c9dd4ae-6b4a-4d8b-b432-395fbb6a4793,PROVIDER,1200,1,did:web:ssi-dim-wallet-service.identity:BPNL00000003AZQP,22a1573c-119b-4411-91ef-03d96d464a34,1791485719307,1791485767486,1791485767486,
d12b733a-87ba-4dd1-9cd6-b8ba49e2b34e,PROVIDER,1200,1,did:web:ssi-dim-wallet-service.identity:BPNL00000003AZQP,0338f44d-13ae-4bc6-9147-c76c452a6405,1791485719506,1791485767977,1791485767977,
43e518fc-0783-49fc-9665-bf321d741053,PROVIDER,1200,1,did:web:ssi-dim-wallet-service.identity:BPNL00000003AZQP,7e600997-e24d-4324-a80e-32172264821a,1791485719604,1791485767676,1791485767676,
19da42e5-aa68-4c04-b6b3-78e15e361dbd,PROVIDER,1200,1,did:web:ssi-dim-wallet-service.identity:BPNL00000003AZQP,6d92294d-ffd1-4c0d-917b-e41473d6271a,1791485719708,1791485767787,1791485767787,
30159f07-e01c-47a1-9ad6-e0d91cd04e9f,PROVIDER,1200,1,did:web:ssi-dim-wallet-service.identity:BPNL00000003AZQP,440db153-28e3-4fcc-9a63-9cabf7eb63bd,1791485719803,1791485767469,1791485767469,
09199e60-f5d7-4915-9b5d-6d7fde4d749a,PROVIDER,1200,1,did:web:ssi-dim-wallet-service.identity:BPNL00000003AZQP,be715a50-12c7-4845-8556-27a4038fed85,1791485720034,1791485768336,1791485768336,
079ead4f-deee-4be7-b421-12ef1572d25a,PROVIDER,1200,1,did:web:ssi-dim-wallet-service.identity:BPNL00000003AZQP,de27d76a-8ae4-436d-953d-bc648fe69937,1791485720104,1791485768436,1791485768436,
f58b4a16-3941-4ab8-a819-f18f8e365e45,PROVIDER,1200,1,did:web:ssi-dim-wallet-service.identity:BPNL00000003AZQP,46cc3d48-e92c-479b-86fa-47012a2a4729,1791485720104,1791485768549,1791485768549,
e0652866-dab9-4a82-b8fd-b74ceb77879b,PROVIDER,1200,1,did:web:ssi-dim-wallet-service.identity:BPNL00000003AZQP,b29be8f6-b44d-418a-b430-47a4ef834056,1791485720147,1791485768777,1791485768777,
e7e3e261-b1a2-4db2-ab7e-5b7f1f6259ee,PROVIDER,1200,1,did:web:ssi-dim-wallet-service.identity:BPNL00000003AZQP,4b97f4a5-c344-453e-aa99-165602508ed6,1791485720338,1791485769068,1791485769068,
b226b877-db8c-4cc1-b518-caadf9817e22,PROVIDER,1200,1,did:web:ssi-dim-wallet-service.identity:BPNL00000003AZQP,ec7b0d8f-2dfd-46b4-b29d-885a3d5a2682,1791485720534,1791485774478,1791485774478,
a6343ce2-52d6-4f43-8c17-38824d26deb8,PROVIDER,1200,1,did:web:ssi-dim-wallet-service.identity:BPNL00000003AZQP,94703adb-8848-4af4-b2f4-27eddd9fa792,1791485720604,1791485774575,1791485774575,
9cccc1fd-fb19-4bb0-9b6c-e51713780a48,PROVIDER,1200,1,did:web:ssi-dim-wallet-service.identity:BPNL00000003AZQP,75fbf4b5-5928-4aef-a48b-1d51c51f99d5,1791485720740,1791485774776,1791485774776,
0f993a34-4f35-4e2a-b869-47da02b7d1a3,PROVIDER,1200,1,did:web:ssi-dim-wallet-service.identity:BPNL00000003AZQP,79892a7c-6bee-41ca-8b19-c909cd22b3ad,1791485729239,1791485775143,1791485775143,
9e6e24f1-d0fc-4fb8-bbc0-fb4f8ae88ec7,PROVIDER,1200,1,did:web:ssi-dim-wallet-service.identity:BPNL00000003AZQP,30b5d5b0-208a-4c58-87a1-6f85ef92d53c,1791485729311,1791485774936,1791485774936,
b0413e7c-b52a-4e6f-bea6-4091f6994d29,PROVIDER,1200,1,did:web:ssi-dim-wallet-service.identity:BPNL00000003AZQP,940a68c2-bdae-4916-bc56-3a2fa74853d0,1791485729440,1791485774968,1791485774968,
17d90d00-f7cd-434c-8334-85176359522d,PROVIDER,1200,1,did:web:ssi-dim-wallet-service.identity:BPNL00000003AZQP,3c7f2cc2-a9ac-43e3-8c86-c00812bb6f3e,1791485729441,1791485776835,1791485776835,
f2a294db-41ad-493b-ac4e-5691ff115c79,PROVIDER,1200,1,did:web:ssi-dim-wallet-service.identity:BPNL00000003AZQP,8daf8938-2c8f-404a-b425-f4b5b473010b,1791485729536,1791485774744,1791485774744,
6f231e87-2a8d-4165-8e90-e38144e1c0c6,PROVIDER,1200,1,did:web:ssi-dim-wallet-service.identity:BPNL00000003AZQP,68204b5d-7a38-4ce1-a2cb-f6a894a1f274,1791485729635,1791485775268,1791485775268,
d5074abf-cf22-4ff9-bf62-d9c30cac823b,PROVIDER,1200,1,did:web:ssi-dim-wallet-service.identity:BPNL00000003AZQP,f3eb6b7b-4d88-4dcd-b4c4-44caee27f741,1791485729705,1791485775377,1791485775377,
67b88bbf-2968-4727-8964-c103bebddbe6,PROVIDER,1200,1,did:web:ssi-dim-wallet-service.identity:BPNL00000003AZQP,61dcaf01-4b37-4f13-b723-e4edd37e0161,1791485729806,1791485776535,1791485776535,
09043a7a-fe49-45ac-b6b8-81a748a67fed,PROVIDER,1200,1,did:web:ssi-dim-wallet-service.identity:BPNL00000003AZQP,c0e68b54-d55d-4c7d-8332-2667eb41547f,1791485729934,1791485776478,1791485776478,
b64c6c10-1649-48da-bb05-1e98da45cbb1,PROVIDER,1200,1,did:web:ssi-dim-wallet-service.identity:BPNL00000003AZQP,a97468f7-6796-49a5-8f52-5cac5a916672,1791485730006,1791485776142,1791485776142,
dcaa1436-7d7b-4074-b4dc-114235f8488d,PROVIDER,1200,1,did:web:ssi-dim-wallet-service.identity:BPNL00000003AZQP,7de6b937-2560-4ba4-b5bd-b953f2b7fc6c,1791485730105,1791485776634,1791485776634,
8f24949f-24c7-4828-a534-98c9d7c6d2a4,PROVIDER,1200,1,did:web:ssi-dim-wallet-service.identity:BPNL00000003AZQP,cebee2ac-cdae-4369-b0d9-af7cb9a3e0f2,1791485730210,1791485776150,1791485776150,
bbd0c508-e46f-41fb-8c98-725a2d7c88de,PROVIDER,1200,1,did:web:ssi-dim-wallet-service.identity:BPNL00000003AZQP,94fcb0b1-9985-4c84-80f6-6c9245a9d1e4,1791485730237,1791485776768,1791485776768,
ece6cfbb-2b1c-4eaa-afc8-0ab8550ebb3f,PROVIDER,1200,1,did:web:ssi-dim-wallet-service.identity:BPNL00000003AZQP,06760b52-28e7-4a56-a4ce-51320b247b19,1791485730509,1791485776874,1791485776874,
580cff7c-f077-43ca-a696-ba5be1e5f7e0,PROVIDER,1200,1,did:web:ssi-dim-wallet-service.identity:BPNL00000003AZQP,0f2b82e4-f910-4415-94ce-618d79aaa7df,1791485730534,1791485777073,1791485777073,
35910545-4174-463d-89f0-385b34e6df94,PROVIDER,1200,1,did:web:ssi-dim-wallet-service.identity:BPNL00000003AZQP,2305e4a2-48df-4540-8faf-0622485cf5c6,1791485730604,1791485777069,1791485777069,
112866ec-f592-412f-b2f4-f06ad07a2da0,PROVIDER,1200,1,did:web:ssi-dim-wallet-service.identity:BPNL00000003AZQP,b91c338c-d4fb-4062-9daa-0e760cf4dd86,1791485730804,1791485785835,1791485785835,
0f2e631e-6385-455f-8c33-541f6eae5f38,PROVIDER,1200,1,did:web:ssi-dim-wallet-service.identity:BPNL00000003AZQP,855a56dc-3b8f-4b13-9cc2-57cc453e9d6c,1791485731104,1791485776849,1791485776849,
71e30f90-0968-4dff-8446-518981e620f4,PROVIDER,1200,1,did:web:ssi-dim-wallet-service.identity:BPNL00000003AZQP,19daf163-e9a1-49aa-be0f-8099e45407ef,1791485731104,1791485785947,1791485785947,
dc668786-2fdf-4ee8-8f24-52bd73f5447f,PROVIDER,1200,1,did:web:ssi-dim-wallet-service.identity:BPNL00000003AZQP,0f1216d8-abad-40cc-ab9e-4e56fbeec0f2,1791485731234,1791485785867,1791485785867,
91e298a1-1567-41c3-aaff-a6ab981e1185,PROVIDER,1200,1,did:web:ssi-dim-wallet-service.identity:BPNL00000003AZQP,2a1c3b46-4623-404f-898b-5112e054f06d,1791485738533,1791485786434,1791485786434,
988c79d9-2839-44b8-b8a6-613dca101691,PROVIDER,1200,1,did:web:ssi-dim-wallet-service.identity:BPNL00000003AZQP,00cff0d5-7137-48a0-b427-3a482ce408e2,1791485738544,1791485785938,1791485785938,
29b2a2e5-c6c7-4af3-8e76-5676af461fa4,PROVIDER,1200,1,did:web:ssi-dim-wallet-service.identity:BPNL00000003AZQP,c05e8355-f5ee-463a-8829-2b588658f2bb,1791485738604,1791485786368,1791485786368,
22f16f81-1950-402a-aeff-f6ebb4239c72,PROVIDER,1200,1,did:web:ssi-dim-wallet-service.identity:BPNL00000003AZQP,0d5a8e00-ccac-431d-ac3a-d2a3ada413be,1791485738704,1791485786585,1791485786585,
523522e2-21aa-41e1-8488-48f051baabc4,PROVIDER,1200,1,did:web:ssi-dim-wallet-service.identity:BPNL00000003AZQP,62b32de3-55a3-47a7-8cfc-3005a3abe655,1791485738746,1791485786638,1791485786638,
717705a8-d272-4899-860e-6ae676504c90,PROVIDER,1200,1,did:web:ssi-dim-wallet-service.identity:BPNL00000003AZQP,ca7bfc40-aa8e-48ce-b0f9-68c78501b7aa,1791485738803,1791485790068,1791485790068,
160376ad-55af-481b-8caa-f8e5c47b4564,PROVIDER,1200,1,did:web:ssi-dim-wallet-service.identity:BPNL00000003AZQP,1d8b0b55-2682-43e4-b2de-0af84a02a61b,1791485738840,1791485789936,1791485789936,
b396b5fb-17d8-4363-854c-2dc5717b814f,PROVIDER,1200,1,did:web:ssi-dim-wallet-service.identity:BPNL00000003AZQP,b61dc27f-e4bd-40f5-840a-16bd70254553,1791485738844,1791485790069,1791485790069,
73d0f1e1-60e5-4a83-bfbe-6237daf68962,PROVIDER,1200,1,did:web:ssi-dim-wallet-service.identity:BPNL00000003AZQP,241073a8-4e89-49c2-aa2e-0a3569c81aca,1791485738943,1791485790546,1791485790546,
bc7a58b2-9c92-4b08-80e1-acfe79302b8b,PROVIDER,1200,1,did:web:ssi-dim-wallet-service.identity:BPNL00000003AZQP,bb328287-b1b4-4855-89cd-b415eed1ed09,1791485739062,1791485790068,1791485790068,
c0b25372-53b6-44c4-9da2-ccbf0993d2ee,PROVIDER,1200,1,did:web:ssi-dim-wallet-service.identity:BPNL00000003AZQP,92690b4f-6075-408e-ab12-a4b50b407bec,1791485739236,1791485791076,1791485791076,
554685c2-390e-40b5-ae4f-015e148450c9,PROVIDER,1200,1,did:web:ssi-dim-wallet-service.identity:BPNL00000003AZQP,cf8b6eb9-16c6-40de-8270-f511784f6a91,1791485739903,1791485790635,1791485790635,
506f27b6-e51a-4b8f-bc76-6ddfc7d5b76b,PROVIDER,1200,1,did:web:ssi-dim-wallet-service.identity:BPNL00000003AZQP,9b9f1923-3246-4ab4-b2ca-4a9ee6e17183,1791485739936,1791485790235,1791485790235,
84c28409-d29e-45d9-9b8c-5449d50f4bcc,PROVIDER,1200,1,did:web:ssi-dim-wallet-service.identity:BPNL00000003AZQP,3686cfe0-3b69-4cba-babc-def929e7d987,1791485740005,1791485791070,1791485791070,
4d592191-64a6-4f7a-805c-2bb1e381a4cd,PROVIDER,1200,1,did:web:ssi-dim-wallet-service.identity:BPNL00000003AZQP,ca6eb056-1732-45a6-8f93-9eff11eb7377,1791485740135,1791485792683,1791485792683,
b685589b-ab22-4566-ad8b-08a9f8871f24,PROVIDER,1200,1,did:web:ssi-dim-wallet-service.identity:BPNL00000003AZQP,d8405660-bb75-4873-b974-3cfe18bb5514,1791485740207,1791485792234,1791485792234,
00599fcf-3d2f-46fd-82ff-309df6a989b6,PROVIDER,1200,1,did:web:ssi-dim-wallet-service.identity:BPNL00000003AZQP,1eb79f1a-927a-4235-b640-2671bfa4c5ed,1791485740535,1791485795005,1791485795005,
b1553747-400b-45ed-aee4-52fe4435a786,PROVIDER,1200,1,did:web:ssi-dim-wallet-service.identity:BPNL00000003AZQP,b57a7223-1194-4cfd-9627-547028fcb6cd,1791485740635,1791485792670,1791485792670,
fa59e081-5a2f-49a4-b54e-351f97ad8dda,PROVIDER,1200,1,did:web:ssi-dim-wallet-service.identity:BPNL00000003AZQP,1af60712-5bc8-4001-a490-bc50d23feccc,1791485740935,1791485795133,1791485795133,
166502fe-90c8-4675-8456-cd834960f43d,PROVIDER,1200,1,did:web:ssi-dim-wallet-service.identity:BPNL00000003AZQP,42866c5c-bb45-4696-8792-cd5107438323,1791485741106,1791485794779,1791485794779,
383474ca-bee4-46bb-9865-09fbc1bead57,PROVIDER,1200,1,did:web:ssi-dim-wallet-service.identity:BPNL00000003AZQP,cc3921fa-1816-4c5f-b191-6d914889c708,1791485747633,1791485795894,1791485795894,
19f4e5b5-8121-4e2a-b738-cae38e6d5451,PROVIDER,1200,1,did:web:ssi-dim-wallet-service.identity:BPNL00000003AZQP,451ed58f-08b0-4d9b-9a0e-8f42e1e6b7de,1791485747641,1791485795828,1791485795828,
6fe0bc7c-2e36-4dec-913d-aeb54f4f01eb,PROVIDER,1200,1,did:web:ssi-dim-wallet-service.identity:BPNL00000003AZQP,74842ad4-3a3f-4501-9545-2d0a1e74e1a6,1791485747738,1791485795705,1791485795705,
e1c89ba4-5229-4911-a30f-41977a1ed2d6,PROVIDER,1200,1,did:web:ssi-dim-wallet-service.identity:BPNL00000003AZQP,876a51bc-041a-4612-bdb9-0df3b8c237d1,1791485747834,1791485796144,1791485796144,
4e0fa635-f658-4479-ac26-9347e991bb64,PROVIDER,1200,1,did:web:ssi-dim-wallet-service.identity:BPNL00000003AZQP,ddb08966-2bde-456c-bd1c-1cb68772ab18,1791485747835,1791485796269,1791485796269,
eebe1a10-c037-40ad-be94-f8b007053462,PROVIDER,1200,1,did:web:ssi-dim-wallet-service.identity:BPNL00000003AZQP,c0d082de-a5e7-4ff5-a792-2922ea2fb038,1791485748042,1791485795819,1791485795819,
52ff75d0-7632-48f2-8437-3630374daf6d,PROVIDER,1200,1,did:web:ssi-dim-wallet-service.identity:BPNL00000003AZQP,daaa850e-26eb-4c9e-816f-b4a169b5bff6,1791485748105,1791485796569,1791485796569,
d509c7e5-64e7-4afb-a549-287b5fd1e88f,PROVIDER,1200,1,did:web:ssi-dim-wallet-service.identity:BPNL00000003AZQP,8c1ba89c-5420-41bb-9b7b-805ae82f620f,1791485748304,1791485796768,1791485796768,
037b9300-79ea-4a51-a903-3c85fc8fab32,PROVIDER,1200,1,did:web:ssi-dim-wallet-service.identity:BPNL00000003AZQP,f5fb6360-7f76-4ae0-82bd-1f40af77df8a,1791485748334,1791485796743,1791485796743,
68970924-1686-417b-b783-373c63ed0739,PROVIDER,1200,1,did:web:ssi-dim-wallet-service.identity:BPNL00000003AZQP,93025dff-4edf-46fa-bae7-ea83ea288f47,1791485748537,1791485796777,1791485796777,
5268bc84-069b-4f78-bf99-dcd53baad382,PROVIDER,1200,1,did:web:ssi-dim-wallet-service.identity:BPNL00000003AZQP,2f160514-93da-490d-85c6-8069c04ff837,1791485748705,1791485797286,1791485797286,
80188cf4-1e05-43d1-8f5b-d73892a192ac,PROVIDER,1200,1,did:web:ssi-dim-wallet-service.identity:BPNL00000003AZQP,5697ecf9-af60-4e95-ad1b-fee3d0b9a5b5,1791485748734,1791485797168,1791485797168,
69500b69-a229-4cea-a279-b92c0dc6da05,PROVIDER,1200,1,did:web:ssi-dim-wallet-service.identity:BPNL00000003AZQP,c6c28925-6cf4-48c5-acb4-a83abd70afd4,1791485748934,1791485797245,1791485797245,
0271119d-558c-434c-b865-2eac8a13fa8b,PROVIDER,1200,1,did:web:ssi-dim-wallet-service.identity:BPNL00000003AZQP,db9b4a10-b152-48be-bea7-deea39a2463e,1791485748948,1791485797379,1791485797379,
cdd64cd1-5e7c-40c2-93fe-e6d2fbb789e2,PROVIDER,1200,1,did:web:ssi-dim-wallet-service.identity:BPNL00000003AZQP,ab990bd6-8687-43ea-8d9d-c1539e76f749,1791485749405,1791485797286,1791485797286,
46a822d6-358e-42f9-972e-9f8dd50cb3e8,PROVIDER,1200,1,did:web:ssi-dim-wallet-service.identity:BPNL00000003AZQP,8856faae-c81a-4c55-9097-93ebb7093a1c,1791485749534,1791485797775,1791485797775,
2d22387b-38d2-43c1-bf4b-12f3d705f3a1,PROVIDER,1200,1,did:web:ssi-dim-wallet-service.identity:BPNL00000003AZQP,99e07304-fb87-4ab3-8167-d04461fd61a2,1791485749546,1791485797885,1791485797885,
951973f3-1066-4932-a199-01e106adf302,PROVIDER,1200,1,did:web:ssi-dim-wallet-service.identity:BPNL00000003AZQP,4d9f815b-3842-4501-a2f6-3c2309876953,1791485749935,1791485802423,1791485802423,
ceef4b8b-11f2-4ad3-93eb-59d5e13e14c4,PROVIDER,1200,1,did:web:ssi-dim-wallet-service.identity:BPNL00000003AZQP,bda8175a-94d4-4689-9297-91d85e1a729e,1791485749952,1791485802534,1791485802534,
c212ad63-bc82-4fb2-99cc-3788bdbe0d68,PROVIDER,1200,1,did:web:ssi-dim-wallet-service.identity:BPNL00000003AZQP,097182ce-8953-4500-b95f-fb3220be12a6,1791485750236,1791485802606,1791485802606,
6c06ce7a-bd8a-4656-b347-4b25a9f1e4b7,PROVIDER,1200,1,did:web:ssi-dim-wallet-service.identity:BPNL00000003AZQP,8f100a5f-8b7f-4e6c-80b2-55b7abc8da64,1791485757317,1791485802605,1791485802605,
a4f1500b-db23-41a3-95bc-486644fb63d2,PROVIDER,1200,1,did:web:ssi-dim-wallet-service.identity:BPNL00000003AZQP,fcc1629e-a7b8-4a46-bb40-2d5baa8e63c3,1791485757505,1791485804169,1791485804169,
4100d6e2-5763-4852-9d65-f6041f812f8a,PROVIDER,1200,1,did:web:ssi-dim-wallet-service.identity:BPNL00000003AZQP,c4fed651-7446-49a5-a084-97167ee32bd5,1791485757604,1791485802237,1791485802237,
0502716c-9140-4c60-a19a-78479b0861b6,PROVIDER,1200,1,did:web:ssi-dim-wallet-service.identity:BPNL00000003AZQP,9d939699-2a64-4944-b6f6-6b59785bc2e9,1791485757640,1791485803777,1791485803777,
ab2327c2-9b44-482e-951b-e6330fa65692,PROVIDER,1200,1,did:web:ssi-dim-wallet-service.identity:BPNL00000003AZQP,42fbba43-06f7-4d6f-afb1-48f260dcafe9,1791485758037,1791485804170,1791485804170,
96ce5493-650a-4ab2-b41e-cff74689b932,PROVIDER,1200,1,did:web:ssi-dim-wallet-service.identity:BPNL00000003AZQP,3c63b3c3-0eff-46eb-bf98-83bb6f3a7278,1791485758205,1791485803784,1791485803784,
e8a7841b-a1cc-4987-8ca1-522dc5e74688,PROVIDER,1200,1,did:web:ssi-dim-wallet-service.identity:BPNL00000003AZQP,d48759b6-9b36-48e8-9f86-b7aad79e8eab,1791485758504,1791485804084,1791485804084,
d171b9a0-5c54-4dc1-9d68-8c87b395f953,PROVIDER,1200,1,did:web:ssi-dim-wallet-service.identity:BPNL00000003AZQP,4c2022d9-afbb-42b5-806f-2e8eb478d093,1791485758611,1791485804668,1791485804668,
d50a5e4e-a02b-4cea-8915-508352260378,PROVIDER,1200,1,did:web:ssi-dim-wallet-service.identity:BPNL00000003AZQP,a2aa5bd8-8891-4266-b3d7-5a5301f9d1d9,1791485758611,1791485804378,1791485804378,
e3acf16d-03e3-47ab-b9fe-89ddce722caf,PROVIDER,1200,1,did:web:ssi-dim-wallet-service.identity:BPNL00000003AZQP,a7f86c33-fb63-405d-9bc3-54477b6ea778,1791485759034,1791485804446,1791485804446,
360252a9-f558-4160-8161-54dca355e50e,PROVIDER,1200,1,did:web:ssi-dim-wallet-service.identity:BPNL00000003AZQP,58fec250-e62c-42e1-ae0d-b461c5444675,1791485759334,1791485804640,1791485804640,
bff19ced-68c7-4b0d-b7a9-c7a8a11bf893,PROVIDER,1200,1,did:web:ssi-dim-wallet-service.identity:BPNL00000003AZQP,e68e8364-bfea-4f13-8ac3-9474dfd970cd,1791485759403,1791485805036,1791485805036,
9377ed38-1ce4-4537-a008-d75782b2252c,PROVIDER,1200,1,did:web:ssi-dim-wallet-service.identity:BPNL00000003AZQP,23bff6c0-a97a-40a9-8943-6ccbf8b671f1,1791485759408,1791485805036,1791485805036,
aae9446c-cda5-41fb-9edb-b8aea4845818,PROVIDER,1200,1,did:web:ssi-dim-wallet-service.identity:BPNL00000003AZQP,a07c7ce1-f4bf-4645-86b1-88f026a51942,1791485759504,1791485805068,1791485805068,
8f923bb6-78c7-43c9-a83c-044eca89be07,PROVIDER,1200,1,did:web:ssi-dim-wallet-service.identity:BPNL00000003AZQP,6267676d-c018-427c-9a5b-dff70ccf3bed,1791485759804,1791485804675,1791485804675,
6a1c62cf-e434-459e-99bc-901af5ddf4fa,PROVIDER,1200,1,did:web:ssi-dim-wallet-service.identity:BPNL00000003AZQP,c80dc1cc-9744-4804-b6bd-f8a5127ada81,1791485759934,1791485805136,1791485805136,
44e372da-5f68-4516-91a0-42cabcce5236,PROVIDER,1200,1,did:web:ssi-dim-wallet-service.identity:BPNL00000003AZQP,94123eb7-bbe1-4c40-8467-a4eabdfd55e6,1791485760005,1791485805077,1791485805077,
5280f584-f687-4d5e-bc07-b5f9269ae864,PROVIDER,1200,1,did:web:ssi-dim-wallet-service.identity:BPNL00000003AZQP,aaee0a62-9537-43cc-8d26-8801c9b20553,1791485760106,1791485815048,1791485815048,
7e520c05-6e07-4297-aaf3-917a4fc64348,PROVIDER,1200,1,did:web:ssi-dim-wallet-service.identity:BPNL00000003AZQP,0b9d76e6-059c-4f00-8daa-23df00d7e2f0,1791485760234,1791485815434,1791485815434,
40d43c71-b4c9-4924-a04a-fcab7c0557e5,PROVIDER,1200,1,did:web:ssi-dim-wallet-service.identity:BPNL00000003AZQP,386fe7bd-193d-45a7-939e-c8e5443cbf3f,1791485760604,1791485815235,1791485815235,
8405b8c2-2173-4df9-84e4-b6f2b70d85a1,PROVIDER,1200,1,did:web:ssi-dim-wallet-service.identity:BPNL00000003AZQP,5bff3585-39bb-4cf8-bbc9-841ff674d2a4,1791485767749,1791485815668,1791485815668,
c1d45e69-4e93-4ce5-bf1a-d1f578577e4d,PROVIDER,1200,1,did:web:ssi-dim-wallet-service.identity:BPNL00000003AZQP,8f5df371-ca4c-45e3-bf46-dea5fff75f47,1791485768206,1791485815769,1791485815769,
ae9266ce-178e-49df-b894-1382c2648bd5,PROVIDER,1200,1,did:web:ssi-dim-wallet-service.identity:BPNL00000003AZQP,02187073-1f20-4a8a-a891-8dbead3ac896,1791485768434,1791485815776,1791485815776,
4222f206-15e4-4020-9859-051cf8f6c21a,PROVIDER,1200,1,did:web:ssi-dim-wallet-service.identity:BPNL00000003AZQP,56b56a2e-e336-4961-9b23-495578c1058b,1791485768505,1791485815268,1791485815268,
44df9013-13f8-4cec-b8de-4ff918ee6af3,PROVIDER,1200,1,did:web:ssi-dim-wallet-service.identity:BPNL00000003AZQP,6ade7eca-2653-4b5b-b6b5-f00b241b0f10,1791485768618,1791485815036,1791485815036,
2df7393e-678c-4d44-a227-c8937c94ffd1,PROVIDER,1200,1,did:web:ssi-dim-wallet-service.identity:BPNL00000003AZQP,3594f8dd-ee93-44be-9d7c-c4834c8d945e,1791485768744,1791485816055,1791485816055,
2bc716c5-9cc9-4f5c-a914-73f7c3a1aa73,PROVIDER,1200,1,did:web:ssi-dim-wallet-service.identity:BPNL00000003AZQP,c404fc80-c9c9-4f67-bb5d-ad1a77ea0602,1791485768907,1791485815934,1791485815934,
987e6c57-b9f4-46a8-8f77-250e6bcf47c1,PROVIDER,1200,1,did:web:ssi-dim-wallet-service.identity:BPNL00000003AZQP,4d0f2201-1959-4bb7-a579-7abb535e5710,1791485768935,1791485816282,1791485816282,
55d41b83-2b0e-4747-a5c0-89b67889d383,PROVIDER,1200,1,did:web:ssi-dim-wallet-service.identity:BPNL00000003AZQP,925b7196-a496-4002-af43-6b7013a4fb57,1791485768944,1791485816271,1791485816271,
e3fbd492-d74d-4faf-8444-8144f944b6bf,PROVIDER,1200,1,did:web:ssi-dim-wallet-service.identity:BPNL00000003AZQP,5de9ddbd-b8d5-4aa5-b307-57f5b92c79d5,1791485769039,1791485816636,1791485816636,
9575458d-0bc8-49d7-a819-1b0cc645619a,PROVIDER,1200,1,did:web:ssi-dim-wallet-service.identity:BPNL00000003AZQP,6b1ab90b-2fc7-4c04-8ddd-7fa38c8badfd,1791485769039,1791485816144,1791485816144,
a0c5c544-55a0-465c-bfd1-7b676c83fa1b,PROVIDER,1200,1,did:web:ssi-dim-wallet-service.identity:BPNL00000003AZQP,37ee73d1-69f1-4534-a0a7-c53cd4a72f1c,1791485769243,1791485816548,1791485816548,
5f823b05-84c5-43b9-9bd6-95c1f01ca7f2,PROVIDER,1200,1,did:web:ssi-dim-wallet-service.identity:BPNL00000003AZQP,7f9dce04-6118-4136-8757-c7d366466b31,1791485769334,1791485816536,1791485816536,
4e180328-bc7c-401e-a08a-add97482f4e5,PROVIDER,1200,1,did:web:ssi-dim-wallet-service.identity:BPNL00000003AZQP,7077e43e-6848-467c-ae4c-5cf051a1603a,1791485769413,1791485816434,1791485816434,
46c7c497-ffa2-4292-9d4a-b92de277d21b,PROVIDER,1200,1,did:web:ssi-dim-wallet-service.identity:BPNL00000003AZQP,6f9e198d-5de7-48e6-b724-57321a00c717,1791485769540,1791485816668,1791485816668,
9b94d98c-2ad2-4091-bdeb-73e0179868e1,PROVIDER,1200,1,did:web:ssi-dim-wallet-service.identity:BPNL00000003AZQP,f662416f-5cde-4a6e-a94e-287c8fc4ddec,1791485769705,1791485816874,1791485816874,
c1e254e9-850e-4f31-905c-8b43b608931d,PROVIDER,1200,1,did:web:ssi-dim-wallet-service.identity:BPNL00000003AZQP,b0a75c51-5eb2-4883-9cd5-976bc3783d18,1791485769734,1791485816881,1791485816881,
5f686bd7-5f48-49eb-8583-4df7b05a69c5,PROVIDER,1200,1,did:web:ssi-dim-wallet-service.identity:BPNL00000003AZQP,4136699c-d4c0-49b9-8d8e-16d8362a8a28,1791485769735,1791485821633,1791485821633,
69ad997f-d7b4-4a8f-922a-c9530639ec79,PROVIDER,1200,1,did:web:ssi-dim-wallet-service.identity:BPNL00000003AZQP,6f6790fe-99fc-4f4d-9e80-572aaa8e63c1,1791485769835,1791485821134,1791485821134,
d4a188dd-48eb-4c7b-81a7-d4452c6ee676,PROVIDER,1200,1,did:web:ssi-dim-wallet-service.identity:BPNL00000003AZQP,2cc9cc79-59fa-4db4-ba90-9cdb5be096f7,1791485769904,1791485821968,1791485821968,
4f11934c-8baf-4bf0-80b4-db1fc74ad7a6,PROVIDER,1200,1,did:web:ssi-dim-wallet-service.identity:BPNL00000003AZQP,1e1520f1-9122-4efe-9f3c-30382f9b3603,1791485778335,1791485822235,1791485822235,
86c9536c-f121-45e0-a614-0a699dcef2bf,PROVIDER,1200,1,did:web:ssi-dim-wallet-service.identity:BPNL00000003AZQP,dd3f91b5-89c4-4610-9309-9e0979cec1e9,1791485778535,1791485821479,1791485821479,
e6178562-0156-4ba5-8fea-7afb595f0776,PROVIDER,1200,1,did:web:ssi-dim-wallet-service.identity:BPNL00000003AZQP,2f4801c4-a592-4dca-ba4e-f12a92b61b7a,1791485778635,1791485821636,1791485821636,
06e1ce0f-2c68-483a-8cd3-dacaf4ef0fda,PROVIDER,1200,1,did:web:ssi-dim-wallet-service.identity:BPNL00000003AZQP,26f74a49-b7d7-47cb-9b09-97c479429f64,1791485778705,1791485821736,1791485821736,
46861a41-bd9a-470f-aa99-7a2cbd25f879,PROVIDER,1200,1,did:web:ssi-dim-wallet-service.identity:BPNL00000003AZQP,71ae098e-a243-49ac-be35-1a8624dee66f,1791485778709,1791485822169,1791485822169,
725ee0ed-fbda-40e2-a6de-521c07d21116,PROVIDER,1200,1,did:web:ssi-dim-wallet-service.identity:BPNL00000003AZQP,39609292-de59-43c9-a4c8-62ac66e64d23,1791485778805,1791485823837,1791485823837,
9dad56dd-f1ad-4dc9-a87b-2b62e271d7e0,PROVIDER,1200,1,did:web:ssi-dim-wallet-service.identity:BPNL00000003AZQP,25ee697e-80ce-442c-8de5-092eda6fb0fd,1791485779034,1791485824133,1791485824133,
8a6884aa-2b65-49f2-a1f5-24382fa861b9,PROVIDER,1200,1,did:web:ssi-dim-wallet-service.identity:BPNL00000003AZQP,16143235-f998-4b2d-902f-e65928ff5d94,1791485779205,1791485823868,1791485823868,
85636ae5-335b-4a01-898a-e65a8abe4f3f,PROVIDER,1200,1,did:web:ssi-dim-wallet-service.identity:BPNL00000003AZQP,22a5d4da-959e-417b-a5da-eddc17b27694,1791485779247,1791485824169,1791485824169,
44193050-80e2-429b-b0d1-9fe6b08f1944,PROVIDER,1200,1,did:web:ssi-dim-wallet-service.identity:BPNL00000003AZQP,0850a97a-b8b1-404d-a050-392aa433a3c8,1791485779409,1791485824235,1791485824235,
5fc5edda-54d1-4767-8e07-190e28baa94e,PROVIDER,1200,1,did:web:ssi-dim-wallet-service.identity:BPNL00000003AZQP,5ce7998e-46b8-4e24-a2cc-569b18305f65,1791485779437,1791485824677,1791485824677,
5c305dc0-cb27-4e38-af54-8abbc25344ad,PROVIDER,1200,1,did:web:ssi-dim-wallet-service.identity:BPNL00000003AZQP,2d91b217-077e-4b16-afaf-b1f24d9c6564,1791485779638,1791485824686,1791485824686,
cb41d8ca-5bc7-4772-be32-175cc2bb8080,PROVIDER,1200,1,did:web:ssi-dim-wallet-service.identity:BPNL00000003AZQP,94511d4f-227c-4b2f-9fe9-9eafea0373f1,1791485779804,1791485825134,1791485825134,
e7c54c32-598e-4502-ab10-a2709bf4553b,PROVIDER,1200,1,did:web:ssi-dim-wallet-service.identity:BPNL00000003AZQP,ab90cadf-ae55-40da-acb7-07e8dc136d67,1791485779906,1791485824785,1791485824785,
a14dc68b-04ef-4cd9-81d5-e8596e6f62d0,PROVIDER,1200,1,did:web:ssi-dim-wallet-service.identity:BPNL00000003AZQP,50b5b44e-1e57-4b39-8561-fd178c18ed01,1791485779906,1791485824968,1791485824968,
d019e6cb-45f9-4256-b26e-775aab0b2b86,PROVIDER,1200,1,did:web:ssi-dim-wallet-service.identity:BPNL00000003AZQP,bd0c4449-c915-4321-b24e-d503662672e3,1791485780034,1791485827541,1791485827541,
a88ae5d7-5c13-470b-9cbb-437f703ced82,PROVIDER,1200,1,did:web:ssi-dim-wallet-service.identity:BPNL00000003AZQP,389a030b-bf65-4cce-b4b2-30191baa3f65,1791485780035,1791485824785,1791485824785,
5c63f046-28dd-4cdd-a955-70e525a08639,PROVIDER,1200,1,did:web:ssi-dim-wallet-service.identity:BPNL00000003AZQP,117df63c-e825-4d71-ac17-08d4bb5e87c2,1791485780204,1791485831635,1791485831635,
4205f137-f0cc-44d7-9690-88ea39ba5240,PROVIDER,1200,1,did:web:ssi-dim-wallet-service.identity:BPNL00000003AZQP,cd338745-39e6-4441-89cf-1243707606c3,1791485780248,1791485829368,1791485829368,
3879d92a-1918-413f-aabf-c2c8877a720d,PROVIDER,1200,1,did:web:ssi-dim-wallet-service.identity:BPNL00000003AZQP,f9996b65-8da5-4c74-9415-4e6ccf1ac500,1791485780443,1791485831835,1791485831835,
1fca46e6-4fde-47a4-ba67-561aebaa1cee,PROVIDER,1200,1,did:web:ssi-dim-wallet-service.identity:BPNL00000003AZQP,b14b3533-4d58-4b4e-b68b-9fa88349fbe5,1791485787911,1791485831680,1791485831680,
62bb858d-9a62-423e-baba-df9687283a6b,PROVIDER,1200,1,did:web:ssi-dim-wallet-service.identity:BPNL00000003AZQP,fff60e73-6d82-48ca-a7eb-89feb03a3b07,1791485787935,1791485832069,1791485832069,
1775e17a-c60a-4dd3-b7dd-cffec38b287d,PROVIDER,1200,1,did:web:ssi-dim-wallet-service.identity:BPNL00000003AZQP,92ef33e8-ddac-4d04-ac81-3b62c161388c,1791485788141,1791485831668,1791485831668,
e265d5f8-8e3e-4434-9acf-2b48f97a5d9a,PROVIDER,1200,1,did:web:ssi-dim-wallet-service.identity:BPNL00000003AZQP,344c3e96-fd18-480e-b4a5-9f3e0a0520df,1791485788145,1791485832469,1791485832469,
004c48f3-8297-4bd6-8073-7d47c6c23003,PROVIDER,1200,1,did:web:ssi-dim-wallet-service.identity:BPNL00000003AZQP,d0126aad-6f83-4dd2-b270-4c2aa289fff8,1791485788235,1791485832169,1791485832169,
6a3bc686-94cd-4d00-9bbd-15e608c41421,PROVIDER,1200,1,did:web:ssi-dim-wallet-service.identity:BPNL00000003AZQP,cc7b58dd-717f-47c7-b02d-4af931f86ad9,1791485788641,1791485832235,1791485832235,
f6552d1c-9715-4ec0-a7b4-e87f6fea374e,PROVIDER,1200,1,did:web:ssi-dim-wallet-service.identity:BPNL00000003AZQP,94bee115-f8a1-42cf-bb90-ddb51ec12271,1791485789204,1791485834868,1791485834868,
66142e93-7e56-423c-9908-d6a26b3dec21,PROVIDER,1200,1,did:web:ssi-dim-wallet-service.identity:BPNL00000003AZQP,f30aaafb-18cc-4fc7-a591-741810acbea4,1791485789351,1791485832284,1791485832284,
566e76e0-4839-4c1c-9caf-2a3edb5782bf,PROVIDER,1200,1,did:web:ssi-dim-wallet-service.identity:BPNL00000003AZQP,8436def5-f778-427c-aa95-623dc6b22206,1791485789408,1791485834834,1791485834834,
854b1745-397e-400f-b210-1fa56fe00e9c,PROVIDER,1200,1,did:web:ssi-dim-wallet-service.identity:BPNL00000003AZQP,ba186368-4a0f-43e6-91b5-385e04f3faf1,1791485789503,1791485835181,1791485835181,
3f35fb55-cfec-4d0e-b282-c5cf01cbdf4f,PROVIDER,1200,1,did:web:ssi-dim-wallet-service.identity:BPNL00000003AZQP,714e7d86-805f-461f-81d7-a90732230ef7,1791485789516,1791485835219,1791485835219,
acb8654c-3437-4ae5-911c-9bdd9d28332a,PROVIDER,1200,1,did:web:ssi-dim-wallet-service.identity:BPNL00000003AZQP,996bef53-889a-4ff0-bee1-8c6b3f23c3ea,1791485789705,1791485835127,1791485835127,
6619aad3-8e73-471e-add7-db3e47132283,PROVIDER,1200,1,did:web:ssi-dim-wallet-service.identity:BPNL00000003AZQP,8d871673-514b-4425-bdab-f58354316c7c,1791485789817,1791485835284,1791485835284,
f79a4a82-1ff0-4f46-8352-1e446234fd2f,PROVIDER,1200,1,did:web:ssi-dim-wallet-service.identity:BPNL00000003AZQP,fd1d1072-6135-4b40-aba0-74694575c8f4,1791485789909,1791485835242,1791485835242,
e32b6dde-6b03-4973-afcf-971617041adf,PROVIDER,1200,1,did:web:ssi-dim-wallet-service.identity:BPNL00000003AZQP,ac65a494-20b0-43e3-b955-10c2484c44ab,1791485790337,1791485835196,1791485835196,
4986d1e7-c98c-4c14-95ca-d70caa60c7a1,PROVIDER,1200,1,did:web:ssi-dim-wallet-service.identity:BPNL00000003AZQP,ac57becc-9cd2-4521-8676-51e706248b19,1791485790337,1791485838644,1791485838644,
35f67e28-67a5-444c-9367-1e38a9f52496,PROVIDER,1200,1,did:web:ssi-dim-wallet-service.identity:BPNL00000003AZQP,b67c0626-cc6f-4df1-8d06-cd8f68962360,1791485790406,1791485835783,1791485835783,
87480162-c685-416d-93c5-0349f8685366,PROVIDER,1200,1,did:web:ssi-dim-wallet-service.identity:BPNL00000003AZQP,2c658ade-5c43-4947-b5cf-1afc0c776d05,1791485790436,1791485838634,1791485838634,
5c97e84e-ce77-4f3b-b5f0-eda4b238dfa1,PROVIDER,1200,1,did:web:ssi-dim-wallet-service.identity:BPNL00000003AZQP,5df48af6-0929-4949-8beb-b31d607eff21,1791485790504,1791485835777,1791485835777,
8359f8fd-71aa-4f1e-a190-bae436bb8534,PROVIDER,1200,1,did:web:ssi-dim-wallet-service.identity:BPNL00000003AZQP,f9b3590f-c388-4406-8a4a-3f6f342ac1d4,1791485790739,1791485838633,1791485838633,
f66be578-59b5-4a6e-baf0-1a0050bf9eca,PROVIDER,1200,1,did:web:ssi-dim-wallet-service.identity:BPNL00000003AZQP,1264c95e-a095-4778-b971-f0b6e013d751,1791485795255,1791485841534,1791485841534,
aac29e4d-5846-49b0-8ff4-25aedb58a2a7,PROVIDER,1200,1,did:web:ssi-dim-wallet-service.identity:BPNL00000003AZQP,0cc08c81-a52f-47fc-b73a-7ec9354ae4ed,1791485795339,1791485838570,1791485838570,
e5331d0b-6387-4dfe-9a65-fb01112faaf2,PROVIDER,1200,1,did:web:ssi-dim-wallet-service.identity:BPNL00000003AZQP,c653ca62-8906-4910-9eb6-f535610b2bb4,1791485795343,1791485841736,1791485841736,
dd943927-c2d9-4cbc-9c31-82a401c2e2b9,PROVIDER,1200,1,did:web:ssi-dim-wallet-service.identity:BPNL00000003AZQP,e48a1994-1b10-480e-bd15-2b8111ae38c9,1791485795441,1791485841835,1791485841835,
4f861fdc-0faf-4e3e-afb5-ec74a5fb6313,PROVIDER,1200,1,did:web:ssi-dim-wallet-service.identity:BPNL00000003AZQP,0fbfbb4b-0218-4ec7-a247-5aebf0963637,1791485795537,1791485838537,1791485838537,
39d62b14-5d4e-455b-919b-2e2bc538acc0,PROVIDER,1200,1,did:web:ssi-dim-wallet-service.identity:BPNL00000003AZQP,38b401f7-6c55-4566-930c-edbeff2b14ca,1791485795645,1791485841553,1791485841553,
3c8c7d0e-f627-4ad4-8a40-e11dd38540d0,PROVIDER,1200,1,did:web:ssi-dim-wallet-service.identity:BPNL00000003AZQP,e1605811-d515-4b13-9621-60da03d792e2,1791485795935,1791485841949,1791485841949,
73fe0c69-4438-4421-b956-d6e48198f235,PROVIDER,1200,1,did:web:ssi-dim-wallet-service.identity:BPNL00000003AZQP,8b2983fb-98ca-4512-a0ea-b57b04f1e81a,1791485795937,1791485841846,1791485841846,
693e2828-93db-451d-a42a-2963532bafe8,PROVIDER,1200,1,did:web:ssi-dim-wallet-service.identity:BPNL00000003AZQP,2b090dea-96f3-4659-b37f-c6e8dfab2a35,1791485796437,1791485842069,1791485842069,
08706916-0c64-4762-abe6-1699cc2cbc76,PROVIDER,1200,1,did:web:ssi-dim-wallet-service.identity:BPNL00000003AZQP,913d0109-1041-42d2-b128-6e3d6d77174f,1791485796438,1791485842144,1791485842144,
d9fb1f37-36b6-4f24-893d-8d36364252de,PROVIDER,1200,1,did:web:ssi-dim-wallet-service.identity:BPNL00000003AZQP,26765332-3f91-405c-929a-37a648356fe9,1791485796534,1791485843575,1791485843575,
a0bcccd5-1259-4c5a-8d96-74e39d23fca7,PROVIDER,1200,1,did:web:ssi-dim-wallet-service.identity:BPNL00000003AZQP,e71f37d0-dc96-4795-ace5-a111878b3e79,1791485796537,1791485843070,1791485843070,
66f11d02-b817-4ac3-a656-e10b035806a5,PROVIDER,1200,1,did:web:ssi-dim-wallet-service.identity:BPNL00000003AZQP,660d8da0-150a-4eec-8110-5b3fb3c5c4f7,1791485796639,1791485842605,1791485842605,
78d1e960-5f31-48d1-beb0-f4e5b5c1f959,PROVIDER,1200,1,did:web:ssi-dim-wallet-service.identity:BPNL00000003AZQP,22bd951e-3452-431e-a75e-adfcfd4c2318,1791485796951,1791485843168,1791485843168,
63e8dbcf-3cdf-401a-8abb-5b14ac12f403,PROVIDER,1200,1,did:web:ssi-dim-wallet-service.identity:BPNL00000003AZQP,6c0a96e0-b702-4895-9171-af998d64b1df,1791485797038,1791485843142,1791485843142,
7928a12f-a132-4cf0-9baf-fb3c0b996c14,PROVIDER,1200,1,did:web:ssi-dim-wallet-service.identity:BPNL00000003AZQP,b4d5cbe1-80e2-44a6-adbd-9fbdb1080b89,1791485797145,1791485846675,1791485846675,
1a9c0605-da88-4875-94f5-7998b17b52e8,PROVIDER,1200,1,did:web:ssi-dim-wallet-service.identity:BPNL00000003AZQP,9afd323b-5db8-4c02-9709-e0c47f8a8173,1791485797304,1791485846684,1791485846684,
8d1b10b3-6fa3-4d52-a208-b62ec4c126fe,PROVIDER,1200,1,did:web:ssi-dim-wallet-service.identity:BPNL00000003AZQP,291435ce-ded5-4150-b0e6-2bd9ab696185,1791485797346,1791485846781,1791485846781,
21549571-0790-4ea3-ab97-f0db180104f5,PROVIDER,1200,1,did:web:ssi-dim-wallet-service.identity:BPNL00000003AZQP,1f9145c2-7f1f-4cca-8cdc-357ac95a5f72,1791485797913,1791485847066,1791485847066,
433b1931-2593-4ec7-a993-f2d3224e77fe,PROVIDER,1200,1,did:web:ssi-dim-wallet-service.identity:BPNL00000003AZQP,9d8376c3-6e6d-4e9e-8173-22e709d2b507,1791485798036,1791485847066,1791485847066,
597c9dc0-2df8-4707-b010-0888c9dae818,PROVIDER,1200,1,did:web:ssi-dim-wallet-service.identity:BPNL00000003AZQP,1b235c4d-f7ae-4726-8019-74f7cd973684,1791485805712,1791485849327,1791485849327,
97be0d85-014e-4b6f-8eed-eb19903d304f,PROVIDER,1200,1,did:web:ssi-dim-wallet-service.identity:BPNL00000003AZQP,fba25d5d-71e1-4207-aae1-38cbf8cddb5f,1791485805805,1791485849405,1791485849405,
d685b339-1cc1-4ac7-9b5b-28b9a1e01309,PROVIDER,1200,1,did:web:ssi-dim-wallet-service.identity:BPNL00000003AZQP,03bee0fc-7a73-4ded-8c63-fc8a06aff8e0,1791485805835,1791485849238,1791485849238,
8eaa74c1-d2f6-4d40-89d0-046f5f2993bc,PROVIDER,1200,1,did:web:ssi-dim-wallet-service.identity:BPNL00000003AZQP,27e50ec7-ed1c-4840-9e8a-be9aa46e3c07,1791485805936,1791485849319,1791485849319,
89e6c923-add0-4d89-897d-8cacea6d51c7,PROVIDER,1200,1,did:web:ssi-dim-wallet-service.identity:BPNL00000003AZQP,e254cd1f-75d5-44fd-82de-a1073ee0aa31,1791485805938,1791485849468,1791485849468,
70d85204-88fc-4ced-b298-1699df8c1be9,PROVIDER,1200,1,did:web:ssi-dim-wallet-service.identity:BPNL00000003AZQP,a00df8b6-06d2-428b-9d28-744b980706b4,1791485806106,1791485850087,1791485850087,
8957ef68-c314-48ab-9180-44b20961b5cc,PROVIDER,1200,1,did:web:ssi-dim-wallet-service.identity:BPNL00000003AZQP,b5f5639b-866c-4896-b75f-c4d773f32c87,1791485806414,1791485850164,1791485850164,
c227c24d-6b8d-43c1-b82a-08d283413064,PROVIDER,1200,1,did:web:ssi-dim-wallet-service.identity:BPNL00000003AZQP,93aea942-55ea-41d3-9023-963f19558c02,1791485806414,1791485849733,1791485849733,
9a29f59b-2980-4629-b941-bae31a92a9b6,PROVIDER,1200,1,did:web:ssi-dim-wallet-service.identity:BPNL00000003AZQP,8f2aad03-26d9-4b66-a1d4-58840a4fb1d0,1791485806416,1791485849869,1791485849869,
a984561b-07de-48eb-b298-56fed1d741ad,PROVIDER,1200,1,did:web:ssi-dim-wallet-service.identity:BPNL00000003AZQP,71a36db8-eea5-4cd7-ac16-646a2b6884af,1791485806837,1791485850165,1791485850165,
745e6032-e9cc-41ed-8fd9-ef507cbbfcc8,PROVIDER,1200,1,did:web:ssi-dim-wallet-service.identity:BPNL00000003AZQP,33db5c2d-0c02-48df-9262-2065bde550f6,1791485806933,1791485850245,1791485850245,
21f00187-cb7b-426c-839d-6b38cdfc197d,PROVIDER,1200,1,did:web:ssi-dim-wallet-service.identity:BPNL00000003AZQP,2e45d3dd-a9d8-4ec1-8398-aa286d29424d,1791485807238,1791485850683,1791485850683,
54edba8c-1e82-46bd-8108-c501021a4760,PROVIDER,1200,1,did:web:ssi-dim-wallet-service.identity:BPNL00000003AZQP,47007c77-477e-486d-ab5c-7342b0fb9701,1791485807243,1791485850347,1791485850347,
ea4f1012-a129-4e43-bc37-49526133882f,PROVIDER,1200,1,did:web:ssi-dim-wallet-service.identity:BPNL00000003AZQP,78da47b4-da04-428f-b21d-1b0d206b236c,1791485807504,1791485850568,1791485850568,
a4fc4f98-2b78-4914-9208-a687b40b88bf,PROVIDER,1200,1,did:web:ssi-dim-wallet-service.identity:BPNL00000003AZQP,ec2681f0-2c5f-4cc6-ac8c-01cf703f356b,1791485807613,1791485852669,1791485852669,
e4ac58e6-2287-4833-b962-2a2afb60a754,PROVIDER,1200,1,did:web:ssi-dim-wallet-service.identity:BPNL00000003AZQP,2983bb2c-36cf-48b8-8c73-3a068958eb24,1791485807705,1791485852679,1791485852679,
e03fb338-eed7-43c6-a440-4a9b1bc9d94a,PROVIDER,1200,1,did:web:ssi-dim-wallet-service.identity:BPNL00000003AZQP,1dc3d1fb-ba1d-4921-865a-e87376a5cf69,1791485807834,1791485852935,1791485852935,
54c82175-10ac-4aa0-8d93-41c00b90d7bf,PROVIDER,1200,1,did:web:ssi-dim-wallet-service.identity:BPNL00000003AZQP,72acb456-e06b-4a90-aff6-19e99e812d6d,1791485808134,1791485855554,1791485855554,
de04038f-86cc-40b1-888d-5a5a328ffdc3,PROVIDER,1200,1,did:web:ssi-dim-wallet-service.identity:BPNL00000003AZQP,b3ee756e-0cb9-4629-92f4-2c775fc7111a,1791485808334,1791485855769,1791485855769,
33116ee7-d139-4d3e-b7ee-e1e74c58461c,PROVIDER,1200,1,did:web:ssi-dim-wallet-service.identity:BPNL00000003AZQP,4013e34e-1b32-4a5f-8633-867d6cf6316a,1791485808405,1791485855479,1791485855479,
2e53000c-264e-4bbc-b0b7-2877d61c404a,PROVIDER,1200,1,did:web:ssi-dim-wallet-service.identity:BPNL00000003AZQP,a191e595-6c87-4dbb-8f29-e737937de006,1791485812238,1791485855574,1791485855574,
ae28b025-2310-43bd-9d1a-90c05ee71116,PROVIDER,1200,1,did:web:ssi-dim-wallet-service.identity:BPNL00000003AZQP,2380cebf-1e62-4458-91e3-6b2d7913d534,1791485812413,1791485855673,1791485855673,
e8e68b78-d1f4-4b33-818b-43812311e4f0,PROVIDER,1200,1,did:web:ssi-dim-wallet-service.identity:BPNL00000003AZQP,672b1250-7566-4a68-ba53-21f6c6b6d309,1791485812504,1791485855967,1791485855967,
e879b012-5663-48db-9ebf-acd7b1c948e4,PROVIDER,1200,1,did:web:ssi-dim-wallet-service.identity:BPNL00000003AZQP,822aa6a8-dbd5-4501-87fa-51e75b3632ca,1791485812604,1791485855784,1791485855784,
73bc38a2-61d3-4a9d-80a8-2acfa811e86b,PROVIDER,1200,1,did:web:ssi-dim-wallet-service.identity:BPNL00000003AZQP,49f6eeac-7d15-497c-9bba-22132d802088,1791485812604,1791485856168,1791485856168,
31ee34e5-d077-44cc-aeb9-09d5e12018e2,PROVIDER,1200,1,did:web:ssi-dim-wallet-service.identity:BPNL00000003AZQP,1e21c766-88cf-454a-8aec-d588157580cd,1791485812945,1791485855882,1791485855882,
bb5c0604-8ef0-4b12-8569-1e409d9d758a,PROVIDER,1200,1,did:web:ssi-dim-wallet-service.identity:BPNL00000003AZQP,c32dd504-9299-4969-84b5-8568f73ddb2a,1791485813106,1791485856369,1791485856369,
ff6102c6-fcc7-41da-b86e-55fa97b17cbc,PROVIDER,1200,1,did:web:ssi-dim-wallet-service.identity:BPNL00000003AZQP,6dacd29c-50ad-4eca-b0dc-c8734d48be0d,1791485813304,1791485856845,1791485856845,
20f08775-7cad-431e-80af-66ad52aa0582,PROVIDER,1200,1,did:web:ssi-dim-wallet-service.identity:BPNL00000003AZQP,00da9f2b-61f1-40f3-af05-8307029a6a9e,1791485813637,1791485856782,1791485856782,
a89750b3-1763-478d-91c2-31056a8cfad7,PROVIDER,1200,1,did:web:ssi-dim-wallet-service.identity:BPNL00000003AZQP,e57cd64d-813f-4bc6-9c92-b977f39db26a,1791485813734,1791485856775,1791485856775,
319d39d8-abc5-41cd-ae41-1571c137f87c,PROVIDER,1200,1,did:web:ssi-dim-wallet-service.identity:BPNL00000003AZQP,d6eafe24-2fd0-4fa4-8e98-f4d916eba594,1791485813905,1791485857443,1791485857443,
04a2bd52-e3b0-4032-8f54-38d5bdebff52,PROVIDER,1200,1,did:web:ssi-dim-wallet-service.identity:BPNL00000003AZQP,1dbd467e-c4a4-4b99-b08b-52e77beea8f7,1791485814105,1791485856748,1791485856748,
8d794d52-e565-45d6-9c70-b4c6dd948873,PROVIDER,1200,1,did:web:ssi-dim-wallet-service.identity:BPNL00000003AZQP,30066403-e249-4e45-bbc8-5f4b97fc534d,1791485814105,1791485857050,1791485857050,
bfae5915-70ca-40ca-8ebd-9c29ec3d0555,PROVIDER,1200,1,did:web:ssi-dim-wallet-service.identity:BPNL00000003AZQP,ccd10b43-aea3-4975-b8a6-8959db068b90,1791485814433,1791485857444,1791485857444,
8b77e99a-95ec-4f60-944d-5a46732af1c3,PROVIDER,1200,1,did:web:ssi-dim-wallet-service.identity:BPNL00000003AZQP,539c7fb5-a92f-4540-a9b0-ee8c6a4de77d,1791485814643,1791485857235,1791485857235,
32e569b3-a48b-478d-a8ca-001b467c57dd,PROVIDER,1200,1,did:web:ssi-dim-wallet-service.identity:BPNL00000003AZQP,e680bb7e-0896-4ea9-9d19-7a379a2741fb,1791485814804,1791485857469,1791485857469,
4d0883e4-719d-4a0c-aad2-61f1cb83845c,PROVIDER,1200,1,did:web:ssi-dim-wallet-service.identity:BPNL00000003AZQP,4c9431ef-65f0-4bd9-8587-ef312f2b65c0,1791485814905,1791485857736,1791485857736,
6918a634-4f0a-48e4-a0d9-d1254b2f6bc6,PROVIDER,1200,1,did:web:ssi-dim-wallet-service.identity:BPNL00000003AZQP,dfbad233-8424-414c-846e-2429a344f4ba,1791485815005,1791485863750,1791485863750,
ddc83508-b364-470c-ae47-857bcc2313d2,PROVIDER,1200,1,did:web:ssi-dim-wallet-service.identity:BPNL00000003AZQP,46fbb605-db43-4ffa-a70e-5caf96af0116,1791485815135,1791485863268,1791485863268,
c5846dab-a681-4a0f-9a67-10c5400592a1,PROVIDER,1200,1,did:web:ssi-dim-wallet-service.identity:BPNL00000003AZQP,19e96c5f-28d3-40cd-bbe8-7dc1929f2108,1791485815651,1791485862976,1791485862976,
0c8a3194-1af7-4db8-bc1a-4f42f4bbb486,PROVIDER,1200,1,did:web:ssi-dim-wallet-service.identity:BPNL00000003AZQP,a3318384-8536-4e19-b458-5c7a20cb4ac4,1791485821904,1791485863836,1791485863836,
22870a72-4190-4983-9816-1848ce6a5ef6,PROVIDER,1200,1,did:web:ssi-dim-wallet-service.identity:BPNL00000003AZQP,3628e2d2-9e40-4a55-99ad-17200260e4a6,1791485822004,1791485864253,1791485864253,
061c14e9-7ff3-4d01-a159-0bfcc40bbe44,PROVIDER,1200,1,did:web:ssi-dim-wallet-service.identity:BPNL00000003AZQP,f652e5a2-9e59-46d3-94d1-32e7242ada13,1791485822241,1791485863450,1791485863450,
629e5e23-0610-42de-a6af-135b249c59e9,PROVIDER,1200,1,did:web:ssi-dim-wallet-service.identity:BPNL00000003AZQP,9e187d22-4239-4e4a-95f5-1806a0cdee78,1791485822333,1791485864335,1791485864335,
1198c859-60c9-4423-a791-3c03bc06365a,PROVIDER,1200,1,did:web:ssi-dim-wallet-service.identity:BPNL00000003AZQP,689a886b-1775-4d50-a5bd-90c771eead0d,1791485822333,1791485864238,1791485864238,
54e3e523-0f44-4e1b-b3f3-80c77776286f,PROVIDER,1200,1,did:web:ssi-dim-wallet-service.identity:BPNL00000003AZQP,9dde701d-09f2-4a83-8aaa-a27e0e9abe85,1791485822545,1791485864350,1791485864350,
bfca00f4-5c28-4a57-98ec-9d5fcc88f8c5,PROVIDER,1200,1,did:web:ssi-dim-wallet-service.identity:BPNL00000003AZQP,90310d21-3735-46ac-a21d-9e2a77a12e1f,1791485822733,1791485864448,1791485864448,
42a7400e-e9dc-48be-980a-a695f51ed3b1,PROVIDER,1200,1,did:web:ssi-dim-wallet-service.identity:BPNL00000003AZQP,91e570f9-6a95-4aea-b815-a8013722e091,1791485822850,1791485865487,1791485865487,
e2f095a6-bb09-4bed-9afb-dafbf0d02cc4,PROVIDER,1200,1,did:web:ssi-dim-wallet-service.identity:BPNL00000003AZQP,c12db068-58a8-4e43-92ab-247464dd1ce3,1791485822904,1791485865282,1791485865282,
25b4357e-323f-422f-9ace-9bfba7b282c8,PROVIDER,1200,1,did:web:ssi-dim-wallet-service.identity:BPNL00000003AZQP,27367dfa-7082-4264-a410-27e0c5b905c9,1791485822947,1791485865537,1791485865537,
a3f23c78-4bb8-4630-805f-9f1ce5e2021d,PROVIDER,1200,1,did:web:ssi-dim-wallet-service.identity:BPNL00000003AZQP,1f6a1395-dff4-486f-9274-63130235bec7,1791485823033,1791485865748,1791485865748,
78738b10-5095-4c79-bc79-602c017858d5,PROVIDER,1200,1,did:web:ssi-dim-wallet-service.identity:BPNL00000003AZQP,85374681-1297-4510-bcf0-55446f25a07e,1791485823106,1791485865656,1791485865656,
3972248a-3c2e-4dfa-abc7-e56a7fd35d00,PROVIDER,1200,1,did:web:ssi-dim-wallet-service.identity:BPNL00000003AZQP,1579b83d-a111-4f7a-80b0-8a543e0f8891,1791485823136,1791485865435,1791485865435,
0a7b67ea-8c09-4c41-9d71-9f7bbf106ee0,PROVIDER,1200,1,did:web:ssi-dim-wallet-service.identity:BPNL00000003AZQP,1ae0c59a-09a9-40d5-9e77-c2a3ca27fc49,1791485823641,1791485865778,1791485865778,
10f3689b-2169-4cb8-9a13-a7773bb0fe19,PROVIDER,1200,1,did:web:ssi-dim-wallet-service.identity:BPNL00000003AZQP,5abf98bb-ecd4-4285-9a65-86ae87361d72,1791485823904,1791485865837,1791485865837,
300298c0-c53a-49fd-877f-a8c0cd22139c,PROVIDER,1200,1,did:web:ssi-dim-wallet-service.identity:BPNL00000003AZQP,4b8986b5-c7ba-4b2e-a585-d0e740441bca,1791485823935,1791485865762,1791485865762,
332e9893-73e1-42e3-98dd-3d0ee7bc8c85,PROVIDER,1200,1,did:web:ssi-dim-wallet-service.identity:BPNL00000003AZQP,304f5fe5-211e-4688-a4d5-569fff2069e9,1791485824106,1791485865885,1791485865885,
a589d664-513f-4bb5-9622-929f8f4a28d4,PROVIDER,1200,1,did:web:ssi-dim-wallet-service.identity:BPNL00000003AZQP,10212a72-e739-4352-a009-2ee1186ccc69,1791485824235,1791485873633,1791485873633,
be4439b7-4150-43ca-83d2-dea256744e38,PROVIDER,1200,1,did:web:ssi-dim-wallet-service.identity:BPNL00000003AZQP,9af4ce91-f1ce-4615-8b8f-02564a0bb4a6,1791485824306,1791485873249,1791485873249,
e5027457-17d4-44dd-862e-42102546a968,PROVIDER,1200,1,did:web:ssi-dim-wallet-service.identity:BPNL00000003AZQP,855aea6e-001e-43bb-b1d1-990a422de61a,1791485824412,1791485873475,1791485873475,
33abf4c4-c968-4b39-b9ac-3835cb22d492,PROVIDER,1200,1,did:web:ssi-dim-wallet-service.identity:BPNL00000003AZQP,2da637df-49b9-41ea-957a-53bcc2809540,1791485830306,1791485873144,1791485873144,
94cd8a56-9c34-4aa8-ab13-588b4882f084,PROVIDER,1200,1,did:web:ssi-dim-wallet-service.identity:BPNL00000003AZQP,b4c41850-524e-4d2a-ada3-93b7d2d03ba1,1791485830344,1791485873838,1791485873838,
50d3d580-1730-4502-8842-1d33de388c54,PROVIDER,1200,1,did:web:ssi-dim-wallet-service.identity:BPNL00000003AZQP,edc37695-97c9-490b-92ec-020127756284,1791485830344,1791485873268,1791485873268,
f3f6bf99-3336-465e-b5b9-7f33b919e2e6,PROVIDER,1200,1,did:web:ssi-dim-wallet-service.identity:BPNL00000003AZQP,f34aff28-2a71-4dc8-8d51-06159f877ea9,1791485830435,1791485874173,1791485874173,
75a0c1b2-0aab-4052-ab4f-cf359a775a7e,PROVIDER,1200,1,did:web:ssi-dim-wallet-service.identity:BPNL00000003AZQP,49487e66-5a4a-4007-8cbf-c6361d825c0c,1791485830505,1791485873836,1791485873836,
02e504ff-8999-4ba1-bb51-e5097c39714b,PROVIDER,1200,1,did:web:ssi-dim-wallet-service.identity:BPNL00000003AZQP,2a6f49fa-4a29-4f41-8f5a-85979319720f,1791485830546,1791485874237,1791485874237,
2f40486d-50c8-4be2-b82f-98fe0e74682b,PROVIDER,1200,1,did:web:ssi-dim-wallet-service.identity:BPNL00000003AZQP,7bed346c-c994-42c9-8b88-c5f941ac8517,1791485830603,1791485874870,1791485874870,
d39141e4-4126-4e13-8d2e-a5f0927184bc,PROVIDER,1200,1,did:web:ssi-dim-wallet-service.identity:BPNL00000003AZQP,630e2ac7-f501-40f5-be66-f498f0391682,1791485830605,1791485877413,1791485877413,
584dd24c-a764-446e-b218-0fd847efd8b0,PROVIDER,1200,1,did:web:ssi-dim-wallet-service.identity:BPNL00000003AZQP,11376dfe-4dc7-4a23-be82-bf9e1df0b7a8,1791485830634,1791485877433,1791485877433,
a668403b-ac6c-4635-8abf-1ee2077e0ad3,PROVIDER,1200,1,did:web:ssi-dim-wallet-service.identity:BPNL00000003AZQP,4b23c82b-3db2-4802-bc7d-0ff1ce481311,1791485830642,1791485874635,1791485874635,
3154c426-2d6c-4458-aa54-c2bc4edbab1e,PROVIDER,1200,1,did:web:ssi-dim-wallet-service.identity:BPNL00000003AZQP,2973109e-4fd7-401e-adc9-d5fa78aa43eb,1791485830909,1791485879043,1791485879043,
43a55080-9467-42d3-adb1-e503c364b9b1,PROVIDER,1200,1,did:web:ssi-dim-wallet-service.identity:BPNL00000003AZQP,cf66bd19-1e28-483a-8cfb-fd6ac05b935b,1791485830932,1791485879035,1791485879035,
1d177300-c5db-41c9-8817-1530962fd67a,PROVIDER,1200,1,did:web:ssi-dim-wallet-service.identity:BPNL00000003AZQP,aa8160b7-bbb2-43da-84b1-8609f502b679,1791485831210,1791485879051,1791485879051,
ef6688eb-1308-4138-ad40-2b3e4b42ef41,PROVIDER,1200,1,did:web:ssi-dim-wallet-service.identity:BPNL00000003AZQP,949bb82f-a5c0-439b-8c44-0dd3f878ee21,1791485831311,1791485877975,1791485877975,
d6b7a828-8272-4d26-b3b5-dbd92db128aa,PROVIDER,1200,1,did:web:ssi-dim-wallet-service.identity:BPNL00000003AZQP,8b26f593-36cb-43fe-a5c0-83928e7502a5,1791485831388,1791485879269,1791485879269,
bf379a90-391b-4a90-b085-f63bc3388eee,PROVIDER,1200,1,did:web:ssi-dim-wallet-service.identity:BPNL00000003AZQP,2a9acfb8-7a01-40e0-a9dd-d74e33567a88,1791485831413,1791485878482,1791485878482,
e27165ef-8c02-4017-87a6-2d7b2ba15ba2,PROVIDER,1200,1,did:web:ssi-dim-wallet-service.identity:BPNL00000003AZQP,c58d277a-46fc-495d-92d0-9f959816fd1b,1791485831504,1791485878936,1791485878936,
098579dc-d5c1-41d2-89d8-122ee1a7af18,PROVIDER,1200,1,did:web:ssi-dim-wallet-service.identity:BPNL00000003AZQP,eb44ba78-3607-4c98-97e4-aed7ffc4d9c9,1791485831550,1791485883338,1791485883338,
13eee559-3d49-4931-b77e-896eb21a0d88,PROVIDER,1200,1,did:web:ssi-dim-wallet-service.identity:BPNL00000003AZQP,3b26fbb5-2dc4-4e94-9537-fadee289e183,1791485831648,1791485883375,1791485883375,
00473bfd-8e08-4fdf-8925-cb8e574bc9ec,PROVIDER,1200,1,did:web:ssi-dim-wallet-service.identity:BPNL00000003AZQP,6f5cd45c-c121-4807-9640-e8ee16159293,1791485831745,1791485883740,1791485883740,
a49a7c3e-d146-46fe-9de2-22ccc7dc8bdf,PROVIDER,1200,1,did:web:ssi-dim-wallet-service.identity:BPNL00000003AZQP,90cd45f1-ca18-4f6f-8d6c-d7a47851776e,1791485840033,1791485883669,1791485883669,
437bd7f0-74ca-48cc-898e-eab348f59955,PROVIDER,1200,1,did:web:ssi-dim-wallet-service.identity:BPNL00000003AZQP,92b2873a-cb23-441b-8363-2e3ce2170ebd,1791485840044,1791485884335,1791485884335,
aabe2f0d-6799-4188-852c-28bcdf923a7f,PROVIDER,1200,1,did:web:ssi-dim-wallet-service.identity:BPNL00000003AZQP,2020eb06-c05e-4e5b-8d54-8015d4f11fce,1791485840134,1791485883576,1791485883576,
a62635e5-db1f-4560-a4f2-88f6e839dedd,PROVIDER,1200,1,did:web:ssi-dim-wallet-service.identity:BPNL00000003AZQP,aac00569-95b2-4ef3-9c63-9142565dfeff,1791485840145,1791485883974,1791485883974,
30f45d06-d034-4e86-9cae-48581ab6bc5c,PROVIDER,1200,1,did:web:ssi-dim-wallet-service.identity:BPNL00000003AZQP,cf74e002-0f0a-4dcb-b820-7fb358daf15e,1791485840204,1791485884668,1791485884668,
ad01e0df-08c4-428c-90a3-de4dcee33e2b,PROVIDER,1200,1,did:web:ssi-dim-wallet-service.identity:BPNL00000003AZQP,5b66200f-2915-4175-9488-1a4282839a15,1791485840310,1791485884447,1791485884447,
24a8e1b5-d111-47d1-9ff9-e2f2dbebe951,PROVIDER,1200,1,did:web:ssi-dim-wallet-service.identity:BPNL00000003AZQP,80e9ae4f-6ce1-4767-8c2b-310fcaf81b44,1791485840505,1791485884835,1791485884835,
f8b73c1e-df57-4167-9f56-43d489db26f0,PROVIDER,1200,1,did:web:ssi-dim-wallet-service.identity:BPNL00000003AZQP,512830ce-c4b2-4f44-907a-ae66422e01dd,1791485840510,1791485884955,1791485884955,
ffd9e385-a64f-4f53-ad27-edcbc4a89bd4,PROVIDER,1200,1,did:web:ssi-dim-wallet-service.identity:BPNL00000003AZQP,b8fcd9ff-761e-4880-9b53-5598c9042a99,1791485840706,1791485884453,1791485884453,
330034d7-9ab9-4896-a43f-c46058033f9a,PROVIDER,1200,1,did:web:ssi-dim-wallet-service.identity:BPNL00000003AZQP,91e33aa2-0e45-4682-ab49-03f2d28a7437,1791485840747,1791485884568,1791485884568,
d4f4cd4e-0de1-4664-8291-0b183919df29,PROVIDER,1200,1,did:web:ssi-dim-wallet-service.identity:BPNL00000003AZQP,93896ad8-e163-4fc9-971b-36ad107e82a4,1791485840747,1791485884968,1791485884968,
d3627216-b159-4921-a3f6-742d9bf28327,PROVIDER,1200,1,did:web:ssi-dim-wallet-service.identity:BPNL00000003AZQP,3db6fb27-35b8-4ab3-81cd-6ed96a7ce4b5,1791485840939,1791485885082,1791485885082,
b34fb680-834d-44b0-8c7d-ec1eb347d42f,PROVIDER,1200,1,did:web:ssi-dim-wallet-service.identity:BPNL00000003AZQP,25d0e44e-c89e-49da-b2ff-9c53a343a620,1791485841043,1791485884968,1791485884968,
790c7f66-576e-4616-afbe-74b3f1b34f6c,PROVIDER,1200,1,did:web:ssi-dim-wallet-service.identity:BPNL00000003AZQP,8cebf3c3-c60d-4d35-8c3d-a9ce4016a09f,1791485841104,1791485885251,1791485885251,
d3285b7e-6483-4672-b030-c3866a2f03c7,PROVIDER,1200,1,did:web:ssi-dim-wallet-service.identity:BPNL00000003AZQP,793a5cf7-2b3b-4966-809d-21b4288dbfb7,1791485841136,1791485885181,1791485885181,
893ec4ed-af96-442b-8c68-0622603fc16e,PROVIDER,1200,1,did:web:ssi-dim-wallet-service.identity:BPNL00000003AZQP,85a541f0-c45a-4dd9-9173-aa9f8690aeef,1791485841204,1791485885049,1791485885049,
da996ac1-c00e-49b9-98d9-02b06228e057,PROVIDER,1200,1,did:web:ssi-dim-wallet-service.identity:BPNL00000003AZQP,e9d5da60-1213-42fa-906f-df4b0c7a2da1,1791485841343,1791485889635,1791485889635,
22171d29-b005-4775-9848-6fbc3236daef,PROVIDER,1200,1,did:web:ssi-dim-wallet-service.identity:BPNL00000003AZQP,48faaa95-0f4c-4eb7-aa2c-30e616f23a50,1791485841343,1791485885287,1791485885287,
1a03b403-5711-4d01-b5a1-f800ae0ace0c,PROVIDER,1200,1,did:web:ssi-dim-wallet-service.identity:BPNL00000003AZQP,b0e38005-a5f6-4b53-a978-306f282b58a6,1791485841434,1791485889635,1791485889635,
092689c7-76dd-4eac-a9d1-59c76a0b594d,PROVIDER,1200,1,did:web:ssi-dim-wallet-service.identity:BPNL00000003AZQP,3feb2d82-d906-44de-86dd-3ed2c8c978bf,1791485841554,1791485889568,1791485889568,
cf2dc96c-7455-46f6-abca-4dcfdf587a2d,PROVIDER,1200,1,did:web:ssi-dim-wallet-service.identity:BPNL00000003AZQP,2987863d-3cf0-4efd-b9f0-267422b64b7a,1791485847811,1791485889635,1791485889635,
2f46de9f-2051-474d-8e1a-d12a87941c0e,PROVIDER,1200,1,did:web:ssi-dim-wallet-service.identity:BPNL00000003AZQP,c3cfba14-4409-4a12-8917-5d54a3c965b1,1791485848246,1791485889968,1791485889968,
b9926d2d-d3a1-4e55-97f6-7b5ae1f2a65c,PROVIDER,1200,1,did:web:ssi-dim-wallet-service.identity:BPNL00000003AZQP,30baa05f-fbc6-4408-876c-07b80e664a88,1791485848303,1791485894106,1791485894106,
19fb90b9-3fc1-42d0-ad3f-fdb0a3fb186d,PROVIDER,1200,1,did:web:ssi-dim-wallet-service.identity:BPNL00000003AZQP,ce152f94-3198-450f-9eec-f77f16c95ce4,1791485848339,1791485889840,1791485889840,
969d472a-4b10-44be-9b2c-f26c0a060242,PROVIDER,1200,1,did:web:ssi-dim-wallet-service.identity:BPNL00000003AZQP,bc0a344b-5f44-49bf-a82f-b8dfb25f331f,1791485848403,1791485890178,1791485890178,
0f7435ce-30a5-4221-b268-0808ad23cb52,PROVIDER,1200,1,did:web:ssi-dim-wallet-service.identity:BPNL00000003AZQP,16c13452-c724-427e-86c3-6fbe9f4762ca,1791485848403,1791485894268,1791485894268,
68bd59f3-7597-447f-b08b-aa7b59c30193,PROVIDER,1200,1,did:web:ssi-dim-wallet-service.identity:BPNL00000003AZQP,150a6b4c-5c17-43a7-9ec0-8d02ac570c46,1791485848821,1791485894268,1791485894268,
7ffd6cda-aa24-4000-aaf1-b4305f4741f3,PROVIDER,1200,1,did:web:ssi-dim-wallet-service.identity:BPNL00000003AZQP,1f0f2bb1-9331-43e8-a045-561bd783c387,1791485848833,1791485889982,1791485889982,
4a9f96e3-441a-4bbc-b8b3-fffb424694bc,PROVIDER,1200,1,did:web:ssi-dim-wallet-service.identity:BPNL00000003AZQP,0b9e3222-ca3b-4dff-b1a1-b1db36bba41f,1791485848934,1791485894385,1791485894385,
e04b12ad-3f82-449b-accc-650caa95c567,PROVIDER,1200,1,did:web:ssi-dim-wallet-service.identity:BPNL00000003AZQP,ee1b66b4-0e78-4992-a9bf-1a5f226e11f4,1791485849004,1791485894581,1791485894581,
9b13b629-83f3-443d-b3bb-c4bf1402765a,PROVIDER,1200,1,did:web:ssi-dim-wallet-service.identity:BPNL00000003AZQP,74ed443c-eafe-4c34-bc12-f05136e715ff,1791485849037,1791485894236,1791485894236,
14a8d7db-6714-4cdd-8bed-f8fd1d66d8d6,PROVIDER,1200,1,did:web:ssi-dim-wallet-service.identity:BPNL00000003AZQP,0e135b3d-0932-41f0-9d6c-8004d230ce89,1791485849104,1791485894483,1791485894483,
deb002db-ea54-4097-a41d-4bba13f1fe0e,PROVIDER,1200,1,did:web:ssi-dim-wallet-service.identity:BPNL00000003AZQP,b4c6c90b-1792-45e1-9d6a-22b47501ba15,1791485849337,1791485894768,1791485894768,
09eb98fa-fd21-4f87-94a2-21ea0438e8a9,PROVIDER,1200,1,did:web:ssi-dim-wallet-service.identity:BPNL00000003AZQP,8b922533-a228-4b07-b942-74d84aaf3a85,1791485849810,1791485894968,1791485894968,
0f099399-4167-453f-a01b-5f3c4f316be4,PROVIDER,1200,1,did:web:ssi-dim-wallet-service.identity:BPNL00000003AZQP,afd3f705-a73a-482b-b8ff-e1a623fc0d07,1791485850034,1791485894575,1791485894575,
47bc61e4-4690-483c-87b1-4576e7e708e5,PROVIDER,1200,1,did:web:ssi-dim-wallet-service.identity:BPNL00000003AZQP,81896867-6f68-44e8-aeec-2c169b624d5c,1791485850036,1791485895136,1791485895136,
0a460c3e-5010-4922-a2e5-140fde543327,PROVIDER,1200,1,did:web:ssi-dim-wallet-service.identity:BPNL00000003AZQP,613728de-ca19-43d7-9f36-d31f63b973dc,1791485850037,1791485895135,1791485895135,
c8511796-796c-466a-ab29-88a3bdc38f0b,PROVIDER,1200,1,did:web:ssi-dim-wallet-service.identity:BPNL00000003AZQP,10472f68-32a9-4fc7-8e32-05a0609f746c,1791485850104,1791485895277,1791485895277,
692b7894-a8fc-4cd4-a799-67f9bf00b64d,PROVIDER,1200,1,did:web:ssi-dim-wallet-service.identity:BPNL00000003AZQP,53e121a4-d3a1-4476-bf80-e9c3c2cba6f6,1791485850510,1791485895568,1791485895568,
2602bc6a-1180-443f-a328-7e912da5f55d,PROVIDER,1200,1,did:web:ssi-dim-wallet-service.identity:BPNL00000003AZQP,122c13e1-ff6b-42ed-8822-a32f871d76ac,1791485850534,1791485895381,1791485895381,
90394cf0-97b8-4239-8bb1-1daf545705cd,PROVIDER,1200,1,did:web:ssi-dim-wallet-service.identity:BPNL00000003AZQP,d2fb8c5a-1b99-4017-adca-04c9b0885acd,1791485857242,1791485895583,1791485895583,
442e137c-9cd2-4b83-9b12-47fe77ee12e6,PROVIDER,1200,1,did:web:ssi-dim-wallet-service.identity:BPNL00000003AZQP,8713df6f-6408-477b-8b14-09e887d285c3,1791485857505,1791485895667,1791485895667,
0693483b-a1fe-487a-97bf-2c0f9ea2630b,PROVIDER,1200,1,did:web:ssi-dim-wallet-service.identity:BPNL00000003AZQP,3e33800e-92a2-4ada-8d39-88f59f9eac8a,1791485857537,1791485895679,1791485895679,
2c5ca8a1-0cfb-470e-96d6-e0e747382832,PROVIDER,1200,1,did:web:ssi-dim-wallet-service.identity:BPNL00000003AZQP,669a6884-8644-406d-ab85-d8a66c34c803,1791485857636,1791485895685,1791485895685,
aac061d8-fc92-4a39-a79e-d956906abee7,PROVIDER,1200,1,did:web:ssi-dim-wallet-service.identity:BPNL00000003AZQP,52b32572-a59f-4ac1-a1a9-74f528c58643,1791485857841,1791485901835,1791485901835,
ce48ce70-b9c0-4a5c-8327-0d7e4a7033e7,PROVIDER,1200,1,did:web:ssi-dim-wallet-service.identity:BPNL00000003AZQP,6d9f6032-cea8-4ddd-a4fd-17a29162651c,1791485857934,1791485895680,1791485895680,
9e5cfde5-9873-46aa-8d78-3dac4989aab7,PROVIDER,1200,1,did:web:ssi-dim-wallet-service.identity:BPNL00000003AZQP,aeeb5218-170a-4081-a18c-b359677a7cd4,1791485858534,1791485902778,1791485902778,
50c87d57-3731-4077-a72c-1143e946a7fb,PROVIDER,1200,1,did:web:ssi-dim-wallet-service.identity:BPNL00000003AZQP,5381ba4a-5486-4699-9d51-93e10312da7b,1791485858705,1791485902781,1791485902781,
08016564-3f19-46a0-9657-cf0f74776339,PROVIDER,1200,1,did:web:ssi-dim-wallet-service.identity:BPNL00000003AZQP,805a113b-9a17-4eae-805c-aa7cc7b0edb2,1791485858943,1791485902381,1791485902381,
439804c5-4e21-47af-b824-d6ee0d6e2c95,PROVIDER,1200,1,did:web:ssi-dim-wallet-service.identity:BPNL00000003AZQP,20996655-4b78-485e-af68-a2db1403bac4,1791485859036,1791485902782,1791485902782,
a75137e1-faef-472b-b338-e90264e297fc,PROVIDER,1200,1,did:web:ssi-dim-wallet-service.identity:BPNL00000003AZQP,81a5dab8-c546-4f5e-8905-aae274b90a54,1791485859334,1791485902280,1791485902280,
7a438b31-79f0-4936-b8fa-0a0ce91bdd53,PROVIDER,1200,1,did:web:ssi-dim-wallet-service.identity:BPNL00000003AZQP,3e32c4c5-4fca-4351-b797-a7338bc1b7ff,1791485859336,1791485902968,1791485902968,
af5b9130-b79d-40b4-82f8-6ecc90b4e9f1,PROVIDER,1200,1,did:web:ssi-dim-wallet-service.identity:BPNL00000003AZQP,aca9df0e-04bd-4adc-8742-167eec11d0f6,1791485859807,1791485902586,1791485902586,
c464e8ba-dd5b-4158-87fa-85fcd9c20604,PROVIDER,1200,1,did:web:ssi-dim-wallet-service.identity:BPNL00000003AZQP,8388127e-226d-48fe-b998-b2099e2d364a,1791485859835,1791485903376,1791485903376,
c752106a-f70d-4752-90a7-601448fe1af6,PROVIDER,1200,1,did:web:ssi-dim-wallet-service.identity:BPNL00000003AZQP,c9c53276-ad5f-4a24-a38e-77f2dbcc83ae,1791485859905,1791485903039,1791485903039,
1f71eef8-f359-4ec5-a67e-1136a9dfa5ca,PROVIDER,1200,1,did:web:ssi-dim-wallet-service.identity:BPNL00000003AZQP,1d7f977e-9e06-4d04-92cd-60d6eabe5ee2,1791485860034,1791485903475,1791485903475,
5e4fa929-29a3-4582-a716-95040585f3f6,PROVIDER,1200,1,did:web:ssi-dim-wallet-service.identity:BPNL00000003AZQP,3f6b263c-3128-4234-88aa-68bf32234685,1791485860334,1791485903868,1791485903868,
f7750bcc-98bf-46cf-83ca-956a1684aa17,PROVIDER,1200,1,did:web:ssi-dim-wallet-service.identity:BPNL00000003AZQP,e60e7c6d-b477-4230-91af-23c11fff5d0e,1791485860404,1791485904686,1791485904686,
9642645f-ac45-41d9-853e-3e1aaf563dd3,PROVIDER,1200,1,did:web:ssi-dim-wallet-service.identity:BPNL00000003AZQP,9fab53bd-0bd5-4d4a-8605-7f7000196301,1791485860503,1791485904068,1791485904068,
d53c258c-aa43-45fb-aabc-00a1948d5853,PROVIDER,1200,1,did:web:ssi-dim-wallet-service.identity:BPNL00000003AZQP,93c2c4f5-1506-4db7-8c96-e9d5837c8476,1791485860507,1791485903977,1791485903977,
a1616b95-7693-457b-a4bb-e66c82fa5a66,PROVIDER,1200,1,did:web:ssi-dim-wallet-service.identity:BPNL00000003AZQP,a82beaf8-9bb1-4955-8689-40fe4e0d31c1,1791485866333,1791485911355,1791485911355,
df452d97-86f6-4bca-a516-39f8ce6e047d,PROVIDER,1200,1,did:web:ssi-dim-wallet-service.identity:BPNL00000003AZQP,002824d3-55b3-400b-adc3-1930bc99788a,1791485866535,1791485904686,1791485904686,
02748be9-96be-4348-8aa0-95183b5f0cb1,PROVIDER,1200,1,did:web:ssi-dim-wallet-service.identity:BPNL00000003AZQP,2fb58ad7-93c8-4b1e-b2ed-403ea22bd2be,1791485866603,1791485904668,1791485904668,
f937389b-5e52-46d8-851d-a7d766709210,PROVIDER,1200,1,did:web:ssi-dim-wallet-service.identity:BPNL00000003AZQP,d12bf487-74b2-46bf-8593-ab6db9d8c8ac,1791485866635,1791485904688,1791485904688,
30aeacec-6f6b-47fd-9c65-56103e23d756,PROVIDER,1200,1,did:web:ssi-dim-wallet-service.identity:BPNL00000003AZQP,21706b2a-77d3-42ae-999e-7a6da5fe1f7e,1791485866735,1791485904686,1791485904686,
46af6ce7-54e5-4ce8-8b5d-80d6a9506a0c,PROVIDER,1200,1,did:web:ssi-dim-wallet-service.identity:BPNL00000003AZQP,561f395c-872d-448c-8bfe-bb9997b9c777,1791485866859,1791485905033,1791485905033,
4898137a-6f90-4879-a138-91bc753512c1,PROVIDER,1200,1,did:web:ssi-dim-wallet-service.identity:BPNL00000003AZQP,05afcebc-c36f-4514-ba16-6e6e8fa2e5f2,1791485866912,1791485911834,1791485911834,
e53e6b95-0450-4176-a019-2ef648991788,PROVIDER,1200,1,did:web:ssi-dim-wallet-service.identity:BPNL00000003AZQP,9bb31956-2328-44b6-b30c-17b1d961f56d,1791485867010,1791485911452,1791485911452,
0b0c98f4-3329-412b-98a2-158a6a90f4e1,PROVIDER,1200,1,did:web:ssi-dim-wallet-service.identity:BPNL00000003AZQP,5905b93e-96d2-454f-9362-98ba89ceb984,1791485867033,1791485911837,1791485911837,
9e6ad296-d7ec-4095-9915-ad9bc4a3210d,PROVIDER,1200,1,did:web:ssi-dim-wallet-service.identity:BPNL00000003AZQP,2fd2088e-502e-4cdd-b225-1399ac7d6449,1791485867034,1791485912377,1791485912377,
3b8b8da1-f1a5-4df2-ab37-4220efe9a488,PROVIDER,1200,1,did:web:ssi-dim-wallet-service.identity:BPNL00000003AZQP,af9b6440-21cf-460b-b993-cd01d36a77d7,1791485867133,1791485912237,1791485912237,
fbbdbb52-786c-41ec-beec-d9a896288f2e,PROVIDER,1200,1,did:web:ssi-dim-wallet-service.identity:BPNL00000003AZQP,1368a4fe-f0f6-4fcc-9a37-f522ea50c41b,1791485867150,1791485912368,1791485912368,
8169e641-f198-40e7-a6ed-0fe1c00a6802,PROVIDER,1200,1,did:web:ssi-dim-wallet-service.identity:BPNL00000003AZQP,762d43e1-bf26-4845-9932-c83b10519108,1791485867537,1791485912007,1791485912007,
a218e030-4d91-458d-b746-96d4183b9b5d,PROVIDER,1200,1,did:web:ssi-dim-wallet-service.identity:BPNL00000003AZQP,e21e4f7f-388f-4be4-8524-d567d22f83f9,1791485867634,1791485912735,1791485912735,
43c99940-eb51-46bf-881e-96e01a91f35c,PROVIDER,1200,1,did:web:ssi-dim-wallet-service.identity:BPNL00000003AZQP,9e694792-a5ef-41c2-95b5-b54ce4b76780,1791485867635,1791485913036,1791485913036,
d16626af-4a55-47d8-a603-c8a5f003efed,PROVIDER,1200,1,did:web:ssi-dim-wallet-service.identity:BPNL00000003AZQP,cd2cd9f9-f2ef-48d3-a776-b42c5ca0e353,1791485867804,1791485912768,1791485912768,
74452e75-d0f4-4740-9d90-a1ae461bc812,PROVIDER,1200,1,did:web:ssi-dim-wallet-service.identity:BPNL00000003AZQP,9595feb4-76e2-42f4-a748-fb3129361c90,1791485867906,1791485913469,1791485913469,
940b96e3-b490-4165-9a20-1f78071f683e,PROVIDER,1200,1,did:web:ssi-dim-wallet-service.identity:BPNL00000003AZQP,3b4102ac-4f3b-4395-a0aa-8169e8152709,1791485868036,1791485912968,1791485912968,
93933048-b657-4150-9bbf-181b442dae85,PROVIDER,1200,1,did:web:ssi-dim-wallet-service.identity:BPNL00000003AZQP,40b76069-b40f-485d-8988-5e6f992f13bd,1791485868305,1791485913169,1791485913169,
5aa457f4-6811-4d8b-81c2-8d12c8fafbae,PROVIDER,1200,1,did:web:ssi-dim-wallet-service.identity:BPNL00000003AZQP,3fef3b27-57d1-4f9f-8e25-26b67d96654c,1791485868503,1791485913536,1791485913536,
16f08e9f-dcf9-4f6c-b5e9-9f74ed1905c1,PROVIDER,1200,1,did:web:ssi-dim-wallet-service.identity:BPNL00000003AZQP,265d71d3-8593-4eab-b49d-1ea97c7e2a12,1791485871634,1791485913775,1791485913775,
04511676-c918-4162-bfb1-60745170ea19,PROVIDER,1200,1,did:web:ssi-dim-wallet-service.identity:BPNL00000003AZQP,f670b983-028d-4666-a969-9b1b8474390e,1791485871636,1791485913783,1791485913783,
92c7e881-7130-4592-9414-bcb96ab1c32f,PROVIDER,1200,1,did:web:ssi-dim-wallet-service.identity:BPNL00000003AZQP,372b8362-d2c0-481e-8c36-14dc99f19409,1791485871834,1791485913747,1791485913747,
8b549e93-502c-4b68-98e7-b6b7fb8aa59e,PROVIDER,1200,1,did:web:ssi-dim-wallet-service.identity:BPNL00000003AZQP,b204e698-cafd-4141-b19e-4e60c0ed1f17,1791485871835,1791485914137,1791485914137,
1b552e9f-aabe-4a94-a215-de14c3776793,PROVIDER,1200,1,did:web:ssi-dim-wallet-service.identity:BPNL00000003AZQP,feb32f2c-c0cc-4691-854b-7c56881314e7,1791485871934,1791485914024,1791485914024,
d23b9e38-f55f-4cb6-a676-0b42d50a2d01,PROVIDER,1200,1,did:web:ssi-dim-wallet-service.identity:BPNL00000003AZQP,550b80a1-669e-4558-ba15-0ba180124727,1791485871935,1791485922369,1791485922369,
bbfa956c-1936-4a72-a94f-c2536f702a8c,PROVIDER,1200,1,did:web:ssi-dim-wallet-service.identity:BPNL00000003AZQP,728796fe-1724-480b-9bda-e334ed025fcd,1791485872138,1791485922106,1791485922106,
c6defb6b-0567-4d78-ab6f-8d3283d615c2,PROVIDER,1200,1,did:web:ssi-dim-wallet-service.identity:BPNL00000003AZQP,b5732ec7-1c04-4650-88ad-7b1b0ff709e5,1791485872305,1791485922013,1791485922013,
87d1c647-b3a1-4d01-b6f5-6f198e82b4cd,PROVIDER,1200,1,did:web:ssi-dim-wallet-service.identity:BPNL00000003AZQP,f6b9172e-2c07-4b9e-82d6-b21342c05faa,1791485872540,1791485922243,1791485922243,
914227f4-5577-4bb9-b841-621b5c6c0e94,PROVIDER,1200,1,did:web:ssi-dim-wallet-service.identity:BPNL00000003AZQP,7734af91-e05e-4945-9bf4-2627cc58e505,1791485872735,1791485922570,1791485922570,
3b55e8d9-eabd-4c10-ba82-5397cb13210f,PROVIDER,1200,1,did:web:ssi-dim-wallet-service.identity:BPNL00000003AZQP,8cd119fd-dda7-47b9-ba01-97cd08582a8e,1791485872810,1791485922783,1791485922783,
a0170bee-a127-4da1-932b-53e9b620d84e,PROVIDER,1200,1,did:web:ssi-dim-wallet-service.identity:BPNL00000003AZQP,8262e532-5b5b-4584-a961-5172a40b8b5a,1791485872843,1791485922576,1791485922576,
1b7ce57e-11ff-4d31-b755-b2ac216461a3,PROVIDER,1200,1,did:web:ssi-dim-wallet-service.identity:BPNL00000003AZQP,5ae03d69-f52b-4808-9722-4638e75731c4,1791485873042,1791485922469,1791485922469,
7f5e1bdc-79f3-4074-9337-b19f81f1da85,PROVIDER,1200,1,did:web:ssi-dim-wallet-service.identity:BPNL00000003AZQP,9622145a-43ba-4af2-9b47-c40122e4b420,1791485873043,1791485923269,1791485923269,
c7018a13-9325-48c0-8916-8aa387c008a1,PROVIDER,1200,1,did:web:ssi-dim-wallet-service.identity:BPNL00000003AZQP,4021e22c-488f-4436-a2cb-02eb111e405c,1791485873635,1791485923068,1791485923068,
b9baf8d3-dc47-435a-8efe-b313e22d8adc,PROVIDER,1200,1,did:web:ssi-dim-wallet-service.identity:BPNL00000003AZQP,37d99409-cad4-4995-ba99-0c12bc4ec648,1791485873837,1791485923381,1791485923381,
b3ec8140-1e74-4e3a-9845-a17b7b30cd51,PROVIDER,1200,1,did:web:ssi-dim-wallet-service.identity:BPNL00000003AZQP,6f678615-df13-4c66-88cf-089a9622313a,1791485873937,1791485922783,1791485922783,
0e0c806c-cc6b-453c-acb9-2b3eea3ae51a,PROVIDER,1200,1,did:web:ssi-dim-wallet-service.identity:BPNL00000003AZQP,9f8e4a4d-9265-41f8-b4ec-e25e0b9318be,1791485874205,1791485923135,1791485923135,
73b2ad97-87bf-4f00-8fda-8825aed36c7c,PROVIDER,1200,1,did:web:ssi-dim-wallet-service.identity:BPNL00000003AZQP,5c2a7cdb-5ba6-476e-846c-ea50a6a8f23e,1791485874236,1791485923381,1791485923381,
61010921-e527-43a2-b2f7-a13af167de77,PROVIDER,1200,1,did:web:ssi-dim-wallet-service.identity:BPNL00000003AZQP,f92b20be-d753-4767-a8e9-59b7cbb5b4df,1791485874405,1791485923381,1791485923381,
2d549d4a-549b-49b0-8597-b8f1c03afa1a,PROVIDER,1200,1,did:web:ssi-dim-wallet-service.identity:BPNL00000003AZQP,2ae5e3a3-04ad-4423-83e6-e54c6cbf726c,1791485881140,1791485924069,1791485924069,
0e77f18c-11e1-40dd-ab55-37b8f9b96700,PROVIDER,1200,1,did:web:ssi-dim-wallet-service.identity:BPNL00000003AZQP,ebf53b28-86cc-40cf-9e02-0cfc831eb8ea,1791485881435,1791485924234,1791485924234,
ffebfeac-76e6-48b9-bdd8-0d989ac5d6d5,PROVIDER,1200,1,did:web:ssi-dim-wallet-service.identity:BPNL00000003AZQP,8e148580-1df5-4660-bce6-1d8041dc00cf,1791485881604,1791485924241,1791485924241,
5ad77905-ec7c-45c0-9a85-6e09e6af57cd,PROVIDER,1200,1,did:web:ssi-dim-wallet-service.identity:BPNL00000003AZQP,5d9b2e79-e6bc-46dc-bd6c-9da298b657e3,1791485881804,1791485924077,1791485924077,
0f3585d1-7d86-413f-b107-b1c488e88744,PROVIDER,1200,1,did:web:ssi-dim-wallet-service.identity:BPNL00000003AZQP,ca8e8183-22fc-44fd-8650-6958efb28daa,1791485881836,1791485923589,1791485923589,
60e85950-3efa-4f95-af5e-a4d039fa26dd,PROVIDER,1200,1,did:web:ssi-dim-wallet-service.identity:BPNL00000003AZQP,1af4c759-71ae-4349-a87c-698e45dac4f1,1791485881906,1791485931244,1791485931244,
310316fe-1afb-46fe-98ec-5b7f2fc0eacb,PROVIDER,1200,1,did:web:ssi-dim-wallet-service.identity:BPNL00000003AZQP,4767b242-3a9e-4d0d-8208-56e2c9bcc53e,1791485881934,1791485931471,1791485931471,
5c8cdaaf-b738-438f-872d-c7d641dcc181,PROVIDER,1200,1,did:web:ssi-dim-wallet-service.identity:BPNL00000003AZQP,0fe4f7dc-c374-45df-a7d1-a1b198892123,1791485882012,1791485931278,1791485931278,
9fb8960b-64c4-447f-9c72-2cf36cb85442,PROVIDER,1200,1,did:web:ssi-dim-wallet-service.identity:BPNL00000003AZQP,9f0ea9f2-bee9-4183-8fb7-825db584c3a5,1791485882142,1791485931680,1791485931680,
794a8e66-57bd-4e96-8420-75f39c462159,PROVIDER,1200,1,did:web:ssi-dim-wallet-service.identity:BPNL00000003AZQP,ee555452-0668-4896-97d9-818b9613d118,1791485882145,1791485931363,1791485931363,
e8a19c4b-a8c8-4c7b-be3c-5050e41df826,PROVIDER,1200,1,did:web:ssi-dim-wallet-service.identity:BPNL00000003AZQP,d8351db6-d359-43a6-9654-eeca27b591c5,1791485882420,1791485931634,1791485931634,
3c052442-be35-48b6-bdfb-9861bbdc4bf8,PROVIDER,1200,1,did:web:ssi-dim-wallet-service.identity:BPNL00000003AZQP,546c6f6c-439c-4fe8-b5a4-f301006fa5be,1791485882504,1791485931974,1791485931974,
332f883b-d003-48f6-8ce0-7a6baff2a983,PROVIDER,1200,1,did:web:ssi-dim-wallet-service.identity:BPNL00000003AZQP,b3c88e3c-34d2-4026-854e-b88df9238149,1791485882512,1791485931868,1791485931868,
b60218fd-0db7-41e2-b4df-c204c43661ad,PROVIDER,1200,1,did:web:ssi-dim-wallet-service.identity:BPNL00000003AZQP,ed3e513e-b526-4bd6-9590-a43e2f7ee217,1791485882534,1791485933136,1791485933136,
86c4cd1a-7f4b-41c0-a7ac-99937fbc8e5d,PROVIDER,1200,1,did:web:ssi-dim-wallet-service.identity:BPNL00000003AZQP,896b50c0-b77d-4cc0-a13c-a1469ef091fe,1791485882608,1791485931981,1791485931981,
a9aab292-b7d1-45ef-bf6e-87f305bbbff1,PROVIDER,1200,1,did:web:ssi-dim-wallet-service.identity:BPNL00000003AZQP,6256fa06-6d17-4924-8767-48984c1f71e8,1791485882611,1791485932246,1791485932246,
a2c5a55b-c7c7-4bf6-8226-dfdfbf707572,PROVIDER,1200,1,did:web:ssi-dim-wallet-service.identity:BPNL00000003AZQP,e6e5d49c-a201-463d-8b70-5e19cfdc69d6,1791485882719,1791485933433,1791485933433,
16f39722-0e42-4c68-8c40-eb33be106e47,PROVIDER,1200,1,did:web:ssi-dim-wallet-service.identity:BPNL00000003AZQP,da504074-dc90-4d91-b88c-9afa9d844f59,1791485882747,1791485932968,1791485932968,
4b4160dd-610e-42bf-b451-7a4d2d426bbf,PROVIDER,1200,1,did:web:ssi-dim-wallet-service.identity:BPNL00000003AZQP,ca2aee2e-6269-40ae-8534-9d0a325257d7,1791485882843,1791485933246,1791485933246,
e6c338c1-e8b6-46f9-87f2-ef5fe35b5bc9,PROVIDER,1200,1,did:web:ssi-dim-wallet-service.identity:BPNL00000003AZQP,d3368f1e-841d-4bee-ae03-86b60758b3a5,1791485883053,1791485933053,1791485933053,
67fabc68-8fd4-46e7-91ff-c2647ca851b3,PROVIDER,1200,1,did:web:ssi-dim-wallet-service.identity:BPNL00000003AZQP,0cbc18a4-6f56-4e82-8dad-e31e8dcbd75b,1791485888145,1791485933571,1791485933571,
6b68e546-3fdb-45c0-9170-df7ca463eb85,PROVIDER,1200,1,did:web:ssi-dim-wallet-service.identity:BPNL00000003AZQP,2bb60e73-4d17-4fb0-a18d-3a4a7cfe4b40,1791485888441,1791485933433,1791485933433,
16540be3-42a6-4aba-99f4-f29e99fb85af,PROVIDER,1200,1,did:web:ssi-dim-wallet-service.identity:BPNL00000003AZQP,e4729da4-d59a-4aaa-950b-29d29edade4c,1791485888640,1791485942982,1791485942982,
20aebfb8-415f-4ff4-9e95-334d064af6ee,PROVIDER,1200,1,did:web:ssi-dim-wallet-service.identity:BPNL00000003AZQP,6c6b24a7-cc71-46b6-a2b5-58774b5cf90a,1791485889033,1791485933875,1791485933875,
96e8ac4a-77f5-4d71-ba0b-005cb566e0a1,PROVIDER,1200,1,did:web:ssi-dim-wallet-service.identity:BPNL00000003AZQP,8ed5f3d9-99b0-43bd-acf0-2bb9c8744fcc,1791485889034,1791485933748,1791485933748,
f5e64626-9301-43fd-815a-8ec62f2a5f9e,PROVIDER,1200,1,did:web:ssi-dim-wallet-service.identity:BPNL00000003AZQP,52421873-1d9c-42c0-acf0-c6b1961f2a27,1791485889034,1791485933876,1791485933876,
27c2d9dd-239e-4ccf-97c2-f785d9dc5fe0,PROVIDER,1200,1,did:web:ssi-dim-wallet-service.identity:BPNL00000003AZQP,c07c2d11-d429-4772-989b-7c5319a006eb,1791485889035,1791485942112,1791485942112,
37482e3a-669e-493b-9562-59e4617e41c5,PROVIDER,1200,1,did:web:ssi-dim-wallet-service.identity:BPNL00000003AZQP,b0a042af-083f-4b4c-a78f-fbfa21eb85ac,1791485889334,1791485942376,1791485942376,
7e69432a-0477-4b02-88e1-cb086f3792cd,PROVIDER,1200,1,did:web:ssi-dim-wallet-service.identity:BPNL00000003AZQP,121e221d-01d6-415e-ac96-84f0aaf12fb8,1791485889633,1791485942736,1791485942736,
e5d210f4-c1ce-45bb-99e4-78c1899a1a86,PROVIDER,1200,1,did:web:ssi-dim-wallet-service.identity:BPNL00000003AZQP,8139f21a-1c31-40b3-a089-fe81b0d2d933,1791485889904,1791485942941,1791485942941,
d97a5a40-8793-480e-af7c-06b3aa760ac5,PROVIDER,1200,1,did:web:ssi-dim-wallet-service.identity:BPNL00000003AZQP,f3f2b165-8af6-4602-9b0f-2991d00f6221,1791485889911,1791485942833,1791485942833,
f2e80edb-64c2-405e-a302-30a0a02ef948,PROVIDER,1200,1,did:web:ssi-dim-wallet-service.identity:BPNL00000003AZQP,5cb5685a-bda0-4a64-8c5b-ccc07ec310bd,1791485889934,1791485942941,1791485942941,
d8436396-02bf-441b-81dd-c9db01fef4f8,PROVIDER,1200,1,did:web:ssi-dim-wallet-service.identity:BPNL00000003AZQP,4cbb9866-8df9-4752-a027-402151b42ef1,1791485890105,1791485943284,1791485943284,
9fbd6aea-d09e-4d40-bccb-2fee10803bc2,PROVIDER,1200,1,did:web:ssi-dim-wallet-service.identity:BPNL00000003AZQP,762607f9-7da8-4337-9563-bdef6ae2b0cb,1791485890134,1791485943696,1791485943696,
22974b04-05f8-48da-aecf-71b092455f32,PROVIDER,1200,1,did:web:ssi-dim-wallet-service.identity:BPNL00000003AZQP,cd4a13d4-4afe-47cc-9b51-dae2c9f2502f,1791485890135,1791485943377,1791485943377,
44147eca-0c33-428f-aa1f-c2a3bb07dc79,PROVIDER,1200,1,did:web:ssi-dim-wallet-service.identity:BPNL00000003AZQP,b7e8dedc-94d0-4780-8191-4aeb62fbcff0,1791485890212,1791485944435,1791485944435,
0c4acaf1-6ab4-4a13-8572-19f18fa3979c,PROVIDER,1200,1,did:web:ssi-dim-wallet-service.identity:BPNL00000003AZQP,fdbbff4e-431a-493a-8e4c-0c308a858b1b,1791485890405,1791485943644,1791485943644,
f608fc1c-5d94-4fae-96fa-b28f7c52bb14,PROVIDER,1200,1,did:web:ssi-dim-wallet-service.identity:BPNL00000003AZQP,7ed9056b-cded-4eb4-8b05-5f0dd1f8fa3f,1791485890634,1791485944476,1791485944476,
59972aca-f9b2-4ce2-9930-1448bde7e9d4,PROVIDER,1200,1,did:web:ssi-dim-wallet-service.identity:BPNL00000003AZQP,ff5150bf-360b-4259-a5a8-32b4c17140f3,1791485890704,1791485944376,1791485944376,
f5d40273-f681-4df7-a5cd-42a318277bea,PROVIDER,1200,1,did:web:ssi-dim-wallet-service.identity:BPNL00000003AZQP,817ccc8a-3577-4dad-afd8-5c9ed63e6ba6,1791485890705,1791485944270,1791485944270,
db340875-6ca1-4bf4-a748-9899e8f4b427,PROVIDER,1200,1,did:web:ssi-dim-wallet-service.identity:BPNL00000003AZQP,03220bb6-d5d1-43a9-acb4-3d19f5872146,1791485892934,1791485944668,1791485944668,
634d7fc2-e0e4-438f-b4c3-75bcb758a138,PROVIDER,1200,1,did:web:ssi-dim-wallet-service.identity:BPNL00000003AZQP,fc3191f8-69c6-4bb4-828c-834f1bcc810c,1791485893035,1791485944792,1791485944792,
ccf3d5d2-d544-48b5-89a7-e2c1859543ec,PROVIDER,1200,1,did:web:ssi-dim-wallet-service.identity:BPNL00000003AZQP,5476e12c-f5d6-41f5-b8ab-449368f3269c,1791485893234,1791485945075,1791485945075,
c572708b-429a-4264-abd5-38fc83322c59,PROVIDER,1200,1,did:web:ssi-dim-wallet-service.identity:BPNL00000003AZQP,66b0e545-0cbc-4b7a-bbdf-820fe7749909,1791485893333,1791485944835,1791485944835,
d9bc26f9-fe36-4666-8bd7-9a2d8ffe34c5,PROVIDER,1200,1,did:web:ssi-dim-wallet-service.identity:BPNL00000003AZQP,6308b747-964b-43bb-801e-7fc3f5ae26c9,1791485893408,1791485950968,1791485950968,
a1d06d69-23ca-44a8-8891-0ff95510e629,PROVIDER,1200,1,did:web:ssi-dim-wallet-service.identity:BPNL00000003AZQP,1f9f94f5-df22-4c7b-b66c-84b61fc691ad,1791485893605,1791485945080,1791485945080,
c64c3007-710d-4782-a82d-4d964072be4d,PROVIDER,1200,1,did:web:ssi-dim-wallet-service.identity:BPNL00000003AZQP,56a0397f-a4e7-4547-a895-e1ba87950568,1791485893606,1791485951049,1791485951049,
b5dc3fe2-bd9c-4ad5-9317-4a13dcf28172,PROVIDER,1200,1,did:web:ssi-dim-wallet-service.identity:BPNL00000003AZQP,fbfea1a5-6842-4697-9f79-c1da616522b4,1791485893646,1791485951284,1791485951284,
dbcc9308-dab0-4ac5-8693-2a2ae6324b6f,PROVIDER,1200,1,did:web:ssi-dim-wallet-service.identity:BPNL00000003AZQP,8da019e2-3100-472a-8478-0735450f709f,1791485893906,1791485951382,1791485951382,
3f5d1a79-2cb6-4ca5-bbda-b01f7905dacd,PROVIDER,1200,1,did:web:ssi-dim-wallet-service.identity:BPNL00000003AZQP,84348f08-1837-409a-9e5d-869cfd298fac,1791485893936,1791485951056,1791485951056,
a41da14c-f46b-4304-9d4c-c8d3b79e0d76,PROVIDER,1200,1,did:web:ssi-dim-wallet-service.identity:BPNL00000003AZQP,b0e42123-54c1-4bb8-b4ac-b8ce9f0a2ee0,1791485894540,1791485951278,1791485951278,
b1c82f20-a37a-410a-b5fb-a737808fa5b9,PROVIDER,1200,1,did:web:ssi-dim-wallet-service.identity:BPNL00000003AZQP,c8cfa619-511c-46b1-b5b6-e676c88da799,1791485894608,1791485951577,1791485951577,
51014588-b700-41f4-b655-44eecafaf68a,PROVIDER,1200,1,did:web:ssi-dim-wallet-service.identity:BPNL00000003AZQP,49d6c902-42ef-41dd-accf-2800a7d2a6e8,1791485894611,1791485951654,1791485951654,
0a872cb5-893c-4140-a395-75b66acc14e7,PROVIDER,1200,1,did:web:ssi-dim-wallet-service.identity:BPNL00000003AZQP,fa3be548-5ea4-4e75-93e8-0eb62b8b29f3,1791485894804,1791485952068,1791485952068,
88516f03-585b-45da-a12a-a8d338dc55b8,PROVIDER,1200,1,did:web:ssi-dim-wallet-service.identity:BPNL00000003AZQP,b54e3209-6052-4612-85d9-d3e27b8849c1,1791485894836,1791485951898,1791485951898,
635eaa88-b236-4e82-bc05-17d31b0b2ffd,PROVIDER,1200,1,did:web:ssi-dim-wallet-service.identity:BPNL00000003AZQP,18eeddaa-93c9-4841-8b95-8d5eb3c8e805,1791485894838,1791485952171,1791485952171,
4f684d86-281d-41ed-a808-9e892a4fb2f2,PROVIDER,1200,1,did:web:ssi-dim-wallet-service.identity:BPNL00000003AZQP,41c5d1cf-052a-4cb9-8ade-c67509e7e9a0,1791485895005,1791485952368,1791485952368,
7bff7fa0-8566-4f70-bc24-79834801ec7f,PROVIDER,1200,1,did:web:ssi-dim-wallet-service.identity:BPNL00000003AZQP,0f945792-52fb-482a-ae69-5605baaae87e,1791485895205,1791485952352,1791485952352,
85da5b23-6be8-4639-9d64-076a7d91efd8,PROVIDER,1200,1,did:web:ssi-dim-wallet-service.identity:BPNL00000003AZQP,ff743264-d349-474f-b349-4fd24fd1f326,1791485895305,1791485952163,1791485952163,
3c184d68-6280-4387-8a44-18b3e5a63f67,PROVIDER,1200,1,did:web:ssi-dim-wallet-service.identity:BPNL00000003AZQP,0f9164ad-4bdd-495f-90a9-6d544380eac0,1791485895306,1791485952352,1791485952352,
169c994f-30bf-4dfb-bf2a-fc0d2a839e80,PROVIDER,1200,1,did:web:ssi-dim-wallet-service.identity:BPNL00000003AZQP,db65caf4-6af8-4d7d-99be-974c72441845,1791485898033,1791485952656,1791485952656,
bdb8c7dd-e606-4f59-b50b-00b72d32929e,PROVIDER,1200,1,did:web:ssi-dim-wallet-service.identity:BPNL00000003AZQP,d9a78144-649a-40ef-affe-da556933f3c8,1791485898109,1791485952468,1791485952468,
39faa5d8-6fb8-4a16-a293-88d0a8644f11,PROVIDER,1200,1,did:web:ssi-dim-wallet-service.identity:BPNL00000003AZQP,66c03c2c-ac94-42f4-9a56-dda31769e281,1791485898212,1791485952937,1791485952937,
25517f63-6480-401c-be26-dae10ecf9e62,PROVIDER,1200,1,did:web:ssi-dim-wallet-service.identity:BPNL00000003AZQP,41e2d146-00a2-4d71-b3aa-cfbe1bf16316,1791485898305,1791485952969,1791485952969,
ec9f47ba-cf62-4ef5-bb2c-61631dfe21d0,PROVIDER,1200,1,did:web:ssi-dim-wallet-service.identity:BPNL00000003AZQP,f53f317f-9be5-403f-a5f6-edceac7eef6b,1791485898404,1791485952645,1791485952645,
d718113b-cc49-4d3d-aeee-ab54d8fd2e19,PROVIDER,1200,1,did:web:ssi-dim-wallet-service.identity:BPNL00000003AZQP,b966d311-3584-40d6-86ad-6c1253ad95c9,1791485898404,1791485960247,1791485960247,
5fcb0e2a-ea51-4b35-a1ab-bc5d385c91c6,PROVIDER,1200,1,did:web:ssi-dim-wallet-service.identity:BPNL00000003AZQP,dbc6bb8c-8f9f-48cc-b853-36ac018454a1,1791485898535,1791485960286,1791485960286,
ebe75b01-2e30-464b-b9bf-0d256f02b837,PROVIDER,1200,1,did:web:ssi-dim-wallet-service.identity:BPNL00000003AZQP,a53076de-d0d9-4f33-95c5-05b26eac22e6,1791485898604,1791485960536,1791485960536,
a00e4bdd-e81e-4801-a2cf-82b56d8d9b8d,PROVIDER,1200,1,did:web:ssi-dim-wallet-service.identity:BPNL00000003AZQP,8814268f-4579-4e35-bf1b-b4dc1f63b478,1791485898605,1791485960297,1791485960297,
68c2267f-f3be-475a-a4bc-486a1fbd112e,PROVIDER,1200,1,did:web:ssi-dim-wallet-service.identity:BPNL00000003AZQP,c6ce1b6b-514a-4cce-8d23-45c0d5c79674,1791485899305,1791485960441,1791485960441,
b76e031d-6184-4df4-bac3-33e5118d9e9e,PROVIDER,1200,1,did:web:ssi-dim-wallet-service.identity:BPNL00000003AZQP,a0c56d06-07b4-4f89-87ca-e1379fb2a606,1791485899306,1791485960349,1791485960349,
add5ecf5-86a6-4aa6-b9dd-977624f8e90a,PROVIDER,1200,1,did:web:ssi-dim-wallet-service.identity:BPNL00000003AZQP,ec97261a-d4c2-4b42-a1c1-12bb0ebb85a2,1791485899334,1791485960405,1791485960405,
73fd3d26-7d7f-469f-91ba-3be4d325d054,PROVIDER,1200,1,did:web:ssi-dim-wallet-service.identity:BPNL00000003AZQP,fcb1a062-52a7-4f30-b4c1-cef7bd698f54,1791485899336,1791485960647,1791485960647,
0cddfbdb-87c3-4d97-a7d8-8e332200bb3f,PROVIDER,1200,1,did:web:ssi-dim-wallet-service.identity:BPNL00000003AZQP,b78e7104-6543-41a8-947d-9852f27f9f91,1791485899504,1791485961050,1791485961050,
5d0e9b7d-d52b-4aa2-bbf5-b2a7ee7f5285,PROVIDER,1200,1,did:web:ssi-dim-wallet-service.identity:BPNL00000003AZQP,9ad3b84d-c622-470b-ab86-58e2049e7498,1791485899505,1791485960775,1791485960775,
6a989578-3586-4345-b12a-dc7db84ef10b,PROVIDER,1200,1,did:web:ssi-dim-wallet-service.identity:BPNL00000003AZQP,37a65dec-4028-4f31-bb9c-9fb4c2121b31,1791485899710,1791485960575,1791485960575,
b0a74de1-3863-4aee-b2e5-0dad7285104d,PROVIDER,1200,1,did:web:ssi-dim-wallet-service.identity:BPNL00000003AZQP,89c4d5a4-2ffc-4422-8309-77f983a7154c,1791485899715,1791485960843,1791485960843,
97e12dca-1c30-44aa-a80a-3664f2903dd9,PROVIDER,1200,1,did:web:ssi-dim-wallet-service.identity:BPNL00000003AZQP,19eb4891-2d65-4e1b-b386-c06e33f4bed5,1791485899910,1791485960782,1791485960782,
d2231ed3-f7a4-41d5-b01b-bea4d987a9d6,PROVIDER,1200,1,did:web:ssi-dim-wallet-service.identity:BPNL00000003AZQP,5d370350-bc06-476e-8242-3288375fd114,1791485899934,1791485961051,1791485961051,
561ec282-6806-4c09-b072-dd9fae778c0b,PROVIDER,1200,1,did:web:ssi-dim-wallet-service.identity:BPNL00000003AZQP,8b5c5006-9962-45d5-bff7-3aaeb95d73a3,1791485900004,1791485961068,1791485961068,
0f33e25c-2f12-4c4c-97d1-3e2220ff45ce,PROVIDER,1200,1,did:web:ssi-dim-wallet-service.identity:BPNL00000003AZQP,23c44bff-2469-44e2-a309-3a0d11a06c17,1791485901404,1791485961447,1791485961447,
9db1975f-4636-452f-98db-f8b9b7fd1b80,PROVIDER,1200,1,did:web:ssi-dim-wallet-service.identity:BPNL00000003AZQP,fc5546ae-e587-430e-a821-da3d0740eac6,1791485901438,1791485961547,1791485961547,
d60aaee2-2dc9-4d7a-98f0-de86c77953ec,PROVIDER,1200,1,did:web:ssi-dim-wallet-service.identity:BPNL00000003AZQP,f50a74a4-b149-4e14-ae88-1e0ec82bfef1,1791485901541,1791485961345,1791485961345,
f64667d6-a724-43b0-b434-932d376daf5c,PROVIDER,1200,1,did:web:ssi-dim-wallet-service.identity:BPNL00000003AZQP,b8ad032a-ff42-49a5-bf2e-c975dede9da3,1791485901646,1791485961182,1791485961182,
1ccea8b1-a927-4408-b0b4-f1cead3d79c7,PROVIDER,1200,1,did:web:ssi-dim-wallet-service.identity:BPNL00000003AZQP,50a0b559-8e2e-4884-b930-5bd61e34f32e,1791485901705,1791485961351,1791485961351,
e933a5ba-47d6-40ab-a1f0-dfa3b5ed7475,PROVIDER,1200,1,did:web:ssi-dim-wallet-service.identity:BPNL00000003AZQP,de15e6e9-762c-4902-a89c-da9dffaef2e4,1791485901806,1791485966840,1791485966840,
c56bf3fa-4e9d-48a1-9ec7-abcb16345501,PROVIDER,1200,1,did:web:ssi-dim-wallet-service.identity:BPNL00000003AZQP,86b6ff43-361c-4a3b-844d-4cb0691925c6,1791485901809,1791485966956,1791485966956,
995ccbbb-8b2d-41ed-974d-a5036993879d,PROVIDER,1200,1,did:web:ssi-dim-wallet-service.identity:BPNL00000003AZQP,07ed7687-19b6-48ba-be0f-cba78effb5fc,1791485901809,1791485966870,1791485966870,
53eafad3-03dc-42d0-9ad7-728835bc68d2,PROVIDER,1200,1,did:web:ssi-dim-wallet-service.identity:BPNL00000003AZQP,0dcce005-512a-4f06-8018-ca87600e5586,1791485901940,1791485967068,1791485967068,
a971cbbc-6b1b-4294-be2f-933165126a6e,PROVIDER,1200,1,did:web:ssi-dim-wallet-service.identity:BPNL00000003AZQP,ae184d9a-527e-4112-9b09-c97a3176d850,1791485902014,1791485966886,1791485966886,
8f998756-3cf8-4619-b61c-801dc31d7456,PROVIDER,1200,1,did:web:ssi-dim-wallet-service.identity:BPNL00000003AZQP,f2ed9cba-3cce-496c-8d28-931122ceccda,1791485902049,1791485967045,1791485967045,
12cf067e-1290-449d-b46b-2c19a7044682,PROVIDER,1200,1,did:web:ssi-dim-wallet-service.identity:BPNL00000003AZQP,d6d3dcf7-e2e3-4120-b642-c7a3ba350474,1791485902104,1791485967139,1791485967139,
7d15ec49-3693-4bd1-8957-d7260cc4195b,PROVIDER,1200,1,did:web:ssi-dim-wallet-service.identity:BPNL00000003AZQP,3231fb8a-381a-4b74-96f6-6e0cc8740eb1,1791485902339,1791485967161,1791485967161,
5f08f065-df60-41e2-a92d-25dbe7671847,PROVIDER,1200,1,did:web:ssi-dim-wallet-service.identity:BPNL00000003AZQP,475b6d51-f383-467b-8d05-d585b35ad7ee,1791485902433,1791485967334,1791485967334,
27f53dc0-f708-41bb-911e-25ec728245a7,PROVIDER,1200,1,did:web:ssi-dim-wallet-service.identity:BPNL00000003AZQP,5a4feb37-2b1b-49fd-9709-ee20a3a29c92,1791485902443,1791485967529,1791485967529,
562a9af1-00cf-4ddc-9a6d-3c05c569126a,PROVIDER,1200,1,did:web:ssi-dim-wallet-service.identity:BPNL00000003AZQP,b34f564b-1559-486a-a3b1-85ff623fc766,1791485902505,1791485967241,1791485967241,
b4bc17fd-1782-4553-9d75-11f17993be1c,PROVIDER,1200,1,did:web:ssi-dim-wallet-service.identity:BPNL00000003AZQP,25a30e1c-f008-49b8-a030-822659e2d133,1791485902560,1791485967356,1791485967356,
34097066-5c6c-4ea0-a8d7-75b7bba6ee16,PROVIDER,1200,1,did:web:ssi-dim-wallet-service.identity:BPNL00000003AZQP,badbe44a-21e3-4e25-a565-3595eada6c48,1791485902943,1791485967826,1791485967826,
a50f683d-e718-4691-820e-a4251f5b8aaa,PROVIDER,1200,1,did:web:ssi-dim-wallet-service.identity:BPNL00000003AZQP,71e05d04-a009-46c9-80d1-f02b7555912f,1791485903033,1791485967734,1791485967734,
d9ac2c8d-3a6e-4c06-8afc-9cafa46b8d01,PROVIDER,1200,1,did:web:ssi-dim-wallet-service.identity:BPNL00000003AZQP,fc3a3fd0-28a9-44bd-b62c-a0fe1479c1e1,1791485903411,1791485967761,1791485967761,
76dd23d8-d267-4d56-bb6c-407b41736807,PROVIDER,1200,1,did:web:ssi-dim-wallet-service.identity:BPNL00000003AZQP,110e1e52-1be8-4476-be24-48e07b617e65,1791485906003,1791485967873,1791485967873,
9d6f3d61-f549-483b-95f8-359fe86d4870,PROVIDER,1200,1,did:web:ssi-dim-wallet-service.identity:BPNL00000003AZQP,44c12236-220a-45ea-8824-9aefce14cee0,1791485906034,1791485967961,1791485967961,
8ec31ad2-437e-4819-9bee-79af32319a3a,PROVIDER,1200,1,did:web:ssi-dim-wallet-service.identity:BPNL00000003AZQP,2620ed1e-7ea1-46b8-88c6-3adae1bd2518,1791485906337,1791485968059,1791485968059,
3c941538-8244-46c5-b51c-6aa6d193b9cf,PROVIDER,1200,1,did:web:ssi-dim-wallet-service.identity:BPNL00000003AZQP,ed1e96cc-d838-4341-98fd-bfe7fccc5fdc,1791485906340,1791485967980,1791485967980,
1e8b7e1d-0e3f-47fa-a9a3-ca41b28fa51f,PROVIDER,1200,1,did:web:ssi-dim-wallet-service.identity:BPNL00000003AZQP,616f1ddd-4ab0-4841-9f06-d2a7207e2c12,1791485906434,1791485971104,1791485971104,
7e0439df-21c3-4aff-a391-d03577e1d7d5,PROVIDER,1200,1,did:web:ssi-dim-wallet-service.identity:BPNL00000003AZQP,c1525c98-8509-4e04-b92a-63eebfc8cb7b,1791485906436,1791485968124,1791485968124,
701487eb-144e-4d0a-af39-58dbd9427a9f,PROVIDER,1200,1,did:web:ssi-dim-wallet-service.identity:BPNL00000003AZQP,b55158fc-39cd-4a12-944b-b34da28a792f,1791485906638,1791485971168,1791485971168,
cb2aae1d-37b4-4f0a-b3bd-4995588f8f4b,PROVIDER,1200,1,did:web:ssi-dim-wallet-service.identity:BPNL00000003AZQP,3fe9e3ec-f08a-490c-a7e1-dc52528632a9,1791485906834,1791485971433,1791485971433,
ca301235-2e55-4328-b370-ca99f66d277a,PROVIDER,1200,1,did:web:ssi-dim-wallet-service.identity:BPNL00000003AZQP,b49a0248-bfb9-4fb6-87fa-8bf50815be6e,1791485906945,1791485971185,1791485971185,
3b03451e-0601-4f18-830e-2284393c5d8c,PROVIDER,1200,1,did:web:ssi-dim-wallet-service.identity:BPNL00000003AZQP,728049c0-3f89-4ba8-9b0a-4bd5201a8c6c,1791485907037,1791485971342,1791485971342,
631c5e05-fad7-4870-8c94-c4af638a0d94,PROVIDER,1200,1,did:web:ssi-dim-wallet-service.identity:BPNL00000003AZQP,05a04b7e-5743-4685-84dd-cf5da0a28c0f,1791485907142,1791485971251,1791485971251,
95c8feba-e112-412d-b3be-77bd5598595b,PROVIDER,1200,1,did:web:ssi-dim-wallet-service.identity:BPNL00000003AZQP,2f8117bc-a92f-4bdb-a5de-e4736f51c1c2,1791485907241,1791485971533,1791485971533,
ef3373ed-7deb-4098-b46d-78a6d2b35c20,PROVIDER,1200,1,did:web:ssi-dim-wallet-service.identity:BPNL00000003AZQP,9b6fd002-cb40-4b4d-a538-42975f0d0acf,1791485907304,1791485972068,1791485972068,
5008eaac-3eea-4419-a62e-a6ac0a8e9cf8,PROVIDER,1200,1,did:web:ssi-dim-wallet-service.identity:BPNL00000003AZQP,e3aa59c6-2b74-447a-a7df-f901d519a03f,1791485907505,1791485971680,1791485971680,
94436ba2-6768-4cbf-b5e2-3f87609443ce,PROVIDER,1200,1,did:web:ssi-dim-wallet-service.identity:BPNL00000003AZQP,bbf48062-c3cf-436b-966c-a30f686ebeb8,1791485907637,1791485972768,1791485972768,
4ec50d93-3f26-42f8-bad6-3e473e86ba27,PROVIDER,1200,1,did:web:ssi-dim-wallet-service.identity:BPNL00000003AZQP,dd81c763-2f91-4f29-99ab-e845ed0eb17c,1791485907734,1791485972851,1791485972851,
78bf11da-e504-4aec-9415-3aa576e0a69b,PROVIDER,1200,1,did:web:ssi-dim-wallet-service.identity:BPNL00000003AZQP,43f70085-dcae-4094-963e-956ced15cd78,1791485907905,1791485972105,1791485972105,
7ed47612-a912-41ee-a54e-f75ba1331483,PROVIDER,1200,1,did:web:ssi-dim-wallet-service.identity:BPNL00000003AZQP,1d69df64-9498-43dc-a823-7ab8f5b4936c,1791485907935,1791485972670,1791485972670,
dc76141a-932b-4eb0-bb16-940ad0e7d134,PROVIDER,1200,1,did:web:ssi-dim-wallet-service.identity:BPNL00000003AZQP,01887098-7aaa-4e39-86a1-526dc48669c4,1791485908134,1791485972834,1791485972834,
17c0d0e3-2f9c-4189-a739-42538eddd180,PROVIDER,1200,1,did:web:ssi-dim-wallet-service.identity:BPNL00000003AZQP,10bd6ea5-4bf7-49ae-9423-ea2be5bae2de,1791485908204,1791485972468,1791485972468,
3a62894e-a97c-49cf-b3f5-61517a9d6895,PROVIDER,1200,1,did:web:ssi-dim-wallet-service.identity:BPNL00000003AZQP,12235a28-4141-42e6-a8bc-9a2f4760117a,1791485909533,1791485972778,1791485972778,
a0eb07d4-df23-4cc5-8e7a-b899a45dd1ad,PROVIDER,1200,1,did:web:ssi-dim-wallet-service.identity:BPNL00000003AZQP,66f4e35a-ee4e-4277-9d60-8ae658bced23,1791485909611,1791485973278,1791485973278,
4d3e8f7d-a359-44b7-a405-2afccbfca786,PROVIDER,1200,1,did:web:ssi-dim-wallet-service.identity:BPNL00000003AZQP,b13501b8-d4ed-4080-8611-8e13893125e0,1791485909614,1791485973277,1791485973277,
dfffabf4-2062-457c-84b7-5118f57ffe4c,PROVIDER,1200,1,did:web:ssi-dim-wallet-service.identity:BPNL00000003AZQP,2a4aaeae-a6e4-4d60-b5e4-c12e72b47924,1791485909640,1791485973268,1791485973268,
2547d4fc-cb50-4780-86c8-a8a316f3418f,PROVIDER,1200,1,did:web:ssi-dim-wallet-service.identity:BPNL00000003AZQP,8a32bfe7-eecb-48e9-810c-84a1d2db3b6f,1791485909704,1791485973277,1791485973277,
e8b7f3bd-53fa-4258-8257-b6bd5d2f98ca,PROVIDER,1200,1,did:web:ssi-dim-wallet-service.identity:BPNL00000003AZQP,cabc3ac2-f6f3-488e-b451-4983280c20f9,1791485909905,1791485979434,1791485979434,
abd169d9-6ae4-4b25-b2d3-e9ba440955ca,PROVIDER,1200,1,did:web:ssi-dim-wallet-service.identity:BPNL00000003AZQP,7f5d9f0f-e340-4df3-8779-7edc6bd7e468,1791485909934,1791485979187,1791485979187,
326c4fbd-f93a-4e9f-947f-3e714715c302,PROVIDER,1200,1,did:web:ssi-dim-wallet-service.identity:BPNL00000003AZQP,5e1b3d3a-f38a-4361-90d7-e38d8146cdc9,1791485909935,1791485979195,1791485979195,
cf663965-fe15-451a-b88a-2be9794e3c7d,PROVIDER,1200,1,did:web:ssi-dim-wallet-service.identity:BPNL00000003AZQP,14f17751-07b6-4062-8b5c-f73b350734bb,1791485910034,1791485979221,1791485979221,
733917f4-b485-4389-8c79-a849ae9bf4ea,PROVIDER,1200,1,did:web:ssi-dim-wallet-service.identity:BPNL00000003AZQP,f6910d4c-8237-4f23-aba4-e2e0323be9a2,1791485910034,1791485979298,1791485979298,
974ef164-4d98-4e7f-ba29-aba8f2878ba0,PROVIDER,1200,1,did:web:ssi-dim-wallet-service.identity:BPNL00000003AZQP,06ec30a7-a8bb-4aeb-9e29-8f53997fe25b,1791485910204,1791485979568,1791485979568,
3bc4076d-f81c-4c60-aa51-c7be826a038e,PROVIDER,1200,1,did:web:ssi-dim-wallet-service.identity:BPNL00000003AZQP,3714dc89-9abd-469b-9754-3e0da1eaded5,1791485910304,1791485979435,1791485979435,
e9b78a79-1584-44f5-a5a5-c4c724690a53,PROVIDER,1200,1,did:web:ssi-dim-wallet-service.identity:BPNL00000003AZQP,bc5cf245-b53e-4a06-b59b-7e43df2bf5aa,1791485910334,1791485979483,1791485979483,
f1e32db5-0a0d-4b1a-a530-79efe254a807,PROVIDER,1200,1,did:web:ssi-dim-wallet-service.identity:BPNL00000003AZQP,996bba32-79f1-4e2d-bcd9-d70a3e29898e,1791485910334,1791485979378,1791485979378,
01832a03-8cd6-4446-807a-a91637783860,PROVIDER,1200,1,did:web:ssi-dim-wallet-service.identity:BPNL00000003AZQP,4ca61adc-1829-4246-bf87-37007f92584a,1791485910534,1791485979483,1791485979483,
c144521e-0af9-4a48-9247-0778eaf397e4,PROVIDER,1200,1,did:web:ssi-dim-wallet-service.identity:BPNL00000003AZQP,47fe060e-90d0-4411-9c1a-0f6862e4d961,1791485910535,1791485979577,1791485979577,
bbc89b10-3b43-41e1-a272-92ac7238beb5,PROVIDER,1200,1,did:web:ssi-dim-wallet-service.identity:BPNL00000003AZQP,acdb3b46-4e2f-46fd-9938-256d5ab10b7a,1791485910539,1791485979736,1791485979736,
9aeb032a-9672-4319-af74-ba818b9b7477,PROVIDER,1200,1,did:web:ssi-dim-wallet-service.identity:BPNL00000003AZQP,5c921558-3578-445a-a433-d60670a5f9c5,1791485910540,1791485979975,1791485979975,
67e1ad4e-0e8e-411f-8741-30b303822c29,PROVIDER,1200,1,did:web:ssi-dim-wallet-service.identity:BPNL00000003AZQP,e6bc2e6b-7484-49cb-93c2-c7049027d982,1791485910542,1791485979569,1791485979569,
650ad2d0-4737-4870-bc14-996cd191cf43,PROVIDER,1200,1,did:web:ssi-dim-wallet-service.identity:BPNL00000003AZQP,84bf81ab-2366-4003-afb6-4e8a42ab131d,1791485910644,1791485979935,1791485979935,
cd531c2b-8cda-4306-a996-7fe077810e24,PROVIDER,1200,1,did:web:ssi-dim-wallet-service.identity:BPNL00000003AZQP,95a56482-0cc8-4de0-9e23-632a39fec631,1791485912009,1791485979878,1791485979878,
984c6016-8fa7-4c28-814d-c19b9a4ef495,PROVIDER,1200,1,did:web:ssi-dim-wallet-service.identity:BPNL00000003AZQP,7d073b85-a94a-4a0f-a752-a2a3df62e3c0,1791485912138,1791485979982,1791485979982,
348f4838-199f-4c68-ac23-903a34877026,PROVIDER,1200,1,did:web:ssi-dim-wallet-service.identity:BPNL00000003AZQP,0e54e63a-c753-4db1-b34a-04da867435c1,1791485912212,1791485980277,1791485980277,
97817fbb-e183-401c-a743-e50c30269c24,PROVIDER,1200,1,did:web:ssi-dim-wallet-service.identity:BPNL00000003AZQP,be6bdb7c-ca4c-471f-b976-ba25964c0f34,1791485912310,1791485980082,1791485980082,
5c0227d0-a662-4ac8-9841-4e2342e6c285,PROVIDER,1200,1,did:web:ssi-dim-wallet-service.identity:BPNL00000003AZQP,7d3052bc-2715-4ad7-b08d-adeb214f050c,1791485912438,1791485980169,1791485980169,
2c9e2166-a18b-4f65-b94a-f0ef647f0cb1,PROVIDER,1200,1,did:web:ssi-dim-wallet-service.identity:BPNL00000003AZQP,463f7f0a-bc77-416d-9332-996992ca7c4a,1791485912637,1791485983145,1791485983145,
8d2ac8a3-dec2-46d3-99fc-126cb5ab3961,PROVIDER,1200,1,did:web:ssi-dim-wallet-service.identity:BPNL00000003AZQP,4cf5628e-5604-4365-a9cd-45c957071056,1791485912736,1791485982968,1791485982968,
4d6e4627-2328-4e8e-bd24-188c547d26d1,PROVIDER,1200,1,did:web:ssi-dim-wallet-service.identity:BPNL00000003AZQP,c1629071-6d1c-428e-9e17-0e598a448231,1791485912838,1791485983168,1791485983168,
89fc0f79-31ba-48e5-bdf1-84bcb3973907,PROVIDER,1200,1,did:web:ssi-dim-wallet-service.identity:BPNL00000003AZQP,fa4a1c33-fbe9-4d3e-a77e-ccd8da85e016,1791485912934,1791485983191,1791485983191,
66c14557-321b-4cd1-b090-0ea2e22d97da,PROVIDER,1200,1,did:web:ssi-dim-wallet-service.identity:BPNL00000003AZQP,97b3831c-f67b-482f-a787-0eace11e4d2f,1791485913003,1791485983338,1791485983338,
4089575d-1540-4c06-9bce-89f8ae0ea9e3,PROVIDER,1200,1,did:web:ssi-dim-wallet-service.identity:BPNL00000003AZQP,1300150f-2670-4c5c-8f92-37862c4fcef0,1791485913234,1791485983341,1791485983341,
2afe2fbc-37af-49e7-9301-67a66a622a18,PROVIDER,1200,1,did:web:ssi-dim-wallet-service.identity:BPNL00000003AZQP,05146877-107d-49b4-a4d2-9da1349e3767,1791485913305,1791485983570,1791485983570,
618e0038-399b-48ec-8c01-08f7a845349c,PROVIDER,1200,1,did:web:ssi-dim-wallet-service.identity:BPNL00000003AZQP,0d69b8da-c9f9-424e-a3b5-4ffb671cf030,1791485913535,1791485983346,1791485983346,
1f460b17-f70a-475d-9aaa-f2e777fcc488,PROVIDER,1200,1,did:web:ssi-dim-wallet-service.identity:BPNL00000003AZQP,4128f51f-741c-4373-a578-f56857ec6505,1791485913635,1791485983386,1791485983386,
359c9ec9-a98b-4183-837a-ffa7a2f73906,PROVIDER,1200,1,did:web:ssi-dim-wallet-service.identity:BPNL00000003AZQP,76e5cc66-6662-4631-968d-d80c982e9e8c,1791485913707,1791485983582,1791485983582,
43f79b0d-53c9-41cc-8201-f12437df8f26,PROVIDER,1200,1,did:web:ssi-dim-wallet-service.identity:BPNL00000003AZQP,4b99bb75-e9fd-4173-b7df-ae3cb3448d7f,1791485913737,1791485983568,1791485983568,
d172d81b-e0b3-4e80-9654-012fb6f9a20c,PROVIDER,1200,1,did:web:ssi-dim-wallet-service.identity:BPNL00000003AZQP,68c1b7c1-c01c-40b4-9354-07a5a151fa02,1791485913943,1791485983535,1791485983535,
067ecec4-89ca-4a7a-9d8d-2e841d525d61,PROVIDER,1200,1,did:web:ssi-dim-wallet-service.identity:BPNL00000003AZQP,0f98e768-a6d6-467f-9038-c4f18a203409,1791485914033,1791485983782,1791485983782,
c5d1701d-0195-45ff-9aa1-2708a4c23768,PROVIDER,1200,1,did:web:ssi-dim-wallet-service.identity:BPNL00000003AZQP,2a9e8c8d-1750-4960-b66b-646c23e37c43,1791485914235,1791485983415,1791485983415,
703ffd0e-1dda-4b77-8143-8dcce93ff7c1,PROVIDER,1200,1,did:web:ssi-dim-wallet-service.identity:BPNL00000003AZQP,694d6657-a3d2-492c-bb5b-cae545bc4459,1791485914404,1791485983594,1791485983594,
fad41dfe-1b28-49c6-bbdb-99d7b0439566,PROVIDER,1200,1,did:web:ssi-dim-wallet-service.identity:BPNL00000003AZQP,a6ab19e7-f050-4667-bba2-e6997b81a9fa,1791485914935,1791485983782,1791485983782,
743579e9-d969-4143-9631-8a4aca96879d,PROVIDER,1200,1,did:web:ssi-dim-wallet-service.identity:BPNL00000003AZQP,92d7874b-7f8c-4e43-9627-5b35b6000fae,1791485914942,1791485983774,1791485983774,
7cb14f64-47ca-460a-b546-235ea2d32335,PROVIDER,1200,1,did:web:ssi-dim-wallet-service.identity:BPNL00000003AZQP,ef8e8f5f-2f25-4542-a68d-72c9bdfbfef9,1791485915134,1791485984078,1791485984078,
2a6c3fbd-0ca2-4b08-bca0-e276a06b65d2,PROVIDER,1200,1,did:web:ssi-dim-wallet-service.identity:BPNL00000003AZQP,2fc29e72-5c6a-4dbd-8924-df813a38d1c5,1791485915203,1791485986570,1791485986570,
a8126916-77e2-4eae-989a-fb3d9c58bbe0,PROVIDER,1200,1,did:web:ssi-dim-wallet-service.identity:BPNL00000003AZQP,8af352bd-3fa1-49bc-9a84-456ba2033282,1791485915204,1791485984668,1791485984668,
41101ded-8dd9-4cc3-a7cb-577d4ced88b1,PROVIDER,1200,1,did:web:ssi-dim-wallet-service.identity:BPNL00000003AZQP,538ee7b5-533b-48d6-a74f-d992b82d0198,1791485915440,1791485984335,1791485984335,
806f36e9-2fab-41ca-9199-6e722be4b53c,PROVIDER,1200,1,did:web:ssi-dim-wallet-service.identity:BPNL00000003AZQP,8995d321-ffe5-4efd-acbe-292e63522236,1791485915443,1791485986834,1791485986834,
894192f3-06b1-4995-9c41-9aec2cce8e22,PROVIDER,1200,1,did:web:ssi-dim-wallet-service.identity:BPNL00000003AZQP,0b4e9acf-cf3c-468a-aa14-21c4e8475e1e,1791485915443,1791485986136,1791485986136,
3e3f162a-26f7-4bbd-8667-e8ccac8049b2,PROVIDER,1200,1,did:web:ssi-dim-wallet-service.identity:BPNL00000003AZQP,846c8c7f-98fa-4beb-a4a3-d953a168a0f4,1791485915503,1791485986842,1791485986842,
4341c68d-9a7c-45c9-8f3f-fb1ef69aacc3,PROVIDER,1200,1,did:web:ssi-dim-wallet-service.identity:BPNL00000003AZQP,8430a0a9-6d8f-425c-81c0-4dc5d0c772d7,1791485915507,1791485986605,1791485986605,
e34a9f7e-2683-483b-8e28-c44689c3ff0f,PROVIDER,1200,1,did:web:ssi-dim-wallet-service.identity:BPNL00000003AZQP,7cd0b9a1-c434-40fb-a808-1533adf2afa6,1791485915646,1791485986936,1791485986936,
cc68316d-00b5-4867-830e-695a72ac5dc3,PROVIDER,1200,1,did:web:ssi-dim-wallet-service.identity:BPNL00000003AZQP,4762f086-daf7-48f7-a4af-c4bcce3d2d2b,1791485915804,1791485986881,1791485986881,
288f8c88-a944-42e2-a658-142009115c81,PROVIDER,1200,1,did:web:ssi-dim-wallet-service.identity:BPNL00000003AZQP,85712754-4365-45bd-ad11-48ab88ee89b1,1791485915804,1791485986735,1791485986735,
bd4e1e45-2fd7-4e7f-87d4-627df8e3ecf5,PROVIDER,1200,1,did:web:ssi-dim-wallet-service.identity:BPNL00000003AZQP,fb64eb40-decd-4629-90e3-bbae45e4fc0a,1791485915805,1791485987136,1791485987136,
de58d827-d4bd-4657-b878-00c79215e414,PROVIDER,1200,1,did:web:ssi-dim-wallet-service.identity:BPNL00000003AZQP,ad259ffb-d59d-406b-a158-bb4c2294ece2,1791485915905,1791485987581,1791485987581,
bb20d0d7-7294-400d-8956-8f0403186a56,PROVIDER,1200,1,did:web:ssi-dim-wallet-service.identity:BPNL00000003AZQP,a4293f15-523f-479b-a2d0-304ad5314c75,1791485915935,1791485987086,1791485987086,
7e698bea-5cff-4cfb-9c93-b1ac056dbca1,PROVIDER,1200,1,did:web:ssi-dim-wallet-service.identity:BPNL00000003AZQP,97827fc7-a9b7-481c-a3f6-8067f89908dd,1791485916006,1791485987286,1791485987286,
e3583118-05b1-449a-a728-50e0fd904b26,PROVIDER,1200,1,did:web:ssi-dim-wallet-service.identity:BPNL00000003AZQP,611e729e-751c-4026-82be-101767bbcaa6,1791485916035,1791485987347,1791485987347,
353f7ade-6fe3-4765-8a24-fa31d9663c0d,PROVIDER,1200,1,did:web:ssi-dim-wallet-service.identity:BPNL00000003AZQP,76981edd-a124-4d40-bf66-3334c06bb71e,1791485916204,1791485988279,1791485988279,
f8d4ec1e-f0dd-4012-b8a2-b1c20c177cc8,PROVIDER,1200,1,did:web:ssi-dim-wallet-service.identity:BPNL00000003AZQP,2f0ba59c-6e70-407b-a766-66289d463dc0,1791485916234,1791485987469,1791485987469,
1d370db4-aad2-49d8-9985-22edac413516,PROVIDER,1200,1,did:web:ssi-dim-wallet-service.identity:BPNL00000003AZQP,9552f716-aaa0-4f85-ae07-c3ae229a8766,1791485916308,1791485987834,1791485987834,
2b7482d2-0f0f-46da-8ab1-35efe646e4fe,PROVIDER,1200,1,did:web:ssi-dim-wallet-service.identity:BPNL00000003AZQP,61829628-482b-4f75-b7f8-77a0f86f0532,1791485916336,1791485988185,1791485988185,
d204848d-ec15-4479-bc2d-36bd275df59e,PROVIDER,1200,1,did:web:ssi-dim-wallet-service.identity:BPNL00000003AZQP,d5c4d226-d195-48dc-8a97-ff7693bb934b,1791485916339,1791485988035,1791485988035,
e7b992c5-45a5-4d62-9954-7ddad53a1858,PROVIDER,1200,1,did:web:ssi-dim-wallet-service.identity:BPNL00000003AZQP,a8a4b2d0-45c9-4f99-878d-5f7af9c4f329,1791485916637,1791485993468,1791485993468,
701f2075-a5f1-41bc-94a1-1b44967172b1,PROVIDER,1200,1,did:web:ssi-dim-wallet-service.identity:BPNL00000003AZQP,598ef86e-a898-4193-bd4b-6b074b6e052b,1791485916642,1791485987969,1791485987969,
634a1e23-8c65-432d-87d6-6a0f927e01a5,PROVIDER,1200,1,did:web:ssi-dim-wallet-service.identity:BPNL00000003AZQP,f0348efa-0ae8-4294-99e9-f2ce47cdc333,1791485916707,1791485988342,1791485988342,
bd29520d-274d-4251-91f7-f834ef351d7e,PROVIDER,1200,1,did:web:ssi-dim-wallet-service.identity:BPNL00000003AZQP,e0a4bf8a-2a66-4dc5-b850-97d9b08457f2,1791485916734,1791485993368,1791485993368,
185b8711-2e97-48c0-be91-01fbabfe0fc0,PROVIDER,1200,1,did:web:ssi-dim-wallet-service.identity:BPNL00000003AZQP,64f31d49-fd7c-43e3-b492-266fb2405271,1791485916934,1791485993279,1791485993279,
06ff65c0-b7fb-4ec8-b5f0-a0f7e58f6f3b,PROVIDER,1200,1,did:web:ssi-dim-wallet-service.identity:BPNL00000003AZQP,115653a1-4831-4d01-8ff7-921eaef3657f,1791485917034,1791485993975,1791485993975,
40cebbff-9829-4129-b441-c1e403bc5099,PROVIDER,1200,1,did:web:ssi-dim-wallet-service.identity:BPNL00000003AZQP,fcb1c476-0ac0-486c-95c0-28c5a567f2fc,1791485917152,1791485994084,1791485994084,
32e0e66c-33b5-47b7-baf5-49b604dc3b5d,PROVIDER,1200,1,did:web:ssi-dim-wallet-service.identity:BPNL00000003AZQP,737275c0-7951-427a-bf68-8c93cff273ae,1791485917204,1791485993774,1791485993774,
18f3a677-9955-49ea-8ab2-4a9e53c4d97f,PROVIDER,1200,1,did:web:ssi-dim-wallet-service.identity:BPNL00000003AZQP,0264662b-f181-4848-aed5-423f8178db09,1791485917348,1791485993769,1791485993769,
93ca4fa0-8347-4b44-a7c2-d66ec9863d57,PROVIDER,1200,1,did:web:ssi-dim-wallet-service.identity:BPNL00000003AZQP,3b139ce4-0958-4120-989a-d81df4041e20,1791485917410,1791485994348,1791485994348,
6b8db105-7c99-4a74-8588-2e35555f16ad,PROVIDER,1200,1,did:web:ssi-dim-wallet-service.identity:BPNL00000003AZQP,cfa2ff4c-edef-4b83-8abd-14e0566ef1f9,1791485917515,1791485994275,1791485994275,
da787d3e-beea-42de-9f26-747536722c1a,PROVIDER,1200,1,did:web:ssi-dim-wallet-service.identity:BPNL00000003AZQP,aaa06764-f0c3-43fe-bf15-b896c49b0066,1791485917704,1791485994334,1791485994334,
057f9511-2938-4774-b2f6-b3368ce18fd3,PROVIDER,1200,1,did:web:ssi-dim-wallet-service.identity:BPNL00000003AZQP,cc9a7d56-3c46-4cc0-8028-92599a58f7ee,1791485917804,1791485994468,1791485994468,
402c5571-c262-4de0-a4b5-43b9c44d0292,PROVIDER,1200,1,did:web:ssi-dim-wallet-service.identity:BPNL00000003AZQP,56b277a8-cd0a-4142-9eba-f31361382456,1791485917842,1791485994335,1791485994335,
273f4e66-e8dc-4ce2-9b44-1060b2d6090b,PROVIDER,1200,1,did:web:ssi-dim-wallet-service.identity:BPNL00000003AZQP,58c39535-edb8-4087-9761-9b489a197c51,1791485917905,1791485994480,1791485994480,
33ad27dd-6eaf-40ce-b4f7-876cc224e18e,PROVIDER,1200,1,did:web:ssi-dim-wallet-service.identity:BPNL00000003AZQP,a3b9912d-325e-4bec-800f-0a2b54209e67,1791485917909,1791485994876,1791485994876,
3ff3dad0-fa7c-4089-a2ce-f6ebc3064601,PROVIDER,1200,1,did:web:ssi-dim-wallet-service.identity:BPNL00000003AZQP,483486b2-5fca-4c9f-b6ab-814d48247042,1791485918140,1791485994731,1791485994731,
c5b392ab-948d-491f-8104-810c72ad325f,PROVIDER,1200,1,did:web:ssi-dim-wallet-service.identity:BPNL00000003AZQP,abc476a6-4b0f-4563-ad4c-18a5601fe819,1791485918240,1791485994870,1791485994870,
62a539b6-aa65-4031-81d6-7a2ae7f9254d,PROVIDER,1200,1,did:web:ssi-dim-wallet-service.identity:BPNL00000003AZQP,91960e1b-3c5c-4b32-90f7-a1b6846faa9b,1791485918505,1791485994660,1791485994660,
77da9277-66ab-4161-a2ea-081c36771441,PROVIDER,1200,1,did:web:ssi-dim-wallet-service.identity:BPNL00000003AZQP,cc178ccd-dfe6-4d7d-8fd3-603ddd421461,1791485918634,1791485994957,1791485994957,
5b760fcb-3428-4061-b5c9-f11db50f5da1,PROVIDER,1200,1,did:web:ssi-dim-wallet-service.identity:BPNL00000003AZQP,494e2e90-f1e9-45b0-92a8-a32a67b80468,1791485918734,1791485994658,1791485994658,
4afeaccc-a024-4989-9c7d-35452580632d,PROVIDER,1200,1,did:web:ssi-dim-wallet-service.identity:BPNL00000003AZQP,03589bb9-a059-4637-a719-567c874802d8,1791485918739,1791485994875,1791485994875,
86caa69a-99fa-47c0-8a33-ab597d03128b,PROVIDER,1200,1,did:web:ssi-dim-wallet-service.identity:BPNL00000003AZQP,cb824eec-c2f9-413c-967e-a65b15ba7361,1791485918836,1791486001446,1791486001446,
ce8fca68-ca73-4423-9ee1-04ed4e00c3e7,PROVIDER,1200,1,did:web:ssi-dim-wallet-service.identity:BPNL00000003AZQP,99b479ec-d788-4c3a-8e42-fc9d401845ee,1791485918903,1791486001668,1791486001668,
d6f407b8-b0a3-4275-af13-daaa48b43566,PROVIDER,1200,1,did:web:ssi-dim-wallet-service.identity:BPNL00000003AZQP,02e94fdb-27dc-471a-b645-c7ec6490e726,1791485919234,1791486002369,1791486002369,
fe3bb01f-b41d-4d12-aeb3-10f8d6f866b1,PROVIDER,1200,1,did:web:ssi-dim-wallet-service.identity:BPNL00000003AZQP,d4eca06f-d3e8-4ee0-a130-9751cb4dbd7c,1791485919704,1791486002034,1791486002034,
995eb4cc-1f91-4add-967f-4d35d6c39266,PROVIDER,1200,1,did:web:ssi-dim-wallet-service.identity:BPNL00000003AZQP,32788239-dd9d-48ae-96d5-e79d744961f4,1791485919704,1791486001635,1791486001635,
043fc9d9-0126-46c7-b568-0daa7612405a,PROVIDER,1200,1,did:web:ssi-dim-wallet-service.identity:BPNL00000003AZQP,7bde1550-3739-472d-94ea-5bb6a9804bfa,1791485919705,1791486002734,1791486002734,
c631e18e-ddc0-46e2-a138-83605a2767be,PROVIDER,1200,1,did:web:ssi-dim-wallet-service.identity:BPNL00000003AZQP,acfc91f3-b184-40f4-a1c9-3bf54c975d16,1791485919734,1791486002284,1791486002284,
ea5ff2a2-d9d8-4e12-bb75-0899eaf434e1,PROVIDER,1200,1,did:web:ssi-dim-wallet-service.identity:BPNL00000003AZQP,ccbe6e54-c7a7-4127-8b15-f5c268ee297e,1791485920004,1791486001969,1791486001969,
cad732b4-3d2c-4ab5-a82a-0eddb0b6e99d,PROVIDER,1200,1,did:web:ssi-dim-wallet-service.identity:BPNL00000003AZQP,29a10073-ba2a-4e25-b40f-b0edbb1609a5,1791485920005,1791486002634,1791486002634,
3d1c4925-c8fb-4476-bf9d-b3763b6ffd5d,PROVIDER,1200,1,did:web:ssi-dim-wallet-service.identity:BPNL00000003AZQP,b51050ba-2182-410c-b55f-e18fc27da0ce,1791485920034,1791486002575,1791486002575,
92b12b82-8b92-4517-804a-ff95fb97c95f,PROVIDER,1200,1,did:web:ssi-dim-wallet-service.identity:BPNL00000003AZQP,f103c5bf-5389-4e19-b5c8-e88c80ba2b38,1791485920039,1791486002669,1791486002669,
589c6e82-5332-4659-9d11-42fb1860b997,PROVIDER,1200,1,did:web:ssi-dim-wallet-service.identity:BPNL00000003AZQP,6e4b6641-da34-45d0-aaf8-2e03ab706e0a,1791485920104,1791486002368,1791486002368,
d6979e78-cb2e-45eb-8b3d-4de4809926f3,PROVIDER,1200,1,did:web:ssi-dim-wallet-service.identity:BPNL00000003AZQP,0ba89207-64b5-4187-8239-6bbbc4c86fa8,1791485920240,1791486002781,1791486002781,
0f8c0c21-e302-4ad4-9781-d08f1d47bf7c,PROVIDER,1200,1,did:web:ssi-dim-wallet-service.identity:BPNL00000003AZQP,32432020-451d-43b4-ba91-159d81290ae1,1791485920240,1791486002888,1791486002888,
46ad9aba-3405-486d-9e3b-1181dc3bd7c2,PROVIDER,1200,1,did:web:ssi-dim-wallet-service.identity:BPNL00000003AZQP,b0258038-573a-4c83-aaab-bb857ef6e5a1,1791485920348,1791486002889,1791486002889,
2c49888b-13da-45bf-bcc0-2136ca873c47,PROVIDER,1200,1,did:web:ssi-dim-wallet-service.identity:BPNL00000003AZQP,96351139-477b-4b59-bac8-6e690fb43a72,1791485920404,1791486003034,1791486003034,
1b59a6f3-d3c8-442c-875c-43f21a986798,PROVIDER,1200,1,did:web:ssi-dim-wallet-service.identity:BPNL00000003AZQP,4749952d-8c4a-4dc3-8ef7-a63051f3af33,1791485920433,1791486003337,1791486003337,
b9471b28-87c4-415c-a34f-f1e4f2f4f8a3,PROVIDER,1200,1,did:web:ssi-dim-wallet-service.identity:BPNL00000003AZQP,6d56e2c4-e66e-4535-a05c-500d554c6663,1791485920434,1791486002934,1791486002934,
10b38d59-63d6-49f1-842f-3c08f601b315,PROVIDER,1200,1,did:web:ssi-dim-wallet-service.identity:BPNL00000003AZQP,8a178dc7-852a-4d7b-865b-b2ca2cdf637a,1791485920434,1791486003177,1791486003177,
aa57cddc-9f8a-45de-b0ce-400556729c90,PROVIDER,1200,1,did:web:ssi-dim-wallet-service.identity:BPNL00000003AZQP,fa7c093a-2c12-4f49-9690-528a0abc27bb,1791485920634,1791486004935,1791486004935,
51314fb3-5bcb-4a14-ac22-55b99a9c8476,PROVIDER,1200,1,did:web:ssi-dim-wallet-service.identity:BPNL00000003AZQP,78ac157e-4bc2-4807-b16c-a5742eb12fdb,1791485920634,1791486002888,1791486002888,
b6ccbc67-0ae1-46b1-b9aa-4dac448e9747,PROVIDER,1200,1,did:web:ssi-dim-wallet-service.identity:BPNL00000003AZQP,673a28ad-c47f-4680-9024-3440eb7849f3,1791485920644,1791486004750,1791486004750,
83b3042b-3da0-4c9f-b038-f7c70d4823d0,PROVIDER,1200,1,did:web:ssi-dim-wallet-service.identity:BPNL00000003AZQP,1bf798b7-6992-4839-aab8-19379edb7290,1791485920734,1791486005047,1791486005047,
8a1d7dd1-468d-45d9-9b97-cc8bca5a93d0,PROVIDER,1200,1,did:web:ssi-dim-wallet-service.identity:BPNL00000003AZQP,78ad8aae-836e-4ee3-b307-40433c90eb53,1791485920734,1791486005074,1791486005074,
60b99c65-10fe-4300-a15d-c4b1789d08c3,PROVIDER,1200,1,did:web:ssi-dim-wallet-service.identity:BPNL00000003AZQP,e99e922d-89ef-4cb6-8740-1f85e70e2f61,1791485920826,1791486005136,1791486005136,
9d6df522-3f99-40e9-b07e-ae8efceb0461,PROVIDER,1200,1,did:web:ssi-dim-wallet-service.identity:BPNL00000003AZQP,ae8a97fa-e956-4efd-a2af-6c4ae9369827,1791485920905,1791486005243,1791486005243,
88ca955b-416d-4e42-b3eb-0b62d89ead47,PROVIDER,1200,1,did:web:ssi-dim-wallet-service.identity:BPNL00000003AZQP,d89dbe01-628d-48aa-9a10-f360d2d57baf,1791485920935,1791486005162,1791486005162,
1d71b28d-64c1-47fa-a9da-6c4332a401ff,PROVIDER,1200,1,did:web:ssi-dim-wallet-service.identity:BPNL00000003AZQP,387898ee-8b62-4262-ab88-cc13ffcd7f9d,1791485920935,1791486005371,1791486005371,
0ff76b1c-8ee1-4f5b-8c3a-dddd8491867a,PROVIDER,1200,1,did:web:ssi-dim-wallet-service.identity:BPNL00000003AZQP,5da3d1bb-2417-4531-8ffe-f0e43f4986a1,1791485920939,1791486005334,1791486005334,
112df6da-8883-4828-9489-4a8aaae13c55,PROVIDER,1200,1,did:web:ssi-dim-wallet-service.identity:BPNL00000003AZQP,34b71d29-14b5-4035-a1ea-db620f93111d,1791485921042,1791486005544,1791486005544,
e647c71a-00a0-4e42-b044-0b65b35a4509,PROVIDER,1200,1,did:web:ssi-dim-wallet-service.identity:BPNL00000003AZQP,6be3e917-2ad4-4771-acd7-28ddca1451aa,1791485921044,1791486005776,1791486005776,
74a8c4c5-a4f4-48b3-9229-9f1a72edc6e9,PROVIDER,1200,1,did:web:ssi-dim-wallet-service.identity:BPNL00000003AZQP,69c2de7d-28c9-4d85-a3f2-7602a8f9f496,1791485921133,1791486005877,1791486005877,
9291e67f-64fc-497e-b660-c693351ce68f,PROVIDER,1200,1,did:web:ssi-dim-wallet-service.identity:BPNL00000003AZQP,16c905bb-bc66-4b25-aaff-4e0208649143,1791485921148,1791486005855,1791486005855,
24581f74-ccfd-4aba-890b-1decae605edf,PROVIDER,1200,1,did:web:ssi-dim-wallet-service.identity:BPNL00000003AZQP,97ed3d16-08ff-4e97-b30b-ce50cf87e08e,1791485921205,1791486005768,1791486005768,
30535d8c-b9b0-4bca-a266-25219a36c754,PROVIDER,1200,1,did:web:ssi-dim-wallet-service.identity:BPNL00000003AZQP,a58a8dcc-936a-432f-bf6f-c6b5e31dfc34,1791485921239,1791486005674,1791486005674,
903622e8-92c5-442f-9b52-1ca21367df97,PROVIDER,1200,1,did:web:ssi-dim-wallet-service.identity:BPNL00000003AZQP,243798a5-745b-4432-bb48-6fb92fda2e1f,1791485921240,1791486005776,1791486005776,
b057e737-d71a-4965-9bc6-cbab664e5e9c,PROVIDER,1200,1,did:web:ssi-dim-wallet-service.identity:BPNL00000003AZQP,31713eae-e83d-473a-93b8-a14ba02506bc,1791485921304,1791486009478,1791486009478,
870a1eb6-f095-4c4a-8a6b-f5d446a7352f,PROVIDER,1200,1,did:web:ssi-dim-wallet-service.identity:BPNL00000003AZQP,064ee274-f803-4a1f-9b59-6f87bc04c9d1,1791485921436,1791486006341,1791486006341,
07be58d2-003d-4c5b-b2a8-d7527d1cddb2,PROVIDER,1200,1,did:web:ssi-dim-wallet-service.identity:BPNL00000003AZQP,c5d68d6d-16d5-471a-9906-2e865e2c0dca,1791485921535,1791486006073,1791486006073,
f6d1608e-da4e-49e8-805d-45899d42d619,PROVIDER,1200,1,did:web:ssi-dim-wallet-service.identity:BPNL00000003AZQP,2cf1d804-7aba-45ef-997e-b7aa8c0bd444,1791485921635,1791486009502,1791486009502,
d3b7fc7c-2920-4f54-a2e4-4d27480088cb,PROVIDER,1200,1,did:web:ssi-dim-wallet-service.identity:BPNL00000003AZQP,61a43bad-d71c-4e22-9383-6cc48aa89ea6,1791485921713,1791486006249,1791486006249,
8866851b-c3e9-4574-b0d5-43f8414f2dde,PROVIDER,1200,1,did:web:ssi-dim-wallet-service.identity:BPNL00000003AZQP,631a3b43-7566-4634-9acf-6fb75b69f204,1791485921713,1791486006635,1791486006635,
2e590dc3-7b0f-40ce-8e18-8322b2fc24d5,PROVIDER,1200,1,did:web:ssi-dim-wallet-service.identity:BPNL00000003AZQP,2d35e78e-3096-46d2-8438-f6eea20cd316,1791485921737,1791486009538,1791486009538,
db558315-2aed-4913-a3ad-99d8f42273f1,PROVIDER,1200,1,did:web:ssi-dim-wallet-service.identity:BPNL00000003AZQP,06578798-b617-4ec2-bb91-b92ed2cd3b1f,1791485921809,1791486009550,1791486009550,
db24c896-fecd-4ad2-8ac0-240f51d90a60,PROVIDER,1200,1,did:web:ssi-dim-wallet-service.identity:BPNL00000003AZQP,0be6a364-befc-43f6-a551-4e22ae654d59,1791485921810,1791486009521,1791486009521,
eb162859-c5be-4d84-97e2-ca9dbea7869f,PROVIDER,1200,1,did:web:ssi-dim-wallet-service.identity:BPNL00000003AZQP,0702f325-ec20-42b7-b1f2-ec87229b59cc,1791485921833,1791486009636,1791486009636,
b0b0c91f-3828-4520-91d8-47df91f61308,PROVIDER,1200,1,did:web:ssi-dim-wallet-service.identity:BPNL00000003AZQP,4da06f9b-0f3c-4d78-995c-bd9f950d2d82,1791485921903,1791486009618,1791486009618,
a20ea7e3-66f8-4d90-97fe-12fb4a5185d5,PROVIDER,1200,1,did:web:ssi-dim-wallet-service.identity:BPNL00000003AZQP,edd6d914-9ebb-4acd-a644-b8eea52ff85b,1791485921915,1791486009671,1791486009671,
05349cb6-8972-4ff1-8d71-fef12d9996fc,PROVIDER,1200,1,did:web:ssi-dim-wallet-service.identity:BPNL00000003AZQP,bf68e0f2-4cec-4328-92d2-80f0be49a8e7,1791485922076,1791486009630,1791486009630,
510c9c32-a6d8-4d84-b0c6-5aac763c40e8,PROVIDER,1200,1,did:web:ssi-dim-wallet-service.identity:BPNL00000003AZQP,aac9b3cf-8b4a-45f7-9cae-eea2d6f083fd,1791485922130,1791486009875,1791486009875,
7c7e618b-0112-4676-80c8-9130261bb728,PROVIDER,1200,1,did:web:ssi-dim-wallet-service.identity:BPNL00000003AZQP,9c254c75-2725-4179-9a90-cf3835452050,1791485922139,1791486009685,1791486009685,
f0b2a76d-ddd7-429e-b1b4-f97cbd988bfa,PROVIDER,1200,1,did:web:ssi-dim-wallet-service.identity:BPNL00000003AZQP,0f995c3f-c888-4975-81f8-9e9fa7fcc970,1791485922229,1791486009790,1791486009790,
2a047d89-0cd2-43c0-86da-6a25094167c9,PROVIDER,1200,1,did:web:ssi-dim-wallet-service.identity:BPNL00000003AZQP,375e37c5-3769-471e-b8f6-9f5355dc0d17,1791485922318,1791486009886,1791486009886,
c61e5ff1-f5e1-41e2-8a26-95a30ddb9701,PROVIDER,1200,1,did:web:ssi-dim-wallet-service.identity:BPNL00000003AZQP,e51ac289-362c-4ae3-b035-b4123e375bf3,1791485922320,1791486009835,1791486009835,
e3b53da5-f6cc-41b6-a1d6-537c5b51a080,PROVIDER,1200,1,did:web:ssi-dim-wallet-service.identity:BPNL00000003AZQP,a2bebee0-da03-4990-9144-503d7f79a8fa,1791485922349,1791486009834,1791486009834,
3494f8de-16ae-4849-ab53-05b140bb88ca,PROVIDER,1200,1,did:web:ssi-dim-wallet-service.identity:BPNL00000003AZQP,5c0c1b5a-18e9-4f03-9a09-5eb58cec71e7,1791485922434,1791486009886,1791486009886,
5687e506-c8d9-4c0b-b595-a50182db1d98,PROVIDER,1200,1,did:web:ssi-dim-wallet-service.identity:BPNL00000003AZQP,3da826fe-8338-40bf-ad98-7e885e7b136a,1791485922514,1791486009934,1791486009934,
c5d80718-ca10-4583-9754-74c8b2a16104,PROVIDER,1200,1,did:web:ssi-dim-wallet-service.identity:BPNL00000003AZQP,25bbfa10-f7d7-4759-8429-6b33d3a3d577,1791485922611,1791486009967,1791486009967,
198bfc1f-2406-4785-bce7-9f2052a648ed,PROVIDER,1200,1,did:web:ssi-dim-wallet-service.identity:BPNL00000003AZQP,9aec075d-c621-44e0-b005-94ce2e52b2eb,1791485922787,1791486009991,1791486009991,
b8477512-4d16-4c34-aeb4-21beae8c93ad,PROVIDER,1200,1,did:web:ssi-dim-wallet-service.identity:BPNL00000003AZQP,53785129-0a84-480b-ad9f-30afc49a9106,1791485922904,1791486009990,1791486009990,
85a40203-c2ea-49b0-bd13-451c1736924c,PROVIDER,1200,1,did:web:ssi-dim-wallet-service.identity:BPNL00000003AZQP,c03c5ec9-f988-45bd-8890-b37762821c8f,1791485923133,1791486012763,1791486012763,
0db100a5-12fa-4ce5-9960-710ea0ac1dd2,PROVIDER,1200,1,did:web:ssi-dim-wallet-service.identity:BPNL00000003AZQP,a48539d7-445f-4dfa-b9f4-2e71bf79571d,1791485923404,1791486012845,1791486012845,
ae14ad1d-4aac-42b6-9401-30b495c5c506,PROVIDER,1200,1,did:web:ssi-dim-wallet-service.identity:BPNL00000003AZQP,5dbb2a59-dd6e-4e41-a433-e3ca74fa335a,1791485923408,1791486012868,1791486012868,
2eb70323-92b4-4b35-85f6-59bd9fbe36d0,PROVIDER,1200,1,did:web:ssi-dim-wallet-service.identity:BPNL00000003AZQP,f92bd459-26ff-45a1-bd69-92c9f3665c74,1791485923409,1791486012963,1791486012963,
77f0196a-b4a3-40cc-9e18-16bcfea9bc37,PROVIDER,1200,1,did:web:ssi-dim-wallet-service.identity:BPNL00000003AZQP,f72ed989-17bd-444f-8d69-7028c5312fe3,1791485923505,1791486012856,1791486012856,
2f32fe04-44b4-4979-a1e4-0c2a9f6fb270,PROVIDER,1200,1,did:web:ssi-dim-wallet-service.identity:BPNL00000003AZQP,f001b49e-8f3f-4db8-808c-837a253e2607,1791485923604,1791486012975,1791486012975,
9b490f03-f440-49d7-ab8b-48be1c395d85,PROVIDER,1200,1,did:web:ssi-dim-wallet-service.identity:BPNL00000003AZQP,a0affa35-8248-436e-a9b3-223131faffcf,1791485923643,1791486012975,1791486012975,
a9431c15-ac48-4d06-9bfb-3c0b41cef7e9,PROVIDER,1200,1,did:web:ssi-dim-wallet-service.identity:BPNL00000003AZQP,9663347c-9254-47af-aa1c-355cb3ad0bac,1791485923811,1791486012975,1791486012975,
de34112d-bcd0-457a-a823-7633d431e386,PROVIDER,1200,1,did:web:ssi-dim-wallet-service.identity:BPNL00000003AZQP,3893822b-2008-462c-9029-cc73af5028b2,1791485924405,1791486012957,1791486012957,
d1483b82-72dc-4492-8a95-e6f250d1e9ca,PROVIDER,1200,1,did:web:ssi-dim-wallet-service.identity:BPNL00000003AZQP,308b932c-851e-42b3-a2ee-117670963fb3,1791485924503,1791486013146,1791486013146,
f9374356-e0b4-4d7b-901c-0c9a0c4abb61,PROVIDER,1200,1,did:web:ssi-dim-wallet-service.identity:BPNL00000003AZQP,7d18a47b-926b-4a34-8ebf-f770c2f8da1a,1791485924504,1791486013134,1791486013134,
b7e341b7-04d4-4931-969f-d825f08ce775,PROVIDER,1200,1,did:web:ssi-dim-wallet-service.identity:BPNL00000003AZQP,c9a292aa-5406-4377-8ac0-073fe2c4a52d,1791485924507,1791486013281,1791486013281,
3dfea6cf-aaa6-4837-aa61-cc8e058a3789,PROVIDER,1200,1,did:web:ssi-dim-wallet-service.identity:BPNL00000003AZQP,2ec06feb-131a-48c6-b42c-de5d36290428,1791485924509,1791486013320,1791486013320,
b9e3ed9a-16b2-462f-a955-0bf6fe102f1c,PROVIDER,1200,1,did:web:ssi-dim-wallet-service.identity:BPNL00000003AZQP,10859a41-1a9d-4066-8eba-0f08005a53fc,1791485924604,1791486013359,1791486013359,
a8a174e7-91ff-40d6-b1ab-ca2baa9c7f67,PROVIDER,1200,1,did:web:ssi-dim-wallet-service.identity:BPNL00000003AZQP,5b567a86-84d5-44d8-8f91-949edfeaed7b,1791485924643,1791486013366,1791486013366,
4d8a7a16-f501-4d45-a810-51b6b2b3cca4,PROVIDER,1200,1,did:web:ssi-dim-wallet-service.identity:BPNL00000003AZQP,92e2e966-426b-40c9-a06d-0990d4e5e3c2,1791485924705,1791486013458,1791486013458,
913f46f6-67bd-433b-9218-6c304358968d,PROVIDER,1200,1,did:web:ssi-dim-wallet-service.identity:BPNL00000003AZQP,78426eba-c9d1-4d83-b31e-4bafbb5b4190,1791485924716,1791486013372,1791486013372,
c3087e8b-ac66-4db4-b46b-372be7652af3,PROVIDER,1200,1,did:web:ssi-dim-wallet-service.identity:BPNL00000003AZQP,7a0bf1db-cb11-4152-ad4f-83de20cb0fcf,1791485924803,1791486013383,1791486013383,
a42a4cf6-be3c-4ad6-b23b-90266f78d8ab,PROVIDER,1200,1,did:web:ssi-dim-wallet-service.identity:BPNL00000003AZQP,9638a2bd-db8a-4ea6-a556-3daa6e09acd4,1791485924810,1791486013464,1791486013464,
d1d1572f-e142-4ec8-ae07-950730012b94,PROVIDER,1200,1,did:web:ssi-dim-wallet-service.identity:BPNL00000003AZQP,566d254c-e5d6-497f-9ea0-ff1525c238db,1791485924937,1791486013483,1791486013483,
1502de00-5c72-46ca-8e62-dccd2e36d1c6,PROVIDER,1200,1,did:web:ssi-dim-wallet-service.identity:BPNL00000003AZQP,1bbabac3-f4a1-47fa-ad66-ba41afa8a117,1791485924940,1791486015003,1791486015003,
3e800345-4b7f-4c09-b932-8ceba802e31c,PROVIDER,1200,1,did:web:ssi-dim-wallet-service.identity:BPNL00000003AZQP,f39bdc18-95dc-46dc-bfb5-2d92bbd5dff3,1791485925034,1791486014980,1791486014980,
b0481c7a-cc48-483f-bdaa-cc211fc4d0ae,PROVIDER,1200,1,did:web:ssi-dim-wallet-service.identity:BPNL00000003AZQP,b0e1c1d7-1516-44d2-9cef-08a2d3174f83,1791485925035,1791486015015,1791486015015,
6aa72b88-afb0-4a0a-9e83-71f5d60ef609,PROVIDER,1200,1,did:web:ssi-dim-wallet-service.identity:BPNL00000003AZQP,c88272ff-a096-4811-bcaa-2d5355ac90d1,1791485925104,1791486015053,1791486015053,
7c47ff48-dcde-41de-8529-fe7942360836,PROVIDER,1200,1,did:web:ssi-dim-wallet-service.identity:BPNL00000003AZQP,66c18e7b-98ec-4b0b-bed4-dce36c225fbc,1791485925204,1791486015167,1791486015167,
5a4e8972-6bec-4f98-87ae-6b838ca5702c,PROVIDER,1200,1,did:web:ssi-dim-wallet-service.identity:BPNL00000003AZQP,f79843d5-61b6-4e4b-96aa-da3c5285d9bb,1791485925213,1791486015178,1791486015178,
85ac7bc0-39ca-48b9-b8c4-84dee645883c,PROVIDER,1200,1,did:web:ssi-dim-wallet-service.identity:BPNL00000003AZQP,ada9ba6d-532e-4a49-bb26-c7210ed3aed5,1791485925306,1791486015373,1791486015373,
8741ac64-5c56-43b5-80a0-2cfa3124770f,PROVIDER,1200,1,did:web:ssi-dim-wallet-service.identity:BPNL00000003AZQP,4fd0c78d-2d97-4a07-af96-ad975a4da109,1791485925404,1791486015373,1791486015373,
b5ad8fd9-5943-4f8b-afbe-4220d04b2a34,PROVIDER,1200,1,did:web:ssi-dim-wallet-service.identity:BPNL00000003AZQP,9dd214c6-26a2-4fa7-a274-a8c71ee806cb,1791485925415,1791486015379,1791486015379,
73f74dd9-9d6b-4d9a-b396-f0328f4e1aa7,PROVIDER,1200,1,did:web:ssi-dim-wallet-service.identity:BPNL00000003AZQP,f7d5348d-303f-425e-b1ff-ab5de9d1c067,1791485925509,1791486015379,1791486015379,
a56a1ed7-13ff-441f-b08a-10d2a6db12e7,PROVIDER,1200,1,did:web:ssi-dim-wallet-service.identity:BPNL00000003AZQP,e56bceb3-590d-4849-ab9d-3414dffaf771,1791485925634,1791486015367,1791486015367,
8055a3c6-a09b-446f-986c-48b62a9ce6e1,PROVIDER,1200,1,did:web:ssi-dim-wallet-service.identity:BPNL00000003AZQP,22e08d2a-6a90-454f-bf44-b82e76005512,1791485925636,1791486015479,1791486015479,
790abad2-5ad2-4f9f-8163-5ac018fa4157,PROVIDER,1200,1,did:web:ssi-dim-wallet-service.identity:BPNL00000003AZQP,57e5eb0d-35b0-474b-bb73-e99fbfb94d70,1791485925711,1791486015555,1791486015555,
5d1fe4f1-ecd9-48e9-b988-b797236f52ef,PROVIDER,1200,1,did:web:ssi-dim-wallet-service.identity:BPNL00000003AZQP,2002107b-fe9d-4072-bea6-8ec2c3260877,1791485925904,1791486015746,1791486015746,
f19e4714-661d-4dbb-83ac-3f6bae40a548,PROVIDER,1200,1,did:web:ssi-dim-wallet-service.identity:BPNL00000003AZQP,3bc7f566-0f91-432c-80ea-213f2aa6c8dd,1791485925947,1791486015968,1791486015968,
cb910433-a336-4b73-a1e0-8e12233886c9,PROVIDER,1200,1,did:web:ssi-dim-wallet-service.identity:BPNL00000003AZQP,4b63f7b5-1f39-46ac-aeb0-2028680a81f6,1791485928504,1791486015975,1791486015975,
5980bcf7-dd8a-4920-b9bf-e5a823f090d9,PROVIDER,1200,1,did:web:ssi-dim-wallet-service.identity:BPNL00000003AZQP,6dde09d0-4988-4848-afab-f4985548b3b9,1791485928535,1791486016168,1791486016168,
289e8071-652f-4d4b-a1ba-098ffa4897eb,PROVIDER,1200,1,did:web:ssi-dim-wallet-service.identity:BPNL00000003AZQP,ebf7e0c5-6ef2-45b9-b17c-ee7f6577e688,1791485928535,1791486015935,1791486015935,
60c48578-b478-433a-b27b-66574ca0150e,PROVIDER,1200,1,did:web:ssi-dim-wallet-service.identity:BPNL00000003AZQP,f0390bae-3db6-4021-b4a7-385fd540b2dc,1791485928805,1791486019974,1791486019974,
2f5c7b79-09fc-4df3-a853-cbf448bbd993,PROVIDER,1200,1,did:web:ssi-dim-wallet-service.identity:BPNL00000003AZQP,9a24eadb-8df2-49bf-b368-60ae56c7d85b,1791485928833,1791486019987,1791486019987,
c5b41b6a-5be7-4b2d-b94c-455fe0264649,PROVIDER,1200,1,did:web:ssi-dim-wallet-service.identity:BPNL00000003AZQP,b7cf7413-d927-42c8-b6e8-e06d932a1940,1791485928834,1791486016068,1791486016068,
33b969a4-8b06-4620-8ba8-462ae011ba43,PROVIDER,1200,1,did:web:ssi-dim-wallet-service.identity:BPNL00000003AZQP,3db6cdcc-4d6d-42fc-aaf6-9ecbf2c88ea2,1791485928904,1791486016068,1791486016068,
8775ab14-f6bf-4db6-b690-8073ffe47396,PROVIDER,1200,1,did:web:ssi-dim-wallet-service.identity:BPNL00000003AZQP,c133ed35-05ec-4cc3-b72f-c05f94fb22a6,1791485928908,1791486019993,1791486019993,
7570422e-ffea-47bf-92ba-de08ed6a1980,PROVIDER,1200,1,did:web:ssi-dim-wallet-service.identity:BPNL00000003AZQP,8930e885-4697-4296-bc10-821c56d01bfe,1791485929012,1791486020084,1791486020084,
e110f1f7-cc20-4b6b-861c-b8f335d4a0db,PROVIDER,1200,1,did:web:ssi-dim-wallet-service.identity:BPNL00000003AZQP,1aae3ba0-59ed-48ca-8dc7-d437e7cbc9ce,1791485929105,1791486020118,1791486020118,
c28e6fba-2bba-4b48-8334-82871272c3e9,PROVIDER,1200,1,did:web:ssi-dim-wallet-service.identity:BPNL00000003AZQP,f2c0bdbb-47ab-4723-84fd-c76672344700,1791485929105,1791486020020,1791486020020,
adad8ce5-0d1c-445b-a64f-ea36fb77c830,PROVIDER,1200,1,did:web:ssi-dim-wallet-service.identity:BPNL00000003AZQP,14b345a5-3ff8-4711-bfdc-f6e1ec514f75,1791485929132,1791486020125,1791486020125,
9d772bf9-496c-45fe-b80f-c09924b2b7ea,PROVIDER,1200,1,did:web:ssi-dim-wallet-service.identity:BPNL00000003AZQP,2bc23738-b459-4f19-88d5-5d44c027d16b,1791485929234,1791486020049,1791486020049,
aa877dc6-053c-4f7a-84d3-f763fe13c13c,PROVIDER,1200,1,did:web:ssi-dim-wallet-service.identity:BPNL00000003AZQP,2a44e39a-b1ec-4c67-a293-f231b9cd4970,1791485929234,1791486020150,1791486020150,
8762cfde-2b75-4ced-ab2e-014e504f5584,PROVIDER,1200,1,did:web:ssi-dim-wallet-service.identity:BPNL00000003AZQP,501c456e-1c8e-4d48-b1ce-d3580d80bc28,1791485929317,1791486020262,1791486020262,
752a9b10-2901-42aa-b0b6-56d126e9cf00,PROVIDER,1200,1,did:web:ssi-dim-wallet-service.identity:BPNL00000003AZQP,0061bb3f-96b3-4392-964f-d02e7742bcd6,1791485929403,1791486020180,1791486020180,
05cac314-c5c4-47c8-8c18-ce1d64f75808,PROVIDER,1200,1,did:web:ssi-dim-wallet-service.identity:BPNL00000003AZQP,adef7c93-258b-4ab9-b606-cd10ab1b5e8d,1791485929410,1791486020186,1791486020186,
dcdda17f-005a-48dc-a37c-b03e3d845e25,PROVIDER,1200,1,did:web:ssi-dim-wallet-service.identity:BPNL00000003AZQP,4ab4f6ff-bca8-4dbf-a1ec-e1f0856f3bf6,1791485929434,1791486020298,1791486020298,
cf6b9ebc-bb1d-461d-a9c3-d70f53f947c6,PROVIDER,1200,1,did:web:ssi-dim-wallet-service.identity:BPNL00000003AZQP,d1f83441-0b09-4894-9e61-4d25ab59a959,1791485929435,1791486020323,1791486020323,
b4dea53b-c8c6-41a4-ae9b-06beaf109476,PROVIDER,1200,1,did:web:ssi-dim-wallet-service.identity:BPNL00000003AZQP,19f05eb1-e0c9-4584-9b24-037c939ceaff,1791485929513,1791486020438,1791486020438,
205263f4-17a4-4a25-8981-6eac5bf87092,PROVIDER,1200,1,did:web:ssi-dim-wallet-service.identity:BPNL00000003AZQP,33f499a7-77b1-4f61-b56e-f61e4dd62d40,1791485929543,1791486020431,1791486020431,
cd87214d-db96-4a4f-8eb5-53f757fe9454,PROVIDER,1200,1,did:web:ssi-dim-wallet-service.identity:BPNL00000003AZQP,2b496478-26b5-4769-84ec-9322eaecbc8c,1791485929639,1791486020329,1791486020329,
4ace1764-94a2-4466-8702-1800354ba486,PROVIDER,1200,1,did:web:ssi-dim-wallet-service.identity:BPNL00000003AZQP,8b648420-3afc-4737-b766-84401f689adf,1791485929703,1791486020438,1791486020438,
15d208dd-ce08-42e0-b28d-b2b5dafccb76,PROVIDER,1200,1,did:web:ssi-dim-wallet-service.identity:BPNL00000003AZQP,d4f99298-1ea5-4eb4-b0e5-20ba9262f3f9,1791485929734,1791486020507,1791486020507,
7cfb9d18-ea64-491a-91e0-b69d8ffc6e24,PROVIDER,1200,1,did:web:ssi-dim-wallet-service.identity:BPNL00000003AZQP,198ffb38-ebdd-476d-a650-82e9f410dd8d,1791485929736,1791486022668,1791486022668,
bfd09d9e-d683-4ac2-bd40-51d98f5e9c9c,PROVIDER,1200,1,did:web:ssi-dim-wallet-service.identity:BPNL00000003AZQP,d137ae9c-973e-4c85-9ac1-a7468200d6c4,1791485929741,1791486020555,1791486020555,
a9fd2069-13e7-4b88-adc4-fde9f8bf3fb8,PROVIDER,1200,1,did:web:ssi-dim-wallet-service.identity:BPNL00000003AZQP,d2577a6e-1d16-445f-9c29-186f62c260e6,1791485929804,1791486022681,1791486022681,
5b0e7345-c4a7-49b0-aa92-25b1edcadb21,PROVIDER,1200,1,did:web:ssi-dim-wallet-service.identity:BPNL00000003AZQP,35192fb3-bf20-4c73-9303-10a7d3e21bba,1791485929835,1791486022680,1791486022680,
60afdf4f-2eb0-4dfd-a671-239c449a5fc4,PROVIDER,1200,1,did:web:ssi-dim-wallet-service.identity:BPNL00000003AZQP,b3690e20-0e8a-4eb5-88e5-a702943d9135,1791485929844,1791486022974,1791486022974,
7c37317e-a9e5-4e2f-9926-832564f960c7,PROVIDER,1200,1,did:web:ssi-dim-wallet-service.identity:BPNL00000003AZQP,fcf76daf-09c8-4ab9-a3f4-38425addfcb9,1791485929903,1791486022968,1791486022968,
a74f9f5d-0973-4fd6-ac8a-cd040b6ec9e9,PROVIDER,1200,1,did:web:ssi-dim-wallet-service.identity:BPNL00000003AZQP,660e24a8-9b4e-451d-9c80-7ae1c04ca019,1791485929907,1791486022968,1791486022968,
2be79961-5375-4fa0-9279-ec0b40388427,PROVIDER,1200,1,did:web:ssi-dim-wallet-service.identity:BPNL00000003AZQP,15543004-2cfb-450c-a1d1-d0ae7d14ad15,1791485929909,1791486023047,1791486023047,
61fbb62b-393c-4521-a198-59694417bfb9,PROVIDER,1200,1,did:web:ssi-dim-wallet-service.identity:BPNL00000003AZQP,264528b7-313d-4626-b3d9-409dcaa5338c,1791485929973,1791486023381,1791486023381,
188f68b8-e7c8-4a4d-8f23-83a623ae1832,PROVIDER,1200,1,did:web:ssi-dim-wallet-service.identity:BPNL00000003AZQP,31fd9c54-cd56-4532-9f14-9ad060d985e9,1791485930003,1791486023335,1791486023335,
004671e3-2efc-439a-a24d-6a44fb94c316,PROVIDER,1200,1,did:web:ssi-dim-wallet-service.identity:BPNL00000003AZQP,b648daa9-6200-4f4a-9394-672caecd9361,1791485930004,1791486023275,1791486023275,
1e5d892d-de57-45c0-a77c-ce935df9e30a,PROVIDER,1200,1,did:web:ssi-dim-wallet-service.identity:BPNL00000003AZQP,fd9260d3-8118-42cc-9e64-215b9f1b4be8,1791485930041,1791486023638,1791486023638,
8eac5135-fdd4-4041-954e-516842e0d033,PROVIDER,1200,1,did:web:ssi-dim-wallet-service.identity:BPNL00000003AZQP,bd19af64-0c15-41bc-aa83-232d30ba478b,1791485930104,1791486023534,1791486023534,
9b55a44c-1770-47de-936f-540285ecfb5c,PROVIDER,1200,1,did:web:ssi-dim-wallet-service.identity:BPNL00000003AZQP,e8cb382d-32ea-4c89-aaad-2b08bf2f2ab7,1791485930111,1791486023679,1791486023679,
92bdd76e-3309-4021-8c96-5c904a29ecf2,PROVIDER,1200,1,did:web:ssi-dim-wallet-service.identity:BPNL00000003AZQP,a207c9ff-7c81-4c2b-9d57-b0712bbb90d3,1791485930233,1791486023569,1791486023569,
c610586e-ce3b-4696-9881-332474e541fa,PROVIDER,1200,1,did:web:ssi-dim-wallet-service.identity:BPNL00000003AZQP,01a64f32-1b5b-460b-aa05-f210f1071445,1791485930305,1791486023275,1791486023275,
2b9b646a-cfee-49ca-bbc3-e445a5c9ac64,PROVIDER,1200,1,did:web:ssi-dim-wallet-service.identity:BPNL00000003AZQP,bfbb4769-9eb6-45a6-992d-00f8c537001a,1791485930334,1791486027377,1791486027377,
b36be9ab-600d-49fd-8c10-bf30aa2509e0,PROVIDER,1200,1,did:web:ssi-dim-wallet-service.identity:BPNL00000003AZQP,a3880e7c-3eee-4ba3-9e21-64a4ac77a26e,1791485930404,1791486023873,1791486023873,
869b8743-1161-4b40-b769-9365905b311c,PROVIDER,1200,1,did:web:ssi-dim-wallet-service.identity:BPNL00000003AZQP,fb66229b-13dc-4d0e-af73-815abb7c3aa1,1791485930440,1791486023748,1791486023748,
90043daa-4b9e-42d0-8306-8259dc0188bb,PROVIDER,1200,1,did:web:ssi-dim-wallet-service.identity:BPNL00000003AZQP,a6a90dc2-9884-4d39-8870-7092a4d82a5d,1791485930442,1791486023748,1791486023748,
77c8b455-5b3a-4f2b-9ffb-e14886458fb5,PROVIDER,1200,1,did:web:ssi-dim-wallet-service.identity:BPNL00000003AZQP,68ca04c4-989b-4ddf-aa39-6b1d9196e025,1791485930533,1791486023785,1791486023785,
5113614e-5e25-4b32-9f42-a7123b91ffac,PROVIDER,1200,1,did:web:ssi-dim-wallet-service.identity:BPNL00000003AZQP,54d911cc-1d7e-4df7-9965-cfa3c6c87e5e,1791485930541,1791486027444,1791486027444,
184c2557-8ea2-4d94-b7bc-942fd4b6edda,PROVIDER,1200,1,did:web:ssi-dim-wallet-service.identity:BPNL00000003AZQP,07262004-30e1-4fa2-a465-41aee3535862,1791485930542,1791486023679,1791486023679,
d78f526f-0f09-44b1-b0d9-7f7f64976e7d,PROVIDER,1200,1,did:web:ssi-dim-wallet-service.identity:BPNL00000003AZQP,be6dfb6d-85bd-4eb8-b9f5-88c504d825b2,1791485930608,1791486027460,1791486027460,
8e7f22fe-e290-4e3d-aa5e-48683d2ee8cb,PROVIDER,1200,1,did:web:ssi-dim-wallet-service.identity:BPNL00000003AZQP,046fe3e3-05cf-434f-aef8-5b3a51d371fd,1791485930634,1791486027472,1791486027472,
9455285d-b072-4b6b-84c5-96be029d52a9,PROVIDER,1200,1,did:web:ssi-dim-wallet-service.identity:BPNL00000003AZQP,862f0864-4ced-4737-810c-d365d621e5b3,1791485930705,1791486027536,1791486027536,
3ced7038-9c46-4525-93a4-fe752763e81f,PROVIDER,1200,1,did:web:ssi-dim-wallet-service.identity:BPNL00000003AZQP,cd394012-abe2-4fdc-9016-b34e0e5ce39c,1791485930803,1791486027651,1791486027651,
6578b53d-111e-4540-8628-ccfad741331a,PROVIDER,1200,1,did:web:ssi-dim-wallet-service.identity:BPNL00000003AZQP,a941b071-61cc-4641-879c-9986b3ed91e3,1791485930804,1791486027675,1791486027675,
3adee53e-247c-4be1-81a5-df017a260f95,PROVIDER,1200,1,did:web:ssi-dim-wallet-service.identity:BPNL00000003AZQP,59cfb675-5189-4372-8e32-dfb9cd560099,1791485930805,1791486027544,1791486027544,
c4c26feb-3e32-407c-a2af-522b92ba55cb,PROVIDER,1200,1,did:web:ssi-dim-wallet-service.identity:BPNL00000003AZQP,5b58483f-b19a-4ece-9122-6db1d902d226,1791485930905,1791486027657,1791486027657,
2baff0de-2aa6-4e57-a488-53ff6dd1b94b,PROVIDER,1200,1,did:web:ssi-dim-wallet-service.identity:BPNL00000003AZQP,351d416f-b84d-4888-9820-1d4e5535a870,1791485930940,1791486027651,1791486027651,
99a064c3-576c-4b8b-bea0-aeed8d556964,PROVIDER,1200,1,did:web:ssi-dim-wallet-service.identity:BPNL00000003AZQP,fc10b256-a84b-4326-8836-54775d873ff0,1791485931005,1791486027746,1791486027746,
52a5b3a2-ed7c-4f4f-8710-1c9886af662f,PROVIDER,1200,1,did:web:ssi-dim-wallet-service.identity:BPNL00000003AZQP,310c2a9a-a2a9-431f-b74d-c39a92b8eb3b,1791485931034,1791486028037,1791486028037,
aabf9eb7-9d68-4b6d-a77f-e298cdfc2763,PROVIDER,1200,1,did:web:ssi-dim-wallet-service.identity:BPNL00000003AZQP,b7430f46-12c5-41f3-840d-618a65e15d6b,1791485931035,1791486028089,1791486028089,
e1d247ef-569a-4429-be8d-2d62c4db6b08,PROVIDER,1200,1,did:web:ssi-dim-wallet-service.identity:BPNL00000003AZQP,84d83ba7-62ef-437d-88fb-a4227400e404,1791485931104,1791486028070,1791486028070,
f5cb4813-de0f-431e-984c-ec0d8e4898d5,PROVIDER,1200,1,did:web:ssi-dim-wallet-service.identity:BPNL00000003AZQP,85e4c37d-3775-4488-844e-63df2afc7574,1791485931116,1791486028059,1791486028059,
db31dfef-4c4a-4dce-990c-8a6a695f4543,PROVIDER,1200,1,did:web:ssi-dim-wallet-service.identity:BPNL00000003AZQP,67382e16-2315-46ad-81c4-c6bca2a99689,1791485931242,1791486028183,1791486028183,
ea997123-525d-49b6-a271-c6f7250e4c3f,PROVIDER,1200,1,did:web:ssi-dim-wallet-service.identity:BPNL00000003AZQP,c6c45155-2972-4400-a2b3-9a39ea2b223e,1791485931245,1791486028168,1791486028168,
f8147162-5e5b-4448-bcc7-91bb2dfe64ef,PROVIDER,1200,1,did:web:ssi-dim-wallet-service.identity:BPNL00000003AZQP,784bb855-75a0-4ffe-9246-6a27911bb9c0,1791485931246,1791486028070,1791486028070,
dd389f5b-9e9a-49e0-8fbe-6e0e656c4e5f,PROVIDER,1200,1,did:web:ssi-dim-wallet-service.identity:BPNL00000003AZQP,25c9d44b-d941-421f-a719-c6a37bc7c255,1791485931334,1791486028250,1791486028250,
023b8534-bc96-4bd5-a9e6-b6875ba743ef,PROVIDER,1200,1,did:web:ssi-dim-wallet-service.identity:BPNL00000003AZQP,0c90d54e-98db-4fee-a439-70fb1e01157a,1791485931334,1791486028260,1791486028260,
2a8ecf9b-a5ab-4c60-b0a1-a1573b88bce3,PROVIDER,1200,1,did:web:ssi-dim-wallet-service.identity:BPNL00000003AZQP,078d7ba9-af65-4060-94c1-ddc7e802b2bf,1791485931644,1791486032168,1791486032168,
54161325-531b-44b4-a98e-46405022717e,PROVIDER,1200,1,did:web:ssi-dim-wallet-service.identity:BPNL00000003AZQP,d38a5a5e-32d4-44a1-9ff6-84adb4184cb2,1791485931704,1791486032168,1791486032168,
b5f2e793-5da4-4d63-9cbf-c1cde1f4cefe,PROVIDER,1200,1,did:web:ssi-dim-wallet-service.identity:BPNL00000003AZQP,2d98a709-78f4-43d0-a5b6-6474bbb2a323,1791485931804,1791486032481,1791486032481,
43fe8eb8-4753-4179-a131-ebb2ff9b2983,PROVIDER,1200,1,did:web:ssi-dim-wallet-service.identity:BPNL00000003AZQP,a19428ef-8be1-4e98-aae2-a5e3cfc17798,1791485931903,1791486032234,1791486032234,
6d244fcd-9288-48b8-8abc-847da99c1bc4,PROVIDER,1200,1,did:web:ssi-dim-wallet-service.identity:BPNL00000003AZQP,ba20d929-9718-4838-ae8b-1150a1f38ac6,1791485931904,1791486032484,1791486032484,
7bfb366a-fbc2-4848-823c-0088c7cf19c3,PROVIDER,1200,1,did:web:ssi-dim-wallet-service.identity:BPNL00000003AZQP,dfff7489-78e7-4137-b43c-2def0eb8319e,1791485932005,1791486032282,1791486032282,
f90b5987-e3f6-494f-966d-e7e2c53291f5,PROVIDER,1200,1,did:web:ssi-dim-wallet-service.identity:BPNL00000003AZQP,2a495f1c-b783-41cc-ba53-e89a168f0ac5,1791485932104,1791486032481,1791486032481,
64d11f11-2a50-4b6e-a41f-7ba3f036ca6d,PROVIDER,1200,1,did:web:ssi-dim-wallet-service.identity:BPNL00000003AZQP,0dcd80e2-ed5b-4e32-ac86-8d927fb559ac,1791485932235,1791486032484,1791486032484,
26313736-942e-4c3f-9602-c5f3024dafe0,PROVIDER,1200,1,did:web:ssi-dim-wallet-service.identity:BPNL00000003AZQP,1e9408b0-5cba-49ee-b577-6ea55a294741,1791485932344,1791486032982,1791486032982,
c69802c1-e5ec-4d1f-b21a-85f0e0597d05,PROVIDER,1200,1,did:web:ssi-dim-wallet-service.identity:BPNL00000003AZQP,ddc54f80-f5cb-42b7-8daf-b31f76e09553,1791485932533,1791486032834,1791486032834,
ab3012d1-4cf5-4783-bdf2-2e9e40127fb4,PROVIDER,1200,1,did:web:ssi-dim-wallet-service.identity:BPNL00000003AZQP,e28c1590-132d-4ae9-86a9-064169d592ad,1791485932644,1791486032856,1791486032856,
57212834-b05f-49b3-a582-2c86d36e1555,PROVIDER,1200,1,did:web:ssi-dim-wallet-service.identity:BPNL00000003AZQP,7effa0e7-0579-4d32-9c24-817cf8b75f11,1791485932810,1791486032668,1791486032668,
16b40665-bb40-4d2c-b6b5-c4a6823901b8,PROVIDER,1200,1,did:web:ssi-dim-wallet-service.identity:BPNL00000003AZQP,fc786fea-7548-422e-b444-f77f4d299fe8,1791485933105,1791486033245,1791486033245,
5f398c91-6d48-422e-9b39-29b2e32cf210,PROVIDER,1200,1,did:web:ssi-dim-wallet-service.identity:BPNL00000003AZQP,0f700954-e66b-484b-a5c8-bd5e7928be26,1791485933348,1791486032845,1791486032845,
c6b072b0-9f69-42cf-be6d-f9931b22752c,PROVIDER,1200,1,did:web:ssi-dim-wallet-service.identity:BPNL00000003AZQP,3bb0fb29-25e5-499c-8db4-90d5742e999e,1791485933705,1791486033168,1791486033168,
b21bc0e4-fd46-419d-b209-0c3cb5bcbb85,PROVIDER,1200,1,did:web:ssi-dim-wallet-service.identity:BPNL00000003AZQP,cc664d40-f656-4e06-9d16-2bbf6780f2e1,1791485933905,1791486033234,1791486033234,
9c148935-cd4d-48d8-8bff-93f6d5afc27c,PROVIDER,1200,1,did:web:ssi-dim-wallet-service.identity:BPNL00000003AZQP,86a61d27-6084-4ecf-acb3-8af18e522206,1791485933935,1791486033256,1791486033256,
31dc0d7d-9d6e-4c57-baf4-9b9ea9ca5f29,PROVIDER,1200,1,did:web:ssi-dim-wallet-service.identity:BPNL00000003AZQP,c261729e-01f6-4d9a-a28b-51fa8eff1574,1791485934114,1791486034683,1791486034683,
8a6744da-c521-40f7-b938-16f6347e4238,PROVIDER,1200,1,did:web:ssi-dim-wallet-service.identity:BPNL00000003AZQP,9711e32b-d19c-49ea-9210-fecfee20851b,1791485934136,1791486033373,1791486033373,
eeeaf88d-1a10-4b11-a682-acdfaacccbfc,PROVIDER,1200,1,did:web:ssi-dim-wallet-service.identity:BPNL00000003AZQP,96d94c4b-3d3f-4abb-be10-4f20745fa89e,1791485934404,1791486033575,1791486033575,
805d34cc-bbfd-4e6f-a222-1b3f8ced919d,PROVIDER,1200,1,did:web:ssi-dim-wallet-service.identity:BPNL00000003AZQP,951083db-e64d-4bec-8b8c-7defe10d62d6,1791485934443,1791486033535,1791486033535,
04d7b0fa-1835-4db9-8aef-0467efdb143b,PROVIDER,1200,1,did:web:ssi-dim-wallet-service.identity:BPNL00000003AZQP,05215f44-f12c-4bd4-a129-70228744acb7,1791485934505,1791486034787,1791486034787,
120bffd1-e3e8-41dd-bbe8-61ab57f6a9e4,PROVIDER,1200,1,did:web:ssi-dim-wallet-service.identity:BPNL00000003AZQP,1e235bef-3467-484e-b259-3edd9eb6b7f9,1791485934505,1791486034387,1791486034387,
29d44838-aa08-4610-ba69-05c7ca927dd9,PROVIDER,1200,1,did:web:ssi-dim-wallet-service.identity:BPNL00000003AZQP,2d16d6ef-d524-4067-aba4-c66db5e8689c,1791485934711,1791486034668,1791486034668,
5159443b-acce-4415-bcbb-b252b1d93407,PROVIDER,1200,1,did:web:ssi-dim-wallet-service.identity:BPNL00000003AZQP,fe0bcabb-e470-46cf-88c4-27d640edfca1,1791485934737,1791486034483,1791486034483,
667dcdd6-fdea-4f54-8f4a-e0adc7351c3c,PROVIDER,1200,1,did:web:ssi-dim-wallet-service.identity:BPNL00000003AZQP,fadd3690-9af9-44d8-b7cf-44c73558553a,1791485934803,1791486034968,1791486034968,
9dd8b176-a40f-4321-939a-9858cfccc3cb,PROVIDER,1200,1,did:web:ssi-dim-wallet-service.identity:BPNL00000003AZQP,52cc3aab-f9ae-4442-8439-7b73bd23997b,1791485934803,1791486034793,1791486034793,
cc074caf-e92c-4f87-92e9-cc114c22647c,PROVIDER,1200,1,did:web:ssi-dim-wallet-service.identity:BPNL00000003AZQP,bcfcc5ae-b9bb-427e-844f-0f95da5c80ae,1791485934804,1791486034578,1791486034578,
f35650c0-2839-46df-bcbd-93d73ad5adb2,PROVIDER,1200,1,did:web:ssi-dim-wallet-service.identity:BPNL00000003AZQP,6fda040c-7646-4e31-9a6d-e60188cfacb6,1791485934813,1791486034974,1791486034974,
82d02bc6-d266-4c6d-b83c-7f997f64a925,PROVIDER,1200,1,did:web:ssi-dim-wallet-service.identity:BPNL00000003AZQP,14c2fcd1-a8e6-4009-8021-1d5f19bbf84c,1791485934910,1791486035034,1791486035034,
4a65aebd-eadf-41a5-9d47-8c85ef7bb5f3,PROVIDER,1200,1,did:web:ssi-dim-wallet-service.identity:BPNL00000003AZQP,75d35313-bf87-4e75-8401-484ca7eae10f,1791485934914,1791486034981,1791486034981,
4ebe5879-e206-4c9b-b3c9-224c7bdb78ed,PROVIDER,1200,1,did:web:ssi-dim-wallet-service.identity:BPNL00000003AZQP,48c3a446-a7ae-4b26-84ad-81ce469c59b0,1791485934934,1791486035081,1791486035081,
38bc3308-2f22-402c-b51e-14ed7f8cd83c,PROVIDER,1200,1,did:web:ssi-dim-wallet-service.identity:BPNL00000003AZQP,c1d1c386-7846-4b26-9b1d-8691790b48b1,1791485935037,1791486035288,1791486035288,
60bde70e-f9c4-44a4-b856-8e9c3817d5e3,PROVIDER,1200,1,did:web:ssi-dim-wallet-service.identity:BPNL00000003AZQP,01d1043b-0e87-43c2-bcd7-6f5410939aef,1791485935038,1791486035843,1791486035843,
93b8e6b6-5c6b-4b64-beb0-a8e58ecfa1f0,PROVIDER,1200,1,did:web:ssi-dim-wallet-service.identity:BPNL00000003AZQP,dec556fd-e652-4716-9a99-ca1887b9f52d,1791485935046,1791486035382,1791486035382,
63587f83-938f-4604-9d1e-e2a40a10a889,PROVIDER,1200,1,did:web:ssi-dim-wallet-service.identity:BPNL00000003AZQP,7ea4981a-4d12-408d-8aaa-bedd63e28691,1791485935433,1791486035574,1791486035574,
aefd08a7-8264-4b1c-8699-2ff4c3f625bf,PROVIDER,1200,1,did:web:ssi-dim-wallet-service.identity:BPNL00000003AZQP,7f19bc88-ad5c-4fce-8a7e-d334bfb13f87,1791485935549,1791486035568,1791486035568,
fd114bcb-8e88-4136-91cc-fa1db3b040ff,PROVIDER,1200,1,did:web:ssi-dim-wallet-service.identity:BPNL00000003AZQP,4e994bb6-1738-4a10-b01a-beebec6662e7,1791485935608,1791486038962,1791486038962,
623f2d4a-c612-4518-9bff-56f00ef8a8c4,PROVIDER,1200,1,did:web:ssi-dim-wallet-service.identity:BPNL00000003AZQP,93bd44e5-6b33-461c-83f9-4cb0ef056da5,1791485935612,1791486035844,1791486035844,
129b901c-3d3e-47b0-9c12-003cc3b13a41,PROVIDER,1200,1,did:web:ssi-dim-wallet-service.identity:BPNL00000003AZQP,e0554c3b-a820-4198-a293-df257ea1d47a,1791485935708,1791486035741,1791486035741,
1d4d1b21-fabd-4279-a781-1c444fe5062a,PROVIDER,1200,1,did:web:ssi-dim-wallet-service.identity:BPNL00000003AZQP,200445db-46cc-4276-b9ca-f7ca72096ee9,1791485935844,1791486035851,1791486035851,
9b3c7f2f-534b-4a47-9d4b-6f73c3efc557,PROVIDER,1200,1,did:web:ssi-dim-wallet-service.identity:BPNL00000003AZQP,ec7636a9-5be7-472c-a755-9d90b65e358d,1791485935937,1791486038996,1791486038996,
ab816668-3389-41d4-990a-fd886e7792b4,PROVIDER,1200,1,did:web:ssi-dim-wallet-service.identity:BPNL00000003AZQP,66f5dd97-1374-42c5-b955-d0a18b716dfa,1791485935939,1791486039059,1791486039059,
7a41bae2-3776-492e-948e-175ab6bf102b,PROVIDER,1200,1,did:web:ssi-dim-wallet-service.identity:BPNL00000003AZQP,78e6d9f9-cd9f-46c4-92d9-90198054a884,1791485936033,1791486039263,1791486039263,
9ded9f1e-d843-4f31-a181-fb25ce7bf173,PROVIDER,1200,1,did:web:ssi-dim-wallet-service.identity:BPNL00000003AZQP,d629b393-3064-42e4-9acc-37fe47a56137,1791485936409,1791486039053,1791486039053,
e4a733dc-356b-4915-ac0d-ceffd3627ba4,PROVIDER,1200,1,did:web:ssi-dim-wallet-service.identity:BPNL00000003AZQP,1f54f9a0-e7f0-4019-a944-0089236dc46e,1791485936435,1791486039351,1791486039351,
b1876bed-2810-4288-a630-f94e0b8d6d3b,PROVIDER,1200,1,did:web:ssi-dim-wallet-service.identity:BPNL00000003AZQP,d8030a22-eb3b-488f-af09-57d1e1ea9af2,1791485936504,1791486039378,1791486039378,
7488fe8b-93dc-4ecb-909f-43a901c24541,PROVIDER,1200,1,did:web:ssi-dim-wallet-service.identity:BPNL00000003AZQP,2c538bc6-9b60-4ec9-97e5-c0f08f2efc32,1791485936742,1791486039236,1791486039236,
0c800201-8bb1-448c-8a20-75ce40d07c2f,PROVIDER,1200,1,did:web:ssi-dim-wallet-service.identity:BPNL00000003AZQP,acebc2f8-7099-401d-8b77-ba2f5ede8368,1791485936805,1791486039133,1791486039133,
31100202-9bd2-4a6f-8cf0-9a26a2c5f1c3,PROVIDER,1200,1,did:web:ssi-dim-wallet-service.identity:BPNL00000003AZQP,10d45c1b-d168-47e7-9970-3102a3d2b6ef,1791485936834,1791486039746,1791486039746,
c19fbc9f-e53d-4d74-b66b-9a149c464f9a,PROVIDER,1200,1,did:web:ssi-dim-wallet-service.identity:BPNL00000003AZQP,39d23b44-b6d8-449f-822f-01f1697c3f3a,1791485936904,1791486039279,1791486039279,
62eb2b98-e562-4ae5-8a6f-1d777997c01b,PROVIDER,1200,1,did:web:ssi-dim-wallet-service.identity:BPNL00000003AZQP,e3a05595-1501-4aa6-aadc-f02b2ea586da,1791485937139,1791486039551,1791486039551,
9d207466-b4ca-4dcc-acb1-0eb515b33443,PROVIDER,1200,1,did:web:ssi-dim-wallet-service.identity:BPNL00000003AZQP,2c7278ec-ba2b-4f4d-ae8c-30156771d695,1791485937738,1791486039456,1791486039456,
4ebbdcdf-cb7f-4ece-9607-680b0360d41b,PROVIDER,1200,1,did:web:ssi-dim-wallet-service.identity:BPNL00000003AZQP,8339c4c3-6a96-4495-b17d-4cd9a13e2116,1791485937934,1791486039628,1791486039628,
1fd1a491-b3f2-453d-9656-3dc2699dff17,PROVIDER,1200,1,did:web:ssi-dim-wallet-service.identity:BPNL00000003AZQP,37e80ea2-92aa-42b6-9696-d550154bfdb3,1791485938035,1791486039662,1791486039662,
4d600878-0f23-46c9-913f-693877ceada9,PROVIDER,1200,1,did:web:ssi-dim-wallet-service.identity:BPNL00000003AZQP,a371d6d3-843e-4697-af5f-c6002e7b79c1,1791485939734,1791486039637,1791486039637,
50bf729e-1de0-484f-a8e9-f87eac348153,PROVIDER,1200,1,did:web:ssi-dim-wallet-service.identity:BPNL00000003AZQP,03b3cf03-e40f-44f9-be59-4e3fa6693408,1791485939734,1791486039766,1791486039766,
c26babe2-7571-4c87-8800-429934bef4e0,PROVIDER,1200,1,did:web:ssi-dim-wallet-service.identity:BPNL00000003AZQP,de541baf-3c04-452f-8b43-2de3d79529c1,1791485939813,1791486039758,1791486039758,
cf1f2323-8815-45b9-b709-1cecb0e958c3,PROVIDER,1200,1,did:web:ssi-dim-wallet-service.identity:BPNL00000003AZQP,68db9963-77d5-437f-ac09-542c806fef53,1791485939839,1791486039713,1791486039713,
f772e1cd-b8b0-4f90-b5a4-453c0e2b4279,PROVIDER,1200,1,did:web:ssi-dim-wallet-service.identity:BPNL00000003AZQP,b9c8079d-540c-4e1d-bece-9c6872890ba6,1791485939934,1791486041975,1791486041975,
570b7124-824a-49f1-b65e-b2cf081ea4dd,PROVIDER,1200,1,did:web:ssi-dim-wallet-service.identity:BPNL00000003AZQP,50fa3c4f-5c72-422b-9512-4662f4f77df6,1791485939945,1791486039829,1791486039829,
484800dc-fd8a-472d-8b61-7b03d563e799,PROVIDER,1200,1,did:web:ssi-dim-wallet-service.identity:BPNL00000003AZQP,2faa0604-6875-461d-b1c6-ebda45b0f9a5,1791485940006,1791486041491,1791486041491,
82d9098f-3f34-40a5-a201-3cae6ff555d2,PROVIDER,1200,1,did:web:ssi-dim-wallet-service.identity:BPNL00000003AZQP,8b87dc56-c5bb-4380-8999-02fcfbb5add3,1791485940040,1791486041869,1791486041869,
42decf27-e160-4a57-b7d5-be0f265a109c,PROVIDER,1200,1,did:web:ssi-dim-wallet-service.identity:BPNL00000003AZQP,6ed6258a-9bae-4d15-bdd7-fb103a588d78,1791485940104,1791486041870,1791486041870,
d18be3c4-641a-41d6-b504-85508a8edbf3,PROVIDER,1200,1,did:web:ssi-dim-wallet-service.identity:BPNL00000003AZQP,35033c7b-5b25-4e6f-a4eb-376f955078a5,1791485940136,1791486041773,1791486041773,
6cb225ca-c279-4752-bdc6-471f96a6bd8a,PROVIDER,1200,1,did:web:ssi-dim-wallet-service.identity:BPNL00000003AZQP,e3f8b347-e4ac-43d6-a11f-470d06fdbc3d,1791485940240,1791486042175,1791486042175,
46b67c32-7bad-44ee-a63a-8cff45356b5b,PROVIDER,1200,1,did:web:ssi-dim-wallet-service.identity:BPNL00000003AZQP,8a8ca5ae-a8ec-4ae0-b613-c635bf7d66de,1791485940304,1791486042741,1791486042741,
b868c022-d954-4cdb-ad00-4173099a1e47,PROVIDER,1200,1,did:web:ssi-dim-wallet-service.identity:BPNL00000003AZQP,8df8db0b-d686-4945-afd1-aa75cc5c9e0a,1791485940312,1791486041953,1791486041953,
d819e9bb-f0d0-4f0c-8850-c752dd5970db,PROVIDER,1200,1,did:web:ssi-dim-wallet-service.identity:BPNL00000003AZQP,4840c2a0-a334-4e19-bd60-32b24c497e8d,1791485940312,1791486042041,1791486042041,
d15d8015-275b-47d8-925f-98990b856f64,PROVIDER,1200,1,did:web:ssi-dim-wallet-service.identity:BPNL00000003AZQP,729f8481-484c-498b-9962-9473fe97299e,1791485940637,1791486042081,1791486042081,
47f0c353-c20b-468c-a9fa-531d072d9230,PROVIDER,1200,1,did:web:ssi-dim-wallet-service.identity:BPNL00000003AZQP,867de661-a270-4e54-ba2d-8750569a4572,1791485940645,1791486042135,1791486042135,
fa43c903-84e5-4ee6-82c4-376f7f93c56a,PROVIDER,1200,1,did:web:ssi-dim-wallet-service.identity:BPNL00000003AZQP,15e042d2-e49e-4f2a-89ed-435ccfaace0f,1791485940833,1791486042233,1791486042233,
8cdf7a28-ef4d-4aba-8dc4-4a8c5a0f86d6,PROVIDER,1200,1,did:web:ssi-dim-wallet-service.identity:BPNL00000003AZQP,7fa539d2-2fc1-4922-a65d-af30d4a80614,1791485940833,1791486042768,1791486042768,
0e3c4e25-79f3-46ef-b326-ac8b727417ba,PROVIDER,1200,1,did:web:ssi-dim-wallet-service.identity:BPNL00000003AZQP,1bcc16ba-e86b-459b-9995-c81674417da7,1791485941005,1791486042745,1791486042745,
2fc72c7b-c150-403e-b41a-7942e5bc2d17,PROVIDER,1200,1,did:web:ssi-dim-wallet-service.identity:BPNL00000003AZQP,69934c34-7c05-4cf4-9c1d-4c463e1f61a4,1791485941034,1791486043184,1791486043184,
c10c0019-5b10-4b66-a351-1a3dfb00269a,PROVIDER,1200,1,did:web:ssi-dim-wallet-service.identity:BPNL00000003AZQP,ffe01700-3165-4313-a4f4-c76397bc2f8a,1791485941035,1791486042874,1791486042874,
b72c5ef3-c12d-4d17-a46c-2cdc708771a8,PROVIDER,1200,1,did:web:ssi-dim-wallet-service.identity:BPNL00000003AZQP,d155a133-cabb-4aa5-9559-17de82c2bbd4,1791485941106,1791486043134,1791486043134,
634efd50-112d-47e4-8342-4a8c20485414,PROVIDER,1200,1,did:web:ssi-dim-wallet-service.identity:BPNL00000003AZQP,2f1c331d-c9c1-4a82-a417-24da17c78778,1791485941204,1791486042941,1791486042941,
0e355674-0e55-4543-8411-a521868dfdc0,PROVIDER,1200,1,did:web:ssi-dim-wallet-service.identity:BPNL00000003AZQP,1adfe545-61cd-4faf-952c-373c52c540d4,1791485941306,1791486043182,1791486043182,
8edc1e89-c0c1-41e1-8276-407facc4efc3,PROVIDER,1200,1,did:web:ssi-dim-wallet-service.identity:BPNL00000003AZQP,43146b99-3608-4a06-8d34-96d804341246,1791485941337,1791486043083,1791486043083,
d7ff0d5d-a1e2-419d-acdf-b7d6261fecf9,PROVIDER,1200,1,did:web:ssi-dim-wallet-service.identity:BPNL00000003AZQP,14286280-6803-49d7-ae31-54eeedd6401b,1791485941339,1791486044383,1791486044383,
3ad95f42-f368-44f7-b054-9075d43bffa6,PROVIDER,1200,1,did:web:ssi-dim-wallet-service.identity:BPNL00000003AZQP,b36cd370-d171-43af-9c64-2117ae01d965,1791485941434,1791486044407,1791486044407,
a410e826-9514-497a-820f-8dfff9103abf,PROVIDER,1200,1,did:web:ssi-dim-wallet-service.identity:BPNL00000003AZQP,94511ec2-d6b5-4d60-b581-6abc4b43d9e4,1791485941534,1791486044535,1791486044535,
b1bccd27-8c78-4081-9557-5e09149d6518,PROVIDER,1200,1,did:web:ssi-dim-wallet-service.identity:BPNL00000003AZQP,78eb1800-b135-463e-ac07-f6b03bbf51e4,1791485941534,1791486044482,1791486044482,
2a5f8413-b32b-472a-8d1a-32a66eb01f2b,PROVIDER,1200,1,did:web:ssi-dim-wallet-service.identity:BPNL00000003AZQP,44c69808-3c13-439d-bdca-3bfb3cd15f91,1791485941535,1791486044579,1791486044579,
4b6bb0df-f730-4ff6-8447-9f7bdf3ed757,PROVIDER,1200,1,did:web:ssi-dim-wallet-service.identity:BPNL00000003AZQP,6f210b76-face-47f7-93cd-1b240a4e6522,1791485941542,1791486044968,1791486044968,
0fa69f56-aaac-406a-86f5-c0fd22b3cdfa,PROVIDER,1200,1,did:web:ssi-dim-wallet-service.identity:BPNL00000003AZQP,eeabf882-bf4d-443e-b280-b6c7b874f32c,1791485941635,1791486044590,1791486044590,
15c9a914-cf61-4621-9cab-5d42ac09033e,PROVIDER,1200,1,did:web:ssi-dim-wallet-service.identity:BPNL00000003AZQP,6612956a-afbc-46d7-a266-8198e3d63663,1791485941904,1791486044791,1791486044791,
b30dfa64-6455-4bde-ac45-34bd24e5787d,PROVIDER,1200,1,did:web:ssi-dim-wallet-service.identity:BPNL00000003AZQP,7b2488a6-2a6e-4a92-948e-a68d8146b178,1791485941911,1791486044855,1791486044855,
03af1cfd-a02f-4fe2-bf6a-0bbdc507d67c,PROVIDER,1200,1,did:web:ssi-dim-wallet-service.identity:BPNL00000003AZQP,933328c3-5023-40e7-8677-482c84cddbcd,1791485942142,1791486044779,1791486044779,
c8528d31-7c0e-48d7-8556-0ee998cab814,PROVIDER,1200,1,did:web:ssi-dim-wallet-service.identity:BPNL00000003AZQP,85eb5af4-8b17-4ece-8f24-cc5fd6df319c,1791485942304,1791486044745,1791486044745,
fd8feb66-06e4-40a4-b305-2d77df2f2adf,PROVIDER,1200,1,did:web:ssi-dim-wallet-service.identity:BPNL00000003AZQP,f4b623e9-5310-495d-af9f-f6c8e1d53bfb,1791485942435,1791486044735,1791486044735,
16ce4c5d-9e62-4679-b11c-964d1ebc56e8,PROVIDER,1200,1,did:web:ssi-dim-wallet-service.identity:BPNL00000003AZQP,e83aac5e-bb8a-4c9a-806f-fe067a203186,1791485943005,1791486044786,1791486044786,
9bdbeaf3-a463-49ca-a78d-eed5f90d4a0a,PROVIDER,1200,1,did:web:ssi-dim-wallet-service.identity:BPNL00000003AZQP,2df23632-63ac-4c94-bb29-613bec13ac58,1791485943034,1791486044982,1791486044982,
b1204122-922a-474e-916c-a8c973f82ec9,PROVIDER,1200,1,did:web:ssi-dim-wallet-service.identity:BPNL00000003AZQP,cc51a6db-e8b1-4b35-8a18-d65a5577e4ea,1791485943304,1791486045036,1791486045036,
3243558d-d4df-4729-b354-469ce5b7b910,PROVIDER,1200,1,did:web:ssi-dim-wallet-service.identity:BPNL00000003AZQP,ff9c1801-ede4-4ada-810f-693e26829147,1791485943409,1791486044982,1791486044982,
802a2f2d-b7c0-424f-bc92-8f60f49ce967,PROVIDER,1200,1,did:web:ssi-dim-wallet-service.identity:BPNL00000003AZQP,c57310f0-9623-4ae8-bac7-b73a864ba618,1791485943435,1791486044977,1791486044977,
100004df-3835-4c5d-bf1f-fb7192c1ab89,PROVIDER,1200,1,did:web:ssi-dim-wallet-service.identity:BPNL00000003AZQP,4bef14cb-803a-4aab-a78e-c1dcb6f94b4e,1791485943637,1791486045236,1791486045236,
8e9c6640-3eff-4ae3-991c-a6dd9dbe9c79,PROVIDER,1200,1,did:web:ssi-dim-wallet-service.identity:BPNL00000003AZQP,d5addd76-5492-4e83-98d3-15edc0f28e54,1791485943805,1791486048598,1791486048598,
91e7b614-3b1c-445c-83da-4fe9c92c7bcd,PROVIDER,1200,1,did:web:ssi-dim-wallet-service.identity:BPNL00000003AZQP,c522931a-0e3b-41c2-871f-6f19467fc7ef,1791485943833,1791486045278,1791486045278,
f81130b4-cc7f-404f-a83b-882423ed8740,PROVIDER,1200,1,did:web:ssi-dim-wallet-service.identity:BPNL00000003AZQP,fa101e30-158c-4381-a334-42452a1ce1ba,1791485943838,1791486045383,1791486045383,
ae1cde7f-76a5-4781-aafa-2312f384a2b6,PROVIDER,1200,1,did:web:ssi-dim-wallet-service.identity:BPNL00000003AZQP,cf3c51a7-bb26-47cc-8e13-0bdf8783f065,1791485944212,1791486048608,1791486048608,
d643009f-0d42-4873-974a-79c72619e902,PROVIDER,1200,1,did:web:ssi-dim-wallet-service.identity:BPNL00000003AZQP,be15bbcc-705e-431e-9550-8a1b230c0473,1791485944215,1791486048608,1791486048608,
f51f9ba8-f9de-4058-953f-acde73955527,PROVIDER,1200,1,did:web:ssi-dim-wallet-service.identity:BPNL00000003AZQP,cc90c4d2-14d7-403f-a9fc-2952cc72cda4,1791485944405,1791486048620,1791486048620,
764a68a6-6d21-41cc-8951-359d956539d3,PROVIDER,1200,1,did:web:ssi-dim-wallet-service.identity:BPNL00000003AZQP,f26c1de4-11d1-409f-940f-e5e707f046b9,1791485944504,1791486048841,1791486048841,
3ac9a763-5492-4deb-9694-8d0dd5e69d77,PROVIDER,1200,1,did:web:ssi-dim-wallet-service.identity:BPNL00000003AZQP,db35f4fd-6065-43e2-ad86-1b71c0c487cd,1791485944638,1791486048878,1791486048878,
ec5a2c80-63ca-4e9b-8e95-2e053a8a682d,PROVIDER,1200,1,did:web:ssi-dim-wallet-service.identity:BPNL00000003AZQP,e9b9952d-4b00-4fa6-8f3a-c49793e7ccfc,1791485944905,1791486048989,1791486048989,
1477ef75-4a71-4102-a703-f27ec5f0a072,PROVIDER,1200,1,did:web:ssi-dim-wallet-service.identity:BPNL00000003AZQP,8ad12464-c777-404e-a0bc-df34727ca1e6,1791485944913,1791486048843,1791486048843,
8fe3f5eb-6369-4dfd-b3d6-2ba54f939d69,PROVIDER,1200,1,did:web:ssi-dim-wallet-service.identity:BPNL00000003AZQP,0d74d7fa-92a9-45fa-9fd8-89aa848a0c3b,1791485945036,1791486049122,1791486049122,
4ce6858d-8200-4eac-b895-606c6f7bf3f0,PROVIDER,1200,1,did:web:ssi-dim-wallet-service.identity:BPNL00000003AZQP,10417471-2350-49c3-9d0a-e320a5212985,1791485945043,1791486048885,1791486048885,
61f2a877-7377-4471-a19f-30f1838f3b8e,PROVIDER,1200,1,did:web:ssi-dim-wallet-service.identity:BPNL00000003AZQP,a4afd5c1-2c96-4eb2-9477-b594496ad44c,1791485945135,1791486049234,1791486049234,
07efd897-ebc9-4bc7-8513-ce5a5362ed99,PROVIDER,1200,1,did:web:ssi-dim-wallet-service.identity:BPNL00000003AZQP,4cad7520-9663-4162-8bf0-b1c0851fcfbf,1791485945345,1791486049090,1791486049090,
021c8a6c-5d69-4288-8214-f9c6d76cac78,PROVIDER,1200,1,did:web:ssi-dim-wallet-service.identity:BPNL00000003AZQP,939f7241-653a-4d11-9fd6-03998efb2fc1,1791485945438,1791486048989,1791486048989,
16870674-10e8-4085-b962-71e1b9f2d151,PROVIDER,1200,1,did:web:ssi-dim-wallet-service.identity:BPNL00000003AZQP,cc192af5-9990-4ea4-acb2-0b9bd2dfd5e3,1791485945635,1791486049260,1791486049260,
23ce0c93-3c71-4fed-93d4-71b939c24c9d,PROVIDER,1200,1,did:web:ssi-dim-wallet-service.identity:BPNL00000003AZQP,55748368-9672-44f2-9575-56861be9605f,1791485945704,1791486049247,1791486049247,
6dc280eb-2cc1-4a38-8366-e0b69fd1eb07,PROVIDER,1200,1,did:web:ssi-dim-wallet-service.identity:BPNL00000003AZQP,3c2e9774-53de-4366-a32a-8b2884c6e154,1791485945736,1791486049280,1791486049280,
7a0a810f-c662-4e4e-85c8-dbecf8643ec9,PROVIDER,1200,1,did:web:ssi-dim-wallet-service.identity:BPNL00000003AZQP,3d7defe4-2722-4f84-9b1f-0092cbcb7279,1791485945804,1791486049335,1791486049335,
8833f0e8-f59d-4159-88e6-a68c2299436b,PROVIDER,1200,1,did:web:ssi-dim-wallet-service.identity:BPNL00000003AZQP,765db735-9f7c-48ad-9bed-e45a673d16a6,1791485945835,1791486049356,1791486049356,
c91cccc6-d27f-4e0d-9bf2-cfac7627c2a2,PROVIDER,1200,1,did:web:ssi-dim-wallet-service.identity:BPNL00000003AZQP,40a361c4-3bad-4189-9bca-67450eb39b6d,1791485946134,1791486049356,1791486049356,
125190a7-83ec-46fe-be45-0f8baf8c36ff,PROVIDER,1200,1,did:web:ssi-dim-wallet-service.identity:BPNL00000003AZQP,78e7e7ad-a84a-4964-afc6-c7dccb9466de,1791485946134,1791486049345,1791486049345,
eff57289-c792-434a-b493-a44a24455bd6,PROVIDER,1200,1,did:web:ssi-dim-wallet-service.identity:BPNL00000003AZQP,7189dfd4-e107-46a4-af99-9f44cf9fb87a,1791485946204,1791486050156,1791486050156,
b5691976-fcc9-4dc8-b876-4f1827b2bcdc,PROVIDER,1200,1,did:web:ssi-dim-wallet-service.identity:BPNL00000003AZQP,78863663-b709-4bbb-89eb-4abd25e0fc88,1791485946205,1791486050142,1791486050142,
74b680b0-d555-4b88-8e00-4842a6ed59e7,PROVIDER,1200,1,did:web:ssi-dim-wallet-service.identity:BPNL00000003AZQP,2a8f3604-6105-4fa2-9815-86607056870e,1791485946434,1791486050176,1791486050176,
5db91d2b-1c28-4d48-b128-581dba6d1727,PROVIDER,1200,1,did:web:ssi-dim-wallet-service.identity:BPNL00000003AZQP,92352682-3bd3-4d03-b730-89d420544e16,1791485946435,1791486050185,1791486050185,
f000cf4b-0544-41e9-85db-48143b01ba43,PROVIDER,1200,1,did:web:ssi-dim-wallet-service.identity:BPNL00000003AZQP,46262c9f-2f98-4360-aa1d-617dd67cd040,1791485946604,1791486050190,1791486050190,
bbdd7b41-c80b-4051-b6d1-34b70a321d30,PROVIDER,1200,1,did:web:ssi-dim-wallet-service.identity:BPNL00000003AZQP,f2ca1ada-1d08-46cc-ace6-5bfb7addc99f,1791485946736,1791486050270,1791486050270,
5c3b4161-53b2-4425-b6a6-1589c8d4c642,PROVIDER,1200,1,did:web:ssi-dim-wallet-service.identity:BPNL00000003AZQP,ac6a8b04-230f-4571-979a-e68517b29f34,1791485946834,1791486050197,1791486050197,
395c0828-4995-4bac-acdf-5c129ff4b8a5,PROVIDER,1200,1,did:web:ssi-dim-wallet-service.identity:BPNL00000003AZQP,14df4db0-c6ee-4c73-96b2-84a83845b474,1791485946834,1791486050245,1791486050245,
7df7c68d-6afa-4e07-b580-552d3217a70d,PROVIDER,1200,1,did:web:ssi-dim-wallet-service.identity:BPNL00000003AZQP,d669515d-7d04-43d6-b14b-22a314b5348c,1791485946936,1791486050422,1791486050422,
d969668a-b143-4265-9ce2-824d6da40b98,PROVIDER,1200,1,did:web:ssi-dim-wallet-service.identity:BPNL00000003AZQP,dd924c2e-2481-4531-9951-691415188b3c,1791485947034,1791486050374,1791486050374,
2c0ed49e-8b96-4ce2-8439-589929bb2b4c,PROVIDER,1200,1,did:web:ssi-dim-wallet-service.identity:BPNL00000003AZQP,48288e90-429b-4c9a-b8ac-c37f0a785ca9,1791485947135,1791486050290,1791486050290,
b901030e-9e6f-49a1-a98d-076278362289,PROVIDER,1200,1,did:web:ssi-dim-wallet-service.identity:BPNL00000003AZQP,3a7ac624-5588-4818-b5a8-d1f7c04400d0,1791485947208,1791486050293,1791486050293,
684fa0aa-15a7-481b-8982-441a18456a77,PROVIDER,1200,1,did:web:ssi-dim-wallet-service.identity:BPNL00000003AZQP,cd47872c-26b3-44e8-a216-b7f430082f89,1791485947236,1791486050427,1791486050427,
ca6a9e13-2ae6-45ed-b8dd-21dddb254ce2,PROVIDER,1200,1,did:web:ssi-dim-wallet-service.identity:BPNL00000003AZQP,f501fc40-9b57-40c0-815a-381b6fc1896d,1791485947303,1791486050558,1791486050558,
29c97f87-4340-4da5-b8b7-da416e27c2cd,PROVIDER,1200,1,did:web:ssi-dim-wallet-service.identity:BPNL00000003AZQP,8efb0bb7-024f-4e70-8066-f82565419bc9,1791485947335,1791486050427,1791486050427,
87ce66d0-b836-46d0-bd92-8af6174424a4,PROVIDER,1200,1,did:web:ssi-dim-wallet-service.identity:BPNL00000003AZQP,37e686a4-b748-4e9f-9732-bc5121bfd905,1791485947404,1791486050572,1791486050572,
c9f93f2c-a129-4184-847b-1c28d1388f7d,PROVIDER,1200,1,did:web:ssi-dim-wallet-service.identity:BPNL00000003AZQP,c3799208-0b66-4ca8-8695-bdc7c226b34c,1791485947434,1791486050585,1791486050585,
f2f7c289-1e5f-4b13-91ac-2d55f9c9ba2e,PROVIDER,1200,1,did:web:ssi-dim-wallet-service.identity:BPNL00000003AZQP,314184c7-0b39-442d-8103-d6c0e2970a0a,1791485947533,1791486051670,1791486051670,
0f32b976-f9b3-43d2-b975-1a5581ff02cf,PROVIDER,1200,1,did:web:ssi-dim-wallet-service.identity:BPNL00000003AZQP,c4805491-5374-46ae-b38f-aab4730a794e,1791485947636,1791486050721,1791486050721,
94eaeb63-c560-43dd-bb94-3574bd1204df,PROVIDER,1200,1,did:web:ssi-dim-wallet-service.identity:BPNL00000003AZQP,4f2fddb7-e467-476d-a451-69f36b45445d,1791485947705,1791486050741,1791486050741,
28414062-ec04-4414-bf34-dbcc18b2bbe5,PROVIDER,1200,1,did:web:ssi-dim-wallet-service.identity:BPNL00000003AZQP,b0e26621-29d7-4cbb-bac7-86866165dd1f,1791485947735,1791486050753,1791486050753,
e63c8a11-d16e-4985-8f33-a7f4220ea8c0,PROVIDER,1200,1,did:web:ssi-dim-wallet-service.identity:BPNL00000003AZQP,f5484b84-504a-461d-a8a4-eb18a27ce705,1791485947936,1791486051669,1791486051669,
6ebc3e28-4f92-49fe-9137-12a0833d97ea,PROVIDER,1200,1,did:web:ssi-dim-wallet-service.identity:BPNL00000003AZQP,cab15c75-2b84-43b8-bac0-7fe435149b8f,1791485948036,1791486051681,1791486051681,
682b859a-e4b4-45be-9732-1531e42978ba,PROVIDER,1200,1,did:web:ssi-dim-wallet-service.identity:BPNL00000003AZQP,1d0588d7-b7d2-4974-8208-a59c71be47f9,1791485948104,1791486052074,1791486052074,
7d95b4d1-bd0d-46e6-a6e2-7b0dd83aa443,PROVIDER,1200,1,did:web:ssi-dim-wallet-service.identity:BPNL00000003AZQP,1ac3838e-3491-48c6-ab62-41751c8eb742,1791485948109,1791486052489,1791486052489,
c457ee35-cbc8-4aee-9fe1-145b3ca855c5,PROVIDER,1200,1,did:web:ssi-dim-wallet-service.identity:BPNL00000003AZQP,86903c2a-ad7e-4538-badc-52070d89a355,1791485948135,1791486052478,1791486052478,
e219ef52-14e8-4540-acda-1c61aa6d0d40,PROVIDER,1200,1,did:web:ssi-dim-wallet-service.identity:BPNL00000003AZQP,66614faa-4ed3-4003-9f68-23841b11a25c,1791485948235,1791486052205,1791486052205,
9baa3837-343d-488f-8324-20c7c1bf70d3,PROVIDER,1200,1,did:web:ssi-dim-wallet-service.identity:BPNL00000003AZQP,9bdd1a5f-1d2d-437f-a449-adb51c5d49bf,1791485948304,1791486051934,1791486051934,
aefb169a-1bbb-43eb-9cef-833e6b520058,PROVIDER,1200,1,did:web:ssi-dim-wallet-service.identity:BPNL00000003AZQP,b368098b-315c-4725-b7cf-773b4750b016,1791485948534,1791486052468,1791486052468,
9fb915a1-5775-4635-af16-38b448c5414d,PROVIDER,1200,1,did:web:ssi-dim-wallet-service.identity:BPNL00000003AZQP,c0afeae5-f723-4b3c-9b88-b882df10f919,1791485948704,1791486052069,1791486052069,
c30751d4-8139-4c4e-93d3-394b1c8d05f2,PROVIDER,1200,1,did:web:ssi-dim-wallet-service.identity:BPNL00000003AZQP,76a2c79f-4a1a-4c4c-b9fc-0d65c4473eeb,1791485948705,1791486052571,1791486052571,
57523ddb-d08b-4961-af6f-6e8a5634d92f,PROVIDER,1200,1,did:web:ssi-dim-wallet-service.identity:BPNL00000003AZQP,71b3e9a7-6347-4c48-ad1e-55825bf0d031,1791485948904,1791486052478,1791486052478,
9ce4c872-95f8-47fb-9edc-c12792e85ebc,PROVIDER,1200,1,did:web:ssi-dim-wallet-service.identity:BPNL00000003AZQP,693ad568-ec22-4408-80c1-aee36f70bede,1791485948943,1791486052676,1791486052676,
088974dc-5e27-4900-9024-b9ca4efbd3ae,PROVIDER,1200,1,did:web:ssi-dim-wallet-service.identity:BPNL00000003AZQP,ca9d5c8b-c11e-4db9-b8b3-70c37132e88d,1791485949104,1791486052667,1791486052667,
d56aa186-cf39-4369-a408-64282532d796,PROVIDER,1200,1,did:web:ssi-dim-wallet-service.identity:BPNL00000003AZQP,0c913e0f-065a-451c-af3b-cbe38488fb6f,1791485949105,1791486052686,1791486052686,
83de4e2a-4d3d-400a-a75b-a02884c740b0,PROVIDER,1200,1,did:web:ssi-dim-wallet-service.identity:BPNL00000003AZQP,64591f5e-cadd-4587-b7ac-9a5e9c00fa15,1791485949234,1791486052667,1791486052667,
dd57080a-d02e-4c01-a35a-6b4cf6258811,PROVIDER,1200,1,did:web:ssi-dim-wallet-service.identity:BPNL00000003AZQP,094638e3-b8e4-4965-a111-62d69e2950a3,1791485949234,1791486053034,1791486053034,
6033ccb2-b1e6-4814-873e-1f048e48e1f0,PROVIDER,1200,1,did:web:ssi-dim-wallet-service.identity:BPNL00000003AZQP,9c76dd73-ad2a-4cb1-b865-e92af2409744,1791485949237,1791486053074,1791486053074,
9ccb2626-0603-452e-b108-48f4f4cc968c,PROVIDER,1200,1,did:web:ssi-dim-wallet-service.identity:BPNL00000003AZQP,16101304-b59c-45ee-8eec-cf691085761b,1791485949310,1791486052870,1791486052870,
cfc26904-5bb2-4c04-8b5c-77ed3d3d3644,PROVIDER,1200,1,did:web:ssi-dim-wallet-service.identity:BPNL00000003AZQP,d4c41afc-5ff7-4271-bbd7-134b6e880fe2,1791485949435,1791486053135,1791486053135,
061d9e4a-9109-4f1a-852a-abdaf0381196,PROVIDER,1200,1,did:web:ssi-dim-wallet-service.identity:BPNL00000003AZQP,267ed57d-4543-4d30-9e66-c5bae8929f0b,1791485949536,1791486053134,1791486053134,
2c00e13a-5161-45a6-943b-78693a177c0e,PROVIDER,1200,1,did:web:ssi-dim-wallet-service.identity:BPNL00000003AZQP,c1b26031-52da-44c1-a50b-6511f3ea17fd,1791485949539,1791486053187,1791486053187,
09d05985-aa85-4d9b-b93a-1338ef3d9fc8,PROVIDER,1200,1,did:web:ssi-dim-wallet-service.identity:BPNL00000003AZQP,297a8f48-a69c-45b8-acbc-a26902534913,1791485949705,1791486053385,1791486053385,
955015ba-7a1b-487c-9217-0fcb7514d9cd,PROVIDER,1200,1,did:web:ssi-dim-wallet-service.identity:BPNL00000003AZQP,094d9665-5a8b-4923-a38a-783ac0026adc,1791485949706,1791486053186,1791486053186,
33bc3112-66ed-4ad6-abed-7a07006375f0,PROVIDER,1200,1,did:web:ssi-dim-wallet-service.identity:BPNL00000003AZQP,10df0d2f-3fdd-4287-a27e-8fcf3c932db6,1791485949733,1791486053434,1791486053434,
034c7dac-9b7d-4794-8b6d-cb81c5e14ec5,PROVIDER,1200,1,did:web:ssi-dim-wallet-service.identity:BPNL00000003AZQP,e3e30278-4655-4eed-9e54-446b07c41d28,1791485949834,1791486053545,1791486053545,
ad08008a-3803-4bb7-99e3-79340dc312e1,PROVIDER,1200,1,did:web:ssi-dim-wallet-service.identity:BPNL00000003AZQP,c6d6cd89-06ed-49c1-ac01-6752b639806c,1791485949835,1791486053385,1791486053385,
fbd2c419-1e1d-4a27-a2ed-bc5d7b55d8d5,PROVIDER,1200,1,did:web:ssi-dim-wallet-service.identity:BPNL00000003AZQP,93d9cbcb-68e2-4b4a-aa10-bed3808ab501,1791485949835,1791486053634,1791486053634,
e1e3ad0e-7f36-44f4-a09c-f3ea625f0ed6,PROVIDER,1200,1,did:web:ssi-dim-wallet-service.identity:BPNL00000003AZQP,6bf9e251-d012-4443-b121-8abbe73228c6,1791485950005,1791486053788,1791486053788,
cc341d8e-1af1-4c31-866f-2010ef34b11b,PROVIDER,1200,1,did:web:ssi-dim-wallet-service.identity:BPNL00000003AZQP,0944d92f-51c4-4f4d-8d96-8dd9a4981640,1791485950014,1791486053836,1791486053836,
6bca88a2-1bdd-4055-b800-22e9d9ef11f5,PROVIDER,1200,1,did:web:ssi-dim-wallet-service.identity:BPNL00000003AZQP,be74c4d5-2d1d-4863-8f6c-2b29153e7413,1791485950045,1791486053577,1791486053577,
a39828c6-45ce-4965-a95b-bf22554edc75,PROVIDER,1200,1,did:web:ssi-dim-wallet-service.identity:BPNL00000003AZQP,eac294c5-c6a8-4a39-bd9f-39b160b5be8a,1791485950046,1791486053588,1791486053588,
cafb7b57-6e81-40d4-b010-3128b5db53f8,PROVIDER,1200,1,did:web:ssi-dim-wallet-service.identity:BPNL00000003AZQP,b6050522-8b61-4a29-a813-1c84b316a2c7,1791485950134,1791486053605,1791486053605,
d51de6a2-8481-4f9e-821a-0513143ab9a8,PROVIDER,1200,1,did:web:ssi-dim-wallet-service.identity:BPNL00000003AZQP,de2241ce-0200-4566-8fee-7d85765fbacf,1791485950208,1791486053787,1791486053787,
9b853455-bfc8-4da5-9478-badd58831c44,PROVIDER,1200,1,did:web:ssi-dim-wallet-service.identity:BPNL00000003AZQP,6409e1be-2888-4cf4-9faf-cb52ec431627,1791485950216,1791486053973,1791486053973,
899216c8-e14f-40b0-9837-65d5f754b764,PROVIDER,1200,1,did:web:ssi-dim-wallet-service.identity:BPNL00000003AZQP,08e89441-9a93-420a-aa3c-e415fdedbd64,1791485950341,1791486054081,1791486054081,
d7c4bbe8-25e6-4872-a7e7-451d6010a542,PROVIDER,1200,1,did:web:ssi-dim-wallet-service.identity:BPNL00000003AZQP,9e345845-9464-4399-af02-e564e35cab41,1791485950405,1791486053967,1791486053967,
5de395d8-d489-4f10-8f6a-8858660598d1,PROVIDER,1200,1,did:web:ssi-dim-wallet-service.identity:BPNL00000003AZQP,134f8339-e97b-4788-82b4-baecc0baccee,1791485950406,1791486053935,1791486053935,
6aaf46ea-96bf-4737-b389-34da1c1d9b59,PROVIDER,1200,1,did:web:ssi-dim-wallet-service.identity:BPNL00000003AZQP,59d364e8-8227-4d80-9832-be2bba02470b,1791485950504,1791486054082,1791486054082,
f79f88df-48c3-4899-909b-e0b2f51dcf0b,PROVIDER,1200,1,did:web:ssi-dim-wallet-service.identity:BPNL00000003AZQP,47e0ebb9-8065-45dc-94c3-312392a21968,1791485950505,1791486054078,1791486054078,
ad3844de-44a9-4b4e-85f8-b56c77187e8a,PROVIDER,1200,1,did:web:ssi-dim-wallet-service.identity:BPNL00000003AZQP,ddd7d26b-c12c-472b-8e29-fef086053c44,1791485950541,1791486054181,1791486054181,
9609c258-a206-4838-bfba-7c4ddd62b9b9,PROVIDER,1200,1,did:web:ssi-dim-wallet-service.identity:BPNL00000003AZQP,829bb249-3335-4856-a3e3-982359846e77,1791485950634,1791486054173,1791486054173,
ca9afcf8-5d48-4e5f-804a-66c1dbc52294,PROVIDER,1200,1,did:web:ssi-dim-wallet-service.identity:BPNL00000003AZQP,a859c4d7-e685-4427-96e8-fe401500f90b,1791485950733,1791486054188,1791486054188,
311df8fe-17a6-469c-bed6-959f4268f6f2,PROVIDER,1200,1,did:web:ssi-dim-wallet-service.identity:BPNL00000003AZQP,046350a5-2d81-476f-a1f7-f8c6a97ed192,1791485950737,1791486054383,1791486054383,
7aaad80e-a3f1-4d1a-9ecd-edf6b6b0a02a,PROVIDER,1200,1,did:web:ssi-dim-wallet-service.identity:BPNL00000003AZQP,27f76a88-3b3a-42b1-a712-0ce6e03ee8fd,1791485950804,1791486054339,1791486054339,
a1bf0d09-e3dc-4c5d-8d89-ac0a69f0d4be,PROVIDER,1200,1,did:web:ssi-dim-wallet-service.identity:BPNL00000003AZQP,4ddffe7a-6919-4866-ad3a-5b100f37d2e5,1791485950834,1791486054188,1791486054188,
26539590-c117-47f1-bd89-7281975d0c7f,PROVIDER,1200,1,did:web:ssi-dim-wallet-service.identity:BPNL00000003AZQP,7f8dd24d-4eb4-4cf7-b0bb-88daa4633b18,1791485951144,1791486054333,1791486054333,
a874b288-8204-42a0-b4c5-1d1818fb0bcb,PROVIDER,1200,1,did:web:ssi-dim-wallet-service.identity:BPNL00000003AZQP,797602d0-8f63-411b-8335-54e738580f3e,1791485951236,1791486054364,1791486054364,
22b23393-c158-4d95-a685-9d6c48a45c5b,PROVIDER,1200,1,did:web:ssi-dim-wallet-service.identity:BPNL00000003AZQP,e5433255-560d-48b6-8f10-311cb91d2278,1791485951305,1791486054589,1791486054589,
f7f05551-9b12-412c-9471-38c353f96142,PROVIDER,1200,1,did:web:ssi-dim-wallet-service.identity:BPNL00000003AZQP,beffe43c-5e7f-40fe-9d4b-58e2635cffc0,1791485951336,1791486054488,1791486054488,
f2c3ff34-83cf-4fe7-ac3a-98bdd68c82fc,PROVIDER,1200,1,did:web:ssi-dim-wallet-service.identity:BPNL00000003AZQP,d1bf9367-de23-4b8d-9630-f080df44adc8,1791485951505,1791486054488,1791486054488,
d88cf93f-3067-4dce-8edc-5962c8b703ab,PROVIDER,1200,1,did:web:ssi-dim-wallet-service.identity:BPNL00000003AZQP,d9dc4adb-e1b0-4822-aa25-fa32c052a966,1791485951534,1791486054476,1791486054476,
e5199adb-90ea-4046-bef3-42276f9b69b9,PROVIDER,1200,1,did:web:ssi-dim-wallet-service.identity:BPNL00000003AZQP,8eac1ff0-2b8f-4001-ac03-74d15fd4dc76,1791485951611,1791486054574,1791486054574,
ba4e02cf-eadc-493f-bc30-def14c407e12,PROVIDER,1200,1,did:web:ssi-dim-wallet-service.identity:BPNL00000003AZQP,51ce0c48-35ff-49eb-845e-aab6b471811d,1791485951648,1791486054552,1791486054552,
4accb947-291d-4364-a9ff-679c2b5bddc8,PROVIDER,1200,1,did:web:ssi-dim-wallet-service.identity:BPNL00000003AZQP,e254876a-b439-4e97-a23c-74e7979fe747,1791485951655,1791486054574,1791486054574,
f633194b-6680-48b1-8055-b5c11658acb2,PROVIDER,1200,1,did:web:ssi-dim-wallet-service.identity:BPNL00000003AZQP,f826cb2d-812e-4b9e-b949-d30d9da18223,1791485951834,1791486054764,1791486054764,
61475b2f-5262-4c00-adcc-af1ac414593c,PROVIDER,1200,1,did:web:ssi-dim-wallet-service.identity:BPNL00000003AZQP,05a38148-31c0-4950-bf3e-fe2183a79379,1791485952040,1791486054690,1791486054690,
387917da-a691-45c2-9b3f-5e8fe87f767b,PROVIDER,1200,1,did:web:ssi-dim-wallet-service.identity:BPNL00000003AZQP,2934eca0-cc8c-4ec0-8a59-d1f1215ae03a,1791485952135,1791486054683,1791486054683,
