transferprocess_id,type,state,asset_id,contract_id,correlation_id,created_at,state_time_stamp,updated_at,state_count,error_detail
d78c3560-90fc-4561-b191-e7dd1125b1ff,PROVIDER,1000,DigitalTwinRegistryId@BPNL00000003AYRE,83673ffd-c48c-429a-b6c6-7e8dac70b874,40704b39-aee6-4595-855b-e8505c9ece37,1791329104629,1791329113138,1791329113138,1,
e1aea0a5-4f71-4f84-959b-c7a107bd64bb,PROVIDER,1000,DigitalTwinRegistryId@BPNL00000003AYRE,83673ffd-c48c-429a-b6c6-7e8dac70b874,b2c2110a-8da7-493d-9f15-371fe4d4358f,1791329111029,1791329115841,1791329115841,1,
427a20d6-94b0-49fb-85d8-41c39e45571b,PROVIDER,1000,PartTypeInformationSubmodelApi@BPNL00000003AYRE,94e18afa-4f43-4cbc-aa09-d5598efd2adc,5243a968-f99c-4c18-bff1-5fd77f59cd6c,1791329116422,1791329119735,1791329119735,1,
3aa5cfb4-39c5-4ae2-aa77-9ed268d02bd0,PROVIDER,1000,DigitalTwinRegistryId@BPNL00000003AYRE,83673ffd-c48c-429a-b6c6-7e8dac70b874,2f3ef833-f00d-4f82-a376-75a9a5513077,1791329914161,1791329917776,1791329917776,1,
188dfe34-c7a8-4735-bc0d-21ad5366b63b,PROVIDER,1000,DigitalTwinRegistryId@BPNL00000003AYRE,83673ffd-c48c-429a-b6c6-7e8dac70b874,1d641170-8671-42a3-a06c-235772945d40,1791329916382,1791329920044,1791329920044,1,
4adacacd-9428-42b4-a2d3-5b00bbbda996,PROVIDER,1000,itemstocksubmodel-api-asset@BPNL00000003AYRE,0ef26eaf-3d7c-479a-9a01-d5fa6d5cdd8e,51cf3b2c-a038-416e-9e4b-8e1ff2ea6d53,1791329922113,1791329924864,1791329924864,1,
5f851119-3e2a-41b7-970a-97e568f922d3,PROVIDER,1000,DigitalTwinRegistryId@BPNL00000003AYRE,83673ffd-c48c-429a-b6c6-7e8dac70b874,fb2da80b-6468-4de9-a466-0b44e67967ea,1791329940965,1791329944011,1791329944011,1,
f74cc3f6-548f-40a5-8492-a3d9c092373c,PROVIDER,1000,itemstocksubmodel-api-asset@BPNL00000003AYRE,0ef26eaf-3d7c-479a-9a01-d5fa6d5cdd8e,670f1dd1-f53c-4780-9ccb-97a259636bfc,1791329943126,1791329945118,1791329945118,1,
b0d24c36-8602-4ea6-a042-228deb153911,PROVIDER,1000,DigitalTwinRegistryId@BPNL00000003AYRE,83673ffd-c48c-429a-b6c6-7e8dac70b874,144f3cd1-031b-4219-a2bf-cb0c2f67794a,1791368663956,1791368675612,1791368675612,1,
5c015ae1-80a4-44f4-b3c7-71120138bd82,PROVIDER,1000,PartTypeInformationSubmodelApi@BPNL00000003AYRE,94e18afa-4f43-4cbc-aa09-d5598efd2adc,a34a4fbc-00ae-488a-bd8a-d29f9fec7812,1791368673425,1791368677765,1791368677765,1,
be0ef463-6df2-47b5-878c-6d404c32a462,PROVIDER,1000,DigitalTwinRegistryId@BPNL00000003AYRE,83673ffd-c48c-429a-b6c6-7e8dac70b874,cb40ae92-4e74-4589-bb6a-9101d0607de4,1791368699091,1791368702668,1791368702668,1,
e9554eec-eff0-4d30-9a52-a09227f6c818,PROVIDER,1000,PartTypeInformationSubmodelApi@BPNL00000003AYRE,94e18afa-4f43-4cbc-aa09-d5598efd2adc,d07dc783-a8fd-48ef-9f68-48629e1bd8af,1791368701257,1791368703875,1791368703875,1,
7a4d6993-9c1d-4faf-a9f9-6e675a40fc7e,PROVIDER,1000,DigitalTwinRegistryId@BPNL00000003AYRE,83673ffd-c48c-429a-b6c6-7e8dac70b874,1d1f41f1-e5cf-413b-af98-344cdd4d0623,1791368714820,1791368718110,1791368718110,1,
a57d6464-c44f-441f-9dc3-7369729280cb,PROVIDER,1000,PartTypeInformationSubmodelApi@BPNL00000003AYRE,94e18afa-4f43-4cbc-aa09-d5598efd2adc,f71ef515-b844-4612-a7eb-9faffe882ac5,1791368717113,1791368720448,1791368720448,1,
6cfdeb73-7f98-4623-b9e8-266a22435989,PROVIDER,1000,DigitalTwinRegistryId@BPNL00000003AYRE,83673ffd-c48c-429a-b6c6-7e8dac70b874,bc18aa91-2ae0-439b-bea5-78bdca5c8915,1791368735634,1791368737433,1791368737433,1,
ce27a420-d4e0-4686-a309-4d04f2f27bf9,PROVIDER,1000,PartTypeInformationSubmodelApi@BPNL00000003AYRE,94e18afa-4f43-4cbc-aa09-d5598efd2adc,fa4e0a5a-85ec-4b61-816e-22ed26affb64,1791368737817,1791368740973,1791368740973,1,
2f665c6e-eb72-457a-b32c-bdfd3e0d4c67,PROVIDER,1000,DigitalTwinRegistryId@BPNL00000003AYRE,83673ffd-c48c-429a-b6c6-7e8dac70b874,cf6892b9-5de8-44b8-bed5-e3808e7d7a8d,1791368763314,1791368767147,1791368767147,1,
935371f6-d409-49f3-b0af-334c879af84b,PROVIDER,1000,PartTypeInformationSubmodelApi@BPNL00000003AYRE,94e18afa-4f43-4cbc-aa09-d5598efd2adc,d8a93dfb-9dd5-4a26-9183-2aace5b56bf1,1791368766319,1791368768334,1791368768334,1,
1fe74344-0047-4274-bc99-819e0b01c874,PROVIDER,1000,DigitalTwinRegistryId@BPNL00000003AYRE,83673ffd-c48c-429a-b6c6-7e8dac70b874,d378a3b3-7cb8-41e3-8b79-dfcf2fc5fd7c,1791368788891,1791368792382,1791368792382,1,
96dd73de-9209-4fd8-95d0-1c80cf882065,PROVIDER,1000,PartTypeInformationSubmodelApi@BPNL00000003AYRE,94e18afa-4f43-4cbc-aa09-d5598efd2adc,9a38ece2-18f9-4c1f-8a79-049a06e6d9c7,1791368791028,1791368793485,1791368793485,1,
5781f840-97c8-494e-961c-7fdb69c11e7a,PROVIDER,1000,DigitalTwinRegistryId@BPNL00000003AYRE,83673ffd-c48c-429a-b6c6-7e8dac70b874,2f8d494d-d241-4f91-bd38-0148c387b59e,1791368809401,1791368811282,1791368811282,1,
258fe01f-1e85-464c-bd56-42ee7a5ed8c0,PROVIDER,1000,PartTypeInformationSubmodelApi@BPNL00000003AYRE,94e18afa-4f43-4cbc-aa09-d5598efd2adc,2ec67c48-4621-4da8-865d-d593313e6354,1791368810504,1791368812470,1791368812470,1,
14e7ed4e-79bf-416c-8d49-bb2b9c08d00c,PROVIDER,1000,DigitalTwinRegistryId@BPNL00000003AYRE,83673ffd-c48c-429a-b6c6-7e8dac70b874,4ff6e585-903c-44ad-ac55-98c8f7cea610,1791368829056,1791368832550,1791368832550,1,
1a1947dd-1828-4327-8477-f1261c53e1fe,PROVIDER,1000,PartTypeInformationSubmodelApi@BPNL00000003AYRE,94e18afa-4f43-4cbc-aa09-d5598efd2adc,0f49ec3d-3a3a-4a3a-a88e-972de5bf76f6,1791368831247,1791368833713,1791368833713,1,
e12ba063-c8e3-47c3-b1e0-8ba05b3fc278,PROVIDER,1000,DigitalTwinRegistryId@BPNL00000003AYRE,83673ffd-c48c-429a-b6c6-7e8dac70b874,63f6d1af-fdfe-40cb-a071-3574d4467ead,1791368854754,1791368856664,1791368856664,1,
eaeb4b54-1dd8-401f-9b3f-a0b03a3709d3,PROVIDER,1000,PartTypeInformationSubmodelApi@BPNL00000003AYRE,94e18afa-4f43-4cbc-aa09-d5598efd2adc,85921357-e703-482c-8a11-9f5ea4b65d35,1791368855864,1791368857783,1791368857783,1,
662ea321-de2d-4c57-887e-619a95d72b4c,PROVIDER,1000,DigitalTwinRegistryId@BPNL00000003AYRE,83673ffd-c48c-429a-b6c6-7e8dac70b874,17990c56-00e3-4981-ae3d-62ce03e1deb6,1791368876274,1791368879971,1791368879971,1,
47ee35f9-8fc5-4673-8895-c4e2b4bdb0db,PROVIDER,1000,PartTypeInformationSubmodelApi@BPNL00000003AYRE,94e18afa-4f43-4cbc-aa09-d5598efd2adc,cd15ffcd-f42a-43bd-8007-47a4f7741a6b,1791368878397,1791368881096,1791368881096,1,
c7faa1fe-af9d-47ec-928f-18b5a6d503ed,PROVIDER,1000,DigitalTwinRegistryId@BPNL00000003AYRE,83673ffd-c48c-429a-b6c6-7e8dac70b874,ddf6aac8-450b-4722-92c7-24e6e41b943f,1791368897865,1791368899890,1791368899890,1,
f1e26172-b352-4f93-a853-9235aa874d19,PROVIDER,1000,PartTypeInformationSubmodelApi@BPNL00000003AYRE,94e18afa-4f43-4cbc-aa09-d5598efd2adc,92be6e6b-2b11-483e-bc93-3d0b8263451f,1791368899037,1791368901068,1791368901068,1,
79e88d8d-eee6-435a-924a-fd302a63fb74,PROVIDER,1000,DigitalTwinRegistryId@BPNL00000003AYRE,83673ffd-c48c-429a-b6c6-7e8dac70b874,85c5e9b4-872d-45bd-9b2c-abca9da5a4fa,1791368908283,1791368911652,1791368911652,1,
ccba48e2-ff40-4a99-b99d-f12fd91c2de5,PROVIDER,1000,PartTypeInformationSubmodelApi@BPNL00000003AYRE,94e18afa-4f43-4cbc-aa09-d5598efd2adc,ce9e54d8-498d-4797-a2e1-5faca6815275,1791368910382,1791368912748,1791368912748,1,
80519ab5-3877-4ada-a018-1cee9420c13d,PROVIDER,1000,DigitalTwinRegistryId@BPNL00000003AYRE,83673ffd-c48c-429a-b6c6-7e8dac70b874,04257af0-8a77-4c2f-9fef-948d24ba39e3,1791368930859,1791368932520,1791368932520,1,
4853672b-eca6-4a9d-839d-f768af02e3d6,PROVIDER,1000,PartTypeInformationSubmodelApi@BPNL00000003AYRE,94e18afa-4f43-4cbc-aa09-d5598efd2adc,90896738-3a46-4fb2-9a9a-f7baab0fda2e,1791368931966,1791368933606,1791368933606,1,
48dbe033-f9f8-42f7-af34-c3a96a4813b0,PROVIDER,1000,DigitalTwinRegistryId@BPNL00000003AYRE,83673ffd-c48c-429a-b6c6-7e8dac70b874,47bccc45-a801-4978-9e7b-c8d999f6e39e,1791368943385,1791368945118,1791368945118,1,
5024aaee-da8a-47ee-8faf-8b2a92b43320,PROVIDER,1000,PartTypeInformationSubmodelApi@BPNL00000003AYRE,94e18afa-4f43-4cbc-aa09-d5598efd2adc,670fb8b9-e03f-48cb-b9c5-027ec79027de,1791368944494,1791368946249,1791368946249,1,
1343b425-a51d-4872-8969-34e161611307,PROVIDER,1000,DigitalTwinRegistryId@BPNL00000003AYRE,83673ffd-c48c-429a-b6c6-7e8dac70b874,90541ec0-76b1-475e-9b4d-1238c28a0760,1791368960919,1791368963065,1791368963065,1,
e6b77a07-791b-4f10-8960-4917a57653f2,PROVIDER,1000,PartTypeInformationSubmodelApi@BPNL00000003AYRE,94e18afa-4f43-4cbc-aa09-d5598efd2adc,d08fc2e6-6e5e-4459-82a0-fe5b71dc3963,1791368962038,1791368965170,1791368965170,1,
19558677-e9c7-44a8-967a-db14188caa3b,PROVIDER,1000,DigitalTwinRegistryId@BPNL00000003AYRE,83673ffd-c48c-429a-b6c6-7e8dac70b874,6b7eefe5-88d4-408d-9613-1b41d8ab384e,1791368974314,1791368976169,1791368976169,1,
a0c219ae-07de-4a0a-b732-3c2d6d20c75e,PROVIDER,1000,PartTypeInformationSubmodelApi@BPNL00000003AYRE,94e18afa-4f43-4cbc-aa09-d5598efd2adc,ef9b6c57-33b8-45c9-b5cc-bdff95eb3abb,1791368975472,1791368978669,1791368978669,1,
e96387a7-9a8f-4e7a-8857-af545df56fcb,PROVIDER,1000,DigitalTwinRegistryId@BPNL00000003AYRE,83673ffd-c48c-429a-b6c6-7e8dac70b874,eb954e52-fdbc-4722-9dec-fbf1ad5b9af2,1791368985840,1791368988241,1791368988241,1,
22a3f21a-e7b1-4d55-808f-0a709140690e,PROVIDER,1000,PartTypeInformationSubmodelApi@BPNL00000003AYRE,94e18afa-4f43-4cbc-aa09-d5598efd2adc,8333b7a8-41d0-4e02-ae4c-3f9c21006223,1791368987883,1791368989341,1791368989341,1,
1e97e386-bee2-4f83-937d-f72d36608452,PROVIDER,1000,DigitalTwinRegistryId@BPNL00000003AYRE,83673ffd-c48c-429a-b6c6-7e8dac70b874,70f57a03-5065-42bb-b0a7-57db1c0a59a2,1791369003246,1791369004980,1791369004980,1,
4bb83aa7-8ad4-4fdd-ac69-cbfed15554bf,PROVIDER,1000,PartTypeInformationSubmodelApi@BPNL00000003AYRE,94e18afa-4f43-4cbc-aa09-d5598efd2adc,dd939cac-779a-4cef-aeef-0dee04ded494,1791369004311,1791369006215,1791369006215,1,
1b62a4a3-a7a2-45a2-9458-2413a1f00548,PROVIDER,1000,DigitalTwinRegistryId@BPNL00000003AYRE,83673ffd-c48c-429a-b6c6-7e8dac70b874,231aeab9-3fce-4b31-931d-386b4f914137,1791369017792,1791369019673,1791369019673,1,
21a052d9-2c5b-4cbc-91c3-6d274cc9ff49,PROVIDER,1000,PartTypeInformationSubmodelApi@BPNL00000003AYRE,94e18afa-4f43-4cbc-aa09-d5598efd2adc,80f29f77-e692-4694-9e7a-88f65797b5d2,1791369018873,1791369020785,1791369020785,1,
0c2e6fb9-393c-4236-8ee9-1c0d17aa90a2,PROVIDER,1000,DigitalTwinRegistryId@BPNL00000003AYRE,83673ffd-c48c-429a-b6c6-7e8dac70b874,f84bc62b-f711-4148-a1c3-1280285ae761,1791369037234,1791369040688,1791369040688,1,
124d9b60-f4fa-4311-b0d7-87c1d3a8edf9,PROVIDER,1000,itemstocksubmodel-api-asset@BPNL00000003AYRE,0ef26eaf-3d7c-479a-9a01-d5fa6d5cdd8e,33bd7a1a-580e-44b9-a7e3-3a19ed787250,1791369039322,1791369042976,1791369042976,1,
dfdce4ba-ad17-4938-8884-b8e10b65bee3,PROVIDER,1000,DigitalTwinRegistryId@BPNL00000003AYRE,83673ffd-c48c-429a-b6c6-7e8dac70b874,4d9639c8-f424-437f-ac0e-141eb806137a,1791369040628,1791369042985,1791369042985,1,
95d474d7-bff4-496b-91c9-a5a013f92556,PROVIDER,1000,itemstocksubmodel-api-asset@BPNL00000003AYRE,0ef26eaf-3d7c-479a-9a01-d5fa6d5cdd8e,d27c3e24-a6e4-4dd4-a858-e4c84f1bb0e5,1791369042124,1791369044488,1791369044488,1,
92233ec8-b61b-498d-84bb-dbae09cddd3c,PROVIDER,1000,DigitalTwinRegistryId@BPNL00000003AYRE,83673ffd-c48c-429a-b6c6-7e8dac70b874,71958153-8ec1-4955-871c-c7f7a77a29cf,1791369043454,1791369047254,1791369047254,1,
83182056-5c06-4a4f-9e01-0287abe4077b,PROVIDER,1000,DigitalTwinRegistryId@BPNL00000003AYRE,83673ffd-c48c-429a-b6c6-7e8dac70b874,ad9ef5b4-e355-416a-884b-2061b65a4338,1791369045834,1791369049095,1791369049095,1,
d7820cfe-02fa-49f0-953c-fec7205fc18c,PROVIDER,1000,itemstocksubmodel-api-asset@BPNL00000003AYRE,0ef26eaf-3d7c-479a-9a01-d5fa6d5cdd8e,9487d0cd-e6e0-4d1f-b194-8c0b30d3654f,1791369045846,1791369049148,1791369049148,1,
3d7cfe1a-96cd-490c-a108-ed154f6ea83a,PROVIDER,1000,itemstocksubmodel-api-asset@BPNL00000003AYRE,0ef26eaf-3d7c-479a-9a01-d5fa6d5cdd8e,56cae4dc-439e-4d12-979c-08fa16bd60c9,1791369048127,1791369050491,1791369050491,1,
db18b0c6-77e9-4895-b92d-60c1bfed6dea,PROVIDER,1000,DigitalTwinRegistryId@BPNL00000003AYRE,83673ffd-c48c-429a-b6c6-7e8dac70b874,45170111-2da4-4169-a865-0d0cfffb6c49,1791369049631,1791369051747,1791369051747,1,
8b431298-d7ca-4d29-8bcb-bc70e186feee,PROVIDER,1000,itemstocksubmodel-api-asset@BPNL00000003AYRE,0ef26eaf-3d7c-479a-9a01-d5fa6d5cdd8e,ad9aefe8-55e5-4a38-b79c-b2386f6ff458,1791369050942,1791369053364,1791369053364,1,
e83e3dc1-9272-4abe-b29a-1f95344b21a0,PROVIDER,1000,DigitalTwinRegistryId@BPNL00000003AYRE,83673ffd-c48c-429a-b6c6-7e8dac70b874,a3908e78-80ab-4155-8abb-0b1a9d994deb,1791369052138,1791369054905,1791369054905,1,
7aa7a2f8-b7f3-42a1-9359-d367ce96b2ac,PROVIDER,1000,itemstocksubmodel-api-asset@BPNL00000003AYRE,0ef26eaf-3d7c-479a-9a01-d5fa6d5cdd8e,38a8282d-2275-4624-8f4b-deb08491be9c,1791369054344,1791369056156,1791369056156,1,
d79786a7-31f2-4325-9080-86e5b3d552c3,PROVIDER,1000,DigitalTwinRegistryId@BPNL00000003AYRE,83673ffd-c48c-429a-b6c6-7e8dac70b874,287907d7-1c25-4a7a-87f3-56fb986a20ad,1791369055514,1791369058048,1791369058048,1,
4bbeafcc-ac37-4b14-8194-828cbdd0fc4f,PROVIDER,1000,itemstocksubmodel-api-asset@BPNL00000003AYRE,0ef26eaf-3d7c-479a-9a01-d5fa6d5cdd8e,1b5c5771-7819-4ca8-a7eb-49910fdf09c8,1791369056635,1791369059345,1791369059345,1,
9e04f2bf-6c59-49b1-b6a2-310fd6055acc,PROVIDER,1000,DigitalTwinRegistryId@BPNL00000003AYRE,83673ffd-c48c-429a-b6c6-7e8dac70b874,ed67bb7f-1094-4d89-b274-76b95e522491,1791369058786,1791369060697,1791369060697,1,
3ffed83b-a127-460e-b7d8-874623a8a238,PROVIDER,1000,itemstocksubmodel-api-asset@BPNL00000003AYRE,0ef26eaf-3d7c-479a-9a01-d5fa6d5cdd8e,de4ddee4-7641-437c-a71a-2e6e9e4fdef1,1791369059927,1791369061841,1791369061841,1,
7a444a6c-e4eb-4131-915b-5b4d897b269b,PROVIDER,1000,DigitalTwinRegistryId@BPNL00000003AYRE,83673ffd-c48c-429a-b6c6-7e8dac70b874,ddfc1422-31b2-47d6-a043-0078fb1f0331,1791369062270,1791369064379,1791369064379,1,
cde1cec7-9a04-4222-8148-0ac3f4f9eefc,PROVIDER,1000,itemstocksubmodel-api-asset@BPNL00000003AYRE,0ef26eaf-3d7c-479a-9a01-d5fa6d5cdd8e,d0254641-86b6-4a9e-8516-fd6633a0918e,1791369063418,1791369066112,1791369066112,1,
0e0bed86-e91c-433b-a9e7-87fad913a2f1,PROVIDER,1000,DigitalTwinRegistryId@BPNL00000003AYRE,83673ffd-c48c-429a-b6c6-7e8dac70b874,2e047cb6-a351-4626-9750-92eec7798613,1791369064598,1791369068065,1791369068065,1,
898cbb89-d64d-4ab3-a2d8-0845e75647a7,PROVIDER,1000,itemstocksubmodel-api-asset@BPNL00000003AYRE,0ef26eaf-3d7c-479a-9a01-d5fa6d5cdd8e,22d59a5e-a6f4-43fe-917a-45994ade903b,1791369066767,1791369069876,1791369069876,1,
9eacfe6e-031a-4088-aeb5-313b084f43d9,PROVIDER,1000,DigitalTwinRegistryId@BPNL00000003AYRE,83673ffd-c48c-429a-b6c6-7e8dac70b874,ccb0dec7-1f41-4acf-a0b3-7760309efebc,1791369067908,1791369069887,1791369069887,1,
aec34dda-9b38-4656-b2bb-862e96865d2a,PROVIDER,1000,itemstocksubmodel-api-asset@BPNL00000003AYRE,0ef26eaf-3d7c-479a-9a01-d5fa6d5cdd8e,839100dd-131c-4a2c-93bc-319a40cd27ff,1791369069109,1791369071023,1791369071023,1,
503d0700-ed43-4e02-9134-24fe76e8b1c1,PROVIDER,1000,DigitalTwinRegistryId@BPNL00000003AYRE,83673ffd-c48c-429a-b6c6-7e8dac70b874,98a5a234-49cd-4016-8b03-5292222aa55e,1791369071335,1791369074481,1791369074481,1,
f07df9ea-f2b1-40cd-bcb5-4ed095dc86fa,PROVIDER,1000,itemstocksubmodel-api-asset@BPNL00000003AYRE,0ef26eaf-3d7c-479a-9a01-d5fa6d5cdd8e,965e2412-0a94-44c3-9ae9-a8c5945b10c7,1791369073654,1791369076125,1791369076125,1,
783cd708-dd3e-4ddc-8671-ab42b09ea323,PROVIDER,1000,DigitalTwinRegistryId@BPNL00000003AYRE,83673ffd-c48c-429a-b6c6-7e8dac70b874,8fe51777-07bc-470c-8ef9-41cedaee020e,1791369074931,1791369077815,1791369077815,1,
18d871f5-45a2-4db3-86f5-790535c15bd0,PROVIDER,1000,itemstocksubmodel-api-asset@BPNL00000003AYRE,0ef26eaf-3d7c-479a-9a01-d5fa6d5cdd8e,57122a6d-00d3-44dc-a9b5-0fbced6b30fb,1791369076212,1791369079729,1791369079729,1,
aabf30d4-c582-4656-90ab-c6ef2bfa4f2a,PROVIDER,1000,DigitalTwinRegistryId@BPNL00000003AYRE,83673ffd-c48c-429a-b6c6-7e8dac70b874,3d7053f6-b746-4b2d-8ad0-b811d7b0afee,1791369077438,1791369079743,1791369079743,1,
9fc55588-f431-4d0e-9c91-e49f38ccd6a0,PROVIDER,1000,itemstocksubmodel-api-asset@BPNL00000003AYRE,0ef26eaf-3d7c-479a-9a01-d5fa6d5cdd8e,f2ac9855-8493-4e02-bc5d-2106fbfd8534,1791369078545,1791369079882,1791369079882,1,
d90c93fe-5380-46dc-8a47-2306cd2d56d5,PROVIDER,1000,DigitalTwinRegistryId@BPNL00000003AYRE,83673ffd-c48c-429a-b6c6-7e8dac70b874,c26fefc3-7c7f-405d-aaa5-526023b5be38,1791369080834,1791369082479,1791369082479,1,
74a2f95f-0693-44de-be50-39add76332b6,PROVIDER,1000,itemstocksubmodel-api-asset@BPNL00000003AYRE,0ef26eaf-3d7c-479a-9a01-d5fa6d5cdd8e,4d542403-8737-4cc3-aac2-b49450d2bb1a,1791369082025,1791369084070,1791369084070,1,
c5ad5d30-834f-4542-b831-e0c15599e646,PROVIDER,1000,DigitalTwinRegistryId@BPNL00000003AYRE,83673ffd-c48c-429a-b6c6-7e8dac70b874,82a9ec2f-5891-4faf-82fb-078a2a10e6ab,1791369083318,1791369085605,1791369085605,1,
3c8ad12e-131d-4da2-b540-1e29f9a5bf5e,PROVIDER,1000,itemstocksubmodel-api-asset@BPNL00000003AYRE,0ef26eaf-3d7c-479a-9a01-d5fa6d5cdd8e,685c3339-486b-4b41-a21a-4cb135c84e7a,1791369084434,1791369087734,1791369087734,1,
0662827b-6aa7-4fbd-8a02-c9ce9739961e,PROVIDER,1000,DigitalTwinRegistryId@BPNL00000003AYRE,83673ffd-c48c-429a-b6c6-7e8dac70b874,a7fe3c4f-fe28-4f98-b757-6969031ecdc0,1791369086625,1791369088042,1791369088042,1,
540ce732-499a-40b9-87b7-85fbb2ea043b,PROVIDER,1000,itemstocksubmodel-api-asset@BPNL00000003AYRE,0ef26eaf-3d7c-479a-9a01-d5fa6d5cdd8e,f201572f-48d3-4b33-933e-37641b08afbc,1791369087812,1791369089442,1791369089442,1,
f3f906fa-ba0a-4353-ba37-fec59d821aed,PROVIDER,1000,DigitalTwinRegistryId@BPNL00000003AYRE,83673ffd-c48c-429a-b6c6-7e8dac70b874,fb3a8037-10a2-4ca6-aba0-d4339598ade1,1791369089991,1791369092180,1791369092180,1,
c0de12f1-82a7-42dd-bb03-d5ab900158c2,PROVIDER,1000,itemstocksubmodel-api-asset@BPNL00000003AYRE,0ef26eaf-3d7c-479a-9a01-d5fa6d5cdd8e,9a5ec10e-6b89-4877-99e5-0a794c5c22ad,1791369091133,1791369093296,1791369093296,1,
4567ddc5-72d6-49d6-9057-12d89709ffb5,PROVIDER,1000,DigitalTwinRegistryId@BPNL00000003AYRE,83673ffd-c48c-429a-b6c6-7e8dac70b874,34c6be5d-2f59-435f-b609-36fb50c3ccdf,1791369093429,1791369097150,1791369097150,1,
f71cdb7d-e07b-4b2f-a131-2470132e4007,PROVIDER,1000,itemstocksubmodel-api-asset@BPNL00000003AYRE,0ef26eaf-3d7c-479a-9a01-d5fa6d5cdd8e,c7976238-033e-49da-8f74-b3623ac224e1,1791369095556,1791369098633,1791369098633,1,
f70feeeb-02ff-4714-a5f6-596d798373a8,PROVIDER,1000,DigitalTwinRegistryId@BPNL00000003AYRE,83673ffd-c48c-429a-b6c6-7e8dac70b874,f00576c3-eefe-4726-be42-01308c92a2ac,1791369095946,1791369098642,1791369098642,1,
eb83111a-25fa-4682-b30b-a5f58a328162,PROVIDER,1000,itemstocksubmodel-api-asset@BPNL00000003AYRE,0ef26eaf-3d7c-479a-9a01-d5fa6d5cdd8e,0195e242-c081-4234-a8a8-62ecd1711541,1791369097964,1791369099768,1791369099768,1,
4b7ec5e9-7585-45e6-8509-a8a1f9d047d7,PROVIDER,1000,DigitalTwinRegistryId@BPNL00000003AYRE,83673ffd-c48c-429a-b6c6-7e8dac70b874,48c83f91-d8be-486c-91de-64f48e027478,1791479225136,1791479237514,1791479237514,1,
e3ef5254-658a-4ac8-8849-51c3a7aab65f,PROVIDER,1000,itemstocksubmodel-api-asset@BPNL00000003AYRE,0ef26eaf-3d7c-479a-9a01-d5fa6d5cdd8e,96707f94-0a50-4c51-a0cb-e8be129f9854,1791479234836,1791479239686,1791479239686,1,
8d46a8b2-4988-47a1-85e3-fc6595246d44,PROVIDER,1000,DigitalTwinRegistryId@BPNL00000003AYRE,83673ffd-c48c-429a-b6c6-7e8dac70b874,e2efb014-1d87-4caf-9447-3d01318c4c2e,1791479240346,1791479243961,1791479243961,1,
4d0ce91a-0927-42df-b113-b97e0bb4f8fb,PROVIDER,1000,itemstocksubmodel-api-asset@BPNL00000003AYRE,0ef26eaf-3d7c-479a-9a01-d5fa6d5cdd8e,2c1088e6-6d90-49ef-a9c2-d922a44b02ef,1791479242796,1791479245345,1791479245345,1,
dcc2cf2d-d786-41e6-8367-dea7318af1b3,PROVIDER,1000,DigitalTwinRegistryId@BPNL00000003AYRE,83673ffd-c48c-429a-b6c6-7e8dac70b874,7fa36a62-0f0c-4652-9354-dbfb59314b4c,1791479247235,1791479251628,1791479251628,1,
ff8669e4-a95a-4e88-9833-b7e09061b43e,PROVIDER,1000,itemstocksubmodel-api-asset@BPNL00000003AYRE,0ef26eaf-3d7c-479a-9a01-d5fa6d5cdd8e,7d90a815-8da6-4809-84fb-1f401a109c13,1791479249649,1791479252867,1791479252867,1,
87d39241-2717-458e-a5da-826e7997d684,PROVIDER,1000,DigitalTwinRegistryId@BPNL00000003AYRE,83673ffd-c48c-429a-b6c6-7e8dac70b874,31c49e78-26c2-474b-bf14-9711fa9cc078,1791479263336,1791479266333,1791479266333,1,
88646794-bed9-4091-85fc-ac04e16605e3,PROVIDER,1000,itemstocksubmodel-api-asset@BPNL00000003AYRE,0ef26eaf-3d7c-479a-9a01-d5fa6d5cdd8e,d37bf3eb-3e32-42a3-913e-01ecbaf5073a,1791479265447,1791479268560,1791479268560,1,
e5dd1bd4-3be4-4a99-990f-5bf903d9e88d,PROVIDER,1000,DigitalTwinRegistryId@BPNL00000003AYRE,83673ffd-c48c-429a-b6c6-7e8dac70b874,c7466295-c8ad-4b64-9055-11b5e7acffd6,1791479272946,1791479276640,1791479276640,1,
60aea85f-279d-4838-a2f7-b2d7b77ae24b,PROVIDER,1000,itemstocksubmodel-api-asset@BPNL00000003AYRE,0ef26eaf-3d7c-479a-9a01-d5fa6d5cdd8e,60f4ba2b-81e3-477a-83e8-cc5cea23fac6,1791479275151,1791479277789,1791479277789,1,
9bf91f98-507e-4523-bd20-de1519f75385,PROVIDER,1000,DigitalTwinRegistryId@BPNL00000003AYRE,83673ffd-c48c-429a-b6c6-7e8dac70b874,a35157ba-ce14-4414-97f3-276a9e612de4,1791479283746,1791479286245,1791479286245,1,
2f64f672-b976-477b-a82f-28ace6cb95d9,PROVIDER,1000,itemstocksubmodel-api-asset@BPNL00000003AYRE,0ef26eaf-3d7c-479a-9a01-d5fa6d5cdd8e,8c0d5401-f367-4cd2-a04f-ca373a470f6c,1791479285049,1791479286536,1791479286536,1,
2ed7d0da-4eee-4dd1-b6ef-799971999c6c,PROVIDER,1000,DigitalTwinRegistryId@BPNL00000003AYRE,83673ffd-c48c-429a-b6c6-7e8dac70b874,e4599be9-8369-46a4-9a32-b22c456445a3,1791479293404,1791479295470,1791479295470,1,
cddf41be-5063-4a48-aae8-bed8fbd7aa97,PROVIDER,1000,itemstocksubmodel-api-asset@BPNL00000003AYRE,0ef26eaf-3d7c-479a-9a01-d5fa6d5cdd8e,343eae1f-b1c4-4585-b611-a9020a3de37d,1791479294525,1791479296749,1791479296749,1,
fe36cd74-97aa-4524-ac4f-7a48eb2dafe4,PROVIDER,1000,DigitalTwinRegistryId@BPNL00000003AYRE,83673ffd-c48c-429a-b6c6-7e8dac70b874,b5b721ba-0dc5-40af-9b4b-880a93870091,1791479302887,1791479305934,1791479305934,1,
a6eb5f61-aa9e-409f-9117-d9a0afe5240d,PROVIDER,1000,itemstocksubmodel-api-asset@BPNL00000003AYRE,0ef26eaf-3d7c-479a-9a01-d5fa6d5cdd8e,a52d8292-05be-45d6-9640-132e6d695fe0,1791479304995,1791479307152,1791479307152,1,
e3e78b24-503e-42c5-9960-5018677feb5f,PROVIDER,1000,DigitalTwinRegistryId@BPNL00000003AYRE,83673ffd-c48c-429a-b6c6-7e8dac70b874,22bd4191-49a3-4dea-bd13-b49b0637f5dd,1791479313379,1791479316453,1791479316453,1,
b9c42ab1-4ef3-4ec3-8dee-d72943836350,PROVIDER,1000,itemstocksubmodel-api-asset@BPNL00000003AYRE,0ef26eaf-3d7c-479a-9a01-d5fa6d5cdd8e,d8c491c9-1cfd-4ac8-bb91-c44c434c840b,1791479315500,1791479318640,1791479318640,1,
145fef79-2b9a-49ca-a879-02a346b17115,PROVIDER,1000,DigitalTwinRegistryId@BPNL00000003AYRE,83673ffd-c48c-429a-b6c6-7e8dac70b874,9e586f19-3fb8-4fde-8bc7-eb92b25f12f3,1791479322897,1791479326253,1791479326253,1,
250e9bd6-d23c-4ee7-84b6-f02303ff62b0,PROVIDER,1000,itemstocksubmodel-api-asset@BPNL00000003AYRE,0ef26eaf-3d7c-479a-9a01-d5fa6d5cdd8e,1f5018d7-fc34-4f5a-9f2f-5662c2995213,1791479324996,1791479327800,1791479327800,1,
467c6eb8-4df3-4c34-9e55-892f9599549e,PROVIDER,1000,DigitalTwinRegistryId@BPNL00000003AYRE,83673ffd-c48c-429a-b6c6-7e8dac70b874,c85bda37-c84e-49c7-8f88-cef7ddeba9ff,1791479333229,1791479336842,1791479336842,1,
30acb4d1-d6d7-4402-b880-a13da1700562,PROVIDER,1000,itemstocksubmodel-api-asset@BPNL00000003AYRE,0ef26eaf-3d7c-479a-9a01-d5fa6d5cdd8e,6cb90836-3aac-4840-9ec3-acf386f213f0,1791479335650,1791479337947,1791479337947,1,
e2aea41a-bd31-48b9-9c29-26e891fe23fe,PROVIDER,1000,DigitalTwinRegistryId@BPNL00000003AYRE,83673ffd-c48c-429a-b6c6-7e8dac70b874,7ff01a94-d9e0-446c-8974-4b51a1392a31,1791479342965,1791479344630,1791479344630,1,
f3927cd3-f45c-4d5f-9e65-a00dda0be18a,PROVIDER,1000,itemstocksubmodel-api-asset@BPNL00000003AYRE,0ef26eaf-3d7c-479a-9a01-d5fa6d5cdd8e,c54c22e8-5fd0-4b06-b9ea-c0d52b8c673f,1791479344065,1791479345980,1791479345980,1,
7dc27f89-ac79-4399-b7bd-fc7a0452c51b,PROVIDER,1000,DigitalTwinRegistryId@BPNL00000003AYRE,83673ffd-c48c-429a-b6c6-7e8dac70b874,956b1112-e7f2-47e7-b8c0-867897e88ca4,1791479353384,1791479356560,1791479356560,1,
3b135094-589d-4e9d-8a43-c0fbbdf93e96,PROVIDER,1000,itemstocksubmodel-api-asset@BPNL00000003AYRE,0ef26eaf-3d7c-479a-9a01-d5fa6d5cdd8e,f008caa5-5ae6-4735-9bfc-5545a775b95b,1791479355553,1791479358707,1791479358707,1,
2bdbe3a8-1b96-4a82-9ba9-432869ee1d32,PROVIDER,1000,DigitalTwinRegistryId@BPNL00000003AYRE,83673ffd-c48c-429a-b6c6-7e8dac70b874,e8e48733-8da3-471f-b181-e9a1d270c94b,1791479362948,1791479365561,1791479365561,1,
2af9d1d7-88e3-4372-82a1-7b89ea1f88e5,PROVIDER,1000,itemstocksubmodel-api-asset@BPNL00000003AYRE,0ef26eaf-3d7c-479a-9a01-d5fa6d5cdd8e,2868eadb-1f38-4d54-9a77-2f37cb3afc6e,1791479365034,1791479366801,1791479366801,1,
c021d506-2201-46b0-8d03-bc0d25a97509,PROVIDER,1000,DigitalTwinRegistryId@BPNL00000003AYRE,83673ffd-c48c-429a-b6c6-7e8dac70b874,57143e87-2445-4019-a310-49364c27424c,1791479373439,1791479375943,1791479375943,1,
922b41f5-ba50-44ac-84f9-ceb4086733a8,PROVIDER,1000,itemstocksubmodel-api-asset@BPNL00000003AYRE,0ef26eaf-3d7c-479a-9a01-d5fa6d5cdd8e,dc21b15d-2a5e-4fff-a720-f9c0365788f3,1791479374605,1791479377646,1791479377646,1,
a0314161-238c-4bd5-942e-bbaa0c26ee65,PROVIDER,1000,DigitalTwinRegistryId@BPNL00000003AYRE,83673ffd-c48c-429a-b6c6-7e8dac70b874,70425587-197b-4a15-9999-a5168ab5ebc7,1791479382979,1791479385434,1791479385434,1,
8cb8720a-beec-46e0-a819-797d100c6f3c,PROVIDER,1000,itemstocksubmodel-api-asset@BPNL00000003AYRE,0ef26eaf-3d7c-479a-9a01-d5fa6d5cdd8e,f2703a4a-a661-490b-8f1f-ff77df3236f5,1791479385075,1791479386581,1791479386581,1,
cf0efe08-1f3f-4ba7-b3ec-4db735642fa5,PROVIDER,1000,DigitalTwinRegistryId@BPNL00000003AYRE,83673ffd-c48c-429a-b6c6-7e8dac70b874,960b9ca2-f6f6-4374-93cf-b9fc9e047ec5,1791479393322,1791479395438,1791479395438,1,
98834433-9e60-406e-9bd8-5b56eb63245d,PROVIDER,1000,itemstocksubmodel-api-asset@BPNL00000003AYRE,0ef26eaf-3d7c-479a-9a01-d5fa6d5cdd8e,407d479c-e201-4e2d-9295-6d85032b8c73,1791479394498,1791479397655,1791479397655,1,
ecfb6806-357b-4691-84d6-7f574f9529c8,PROVIDER,1000,DigitalTwinRegistryId@BPNL00000003AYRE,83673ffd-c48c-429a-b6c6-7e8dac70b874,b7ecf138-a19d-4c42-a8bc-17056b4bcc69,1791479402858,1791479405710,1791479405710,1,
862be928-9463-4693-b11a-8a72a7b2d441,PROVIDER,1000,itemstocksubmodel-api-asset@BPNL00000003AYRE,0ef26eaf-3d7c-479a-9a01-d5fa6d5cdd8e,9f39586d-1f91-4dbc-b559-6abd4aca72fe,1791479404987,1791479408061,1791479408061,1,
bae738d8-4ec8-41e6-9688-81f4403634a3,PROVIDER,1000,DigitalTwinRegistryId@BPNL00000003AYRE,83673ffd-c48c-429a-b6c6-7e8dac70b874,cc803e8c-2483-48e2-a58c-772a7f9e782a,1791479413230,1791479416647,1791479416647,1,
80ff0e8a-176d-4948-98ee-efba8c4363ae,PROVIDER,1000,itemstocksubmodel-api-asset@BPNL00000003AYRE,0ef26eaf-3d7c-479a-9a01-d5fa6d5cdd8e,1d438eb4-b7ce-4490-8430-f48774e6b8bb,1791479415404,1791479417760,1791479417760,1,
520ad883-f984-4fef-aa35-2b51657599a1,PROVIDER,1000,DigitalTwinRegistryId@BPNL00000003AYRE,83673ffd-c48c-429a-b6c6-7e8dac70b874,36cdc9f8-2544-4259-9021-494c494a08c5,1791479422807,1791479424374,1791479424374,1,
9da8abbd-18b2-4522-983e-bc70061b9be7,PROVIDER,1000,itemstocksubmodel-api-asset@BPNL00000003AYRE,0ef26eaf-3d7c-479a-9a01-d5fa6d5cdd8e,5d6dcf5e-e832-453f-96ab-bad62eff8686,1791479423958,1791479425501,1791479425501,1,
3b60108d-b1b4-4533-a6d8-f272604affe9,PROVIDER,1000,DigitalTwinRegistryId@BPNL00000003AYRE,83673ffd-c48c-429a-b6c6-7e8dac70b874,6d914b86-0e8c-41c3-a708-0fc2bc0b7578,1791479433182,1791479435165,1791479435165,1,
9f873d2d-ad2f-4b61-a285-c81ba862b105,PROVIDER,1000,itemstocksubmodel-api-asset@BPNL00000003AYRE,0ef26eaf-3d7c-479a-9a01-d5fa6d5cdd8e,03175b99-52d6-4a03-9908-c3d265d865f2,1791479434443,1791479436325,1791479436325,1,
aa9debf0-cdf6-4b88-bc0a-4a6addc36c69,PROVIDER,1000,DigitalTwinRegistryId@BPNL00000003AYRE,83673ffd-c48c-429a-b6c6-7e8dac70b874,77119273-38a9-4c20-a5be-c16b8b72dff3,1791479442946,1791479445227,1791479445227,1,
5c370765-12c1-424d-a2d8-40a152baa3fe,PROVIDER,1000,itemstocksubmodel-api-asset@BPNL00000003AYRE,0ef26eaf-3d7c-479a-9a01-d5fa6d5cdd8e,a5c6f827-f9e4-441b-8731-6c69cea1f84c,1791479444134,1791479446314,1791479446314,1,
3836894c-1551-44ea-ab4c-93acb6eb2dd2,PROVIDER,1000,DigitalTwinRegistryId@BPNL00000003AYRE,83673ffd-c48c-429a-b6c6-7e8dac70b874,8b1fa6c7-7f16-4370-a2cd-065e1924e4b3,1791479453342,1791479455260,1791479455260,1,
c8f87b10-effa-4999-9956-dd1c9b6e8d5c,PROVIDER,1000,itemstocksubmodel-api-asset@BPNL00000003AYRE,0ef26eaf-3d7c-479a-9a01-d5fa6d5cdd8e,caeacd4b-c8f5-462f-a654-49d93d2e86b6,1791479454458,1791479456426,1791479456426,1,
094cb39d-f7bc-4436-bafa-f8b98e4487b0,PROVIDER,1000,DigitalTwinRegistryId@BPNL00000003AYRE,83673ffd-c48c-429a-b6c6-7e8dac70b874,5c911fac-037b-4d9d-a2f1-c6dccb8208e9,1791479462847,1791479466332,1791479466332,1,
dc94df25-8c4a-4d3a-afdb-d099681938e2,PROVIDER,1000,itemstocksubmodel-api-asset@BPNL00000003AYRE,0ef26eaf-3d7c-479a-9a01-d5fa6d5cdd8e,063fd51c-6b28-40ea-aed1-e8726aee1a37,1791479465021,1791479467794,1791479467794,1,
9f1ca2cc-0daa-4130-a066-5be63e5eb174,PROVIDER,1000,DigitalTwinRegistryId@BPNL00000003AYRE,83673ffd-c48c-429a-b6c6-7e8dac70b874,12367bea-ba93-44cf-8e69-d9eb6ccb6b26,1791479473298,1791479476397,1791479476397,1,
759d8bad-115e-4767-8b22-c2a86046280a,PROVIDER,1000,itemstocksubmodel-api-asset@BPNL00000003AYRE,0ef26eaf-3d7c-479a-9a01-d5fa6d5cdd8e,688383b1-752b-4717-85e5-e5a259c003ce,1791479475433,1791479478541,1791479478541,1,
25b656c4-f6d8-41ec-93dd-65e83df27a70,PROVIDER,1000,DigitalTwinRegistryId@BPNL00000003AYRE,83673ffd-c48c-429a-b6c6-7e8dac70b874,6d81fe0b-cc5a-4106-8208-6e7f18e4c380,1791479482840,1791479486151,1791479486151,1,
4aa6f4ab-2a18-4fda-8cbb-5395e602e9ef,PROVIDER,1000,itemstocksubmodel-api-asset@BPNL00000003AYRE,0ef26eaf-3d7c-479a-9a01-d5fa6d5cdd8e,ccea398f-e9f4-4c78-96c8-1f0fe8d90886,1791479485012,1791479487612,1791479487612,1,
c0e74988-ca5d-45fe-b79a-02427bb9c621,PROVIDER,1000,DigitalTwinRegistryId@BPNL00000003AYRE,83673ffd-c48c-429a-b6c6-7e8dac70b874,000a0942-783b-4678-ae78-b437f5108196,1791479493314,1791479495458,1791479495458,1,
1173666e-08b8-4f89-b00a-e8d34338fdeb,PROVIDER,1000,itemstocksubmodel-api-asset@BPNL00000003AYRE,0ef26eaf-3d7c-479a-9a01-d5fa6d5cdd8e,8ffaf27a-2c30-477d-aa3e-a031a1f2cbb8,1791479494456,1791479497658,1791479497658,1,
b972d31b-87e0-4c76-825e-b3e34d9121ba,PROVIDER,1000,DigitalTwinRegistryId@BPNL00000003AYRE,83673ffd-c48c-429a-b6c6-7e8dac70b874,5e4b0331-543f-4951-898a-64c65dbb9d36,1791479502850,1791479506212,1791479506212,1,
93cbda0d-a1ab-4849-aa59-a58cd16c9ad8,PROVIDER,1000,itemstocksubmodel-api-asset@BPNL00000003AYRE,0ef26eaf-3d7c-479a-9a01-d5fa6d5cdd8e,c776af08-c5dd-4f53-8ade-c20d9db29d47,1791479504979,1791479507489,1791479507489,1,
34c2544b-8429-4820-b5ea-17dcda861809,PROVIDER,1000,DigitalTwinRegistryId@BPNL00000003AYRE,83673ffd-c48c-429a-b6c6-7e8dac70b874,41112665-02b1-4f62-9819-d35a3f7b5bc6,1791479513228,1791479515423,1791479515423,1,
23d1b5d4-cb8a-425c-9ff2-a5172ff3875c,PROVIDER,1000,itemstocksubmodel-api-asset@BPNL00000003AYRE,0ef26eaf-3d7c-479a-9a01-d5fa6d5cdd8e,f7a40b4e-165c-4781-bb30-ea6d83b9df85,1791479514339,1791479515733,1791479515733,1,
0af48401-98b8-447e-8289-50fef092317b,PROVIDER,1000,DigitalTwinRegistryId@BPNL00000003AYRE,83673ffd-c48c-429a-b6c6-7e8dac70b874,742d9f26-4a12-493c-81ab-0e6d23620b34,1791479523841,1791479525935,1791479525935,1,
f723f94d-502c-4333-ab66-b880ce755258,PROVIDER,1000,itemstocksubmodel-api-asset@BPNL00000003AYRE,0ef26eaf-3d7c-479a-9a01-d5fa6d5cdd8e,f041c652-054d-44d1-8a18-1b4c738e9272,1791479524880,1791479528793,1791479528793,1,
ad549284-32d0-4c64-9a2e-03fd6b8c7d75,PROVIDER,1000,DigitalTwinRegistryId@BPNL00000003AYRE,83673ffd-c48c-429a-b6c6-7e8dac70b874,068b2229-c315-428c-881f-f0b1844b8c77,1791479533132,1791479536576,1791479536576,1,
7544a4df-388f-455a-81ff-95982ba24f38,PROVIDER,1000,itemstocksubmodel-api-asset@BPNL00000003AYRE,0ef26eaf-3d7c-479a-9a01-d5fa6d5cdd8e,73528881-1de9-4a41-9d75-bd04dd344faa,1791479535346,1791479537774,1791479537774,1,
58b60936-44ba-41c0-b26e-a2692861a126,PROVIDER,1000,DigitalTwinRegistryId@BPNL00000003AYRE,83673ffd-c48c-429a-b6c6-7e8dac70b874,49beb159-74fa-4451-bcb0-ace25be6b3b2,1791479542821,1791479544454,1791479544454,1,
46849aaf-bdad-4d3d-afee-d53ef3efbf22,PROVIDER,1000,itemstocksubmodel-api-asset@BPNL00000003AYRE,0ef26eaf-3d7c-479a-9a01-d5fa6d5cdd8e,57d90452-bac6-47e5-ba51-dde3889539b1,1791479543955,1791479545834,1791479545834,1,
6c2b5511-ec09-479d-94a6-b05e423258ed,PROVIDER,1000,DigitalTwinRegistryId@BPNL00000003AYRE,83673ffd-c48c-429a-b6c6-7e8dac70b874,a3481cba-8db7-4330-ae96-9d4fc911294c,1791479553254,1791479554890,1791479554890,1,
86657333-26ee-4e60-8358-a3effe224623,PROVIDER,1000,itemstocksubmodel-api-asset@BPNL00000003AYRE,0ef26eaf-3d7c-479a-9a01-d5fa6d5cdd8e,e4f7ab27-6bf0-4543-af05-10da4c10026d,1791479554377,1791479556048,1791479556048,1,
2a10a75c-74d1-450d-b530-7f4c76b7ab47,PROVIDER,1000,DigitalTwinRegistryId@BPNL00000003AYRE,83673ffd-c48c-429a-b6c6-7e8dac70b874,ce108047-4b6b-4a82-bb1c-243beeddc91f,1791479562833,1791479564828,1791479564828,1,
0bfcda28-e9cf-4628-af4d-f7f49039124f,PROVIDER,1000,itemstocksubmodel-api-asset@BPNL00000003AYRE,0ef26eaf-3d7c-479a-9a01-d5fa6d5cdd8e,b69506c3-24e8-486c-9ba7-e50369207f4a,1791479563928,1791479566989,1791479566989,1,
e5d216b1-5325-4d99-aebf-d792624e4e99,PROVIDER,1000,DigitalTwinRegistryId@BPNL00000003AYRE,83673ffd-c48c-429a-b6c6-7e8dac70b874,838bb5cf-3a5b-48de-802d-4f06a775dd9a,1791479573248,1791479576595,1791479576595,1,
71053c53-9b44-4519-9ff3-54eaa2d64d37,PROVIDER,1000,itemstocksubmodel-api-asset@BPNL00000003AYRE,0ef26eaf-3d7c-479a-9a01-d5fa6d5cdd8e,624825a1-38dc-4040-b0b0-c99f0b61ad6f,1791479575429,1791479577726,1791479577726,1,
6482d375-a7d5-4e34-9b75-ed34fb9edbbf,PROVIDER,1000,DigitalTwinRegistryId@BPNL00000003AYRE,83673ffd-c48c-429a-b6c6-7e8dac70b874,072cab8e-77d9-438c-b560-60dcf15cdce4,1791479582808,1791479585543,1791479585543,1,
6a0f56ae-47b0-417c-bf1c-5850ba2f4d59,PROVIDER,1000,itemstocksubmodel-api-asset@BPNL00000003AYRE,0ef26eaf-3d7c-479a-9a01-d5fa6d5cdd8e,fd0fbfe6-bcb4-40b2-b695-03ad2445c359,1791479584909,1791479586740,1791479586740,1,
cba3fdd8-edb0-466c-b03f-27b19ec9b3a1,PROVIDER,1000,DigitalTwinRegistryId@BPNL00000003AYRE,83673ffd-c48c-429a-b6c6-7e8dac70b874,82e615d2-0549-4c76-934b-4d5a6a3ff58c,1791479593116,1791479596418,1791479596418,1,
c6c38bbe-2293-454c-932a-90146496b3cf,PROVIDER,1000,itemstocksubmodel-api-asset@BPNL00000003AYRE,0ef26eaf-3d7c-479a-9a01-d5fa6d5cdd8e,e2c29b32-a68c-458d-b138-aca7dca4dbdd,1791479595213,1791479598172,1791479598172,1,
8d90dce6-5970-41ec-8f6e-3a8464dddc4f,PROVIDER,1000,DigitalTwinRegistryId@BPNL00000003AYRE,83673ffd-c48c-429a-b6c6-7e8dac70b874,bf8abdfa-b84f-46ec-9306-e363048fe68f,1791479603538,1791479606790,1791479606790,1,
5fe22b95-d11b-4d59-b033-1600e6e028e9,PROVIDER,1000,itemstocksubmodel-api-asset@BPNL00000003AYRE,0ef26eaf-3d7c-479a-9a01-d5fa6d5cdd8e,053aeecb-51e6-48ef-93bf-91feeabc95e6,1791479605734,1791479607928,1791479607928,1,
1df25100-7236-4d9d-ae9e-39411130b8aa,PROVIDER,1000,DigitalTwinRegistryId@BPNL00000003AYRE,83673ffd-c48c-429a-b6c6-7e8dac70b874,c23eb811-c1bf-4823-8fe6-4833eaacd392,1791479612970,1791479614566,1791479614566,1,
caffc6ee-7c71-4590-a424-128087fe3712,PROVIDER,1000,itemstocksubmodel-api-asset@BPNL00000003AYRE,0ef26eaf-3d7c-479a-9a01-d5fa6d5cdd8e,c9ae78e2-9661-40a0-b9d5-6554e61eaa8f,1791479614142,1791479616056,1791479616056,1,
8408d50a-5620-47d6-86dd-82266f1664a4,PROVIDER,1000,DigitalTwinRegistryId@BPNL00000003AYRE,83673ffd-c48c-429a-b6c6-7e8dac70b874,5229d440-5126-4a79-aaab-43afd3df7be8,1791479623362,1791479627042,1791479627042,1,
fc0d359a-7430-43fd-9fe0-140c00411260,PROVIDER,1000,itemstocksubmodel-api-asset@BPNL00000003AYRE,0ef26eaf-3d7c-479a-9a01-d5fa6d5cdd8e,35782057-6a65-4645-9d3a-06aa487a69e7,1791479625533,1791479628152,1791479628152,1,
e603bc83-0434-4d27-a56e-4c9081fbc624,PROVIDER,1000,DigitalTwinRegistryId@BPNL00000003AYRE,83673ffd-c48c-429a-b6c6-7e8dac70b874,0b5fb809-3c25-4d75-af90-0e51d594b6e9,1791479632883,1791479634834,1791479634834,1,
aa09a3a3-7877-47ed-a495-e5aeed28684e,PROVIDER,1000,itemstocksubmodel-api-asset@BPNL00000003AYRE,0ef26eaf-3d7c-479a-9a01-d5fa6d5cdd8e,fbbe8d96-aff6-431d-9489-827801fce15f,1791479633966,1791479636265,1791479636265,1,
3b091465-79fb-4040-b030-23139ce9990d,PROVIDER,1000,DigitalTwinRegistryId@BPNL00000003AYRE,83673ffd-c48c-429a-b6c6-7e8dac70b874,8abbbcef-5374-46ae-91ec-1839f2f74834,1791479643307,1791479644903,1791479644903,1,
7014120a-8ee7-4b32-b591-6b200eab49c9,PROVIDER,1000,itemstocksubmodel-api-asset@BPNL00000003AYRE,0ef26eaf-3d7c-479a-9a01-d5fa6d5cdd8e,1090e418-de70-4835-acd8-8e43ba5241be,1791479644408,1791479646109,1791479646109,1,
4310814c-cb64-4e0c-bd79-6fac4d920c03,PROVIDER,1000,DigitalTwinRegistryId@BPNL00000003AYRE,83673ffd-c48c-429a-b6c6-7e8dac70b874,58f74560-d91c-4237-b134-2924b5754a15,1791479652823,1791479654651,1791479654651,1,
cf4e6fd1-dfc1-4be6-a98c-299a8d0d4b6d,PROVIDER,1000,itemstocksubmodel-api-asset@BPNL00000003AYRE,0ef26eaf-3d7c-479a-9a01-d5fa6d5cdd8e,19935ba4-d3bc-4404-9f3f-de957eb241c4,1791479653937,1791479656045,1791479656045,1,
2126bd8f-2782-4f52-8f3f-016c7c8577fa,PROVIDER,1000,DigitalTwinRegistryId@BPNL00000003AYRE,83673ffd-c48c-429a-b6c6-7e8dac70b874,5e110455-d1de-4b82-9041-5866b333ace6,1791479663267,1791479666764,1791479666764,1,
f4692f9e-9012-4734-bff8-f34ed0bec55b,PROVIDER,1000,itemstocksubmodel-api-asset@BPNL00000003AYRE,0ef26eaf-3d7c-479a-9a01-d5fa6d5cdd8e,421eff31-6fb2-4489-bc90-fe5426ece053,1791479665393,1791479667928,1791479667928,1,
1207888d-f44f-49eb-885b-928402b1bdff,PROVIDER,1000,DigitalTwinRegistryId@BPNL00000003AYRE,83673ffd-c48c-429a-b6c6-7e8dac70b874,f7a0e38f-446f-4246-9284-72daf848ab0c,1791479672856,1791479674521,1791479674521,1,
23b35209-8359-4479-8240-00589eb5a6cb,PROVIDER,1000,itemstocksubmodel-api-asset@BPNL00000003AYRE,0ef26eaf-3d7c-479a-9a01-d5fa6d5cdd8e,1c2609fd-add8-4a1a-bbd6-6862c0dbc820,1791479673963,1791479675834,1791479675834,1,
a836e960-6ca5-43b4-8d44-b8cb975f0c6f,PROVIDER,1000,DigitalTwinRegistryId@BPNL00000003AYRE,83673ffd-c48c-429a-b6c6-7e8dac70b874,e5a1fc02-30ed-441e-bd78-3079791f1e7a,1791479683250,1791479686034,1791479686034,1,
e0e115f2-aa19-4680-81b3-88c6806de761,PROVIDER,1000,itemstocksubmodel-api-asset@BPNL00000003AYRE,0ef26eaf-3d7c-479a-9a01-d5fa6d5cdd8e,aa7c3b15-2fb3-4b2e-b6ff-9cb70139c53f,1791479685426,1791479687241,1791479687241,1,
f9d49d32-3bb2-4899-83a0-297dd1071999,PROVIDER,1000,DigitalTwinRegistryId@BPNL00000003AYRE,83673ffd-c48c-429a-b6c6-7e8dac70b874,9f015d4c-8c3c-4a39-9c97-fdf384d76a46,1791479692804,1791479696344,1791479696344,1,
10aff653-dac8-47d2-8073-fdd0157ed267,PROVIDER,1000,itemstocksubmodel-api-asset@BPNL00000003AYRE,0ef26eaf-3d7c-479a-9a01-d5fa6d5cdd8e,e8e2aea2-a3f4-4615-9a45-0c2af1741765,1791479694945,1791479697580,1791479697580,1,
b2d0f283-68e7-498a-ac07-59d7828aad7b,PROVIDER,1000,DigitalTwinRegistryId@BPNL00000003AYRE,83673ffd-c48c-429a-b6c6-7e8dac70b874,08dbe5a6-f0ca-4bd7-8696-111a21a0a425,1791479703192,1791479705179,1791479705179,1,
0d1ca9c6-7d09-4a14-a2a1-9e7be7a374bb,PROVIDER,1000,itemstocksubmodel-api-asset@BPNL00000003AYRE,0ef26eaf-3d7c-479a-9a01-d5fa6d5cdd8e,4fc8e812-c9af-436e-87d1-0655f80b78d7,1791479704281,1791479706325,1791479706325,1,
ff41e492-9fba-40a9-aff5-7a52a1761c52,PROVIDER,1000,DigitalTwinRegistryId@BPNL00000003AYRE,83673ffd-c48c-429a-b6c6-7e8dac70b874,6f04c893-63d3-4238-966c-c45a604d409b,1791479713760,1791479717742,1791479717742,1,
7e57ad6c-1826-4e06-b676-859768e1fddd,PROVIDER,1000,itemstocksubmodel-api-asset@BPNL00000003AYRE,0ef26eaf-3d7c-479a-9a01-d5fa6d5cdd8e,a8931896-6cd7-400b-baa3-0ed5b3d9a33f,1791479716015,1791479718872,1791479718872,1,
d1197713-6545-4734-aad2-b6e030383ad5,PROVIDER,1000,DigitalTwinRegistryId@BPNL00000003AYRE,83673ffd-c48c-429a-b6c6-7e8dac70b874,bcedfb11-333f-4296-b007-1a3d13ad4d5f,1791479723125,1791479726433,1791479726433,1,
6a70f60f-ad77-4484-8667-1b929ed09f25,PROVIDER,1000,itemstocksubmodel-api-asset@BPNL00000003AYRE,0ef26eaf-3d7c-479a-9a01-d5fa6d5cdd8e,4176de47-9e69-48ae-bd70-20b8a8a399f7,1791479725284,1791479727562,1791479727562,1,
343da2da-a7d7-4a5d-981a-b8dcbf4fa0e8,PROVIDER,1000,DigitalTwinRegistryId@BPNL00000003AYRE,83673ffd-c48c-429a-b6c6-7e8dac70b874,479632a2-7d15-404c-829d-39b0de452cf4,1791479733640,1791479735240,1791479735240,1,
ba2e65a1-5d9b-4173-822e-b2fd228247ff,PROVIDER,1000,itemstocksubmodel-api-asset@BPNL00000003AYRE,0ef26eaf-3d7c-479a-9a01-d5fa6d5cdd8e,b4371bfe-3c55-456d-84f3-8edc14bf21af,1791479734754,1791479736337,1791479736337,1,
4c2a5d56-6acf-43dd-8716-9dd4d4d2b173,PROVIDER,1000,DigitalTwinRegistryId@BPNL00000003AYRE,83673ffd-c48c-429a-b6c6-7e8dac70b874,92f0e11c-4b95-4569-a56d-e7434edbc55f,1791479743078,1791479745068,1791479745068,1,
6e166171-8353-4efc-9c7f-e4d1dae16cd4,PROVIDER,1000,itemstocksubmodel-api-asset@BPNL00000003AYRE,0ef26eaf-3d7c-479a-9a01-d5fa6d5cdd8e,85151110-f0f0-430e-aa66-52da61697cb7,1791479744333,1791479746234,1791479746234,1,
09066c11-7bf1-43de-8951-578bed0dcfb1,PROVIDER,1000,DigitalTwinRegistryId@BPNL00000003AYRE,83673ffd-c48c-429a-b6c6-7e8dac70b874,1a611625-a6db-4be9-b41d-d7d3bdb79bbf,1791479752861,1791479754785,1791479754785,1,
1d4e5682-2117-4b4b-8d50-b32b85799d93,PROVIDER,1000,itemstocksubmodel-api-asset@BPNL00000003AYRE,0ef26eaf-3d7c-479a-9a01-d5fa6d5cdd8e,194c6946-95d3-404a-8698-715b1c7cffd7,1791479754032,1791479755946,1791479755946,1,
f61e38c7-9b1b-4c06-9b9f-bc565c4a69c7,PROVIDER,1000,DigitalTwinRegistryId@BPNL00000003AYRE,83673ffd-c48c-429a-b6c6-7e8dac70b874,ab9f2a5d-49a1-4404-9624-d14834bdda6f,1791479763401,1791479765487,1791479765487,1,
706f1826-ec24-4936-ad2d-e4ced7880a4e,PROVIDER,1000,itemstocksubmodel-api-asset@BPNL00000003AYRE,0ef26eaf-3d7c-479a-9a01-d5fa6d5cdd8e,80eb8d52-fa2c-48db-b69a-859b309a58fc,1791479764590,1791479766616,1791479766616,1,
68b11c9e-a501-494b-80e0-b3b1c28017cc,PROVIDER,1000,DigitalTwinRegistryId@BPNL00000003AYRE,83673ffd-c48c-429a-b6c6-7e8dac70b874,1adbe455-300e-451d-98f1-372542d67b30,1791479772959,1791479775182,1791479775182,1,
c0caf9e3-ab0f-419c-b3d7-648866bee381,PROVIDER,1000,itemstocksubmodel-api-asset@BPNL00000003AYRE,0ef26eaf-3d7c-479a-9a01-d5fa6d5cdd8e,2c3793be-dc93-43f2-ab25-e15edeb81621,1791479774160,1791479777575,1791479777575,1,
907d690e-92e9-4fab-9b26-edc79e76cbac,PROVIDER,1000,DigitalTwinRegistryId@BPNL00000003AYRE,83673ffd-c48c-429a-b6c6-7e8dac70b874,aaa8d659-5700-4abd-bd4d-99ad5a040484,1791479783772,1791479787150,1791479787150,1,
7d815595-8dc4-4940-b0b6-04ec7d6429a0,PROVIDER,1000,itemstocksubmodel-api-asset@BPNL00000003AYRE,0ef26eaf-3d7c-479a-9a01-d5fa6d5cdd8e,cc47b660-0f2b-41a0-b134-038bee3b359e,1791479785953,1791479788491,1791479788491,1,
a04ed470-88a6-44d0-8879-c6535e0edcc6,PROVIDER,1000,DigitalTwinRegistryId@BPNL00000003AYRE,83673ffd-c48c-429a-b6c6-7e8dac70b874,6e27e22d-6eda-4d90-9161-49a8b4443331,1791479793316,1791479795107,1791479795107,1,
d5383851-dde7-46bd-97ae-1e1f39a95c63,PROVIDER,1000,itemstocksubmodel-api-asset@BPNL00000003AYRE,0ef26eaf-3d7c-479a-9a01-d5fa6d5cdd8e,00e9a605-2323-43aa-a5d5-c1d95cb72da9,1791479794460,1791479796379,1791479796379,1,
d3cad83c-2c23-42f5-9bc4-b36fab925639,PROVIDER,1000,DigitalTwinRegistryId@BPNL00000003AYRE,83673ffd-c48c-429a-b6c6-7e8dac70b874,21d09c4c-527a-406d-a76a-0d5ea8ee0cc3,1791479802970,1791479805040,1791479805040,1,
638d1939-b78a-4031-b810-27633bad4bda,PROVIDER,1000,itemstocksubmodel-api-asset@BPNL00000003AYRE,0ef26eaf-3d7c-479a-9a01-d5fa6d5cdd8e,9ae5a12e-7f13-4af2-a821-b24e4fc8264a,1791479804078,1791479807150,1791479807150,1,
21d69799-ca8e-4ecd-b46c-f3675596ca6c,PROVIDER,1000,DigitalTwinRegistryId@BPNL00000003AYRE,83673ffd-c48c-429a-b6c6-7e8dac70b874,8e83aa3c-ebec-498f-87cd-cd3478ce0026,1791479813424,1791479817153,1791479817153,1,
f196ea97-2dc1-4ed2-808d-a6dde160073c,PROVIDER,1000,itemstocksubmodel-api-asset@BPNL00000003AYRE,0ef26eaf-3d7c-479a-9a01-d5fa6d5cdd8e,65e6c516-dc18-4cf8-aa89-9088d0dd7863,1791479815654,1791479818409,1791479818409,1,
46465425-f736-4a77-b005-32cc768fa8bc,PROVIDER,1000,DigitalTwinRegistryId@BPNL00000003AYRE,83673ffd-c48c-429a-b6c6-7e8dac70b874,dc209412-6562-48a0-a98d-df6b9a763324,1791479822910,1791479825029,1791479825029,1,
4e4899e9-6036-478f-bc91-58660f669fbb,PROVIDER,1000,itemstocksubmodel-api-asset@BPNL00000003AYRE,0ef26eaf-3d7c-479a-9a01-d5fa6d5cdd8e,ee89a497-35ab-4097-a3d2-921d767c9609,1791479824073,1791479826138,1791479826138,1,
5d83bbad-1745-4ba0-9911-81caf5d37963,PROVIDER,1000,DigitalTwinRegistryId@BPNL00000003AYRE,83673ffd-c48c-429a-b6c6-7e8dac70b874,19403710-6a51-4e9d-ad97-109a0ac60dc0,1791479833360,1791479834865,1791479834865,1,
ab25900e-4715-4c16-bf52-8a030df3eb70,PROVIDER,1000,itemstocksubmodel-api-asset@BPNL00000003AYRE,0ef26eaf-3d7c-479a-9a01-d5fa6d5cdd8e,6c36e8ad-b5b6-42dd-a838-b8130ca19356,1791479834457,1791479836065,1791479836065,1,
59436e46-ece9-4199-aa50-380022d34865,PROVIDER,1000,DigitalTwinRegistryId@BPNL00000003AYRE,83673ffd-c48c-429a-b6c6-7e8dac70b874,a8058850-924e-4901-8256-ac4fe30943df,1791479842808,1791479844660,1791479844660,1,
ad740dff-5661-49c4-a895-37f70d3c7198,PROVIDER,1000,itemstocksubmodel-api-asset@BPNL00000003AYRE,0ef26eaf-3d7c-479a-9a01-d5fa6d5cdd8e,4a376272-a323-4dd8-bdfc-5d722599d64f,1791479844044,1791479846172,1791479846172,1,
45563d06-c544-46f3-894e-791761c22d94,PROVIDER,1000,DigitalTwinRegistryId@BPNL00000003AYRE,83673ffd-c48c-429a-b6c6-7e8dac70b874,fcc9dff1-c730-4f75-a97f-e6229dc43d43,1791479853525,1791479857236,1791479857236,1,
1917f682-0207-4f94-9047-d9426debd1d2,PROVIDER,1000,itemstocksubmodel-api-asset@BPNL00000003AYRE,0ef26eaf-3d7c-479a-9a01-d5fa6d5cdd8e,f84de1a2-8227-44fa-b8c9-1db53749dee1,1791479855834,1791479858535,1791479858535,1,
31743394-7d29-4bf5-a01f-2d963eeefbd5,PROVIDER,1000,DigitalTwinRegistryId@BPNL00000003AYRE,83673ffd-c48c-429a-b6c6-7e8dac70b874,f35c6eb6-3b56-4d61-8231-410d30619507,1791479863023,1791479867123,1791479867123,1,
08b73717-9d8a-4a24-afdc-b1abe0cfc50a,PROVIDER,1000,DigitalTwinRegistryId@BPNL00000003AYRE,83673ffd-c48c-429a-b6c6-7e8dac70b874,02f204c9-e6be-471f-addf-7f852a30b0c9,1791479863037,1791479867132,1791479867132,1,
f31c7dfa-dfac-4fcd-bb29-cc225d5fdc4e,PROVIDER,1000,itemstocksubmodel-api-asset@BPNL00000003AYRE,0ef26eaf-3d7c-479a-9a01-d5fa6d5cdd8e,5ce082be-ca0a-4d00-bf3d-33f3a68bdf62,1791479865297,1791479867937,1791479867937,1,
2cef59fb-dedb-4c2a-8ef9-a40c8d908a90,PROVIDER,1000,itemstocksubmodel-api-asset@BPNL00000003AYRE,0ef26eaf-3d7c-479a-9a01-d5fa6d5cdd8e,e6d53e26-6516-4f28-9af1-846609c34df6,1791479865343,1791479869370,1791479869370,1,
f9593639-426a-4824-98b2-cb8566bcd689,PROVIDER,1000,DigitalTwinRegistryId@BPNL00000003AYRE,83673ffd-c48c-429a-b6c6-7e8dac70b874,94222569-ad06-4d75-9d89-ca9ea4dc8715,1791479867008,1791479869385,1791479869385,1,
f1918ccc-2cce-4471-9f22-82812cf84ba2,PROVIDER,1000,itemstocksubmodel-api-asset@BPNL00000003AYRE,0ef26eaf-3d7c-479a-9a01-d5fa6d5cdd8e,c52893ac-dabb-4561-b8d3-76702731f587,1791479868145,1791479869625,1791479869625,1,
c83a2d06-3dd5-4e10-8189-04b973f09361,PROVIDER,1000,DigitalTwinRegistryId@BPNL00000003AYRE,83673ffd-c48c-429a-b6c6-7e8dac70b874,954614ad-6dff-4c34-bf3e-5d05146bc9ee,1791479869327,1791479870945,1791479870945,1,
13e68b77-e46b-4bf6-a3ed-d9f4eba88d19,PROVIDER,1000,itemstocksubmodel-api-asset@BPNL00000003AYRE,0ef26eaf-3d7c-479a-9a01-d5fa6d5cdd8e,dd333feb-4a8c-401c-ae3b-21ab85ce0c29,1791479870474,1791479872112,1791479872112,1,
84330596-ce97-408b-8ec0-21cea8839028,PROVIDER,1000,DigitalTwinRegistryId@BPNL00000003AYRE,83673ffd-c48c-429a-b6c6-7e8dac70b874,9e40df10-9207-4533-afd4-2f3dcb96634e,1791479872982,1791479874480,1791479874480,1,
b514951a-3b22-47ab-b368-726db6e9166b,PROVIDER,1000,itemstocksubmodel-api-asset@BPNL00000003AYRE,0ef26eaf-3d7c-479a-9a01-d5fa6d5cdd8e,1fac7b4c-3993-4b0d-a8b8-ebf821b62732,1791479874220,1791479875634,1791479875634,1,
31c17d57-104e-46e2-8450-a5382225733a,PROVIDER,1000,DigitalTwinRegistryId@BPNL00000003AYRE,83673ffd-c48c-429a-b6c6-7e8dac70b874,8819ea8d-408c-44a4-b9e2-614e8d945ce9,1791479876501,1791479878433,1791479878433,1,
6be9e9f1-ff35-41f5-b889-ec35d88ec703,PROVIDER,1000,itemstocksubmodel-api-asset@BPNL00000003AYRE,0ef26eaf-3d7c-479a-9a01-d5fa6d5cdd8e,77d2f2b3-4cb3-466c-ae7f-b49001bc434d,1791479877635,1791479879521,1791479879521,1,
4fcecec8-feb8-4da4-9384-de9f21df5e88,PROVIDER,1000,DigitalTwinRegistryId@BPNL00000003AYRE,83673ffd-c48c-429a-b6c6-7e8dac70b874,63acdfc6-0012-4f0d-b262-f8e671788da3,1791479879910,1791479881925,1791479881925,1,
81a014f3-6f07-43cf-9e7a-b313cc7f062f,PROVIDER,1000,itemstocksubmodel-api-asset@BPNL00000003AYRE,0ef26eaf-3d7c-479a-9a01-d5fa6d5cdd8e,efbc3ad1-08c1-4e27-84c2-18d409797248,1791479881035,1791479883031,1791479883031,1,
ee49fd74-b018-4341-afe1-51259bab13a3,PROVIDER,1000,DigitalTwinRegistryId@BPNL00000003AYRE,83673ffd-c48c-429a-b6c6-7e8dac70b874,dbb229b9-5842-435c-987b-0c66447b67bc,1791479883409,1791479885465,1791479885465,1,
dc76671f-b3e0-47e1-9e6a-eb907f9030d8,PROVIDER,1000,itemstocksubmodel-api-asset@BPNL00000003AYRE,0ef26eaf-3d7c-479a-9a01-d5fa6d5cdd8e,04bdc6e0-fa5a-4159-bde7-c22fa2ef8493,1791479884585,1791479886736,1791479886736,1,
3ce010c4-07bb-4f76-8e9c-7058b131574d,PROVIDER,1000,DigitalTwinRegistryId@BPNL00000003AYRE,83673ffd-c48c-429a-b6c6-7e8dac70b874,82e7b2cf-3bef-4525-a853-03e48f39fc61,1791479886809,1791479890207,1791479890207,1,
08e908ad-1396-4917-9da5-7e54be92228b,PROVIDER,1000,itemstocksubmodel-api-asset@BPNL00000003AYRE,0ef26eaf-3d7c-479a-9a01-d5fa6d5cdd8e,f7f06e77-36d8-4ec7-99ec-5400b753e301,1791479888980,1791479890496,1791479890496,1,
8497eab3-bb57-49db-8a4f-217083c09c30,PROVIDER,1000,DigitalTwinRegistryId@BPNL00000003AYRE,83673ffd-c48c-429a-b6c6-7e8dac70b874,37ff9032-a478-487e-9a80-87aee05514a4,1791479890174,1791479892841,1791479892841,1,
f692575b-7109-4da8-8558-93271b66caf8,PROVIDER,1000,itemstocksubmodel-api-asset@BPNL00000003AYRE,0ef26eaf-3d7c-479a-9a01-d5fa6d5cdd8e,7ecabb17-595d-42aa-829b-ad5cc83b65fa,1791479891632,1791479894116,1791479894116,1,
07bbf617-9485-4dcd-8e39-bf6f1c5ca820,PROVIDER,1000,DigitalTwinRegistryId@BPNL00000003AYRE,83673ffd-c48c-429a-b6c6-7e8dac70b874,3059e2df-8e4a-4441-b27e-f4f3fa7d2aab,1791479893113,1791479895353,1791479895353,1,
974b2403-6f22-496a-8ddf-9accaec08dc0,PROVIDER,1000,itemstocksubmodel-api-asset@BPNL00000003AYRE,0ef26eaf-3d7c-479a-9a01-d5fa6d5cdd8e,7d7e298f-b34d-4e20-ad57-307916e11ea9,1791479894374,1791479897715,1791479897715,1,
d5a55dcc-352b-4b94-8ee2-6c79c04f1f70,PROVIDER,1000,DigitalTwinRegistryId@BPNL00000003AYRE,83673ffd-c48c-429a-b6c6-7e8dac70b874,54d1273c-f30a-47e4-a491-435b68e8d3a2,1791479896496,1791479899030,1791479899030,1,
f7e6a103-d271-406a-999d-3563c2a1e04c,PROVIDER,1000,itemstocksubmodel-api-asset@BPNL00000003AYRE,0ef26eaf-3d7c-479a-9a01-d5fa6d5cdd8e,e246fe86-63e6-4189-85ac-cbb57730e526,1791479898680,1791479900793,1791479900793,1,
0b223748-4a12-4c82-bcdd-88f712a7702b,PROVIDER,1000,DigitalTwinRegistryId@BPNL00000003AYRE,83673ffd-c48c-429a-b6c6-7e8dac70b874,ae43705c-754a-439f-b2ed-992d8fdb22ae,1791479899859,1791479902049,1791479902049,1,
21775094-6328-4d44-bc8b-fa9748ff31e5,PROVIDER,1000,itemstocksubmodel-api-asset@BPNL00000003AYRE,0ef26eaf-3d7c-479a-9a01-d5fa6d5cdd8e,7e6ddd54-f64e-4dee-881d-0fda0ad54df1,1791479901074,1791479903161,1791479903161,1,
599a64f6-dc86-4d03-88a9-ea47757598cf,PROVIDER,1000,DigitalTwinRegistryId@BPNL00000003AYRE,83673ffd-c48c-429a-b6c6-7e8dac70b874,d11de8f5-df34-4925-b920-764e53103621,1791479903373,1791479906659,1791479906659,1,
9c98b808-79b8-4315-914c-bf73834f9fb6,PROVIDER,1000,itemstocksubmodel-api-asset@BPNL00000003AYRE,0ef26eaf-3d7c-479a-9a01-d5fa6d5cdd8e,20badb3e-4957-46fe-9487-03e42e869487,1791479905503,1791479907912,1791479907912,1,
d12d0fb0-9706-46d8-a6a5-bff4331f27f7,PROVIDER,1000,DigitalTwinRegistryId@BPNL00000003AYRE,83673ffd-c48c-429a-b6c6-7e8dac70b874,a49334c3-f83e-4ff8-a71c-fa725c14fdc7,1791479906718,1791479910192,1791479910192,1,
fe4b131a-453b-47ed-aabf-b8df237f1fa6,PROVIDER,1000,itemstocksubmodel-api-asset@BPNL00000003AYRE,0ef26eaf-3d7c-479a-9a01-d5fa6d5cdd8e,ddb1d93b-9876-4c2d-b363-8e77c2136dc4,1791479908958,1791479911517,1791479911517,1,
07f664f2-b7b3-437b-b0fa-398fd303b356,PROVIDER,1000,DigitalTwinRegistryId@BPNL00000003AYRE,83673ffd-c48c-429a-b6c6-7e8dac70b874,a3de29bd-10cd-4b6e-8edd-a3cc5e5fe9ff,1791479910254,1791479914050,1791479914050,1,
efc359ee-d29c-4afb-9887-969fdb712026,PROVIDER,1000,itemstocksubmodel-api-asset@BPNL00000003AYRE,0ef26eaf-3d7c-479a-9a01-d5fa6d5cdd8e,77e70f8b-4b3d-4fa3-a114-3fd1589f7d3b,1791479912990,1791479915222,1791479915222,1,
9f941161-fb57-41e6-b6c3-842e16f0a665,PROVIDER,1000,DigitalTwinRegistryId@BPNL00000003AYRE,83673ffd-c48c-429a-b6c6-7e8dac70b874,5e0f86b0-fa7d-4812-8678-b9ac96b35279,1791479913007,1791479916514,1791479916514,1,
1fbb12e0-08b6-4542-89b7-3e11f0a42678,PROVIDER,1000,itemstocksubmodel-api-asset@BPNL00000003AYRE,0ef26eaf-3d7c-479a-9a01-d5fa6d5cdd8e,28471742-84ec-4c66-aecd-0e2a5195187e,1791479915410,1791479917842,1791479917842,1,
a33d313a-8cc8-452b-ac41-a4c6f99511c3,PROVIDER,1000,DigitalTwinRegistryId@BPNL00000003AYRE,83673ffd-c48c-429a-b6c6-7e8dac70b874,3fc46ddd-9793-41e4-8c7a-d25d7b29f2ea,1791479916579,1791479919081,1791479919081,1,
d684f4b7-223a-44f2-bc02-967cea1038d6,PROVIDER,1000,itemstocksubmodel-api-asset@BPNL00000003AYRE,0ef26eaf-3d7c-479a-9a01-d5fa6d5cdd8e,6330921b-4b4d-4530-8e2f-fafd3242d555,1791479918785,1791479920381,1791479920381,1,
eadc881b-59b7-4df2-a509-cae5c440f27b,PROVIDER,1000,DigitalTwinRegistryId@BPNL00000003AYRE,83673ffd-c48c-429a-b6c6-7e8dac70b874,65ee7846-1112-43cc-a0ac-88c2267f38e7,1791479919904,1791479921743,1791479921743,1,
4bb0629b-b7cb-4d77-bbdc-4f9a9f617a6a,PROVIDER,1000,itemstocksubmodel-api-asset@BPNL00000003AYRE,0ef26eaf-3d7c-479a-9a01-d5fa6d5cdd8e,11c2633a-ee9e-4aaa-8053-9ba59113de5d,1791479921076,1791479922885,1791479922885,1,
66668050-72eb-4680-8ae6-ee576a4edbbc,PROVIDER,1000,DigitalTwinRegistryId@BPNL00000003AYRE,83673ffd-c48c-429a-b6c6-7e8dac70b874,71c12d65-947a-44d4-a9b4-f32706fa311b,1791479923291,1791479925355,1791479925355,1,
872608fa-3808-49f8-ab47-eff0b9ef21f6,PROVIDER,1000,itemstocksubmodel-api-asset@BPNL00000003AYRE,0ef26eaf-3d7c-479a-9a01-d5fa6d5cdd8e,632b16cc-6308-48d5-ae5b-79d94bb64b6c,1791479924381,1791479926513,1791479926513,1,
896d35c1-c1b7-4112-87af-69c3efbc86da,PROVIDER,1000,DigitalTwinRegistryId@BPNL00000003AYRE,83673ffd-c48c-429a-b6c6-7e8dac70b874,f260a7ed-57df-4d9f-aff4-19cddc3cf817,1791479926560,1791479929056,1791479929056,1,
bcdea94b-7282-4913-b0b1-8395a2a8e269,PROVIDER,1000,itemstocksubmodel-api-asset@BPNL00000003AYRE,0ef26eaf-3d7c-479a-9a01-d5fa6d5cdd8e,58d286ae-35a7-4096-9c58-0dbfb6d7df86,1791479928692,1791479930330,1791479930330,1,
6d311e17-42d3-4900-b008-f4ccecf2d373,PROVIDER,1000,DigitalTwinRegistryId@BPNL00000003AYRE,83673ffd-c48c-429a-b6c6-7e8dac70b874,9920d892-60d0-4865-9aaa-1cdfd5016d40,1791479929866,1791479931617,1791479931617,1,
464e8d28-7aec-4aea-8d89-684fd502b880,PROVIDER,1000,itemstocksubmodel-api-asset@BPNL00000003AYRE,0ef26eaf-3d7c-479a-9a01-d5fa6d5cdd8e,c0030eda-a63a-46cc-a42f-1a2523cf85ad,1791479930998,1791479932725,1791479932725,1,
dc7e3f14-a73b-4749-8590-1f76dfefbd97,PROVIDER,1000,DigitalTwinRegistryId@BPNL00000003AYRE,83673ffd-c48c-429a-b6c6-7e8dac70b874,9121930c-dca4-4e57-a356-8d6acc9b7f96,1791479933273,1791479935160,1791479935160,1,
8807ec4a-5bf4-4169-8336-af47a187a3cd,PROVIDER,1000,itemstocksubmodel-api-asset@BPNL00000003AYRE,0ef26eaf-3d7c-479a-9a01-d5fa6d5cdd8e,94c4329f-8bf6-4af9-872d-ef045addc22e,1791479934351,1791479936352,1791479936352,1,
df0363b4-2c14-4637-bf4e-e17911b81848,PROVIDER,1000,DigitalTwinRegistryId@BPNL00000003AYRE,83673ffd-c48c-429a-b6c6-7e8dac70b874,26b9c245-ebf7-4470-bd13-13e58e01007a,1791479936561,1791479939913,1791479939913,1,
fd855ea0-b51a-4d5e-a701-ca0d614dc809,PROVIDER,1000,itemstocksubmodel-api-asset@BPNL00000003AYRE,0ef26eaf-3d7c-479a-9a01-d5fa6d5cdd8e,633042f1-80d4-42a8-b7fa-b92b9a940716,1791479938733,1791479941643,1791479941643,1,
69f6a7fe-9b26-433b-a7b2-77f1bc208555,PROVIDER,1000,DigitalTwinRegistryId@BPNL00000003AYRE,83673ffd-c48c-429a-b6c6-7e8dac70b874,2d55e198-091f-499b-9c76-38860f57138c,1791479939903,1791479941653,1791479941653,1,
7dcbe7b0-6337-4ac1-95bd-a1f8ab70aa91,PROVIDER,1000,itemstocksubmodel-api-asset@BPNL00000003AYRE,0ef26eaf-3d7c-479a-9a01-d5fa6d5cdd8e,23a4a056-2153-4bfd-b74a-e30d976c1613,1791479941075,1791479942762,1791479942762,1,
5cc212e0-15a1-40ba-8e21-92b63f26dc7e,PROVIDER,1000,DigitalTwinRegistryId@BPNL00000003AYRE,83673ffd-c48c-429a-b6c6-7e8dac70b874,a929bada-86e8-4cfc-9980-8058be5bce53,1791479943443,1791479945262,1791479945262,1,
b23d1d09-141e-4672-b542-fad2f36b0b23,PROVIDER,1000,itemstocksubmodel-api-asset@BPNL00000003AYRE,0ef26eaf-3d7c-479a-9a01-d5fa6d5cdd8e,8483dd2a-e47d-4794-a693-e638a7365d41,1791479944588,1791479946393,1791479946393,1,
4a2288e9-fc27-43f2-aa89-ba8b3b42e6c5,PROVIDER,1000,DigitalTwinRegistryId@BPNL00000003AYRE,83673ffd-c48c-429a-b6c6-7e8dac70b874,c134acb7-2bce-4c52-8fd5-a36aa46ff301,1791479946808,1791479948915,1791479948915,1,
153a6f9b-1097-4b71-ab08-bcae5f58ccdf,PROVIDER,1000,itemstocksubmodel-api-asset@BPNL00000003AYRE,0ef26eaf-3d7c-479a-9a01-d5fa6d5cdd8e,e5bec1f5-0110-4b25-81f4-ba0f82222a7e,1791479947925,1791479950015,1791479950015,1,
f13b56c2-874d-481c-81da-19327077af98,PROVIDER,1000,DigitalTwinRegistryId@BPNL00000003AYRE,83673ffd-c48c-429a-b6c6-7e8dac70b874,242639f6-cba2-4d92-bb96-3fd6c1c50cfb,1791479950178,1791479953437,1791479953437,1,
680bf31e-9fb3-47ba-b780-142b52fd9320,PROVIDER,1000,itemstocksubmodel-api-asset@BPNL00000003AYRE,0ef26eaf-3d7c-479a-9a01-d5fa6d5cdd8e,4c732398-2404-4097-82b9-86ed0fdab6c5,1791479952329,1791479954670,1791479954670,1,
fa913363-82dc-4024-b9d8-b39b338db99e,PROVIDER,1000,DigitalTwinRegistryId@BPNL00000003AYRE,83673ffd-c48c-429a-b6c6-7e8dac70b874,b1ef7d22-372e-4a46-b52f-30c20d7d2886,1791479954236,1791479956121,1791479956121,1,
d2e9f81f-8677-455f-98a0-ae7a58d12da9,PROVIDER,1000,itemstocksubmodel-api-asset@BPNL00000003AYRE,0ef26eaf-3d7c-479a-9a01-d5fa6d5cdd8e,a836f7b0-d324-42fe-a00e-a5ce3bbcb27a,1791479955497,1791479957769,1791479957769,1,
caf476d5-30ec-47c1-b135-7e886748853a,PROVIDER,1000,DigitalTwinRegistryId@BPNL00000003AYRE,83673ffd-c48c-429a-b6c6-7e8dac70b874,bad87b46-58af-416b-905d-cae3d336e459,1791479956645,1791479959076,1791479959076,1,
05ae10b6-d1ac-4e35-9949-e6d1c7caab50,PROVIDER,1000,itemstocksubmodel-api-asset@BPNL00000003AYRE,0ef26eaf-3d7c-479a-9a01-d5fa6d5cdd8e,4bffc00b-c886-4baa-970a-bc2a7119b251,1791479958799,1791479960373,1791479960373,1,
e6ecb30f-a5b1-4ebb-88be-d54816e87a9c,PROVIDER,1000,DigitalTwinRegistryId@BPNL00000003AYRE,83673ffd-c48c-429a-b6c6-7e8dac70b874,eea3636b-2e96-4402-8006-1c2b461cd1e4,1791479959977,1791479961764,1791479961764,1,
0fa50295-e529-45af-9fa1-1784ca69acaa,PROVIDER,1000,itemstocksubmodel-api-asset@BPNL00000003AYRE,0ef26eaf-3d7c-479a-9a01-d5fa6d5cdd8e,9570fda7-d3a0-466c-80a3-b0bd4da2a642,1791479961236,1791479962922,1791479962922,1,
a308d5da-5b2a-400d-bbff-bc28ae85dd86,PROVIDER,1000,DigitalTwinRegistryId@BPNL00000003AYRE,83673ffd-c48c-429a-b6c6-7e8dac70b874,9967ca3a-4ac5-4d70-9f15-391446c12203,1791479963423,1791479965433,1791479965433,1,
69cf2060-fba7-4138-b170-580d1b27a251,PROVIDER,1000,itemstocksubmodel-api-asset@BPNL00000003AYRE,0ef26eaf-3d7c-479a-9a01-d5fa6d5cdd8e,ad20bbe5-5a30-4b3b-9ae6-91f0d32482b7,1791479964575,1791479966537,1791479966537,1,
77a64820-42a7-4f2a-bcc2-cbd59ccb990e,PROVIDER,1000,DigitalTwinRegistryId@BPNL00000003AYRE,83673ffd-c48c-429a-b6c6-7e8dac70b874,1a8ee2ee-f027-42a5-8c24-843f0c8a60ba,1791479966838,1791479968971,1791479968971,1,
be9199a0-8eed-41d4-b12b-79bc6cdda217,PROVIDER,1000,itemstocksubmodel-api-asset@BPNL00000003AYRE,0ef26eaf-3d7c-479a-9a01-d5fa6d5cdd8e,e099af03-4c76-4f7e-89ea-71101b8001e6,1791479968033,1791479970083,1791479970083,1,
85092cfc-1bd8-4a7b-bf01-bd4526374714,PROVIDER,1000,DigitalTwinRegistryId@BPNL00000003AYRE,83673ffd-c48c-429a-b6c6-7e8dac70b874,0025af2e-0d37-4d8f-918b-f1cca68f6c19,1791479970417,1791479972471,1791479972471,1,
0a3c5944-a3e1-4018-a993-c1a683318bf8,PROVIDER,1000,itemstocksubmodel-api-asset@BPNL00000003AYRE,0ef26eaf-3d7c-479a-9a01-d5fa6d5cdd8e,0afa1991-f7c6-4791-8307-03f049a5725a,1791479971795,1791479973715,1791479973715,1,
7451665c-c38e-4a20-8221-d10931cb9519,PROVIDER,1000,DigitalTwinRegistryId@BPNL00000003AYRE,83673ffd-c48c-429a-b6c6-7e8dac70b874,d9337837-7c4f-4ef2-94c3-fd4abdfe4360,1791479973069,1791479974965,1791479974965,1,
a37424ac-3f87-4012-aa22-fb8d6372b7d1,PROVIDER,1000,itemstocksubmodel-api-asset@BPNL00000003AYRE,0ef26eaf-3d7c-479a-9a01-d5fa6d5cdd8e,7dbb8a82-a934-43fb-8a4a-92824347573c,1791479974267,1791479976074,1791479976074,1,
137b4cbf-ad7c-43bb-8624-793befbc12ad,PROVIDER,1000,DigitalTwinRegistryId@BPNL00000003AYRE,83673ffd-c48c-429a-b6c6-7e8dac70b874,7dcb5057-1552-4c38-91c8-9574beb63c65,1791479976633,1791479978780,1791479978780,1,
984246bf-2430-4ff3-992c-24abde1d3caa,PROVIDER,1000,itemstocksubmodel-api-asset@BPNL00000003AYRE,0ef26eaf-3d7c-479a-9a01-d5fa6d5cdd8e,a3c76308-c5c3-44a8-99c8-b4b32c0e9e25,1791479977790,1791479979898,1791479979898,1,
b1a93c31-cb78-40e0-81a5-ffbdd0ea812b,PROVIDER,1000,DigitalTwinRegistryId@BPNL00000003AYRE,83673ffd-c48c-429a-b6c6-7e8dac70b874,4760552d-bb64-44c8-ad5a-87e35bd7bb72,1791479979962,1791479983401,1791479983401,1,
d50b90a2-9d3d-4a63-b0ed-bbe5781d8429,PROVIDER,1000,itemstocksubmodel-api-asset@BPNL00000003AYRE,0ef26eaf-3d7c-479a-9a01-d5fa6d5cdd8e,d8cdd917-7a52-47d5-b6a2-881b9ec1af39,1791479982132,1791479984944,1791479984944,1,
4bda22eb-d8f3-45e4-a2be-3027d2cccc1d,PROVIDER,1000,DigitalTwinRegistryId@BPNL00000003AYRE,83673ffd-c48c-429a-b6c6-7e8dac70b874,17eab1aa-42cd-40cf-bfd5-e41e60c82b02,1791479983348,1791479984957,1791479984957,1,
c35fe7ea-e6a2-416d-80ce-f30e84c981d2,PROVIDER,1000,itemstocksubmodel-api-asset@BPNL00000003AYRE,0ef26eaf-3d7c-479a-9a01-d5fa6d5cdd8e,49fbdf15-7dde-4de2-b476-39c1a3e898ba,1791479984545,1791479986280,1791479986280,1,
b64f8001-1878-446d-8fea-3b13c538ae52,PROVIDER,1000,DigitalTwinRegistryId@BPNL00000003AYRE,83673ffd-c48c-429a-b6c6-7e8dac70b874,331bb94b-74ac-481f-a80f-5e6d0f4def17,1791479986853,1791479989057,1791479989057,1,
472ec2ee-c1c5-445b-a161-009f582b1ae6,PROVIDER,1000,itemstocksubmodel-api-asset@BPNL00000003AYRE,0ef26eaf-3d7c-479a-9a01-d5fa6d5cdd8e,e41af1b0-ca16-498f-a0cd-faeca5800eaa,1791479987959,1791479989217,1791479989217,1,
cf85c150-085a-4682-a40e-2563dfd9802e,PROVIDER,1000,DigitalTwinRegistryId@BPNL00000003AYRE,83673ffd-c48c-429a-b6c6-7e8dac70b874,ea966168-04dc-43e2-b4a3-8dbfb11d62b9,1791479990139,1791479991672,1791479991672,1,
aa9da6f6-b3fb-4bfc-a4d1-e3f53a41a704,PROVIDER,1000,itemstocksubmodel-api-asset@BPNL00000003AYRE,0ef26eaf-3d7c-479a-9a01-d5fa6d5cdd8e,2ae81f6d-c0e4-4d81-941e-2a073dec7ed6,1791479991335,1791479992814,1791479992814,1,
4481e3e8-4b0e-44cf-95d9-5f1ccc216d86,PROVIDER,1000,DigitalTwinRegistryId@BPNL00000003AYRE,83673ffd-c48c-429a-b6c6-7e8dac70b874,59fbd8e5-54bd-4807-80f3-5f352dc5ff28,1791479992910,1791479996363,1791479996363,1,
49d72fb2-3011-48a7-9dad-90de92ad452a,PROVIDER,1000,itemstocksubmodel-api-asset@BPNL00000003AYRE,0ef26eaf-3d7c-479a-9a01-d5fa6d5cdd8e,a12bd583-11d1-4d8a-9046-b88c411937c5,1791479995094,1791479999519,1791479999519,1,
b6c4bfe0-52c2-45a7-810b-53681ba8138c,PROVIDER,1000,DigitalTwinRegistryId@BPNL00000003AYRE,83673ffd-c48c-429a-b6c6-7e8dac70b874,8d6084f5-d4a9-4f9a-9c41-a0fba84ec35e,1791479996243,1791479999509,1791479999509,1,
079a5ebc-93f4-4b1c-9fd3-f652bcb89289,PROVIDER,1000,itemstocksubmodel-api-asset@BPNL00000003AYRE,0ef26eaf-3d7c-479a-9a01-d5fa6d5cdd8e,73bda7a4-383d-4e55-973d-333ec4cc3f94,1791479997634,1791480000775,1791480000775,1,
b200a75b-bbb4-49ed-bc79-a2cccf30c1c0,PROVIDER,1000,DigitalTwinRegistryId@BPNL00000003AYRE,83673ffd-c48c-429a-b6c6-7e8dac70b874,1af5ddc7-dd0f-4178-905c-4f6698c1d534,1791479999754,1791480002104,1791480002104,1,
3b383398-fce6-47f5-8735-3772b613cfb6,PROVIDER,1000,itemstocksubmodel-api-asset@BPNL00000003AYRE,0ef26eaf-3d7c-479a-9a01-d5fa6d5cdd8e,f31f0dff-35b8-450c-bff6-d758ca652cb4,1791480001032,1791480004416,1791480004416,1,
d8198fcc-64aa-4ca0-8103-c28e130b57fd,PROVIDER,1000,DigitalTwinRegistryId@BPNL00000003AYRE,83673ffd-c48c-429a-b6c6-7e8dac70b874,8724b592-0449-404a-ad01-8573398b6a0b,1791480003183,1791480006034,1791480006034,1,
15cd57d1-f2ff-4fcc-937d-80266da98c29,PROVIDER,1000,itemstocksubmodel-api-asset@BPNL00000003AYRE,0ef26eaf-3d7c-479a-9a01-d5fa6d5cdd8e,acbb3820-144c-4ec9-b5c6-02349695587f,1791480005310,1791480007793,1791480007793,1,
97dc94d5-9a55-4cf9-aefe-3139685acb47,PROVIDER,1000,DigitalTwinRegistryId@BPNL00000003AYRE,83673ffd-c48c-429a-b6c6-7e8dac70b874,cb54857f-9e06-49fa-81e4-d7c9b183878b,1791480006532,1791480009044,1791480009044,1,
780e968b-cbdf-4390-a6f2-b760591531e4,PROVIDER,1000,itemstocksubmodel-api-asset@BPNL00000003AYRE,0ef26eaf-3d7c-479a-9a01-d5fa6d5cdd8e,740bb3f5-7f4f-4d83-b7a9-4aff372cc854,1791480008675,1791480010308,1791480010308,1,
3c6e3f34-99f8-4c2d-8453-548a4590987b,PROVIDER,1000,DigitalTwinRegistryId@BPNL00000003AYRE,83673ffd-c48c-429a-b6c6-7e8dac70b874,b9974272-c517-4f92-955d-a83a736c7903,1791480009857,1791480011652,1791480011652,1,
ffe7cc45-ed1a-41e4-9c52-5f2bb694fe89,PROVIDER,1000,itemstocksubmodel-api-asset@BPNL00000003AYRE,0ef26eaf-3d7c-479a-9a01-d5fa6d5cdd8e,46b53323-8e25-4e20-ac90-8eb8c81ac99b,1791480011134,1791480012818,1791480012818,1,
c194b68d-e45e-4e70-9582-38e8083a71b4,PROVIDER,1000,DigitalTwinRegistryId@BPNL00000003AYRE,83673ffd-c48c-429a-b6c6-7e8dac70b874,1f181043-9e74-4e9a-8328-0bd4e856e9de,1791480013344,1791480015342,1791480015342,1,
c8b15e0a-862a-4759-87f7-c055fb7ab7c0,PROVIDER,1000,itemstocksubmodel-api-asset@BPNL00000003AYRE,0ef26eaf-3d7c-479a-9a01-d5fa6d5cdd8e,b59d1274-602f-4551-9a36-7eb8e16869d8,1791480014475,1791480016452,1791480016452,1,
9f669f7e-b39a-492f-9ec4-c99e6a1ab12a,PROVIDER,1000,DigitalTwinRegistryId@BPNL00000003AYRE,83673ffd-c48c-429a-b6c6-7e8dac70b874,3dfe2616-f61e-45a5-b3d2-57e27715da0c,1791480016634,1791480019964,1791480019964,1,
3715a717-943c-425f-aa82-6056270a3388,PROVIDER,1000,itemstocksubmodel-api-asset@BPNL00000003AYRE,0ef26eaf-3d7c-479a-9a01-d5fa6d5cdd8e,91e1e190-ea6a-46d0-97f8-99e787eed434,1791480018808,1791480021687,1791480021687,1,
43651810-6b69-4dcf-9ef7-bc12a9691e97,PROVIDER,1000,DigitalTwinRegistryId@BPNL00000003AYRE,83673ffd-c48c-429a-b6c6-7e8dac70b874,65a9a868-f400-44c1-9757-e7e077f06869,1791480019957,1791480021700,1791480021700,1,
54fd5825-57a8-4ed8-9cb8-5c13ff1d990f,PROVIDER,1000,itemstocksubmodel-api-asset@BPNL00000003AYRE,0ef26eaf-3d7c-479a-9a01-d5fa6d5cdd8e,27e1cdc7-462d-41c1-aecf-74c889f2b916,1791480021090,1791480022812,1791480022812,1,
1fcfba9c-2192-4744-895c-e75024f97e05,PROVIDER,1000,DigitalTwinRegistryId@BPNL00000003AYRE,83673ffd-c48c-429a-b6c6-7e8dac70b874,2f2a7fa0-6870-4ed4-8eb2-3e3cbe4c4306,1791480023440,1791480025198,1791480025198,1,
73c990f9-ddae-4fcd-89f0-1ddd14ced203,PROVIDER,1000,itemstocksubmodel-api-asset@BPNL00000003AYRE,0ef26eaf-3d7c-479a-9a01-d5fa6d5cdd8e,c5514dc3-1d57-4afe-af47-36e03d4b40fe,1791480024586,1791480026446,1791480026446,1,
244668a5-de3b-4c03-ba73-8ef535eb9633,PROVIDER,1000,DigitalTwinRegistryId@BPNL00000003AYRE,83673ffd-c48c-429a-b6c6-7e8dac70b874,1c2e5a9c-58ef-4d80-be1b-896c18dfb2e5,1791480026793,1791480028964,1791480028964,1,
9a5ba1ac-8c44-4993-ad6e-f27fb72081f0,PROVIDER,1000,itemstocksubmodel-api-asset@BPNL00000003AYRE,0ef26eaf-3d7c-479a-9a01-d5fa6d5cdd8e,1286b625-6174-401a-b9eb-37d006048dc9,1791480027931,1791480031245,1791480031245,1,
bc7ce823-d24c-4ec0-ad0b-608b41618eee,PROVIDER,1000,DigitalTwinRegistryId@BPNL00000003AYRE,83673ffd-c48c-429a-b6c6-7e8dac70b874,116f4589-ff23-4a9b-8d47-9dec6c874ba4,1791480030096,1791480033516,1791480033516,1,
678c6738-744a-4456-9ab7-5651f6b63dc6,PROVIDER,1000,itemstocksubmodel-api-asset@BPNL00000003AYRE,0ef26eaf-3d7c-479a-9a01-d5fa6d5cdd8e,24362690-2110-4ae9-bb15-e5c38326bcfa,1791480032358,1791480034849,1791480034849,1,
600b2d0b-cda5-4148-b77c-719605635afe,PROVIDER,1000,DigitalTwinRegistryId@BPNL00000003AYRE,83673ffd-c48c-429a-b6c6-7e8dac70b874,b1b78aba-791c-4936-aa87-de1ac1fd371b,1791480033915,1791480036126,1791480036126,1,
cbe1cc97-7a49-4257-9a57-16376fe142dc,PROVIDER,1000,itemstocksubmodel-api-asset@BPNL00000003AYRE,0ef26eaf-3d7c-479a-9a01-d5fa6d5cdd8e,5b8b3331-be31-49f9-a52b-1892e6163359,1791480035154,1791480037721,1791480037721,1,
ec0c9662-28a9-4255-9118-2f75259f1f5e,PROVIDER,1000,DigitalTwinRegistryId@BPNL00000003AYRE,83673ffd-c48c-429a-b6c6-7e8dac70b874,3f405f5d-0e80-4002-835e-97ce3c6f89a5,1791480036263,1791480039258,1791480039258,1,
e884b8ad-1d1e-4c90-9c92-96e9c0be51dc,PROVIDER,1000,itemstocksubmodel-api-asset@BPNL00000003AYRE,0ef26eaf-3d7c-479a-9a01-d5fa6d5cdd8e,f3405025-8dda-4e99-9be2-70285a5deb27,1791480038461,1791480040567,1791480040567,1,
71fd5bd0-9ca6-4131-b4a6-d2c1e5c25e57,PROVIDER,1000,DigitalTwinRegistryId@BPNL00000003AYRE,83673ffd-c48c-429a-b6c6-7e8dac70b874,9a2df590-8bda-473c-bd68-9d3a9c058b57,1791480039648,1791480041850,1791480041850,1,
fcd59554-106f-470a-9eb7-e3de16e794bd,PROVIDER,1000,itemstocksubmodel-api-asset@BPNL00000003AYRE,0ef26eaf-3d7c-479a-9a01-d5fa6d5cdd8e,e2fd23b8-af6d-444a-a93c-ba777e3bda1d,1791480040776,1791480044138,1791480044138,1,
2ecc86ed-0741-4865-ab97-ae82f1181af7,PROVIDER,1000,DigitalTwinRegistryId@BPNL00000003AYRE,83673ffd-c48c-429a-b6c6-7e8dac70b874,c4c4ab0e-af6f-4df4-804d-81c5de047cdb,1791480043068,1791480045543,1791480045543,1,
b2468e3c-22e1-406c-9244-6cf59a8e5afa,PROVIDER,1000,itemstocksubmodel-api-asset@BPNL00000003AYRE,0ef26eaf-3d7c-479a-9a01-d5fa6d5cdd8e,35e83a60-078c-4bee-a290-284dd7abfd8e,1791480044355,1791480046775,1791480046775,1,
24c2af44-b00d-4538-8d40-ca49c15310e1,PROVIDER,1000,DigitalTwinRegistryId@BPNL00000003AYRE,83673ffd-c48c-429a-b6c6-7e8dac70b874,b2f5793b-0c7b-458d-af0c-d167a71f3408,1791480046476,1791480048010,1791480048010,1,
b7296bf9-1937-4fa4-8973-c2cbb8dbf5ea,PROVIDER,1000,itemstocksubmodel-api-asset@BPNL00000003AYRE,0ef26eaf-3d7c-479a-9a01-d5fa6d5cdd8e,31383c40-1604-490e-b5ba-bcefc2250358,1791480047626,1791480049134,1791480049134,1,
f222327a-e77d-402d-83d8-114731e8d0b9,PROVIDER,1000,DigitalTwinRegistryId@BPNL00000003AYRE,83673ffd-c48c-429a-b6c6-7e8dac70b874,7091d655-eb41-41cc-a64c-493d1be8045f,1791480049859,1791480051562,1791480051562,1,
47683974-f2c6-4eb4-b797-e68628ead946,PROVIDER,1000,itemstocksubmodel-api-asset@BPNL00000003AYRE,0ef26eaf-3d7c-479a-9a01-d5fa6d5cdd8e,bf136ea8-d833-4bc6-a96a-632edfc17a18,1791480051032,1791480052666,1791480052666,1,
d8d9b2c2-7381-4b0a-836d-463bebb2e4c4,PROVIDER,1000,DigitalTwinRegistryId@BPNL00000003AYRE,83673ffd-c48c-429a-b6c6-7e8dac70b874,68f6d07a-2ed3-441a-982f-8f2bbc99fd07,1791480053340,1791480055068,1791480055068,1,
7e9d493b-baca-49ed-a07e-e9bd88afb3bd,PROVIDER,1000,itemstocksubmodel-api-asset@BPNL00000003AYRE,0ef26eaf-3d7c-479a-9a01-d5fa6d5cdd8e,0653543b-763f-43e1-8ade-7627460351e8,1791480054480,1791480056241,1791480056241,1,
c1a81577-b6cd-41f4-b905-e97f0d705612,PROVIDER,1000,DigitalTwinRegistryId@BPNL00000003AYRE,83673ffd-c48c-429a-b6c6-7e8dac70b874,649ccc04-5ad4-4dd0-882b-111e3e4caae4,1791480056757,1791480060137,1791480060137,1,
acb4bb7a-0b47-4160-9ae7-2c82fa7223df,PROVIDER,1000,itemstocksubmodel-api-asset@BPNL00000003AYRE,0ef26eaf-3d7c-479a-9a01-d5fa6d5cdd8e,9083f86a-e3db-4889-b7bd-1e3e3b6597a2,1791480058861,1791480061663,1791480061663,1,
bb5917f1-63a6-4e04-a76e-b39587c3ddd3,PROVIDER,1000,DigitalTwinRegistryId@BPNL00000003AYRE,83673ffd-c48c-429a-b6c6-7e8dac70b874,d6af24b2-9999-4052-9481-85913f90a3d3,1791480060044,1791480061674,1791480061674,1,
e8e4e087-f48f-4605-8881-6ce3beacf9bf,PROVIDER,1000,itemstocksubmodel-api-asset@BPNL00000003AYRE,0ef26eaf-3d7c-479a-9a01-d5fa6d5cdd8e,7f5008eb-9c81-4839-a922-a248dc510fb3,1791480061239,1791480062783,1791480062783,1,
a06bb8d6-47f9-41df-a6c3-e3b9f474ed83,PROVIDER,1000,DigitalTwinRegistryId@BPNL00000003AYRE,83673ffd-c48c-429a-b6c6-7e8dac70b874,a2f382ab-eb49-483e-b5a1-c39cc2079125,1791480063831,1791480065243,1791480065243,1,
8bdd779f-ea4a-4eb0-910b-9992836c6225,PROVIDER,1000,itemstocksubmodel-api-asset@BPNL00000003AYRE,0ef26eaf-3d7c-479a-9a01-d5fa6d5cdd8e,693cf3f5-b993-4120-b766-f9cb11d865a1,1791480064970,1791480066533,1791480066533,1,
d37ebc6f-fb86-4977-87fb-8d8a80a72b6b,PROVIDER,1000,DigitalTwinRegistryId@BPNL00000003AYRE,83673ffd-c48c-429a-b6c6-7e8dac70b874,1e0efb14-f8c5-4764-8679-79efba31d5d8,1791480066134,1791480067872,1791480067872,1,
7f4e7d18-8ad1-4730-a5e0-fa5755efe700,PROVIDER,1000,itemstocksubmodel-api-asset@BPNL00000003AYRE,0ef26eaf-3d7c-479a-9a01-d5fa6d5cdd8e,c1f02262-248a-428d-8ab6-2db0c5363d5b,1791480067341,1791480069044,1791480069044,1,
ec917447-1ed1-4a5e-a705-6683abb4304a,PROVIDER,1000,DigitalTwinRegistryId@BPNL00000003AYRE,83673ffd-c48c-429a-b6c6-7e8dac70b874,09841c39-4051-4387-b956-4f73487e0f6d,1791480069470,1791480071591,1791480071591,1,
3dfbbb9f-b2eb-49ce-8187-f8cc7d8a0249,PROVIDER,1000,itemstocksubmodel-api-asset@BPNL00000003AYRE,0ef26eaf-3d7c-479a-9a01-d5fa6d5cdd8e,6c625e54-7dcf-4349-9ed4-37977feccdd4,1791480070637,1791480073904,1791480073904,1,
edb89625-f258-43bb-a84a-82daeb02e0b6,PROVIDER,1000,DigitalTwinRegistryId@BPNL00000003AYRE,83673ffd-c48c-429a-b6c6-7e8dac70b874,4a8fa03d-12bf-40f2-a695-3c730960749f,1791480072967,1791480075312,1791480075312,1,
d9b328fc-9cbd-49d5-943b-7d85f55ecf76,PROVIDER,1000,itemstocksubmodel-api-asset@BPNL00000003AYRE,0ef26eaf-3d7c-479a-9a01-d5fa6d5cdd8e,cfd5fcef-eb3b-4b08-9482-f3d48cff258b,1791480074183,1791480076507,1791480076507,1,
a136900b-b37c-4993-a614-a1b7c8bf3e7a,PROVIDER,1000,DigitalTwinRegistryId@BPNL00000003AYRE,83673ffd-c48c-429a-b6c6-7e8dac70b874,5cfa2fbf-a2fd-4db5-afa4-b0ee555d9d82,1791480076538,1791480079925,1791480079925,1,
bfbe06d5-565e-46ca-a588-09f8c3b035b4,PROVIDER,1000,itemstocksubmodel-api-asset@BPNL00000003AYRE,0ef26eaf-3d7c-479a-9a01-d5fa6d5cdd8e,bae031a7-6398-410e-bf58-8e1a919a3108,1791480078676,1791480082410,1791480082410,1,
9da4b58f-dc2f-4b9f-8fad-57adfa729dba,PROVIDER,1000,DigitalTwinRegistryId@BPNL00000003AYRE,83673ffd-c48c-429a-b6c6-7e8dac70b874,51d1b3cb-50e9-4c2d-bef0-7b79dc65c3bb,1791480079859,1791480082421,1791480082421,1,
4ee9c0a8-b7c3-4a2c-8407-3999b7bcb7b2,PROVIDER,1000,itemstocksubmodel-api-asset@BPNL00000003AYRE,0ef26eaf-3d7c-479a-9a01-d5fa6d5cdd8e,c88b3bae-bf86-408c-9c44-492f9f1fb45e,1791480081132,1791480083853,1791480083853,1,
4b26fb28-fe00-45d9-8e16-9a8329a19361,PROVIDER,1000,DigitalTwinRegistryId@BPNL00000003AYRE,83673ffd-c48c-429a-b6c6-7e8dac70b874,7755f616-5d56-410c-8e3f-4c44f8be5b6f,1791480083399,1791480085082,1791480085082,1,
cb1c6801-3108-4c22-b717-462954dff68d,PROVIDER,1000,itemstocksubmodel-api-asset@BPNL00000003AYRE,0ef26eaf-3d7c-479a-9a01-d5fa6d5cdd8e,6c0aa3a8-7afe-4f08-811e-74dec5f502a9,1791480084577,1791480086214,1791480086214,1,
e3425735-6df4-4fda-a32b-fb9ff76fe064,PROVIDER,1000,DigitalTwinRegistryId@BPNL00000003AYRE,83673ffd-c48c-429a-b6c6-7e8dac70b874,ddbef9ab-7a2f-4cb2-8497-cfea0ddb2280,1791480086800,1791480088913,1791480088913,1,
0290ae89-bef9-47a0-b3f6-fad1a16e302e,PROVIDER,1000,itemstocksubmodel-api-asset@BPNL00000003AYRE,0ef26eaf-3d7c-479a-9a01-d5fa6d5cdd8e,4218e17c-3625-4489-a681-017b0a821a9f,1791480087900,1791480091333,1791480091333,1,
2a8b862c-fc5e-4484-845c-5362f5668a9e,PROVIDER,1000,DigitalTwinRegistryId@BPNL00000003AYRE,83673ffd-c48c-429a-b6c6-7e8dac70b874,5fbb72d3-132c-47c3-94eb-91387bce8a02,1791480090091,1791480092604,1791480092604,1,
c7877244-c819-431f-9540-c622d09c81c3,PROVIDER,1000,itemstocksubmodel-api-asset@BPNL00000003AYRE,0ef26eaf-3d7c-479a-9a01-d5fa6d5cdd8e,10c88c7c-da39-40a4-924a-e09ede8d54bc,1791480092285,1791480093878,1791480093878,1,
a18f76a5-6cf1-4cfe-b379-44d791549af8,PROVIDER,1000,DigitalTwinRegistryId@BPNL00000003AYRE,83673ffd-c48c-429a-b6c6-7e8dac70b874,20303d26-13e8-4aec-a036-21e0904da8c5,1791480093464,1791480095120,1791480095120,1,
21afba48-f629-4b8e-8ce9-08d7d9ae9075,PROVIDER,1000,itemstocksubmodel-api-asset@BPNL00000003AYRE,0ef26eaf-3d7c-479a-9a01-d5fa6d5cdd8e,303b3722-7505-415f-9fa2-9c0d250167ef,1791480094671,1791480096235,1791480096235,1,
5b2d9c7b-f1be-42ad-a559-a692d76369dc,PROVIDER,1000,DigitalTwinRegistryId@BPNL00000003AYRE,83673ffd-c48c-429a-b6c6-7e8dac70b874,9bf06a54-83ef-4e77-a826-85f8fc1728b9,1791480096828,1791480099010,1791480099010,1,
ba167390-c93e-4ec5-b283-f482f4d54c3d,PROVIDER,1000,itemstocksubmodel-api-asset@BPNL00000003AYRE,0ef26eaf-3d7c-479a-9a01-d5fa6d5cdd8e,cf46d1e1-2e7a-4984-b081-049ff97554b5,1791480097992,1791480101277,1791480101277,1,
f1d3d3e5-87cf-473c-bc85-16706cf5ec59,PROVIDER,1000,DigitalTwinRegistryId@BPNL00000003AYRE,83673ffd-c48c-429a-b6c6-7e8dac70b874,e89fd9e5-328f-4f91-bcbb-22a43bb24f4e,1791480100215,1791480102500,1791480102500,1,
bcf2c3ae-8014-4ff5-948b-22fad0c8e1b5,PROVIDER,1000,itemstocksubmodel-api-asset@BPNL00000003AYRE,0ef26eaf-3d7c-479a-9a01-d5fa6d5cdd8e,87d6dbdc-c210-45d1-b63a-7f729c74e30f,1791480101494,1791480103843,1791480103843,1,
b353d058-4b3e-4df8-ba44-b277201b4f3f,PROVIDER,1000,DigitalTwinRegistryId@BPNL00000003AYRE,83673ffd-c48c-429a-b6c6-7e8dac70b874,8f744c7d-9436-4201-aee3-40e178ec6434,1791480102919,1791480105150,1791480105150,1,
005509b0-3c1a-4af1-9e96-6cfd9f2a6043,PROVIDER,1000,itemstocksubmodel-api-asset@BPNL00000003AYRE,0ef26eaf-3d7c-479a-9a01-d5fa6d5cdd8e,846db855-e1de-4d7a-b14d-eadbdd3fda95,1791480104066,1791480107863,1791480107863,1,
737bc610-aa2c-4f63-8093-c640fff0c9cd,PROVIDER,1000,DigitalTwinRegistryId@BPNL00000003AYRE,83673ffd-c48c-429a-b6c6-7e8dac70b874,b0e2f541-36b7-450c-b4ba-57f494b0fe3c,1791480106276,1791480109204,1791480109204,1,
2f86c977-825a-490e-bf4f-a1a058777761,PROVIDER,1000,itemstocksubmodel-api-asset@BPNL00000003AYRE,0ef26eaf-3d7c-479a-9a01-d5fa6d5cdd8e,9e6a468d-e813-41bf-8f91-8b188f483a84,1791480108449,1791480110464,1791480110464,1,
dd147d69-a063-4836-9f08-add8e7a4b3c4,PROVIDER,1000,DigitalTwinRegistryId@BPNL00000003AYRE,83673ffd-c48c-429a-b6c6-7e8dac70b874,b3120c26-d154-4ed9-98a2-1faa8a641c03,1791480109579,1791480111719,1791480111719,1,
8f3df5dd-c61b-4b8a-acf9-1612638e77f4,PROVIDER,1000,itemstocksubmodel-api-asset@BPNL00000003AYRE,0ef26eaf-3d7c-479a-9a01-d5fa6d5cdd8e,e198dfb8-877c-4bf1-b15d-7849d5f6814a,1791480110772,1791480113952,1791480113952,1,
1784533b-e26d-4f28-8901-c23d96346186,PROVIDER,1000,DigitalTwinRegistryId@BPNL00000003AYRE,83673ffd-c48c-429a-b6c6-7e8dac70b874,fb0302d1-e30e-4b7c-8e77-c0ec1c15318c,1791480112970,1791480116564,1791480116564,1,
7c2c70ff-037a-42d6-a137-01f70406c923,PROVIDER,1000,itemstocksubmodel-api-asset@BPNL00000003AYRE,0ef26eaf-3d7c-479a-9a01-d5fa6d5cdd8e,25b26171-1c2c-4934-8eb0-3aed4e2c0975,1791480115199,1791480117960,1791480117960,1,
f4c9bc1b-0f78-4113-b717-3448b51e3d58,PROVIDER,1000,DigitalTwinRegistryId@BPNL00000003AYRE,83673ffd-c48c-429a-b6c6-7e8dac70b874,898010ce-bf01-40e7-9cad-413503853dba,1791480116541,1791480117969,1791480117969,1,
6929b9fc-cbab-424d-9652-4f2fa19463d3,PROVIDER,1000,itemstocksubmodel-api-asset@BPNL00000003AYRE,0ef26eaf-3d7c-479a-9a01-d5fa6d5cdd8e,edb25e86-4152-453b-89d3-a07326f3efb6,1791480117626,1791480119143,1791480119143,1,
0d8ded65-ce82-4cb4-95a9-d1c135032a56,PROVIDER,1000,DigitalTwinRegistryId@BPNL00000003AYRE,83673ffd-c48c-429a-b6c6-7e8dac70b874,159c4c45-fc3c-4cb4-a811-aee0ebd59519,1791480119831,1791480121707,1791480121707,1,
662c2d81-3418-462b-9b85-773d024f51e4,PROVIDER,1000,itemstocksubmodel-api-asset@BPNL00000003AYRE,0ef26eaf-3d7c-479a-9a01-d5fa6d5cdd8e,0aded4c8-e2a5-461b-b88f-6f56045a2f11,1791480121032,1791480122851,1791480122851,1,
8573c700-65d7-4450-b1e0-409019f0409f,PROVIDER,1000,DigitalTwinRegistryId@BPNL00000003AYRE,83673ffd-c48c-429a-b6c6-7e8dac70b874,128be530-8205-42a1-9312-4fdcddd9cd83,1791480123274,1791480125265,1791480125265,1,
73341ec1-7694-4aa7-b023-53e220e26518,PROVIDER,1000,itemstocksubmodel-api-asset@BPNL00000003AYRE,0ef26eaf-3d7c-479a-9a01-d5fa6d5cdd8e,0b88d826-bcd2-4a00-bde3-96d17c4b1765,1791480124391,1791480126426,1791480126426,1,
114fabf6-ccbe-4cd7-99a4-4a6be1fc4f45,PROVIDER,1000,DigitalTwinRegistryId@BPNL00000003AYRE,83673ffd-c48c-429a-b6c6-7e8dac70b874,4e8b4604-5ecb-4ec4-b712-80dc3b51344b,1791480126747,1791480128807,1791480128807,1,
d682a448-2335-447d-8fe5-71a40d166f89,PROVIDER,1000,itemstocksubmodel-api-asset@BPNL00000003AYRE,0ef26eaf-3d7c-479a-9a01-d5fa6d5cdd8e,846b003a-02d5-4fe7-a246-b7e2e88c7af2,1791480128003,1791480129907,1791480129907,1,
0c98c0c7-71f8-422a-a7bc-63e297ab599e,PROVIDER,1000,DigitalTwinRegistryId@BPNL00000003AYRE,83673ffd-c48c-429a-b6c6-7e8dac70b874,77b4867e-0c13-431f-a5ea-362d634c80b7,1791480130206,1791480132386,1791480132386,1,
888fe9d6-f6f5-4961-8532-b96d03513477,PROVIDER,1000,itemstocksubmodel-api-asset@BPNL00000003AYRE,0ef26eaf-3d7c-479a-9a01-d5fa6d5cdd8e,982a90fe-800d-4b56-9cfe-a1324fa37b1e,1791480131420,1791480133620,1791480133620,1,
1a545666-ba91-400a-845e-267e988be346,PROVIDER,1000,DigitalTwinRegistryId@BPNL00000003AYRE,83673ffd-c48c-429a-b6c6-7e8dac70b874,9ceecbbc-c329-4c25-b906-ff9909410511,1791480132920,1791480134867,1791480134867,1,
48f3c426-374a-4ff9-8e64-f5d3454a7e22,PROVIDER,1000,itemstocksubmodel-api-asset@BPNL00000003AYRE,0ef26eaf-3d7c-479a-9a01-d5fa6d5cdd8e,2224821b-1b0c-472d-a5df-c645a82a0ad0,1791480134021,1791480136197,1791480136197,1,
c4deb57f-c0df-4588-a1f9-a282105f6ea4,PROVIDER,1000,DigitalTwinRegistryId@BPNL00000003AYRE,83673ffd-c48c-429a-b6c6-7e8dac70b874,9c719d33-24d7-4864-9a08-057dbcb4aea2,1791480136243,1791480138965,1791480138965,1,
82fee813-2ffb-4c45-99e4-8e3b30af12c5,PROVIDER,1000,itemstocksubmodel-api-asset@BPNL00000003AYRE,0ef26eaf-3d7c-479a-9a01-d5fa6d5cdd8e,6229518e-9b07-4ca7-af18-7300880245fc,1791480138455,1791480140234,1791480140234,1,
423f9774-22a8-4dbb-9dd9-ef49589a590b,PROVIDER,1000,DigitalTwinRegistryId@BPNL00000003AYRE,83673ffd-c48c-429a-b6c6-7e8dac70b874,8ea8cee7-202e-47f0-8747-b39308d14fed,1791480139585,1791480141467,1791480141467,1,
f988a418-f268-4b4a-b1a9-2957f3a2a1bd,PROVIDER,1000,itemstocksubmodel-api-asset@BPNL00000003AYRE,0ef26eaf-3d7c-479a-9a01-d5fa6d5cdd8e,f28bb39b-8cc0-426c-b5d2-7e7052d634a0,1791480140780,1791480142623,1791480142623,1,
a78df0bd-6fe7-44ca-b689-00027f92b88f,PROVIDER,1000,DigitalTwinRegistryId@BPNL00000003AYRE,83673ffd-c48c-429a-b6c6-7e8dac70b874,ba0f8067-e4f2-4844-8ef2-dacaf0c5cb2d,1791480143024,1791480145034,1791480145034,1,
0b341f3e-2700-459f-9a7f-b327ad7d91ad,PROVIDER,1000,itemstocksubmodel-api-asset@BPNL00000003AYRE,0ef26eaf-3d7c-479a-9a01-d5fa6d5cdd8e,cb327548-cba5-43b5-befb-778172ce8797,1791480144176,1791480146146,1791480146146,1,
53c83ea7-74b2-496c-8909-7e140d9497ff,PROVIDER,1000,DigitalTwinRegistryId@BPNL00000003AYRE,83673ffd-c48c-429a-b6c6-7e8dac70b874,f0ce2c9e-8a71-4e80-a49e-5af9d9d9cf9e,1791480146634,1791480149960,1791480149960,1,
076a32ab-5c9b-42c1-b3f3-cac23dd71207,PROVIDER,1000,itemstocksubmodel-api-asset@BPNL00000003AYRE,0ef26eaf-3d7c-479a-9a01-d5fa6d5cdd8e,a5541ec5-b724-47c6-9838-87dee36fe8d8,1791480148773,1791480151567,1791480151567,1,
eb781289-edbb-462b-96c8-415e20ef72b3,PROVIDER,1000,DigitalTwinRegistryId@BPNL00000003AYRE,83673ffd-c48c-429a-b6c6-7e8dac70b874,e40bb068-8aad-4e02-a360-faf1adabb278,1791480149941,1791480151576,1791480151576,1,
4fd58b76-8d58-40dd-af24-beddf76a0f1c,PROVIDER,1000,itemstocksubmodel-api-asset@BPNL00000003AYRE,0ef26eaf-3d7c-479a-9a01-d5fa6d5cdd8e,f2363535-9e2a-47df-8847-ac319f57d063,1791480151143,1791480152689,1791480152689,1,
53af8c6e-8330-4be1-8446-baf9cd946303,PROVIDER,1000,DigitalTwinRegistryId@BPNL00000003AYRE,83673ffd-c48c-429a-b6c6-7e8dac70b874,6a27dabe-f389-4c0f-bd7e-80e42d2c943c,1791480153380,1791480155104,1791480155104,1,
6c57fa9a-d203-4490-b12c-6e682bf826b2,PROVIDER,1000,itemstocksubmodel-api-asset@BPNL00000003AYRE,0ef26eaf-3d7c-479a-9a01-d5fa6d5cdd8e,3d759217-3dab-488b-b3ab-70148bce16f4,1791480154477,1791480156749,1791480156749,1,
c8158879-b1f8-44fb-bfd3-ed6dafef9647,PROVIDER,1000,DigitalTwinRegistryId@BPNL00000003AYRE,83673ffd-c48c-429a-b6c6-7e8dac70b874,cfecc194-e586-4e3d-88b6-ef2ba7999e76,1791480156644,1791480158252,1791480158252,1,
564a0c12-982e-4819-83bd-7605bd906243,PROVIDER,1000,itemstocksubmodel-api-asset@BPNL00000003AYRE,0ef26eaf-3d7c-479a-9a01-d5fa6d5cdd8e,ad2abd9a-b0b7-468f-92f6-29d8906003e3,1791480157781,1791480159435,1791480159435,1,
88cb8a06-b205-43f8-9265-f6d59ebcbead,PROVIDER,1000,DigitalTwinRegistryId@BPNL00000003AYRE,83673ffd-c48c-429a-b6c6-7e8dac70b874,01ce2c6b-78b4-406a-a597-89cfe023554e,1791480160042,1791480161917,1791480161917,1,
b46074f0-25c7-4b07-90ec-ff1012340bdb,PROVIDER,1000,itemstocksubmodel-api-asset@BPNL00000003AYRE,0ef26eaf-3d7c-479a-9a01-d5fa6d5cdd8e,57aad5eb-a5c1-491d-8bd4-c0d07c5c7434,1791480161230,1791480163034,1791480163034,1,
ad1cc8cb-6be8-4ec3-ba48-9796576e97a4,PROVIDER,1000,DigitalTwinRegistryId@BPNL00000003AYRE,83673ffd-c48c-429a-b6c6-7e8dac70b874,5328973f-b91b-4693-aaf2-71c12c4bce88,1791480163383,1791480165527,1791480165527,1,
b063e19e-3450-45a4-924c-96a6eaa72efc,PROVIDER,1000,itemstocksubmodel-api-asset@BPNL00000003AYRE,0ef26eaf-3d7c-479a-9a01-d5fa6d5cdd8e,d7ae8509-fc6c-4ec9-8061-b857ca3404e1,1791480164471,1791480166633,1791480166633,1,
62067208-298c-4a9e-9cdb-dd0cfa23e184,PROVIDER,1000,DigitalTwinRegistryId@BPNL00000003AYRE,83673ffd-c48c-429a-b6c6-7e8dac70b874,a45f5536-010d-4ade-a158-e0f365592213,1791480166742,1791480170098,1791480170098,1,
50a6f7ae-3c88-4e03-b045-aad18609d390,PROVIDER,1000,itemstocksubmodel-api-asset@BPNL00000003AYRE,0ef26eaf-3d7c-479a-9a01-d5fa6d5cdd8e,877fe77e-c838-412a-82aa-b01a25a03034,1791480168905,1791480171428,1791480171428,1,
66c43400-8496-4d96-a3e5-82c888e1a5af,PROVIDER,1000,DigitalTwinRegistryId@BPNL00000003AYRE,83673ffd-c48c-429a-b6c6-7e8dac70b874,4235ecb7-cf79-4825-bf4f-20a02b22c26c,1791480170142,1791480173060,1791480173060,1,
1381bf91-2187-426e-99f5-ffaae5f3ea5d,PROVIDER,1000,itemstocksubmodel-api-asset@BPNL00000003AYRE,0ef26eaf-3d7c-479a-9a01-d5fa6d5cdd8e,d5108a2a-193e-43c9-8b4b-83d046ccd1d2,1791480172401,1791480174376,1791480174376,1,
af5db07b-3a61-4c40-acb1-96e7d2045258,PROVIDER,1000,DigitalTwinRegistryId@BPNL00000003AYRE,83673ffd-c48c-429a-b6c6-7e8dac70b874,4167f7c3-23c1-48e5-af74-a51bd4ab70d4,1791480173827,1791480175833,1791480175833,1,
f5d0db93-a2ef-4d93-9b5b-a4318944567e,PROVIDER,1000,itemstocksubmodel-api-asset@BPNL00000003AYRE,0ef26eaf-3d7c-479a-9a01-d5fa6d5cdd8e,db25e19c-2180-4c76-9b7b-bc53232165c8,1791480174970,1791480177748,1791480177748,1,
8a891572-e614-4ee6-8932-8db28a9b4eaf,PROVIDER,1000,DigitalTwinRegistryId@BPNL00000003AYRE,83673ffd-c48c-429a-b6c6-7e8dac70b874,07019492-94b6-41d4-b032-0b7f8c9da59e,1791480176141,1791480179201,1791480179201,1,
2860baa8-06b2-4c92-8ae9-1ddb096e4504,PROVIDER,1000,itemstocksubmodel-api-asset@BPNL00000003AYRE,0ef26eaf-3d7c-479a-9a01-d5fa6d5cdd8e,018d4d0c-b086-47ec-ad8e-1fdcb0466903,1791480178422,1791480180484,1791480180484,1,
6306474a-7c47-453d-98fa-0a298add1978,PROVIDER,1000,DigitalTwinRegistryId@BPNL00000003AYRE,83673ffd-c48c-429a-b6c6-7e8dac70b874,a73e2846-9d41-42b5-b9ef-97cb19f74252,1791480179587,1791480181751,1791480181751,1,
65be1f99-28bb-4df4-9b33-5c3de7a6a2e2,PROVIDER,1000,itemstocksubmodel-api-asset@BPNL00000003AYRE,0ef26eaf-3d7c-479a-9a01-d5fa6d5cdd8e,899e1f31-fefe-4776-b216-c02d1239c876,1791480180799,1791480184261,1791480184261,1,
10bc6dbd-47a2-46ad-b64a-a494f4882597,PROVIDER,1000,DigitalTwinRegistryId@BPNL00000003AYRE,83673ffd-c48c-429a-b6c6-7e8dac70b874,6c3d1a17-468c-4123-aaef-f73722c88310,1791480183079,1791480185846,1791480185846,1,
6d823bae-5b68-400c-8091-aa92d66532cb,PROVIDER,1000,itemstocksubmodel-api-asset@BPNL00000003AYRE,0ef26eaf-3d7c-479a-9a01-d5fa6d5cdd8e,5986c4d9-38c7-46dc-bae1-7aa843ced13d,1791480184348,1791480187840,1791480187840,1,
808e848b-abe2-4964-9a6a-6df996290fa0,PROVIDER,1000,DigitalTwinRegistryId@BPNL00000003AYRE,83673ffd-c48c-429a-b6c6-7e8dac70b874,ea9808d2-32a5-46b2-ba4e-b0d10dae4cbc,1791480186495,1791480189077,1791480189077,1,
19ab4f04-e3b0-4c1e-bb3b-d4507f9ae436,PROVIDER,1000,itemstocksubmodel-api-asset@BPNL00000003AYRE,0ef26eaf-3d7c-479a-9a01-d5fa6d5cdd8e,30a37b14-bc58-41d5-bc39-733a698a6dd4,1791480188689,1791480190394,1791480190394,1,
e1635297-5d2c-4776-bdbb-92c6493891de,PROVIDER,1000,DigitalTwinRegistryId@BPNL00000003AYRE,83673ffd-c48c-429a-b6c6-7e8dac70b874,00e64885-9fa0-42e9-a573-9033f305f164,1791480189871,1791480191769,1791480191769,1,
b1938d8e-c2ef-4ad0-bfc0-77b36d1667a7,PROVIDER,1000,itemstocksubmodel-api-asset@BPNL00000003AYRE,0ef26eaf-3d7c-479a-9a01-d5fa6d5cdd8e,827d9b37-58eb-4e2c-9677-d4c5abe6da5f,1791480191129,1791480192938,1791480192938,1,
226977b6-d47c-4211-8266-da673bacab74,PROVIDER,1000,DigitalTwinRegistryId@BPNL00000003AYRE,83673ffd-c48c-429a-b6c6-7e8dac70b874,c600d7f4-5182-4cc3-838a-8962faeceef4,1791480193428,1791480195402,1791480195402,1,
029b1d2d-06fc-4c9f-9cc2-6e5a056e6f20,PROVIDER,1000,itemstocksubmodel-api-asset@BPNL00000003AYRE,0ef26eaf-3d7c-479a-9a01-d5fa6d5cdd8e,3c5c8132-73f9-49a1-a3bd-c8549b253013,1791480194562,1791480196579,1791480196579,1,
cac56c3c-bd08-49b8-9f11-bb73570577a8,PROVIDER,1000,DigitalTwinRegistryId@BPNL00000003AYRE,83673ffd-c48c-429a-b6c6-7e8dac70b874,943df064-b095-4eba-ac14-4324dbc0160b,1791480196780,1791480200185,1791480200185,1,
30b60c4a-8c2c-4946-aeb6-0398c52f89b6,PROVIDER,1000,itemstocksubmodel-api-asset@BPNL00000003AYRE,0ef26eaf-3d7c-479a-9a01-d5fa6d5cdd8e,642fb988-e81a-4c92-9f81-04ee625580c6,1791480198900,1791480201757,1791480201757,1,
7e585be2-87fa-4d9b-84c9-362d600049cb,PROVIDER,1000,DigitalTwinRegistryId@BPNL00000003AYRE,83673ffd-c48c-429a-b6c6-7e8dac70b874,c9444092-be65-438f-843c-18ddf53d9fc7,1791480200131,1791480201769,1791480201769,1,
4e686d0e-7e62-4972-a4a2-ed8b8f0d104e,PROVIDER,1000,itemstocksubmodel-api-asset@BPNL00000003AYRE,0ef26eaf-3d7c-479a-9a01-d5fa6d5cdd8e,7fb3fa91-1a3b-45bd-909b-0f6d2333d8d3,1791480201284,1791480202942,1791480202942,1,
b8625736-19a1-4d35-b46f-d4aaf19513e5,PROVIDER,1000,DigitalTwinRegistryId@BPNL00000003AYRE,83673ffd-c48c-429a-b6c6-7e8dac70b874,95e84466-ed19-4785-9a5c-0553aac48c9b,1791480202985,1791480206376,1791480206376,1,
57b3c305-728c-4d41-be81-8f4223b8fff0,PROVIDER,1000,itemstocksubmodel-api-asset@BPNL00000003AYRE,0ef26eaf-3d7c-479a-9a01-d5fa6d5cdd8e,2be05f54-fcf5-41c1-bbf5-b412fac826fa,1791480205176,1791480207866,1791480207866,1,
d4984b7e-bf12-4af9-8be4-2978f3b478b5,PROVIDER,1000,DigitalTwinRegistryId@BPNL00000003AYRE,83673ffd-c48c-429a-b6c6-7e8dac70b874,543352b2-929f-434a-a189-a2b98330a5f8,1791480206443,1791480209135,1791480209135,1,
bb681eec-bb86-41be-93a1-1d7d710c319f,PROVIDER,1000,itemstocksubmodel-api-asset@BPNL00000003AYRE,0ef26eaf-3d7c-479a-9a01-d5fa6d5cdd8e,f3ed9746-a51d-40f6-a81c-32c9bd06f993,1791480208830,1791480210457,1791480210457,1,
7d71a01d-2f9b-457f-b9b5-7b3553523805,PROVIDER,1000,DigitalTwinRegistryId@BPNL00000003AYRE,83673ffd-c48c-429a-b6c6-7e8dac70b874,44e27c9e-4c91-440b-9c6b-8c103a13555d,1791480209934,1791480211743,1791480211743,1,
0dc6d500-682a-40a9-bd2b-3ea99d6e7c44,PROVIDER,1000,itemstocksubmodel-api-asset@BPNL00000003AYRE,0ef26eaf-3d7c-479a-9a01-d5fa6d5cdd8e,06065b7c-5d4a-4d1e-a40d-0dfec0271e55,1791480211135,1791480212898,1791480212898,1,
d5b2b6da-b15a-4420-a976-fd1248e57716,PROVIDER,1000,DigitalTwinRegistryId@BPNL00000003AYRE,83673ffd-c48c-429a-b6c6-7e8dac70b874,6a0736a3-3f10-48aa-8dae-c6b2d1328b96,1791480213377,1791480215324,1791480215324,1,
f9c0f313-fe0d-4879-a452-329727e16a1f,PROVIDER,1000,itemstocksubmodel-api-asset@BPNL00000003AYRE,0ef26eaf-3d7c-479a-9a01-d5fa6d5cdd8e,de97a1ff-33e8-4a0d-83e0-5868b1181a01,1791480214486,1791480216507,1791480216507,1,
9581dfff-25a8-4bce-8651-69d097d973c1,PROVIDER,1000,DigitalTwinRegistryId@BPNL00000003AYRE,83673ffd-c48c-429a-b6c6-7e8dac70b874,c0df7daf-fc53-4571-8833-e67627387076,1791480216785,1791480218970,1791480218970,1,
1a868f5c-954d-41aa-a5bc-94badf8bd663,PROVIDER,1000,itemstocksubmodel-api-asset@BPNL00000003AYRE,0ef26eaf-3d7c-479a-9a01-d5fa6d5cdd8e,44956ec6-fd49-4f38-b433-32751da1c207,1791480217973,1791480220104,1791480220104,1,
e9bf32d1-0a23-4a91-a67e-d7e833484a81,PROVIDER,1000,DigitalTwinRegistryId@BPNL00000003AYRE,83673ffd-c48c-429a-b6c6-7e8dac70b874,2848d8ef-76fc-4e05-a5db-7155c42b259a,1791480220211,1791480223771,1791480223771,1,
2bdc4f84-4b86-4745-804e-954766c14809,PROVIDER,1000,itemstocksubmodel-api-asset@BPNL00000003AYRE,0ef26eaf-3d7c-479a-9a01-d5fa6d5cdd8e,a4a15727-93f3-4eb7-9bc9-905bf15bac50,1791480222867,1791480225190,1791480225190,1,
0e0a66cd-0d77-4f4a-8186-f949c71e4b43,PROVIDER,1000,DigitalTwinRegistryId@BPNL00000003AYRE,83673ffd-c48c-429a-b6c6-7e8dac70b874,35f3132d-5f09-493c-abfb-bde7e7ac9107,1791480223100,1791480225213,1791480225213,1,
d34bef60-2dd1-47c5-99fc-9b3875a9e4f7,PROVIDER,1000,itemstocksubmodel-api-asset@BPNL00000003AYRE,0ef26eaf-3d7c-479a-9a01-d5fa6d5cdd8e,84b0de59-cba4-46b3-a178-4c1ae7c18592,1791480224253,1791480226343,1791480226343,1,
8efdd184-3681-418a-a38d-543e5a5028eb,PROVIDER,1000,DigitalTwinRegistryId@BPNL00000003AYRE,83673ffd-c48c-429a-b6c6-7e8dac70b874,81fb93e7-69b4-44f0-9e12-cb002aaf1abf,1791480226516,1791480229027,1791480229027,1,
949f31a9-f502-480b-b429-95cb3b1d5414,PROVIDER,1000,itemstocksubmodel-api-asset@BPNL00000003AYRE,0ef26eaf-3d7c-479a-9a01-d5fa6d5cdd8e,5e83a5e0-7b74-47f0-9250-f47cd27b575d,1791480228695,1791480230290,1791480230290,1,
b8d933a5-3028-4b92-b461-373389fbd98a,PROVIDER,1000,DigitalTwinRegistryId@BPNL00000003AYRE,83673ffd-c48c-429a-b6c6-7e8dac70b874,afedaccd-ecfe-416f-bad6-8022af8286b1,1791480229933,1791480231612,1791480231612,1,
39bd1d67-ac6d-439a-aedb-39b78c437214,PROVIDER,1000,itemstocksubmodel-api-asset@BPNL00000003AYRE,0ef26eaf-3d7c-479a-9a01-d5fa6d5cdd8e,624e2b52-d54d-4661-93dd-48e100984865,1791480231130,1791480232721,1791480232721,1,
9bd66285-1bef-4a74-889b-c9d7ab2a625f,PROVIDER,1000,DigitalTwinRegistryId@BPNL00000003AYRE,83673ffd-c48c-429a-b6c6-7e8dac70b874,070bd181-c9cd-4d13-ad3e-d7ce339dfe49,1791480233429,1791480235168,1791480235168,1,
9de87871-b750-4e69-a9e4-947f54d84390,PROVIDER,1000,itemstocksubmodel-api-asset@BPNL00000003AYRE,0ef26eaf-3d7c-479a-9a01-d5fa6d5cdd8e,9b6e8fb5-d298-43e0-9651-b09950e36203,1791480234559,1791480236455,1791480236455,1,
43ae6785-5f21-40fd-978c-f45a2d3ac3e4,PROVIDER,1000,DigitalTwinRegistryId@BPNL00000003AYRE,83673ffd-c48c-429a-b6c6-7e8dac70b874,b52d1c13-a3c3-42c6-9ef2-4ea6ec7bb13d,1791480236836,1791480238874,1791480238874,1,
94259d84-f180-4253-9d6d-fe4df05e5f71,PROVIDER,1000,itemstocksubmodel-api-asset@BPNL00000003AYRE,0ef26eaf-3d7c-479a-9a01-d5fa6d5cdd8e,8eb6ed6a-4561-461c-9bcf-68d503c22129,1791480237967,1791480240001,1791480240001,1,
f55024bf-7174-4154-8f28-96ec6c9518c8,PROVIDER,1000,DigitalTwinRegistryId@BPNL00000003AYRE,83673ffd-c48c-429a-b6c6-7e8dac70b874,1942b6e6-d79a-465e-a384-72768f7fab08,1791480240163,1791480243508,1791480243508,1,
02253514-208f-4d49-bb5a-fe68a027c3bf,PROVIDER,1000,itemstocksubmodel-api-asset@BPNL00000003AYRE,0ef26eaf-3d7c-479a-9a01-d5fa6d5cdd8e,4dd692e9-4af0-4a3e-8180-0a8f3b4f923d,1791480242282,1791480243759,1791480243759,1,
37f6eae6-ccb0-4eee-a9e2-6447e8c93d40,PROVIDER,1000,DigitalTwinRegistryId@BPNL00000003AYRE,83673ffd-c48c-429a-b6c6-7e8dac70b874,e497983f-7328-4832-b4d9-b8d68dedaa47,1791480243476,1791480245044,1791480245044,1,
7d19974d-4a59-4ba3-b293-04bd0343ba8f,PROVIDER,1000,itemstocksubmodel-api-asset@BPNL00000003AYRE,0ef26eaf-3d7c-479a-9a01-d5fa6d5cdd8e,fb49655e-e6e5-483d-9a3c-a17191d372b5,1791480244707,1791480246167,1791480246167,1,
75b6718e-4641-4640-90a8-63ea1f8377a6,PROVIDER,1000,DigitalTwinRegistryId@BPNL00000003AYRE,83673ffd-c48c-429a-b6c6-7e8dac70b874,5efea13e-956d-408a-af6a-a741e104fa33,1791480246998,1791480248939,1791480248939,1,
92baf8be-0933-4c69-b9c3-804ffdabfe20,PROVIDER,1000,itemstocksubmodel-api-asset@BPNL00000003AYRE,0ef26eaf-3d7c-479a-9a01-d5fa6d5cdd8e,b2733fb0-71b5-46b1-84cd-838e3e28fc5d,1791480248104,1791480250204,1791480250204,1,
14af6f4a-478a-4174-8a49-ee93c14ab24a,PROVIDER,1000,DigitalTwinRegistryId@BPNL00000003AYRE,83673ffd-c48c-429a-b6c6-7e8dac70b874,6676a87c-187e-42da-a3b6-2c1c9493c9eb,1791480249387,1791480251500,1791480251500,1,
74456c2c-1a5f-43fe-8331-85133490e183,PROVIDER,1000,itemstocksubmodel-api-asset@BPNL00000003AYRE,0ef26eaf-3d7c-479a-9a01-d5fa6d5cdd8e,6b3d5354-8f05-4fa9-97c8-9b38341b4456,1791480250479,1791480253761,1791480253761,1,
e4ab2c97-17d4-4290-bd90-778fe4ef0352,PROVIDER,1000,DigitalTwinRegistryId@BPNL00000003AYRE,83673ffd-c48c-429a-b6c6-7e8dac70b874,25f622be-99dc-4773-b3c1-e6ff02c2627b,1791480252997,1791480255002,1791480255002,1,
93ca4c29-1521-4dbd-afa7-25dcbc72c613,PROVIDER,1000,itemstocksubmodel-api-asset@BPNL00000003AYRE,0ef26eaf-3d7c-479a-9a01-d5fa6d5cdd8e,60df2f61-d2a4-4bee-8600-fd9b26d60cbb,1791480254176,1791480256127,1791480256127,1,
7d7c475c-6a71-4c51-b373-59b9497f2a7a,PROVIDER,1000,DigitalTwinRegistryId@BPNL00000003AYRE,83673ffd-c48c-429a-b6c6-7e8dac70b874,53d8906b-6560-4b19-a015-978b5360c7d4,1791480256432,1791480258873,1791480258873,1,
0f16b718-3a9e-40c7-8b33-3f5e147a8c01,PROVIDER,1000,itemstocksubmodel-api-asset@BPNL00000003AYRE,0ef26eaf-3d7c-479a-9a01-d5fa6d5cdd8e,17749fdf-d93f-4c38-8e4d-b07b37e6b35e,1791480258599,1791480260186,1791480260186,1,
79efc0c9-da25-40ad-864a-a8a4d3b2c1d6,PROVIDER,1000,DigitalTwinRegistryId@BPNL00000003AYRE,83673ffd-c48c-429a-b6c6-7e8dac70b874,3284d910-8bd3-4848-9438-9b53af2a84c1,1791480259733,1791480261570,1791480261570,1,
f977700f-343e-44e9-8be1-37f00dec7808,PROVIDER,1000,itemstocksubmodel-api-asset@BPNL00000003AYRE,0ef26eaf-3d7c-479a-9a01-d5fa6d5cdd8e,1113bab7-ad79-4734-8740-1e86629228a4,1791480260933,1791480262717,1791480262717,1,
86c61ac1-7099-46bb-8cd2-f92dd5834482,PROVIDER,1000,DigitalTwinRegistryId@BPNL00000003AYRE,83673ffd-c48c-429a-b6c6-7e8dac70b874,83da4174-7d9a-4afd-b15a-e9a43304e896,1791480263220,1791480265139,1791480265139,1,
778e49c2-abcd-42b0-b691-c677433c7b5d,PROVIDER,1000,itemstocksubmodel-api-asset@BPNL00000003AYRE,0ef26eaf-3d7c-479a-9a01-d5fa6d5cdd8e,e3a25143-1790-48d0-92af-aca7cee4fa4a,1791480264378,1791480266264,1791480266264,1,
eae8fe2f-7c8f-47b3-a3fc-fa541c43991a,PROVIDER,1000,DigitalTwinRegistryId@BPNL00000003AYRE,83673ffd-c48c-429a-b6c6-7e8dac70b874,cf9e8857-7e19-43a3-8db4-89e27bd04a8e,1791480266683,1791480269919,1791480269919,1,
4b9507da-36a3-4a44-87c1-0e8e81adbba9,PROVIDER,1000,itemstocksubmodel-api-asset@BPNL00000003AYRE,0ef26eaf-3d7c-479a-9a01-d5fa6d5cdd8e,2e181298-67b0-4a3c-bb3a-19e508878caa,1791480268863,1791480271188,1791480271188,1,
0861e263-0c5a-4811-bbfa-72a26f011837,PROVIDER,1000,DigitalTwinRegistryId@BPNL00000003AYRE,83673ffd-c48c-429a-b6c6-7e8dac70b874,c9c9c118-02a2-4471-9e15-530b66db448e,1791480270041,1791480272493,1791480272493,1,
325bd5a9-6aaa-4bb4-abeb-770e49d0924c,PROVIDER,1000,itemstocksubmodel-api-asset@BPNL00000003AYRE,0ef26eaf-3d7c-479a-9a01-d5fa6d5cdd8e,8e414046-b1ca-4114-b030-2ada1ab5ac55,1791480272202,1791480273774,1791480273774,1,
55f880b0-1707-4d20-b275-34ab30f4faac,PROVIDER,1000,DigitalTwinRegistryId@BPNL00000003AYRE,83673ffd-c48c-429a-b6c6-7e8dac70b874,8ff03699-af09-4bec-b545-e1a43505af39,1791480273379,1791480275015,1791480275015,1,
e467852d-26d5-4608-9ce4-909dd6d13cd8,PROVIDER,1000,itemstocksubmodel-api-asset@BPNL00000003AYRE,0ef26eaf-3d7c-479a-9a01-d5fa6d5cdd8e,e36cf231-0904-445d-9524-b8f2fbdd5da8,1791480274562,1791480276134,1791480276134,1,
28aeb705-03ad-47df-939f-387846d83d8d,PROVIDER,1000,DigitalTwinRegistryId@BPNL00000003AYRE,83673ffd-c48c-429a-b6c6-7e8dac70b874,6c9dc6d4-e22d-488c-bd32-6706feb54ce1,1791480276887,1791480279020,1791480279020,1,
356245ed-3271-4590-9b5a-5f1aa433579a,PROVIDER,1000,itemstocksubmodel-api-asset@BPNL00000003AYRE,0ef26eaf-3d7c-479a-9a01-d5fa6d5cdd8e,53418195-11a9-419c-87c6-f8657aeba6a6,1791480278066,1791480280122,1791480280122,1,
ece5aa89-2454-4789-b987-15930c153208,PROVIDER,1000,DigitalTwinRegistryId@BPNL00000003AYRE,83673ffd-c48c-429a-b6c6-7e8dac70b874,e4a8db30-7ce3-4373-a3be-4e949acc64d8,1791480280298,1791480284042,1791480284042,1,
7ce30c5d-1246-4145-a7e4-30eb4c202281,PROVIDER,1000,itemstocksubmodel-api-asset@BPNL00000003AYRE,0ef26eaf-3d7c-479a-9a01-d5fa6d5cdd8e,91a92b41-958a-428e-944c-4b4dd9b99695,1791480282868,1791480285443,1791480285443,1,
87eb6f13-d2dd-43f8-b753-eedf7583320f,PROVIDER,1000,DigitalTwinRegistryId@BPNL00000003AYRE,83673ffd-c48c-429a-b6c6-7e8dac70b874,0342f1f4-6af5-4089-85f4-0281810aae98,1791480283067,1791480285455,1791480285455,1,
f0c79b2e-28fc-4ac9-8f45-b51c30c83fbb,PROVIDER,1000,itemstocksubmodel-api-asset@BPNL00000003AYRE,0ef26eaf-3d7c-479a-9a01-d5fa6d5cdd8e,ec0588ac-1439-415a-af3b-e769d2273843,1791480284168,1791480286705,1791480286705,1,
b493da13-a7b7-4003-9546-a59bc489fd5a,PROVIDER,1000,DigitalTwinRegistryId@BPNL00000003AYRE,83673ffd-c48c-429a-b6c6-7e8dac70b874,1e92017e-9b8d-4119-8c37-97885dccab3b,1791480286342,1791480287957,1791480287957,1,
b9f70ce5-8006-4c3c-885a-f81ba03a6fd7,PROVIDER,1000,itemstocksubmodel-api-asset@BPNL00000003AYRE,0ef26eaf-3d7c-479a-9a01-d5fa6d5cdd8e,8da2ecfc-929e-4b1f-996c-38c83622db16,1791480287535,1791480289089,1791480289089,1,
3da7cabe-d756-4adf-9807-62a72dc10792,PROVIDER,1000,DigitalTwinRegistryId@BPNL00000003AYRE,83673ffd-c48c-429a-b6c6-7e8dac70b874,20faad24-392a-40ec-99cb-02d3b7b734db,1791480289719,1791480291648,1791480291648,1,
28108d00-9576-4acc-aa35-d7864146b44c,PROVIDER,1000,itemstocksubmodel-api-asset@BPNL00000003AYRE,0ef26eaf-3d7c-479a-9a01-d5fa6d5cdd8e,3579aa91-85c8-4fca-93e2-fc747176fe46,1791480290936,1791480292740,1791480292740,1,
9dc70466-3365-4473-958c-b3082dc9a7ba,PROVIDER,1000,DigitalTwinRegistryId@BPNL00000003AYRE,83673ffd-c48c-429a-b6c6-7e8dac70b874,348813d7-0cee-4ec3-add7-1923f714019a,1791480293176,1791480295103,1791480295103,1,
f9d31dfd-9b88-497e-8cce-9798263b8f39,PROVIDER,1000,itemstocksubmodel-api-asset@BPNL00000003AYRE,0ef26eaf-3d7c-479a-9a01-d5fa6d5cdd8e,4975006a-9e40-4329-bb35-a761650159af,1791480294366,1791480296363,1791480296363,1,
4e93905f-f842-4565-9fe0-756c9d5c35f3,PROVIDER,1000,DigitalTwinRegistryId@BPNL00000003AYRE,83673ffd-c48c-429a-b6c6-7e8dac70b874,dedd4ba7-48bc-4b54-81de-76a4f79dc3fb,1791480296543,1791480299895,1791480299895,1,
54d7bdab-ec33-4d95-b858-63fa55f46465,PROVIDER,1000,itemstocksubmodel-api-asset@BPNL00000003AYRE,0ef26eaf-3d7c-479a-9a01-d5fa6d5cdd8e,30aab4b3-afbe-488c-8f68-8e9660db4117,1791480298683,1791480301212,1791480301212,1,
e972d520-6db9-4fdc-89bd-3cd78693fedb,PROVIDER,1000,DigitalTwinRegistryId@BPNL00000003AYRE,83673ffd-c48c-429a-b6c6-7e8dac70b874,ea9328c4-e84c-43a5-8140-8a04f42f8d04,1791480299946,1791480303472,1791480303472,1,
f3f5cac6-7439-4908-af72-36144e3f0f0b,PROVIDER,1000,itemstocksubmodel-api-asset@BPNL00000003AYRE,0ef26eaf-3d7c-479a-9a01-d5fa6d5cdd8e,065fc2da-36f9-48a0-bd5f-ec5ff62a0fd7,1791480302327,1791480304751,1791480304751,1,
a3096d73-c667-489b-a760-5b94f1d0c375,PROVIDER,1000,DigitalTwinRegistryId@BPNL00000003AYRE,83673ffd-c48c-429a-b6c6-7e8dac70b874,948d6323-85e2-49f9-b688-079e79a79c31,1791480303916,1791480306624,1791480306624,1,
2c19c351-2dff-4fa7-bfde-74be42332f9a,PROVIDER,1000,itemstocksubmodel-api-asset@BPNL00000003AYRE,0ef26eaf-3d7c-479a-9a01-d5fa6d5cdd8e,ce0dbd71-a1ef-4807-b1c8-b50a51f34852,1791480305072,1791480306857,1791480306857,1,
b5a67562-435a-46ea-92a3-69d7acf0fbb7,PROVIDER,1000,DigitalTwinRegistryId@BPNL00000003AYRE,83673ffd-c48c-429a-b6c6-7e8dac70b874,42719329-48c9-4fad-b8f2-451fa74914a6,1791480306307,1791480308147,1791480308147,1,
767135ff-c4bf-4d2b-be83-c1240983aa6d,PROVIDER,1000,itemstocksubmodel-api-asset@BPNL00000003AYRE,0ef26eaf-3d7c-479a-9a01-d5fa6d5cdd8e,f9c0664f-e8e4-4a84-bf04-ebfac9db2074,1791480307543,1791480309263,1791480309263,1,
62b84695-ab50-498d-b29f-c9dbc0655808,PROVIDER,1000,DigitalTwinRegistryId@BPNL00000003AYRE,83673ffd-c48c-429a-b6c6-7e8dac70b874,02512f36-1a94-452b-aa32-0947f7f33cde,1791480309685,1791480311674,1791480311674,1,
4786af22-517e-4a6c-9dbc-4a93b4ef4957,PROVIDER,1000,itemstocksubmodel-api-asset@BPNL00000003AYRE,0ef26eaf-3d7c-479a-9a01-d5fa6d5cdd8e,c77b8324-d0e5-42d2-83db-593f09041dfa,1791480310790,1791480313953,1791480313953,1,
4c31ded4-4a52-439d-bea2-3be26ab3a7ab,PROVIDER,1000,DigitalTwinRegistryId@BPNL00000003AYRE,83673ffd-c48c-429a-b6c6-7e8dac70b874,03d3b603-ce23-4412-b02c-ad1f9fac17e5,1791480313008,1791480315186,1791480315186,1,
df0a84d8-b221-405d-bdab-7da81aa823c5,PROVIDER,1000,itemstocksubmodel-api-asset@BPNL00000003AYRE,0ef26eaf-3d7c-479a-9a01-d5fa6d5cdd8e,9c5fcd6a-4925-4a89-a4b0-bc8457b76a70,1791480314171,1791480316305,1791480316305,1,
c95a9c58-c0eb-44be-9c72-344b36f158ce,PROVIDER,1000,DigitalTwinRegistryId@BPNL00000003AYRE,83673ffd-c48c-429a-b6c6-7e8dac70b874,4a0fc595-8570-42a7-aa34-a5936865012d,1791480316479,1791480318872,1791480318872,1,
812364f4-13d8-420d-a2c8-280ee72fe13b,PROVIDER,1000,itemstocksubmodel-api-asset@BPNL00000003AYRE,0ef26eaf-3d7c-479a-9a01-d5fa6d5cdd8e,c373f4ce-14b9-402b-8362-db8485dcd891,1791480318635,1791480320115,1791480320115,1,
a54328f8-d7f0-479b-a9e0-c6985f92bea8,PROVIDER,1000,DigitalTwinRegistryId@BPNL00000003AYRE,83673ffd-c48c-429a-b6c6-7e8dac70b874,d1373b29-049a-4055-9dc9-f1cceb1f5938,1791480319835,1791480321357,1791480321357,1,
1708d71a-4e89-4e67-a6d5-b846b0077d74,PROVIDER,1000,itemstocksubmodel-api-asset@BPNL00000003AYRE,0ef26eaf-3d7c-479a-9a01-d5fa6d5cdd8e,45f4f0c3-c05c-4afb-8e68-dc451ace4d2f,1791480321031,1791480322468,1791480322468,1,
092f45d6-a01c-4ae1-96b1-d45d77c1843c,PROVIDER,1000,DigitalTwinRegistryId@BPNL00000003AYRE,83673ffd-c48c-429a-b6c6-7e8dac70b874,0d1abd17-82a2-4ff0-b485-24e7108dd46c,1791480323231,1791480324909,1791480324909,1,
c151c1f9-5766-4ef5-893e-baf193e3c0b1,PROVIDER,1000,itemstocksubmodel-api-asset@BPNL00000003AYRE,0ef26eaf-3d7c-479a-9a01-d5fa6d5cdd8e,5aaf0470-3ae0-4f9d-9139-a4c1fb0f6a32,1791480324507,1791480326261,1791480326261,1,
7bc77aeb-3cc5-4d47-a69d-fce71880a2ca,PROVIDER,1000,DigitalTwinRegistryId@BPNL00000003AYRE,83673ffd-c48c-429a-b6c6-7e8dac70b874,e5d9787a-a91e-4086-ae5c-68720c7c97cc,1791480326784,1791480328759,1791480328759,1,
8a05bc80-ecd3-4383-adf0-e90db1f78a52,PROVIDER,1000,itemstocksubmodel-api-asset@BPNL00000003AYRE,0ef26eaf-3d7c-479a-9a01-d5fa6d5cdd8e,6e01ed32-dc0b-4049-9dfc-88f3e5438824,1791480327883,1791480329856,1791480329856,1,
b955f319-a250-4a40-aeab-7d93f9b71655,PROVIDER,1000,DigitalTwinRegistryId@BPNL00000003AYRE,83673ffd-c48c-429a-b6c6-7e8dac70b874,e8776be8-a381-47dd-b99e-28ab7ebcab07,1791480330226,1791480332383,1791480332383,1,
5371b650-b010-48b5-bca6-d09de56d2309,PROVIDER,1000,itemstocksubmodel-api-asset@BPNL00000003AYRE,0ef26eaf-3d7c-479a-9a01-d5fa6d5cdd8e,0f037b5a-1896-44e0-94f1-e5e5bbb1b0ff,1791480331358,1791480333658,1791480333658,1,
bee9f4c6-8ce5-486a-a31b-02fdf663704a,PROVIDER,1000,DigitalTwinRegistryId@BPNL00000003AYRE,83673ffd-c48c-429a-b6c6-7e8dac70b874,570e0c46-b59c-4fc0-9918-42c0b96fe174,1791480332959,1791480334907,1791480334907,1,
e5006f86-e493-40a3-b60d-344906d57a8f,PROVIDER,1000,itemstocksubmodel-api-asset@BPNL00000003AYRE,0ef26eaf-3d7c-479a-9a01-d5fa6d5cdd8e,1fa0e07a-f415-4a01-9100-2f33ad850d34,1791480334134,1791480336027,1791480336027,1,
c4928b29-6a26-4d8b-be17-7d434c4fb5c1,PROVIDER,1000,DigitalTwinRegistryId@BPNL00000003AYRE,83673ffd-c48c-429a-b6c6-7e8dac70b874,c16006c9-567c-4850-bd14-45203fd77f8c,1791480336318,1791480338897,1791480338897,1,
afa3d61e-be5b-4093-8d2b-5236c6f713ec,PROVIDER,1000,itemstocksubmodel-api-asset@BPNL00000003AYRE,0ef26eaf-3d7c-479a-9a01-d5fa6d5cdd8e,e2a59c5b-de0a-45f2-a578-3b187bba207f,1791480338479,1791480340161,1791480340161,1,
077e9c41-b8ad-47c8-a708-a6c4a982cc90,PROVIDER,1000,DigitalTwinRegistryId@BPNL00000003AYRE,83673ffd-c48c-429a-b6c6-7e8dac70b874,70fbcf3f-f66a-47be-ac84-e24cd48e997e,1791480339744,1791480341520,1791480341520,1,
ba9442e6-8522-466f-801e-271911d32866,PROVIDER,1000,itemstocksubmodel-api-asset@BPNL00000003AYRE,0ef26eaf-3d7c-479a-9a01-d5fa6d5cdd8e,cf91b344-9d3d-43f1-a8b6-bd68d1057898,1791480340857,1791480342635,1791480342635,1,
eb8f1c07-2a36-41ec-aa3c-60e59368f1bc,PROVIDER,1000,DigitalTwinRegistryId@BPNL00000003AYRE,83673ffd-c48c-429a-b6c6-7e8dac70b874,04533ad4-30b5-4537-8a0c-795723246132,1791480343129,1791480345106,1791480345106,1,
07e955ab-1c9d-4089-9dee-0867f19bb39f,PROVIDER,1000,itemstocksubmodel-api-asset@BPNL00000003AYRE,0ef26eaf-3d7c-479a-9a01-d5fa6d5cdd8e,4cf36e73-2b1a-4b07-8eb6-21620b8a343a,1791480344277,1791480346230,1791480346230,1,
c5f1e732-c5e2-48f3-9350-5f5050dff7cb,PROVIDER,1000,DigitalTwinRegistryId@BPNL00000003AYRE,83673ffd-c48c-429a-b6c6-7e8dac70b874,18bfde68-f99e-45a0-8ab1-a58f51d69983,1791480346520,1791480349929,1791480349929,1,
d9b3764e-95bf-4ec9-b3ca-bca2032451af,PROVIDER,1000,itemstocksubmodel-api-asset@BPNL00000003AYRE,0ef26eaf-3d7c-479a-9a01-d5fa6d5cdd8e,e76015ab-52d8-4c6e-8190-c61335bfe30f,1791480348678,1791480351410,1791480351410,1,
c0627111-7e1f-47e6-88b2-3797b319c3f7,PROVIDER,1000,DigitalTwinRegistryId@BPNL00000003AYRE,83673ffd-c48c-429a-b6c6-7e8dac70b874,dbea754b-99c9-433e-b445-732853b74847,1791480349921,1791480351421,1791480351421,1,
f11e30c3-af07-4df8-97ec-0978684c5a84,PROVIDER,1000,itemstocksubmodel-api-asset@BPNL00000003AYRE,0ef26eaf-3d7c-479a-9a01-d5fa6d5cdd8e,109e14db-32a9-454a-ae1f-6489671957e6,1791480351096,1791480352518,1791480352518,1,
da08592a-949d-4dc8-a0f9-b8d22d4893cc,PROVIDER,1000,DigitalTwinRegistryId@BPNL00000003AYRE,83673ffd-c48c-429a-b6c6-7e8dac70b874,db3c07ac-16db-41d1-a88d-3a8b43de810d,1791480353396,1791480354943,1791480354943,1,
cf6286b2-a1de-4e67-a7ef-3a72aae1c6ae,PROVIDER,1000,itemstocksubmodel-api-asset@BPNL00000003AYRE,0ef26eaf-3d7c-479a-9a01-d5fa6d5cdd8e,b59fb462-c946-4ef5-a654-271baa3e6f13,1791480354564,1791480356204,1791480356204,1,
5cfac9e6-351a-404f-903e-4aa558d3bd28,PROVIDER,1000,DigitalTwinRegistryId@BPNL00000003AYRE,83673ffd-c48c-429a-b6c6-7e8dac70b874,9ce54540-591b-4245-a8bc-4c69765b48d2,1791480356798,1791480358881,1791480358881,1,
c2eb5922-f975-422f-9053-4e59c6ba0382,PROVIDER,1000,itemstocksubmodel-api-asset@BPNL00000003AYRE,0ef26eaf-3d7c-479a-9a01-d5fa6d5cdd8e,9200ee72-52bc-4356-8d24-0e5177a88572,1791480357971,1791480360014,1791480360014,1,
b6f6e307-dc23-4b7e-8c79-246313486dbb,PROVIDER,1000,DigitalTwinRegistryId@BPNL00000003AYRE,83673ffd-c48c-429a-b6c6-7e8dac70b874,b93fee65-b036-496e-b09f-f5afe35c84bd,1791480360178,1791480363625,1791480363625,1,
43a508e8-4616-4f3e-ae7d-06a6b500e541,PROVIDER,1000,itemstocksubmodel-api-asset@BPNL00000003AYRE,0ef26eaf-3d7c-479a-9a01-d5fa6d5cdd8e,6addff19-7b2d-4fbe-9a1e-25fa90054b29,1791480362431,1791480364923,1791480364923,1,
53cce24f-c229-4748-8064-6d060c71d22a,PROVIDER,1000,DigitalTwinRegistryId@BPNL00000003AYRE,83673ffd-c48c-429a-b6c6-7e8dac70b874,1c474c82-783b-4051-b0ab-d371888f8960,1791480362975,1791480364936,1791480364936,1,
34d15c34-ab85-4fff-a173-172177e59069,PROVIDER,1000,itemstocksubmodel-api-asset@BPNL00000003AYRE,0ef26eaf-3d7c-479a-9a01-d5fa6d5cdd8e,42486e8d-79f1-477b-b4f5-b84a88c42bac,1791480364142,1791480366115,1791480366115,1,
8e5812a5-12c6-45a0-8fba-b0fd3837fd28,PROVIDER,1000,DigitalTwinRegistryId@BPNL00000003AYRE,83673ffd-c48c-429a-b6c6-7e8dac70b874,4aa11a7a-40a5-428f-8a19-33ae71b4d2b2,1791480366495,1791480368961,1791480368961,1,
11b6366b-7231-4e5f-9e0d-f87db0338822,PROVIDER,1000,itemstocksubmodel-api-asset@BPNL00000003AYRE,0ef26eaf-3d7c-479a-9a01-d5fa6d5cdd8e,af48133f-829c-4adf-914a-99803a4812dd,1791480368689,1791480370251,1791480370251,1,
3f62ea72-d4c1-4ab4-bd3b-1554055d5dfb,PROVIDER,1000,DigitalTwinRegistryId@BPNL00000003AYRE,83673ffd-c48c-429a-b6c6-7e8dac70b874,d43d7ba9-b3c1-43c8-8899-7b462ba66901,1791480369822,1791480371597,1791480371597,1,
348c5603-df25-42a0-a4af-aad507ed650e,PROVIDER,1000,itemstocksubmodel-api-asset@BPNL00000003AYRE,0ef26eaf-3d7c-479a-9a01-d5fa6d5cdd8e,6656f803-8ab3-4002-be62-f7f695c747c4,1791480371037,1791480372724,1791480372724,1,
6f194499-9c6d-4d6f-a076-2a1dc5600b5d,PROVIDER,1000,DigitalTwinRegistryId@BPNL00000003AYRE,83673ffd-c48c-429a-b6c6-7e8dac70b874,3c1f6f12-1008-43a5-b8d9-100760b8df9f,1791480373279,1791480375190,1791480375190,1,
47c1f234-afda-4403-9b6e-c45d19d1aae5,PROVIDER,1000,itemstocksubmodel-api-asset@BPNL00000003AYRE,0ef26eaf-3d7c-479a-9a01-d5fa6d5cdd8e,83815ca5-0f16-4675-82de-97197a2f6e02,1791480374371,1791480376317,1791480376317,1,
ff81e7d6-2bfc-48b2-b2f8-08c3860b7bc7,PROVIDER,1000,DigitalTwinRegistryId@BPNL00000003AYRE,83673ffd-c48c-429a-b6c6-7e8dac70b874,2e0057a1-a23b-488f-ab62-8d776cc2fcfb,1791480376574,1791480379887,1791480379887,1,
3f12b583-bf98-4d50-b0fb-d7d15ef8f54d,PROVIDER,1000,itemstocksubmodel-api-asset@BPNL00000003AYRE,0ef26eaf-3d7c-479a-9a01-d5fa6d5cdd8e,81d3d406-f11e-48b4-9d87-b17829d6615d,1791480378696,1791480381351,1791480381351,1,
ca2ca7bb-af8a-4f75-aa35-f596cc637aba,PROVIDER,1000,DigitalTwinRegistryId@BPNL00000003AYRE,83673ffd-c48c-429a-b6c6-7e8dac70b874,18856a81-269b-42c4-b9b8-86da14eb4ff5,1791480379952,1791480382607,1791480382607,1,
65175beb-d2a9-490d-8d92-274c74217d72,PROVIDER,1000,itemstocksubmodel-api-asset@BPNL00000003AYRE,0ef26eaf-3d7c-479a-9a01-d5fa6d5cdd8e,07b2d050-3df5-4c1c-8263-1138530cb361,1791480382126,1791480383869,1791480383869,1,
cfd8aba0-25ba-40ed-9514-1ec5a53052ae,PROVIDER,1000,DigitalTwinRegistryId@BPNL00000003AYRE,83673ffd-c48c-429a-b6c6-7e8dac70b874,1e66a21c-2d87-4b7b-96f7-da77182d746c,1791480383283,1791480385128,1791480385128,1,
91ebb029-198a-4ee3-acf2-9ce7101b3162,PROVIDER,1000,itemstocksubmodel-api-asset@BPNL00000003AYRE,0ef26eaf-3d7c-479a-9a01-d5fa6d5cdd8e,fa49cb8e-7095-4f61-9cd9-e8e45dc64490,1791480384482,1791480386744,1791480386744,1,
c0a2e938-f73c-4b79-be94-f73ef07f939f,PROVIDER,1000,DigitalTwinRegistryId@BPNL00000003AYRE,83673ffd-c48c-429a-b6c6-7e8dac70b874,c9ce69fa-ee84-4576-8216-7b6df9dadc47,1791480386791,1791480390198,1791480390198,1,
ae01edcf-cfe8-4503-a4e1-83748af10871,PROVIDER,1000,itemstocksubmodel-api-asset@BPNL00000003AYRE,0ef26eaf-3d7c-479a-9a01-d5fa6d5cdd8e,3e52d3d8-3d83-4449-ad8b-f02b00399461,1791480388988,1791480391505,1791480391505,1,
fab33aa6-8e06-4872-b4b2-414fc0456cc1,PROVIDER,1000,DigitalTwinRegistryId@BPNL00000003AYRE,83673ffd-c48c-429a-b6c6-7e8dac70b874,e96df2a5-5e6e-4c12-8e92-02b04b7d4a13,1791480390497,1791480392762,1791480392762,1,
f6951ecf-7065-4a4d-95c6-a16cab46904a,PROVIDER,1000,itemstocksubmodel-api-asset@BPNL00000003AYRE,0ef26eaf-3d7c-479a-9a01-d5fa6d5cdd8e,b2e03eb0-d517-4c85-8c6d-c326124023c4,1791480392138,1791480394092,1791480394092,1,
3248593a-d3aa-4901-b9ff-f659fc549821,PROVIDER,1000,DigitalTwinRegistryId@BPNL00000003AYRE,83673ffd-c48c-429a-b6c6-7e8dac70b874,ca42bdaf-5b47-40b9-a8bc-ce05d9d4d104,1791480393278,1791480395417,1791480395417,1,
76f8bc98-913a-4af1-9247-2584f249e614,PROVIDER,1000,itemstocksubmodel-api-asset@BPNL00000003AYRE,0ef26eaf-3d7c-479a-9a01-d5fa6d5cdd8e,2a65285b-eb7f-4af2-91bd-c1ce8290b78f,1791480394452,1791480396593,1791480396593,1,
4f50a256-869c-445e-9f4f-f5585f3bdfab,PROVIDER,1000,DigitalTwinRegistryId@BPNL00000003AYRE,83673ffd-c48c-429a-b6c6-7e8dac70b874,d3579ca7-f2f2-4c2a-9896-abc7f655aab7,1791480396801,1791480400079,1791480400079,1,
3b445a92-20b8-4680-a84c-ad8d276f4225,PROVIDER,1000,itemstocksubmodel-api-asset@BPNL00000003AYRE,0ef26eaf-3d7c-479a-9a01-d5fa6d5cdd8e,c375d9f4-29ed-4ce9-b12b-cd74604e2cff,1791480398995,1791480401372,1791480401372,1,
45f36d3e-2720-47cf-a6cc-0b58b772c220,PROVIDER,1000,DigitalTwinRegistryId@BPNL00000003AYRE,83673ffd-c48c-429a-b6c6-7e8dac70b874,3485d4af-9457-4920-b5f3-ef68c42e9da1,1791480400172,1791480402723,1791480402723,1,
be0c044f-d0fe-446c-bdeb-0fc7dc11a233,PROVIDER,1000,itemstocksubmodel-api-asset@BPNL00000003AYRE,0ef26eaf-3d7c-479a-9a01-d5fa6d5cdd8e,17a985c8-0c17-444b-a943-d620ebdfc16c,1791480401901,1791480404070,1791480404070,1,
8bd0156c-80c2-4bef-9742-e75c68dd4ebc,PROVIDER,1000,DigitalTwinRegistryId@BPNL00000003AYRE,83673ffd-c48c-429a-b6c6-7e8dac70b874,81ba20fc-cea6-49ff-9371-bb95bdea5d34,1791480403303,1791480405372,1791480405372,1,
0670b48d-515e-4c4f-b4a7-2ca9e546ce02,PROVIDER,1000,itemstocksubmodel-api-asset@BPNL00000003AYRE,0ef26eaf-3d7c-479a-9a01-d5fa6d5cdd8e,a514495c-2dc4-4cc4-acf1-820604552b32,1791480404435,1791480406525,1791480406525,1,
0db4ccc2-e882-4dbd-9210-7f7cd4557cdd,PROVIDER,1000,DigitalTwinRegistryId@BPNL00000003AYRE,83673ffd-c48c-429a-b6c6-7e8dac70b874,a26c2b9e-73f1-452f-9543-bed5ee84327a,1791480406692,1791480409975,1791480409975,1,
c6078022-bcea-41ac-843f-20f360507e5f,PROVIDER,1000,itemstocksubmodel-api-asset@BPNL00000003AYRE,0ef26eaf-3d7c-479a-9a01-d5fa6d5cdd8e,e5b3a9aa-6715-48d4-867f-336aa77b032a,1791480408861,1791480411305,1791480411305,1,
08a241dd-e2cd-4fb7-a057-30a2988f6577,PROVIDER,1000,DigitalTwinRegistryId@BPNL00000003AYRE,83673ffd-c48c-429a-b6c6-7e8dac70b874,221f4cb0-963a-4b7b-9b70-76c5eef9eaac,1791480410136,1791480412532,1791480412532,1,
79f97e91-3e5d-4abb-9978-00a62a74067b,PROVIDER,1000,itemstocksubmodel-api-asset@BPNL00000003AYRE,0ef26eaf-3d7c-479a-9a01-d5fa6d5cdd8e,6af0c223-de86-44c3-9754-882c98b4ca25,1791480411430,1791480413823,1791480413823,1,
c9eaf667-5fa9-4257-b0c4-4f4e01dac9d1,PROVIDER,1000,DigitalTwinRegistryId@BPNL00000003AYRE,83673ffd-c48c-429a-b6c6-7e8dac70b874,d307b6c2-8d20-4362-82ad-dda78d35b08a,1791480412781,1791480415046,1791480415046,1,
63a44138-d756-40c6-83f0-93ad56458b0f,PROVIDER,1000,itemstocksubmodel-api-asset@BPNL00000003AYRE,0ef26eaf-3d7c-479a-9a01-d5fa6d5cdd8e,e0ed9097-18cf-4f3a-83b9-3c75502a874d,1791480413960,1791480417873,1791480417873,1,
a510ae89-717d-4874-8912-a7f3a5228921,PROVIDER,1000,DigitalTwinRegistryId@BPNL00000003AYRE,83673ffd-c48c-429a-b6c6-7e8dac70b874,d2b2ff0a-2a26-47d6-8335-203f1b466e03,1791480416143,1791480419148,1791480419148,1,
5da84729-68ed-45ff-80b6-429c743d5243,PROVIDER,1000,itemstocksubmodel-api-asset@BPNL00000003AYRE,0ef26eaf-3d7c-479a-9a01-d5fa6d5cdd8e,81403934-5e36-4d83-a65f-c3363005946c,1791480418236,1791480420477,1791480420477,1,
d9f0e2cf-2373-4fe7-8c44-72b241e5caac,PROVIDER,1000,DigitalTwinRegistryId@BPNL00000003AYRE,83673ffd-c48c-429a-b6c6-7e8dac70b874,da11e1b0-33c2-44d4-a18b-3de7010d40f7,1791480419384,1791480422752,1791480422752,1,
0578807e-f514-4d50-b6e5-fc2cdf337ab2,PROVIDER,1000,itemstocksubmodel-api-asset@BPNL00000003AYRE,0ef26eaf-3d7c-479a-9a01-d5fa6d5cdd8e,eae28678-3b5f-44e2-8007-280b10346da1,1791480422035,1791480424028,1791480424028,1,
5644b7f7-f9ca-4814-9396-d97ae6932bf4,PROVIDER,1000,DigitalTwinRegistryId@BPNL00000003AYRE,83673ffd-c48c-429a-b6c6-7e8dac70b874,c9b7bcf0-9b4a-4d6f-bc9d-1b0f3623bf82,1791480423187,1791480425279,1791480425279,1,
6d66b1b2-2e12-45e3-822f-9a476fcc5715,PROVIDER,1000,itemstocksubmodel-api-asset@BPNL00000003AYRE,0ef26eaf-3d7c-479a-9a01-d5fa6d5cdd8e,ffed4d5f-6b9a-4568-9d6f-ce8270fcee57,1791480424364,1791480426412,1791480426412,1,
66f9ea55-20a7-4187-9a12-ebefe0ea1cfd,PROVIDER,1000,DigitalTwinRegistryId@BPNL00000003AYRE,83673ffd-c48c-429a-b6c6-7e8dac70b874,43f683fe-6285-4992-8d7c-aa564efed5d5,1791480426537,1791480429934,1791480429934,1,
3b45fbfd-65fa-4c53-8773-2e6b3058b804,PROVIDER,1000,itemstocksubmodel-api-asset@BPNL00000003AYRE,0ef26eaf-3d7c-479a-9a01-d5fa6d5cdd8e,2d673efc-2a73-4c6a-a070-bc4b09b3a842,1791480428679,1791480431212,1791480431212,1,
974ff3f9-669c-4005-99dc-d9842852556d,PROVIDER,1000,DigitalTwinRegistryId@BPNL00000003AYRE,83673ffd-c48c-429a-b6c6-7e8dac70b874,2c522ce4-b3cc-4415-927a-29dfa662259a,1791480429862,1791480432529,1791480432529,1,
9b1be697-9ee4-4766-a3f2-cc2c3ba08ee1,PROVIDER,1000,itemstocksubmodel-api-asset@BPNL00000003AYRE,0ef26eaf-3d7c-479a-9a01-d5fa6d5cdd8e,87944fbc-bc3b-487b-a40b-ee317d26ca98,1791480431346,1791480434821,1791480434821,1,
6f72fe9c-4061-46fd-aebe-3d655dfdd19f,PROVIDER,1000,DigitalTwinRegistryId@BPNL00000003AYRE,83673ffd-c48c-429a-b6c6-7e8dac70b874,708b7b7b-6ba4-40fe-9e8d-c7c9a1491428,1791480433735,1791480437844,1791480437844,1,
6b699ce7-847e-44e7-a80f-a095661c457a,PROVIDER,1000,itemstocksubmodel-api-asset@BPNL00000003AYRE,0ef26eaf-3d7c-479a-9a01-d5fa6d5cdd8e,5c02712a-91fa-4575-bf58-c5d04f128a4c,1791480435939,1791480439204,1791480439204,1,
dba193dc-2f63-4cd2-b710-f4b4faedcc37,PROVIDER,1000,DigitalTwinRegistryId@BPNL00000003AYRE,83673ffd-c48c-429a-b6c6-7e8dac70b874,23307383-356e-4ea3-87c3-03b64fb9d8dd,1791480436163,1791480439217,1791480439217,1,
e8ce3d94-1121-4ef7-93b2-75786320f7cf,PROVIDER,1000,itemstocksubmodel-api-asset@BPNL00000003AYRE,0ef26eaf-3d7c-479a-9a01-d5fa6d5cdd8e,4198c0e7-6373-478a-8377-2589add35160,1791480438452,1791480440469,1791480440469,1,
8bff1620-b32f-4d0e-9882-5278a62db642,PROVIDER,1000,DigitalTwinRegistryId@BPNL00000003AYRE,83673ffd-c48c-429a-b6c6-7e8dac70b874,99dc431f-fb78-4b5c-89ae-ac00cc16460f,1791480439597,1791480441768,1791480441768,1,
43c4dc17-6571-4c7f-8dc7-25137fb04245,PROVIDER,1000,itemstocksubmodel-api-asset@BPNL00000003AYRE,0ef26eaf-3d7c-479a-9a01-d5fa6d5cdd8e,d58de6bc-3cf4-48c4-a7be-cee6e01d9d3a,1791480440779,1791480442953,1791480442953,1,
672bd3bc-bc9a-4615-b6df-0ddfcf1c30c0,PROVIDER,1000,DigitalTwinRegistryId@BPNL00000003AYRE,83673ffd-c48c-429a-b6c6-7e8dac70b874,179f8905-a863-49ba-8d64-41f5127c24e0,1791480443059,1791480446363,1791480446363,1,
e209be2c-dacb-4645-9a2b-6e5f1ce3cc25,PROVIDER,1000,itemstocksubmodel-api-asset@BPNL00000003AYRE,0ef26eaf-3d7c-479a-9a01-d5fa6d5cdd8e,3655e8d4-b753-4bf1-8f38-a3087607ec63,1791480445193,1791480447624,1791480447624,1,
cc01e059-867e-4f5e-81ee-b13d6b0c2a27,PROVIDER,1000,DigitalTwinRegistryId@BPNL00000003AYRE,83673ffd-c48c-429a-b6c6-7e8dac70b874,885e2784-6350-4e92-8600-5713e5d50d39,1791480446546,1791480448867,1791480448867,1,
8e3aaf82-df2b-4804-b682-a4b94cf07b65,PROVIDER,1000,itemstocksubmodel-api-asset@BPNL00000003AYRE,0ef26eaf-3d7c-479a-9a01-d5fa6d5cdd8e,df8a7552-f9d5-44fa-8e23-8c8ea676c5bf,1791480447790,1791480451268,1791480451268,1,
f644fd44-78d0-4ce8-8c3d-0effb0f0d9cf,PROVIDER,1000,DigitalTwinRegistryId@BPNL00000003AYRE,83673ffd-c48c-429a-b6c6-7e8dac70b874,94182068-450f-4c84-984b-ff5bfb126bd0,1791480449958,1791480452535,1791480452535,1,
0e16d145-81ae-4cce-a20b-a83d5e514a28,PROVIDER,1000,itemstocksubmodel-api-asset@BPNL00000003AYRE,0ef26eaf-3d7c-479a-9a01-d5fa6d5cdd8e,faf83641-c369-4f17-847b-7e01fff9149e,1791480452234,1791480453733,1791480453733,1,
b49e0cf1-a52b-44c7-9070-9684df330827,PROVIDER,1000,DigitalTwinRegistryId@BPNL00000003AYRE,83673ffd-c48c-429a-b6c6-7e8dac70b874,aab10689-3571-4c61-9c4c-11754eeb651d,1791480453356,1791480455014,1791480455014,1,
23a6cf46-3c77-4c5e-aa87-402cd9f2add6,PROVIDER,1000,itemstocksubmodel-api-asset@BPNL00000003AYRE,0ef26eaf-3d7c-479a-9a01-d5fa6d5cdd8e,76ccad2d-0d0d-48b2-9cf5-cc2c2bfc6e05,1791480454489,1791480456143,1791480456143,1,
8eb413e8-cae1-4591-bf4b-0f237bd375fa,PROVIDER,1000,DigitalTwinRegistryId@BPNL00000003AYRE,83673ffd-c48c-429a-b6c6-7e8dac70b874,ab1c1d13-bf25-4e0a-890c-cc92b04d4dbb,1791480456779,1791480460188,1791480460188,1,
5d214847-4068-435e-99b3-06afe0eed0e0,PROVIDER,1000,itemstocksubmodel-api-asset@BPNL00000003AYRE,0ef26eaf-3d7c-479a-9a01-d5fa6d5cdd8e,866c8a3b-8bba-466c-a06e-e8898847204a,1791480458982,1791480461563,1791480461563,1,
13877fcf-950b-47c1-93e0-560779ac1392,PROVIDER,1000,DigitalTwinRegistryId@BPNL00000003AYRE,83673ffd-c48c-429a-b6c6-7e8dac70b874,4664f42c-1860-498e-9ff9-a80cd52494ff,1791480460243,1791480464091,1791480464091,1,
cf0d181e-932d-4e2c-a664-1a40080276d1,PROVIDER,1000,itemstocksubmodel-api-asset@BPNL00000003AYRE,0ef26eaf-3d7c-479a-9a01-d5fa6d5cdd8e,4999978e-5e37-4f22-b3c4-b88639ba5048,1791480463204,1791480465949,1791480465949,1,
e4ee22f3-b3ea-4d01-af13-41f782e6bffa,PROVIDER,1000,DigitalTwinRegistryId@BPNL00000003AYRE,83673ffd-c48c-429a-b6c6-7e8dac70b874,adfe65c7-d3c2-4b27-a247-080ec75864a0,1791480463256,1791480466044,1791480466044,1,
4f38c6be-7258-488e-8c1b-062c8eb95140,PROVIDER,1000,DigitalTwinRegistryId@BPNL00000003AYRE,83673ffd-c48c-429a-b6c6-7e8dac70b874,2cf1c5f5-317e-4ebb-8243-aba45e629adf,1791480463296,1791480466136,1791480466136,1,
3ff4c393-ab2b-4f8a-a0ef-75ec29e56206,PROVIDER,1000,itemstocksubmodel-api-asset@BPNL00000003AYRE,0ef26eaf-3d7c-479a-9a01-d5fa6d5cdd8e,3c061c42-c95a-4145-b08b-3ce7fedf975a,1791480464464,1791480466632,1791480466632,1,
79a3ef6f-93f0-41d4-b7b3-31bcc94456db,PROVIDER,1000,itemstocksubmodel-api-asset@BPNL00000003AYRE,0ef26eaf-3d7c-479a-9a01-d5fa6d5cdd8e,9bba5d1f-c0d4-4523-8f01-c42d51fab363,1791480464482,1791480466643,1791480466643,1,
d8d7a176-74aa-4080-a153-5af2bb675474,PROVIDER,1000,DigitalTwinRegistryId@BPNL00000003AYRE,83673ffd-c48c-429a-b6c6-7e8dac70b874,a30e5557-f104-46ce-a9ca-06b5f8b09731,1791480467880,1791480471166,1791480471166,1,
dc972e92-3c6c-46de-b0b9-93c71327fddc,PROVIDER,1000,itemstocksubmodel-api-asset@BPNL00000003AYRE,0ef26eaf-3d7c-479a-9a01-d5fa6d5cdd8e,4aeea0a3-f959-432e-85b5-86c96fc0ca01,1791480470020,1791480472311,1791480472311,1,
95d2e599-5892-4523-bf01-e350d5596d26,PROVIDER,1000,DigitalTwinRegistryId@BPNL00000003AYRE,83673ffd-c48c-429a-b6c6-7e8dac70b874,8a73c78f-2cac-4282-b583-05f83692c576,1791480473269,1791480474735,1791480474735,1,
31ca027a-d189-45f1-8fba-ebd499ea9d74,PROVIDER,1000,itemstocksubmodel-api-asset@BPNL00000003AYRE,0ef26eaf-3d7c-479a-9a01-d5fa6d5cdd8e,d8a6eaf8-51f8-48fd-acac-b82cb62d75e6,1791480474468,1791480476013,1791480476013,1,
63ed6e91-62f8-4f48-835d-75b257afe2eb,PROVIDER,1000,DigitalTwinRegistryId@BPNL00000003AYRE,83673ffd-c48c-429a-b6c6-7e8dac70b874,9c57c78f-ce42-418f-abe9-20ea23833a58,1791480477787,1791480479614,1791480479614,1,
43e4919b-4f84-4b13-bcc4-4835886ea6b6,PROVIDER,1000,itemstocksubmodel-api-asset@BPNL00000003AYRE,0ef26eaf-3d7c-479a-9a01-d5fa6d5cdd8e,38e9bdef-1938-4ce6-be4c-1b6ad140ca6b,1791480479006,1791480480729,1791480480729,1,
386d91f3-b233-4f1e-b20e-b42c8907515b,PROVIDER,1000,DigitalTwinRegistryId@BPNL00000003AYRE,83673ffd-c48c-429a-b6c6-7e8dac70b874,5cdba940-c59f-414a-97e0-83f75a20bacd,1791480483297,1791480485257,1791480485257,1,
86397dff-af2e-409c-bc72-41cba9108947,PROVIDER,1000,itemstocksubmodel-api-asset@BPNL00000003AYRE,0ef26eaf-3d7c-479a-9a01-d5fa6d5cdd8e,ac227f2d-3d0e-4729-bf39-a78e4ee2847e,1791480484471,1791480486427,1791480486427,1,
d8af97e5-acc2-4971-ae84-2b244ae66aaf,PROVIDER,1000,DigitalTwinRegistryId@BPNL00000003AYRE,83673ffd-c48c-429a-b6c6-7e8dac70b874,f0411156-6de4-4200-90ad-53e2788a48ec,1791480487661,1791480490928,1791480490928,1,
94f94c11-cb2e-4fc2-abbd-1f3e1705981b,PROVIDER,1000,itemstocksubmodel-api-asset@BPNL00000003AYRE,0ef26eaf-3d7c-479a-9a01-d5fa6d5cdd8e,5868317a-6da0-4cdc-85e6-4111c2a225a2,1791480489791,1791480492174,1791480492174,1,
23eaeb8b-70f9-46f1-b157-0e76b84da134,PROVIDER,1000,DigitalTwinRegistryId@BPNL00000003AYRE,83673ffd-c48c-429a-b6c6-7e8dac70b874,9a96841e-4f4d-475f-a0c7-1f56c271d209,1791480493064,1791480494542,1791480494542,1,
eb52a024-e771-4c1e-a599-b4d6acbef121,PROVIDER,1000,itemstocksubmodel-api-asset@BPNL00000003AYRE,0ef26eaf-3d7c-479a-9a01-d5fa6d5cdd8e,bb9f031d-f946-4bf3-9434-68ec9ac72fa9,1791480494171,1791480496135,1791480496135,1,
ab0cb409-49ae-45d5-855c-6b1dc2033c6e,PROVIDER,1000,DigitalTwinRegistryId@BPNL00000003AYRE,83673ffd-c48c-429a-b6c6-7e8dac70b874,0580e696-ffe5-4e0e-8aa9-b3fb868fa8b4,1791480498368,1791480501758,1791480501758,1,
a375a007-3c88-4b7a-9022-094ef809cf1a,PROVIDER,1000,itemstocksubmodel-api-asset@BPNL00000003AYRE,0ef26eaf-3d7c-479a-9a01-d5fa6d5cdd8e,3c4c0c65-71fb-460b-878c-519047a21b67,1791480500489,1791480504129,1791480504129,1,
9e43bc7d-307c-4d36-9cbf-66e7559ad5f4,PROVIDER,1000,DigitalTwinRegistryId@BPNL00000003AYRE,83673ffd-c48c-429a-b6c6-7e8dac70b874,f09a9111-aa6e-4018-8029-4c4f7c324eae,1791480503070,1791480506386,1791480506386,1,
c01a186e-b3cc-42c8-b69b-78afe02af354,PROVIDER,1000,itemstocksubmodel-api-asset@BPNL00000003AYRE,0ef26eaf-3d7c-479a-9a01-d5fa6d5cdd8e,ad1dae59-7a67-40a1-bb2d-2aa329908a37,1791480505320,1791480508012,1791480508012,1,
55356538-c633-4d40-ac50-c3b2f454c37c,PROVIDER,1000,DigitalTwinRegistryId@BPNL00000003AYRE,83673ffd-c48c-429a-b6c6-7e8dac70b874,92b51051-4243-42e4-840d-c3d65b5ae715,1791480507651,1791480509333,1791480509333,1,
3eda8add-d0b5-47bb-bcdd-1c09011279f4,PROVIDER,1000,itemstocksubmodel-api-asset@BPNL00000003AYRE,0ef26eaf-3d7c-479a-9a01-d5fa6d5cdd8e,0abf1e43-a58e-4cb7-85a7-03d7a49896f1,1791480508720,1791480510437,1791480510437,1,
755b71ae-ff5b-4142-b98c-6b4c9b32551d,PROVIDER,1000,DigitalTwinRegistryId@BPNL00000003AYRE,83673ffd-c48c-429a-b6c6-7e8dac70b874,76f932f3-30c9-4d8b-b13e-29ac636bf9bd,1791480512856,1791480514939,1791480514939,1,
73f9f4ef-21e7-41b5-98b2-bb3b1b1fb5d3,PROVIDER,1000,itemstocksubmodel-api-asset@BPNL00000003AYRE,0ef26eaf-3d7c-479a-9a01-d5fa6d5cdd8e,d653fc15-ca8a-4cba-b806-a2f9237b55b8,1791480513978,1791480516109,1791480516109,1,
12184985-418d-4f07-9e86-ca1adb88efbc,PROVIDER,1000,DigitalTwinRegistryId@BPNL00000003AYRE,83673ffd-c48c-429a-b6c6-7e8dac70b874,7b631466-ad22-411f-9602-039367ca6230,1791480518331,1791480522257,1791480522257,1,
6e312ab0-da47-4a42-ae43-0020a66ff090,PROVIDER,1000,itemstocksubmodel-api-asset@BPNL00000003AYRE,0ef26eaf-3d7c-479a-9a01-d5fa6d5cdd8e,8bb1334a-1967-4ecc-a523-d240a09cadaa,1791480520439,1791480523627,1791480523627,1,
5986cd68-6b63-42c0-ad8c-33a49c726249,PROVIDER,1000,DigitalTwinRegistryId@BPNL00000003AYRE,83673ffd-c48c-429a-b6c6-7e8dac70b874,58e2184c-8190-4958-9353-6223ad0fced4,1791480523221,1791480525377,1791480525377,1,
8207fd87-c75b-4877-8df9-9e9db473b08e,PROVIDER,1000,itemstocksubmodel-api-asset@BPNL00000003AYRE,0ef26eaf-3d7c-479a-9a01-d5fa6d5cdd8e,8b581a37-8dc8-4074-a983-59f764d9ff88,1791480524376,1791480526486,1791480526486,1,
8d8f53aa-bdfa-4bb6-ac59-2532cf72fbbc,PROVIDER,1000,DigitalTwinRegistryId@BPNL00000003AYRE,83673ffd-c48c-429a-b6c6-7e8dac70b874,ffe1ead4-8f10-42a7-97bc-7361860939d1,1791480528592,1791480531911,1791480531911,1,
c0405594-9006-4544-9fbd-cb36c32b6928,PROVIDER,1000,itemstocksubmodel-api-asset@BPNL00000003AYRE,0ef26eaf-3d7c-479a-9a01-d5fa6d5cdd8e,f9e3e69d-ecc5-4d5b-b2c9-62717bfc6a0c,1791480530778,1791480534782,1791480534782,1,
960fde17-6c88-4ace-8045-52fd7806af8a,PROVIDER,1000,DigitalTwinRegistryId@BPNL00000003AYRE,83673ffd-c48c-429a-b6c6-7e8dac70b874,4b47a4fe-fdec-46f8-a3e0-8237d591fab0,1791480533201,1791480534985,1791480534985,1,
996b492b-5fc8-48e1-b22b-0452baab2159,PROVIDER,1000,itemstocksubmodel-api-asset@BPNL00000003AYRE,0ef26eaf-3d7c-479a-9a01-d5fa6d5cdd8e,9127d357-fbbb-43ca-b00f-7bc9ab84d460,1791480534442,1791480536206,1791480536206,1,
d7ec52c2-8e38-4fcf-92fa-d45ff01ad8e5,PROVIDER,1000,DigitalTwinRegistryId@BPNL00000003AYRE,83673ffd-c48c-429a-b6c6-7e8dac70b874,1ecb134a-176b-487a-b9f7-1ad31e16e2bb,1791480538631,1791480541979,1791480541979,1,
01f910dd-c22a-4630-92b7-038ea344402a,PROVIDER,1000,itemstocksubmodel-api-asset@BPNL00000003AYRE,0ef26eaf-3d7c-479a-9a01-d5fa6d5cdd8e,10d27993-484d-461b-b2ad-2040282a4666,1791480540933,1791480544237,1791480544237,1,
208cac12-0b97-44a8-a39d-d3bac9f52aa7,PROVIDER,1000,DigitalTwinRegistryId@BPNL00000003AYRE,83673ffd-c48c-429a-b6c6-7e8dac70b874,0162da65-2f60-4df6-9012-c1412fddf7f6,1791480543098,1791480546507,1791480546507,1,
f2d7ac83-b40b-42bd-be0c-d929e78639b3,PROVIDER,1000,itemstocksubmodel-api-asset@BPNL00000003AYRE,0ef26eaf-3d7c-479a-9a01-d5fa6d5cdd8e,939c2f20-be96-484c-a29e-4c4eec84f4ef,1791480545258,1791480547616,1791480547616,1,
c4503285-94a6-4e4a-8905-127cb4a1f24c,PROVIDER,1000,DigitalTwinRegistryId@BPNL00000003AYRE,83673ffd-c48c-429a-b6c6-7e8dac70b874,5b997821-a4d9-4bfe-bf65-950cc096fbe1,1791480548454,1791480550074,1791480550074,1,
0f1828c0-6464-4682-b06f-719460e2819a,PROVIDER,1000,itemstocksubmodel-api-asset@BPNL00000003AYRE,0ef26eaf-3d7c-479a-9a01-d5fa6d5cdd8e,10a52c9a-d02c-4534-b72f-97411caacd1c,1791480549574,1791480551205,1791480551205,1,
f0e8954b-ddf4-4127-bf83-ef3b63ea2b1a,PROVIDER,1000,DigitalTwinRegistryId@BPNL00000003AYRE,83673ffd-c48c-429a-b6c6-7e8dac70b874,3ca73da7-6934-4087-ada0-f610c25a24f6,1791480552823,1791480554881,1791480554881,1,
c09a3c42-a550-4d20-b785-136ec6c4ba3a,PROVIDER,1000,itemstocksubmodel-api-asset@BPNL00000003AYRE,0ef26eaf-3d7c-479a-9a01-d5fa6d5cdd8e,e3a69fdc-086e-468c-84ee-c4c8c0fa39b0,1791480554032,1791480556013,1791480556013,1,
3eca54d4-1ab8-45f9-90d6-0d7a33c3c38a,PROVIDER,1000,DigitalTwinRegistryId@BPNL00000003AYRE,83673ffd-c48c-429a-b6c6-7e8dac70b874,b4c6abdf-4288-4e8b-9b7e-4bcb42cebfd3,1791480558314,1791480561542,1791480561542,1,
026cb438-fcf3-49c8-8902-e48fb60a863f,PROVIDER,1000,itemstocksubmodel-api-asset@BPNL00000003AYRE,0ef26eaf-3d7c-479a-9a01-d5fa6d5cdd8e,29e392bd-af32-4abc-a127-beb58ba2bec7,1791480560479,1791480562645,1791480562645,1,
b9fa0e77-d274-44c6-b0d2-f2078b061827,PROVIDER,1000,DigitalTwinRegistryId@BPNL00000003AYRE,83673ffd-c48c-429a-b6c6-7e8dac70b874,462919e5-1b29-47ea-9bdf-a93c12966a76,1791480563067,1791480565067,1791480565067,1,
bdbb7aa1-30fd-4226-bc65-4e4c57f89a0f,PROVIDER,1000,itemstocksubmodel-api-asset@BPNL00000003AYRE,0ef26eaf-3d7c-479a-9a01-d5fa6d5cdd8e,6834aa15-53c8-4f83-b957-89d0f4885f56,1791480564275,1791480566181,1791480566181,1,
034ee060-a524-470f-ac8a-fd06a8f7509e,PROVIDER,1000,DigitalTwinRegistryId@BPNL00000003AYRE,83673ffd-c48c-429a-b6c6-7e8dac70b874,d4289fb8-d717-412f-9908-8bc6d6f2d3ff,1791480568607,1791480570791,1791480570791,1,
c144a77b-0677-4135-9470-d191483ececb,PROVIDER,1000,itemstocksubmodel-api-asset@BPNL00000003AYRE,0ef26eaf-3d7c-479a-9a01-d5fa6d5cdd8e,ed3e264f-d36d-4189-9c78-5de15bc9c25d,1791480569756,1791480571934,1791480571934,1,
ccd9b0e9-14a3-474f-a169-b825d2307b82,PROVIDER,1000,DigitalTwinRegistryId@BPNL00000003AYRE,83673ffd-c48c-429a-b6c6-7e8dac70b874,f84454f1-f1a6-4260-ad1c-8677674bd974,1791480573047,1791480576391,1791480576391,1,
ee3e121e-33dd-453b-95a4-834b4608e3f1,PROVIDER,1000,itemstocksubmodel-api-asset@BPNL00000003AYRE,0ef26eaf-3d7c-479a-9a01-d5fa6d5cdd8e,ff900a80-3a4f-4d98-9822-551b1a144ca4,1791480575406,1791480578744,1791480578744,1,
aa0c2a79-79ec-4082-b4be-111b3f1147e8,PROVIDER,1000,DigitalTwinRegistryId@BPNL00000003AYRE,83673ffd-c48c-429a-b6c6-7e8dac70b874,faa1748b-404c-4206-8193-c6a214e405fc,1791480577764,1791480581131,1791480581131,1,
5fd990c8-cc6d-430b-b2b7-eaa614e633ab,PROVIDER,1000,itemstocksubmodel-api-asset@BPNL00000003AYRE,0ef26eaf-3d7c-479a-9a01-d5fa6d5cdd8e,74f7687f-55da-4422-b1dc-9708bfd13532,1791480580037,1791480582233,1791480582233,1,
26382f34-7217-41b9-93d6-fc3e35aef175,PROVIDER,1000,DigitalTwinRegistryId@BPNL00000003AYRE,83673ffd-c48c-429a-b6c6-7e8dac70b874,b8c78f77-9236-4467-b587-97a33cebb0fb,1791480583369,1791480586160,1791480586160,1,
ac051ada-19fe-4114-8575-6f09c3161ca1,PROVIDER,1000,itemstocksubmodel-api-asset@BPNL00000003AYRE,0ef26eaf-3d7c-479a-9a01-d5fa6d5cdd8e,e4e97599-a967-400b-af2d-44240b2d6a6d,1791480585484,1791480588724,1791480588724,1,
99cfbd9c-2011-4e20-80c1-5abea88d8f29,PROVIDER,1000,DigitalTwinRegistryId@BPNL00000003AYRE,83673ffd-c48c-429a-b6c6-7e8dac70b874,65506f5b-ad9d-47ab-ae7c-de7beae23141,1791480587741,1791480589969,1791480589969,1,
55cf9f0a-037a-4141-ae72-2b83f5935cfc,PROVIDER,1000,itemstocksubmodel-api-asset@BPNL00000003AYRE,0ef26eaf-3d7c-479a-9a01-d5fa6d5cdd8e,b60cb8e1-f8dc-479c-b9fc-67e9941b3cb4,1791480588936,1791480591099,1791480591099,1,
0fd7ebe2-b921-4194-ac7f-76bbb6fc382c,PROVIDER,1000,DigitalTwinRegistryId@BPNL00000003AYRE,83673ffd-c48c-429a-b6c6-7e8dac70b874,79011470-097a-47a5-b555-053849760e19,1791480593195,1791480596571,1791480596571,1,
7f3f0bfb-d710-41dd-92ee-59b3c90a7282,PROVIDER,1000,itemstocksubmodel-api-asset@BPNL00000003AYRE,0ef26eaf-3d7c-479a-9a01-d5fa6d5cdd8e,de347e01-3aca-4c11-97eb-90ffbc1a6ee6,1791480595382,1791480597956,1791480597956,1,
3c29bcde-bc7a-4115-a510-f4914582168a,PROVIDER,1000,DigitalTwinRegistryId@BPNL00000003AYRE,83673ffd-c48c-429a-b6c6-7e8dac70b874,068a8e51-9f62-4d19-9dda-15daf1ddebf1,1791480597636,1791480599221,1791480599221,1,
42047ce0-6ba0-4d99-a3fe-922d20e145ed,PROVIDER,1000,itemstocksubmodel-api-asset@BPNL00000003AYRE,0ef26eaf-3d7c-479a-9a01-d5fa6d5cdd8e,1925cde5-9b5f-4eec-b5b3-2017aaddcd68,1791480598860,1791480600403,1791480600403,1,
369ab4c6-15bf-4b2c-b27e-8ceb7886fe04,PROVIDER,1000,DigitalTwinRegistryId@BPNL00000003AYRE,83673ffd-c48c-429a-b6c6-7e8dac70b874,ca31b155-023a-4b1d-b4c0-c9d24ed88753,1791480603106,1791480604778,1791480604778,1,
acb2f4a0-ad2b-4b82-b878-a7fce1baa250,PROVIDER,1000,itemstocksubmodel-api-asset@BPNL00000003AYRE,0ef26eaf-3d7c-479a-9a01-d5fa6d5cdd8e,3a4beca1-e615-47ed-a1d9-41afc8394434,1791480604226,1791480605967,1791480605967,1,
09a1d4e3-4ae8-4307-9a76-ef4b635f2db1,PROVIDER,1000,DigitalTwinRegistryId@BPNL00000003AYRE,83673ffd-c48c-429a-b6c6-7e8dac70b874,dd6ab126-56bc-4120-ba62-30ab5fef5d23,1791480608489,1791480611516,1791480611516,1,
36f2461e-d19b-4b7f-a6c2-c3228ebde20e,PROVIDER,1000,itemstocksubmodel-api-asset@BPNL00000003AYRE,0ef26eaf-3d7c-479a-9a01-d5fa6d5cdd8e,eb994651-1248-4a99-b42a-a4fb99376768,1791480610603,1791480612644,1791480612644,1,
0dc20158-bad8-4294-afc2-af2bfbff2da2,PROVIDER,1000,DigitalTwinRegistryId@BPNL00000003AYRE,83673ffd-c48c-429a-b6c6-7e8dac70b874,e2c8e18f-f428-4fc2-bd8c-2bb4c4d9cd53,1791480613236,1791480615154,1791480615154,1,
268c3fef-ab2a-4491-a908-4b2d5e11aad1,PROVIDER,1000,itemstocksubmodel-api-asset@BPNL00000003AYRE,0ef26eaf-3d7c-479a-9a01-d5fa6d5cdd8e,ddb8d6a8-56d4-4d25-93c2-f7e43e942d45,1791480614431,1791480616323,1791480616323,1,
3a28e5d2-7216-4f36-8e3a-c0f2b821df10,PROVIDER,1000,DigitalTwinRegistryId@BPNL00000003AYRE,83673ffd-c48c-429a-b6c6-7e8dac70b874,e9bc9195-08f9-4851-9e64-88f7fd48b778,1791480617775,1791480621076,1791480621076,1,
f45d50d5-8c32-4da3-8855-cb7cf339a857,PROVIDER,1000,itemstocksubmodel-api-asset@BPNL00000003AYRE,0ef26eaf-3d7c-479a-9a01-d5fa6d5cdd8e,4525194b-99cb-48b7-809c-344c28140897,1791480619998,1791480622194,1791480622194,1,
6cfdb2c4-ac9b-42f2-8138-6d49e318fd7e,PROVIDER,1000,DigitalTwinRegistryId@BPNL00000003AYRE,83673ffd-c48c-429a-b6c6-7e8dac70b874,046f1505-3aeb-42ae-9358-934ca0ff6f0b,1791480623251,1791480626694,1791480626694,1,
0243f600-7d36-497f-b6b3-cd9d4395a609,PROVIDER,1000,itemstocksubmodel-api-asset@BPNL00000003AYRE,0ef26eaf-3d7c-479a-9a01-d5fa6d5cdd8e,486eb3f9-f528-4cdc-8e15-62071a732415,1791480625456,1791480627977,1791480627977,1,
83b3a41b-2383-49bb-b9bb-4741a756d14f,PROVIDER,1000,DigitalTwinRegistryId@BPNL00000003AYRE,83673ffd-c48c-429a-b6c6-7e8dac70b874,9d377bbd-6546-4467-911b-585f6a705cf6,1791480627670,1791480629255,1791480629255,1,
b197e64f-1085-4cb8-a82b-1eae32f15b6a,PROVIDER,1000,itemstocksubmodel-api-asset@BPNL00000003AYRE,0ef26eaf-3d7c-479a-9a01-d5fa6d5cdd8e,31025f69-c465-4aed-8a2f-eccbd1fccea4,1791480628848,1791480630406,1791480630406,1,
5d963f93-1869-46b4-8181-0760ea96b61f,PROVIDER,1000,DigitalTwinRegistryId@BPNL00000003AYRE,83673ffd-c48c-429a-b6c6-7e8dac70b874,9ecc1232-1959-4f53-839e-2adca0bd5112,1791480633116,1791480635077,1791480635077,1,
58538349-fe0c-403f-931f-f0b1033efea4,PROVIDER,1000,itemstocksubmodel-api-asset@BPNL00000003AYRE,0ef26eaf-3d7c-479a-9a01-d5fa6d5cdd8e,7e6eca9d-ce6e-445f-8c68-baa71c5af683,1791480634294,1791480636222,1791480636222,1,
cc4efcc5-bc41-4ca5-9136-d46b493491a6,PROVIDER,1000,DigitalTwinRegistryId@BPNL00000003AYRE,83673ffd-c48c-429a-b6c6-7e8dac70b874,abdbdafd-7838-40c0-8039-cdd3d053ea82,1791480638510,1791480641864,1791480641864,1,
75484385-fd4d-4300-aefb-07514f26e00f,PROVIDER,1000,itemstocksubmodel-api-asset@BPNL00000003AYRE,0ef26eaf-3d7c-479a-9a01-d5fa6d5cdd8e,8ae62168-7df6-47be-8e40-8a8275ce81f5,1791480640703,1791480644213,1791480644213,1,
6b5a63c4-fca1-4ad3-80a0-da9ebc1912e2,PROVIDER,1000,DigitalTwinRegistryId@BPNL00000003AYRE,83673ffd-c48c-429a-b6c6-7e8dac70b874,8b74c00e-874f-4707-8b07-dca47392238b,1791480642975,1791480645733,1791480645733,1,
5dafe60b-ecfd-43a2-a6dd-f123bf51dfd6,PROVIDER,1000,itemstocksubmodel-api-asset@BPNL00000003AYRE,0ef26eaf-3d7c-479a-9a01-d5fa6d5cdd8e,0f451a29-f746-41d3-9559-f49a0a3e4352,1791480645226,1791480646924,1791480646924,1,
b29c5f55-7d4b-4653-89e0-f8027887c3a7,PROVIDER,1000,DigitalTwinRegistryId@BPNL00000003AYRE,83673ffd-c48c-429a-b6c6-7e8dac70b874,ed80f092-6113-427c-8709-566c54dcaa10,1791480648484,1791480651414,1791480651414,1,
4ac2e1e4-3530-48b0-9f01-5c1963a7b354,PROVIDER,1000,itemstocksubmodel-api-asset@BPNL00000003AYRE,0ef26eaf-3d7c-479a-9a01-d5fa6d5cdd8e,4e93de1f-8c9f-4aee-bb82-17b388eec3f9,1791480650657,1791480652679,1791480652679,1,
4f9adff8-8373-4070-943b-49a9590688c6,PROVIDER,1000,DigitalTwinRegistryId@BPNL00000003AYRE,83673ffd-c48c-429a-b6c6-7e8dac70b874,c5ad7f74-e76a-43bf-960f-7cd78af60831,1791480652894,1791480656402,1791480656402,1,
2bcc27bc-0ca9-4b19-84d8-7ede146e5c6f,PROVIDER,1000,itemstocksubmodel-api-asset@BPNL00000003AYRE,0ef26eaf-3d7c-479a-9a01-d5fa6d5cdd8e,875045c6-c10e-411e-bd50-0b3135c24c82,1791480655132,1791480657605,1791480657605,1,
5309af4e-8837-434c-b2e2-6d4630810c3a,PROVIDER,1000,DigitalTwinRegistryId@BPNL00000003AYRE,83673ffd-c48c-429a-b6c6-7e8dac70b874,6f4cbc56-5f73-498c-964d-d5e660eb6198,1791480658313,1791480660082,1791480660082,1,
f7306326-7ad5-494d-8b2e-768980d5939e,PROVIDER,1000,itemstocksubmodel-api-asset@BPNL00000003AYRE,0ef26eaf-3d7c-479a-9a01-d5fa6d5cdd8e,0591d812-921e-42cd-93a4-7521d470ff4e,1791480659417,1791480661213,1791480661213,1,
bdc1c10a-092c-47bd-8393-e127fe644424,PROVIDER,1000,DigitalTwinRegistryId@BPNL00000003AYRE,83673ffd-c48c-429a-b6c6-7e8dac70b874,68f373b1-fa7c-45ca-abe4-7840bd465938,1791480662875,1791480664674,1791480664674,1,
7f94b3fc-29fc-4ef2-b9b3-ab8153b87ac3,PROVIDER,1000,itemstocksubmodel-api-asset@BPNL00000003AYRE,0ef26eaf-3d7c-479a-9a01-d5fa6d5cdd8e,b93465aa-0687-4db4-8cf9-179421bae1ec,1791480663980,1791480666158,1791480666158,1,
b2f4aead-7a04-46e5-9eb8-2fe30b604fe8,PROVIDER,1000,DigitalTwinRegistryId@BPNL00000003AYRE,83673ffd-c48c-429a-b6c6-7e8dac70b874,b7f1152e-81ee-4b82-bd60-27c718d6baa2,1791480668294,1791480671649,1791480671649,1,
b86d4226-c0bc-4ec7-99c6-5d0dc72d80ae,PROVIDER,1000,itemstocksubmodel-api-asset@BPNL00000003AYRE,0ef26eaf-3d7c-479a-9a01-d5fa6d5cdd8e,543c8368-390e-477d-8e03-ac04e262ff4f,1791480670451,1791480673990,1791480673990,1,
eb7a4b54-4325-4416-84c6-62ea70f50d5b,PROVIDER,1000,DigitalTwinRegistryId@BPNL00000003AYRE,83673ffd-c48c-429a-b6c6-7e8dac70b874,f87342ba-203c-4130-9f3b-8dcf5695dcfd,1791480672864,1791480676290,1791480676290,1,
33e7dcb8-9d5f-410e-ae34-e64c13ef1f2e,PROVIDER,1000,itemstocksubmodel-api-asset@BPNL00000003AYRE,0ef26eaf-3d7c-479a-9a01-d5fa6d5cdd8e,8abc325e-c30e-434e-9e84-72caf67d34d4,1791480675055,1791480678783,1791480678783,1,
8a10ed15-81f9-4230-b791-84411115036e,PROVIDER,1000,DigitalTwinRegistryId@BPNL00000003AYRE,83673ffd-c48c-429a-b6c6-7e8dac70b874,f8aa0024-0176-48fd-a3f6-c2ba4dcd9e39,1791480678324,1791480680014,1791480680014,1,
e6a7c4be-45a7-4c79-a6ef-7bedbc7a6b3e,PROVIDER,1000,itemstocksubmodel-api-asset@BPNL00000003AYRE,0ef26eaf-3d7c-479a-9a01-d5fa6d5cdd8e,572594f5-91af-43dd-865f-e85653859ea9,1791480679468,1791480681187,1791480681187,1,
55e51ede-4e8a-4ea6-98b5-78a3609db8ac,PROVIDER,1000,DigitalTwinRegistryId@BPNL00000003AYRE,83673ffd-c48c-429a-b6c6-7e8dac70b874,f9db0007-13ff-4925-9b18-2c3f1911cdf8,1791480682907,1791480684609,1791480684609,1,
6b61e670-d721-431c-80cd-13e8a046b0d2,PROVIDER,1000,itemstocksubmodel-api-asset@BPNL00000003AYRE,0ef26eaf-3d7c-479a-9a01-d5fa6d5cdd8e,4f993b48-467b-49e0-b293-40d0be1d6f5f,1791480684072,1791480686093,1791480686093,1,
c65d3ea7-d5a8-498b-b2ba-8dccf72628d8,PROVIDER,1000,DigitalTwinRegistryId@BPNL00000003AYRE,83673ffd-c48c-429a-b6c6-7e8dac70b874,f8622033-6c5a-47ce-ad5a-02d071590928,1791480688402,1791480691627,1791480691627,1,
85efb337-69ce-4e77-b8a7-f2b0efcedb2e,PROVIDER,1000,itemstocksubmodel-api-asset@BPNL00000003AYRE,0ef26eaf-3d7c-479a-9a01-d5fa6d5cdd8e,7427479e-dcd1-4987-b15e-a9b7b76c4bf2,1791480690615,1791480692720,1791480692720,1,
8bd8c4f2-1046-4cc6-b503-520adecde506,PROVIDER,1000,DigitalTwinRegistryId@BPNL00000003AYRE,83673ffd-c48c-429a-b6c6-7e8dac70b874,20655432-2734-435b-aab5-e0bd496a5d92,1791480693178,1791480695143,1791480695143,1,
54dc7f37-a490-4583-8cc4-dbd478975354,PROVIDER,1000,itemstocksubmodel-api-asset@BPNL00000003AYRE,0ef26eaf-3d7c-479a-9a01-d5fa6d5cdd8e,1956c366-058a-472f-89bd-566eb29c6b76,1791480694365,1791480696250,1791480696250,1,
80d9130f-ea11-4db0-b1af-bb8041c3f3e1,PROVIDER,1000,DigitalTwinRegistryId@BPNL00000003AYRE,83673ffd-c48c-429a-b6c6-7e8dac70b874,57f7fa38-a6d8-488d-9dea-d839c4dcc48f,1791480698558,1791480701865,1791480701865,1,
30cdf5aa-e395-44b6-81d1-69ae7190e359,PROVIDER,1000,itemstocksubmodel-api-asset@BPNL00000003AYRE,0ef26eaf-3d7c-479a-9a01-d5fa6d5cdd8e,64f3966f-cd23-4181-b3a5-d5b4a7f5b65e,1791480700765,1791480704228,1791480704228,1,
7f6274dd-da16-484e-8309-c24ecdff432e,PROVIDER,1000,DigitalTwinRegistryId@BPNL00000003AYRE,83673ffd-c48c-429a-b6c6-7e8dac70b874,b628f338-6e55-4e2f-bc13-0c5558eac0a3,1791480703065,1791480705517,1791480705517,1,
08486edb-dfe8-4a6f-89d4-3a7fcef92afd,PROVIDER,1000,itemstocksubmodel-api-asset@BPNL00000003AYRE,0ef26eaf-3d7c-479a-9a01-d5fa6d5cdd8e,864dc205-ba8f-4b18-81dd-5de66e67c275,1791480705242,1791480706682,1791480706682,1,
0116e6a4-9968-4507-9e44-4649ef1a5bcc,PROVIDER,1000,DigitalTwinRegistryId@BPNL00000003AYRE,83673ffd-c48c-429a-b6c6-7e8dac70b874,21fed908-aefd-4d74-ae2d-64721dad971e,1791480708481,1791480710077,1791480710077,1,
9c5dfc3a-919b-4b67-a4f1-093a85e119d7,PROVIDER,1000,itemstocksubmodel-api-asset@BPNL00000003AYRE,0ef26eaf-3d7c-479a-9a01-d5fa6d5cdd8e,fa50010f-c037-4ac3-9c13-736a7d195580,1791480709584,1791480711211,1791480711211,1,
4c6a8c50-812c-4032-9961-e6c9a91e7672,PROVIDER,1000,DigitalTwinRegistryId@BPNL00000003AYRE,83673ffd-c48c-429a-b6c6-7e8dac70b874,0c6c9140-04b8-4345-8614-aa583c1f9be9,1791480712975,1791480714619,1791480714619,1,
ec4baf7b-91ec-471c-9a64-50016c386c93,PROVIDER,1000,itemstocksubmodel-api-asset@BPNL00000003AYRE,0ef26eaf-3d7c-479a-9a01-d5fa6d5cdd8e,6c5e3095-c055-46e8-8244-76ef33de52fb,1791480714091,1791480716035,1791480716035,1,
19a3ff1e-37f2-4095-8074-21c748599da3,PROVIDER,1000,DigitalTwinRegistryId@BPNL00000003AYRE,83673ffd-c48c-429a-b6c6-7e8dac70b874,8b669159-c923-437e-bac5-3f44d01a25ef,1791480718337,1791480721611,1791480721611,1,
a6da7ada-c268-4f86-a964-ca328ff34cf9,PROVIDER,1000,itemstocksubmodel-api-asset@BPNL00000003AYRE,0ef26eaf-3d7c-479a-9a01-d5fa6d5cdd8e,4a946ce3-d725-4e89-8b73-db94ae7d1bb3,1791480720464,1791480723882,1791480723882,1,
fc48da89-c209-4420-b317-4616b559e4cc,PROVIDER,1000,DigitalTwinRegistryId@BPNL00000003AYRE,83673ffd-c48c-429a-b6c6-7e8dac70b874,cdfe3a9d-6f4e-4c38-9336-a9faee878406,1791480722959,1791480725120,1791480725120,1,
ff4c96e7-9b18-422e-8a7e-cfab3009f9ac,PROVIDER,1000,itemstocksubmodel-api-asset@BPNL00000003AYRE,0ef26eaf-3d7c-479a-9a01-d5fa6d5cdd8e,104a88ab-c522-4fc4-ae68-917493b76db3,1791480724096,1791480726310,1791480726310,1,
95e9ed95-7895-40e5-a6f1-fab62d08790a,PROVIDER,1000,DigitalTwinRegistryId@BPNL00000003AYRE,83673ffd-c48c-429a-b6c6-7e8dac70b874,c281d32c-7515-4de0-8b06-7fac2c0ce47b,1791480728389,1791480729964,1791480729964,1,
2f9aa845-d4bc-4d22-8400-a1c04a5c2369,PROVIDER,1000,itemstocksubmodel-api-asset@BPNL00000003AYRE,0ef26eaf-3d7c-479a-9a01-d5fa6d5cdd8e,80e264cf-4f96-42f5-8880-72d2d0b49b67,1791480729476,1791480731151,1791480731151,1,
05f29062-7934-4e30-9073-d6aba5ad38d8,PROVIDER,1000,DigitalTwinRegistryId@BPNL00000003AYRE,83673ffd-c48c-429a-b6c6-7e8dac70b874,4dfba9cf-8f24-49c4-9aa7-87613f007425,1791480732896,1791480734600,1791480734600,1,
16c47b33-0ebe-4b25-849c-a5f5e94a8f82,PROVIDER,1000,itemstocksubmodel-api-asset@BPNL00000003AYRE,0ef26eaf-3d7c-479a-9a01-d5fa6d5cdd8e,8d61bd58-652f-4737-9c2d-5f6dea826b3a,1791480734264,1791480736140,1791480736140,1,
6898b6bb-b896-48cb-8100-d79edf1512fd,PROVIDER,1000,DigitalTwinRegistryId@BPNL00000003AYRE,83673ffd-c48c-429a-b6c6-7e8dac70b874,04d78753-28f4-4de8-838f-cfbd03e80b12,1791480738592,1791480740851,1791480740851,1,
5bec2315-4c83-496f-91d5-f615dedf959f,PROVIDER,1000,itemstocksubmodel-api-asset@BPNL00000003AYRE,0ef26eaf-3d7c-479a-9a01-d5fa6d5cdd8e,8c10fa99-b12b-4b38-989b-915078bef9cb,1791480739745,1791480741954,1791480741954,1,
d456e366-d704-4284-952e-7f90ca60caed,PROVIDER,1000,DigitalTwinRegistryId@BPNL00000003AYRE,83673ffd-c48c-429a-b6c6-7e8dac70b874,9931add3-5255-4bbf-ae3a-3dd158738aaa,1791480743099,1791480746388,1791480746388,1,
f8740dfa-52a1-47a9-a263-40145a15ccf1,PROVIDER,1000,itemstocksubmodel-api-asset@BPNL00000003AYRE,0ef26eaf-3d7c-479a-9a01-d5fa6d5cdd8e,9e75f6b6-eb16-41b1-b7ef-3a1ddab963dd,1791480745308,1791480747559,1791480747559,1,
c2b0fb07-83b0-4677-8cfe-ee03cf929c99,PROVIDER,1000,DigitalTwinRegistryId@BPNL00000003AYRE,83673ffd-c48c-429a-b6c6-7e8dac70b874,11c4d30c-9718-4832-bddd-9be2909b6210,1791480748595,1791480752077,1791480752077,1,
e16d76c1-d6c6-4168-a339-b4e5252c33f4,PROVIDER,1000,itemstocksubmodel-api-asset@BPNL00000003AYRE,0ef26eaf-3d7c-479a-9a01-d5fa6d5cdd8e,e283a0d0-62a1-44af-aee4-d2e588cb7409,1791480750931,1791480753392,1791480753392,1,
b677962d-e414-4311-8731-1d67617900ea,PROVIDER,1000,DigitalTwinRegistryId@BPNL00000003AYRE,83673ffd-c48c-429a-b6c6-7e8dac70b874,f00f7a73-56af-4666-8cf0-b9c8e6069781,1791480753146,1791480754764,1791480754764,1,
d809f5a8-d79e-47ba-a3f7-286d1c4a43ef,PROVIDER,1000,itemstocksubmodel-api-asset@BPNL00000003AYRE,0ef26eaf-3d7c-479a-9a01-d5fa6d5cdd8e,306ab4e7-0e9b-464e-9b14-e1d262a03e87,1791480754363,1791480757127,1791480757127,1,
0697425f-0136-47f5-8288-80c0909dcc36,PROVIDER,1000,DigitalTwinRegistryId@BPNL00000003AYRE,83673ffd-c48c-429a-b6c6-7e8dac70b874,023d4a18-1cd2-4260-adfd-921de9791848,1791480757648,1791480759553,1791480759553,1,
783f9af9-cae0-4ab6-9afd-216f54ea639f,PROVIDER,1000,itemstocksubmodel-api-asset@BPNL00000003AYRE,0ef26eaf-3d7c-479a-9a01-d5fa6d5cdd8e,562c76e3-152a-4970-ae46-cecfb606729f,1791480758762,1791480760693,1791480760693,1,
378ebae3-bac4-4205-bce8-abe1ff01eb37,PROVIDER,1000,DigitalTwinRegistryId@BPNL00000003AYRE,83673ffd-c48c-429a-b6c6-7e8dac70b874,3e9dd0d1-c9e0-4d35-9911-6b472bc7530a,1791480762995,1791480766383,1791480766383,1,
ef00805c-83cc-44a8-8c14-f4818b2379ec,PROVIDER,1000,itemstocksubmodel-api-asset@BPNL00000003AYRE,0ef26eaf-3d7c-479a-9a01-d5fa6d5cdd8e,acd5b704-e419-4a47-81ac-be72b1187723,1791480765168,1791480767611,1791480767611,1,
8906d69a-29f8-45ad-93ee-5e64a4804b11,PROVIDER,1000,DigitalTwinRegistryId@BPNL00000003AYRE,83673ffd-c48c-429a-b6c6-7e8dac70b874,e19b3998-37d1-4bb1-a4e9-5e38a8d53cdf,1791480768568,1791480770109,1791480770109,1,
1b86a85a-98fa-49d9-b72f-4292b9ba9f40,PROVIDER,1000,itemstocksubmodel-api-asset@BPNL00000003AYRE,0ef26eaf-3d7c-479a-9a01-d5fa6d5cdd8e,e33b6224-795b-414c-aff1-3ecbb7484350,1791480769672,1791480771262,1791480771262,1,
7c112887-c1fa-4773-a612-0610707abdd6,PROVIDER,1000,DigitalTwinRegistryId@BPNL00000003AYRE,83673ffd-c48c-429a-b6c6-7e8dac70b874,2d3af7de-9187-40d8-8c04-1ab222a58e70,1791480772991,1791480774705,1791480774705,1,
a0ee50b4-f51d-4a38-b4d3-c11fc1987a20,PROVIDER,1000,itemstocksubmodel-api-asset@BPNL00000003AYRE,0ef26eaf-3d7c-479a-9a01-d5fa6d5cdd8e,44d9d36e-0fb7-42ae-99d5-0787f9586659,1791480774137,1791480775980,1791480775980,1,
cc757e84-6b94-459c-ab94-b64e9f9f5c4b,PROVIDER,1000,DigitalTwinRegistryId@BPNL00000003AYRE,83673ffd-c48c-429a-b6c6-7e8dac70b874,67f6617b-8472-4fdc-a80f-1fc8f2e8c120,1791480778332,1791480781573,1791480781573,1,
bc018894-8de0-4c75-ae38-de3f2d1d3da7,PROVIDER,1000,itemstocksubmodel-api-asset@BPNL00000003AYRE,0ef26eaf-3d7c-479a-9a01-d5fa6d5cdd8e,6a80850e-f227-4db9-94a5-eb7c6bba7ce5,1791480780445,1791480783911,1791480783911,1,
f5fef9cd-563d-49ff-af66-4490271331e6,PROVIDER,1000,DigitalTwinRegistryId@BPNL00000003AYRE,83673ffd-c48c-429a-b6c6-7e8dac70b874,6de36756-ec6b-4ada-bb95-f8e5194e562a,1791480782817,1791480786167,1791480786167,1,
da2564de-7b83-4f46-a120-8cd6a03a5ef0,PROVIDER,1000,itemstocksubmodel-api-asset@BPNL00000003AYRE,0ef26eaf-3d7c-479a-9a01-d5fa6d5cdd8e,cba0a9dc-154a-4b6c-9a68-4248012e3bd5,1791480784975,1791480788421,1791480788421,1,
1bf237ae-479c-4249-96ff-ac8965c101b8,PROVIDER,1000,DigitalTwinRegistryId@BPNL00000003AYRE,83673ffd-c48c-429a-b6c6-7e8dac70b874,80f54312-a0c2-499d-86d0-2c4406de8e87,1791480788351,1791480789953,1791480789953,1,
790b462e-57cf-43ce-b690-73c35881613e,PROVIDER,1000,itemstocksubmodel-api-asset@BPNL00000003AYRE,0ef26eaf-3d7c-479a-9a01-d5fa6d5cdd8e,27a82d60-6f0e-470b-9ad9-205337d45066,1791480789465,1791480791061,1791480791061,1,
037d8e1a-b7c6-47ed-9ac7-76345512886b,PROVIDER,1000,DigitalTwinRegistryId@BPNL00000003AYRE,83673ffd-c48c-429a-b6c6-7e8dac70b874,d7ecce94-0563-440e-87bd-099170606d9f,1791480792904,1791480794521,1791480794521,1,
8784ded8-33e7-44a9-b9fa-3443e9f50c78,PROVIDER,1000,itemstocksubmodel-api-asset@BPNL00000003AYRE,0ef26eaf-3d7c-479a-9a01-d5fa6d5cdd8e,beed2eac-765b-4db2-93b4-89a366f930fe,1791480794093,1791480795752,1791480795752,1,
fd5fbe20-6405-4a3f-af19-c35275fb0952,PROVIDER,1000,DigitalTwinRegistryId@BPNL00000003AYRE,83673ffd-c48c-429a-b6c6-7e8dac70b874,6e16ace5-8bf4-4f10-a933-22de5fabb024,1791480798303,1791480801532,1791480801532,1,
c8f368db-1227-41bb-8f81-cd93a9a270e9,PROVIDER,1000,itemstocksubmodel-api-asset@BPNL00000003AYRE,0ef26eaf-3d7c-479a-9a01-d5fa6d5cdd8e,00dd9cdd-7610-4915-a170-c4e9832176d7,1791480800506,1791480803759,1791480803759,1,
178e2bba-8270-427a-9862-f4a2696838ef,PROVIDER,1000,DigitalTwinRegistryId@BPNL00000003AYRE,83673ffd-c48c-429a-b6c6-7e8dac70b874,cf2db1d0-1764-4d87-98e2-3c0a05f28b2a,1791480802866,1791480805017,1791480805017,1,
f4099d07-71ca-4aea-8b93-bd403ac2d6c8,PROVIDER,1000,itemstocksubmodel-api-asset@BPNL00000003AYRE,0ef26eaf-3d7c-479a-9a01-d5fa6d5cdd8e,da43c681-7c9c-4caf-9373-567ffbb8bef1,1791480804070,1791480806122,1791480806122,1,
c299ef93-d0b6-4e92-bb0f-723657e3a044,PROVIDER,1000,DigitalTwinRegistryId@BPNL00000003AYRE,83673ffd-c48c-429a-b6c6-7e8dac70b874,220da7ce-595f-4303-a98f-7492c90f97d6,1791480808309,1791480810761,1791480810761,1,
288b212f-5e9d-4993-a6ea-115d8d809838,PROVIDER,1000,itemstocksubmodel-api-asset@BPNL00000003AYRE,0ef26eaf-3d7c-479a-9a01-d5fa6d5cdd8e,921440ae-f031-429b-a4aa-339b84c72b50,1791480810480,1791480811904,1791480811904,1,
3fa9a19f-30c0-4407-bdc7-728db6eb278d,PROVIDER,1000,DigitalTwinRegistryId@BPNL00000003AYRE,83673ffd-c48c-429a-b6c6-7e8dac70b874,2e4e55aa-a85b-4458-8421-2fc97fb216c2,1791480812992,1791480816335,1791480816335,1,
eaa0e854-7ea0-48a3-8087-6fe06264db6e,PROVIDER,1000,itemstocksubmodel-api-asset@BPNL00000003AYRE,0ef26eaf-3d7c-479a-9a01-d5fa6d5cdd8e,57c95ff6-c93a-4f03-a8e4-df0f36a1cf55,1791480815134,1791480817535,1791480817535,1,
11dc605b-769f-4f24-8d3e-c3b2b7dd5378,PROVIDER,1000,DigitalTwinRegistryId@BPNL00000003AYRE,83673ffd-c48c-429a-b6c6-7e8dac70b874,48caac74-aad3-492b-897f-275e940eee16,1791480818435,1791480819998,1791480819998,1,
f9516986-952b-457c-a8cf-9c51cc7a1638,PROVIDER,1000,itemstocksubmodel-api-asset@BPNL00000003AYRE,0ef26eaf-3d7c-479a-9a01-d5fa6d5cdd8e,a6ce180c-6d3f-43a0-bedf-4bdaa98ff37e,1791480819604,1791480821099,1791480821099,1,
da5629e9-aca2-4f45-bd8d-763c218bec07,PROVIDER,1000,DigitalTwinRegistryId@BPNL00000003AYRE,83673ffd-c48c-429a-b6c6-7e8dac70b874,b30c7de6-d865-499f-b8e9-7c4b01c70f38,1791480822881,1791480824537,1791480824537,1,
73e7b1c6-b79d-4511-ab17-65e2ff8f8b0f,PROVIDER,1000,itemstocksubmodel-api-asset@BPNL00000003AYRE,0ef26eaf-3d7c-479a-9a01-d5fa6d5cdd8e,ca238b38-bfce-432f-a77d-08f0d30a551c,1791480823995,1791480826068,1791480826068,1,
7c130e19-f11b-4c18-bb0f-c3fbec7b63d3,PROVIDER,1000,DigitalTwinRegistryId@BPNL00000003AYRE,83673ffd-c48c-429a-b6c6-7e8dac70b874,acde7a4d-d51b-4bf9-a3ef-d0d536dc962e,1791480828234,1791480831598,1791480831598,1,
227ecf95-d3ad-4e66-9c17-780f62404937,PROVIDER,1000,itemstocksubmodel-api-asset@BPNL00000003AYRE,0ef26eaf-3d7c-479a-9a01-d5fa6d5cdd8e,3d841ff9-cd4b-4ecb-8868-cb7cca1bbfa3,1791480830348,1791480833905,1791480833905,1,
01e456cf-5796-437f-a70b-9e40b6dde9c7,PROVIDER,1000,DigitalTwinRegistryId@BPNL00000003AYRE,83673ffd-c48c-429a-b6c6-7e8dac70b874,cd606c6e-04a9-433f-8356-2c0c9171544c,1791480832863,1791480836404,1791480836404,1,
21152330-01db-4610-8128-0a0dc75c81fe,PROVIDER,1000,itemstocksubmodel-api-asset@BPNL00000003AYRE,0ef26eaf-3d7c-479a-9a01-d5fa6d5cdd8e,6a7b9cc5-93e8-476a-b32f-8693732a01c3,1791480835091,1791480836557,1791480836557,1,
0e257f43-0790-4cb1-a3d4-2b60f015fa5b,PROVIDER,1000,DigitalTwinRegistryId@BPNL00000003AYRE,83673ffd-c48c-429a-b6c6-7e8dac70b874,2dd1fff0-ef84-400d-a0b9-54773599437b,1791480838306,1791480840963,1791480840963,1,
ea87f416-73cf-4e52-abe8-4f679141fb77,PROVIDER,1000,itemstocksubmodel-api-asset@BPNL00000003AYRE,0ef26eaf-3d7c-479a-9a01-d5fa6d5cdd8e,3831ef7b-0b80-4dba-a5c4-d986884665e1,1791480840421,1791480842211,1791480842211,1,
e0cef22a-b4e0-460b-a8e8-696d425cbfa6,PROVIDER,1000,DigitalTwinRegistryId@BPNL00000003AYRE,83673ffd-c48c-429a-b6c6-7e8dac70b874,18f05fb9-d005-4780-883c-fe9a2cd990d2,1791480842970,1791480844581,1791480844581,1,
b40bf881-1d64-48d3-8049-cc2566e6a2fb,PROVIDER,1000,itemstocksubmodel-api-asset@BPNL00000003AYRE,0ef26eaf-3d7c-479a-9a01-d5fa6d5cdd8e,0a400468-8f5b-4c09-b4aa-17b1a126a4a9,1791480844077,1791480846053,1791480846053,1,
f4d3e9e5-6079-4af7-8462-50a2cdc44fd4,PROVIDER,1000,DigitalTwinRegistryId@BPNL00000003AYRE,83673ffd-c48c-429a-b6c6-7e8dac70b874,079b6997-5939-4502-8118-da62e90c9148,1791480848406,1791480851513,1791480851513,1,
2a2c4180-5214-4fab-a8d6-b8d25d403048,PROVIDER,1000,itemstocksubmodel-api-asset@BPNL00000003AYRE,0ef26eaf-3d7c-479a-9a01-d5fa6d5cdd8e,94158e00-c11b-4b09-aa6b-0071472217c3,1791480850565,1791480852696,1791480852696,1,
8817c6b1-1669-4f6d-9ded-936fcf82326c,PROVIDER,1000,DigitalTwinRegistryId@BPNL00000003AYRE,83673ffd-c48c-429a-b6c6-7e8dac70b874,a280892d-0d85-483f-bdd3-db61d1a86e20,1791480853159,1791480855247,1791480855247,1,
b56efa80-ce26-452f-a656-b2ddf44379fa,PROVIDER,1000,itemstocksubmodel-api-asset@BPNL00000003AYRE,0ef26eaf-3d7c-479a-9a01-d5fa6d5cdd8e,4ae0becf-6adc-4701-aeed-4f83955edd8c,1791480854401,1791480856367,1791480856367,1,
e965dffa-623b-42ad-add9-36240932cc4f,PROVIDER,1000,DigitalTwinRegistryId@BPNL00000003AYRE,83673ffd-c48c-429a-b6c6-7e8dac70b874,79b32cb6-8ec2-43e6-b788-a049093cfa21,1791480857625,1791480860910,1791480860910,1,
d36957fa-96bb-4a09-a6e9-56a6377ec53b,PROVIDER,1000,itemstocksubmodel-api-asset@BPNL00000003AYRE,0ef26eaf-3d7c-479a-9a01-d5fa6d5cdd8e,32236017-8f8d-40e2-9502-5257b690f0f3,1791480859795,1791480863023,1791480863023,1,
7df0b25f-b4b5-448f-b91e-62ef1162153a,PROVIDER,1000,DigitalTwinRegistryId@BPNL00000003AYRE,83673ffd-c48c-429a-b6c6-7e8dac70b874,a2807274-ef50-47c5-916e-75c349b2fa95,1791480863115,1791480866519,1791480866519,1,
5b6a7e88-75f2-499a-97f5-8d9b72746802,PROVIDER,1000,itemstocksubmodel-api-asset@BPNL00000003AYRE,0ef26eaf-3d7c-479a-9a01-d5fa6d5cdd8e,b8098787-3fc3-4ccb-88a6-102202070d8a,1791480865243,1791480867802,1791480867802,1,
b6b8f1f1-bf20-433a-9f59-57c7c59a3e9c,PROVIDER,1000,DigitalTwinRegistryId@BPNL00000003AYRE,83673ffd-c48c-429a-b6c6-7e8dac70b874,0431a698-06c1-4365-aca5-19a1be59cfbf,1791480868423,1791480870255,1791480870255,1,
c45a7580-b391-47ce-a664-aeb401f57554,PROVIDER,1000,itemstocksubmodel-api-asset@BPNL00000003AYRE,0ef26eaf-3d7c-479a-9a01-d5fa6d5cdd8e,3e7650d5-cf20-4005-abb4-d18acfd62714,1791480869691,1791480871419,1791480871419,1,
81f86391-ddd5-474f-842a-e147a6ad949c,PROVIDER,1000,DigitalTwinRegistryId@BPNL00000003AYRE,83673ffd-c48c-429a-b6c6-7e8dac70b874,f07bc4dc-a657-497c-ae26-4af4bd3d3132,1791480872961,1791480874865,1791480874865,1,
ed2b1f3b-6357-4a7b-9f3e-dfdcfb85f661,PROVIDER,1000,itemstocksubmodel-api-asset@BPNL00000003AYRE,0ef26eaf-3d7c-479a-9a01-d5fa6d5cdd8e,0f7fb023-45dd-487f-8432-5f8a7f5afc2a,1791480874083,1791480875972,1791480875972,1,
ebf31ed2-60fd-41b8-9924-a25cc63e7b06,PROVIDER,1000,DigitalTwinRegistryId@BPNL00000003AYRE,83673ffd-c48c-429a-b6c6-7e8dac70b874,82f1b4f0-4d4a-4c0c-a6aa-3165b62a8e7e,1791480878488,1791480881429,1791480881429,1,
7cd20bea-1d5a-439a-9144-087822b1e760,PROVIDER,1000,itemstocksubmodel-api-asset@BPNL00000003AYRE,0ef26eaf-3d7c-479a-9a01-d5fa6d5cdd8e,42890876-8bc8-422f-8625-f1b9c7709dd8,1791480880678,1791480882586,1791480882586,1,
11c7585a-7bf3-4b32-ad1c-b247a13fd9ea,PROVIDER,1000,DigitalTwinRegistryId@BPNL00000003AYRE,83673ffd-c48c-429a-b6c6-7e8dac70b874,6447083e-caf8-40e8-bece-0573881e8c63,1791480883128,1791480885103,1791480885103,1,
e2d63ff5-f06f-481c-bf95-88700381ce11,PROVIDER,1000,itemstocksubmodel-api-asset@BPNL00000003AYRE,0ef26eaf-3d7c-479a-9a01-d5fa6d5cdd8e,f300a9fb-fcaf-496f-aaba-ea896202029d,1791480884377,1791480886264,1791480886264,1,
a30bf464-b309-4fd5-b2cd-451c6222e7aa,PROVIDER,1000,DigitalTwinRegistryId@BPNL00000003AYRE,83673ffd-c48c-429a-b6c6-7e8dac70b874,c99fed71-b91b-47ca-a52d-e0558a240b02,1791480887687,1791480891005,1791480891005,1,
b9a899a6-481d-4c54-99c7-f4b56f250b0f,PROVIDER,1000,itemstocksubmodel-api-asset@BPNL00000003AYRE,0ef26eaf-3d7c-479a-9a01-d5fa6d5cdd8e,c313546a-3bfc-46f7-9564-cfe271a212c5,1791480889976,1791480892137,1791480892137,1,
f0318a80-388a-4e5c-aa6c-aa49451b9611,PROVIDER,1000,DigitalTwinRegistryId@BPNL00000003AYRE,83673ffd-c48c-429a-b6c6-7e8dac70b874,94ecbb46-649b-4bfa-9039-9ddd9e3de818,1791480893240,1791480896561,1791480896561,1,
2ee49a83-53c8-4800-9317-73d8b65427fa,PROVIDER,1000,itemstocksubmodel-api-asset@BPNL00000003AYRE,0ef26eaf-3d7c-479a-9a01-d5fa6d5cdd8e,84981003-35e6-4f51-85f8-7cdb74423d25,1791480895367,1791480897654,1791480897654,1,
c5eeac61-d4c1-4178-9f67-748340794829,PROVIDER,1000,DigitalTwinRegistryId@BPNL00000003AYRE,83673ffd-c48c-429a-b6c6-7e8dac70b874,93fd51c5-0ad4-40bf-844e-91f084c98108,1791480898622,1791480900234,1791480900234,1,
4c5b6d8a-29ff-4591-861a-47977080fceb,PROVIDER,1000,itemstocksubmodel-api-asset@BPNL00000003AYRE,0ef26eaf-3d7c-479a-9a01-d5fa6d5cdd8e,e517db30-fcbf-4bc4-95d7-d13550c9e9ae,1791480899777,1791480901408,1791480901408,1,
8a895e1d-fe86-46d8-aa66-f8bcdede2451,PROVIDER,1000,DigitalTwinRegistryId@BPNL00000003AYRE,83673ffd-c48c-429a-b6c6-7e8dac70b874,e3cbbc5f-ab53-44ce-9240-d54979674b2d,1791480903014,1791480904870,1791480904870,1,
ca7b4d0c-a199-4d09-ba38-bfca3481b822,PROVIDER,1000,itemstocksubmodel-api-asset@BPNL00000003AYRE,0ef26eaf-3d7c-479a-9a01-d5fa6d5cdd8e,d3162774-3ed6-44d1-8243-dc5f60ee5bc5,1791480904154,1791480906001,1791480906001,1,
031e88d0-b0c8-4f3b-97e5-fadc8215cf53,PROVIDER,1000,DigitalTwinRegistryId@BPNL00000003AYRE,83673ffd-c48c-429a-b6c6-7e8dac70b874,2a3d0433-9fe2-47ec-beef-8984852cb6fa,1791480908352,1791480911494,1791480911494,1,
1c49acee-808a-43ca-a711-e3d594350c7f,PROVIDER,1000,itemstocksubmodel-api-asset@BPNL00000003AYRE,0ef26eaf-3d7c-479a-9a01-d5fa6d5cdd8e,7b971a71-7fe1-4c01-9ede-1b9c0512bb3a,1791480910479,1791480913783,1791480913783,1,
b8c2aba0-905c-4a9e-bf66-00dfbfe1f8ed,PROVIDER,1000,DigitalTwinRegistryId@BPNL00000003AYRE,83673ffd-c48c-429a-b6c6-7e8dac70b874,5ea78840-6983-4f32-8167-d5323eec68c1,1791480912800,1791480915052,1791480915052,1,
b2767899-1306-4bda-bce0-1d1e91fb8405,PROVIDER,1000,itemstocksubmodel-api-asset@BPNL00000003AYRE,0ef26eaf-3d7c-479a-9a01-d5fa6d5cdd8e,fb56e816-62f7-40f7-bf28-950eb4ed3ecb,1791480913969,1791480917434,1791480917434,1,
9b516854-acf2-4110-a5cb-cbd21f92d5d9,PROVIDER,1000,DigitalTwinRegistryId@BPNL00000003AYRE,83673ffd-c48c-429a-b6c6-7e8dac70b874,301b41a4-5ee3-40de-a531-cb4ee8e0f628,1791480918257,1791480921206,1791480921206,1,
51f4bb9d-28d8-49fa-b388-6707d2a90480,PROVIDER,1000,itemstocksubmodel-api-asset@BPNL00000003AYRE,0ef26eaf-3d7c-479a-9a01-d5fa6d5cdd8e,2a3f7c88-ed2c-4005-b73b-4fc3a20dacdd,1791480920385,1791480922322,1791480922322,1,
8f3c908d-7697-4d0b-8704-4d83698c42bc,PROVIDER,1000,DigitalTwinRegistryId@BPNL00000003AYRE,83673ffd-c48c-429a-b6c6-7e8dac70b874,096fdd04-4f7e-4868-9812-ac99593b984e,1791480922871,1791480924767,1791480924767,1,
6cf31af2-9531-4e88-ac3f-dbb7aaeec386,PROVIDER,1000,itemstocksubmodel-api-asset@BPNL00000003AYRE,0ef26eaf-3d7c-479a-9a01-d5fa6d5cdd8e,acfef334-5563-4c66-960d-a2d1f69bd6b9,1791480924042,1791480925915,1791480925915,1,
ed9fd6c5-7fbf-4921-85f5-15a23b05d4ec,PROVIDER,1000,DigitalTwinRegistryId@BPNL00000003AYRE,83673ffd-c48c-429a-b6c6-7e8dac70b874,8be406f7-6730-4d73-b78d-4baeb6077598,1791480928298,1791480931484,1791480931484,1,
dd0adc2a-7ecb-4540-93c3-029d2189e058,PROVIDER,1000,itemstocksubmodel-api-asset@BPNL00000003AYRE,0ef26eaf-3d7c-479a-9a01-d5fa6d5cdd8e,dd18a2e8-302e-49e8-8ee1-c487d651ed3e,1791480930413,1791480933772,1791480933772,1,
32eec921-4a35-4642-9d8d-2ec29401033d,PROVIDER,1000,DigitalTwinRegistryId@BPNL00000003AYRE,83673ffd-c48c-429a-b6c6-7e8dac70b874,f12e6a28-f020-4577-9419-dd1c422ec060,1791480932695,1791480936159,1791480936159,1,
6afe046e-cd21-4549-b5af-27246c1a19aa,PROVIDER,1000,itemstocksubmodel-api-asset@BPNL00000003AYRE,0ef26eaf-3d7c-479a-9a01-d5fa6d5cdd8e,e0485188-6a80-4bb0-8719-2012dca68554,1791480934895,1791480937783,1791480937783,1,
36393518-4139-44d4-b688-2aab5ce29d1f,PROVIDER,1000,DigitalTwinRegistryId@BPNL00000003AYRE,83673ffd-c48c-429a-b6c6-7e8dac70b874,910a9f9b-5781-48f0-918a-ba4be086bcc6,1791480938215,1791480941308,1791480941308,1,
75d016a6-3e81-4f40-8964-a003e86125b9,PROVIDER,1000,itemstocksubmodel-api-asset@BPNL00000003AYRE,0ef26eaf-3d7c-479a-9a01-d5fa6d5cdd8e,c25044e1-d963-4d7e-aa6d-e604cd77c3e7,1791480940382,1791480942420,1791480942420,1,
8921f7c4-b1fb-4562-8b78-2337f03c4f4b,PROVIDER,1000,DigitalTwinRegistryId@BPNL00000003AYRE,83673ffd-c48c-429a-b6c6-7e8dac70b874,21bbdece-eaa1-4994-bea7-697f2aba61f3,1791480942888,1791480944912,1791480944912,1,
5671e02b-5252-4bf2-9929-365b57204e85,PROVIDER,1000,itemstocksubmodel-api-asset@BPNL00000003AYRE,0ef26eaf-3d7c-479a-9a01-d5fa6d5cdd8e,1607ae1e-720c-4372-98ae-d959ea3dad63,1791480943982,1791480946189,1791480946189,1,
f2cfdb65-a609-4a7a-9849-6852689c01a6,PROVIDER,1000,DigitalTwinRegistryId@BPNL00000003AYRE,83673ffd-c48c-429a-b6c6-7e8dac70b874,903d6ad1-ff01-4df0-a790-cd08540343b3,1791480948301,1791480949756,1791480949756,1,
72a60e69-b39e-46a6-958b-4c6e6eb3e522,PROVIDER,1000,itemstocksubmodel-api-asset@BPNL00000003AYRE,0ef26eaf-3d7c-479a-9a01-d5fa6d5cdd8e,08225833-4b9a-49b8-92e8-bb3c7598f681,1791480949477,1791480951044,1791480951044,1,
96c1e5a4-038b-4d88-9688-28ce954fbbea,PROVIDER,1000,DigitalTwinRegistryId@BPNL00000003AYRE,83673ffd-c48c-429a-b6c6-7e8dac70b874,0fd32b74-f9b2-4231-9b6f-77a05a39773e,1791480952856,1791480954733,1791480954733,1,
27405e0c-f6d0-43c2-880f-b75c8e85e2ed,PROVIDER,1000,itemstocksubmodel-api-asset@BPNL00000003AYRE,0ef26eaf-3d7c-479a-9a01-d5fa6d5cdd8e,e8f7adce-bb9b-40e0-bb22-3055a766eb9c,1791480953977,1791480955860,1791480955860,1,
f41836c7-7347-44fd-95d5-806fa0d36e18,PROVIDER,1000,DigitalTwinRegistryId@BPNL00000003AYRE,83673ffd-c48c-429a-b6c6-7e8dac70b874,fe72d552-9b13-49d8-84fc-7f99d9447d38,1791480958236,1791480961625,1791480961625,1,
598ce012-1116-419c-bb31-b28d831cb263,PROVIDER,1000,itemstocksubmodel-api-asset@BPNL00000003AYRE,0ef26eaf-3d7c-479a-9a01-d5fa6d5cdd8e,39ba2989-b207-4481-9923-47251910bfa3,1791480960485,1791480962731,1791480962731,1,
84d8e15e-c52c-4f04-93cb-c33c205242da,PROVIDER,1000,DigitalTwinRegistryId@BPNL00000003AYRE,83673ffd-c48c-429a-b6c6-7e8dac70b874,0c0f1a56-0068-4a0d-8a16-9e2d4d7e0153,1791480963158,1791480965160,1791480965160,1,
eb074618-0f72-4f38-939b-a86bcd62e502,PROVIDER,1000,itemstocksubmodel-api-asset@BPNL00000003AYRE,0ef26eaf-3d7c-479a-9a01-d5fa6d5cdd8e,1ca06bfd-3cc4-4039-b714-61d84b577924,1791480964277,1791480966270,1791480966270,1,
3325e729-90bd-4c84-abec-33da97fa9627,PROVIDER,1000,DigitalTwinRegistryId@BPNL00000003AYRE,83673ffd-c48c-429a-b6c6-7e8dac70b874,e5efe866-7540-4921-b397-5f2ee7001195,1791480968637,1791480971867,1791480971867,1,
47f9b1dc-5ec4-496b-925d-bf1fd4d1a9e6,PROVIDER,1000,itemstocksubmodel-api-asset@BPNL00000003AYRE,0ef26eaf-3d7c-479a-9a01-d5fa6d5cdd8e,41f71c9c-e3b6-4cdc-8519-c0d9b697a0ad,1791480970769,1791480974355,1791480974355,1,
52f095ac-c8e9-4290-8205-fa8d305afb69,PROVIDER,1000,DigitalTwinRegistryId@BPNL00000003AYRE,83673ffd-c48c-429a-b6c6-7e8dac70b874,23a7a00b-37a2-44ed-abac-3ff276fa4215,1791480973046,1791480975809,1791480975809,1,
1ac74441-744b-464c-a3a4-99250f9efcaf,PROVIDER,1000,itemstocksubmodel-api-asset@BPNL00000003AYRE,0ef26eaf-3d7c-479a-9a01-d5fa6d5cdd8e,6118e4fb-6c83-44ef-8161-5834a351eda3,1791480975188,1791480977413,1791480977413,1,
c246783e-a537-403d-868c-4e5c0060067b,PROVIDER,1000,DigitalTwinRegistryId@BPNL00000003AYRE,83673ffd-c48c-429a-b6c6-7e8dac70b874,b6781fef-5be5-4c80-b614-4b477ce03be2,1791480978469,1791480979961,1791480979961,1,
20a457b9-350c-4b9e-aa12-8b698c19d694,PROVIDER,1000,itemstocksubmodel-api-asset@BPNL00000003AYRE,0ef26eaf-3d7c-479a-9a01-d5fa6d5cdd8e,43835d67-8490-41f4-92a1-9a8aa5d7244a,1791480979571,1791480981093,1791480981093,1,
f9d7e69e-9ebe-4fcb-89ee-fced39054589,PROVIDER,1000,DigitalTwinRegistryId@BPNL00000003AYRE,83673ffd-c48c-429a-b6c6-7e8dac70b874,0e9eae8a-97ce-4748-a905-08cbdec56b07,1791480982975,1791480984521,1791480984521,1,
08c0a29d-d5ac-42a6-acff-b35257c4896b,PROVIDER,1000,itemstocksubmodel-api-asset@BPNL00000003AYRE,0ef26eaf-3d7c-479a-9a01-d5fa6d5cdd8e,da75c21c-2e90-44ce-957c-99a2a64caa70,1791480984076,1791480985849,1791480985849,1,
8d118ebf-6b63-4d1e-9736-f89e364b3e83,PROVIDER,1000,DigitalTwinRegistryId@BPNL00000003AYRE,83673ffd-c48c-429a-b6c6-7e8dac70b874,cc12b6e9-d7d1-47d9-a9e5-4ad6aa23700e,1791480988279,1791480991468,1791480991468,1,
0d71fbf8-85b5-4cf8-9113-f56a385ce6a4,PROVIDER,1000,itemstocksubmodel-api-asset@BPNL00000003AYRE,0ef26eaf-3d7c-479a-9a01-d5fa6d5cdd8e,bbae928b-0a62-4f07-957e-7af33787a4e7,1791480990392,1791480993904,1791480993904,1,
e8b06f02-7773-4d2b-9af6-29ec60a2dc60,PROVIDER,1000,DigitalTwinRegistryId@BPNL00000003AYRE,83673ffd-c48c-429a-b6c6-7e8dac70b874,64ff4b5c-f1ff-49e3-859f-dd5826e70581,1791480992800,1791480995198,1791480995198,1,
41d257df-aada-4dc8-8d57-db0f2670c974,PROVIDER,1000,itemstocksubmodel-api-asset@BPNL00000003AYRE,0ef26eaf-3d7c-479a-9a01-d5fa6d5cdd8e,3be95a96-308f-4ba5-8486-bf1576d3abda,1791480994096,1791480996345,1791480996345,1,
6097b9f3-762c-420e-8beb-5b8a092a001f,PROVIDER,1000,DigitalTwinRegistryId@BPNL00000003AYRE,83673ffd-c48c-429a-b6c6-7e8dac70b874,8303320f-095b-47e9-8eed-8fa92fbc0907,1791480998282,1791481001048,1791481001048,1,
51b83990-0584-4dfc-8521-a57be13e87a8,PROVIDER,1000,itemstocksubmodel-api-asset@BPNL00000003AYRE,0ef26eaf-3d7c-479a-9a01-d5fa6d5cdd8e,a316b476-21fe-4c94-9112-8142b94b58ba,1791481000412,1791481002195,1791481002195,1,
b2d97e1b-ed0c-4e91-8691-cadf7daf9c40,PROVIDER,1000,DigitalTwinRegistryId@BPNL00000003AYRE,83673ffd-c48c-429a-b6c6-7e8dac70b874,7f616c32-cc01-447f-9ad3-d8714e427c3c,1791481002861,1791481004643,1791481004643,1,
727ae186-ab69-4041-9996-44f879627494,PROVIDER,1000,itemstocksubmodel-api-asset@BPNL00000003AYRE,0ef26eaf-3d7c-479a-9a01-d5fa6d5cdd8e,10ae8f7d-bd78-48a6-9f9f-fd59f720ca45,1791481003962,1791481006005,1791481006005,1,
e564431c-3c32-48d9-a8c0-b6af9e88b75d,PROVIDER,1000,DigitalTwinRegistryId@BPNL00000003AYRE,83673ffd-c48c-429a-b6c6-7e8dac70b874,d618e46f-1c7f-4510-bf65-86955baba9c1,1791481008264,1791481011561,1791481011561,1,
52abbc88-9a28-41ce-bdc6-191b11e11c4e,PROVIDER,1000,itemstocksubmodel-api-asset@BPNL00000003AYRE,0ef26eaf-3d7c-479a-9a01-d5fa6d5cdd8e,aefe7f6f-4a56-4685-bf8c-f6ce01036d68,1791481010400,1791481012732,1791481012732,1,
fd71753b-ce54-4a5e-b5eb-87a0053336ec,PROVIDER,1000,DigitalTwinRegistryId@BPNL00000003AYRE,83673ffd-c48c-429a-b6c6-7e8dac70b874,7cac8102-2eaa-430f-9dc7-914fc018fb4a,1791481012982,1791481016333,1791481016334,1,
dd3b27b0-4b59-4672-aadb-b1db08705da2,PROVIDER,1000,itemstocksubmodel-api-asset@BPNL00000003AYRE,0ef26eaf-3d7c-479a-9a01-d5fa6d5cdd8e,e4071c20-7f0f-4e86-b512-f9189fcd7a26,1791481015184,1791481016614,1791481016614,1,
389ef28e-d74a-4e26-9812-4e3aab3d5999,PROVIDER,1000,DigitalTwinRegistryId@BPNL00000003AYRE,83673ffd-c48c-429a-b6c6-7e8dac70b874,2e3bf0c2-d04f-43c4-ba4e-abdf5043cb73,1791481018584,1791481020070,1791481020070,1,
d666d074-15b0-433d-8bcb-9982771f4596,PROVIDER,1000,itemstocksubmodel-api-asset@BPNL00000003AYRE,0ef26eaf-3d7c-479a-9a01-d5fa6d5cdd8e,61771723-93b2-4b10-8b2f-20f4cbd5756a,1791481019681,1791481021193,1791481021193,1,
106247ed-9c38-4086-a0a3-7388f1b7c9ff,PROVIDER,1000,DigitalTwinRegistryId@BPNL00000003AYRE,83673ffd-c48c-429a-b6c6-7e8dac70b874,850f2a33-0697-4495-80cd-9b942273400f,1791481022895,1791481024606,1791481024606,1,
e428f1a1-67c2-47a4-b50d-f60254371e2b,PROVIDER,1000,itemstocksubmodel-api-asset@BPNL00000003AYRE,0ef26eaf-3d7c-479a-9a01-d5fa6d5cdd8e,8b383bd2-55e4-417d-8bdb-cf47a41cfec2,1791481024068,1791481026143,1791481026143,1,
39a3723a-94a7-4a2e-b8c0-dccfeacfb6e3,PROVIDER,1000,DigitalTwinRegistryId@BPNL00000003AYRE,83673ffd-c48c-429a-b6c6-7e8dac70b874,3d276eba-b2c7-438f-99da-cac32bfcccdb,1791481028324,1791481029753,1791481029753,1,
0e7cfea0-135a-4071-a686-e1d94a274a5e,PROVIDER,1000,itemstocksubmodel-api-asset@BPNL00000003AYRE,0ef26eaf-3d7c-479a-9a01-d5fa6d5cdd8e,9db6e149-9212-49d6-9c21-f74f3b66299b,1791481029467,1791481030921,1791481030921,1,
5851ae21-b635-492d-9658-0bbb3c80f87f,PROVIDER,1000,DigitalTwinRegistryId@BPNL00000003AYRE,83673ffd-c48c-429a-b6c6-7e8dac70b874,55e45f36-e63f-421b-abf0-4100fd08e0c0,1791481032958,1791481035559,1791481035559,1,
36ca9eb7-4828-49f2-89d1-f07d8ecac81f,PROVIDER,1000,itemstocksubmodel-api-asset@BPNL00000003AYRE,0ef26eaf-3d7c-479a-9a01-d5fa6d5cdd8e,ac5298dd-633a-4c36-9e34-7bb2c0920fed,1791481035108,1791481036903,1791481036903,1,
2f2680a4-f671-48e0-850e-8ef135eebe45,PROVIDER,1000,DigitalTwinRegistryId@BPNL00000003AYRE,83673ffd-c48c-429a-b6c6-7e8dac70b874,0de59a16-4794-44d1-b5ee-6c76bcf5abf1,1791481038396,1791481040871,1791481040871,1,
aa401b79-76fa-4a12-883c-15b1e86bb234,PROVIDER,1000,itemstocksubmodel-api-asset@BPNL00000003AYRE,0ef26eaf-3d7c-479a-9a01-d5fa6d5cdd8e,d6777d23-96bf-437c-8d34-0aedbf594b78,1791481039643,1791481040965,1791481040965,1,
963529ee-15fd-4d7d-899a-3f444fa0b5e6,PROVIDER,1000,DigitalTwinRegistryId@BPNL00000003AYRE,83673ffd-c48c-429a-b6c6-7e8dac70b874,0ad62f99-92bd-42c4-961f-1f4d401bd89c,1791481042875,1791481044352,1791481044352,1,
c9523264-452b-44d7-9079-dede81e63fb1,PROVIDER,1000,itemstocksubmodel-api-asset@BPNL00000003AYRE,0ef26eaf-3d7c-479a-9a01-d5fa6d5cdd8e,7b9fbb80-317a-4ee0-862a-ec02fda1646d,1791481043972,1791481046009,1791481046009,1,
455fa2d1-0804-4d09-b54e-55ddd84091cc,PROVIDER,1000,DigitalTwinRegistryId@BPNL00000003AYRE,83673ffd-c48c-429a-b6c6-7e8dac70b874,cebb2614-7c0e-454c-b2e5-e71d169b8ee9,1791481048292,1791481051488,1791481051488,1,
ad708b01-0fdb-4eb7-9761-b6469ca5193a,PROVIDER,1000,itemstocksubmodel-api-asset@BPNL00000003AYRE,0ef26eaf-3d7c-479a-9a01-d5fa6d5cdd8e,9b603c3b-fd93-4749-93ec-7d9c098c8997,1791481050414,1791481052641,1791481052641,1,
206b0f5f-4156-4cc8-a927-a748315fe39e,PROVIDER,1000,DigitalTwinRegistryId@BPNL00000003AYRE,83673ffd-c48c-429a-b6c6-7e8dac70b874,e8d375c9-e969-4c99-9b08-1af7646b5a21,1791481053078,1791481055022,1791481055022,1,
77997021-bfe2-4704-962c-2f267e20c52c,PROVIDER,1000,itemstocksubmodel-api-asset@BPNL00000003AYRE,0ef26eaf-3d7c-479a-9a01-d5fa6d5cdd8e,37bf64af-6915-41db-b0a6-05c791218fb9,1791481054174,1791481056143,1791481056143,1,
b9aa17dc-5afb-41aa-b497-eabdf84d3e07,PROVIDER,1000,DigitalTwinRegistryId@BPNL00000003AYRE,83673ffd-c48c-429a-b6c6-7e8dac70b874,1271e11d-9594-46ac-a9e5-5f34075a00a2,1791481057757,1791481059770,1791481059770,1,
e18eda7c-9702-4699-a72e-bcf07756d9a5,PROVIDER,1000,itemstocksubmodel-api-asset@BPNL00000003AYRE,0ef26eaf-3d7c-479a-9a01-d5fa6d5cdd8e,68c808d1-12fc-4fe4-b321-95fc6e1a6da1,1791481058933,1791481060869,1791481060869,1,
45f3b351-75d2-4c4e-99e5-aa40ea251e36,PROVIDER,1000,DigitalTwinRegistryId@BPNL00000003AYRE,83673ffd-c48c-429a-b6c6-7e8dac70b874,faaff810-57d6-4bbe-a3a7-9e36b73b9a8a,1791481063192,1791481065804,1791481065804,1,
59577d43-324f-49e5-b87d-a1fea112dca3,PROVIDER,1000,DigitalTwinRegistryId@BPNL00000003AYRE,83673ffd-c48c-429a-b6c6-7e8dac70b874,ae94558f-5aef-4422-8e12-71286e01f39b,1791481063232,1791481065820,1791481065820,1,
cca612e0-5330-4827-a974-ff86afb49d2d,PROVIDER,1000,itemstocksubmodel-api-asset@BPNL00000003AYRE,0ef26eaf-3d7c-479a-9a01-d5fa6d5cdd8e,1ac3c5b3-813d-42fd-97d5-02b1ca9d409c,1791481064463,1791481066620,1791481066620,1,
1aa4745c-26b0-4ac4-b4aa-a4eb72d210ff,PROVIDER,1000,itemstocksubmodel-api-asset@BPNL00000003AYRE,0ef26eaf-3d7c-479a-9a01-d5fa6d5cdd8e,ca8cc002-c3dc-462a-ac07-96bc6f35df15,1791481064482,1791481067873,1791481067873,1,
72fd50d7-6fde-49b6-8570-eabb30760de9,PROVIDER,1000,DigitalTwinRegistryId@BPNL00000003AYRE,83673ffd-c48c-429a-b6c6-7e8dac70b874,0bb87ea2-af5f-4bd3-8246-4153fe28a457,1791481066794,1791481070256,1791481070256,1,
89ef0431-c585-4614-8871-b5d5ee90fd93,PROVIDER,1000,itemstocksubmodel-api-asset@BPNL00000003AYRE,0ef26eaf-3d7c-479a-9a01-d5fa6d5cdd8e,cb4ac12c-8a98-4627-a493-af196e314a09,1791481068992,1791481071938,1791481071938,1,
6652436f-afed-4879-bca6-e7ae91566b17,PROVIDER,1000,DigitalTwinRegistryId@BPNL00000003AYRE,83673ffd-c48c-429a-b6c6-7e8dac70b874,79969949-3cb4-4b32-8574-bcf890d49fa6,1791481070148,1791481071951,1791481071951,1,
9bc7309e-702d-4321-aaa2-1b025317adbe,PROVIDER,1000,itemstocksubmodel-api-asset@BPNL00000003AYRE,0ef26eaf-3d7c-479a-9a01-d5fa6d5cdd8e,dee37da1-54e4-464a-a93f-51ad84ed72d0,1791481071282,1791481073286,1791481073286,1,
83505efb-e552-4695-9134-5693936de71c,PROVIDER,1000,DigitalTwinRegistryId@BPNL00000003AYRE,83673ffd-c48c-429a-b6c6-7e8dac70b874,4770d225-9761-4ea9-997d-93df28a69ef4,1791481072749,1791481074578,1791481074578,1,
8e38056f-71f4-4aa0-95d2-35cd4451759c,PROVIDER,1000,itemstocksubmodel-api-asset@BPNL00000003AYRE,0ef26eaf-3d7c-479a-9a01-d5fa6d5cdd8e,d0ba228d-965f-4317-8db7-b334d73fffb2,1791481073952,1791481076079,1791481076079,1,
b48f4f8c-6b3d-4ee1-a626-ffdd99a8fe83,PROVIDER,1000,DigitalTwinRegistryId@BPNL00000003AYRE,83673ffd-c48c-429a-b6c6-7e8dac70b874,08529f68-be8d-4d2b-9432-492dc0fa2b57,1791481076370,1791481078958,1791481078958,1,
b06fc713-ea49-4029-8067-f4ad18d68daf,PROVIDER,1000,itemstocksubmodel-api-asset@BPNL00000003AYRE,0ef26eaf-3d7c-479a-9a01-d5fa6d5cdd8e,24ee36ae-147d-42f8-9201-89a88d532853,1791481078489,1791481080341,1791481080341,1,
c5aa8665-f5ec-4d63-ae81-18fdbe7e138c,PROVIDER,1000,DigitalTwinRegistryId@BPNL00000003AYRE,83673ffd-c48c-429a-b6c6-7e8dac70b874,da49b8c0-89db-4066-9df8-6382f8fa5da4,1791481079637,1791481081601,1791481081601,1,
b13da5be-e99a-42bb-9c1e-965e63c76bad,PROVIDER,1000,itemstocksubmodel-api-asset@BPNL00000003AYRE,0ef26eaf-3d7c-479a-9a01-d5fa6d5cdd8e,9d366440-359a-467f-bfe3-406de3bc2b35,1791481080766,1791481082697,1791481082697,1,
ffec7ef5-1d62-4705-be66-3f0f46415bc5,PROVIDER,1000,DigitalTwinRegistryId@BPNL00000003AYRE,83673ffd-c48c-429a-b6c6-7e8dac70b874,c9f1146a-f412-484d-ba47-ed7a7fd13245,1791481083164,1791481085143,1791481085143,1,
d96616aa-702d-41ae-a045-d428facd5b28,PROVIDER,1000,itemstocksubmodel-api-asset@BPNL00000003AYRE,0ef26eaf-3d7c-479a-9a01-d5fa6d5cdd8e,3c15b4e9-c091-4bb8-baf9-826aefe58ac9,1791481084336,1791481086265,1791481086265,1,
39340ab9-fde0-440d-80b0-cb5c931e8fd2,PROVIDER,1000,DigitalTwinRegistryId@BPNL00000003AYRE,83673ffd-c48c-429a-b6c6-7e8dac70b874,b2b7ebf8-b222-40cd-a430-84d93b334708,1791481086582,1791481089081,1791481089081,1,
42de0867-41a7-4da7-b459-5cfe2d7e2854,PROVIDER,1000,itemstocksubmodel-api-asset@BPNL00000003AYRE,0ef26eaf-3d7c-479a-9a01-d5fa6d5cdd8e,1b8c7cdd-9d4e-4597-a6a7-cfddf37f5303,1791481088800,1791481090551,1791481090551,1,
0ab617ff-4fa7-4394-9de7-6ddbb98882e7,PROVIDER,1000,DigitalTwinRegistryId@BPNL00000003AYRE,83673ffd-c48c-429a-b6c6-7e8dac70b874,5612e7b9-0753-4301-8f5a-8b2be538be78,1791481089981,1791481091887,1791481091887,1,
cf37187d-3477-4595-a85a-347f9228538d,PROVIDER,1000,itemstocksubmodel-api-asset@BPNL00000003AYRE,0ef26eaf-3d7c-479a-9a01-d5fa6d5cdd8e,b270c5f1-7d65-4839-9bee-e566cc88e27e,1791481091126,1791481093029,1791481093029,1,
8f827ddb-cbc2-4de4-b5ac-67e35afec839,PROVIDER,1000,DigitalTwinRegistryId@BPNL00000003AYRE,83673ffd-c48c-429a-b6c6-7e8dac70b874,3c2f741b-1aaf-4239-a162-05c6b7a72611,1791481093461,1791481096136,1791481096136,1,
83accace-6e0f-4aae-a6e8-2c3b8b55423c,PROVIDER,1000,itemstocksubmodel-api-asset@BPNL00000003AYRE,0ef26eaf-3d7c-479a-9a01-d5fa6d5cdd8e,cb8fbbe1-8f3a-450d-b669-9d1e20443ef1,1791481094553,1791481097976,1791481097976,1,
27f4931d-0e25-499c-9d6e-305f814a8eef,PROVIDER,1000,DigitalTwinRegistryId@BPNL00000003AYRE,83673ffd-c48c-429a-b6c6-7e8dac70b874,7ff21643-db3a-416f-84e1-eb10c14ad7da,1791481096733,1791481100257,1791481100257,1,
a3292f13-e556-4cf0-874e-faaca34e4d90,PROVIDER,1000,itemstocksubmodel-api-asset@BPNL00000003AYRE,0ef26eaf-3d7c-479a-9a01-d5fa6d5cdd8e,dd9c3320-cb28-4757-8721-c37fe02bfc83,1791481099031,1791481101564,1791481101564,1,
610995b1-e3ea-4a6a-80f0-7a6af4022896,PROVIDER,1000,DigitalTwinRegistryId@BPNL00000003AYRE,83673ffd-c48c-429a-b6c6-7e8dac70b874,1434c4cd-1fec-4dc3-b8e4-81dbd7fec732,1791481100303,1791481103979,1791481103979,1,
e37f3717-41ed-4b43-bfef-dac1e05f16fb,PROVIDER,1000,itemstocksubmodel-api-asset@BPNL00000003AYRE,0ef26eaf-3d7c-479a-9a01-d5fa6d5cdd8e,a1ad3df1-7686-4abb-b713-f466560bd433,1791481102893,1791481105438,1791481105438,1,
5f5d7f79-0687-4b30-9b27-727fb757b7c8,PROVIDER,1000,DigitalTwinRegistryId@BPNL00000003AYRE,83673ffd-c48c-429a-b6c6-7e8dac70b874,b8218619-eb48-476d-bbf4-7f3146e62250,1791481102908,1791481105448,1791481105448,1,
07ad2a49-ea71-427c-b876-84434ee1d082,PROVIDER,1000,itemstocksubmodel-api-asset@BPNL00000003AYRE,0ef26eaf-3d7c-479a-9a01-d5fa6d5cdd8e,d7c466e7-e40c-4313-99de-2c3ddf424c3f,1791481104257,1791481107913,1791481107913,1,
a47170ab-c3d9-4032-b278-6a5d8fbe2d0b,PROVIDER,1000,DigitalTwinRegistryId@BPNL00000003AYRE,83673ffd-c48c-429a-b6c6-7e8dac70b874,090290d2-e0f8-4d63-8328-2342372674ce,1791481106535,1791481109153,1791481109153,1,
1b211b85-1d3b-410f-9675-0b0068c7c829,PROVIDER,1000,itemstocksubmodel-api-asset@BPNL00000003AYRE,0ef26eaf-3d7c-479a-9a01-d5fa6d5cdd8e,8924ca8c-ef25-493f-8d26-913fa24ca514,1791481108693,1791481110430,1791481110430,1,
ab8f181a-4341-45f0-a34b-22508cb05e3f,PROVIDER,1000,DigitalTwinRegistryId@BPNL00000003AYRE,83673ffd-c48c-429a-b6c6-7e8dac70b874,6ee0e23e-5b79-49c5-90ef-782ae40ef2ac,1791481109863,1791481111720,1791481111720,1,
4b7e0b4a-02c9-442f-8bbc-f688082397c9,PROVIDER,1000,itemstocksubmodel-api-asset@BPNL00000003AYRE,0ef26eaf-3d7c-479a-9a01-d5fa6d5cdd8e,4153ec31-9b4b-43b4-8f22-a89f7d9ff16e,1791481111129,1791481112911,1791481112911,1,
bbbeb468-251f-4b70-8710-c161712de795,PROVIDER,1000,DigitalTwinRegistryId@BPNL00000003AYRE,83673ffd-c48c-429a-b6c6-7e8dac70b874,c29cab3d-aca3-4639-a98c-957e34573449,1791481113310,1791481115297,1791481115297,1,
d73651b9-83cf-49ff-8692-7681947ccbb8,PROVIDER,1000,itemstocksubmodel-api-asset@BPNL00000003AYRE,0ef26eaf-3d7c-479a-9a01-d5fa6d5cdd8e,dd73c64e-b828-4627-8c6d-6a2ea4b81d1b,1791481114467,1791481116414,1791481116414,1,
e50e6a25-c680-4ccf-aea0-294a7738fab1,PROVIDER,1000,DigitalTwinRegistryId@BPNL00000003AYRE,83673ffd-c48c-429a-b6c6-7e8dac70b874,e0bd9753-82c8-4b64-96d3-4838e9dd36a7,1791481116663,1791481120063,1791481120063,1,
7c13a5ab-4d38-453f-924f-e767e8879983,PROVIDER,1000,itemstocksubmodel-api-asset@BPNL00000003AYRE,0ef26eaf-3d7c-479a-9a01-d5fa6d5cdd8e,0f900f81-904a-4d63-a217-775aefd445df,1791481118885,1791481121775,1791481121775,1,
1b045c6f-0992-47f0-8c69-48913da6c7a1,PROVIDER,1000,DigitalTwinRegistryId@BPNL00000003AYRE,83673ffd-c48c-429a-b6c6-7e8dac70b874,a0f6962c-6469-427b-acf3-ce4b9610b8f7,1791481120064,1791481121803,1791481121803,1,
0869e9e2-2c5d-4cfe-bc3c-6c64244d40b8,PROVIDER,1000,itemstocksubmodel-api-asset@BPNL00000003AYRE,0ef26eaf-3d7c-479a-9a01-d5fa6d5cdd8e,f9ffb5f1-3090-44d1-bb70-f81d9675dfcb,1791481121233,1791481122922,1791481122922,1,
2df3a81d-2369-4a19-ab9d-de70ab1a818e,PROVIDER,1000,DigitalTwinRegistryId@BPNL00000003AYRE,83673ffd-c48c-429a-b6c6-7e8dac70b874,2c69143f-bde3-4f38-b130-0cb97a8bac9b,1791481123050,1791481125520,1791481125520,1,
a5703df2-2bca-4dee-a50a-3b9c7ba0bf16,PROVIDER,1000,itemstocksubmodel-api-asset@BPNL00000003AYRE,0ef26eaf-3d7c-479a-9a01-d5fa6d5cdd8e,dc1dd0af-7360-44a2-9297-3792b112f0e0,1791481125149,1791481126849,1791481126849,1,
bdae2d32-8e58-49e3-a861-1bdc56634df3,PROVIDER,1000,DigitalTwinRegistryId@BPNL00000003AYRE,83673ffd-c48c-429a-b6c6-7e8dac70b874,65f75749-42c2-4923-a71d-c74431017f5d,1791481126254,1791481128157,1791481128157,1,
41f9c24b-a600-445d-b31d-648caf853b5f,PROVIDER,1000,itemstocksubmodel-api-asset@BPNL00000003AYRE,0ef26eaf-3d7c-479a-9a01-d5fa6d5cdd8e,34d3857d-d518-427e-af79-8940faa1d0ba,1791481127435,1791481130451,1791481130451,1,
d89326c9-b075-4117-bd4a-0d12698f01a3,PROVIDER,1000,DigitalTwinRegistryId@BPNL00000003AYRE,83673ffd-c48c-429a-b6c6-7e8dac70b874,fd2d8448-74ad-4f90-a29c-5ed4c2a16f55,1791481129581,1791481131722,1791481131722,1,
87a6b954-9c5a-4831-a169-ee8de13c6617,PROVIDER,1000,itemstocksubmodel-api-asset@BPNL00000003AYRE,0ef26eaf-3d7c-479a-9a01-d5fa6d5cdd8e,0ba02904-273f-420c-81f6-05c0d623c354,1791481130776,1791481132862,1791481132862,1,
caa93f89-2ea3-452a-8343-21dbf5060fba,PROVIDER,1000,DigitalTwinRegistryId@BPNL00000003AYRE,83673ffd-c48c-429a-b6c6-7e8dac70b874,c7026cdc-ff46-4aa7-a358-4d1b16fdf01b,1791481133103,1791481136456,1791481136456,1,
93669ebd-d5fb-4b8a-a300-35b5171cdc25,PROVIDER,1000,itemstocksubmodel-api-asset@BPNL00000003AYRE,0ef26eaf-3d7c-479a-9a01-d5fa6d5cdd8e,9c531681-45b7-4273-8450-121e1872c150,1791481135244,1791481136742,1791481136742,1,
ff605bc7-e653-4e47-9493-9ba2f3768b21,PROVIDER,1000,DigitalTwinRegistryId@BPNL00000003AYRE,83673ffd-c48c-429a-b6c6-7e8dac70b874,44dd2b34-72d4-4419-a8e1-4c71ce55df04,1791481136534,1791481138184,1791481138184,1,
4477e058-1dfd-4c04-bbe1-f69cade67f42,PROVIDER,1000,itemstocksubmodel-api-asset@BPNL00000003AYRE,0ef26eaf-3d7c-479a-9a01-d5fa6d5cdd8e,47677115-3a2f-4782-9b94-74930a4e6864,1791481137664,1791481139370,1791481139370,1,
af6507d4-44ba-404a-a6fc-632f197e1c97,PROVIDER,1000,DigitalTwinRegistryId@BPNL00000003AYRE,83673ffd-c48c-429a-b6c6-7e8dac70b874,144d3fca-8f35-48d8-8cb5-6d20f5e9145e,1791481139920,1791481141764,1791481141764,1,
10a5391d-bba6-4539-aa7c-04f2a6601a62,PROVIDER,1000,itemstocksubmodel-api-asset@BPNL00000003AYRE,0ef26eaf-3d7c-479a-9a01-d5fa6d5cdd8e,03f5791a-39ad-4128-b105-e12a9be37a4b,1791481141066,1791481142921,1791481142921,1,
073ef328-4ebb-4ef9-bf97-a553abe2a6cf,PROVIDER,1000,DigitalTwinRegistryId@BPNL00000003AYRE,83673ffd-c48c-429a-b6c6-7e8dac70b874,d9a7306b-dea7-4fa1-a36e-96e70b59c169,1791481143329,1791481145348,1791481145348,1,
e4385adf-80f7-4ea1-9a04-3d7e128a57b4,PROVIDER,1000,itemstocksubmodel-api-asset@BPNL00000003AYRE,0ef26eaf-3d7c-479a-9a01-d5fa6d5cdd8e,37d84896-a41c-4578-8352-59942dfc94a2,1791481144474,1791481146451,1791481146451,1,
395efc56-86cb-42a4-979b-3793b9e6bfa7,PROVIDER,1000,DigitalTwinRegistryId@BPNL00000003AYRE,83673ffd-c48c-429a-b6c6-7e8dac70b874,eb48ccde-3282-48de-9f63-ae2ee931d112,1791481146633,1791481149879,1791481149879,1,
c278c742-4f62-4623-bfa7-caa800925f0b,PROVIDER,1000,itemstocksubmodel-api-asset@BPNL00000003AYRE,0ef26eaf-3d7c-479a-9a01-d5fa6d5cdd8e,9e33c289-9afe-4dcf-a6fe-855679902764,1791481148828,1791481151232,1791481151232,1,
71e95ee1-7ca8-4815-a00a-efb53115bc92,PROVIDER,1000,DigitalTwinRegistryId@BPNL00000003AYRE,83673ffd-c48c-429a-b6c6-7e8dac70b874,b0cfdc37-7e29-48a2-9dcc-05a726639622,1791481149988,1791481152525,1791481152525,1,
bb40f004-3cef-4fcd-9ab8-644de57b9623,PROVIDER,1000,itemstocksubmodel-api-asset@BPNL00000003AYRE,0ef26eaf-3d7c-479a-9a01-d5fa6d5cdd8e,3a261d1c-0895-403a-a13d-4ed0f7534419,1791481152194,1791481153857,1791481153857,1,
190bce42-c34e-4773-9046-3da51e0d46c0,PROVIDER,1000,DigitalTwinRegistryId@BPNL00000003AYRE,83673ffd-c48c-429a-b6c6-7e8dac70b874,c8ce9b64-db76-4830-a1a0-350a4c6a9e3d,1791481153359,1791481155160,1791481155160,1,
2559e5a4-5b13-4258-b72b-8e603849ecdc,PROVIDER,1000,itemstocksubmodel-api-asset@BPNL00000003AYRE,0ef26eaf-3d7c-479a-9a01-d5fa6d5cdd8e,e3d2f632-d371-4712-a3a1-16223f960056,1791481154444,1791481156327,1791481156327,1,
cbe78876-5fd4-423a-a0d1-80e9089c549b,PROVIDER,1000,DigitalTwinRegistryId@BPNL00000003AYRE,83673ffd-c48c-429a-b6c6-7e8dac70b874,79dc8fee-254a-4f6e-927f-b321f1d3ee39,1791481156661,1791481158879,1791481158879,1,
5feb84ca-8853-42d9-8e8e-231b28ea79f3,PROVIDER,1000,itemstocksubmodel-api-asset@BPNL00000003AYRE,0ef26eaf-3d7c-479a-9a01-d5fa6d5cdd8e,261795f3-4eba-43ec-884b-3c9a6aef50c0,1791481157780,1791481160033,1791481160033,1,
3ade9cf9-74cd-413a-b377-15f5ab97c37d,PROVIDER,1000,DigitalTwinRegistryId@BPNL00000003AYRE,83673ffd-c48c-429a-b6c6-7e8dac70b874,6cb4d3d7-9012-4225-af6a-8685efb4a87b,1791481160066,1791481162498,1791481162498,1,
147b60cd-9458-4231-abc3-7ccb4c7b889a,PROVIDER,1000,itemstocksubmodel-api-asset@BPNL00000003AYRE,0ef26eaf-3d7c-479a-9a01-d5fa6d5cdd8e,365d67c0-a92a-41b3-ad5d-8a974d4b0ed6,1791481162234,1791481163856,1791481163856,1,
a51f6b5a-56d6-4164-9ce6-d3bb5673c5f0,PROVIDER,1000,DigitalTwinRegistryId@BPNL00000003AYRE,83673ffd-c48c-429a-b6c6-7e8dac70b874,2acf1ca4-766f-4357-8480-d3ee5046e4db,1791481163362,1791481165111,1791481165111,1,
bffd2b21-79e8-499a-83b0-124c32c36e74,PROVIDER,1000,itemstocksubmodel-api-asset@BPNL00000003AYRE,0ef26eaf-3d7c-479a-9a01-d5fa6d5cdd8e,8747fc88-9c4f-42bd-9056-49aa03942633,1791481164521,1791481166235,1791481166235,1,
414d7fd2-e5ad-4a55-81b8-9419eb2de179,PROVIDER,1000,DigitalTwinRegistryId@BPNL00000003AYRE,83673ffd-c48c-429a-b6c6-7e8dac70b874,cdb0ae9b-3891-4abd-9f5e-68aeecbdd176,1791481166781,1791481168867,1791481168867,1,
8bd6a096-a3eb-4195-ae68-0fce433f7adc,PROVIDER,1000,itemstocksubmodel-api-asset@BPNL00000003AYRE,0ef26eaf-3d7c-479a-9a01-d5fa6d5cdd8e,fd4c6ba7-380a-4afe-82b1-e4c459e8e33c,1791481167974,1791481169968,1791481169968,1,
06365583-0780-40ba-b492-1a057b0432ff,PROVIDER,1000,DigitalTwinRegistryId@BPNL00000003AYRE,83673ffd-c48c-429a-b6c6-7e8dac70b874,f93da750-c64f-4708-a4fa-234c37ec07a5,1791481170395,1791481172393,1791481172393,1,
8b9e787a-368c-4552-af6d-3ee053dafb61,PROVIDER,1000,itemstocksubmodel-api-asset@BPNL00000003AYRE,0ef26eaf-3d7c-479a-9a01-d5fa6d5cdd8e,1045e600-7d6f-4ddd-9ba2-d3ded4ca8233,1791481171601,1791481173614,1791481173614,1,
a12dc16d-d8d6-4249-8425-31661fa3d995,PROVIDER,1000,DigitalTwinRegistryId@BPNL00000003AYRE,83673ffd-c48c-429a-b6c6-7e8dac70b874,8a0ed446-8180-46b3-9d34-61a1d30fc07c,1791481173080,1791481174861,1791481174861,1,
85fe85c6-b799-42aa-a82f-5b0fbe3544e0,PROVIDER,1000,itemstocksubmodel-api-asset@BPNL00000003AYRE,0ef26eaf-3d7c-479a-9a01-d5fa6d5cdd8e,6107cfb6-ee6a-4eba-a73f-bab8f027be4a,1791481174199,1791481175961,1791481175961,1,
0632c94d-db37-4b7c-83ac-2e953224908a,PROVIDER,1000,DigitalTwinRegistryId@BPNL00000003AYRE,83673ffd-c48c-429a-b6c6-7e8dac70b874,95c89d76-5757-40c7-bd7f-eb21d945a052,1791481176623,1791481178749,1791481178749,1,
a848b76e-0a52-405d-9e94-3787866c5bab,PROVIDER,1000,itemstocksubmodel-api-asset@BPNL00000003AYRE,0ef26eaf-3d7c-479a-9a01-d5fa6d5cdd8e,333158c9-9a55-439b-8551-0b908eafb194,1791481177808,1791481179893,1791481179893,1,
5a785845-6f4e-4c7c-b9b1-dc28ed00a14e,PROVIDER,1000,DigitalTwinRegistryId@BPNL00000003AYRE,83673ffd-c48c-429a-b6c6-7e8dac70b874,d104d29a-548c-4d2a-b838-c9dd7bd6ea56,1791481180002,1791481183847,1791481183847,1,
2c59a79c-09c0-4d75-9be3-52255c91b690,PROVIDER,1000,itemstocksubmodel-api-asset@BPNL00000003AYRE,0ef26eaf-3d7c-479a-9a01-d5fa6d5cdd8e,5757fc4c-5725-4418-a0f4-6a21da881386,1791481182144,1791481185298,1791481185298,1,
fd561a66-f972-4b9a-9a96-4b9df1302738,PROVIDER,1000,DigitalTwinRegistryId@BPNL00000003AYRE,83673ffd-c48c-429a-b6c6-7e8dac70b874,b2c58b72-8948-431e-bd26-08679c465cea,1791481183393,1791481185307,1791481185307,1,
165133ab-936d-4adb-9cd1-03852a22aa2e,PROVIDER,1000,itemstocksubmodel-api-asset@BPNL00000003AYRE,0ef26eaf-3d7c-479a-9a01-d5fa6d5cdd8e,b5a908d7-caed-4cba-96a5-e0c71be9abda,1791481184563,1791481186408,1791481186408,1,
3de2ba42-52ba-4bc5-a0ad-72a4c3cf1857,PROVIDER,1000,DigitalTwinRegistryId@BPNL00000003AYRE,83673ffd-c48c-429a-b6c6-7e8dac70b874,90236224-0c35-49a6-8e04-951ecb5b9fd9,1791481186829,1791481188933,1791481188933,1,
27445a04-7391-4ad1-8cb6-53256f006d45,PROVIDER,1000,itemstocksubmodel-api-asset@BPNL00000003AYRE,0ef26eaf-3d7c-479a-9a01-d5fa6d5cdd8e,b8486103-7f35-4144-9f38-3fa05ce74a44,1791481187971,1791481190038,1791481190038,1,
3d502807-d945-4a69-80f1-5a3295f33757,PROVIDER,1000,DigitalTwinRegistryId@BPNL00000003AYRE,83673ffd-c48c-429a-b6c6-7e8dac70b874,c6ecca2c-addb-461e-a37a-f459edf57502,1791481190198,1791481193612,1791481193612,1,
f14b70cd-00e2-4bba-a752-c42a971fd39b,PROVIDER,1000,itemstocksubmodel-api-asset@BPNL00000003AYRE,0ef26eaf-3d7c-479a-9a01-d5fa6d5cdd8e,019457b3-e3f4-43f8-9c89-0a0f6d0f46fc,1791481192448,1791481194910,1791481194910,1,
6501627a-850e-42dd-922f-389161bb83f8,PROVIDER,1000,DigitalTwinRegistryId@BPNL00000003AYRE,83673ffd-c48c-429a-b6c6-7e8dac70b874,1a15e0b2-c155-4183-9f99-659e54bec2bd,1791481192977,1791481194922,1791481194922,1,
a58a9104-4de6-45a3-9f3f-b42d84e95dbc,PROVIDER,1000,itemstocksubmodel-api-asset@BPNL00000003AYRE,0ef26eaf-3d7c-479a-9a01-d5fa6d5cdd8e,feeb8a74-efa8-4d74-ac21-1a05d5776302,1791481194193,1791481196357,1791481196357,1,
eb44c228-789f-4535-babe-53ca7b1f8dbf,PROVIDER,1000,DigitalTwinRegistryId@BPNL00000003AYRE,83673ffd-c48c-429a-b6c6-7e8dac70b874,1552833c-502f-417e-afc9-16d731379b3b,1791481196462,1791481199052,1791481199052,1,
6e54bcf0-4801-4926-9c85-d1a7a5f70fd2,PROVIDER,1000,itemstocksubmodel-api-asset@BPNL00000003AYRE,0ef26eaf-3d7c-479a-9a01-d5fa6d5cdd8e,3085a339-b5b4-498e-b57d-055bbb31393b,1791481198639,1791481200349,1791481200349,1,
bdeee6f3-e892-4fb2-9f76-c1cf2dc34132,PROVIDER,1000,DigitalTwinRegistryId@BPNL00000003AYRE,83673ffd-c48c-429a-b6c6-7e8dac70b874,08ba4287-80e8-48a4-8ade-b3fc682922a7,1791481199782,1791481201622,1791481201622,1,
bb00c602-58a5-4ac9-b3ad-5906ebb92191,PROVIDER,1000,itemstocksubmodel-api-asset@BPNL00000003AYRE,0ef26eaf-3d7c-479a-9a01-d5fa6d5cdd8e,1ca23d82-ccce-4368-ab40-b8753df19519,1791481200968,1791481202718,1791481202718,1,
f3110039-0bf5-4d14-ab80-a169ee9bb0f2,PROVIDER,1000,DigitalTwinRegistryId@BPNL00000003AYRE,83673ffd-c48c-429a-b6c6-7e8dac70b874,896d362e-de53-41e8-a32a-65aa8081a9bd,1791481203443,1791481205124,1791481205124,1,
3e7381af-b95e-4411-becd-4e1944cc0321,PROVIDER,1000,itemstocksubmodel-api-asset@BPNL00000003AYRE,0ef26eaf-3d7c-479a-9a01-d5fa6d5cdd8e,aa6b2e24-7625-4726-9253-505642819e10,1791481204573,1791481207931,1791481207931,1,
5a3dc4ac-1685-4c36-af7c-a48eb0581411,PROVIDER,1000,DigitalTwinRegistryId@BPNL00000003AYRE,83673ffd-c48c-429a-b6c6-7e8dac70b874,3b7d048f-f238-4885-ac88-540c6461b32f,1791481206795,1791481210195,1791481210195,1,
72410034-8af9-401f-8323-d719f760fda8,PROVIDER,1000,itemstocksubmodel-api-asset@BPNL00000003AYRE,0ef26eaf-3d7c-479a-9a01-d5fa6d5cdd8e,be0a838e-88c0-4879-a2c4-d63f07d5cfda,1791481208995,1791481211440,1791481211440,1,
04aec3a6-1e55-4799-95ae-40ec0118fe6a,PROVIDER,1000,DigitalTwinRegistryId@BPNL00000003AYRE,83673ffd-c48c-429a-b6c6-7e8dac70b874,d24c005f-e902-4243-a35e-0faa1cb0f800,1791481210204,1791481213914,1791481213914,1,
af1de7f5-8827-4fc1-bb31-0de6fb9ef191,PROVIDER,1000,itemstocksubmodel-api-asset@BPNL00000003AYRE,0ef26eaf-3d7c-479a-9a01-d5fa6d5cdd8e,13641840-a31f-446b-bdbf-82499bb73360,1791481213062,1791481215214,1791481215214,1,
86b35d04-5038-4a5f-a14e-4bc017e5d7fc,PROVIDER,1000,DigitalTwinRegistryId@BPNL00000003AYRE,83673ffd-c48c-429a-b6c6-7e8dac70b874,d85d4a51-83d1-4ed7-98dc-48689823a167,1791481213217,1791481215224,1791481215224,1,
0f52e0d7-8559-4a62-8548-e3b1ac8d1ec6,PROVIDER,1000,itemstocksubmodel-api-asset@BPNL00000003AYRE,0ef26eaf-3d7c-479a-9a01-d5fa6d5cdd8e,edfe2388-7427-4bd0-b804-f922ad428676,1791481214374,1791481216354,1791481216354,1,
624d5936-cb1e-4a83-88c1-ff73f0035c98,PROVIDER,1000,DigitalTwinRegistryId@BPNL00000003AYRE,83673ffd-c48c-429a-b6c6-7e8dac70b874,7adb1a85-bf1f-4621-81d6-9a232bf09210,1791481216650,1791481219934,1791481219934,1,
060bfe63-e005-4ab4-985e-b342b8515d05,PROVIDER,1000,itemstocksubmodel-api-asset@BPNL00000003AYRE,0ef26eaf-3d7c-479a-9a01-d5fa6d5cdd8e,323bba22-ad87-4c4c-9ef3-5fd394e053cd,1791481218786,1791481221345,1791481221345,1,
76f2b045-f5f1-4ddb-ac98-ad43ba271b88,PROVIDER,1000,DigitalTwinRegistryId@BPNL00000003AYRE,83673ffd-c48c-429a-b6c6-7e8dac70b874,3798c422-96ff-43e4-b843-a528d49754c8,1791481220011,1791481222641,1791481222641,1,
6c030172-37af-4651-85e0-68795a6665b6,PROVIDER,1000,itemstocksubmodel-api-asset@BPNL00000003AYRE,0ef26eaf-3d7c-479a-9a01-d5fa6d5cdd8e,5b111f07-5ad4-435c-809c-4e99953b0a8b,1791481222229,1791481223906,1791481223906,1,
3c2cc067-1eb4-4ec0-acc6-e0490e3220bf,PROVIDER,1000,DigitalTwinRegistryId@BPNL00000003AYRE,83673ffd-c48c-429a-b6c6-7e8dac70b874,39daaa2f-096b-4629-9d57-9bdde8815d79,1791481223395,1791481225323,1791481225323,1,
d8ecc073-d52b-415e-9cb4-9f325b504766,PROVIDER,1000,itemstocksubmodel-api-asset@BPNL00000003AYRE,0ef26eaf-3d7c-479a-9a01-d5fa6d5cdd8e,80848eac-ddc7-4325-a6dc-eb547bfc4eb4,1791481224583,1791481226437,1791481226437,1,
d6df71b5-cd67-4eb0-9f13-9f5e9726af5c,PROVIDER,1000,DigitalTwinRegistryId@BPNL00000003AYRE,83673ffd-c48c-429a-b6c6-7e8dac70b874,1b356a51-b462-423f-948e-a3a13706e8bc,1791481226824,1791481228988,1791481228988,1,
68732229-b3bd-4187-acf5-57d83a04c651,PROVIDER,1000,itemstocksubmodel-api-asset@BPNL00000003AYRE,0ef26eaf-3d7c-479a-9a01-d5fa6d5cdd8e,72f06aee-7003-4bdc-97b1-081676cc8792,1791481227992,1791481230103,1791481230103,1,
1033998a-d960-42fc-85ec-fef8b37a2e95,PROVIDER,1000,DigitalTwinRegistryId@BPNL00000003AYRE,83673ffd-c48c-429a-b6c6-7e8dac70b874,f3ff6905-6d8c-41c6-b73e-81084c049dd7,1791481230218,1791481233664,1791481233664,1,
6f2d8583-0d3a-4b8b-9a9d-b60e4e226300,PROVIDER,1000,itemstocksubmodel-api-asset@BPNL00000003AYRE,0ef26eaf-3d7c-479a-9a01-d5fa6d5cdd8e,c570842f-2a3d-4635-b4f5-2384482edd51,1791481232405,1791481234964,1791481234964,1,
b7f96d5b-b44f-4788-9a2e-a39f02cb146a,PROVIDER,1000,DigitalTwinRegistryId@BPNL00000003AYRE,83673ffd-c48c-429a-b6c6-7e8dac70b874,848cbcb7-d9a3-4ff1-91be-69448c1c3737,1791481233882,1791481236214,1791481236214,1,
a2aeeb32-1827-47f5-b8aa-a75c51b5958f,PROVIDER,1000,itemstocksubmodel-api-asset@BPNL00000003AYRE,0ef26eaf-3d7c-479a-9a01-d5fa6d5cdd8e,a1f73dd4-d5c1-430c-b28b-c22a1e37c656,1791481235054,1791481237743,1791481237743,1,
4e60c300-3c17-478c-9d22-cc7b00c5ea63,PROVIDER,1000,DigitalTwinRegistryId@BPNL00000003AYRE,83673ffd-c48c-429a-b6c6-7e8dac70b874,4bd50b20-f84f-48f7-9d57-0c5664560d1e,1791481236271,1791481238973,1791481238973,1,
b9217eb4-2b46-44d5-89e2-64622b810345,PROVIDER,1000,itemstocksubmodel-api-asset@BPNL00000003AYRE,0ef26eaf-3d7c-479a-9a01-d5fa6d5cdd8e,dd94cab8-06ef-4702-abeb-41a3760886df,1791481238449,1791481240215,1791481240215,1,
ebcdc89e-be85-462c-adc9-ba1d2989a86b,PROVIDER,1000,DigitalTwinRegistryId@BPNL00000003AYRE,83673ffd-c48c-429a-b6c6-7e8dac70b874,f753a967-4c40-4f3b-8810-50d807b3598f,1791481239580,1791481241508,1791481241508,1,
7b140cc7-5cb1-4adf-ac32-88e7c1856a91,PROVIDER,1000,itemstocksubmodel-api-asset@BPNL00000003AYRE,0ef26eaf-3d7c-479a-9a01-d5fa6d5cdd8e,480d0df4-c225-4a5a-a04e-f1cc2dc8561e,1791481240804,1791481242625,1791481242625,1,
e02912e2-9731-4cd9-aad3-f7de84414fda,PROVIDER,1000,DigitalTwinRegistryId@BPNL00000003AYRE,83673ffd-c48c-429a-b6c6-7e8dac70b874,69bba69d-1526-4669-8f5f-98362eb6088b,1791481243036,1791481245104,1791481245104,1,
4c0dc6bd-500e-42e9-8e83-fa6bfdea22e8,PROVIDER,1000,itemstocksubmodel-api-asset@BPNL00000003AYRE,0ef26eaf-3d7c-479a-9a01-d5fa6d5cdd8e,18087bba-8510-4775-aca0-635021a7481d,1791481244193,1791481246223,1791481246223,1,
07fdef32-0420-4edc-8800-df093738cfa4,PROVIDER,1000,DigitalTwinRegistryId@BPNL00000003AYRE,83673ffd-c48c-429a-b6c6-7e8dac70b874,d86d72bc-501d-46ae-a4ed-6e2032855a38,1791481246453,1791481249744,1791481249744,1,
0d67811a-7bec-47de-ad07-5710c37c7f95,PROVIDER,1000,itemstocksubmodel-api-asset@BPNL00000003AYRE,0ef26eaf-3d7c-479a-9a01-d5fa6d5cdd8e,a67b910c-855f-467c-818e-6263e9d29a3e,1791481248601,1791481251013,1791481251013,1,
87f7e2a0-ce2d-41ce-9a2c-57608d104655,PROVIDER,1000,DigitalTwinRegistryId@BPNL00000003AYRE,83673ffd-c48c-429a-b6c6-7e8dac70b874,013a2dd6-b485-4bbe-9a34-e168920f1e61,1791481249803,1791481252386,1791481252386,1,
48d02c06-b08c-4e76-9535-7a7ff0cd7d03,PROVIDER,1000,itemstocksubmodel-api-asset@BPNL00000003AYRE,0ef26eaf-3d7c-479a-9a01-d5fa6d5cdd8e,f7a788af-313e-428b-8c0a-d4a4636a0750,1791481251982,1791481253612,1791481253612,1,
5c7db0e8-11a4-4f94-9bfc-119674389549,PROVIDER,1000,DigitalTwinRegistryId@BPNL00000003AYRE,83673ffd-c48c-429a-b6c6-7e8dac70b874,b36128ce-9726-4f21-8545-5bae04ec6ddb,1791481253175,1791481254880,1791481254880,1,
4bf031b2-5677-4914-834e-ff7e279dbc6b,PROVIDER,1000,itemstocksubmodel-api-asset@BPNL00000003AYRE,0ef26eaf-3d7c-479a-9a01-d5fa6d5cdd8e,a746f78e-4cde-40bd-be3b-1b754a26f17b,1791481254366,1791481256001,1791481256001,1,
061ffdb8-8e20-4aa3-8f94-d8f0e8c12576,PROVIDER,1000,DigitalTwinRegistryId@BPNL00000003AYRE,83673ffd-c48c-429a-b6c6-7e8dac70b874,3fadd7a6-eabb-4863-b961-e12ac6e8138c,1791481256657,1791481258834,1791481258834,1,
52c2edda-8969-434e-b35a-4d28644919b5,PROVIDER,1000,itemstocksubmodel-api-asset@BPNL00000003AYRE,0ef26eaf-3d7c-479a-9a01-d5fa6d5cdd8e,1d78deb0-61c6-49f6-bb49-cc7847def96a,1791481257836,1791481259936,1791481259936,1,
1a22385f-626e-4d42-b448-1bf35d4af322,PROVIDER,1000,DigitalTwinRegistryId@BPNL00000003AYRE,83673ffd-c48c-429a-b6c6-7e8dac70b874,ee71759a-e2a5-4725-8781-a5d745788f4b,1791481260059,1791481263403,1791481263403,1,
5ac30e1a-0f90-4241-8dd9-314b44a638e2,PROVIDER,1000,itemstocksubmodel-api-asset@BPNL00000003AYRE,0ef26eaf-3d7c-479a-9a01-d5fa6d5cdd8e,b962a578-1f83-42d2-ae83-55c072848d60,1791481262231,1791481264659,1791481264659,1,
71f6a049-b96b-42f4-a6fb-857478e1d330,PROVIDER,1000,DigitalTwinRegistryId@BPNL00000003AYRE,83673ffd-c48c-429a-b6c6-7e8dac70b874,74e5a763-7c3a-4013-ab43-7cf405a24abe,1791481263405,1791481267641,1791481267641,1,
a3eba986-7101-458b-823a-a6dabca5a974,PROVIDER,1000,itemstocksubmodel-api-asset@BPNL00000003AYRE,0ef26eaf-3d7c-479a-9a01-d5fa6d5cdd8e,52168575-f7ed-4b72-bdbd-d6a8589dc49b,1791481265835,1791481268981,1791481268981,1,
12ad122e-b808-4282-a31e-7f21c6ffdc75,PROVIDER,1000,DigitalTwinRegistryId@BPNL00000003AYRE,83673ffd-c48c-429a-b6c6-7e8dac70b874,66ec3f7f-7015-4fc3-a04d-31a58944584c,1791481266880,1791481268991,1791481268991,1,
1e4ae32d-d38b-470c-bc91-3ed872162cf1,PROVIDER,1000,itemstocksubmodel-api-asset@BPNL00000003AYRE,0ef26eaf-3d7c-479a-9a01-d5fa6d5cdd8e,9a60b235-94f9-47ed-b4e1-14f2ab2e4f36,1791481268035,1791481270145,1791481270145,1,
a86b14ac-b0ae-4a05-9f0b-197542552bd7,PROVIDER,1000,DigitalTwinRegistryId@BPNL00000003AYRE,83673ffd-c48c-429a-b6c6-7e8dac70b874,e528b7a2-d41b-4e11-aa7d-70f369fb6e8d,1791481270235,1791481273769,1791481273769,1,
63172736-68ef-4b2b-9d8a-d511490a72af,PROVIDER,1000,itemstocksubmodel-api-asset@BPNL00000003AYRE,0ef26eaf-3d7c-479a-9a01-d5fa6d5cdd8e,08ff188b-dd0d-4dbb-b82a-73c4dbed57cb,1791481272869,1791481275077,1791481275077,1,
c2e23d55-5323-463f-bbf1-1993850b2922,PROVIDER,1000,DigitalTwinRegistryId@BPNL00000003AYRE,83673ffd-c48c-429a-b6c6-7e8dac70b874,cc6621c6-4dec-41cb-85d0-6154586bc04c,1791481273249,1791481275086,1791481275086,1,
51721d9d-d1b4-4921-a705-2dc01a311f70,PROVIDER,1000,itemstocksubmodel-api-asset@BPNL00000003AYRE,0ef26eaf-3d7c-479a-9a01-d5fa6d5cdd8e,206ae96b-e84e-4f7e-ae7f-4de491bc1028,1791481274446,1791481276210,1791481276210,1,
116dfa7d-ce24-4bb8-8cf4-ca71694b8fc4,PROVIDER,1000,DigitalTwinRegistryId@BPNL00000003AYRE,83673ffd-c48c-429a-b6c6-7e8dac70b874,3dc70743-f39a-4702-96b7-f372ae4d801b,1791481276680,1791481279941,1791481279941,1,
386542bc-be73-4dd4-a694-e7f04183ceaf,PROVIDER,1000,itemstocksubmodel-api-asset@BPNL00000003AYRE,0ef26eaf-3d7c-479a-9a01-d5fa6d5cdd8e,b0f461b6-51d3-43a7-bf12-df9e9e02cb5a,1791481278894,1791481281221,1791481281221,1,
4c9a3f2e-f4e5-43bb-a807-c974c46c08b7,PROVIDER,1000,DigitalTwinRegistryId@BPNL00000003AYRE,83673ffd-c48c-429a-b6c6-7e8dac70b874,091897dd-9a99-454a-8b64-aa33f20ac54b,1791481280069,1791481282453,1791481282453,1,
2f002fe9-29ed-4e69-8b39-95843ea110fe,PROVIDER,1000,itemstocksubmodel-api-asset@BPNL00000003AYRE,0ef26eaf-3d7c-479a-9a01-d5fa6d5cdd8e,19cd2659-e5fe-4fca-a085-1d055477da45,1791481282194,1791481283683,1791481283683,1,
039ba003-e9d2-4479-9d23-ad6c7451441a,PROVIDER,1000,DigitalTwinRegistryId@BPNL00000003AYRE,83673ffd-c48c-429a-b6c6-7e8dac70b874,1271b7fd-a60c-49bb-8870-ac6c52a5fcdb,1791481283328,1791481285073,1791481285073,1,
0956f7aa-7e01-4439-81d3-24f786c9f91c,PROVIDER,1000,itemstocksubmodel-api-asset@BPNL00000003AYRE,0ef26eaf-3d7c-479a-9a01-d5fa6d5cdd8e,6b34952f-9155-4a3b-b735-168512b319d6,1791481284537,1791481286204,1791481286204,1,
97f14175-d67d-4ea0-9517-5a17044a4eac,PROVIDER,1000,DigitalTwinRegistryId@BPNL00000003AYRE,83673ffd-c48c-429a-b6c6-7e8dac70b874,94cd6528-ac95-4171-9640-046909e01b13,1791481286934,1791481288879,1791481288879,1,
075e1683-b0a6-49ed-afa9-f6bc81fd405e,PROVIDER,1000,itemstocksubmodel-api-asset@BPNL00000003AYRE,0ef26eaf-3d7c-479a-9a01-d5fa6d5cdd8e,14885ea7-229c-431a-ba17-fa0a25653609,1791481288071,1791481290169,1791481290169,1,
241730ac-137b-437a-bf5f-40103b849f15,PROVIDER,1000,DigitalTwinRegistryId@BPNL00000003AYRE,83673ffd-c48c-429a-b6c6-7e8dac70b874,9d6b1767-afbe-4b53-9361-a97bd183f03d,1791481289352,1791481291512,1791481291512,1,
276f4653-9d7d-4dec-bafc-3cb56aa0cd78,PROVIDER,1000,itemstocksubmodel-api-asset@BPNL00000003AYRE,0ef26eaf-3d7c-479a-9a01-d5fa6d5cdd8e,2c3c0306-c19e-47e0-b160-6b2b27d0fe28,1791481290486,1791481292618,1791481292618,1,
f7f9d6d5-1091-41af-bbc8-e007a16b8f09,PROVIDER,1000,DigitalTwinRegistryId@BPNL00000003AYRE,83673ffd-c48c-429a-b6c6-7e8dac70b874,93779d40-e558-4391-a4a8-ea85529467c0,1791481293061,1791481295029,1791481295029,1,
129f269f-f7ab-42c4-b342-9d922ffccd11,PROVIDER,1000,itemstocksubmodel-api-asset@BPNL00000003AYRE,0ef26eaf-3d7c-479a-9a01-d5fa6d5cdd8e,719e2ba4-8871-4e09-8d7b-56f041684d18,1791481294265,1791481296133,1791481296133,1,
3c865f32-4bf5-4b5c-b3dd-cdc74f11dd24,PROVIDER,1000,DigitalTwinRegistryId@BPNL00000003AYRE,83673ffd-c48c-429a-b6c6-7e8dac70b874,de984044-58f1-4281-a7d3-7cbaab661fba,1791481296569,1791481299049,1791481299049,1,
5ba1c593-28a5-40a0-8089-86c645bfb3fe,PROVIDER,1000,itemstocksubmodel-api-asset@BPNL00000003AYRE,0ef26eaf-3d7c-479a-9a01-d5fa6d5cdd8e,7d68e589-4f39-43df-9e78-96e00ffc1671,1791481298702,1791481300294,1791481300294,1,
ce14ca1f-0596-4a81-855c-ee2dfeab934c,PROVIDER,1000,DigitalTwinRegistryId@BPNL00000003AYRE,83673ffd-c48c-429a-b6c6-7e8dac70b874,039351b4-60e0-4b8d-92db-fc8326603eba,1791481299873,1791481301699,1791481301699,1,
50b887da-9306-49bb-8363-e50e69c93584,PROVIDER,1000,itemstocksubmodel-api-asset@BPNL00000003AYRE,0ef26eaf-3d7c-479a-9a01-d5fa6d5cdd8e,96328594-7f7d-465e-866b-c470a85047b9,1791481300996,1791481302807,1791481302807,1,
71491623-1e3d-48fb-8616-b22d502a9edd,PROVIDER,1000,DigitalTwinRegistryId@BPNL00000003AYRE,83673ffd-c48c-429a-b6c6-7e8dac70b874,891ffd82-7e31-4b7b-95e3-ca2ef0e5bb38,1791481303226,1791481305182,1791481305182,1,
6960384a-8bd8-4018-99bd-4a929e6b6aff,PROVIDER,1000,itemstocksubmodel-api-asset@BPNL00000003AYRE,0ef26eaf-3d7c-479a-9a01-d5fa6d5cdd8e,4ae68b0b-f4da-4218-8e3d-7dd3aedcdc85,1791481304380,1791481306289,1791481306289,1,
9cf8c6b7-636d-44f5-99e5-afb71e967ffa,PROVIDER,1000,DigitalTwinRegistryId@BPNL00000003AYRE,83673ffd-c48c-429a-b6c6-7e8dac70b874,b48dc67a-c8fe-4697-beb4-b6f13305295e,1791481306548,1791481310067,1791481310067,1,
6dc8f391-d702-49eb-a210-b14910585e0e,PROVIDER,1000,itemstocksubmodel-api-asset@BPNL00000003AYRE,0ef26eaf-3d7c-479a-9a01-d5fa6d5cdd8e,2ffa304b-4650-45bc-a5a1-2b2649af7625,1791481308919,1791481310327,1791481310327,1,
5799171e-5960-4a2a-9d21-13aaa46c49c7,PROVIDER,1000,DigitalTwinRegistryId@BPNL00000003AYRE,83673ffd-c48c-429a-b6c6-7e8dac70b874,4b52379d-e2bf-4d46-bc5c-91dada8ad9b9,1791481310046,1791481311573,1791481311573,1,
565f1f31-4d3a-4cd2-9a34-732d62360932,PROVIDER,1000,itemstocksubmodel-api-asset@BPNL00000003AYRE,0ef26eaf-3d7c-479a-9a01-d5fa6d5cdd8e,ecc71e4b-29a2-4b97-9897-7c87db4d6d9d,1791481311334,1791481313893,1791481313893,1,
f6ec4140-0f99-480b-a2d2-b131ee72edf5,PROVIDER,1000,DigitalTwinRegistryId@BPNL00000003AYRE,83673ffd-c48c-429a-b6c6-7e8dac70b874,9f9cb4e7-b976-46e6-bc76-669ea8573d24,1791481312997,1791481315142,1791481315142,1,
85d18eff-b231-44ef-b339-a67e0f31ba38,PROVIDER,1000,itemstocksubmodel-api-asset@BPNL00000003AYRE,0ef26eaf-3d7c-479a-9a01-d5fa6d5cdd8e,bd70f963-a85c-4e15-8958-54e1fa2cd62c,1791481314163,1791481316560,1791481316560,1,
1159e4f1-b67a-480d-85d5-cf330a19b6ef,PROVIDER,1000,DigitalTwinRegistryId@BPNL00000003AYRE,83673ffd-c48c-429a-b6c6-7e8dac70b874,4d078e68-3105-4292-bd76-833959df380f,1791481316340,1791481318043,1791481318043,1,
2c41c84b-d223-48f3-9542-0a8947de3879,PROVIDER,1000,itemstocksubmodel-api-asset@BPNL00000003AYRE,0ef26eaf-3d7c-479a-9a01-d5fa6d5cdd8e,a9fc27cf-c21c-4fa9-89a0-97f8ab430d2c,1791481317536,1791481319246,1791481319246,1,
e83d8ee1-45e3-4f1a-9f09-25432c280c0d,PROVIDER,1000,DigitalTwinRegistryId@BPNL00000003AYRE,83673ffd-c48c-429a-b6c6-7e8dac70b874,ef61fd70-862b-4b33-b2ee-5ace6a35b960,1791481319611,1791481321821,1791481321821,1,
0feaa9d7-5999-4e29-ad96-1f1ce7c953b2,PROVIDER,1000,itemstocksubmodel-api-asset@BPNL00000003AYRE,0ef26eaf-3d7c-479a-9a01-d5fa6d5cdd8e,0d39092c-1588-446d-9129-196bf82d4322,1791481320699,1791481324065,1791481324065,1,
6f3de4dc-afa1-4072-92bb-7ae485159875,PROVIDER,1000,DigitalTwinRegistryId@BPNL00000003AYRE,83673ffd-c48c-429a-b6c6-7e8dac70b874,46255713-e4ca-4c52-a713-31aa5681c1da,1791481322879,1791481325324,1791481325324,1,
35f9982b-045a-47db-ac37-7ffd78a0e112,PROVIDER,1000,itemstocksubmodel-api-asset@BPNL00000003AYRE,0ef26eaf-3d7c-479a-9a01-d5fa6d5cdd8e,60b08743-996e-4974-9c1b-6494a4ec32a8,1791481325048,1791481326570,1791481326570,1,
68f319fb-09f7-4c2f-9b03-600d0937c697,PROVIDER,1000,DigitalTwinRegistryId@BPNL00000003AYRE,83673ffd-c48c-429a-b6c6-7e8dac70b874,9dee87a0-b9aa-42d5-9fc2-22a9ab22d125,1791481326226,1791481327869,1791481327869,1,
53ff2710-cfbb-4cfe-b5a3-09ca83889663,PROVIDER,1000,itemstocksubmodel-api-asset@BPNL00000003AYRE,0ef26eaf-3d7c-479a-9a01-d5fa6d5cdd8e,d11ea9c5-a53e-42cf-af2e-e20648c79100,1791481327463,1791481329084,1791481329084,1,
1486b0bc-e8ad-4a4a-a885-87ede4d312b8,PROVIDER,1000,DigitalTwinRegistryId@BPNL00000003AYRE,83673ffd-c48c-429a-b6c6-7e8dac70b874,1c76b05e-d1df-4c2a-91f2-697254f4c409,1791481329678,1791481331558,1791481331558,1,
c5ff09bd-fd66-4e59-82fc-3441bf33f7a8,PROVIDER,1000,itemstocksubmodel-api-asset@BPNL00000003AYRE,0ef26eaf-3d7c-479a-9a01-d5fa6d5cdd8e,077b46f3-9260-4a86-ab1c-ea6a11294226,1791481330839,1791481332755,1791481332755,1,
8d4702de-48b0-4bf8-9260-c731a97cf7c2,PROVIDER,1000,DigitalTwinRegistryId@BPNL00000003AYRE,83673ffd-c48c-429a-b6c6-7e8dac70b874,e3943d9b-b54b-46e7-b159-378a8a18a66a,1791481333074,1791481335303,1791481335303,1,
c86a5df9-daeb-47d6-b5c6-1d5b19619499,PROVIDER,1000,itemstocksubmodel-api-asset@BPNL00000003AYRE,0ef26eaf-3d7c-479a-9a01-d5fa6d5cdd8e,f9c65856-ae2e-4be5-a59d-dec6151d44a5,1791481334173,1791481336557,1791481336557,1,
7d80501e-6fe1-48d0-98e1-c1c9fa83f300,PROVIDER,1000,DigitalTwinRegistryId@BPNL00000003AYRE,83673ffd-c48c-429a-b6c6-7e8dac70b874,bfa85a94-e73f-4e02-b8f5-455f6518161c,1791481336329,1791481337869,1791481337869,1,
2b05eaaa-0664-496a-94a0-bdbba321885a,PROVIDER,1000,itemstocksubmodel-api-asset@BPNL00000003AYRE,0ef26eaf-3d7c-479a-9a01-d5fa6d5cdd8e,4dced2bb-8234-4311-b0e0-b7ef36b49a0a,1791481337545,1791481339010,1791481339010,1,
7bfc59f0-8c92-45e3-8989-a75b7cbc6c4c,PROVIDER,1000,DigitalTwinRegistryId@BPNL00000003AYRE,83673ffd-c48c-429a-b6c6-7e8dac70b874,480ce410-45fb-4e7d-adac-4b8a8256d4c6,1791481339740,1791481341521,1791481341521,1,
e3e4bf50-e143-41b4-a591-77cba97ade47,PROVIDER,1000,itemstocksubmodel-api-asset@BPNL00000003AYRE,0ef26eaf-3d7c-479a-9a01-d5fa6d5cdd8e,2e92416c-60ef-44ad-a81c-866e3fe86e10,1791481340874,1791481342614,1791481342614,1,
3ceb2cf5-bd42-4703-b786-888f2c9fb8e3,PROVIDER,1000,DigitalTwinRegistryId@BPNL00000003AYRE,83673ffd-c48c-429a-b6c6-7e8dac70b874,632be7f8-7a9e-4cb7-bea3-4ff0e88d0377,1791481343122,1791481345005,1791481345005,1,
33ccbe2f-770a-49ed-9f54-318fbd514183,PROVIDER,1000,itemstocksubmodel-api-asset@BPNL00000003AYRE,0ef26eaf-3d7c-479a-9a01-d5fa6d5cdd8e,2587df76-7e73-4ee1-81a0-c4a819bffda7,1791481344233,1791481346124,1791481346124,1,
c06ded61-6f60-4e63-8dfb-d9f1842cdbbb,PROVIDER,1000,DigitalTwinRegistryId@BPNL00000003AYRE,83673ffd-c48c-429a-b6c6-7e8dac70b874,a6509655-8a8a-414d-bea1-8d349fc051a4,1791481346531,1791481349901,1791481349901,1,
3f452478-6b44-4e2f-8a4f-ccf2d2ef441e,PROVIDER,1000,itemstocksubmodel-api-asset@BPNL00000003AYRE,0ef26eaf-3d7c-479a-9a01-d5fa6d5cdd8e,ea7304a0-c3e2-478c-b388-bb8a1639bce3,1791481348661,1791481351414,1791481351414,1,
0c460c8c-681f-4db8-863e-98467e1289d1,PROVIDER,1000,DigitalTwinRegistryId@BPNL00000003AYRE,83673ffd-c48c-429a-b6c6-7e8dac70b874,3b75d672-5834-4e61-b455-9bd47aacdd3d,1791481349838,1791481351519,1791481351519,1,
03acea1a-caf7-429e-a6b9-290fce70023e,PROVIDER,1000,itemstocksubmodel-api-asset@BPNL00000003AYRE,0ef26eaf-3d7c-479a-9a01-d5fa6d5cdd8e,03c22f32-ed52-4acd-a6a3-4b169790adda,1791481351030,1791481352703,1791481352703,1,
57955c22-52c4-4b26-bfe0-8a779423bc5b,PROVIDER,1000,DigitalTwinRegistryId@BPNL00000003AYRE,83673ffd-c48c-429a-b6c6-7e8dac70b874,3a1673bc-5a3f-4257-b35c-31ff9caa6f73,1791481353329,1791481355175,1791481355175,1,
ce6fcc7f-e3d3-4d4a-a0a9-fd235cede976,PROVIDER,1000,itemstocksubmodel-api-asset@BPNL00000003AYRE,0ef26eaf-3d7c-479a-9a01-d5fa6d5cdd8e,9e16dece-1c2c-4d42-999a-76f97c5ea69d,1791481354465,1791481356353,1791481356353,1,
77e6dd8c-5f6b-4683-ad52-ad82acfd8eae,PROVIDER,1000,DigitalTwinRegistryId@BPNL00000003AYRE,83673ffd-c48c-429a-b6c6-7e8dac70b874,464f207c-1b5d-4ca4-b3c1-8f896601b5be,1791481356777,1791481358912,1791481358912,1,
6e338688-7caa-4f5c-829e-1f618ac781e1,PROVIDER,1000,itemstocksubmodel-api-asset@BPNL00000003AYRE,0ef26eaf-3d7c-479a-9a01-d5fa6d5cdd8e,8063c461-114a-4d3a-98d7-cba15878aec6,1791481357941,1791481360019,1791481360019,1,
2b8569bf-5dcc-40ae-bcec-dedf5acb82e5,PROVIDER,1000,DigitalTwinRegistryId@BPNL00000003AYRE,83673ffd-c48c-429a-b6c6-7e8dac70b874,c11d0b15-0fe8-4e62-80da-e79fdf92816f,1791481360124,1791481363440,1791481363440,1,
ad49bcd6-bf47-4918-b21a-132138a39e9f,PROVIDER,1000,itemstocksubmodel-api-asset@BPNL00000003AYRE,0ef26eaf-3d7c-479a-9a01-d5fa6d5cdd8e,7612eaf8-ad33-4e0d-98b3-6eb29c12cd6d,1791481362437,1791481364780,1791481364780,1,
3f19a93f-a2f7-4fe6-950e-f4f951e94bfa,PROVIDER,1000,DigitalTwinRegistryId@BPNL00000003AYRE,83673ffd-c48c-429a-b6c6-7e8dac70b874,e00fd443-3214-4655-8eff-d54b508be129,1791481364023,1791481366162,1791481366162,1,
3399a13b-8d4e-4cdd-b6bb-8c03d5460dde,PROVIDER,1000,itemstocksubmodel-api-asset@BPNL00000003AYRE,0ef26eaf-3d7c-479a-9a01-d5fa6d5cdd8e,94161e0a-8ee9-48cf-8bc5-76c8b79e3f1a,1791481365175,1791481367684,1791481367684,1,
3fde1aa5-b922-42e4-a135-c9dd7e1acece,PROVIDER,1000,DigitalTwinRegistryId@BPNL00000003AYRE,83673ffd-c48c-429a-b6c6-7e8dac70b874,f3eb31a2-923f-48a8-b940-aaade32be691,1791481366362,1791481368942,1791481368942,1,
20cdc439-bd8f-4b7f-9fc6-ad7907456246,PROVIDER,1000,itemstocksubmodel-api-asset@BPNL00000003AYRE,0ef26eaf-3d7c-479a-9a01-d5fa6d5cdd8e,05687a98-2294-48d3-b8ec-0cc7c35b4885,1791481368543,1791481370170,1791481370170,1,
df84eee8-2385-4c9b-9205-016f653bb0dd,PROVIDER,1000,DigitalTwinRegistryId@BPNL00000003AYRE,83673ffd-c48c-429a-b6c6-7e8dac70b874,987c59a0-4c02-4c85-8751-bc8fc86fb8ac,1791481369728,1791481371425,1791481371425,1,
658fe3b7-3c49-4a21-8b04-99ebd618975b,PROVIDER,1000,itemstocksubmodel-api-asset@BPNL00000003AYRE,0ef26eaf-3d7c-479a-9a01-d5fa6d5cdd8e,3e08ee14-2898-4542-bb00-d1121317748d,1791481370931,1791481372595,1791481372595,1,
d6f38fff-4211-4c8e-9d2e-e5ef067a8214,PROVIDER,1000,DigitalTwinRegistryId@BPNL00000003AYRE,83673ffd-c48c-429a-b6c6-7e8dac70b874,cc146ec2-0e9b-48c5-92ae-61a682cde3bd,1791481373117,1791481375149,1791481375149,1,
5b9c774e-85a6-46bb-88d5-9f94718bc50a,PROVIDER,1000,itemstocksubmodel-api-asset@BPNL00000003AYRE,0ef26eaf-3d7c-479a-9a01-d5fa6d5cdd8e,768a3319-fd8b-4322-b55a-bab351c70bb2,1791481374260,1791481376334,1791481376334,1,
28e0169d-7462-44db-be0d-770a67754be5,PROVIDER,1000,DigitalTwinRegistryId@BPNL00000003AYRE,83673ffd-c48c-429a-b6c6-7e8dac70b874,d10bd9e2-dcbe-4ec9-a99e-02445f2a4ab5,1791481376516,1791481379927,1791481379927,1,
0fdc1021-1612-43c8-b5f7-919dde02bca3,PROVIDER,1000,itemstocksubmodel-api-asset@BPNL00000003AYRE,0ef26eaf-3d7c-479a-9a01-d5fa6d5cdd8e,6efc831d-14fb-49cc-af04-6325f571ea91,1791481378694,1791481381468,1791481381468,1,
e06c9522-f1af-44ef-85db-09e52ff1d83d,PROVIDER,1000,DigitalTwinRegistryId@BPNL00000003AYRE,83673ffd-c48c-429a-b6c6-7e8dac70b874,39a32f7a-ceb1-4a1a-ba9e-a7338310adb1,1791481379900,1791481381478,1791481381478,1,
6e660081-74e2-48d6-b223-e6d7f87fa02b,PROVIDER,1000,itemstocksubmodel-api-asset@BPNL00000003AYRE,0ef26eaf-3d7c-479a-9a01-d5fa6d5cdd8e,19b26f4c-5f17-4bd1-bf3d-866f84275292,1791481381031,1791481382582,1791481382582,1,
98a14c1c-f559-46d1-b1b1-675e387d0915,PROVIDER,1000,DigitalTwinRegistryId@BPNL00000003AYRE,83673ffd-c48c-429a-b6c6-7e8dac70b874,aef04a8a-0619-4af8-9860-d341afc30af6,1791481383328,1791481385097,1791481385097,1,
8293b7be-db94-49f2-bb4c-d164a51457bb,PROVIDER,1000,itemstocksubmodel-api-asset@BPNL00000003AYRE,0ef26eaf-3d7c-479a-9a01-d5fa6d5cdd8e,c92c9963-7989-4c80-8306-24cf2d2ed8c5,1791481384467,1791481386234,1791481386234,1,
0fd060f9-bbc6-44df-8a08-540f4ee1c9a8,PROVIDER,1000,DigitalTwinRegistryId@BPNL00000003AYRE,83673ffd-c48c-429a-b6c6-7e8dac70b874,b4039269-4e41-45a1-937f-47a6f376b5df,1791481386667,1791481390078,1791481390078,1,
0e92baa2-2556-40ec-b0d0-481253ce39a4,PROVIDER,1000,itemstocksubmodel-api-asset@BPNL00000003AYRE,0ef26eaf-3d7c-479a-9a01-d5fa6d5cdd8e,712a88a7-5e6d-4ca6-83d5-9653517aad70,1791481388825,1791481392818,1791481392818,1,
65fd8c6e-5b11-45c9-8dc0-fb7e830ac9f1,PROVIDER,1000,DigitalTwinRegistryId@BPNL00000003AYRE,83673ffd-c48c-429a-b6c6-7e8dac70b874,c88a7c16-6a91-4458-8810-3c1476a58b96,1791481390003,1791481392830,1791481392830,1,
c558d841-793d-4ce3-9337-114296eccaad,PROVIDER,1000,itemstocksubmodel-api-asset@BPNL00000003AYRE,0ef26eaf-3d7c-479a-9a01-d5fa6d5cdd8e,3ca3620f-d464-4e18-9037-bc9c5172613f,1791481391340,1791481394069,1791481394069,1,
e5b13063-ddcf-4cff-8e3e-e9c103cbf24d,PROVIDER,1000,DigitalTwinRegistryId@BPNL00000003AYRE,83673ffd-c48c-429a-b6c6-7e8dac70b874,c8c2d9c8-79e1-4c8b-a569-733ea82fe3ff,1791481393743,1791481395311,1791481395311,1,
68b9da79-28a8-4de0-b512-b8975d322e76,PROVIDER,1000,itemstocksubmodel-api-asset@BPNL00000003AYRE,0ef26eaf-3d7c-479a-9a01-d5fa6d5cdd8e,ccce9725-e48a-49b7-a839-442e44b85625,1791481394955,1791481396653,1791481396653,1,
82f497a0-984b-48bf-b4c0-0608d55b22a1,PROVIDER,1000,DigitalTwinRegistryId@BPNL00000003AYRE,83673ffd-c48c-429a-b6c6-7e8dac70b874,2841379e-6eff-4c7b-8081-f52ca13061d7,1791481396166,1791481397881,1791481397881,1,
dadc8399-2c3e-46ec-88b8-a97bed17d628,PROVIDER,1000,itemstocksubmodel-api-asset@BPNL00000003AYRE,0ef26eaf-3d7c-479a-9a01-d5fa6d5cdd8e,734edb37-0585-4c95-9c01-2abf18a80350,1791481397434,1791481399042,1791481399042,1,
3ab61f8d-5ca0-4b25-8c77-2344d974b03f,PROVIDER,1000,DigitalTwinRegistryId@BPNL00000003AYRE,83673ffd-c48c-429a-b6c6-7e8dac70b874,ac3c8b76-f46a-4c3c-9f6c-5564a61f3ae7,1791481399704,1791481401444,1791481401444,1,
40e95f4e-550f-44a3-af5d-d47fc3599503,PROVIDER,1000,itemstocksubmodel-api-asset@BPNL00000003AYRE,0ef26eaf-3d7c-479a-9a01-d5fa6d5cdd8e,7bf7c55e-2f57-4065-88f1-1fb9158642a1,1791481400807,1791481402587,1791481402587,1,
57fd508c-b2ba-45a2-91c9-a01e6b9d05f3,PROVIDER,1000,DigitalTwinRegistryId@BPNL00000003AYRE,83673ffd-c48c-429a-b6c6-7e8dac70b874,71044af9-93d4-4821-b775-4a0492259447,1791481403066,1791481405041,1791481405041,1,
13fac901-1ff1-4286-85c1-75312dfe1657,PROVIDER,1000,itemstocksubmodel-api-asset@BPNL00000003AYRE,0ef26eaf-3d7c-479a-9a01-d5fa6d5cdd8e,ffcc4182-4118-4fd7-a77d-0243c6b10a4b,1791481404175,1791481406147,1791481406147,1,
0717f987-e965-453c-8e76-8f1e2708e08b,PROVIDER,1000,DigitalTwinRegistryId@BPNL00000003AYRE,83673ffd-c48c-429a-b6c6-7e8dac70b874,9e30a320-c305-480a-b5b3-05287bc29b1d,1791481406461,1791481408936,1791481408936,1,
29772bac-bed5-447c-9abb-d4437baa4f96,PROVIDER,1000,itemstocksubmodel-api-asset@BPNL00000003AYRE,0ef26eaf-3d7c-479a-9a01-d5fa6d5cdd8e,ed782607-8993-4fb2-acd8-f885afd7c09b,1791481408601,1791481410181,1791481410181,1,
024695e7-20c6-493e-bafb-ba376ebeaaef,PROVIDER,1000,DigitalTwinRegistryId@BPNL00000003AYRE,83673ffd-c48c-429a-b6c6-7e8dac70b874,9a750d5e-0601-47e7-82eb-256683d315c2,1791481409790,1791481411512,1791481411512,1,
6e850f75-69a4-4394-85d8-eaaccd425e27,PROVIDER,1000,itemstocksubmodel-api-asset@BPNL00000003AYRE,0ef26eaf-3d7c-479a-9a01-d5fa6d5cdd8e,ba504660-fb11-4960-a76b-8a7f39180781,1791481411028,1791481412621,1791481412621,1,
c94e3a84-837b-438e-9563-05b96fdc85f4,PROVIDER,1000,DigitalTwinRegistryId@BPNL00000003AYRE,83673ffd-c48c-429a-b6c6-7e8dac70b874,a8db705e-12ed-498b-9f03-7fcb4422a266,1791481413325,1791481415020,1791481415020,1,
c0241d8e-492b-4c74-a8ec-2b63eab4883e,PROVIDER,1000,itemstocksubmodel-api-asset@BPNL00000003AYRE,0ef26eaf-3d7c-479a-9a01-d5fa6d5cdd8e,f3152327-dae5-46eb-961f-f51eb48d4a6e,1791481414487,1791481416151,1791481416151,1,
d132dbc5-1206-49a4-824d-fc11d1fddccd,PROVIDER,1000,DigitalTwinRegistryId@BPNL00000003AYRE,83673ffd-c48c-429a-b6c6-7e8dac70b874,001db493-519d-4cfa-acd6-76313e5a0444,1791481416771,1791481418906,1791481418906,1,
75a11fee-0e8e-43da-b4e7-8ab165c9e034,PROVIDER,1000,itemstocksubmodel-api-asset@BPNL00000003AYRE,0ef26eaf-3d7c-479a-9a01-d5fa6d5cdd8e,2fae8881-fdb3-4cff-88f9-faa4d1b23220,1791481417964,1791481420011,1791481420011,1,
570d2caf-7fec-4932-b5f4-65b8c098ea0e,PROVIDER,1000,DigitalTwinRegistryId@BPNL00000003AYRE,83673ffd-c48c-429a-b6c6-7e8dac70b874,60078b87-8f67-455c-8912-3c68280756b5,1791481420262,1791481422510,1791481422510,1,
5f40cd6b-31ad-4068-9936-825015ece812,PROVIDER,1000,itemstocksubmodel-api-asset@BPNL00000003AYRE,0ef26eaf-3d7c-479a-9a01-d5fa6d5cdd8e,b13405a7-b619-423c-8c49-a7fc2389f6f9,1791481421527,1791481423981,1791481423981,1,
a8cc6450-d1eb-446e-bf7e-606657fac7de,PROVIDER,1000,DigitalTwinRegistryId@BPNL00000003AYRE,83673ffd-c48c-429a-b6c6-7e8dac70b874,25001eaf-a317-48da-8c10-90a94bc1b765,1791481423068,1791481425239,1791481425239,1,
98afcc0c-8ed4-43c6-a68a-4043442dcfc6,PROVIDER,1000,itemstocksubmodel-api-asset@BPNL00000003AYRE,0ef26eaf-3d7c-479a-9a01-d5fa6d5cdd8e,4f156263-9646-42bb-b2e1-75166b1f28d9,1791481424334,1791481426379,1791481426379,1,
bdd4100b-5d96-47fd-a8b1-083cc308ac13,PROVIDER,1000,DigitalTwinRegistryId@BPNL00000003AYRE,83673ffd-c48c-429a-b6c6-7e8dac70b874,208af274-0652-461e-b54d-6a6ed01cb2d9,1791481426586,1791481429918,1791481429918,1,
e5b01507-da2b-4380-8828-c8dbaf28a783,PROVIDER,1000,itemstocksubmodel-api-asset@BPNL00000003AYRE,0ef26eaf-3d7c-479a-9a01-d5fa6d5cdd8e,a2e73185-8450-4303-bd16-036bb525eaa0,1791481428822,1791481431223,1791481431223,1,
a5683bcb-600d-41b5-a450-a00687273173,PROVIDER,1000,DigitalTwinRegistryId@BPNL00000003AYRE,83673ffd-c48c-429a-b6c6-7e8dac70b874,d6a1b36f-16bd-4f7e-b177-985a13f3953a,1791481430080,1791481433517,1791481433517,1,
a9ae93b5-e5c5-49bf-ac17-e2c99df3af42,PROVIDER,1000,itemstocksubmodel-api-asset@BPNL00000003AYRE,0ef26eaf-3d7c-479a-9a01-d5fa6d5cdd8e,60fbe75e-99a7-4cc4-8db5-21c536b2ad09,1791481432330,1791481434799,1791481434799,1,
b5ef9b13-b0ed-4b34-9ec8-78dc5578aa5d,PROVIDER,1000,DigitalTwinRegistryId@BPNL00000003AYRE,83673ffd-c48c-429a-b6c6-7e8dac70b874,5923ed46-81ec-42d4-aa62-91c03c3681a3,1791481433944,1791481436234,1791481436234,1,
121cdcbd-e505-4b3b-aadc-4d7649eb2b56,PROVIDER,1000,itemstocksubmodel-api-asset@BPNL00000003AYRE,0ef26eaf-3d7c-479a-9a01-d5fa6d5cdd8e,77df727c-7930-4b6e-a868-b900bed2c398,1791481435095,1791481437760,1791481437760,1,
814325fe-e246-4a35-b425-5e4d3a3fdd54,PROVIDER,1000,DigitalTwinRegistryId@BPNL00000003AYRE,83673ffd-c48c-429a-b6c6-7e8dac70b874,910e7c21-a764-4cbe-9df4-74befd479d93,1791481436333,1791481439144,1791481439144,1,
ff12720b-9f00-4068-b604-81ea7eed4d5e,PROVIDER,1000,itemstocksubmodel-api-asset@BPNL00000003AYRE,0ef26eaf-3d7c-479a-9a01-d5fa6d5cdd8e,51df9faa-66d8-4647-a15f-fa8363700e80,1791481438462,1791481440411,1791481440411,1,
7fc8cf40-dfb4-4abd-914f-241216f69319,PROVIDER,1000,DigitalTwinRegistryId@BPNL00000003AYRE,83673ffd-c48c-429a-b6c6-7e8dac70b874,a59f6383-d7d2-4985-98c8-d60744f64f23,1791481439756,1791481441627,1791481441627,1,
b354cc0f-95a4-4bb2-8bc9-f98d88c1b188,PROVIDER,1000,itemstocksubmodel-api-asset@BPNL00000003AYRE,0ef26eaf-3d7c-479a-9a01-d5fa6d5cdd8e,112fa86c-9f7a-451f-9dd9-bd720eac0ab8,1791481440959,1791481442735,1791481442735,1,
9f21f4c3-4d00-4740-9556-356c78affec5,PROVIDER,1000,DigitalTwinRegistryId@BPNL00000003AYRE,83673ffd-c48c-429a-b6c6-7e8dac70b874,4c9e208f-73ce-4693-8a5a-26c766da1a13,1791481443159,1791481445262,1791481445262,1,
90068cd3-928b-47f5-aa22-c38ea1747e75,PROVIDER,1000,itemstocksubmodel-api-asset@BPNL00000003AYRE,0ef26eaf-3d7c-479a-9a01-d5fa6d5cdd8e,e1af42aa-88a7-47ac-8e95-8ef784d85079,1791481444272,1791481446415,1791481446415,1,
f622db57-21c2-4231-8492-c3189758dd27,PROVIDER,1000,DigitalTwinRegistryId@BPNL00000003AYRE,83673ffd-c48c-429a-b6c6-7e8dac70b874,b85a3975-5d7c-4820-ae3a-ec92a5a9b2a2,1791481446524,1791481449047,1791481449047,1,
a141d282-db50-44dd-b41c-be339b6488f6,PROVIDER,1000,itemstocksubmodel-api-asset@BPNL00000003AYRE,0ef26eaf-3d7c-479a-9a01-d5fa6d5cdd8e,0f6d0066-7f97-432c-964c-1f556bbb40eb,1791481448692,1791481450900,1791481450900,1,
b7cf8b8a-be91-42dc-823d-3b361ddadebd,PROVIDER,1000,DigitalTwinRegistryId@BPNL00000003AYRE,83673ffd-c48c-429a-b6c6-7e8dac70b874,6a337df0-eb35-4fdc-90a7-190939be59a1,1791481449926,1791481452180,1791481452180,1,
5f39c409-fe96-4a1e-be21-764aa8232da0,PROVIDER,1000,itemstocksubmodel-api-asset@BPNL00000003AYRE,0ef26eaf-3d7c-479a-9a01-d5fa6d5cdd8e,7fdfefa6-fbba-4292-8d41-2aa61a8fd6b6,1791481451132,1791481454540,1791481454540,1,
54eba1f4-9518-47b0-97cf-8c83976b4706,PROVIDER,1000,DigitalTwinRegistryId@BPNL00000003AYRE,83673ffd-c48c-429a-b6c6-7e8dac70b874,bc3239aa-f5d8-4b05-b114-ab7bd5407009,1791481453314,1791481456399,1791481456399,1,
038ba8d6-c885-4bff-aa4f-8c350693db97,PROVIDER,1000,itemstocksubmodel-api-asset@BPNL00000003AYRE,0ef26eaf-3d7c-479a-9a01-d5fa6d5cdd8e,32d63a55-bf5c-48df-bd29-1d49315d6ab7,1791481455439,1791481458045,1791481458045,1,
08726ce6-ff49-40e0-8b4a-134fcdb44ebc,PROVIDER,1000,DigitalTwinRegistryId@BPNL00000003AYRE,83673ffd-c48c-429a-b6c6-7e8dac70b874,9ad32ada-c658-41a0-aef8-3dd0a7abf148,1791481456548,1791481459339,1791481459339,1,
c8fbdc46-0e46-4f6e-9a5c-415a19e74b7a,PROVIDER,1000,itemstocksubmodel-api-asset@BPNL00000003AYRE,0ef26eaf-3d7c-479a-9a01-d5fa6d5cdd8e,aae23728-cca5-49b4-9100-134fd62d2281,1791481458690,1791481460592,1791481460592,1,
e464847c-c32a-4668-95fc-d0065a41b65b,PROVIDER,1000,DigitalTwinRegistryId@BPNL00000003AYRE,83673ffd-c48c-429a-b6c6-7e8dac70b874,339d09a2-4bea-4890-a115-016b53816ca2,1791481459838,1791481461841,1791481461841,1,
9f5d4921-ba93-4b59-b173-be93ba789876,PROVIDER,1000,itemstocksubmodel-api-asset@BPNL00000003AYRE,0ef26eaf-3d7c-479a-9a01-d5fa6d5cdd8e,ed0a56c9-8de0-4a7d-9f3c-87e0a8d93f06,1791481460932,1791481462947,1791481462947,1,
dbd1d93a-c420-4f89-98ca-e6369dc0cbb7,PROVIDER,1000,DigitalTwinRegistryId@BPNL00000003AYRE,83673ffd-c48c-429a-b6c6-7e8dac70b874,321da5b3-1ac5-4f9b-8674-2849efb98c13,1791481463131,1791481466535,1791481466535,1,
8b06bd79-a2a6-4425-ace5-5082eb94cd82,PROVIDER,1000,itemstocksubmodel-api-asset@BPNL00000003AYRE,0ef26eaf-3d7c-479a-9a01-d5fa6d5cdd8e,73e0b5ec-c45f-44c5-a7cb-274c96c363bc,1791481465278,1791481467743,1791481467743,1,
10018a14-e7fb-4345-a650-30b5aa3a1ade,PROVIDER,1000,DigitalTwinRegistryId@BPNL00000003AYRE,83673ffd-c48c-429a-b6c6-7e8dac70b874,2902c84b-158f-4363-8f3b-199494557443,1791481466625,1791481470051,1791481470051,1,
f9c52f57-d1c8-4056-a0a0-ad3844b53dca,PROVIDER,1000,itemstocksubmodel-api-asset@BPNL00000003AYRE,0ef26eaf-3d7c-479a-9a01-d5fa6d5cdd8e,5cead656-cc9b-4607-a092-7d27f478c1d2,1791481468880,1791481471421,1791481471421,1,
a03d2e47-3c39-494a-bec1-6e36db68941f,PROVIDER,1000,DigitalTwinRegistryId@BPNL00000003AYRE,83673ffd-c48c-429a-b6c6-7e8dac70b874,5d8b3ba9-13dc-4560-96ad-ee04da51ef76,1791481470134,1791481472623,1791481472623,1,
28ef5044-6d10-4b38-93c8-92c3c82727d4,PROVIDER,1000,itemstocksubmodel-api-asset@BPNL00000003AYRE,0ef26eaf-3d7c-479a-9a01-d5fa6d5cdd8e,3a4aee10-1d26-4ebd-8761-82dd5be73606,1791481472311,1791481474911,1791481474911,1,
dc95deec-35be-4512-8e21-55c3fb637785,PROVIDER,1000,DigitalTwinRegistryId@BPNL00000003AYRE,83673ffd-c48c-429a-b6c6-7e8dac70b874,1a55349f-7c96-4bb0-be46-17947b4e5193,1791481473890,1791481476181,1791481476181,1,
305c7c60-4581-4158-91c4-d0f203acbf7a,PROVIDER,1000,itemstocksubmodel-api-asset@BPNL00000003AYRE,0ef26eaf-3d7c-479a-9a01-d5fa6d5cdd8e,1ace194b-201b-40ae-8164-a2fd0ad412b4,1791481475086,1791481477845,1791481477845,1,
0f34a978-df11-47f1-8fb0-9a4fff739554,PROVIDER,1000,DigitalTwinRegistryId@BPNL00000003AYRE,83673ffd-c48c-429a-b6c6-7e8dac70b874,3d99fa00-361f-47d0-83ad-6eeca09c6b95,1791481476360,1791481479069,1791481479069,1,
45362a12-5730-4cc5-9b90-a81331dd5af2,PROVIDER,1000,itemstocksubmodel-api-asset@BPNL00000003AYRE,0ef26eaf-3d7c-479a-9a01-d5fa6d5cdd8e,858978c5-5e03-47cf-ac75-a1c34575c489,1791481478591,1791481480374,1791481480374,1,
1788736d-ba85-49e1-9406-ade2afe49767,PROVIDER,1000,DigitalTwinRegistryId@BPNL00000003AYRE,83673ffd-c48c-429a-b6c6-7e8dac70b874,82411813-8d5c-4765-bbaa-bf4cbf5f19f5,1791481479773,1791481481670,1791481481670,1,
66350e28-a636-4d42-8e43-02a87efacab2,PROVIDER,1000,itemstocksubmodel-api-asset@BPNL00000003AYRE,0ef26eaf-3d7c-479a-9a01-d5fa6d5cdd8e,3ff76a45-b4b7-4a95-b7e8-31f970a3a387,1791481481029,1791481482809,1791481482809,1,
ec00dcf8-b31f-412e-87ac-cf25ba77b909,PROVIDER,1000,DigitalTwinRegistryId@BPNL00000003AYRE,83673ffd-c48c-429a-b6c6-7e8dac70b874,a1c3111b-a5fa-46da-9f88-dba3d609ae0b,1791481483316,1791481485180,1791481485180,1,
7296fe4a-232d-4a35-94b6-ecf4f98eee43,PROVIDER,1000,itemstocksubmodel-api-asset@BPNL00000003AYRE,0ef26eaf-3d7c-479a-9a01-d5fa6d5cdd8e,b23699cf-d7fa-48e4-843f-57f6d3a83363,1791481484460,1791481486300,1791481486300,1,
2758ee2a-6c69-42bc-a61b-163e62287e99,PROVIDER,1000,DigitalTwinRegistryId@BPNL00000003AYRE,83673ffd-c48c-429a-b6c6-7e8dac70b874,fb8b785d-cc97-4436-b581-e18b62ea6fa5,1791481486740,1791481489962,1791481489962,1,
767acc1d-d42a-4b5c-b5f6-c2a2f0606b47,PROVIDER,1000,itemstocksubmodel-api-asset@BPNL00000003AYRE,0ef26eaf-3d7c-479a-9a01-d5fa6d5cdd8e,0a6d88f6-2ccf-47e2-b492-386eee2414f3,1791481488885,1791481491295,1791481491295,1,
147a6705-60d0-46ca-8567-3ed79e18c0b0,PROVIDER,1000,DigitalTwinRegistryId@BPNL00000003AYRE,83673ffd-c48c-429a-b6c6-7e8dac70b874,aa497a91-ed92-4264-b906-95217d6a75cd,1791481490089,1791481492644,1791481492644,1,
14ffc1c0-d746-43a4-ae12-9b889c4a924d,PROVIDER,1000,itemstocksubmodel-api-asset@BPNL00000003AYRE,0ef26eaf-3d7c-479a-9a01-d5fa6d5cdd8e,0fbf5cc5-90d9-4105-b3cc-f25803a1ab79,1791481492286,1791481493881,1791481493881,1,
4bfbcc66-239d-4750-b761-bd787dfc9a1a,PROVIDER,1000,DigitalTwinRegistryId@BPNL00000003AYRE,83673ffd-c48c-429a-b6c6-7e8dac70b874,56974780-c10a-4df8-ac7e-2f5ae745a5a6,1791481493496,1791481495103,1791481495103,1,
c5c79086-502b-4087-97ff-1f974d54e5c2,PROVIDER,1000,itemstocksubmodel-api-asset@BPNL00000003AYRE,0ef26eaf-3d7c-479a-9a01-d5fa6d5cdd8e,0f9e31e7-dc15-4ddb-9558-a4eef4bcc3be,1791481494664,1791481496650,1791481496650,1,
9a30c9f7-3bb7-4442-992d-154a6d3100b3,PROVIDER,1000,DigitalTwinRegistryId@BPNL00000003AYRE,83673ffd-c48c-429a-b6c6-7e8dac70b874,229cf4a6-043d-4509-8fbc-57e1feac5b4d,1791481496030,1791481497977,1791481497977,1,
8ffeef69-bf13-4f13-abe7-06415bbfb729,PROVIDER,1000,itemstocksubmodel-api-asset@BPNL00000003AYRE,0ef26eaf-3d7c-479a-9a01-d5fa6d5cdd8e,03f97985-e2ac-43ea-95c4-45a9b169a1c6,1791481497236,1791481499070,1791481499070,1,
7687ca11-bc6f-43dc-be11-0a09e6cb8b27,PROVIDER,1000,DigitalTwinRegistryId@BPNL00000003AYRE,83673ffd-c48c-429a-b6c6-7e8dac70b874,d4f1835a-d910-41b2-a7eb-5d6dbba1cac5,1791481499397,1791481501463,1791481501463,1,
2eecd86c-0060-4e0b-b8bd-063033c846ef,PROVIDER,1000,itemstocksubmodel-api-asset@BPNL00000003AYRE,0ef26eaf-3d7c-479a-9a01-d5fa6d5cdd8e,e7669fbd-3926-4939-b584-9e190f7a98a6,1791481500565,1791481502554,1791481502554,1,
c60ca70d-b1ff-496f-9ca5-136e7008511f,PROVIDER,1000,DigitalTwinRegistryId@BPNL00000003AYRE,83673ffd-c48c-429a-b6c6-7e8dac70b874,85070c12-2a2c-4c6a-a8d2-e7f4ef7aa3ce,1791481503161,1791481504927,1791481504927,1,
966b58fd-9ffb-4e71-a671-3310f9d3dbdc,PROVIDER,1000,itemstocksubmodel-api-asset@BPNL00000003AYRE,0ef26eaf-3d7c-479a-9a01-d5fa6d5cdd8e,e4a10219-f693-41cd-a4d4-5f8e7960005b,1791481504359,1791481506192,1791481506192,1,
d1bda585-b642-49d1-ad5d-0dd7d657b686,PROVIDER,1000,DigitalTwinRegistryId@BPNL00000003AYRE,83673ffd-c48c-429a-b6c6-7e8dac70b874,273d7685-17b0-43e5-9bfb-9961d60de7fd,1791481506619,1791481509875,1791481509875,1,
5bb36216-bf37-4ed1-bf1e-96810a124a8c,PROVIDER,1000,itemstocksubmodel-api-asset@BPNL00000003AYRE,0ef26eaf-3d7c-479a-9a01-d5fa6d5cdd8e,e59d4fe5-9eb9-49eb-99df-fac1fb5c3321,1791481508801,1791481511229,1791481511229,1,
1dc8490f-c459-4a30-921e-9367964b57c2,PROVIDER,1000,DigitalTwinRegistryId@BPNL00000003AYRE,83673ffd-c48c-429a-b6c6-7e8dac70b874,92b90e76-2323-4d84-8e3b-f1211e61046e,1791481509963,1791481512491,1791481512491,1,
60fd337c-7bad-40d0-92c8-f0b0f399226e,PROVIDER,1000,itemstocksubmodel-api-asset@BPNL00000003AYRE,0ef26eaf-3d7c-479a-9a01-d5fa6d5cdd8e,dbc2e97b-80ad-41a6-b924-0f640871b991,1791481512141,1791481513718,1791481513718,1,
f917dad0-9e40-4d87-b342-faf691197a33,PROVIDER,1000,DigitalTwinRegistryId@BPNL00000003AYRE,83673ffd-c48c-429a-b6c6-7e8dac70b874,5c4778ae-76ff-457a-8781-e7b1e6139baf,1791481513306,1791481514955,1791481514955,1,
1ea73261-fa38-4ce2-a0a0-9d2ec7736158,PROVIDER,1000,itemstocksubmodel-api-asset@BPNL00000003AYRE,0ef26eaf-3d7c-479a-9a01-d5fa6d5cdd8e,568a6eef-6735-4c60-aa6b-ebeb123be3b1,1791481514450,1791481516054,1791481516054,1,
1af4094d-5750-4210-9bef-3dd84bffd331,PROVIDER,1000,DigitalTwinRegistryId@BPNL00000003AYRE,83673ffd-c48c-429a-b6c6-7e8dac70b874,75108f63-ad19-41a6-aa07-7ebfcfb9d7ba,1791481516626,1791481519879,1791481519879,1,
be79068a-2dc6-4971-ac0d-7af20bc6ef5a,PROVIDER,1000,itemstocksubmodel-api-asset@BPNL00000003AYRE,0ef26eaf-3d7c-479a-9a01-d5fa6d5cdd8e,e38b5007-c90a-4f3e-8447-fb643678aa2f,1791481518783,1791481521157,1791481521157,1,
fca89248-5c03-4418-8734-c963b4de30c5,PROVIDER,1000,DigitalTwinRegistryId@BPNL00000003AYRE,83673ffd-c48c-429a-b6c6-7e8dac70b874,7304ee9e-4f00-41ba-8922-328212757e7e,1791481519977,1791481523413,1791481523413,1,
ab84d447-374f-44ce-8398-501a04dbead4,PROVIDER,1000,itemstocksubmodel-api-asset@BPNL00000003AYRE,0ef26eaf-3d7c-479a-9a01-d5fa6d5cdd8e,0670e23d-6886-448f-84fd-666f8058292c,1791481522231,1791481524914,1791481524914,1,
a58260ba-0207-4114-a4be-8aea7ccf778b,PROVIDER,1000,DigitalTwinRegistryId@BPNL00000003AYRE,83673ffd-c48c-429a-b6c6-7e8dac70b874,bbe83b65-39a6-4b71-88ac-897db3804cbe,1791481523363,1791481524923,1791481524923,1,
6db6869e-0448-44ae-995d-0c2dc4d5b53a,PROVIDER,1000,itemstocksubmodel-api-asset@BPNL00000003AYRE,0ef26eaf-3d7c-479a-9a01-d5fa6d5cdd8e,db765dba-55b9-409b-8ee2-a305b01b566c,1791481524573,1791481526055,1791481526055,1,
becd3b68-1c4b-4805-8449-73060c7899ad,PROVIDER,1000,DigitalTwinRegistryId@BPNL00000003AYRE,83673ffd-c48c-429a-b6c6-7e8dac70b874,bda996bc-c574-4299-9e33-58f9893f8a92,1791481526859,1791481528866,1791481528866,1,
5afc01a7-7b9a-4465-aa1b-03e76cb8da5f,PROVIDER,1000,itemstocksubmodel-api-asset@BPNL00000003AYRE,0ef26eaf-3d7c-479a-9a01-d5fa6d5cdd8e,dbc1ace6-3457-46be-8ec1-c3e4e00e8271,1791481527972,1791481529964,1791481529964,1,
a071e6e4-1154-4d06-aff4-08bffd4c7877,PROVIDER,1000,DigitalTwinRegistryId@BPNL00000003AYRE,83673ffd-c48c-429a-b6c6-7e8dac70b874,b232b8e4-91e7-4ef2-a8bb-12a7bda31df1,1791481530267,1791481532354,1791481532354,1,
2bee1026-281e-4a87-986e-a9349a4014e5,PROVIDER,1000,itemstocksubmodel-api-asset@BPNL00000003AYRE,0ef26eaf-3d7c-479a-9a01-d5fa6d5cdd8e,50e5ce41-fc77-44ac-8631-e5a26c756e64,1791481531436,1791481533620,1791481533620,1,
c5a9173d-9891-4257-9384-4ea652348254,PROVIDER,1000,DigitalTwinRegistryId@BPNL00000003AYRE,83673ffd-c48c-429a-b6c6-7e8dac70b874,6cc0db13-ca9a-4c76-a536-558debbe604a,1791481532892,1791481534885,1791481534885,1,
4057474e-955c-4103-acac-b72d8dc47243,PROVIDER,1000,itemstocksubmodel-api-asset@BPNL00000003AYRE,0ef26eaf-3d7c-479a-9a01-d5fa6d5cdd8e,97b2f9fe-7015-4cf8-a89f-3c1c92114c4d,1791481534068,1791481536174,1791481536174,1,
205b2a45-2243-4184-b7f5-81318c828c50,PROVIDER,1000,DigitalTwinRegistryId@BPNL00000003AYRE,83673ffd-c48c-429a-b6c6-7e8dac70b874,bde0037f-bb5c-480c-93c0-51853ef7465b,1791481536338,1791481538952,1791481538952,1,
3ea51f04-bd5c-477f-84fd-b9a87c2c5a41,PROVIDER,1000,itemstocksubmodel-api-asset@BPNL00000003AYRE,0ef26eaf-3d7c-479a-9a01-d5fa6d5cdd8e,c53f313e-d61c-4a5d-8d68-f09475c90798,1791481538506,1791481540222,1791481540222,1,
3cb46e4e-9419-4c9f-a29a-7d61f5e8f28f,PROVIDER,1000,DigitalTwinRegistryId@BPNL00000003AYRE,83673ffd-c48c-429a-b6c6-7e8dac70b874,8d3bf18a-b120-4c0a-8b4a-9de7d9d1016e,1791481539734,1791481541476,1791481541476,1,
f696b514-72ef-42b7-bd5b-a9c73e6f1d92,PROVIDER,1000,itemstocksubmodel-api-asset@BPNL00000003AYRE,0ef26eaf-3d7c-479a-9a01-d5fa6d5cdd8e,c9e6ce03-130d-4956-acfd-46ed176110b9,1791481540881,1791481542587,1791481542587,1,
5b802b51-8e59-4ee9-ac35-4fbfe1d86725,PROVIDER,1000,DigitalTwinRegistryId@BPNL00000003AYRE,83673ffd-c48c-429a-b6c6-7e8dac70b874,b479b951-6840-42ca-b8e5-782ffaeae3c1,1791481543130,1791481545091,1791481545091,1,
90bde705-4b44-4c33-8d05-c431f8bcc320,PROVIDER,1000,itemstocksubmodel-api-asset@BPNL00000003AYRE,0ef26eaf-3d7c-479a-9a01-d5fa6d5cdd8e,c7174a6c-f6eb-4649-a68b-522692d65d0d,1791481544353,1791481546233,1791481546233,1,
12915396-1347-4789-acc6-59183950f29b,PROVIDER,1000,DigitalTwinRegistryId@BPNL00000003AYRE,83673ffd-c48c-429a-b6c6-7e8dac70b874,49ff7683-1f9f-499a-8903-87318f968685,1791481546531,1791481549081,1791481549081,1,
1cd11389-2acb-4774-a999-10b732e2f245,PROVIDER,1000,itemstocksubmodel-api-asset@BPNL00000003AYRE,0ef26eaf-3d7c-479a-9a01-d5fa6d5cdd8e,37eb0ade-6185-48e8-af41-a12bdf5a9331,1791481548671,1791481550368,1791481550368,1,
fba184e0-fc53-4d43-b09e-4845e0e2b4e9,PROVIDER,1000,DigitalTwinRegistryId@BPNL00000003AYRE,83673ffd-c48c-429a-b6c6-7e8dac70b874,c4657833-2941-4e7a-b140-da6fed7241f0,1791481549792,1791481551658,1791481551658,1,
47bf2b05-44d0-445e-bf37-04ee8152a0c6,PROVIDER,1000,itemstocksubmodel-api-asset@BPNL00000003AYRE,0ef26eaf-3d7c-479a-9a01-d5fa6d5cdd8e,a41186e5-effd-47db-bb9d-27251f9795a6,1791481551028,1791481552760,1791481552760,1,
f024db0e-d2ea-4c92-9480-1a7cf1a9f9a0,PROVIDER,1000,DigitalTwinRegistryId@BPNL00000003AYRE,83673ffd-c48c-429a-b6c6-7e8dac70b874,4e73c336-f7fb-4245-8c2a-9565cbb84236,1791481553333,1791481555151,1791481555151,1,
e9eaaece-005a-488d-8ce8-4cd78495988b,PROVIDER,1000,itemstocksubmodel-api-asset@BPNL00000003AYRE,0ef26eaf-3d7c-479a-9a01-d5fa6d5cdd8e,af403bed-e8c7-4dc7-918e-3514878df1df,1791481554462,1791481556250,1791481556250,1,
354ba79a-d19b-4c25-9113-d8b6ee607e93,PROVIDER,1000,DigitalTwinRegistryId@BPNL00000003AYRE,83673ffd-c48c-429a-b6c6-7e8dac70b874,129fe8ba-ccb0-42f5-bcc9-df27e932dbfe,1791481556720,1791481560084,1791481560084,1,
f166b64c-d6f5-4ec6-8aa4-607d35ed6de7,PROVIDER,1000,itemstocksubmodel-api-asset@BPNL00000003AYRE,0ef26eaf-3d7c-479a-9a01-d5fa6d5cdd8e,4c84d87f-df35-4dc0-89dc-7aa777ed56ac,1791481558892,1791481561931,1791481561931,1,
770b07ba-885f-46fd-aff5-80479f9111a3,PROVIDER,1000,DigitalTwinRegistryId@BPNL00000003AYRE,83673ffd-c48c-429a-b6c6-7e8dac70b874,ae9ef7fb-d043-407a-b5ce-742f13a9a21b,1791481560140,1791481563173,1791481563173,1,
1cf5ae9d-c1c5-4867-90dc-876f67869db3,PROVIDER,1000,itemstocksubmodel-api-asset@BPNL00000003AYRE,0ef26eaf-3d7c-479a-9a01-d5fa6d5cdd8e,c43762a0-16b5-4da4-9311-cacf9b7a5291,1791481562462,1791481565834,1791481565834,1,
8a08ec1c-c170-4ffe-b77f-1fda717cf076,PROVIDER,1000,DigitalTwinRegistryId@BPNL00000003AYRE,83673ffd-c48c-429a-b6c6-7e8dac70b874,73ca664b-dcda-4856-b99d-7015c8fd55f9,1791481563090,1791481565844,1791481565844,1,
7d8002d0-98c1-42fb-8da6-0cc021dbb401,PROVIDER,1000,itemstocksubmodel-api-asset@BPNL00000003AYRE,0ef26eaf-3d7c-479a-9a01-d5fa6d5cdd8e,8acb938d-443f-48a2-b584-30a186d7517c,1791481564435,1791481567765,1791481567765,1,
be1d1fb6-f5a8-45e1-a52d-159c2d92d969,PROVIDER,1000,DigitalTwinRegistryId@BPNL00000003AYRE,83673ffd-c48c-429a-b6c6-7e8dac70b874,ca4a75b7-acda-45a5-aa7c-f27c2556e166,1791481566682,1791481570143,1791481570143,1,
a6c34042-0ccc-4b86-987d-a986e579926e,PROVIDER,1000,itemstocksubmodel-api-asset@BPNL00000003AYRE,0ef26eaf-3d7c-479a-9a01-d5fa6d5cdd8e,3d6c9a3e-404c-4245-96dd-b5260fc41b38,1791481568893,1791481570436,1791481570436,1,
19e9c7ca-5518-4b75-b8f6-e41c31567863,PROVIDER,1000,DigitalTwinRegistryId@BPNL00000003AYRE,83673ffd-c48c-429a-b6c6-7e8dac70b874,da60d63d-1ce4-44a2-a573-641204307d4c,1791481570111,1791481572784,1791481572784,1,
26de413a-b971-4e95-9374-0bfc70c70609,PROVIDER,1000,itemstocksubmodel-api-asset@BPNL00000003AYRE,0ef26eaf-3d7c-479a-9a01-d5fa6d5cdd8e,c94cee66-72ea-4355-8ecb-47c509eda426,1791481571530,1791481574065,1791481574065,1,
6349ec02-4658-4ff9-903a-3b295b2cdbea,PROVIDER,1000,DigitalTwinRegistryId@BPNL00000003AYRE,83673ffd-c48c-429a-b6c6-7e8dac70b874,e784dbe4-ccf6-42c0-9954-87814691363d,1791481573069,1791481575468,1791481575468,1,
87dcf681-0035-40ea-86f8-044173abc2d9,PROVIDER,1000,itemstocksubmodel-api-asset@BPNL00000003AYRE,0ef26eaf-3d7c-479a-9a01-d5fa6d5cdd8e,4e4b6c4a-b5fe-4a1b-bfc2-210b126cf142,1791481574276,1791481576745,1791481576745,1,
6d590c8e-d0d6-4783-b131-363bae997d25,PROVIDER,1000,DigitalTwinRegistryId@BPNL00000003AYRE,83673ffd-c48c-429a-b6c6-7e8dac70b874,01a38392-b54c-46e5-a48b-821219e0af83,1791481576491,1791481578017,1791481578017,1,
9a908c49-c7c4-4add-9331-021029d66a0b,PROVIDER,1000,itemstocksubmodel-api-asset@BPNL00000003AYRE,0ef26eaf-3d7c-479a-9a01-d5fa6d5cdd8e,caa57ccb-ff3c-4c9d-af15-d05ce850fadb,1791481577734,1791481579134,1791481579134,1,
c44330ed-816c-4ea5-bd9d-6589cd24440c,PROVIDER,1000,DigitalTwinRegistryId@BPNL00000003AYRE,83673ffd-c48c-429a-b6c6-7e8dac70b874,3526c115-7748-406f-8b64-9a1e8853b92a,1791481579937,1791481581616,1791481581616,1,
a129c783-1007-4ce4-8aa4-28835f9b6115,PROVIDER,1000,itemstocksubmodel-api-asset@BPNL00000003AYRE,0ef26eaf-3d7c-479a-9a01-d5fa6d5cdd8e,51b6bb22-eec8-45a1-9c9e-9787948e1aae,1791481581130,1791481582717,1791481582717,1,
6a236ff2-3ea9-48ec-b8c5-29cfdbcf0c29,PROVIDER,1000,DigitalTwinRegistryId@BPNL00000003AYRE,83673ffd-c48c-429a-b6c6-7e8dac70b874,e187c9f1-9246-4ef3-b1f5-7b696b17c267,1791481583328,1791481585237,1791481585237,1,
2a6d430e-ae61-4a2f-bbf2-b89c504b09cc,PROVIDER,1000,itemstocksubmodel-api-asset@BPNL00000003AYRE,0ef26eaf-3d7c-479a-9a01-d5fa6d5cdd8e,2564fb27-b1b4-425c-a051-9fbf339a72a1,1791481584471,1791481586330,1791481586330,1,
58edb4fd-f91f-454d-9146-e7ec66d1ed6e,PROVIDER,1000,DigitalTwinRegistryId@BPNL00000003AYRE,83673ffd-c48c-429a-b6c6-7e8dac70b874,2b6b21a9-8cf9-471b-8cbf-455a9d61bfb2,1791481586661,1791481588832,1791481588832,1,
148e4ef4-b437-4ec4-b0ec-725b2a09c047,PROVIDER,1000,itemstocksubmodel-api-asset@BPNL00000003AYRE,0ef26eaf-3d7c-479a-9a01-d5fa6d5cdd8e,0cb550f5-484d-47b9-9385-e102144adc9a,1791481587805,1791481589960,1791481589960,1,
4b7ea9c3-c4ad-4c65-9efe-863a907e85a6,PROVIDER,1000,DigitalTwinRegistryId@BPNL00000003AYRE,83673ffd-c48c-429a-b6c6-7e8dac70b874,1cbe041d-1483-490a-aedb-e8786831d25b,1791481590034,1791481592439,1791481592439,1,
39fbb47d-1e65-42a1-a578-6f6be4d49d07,PROVIDER,1000,itemstocksubmodel-api-asset@BPNL00000003AYRE,0ef26eaf-3d7c-479a-9a01-d5fa6d5cdd8e,720f9fc8-a7fa-4d96-ba3c-ef23ed7dc679,1791481592125,1791481593753,1791481593753,1,
d2b85974-c349-450a-afe6-e21fb862c45e,PROVIDER,1000,DigitalTwinRegistryId@BPNL00000003AYRE,83673ffd-c48c-429a-b6c6-7e8dac70b874,9c071c54-5999-4cc4-b9bc-1e4278f5ed92,1791481593379,1791481595090,1791481595090,1,
d3430e23-7fbf-4b80-8a2e-710036c05f82,PROVIDER,1000,itemstocksubmodel-api-asset@BPNL00000003AYRE,0ef26eaf-3d7c-479a-9a01-d5fa6d5cdd8e,4d5cbb3a-3775-45d4-9acb-1fc25e4e54f6,1791481594520,1791481596204,1791481596204,1,
2cc1d516-8ad3-4493-a657-2c7f93494d4e,PROVIDER,1000,DigitalTwinRegistryId@BPNL00000003AYRE,83673ffd-c48c-429a-b6c6-7e8dac70b874,ad5e5a74-9e66-4b8e-8fbc-5675e590f9b5,1791481596778,1791481598961,1791481598961,1,
634e3ba0-ebfd-405e-a0ce-6611935a61e2,PROVIDER,1000,itemstocksubmodel-api-asset@BPNL00000003AYRE,0ef26eaf-3d7c-479a-9a01-d5fa6d5cdd8e,50234f5e-3d2e-4140-adfd-24752a136884,1791481597991,1791481600056,1791481600056,1,
79b8865c-15a8-4b25-9d5d-d2eaaf5547c4,PROVIDER,1000,DigitalTwinRegistryId@BPNL00000003AYRE,83673ffd-c48c-429a-b6c6-7e8dac70b874,692760b8-12e1-4811-b0e2-1f0f969ad4ef,1791481600189,1791481603602,1791481603602,1,
6de8c818-0f7f-4869-8561-cfb4e302cdac,PROVIDER,1000,itemstocksubmodel-api-asset@BPNL00000003AYRE,0ef26eaf-3d7c-479a-9a01-d5fa6d5cdd8e,a471169e-c21c-4a40-8f75-8b40c5484f53,1791481602528,1791481604903,1791481604903,1,
5f450c99-4e2d-427d-b374-64e4d30ce06f,PROVIDER,1000,DigitalTwinRegistryId@BPNL00000003AYRE,83673ffd-c48c-429a-b6c6-7e8dac70b874,be4151fa-0dfe-49dc-9e76-f1172ddba37f,1791481603177,1791481604894,1791481604894,1,
1774a9cd-1c99-45b6-827c-6384238d7656,PROVIDER,1000,itemstocksubmodel-api-asset@BPNL00000003AYRE,0ef26eaf-3d7c-479a-9a01-d5fa6d5cdd8e,8e05f096-9b6c-4d9c-8ea2-f00e654391c2,1791481604408,1791481606012,1791481606012,1,
31991732-d803-41fa-9142-a61caadde97d,PROVIDER,1000,DigitalTwinRegistryId@BPNL00000003AYRE,83673ffd-c48c-429a-b6c6-7e8dac70b874,f5a90d57-d014-418a-9998-455f37e82864,1791481606614,1791481608964,1791481608964,1,
186edee8-eead-4365-967b-e06d7c21e81f,PROVIDER,1000,itemstocksubmodel-api-asset@BPNL00000003AYRE,0ef26eaf-3d7c-479a-9a01-d5fa6d5cdd8e,af80a0f7-4f79-4853-be59-1b2ed817397f,1791481607772,1791481611355,1791481611355,1,
72ee426b-7907-4a1b-a5b4-c27cf62feb86,PROVIDER,1000,DigitalTwinRegistryId@BPNL00000003AYRE,83673ffd-c48c-429a-b6c6-7e8dac70b874,0a57102d-1de2-4d4e-88e4-cb4165bffbf4,1791481609993,1791481612611,1791481612611,1,
97d134f5-e6fd-46cd-a35a-71dc697a31dd,PROVIDER,1000,itemstocksubmodel-api-asset@BPNL00000003AYRE,0ef26eaf-3d7c-479a-9a01-d5fa6d5cdd8e,a56cce0a-da97-4fcc-912c-d07fc0a5b0e8,1791481612231,1791481613896,1791481613896,1,
803111c8-0846-43d4-a268-b8077844d3d4,PROVIDER,1000,DigitalTwinRegistryId@BPNL00000003AYRE,83673ffd-c48c-429a-b6c6-7e8dac70b874,1a002513-68e0-4f7d-815c-fee58d461490,1791481613349,1791481615255,1791481615255,1,
0758928e-4623-45ad-bab6-21cb154c917a,PROVIDER,1000,itemstocksubmodel-api-asset@BPNL00000003AYRE,0ef26eaf-3d7c-479a-9a01-d5fa6d5cdd8e,5d1184ae-83b3-4d0e-a6cb-310961c91070,1791481614465,1791481616520,1791481616520,1,
d92cb963-6dd8-46d1-9c1e-9ffeaf99758b,PROVIDER,1000,DigitalTwinRegistryId@BPNL00000003AYRE,83673ffd-c48c-429a-b6c6-7e8dac70b874,0aa374a4-6a61-4d5b-9093-cce84597757e,1791481616662,1791481619993,1791481619993,1,
4664c6c6-e5f4-43c9-92bd-4fb28f7755af,PROVIDER,1000,itemstocksubmodel-api-asset@BPNL00000003AYRE,0ef26eaf-3d7c-479a-9a01-d5fa6d5cdd8e,48c831d3-7b3b-4242-9031-9429fd091ac9,1791481618799,1791481621417,1791481621417,1,
c0cfd7b3-ed9c-4280-bc01-946ef8cd98d3,PROVIDER,1000,DigitalTwinRegistryId@BPNL00000003AYRE,83673ffd-c48c-429a-b6c6-7e8dac70b874,bcfb083a-c860-4bc6-80ce-b8cfcbbdeac3,1791481620036,1791481622607,1791481622607,1,
e0451097-f745-4adb-8ba7-73c4c77590e8,PROVIDER,1000,itemstocksubmodel-api-asset@BPNL00000003AYRE,0ef26eaf-3d7c-479a-9a01-d5fa6d5cdd8e,a2661311-4f78-4fe8-b61e-956d613288bd,1791481622205,1791481623852,1791481623852,1,
33dc8814-480d-4c92-96d3-f14bf928bdad,PROVIDER,1000,DigitalTwinRegistryId@BPNL00000003AYRE,83673ffd-c48c-429a-b6c6-7e8dac70b874,39ee9b6a-156b-46a7-8ced-e47caed77082,1791481623407,1791481625083,1791481625083,1,
fed3fcaf-e97b-4d69-b8ef-7129742bfb0a,PROVIDER,1000,itemstocksubmodel-api-asset@BPNL00000003AYRE,0ef26eaf-3d7c-479a-9a01-d5fa6d5cdd8e,5b990228-6899-4ccc-b70b-e3747273f914,1791481624593,1791481626221,1791481626221,1,
b2dbfdff-397d-4ded-b1ad-a0d2a2d43ddf,PROVIDER,1000,DigitalTwinRegistryId@BPNL00000003AYRE,83673ffd-c48c-429a-b6c6-7e8dac70b874,30b50abe-fe1f-4642-9cd9-f9f37665a2b4,1791481626777,1791481630039,1791481630039,1,
5d1c5ccd-c9cd-4a99-8603-e39ff2ca5518,PROVIDER,1000,itemstocksubmodel-api-asset@BPNL00000003AYRE,0ef26eaf-3d7c-479a-9a01-d5fa6d5cdd8e,3c17ce5c-d8f4-4f69-af43-2dd694cb9a9a,1791481628896,1791481631323,1791481631323,1,
fb2f3832-1a81-4e19-b461-5796bc134a55,PROVIDER,1000,DigitalTwinRegistryId@BPNL00000003AYRE,83673ffd-c48c-429a-b6c6-7e8dac70b874,fafd93f3-a16c-4925-bdb3-3c061f4e23b0,1791481630104,1791481633666,1791481633666,1,
bf7fc6d1-2e5a-460a-a7f8-4358dcb0a090,PROVIDER,1000,itemstocksubmodel-api-asset@BPNL00000003AYRE,0ef26eaf-3d7c-479a-9a01-d5fa6d5cdd8e,3423c72e-0d91-46bc-8cb3-524e9c109577,1791481632441,1791481635060,1791481635060,1,
82e582d2-02a9-4134-bbc6-bd69700f78e0,PROVIDER,1000,DigitalTwinRegistryId@BPNL00000003AYRE,83673ffd-c48c-429a-b6c6-7e8dac70b874,feb25ea3-3f22-4226-85e4-3410b55f200c,1791481633006,1791481635071,1791481635071,1,
ef7e474c-8992-4e9b-8dae-bd5385def3be,PROVIDER,1000,itemstocksubmodel-api-asset@BPNL00000003AYRE,0ef26eaf-3d7c-479a-9a01-d5fa6d5cdd8e,dfdc1de9-67fc-42bb-b955-13a38ef9afbc,1791481634181,1791481636189,1791481636189,1,
8b9757a4-01ff-488e-95e8-b7f8b6f7ec60,PROVIDER,1000,DigitalTwinRegistryId@BPNL00000003AYRE,83673ffd-c48c-429a-b6c6-7e8dac70b874,07b7e8cc-3374-422e-9867-5aa5ca649f06,1791481636563,1791481639143,1791481639143,1,
19c3ad6d-6c74-4ff2-ab3c-61189880b303,PROVIDER,1000,itemstocksubmodel-api-asset@BPNL00000003AYRE,0ef26eaf-3d7c-479a-9a01-d5fa6d5cdd8e,d8e751c9-831a-4499-8ea5-630efe1509ab,1791481638677,1791481640381,1791481640381,1,
164c7317-f39f-4392-ba39-04443e6c2a39,PROVIDER,1000,DigitalTwinRegistryId@BPNL00000003AYRE,83673ffd-c48c-429a-b6c6-7e8dac70b874,017070fa-a3b9-4143-927b-ff44a196d0d5,1791481639824,1791481641713,1791481641713,1,
64d8506b-2341-4d67-8de0-d460aa710426,PROVIDER,1000,itemstocksubmodel-api-asset@BPNL00000003AYRE,0ef26eaf-3d7c-479a-9a01-d5fa6d5cdd8e,8d082e8a-a5b0-44a1-be5e-64f5c552dc13,1791481641133,1791481642827,1791481642827,1,
44acdc04-4bb6-42db-be36-00eb16733224,PROVIDER,1000,DigitalTwinRegistryId@BPNL00000003AYRE,83673ffd-c48c-429a-b6c6-7e8dac70b874,63342bc5-2394-4b4d-a967-0e2fb519d7a7,1791481643390,1791481645184,1791481645184,1,
e088ea47-8930-47e0-bb6d-6f6efd8fdf81,PROVIDER,1000,itemstocksubmodel-api-asset@BPNL00000003AYRE,0ef26eaf-3d7c-479a-9a01-d5fa6d5cdd8e,9182aeba-4cfe-47e1-87c0-1335fa1a2e09,1791481644563,1791481646305,1791481646305,1,
59ad8c2e-d7a7-4c44-b933-77f816047d59,PROVIDER,1000,DigitalTwinRegistryId@BPNL00000003AYRE,83673ffd-c48c-429a-b6c6-7e8dac70b874,b7cf937f-2369-4df2-bff9-8f5b0cb18571,1791481646787,1791481650039,1791481650039,1,
52ccf12b-0663-44a3-b352-f6a4bf20ee17,PROVIDER,1000,itemstocksubmodel-api-asset@BPNL00000003AYRE,0ef26eaf-3d7c-479a-9a01-d5fa6d5cdd8e,f258f7ee-778f-4051-8911-a0b6ae76bd4a,1791481648926,1791481651434,1791481651434,1,
b7cd123d-ae0c-4a5b-8c6a-42ed8b69fbe0,PROVIDER,1000,DigitalTwinRegistryId@BPNL00000003AYRE,83673ffd-c48c-429a-b6c6-7e8dac70b874,e70e54f8-dc55-498d-a81f-3bb748ace27e,1791481650135,1791481652701,1791481652701,1,
c2af4a3d-bd3e-4902-af94-fb1876793fb1,PROVIDER,1000,itemstocksubmodel-api-asset@BPNL00000003AYRE,0ef26eaf-3d7c-479a-9a01-d5fa6d5cdd8e,461c755f-f0e5-4a7c-b915-d57e6e335c9c,1791481652284,1791481653927,1791481653927,1,
aeb3c770-0440-427b-a727-be3e67876618,PROVIDER,1000,DigitalTwinRegistryId@BPNL00000003AYRE,83673ffd-c48c-429a-b6c6-7e8dac70b874,8dfe2da9-e283-4eb5-aa1b-a47c971791d5,1791481653586,1791481655167,1791481655167,1,
157847d0-c04c-4477-b964-16ce52266ee9,PROVIDER,1000,itemstocksubmodel-api-asset@BPNL00000003AYRE,0ef26eaf-3d7c-479a-9a01-d5fa6d5cdd8e,236ce839-7819-4147-8728-f399f0aec543,1791481654782,1791481656452,1791481656452,1,
48d4ecc6-5670-4aa4-b9f2-bbbdc80ed4df,PROVIDER,1000,DigitalTwinRegistryId@BPNL00000003AYRE,83673ffd-c48c-429a-b6c6-7e8dac70b874,8bb39e4d-679f-4eef-aa3f-c6cdde90151c,1791481656034,1791481657758,1791481657758,1,
185c8a86-4b77-4f6d-8030-848e1abdacfa,PROVIDER,1000,itemstocksubmodel-api-asset@BPNL00000003AYRE,0ef26eaf-3d7c-479a-9a01-d5fa6d5cdd8e,d717f1e0-ff82-4d0e-89e4-47362f816f12,1791481657140,1791481660113,1791481660113,1,
28fae713-4390-4a14-9fca-defcfa18bc27,PROVIDER,1000,DigitalTwinRegistryId@BPNL00000003AYRE,83673ffd-c48c-429a-b6c6-7e8dac70b874,7772cd0f-dd58-4d3f-aaa1-2058c8933512,1791481659365,1791481661406,1791481661406,1,
3f545008-9de5-4db7-8898-f66f2e03fa13,PROVIDER,1000,itemstocksubmodel-api-asset@BPNL00000003AYRE,0ef26eaf-3d7c-479a-9a01-d5fa6d5cdd8e,c9d04d39-9024-4271-8916-2af312ca8a65,1791481660537,1791481662535,1791481662535,1,
d3e06e49-9702-4957-a341-4f2710b5cca7,PROVIDER,1000,DigitalTwinRegistryId@BPNL00000003AYRE,83673ffd-c48c-429a-b6c6-7e8dac70b874,a85341df-98c2-49c1-99ba-0f1363fed23a,1791481663092,1791481665223,1791481665223,1,
6a08a9a6-81c8-46fd-bdd2-ba88c5cd9451,PROVIDER,1000,DigitalTwinRegistryId@BPNL00000003AYRE,83673ffd-c48c-429a-b6c6-7e8dac70b874,5b178549-f9dd-44ba-b879-4b688d3dc6c2,1791481663101,1791481666631,1791481666631,1,
60f04570-7566-442d-a552-cdd750242197,PROVIDER,1000,itemstocksubmodel-api-asset@BPNL00000003AYRE,0ef26eaf-3d7c-479a-9a01-d5fa6d5cdd8e,b9122014-890e-4763-b2c7-bd165689e439,1791481664277,1791481666641,1791481666641,1,
5edd9ceb-3463-4117-bd9e-4ebc6c2d467e,PROVIDER,1000,itemstocksubmodel-api-asset@BPNL00000003AYRE,0ef26eaf-3d7c-479a-9a01-d5fa6d5cdd8e,49aa4901-677a-4ce3-b107-85c328bce048,1791481665512,1791481667758,1791481667758,1,
554f2532-79ac-4ecc-8354-d7928d627dbe,PROVIDER,1000,DigitalTwinRegistryId@BPNL00000003AYRE,83673ffd-c48c-429a-b6c6-7e8dac70b874,ae08fcd7-597a-49ed-a1d9-f4fb07d21398,1791481665526,1791481669115,1791481669115,1,
131bfe87-c209-4a68-b503-f3d6aa2dea05,PROVIDER,1000,itemstocksubmodel-api-asset@BPNL00000003AYRE,0ef26eaf-3d7c-479a-9a01-d5fa6d5cdd8e,94492d11-17a5-4854-8f6c-97aa71c12fb8,1791481667814,1791481670457,1791481670457,1,
8656194a-e158-4223-8e75-78c6fccfb469,PROVIDER,1000,DigitalTwinRegistryId@BPNL00000003AYRE,83673ffd-c48c-429a-b6c6-7e8dac70b874,ab0fe452-cb06-41e8-9f69-f0c375b2efbb,1791481667825,1791481670465,1791481670465,1,
7b2549cc-060a-4de9-a2c3-d9b5f9d60cc9,PROVIDER,1000,itemstocksubmodel-api-asset@BPNL00000003AYRE,0ef26eaf-3d7c-479a-9a01-d5fa6d5cdd8e,0879d2ad-d125-4e38-957d-13ab7ae6db5a,1791481669992,1791481673188,1791481673188,1,
0edeca02-5761-443f-92a8-732c9805a04a,PROVIDER,1000,DigitalTwinRegistryId@BPNL00000003AYRE,83673ffd-c48c-429a-b6c6-7e8dac70b874,b912e825-d353-450b-bac9-931cce211f76,1791481670422,1791481673215,1791481673215,1,
2f415581-575b-4091-9373-a0e42ee28c5c,PROVIDER,1000,itemstocksubmodel-api-asset@BPNL00000003AYRE,0ef26eaf-3d7c-479a-9a01-d5fa6d5cdd8e,db5c6da8-73df-4024-a4f8-a279867c412e,1791481671900,1791481674447,1791481674447,1,
6a43a9c6-9992-4cc6-9367-f320b85ac2fd,PROVIDER,1000,DigitalTwinRegistryId@BPNL00000003AYRE,83673ffd-c48c-429a-b6c6-7e8dac70b874,f32272aa-3d64-4f0f-8b70-a838a7148898,1791481673238,1791481676445,1791481676445,1,
0588523f-6d36-4d75-8f5f-b414cb4d651a,PROVIDER,1000,itemstocksubmodel-api-asset@BPNL00000003AYRE,0ef26eaf-3d7c-479a-9a01-d5fa6d5cdd8e,e19442f6-aadf-443e-a912-5a715fcd3677,1791481675413,1791481677652,1791481677652,1,
fa15807b-c8cf-4a13-8980-1fa9063158a6,PROVIDER,1000,DigitalTwinRegistryId@BPNL00000003AYRE,83673ffd-c48c-429a-b6c6-7e8dac70b874,33b26a4a-519a-45ae-8d19-0be259feb80c,1791481675430,1791481678989,1791481678989,1,
b0f2bac7-b675-43bf-a2fe-450743f4e22e,PROVIDER,1000,itemstocksubmodel-api-asset@BPNL00000003AYRE,0ef26eaf-3d7c-479a-9a01-d5fa6d5cdd8e,f0a17198-cf4d-43b7-a763-420a36fd753b,1791481677749,1791481680512,1791481680512,1,
94c5a7df-2269-4263-bde0-ed2b9b0932ee,PROVIDER,1000,DigitalTwinRegistryId@BPNL00000003AYRE,83673ffd-c48c-429a-b6c6-7e8dac70b874,d82776f7-2954-40c8-956d-ae0703273975,1791481677841,1791481680521,1791481680521,1,
90c15940-0905-4497-a8f2-5310a3adc6de,PROVIDER,1000,itemstocksubmodel-api-asset@BPNL00000003AYRE,0ef26eaf-3d7c-479a-9a01-d5fa6d5cdd8e,3f68b22b-76a5-4344-97d5-018bd1e4ac5e,1791481679980,1791481680738,1791481680738,1,
3cb6e61a-b72b-4c64-b9c9-d2285640e6e1,PROVIDER,1000,DigitalTwinRegistryId@BPNL00000003AYRE,83673ffd-c48c-429a-b6c6-7e8dac70b874,f12e092b-8278-4f20-a60d-b9fade4960e8,1791481680303,1791481683069,1791481683069,1,
3052fc12-4c3e-4e48-afb4-5fc3cbeb8100,PROVIDER,1000,itemstocksubmodel-api-asset@BPNL00000003AYRE,0ef26eaf-3d7c-479a-9a01-d5fa6d5cdd8e,47d4593f-033b-478d-a69b-62a4c61d9da2,1791481681862,1791481684347,1791481684347,1,
47aca41c-309b-413c-b6aa-f3f2b8b039d5,PROVIDER,1000,DigitalTwinRegistryId@BPNL00000003AYRE,83673ffd-c48c-429a-b6c6-7e8dac70b874,ce4378f4-fbdc-4dca-9a81-05c0712252ee,1791481683134,1791481686803,1791481686803,1,
0e36413c-e280-48ac-af37-286d5939af6a,PROVIDER,1000,itemstocksubmodel-api-asset@BPNL00000003AYRE,0ef26eaf-3d7c-479a-9a01-d5fa6d5cdd8e,9385c5b8-d820-4f16-8aa6-639301c9a8a4,1791481685417,1791481688396,1791481688396,1,
748f08d1-94c9-45c6-bb51-d0651522efbe,PROVIDER,1000,DigitalTwinRegistryId@BPNL00000003AYRE,83673ffd-c48c-429a-b6c6-7e8dac70b874,5f792611-64d8-42c4-9403-581ced2b62cf,1791481685427,1791481688407,1791481688407,1,
a7ae18c4-1aa6-4fc1-b33c-918717678b72,PROVIDER,1000,itemstocksubmodel-api-asset@BPNL00000003AYRE,0ef26eaf-3d7c-479a-9a01-d5fa6d5cdd8e,8f7f2639-63bf-4c56-b094-d8025a4b412b,1791481687600,1791481689711,1791481689711,1,
b2416986-10ca-4188-ba8e-62f8fdc51c65,PROVIDER,1000,DigitalTwinRegistryId@BPNL00000003AYRE,83673ffd-c48c-429a-b6c6-7e8dac70b874,911bebde-5387-4575-8ca6-8f6d42ad2df3,1791481687772,1791481689720,1791481689720,1,
15835de5-5cab-40be-8094-629388c8b000,PROVIDER,1000,itemstocksubmodel-api-asset@BPNL00000003AYRE,0ef26eaf-3d7c-479a-9a01-d5fa6d5cdd8e,c255de29-385f-46db-95df-0d4c2a8e102e,1791481688971,1791481690984,1791481690984,1,
7097fd0d-3bb6-41c9-97dd-0b81e9e7ea6d,PROVIDER,1000,DigitalTwinRegistryId@BPNL00000003AYRE,83673ffd-c48c-429a-b6c6-7e8dac70b874,38ae8046-5a7b-4c54-817b-aacf98759d85,1791481690168,1791481692259,1791481692259,1,
e9fff30a-1da9-4727-82f7-ed2d488bd4bd,PROVIDER,1000,itemstocksubmodel-api-asset@BPNL00000003AYRE,0ef26eaf-3d7c-479a-9a01-d5fa6d5cdd8e,ee446b31-ce35-4b51-9e77-9c6862a467c3,1791481691526,1791481693455,1791481693455,1,
d33a1790-7bae-407c-8541-1a7f1cce4768,PROVIDER,1000,DigitalTwinRegistryId@BPNL00000003AYRE,83673ffd-c48c-429a-b6c6-7e8dac70b874,47888712-5aa4-483d-b50f-cc3477d46327,1791481692866,1791481694682,1791481694682,1,
e8bfa653-29c5-4861-b53f-f845df56f2bd,PROVIDER,1000,itemstocksubmodel-api-asset@BPNL00000003AYRE,0ef26eaf-3d7c-479a-9a01-d5fa6d5cdd8e,19adb893-9c36-42c8-9b15-7f7b708bbbb1,1791481694112,1791481696031,1791481696031,1,
d95e7cd6-56fb-436b-b5fa-492d85e4dffb,PROVIDER,1000,DigitalTwinRegistryId@BPNL00000003AYRE,83673ffd-c48c-429a-b6c6-7e8dac70b874,35f91f80-dd84-4966-bd27-e68959905d5d,1791481695277,1791481697841,1791481697841,1,
56d71646-7447-428f-b9b3-3b5a4a456b85,PROVIDER,1000,itemstocksubmodel-api-asset@BPNL00000003AYRE,0ef26eaf-3d7c-479a-9a01-d5fa6d5cdd8e,c24ab1ef-433d-4b59-b9ea-58ce42a141ce,1791481696471,1791481698275,1791481698275,1,
a90d468d-2e19-4af2-82e2-b958e075ee77,PROVIDER,1000,DigitalTwinRegistryId@BPNL00000003AYRE,83673ffd-c48c-429a-b6c6-7e8dac70b874,0a78e46a-11b1-460c-84e3-0b404c75a6bd,1791481697637,1791481699528,1791481699528,1,
7a0ba9ae-4b63-4899-b166-65110f8fedd8,PROVIDER,1000,itemstocksubmodel-api-asset@BPNL00000003AYRE,0ef26eaf-3d7c-479a-9a01-d5fa6d5cdd8e,4483d1f8-ad48-44f8-9525-5bf792a6c554,1791481698778,1791481700633,1791481700633,1,
324d85cc-51f4-4fc5-ab5f-aa0385b0d056,PROVIDER,1000,DigitalTwinRegistryId@BPNL00000003AYRE,83673ffd-c48c-429a-b6c6-7e8dac70b874,e8b8ec39-cd24-46a8-9a07-4f3b548d79c8,1791481700961,1791481703039,1791481703039,1,
119ba746-d18e-48fc-b612-0e35cff2bec9,PROVIDER,1000,itemstocksubmodel-api-asset@BPNL00000003AYRE,0ef26eaf-3d7c-479a-9a01-d5fa6d5cdd8e,3b52786b-a927-4965-91e9-7dc40e5fefb5,1791481702130,1791481704270,1791481704270,1,
7c9dfed0-9020-4167-a5f8-d55812e0ec06,PROVIDER,1000,DigitalTwinRegistryId@BPNL00000003AYRE,83673ffd-c48c-429a-b6c6-7e8dac70b874,d5262272-c542-4255-afda-0a2b8274eb20,1791481703257,1791481705558,1791481705558,1,
2a015782-6900-4c63-9bba-d4677770aebf,PROVIDER,1000,itemstocksubmodel-api-asset@BPNL00000003AYRE,0ef26eaf-3d7c-479a-9a01-d5fa6d5cdd8e,f98f9fae-05c9-4bc7-b0e5-2ef7580fb40a,1791481704514,1791481707041,1791481707041,1,
242250a7-1a12-457a-80c1-572f8d7e7617,PROVIDER,1000,DigitalTwinRegistryId@BPNL00000003AYRE,83673ffd-c48c-429a-b6c6-7e8dac70b874,965468ac-ba88-4661-8d0c-f87d5131b011,1791481705803,1791481708939,1791481708939,1,
5a3e7ef6-4462-4323-9149-a66d20153f16,PROVIDER,1000,itemstocksubmodel-api-asset@BPNL00000003AYRE,0ef26eaf-3d7c-479a-9a01-d5fa6d5cdd8e,15ea3368-0d7f-4eb6-86b9-6ea998d893e6,1791481707921,1791481710265,1791481710265,1,
2e30f512-e64e-4860-8d8e-ead45e20ee00,PROVIDER,1000,DigitalTwinRegistryId@BPNL00000003AYRE,83673ffd-c48c-429a-b6c6-7e8dac70b874,66cfe8f1-6ce1-492a-bb14-54360ffb8655,1791481707933,1791481710279,1791481710279,1,
c4bcf87a-7f07-457e-a056-994d8ff37803,PROVIDER,1000,itemstocksubmodel-api-asset@BPNL00000003AYRE,0ef26eaf-3d7c-479a-9a01-d5fa6d5cdd8e,55a9bcf1-6a72-4cfb-a761-f3fb36bbc253,1791481709164,1791481711650,1791481711650,1,
91c2f366-ac88-4cc7-9945-c2c1ea1987a3,PROVIDER,1000,DigitalTwinRegistryId@BPNL00000003AYRE,83673ffd-c48c-429a-b6c6-7e8dac70b874,ecd9cba4-dba5-41dd-9cc9-625ea6ba6cda,1791481710392,1791481714009,1791481714009,1,
40c4aaa8-671f-45cf-9618-a85f62346ad5,PROVIDER,1000,itemstocksubmodel-api-asset@BPNL00000003AYRE,0ef26eaf-3d7c-479a-9a01-d5fa6d5cdd8e,d31adf75-e667-4d94-81ac-d6795a4ecd43,1791481712910,1791481715189,1791481715189,1,
9dc81bd1-e864-4d81-92a1-78b452cafa9f,PROVIDER,1000,DigitalTwinRegistryId@BPNL00000003AYRE,83673ffd-c48c-429a-b6c6-7e8dac70b874,952bb9a4-ad3e-41c2-83e8-569e927cd5ae,1791481712918,1791481716519,1791481716519,1,
7f67aaef-83ab-4315-9b2f-6bdfcfd61e44,PROVIDER,1000,itemstocksubmodel-api-asset@BPNL00000003AYRE,0ef26eaf-3d7c-479a-9a01-d5fa6d5cdd8e,bf1cd243-a828-4ba4-a979-23d7d7b1fe15,1791481715259,1791481718961,1791481718961,1,
5173f698-2e3c-44ba-9d2a-25e126dffed5,PROVIDER,1000,DigitalTwinRegistryId@BPNL00000003AYRE,83673ffd-c48c-429a-b6c6-7e8dac70b874,4e2ad995-3998-4abb-a6fd-166f93b91a4e,1791481715272,1791481719005,1791481719005,1,
03d42ea8-f020-4883-ac27-d85f77a559cf,PROVIDER,1000,itemstocksubmodel-api-asset@BPNL00000003AYRE,0ef26eaf-3d7c-479a-9a01-d5fa6d5cdd8e,b525d45c-97cd-4b12-8834-f9e670e8ed51,1791481717555,1791481720388,1791481720388,1,
18ca69a1-badd-4fd8-8bd9-350d9d448dc7,PROVIDER,1000,DigitalTwinRegistryId@BPNL00000003AYRE,83673ffd-c48c-429a-b6c6-7e8dac70b874,6abcbf56-f4c4-49a6-ae46-72b325a46764,1791481717748,1791481720401,1791481720401,1,
d376b4e8-434b-49e4-9daa-3c47afd23dcd,PROVIDER,1000,itemstocksubmodel-api-asset@BPNL00000003AYRE,0ef26eaf-3d7c-479a-9a01-d5fa6d5cdd8e,366bbdb3-58c5-46c3-8e3a-9c0aa2daaa04,1791481719968,1791481721764,1791481721764,1,
c13a5741-ea81-4d03-82fb-84000ab0ff13,PROVIDER,1000,DigitalTwinRegistryId@BPNL00000003AYRE,83673ffd-c48c-429a-b6c6-7e8dac70b874,907ff181-0915-4a85-b9dc-836a24a089e2,1791481721165,1791481723012,1791481723012,1,
435bbdd9-fe5f-48a7-8e8b-e51c60954d9a,PROVIDER,1000,itemstocksubmodel-api-asset@BPNL00000003AYRE,0ef26eaf-3d7c-479a-9a01-d5fa6d5cdd8e,adb851a4-c0cd-4e57-9a15-a598f8cc92fd,1791481722430,1791481724394,1791481724394,1,
c1199630-8e8c-4854-89e4-3f09390c697f,PROVIDER,1000,DigitalTwinRegistryId@BPNL00000003AYRE,83673ffd-c48c-429a-b6c6-7e8dac70b874,a0a8ade3-9119-46df-a65f-707fb92683d5,1791481723304,1791481726765,1791481726765,1,
08d60b17-c310-4294-b6ce-12b6a62bbafb,PROVIDER,1000,itemstocksubmodel-api-asset@BPNL00000003AYRE,0ef26eaf-3d7c-479a-9a01-d5fa6d5cdd8e,2bef850b-0bfb-4c7f-9603-1fb93db8aa01,1791481725497,1791481728215,1791481728215,1,
202cb4ce-c981-4c27-a8ee-ea2e5a455497,PROVIDER,1000,DigitalTwinRegistryId@BPNL00000003AYRE,83673ffd-c48c-429a-b6c6-7e8dac70b874,200c4fb0-b135-43fc-8465-3ad4ee6140c5,1791481725512,1791481728230,1791481728230,1,
c82ee957-6034-44d5-8a2e-fed43f487ad0,PROVIDER,1000,itemstocksubmodel-api-asset@BPNL00000003AYRE,0ef26eaf-3d7c-479a-9a01-d5fa6d5cdd8e,ebaa0eea-24a6-4be8-b67b-62d34aa30f2b,1791481727733,1791481729575,1791481729575,1,
1a819321-7075-4c42-abf9-42d0dc91b3d3,PROVIDER,1000,DigitalTwinRegistryId@BPNL00000003AYRE,83673ffd-c48c-429a-b6c6-7e8dac70b874,d8d1134a-40db-4835-841e-6191b2af228c,1791481727743,1791481729586,1791481729586,1,
56ea8d60-465a-4ce3-a8eb-ac7682de42d3,PROVIDER,1000,itemstocksubmodel-api-asset@BPNL00000003AYRE,0ef26eaf-3d7c-479a-9a01-d5fa6d5cdd8e,37966d00-f50d-495e-a2c5-806d30466283,1791481728974,1791481730860,1791481730860,1,
b6de4610-43d4-4fdd-8bc5-b99d31f8e5a2,PROVIDER,1000,DigitalTwinRegistryId@BPNL00000003AYRE,83673ffd-c48c-429a-b6c6-7e8dac70b874,00d2592a-6dbb-4df2-8790-e0420e2ed2f4,1791481730158,1791481732140,1791481732140,1,
3a315ebb-9c0d-4703-83c9-9ab91d0da3da,PROVIDER,1000,itemstocksubmodel-api-asset@BPNL00000003AYRE,0ef26eaf-3d7c-479a-9a01-d5fa6d5cdd8e,bfc2f93c-e72e-43e0-9f5e-d95d1950921e,1791481731331,1791481733260,1791481733260,1,
112cf125-b675-4036-b8ea-274f241987d9,PROVIDER,1000,DigitalTwinRegistryId@BPNL00000003AYRE,83673ffd-c48c-429a-b6c6-7e8dac70b874,a5ca0a83-55a6-4e62-9ea4-d9356fe99f45,1791481733830,1791481736275,1791481736275,1,
de63a389-3ab6-42c5-ad64-24a5add8ec12,PROVIDER,1000,itemstocksubmodel-api-asset@BPNL00000003AYRE,0ef26eaf-3d7c-479a-9a01-d5fa6d5cdd8e,1e8646d1-37a0-427b-85fb-6ab02883fe6f,1791481735005,1791481736787,1791481736787,1,
f8b8c42a-e760-44e5-a16e-50430e6c9909,PROVIDER,1000,DigitalTwinRegistryId@BPNL00000003AYRE,83673ffd-c48c-429a-b6c6-7e8dac70b874,d9935492-fb14-424e-9b64-dd7502421848,1791481736269,1791481738233,1791481738233,1,
20580813-69da-4ef4-8191-a1bce2cae294,PROVIDER,1000,itemstocksubmodel-api-asset@BPNL00000003AYRE,0ef26eaf-3d7c-479a-9a01-d5fa6d5cdd8e,6b916189-2fd9-4c62-a826-96981c5b868f,1791481737441,1791481739544,1791481739544,1,
b1708ddd-3db9-4c59-b25a-b460a87ff951,PROVIDER,1000,DigitalTwinRegistryId@BPNL00000003AYRE,83673ffd-c48c-429a-b6c6-7e8dac70b874,702b4d65-b9a1-4118-8512-27c89daafbcb,1791481737640,1791481739555,1791481739555,1,
a3767be1-d009-4ced-a2f3-67c2a8dccd74,PROVIDER,1000,itemstocksubmodel-api-asset@BPNL00000003AYRE,0ef26eaf-3d7c-479a-9a01-d5fa6d5cdd8e,606a783b-c1ef-4c3d-baf6-3a0a084f320c,1791481738782,1791481740664,1791481740664,1,
e325a924-0f90-473b-8d21-91d13b966775,PROVIDER,1000,DigitalTwinRegistryId@BPNL00000003AYRE,83673ffd-c48c-429a-b6c6-7e8dac70b874,87b11ee5-af71-45d8-a094-ad7c65b36a4b,1791481741009,1791481743159,1791481743159,1,
5d6bee27-f5c0-45b8-b841-1cbe21a64a14,PROVIDER,1000,itemstocksubmodel-api-asset@BPNL00000003AYRE,0ef26eaf-3d7c-479a-9a01-d5fa6d5cdd8e,7464e90e-386e-4fcf-b07a-c7c13486ec42,1791481742232,1791481744419,1791481744419,1,
28caffb0-bcd0-4633-9f64-42d48ab5f0d8,PROVIDER,1000,DigitalTwinRegistryId@BPNL00000003AYRE,83673ffd-c48c-429a-b6c6-7e8dac70b874,a6f1eff7-6401-4979-b3c4-e22094d97791,1791481743425,1791481746044,1791481746044,1,
de5dee38-bcc9-4aec-8f32-211748c5a90d,PROVIDER,1000,itemstocksubmodel-api-asset@BPNL00000003AYRE,0ef26eaf-3d7c-479a-9a01-d5fa6d5cdd8e,40afdb64-de49-4d0e-be2a-19f43a5e2c0c,1791481744551,1791481747604,1791481747604,1,
8e67e1c9-6d55-4426-87e4-5507a9a73e97,PROVIDER,1000,DigitalTwinRegistryId@BPNL00000003AYRE,83673ffd-c48c-429a-b6c6-7e8dac70b874,ef8a6561-c7a9-4030-9dc9-5123b5b91eea,1791481745734,1791481749001,1791481749001,1,
f4e55a49-6ebf-4816-8518-6441a378a758,PROVIDER,1000,itemstocksubmodel-api-asset@BPNL00000003AYRE,0ef26eaf-3d7c-479a-9a01-d5fa6d5cdd8e,43bbe7fd-35e2-4ba5-a9fa-54f549580dbc,1791481747918,1791481749219,1791481749219,1,
65a89485-207b-43ab-9e01-8914d9ef4f6e,PROVIDER,1000,DigitalTwinRegistryId@BPNL00000003AYRE,83673ffd-c48c-429a-b6c6-7e8dac70b874,cec97201-b942-4f98-b942-b79ebe0a9bb9,1791481747929,1791481750593,1791481750593,1,
b2efaa8e-8099-4407-b225-2ed397115ae6,PROVIDER,1000,itemstocksubmodel-api-asset@BPNL00000003AYRE,0ef26eaf-3d7c-479a-9a01-d5fa6d5cdd8e,e6514680-e762-4ddc-84aa-f80d79337606,1791481750210,1791481752122,1791481752122,1,
c9e22ff1-6a94-48c1-a5b7-5fa701310e9f,PROVIDER,1000,DigitalTwinRegistryId@BPNL00000003AYRE,83673ffd-c48c-429a-b6c6-7e8dac70b874,4c71182c-525c-4835-a9c5-00ea615f5412,1791481750217,1791481752129,1791481752129,1,
8294a31f-1748-410e-b306-639ecb970f3f,PROVIDER,1000,itemstocksubmodel-api-asset@BPNL00000003AYRE,0ef26eaf-3d7c-479a-9a01-d5fa6d5cdd8e,0dce6f73-28ac-4519-9b60-4d737c5ab4cd,1791481751529,1791481754421,1791481754421,1,
c2a68c31-b3ad-4568-aafd-e622694d28e9,PROVIDER,1000,DigitalTwinRegistryId@BPNL00000003AYRE,83673ffd-c48c-429a-b6c6-7e8dac70b874,26ca4c63-fba3-4cac-aa4c-511376794899,1791481753164,1791481756103,1791481756103,1,
c97b7354-e91a-45b3-9117-8f90e43c9a25,PROVIDER,1000,itemstocksubmodel-api-asset@BPNL00000003AYRE,0ef26eaf-3d7c-479a-9a01-d5fa6d5cdd8e,1f09118a-d5f9-4ea8-b1fa-bb3b2062914f,1791481755435,1791481757707,1791481757707,1,
061e220f-3dde-4394-873e-235ca5a22508,PROVIDER,1000,DigitalTwinRegistryId@BPNL00000003AYRE,83673ffd-c48c-429a-b6c6-7e8dac70b874,01a717ca-58a6-448c-9909-de292d61838d,1791481755449,1791481759156,1791481759156,1,
bc881f81-991b-435b-894a-897d82f09295,PROVIDER,1000,itemstocksubmodel-api-asset@BPNL00000003AYRE,0ef26eaf-3d7c-479a-9a01-d5fa6d5cdd8e,a5df5888-7208-4493-82ca-426c799556c3,1791481757804,1791481760554,1791481760554,1,
90ff78ce-a191-4698-8a72-f46ca3a81376,PROVIDER,1000,DigitalTwinRegistryId@BPNL00000003AYRE,83673ffd-c48c-429a-b6c6-7e8dac70b874,18f117a5-fe3a-4f6f-ab52-38b71ab574bf,1791481757840,1791481760563,1791481760563,1,
8459d1be-058a-41d3-bd16-ad3cf52f6eac,PROVIDER,1000,itemstocksubmodel-api-asset@BPNL00000003AYRE,0ef26eaf-3d7c-479a-9a01-d5fa6d5cdd8e,187acfa2-f28a-447d-bd1f-860896592d6c,1791481759984,1791481761864,1791481761864,1,
8fe49a79-e84b-403b-90a4-21c0d9468a69,PROVIDER,1000,DigitalTwinRegistryId@BPNL00000003AYRE,83673ffd-c48c-429a-b6c6-7e8dac70b874,59a9ac2c-2ff5-49f2-b3f7-f8e2d935def2,1791481760156,1791481761876,1791481761876,1,
e8b80ca3-d51b-450a-afac-5e4b4e62d34e,PROVIDER,1000,itemstocksubmodel-api-asset@BPNL00000003AYRE,0ef26eaf-3d7c-479a-9a01-d5fa6d5cdd8e,073e7d9b-6233-49c8-baa5-7e696d52595f,1791481761266,1791481763073,1791481763073,1,
cefff836-9e7c-4c91-8a3f-763926aaa1ca,PROVIDER,1000,DigitalTwinRegistryId@BPNL00000003AYRE,83673ffd-c48c-429a-b6c6-7e8dac70b874,04897745-6ac5-4082-88f6-01e06acdb952,1791481762971,1791481764545,1791481764545,1,
5e1f3a90-191d-40ee-9c44-8a11ae4656a6,PROVIDER,1000,itemstocksubmodel-api-asset@BPNL00000003AYRE,0ef26eaf-3d7c-479a-9a01-d5fa6d5cdd8e,2eacd249-9666-4195-acf5-27e6b4d78f09,1791481764094,1791481766114,1791481766114,1,
333b32ad-c0ce-49d6-8770-cf7d1c540076,PROVIDER,1000,DigitalTwinRegistryId@BPNL00000003AYRE,83673ffd-c48c-429a-b6c6-7e8dac70b874,df53604a-749e-4b79-8b78-593e2d4f81ac,1791481765301,1791481767904,1791481767904,1,
35ee2ba1-48bb-4441-949b-2f47483be41b,PROVIDER,1000,itemstocksubmodel-api-asset@BPNL00000003AYRE,0ef26eaf-3d7c-479a-9a01-d5fa6d5cdd8e,64dad131-64bb-4c26-9b1b-4e1dcc95daf2,1791481766462,1791481769188,1791481769188,1,
795e77ca-7c3d-4b7e-abb2-aa0475d1ae77,PROVIDER,1000,DigitalTwinRegistryId@BPNL00000003AYRE,83673ffd-c48c-429a-b6c6-7e8dac70b874,110f0058-2e91-41ea-a664-20a65565791b,1791481768607,1791481770497,1791481770497,1,
52249606-ff6a-440e-b244-f5939e2f41d4,PROVIDER,1000,itemstocksubmodel-api-asset@BPNL00000003AYRE,0ef26eaf-3d7c-479a-9a01-d5fa6d5cdd8e,b1059068-86f5-4254-bd8c-d86aa57f9057,1791481769798,1791481771823,1791481771823,1,
c24452f7-121a-44c2-ae16-0473a291c365,PROVIDER,1000,DigitalTwinRegistryId@BPNL00000003AYRE,83673ffd-c48c-429a-b6c6-7e8dac70b874,26b6ae4e-b329-4d0d-ac5f-5fd4c94d37d7,1791481770968,1791481773080,1791481773080,1,
6578f9e7-343f-44df-82c4-4da0000f41da,PROVIDER,1000,itemstocksubmodel-api-asset@BPNL00000003AYRE,0ef26eaf-3d7c-479a-9a01-d5fa6d5cdd8e,40f47733-12ed-44af-9c98-2f950ee37814,1791481772226,1791481774373,1791481774373,1,
b562d20b-ab48-4cf1-9aa5-0e613fbfb9ee,PROVIDER,1000,DigitalTwinRegistryId@BPNL00000003AYRE,83673ffd-c48c-429a-b6c6-7e8dac70b874,f8a2357b-c282-47a4-b170-35d75d979d8e,1791481773345,1791481776740,1791481776740,1,
ad550c96-6c6c-4452-962b-fa33bbb91341,PROVIDER,1000,itemstocksubmodel-api-asset@BPNL00000003AYRE,0ef26eaf-3d7c-479a-9a01-d5fa6d5cdd8e,08e05f00-fbad-4bc7-ae25-0d37be630304,1791481775634,1791481779210,1791481779210,1,
554e01de-3afa-43c9-ae48-269f5654626b,PROVIDER,1000,DigitalTwinRegistryId@BPNL00000003AYRE,83673ffd-c48c-429a-b6c6-7e8dac70b874,6d966a55-d669-461b-9e46-818f7acb6b5a,1791481775641,1791481779222,1791481779222,1,
64d18058-8cb7-47c6-84d4-5754b54560b7,PROVIDER,1000,itemstocksubmodel-api-asset@BPNL00000003AYRE,0ef26eaf-3d7c-479a-9a01-d5fa6d5cdd8e,6d3cc474-49fa-416c-8177-20383c5f6c2e,1791481777815,1791481780667,1791481780667,1,
ed850607-2ee9-4cf7-8851-bfc401adfe86,PROVIDER,1000,DigitalTwinRegistryId@BPNL00000003AYRE,83673ffd-c48c-429a-b6c6-7e8dac70b874,bc247293-ab40-40bc-a313-3bc66af144c8,1791481777826,1791481780683,1791481780683,1,
0b4366ce-d7e3-4eeb-9393-46ac4e2e8312,PROVIDER,1000,itemstocksubmodel-api-asset@BPNL00000003AYRE,0ef26eaf-3d7c-479a-9a01-d5fa6d5cdd8e,773f0e91-fdd3-4666-b279-f98e07c10e5c,1791481779999,1791481783130,1791481783130,1,
e9131189-f4d8-4a54-a713-0f2e6a04d18b,PROVIDER,1000,DigitalTwinRegistryId@BPNL00000003AYRE,83673ffd-c48c-429a-b6c6-7e8dac70b874,31252816-6977-4554-91ef-a4f604e16baf,1791481780213,1791481783142,1791481783142,1,
9ccc481b-702b-4ab7-8272-f32e8e857382,PROVIDER,1000,itemstocksubmodel-api-asset@BPNL00000003AYRE,0ef26eaf-3d7c-479a-9a01-d5fa6d5cdd8e,9ce7735f-e021-4ddd-bde3-5984203ebc2c,1791481781927,1791481784475,1791481784475,1,
72328017-1744-44d6-acc7-d7a85d19c302,PROVIDER,1000,DigitalTwinRegistryId@BPNL00000003AYRE,83673ffd-c48c-429a-b6c6-7e8dac70b874,5339fb44-c543-4850-b3b9-88e8a05eda15,1791481783365,1791481786166,1791481786166,1,
470b79cc-7fa3-4d97-bb20-7863f019eef7,PROVIDER,1000,itemstocksubmodel-api-asset@BPNL00000003AYRE,0ef26eaf-3d7c-479a-9a01-d5fa6d5cdd8e,94590831-238a-4096-827a-7c523c4c1b2a,1791481784598,1791481787869,1791481787869,1,
5288daad-1beb-4b0f-bfab-cb2dbb534604,PROVIDER,1000,DigitalTwinRegistryId@BPNL00000003AYRE,83673ffd-c48c-429a-b6c6-7e8dac70b874,d3f0b5f9-3330-4247-aa16-bcad56d33b88,1791481785705,1791481787877,1791481787877,1,
fe3e3c9d-06ba-4c7c-9434-37be61331cb0,PROVIDER,1000,itemstocksubmodel-api-asset@BPNL00000003AYRE,0ef26eaf-3d7c-479a-9a01-d5fa6d5cdd8e,7d3ec26a-4b08-486c-8fc3-4ba405dff850,1791481787036,1791481789107,1791481789107,1,
3026563e-c143-4d98-8f14-b66a741a7fbc,PROVIDER,1000,DigitalTwinRegistryId@BPNL00000003AYRE,83673ffd-c48c-429a-b6c6-7e8dac70b874,efa27955-bd69-4209-8e90-c2f9e1eb59ef,1791481788149,1791481791581,1791481791581,1,
943415be-1826-4dd1-b544-5773704e7941,PROVIDER,1000,itemstocksubmodel-api-asset@BPNL00000003AYRE,0ef26eaf-3d7c-479a-9a01-d5fa6d5cdd8e,1dfcf336-06ed-4737-a0e4-d7ae80e217a2,1791481790426,1791481794018,1791481794018,1,
5eb1d32e-8ad4-485c-98ce-27488b7f0344,PROVIDER,1000,DigitalTwinRegistryId@BPNL00000003AYRE,83673ffd-c48c-429a-b6c6-7e8dac70b874,8b1a5668-4182-42fa-83f8-39e7d7cf6394,1791481790434,1791481794027,1791481794027,1,
0566c7c4-4e6f-46f7-a0f8-cf1896157857,PROVIDER,1000,itemstocksubmodel-api-asset@BPNL00000003AYRE,0ef26eaf-3d7c-479a-9a01-d5fa6d5cdd8e,ddb0b6ff-30f3-4b36-add1-e55ffe5e656e,1791481793015,1791481795128,1791481795128,1,
b4965871-49c2-4be5-8940-4c66808b2986,PROVIDER,1000,DigitalTwinRegistryId@BPNL00000003AYRE,83673ffd-c48c-429a-b6c6-7e8dac70b874,d5d24bcb-f087-41dd-97d0-7a67f93fd2e6,1791481793031,1791481796734,1791481796734,1,
7826f0f7-9e63-4539-9c01-70783ef692d8,PROVIDER,1000,itemstocksubmodel-api-asset@BPNL00000003AYRE,0ef26eaf-3d7c-479a-9a01-d5fa6d5cdd8e,16dc646e-6f7e-4fd3-9d3d-12fda8aa44f4,1791481795261,1791481796840,1791481796840,1,
4f59cfe4-2681-4ffe-8665-cd92e27dc83b,PROVIDER,1000,DigitalTwinRegistryId@BPNL00000003AYRE,83673ffd-c48c-429a-b6c6-7e8dac70b874,43e5f39c-e0cc-41fb-a4a7-b3ed33655180,1791481795284,1791481798212,1791481798212,1,
e2b5589a-9fad-4bfe-a711-6aa5c5874b0d,PROVIDER,1000,itemstocksubmodel-api-asset@BPNL00000003AYRE,0ef26eaf-3d7c-479a-9a01-d5fa6d5cdd8e,50480cef-c3d5-4978-a92d-dc037e222bd2,1791481797726,1791481799577,1791481799577,1,
c7a4ab8b-2169-428d-bfd0-e1db576f5f15,PROVIDER,1000,DigitalTwinRegistryId@BPNL00000003AYRE,83673ffd-c48c-429a-b6c6-7e8dac70b874,797acaf0-8eb7-4661-b0c6-a19687cfb70a,1791481797737,1791481799588,1791481799588,1,
2f8e2aec-a943-44a5-a4e3-657c4b2f3b40,PROVIDER,1000,itemstocksubmodel-api-asset@BPNL00000003AYRE,0ef26eaf-3d7c-479a-9a01-d5fa6d5cdd8e,64a0a415-8ba5-4151-8f28-79b1953554f1,1791481798967,1791481800902,1791481800902,1,
4bb6d86c-d04a-4fa7-9bf9-93e5ed5df9ba,PROVIDER,1000,DigitalTwinRegistryId@BPNL00000003AYRE,83673ffd-c48c-429a-b6c6-7e8dac70b874,2df1245d-8e38-4533-82a3-9cd08eb46457,1791481800146,1791481802297,1791481802297,1,
b3d229f8-e150-4030-a675-7e55131f27a3,PROVIDER,1000,itemstocksubmodel-api-asset@BPNL00000003AYRE,0ef26eaf-3d7c-479a-9a01-d5fa6d5cdd8e,8cdc1a21-0a5d-4060-a730-c8e70b5bde30,1791481801291,1791481803562,1791481803562,1,
e5142fbd-8505-485b-8e81-f12006fc693d,PROVIDER,1000,DigitalTwinRegistryId@BPNL00000003AYRE,83673ffd-c48c-429a-b6c6-7e8dac70b874,fd6e5e9b-bc8f-4609-9c28-c2ea6ed68ca7,1791481803111,1791481804804,1791481804804,1,
50b0977d-797b-45f6-b9eb-27050ec413f9,PROVIDER,1000,itemstocksubmodel-api-asset@BPNL00000003AYRE,0ef26eaf-3d7c-479a-9a01-d5fa6d5cdd8e,99eb68e9-7931-4b85-8e75-2ec4b8252ed1,1791481804263,1791481806112,1791481806112,1,
503ac8ab-ab04-4522-9b0a-21e213db2214,PROVIDER,1000,DigitalTwinRegistryId@BPNL00000003AYRE,83673ffd-c48c-429a-b6c6-7e8dac70b874,5176f08c-18d7-4eee-b2c2-ce601c7bec94,1791481805406,1791481807853,1791481807853,1,
56a4f4f8-ffe1-4adf-bafd-9048c26cd79f,PROVIDER,1000,itemstocksubmodel-api-asset@BPNL00000003AYRE,0ef26eaf-3d7c-479a-9a01-d5fa6d5cdd8e,643d0ffe-f517-4e7c-8676-3cccee6dab4b,1791481806568,1791481808079,1791481808079,1,
81426280-9c71-4e5c-88ad-c95e0e3e865a,PROVIDER,1000,DigitalTwinRegistryId@BPNL00000003AYRE,83673ffd-c48c-429a-b6c6-7e8dac70b874,ddf33b32-708c-4714-b046-a13559740496,1791481807739,1791481809341,1791481809341,1,
dcce8cd1-bd12-4994-831f-0c51ce39c5b5,PROVIDER,1000,itemstocksubmodel-api-asset@BPNL00000003AYRE,0ef26eaf-3d7c-479a-9a01-d5fa6d5cdd8e,35ae0e94-1143-4614-9b54-ef9232d73a44,1791481808977,1791481810625,1791481810625,1,
1f0e5501-1074-4ebb-ba7f-27f02f413343,PROVIDER,1000,DigitalTwinRegistryId@BPNL00000003AYRE,83673ffd-c48c-429a-b6c6-7e8dac70b874,f618a5f5-794d-46b2-b745-1d32333d8b6c,1791481810163,1791481811957,1791481811957,1,
eda2aeee-ca33-4c13-9038-9a39f969130b,PROVIDER,1000,itemstocksubmodel-api-asset@BPNL00000003AYRE,0ef26eaf-3d7c-479a-9a01-d5fa6d5cdd8e,3dac78b3-bb10-4f72-9d41-0a68a6fec0e7,1791481811294,1791481813310,1791481813310,1,
f3f35ce8-2fed-4b71-bd5a-86099d8e8a07,PROVIDER,1000,DigitalTwinRegistryId@BPNL00000003AYRE,83673ffd-c48c-429a-b6c6-7e8dac70b874,166cc7ea-489f-464b-8c97-60abce0b4572,1791481813000,1791481814548,1791481814548,1,
832bf9f3-f993-4990-b097-02b5dc528326,PROVIDER,1000,itemstocksubmodel-api-asset@BPNL00000003AYRE,0ef26eaf-3d7c-479a-9a01-d5fa6d5cdd8e,c69a0e5a-af6c-464b-8dff-f2b7ab221ed2,1791481814237,1791481816309,1791481816309,1,
65c83bdb-509d-4e67-b4cd-6758b3009217,PROVIDER,1000,DigitalTwinRegistryId@BPNL00000003AYRE,83673ffd-c48c-429a-b6c6-7e8dac70b874,799ac08c-def9-4abe-9e2f-a9d8c9a1dc00,1791481815467,1791481817913,1791481817913,1,
2dea4010-eec7-4a48-9e09-da8ebcab7c06,PROVIDER,1000,itemstocksubmodel-api-asset@BPNL00000003AYRE,0ef26eaf-3d7c-479a-9a01-d5fa6d5cdd8e,2ea8c20d-1084-4fa1-9ae5-dc96b40044fc,1791481816631,1791481819594,1791481819594,1,
01d73293-9215-427b-8a70-415400240796,PROVIDER,1000,DigitalTwinRegistryId@BPNL00000003AYRE,83673ffd-c48c-429a-b6c6-7e8dac70b874,e4e3da22-e689-4bcc-8130-50a3c7c5aa27,1791481817781,1791481819604,1791481819604,1,
6f0339f9-698e-4cf2-95c7-5073199d69ac,PROVIDER,1000,itemstocksubmodel-api-asset@BPNL00000003AYRE,0ef26eaf-3d7c-479a-9a01-d5fa6d5cdd8e,128b2cb9-200a-4287-8b73-b791d48e51de,1791481818880,1791481820699,1791481820699,1,
9425a20d-8f4c-4701-871b-c4c574350602,PROVIDER,1000,DigitalTwinRegistryId@BPNL00000003AYRE,83673ffd-c48c-429a-b6c6-7e8dac70b874,50e35fa6-3a83-4a93-9d6c-2db6ff271923,1791481821231,1791481823156,1791481823156,1,
01f649db-adc5-4161-a68f-e85d51a33d11,PROVIDER,1000,itemstocksubmodel-api-asset@BPNL00000003AYRE,0ef26eaf-3d7c-479a-9a01-d5fa6d5cdd8e,623e1375-07c3-40e5-b092-2fd929e65eb2,1791481822333,1791481824380,1791481824380,1,
c2203956-89cf-4e64-8823-340e81ca0540,PROVIDER,1000,DigitalTwinRegistryId@BPNL00000003AYRE,83673ffd-c48c-429a-b6c6-7e8dac70b874,09cfa644-f42d-44b0-ace7-3f7cfe290fef,1791481823865,1791481826117,1791481826117,1,
530aa6bc-02e0-4a38-8f0e-7cfcec746581,PROVIDER,1000,itemstocksubmodel-api-asset@BPNL00000003AYRE,0ef26eaf-3d7c-479a-9a01-d5fa6d5cdd8e,01961476-e111-4e24-82d8-6af6cb490f9d,1791481825035,1791481827553,1791481827553,1,
e609bb4b-3edb-4894-8636-70d349d98d0a,PROVIDER,1000,DigitalTwinRegistryId@BPNL00000003AYRE,83673ffd-c48c-429a-b6c6-7e8dac70b874,0f9038ac-acc7-471f-a6b4-399e12c49138,1791481826491,1791481828999,1791481828999,1,
0a0cdc74-71eb-4a25-bef4-a49a2e79254d,PROVIDER,1000,DigitalTwinRegistryId@BPNL00000003AYRE,83673ffd-c48c-429a-b6c6-7e8dac70b874,6c87e989-9ebd-4fb6-8117-c3effc78c398,1791481827689,1791481831556,1791481831556,1,
109b316a-bba1-4f62-8c2f-76abba54df0e,PROVIDER,1000,itemstocksubmodel-api-asset@BPNL00000003AYRE,0ef26eaf-3d7c-479a-9a01-d5fa6d5cdd8e,88bdc05a-e534-4b57-9efe-b16591a52429,1791481827836,1791481831544,1791481831544,1,
a77f3001-fcc2-4b36-b31d-dba0963344a4,PROVIDER,1000,itemstocksubmodel-api-asset@BPNL00000003AYRE,0ef26eaf-3d7c-479a-9a01-d5fa6d5cdd8e,3728ae56-6e92-442c-9bd7-f046ac94c18b,1791481830072,1791481834266,1791481834266,1,
ae1ef08d-5da3-460a-99f6-50d198c3548c,PROVIDER,1000,DigitalTwinRegistryId@BPNL00000003AYRE,83673ffd-c48c-429a-b6c6-7e8dac70b874,8c9f67be-f19d-45b4-a661-a903c6ed142d,1791481830308,1791481834253,1791481834253,1,
aca0d369-e83d-4755-ae28-9deced2daacf,PROVIDER,1000,itemstocksubmodel-api-asset@BPNL00000003AYRE,0ef26eaf-3d7c-479a-9a01-d5fa6d5cdd8e,0a869add-fa0f-4b16-a39a-ebd5c2d7c869,1791481832868,1791481834438,1791481834438,1,
b9f209f0-5e31-496d-9173-8f7056691832,PROVIDER,1000,DigitalTwinRegistryId@BPNL00000003AYRE,83673ffd-c48c-429a-b6c6-7e8dac70b874,0e2a5ae3-478b-4f50-b8b3-e89fe7d36884,1791481833003,1791481834447,1791481834447,1,
1f63bf1e-8020-49b9-b526-2fd9d2ef03cb,PROVIDER,1000,itemstocksubmodel-api-asset@BPNL00000003AYRE,0ef26eaf-3d7c-479a-9a01-d5fa6d5cdd8e,1c72ba9d-1dcb-4779-8132-029ce2a85c7e,1791481834356,1791481836346,1791481836346,1,
fa98590f-1b6c-49ec-bc9d-f4f00e750499,PROVIDER,1000,DigitalTwinRegistryId@BPNL00000003AYRE,83673ffd-c48c-429a-b6c6-7e8dac70b874,cd855c99-5fb8-49b6-baf1-68f7b476f5a0,1791481835481,1791481837829,1791481837829,1,
b857aeda-230d-4cca-a725-1b23cd0b5e50,PROVIDER,1000,itemstocksubmodel-api-asset@BPNL00000003AYRE,0ef26eaf-3d7c-479a-9a01-d5fa6d5cdd8e,e5f85e1d-2899-412d-bef8-3442d6ce7bbf,1791481836665,1791481839071,1791481839071,1,
f567934b-eb64-4444-b02d-c9d3e7f1cdc9,PROVIDER,1000,DigitalTwinRegistryId@BPNL00000003AYRE,83673ffd-c48c-429a-b6c6-7e8dac70b874,694201a1-5588-4276-9480-0fbb286e2f54,1791481837903,1791481840482,1791481840482,1,
0ae4301c-98a3-4585-9df1-b360a83beb9b,PROVIDER,1000,itemstocksubmodel-api-asset@BPNL00000003AYRE,0ef26eaf-3d7c-479a-9a01-d5fa6d5cdd8e,acfb091c-a848-40f3-a183-e12c0acaab01,1791481840008,1791481841942,1791481841942,1,
b01c2956-a93f-4c1e-a65f-67664db30434,PROVIDER,1000,DigitalTwinRegistryId@BPNL00000003AYRE,83673ffd-c48c-429a-b6c6-7e8dac70b874,9c07944d-6b9c-42f5-a62c-b1bfc15d458a,1791481840160,1791481841952,1791481841952,1,
a9e97ba9-feaa-4876-b7ac-4854d5342fd2,PROVIDER,1000,itemstocksubmodel-api-asset@BPNL00000003AYRE,0ef26eaf-3d7c-479a-9a01-d5fa6d5cdd8e,382cb822-9bf2-41f0-ab0d-a82b460c82b9,1791481841433,1791481843185,1791481843185,1,
5a15d8e2-5e7d-4732-87af-e4c3facfc0a6,PROVIDER,1000,DigitalTwinRegistryId@BPNL00000003AYRE,83673ffd-c48c-429a-b6c6-7e8dac70b874,039d9ee7-0998-40f1-bb3e-e424a2774c55,1791481842907,1791481844613,1791481844613,1,
74b5dafc-e749-4a43-b8e2-3c2923929981,PROVIDER,1000,itemstocksubmodel-api-asset@BPNL00000003AYRE,0ef26eaf-3d7c-479a-9a01-d5fa6d5cdd8e,cbf03682-1b8d-4c53-88e7-826189bf0e0e,1791481844028,1791481846067,1791481846067,1,
81fee804-abed-418c-95b9-5a3e3defdb1a,PROVIDER,1000,DigitalTwinRegistryId@BPNL00000003AYRE,83673ffd-c48c-429a-b6c6-7e8dac70b874,d125b899-03e8-483f-9d5c-a18aa29f3a46,1791481845239,1791481847875,1791481847875,1,
8f276a18-5c87-428b-898f-e30297d18047,PROVIDER,1000,itemstocksubmodel-api-asset@BPNL00000003AYRE,0ef26eaf-3d7c-479a-9a01-d5fa6d5cdd8e,a4a53f4c-7239-4ef4-a615-ff1b48d0c74f,1791481846370,1791481849244,1791481849244,1,
b0407fd1-7764-4cb3-82e4-f4c27fbe3ecc,PROVIDER,1000,DigitalTwinRegistryId@BPNL00000003AYRE,83673ffd-c48c-429a-b6c6-7e8dac70b874,673237c4-b755-45d6-bd60-f265cb34d547,1791481848556,1791481850487,1791481850487,1,
48f41f24-bf7f-42aa-97b0-4d0b067dcc63,PROVIDER,1000,itemstocksubmodel-api-asset@BPNL00000003AYRE,0ef26eaf-3d7c-479a-9a01-d5fa6d5cdd8e,03e43e16-20ca-480e-a30f-78b85ae2f467,1791481849751,1791481851781,1791481851781,1,
90e0596f-9b5a-4815-8130-13a8a6f1d491,PROVIDER,1000,DigitalTwinRegistryId@BPNL00000003AYRE,83673ffd-c48c-429a-b6c6-7e8dac70b874,3502687b-9b29-4394-8e92-42c3a8bbca5f,1791481851131,1791481853072,1791481853072,1,
16291db4-abe2-4559-b7b0-478536f3cd8f,PROVIDER,1000,itemstocksubmodel-api-asset@BPNL00000003AYRE,0ef26eaf-3d7c-479a-9a01-d5fa6d5cdd8e,14efdc7b-539f-4692-a669-c278d799ca1a,1791481852329,1791481854372,1791481854372,1,
51bfa755-d8df-4492-8498-22d2834c428a,PROVIDER,1000,DigitalTwinRegistryId@BPNL00000003AYRE,83673ffd-c48c-429a-b6c6-7e8dac70b874,e88127d1-e8bf-49db-9795-aa4d821adf0f,1791481853792,1791481855934,1791481855934,1,
96b6b580-1294-4f9b-98bd-39b593ac7b3e,PROVIDER,1000,itemstocksubmodel-api-asset@BPNL00000003AYRE,0ef26eaf-3d7c-479a-9a01-d5fa6d5cdd8e,db9c4bd2-fc33-4f16-ad46-9a6e759a8f6e,1791481855036,1791481857947,1791481857947,1,
358c0551-e04c-421a-9fd1-336a3d95645a,PROVIDER,1000,DigitalTwinRegistryId@BPNL00000003AYRE,83673ffd-c48c-429a-b6c6-7e8dac70b874,37df08e5-2e78-4b5c-a5e1-edbb8737b9e2,1791481856446,1791481858273,1791481858273,1,
7f13db9c-e4ad-45be-9de3-e2bc4ba929ae,PROVIDER,1000,itemstocksubmodel-api-asset@BPNL00000003AYRE,0ef26eaf-3d7c-479a-9a01-d5fa6d5cdd8e,ba424963-e0e9-4b4a-af33-760c8c36b78b,1791481857644,1791481859547,1791481859547,1,
65f9d5f6-e4ba-4a7f-aff6-6c611a9749cb,PROVIDER,1000,DigitalTwinRegistryId@BPNL00000003AYRE,83673ffd-c48c-429a-b6c6-7e8dac70b874,1743f067-93e5-4ab6-8286-645184080415,1791481857740,1791481859556,1791481859556,1,
ccdd3b66-c156-428c-a0b8-8b05225d9236,PROVIDER,1000,itemstocksubmodel-api-asset@BPNL00000003AYRE,0ef26eaf-3d7c-479a-9a01-d5fa6d5cdd8e,3c797fcd-d05f-4e87-93a9-3ad562e3cb5b,1791481858772,1791481860664,1791481860664,1,
16693547-8c3d-4d56-83fc-70589fbf4938,PROVIDER,1000,DigitalTwinRegistryId@BPNL00000003AYRE,83673ffd-c48c-429a-b6c6-7e8dac70b874,e9044b80-bbb5-4c55-81ce-fe3acc9da68b,1791481861010,1791481864323,1791481864323,1,
1a7f51e3-7c77-435a-86eb-7807a156d18f,PROVIDER,1000,itemstocksubmodel-api-asset@BPNL00000003AYRE,0ef26eaf-3d7c-479a-9a01-d5fa6d5cdd8e,08eb84b0-3066-44c4-a2ee-52dab89e1a2a,1791481863200,1791481866443,1791481866443,1,
97790caf-52df-43ea-84e5-98820497bd09,PROVIDER,1000,DigitalTwinRegistryId@BPNL00000003AYRE,83673ffd-c48c-429a-b6c6-7e8dac70b874,8d23d9c6-c1c8-4d9a-ac88-3b2e0ddb3491,1791481863215,1791481866453,1791481866453,1,
911d00d7-7335-4992-94cf-5933bb92c30d,PROVIDER,1000,itemstocksubmodel-api-asset@BPNL00000003AYRE,0ef26eaf-3d7c-479a-9a01-d5fa6d5cdd8e,fc0c1dce-490b-4980-9bb9-0c2324448ff4,1791481864696,1791481866662,1791481866662,1,
6ca15ff2-56cd-4f9e-8209-075ab0fbc72c,PROVIDER,1000,DigitalTwinRegistryId@BPNL00000003AYRE,83673ffd-c48c-429a-b6c6-7e8dac70b874,d6f0e500-94bb-4b0e-b228-7631dd70a387,1791481866034,1791481869040,1791481869040,1,
bcde1a11-6b35-4d0f-9a59-d53fe540eb19,PROVIDER,1000,itemstocksubmodel-api-asset@BPNL00000003AYRE,0ef26eaf-3d7c-479a-9a01-d5fa6d5cdd8e,3e0632b1-4f76-47b7-8f11-982417e28b97,1791481868042,1791481870147,1791481870147,1,
6bd8e9bb-4257-42c5-a6f2-cdadfaf9bbaa,PROVIDER,1000,DigitalTwinRegistryId@BPNL00000003AYRE,83673ffd-c48c-429a-b6c6-7e8dac70b874,ae00aa03-bbd4-4a93-979c-803df64084ed,1791481868056,1791481871495,1791481871495,1,
7c220a9b-dce0-40f7-828f-a6643f8428c9,PROVIDER,1000,itemstocksubmodel-api-asset@BPNL00000003AYRE,0ef26eaf-3d7c-479a-9a01-d5fa6d5cdd8e,4be57491-b906-49cd-958a-74cd39eeb6f3,1791481870337,1791481872873,1791481872873,1,
857b0f50-5d58-479a-a88e-c0748d745f2d,PROVIDER,1000,DigitalTwinRegistryId@BPNL00000003AYRE,83673ffd-c48c-429a-b6c6-7e8dac70b874,0ae4241a-e531-4395-af56-269e1bace27e,1791481870347,1791481873053,1791481873053,1,
e094facd-2e3f-445b-ae1b-9db714ed230c,PROVIDER,1000,itemstocksubmodel-api-asset@BPNL00000003AYRE,0ef26eaf-3d7c-479a-9a01-d5fa6d5cdd8e,ff75e960-f07e-467f-8441-eb3bd8feb34a,1791481872230,1791481874333,1791481874333,1,
7e0fd265-16d8-4795-aac1-9d2b236d10f3,PROVIDER,1000,DigitalTwinRegistryId@BPNL00000003AYRE,83673ffd-c48c-429a-b6c6-7e8dac70b874,d55b048c-fdf5-4381-8946-0972594eedc8,1791481873348,1791481876860,1791481876860,1,
6dc3f6c6-0d3e-466f-bb5d-2fa4722e244e,PROVIDER,1000,itemstocksubmodel-api-asset@BPNL00000003AYRE,0ef26eaf-3d7c-479a-9a01-d5fa6d5cdd8e,e159e1e3-e7cc-464b-866a-03f763ea8150,1791481875495,1791481878391,1791481878391,1,
3fed43e6-733e-417a-bac5-672122babcbf,PROVIDER,1000,DigitalTwinRegistryId@BPNL00000003AYRE,83673ffd-c48c-429a-b6c6-7e8dac70b874,5ad05c60-3a96-4119-a688-bffd60b81567,1791481875509,1791481878406,1791481878406,1,
3995726f-67c3-4efd-98d6-9ceaca65fa2d,PROVIDER,1000,itemstocksubmodel-api-asset@BPNL00000003AYRE,0ef26eaf-3d7c-479a-9a01-d5fa6d5cdd8e,8513530a-46ef-468a-a5d7-ce30052908ff,1791481877715,1791481879683,1791481879683,1,
16cf5878-5df8-432d-a698-935343d80571,PROVIDER,1000,DigitalTwinRegistryId@BPNL00000003AYRE,83673ffd-c48c-429a-b6c6-7e8dac70b874,1344c1ae-f9b2-4be3-a6d5-af48dace4006,1791481877731,1791481879695,1791481879695,1,
ec66ed50-4ca4-4207-adfc-c94a865625ef,PROVIDER,1000,itemstocksubmodel-api-asset@BPNL00000003AYRE,0ef26eaf-3d7c-479a-9a01-d5fa6d5cdd8e,c42df0c0-d1de-492b-9454-c3fa892e7ad9,1791481878911,1791481880857,1791481880857,1,
da7273c6-e79f-4826-b065-fbe3cb238a2f,PROVIDER,1000,DigitalTwinRegistryId@BPNL00000003AYRE,83673ffd-c48c-429a-b6c6-7e8dac70b874,67a59c7c-a812-4a87-b469-f1126ff10899,1791481881177,1791481883465,1791481883465,1,
d3b87442-2ee3-4a4e-b1fd-6928582c1d20,PROVIDER,1000,itemstocksubmodel-api-asset@BPNL00000003AYRE,0ef26eaf-3d7c-479a-9a01-d5fa6d5cdd8e,37d2046b-cba0-4deb-b2c7-ea0de2883d26,1791481882429,1791481884951,1791481884951,1,
3887c076-b853-47a7-94b7-e617458bce69,PROVIDER,1000,DigitalTwinRegistryId@BPNL00000003AYRE,83673ffd-c48c-429a-b6c6-7e8dac70b874,8db4c1db-2475-4817-8a7d-20cecedc7f1f,1791481883142,1791481884962,1791481884962,1,
12c19918-073b-4643-967d-bd7d42b95d68,PROVIDER,1000,itemstocksubmodel-api-asset@BPNL00000003AYRE,0ef26eaf-3d7c-479a-9a01-d5fa6d5cdd8e,0f2bb0f8-1125-41cc-8a94-c11a5dd5e219,1791481884277,1791481886298,1791481886298,1,
272c225f-e5a9-436e-893f-016b03845287,PROVIDER,1000,DigitalTwinRegistryId@BPNL00000003AYRE,83673ffd-c48c-429a-b6c6-7e8dac70b874,91aacb06-27a1-40ed-a621-b8bf98cea9cd,1791481885527,1791481888714,1791481888714,1,
e7959d60-1b8a-44ec-8526-a59f8fdeb65b,PROVIDER,1000,itemstocksubmodel-api-asset@BPNL00000003AYRE,0ef26eaf-3d7c-479a-9a01-d5fa6d5cdd8e,403412cc-685f-4e9e-9bb2-a2d63270a029,1791481887714,1791481890045,1791481890045,1,
21001bac-61eb-4509-939a-21dce01ba7c6,PROVIDER,1000,DigitalTwinRegistryId@BPNL00000003AYRE,83673ffd-c48c-429a-b6c6-7e8dac70b874,ee2f314e-b383-43ec-830d-b68fc265d707,1791481887729,1791481890035,1791481890035,1,
fbc70454-199b-4203-94d5-2889116f00b3,PROVIDER,1000,itemstocksubmodel-api-asset@BPNL00000003AYRE,0ef26eaf-3d7c-479a-9a01-d5fa6d5cdd8e,16942b66-8a1c-4ac9-a447-3695ba55d609,1791481888875,1791481890173,1791481890173,1,
9a97fd00-532c-44e3-b825-194049f328db,PROVIDER,1000,DigitalTwinRegistryId@BPNL00000003AYRE,83673ffd-c48c-429a-b6c6-7e8dac70b874,973daeeb-9efa-4dd1-ba5b-c3ad1a791fe2,1791481891171,1791481892710,1791481892710,1,
533e6d1c-7de0-497d-b153-31e81a111a5b,PROVIDER,1000,itemstocksubmodel-api-asset@BPNL00000003AYRE,0ef26eaf-3d7c-479a-9a01-d5fa6d5cdd8e,97f4f4b3-408e-42ce-b50e-c3365482e7e9,1791481892330,1791481894062,1791481894062,1,
108748bd-d208-4559-9b4c-f33b24ca46fe,PROVIDER,1000,DigitalTwinRegistryId@BPNL00000003AYRE,83673ffd-c48c-429a-b6c6-7e8dac70b874,4dcf187f-5851-4833-8cb6-d95cecde4a71,1791481893662,1791481895284,1791481895284,1,
65179e68-7982-4f69-a1e7-c4ec9479831d,PROVIDER,1000,itemstocksubmodel-api-asset@BPNL00000003AYRE,0ef26eaf-3d7c-479a-9a01-d5fa6d5cdd8e,f9b84180-7687-47f6-86f5-f5db85dc1d18,1791481894791,1791481896549,1791481896549,1,
40308cad-1f3b-4d79-b3b0-f799e3e62976,PROVIDER,1000,DigitalTwinRegistryId@BPNL00000003AYRE,83673ffd-c48c-429a-b6c6-7e8dac70b874,c5c7ed71-b136-4184-b244-3f22c50af7b1,1791481895961,1791481897820,1791481897820,1,
04a31289-04ce-487d-9ed9-87e2a9abfd00,PROVIDER,1000,itemstocksubmodel-api-asset@BPNL00000003AYRE,0ef26eaf-3d7c-479a-9a01-d5fa6d5cdd8e,652537dc-6205-4495-9451-0b4405621201,1791481897091,1791481899141,1791481899141,1,
d4ff167f-0a55-4c1d-9065-6c403db83372,PROVIDER,1000,DigitalTwinRegistryId@BPNL00000003AYRE,83673ffd-c48c-429a-b6c6-7e8dac70b874,20dea0ad-6899-4f1e-958d-7a856b1a9835,1791481898266,1791481901617,1791481901617,1,
9e811efb-5415-4dc5-a367-32c0212f582e,PROVIDER,1000,itemstocksubmodel-api-asset@BPNL00000003AYRE,0ef26eaf-3d7c-479a-9a01-d5fa6d5cdd8e,13355c16-c73a-4d49-ae8c-e2799bb8185b,1791481900505,1791481902904,1791481902904,1,
3d17dba3-a61c-44fd-b5c2-e5b217ba3993,PROVIDER,1000,DigitalTwinRegistryId@BPNL00000003AYRE,83673ffd-c48c-429a-b6c6-7e8dac70b874,2fc02e22-5e7d-4695-ab73-8ada19e83150,1791481900521,1791481902914,1791481902914,1,
f50e338a-e6e3-4dc1-b862-7841eb214528,PROVIDER,1000,itemstocksubmodel-api-asset@BPNL00000003AYRE,0ef26eaf-3d7c-479a-9a01-d5fa6d5cdd8e,4c84546c-1c25-4e95-bd2a-1b984ea7a444,1791481902529,1791481904159,1791481904159,1,
c961cb2b-2d9d-4368-aa0f-043d7d6b5f7c,PROVIDER,1000,DigitalTwinRegistryId@BPNL00000003AYRE,83673ffd-c48c-429a-b6c6-7e8dac70b874,89831ed4-7e07-4f89-b365-ce45e70863a6,1791481903366,1791481905477,1791481905477,1,
bb01208d-6d97-4c8c-9d90-ff9f93d6b23c,PROVIDER,1000,itemstocksubmodel-api-asset@BPNL00000003AYRE,0ef26eaf-3d7c-479a-9a01-d5fa6d5cdd8e,71130e25-4b0b-4a66-97fb-932819b90c56,1791481904552,1791481906760,1791481906760,1,
8549ff15-7ee7-4291-b380-6a8eed8978c4,PROVIDER,1000,DigitalTwinRegistryId@BPNL00000003AYRE,83673ffd-c48c-429a-b6c6-7e8dac70b874,12ab264b-7be9-42ab-80b0-576535c99974,1791481905834,1791481909148,1791481909148,1,
f7150c12-3d41-4e19-a13d-6e680b143b8e,PROVIDER,1000,itemstocksubmodel-api-asset@BPNL00000003AYRE,0ef26eaf-3d7c-479a-9a01-d5fa6d5cdd8e,e4d271c4-cd73-4ba4-b48a-8a3d46f2b538,1791481907915,1791481911647,1791481911647,1,
106880d5-a041-4ef2-b4c1-e6f6cfbb526c,PROVIDER,1000,DigitalTwinRegistryId@BPNL00000003AYRE,83673ffd-c48c-429a-b6c6-7e8dac70b874,d34c7c43-00a2-4072-b410-f0a467b610aa,1791481907927,1791481911655,1791481911655,1,
d251b520-e810-4b64-9ef3-e396da9e85b7,PROVIDER,1000,itemstocksubmodel-api-asset@BPNL00000003AYRE,0ef26eaf-3d7c-479a-9a01-d5fa6d5cdd8e,eb29e5b7-1116-451e-a361-c5d344591ea1,1791481910222,1791481914273,1791481914273,1,
521f5214-5ebf-4a9b-bbea-e393fff47ea1,PROVIDER,1000,DigitalTwinRegistryId@BPNL00000003AYRE,83673ffd-c48c-429a-b6c6-7e8dac70b874,c5b0aa1e-5718-4df3-8cec-2e083617f602,1791481910234,1791481914283,1791481914283,1,
04da41dd-0546-4b66-8e7e-943672c06234,PROVIDER,1000,itemstocksubmodel-api-asset@BPNL00000003AYRE,0ef26eaf-3d7c-479a-9a01-d5fa6d5cdd8e,989de205-e9a0-42dd-a0df-fd9634ef2022,1791481912864,1791481915834,1791481915834,1,
fb87f412-d33e-4320-af15-208157b817dd,PROVIDER,1000,DigitalTwinRegistryId@BPNL00000003AYRE,83673ffd-c48c-429a-b6c6-7e8dac70b874,d257b6b6-530e-41e1-b105-da9452b46b9a,1791481913176,1791481915841,1791481915841,1,
81275990-43bf-4d81-a824-bc4168c6ba1c,PROVIDER,1000,itemstocksubmodel-api-asset@BPNL00000003AYRE,0ef26eaf-3d7c-479a-9a01-d5fa6d5cdd8e,77b7aa74-9360-4dc9-93ad-a47027fb6a40,1791481914390,1791481916652,1791481916652,1,
8032e4cc-b8f7-4cd3-b190-1c3d0c58704a,PROVIDER,1000,DigitalTwinRegistryId@BPNL00000003AYRE,83673ffd-c48c-429a-b6c6-7e8dac70b874,94598bad-b459-404c-8547-48bdd5c22131,1791481915652,1791481918142,1791481918142,1,
6a4f0404-38a1-4b67-898b-6e66f62e02cd,PROVIDER,1000,itemstocksubmodel-api-asset@BPNL00000003AYRE,0ef26eaf-3d7c-479a-9a01-d5fa6d5cdd8e,7647c3d0-e7fb-473a-8040-4820d0c719fd,1791481916865,1791481919534,1791481919534,1,
c09e092a-9b71-4b54-92ee-62af4c238ddb,PROVIDER,1000,DigitalTwinRegistryId@BPNL00000003AYRE,83673ffd-c48c-429a-b6c6-7e8dac70b874,5cc3e77f-3cfb-4dec-8df7-5175eb3ad590,1791481918005,1791481919543,1791481919543,1,
dfe52900-39c7-43e8-b837-09cee3a4c88c,PROVIDER,1000,itemstocksubmodel-api-asset@BPNL00000003AYRE,0ef26eaf-3d7c-479a-9a01-d5fa6d5cdd8e,9995d855-5616-4d80-bc26-d523d165a37f,1791481919175,1791481920871,1791481920871,1,
b12e9902-1d6e-481a-8785-461907278c13,PROVIDER,1000,DigitalTwinRegistryId@BPNL00000003AYRE,83673ffd-c48c-429a-b6c6-7e8dac70b874,e1142d5e-f0b8-4dec-af28-7b20fccd3de2,1791481920363,1791481922144,1791481922144,1,
2beb3d69-ab96-4615-9206-ca4dcfedef30,PROVIDER,1000,itemstocksubmodel-api-asset@BPNL00000003AYRE,0ef26eaf-3d7c-479a-9a01-d5fa6d5cdd8e,adaad554-5db9-4233-a306-8165b3a56a4b,1791481921528,1791481923363,1791481923363,1,
627982e0-b664-4271-a058-f0ff87b6af40,PROVIDER,1000,DigitalTwinRegistryId@BPNL00000003AYRE,83673ffd-c48c-429a-b6c6-7e8dac70b874,0f0bcd4e-00b2-4f36-9b86-61208cad7387,1791481923061,1791481924622,1791481924622,1,
56e886d5-d808-4cf6-b5b3-884546e1c7fb,PROVIDER,1000,itemstocksubmodel-api-asset@BPNL00000003AYRE,0ef26eaf-3d7c-479a-9a01-d5fa6d5cdd8e,74737485-0789-4a76-802e-1f223230a721,1791481924245,1791481926305,1791481926305,1,
bc19dd95-23b7-4692-b19b-5b2f51c26753,PROVIDER,1000,DigitalTwinRegistryId@BPNL00000003AYRE,83673ffd-c48c-429a-b6c6-7e8dac70b874,1007028c-d570-499d-a845-57e31f81889c,1791481925469,1791481927821,1791481927821,1,
8cb3a043-c14e-4dc3-aec8-2046cd63456b,PROVIDER,1000,itemstocksubmodel-api-asset@BPNL00000003AYRE,0ef26eaf-3d7c-479a-9a01-d5fa6d5cdd8e,ce1b14dc-a173-41df-b4b1-b97e3a1f782f,1791481926663,1791481928162,1791481928162,1,
ce79c9c1-3faf-4058-acad-d9fcccc5b0b6,PROVIDER,1000,DigitalTwinRegistryId@BPNL00000003AYRE,83673ffd-c48c-429a-b6c6-7e8dac70b874,18c0ef2f-1033-4449-b96e-b3ab1a0e1c91,1791481927807,1791481929451,1791481929451,1,
9464ae74-81d4-43d2-a931-e1776b3566cd,PROVIDER,1000,itemstocksubmodel-api-asset@BPNL00000003AYRE,0ef26eaf-3d7c-479a-9a01-d5fa6d5cdd8e,2ddaa11b-839b-4a6f-9c91-68b6abaa8463,1791481929085,1791481930722,1791481930722,1,
4987919f-2704-45f8-a56d-8b1a67523572,PROVIDER,1000,DigitalTwinRegistryId@BPNL00000003AYRE,83673ffd-c48c-429a-b6c6-7e8dac70b874,2f8ec1a0-b5da-4ae8-a96d-af84184b6454,1791481930280,1791481931940,1791481931940,1,
fb966ec5-4425-4d6c-ae4b-e4d17330b6c2,PROVIDER,1000,itemstocksubmodel-api-asset@BPNL00000003AYRE,0ef26eaf-3d7c-479a-9a01-d5fa6d5cdd8e,b6ec8ba5-b055-4e20-b213-3f470c253012,1791481931471,1791481934197,1791481934197,1,
350d6be2-906d-4eef-a167-f59b56f478c4,PROVIDER,1000,DigitalTwinRegistryId@BPNL00000003AYRE,83673ffd-c48c-429a-b6c6-7e8dac70b874,21731da2-cbf2-4c74-b753-3d9924e3bfa8,1791481932965,1791481935911,1791481935911,1,
56f4d648-6ad8-4774-a2f4-9af368ac76b5,PROVIDER,1000,itemstocksubmodel-api-asset@BPNL00000003AYRE,0ef26eaf-3d7c-479a-9a01-d5fa6d5cdd8e,00d3f3f8-de08-43b3-8481-9aa943cfa5a3,1791481935166,1791481937899,1791481937899,1,
4fd11d57-dd70-48a1-a13a-3bc90085d688,PROVIDER,1000,DigitalTwinRegistryId@BPNL00000003AYRE,83673ffd-c48c-429a-b6c6-7e8dac70b874,27f7c760-0c53-4cbd-9148-6745c7c306b9,1791481935196,1791481937918,1791481937918,1,
1d6a2da8-b86f-4f3a-8d26-bc19512d02f0,PROVIDER,1000,itemstocksubmodel-api-asset@BPNL00000003AYRE,0ef26eaf-3d7c-479a-9a01-d5fa6d5cdd8e,8ddfcaf1-c3fd-441b-94eb-170a2ac96eb2,1791481936437,1791481939152,1791481939152,1,
84d5d634-1abb-4431-b501-da494e971a4d,PROVIDER,1000,DigitalTwinRegistryId@BPNL00000003AYRE,83673ffd-c48c-429a-b6c6-7e8dac70b874,f7c8c0fe-b92d-46d6-a11f-8d0f14d87594,1791481938619,1791481940381,1791481940381,1,
67d9441c-df9a-4ad4-a76a-b576559f81fd,PROVIDER,1000,itemstocksubmodel-api-asset@BPNL00000003AYRE,0ef26eaf-3d7c-479a-9a01-d5fa6d5cdd8e,8d7f4e1b-2be7-4c4e-a11d-10a33ba13693,1791481939808,1791481941618,1791481941618,1,
5e7a2d9d-21e1-4704-9dc9-93eea4c69a60,PROVIDER,1000,DigitalTwinRegistryId@BPNL00000003AYRE,83673ffd-c48c-429a-b6c6-7e8dac70b874,54bf7c21-b1eb-407c-9539-a5c05da96c2c,1791481941030,1791481942951,1791481942951,1,
ba838994-290e-4721-ae3f-2650ffb8950d,PROVIDER,1000,itemstocksubmodel-api-asset@BPNL00000003AYRE,0ef26eaf-3d7c-479a-9a01-d5fa6d5cdd8e,ae7a7dd1-6877-45ff-87b0-f43b239affbd,1791481942233,1791481944192,1791481944192,1,
d2e43279-ee09-4464-8b4c-a86b4b26fc6f,PROVIDER,1000,DigitalTwinRegistryId@BPNL00000003AYRE,83673ffd-c48c-429a-b6c6-7e8dac70b874,e272c284-c259-4500-ba62-1c0cbdaffade,1791481943515,1791481945425,1791481945425,1,
018a82f2-1eb3-4da3-93b1-85f9621391c7,PROVIDER,1000,itemstocksubmodel-api-asset@BPNL00000003AYRE,0ef26eaf-3d7c-479a-9a01-d5fa6d5cdd8e,dd35e208-5edc-4de6-ae54-db92ea2d320e,1791481944815,1791481946666,1791481946666,1,
89edfe73-ece6-4641-b51c-f50631e1b406,PROVIDER,1000,DigitalTwinRegistryId@BPNL00000003AYRE,83673ffd-c48c-429a-b6c6-7e8dac70b874,d75c0649-765b-4044-a740-bb24153abb1f,1791481945934,1791481949050,1791481949050,1,
f1c64a55-fc40-4eea-b075-9a6547919540,PROVIDER,1000,itemstocksubmodel-api-asset@BPNL00000003AYRE,0ef26eaf-3d7c-479a-9a01-d5fa6d5cdd8e,e449130b-598c-4fc4-8678-f733175c5fae,1791481948141,1791481950514,1791481950514,1,
b0015fda-eb2e-428b-9da0-1cb196626ddf,PROVIDER,1000,DigitalTwinRegistryId@BPNL00000003AYRE,83673ffd-c48c-429a-b6c6-7e8dac70b874,77c3db02-d650-4d74-8b83-8b783af86a4c,1791481948162,1791481950525,1791481950525,1,
57cc2d0d-70ba-4c3c-9070-aab30715648f,PROVIDER,1000,itemstocksubmodel-api-asset@BPNL00000003AYRE,0ef26eaf-3d7c-479a-9a01-d5fa6d5cdd8e,b67d6699-d69c-4438-b78f-ca8452146029,1791481949518,1791481951717,1791481951717,1,
b8ce1178-147f-4f92-a661-d4e53dde5a33,PROVIDER,1000,DigitalTwinRegistryId@BPNL00000003AYRE,83673ffd-c48c-429a-b6c6-7e8dac70b874,5b1cda07-bad7-45f7-8f4c-d37f26c6d0ba,1791481950619,1791481954120,1791481954120,1,
71714805-941a-4353-9e0e-dc0e1179ac45,PROVIDER,1000,itemstocksubmodel-api-asset@BPNL00000003AYRE,0ef26eaf-3d7c-479a-9a01-d5fa6d5cdd8e,f03fe2f7-896e-4c52-a6e6-836d7216997f,1791481952858,1791481955849,1791481955849,1,
cc517f9c-c685-410a-80f7-fd2788c37e11,PROVIDER,1000,DigitalTwinRegistryId@BPNL00000003AYRE,83673ffd-c48c-429a-b6c6-7e8dac70b874,426e24e0-81ce-422d-9db6-a5f0a8d01d7f,1791481952871,1791481955934,1791481955934,1,
58c91ef0-af72-4b0a-8d04-a5cc7f37fa77,PROVIDER,1000,itemstocksubmodel-api-asset@BPNL00000003AYRE,0ef26eaf-3d7c-479a-9a01-d5fa6d5cdd8e,3e82772c-eb3d-4d65-aa67-25c0b7444e12,1791481955038,1791481957906,1791481957906,1,
db98440c-7b92-4ed3-9173-f8e3614eb3a8,PROVIDER,1000,DigitalTwinRegistryId@BPNL00000003AYRE,83673ffd-c48c-429a-b6c6-7e8dac70b874,c4a520b0-1b8d-43cd-8a0f-1eded21f2d97,1791481955334,1791481957933,1791481957933,1,
d3644dea-9b10-4b5c-b504-96360fbed569,PROVIDER,1000,itemstocksubmodel-api-asset@BPNL00000003AYRE,0ef26eaf-3d7c-479a-9a01-d5fa6d5cdd8e,a94ab5c3-fa33-4285-a9d3-23410cc4d984,1791481956663,1791481958204,1791481958204,1,
4f75de97-2855-4f51-9f45-499f32d2a653,PROVIDER,1000,DigitalTwinRegistryId@BPNL00000003AYRE,83673ffd-c48c-429a-b6c6-7e8dac70b874,24da1b23-9335-454c-8aaa-55282068ea10,1791481957895,1791481959454,1791481959454,1,
d325bd61-de77-4145-b7b1-d9c5467c91d3,PROVIDER,1000,itemstocksubmodel-api-asset@BPNL00000003AYRE,0ef26eaf-3d7c-479a-9a01-d5fa6d5cdd8e,d341b54c-0f4b-455f-8d5c-27d3ec8d1e43,1791481959066,1791481960689,1791481960689,1,
3d6ec4e9-048c-4255-a10b-2be0153d56a6,PROVIDER,1000,DigitalTwinRegistryId@BPNL00000003AYRE,83673ffd-c48c-429a-b6c6-7e8dac70b874,4e61ec94-f486-4e69-98ec-39f73b0c734d,1791481960275,1791481961960,1791481961960,1,
4794b346-fe94-4091-9a37-71af44731163,PROVIDER,1000,itemstocksubmodel-api-asset@BPNL00000003AYRE,0ef26eaf-3d7c-479a-9a01-d5fa6d5cdd8e,2cabdd7f-5d7a-43dd-9888-638a1dbf21d5,1791481961482,1791481964281,1791481964281,1,
2f2d18a2-6039-4e6d-abc4-847730ee42d2,PROVIDER,1000,DigitalTwinRegistryId@BPNL00000003AYRE,83673ffd-c48c-429a-b6c6-7e8dac70b874,68ab2b4e-5073-4f42-9d8a-6583ef9d0bfa,1791481963168,1791481966822,1791481966822,1,
1f7c405c-c2af-4f1b-aeb8-d62b17e33b44,PROVIDER,1000,itemstocksubmodel-api-asset@BPNL00000003AYRE,0ef26eaf-3d7c-479a-9a01-d5fa6d5cdd8e,769fb876-ede8-4841-850d-97f12b893c4d,1791481965494,1791481968380,1791481968380,1,
280744c6-fbfd-47b8-b571-d827029f8afc,PROVIDER,1000,DigitalTwinRegistryId@BPNL00000003AYRE,83673ffd-c48c-429a-b6c6-7e8dac70b874,6200ad55-0403-4a25-9cb5-1d06841e237f,1791481965512,1791481968389,1791481968389,1,
1f7c60cd-5702-4cb5-bcf7-020fee4b0d85,PROVIDER,1000,itemstocksubmodel-api-asset@BPNL00000003AYRE,0ef26eaf-3d7c-479a-9a01-d5fa6d5cdd8e,0aaf0e85-8972-4b99-9413-c9aa735b774a,1791481967708,1791481969684,1791481969684,1,
92cfcc45-b63b-46d1-a262-daf57514fe29,PROVIDER,1000,DigitalTwinRegistryId@BPNL00000003AYRE,83673ffd-c48c-429a-b6c6-7e8dac70b874,e7b63e85-223a-4a09-aa8f-4d12a08ea100,1791481967727,1791481969697,1791481969697,1,
289d7910-3fa4-432e-8d31-5e9296ef56c8,PROVIDER,1000,itemstocksubmodel-api-asset@BPNL00000003AYRE,0ef26eaf-3d7c-479a-9a01-d5fa6d5cdd8e,bfcd6d5f-6244-4f1d-abb6-d20300a11872,1791481968970,1791481970966,1791481970966,1,
58679935-26e5-483f-9560-c0f6d6646a6e,PROVIDER,1000,DigitalTwinRegistryId@BPNL00000003AYRE,83673ffd-c48c-429a-b6c6-7e8dac70b874,fe87edfc-9b8e-43d2-894c-ef0da7bd6d8d,1791481970236,1791481972224,1791481972224,1,
4d1173e8-b8e7-4b7f-b99f-df1cf268b9c5,PROVIDER,1000,itemstocksubmodel-api-asset@BPNL00000003AYRE,0ef26eaf-3d7c-479a-9a01-d5fa6d5cdd8e,add3fc23-5fd1-42c5-90a2-4bdde6f14209,1791481971458,1791481973500,1791481973500,1,
14e26312-2356-4f12-9bd0-310c7c9594bb,PROVIDER,1000,DigitalTwinRegistryId@BPNL00000003AYRE,83673ffd-c48c-429a-b6c6-7e8dac70b874,44164bc8-8980-414f-8c1b-34c5b14216de,1791481972870,1791481974845,1791481974845,1,
4e916cea-4f1c-4445-8a39-69d806c33d5e,PROVIDER,1000,itemstocksubmodel-api-asset@BPNL00000003AYRE,0ef26eaf-3d7c-479a-9a01-d5fa6d5cdd8e,e92936c5-64de-43a8-829f-33d6a987463a,1791481974071,1791481976105,1791481976105,1,
07e8dd83-c7ff-4054-8c62-fd5b7573a665,PROVIDER,1000,DigitalTwinRegistryId@BPNL00000003AYRE,83673ffd-c48c-429a-b6c6-7e8dac70b874,ed61a4be-5c6a-4eaf-9290-64f38d98ff51,1791481975343,1791481977847,1791481977847,1,
c6610764-0346-4c84-b72b-b71dd81c40ee,PROVIDER,1000,itemstocksubmodel-api-asset@BPNL00000003AYRE,0ef26eaf-3d7c-479a-9a01-d5fa6d5cdd8e,fb025eab-a6b4-458e-972a-beba539cf6f5,1791481976504,1791481979118,1791481979118,1,
00ddd66e-4929-48dc-9024-dd930b22b41a,PROVIDER,1000,DigitalTwinRegistryId@BPNL00000003AYRE,83673ffd-c48c-429a-b6c6-7e8dac70b874,fbc64adf-921f-41d0-9b0f-cfe1bd158145,1791481978594,1791481980428,1791481980428,1,
92caeafb-57e2-4461-996d-d2fd7632dbfe,PROVIDER,1000,itemstocksubmodel-api-asset@BPNL00000003AYRE,0ef26eaf-3d7c-479a-9a01-d5fa6d5cdd8e,03b15446-eea1-44d4-8406-5a2987eee275,1791481979779,1791481981725,1791481981725,1,
a4b72ec3-bb72-4e7b-8e47-1d845ce8998b,PROVIDER,1000,DigitalTwinRegistryId@BPNL00000003AYRE,83673ffd-c48c-429a-b6c6-7e8dac70b874,ccc3c45d-9240-4665-ae20-5ab6183ed40e,1791481980909,1791481983046,1791481983046,1,
07532614-7308-4fcb-a723-9920e51df81e,PROVIDER,1000,itemstocksubmodel-api-asset@BPNL00000003AYRE,0ef26eaf-3d7c-479a-9a01-d5fa6d5cdd8e,39c59312-c606-4329-9f1d-685cdab41818,1791481982092,1791481984332,1791481984332,1,
939b19e1-85ab-4c6d-8a80-4a194fc68bf6,PROVIDER,1000,DigitalTwinRegistryId@BPNL00000003AYRE,83673ffd-c48c-429a-b6c6-7e8dac70b874,d1a92fe0-c1ee-41fd-9df4-73e9b129959a,1791481983242,1791481986690,1791481986690,1,
d336cc54-e499-4925-8294-6099c4674dd7,PROVIDER,1000,itemstocksubmodel-api-asset@BPNL00000003AYRE,0ef26eaf-3d7c-479a-9a01-d5fa6d5cdd8e,cff6ba29-c6cc-4c55-a7c0-764c074a0425,1791481985429,1791481989212,1791481989212,1,
364bc46a-dd71-4674-a096-20dd866cbbd4,PROVIDER,1000,DigitalTwinRegistryId@BPNL00000003AYRE,83673ffd-c48c-429a-b6c6-7e8dac70b874,edb14d47-e847-42e3-8985-db4bced6f77c,1791481985443,1791481989221,1791481989221,1,
8ed7fc5b-4669-4f41-8f85-57dc10aa9b8f,PROVIDER,1000,itemstocksubmodel-api-asset@BPNL00000003AYRE,0ef26eaf-3d7c-479a-9a01-d5fa6d5cdd8e,66d699d3-7df0-4f7a-9fa4-03a07e2560fb,1791481987929,1791481989344,1791481989344,1,
b14f5c37-d28b-4a42-aa92-a7505605add6,PROVIDER,1000,DigitalTwinRegistryId@BPNL00000003AYRE,83673ffd-c48c-429a-b6c6-7e8dac70b874,2bdc53ca-f9a2-405e-88e1-25c335eff7ae,1791481987944,1791481990706,1791481990706,1,
795b8165-9a56-47ac-aeb8-644a97ff71c2,PROVIDER,1000,itemstocksubmodel-api-asset@BPNL00000003AYRE,0ef26eaf-3d7c-479a-9a01-d5fa6d5cdd8e,502af2e1-c9b1-4860-98ef-20e9f74850d8,1791481990253,1791481993037,1791481993037,1,
fa124d62-1379-48b7-9a6c-68821654e5b5,PROVIDER,1000,DigitalTwinRegistryId@BPNL00000003AYRE,83673ffd-c48c-429a-b6c6-7e8dac70b874,a3d91b66-8bf2-46df-963e-77bf35fa0ba5,1791481990268,1791481993048,1791481993048,1,
a3e122f2-6271-4d2c-adda-653735689eb6,PROVIDER,1000,itemstocksubmodel-api-asset@BPNL00000003AYRE,0ef26eaf-3d7c-479a-9a01-d5fa6d5cdd8e,d4c88cc8-0b86-4327-94f3-65e88e4bdc6a,1791481991929,1791481994462,1791481994462,1,
81fcf68e-0e78-4b1e-b414-ee065664a41f,PROVIDER,1000,DigitalTwinRegistryId@BPNL00000003AYRE,83673ffd-c48c-429a-b6c6-7e8dac70b874,70020cd7-076b-4a48-8f51-42cc721ff62b,1791481993289,1791481996311,1791481996311,1,
c2d7dcb4-7767-49ed-9d70-cf6d51726b11,PROVIDER,1000,itemstocksubmodel-api-asset@BPNL00000003AYRE,0ef26eaf-3d7c-479a-9a01-d5fa6d5cdd8e,8549336e-49a5-423b-8d7e-272b32f67e3a,1791481995483,1791481998030,1791481998030,1,
8eb266e4-8978-4db3-ac47-ace22fe6a266,PROVIDER,1000,DigitalTwinRegistryId@BPNL00000003AYRE,83673ffd-c48c-429a-b6c6-7e8dac70b874,e32e07b4-bd13-43b4-a90c-6bc368709b93,1791481995501,1791481998375,1791481998375,1,
5c896e64-04a1-42c7-99ec-1ce53eacfae8,PROVIDER,1000,itemstocksubmodel-api-asset@BPNL00000003AYRE,0ef26eaf-3d7c-479a-9a01-d5fa6d5cdd8e,f356d39a-a14c-4047-b53d-5a6f30ec93e1,1791481997759,1791481999719,1791481999719,1,
1062b8e8-9f57-4f2b-87a6-e09888d6d751,PROVIDER,1000,DigitalTwinRegistryId@BPNL00000003AYRE,83673ffd-c48c-429a-b6c6-7e8dac70b874,61ce22d0-e390-4549-bfab-b27d10710bfc,1791481997779,1791481999735,1791481999735,1,
32ed63f3-3318-4b88-a7a0-2b25886bb242,PROVIDER,1000,itemstocksubmodel-api-asset@BPNL00000003AYRE,0ef26eaf-3d7c-479a-9a01-d5fa6d5cdd8e,9c29959c-c1f8-4e96-8270-cff3dcc3e3c8,1791481998969,1791482001126,1791482001126,1,
eb3af89c-cdb2-4c04-b772-528d6cabcedc,PROVIDER,1000,DigitalTwinRegistryId@BPNL00000003AYRE,83673ffd-c48c-429a-b6c6-7e8dac70b874,de877e64-d32a-467e-9f5d-76a4d5fb76f3,1791482000159,1791482002405,1791482002405,1,
af1e3b11-2a4c-4cb1-be02-ea80a8dd0d8c,PROVIDER,1000,itemstocksubmodel-api-asset@BPNL00000003AYRE,0ef26eaf-3d7c-479a-9a01-d5fa6d5cdd8e,c24521d3-a45f-4287-9dd6-ac83ae3829ad,1791482001328,1791482003673,1791482003673,1,
646440ed-d0cd-493a-95f9-a9f4777331d1,PROVIDER,1000,DigitalTwinRegistryId@BPNL00000003AYRE,83673ffd-c48c-429a-b6c6-7e8dac70b874,e595a06d-a99b-4d91-8615-ea685e5d1ebf,1791482003076,1791482004975,1791482004975,1,
0045503a-31c0-43bf-bb6e-35c130f51945,PROVIDER,1000,itemstocksubmodel-api-asset@BPNL00000003AYRE,0ef26eaf-3d7c-479a-9a01-d5fa6d5cdd8e,eacbb59f-8216-4c39-9921-d9b25c1fcd16,1791482004317,1791482006341,1791482006341,1,
0ba247f7-cf6c-456e-9250-42a4a6dd1c4c,PROVIDER,1000,DigitalTwinRegistryId@BPNL00000003AYRE,83673ffd-c48c-429a-b6c6-7e8dac70b874,1b73f4b1-9501-46de-85b7-d323843c3ec5,1791482005475,1791482008890,1791482008890,1,
2a617c4c-59db-4d25-930a-7674fbafc6fb,PROVIDER,1000,itemstocksubmodel-api-asset@BPNL00000003AYRE,0ef26eaf-3d7c-479a-9a01-d5fa6d5cdd8e,210ec2c0-f226-450a-8e81-44fe37637fb1,1791482007729,1791482010055,1791482010055,1,
9e0b7381-3cd7-4b6b-b189-87561c9ca55a,PROVIDER,1000,DigitalTwinRegistryId@BPNL00000003AYRE,83673ffd-c48c-429a-b6c6-7e8dac70b874,132a0db0-67d4-43b3-9523-597173100f07,1791482007746,1791482011524,1791482011524,1,
4f907159-0918-468f-b5f9-3c83a8c75bc4,PROVIDER,1000,itemstocksubmodel-api-asset@BPNL00000003AYRE,0ef26eaf-3d7c-479a-9a01-d5fa6d5cdd8e,f334390b-2bf1-41a6-aa74-9af72ef891d3,1791482010108,1791482012791,1791482012791,1,
012b360a-965b-4cbd-a8ab-36f7becc1771,PROVIDER,1000,DigitalTwinRegistryId@BPNL00000003AYRE,83673ffd-c48c-429a-b6c6-7e8dac70b874,2e4ec927-493f-447d-a771-bdf0e19a982f,1791482010197,1791482012804,1791482012804,1,
edbd7848-3216-4c58-b656-252c9ec7da3e,PROVIDER,1000,itemstocksubmodel-api-asset@BPNL00000003AYRE,0ef26eaf-3d7c-479a-9a01-d5fa6d5cdd8e,abfa475e-4c25-47a9-ab6d-669633f2c7f7,1791482012328,1791482014035,1791482014035,1,
395244f6-4d27-4509-adb8-2c46f35e2855,PROVIDER,1000,DigitalTwinRegistryId@BPNL00000003AYRE,83673ffd-c48c-429a-b6c6-7e8dac70b874,9f5f3b2c-2ffa-4940-a660-bfe2fa4c9f8e,1791482013741,1791482016506,1791482016506,1,
f822cac8-290b-459f-b3de-5c570a7a988e,PROVIDER,1000,itemstocksubmodel-api-asset@BPNL00000003AYRE,0ef26eaf-3d7c-479a-9a01-d5fa6d5cdd8e,40d8a8d8-6ffe-45cf-9e2e-f275967cd35a,1791482015059,1791482017955,1791482017955,1,
000e3e36-e9fe-44e7-95b9-8c820c7490b9,PROVIDER,1000,DigitalTwinRegistryId@BPNL00000003AYRE,83673ffd-c48c-429a-b6c6-7e8dac70b874,3feb2cfb-93f1-4080-b1d7-5e3427d7c0e1,1791482015239,1791482017966,1791482017966,1,
31057e0a-4016-4ec6-bd56-ffc94c2018f6,PROVIDER,1000,itemstocksubmodel-api-asset@BPNL00000003AYRE,0ef26eaf-3d7c-479a-9a01-d5fa6d5cdd8e,e52f7625-35bb-46bd-973b-aaa21eefb7d4,1791482017443,1791482019464,1791482019464,1,
3cf3d4e8-ec74-4f0c-bc3a-ac6a57bdc2c1,PROVIDER,1000,DigitalTwinRegistryId@BPNL00000003AYRE,83673ffd-c48c-429a-b6c6-7e8dac70b874,c0587892-0ea1-45bf-a179-a7623c3384f4,1791482017668,1791482019474,1791482019474,1,
1ff2a118-4412-4182-b111-0485485fc294,PROVIDER,1000,itemstocksubmodel-api-asset@BPNL00000003AYRE,0ef26eaf-3d7c-479a-9a01-d5fa6d5cdd8e,671d96aa-96ea-404b-bfd8-aa72321874de,1791482018825,1791482020915,1791482020915,1,
b21b40db-4fdd-4c93-83c0-fd9df28cee7b,PROVIDER,1000,DigitalTwinRegistryId@BPNL00000003AYRE,83673ffd-c48c-429a-b6c6-7e8dac70b874,25703f5c-da99-45ae-b82a-2c191651504a,1791482020161,1791482022173,1791482022173,1,
5bea8ab5-c1e9-48a0-b0e3-4ec44f8cc968,PROVIDER,1000,itemstocksubmodel-api-asset@BPNL00000003AYRE,0ef26eaf-3d7c-479a-9a01-d5fa6d5cdd8e,68650ec3-a148-4893-9bbd-4694bc87903c,1791482021428,1791482023410,1791482023410,1,
b34ee70a-90f7-473d-bd7c-03f382d19f39,PROVIDER,1000,DigitalTwinRegistryId@BPNL00000003AYRE,83673ffd-c48c-429a-b6c6-7e8dac70b874,d2b5dc68-f799-41fb-9370-e0ac25eb1427,1791482022982,1791482024612,1791482024612,1,
30b0bdac-919c-4a6c-9255-c435ed91a477,PROVIDER,1000,itemstocksubmodel-api-asset@BPNL00000003AYRE,0ef26eaf-3d7c-479a-9a01-d5fa6d5cdd8e,2894e733-051a-4c1e-8c89-4885bce167a4,1791482024128,1791482026113,1791482026113,1,
8e50d2bf-f638-496d-84db-33ed49f8270a,PROVIDER,1000,DigitalTwinRegistryId@BPNL00000003AYRE,83673ffd-c48c-429a-b6c6-7e8dac70b874,e0278646-e4f0-4d26-95fd-bbb7780aaefa,1791482025365,1791482027843,1791482027843,1,
ef0d87aa-6652-4319-8bbe-080afb58562d,PROVIDER,1000,itemstocksubmodel-api-asset@BPNL00000003AYRE,0ef26eaf-3d7c-479a-9a01-d5fa6d5cdd8e,ab287dae-3799-4dc4-a86e-6b94338f4963,1791482026490,1791482028078,1791482028078,1,
9457ef36-dabc-436c-ac2b-78c0dc9f0320,PROVIDER,1000,DigitalTwinRegistryId@BPNL00000003AYRE,83673ffd-c48c-429a-b6c6-7e8dac70b874,49910731-df94-47a9-a445-53c14248c613,1791482027744,1791482029371,1791482029371,1,
301c2707-d62c-4e44-a500-9ff3d3d8fe33,PROVIDER,1000,itemstocksubmodel-api-asset@BPNL00000003AYRE,0ef26eaf-3d7c-479a-9a01-d5fa6d5cdd8e,bc486717-c5ed-49d5-b2e5-0c95b6e6f19d,1791482028864,1791482030521,1791482030521,1,
44343c47-c82c-4d70-a724-ba2c65a83181,PROVIDER,1000,DigitalTwinRegistryId@BPNL00000003AYRE,83673ffd-c48c-429a-b6c6-7e8dac70b874,a7887656-3c64-49ab-b926-8590080eb23a,1791482031127,1791482032900,1791482032900,1,
7af3003c-ac6e-4a7b-97f7-46064f6d1783,PROVIDER,1000,itemstocksubmodel-api-asset@BPNL00000003AYRE,0ef26eaf-3d7c-479a-9a01-d5fa6d5cdd8e,c00ee83a-d7f2-42b7-960f-3cc23c4a7af6,1791482032230,1791482034215,1791482034215,1,
72bd06ca-8e2c-408a-9fdf-34b147fdee39,PROVIDER,1000,DigitalTwinRegistryId@BPNL00000003AYRE,83673ffd-c48c-429a-b6c6-7e8dac70b874,4875de0b-eed4-4861-b5d3-8f54a378b360,1791482033355,1791482035492,1791482035492,1,
ffa241a5-7f2d-4ee2-9f26-318f9fe95593,PROVIDER,1000,itemstocksubmodel-api-asset@BPNL00000003AYRE,0ef26eaf-3d7c-479a-9a01-d5fa6d5cdd8e,8b639b67-84ef-4238-90bf-7d5627a67dc8,1791482034553,1791482036854,1791482036854,1,
41bd489c-94dd-4404-b510-61452a49184d,PROVIDER,1000,DigitalTwinRegistryId@BPNL00000003AYRE,83673ffd-c48c-429a-b6c6-7e8dac70b874,b70f9599-5d99-4b38-98ed-174f41b13a6b,1791482035833,1791482039237,1791482039237,1,
7eb5b06d-0581-4e39-9ccd-2ba4187529c9,PROVIDER,1000,itemstocksubmodel-api-asset@BPNL00000003AYRE,0ef26eaf-3d7c-479a-9a01-d5fa6d5cdd8e,ff8d6e36-1e00-49a1-bc15-427609a3396c,1791482037999,1791482040840,1791482040840,1,
5f2d6956-3692-43f7-8d9a-6e8b2d0263e2,PROVIDER,1000,DigitalTwinRegistryId@BPNL00000003AYRE,83673ffd-c48c-429a-b6c6-7e8dac70b874,81cdb45b-f2bf-49cb-ad94-97a73a5869b9,1791482038015,1791482040849,1791482040849,1,
1c0c0af0-7f5d-4145-9a01-be665add552d,PROVIDER,1000,itemstocksubmodel-api-asset@BPNL00000003AYRE,0ef26eaf-3d7c-479a-9a01-d5fa6d5cdd8e,d7518612-16ef-4859-a77b-d86092b24493,1791482040220,1791482042137,1791482042137,1,
11e20427-903b-4312-b41d-3a9e534a9867,PROVIDER,1000,DigitalTwinRegistryId@BPNL00000003AYRE,83673ffd-c48c-429a-b6c6-7e8dac70b874,96e16ea6-25fa-444d-a8c2-bda920ec5c9a,1791482040233,1791482042149,1791482042149,1,
6bc7e5a6-f6db-4a65-af7d-5c6ce581ea4c,PROVIDER,1000,itemstocksubmodel-api-asset@BPNL00000003AYRE,0ef26eaf-3d7c-479a-9a01-d5fa6d5cdd8e,c6923cc5-8005-43b1-a836-7f2bb8271724,1791482041461,1791482043410,1791482043410,1,
b0a85dd6-ea63-4000-ae61-304943d31dd3,PROVIDER,1000,DigitalTwinRegistryId@BPNL00000003AYRE,83673ffd-c48c-429a-b6c6-7e8dac70b874,9c496042-96a2-43e6-8f87-29fa9064da77,1791482042829,1791482044727,1791482044727,1,
659c5831-5398-41ce-ba6a-38dea9628a69,PROVIDER,1000,itemstocksubmodel-api-asset@BPNL00000003AYRE,0ef26eaf-3d7c-479a-9a01-d5fa6d5cdd8e,4247df9c-8b70-4d2d-bbad-054a9b2323c7,1791482043976,1791482046185,1791482046185,1,
8c70faa2-3351-44b1-a424-e02a1a7c67d8,PROVIDER,1000,DigitalTwinRegistryId@BPNL00000003AYRE,83673ffd-c48c-429a-b6c6-7e8dac70b874,e2373520-a471-4b89-9205-0b4a1982f6db,1791482045164,1791482047844,1791482047844,1,
ff9936f9-d171-4e4d-8e57-fb9040a11f76,PROVIDER,1000,itemstocksubmodel-api-asset@BPNL00000003AYRE,0ef26eaf-3d7c-479a-9a01-d5fa6d5cdd8e,3012269f-94c2-451f-b7c8-0ac37d8c0d32,1791482046326,1791482049076,1791482049076,1,
9adc77ee-36c5-46ea-8202-121a89fd6ccb,PROVIDER,1000,DigitalTwinRegistryId@BPNL00000003AYRE,83673ffd-c48c-429a-b6c6-7e8dac70b874,7f28b076-2e5b-4c2a-a942-c73a384224ca,1791482048540,1791482050371,1791482050371,1,
069593c2-a5a8-4821-ba19-730af9599807,PROVIDER,1000,itemstocksubmodel-api-asset@BPNL00000003AYRE,0ef26eaf-3d7c-479a-9a01-d5fa6d5cdd8e,8a4d6c82-b80a-44f0-a62e-f5d728d79a6b,1791482049674,1791482051586,1791482051586,1,
06307c1e-58ed-4dea-86e6-5c93497478d3,PROVIDER,1000,DigitalTwinRegistryId@BPNL00000003AYRE,83673ffd-c48c-429a-b6c6-7e8dac70b874,fb3102d4-4153-4f2a-9d92-3e76db52dae7,1791482050929,1791482052810,1791482052810,1,
5bb3c30e-8f4b-46f8-acf2-87e72d719f71,PROVIDER,1000,itemstocksubmodel-api-asset@BPNL00000003AYRE,0ef26eaf-3d7c-479a-9a01-d5fa6d5cdd8e,b8c92ef6-e11e-4baa-9735-5021a45b73ec,1791482052127,1791482054095,1791482054095,1,
f6db19ef-375b-4580-90a3-b37cae8cfbe6,PROVIDER,1000,DigitalTwinRegistryId@BPNL00000003AYRE,83673ffd-c48c-429a-b6c6-7e8dac70b874,0c8fc16e-5ea8-48eb-8d2e-66eb5e37e88f,1791482053309,1791482055369,1791482055369,1,
6d0a66d6-2361-4fb5-aadc-7cbcde0d18ea,PROVIDER,1000,itemstocksubmodel-api-asset@BPNL00000003AYRE,0ef26eaf-3d7c-479a-9a01-d5fa6d5cdd8e,695314b5-350b-462e-a3bb-31c5a1043c07,1791482054420,1791482056663,1791482056663,1,
2a297143-71b5-4045-8406-58fa187b4b8f,PROVIDER,1000,DigitalTwinRegistryId@BPNL00000003AYRE,83673ffd-c48c-429a-b6c6-7e8dac70b874,82145138-5751-48b4-92cd-b39c65c444f5,1791482055634,1791482059055,1791482059055,1,
b4755d6e-ad94-4a67-9213-d5078e00d78f,PROVIDER,1000,itemstocksubmodel-api-asset@BPNL00000003AYRE,0ef26eaf-3d7c-479a-9a01-d5fa6d5cdd8e,5d6adc22-80d4-43a8-82ef-0cd3bf4284a2,1791482057826,1791482060649,1791482060649,1,
70c5bc0b-d128-4c4b-81b9-c2d0b45a7932,PROVIDER,1000,DigitalTwinRegistryId@BPNL00000003AYRE,83673ffd-c48c-429a-b6c6-7e8dac70b874,2c771588-ed2f-4986-a884-6a108b13dfc4,1791482057841,1791482060661,1791482060661,1,
48d2072e-d36e-4511-9c91-58231a25bb12,PROVIDER,1000,itemstocksubmodel-api-asset@BPNL00000003AYRE,0ef26eaf-3d7c-479a-9a01-d5fa6d5cdd8e,f7a67341-ccff-4959-8d3c-45ab874374fa,1791482059996,1791482061963,1791482061963,1,
fe358e3e-1a8d-4ca5-850a-e38fc1ebefe9,PROVIDER,1000,DigitalTwinRegistryId@BPNL00000003AYRE,83673ffd-c48c-429a-b6c6-7e8dac70b874,010cc956-cb3d-4789-a145-6db67abcf3a5,1791482060180,1791482061971,1791482061971,1,
ca6d5c0e-eb5f-4fdb-92a2-4988901f0da3,PROVIDER,1000,itemstocksubmodel-api-asset@BPNL00000003AYRE,0ef26eaf-3d7c-479a-9a01-d5fa6d5cdd8e,6188ec85-9ec2-474a-9ff9-a740237b40c5,1791482061284,1791482063329,1791482063329,1,
22454202-d9de-44fb-94dc-067d6b62ecaa,PROVIDER,1000,DigitalTwinRegistryId@BPNL00000003AYRE,83673ffd-c48c-429a-b6c6-7e8dac70b874,0184e9b2-8ac1-4ffc-9d33-e1c242cf78d1,1791482062901,1791482064559,1791482064559,1,
2b0c4dc5-67fb-45ab-8121-09df0801b410,PROVIDER,1000,itemstocksubmodel-api-asset@BPNL00000003AYRE,0ef26eaf-3d7c-479a-9a01-d5fa6d5cdd8e,a271a38f-aa16-47c1-b9a3-2829e9c9db85,1791482064060,1791482066243,1791482066243,1,
76caf717-fae4-4ad1-ac20-0954d8c76726,PROVIDER,1000,DigitalTwinRegistryId@BPNL00000003AYRE,83673ffd-c48c-429a-b6c6-7e8dac70b874,8d4ba6fa-e24b-4d94-ad26-fbf5e6082813,1791482065231,1791482067858,1791482067858,1,
51fd3103-3674-4516-bcec-5e13538b258a,PROVIDER,1000,itemstocksubmodel-api-asset@BPNL00000003AYRE,0ef26eaf-3d7c-479a-9a01-d5fa6d5cdd8e,9900dc27-2563-4dd9-87eb-7e26cc6e0fdc,1791482066366,1791482069141,1791482069141,1,
e75f76c2-c08c-4fe9-ad0b-8949f6d22ad4,PROVIDER,1000,DigitalTwinRegistryId@BPNL00000003AYRE,83673ffd-c48c-429a-b6c6-7e8dac70b874,6aa4925b-db41-490f-9311-ef459d34cbba,1791482068518,1791482071448,1791482071448,1,
65365383-7f7b-4dac-99bf-93ef71aec0ef,PROVIDER,1000,itemstocksubmodel-api-asset@BPNL00000003AYRE,0ef26eaf-3d7c-479a-9a01-d5fa6d5cdd8e,768377d1-7eb8-4880-b15f-94cd876fd2f6,1791482070725,1791482072775,1791482072775,1,
d3c87d10-ac0b-4435-a216-6ac4d715f2fe,PROVIDER,1000,DigitalTwinRegistryId@BPNL00000003AYRE,83673ffd-c48c-429a-b6c6-7e8dac70b874,2ade4cc3-620c-4243-8aee-271518a056e2,1791482070741,1791482072783,1791482072783,1,
69436805-6c59-4447-a83a-207e22efe164,PROVIDER,1000,itemstocksubmodel-api-asset@BPNL00000003AYRE,0ef26eaf-3d7c-479a-9a01-d5fa6d5cdd8e,f336d24c-ec63-4fba-8688-550c7e3e7185,1791482071950,1791482074129,1791482074129,1,
c20197fe-3b52-4caa-adc7-8713f2780627,PROVIDER,1000,DigitalTwinRegistryId@BPNL00000003AYRE,83673ffd-c48c-429a-b6c6-7e8dac70b874,b0ba8f15-e6ff-4fba-ba08-55af2327f45c,1791482073162,1791482075526,1791482075526,1,
18e09b7a-63ed-408b-8b62-bbe16f733723,PROVIDER,1000,itemstocksubmodel-api-asset@BPNL00000003AYRE,0ef26eaf-3d7c-479a-9a01-d5fa6d5cdd8e,d8be86a6-ffe5-4f39-bb0e-11b3ca1a29c4,1791482074362,1791482076789,1791482076789,1,
2fdbc2b5-721e-4e3b-ac75-e7ae81a1d28b,PROVIDER,1000,DigitalTwinRegistryId@BPNL00000003AYRE,83673ffd-c48c-429a-b6c6-7e8dac70b874,d3a59263-d376-423e-8f51-9d03f7fe41a5,1791482075608,1791482079163,1791482079163,1,
1bd903e2-961e-49e8-a9bc-1d5861cef2b6,PROVIDER,1000,itemstocksubmodel-api-asset@BPNL00000003AYRE,0ef26eaf-3d7c-479a-9a01-d5fa6d5cdd8e,bdffd45e-6886-43b8-8351-b719de75445e,1791482077856,1791482080663,1791482080663,1,
ed6f724f-5719-406a-845b-c8c505b56c96,PROVIDER,1000,DigitalTwinRegistryId@BPNL00000003AYRE,83673ffd-c48c-429a-b6c6-7e8dac70b874,1fd30bce-59ff-45a7-82ed-5840d4b73098,1791482077870,1791482080753,1791482080753,1,
1e6607fe-d508-48df-aa70-5a43ee3b9e31,PROVIDER,1000,itemstocksubmodel-api-asset@BPNL00000003AYRE,0ef26eaf-3d7c-479a-9a01-d5fa6d5cdd8e,4f57f310-a943-48e4-8561-1bc0084dd63f,1791482079999,1791482082183,1791482082183,1,
272758b7-a330-4b78-a02c-9233a43957d6,PROVIDER,1000,DigitalTwinRegistryId@BPNL00000003AYRE,83673ffd-c48c-429a-b6c6-7e8dac70b874,f3b6298c-4320-4072-a3a1-58a7196949b7,1791482080201,1791482082193,1791482082193,1,
f708a55c-41fd-4082-a013-ff9dfd2ece25,PROVIDER,1000,itemstocksubmodel-api-asset@BPNL00000003AYRE,0ef26eaf-3d7c-479a-9a01-d5fa6d5cdd8e,1cd446f0-b36e-4bb6-acb5-11f9ddca561c,1791482081430,1791482083445,1791482083445,1,
098a454a-c045-4533-beef-484c94e6dfc0,PROVIDER,1000,DigitalTwinRegistryId@BPNL00000003AYRE,83673ffd-c48c-429a-b6c6-7e8dac70b874,24b7b57f-d9d1-44c6-beff-e47ac1c74c6e,1791482082965,1791482084692,1791482084692,1,
2c47cf39-b3e7-4f88-8cde-765df08b2d10,PROVIDER,1000,itemstocksubmodel-api-asset@BPNL00000003AYRE,0ef26eaf-3d7c-479a-9a01-d5fa6d5cdd8e,c103c349-1756-437d-8729-000e7254a6ec,1791482084126,1791482086106,1791482086106,1,
64bb1563-764b-4901-a525-8a5ba2fd6fd0,PROVIDER,1000,DigitalTwinRegistryId@BPNL00000003AYRE,83673ffd-c48c-429a-b6c6-7e8dac70b874,0c634b7e-9eee-4d46-a021-ea2be86ad82c,1791482085266,1791482087984,1791482087984,1,
77164936-90b1-438a-9c67-843a039a2e63,PROVIDER,1000,itemstocksubmodel-api-asset@BPNL00000003AYRE,0ef26eaf-3d7c-479a-9a01-d5fa6d5cdd8e,b8ae48c4-6b95-4373-8955-19b36d88c630,1791482086469,1791482089479,1791482089479,1,
758e841d-e320-4618-93fe-529dd4605b21,PROVIDER,1000,DigitalTwinRegistryId@BPNL00000003AYRE,83673ffd-c48c-429a-b6c6-7e8dac70b874,da50233b-3db6-4647-a4bd-eaf38fae913b,1791482087735,1791482089490,1791482089490,1,
a0939480-a160-4218-8c9e-4eb5fe53774e,PROVIDER,1000,itemstocksubmodel-api-asset@BPNL00000003AYRE,0ef26eaf-3d7c-479a-9a01-d5fa6d5cdd8e,3abd3eb0-1e46-4bd1-8a2b-c059161058d7,1791482088780,1791482090605,1791482090605,1,
3c1278fd-cc63-47be-bb60-853a65c768aa,PROVIDER,1000,DigitalTwinRegistryId@BPNL00000003AYRE,83673ffd-c48c-429a-b6c6-7e8dac70b874,64f8d8c8-1849-4017-9977-bc1f90ddb093,1791482091009,1791482093061,1791482093061,1,
786bc566-dda6-4f4e-b630-18b943de65d7,PROVIDER,1000,itemstocksubmodel-api-asset@BPNL00000003AYRE,0ef26eaf-3d7c-479a-9a01-d5fa6d5cdd8e,1ef85acd-889f-42c8-97ad-093cfa063cf5,1791482092161,1791482094334,1791482094334,1,
9122186b-376b-4224-bc5d-00e57b6a93a4,PROVIDER,1000,DigitalTwinRegistryId@BPNL00000003AYRE,83673ffd-c48c-429a-b6c6-7e8dac70b874,d3780077-6f01-41df-ab84-fc93aa0c1b30,1791482093354,1791482095706,1791482095706,1,
6c5df9b9-c021-433b-a687-9d7f9f570f1d,PROVIDER,1000,itemstocksubmodel-api-asset@BPNL00000003AYRE,0ef26eaf-3d7c-479a-9a01-d5fa6d5cdd8e,1738f274-b281-4876-9aaa-fb5a1eb8e8a2,1791482094533,1791482097343,1791482097343,1,
41297a07-7c55-4660-be7a-16fb6bb6f23b,PROVIDER,1000,DigitalTwinRegistryId@BPNL00000003AYRE,83673ffd-c48c-429a-b6c6-7e8dac70b874,d6f91690-930d-437c-afdc-4e5d1e97a186,1791482095734,1791482098996,1791482098996,1,
91125dc7-8b3b-4242-9e84-80b8a5f0188e,PROVIDER,1000,itemstocksubmodel-api-asset@BPNL00000003AYRE,0ef26eaf-3d7c-479a-9a01-d5fa6d5cdd8e,1996332c-6ab8-4164-ba9e-528614c6926a,1791482097941,1791482100144,1791482100144,1,
62ce40a1-5478-46d8-8739-7da2e329f034,PROVIDER,1000,DigitalTwinRegistryId@BPNL00000003AYRE,83673ffd-c48c-429a-b6c6-7e8dac70b874,ab6b7192-bb13-406e-8642-8df89836478e,1791482098003,1791482101751,1791482101751,1,
befafece-7b89-45e2-919a-6d7399c911a3,PROVIDER,1000,itemstocksubmodel-api-asset@BPNL00000003AYRE,0ef26eaf-3d7c-479a-9a01-d5fa6d5cdd8e,c0302a77-c8a4-4abe-bb0a-f75e163b3eb0,1791482100195,1791482104245,1791482104245,1,
d7aba6a5-3cc4-40f8-8926-ddc91071f31a,PROVIDER,1000,DigitalTwinRegistryId@BPNL00000003AYRE,83673ffd-c48c-429a-b6c6-7e8dac70b874,ffbc04a2-7308-4df4-9eef-5548f90f23d2,1791482100233,1791482104256,1791482104256,1,
27a7f1fb-25c4-46ab-befb-37687f85f913,PROVIDER,1000,itemstocksubmodel-api-asset@BPNL00000003AYRE,0ef26eaf-3d7c-479a-9a01-d5fa6d5cdd8e,35da5f20-aa58-46ec-9fb4-0abee80e2321,1791482102862,1791482104606,1791482104606,1,
2a303c09-52ba-4196-ac69-7cb03eb00743,PROVIDER,1000,DigitalTwinRegistryId@BPNL00000003AYRE,83673ffd-c48c-429a-b6c6-7e8dac70b874,4087c2e7-bcf6-40fa-b6e7-0372678eedec,1791482103165,1791482104443,1791482104443,1,
5d98dd0b-3929-4711-882d-435b5efce2a2,PROVIDER,1000,itemstocksubmodel-api-asset@BPNL00000003AYRE,0ef26eaf-3d7c-479a-9a01-d5fa6d5cdd8e,521e8572-edb4-4a86-8b48-16dcf1902684,1791482104506,1791482106172,1791482106172,1,
9625bf6d-8eec-445a-893b-1e5f0ea63f43,PROVIDER,1000,DigitalTwinRegistryId@BPNL00000003AYRE,83673ffd-c48c-429a-b6c6-7e8dac70b874,63ec3ae3-a151-4353-888d-954ae5821040,1791482105636,1791482107933,1791482107933,1,
ab191824-bacf-4d41-94dc-eb35a851f146,PROVIDER,1000,itemstocksubmodel-api-asset@BPNL00000003AYRE,0ef26eaf-3d7c-479a-9a01-d5fa6d5cdd8e,c5d97128-97e8-4607-a229-bf19a51e81a9,1791482106746,1791482109392,1791482109392,1,
be71703e-c5ab-445c-b727-45b96ef68247,PROVIDER,1000,DigitalTwinRegistryId@BPNL00000003AYRE,83673ffd-c48c-429a-b6c6-7e8dac70b874,b072907a-d057-46aa-857e-1622f285fa64,1791482107877,1791482109402,1791482109402,1,
cf731350-0086-4f14-a76f-5fb26890e0e0,PROVIDER,1000,itemstocksubmodel-api-asset@BPNL00000003AYRE,0ef26eaf-3d7c-479a-9a01-d5fa6d5cdd8e,023d5bce-af25-4882-b996-0bf738dafe99,1791482108976,1791482110740,1791482110740,1,
2ae51def-8da1-4cd0-bbe3-7413587a806a,PROVIDER,1000,DigitalTwinRegistryId@BPNL00000003AYRE,83673ffd-c48c-429a-b6c6-7e8dac70b874,a853f8be-5837-4b78-8b87-402e92229310,1791482110170,1791482112057,1791482112057,1,
bcce5da7-151e-4e83-af6e-07547c9625c6,PROVIDER,1000,itemstocksubmodel-api-asset@BPNL00000003AYRE,0ef26eaf-3d7c-479a-9a01-d5fa6d5cdd8e,af040168-dabf-4ce9-bcfb-a6fe5adb2429,1791482111331,1791482113384,1791482113384,1,
68af7291-c01f-490f-a10c-cbd817d166d3,PROVIDER,1000,DigitalTwinRegistryId@BPNL00000003AYRE,83673ffd-c48c-429a-b6c6-7e8dac70b874,adc06dee-f897-4b58-a455-21e67f14a51f,1791482112874,1791482114604,1791482114604,1,
a2e7a6ca-5fab-42b2-894b-3be61855eebd,PROVIDER,1000,itemstocksubmodel-api-asset@BPNL00000003AYRE,0ef26eaf-3d7c-479a-9a01-d5fa6d5cdd8e,186421eb-5e6f-411e-a9bf-947f7efe9445,1791482114046,1791482116056,1791482116056,1,
6959bc42-0fe1-46dd-89e6-5b0abd9455b9,PROVIDER,1000,DigitalTwinRegistryId@BPNL00000003AYRE,83673ffd-c48c-429a-b6c6-7e8dac70b874,a8d2b0c4-dac5-48f3-9087-7aff5a1e9bfc,1791482115301,1791482118073,1791482118073,1,
a672edb7-33a5-4726-93e0-cb91f3cee2a5,PROVIDER,1000,itemstocksubmodel-api-asset@BPNL00000003AYRE,0ef26eaf-3d7c-479a-9a01-d5fa6d5cdd8e,dea2c216-29b4-4b51-a557-c34de9e6fffc,1791482116481,1791482118279,1791482118279,1,
2e3c8ed3-acfc-4622-aa15-030a77a7a2cb,PROVIDER,1000,DigitalTwinRegistryId@BPNL00000003AYRE,83673ffd-c48c-429a-b6c6-7e8dac70b874,67cb0167-bed6-4669-8be7-45cd3cd6aba7,1791482117806,1791482119581,1791482119581,1,
c80a2a06-da65-474f-a952-2e3e3fa709b6,PROVIDER,1000,itemstocksubmodel-api-asset@BPNL00000003AYRE,0ef26eaf-3d7c-479a-9a01-d5fa6d5cdd8e,44407f72-120d-4210-a3b5-656f46165688,1791482118829,1791482120721,1791482120721,1,
7ae04a20-5d43-40ac-8d1c-71c783b6e77d,PROVIDER,1000,DigitalTwinRegistryId@BPNL00000003AYRE,83673ffd-c48c-429a-b6c6-7e8dac70b874,798a5ff8-be03-44fe-8f83-1988c7815ca1,1791482121131,1791482123210,1791482123210,1,
ee301fdc-3554-467e-8377-b39af4bdbe58,PROVIDER,1000,itemstocksubmodel-api-asset@BPNL00000003AYRE,0ef26eaf-3d7c-479a-9a01-d5fa6d5cdd8e,287ab1a3-ab25-4158-92d3-48dd9495db5c,1791482122232,1791482124491,1791482124491,1,
48b6ba31-0b5a-4b93-9a77-da4821c4265c,PROVIDER,1000,DigitalTwinRegistryId@BPNL00000003AYRE,83673ffd-c48c-429a-b6c6-7e8dac70b874,2fd50cf5-b889-4aba-ab9b-0dd9e0aff59f,1791482123424,1791482126870,1791482126870,1,
d5bc7341-edac-477d-a82e-9aaf6162d584,PROVIDER,1000,itemstocksubmodel-api-asset@BPNL00000003AYRE,0ef26eaf-3d7c-479a-9a01-d5fa6d5cdd8e,e3798ac4-dbc6-4ace-aaa4-3adaf5287cb1,1791482125646,1791482128419,1791482128419,1,
4f4d69b8-6f69-4434-97df-61e3e2669e68,PROVIDER,1000,DigitalTwinRegistryId@BPNL00000003AYRE,83673ffd-c48c-429a-b6c6-7e8dac70b874,7a9dc100-cf09-46c8-87a7-6ae3260974a7,1791482125648,1791482128506,1791482128506,1,
7470fd10-e840-4440-94e8-f3c7817e8453,PROVIDER,1000,itemstocksubmodel-api-asset@BPNL00000003AYRE,0ef26eaf-3d7c-479a-9a01-d5fa6d5cdd8e,9225e5e0-29c0-48be-8bc1-3475e0e05234,1791482127803,1791482129836,1791482129836,1,
41a26e62-c43c-4e87-a158-ef13c7f2bee4,PROVIDER,1000,DigitalTwinRegistryId@BPNL00000003AYRE,83673ffd-c48c-429a-b6c6-7e8dac70b874,d6b7622e-38ab-417f-8983-da92bbf0abaa,1791482127823,1791482129854,1791482129854,1,
4043f030-9f90-4130-a4ad-c2d8a3e134ce,PROVIDER,1000,itemstocksubmodel-api-asset@BPNL00000003AYRE,0ef26eaf-3d7c-479a-9a01-d5fa6d5cdd8e,94cb5c85-e587-441f-bb7b-a5260e77f370,1791482129000,1791482131226,1791482131226,1,
a0ebc733-a8b6-441e-9c17-96469ad11c38,PROVIDER,1000,DigitalTwinRegistryId@BPNL00000003AYRE,83673ffd-c48c-429a-b6c6-7e8dac70b874,472fe6c1-ff44-4448-bb65-ec1a6f0508d7,1791482130170,1791482132433,1791482132433,1,
13a7381f-b8e0-45c3-b1bd-7f61c60bc211,PROVIDER,1000,itemstocksubmodel-api-asset@BPNL00000003AYRE,0ef26eaf-3d7c-479a-9a01-d5fa6d5cdd8e,2ab1ceab-7be6-428a-a78e-2e85565ee42a,1791482131345,1791482133696,1791482133696,1,
8ea5793c-6698-47c8-8c96-aff32d09fa5c,PROVIDER,1000,DigitalTwinRegistryId@BPNL00000003AYRE,83673ffd-c48c-429a-b6c6-7e8dac70b874,59c30a28-f581-44cc-9c59-8ad9e98dc51b,1791482132758,1791482136232,1791482136232,1,
9d4ea7db-728b-4186-a70e-3b0f2b8dfb60,PROVIDER,1000,itemstocksubmodel-api-asset@BPNL00000003AYRE,0ef26eaf-3d7c-479a-9a01-d5fa6d5cdd8e,c1c812ab-0cf6-4dc1-8e83-f7e7ed366b1e,1791482134914,1791482138135,1791482138135,1,
63adca48-3bd6-46b5-ba96-6b737a00618e,PROVIDER,1000,DigitalTwinRegistryId@BPNL00000003AYRE,83673ffd-c48c-429a-b6c6-7e8dac70b874,59784a10-bbe1-4569-a523-9e35570e60ee,1791482136067,1791482138145,1791482138145,1,
621ddd27-2735-4179-9131-6dd2de3225f5,PROVIDER,1000,itemstocksubmodel-api-asset@BPNL00000003AYRE,0ef26eaf-3d7c-479a-9a01-d5fa6d5cdd8e,775e21e2-2b9b-45c8-829e-49875b53be07,1791482137235,1791482139376,1791482139376,1,
41eee770-97fc-41a0-8cfc-9c8ced02f9c7,PROVIDER,1000,DigitalTwinRegistryId@BPNL00000003AYRE,83673ffd-c48c-429a-b6c6-7e8dac70b874,8dfe639a-7fe5-4f49-80b8-fb9f3615ccae,1791482138559,1791482140496,1791482140496,1,
84a52b6c-5fe0-42f2-ac21-8c419184edf2,PROVIDER,1000,itemstocksubmodel-api-asset@BPNL00000003AYRE,0ef26eaf-3d7c-479a-9a01-d5fa6d5cdd8e,564348eb-c249-4e0b-b342-ef88a1ffbfe6,1791482140936,1791482143265,1791482143265,1,
b293a3bb-43a4-43ab-8a97-7ea0e1511118,PROVIDER,1000,DigitalTwinRegistryId@BPNL00000003AYRE,83673ffd-c48c-429a-b6c6-7e8dac70b874,0f2f3984-befe-41b5-8d3e-07c3be016fa2,1791482140946,1791482143279,1791482143279,1,
8318989d-29eb-4cda-a683-0fe2fad0fb28,PROVIDER,1000,itemstocksubmodel-api-asset@BPNL00000003AYRE,0ef26eaf-3d7c-479a-9a01-d5fa6d5cdd8e,68807b34-1d75-4d1c-8a3f-8c111e8e53fb,1791482142651,1791482144660,1791482144660,1,
505dd870-7512-4dec-880a-e20bf0bb0d4d,PROVIDER,1000,DigitalTwinRegistryId@BPNL00000003AYRE,83673ffd-c48c-429a-b6c6-7e8dac70b874,0934d6f0-d969-42ef-afc7-05115738dee2,1791482143028,1791482144674,1791482144674,1,
929525ab-b06a-470d-b511-13786f09b3c3,PROVIDER,1000,itemstocksubmodel-api-asset@BPNL00000003AYRE,0ef26eaf-3d7c-479a-9a01-d5fa6d5cdd8e,d429410d-167c-4e56-bf72-1982ea0237c1,1791482144127,1791482146171,1791482146171,1,
497e0cb4-bc7f-423d-8b07-4317693f1cb4,PROVIDER,1000,DigitalTwinRegistryId@BPNL00000003AYRE,83673ffd-c48c-429a-b6c6-7e8dac70b874,256d184a-053c-44bf-b6cb-7f98aff0f813,1791482145425,1791482147749,1791482147749,1,
9b011bce-a26b-4b78-89bf-49cd199e26ec,PROVIDER,1000,itemstocksubmodel-api-asset@BPNL00000003AYRE,0ef26eaf-3d7c-479a-9a01-d5fa6d5cdd8e,a263f7b9-0298-4744-a3ed-839e24b1c39c,1791482146629,1791482148966,1791482148966,1,
eff938fa-b441-4d05-b465-cb71c0771692,PROVIDER,1000,DigitalTwinRegistryId@BPNL00000003AYRE,83673ffd-c48c-429a-b6c6-7e8dac70b874,3605c381-6522-441e-97cd-921c8abe4f57,1791482147816,1791482150363,1791482150363,1,
66b70c72-06f6-40f4-adc8-82f7e172f328,PROVIDER,1000,itemstocksubmodel-api-asset@BPNL00000003AYRE,0ef26eaf-3d7c-479a-9a01-d5fa6d5cdd8e,361ea00f-e9d0-4d66-ad9f-58ab192e2bdc,1791482149984,1791482151590,1791482151590,1,
de7eb6a5-74d7-42f8-a7d3-6453f5ca94ed,PROVIDER,1000,DigitalTwinRegistryId@BPNL00000003AYRE,83673ffd-c48c-429a-b6c6-7e8dac70b874,451c021e-20bd-460a-a180-d43daf4f5db0,1791482151172,1791482154105,1791482154105,1,
db7f5e8c-adfe-434d-aaf9-c1e17fe781ca,PROVIDER,1000,itemstocksubmodel-api-asset@BPNL00000003AYRE,0ef26eaf-3d7c-479a-9a01-d5fa6d5cdd8e,aaf61765-10e1-4b88-82a1-76185d57a20b,1791482152427,1791482154119,1791482154119,1,
03f8026a-8206-46b3-8a63-c3cf56400ae8,PROVIDER,1000,DigitalTwinRegistryId@BPNL00000003AYRE,83673ffd-c48c-429a-b6c6-7e8dac70b874,b52dee58-4d84-4ade-b0d0-c8806e05547d,1791482153564,1791482155430,1791482155430,1,
97f6c7fa-c3e7-45a9-9be9-b97989c8b6f4,PROVIDER,1000,itemstocksubmodel-api-asset@BPNL00000003AYRE,0ef26eaf-3d7c-479a-9a01-d5fa6d5cdd8e,b293b832-1e0a-425d-808f-812d75be075d,1791482154835,1791482157033,1791482157033,1,
78a26a4d-de88-4fe9-acf3-529679d925c2,PROVIDER,1000,DigitalTwinRegistryId@BPNL00000003AYRE,83673ffd-c48c-429a-b6c6-7e8dac70b874,e891a3f1-635d-48eb-b2bf-8f42c7fc2f00,1791482156038,1791482158305,1791482158305,1,
34dc3614-7b79-4dc0-a0be-eea1deed6eea,PROVIDER,1000,itemstocksubmodel-api-asset@BPNL00000003AYRE,0ef26eaf-3d7c-479a-9a01-d5fa6d5cdd8e,a198127b-736c-437e-89d5-f0643025a29c,1791482157166,1791482159521,1791482159521,1,
13227b25-49d4-438d-ba30-ed00a76a182c,PROVIDER,1000,DigitalTwinRegistryId@BPNL00000003AYRE,83673ffd-c48c-429a-b6c6-7e8dac70b874,3761d813-2a80-4605-a133-55b160128913,1791482158373,1791482161883,1791482161883,1,
87249f95-e22f-4702-8c36-4825d1742cfe,PROVIDER,1000,itemstocksubmodel-api-asset@BPNL00000003AYRE,0ef26eaf-3d7c-479a-9a01-d5fa6d5cdd8e,1734a3de-55f9-498a-a842-3a6948963d21,1791482160543,1791482163244,1791482163244,1,
264173f5-c07d-48b9-9012-dacf000fc38c,PROVIDER,1000,DigitalTwinRegistryId@BPNL00000003AYRE,83673ffd-c48c-429a-b6c6-7e8dac70b874,c97446f1-4c58-40eb-9ace-ec67ad9de805,1791482160562,1791482163256,1791482163256,1,
b74460b1-460c-4cff-8166-61d75784c765,PROVIDER,1000,itemstocksubmodel-api-asset@BPNL00000003AYRE,0ef26eaf-3d7c-479a-9a01-d5fa6d5cdd8e,fbc09ebe-26e4-4634-87b8-4cd0ca789a4b,1791482162879,1791482164530,1791482164530,1,
112679ee-28ae-4e58-baff-aae66affb424,PROVIDER,1000,DigitalTwinRegistryId@BPNL00000003AYRE,83673ffd-c48c-429a-b6c6-7e8dac70b874,93483bf8-2ea6-4e1f-b77f-df18f1d56d4d,1791482162890,1791482164540,1791482164540,1,
0ef56248-d178-4e81-9011-e10c10d05921,PROVIDER,1000,itemstocksubmodel-api-asset@BPNL00000003AYRE,0ef26eaf-3d7c-479a-9a01-d5fa6d5cdd8e,c24d12c2-43e9-4048-b8cb-6f56ef72b377,1791482164024,1791482166183,1791482166183,1,
41363cec-c3d6-4b20-886b-3897b3ea8892,PROVIDER,1000,DigitalTwinRegistryId@BPNL00000003AYRE,83673ffd-c48c-429a-b6c6-7e8dac70b874,549384fe-7aaa-42b7-9830-22222277c01c,1791482165234,1791482167740,1791482167740,1,
5ea0367d-bb6f-45b4-b73b-b0f14241b1ca,PROVIDER,1000,itemstocksubmodel-api-asset@BPNL00000003AYRE,0ef26eaf-3d7c-479a-9a01-d5fa6d5cdd8e,eaefb84a-3bfe-4712-a2c9-520666e9ec07,1791482166452,1791482169001,1791482169001,1,
5c144f78-5637-44ce-a46f-7e73dc81ca4f,PROVIDER,1000,DigitalTwinRegistryId@BPNL00000003AYRE,83673ffd-c48c-429a-b6c6-7e8dac70b874,d1ac098f-8c2d-4b3c-b63f-57b9a550bef1,1791482168612,1791482171465,1791482171465,1,
57725a69-880f-4664-9dee-de9a40025c4f,PROVIDER,1000,itemstocksubmodel-api-asset@BPNL00000003AYRE,0ef26eaf-3d7c-479a-9a01-d5fa6d5cdd8e,6dedd4c7-9f55-450b-b792-9e342ae61af1,1791482170826,1791482172806,1791482172806,1,
b29ab1a8-fef5-4075-9359-00c567c055d2,PROVIDER,1000,DigitalTwinRegistryId@BPNL00000003AYRE,83673ffd-c48c-429a-b6c6-7e8dac70b874,8c4d0feb-5375-4186-962f-7140055bd4ad,1791482170845,1791482172819,1791482172819,1,
af90ab2b-ef48-4b0a-bd10-629bf1073730,PROVIDER,1000,itemstocksubmodel-api-asset@BPNL00000003AYRE,0ef26eaf-3d7c-479a-9a01-d5fa6d5cdd8e,ac0e0fed-840e-46fd-a503-f5abed87d8bb,1791482172041,1791482174063,1791482174063,1,
803a6e9e-8304-49d7-9839-d49188e226f7,PROVIDER,1000,DigitalTwinRegistryId@BPNL00000003AYRE,83673ffd-c48c-429a-b6c6-7e8dac70b874,e501dd3d-adb2-4554-ba43-3f68089ffd6f,1791482173274,1791482175388,1791482175388,1,
703b7b3d-e2e6-40e9-bfe9-352556bd0d51,PROVIDER,1000,itemstocksubmodel-api-asset@BPNL00000003AYRE,0ef26eaf-3d7c-479a-9a01-d5fa6d5cdd8e,aabe5554-bf6d-4f55-bcf1-2b81412a1e40,1791482174408,1791482176714,1791482176714,1,
ad351479-9f76-42dd-b0c9-2f839e957685,PROVIDER,1000,DigitalTwinRegistryId@BPNL00000003AYRE,83673ffd-c48c-429a-b6c6-7e8dac70b874,ea311cac-0a85-4127-8fa8-10e7b89ee974,1791482175545,1791482179147,1791482179147,1,
d589e14a-c07e-4f35-ba04-bc09a2fd3721,PROVIDER,1000,itemstocksubmodel-api-asset@BPNL00000003AYRE,0ef26eaf-3d7c-479a-9a01-d5fa6d5cdd8e,e7d76ad3-9761-4a08-876d-7d0f074a9c58,1791482177801,1791482180632,1791482180632,1,
5b388a4a-a8d8-4eba-acc3-8929edb90591,PROVIDER,1000,DigitalTwinRegistryId@BPNL00000003AYRE,83673ffd-c48c-429a-b6c6-7e8dac70b874,33a1b69d-a54c-476f-bfdd-5e6adeb592ce,1791482177817,1791482180642,1791482180642,1,
7a106ac5-ef12-4d2c-b8d5-79297fe55fdb,PROVIDER,1000,itemstocksubmodel-api-asset@BPNL00000003AYRE,0ef26eaf-3d7c-479a-9a01-d5fa6d5cdd8e,69bfb7d5-51f3-418c-888f-fed1d8c92511,1791482179998,1791482181921,1791482181921,1,
3cc59bdf-3c75-4566-a132-dbb9be449a0b,PROVIDER,1000,DigitalTwinRegistryId@BPNL00000003AYRE,83673ffd-c48c-429a-b6c6-7e8dac70b874,9c684d77-ef39-4859-9c99-76f013aeb27a,1791482180159,1791482182059,1791482182059,1,
dd62c848-284c-490a-b5f1-9fa895648f5a,PROVIDER,1000,itemstocksubmodel-api-asset@BPNL00000003AYRE,0ef26eaf-3d7c-479a-9a01-d5fa6d5cdd8e,70a15f5d-e846-4a5e-8042-39b0b66b2a02,1791482181329,1791482183160,1791482183160,1,
9ab953d3-3c97-42be-aedd-c3d214204bdc,PROVIDER,1000,DigitalTwinRegistryId@BPNL00000003AYRE,83673ffd-c48c-429a-b6c6-7e8dac70b874,20183f3b-c14d-4896-a2be-63c5e13b5bbc,1791482183172,1791482186673,1791482186673,1,
bdd6e003-5733-4d26-b653-48262ea0904c,PROVIDER,1000,itemstocksubmodel-api-asset@BPNL00000003AYRE,0ef26eaf-3d7c-479a-9a01-d5fa6d5cdd8e,15cd2766-60a1-4e5a-8b28-1d7a821378ba,1791482185336,1791482188269,1791482188269,1,
5c20063c-8f63-4201-95e2-f47c925b888d,PROVIDER,1000,DigitalTwinRegistryId@BPNL00000003AYRE,83673ffd-c48c-429a-b6c6-7e8dac70b874,951a46e1-bb4f-4f6f-8850-c9d4bafc64ce,1791482185351,1791482188285,1791482188285,1,
8dca4052-0149-4738-9e4a-cec64f76384d,PROVIDER,1000,itemstocksubmodel-api-asset@BPNL00000003AYRE,0ef26eaf-3d7c-479a-9a01-d5fa6d5cdd8e,69d76ba6-21fa-43e0-be08-0deb9ad3a1ec,1791482187634,1791482189536,1791482189536,1,
77145d74-9fea-4453-8929-ebd5b688f78f,PROVIDER,1000,DigitalTwinRegistryId@BPNL00000003AYRE,83673ffd-c48c-429a-b6c6-7e8dac70b874,33629934-bd92-4ab2-91aa-3b8b2fb4f727,1791482187799,1791482189545,1791482189545,1,
61f695bc-ba89-44d2-9af2-fd2e07cd5396,PROVIDER,1000,itemstocksubmodel-api-asset@BPNL00000003AYRE,0ef26eaf-3d7c-479a-9a01-d5fa6d5cdd8e,86b011ef-8c48-43bf-94da-f3bc838e8d76,1791482188975,1791482190768,1791482190768,1,
ed61bf35-4f3d-4557-9887-90ddb190c0c6,PROVIDER,1000,DigitalTwinRegistryId@BPNL00000003AYRE,83673ffd-c48c-429a-b6c6-7e8dac70b874,3e9638bf-3be9-4bb2-ac0c-74137dbe954d,1791482190236,1791482192120,1791482192120,1,
d11ff46e-9a86-4ddc-a7f5-05aeb4d26d0a,PROVIDER,1000,itemstocksubmodel-api-asset@BPNL00000003AYRE,0ef26eaf-3d7c-479a-9a01-d5fa6d5cdd8e,d065f0e9-44b5-454e-a251-ff5578df4d69,1791482191432,1791482193450,1791482193450,1,
4790b65f-18a8-4518-a939-1ea7b1776ba1,PROVIDER,1000,DigitalTwinRegistryId@BPNL00000003AYRE,83673ffd-c48c-429a-b6c6-7e8dac70b874,ee5bba3a-dddd-4e75-a18f-48b43906d476,1791482192848,1791482194688,1791482194688,1,
b964087d-6aaa-449d-b23d-2ec957147d6c,PROVIDER,1000,itemstocksubmodel-api-asset@BPNL00000003AYRE,0ef26eaf-3d7c-479a-9a01-d5fa6d5cdd8e,795e247f-23f7-42ce-ab08-9f64dcd21397,1791482193958,1791482196200,1791482196200,1,
3b03446b-6565-45da-91d0-398c73e45b3e,PROVIDER,1000,DigitalTwinRegistryId@BPNL00000003AYRE,83673ffd-c48c-429a-b6c6-7e8dac70b874,a07de6d2-bdbb-4b4e-a6c3-730968dd6ed2,1791482195373,1791482197764,1791482197764,1,
1c3bb841-2d40-43c4-b429-458f1f93cb7c,PROVIDER,1000,itemstocksubmodel-api-asset@BPNL00000003AYRE,0ef26eaf-3d7c-479a-9a01-d5fa6d5cdd8e,88362fe9-1936-4e16-8700-0482c6cbc588,1791482196494,1791482199276,1791482199276,1,
8496f383-de95-48ee-9ad7-d40219e717ff,PROVIDER,1000,DigitalTwinRegistryId@BPNL00000003AYRE,83673ffd-c48c-429a-b6c6-7e8dac70b874,c60a6fd6-7587-4ef8-80f4-590e0dfb0a9a,1791482197668,1791482199285,1791482199285,1,
db4a46cf-5628-434e-8e8f-6509567a491c,PROVIDER,1000,itemstocksubmodel-api-asset@BPNL00000003AYRE,0ef26eaf-3d7c-479a-9a01-d5fa6d5cdd8e,a4006569-4675-42a3-b359-8d8371193ceb,1791482198924,1791482200510,1791482200510,1,
84b7b4b7-8036-4c5d-b274-0edf9f3e6f92,PROVIDER,1000,DigitalTwinRegistryId@BPNL00000003AYRE,83673ffd-c48c-429a-b6c6-7e8dac70b874,703fbf44-26bb-4645-bfc9-27a718dce1c2,1791482200132,1791482201754,1791482201754,1,
35b9deb1-3dd2-4ab4-aa05-97e33b102172,PROVIDER,1000,itemstocksubmodel-api-asset@BPNL00000003AYRE,0ef26eaf-3d7c-479a-9a01-d5fa6d5cdd8e,00d270d4-929d-48ff-acc3-28c7553e4d46,1791482201274,1791482202889,1791482202889,1,
4b50ae7b-0df5-4a6b-97e5-494aa8b730d4,PROVIDER,1000,DigitalTwinRegistryId@BPNL00000003AYRE,83673ffd-c48c-429a-b6c6-7e8dac70b874,43351d04-4403-40db-b08c-185b5b4e2517,1791482203001,1791482206396,1791482206396,1,
c7265915-5b83-40b5-a9ef-2cdbd3502447,PROVIDER,1000,itemstocksubmodel-api-asset@BPNL00000003AYRE,0ef26eaf-3d7c-479a-9a01-d5fa6d5cdd8e,ea31b154-fcb4-4405-8df7-86d5166c631e,1791482205215,1791482207553,1791482207553,1,
57e9f1b9-f2a5-4a2c-a040-e055e579497f,PROVIDER,1000,DigitalTwinRegistryId@BPNL00000003AYRE,83673ffd-c48c-429a-b6c6-7e8dac70b874,3e8ecc28-9b1c-4622-a6cf-933bf990f7d7,1791482205224,1791482209169,1791482209169,1,
fa6e9212-0c8c-4a46-bb6c-f6966bb3f596,PROVIDER,1000,itemstocksubmodel-api-asset@BPNL00000003AYRE,0ef26eaf-3d7c-479a-9a01-d5fa6d5cdd8e,e6ceebc4-63b8-4b85-8a6b-e8a5a7bbf2bf,1791482207604,1791482210487,1791482210487,1,
e8c27adf-234c-459c-9e62-84a106f4a0e4,PROVIDER,1000,DigitalTwinRegistryId@BPNL00000003AYRE,83673ffd-c48c-429a-b6c6-7e8dac70b874,fa7f1193-f719-4b24-99dc-a99518e734d7,1791482207788,1791482210496,1791482210496,1,
16289662-b83e-467a-9443-89e725882d6d,PROVIDER,1000,itemstocksubmodel-api-asset@BPNL00000003AYRE,0ef26eaf-3d7c-479a-9a01-d5fa6d5cdd8e,de3c3fa0-2ecb-4c35-a3ab-1711e2f00c16,1791482209977,1791482211728,1791482211728,1,
44c03578-78d0-464a-94a6-452d3d67860e,PROVIDER,1000,DigitalTwinRegistryId@BPNL00000003AYRE,83673ffd-c48c-429a-b6c6-7e8dac70b874,de8107c5-be9f-46f2-a1dd-e30526881ee5,1791482211230,1791482212972,1791482212972,1,
42c7b8c1-3475-4fbb-81a3-06618a0f30c7,PROVIDER,1000,itemstocksubmodel-api-asset@BPNL00000003AYRE,0ef26eaf-3d7c-479a-9a01-d5fa6d5cdd8e,c12ecb0c-f269-47ab-ac37-877d522dd960,1791482212660,1791482214271,1791482214271,1,
fca61fe2-4ac3-417c-b648-7ffeca1e8216,PROVIDER,1000,DigitalTwinRegistryId@BPNL00000003AYRE,83673ffd-c48c-429a-b6c6-7e8dac70b874,9e790408-42a2-46d0-b28c-f02175254913,1791482213467,1791482215535,1791482215535,1,
a95e4ed8-0650-4787-9260-471746c9ff89,PROVIDER,1000,itemstocksubmodel-api-asset@BPNL00000003AYRE,0ef26eaf-3d7c-479a-9a01-d5fa6d5cdd8e,ec4accde-3ddf-4e05-965e-e76692a2e492,1791482214624,1791482216840,1791482216840,1,
d684d12e-2684-48a4-a08f-b2281877d399,PROVIDER,1000,DigitalTwinRegistryId@BPNL00000003AYRE,83673ffd-c48c-429a-b6c6-7e8dac70b874,ecb87798-9583-4fc1-baae-3d12c26cde79,1791482215834,1791482219205,1791482219205,1,
4c8f9667-5f12-4a49-bc2c-3a45e50f5cc0,PROVIDER,1000,itemstocksubmodel-api-asset@BPNL00000003AYRE,0ef26eaf-3d7c-479a-9a01-d5fa6d5cdd8e,6348c4df-c7ac-4163-a3ad-da51074ddc8c,1791482218009,1791482220946,1791482220946,1,
9f66cd3d-bd41-4ddb-b4f3-85aaac4e5a51,PROVIDER,1000,DigitalTwinRegistryId@BPNL00000003AYRE,83673ffd-c48c-429a-b6c6-7e8dac70b874,a69f3e10-d055-48bd-8843-439f3626b4bb,1791482218028,1791482220955,1791482220955,1,
6a161bdf-df72-4629-8ffd-a323b0286a65,PROVIDER,1000,itemstocksubmodel-api-asset@BPNL00000003AYRE,0ef26eaf-3d7c-479a-9a01-d5fa6d5cdd8e,831108d2-d006-4152-a890-48f690f35a58,1791482220247,1791482222639,1791482222639,1,
45c5806f-3e0c-4351-8588-fa1860f8df0a,PROVIDER,1000,DigitalTwinRegistryId@BPNL00000003AYRE,83673ffd-c48c-429a-b6c6-7e8dac70b874,09b49af1-6286-452b-a70f-6a7eaa8f8c8e,1791482220267,1791482222658,1791482222658,1,
b568b00a-c6dd-4d40-ba6d-0dec4fafd0fb,PROVIDER,1000,itemstocksubmodel-api-asset@BPNL00000003AYRE,0ef26eaf-3d7c-479a-9a01-d5fa6d5cdd8e,8216ec7f-cac9-4ebe-ad61-fe14a42d0922,1791482222066,1791482223980,1791482223980,1,
407301c9-6db2-4b15-a106-304abdb99a38,PROVIDER,1000,DigitalTwinRegistryId@BPNL00000003AYRE,83673ffd-c48c-429a-b6c6-7e8dac70b874,f4e197ae-a286-450e-a423-201d5f325e67,1791482223270,1791482225310,1791482225310,1,
eecb26ec-5f25-45d3-ac71-afcbcd815a49,PROVIDER,1000,itemstocksubmodel-api-asset@BPNL00000003AYRE,0ef26eaf-3d7c-479a-9a01-d5fa6d5cdd8e,15a91a8f-88fc-43a2-baba-49662c7cac3e,1791482224466,1791482226543,1791482226543,1,
6eee1f41-bd13-4e63-8dfd-778d81eeed8e,PROVIDER,1000,DigitalTwinRegistryId@BPNL00000003AYRE,83673ffd-c48c-429a-b6c6-7e8dac70b874,bd4d2d71-2270-424e-b629-b2fcb99eff72,1791482225642,1791482228968,1791482228968,1,
da83f97f-120e-4b9f-b376-7d44a7123daf,PROVIDER,1000,itemstocksubmodel-api-asset@BPNL00000003AYRE,0ef26eaf-3d7c-479a-9a01-d5fa6d5cdd8e,f564b113-51a9-4821-93fa-a79406defcd2,1791482227843,1791482230121,1791482230121,1,
39455ecb-2645-423d-ad44-85dc7a212f79,PROVIDER,1000,DigitalTwinRegistryId@BPNL00000003AYRE,83673ffd-c48c-429a-b6c6-7e8dac70b874,b504b4d6-06e6-439f-896b-5a5b37f61739,1791482227857,1791482231566,1791482231566,1,
3b8ff49e-6bf8-4a81-94f5-01ebfb6cb399,PROVIDER,1000,itemstocksubmodel-api-asset@BPNL00000003AYRE,0ef26eaf-3d7c-479a-9a01-d5fa6d5cdd8e,a4f5e75d-f6e3-4c4b-ac44-1d1e701f3b9c,1791482230213,1791482234111,1791482234111,1,
6d66bfd4-6b2f-435b-b00d-2e4ce14929f6,PROVIDER,1000,DigitalTwinRegistryId@BPNL00000003AYRE,83673ffd-c48c-429a-b6c6-7e8dac70b874,12232e99-293d-4f79-a068-5dc1d064361e,1791482230223,1791482234119,1791482234119,1,
09127c8f-9a0d-48cf-abb5-5505e4753de1,PROVIDER,1000,itemstocksubmodel-api-asset@BPNL00000003AYRE,0ef26eaf-3d7c-479a-9a01-d5fa6d5cdd8e,1e545694-af81-421e-a715-dadda38a951e,1791482232689,1791482235411,1791482235411,1,
8337cf5f-2618-43b8-b4e2-edb283d7cf95,PROVIDER,1000,DigitalTwinRegistryId@BPNL00000003AYRE,83673ffd-c48c-429a-b6c6-7e8dac70b874,20fe0b1f-4f22-4019-be43-0503ce3a8f9e,1791482233293,1791482235420,1791482235420,1,
b08a2055-b0d4-4879-843e-7006137adb01,PROVIDER,1000,itemstocksubmodel-api-asset@BPNL00000003AYRE,0ef26eaf-3d7c-479a-9a01-d5fa6d5cdd8e,d1291ab3-1fda-463b-ac8b-e69dfab93c40,1791482234440,1791482236661,1791482236661,1,
bdbd1389-1564-4157-8594-96de2705d899,PROVIDER,1000,DigitalTwinRegistryId@BPNL00000003AYRE,83673ffd-c48c-429a-b6c6-7e8dac70b874,48cb49f5-cd6a-491e-bd00-4e9983099956,1791482235633,1791482239158,1791482239158,1,
f11d771c-3f5d-43c2-bed3-ae6fb8948aa6,PROVIDER,1000,itemstocksubmodel-api-asset@BPNL00000003AYRE,0ef26eaf-3d7c-479a-9a01-d5fa6d5cdd8e,e95ad9b6-692d-439b-a3ce-30f79b37349e,1791482237811,1791482240456,1791482240456,1,
9c6a8d68-dc37-4a6e-b335-0bac4b8ad4b0,PROVIDER,1000,DigitalTwinRegistryId@BPNL00000003AYRE,83673ffd-c48c-429a-b6c6-7e8dac70b874,9c0ecee6-e947-4839-b8bb-a399c3843cce,1791482237817,1791482240467,1791482240467,1,
cb3b979b-259d-4477-a081-eeaf40cb0bd1,PROVIDER,1000,itemstocksubmodel-api-asset@BPNL00000003AYRE,0ef26eaf-3d7c-479a-9a01-d5fa6d5cdd8e,a1947098-85e5-4332-a1f4-2987ef74d9c4,1791482239979,1791482243105,1791482243105,1,
96db217f-57b3-4133-bb51-9247679e4828,PROVIDER,1000,DigitalTwinRegistryId@BPNL00000003AYRE,83673ffd-c48c-429a-b6c6-7e8dac70b874,9f339f16-29dd-424c-9b50-44902abd17d7,1791482240212,1791482243115,1791482243115,1,
663b47fb-b453-4386-a175-7d9360d4bc2a,PROVIDER,1000,itemstocksubmodel-api-asset@BPNL00000003AYRE,0ef26eaf-3d7c-479a-9a01-d5fa6d5cdd8e,ab59c753-5761-49f0-a09f-6fb6de4a737e,1791482241600,1791482243126,1791482243126,1,
da6a5cf1-9af7-464f-a9d7-ec9eb540b52b,PROVIDER,1000,DigitalTwinRegistryId@BPNL00000003AYRE,83673ffd-c48c-429a-b6c6-7e8dac70b874,ad94aefb-729a-4680-855a-bb191d080a90,1791482243698,1791482245742,1791482245742,1,
10c172e8-6bc6-4299-8955-a3d24557d606,PROVIDER,1000,itemstocksubmodel-api-asset@BPNL00000003AYRE,0ef26eaf-3d7c-479a-9a01-d5fa6d5cdd8e,977cf16b-bab7-4893-a052-a55b3cc6d938,1791482244870,1791482247441,1791482247441,1,
1c2687c5-6c72-4a5e-b464-90c247685724,PROVIDER,1000,DigitalTwinRegistryId@BPNL00000003AYRE,83673ffd-c48c-429a-b6c6-7e8dac70b874,ed520a7b-d20a-4447-9d1a-63ff2b93959c,1791482246135,1791482249049,1791482249049,1,
5a11aeb7-8ffb-49eb-ac80-c9a732dd1e6a,PROVIDER,1000,itemstocksubmodel-api-asset@BPNL00000003AYRE,0ef26eaf-3d7c-479a-9a01-d5fa6d5cdd8e,fcbaa685-f547-48a6-ba0e-b15bbbcbf0f2,1791482248301,1791482250396,1791482250396,1,
961bae2b-1eb6-4bd5-bfe9-6b2c54b4691f,PROVIDER,1000,DigitalTwinRegistryId@BPNL00000003AYRE,83673ffd-c48c-429a-b6c6-7e8dac70b874,ab01f66b-c650-456a-bba6-8f4a65d246e4,1791482248310,1791482250407,1791482250407,1,
ef96fbab-4013-41ab-9e35-3dae1b915468,PROVIDER,1000,itemstocksubmodel-api-asset@BPNL00000003AYRE,0ef26eaf-3d7c-479a-9a01-d5fa6d5cdd8e,7feb9190-3b4c-44b3-acc9-4c4fc0587cf4,1791482249450,1791482251755,1791482251755,1,
80eaf9c5-9553-4444-bdd6-7c7359296d8c,PROVIDER,1000,DigitalTwinRegistryId@BPNL00000003AYRE,83673ffd-c48c-429a-b6c6-7e8dac70b874,d316b857-a441-45bf-8d3d-72f2a41140cd,1791482250629,1791482252990,1791482252990,1,
b56b981e-81c5-43c9-ac52-e6be4b46038a,PROVIDER,1000,itemstocksubmodel-api-asset@BPNL00000003AYRE,0ef26eaf-3d7c-479a-9a01-d5fa6d5cdd8e,b979bf34-d2c3-4184-86ce-64bdfaae94b3,1791482252331,1791482254242,1791482254242,1,
0de0069e-eedf-401d-956e-827866751dd9,PROVIDER,1000,DigitalTwinRegistryId@BPNL00000003AYRE,83673ffd-c48c-429a-b6c6-7e8dac70b874,5fcd9192-d858-48ce-9fe0-16590e3cbb98,1791482253448,1791482255480,1791482255480,1,
a0fbdbd2-beb5-4ee1-9d3f-61a8b20016cf,PROVIDER,1000,itemstocksubmodel-api-asset@BPNL00000003AYRE,0ef26eaf-3d7c-479a-9a01-d5fa6d5cdd8e,e0b16e7f-d2f8-4997-801a-845f75da8d98,1791482254617,1791482256772,1791482256772,1,
7ab0196e-952d-4092-ae68-54cca8d95916,PROVIDER,1000,DigitalTwinRegistryId@BPNL00000003AYRE,83673ffd-c48c-429a-b6c6-7e8dac70b874,632857a1-064a-4568-9b4c-5585cb8e9565,1791482255736,1791482259254,1791482259254,1,
6192ca56-8323-4ca8-8581-4f1ff9ddcce6,PROVIDER,1000,DigitalTwinRegistryId@BPNL00000003AYRE,83673ffd-c48c-429a-b6c6-7e8dac70b874,c6999cf9-8f41-4ef8-92ce-8ab06e6385fe,1791482257941,1791482261816,1791482261816,1,
c89327d8-ff98-4507-8bae-36dec87c2b79,PROVIDER,1000,itemstocksubmodel-api-asset@BPNL00000003AYRE,0ef26eaf-3d7c-479a-9a01-d5fa6d5cdd8e,46b0fd69-fdb7-40f6-9091-c588b63eed70,1791482257942,1791482261808,1791482261808,1,
8235032d-ecd5-40f8-8567-13bf7896c3a3,PROVIDER,1000,itemstocksubmodel-api-asset@BPNL00000003AYRE,0ef26eaf-3d7c-479a-9a01-d5fa6d5cdd8e,ede1e9ce-b034-4666-bbc7-182ca240a939,1791482260308,1791482264567,1791482264567,1,
15d8a4bc-b833-4a64-8cf4-23efea15d0ba,PROVIDER,1000,DigitalTwinRegistryId@BPNL00000003AYRE,83673ffd-c48c-429a-b6c6-7e8dac70b874,345da93f-d339-42ba-99f6-5be0bcfea8a7,1791482260404,1791482264556,1791482264556,1,
8fa8582a-b845-4e3c-8949-b0167d8b07a2,PROVIDER,1000,DigitalTwinRegistryId@BPNL00000003AYRE,83673ffd-c48c-429a-b6c6-7e8dac70b874,636ba8d2-238c-407b-94ab-986470c147dc,1791482263537,1791482266761,1791482266761,1,
ab297e90-166a-4467-915f-98f47f8fbec0,PROVIDER,1000,DigitalTwinRegistryId@BPNL00000003AYRE,83673ffd-c48c-429a-b6c6-7e8dac70b874,48c9c5a1-770c-4232-b302-3dc717cfb12a,1791482263553,1791482266770,1791482266770,1,
316d9333-27c4-496a-a302-cd0260f90ad8,PROVIDER,1000,itemstocksubmodel-api-asset@BPNL00000003AYRE,0ef26eaf-3d7c-479a-9a01-d5fa6d5cdd8e,8b6d0b4d-799f-4a28-9d2d-33f774545c18,1791482263568,1791482266876,1791482266876,1,
1547eaae-799d-4d1e-9abe-b8877994a27a,PROVIDER,1000,DigitalTwinRegistryId@BPNL00000003AYRE,83673ffd-c48c-429a-b6c6-7e8dac70b874,4a897ef6-d64e-4c35-8c7a-c026b5e7d261,1791482264937,1791482268329,1791482268329,1,
f4f5fd82-d39d-4b03-b18e-f36a824f0cb4,PROVIDER,1000,itemstocksubmodel-api-asset@BPNL00000003AYRE,0ef26eaf-3d7c-479a-9a01-d5fa6d5cdd8e,872963f2-05c3-45f7-b2d3-cf2be6e45717,1791482264948,1791482268317,1791482268317,1,
4bfe7df1-2cbc-4d36-a99b-d4e29714c58b,PROVIDER,1000,itemstocksubmodel-api-asset@BPNL00000003AYRE,0ef26eaf-3d7c-479a-9a01-d5fa6d5cdd8e,ce9db82c-605a-473b-8f5b-11576e601c0e,1791482264960,1791482268340,1791482268340,1,
bd3d1a38-d28e-4920-b710-8825e7e103aa,PROVIDER,1000,DigitalTwinRegistryId@BPNL00000003AYRE,83673ffd-c48c-429a-b6c6-7e8dac70b874,ea1a8b97-e1fa-4aa0-abee-414f62ddad25,1791482267244,1791482269874,1791482269874,1,
ca39f4ee-ecbf-4b42-be8a-dff677bf2eff,PROVIDER,1000,itemstocksubmodel-api-asset@BPNL00000003AYRE,0ef26eaf-3d7c-479a-9a01-d5fa6d5cdd8e,4195bb51-d680-4574-bba9-2a39a49b377d,1791482267436,1791482269866,1791482269866,1,
2c9147cf-0a8a-42d2-8b6c-13abe1081989,PROVIDER,1000,itemstocksubmodel-api-asset@BPNL00000003AYRE,0ef26eaf-3d7c-479a-9a01-d5fa6d5cdd8e,45b6f4de-837e-4f2d-8967-b6dacb302ea4,1791482268562,1791482271272,1791482271272,1,
26571ba7-3896-4bc0-bf50-0f4b42d24996,PROVIDER,1000,DigitalTwinRegistryId@BPNL00000003AYRE,83673ffd-c48c-429a-b6c6-7e8dac70b874,39ea0973-6f12-4fb5-a4e3-349fd8ffe9d1,1791482268735,1791482271284,1791482271284,1,
fb2e876d-c8e0-4e16-8f78-2bc3a9f51d48,PROVIDER,1000,itemstocksubmodel-api-asset@BPNL00000003AYRE,0ef26eaf-3d7c-479a-9a01-d5fa6d5cdd8e,332f48e4-b088-4d2b-b66c-97046c53f06d,1791482269968,1791482271551,1791482271551,1,
47562812-3187-4753-bb5d-17e6f1415500,PROVIDER,1000,DigitalTwinRegistryId@BPNL00000003AYRE,83673ffd-c48c-429a-b6c6-7e8dac70b874,d4224308-9e66-478f-bd43-dc942d7bd56a,1791482271225,1791482273915,1791482273915,1,
3d598651-8728-45aa-8a38-85fbf2adfa52,PROVIDER,1000,itemstocksubmodel-api-asset@BPNL00000003AYRE,0ef26eaf-3d7c-479a-9a01-d5fa6d5cdd8e,da42cfe2-2123-4a5a-9164-57c776dcfb9c,1791482272962,1791482275330,1791482275330,1,
ff6911ce-59c7-4478-af20-8d40a3ec8109,PROVIDER,1000,DigitalTwinRegistryId@BPNL00000003AYRE,83673ffd-c48c-429a-b6c6-7e8dac70b874,877e9799-744e-4db7-8a0c-a6b753807151,1791482272975,1791482275339,1791482275339,1,
4fd7bc1a-c3fc-4270-a6f1-be3bb8db1026,PROVIDER,1000,itemstocksubmodel-api-asset@BPNL00000003AYRE,0ef26eaf-3d7c-479a-9a01-d5fa6d5cdd8e,345c0c8d-0711-40d2-86b8-365d5f6300d0,1791482274172,1791482276959,1791482276959,1,
6f6a8bd6-6b95-4e3f-a4da-3c8f4c3f4311,PROVIDER,1000,DigitalTwinRegistryId@BPNL00000003AYRE,83673ffd-c48c-429a-b6c6-7e8dac70b874,0a3126c0-93dc-4a2b-8da9-b970579ff44f,1791482275456,1791482278980,1791482278980,1,
1ee49890-d5fa-42bd-aecb-616ed8b7f6f4,PROVIDER,1000,DigitalTwinRegistryId@BPNL00000003AYRE,83673ffd-c48c-429a-b6c6-7e8dac70b874,e1810ceb-b2c6-433b-a55d-16c9118b9bfc,1791482276833,1791482278991,1791482278991,1,
0ecd9617-0105-4f47-924b-9c81828b7a63,PROVIDER,1000,itemstocksubmodel-api-asset@BPNL00000003AYRE,0ef26eaf-3d7c-479a-9a01-d5fa6d5cdd8e,8f34266e-1d8a-4885-a8c3-70f8a1ab1d7f,1791482277884,1791482280352,1791482280352,1,
93ca6bbf-8591-40df-8327-d93382c4c04a,PROVIDER,1000,itemstocksubmodel-api-asset@BPNL00000003AYRE,0ef26eaf-3d7c-479a-9a01-d5fa6d5cdd8e,da910217-3bcf-4082-a7d1-48c531e89d37,1791482277897,1791482280363,1791482280363,1,
f01f44e3-407b-446b-88b4-ceef9d2d8890,PROVIDER,1000,DigitalTwinRegistryId@BPNL00000003AYRE,83673ffd-c48c-429a-b6c6-7e8dac70b874,bf518c71-4e16-4962-88d0-1b87f716ca14,1791482279038,1791482281754,1791482281754,1,
a2928644-6772-4259-8eb5-296ede4e9150,PROVIDER,1000,itemstocksubmodel-api-asset@BPNL00000003AYRE,0ef26eaf-3d7c-479a-9a01-d5fa6d5cdd8e,50e3f082-c2a1-4673-b5aa-5f90c8735a29,1791482281232,1791482283335,1791482283335,1,
5032912b-6068-4f04-8b04-9dd94c9dcc82,PROVIDER,1000,DigitalTwinRegistryId@BPNL00000003AYRE,83673ffd-c48c-429a-b6c6-7e8dac70b874,2c8ca834-05f8-493d-98b8-b1abd9cc6aff,1791482281330,1791482283345,1791482283345,1,
53b70251-40bb-4981-97e4-c4f8570b8ec5,PROVIDER,1000,itemstocksubmodel-api-asset@BPNL00000003AYRE,0ef26eaf-3d7c-479a-9a01-d5fa6d5cdd8e,c70ca3da-9874-44af-a1d9-f4665acb953c,1791482282775,1791482284559,1791482284559,1,
20f9a22e-4e7e-450a-900e-446f10267318,PROVIDER,1000,DigitalTwinRegistryId@BPNL00000003AYRE,83673ffd-c48c-429a-b6c6-7e8dac70b874,7fa7e582-036b-4f95-8ec1-4dd83750706f,1791482283428,1791482287806,1791482287806,1,
f02f00fd-cd50-48b9-ba06-4dc264858e8d,PROVIDER,1000,DigitalTwinRegistryId@BPNL00000003AYRE,83673ffd-c48c-429a-b6c6-7e8dac70b874,2d1b64bf-0c98-4d0f-a8de-3f5ce8a2a652,1791482285635,1791482289485,1791482289485,1,
912b1fd9-2b50-4006-a1f8-cb71f4f16453,PROVIDER,1000,itemstocksubmodel-api-asset@BPNL00000003AYRE,0ef26eaf-3d7c-479a-9a01-d5fa6d5cdd8e,40ee64b9-6d61-4043-9500-6acfc25e69d0,1791482285643,1791482289471,1791482289471,1,
8f4bc5f2-81a7-458e-9683-350b4321af3d,PROVIDER,1000,DigitalTwinRegistryId@BPNL00000003AYRE,83673ffd-c48c-429a-b6c6-7e8dac70b874,496f644b-9a23-46d3-b7d7-5d8bbb8db624,1791482286821,1791482289495,1791482289495,1,
2e1ee438-2887-473c-a8ca-058c10157184,PROVIDER,1000,itemstocksubmodel-api-asset@BPNL00000003AYRE,0ef26eaf-3d7c-479a-9a01-d5fa6d5cdd8e,f95dd4a2-29a9-4aea-994d-b14a44abbd43,1791482288131,1791482290863,1791482290863,1,
154e03d2-2047-4897-acbd-6ea24cb004a1,PROVIDER,1000,itemstocksubmodel-api-asset@BPNL00000003AYRE,0ef26eaf-3d7c-479a-9a01-d5fa6d5cdd8e,443d9532-57de-44b0-bd4c-533764eddef7,1791482288151,1791482290876,1791482290876,1,
8717bc28-f96c-4b5d-ab2d-59f56e0b19bf,PROVIDER,1000,DigitalTwinRegistryId@BPNL00000003AYRE,83673ffd-c48c-429a-b6c6-7e8dac70b874,47c5f18b-9c50-492b-8e5a-d33c6c1a15d4,1791482289564,1791482292551,1791482292551,1,
bfecc5be-a818-4d97-8ef6-37e7c1b0db73,PROVIDER,1000,DigitalTwinRegistryId@BPNL00000003AYRE,83673ffd-c48c-429a-b6c6-7e8dac70b874,1df3452b-b48e-437c-8a6b-35364187732d,1791482290807,1791482292562,1791482292562,1,
4b482f48-2255-46d8-8c0d-afe9a92b9449,PROVIDER,1000,itemstocksubmodel-api-asset@BPNL00000003AYRE,0ef26eaf-3d7c-479a-9a01-d5fa6d5cdd8e,33f06327-d5cf-494e-b5aa-73e8cd57d2e6,1791482292008,1791482294028,1791482294028,1,
ae1357e9-59d4-4fe8-ac8d-39920d5c05d9,PROVIDER,1000,itemstocksubmodel-api-asset@BPNL00000003AYRE,0ef26eaf-3d7c-479a-9a01-d5fa6d5cdd8e,e4a155c6-6638-433e-b0ae-72fe89781d64,1791482292026,1791482294036,1791482294036,1,
23a85efe-19d0-4abb-9735-86619e78becf,PROVIDER,1000,DigitalTwinRegistryId@BPNL00000003AYRE,83673ffd-c48c-429a-b6c6-7e8dac70b874,4cb7f487-3ba0-4912-a97a-c31c963ced9b,1791482293293,1791482295388,1791482295388,1,
63f06bed-f7f7-445c-956e-f7b076ab32c9,PROVIDER,1000,itemstocksubmodel-api-asset@BPNL00000003AYRE,0ef26eaf-3d7c-479a-9a01-d5fa6d5cdd8e,3c08510e-36da-4c02-9ef0-b9a97f1ad3b4,1791482294475,1791482296822,1791482296822,1,
c91037e2-ca78-442c-8d86-ca6e6e8a4853,PROVIDER,1000,DigitalTwinRegistryId@BPNL00000003AYRE,83673ffd-c48c-429a-b6c6-7e8dac70b874,329cae2d-a79e-48d8-acbd-fb6b104e4b83,1791482294699,1791482296810,1791482296810,1,
0b5f7db7-5abf-4a94-bd09-81f8c39ce915,PROVIDER,1000,itemstocksubmodel-api-asset@BPNL00000003AYRE,0ef26eaf-3d7c-479a-9a01-d5fa6d5cdd8e,3731f97a-9721-4a52-8d1e-4645f67ebf4f,1791482295903,1791482298054,1791482298054,1,
403df0a3-6870-49e9-a705-52e9aa87de16,PROVIDER,1000,DigitalTwinRegistryId@BPNL00000003AYRE,83673ffd-c48c-429a-b6c6-7e8dac70b874,ebfaf23c-29c8-43d5-87aa-d474b8fb2b6b,1791482296966,1791482300456,1791482300456,1,
623d703d-945d-4db0-bc4a-ec385b610860,PROVIDER,1000,itemstocksubmodel-api-asset@BPNL00000003AYRE,0ef26eaf-3d7c-479a-9a01-d5fa6d5cdd8e,33e8586c-fd73-4ec9-a2c5-ded57e571c2a,1791482299207,1791482302930,1791482302930,1,
0a9f1ca2-61ab-416a-9627-654b715ceee1,PROVIDER,1000,DigitalTwinRegistryId@BPNL00000003AYRE,83673ffd-c48c-429a-b6c6-7e8dac70b874,4a51f0e3-d534-4eaf-a17f-eacb647eeee6,1791482299220,1791482302940,1791482302940,1,
cf4637c8-e938-4978-bd2b-035dc73db6b6,PROVIDER,1000,DigitalTwinRegistryId@BPNL00000003AYRE,83673ffd-c48c-429a-b6c6-7e8dac70b874,e7cb2f1f-5c2b-4580-968d-fc8417c686c2,1791482301528,1791482304364,1791482304364,1,
1b98273a-f4df-473b-96e9-dff20dae6995,PROVIDER,1000,itemstocksubmodel-api-asset@BPNL00000003AYRE,0ef26eaf-3d7c-479a-9a01-d5fa6d5cdd8e,776add09-3b29-4258-94e9-9f408b36ea10,1791482301556,1791482304376,1791482304376,1,
6872383e-ff94-4c98-b4e5-b8cc442e07f8,PROVIDER,1000,DigitalTwinRegistryId@BPNL00000003AYRE,83673ffd-c48c-429a-b6c6-7e8dac70b874,42d96b8b-9609-4dae-9dac-2ab17ea5d4aa,1791482303896,1791482306743,1791482306743,1,
0db8c069-9fb9-4a15-a284-79440a4f5ada,PROVIDER,1000,itemstocksubmodel-api-asset@BPNL00000003AYRE,0ef26eaf-3d7c-479a-9a01-d5fa6d5cdd8e,f8f5de36-4b57-4b9e-87b4-05a4e3306b12,1791482303913,1791482306752,1791482306752,1,
b8e299a6-8284-4178-b2b9-1bc2786df821,PROVIDER,1000,itemstocksubmodel-api-asset@BPNL00000003AYRE,0ef26eaf-3d7c-479a-9a01-d5fa6d5cdd8e,24382de7-0814-4695-a1b0-741d24947894,1791482305105,1791482307100,1791482307100,1,
69e753d6-1df5-4470-a92c-f1ec3d92ac8d,PROVIDER,1000,DigitalTwinRegistryId@BPNL00000003AYRE,83673ffd-c48c-429a-b6c6-7e8dac70b874,646b94dc-7dba-445b-adf8-bfaf8c176bd2,1791482305119,1791482307119,1791482307119,1,
4fe30c17-1203-441d-948f-22ffc96f04ce,PROVIDER,1000,itemstocksubmodel-api-asset@BPNL00000003AYRE,0ef26eaf-3d7c-479a-9a01-d5fa6d5cdd8e,941611cb-64d6-4009-b907-b04b46e20a43,1791482306404,1791482308359,1791482308359,1,
9b23e002-81fc-424f-a820-8b177bd56340,PROVIDER,1000,DigitalTwinRegistryId@BPNL00000003AYRE,83673ffd-c48c-429a-b6c6-7e8dac70b874,02f7ae67-8188-4393-b601-d2923713cf05,1791482307536,1791482309834,1791482309834,1,
5484bbf6-ae9e-47f2-8536-9c881f3764e2,PROVIDER,1000,itemstocksubmodel-api-asset@BPNL00000003AYRE,0ef26eaf-3d7c-479a-9a01-d5fa6d5cdd8e,16727b5c-db37-48cc-8687-1602a704c117,1791482308746,1791482311272,1791482311272,1,
be5910c1-c075-47e4-aab4-5538bfe522da,PROVIDER,1000,DigitalTwinRegistryId@BPNL00000003AYRE,83673ffd-c48c-429a-b6c6-7e8dac70b874,f3ec03ff-504e-4cdb-9f3f-16aae2226bbb,1791482308771,1791482311285,1791482311285,1,
13cc2ec7-b7a2-4b06-8539-042dc8d06e56,PROVIDER,1000,itemstocksubmodel-api-asset@BPNL00000003AYRE,0ef26eaf-3d7c-479a-9a01-d5fa6d5cdd8e,0181ad59-ce9c-4df6-bbde-54699408f03f,1791482309992,1791482312849,1791482312849,1,
045803d7-e40f-43b9-a5f8-0180e78e6d34,PROVIDER,1000,DigitalTwinRegistryId@BPNL00000003AYRE,83673ffd-c48c-429a-b6c6-7e8dac70b874,8c8aa9e2-900b-47b4-8be2-8f7358f886c5,1791482311203,1791482313057,1791482313057,1,
7995cba4-381c-4550-9421-25ea93932c34,PROVIDER,1000,itemstocksubmodel-api-asset@BPNL00000003AYRE,0ef26eaf-3d7c-479a-9a01-d5fa6d5cdd8e,7aae9455-dc14-44b9-aaa1-e695efb9a46c,1791482312372,1791482314344,1791482314344,1,
0d52e941-882f-4d71-a99a-9138a6ea8dbc,PROVIDER,1000,DigitalTwinRegistryId@BPNL00000003AYRE,83673ffd-c48c-429a-b6c6-7e8dac70b874,01f710cf-7940-42b5-8314-4a8fa59cc1e0,1791482313557,1791482315924,1791482315924,1,
295dea14-f426-443d-8361-af56548d97a7,PROVIDER,1000,itemstocksubmodel-api-asset@BPNL00000003AYRE,0ef26eaf-3d7c-479a-9a01-d5fa6d5cdd8e,29079a08-9657-48d3-a6d4-e1447215a700,1791482315009,1791482317634,1791482317634,1,
bdbc60e9-1e30-437e-b832-b79fc258f57b,PROVIDER,1000,DigitalTwinRegistryId@BPNL00000003AYRE,83673ffd-c48c-429a-b6c6-7e8dac70b874,f029f6f1-20af-4af4-b3d4-2746b592cae7,1791482315028,1791482317704,1791482317704,1,
f8302bd7-40ff-4ed0-8561-73114297b130,PROVIDER,1000,itemstocksubmodel-api-asset@BPNL00000003AYRE,0ef26eaf-3d7c-479a-9a01-d5fa6d5cdd8e,8cd25916-dcc6-4e10-a980-d6f40c9bb748,1791482316243,1791482318232,1791482318232,1,
a9ea2444-9b3c-4c0b-9799-326907207aa9,PROVIDER,1000,DigitalTwinRegistryId@BPNL00000003AYRE,83673ffd-c48c-429a-b6c6-7e8dac70b874,19bf43c9-c444-4aa6-8064-4c36870faae6,1791482317734,1791482319653,1791482319653,1,
3776baf6-56df-4146-87ab-178c204d13bc,PROVIDER,1000,itemstocksubmodel-api-asset@BPNL00000003AYRE,0ef26eaf-3d7c-479a-9a01-d5fa6d5cdd8e,e67a92e3-cff9-4d5f-a26b-33306facac81,1791482318779,1791482321087,1791482321087,1,
c0cf1964-6035-428a-ab31-eecdb82380b9,PROVIDER,1000,DigitalTwinRegistryId@BPNL00000003AYRE,83673ffd-c48c-429a-b6c6-7e8dac70b874,49d15ce0-a622-44dc-aaef-e7c74c051d94,1791482318794,1791482321099,1791482321099,1,
73d12b95-aaa0-4366-b87d-639787345859,PROVIDER,1000,itemstocksubmodel-api-asset@BPNL00000003AYRE,0ef26eaf-3d7c-479a-9a01-d5fa6d5cdd8e,52d4e473-be92-42e5-887a-a3f6f3c0dafe,1791482320001,1791482322390,1791482322390,1,
4a371385-b9de-4c21-a6a5-862c03b3a30f,PROVIDER,1000,DigitalTwinRegistryId@BPNL00000003AYRE,83673ffd-c48c-429a-b6c6-7e8dac70b874,bcfdc8ea-3a18-4065-a447-9b621302d45b,1791482321205,1791482324891,1791482324891,1,
83d269e4-e41e-4115-a798-ac78959a86d9,PROVIDER,1000,DigitalTwinRegistryId@BPNL00000003AYRE,83673ffd-c48c-429a-b6c6-7e8dac70b874,a7450651-1a3c-4992-94b5-e8ff13777a08,1791482323464,1791482325242,1791482325242,1,
d27b81ff-39c9-4994-b2f3-a8712432d68d,PROVIDER,1000,itemstocksubmodel-api-asset@BPNL00000003AYRE,0ef26eaf-3d7c-479a-9a01-d5fa6d5cdd8e,07433e71-7961-4eea-9978-ee025c916ccb,1791482323476,1791482325219,1791482325219,1,
aefc76e0-6a64-4d75-a7db-74bf2f0c02a9,PROVIDER,1000,DigitalTwinRegistryId@BPNL00000003AYRE,83673ffd-c48c-429a-b6c6-7e8dac70b874,e1269e17-77ea-4f38-8a9d-001f0c4218d7,1791482324750,1791482325512,1791482325512,1,
9515e486-16e6-47d2-abb2-fbae219c8478,PROVIDER,1000,itemstocksubmodel-api-asset@BPNL00000003AYRE,0ef26eaf-3d7c-479a-9a01-d5fa6d5cdd8e,41916315-11a6-4a27-8915-85a886404984,1791482325204,1791482328069,1791482328069,1,
baf0fcd6-6ce2-46c7-adc8-8772bedcc5ae,PROVIDER,1000,itemstocksubmodel-api-asset@BPNL00000003AYRE,0ef26eaf-3d7c-479a-9a01-d5fa6d5cdd8e,46e42c1e-2486-4716-a491-23ea7448d09b,1791482325504,1791482328078,1791482328078,1,
b1627787-98d4-4bb4-9064-1205beceb6ff,PROVIDER,1000,DigitalTwinRegistryId@BPNL00000003AYRE,83673ffd-c48c-429a-b6c6-7e8dac70b874,d206c92b-cf55-4c90-ac87-c8a8902a388d,1791482326730,1791482329490,1791482329490,1,
e2f7d0d9-b8d8-451d-8755-2a64191fe106,PROVIDER,1000,itemstocksubmodel-api-asset@BPNL00000003AYRE,0ef26eaf-3d7c-479a-9a01-d5fa6d5cdd8e,dfef0681-ba80-41b8-bdd6-160511637dd6,1791482328931,1791482330823,1791482330823,1,
13f64e5a-80de-4d81-9f38-46852374a27e,PROVIDER,1000,DigitalTwinRegistryId@BPNL00000003AYRE,83673ffd-c48c-429a-b6c6-7e8dac70b874,42947a66-09df-42c0-95f3-e96ad13c1daa,1791482328942,1791482330832,1791482330832,1,
e5c5c0de-94a4-42db-a6a5-5642b42a887d,PROVIDER,1000,itemstocksubmodel-api-asset@BPNL00000003AYRE,0ef26eaf-3d7c-479a-9a01-d5fa6d5cdd8e,cd135fe5-5124-4edb-a523-ca78284a42c2,1791482330109,1791482332048,1791482332048,1,
4264e092-b57b-4170-b37d-8fdf6f4c7cd2,PROVIDER,1000,DigitalTwinRegistryId@BPNL00000003AYRE,83673ffd-c48c-429a-b6c6-7e8dac70b874,59f88d14-705e-4e0b-99f8-6770183fb12c,1791482331330,1791482333152,1791482333152,1,
dcaf2a8c-93f8-47ea-ae47-335d11a6ab54,PROVIDER,1000,DigitalTwinRegistryId@BPNL00000003AYRE,83673ffd-c48c-429a-b6c6-7e8dac70b874,46218c06-9cfb-4ad7-a42c-3f80ff7181e5,1791482333234,1791482336233,1791482336233,1,
ca9de0f1-432e-4321-947a-d1c8a3c32803,PROVIDER,1000,itemstocksubmodel-api-asset@BPNL00000003AYRE,0ef26eaf-3d7c-479a-9a01-d5fa6d5cdd8e,f557389c-6ba7-45f7-87ad-0e0a264e7b70,1791482333242,1791482336245,1791482336245,1,
57b59349-0483-4324-bcd6-975781bf3cf6,PROVIDER,1000,itemstocksubmodel-api-asset@BPNL00000003AYRE,0ef26eaf-3d7c-479a-9a01-d5fa6d5cdd8e,ab392af6-e225-495f-b0dc-5ba3f27b0b07,1791482335418,1791482338138,1791482338138,1,
0c643ecb-b51e-4b2f-9369-7d9bf8734a10,PROVIDER,1000,DigitalTwinRegistryId@BPNL00000003AYRE,83673ffd-c48c-429a-b6c6-7e8dac70b874,f1a2fbd2-60d9-43b6-8da8-17c11c59e21e,1791482335428,1791482338155,1791482338155,1,
e8f6d85f-020e-4560-bc9f-630a76ec3998,PROVIDER,1000,DigitalTwinRegistryId@BPNL00000003AYRE,83673ffd-c48c-429a-b6c6-7e8dac70b874,92f047b2-f85a-4919-b642-16472c94edab,1791482336804,1791482338288,1791482338288,1,
38d673aa-182e-4527-897b-7fd3efe06395,PROVIDER,1000,itemstocksubmodel-api-asset@BPNL00000003AYRE,0ef26eaf-3d7c-479a-9a01-d5fa6d5cdd8e,8a206063-5d2c-474e-bea2-1303f5402769,1791482336945,1791482338558,1791482338558,1,
e3d55584-1032-4e77-9ac9-1597ed07d5f6,PROVIDER,1000,itemstocksubmodel-api-asset@BPNL00000003AYRE,0ef26eaf-3d7c-479a-9a01-d5fa6d5cdd8e,57e7dd03-c866-4a55-adbd-91b6114ba2c9,1791482338236,1791482339913,1791482339913,1,
eedfce9f-cc33-4bcd-8896-10b53964bed9,PROVIDER,1000,DigitalTwinRegistryId@BPNL00000003AYRE,83673ffd-c48c-429a-b6c6-7e8dac70b874,c376a1ce-59b7-4565-944d-dd91739e1abf,1791482339380,1791482341337,1791482341337,1,
4c3445c7-bcc2-4d83-bdd1-82cbe44a0031,PROVIDER,1000,itemstocksubmodel-api-asset@BPNL00000003AYRE,0ef26eaf-3d7c-479a-9a01-d5fa6d5cdd8e,73cfa819-5597-4200-8777-458eb65058e4,1791482340544,1791482342626,1791482342626,1,
1fb9cccd-d2cd-42be-a764-3634d9b5bb20,PROVIDER,1000,DigitalTwinRegistryId@BPNL00000003AYRE,83673ffd-c48c-429a-b6c6-7e8dac70b874,cabfca3a-aed0-41fc-9bc9-4acfdf0a27e9,1791482340721,1791482342634,1791482342634,1,
62240d0f-ba74-4683-a01f-695bacdb0ad9,PROVIDER,1000,itemstocksubmodel-api-asset@BPNL00000003AYRE,0ef26eaf-3d7c-479a-9a01-d5fa6d5cdd8e,84804411-b8fd-427b-b880-2080c348c94b,1791482342032,1791482343954,1791482343954,1,
62daff9a-1255-49ff-bf19-5b363109e620,PROVIDER,1000,DigitalTwinRegistryId@BPNL00000003AYRE,83673ffd-c48c-429a-b6c6-7e8dac70b874,d832c443-15de-43e8-8574-bc92bb816c35,1791482343278,1791482345234,1791482345234,1,
a15cf947-9dc3-4234-90b9-ef888ded8c1b,PROVIDER,1000,itemstocksubmodel-api-asset@BPNL00000003AYRE,0ef26eaf-3d7c-479a-9a01-d5fa6d5cdd8e,b24a44dd-ad34-4b30-b5d1-b7da5eefb1e6,1791482344431,1791482346420,1791482346420,1,
feb4787c-b20a-4164-876e-9e9c39233e75,PROVIDER,1000,DigitalTwinRegistryId@BPNL00000003AYRE,83673ffd-c48c-429a-b6c6-7e8dac70b874,6fb0a64e-2860-4c50-b492-cc9d16b93a85,1791482345638,1791482348013,1791482348013,1,
86c203c4-c59d-4d18-994e-d05ea51b287b,PROVIDER,1000,DigitalTwinRegistryId@BPNL00000003AYRE,83673ffd-c48c-429a-b6c6-7e8dac70b874,826a7b15-8c9b-4b8b-8c1b-f35ce19d4ff3,1791482346722,1791482350557,1791482350557,1,
bde75ca6-35f6-444c-befc-60fd978054d7,PROVIDER,1000,itemstocksubmodel-api-asset@BPNL00000003AYRE,0ef26eaf-3d7c-479a-9a01-d5fa6d5cdd8e,105c5985-287e-4f48-ba99-cbb4fad746ac,1791482346932,1791482350565,1791482350565,1,
b05ba7e7-d363-460b-a7c8-6eb054a80b74,PROVIDER,1000,itemstocksubmodel-api-asset@BPNL00000003AYRE,0ef26eaf-3d7c-479a-9a01-d5fa6d5cdd8e,a504982c-298d-4f5d-a946-f30c21d7f39a,1791482349135,1791482351922,1791482351922,1,
a5df12a2-cffb-4287-a8a5-b89116109123,PROVIDER,1000,DigitalTwinRegistryId@BPNL00000003AYRE,83673ffd-c48c-429a-b6c6-7e8dac70b874,22584b3a-2357-4818-b77c-d36c8bca78b1,1791482349142,1791482351933,1791482351933,1,
dfedd99c-a4cc-478f-b24a-ac330e18b02b,PROVIDER,1000,DigitalTwinRegistryId@BPNL00000003AYRE,83673ffd-c48c-429a-b6c6-7e8dac70b874,44e96c70-414a-4d56-9cb3-7b7120ae52d9,1791482351327,1791482353416,1791482353416,1,
ba0ab680-84bd-476c-85da-3343654e6ff8,PROVIDER,1000,itemstocksubmodel-api-asset@BPNL00000003AYRE,0ef26eaf-3d7c-479a-9a01-d5fa6d5cdd8e,b24f4482-dbd4-4c12-a609-b95e56480e8a,1791482351433,1791482353425,1791482353425,1,
e0ab563b-796d-4b5b-b53f-e1c6f9b644a3,PROVIDER,1000,itemstocksubmodel-api-asset@BPNL00000003AYRE,0ef26eaf-3d7c-479a-9a01-d5fa6d5cdd8e,23db8680-3a0e-4042-a123-58375218093b,1791482352905,1791482354764,1791482354764,1,
8a42b449-6f8e-42f0-9565-dd4cc188c189,PROVIDER,1000,DigitalTwinRegistryId@BPNL00000003AYRE,83673ffd-c48c-429a-b6c6-7e8dac70b874,d57b45bd-30c7-4a58-9bd0-442a856b3164,1791482352918,1791482354776,1791482354776,1,
06341c59-56ab-4a33-ac93-6b983237a6e4,PROVIDER,1000,itemstocksubmodel-api-asset@BPNL00000003AYRE,0ef26eaf-3d7c-479a-9a01-d5fa6d5cdd8e,8a917ea8-51dd-4580-9c7b-3e1af9117e23,1791482354265,1791482356244,1791482356244,1,
3c64d0dc-33fe-439b-983c-5f9f25362f98,PROVIDER,1000,DigitalTwinRegistryId@BPNL00000003AYRE,83673ffd-c48c-429a-b6c6-7e8dac70b874,9a045114-37e5-4e3b-8333-806a3a0599b8,1791482355740,1791482358001,1791482358001,1,
dff33da3-7552-4d16-96c4-20602b98f93a,PROVIDER,1000,itemstocksubmodel-api-asset@BPNL00000003AYRE,0ef26eaf-3d7c-479a-9a01-d5fa6d5cdd8e,9a47ef13-ed32-47d9-859d-405ec640afdb,1791482356800,1791482359372,1791482359372,1,
acb8f101-8054-40ba-a6a8-3af5fad899fc,PROVIDER,1000,DigitalTwinRegistryId@BPNL00000003AYRE,83673ffd-c48c-429a-b6c6-7e8dac70b874,0341becc-d02f-4533-a611-a4ea5cd91052,1791482356813,1791482359380,1791482359380,1,
cb2974c4-01d7-4170-8587-ad946415dc57,PROVIDER,1000,itemstocksubmodel-api-asset@BPNL00000003AYRE,0ef26eaf-3d7c-479a-9a01-d5fa6d5cdd8e,9e58ae88-8fcb-40af-b299-bb844ba9de83,1791482359023,1791482360852,1791482360852,1,
22f7fffd-3169-420d-8f69-80211bbbff2c,PROVIDER,1000,DigitalTwinRegistryId@BPNL00000003AYRE,83673ffd-c48c-429a-b6c6-7e8dac70b874,13863bbd-1879-483d-8178-607503e85920,1791482359036,1791482360861,1791482360861,1,
0bf7c877-4edd-4b5e-a9e1-619df9634cb9,PROVIDER,1000,itemstocksubmodel-api-asset@BPNL00000003AYRE,0ef26eaf-3d7c-479a-9a01-d5fa6d5cdd8e,b80cc450-ed65-4e3b-a2fe-469145258bfc,1791482360225,1791482362133,1791482362133,1,
b75d6ffe-6b9c-4b68-9463-6b20ef554b9f,PROVIDER,1000,DigitalTwinRegistryId@BPNL00000003AYRE,83673ffd-c48c-429a-b6c6-7e8dac70b874,d5d52bcd-7873-4a15-b37f-255178606e8c,1791482361527,1791482363488,1791482363488,1,
063d8c67-c444-4366-9135-20676e2dea87,PROVIDER,1000,itemstocksubmodel-api-asset@BPNL00000003AYRE,0ef26eaf-3d7c-479a-9a01-d5fa6d5cdd8e,6289f3f4-c8f7-4532-b27a-0621219e1e54,1791482363101,1791482364820,1791482364820,1,
1fe3a96a-6a81-4096-a326-1b7746eaae2d,PROVIDER,1000,DigitalTwinRegistryId@BPNL00000003AYRE,83673ffd-c48c-429a-b6c6-7e8dac70b874,b4024253-3307-4d97-a61f-21d21d61eaa9,1791482363111,1791482364831,1791482364831,1,
5c1d31ef-75b6-4907-ae0c-850faedf0045,PROVIDER,1000,itemstocksubmodel-api-asset@BPNL00000003AYRE,0ef26eaf-3d7c-479a-9a01-d5fa6d5cdd8e,fe5e00fb-106d-489e-9254-3e150975641f,1791482364329,1791482366176,1791482366176,1,
2aac0495-c82d-4465-822e-a49510660dbd,PROVIDER,1000,DigitalTwinRegistryId@BPNL00000003AYRE,83673ffd-c48c-429a-b6c6-7e8dac70b874,ec6b7121-b184-4000-b387-743b580cdfb9,1791482365468,1791482367865,1791482367865,1,
2acd603d-ab41-429e-be1b-0e8e3e10b86c,PROVIDER,1000,itemstocksubmodel-api-asset@BPNL00000003AYRE,0ef26eaf-3d7c-479a-9a01-d5fa6d5cdd8e,36ab5949-7533-4bd2-9b32-1dfa6e309ce2,1791482366698,1791482369345,1791482369345,1,
1f4cb652-b19c-4edb-97b4-ff82a09f0adc,PROVIDER,1000,DigitalTwinRegistryId@BPNL00000003AYRE,83673ffd-c48c-429a-b6c6-7e8dac70b874,98426778-7e4b-4b01-9893-7609e5453dac,1791482366714,1791482369354,1791482369354,1,
fa972f39-87ce-4f06-9d26-a10e39f307ce,PROVIDER,1000,itemstocksubmodel-api-asset@BPNL00000003AYRE,0ef26eaf-3d7c-479a-9a01-d5fa6d5cdd8e,a560816f-8d0b-4e79-a605-c9f86d963521,1791482368917,1791482370759,1791482370759,1,
abe720da-07dc-488e-b35a-1a4e8bd88bf5,PROVIDER,1000,DigitalTwinRegistryId@BPNL00000003AYRE,83673ffd-c48c-429a-b6c6-7e8dac70b874,a797b7ed-c367-4ab4-8101-36ff78f7dfcb,1791482368931,1791482370769,1791482370769,1,
33f5cba1-91bd-4401-8136-9f42d46003e2,PROVIDER,1000,itemstocksubmodel-api-asset@BPNL00000003AYRE,0ef26eaf-3d7c-479a-9a01-d5fa6d5cdd8e,f8574619-53b7-48ea-a908-6cbaab78f3a3,1791482370098,1791482372071,1791482372071,1,
33c1e72d-97c0-42ab-8ef7-9a3a87344615,PROVIDER,1000,DigitalTwinRegistryId@BPNL00000003AYRE,83673ffd-c48c-429a-b6c6-7e8dac70b874,54ea34b0-2663-43de-950f-d0e17ba1929f,1791482371330,1791482373494,1791482373494,1,
0d526ed8-d2ba-4db7-accf-a67afdf54c52,PROVIDER,1000,itemstocksubmodel-api-asset@BPNL00000003AYRE,0ef26eaf-3d7c-479a-9a01-d5fa6d5cdd8e,9a3a52f7-ca56-4890-bf72-2be46bfb4151,1791482372784,1791482374799,1791482374799,1,
a571d41d-f98c-494b-890a-7bb3475669a0,PROVIDER,1000,DigitalTwinRegistryId@BPNL00000003AYRE,83673ffd-c48c-429a-b6c6-7e8dac70b874,df3dd8d6-4b92-4fbf-8f2d-9c59618bf4d8,1791482372999,1791482374811,1791482374811,1,
c48d43ec-458b-43c2-b36c-daf681063f78,PROVIDER,1000,itemstocksubmodel-api-asset@BPNL00000003AYRE,0ef26eaf-3d7c-479a-9a01-d5fa6d5cdd8e,44998196-a984-4095-b4d7-8b16e2e9694c,1791482374179,1791482376266,1791482376266,1,
613cbf81-e79b-4675-83a0-4f4f9f00d6c1,PROVIDER,1000,DigitalTwinRegistryId@BPNL00000003AYRE,83673ffd-c48c-429a-b6c6-7e8dac70b874,6c1e1895-b170-4bef-9752-3c0016d52f0a,1791482375438,1791482377953,1791482377953,1,
00add32b-9cfc-42c4-abd2-3b741f0e7094,PROVIDER,1000,itemstocksubmodel-api-asset@BPNL00000003AYRE,0ef26eaf-3d7c-479a-9a01-d5fa6d5cdd8e,97c3b2cd-dce0-4b19-ab56-b2f1e84f7dd0,1791482376578,1791482379458,1791482379458,1,
da68c364-e4d6-439a-977d-df41f78a37a6,PROVIDER,1000,DigitalTwinRegistryId@BPNL00000003AYRE,83673ffd-c48c-429a-b6c6-7e8dac70b874,d642e3b1-2010-495d-bb36-d30cc2777a45,1791482376705,1791482379467,1791482379467,1,
329245fe-b1fa-4153-97d4-f6ab0e20516b,PROVIDER,1000,itemstocksubmodel-api-asset@BPNL00000003AYRE,0ef26eaf-3d7c-479a-9a01-d5fa6d5cdd8e,397ebdce-bd25-4cb6-8d16-a1d2698be43a,1791482378920,1791482380771,1791482380771,1,
99621f8f-5268-464d-af6a-66eefe03d9b7,PROVIDER,1000,DigitalTwinRegistryId@BPNL00000003AYRE,83673ffd-c48c-429a-b6c6-7e8dac70b874,03fa24b3-14bd-4411-8ec9-e2d9c278b718,1791482378933,1791482380804,1791482380804,1,
2d3286d1-fb9f-4e2f-baf8-3cf8a223889b,PROVIDER,1000,itemstocksubmodel-api-asset@BPNL00000003AYRE,0ef26eaf-3d7c-479a-9a01-d5fa6d5cdd8e,f49aa2a2-b33d-48a3-ba1e-d5a32abe5142,1791482380173,1791482382053,1791482382053,1,
d54b72f9-fe4b-467d-b010-49d847a29cd1,PROVIDER,1000,DigitalTwinRegistryId@BPNL00000003AYRE,83673ffd-c48c-429a-b6c6-7e8dac70b874,3e112a1f-df30-4297-a9ac-20a3bab7da52,1791482381432,1791482383384,1791482383384,1,
7103547f-944d-47bc-aaff-43494bf7fcf2,PROVIDER,1000,itemstocksubmodel-api-asset@BPNL00000003AYRE,0ef26eaf-3d7c-479a-9a01-d5fa6d5cdd8e,b1221932-8e73-4c92-b7ac-b6ed14cd6984,1791482382978,1791482384849,1791482384849,1,
c1460549-6a6f-414e-9dea-44a3a0baaa86,PROVIDER,1000,DigitalTwinRegistryId@BPNL00000003AYRE,83673ffd-c48c-429a-b6c6-7e8dac70b874,8af9d97a-4ce3-4067-8d00-5fef71f25e77,1791482383202,1791482384859,1791482384859,1,
91cf3e9f-2415-4edd-8577-05ade88008eb,PROVIDER,1000,itemstocksubmodel-api-asset@BPNL00000003AYRE,0ef26eaf-3d7c-479a-9a01-d5fa6d5cdd8e,d54250bb-91f0-4506-9293-8c46aed0e23e,1791482384391,1791482386276,1791482386276,1,
a7446050-721f-432b-8d84-589f16641a60,PROVIDER,1000,DigitalTwinRegistryId@BPNL00000003AYRE,83673ffd-c48c-429a-b6c6-7e8dac70b874,665e2936-7a17-4d4a-8569-82fedfe535b5,1791482385569,1791482387953,1791482387953,1,
b3d4b192-42f2-460b-ac72-9095255b4866,PROVIDER,1000,DigitalTwinRegistryId@BPNL00000003AYRE,83673ffd-c48c-429a-b6c6-7e8dac70b874,8ec74f79-5311-456c-b6e2-dc9483989df3,1791482386796,1791482390484,1791482390484,1,
61029bd2-d86c-4d13-85fb-bdec483276eb,PROVIDER,1000,itemstocksubmodel-api-asset@BPNL00000003AYRE,0ef26eaf-3d7c-479a-9a01-d5fa6d5cdd8e,7d7baa9b-b01c-4ff9-b57c-b867cae8ed9f,1791482386810,1791482390495,1791482390495,1,
6dc765d6-840b-45b6-882d-ef5df5f9955b,PROVIDER,1000,itemstocksubmodel-api-asset@BPNL00000003AYRE,0ef26eaf-3d7c-479a-9a01-d5fa6d5cdd8e,5b2aafce-de75-43b9-936f-955ba5562995,1791482389021,1791482391928,1791482391928,1,
25d9b170-d673-4523-8ccb-531f50bee6bb,PROVIDER,1000,DigitalTwinRegistryId@BPNL00000003AYRE,83673ffd-c48c-429a-b6c6-7e8dac70b874,13183409-3cd9-41ec-a266-2766465e7a17,1791482389030,1791482391939,1791482391939,1,
9a9e9b27-dffa-429d-ac7f-646c05cc6321,PROVIDER,1000,DigitalTwinRegistryId@BPNL00000003AYRE,83673ffd-c48c-429a-b6c6-7e8dac70b874,d80e7308-06e4-44dd-b0da-387d704ecbfe,1791482391335,1791482393116,1791482393116,1,
897637e6-a531-46ac-83f9-244fb85f3677,PROVIDER,1000,itemstocksubmodel-api-asset@BPNL00000003AYRE,0ef26eaf-3d7c-479a-9a01-d5fa6d5cdd8e,158eda56-07e4-4d87-8f3c-73a3c8e796c3,1791482391335,1791482393106,1791482393106,1,
721b53d2-edec-4ae0-807b-8c33a391fd81,PROVIDER,1000,DigitalTwinRegistryId@BPNL00000003AYRE,83673ffd-c48c-429a-b6c6-7e8dac70b874,bdca3abf-a6ce-4270-8f77-e66360c4c263,1791482393393,1791482396734,1791482396734,1,
67782b75-c81b-4853-8f4f-4d266c3cbf62,PROVIDER,1000,itemstocksubmodel-api-asset@BPNL00000003AYRE,0ef26eaf-3d7c-479a-9a01-d5fa6d5cdd8e,3f8cffed-ccee-452d-8095-3e619011a2d1,1791482393406,1791482396704,1791482396704,1,
0e5c5ed1-e834-4fb4-8112-0ad3be367b39,PROVIDER,1000,itemstocksubmodel-api-asset@BPNL00000003AYRE,0ef26eaf-3d7c-479a-9a01-d5fa6d5cdd8e,c52b0389-896e-46f8-b54c-14ddcd507664,1791482394796,1791482398254,1791482398254,1,
255e50d3-60e2-4e86-b88f-82725719e0e4,PROVIDER,1000,DigitalTwinRegistryId@BPNL00000003AYRE,83673ffd-c48c-429a-b6c6-7e8dac70b874,1194fe08-5958-48ef-9c8b-4f1e4637a5dc,1791482394921,1791482398261,1791482398261,1,
56cbe0e1-81c4-4826-9710-14c325ad8357,PROVIDER,1000,itemstocksubmodel-api-asset@BPNL00000003AYRE,0ef26eaf-3d7c-479a-9a01-d5fa6d5cdd8e,3a127bd9-a892-41d4-9a46-3a309363528a,1791482396434,1791482398487,1791482398487,1,
f50efec8-479f-4b4a-80ff-4a95ed99380d,PROVIDER,1000,DigitalTwinRegistryId@BPNL00000003AYRE,83673ffd-c48c-429a-b6c6-7e8dac70b874,4cba7a4b-b194-46b8-9d03-8b9514fdaf7b,1791482397534,1791482400968,1791482400968,1,
594a5a5e-b929-4334-a871-7c27829bb1ec,PROVIDER,1000,DigitalTwinRegistryId@BPNL00000003AYRE,83673ffd-c48c-429a-b6c6-7e8dac70b874,0b52ceba-84fe-457f-b2cc-046adb06a977,1791482399619,1791482402609,1791482402609,1,
9d4eefb5-8b25-422c-b5b3-abe6bdab1a02,PROVIDER,1000,itemstocksubmodel-api-asset@BPNL00000003AYRE,0ef26eaf-3d7c-479a-9a01-d5fa6d5cdd8e,66ab863d-4244-43c4-b32c-cbb61f72df33,1791482399636,1791482402618,1791482402618,1,
3a37c622-a2a0-41ed-a189-b74eac8dbb79,PROVIDER,1000,DigitalTwinRegistryId@BPNL00000003AYRE,83673ffd-c48c-429a-b6c6-7e8dac70b874,644fce56-bbb4-4eb3-a6c7-6590b840c1f5,1791482400847,1791482402642,1791482402642,1,
75391041-8a77-4cc1-b9a6-1e5c5dceef98,PROVIDER,1000,itemstocksubmodel-api-asset@BPNL00000003AYRE,0ef26eaf-3d7c-479a-9a01-d5fa6d5cdd8e,6446001e-a916-45fe-910b-6bc6e6d600c1,1791482402058,1791482405079,1791482405079,1,
9d75922e-8dfe-4dc2-b36e-3cdbd4ba6d96,PROVIDER,1000,itemstocksubmodel-api-asset@BPNL00000003AYRE,0ef26eaf-3d7c-479a-9a01-d5fa6d5cdd8e,ce46ab14-615c-4a82-a577-9bcaef614145,1791482403596,1791482405089,1791482405089,1,
b32827db-0b2e-4272-ae11-abba716f5dda,PROVIDER,1000,DigitalTwinRegistryId@BPNL00000003AYRE,83673ffd-c48c-429a-b6c6-7e8dac70b874,b5359f92-93be-46c3-9f26-c19f9d61362e,1791482404398,1791482406470,1791482406470,1,
a325b4e3-3182-41c0-9374-ce6629567c2e,PROVIDER,1000,DigitalTwinRegistryId@BPNL00000003AYRE,83673ffd-c48c-429a-b6c6-7e8dac70b874,17905e91-db42-4f2f-a61d-505932d5cc78,1791482405642,1791482408212,1791482408212,1,
7926df1f-4385-4e07-8336-e687e38c8bc7,PROVIDER,1000,itemstocksubmodel-api-asset@BPNL00000003AYRE,0ef26eaf-3d7c-479a-9a01-d5fa6d5cdd8e,b4192eef-ad12-4306-93fd-b0b228bfcce5,1791482405645,1791482408200,1791482408200,1,
1599f60c-6563-4b8b-818d-f76b60f78809,PROVIDER,1000,DigitalTwinRegistryId@BPNL00000003AYRE,83673ffd-c48c-429a-b6c6-7e8dac70b874,5db1387d-f63f-42ab-83f6-41a7bcb1731d,1791482406929,1791482408316,1791482408316,1,
e5bfe27a-715f-4bee-a775-7464a9b3973a,PROVIDER,1000,itemstocksubmodel-api-asset@BPNL00000003AYRE,0ef26eaf-3d7c-479a-9a01-d5fa6d5cdd8e,c023a8ea-79ca-44f9-a713-0215fffa1d76,1791482406994,1791482409597,1791482409597,1,
8ffc2f5c-dbc8-4893-9640-a3fa27a4aa77,PROVIDER,1000,itemstocksubmodel-api-asset@BPNL00000003AYRE,0ef26eaf-3d7c-479a-9a01-d5fa6d5cdd8e,d6edc23c-4547-41c7-855a-c92d46c2f144,1791482408361,1791482410913,1791482410913,1,
d977176f-1975-4f7a-b9cd-6419e29be4c0,PROVIDER,1000,DigitalTwinRegistryId@BPNL00000003AYRE,83673ffd-c48c-429a-b6c6-7e8dac70b874,3a00f95c-b0b8-4017-a470-4c64294af7ea,1791482409634,1791482412304,1791482412304,1,
f9b3eda6-d1cc-4830-b949-25eb496a9e2e,PROVIDER,1000,DigitalTwinRegistryId@BPNL00000003AYRE,83673ffd-c48c-429a-b6c6-7e8dac70b874,450af943-c7e8-4153-a7a4-120671382989,1791482410933,1791482412430,1791482412430,1,
36b92fc1-3b76-4dd7-aa0e-55d932206645,PROVIDER,1000,itemstocksubmodel-api-asset@BPNL00000003AYRE,0ef26eaf-3d7c-479a-9a01-d5fa6d5cdd8e,23bfc340-9340-474a-a400-53ea4436c2a6,1791482411198,1791482413767,1791482413767,1,
a79439d7-cf3c-44b4-a28b-1ab868f829a4,PROVIDER,1000,itemstocksubmodel-api-asset@BPNL00000003AYRE,0ef26eaf-3d7c-479a-9a01-d5fa6d5cdd8e,3b630749-db74-4e88-8a41-e80f33646ea8,1791482413003,1791482415208,1791482415208,1,
a6138f39-c0cb-443f-81df-f28ef01cc443,PROVIDER,1000,DigitalTwinRegistryId@BPNL00000003AYRE,83673ffd-c48c-429a-b6c6-7e8dac70b874,aad3a971-fea4-4780-ae0a-4d4a5fadb639,1791482413413,1791482415217,1791482415217,1,
64ad41c1-2247-4fda-9800-60484b14c55c,PROVIDER,1000,itemstocksubmodel-api-asset@BPNL00000003AYRE,0ef26eaf-3d7c-479a-9a01-d5fa6d5cdd8e,c9e49d97-666c-46a5-a275-56ab2fe14029,1791482414515,1791482416460,1791482416460,1,
8ae42a24-8fd9-41f4-a726-060540a15cd1,PROVIDER,1000,DigitalTwinRegistryId@BPNL00000003AYRE,83673ffd-c48c-429a-b6c6-7e8dac70b874,c0e5ab1c-0837-4d1b-b4f0-ae5dba34a40f,1791482415807,1791482417867,1791482417867,1,
063f085a-cb2b-448c-b1b4-d7af23c045c9,PROVIDER,1000,DigitalTwinRegistryId@BPNL00000003AYRE,83673ffd-c48c-429a-b6c6-7e8dac70b874,08556f6c-57ea-4987-9cba-3963e1fe4c45,1791482416931,1791482419250,1791482419250,1,
49b176a5-54c2-42bf-9147-b8381b610809,PROVIDER,1000,itemstocksubmodel-api-asset@BPNL00000003AYRE,0ef26eaf-3d7c-479a-9a01-d5fa6d5cdd8e,f3f074a4-2d4a-4cd3-a3d3-1e4d14be3fc0,1791482417044,1791482419263,1791482419263,1,
05479f21-1ff6-422f-a817-2b61ced64d3a,PROVIDER,1000,itemstocksubmodel-api-asset@BPNL00000003AYRE,0ef26eaf-3d7c-479a-9a01-d5fa6d5cdd8e,489b7635-775b-4946-a147-ec802db90b91,1791482418239,1791482420483,1791482420483,1,
3d419d0f-d864-4bd7-8779-1d1d9c2f9dcd,PROVIDER,1000,DigitalTwinRegistryId@BPNL00000003AYRE,83673ffd-c48c-429a-b6c6-7e8dac70b874,c053b9e2-6cb7-485b-b791-40b06c6a203c,1791482419428,1791482422857,1791482422857,1,
fda60ed7-8bbf-4b2e-83ee-f84451b18e5e,PROVIDER,1000,DigitalTwinRegistryId@BPNL00000003AYRE,83673ffd-c48c-429a-b6c6-7e8dac70b874,b0bc92d0-84d8-4344-8944-dacb0f76c698,1791482421932,1791482424280,1791482424280,1,
427bca17-bd77-40e2-aa96-7a725d9abc5b,PROVIDER,1000,itemstocksubmodel-api-asset@BPNL00000003AYRE,0ef26eaf-3d7c-479a-9a01-d5fa6d5cdd8e,00909233-90b7-46dd-a2c5-f6835e0186a5,1791482421947,1791482424293,1791482424293,1,
bd5d61b7-c092-4e23-bc8a-6226140f4ccb,PROVIDER,1000,DigitalTwinRegistryId@BPNL00000003AYRE,83673ffd-c48c-429a-b6c6-7e8dac70b874,15aa2e9d-6dd8-4143-b0ac-bae5625d139f,1791482423184,1791482426386,1791482426386,1,
ecb95161-06a0-436d-bb3a-b7b7fc9895aa,PROVIDER,1000,itemstocksubmodel-api-asset@BPNL00000003AYRE,0ef26eaf-3d7c-479a-9a01-d5fa6d5cdd8e,daba9ef8-f49d-4d01-a731-bdf542578395,1791482423196,1791482426400,1791482426400,1,
6d3744bd-1dcc-4219-8e93-8cd8d51a7ea3,PROVIDER,1000,itemstocksubmodel-api-asset@BPNL00000003AYRE,0ef26eaf-3d7c-479a-9a01-d5fa6d5cdd8e,a7979065-9d5e-47ce-8758-cc40dc9f238d,1791482424554,1791482426733,1791482426733,1,
f59737b7-0aaf-4bc6-9e32-5089ac2267e6,PROVIDER,1000,DigitalTwinRegistryId@BPNL00000003AYRE,83673ffd-c48c-429a-b6c6-7e8dac70b874,04ac26f0-e170-44d5-a736-c976b52124e1,1791482424758,1791482426745,1791482426745,1,
ce117ee6-b22c-47c5-bb6f-98a348513874,PROVIDER,1000,itemstocksubmodel-api-asset@BPNL00000003AYRE,0ef26eaf-3d7c-479a-9a01-d5fa6d5cdd8e,b9c3706d-4033-486e-9d47-2cbc43eb3cd5,1791482426134,1791482428044,1791482428044,1,
0f98517c-7454-40e8-9911-f465ea93f167,PROVIDER,1000,DigitalTwinRegistryId@BPNL00000003AYRE,83673ffd-c48c-429a-b6c6-7e8dac70b874,48b99ef0-ce36-42c3-b62e-0416af400a05,1791482427241,1791482429280,1791482429280,1,
67db571d-09c2-4ce6-a3c1-d40661f68c2f,PROVIDER,1000,itemstocksubmodel-api-asset@BPNL00000003AYRE,0ef26eaf-3d7c-479a-9a01-d5fa6d5cdd8e,acec4fb8-124c-4f46-a43d-2f32ee1d9e40,1791482428335,1791482430649,1791482430649,1,
5024a265-f026-4f3a-85c6-be3099b3ab27,PROVIDER,1000,DigitalTwinRegistryId@BPNL00000003AYRE,83673ffd-c48c-429a-b6c6-7e8dac70b874,5b5e69a9-bf72-4b0e-aefb-bc6c39e05258,1791482429450,1791482433136,1791482433136,1,
c057612a-0de2-490c-bc02-753ea499e93c,PROVIDER,1000,DigitalTwinRegistryId@BPNL00000003AYRE,83673ffd-c48c-429a-b6c6-7e8dac70b874,0b80271d-f4e2-45e4-be85-ba3a9fefaec6,1791482432125,1791482434548,1791482434548,1,
5d6cf7ac-afcc-478c-a930-01d8042a2a6b,PROVIDER,1000,itemstocksubmodel-api-asset@BPNL00000003AYRE,0ef26eaf-3d7c-479a-9a01-d5fa6d5cdd8e,817c5b7d-4145-46be-92c9-9295b771f499,1791482432139,1791482434533,1791482434533,1,
9372640f-eb42-4ce3-945e-df02aa65624f,PROVIDER,1000,DigitalTwinRegistryId@BPNL00000003AYRE,83673ffd-c48c-429a-b6c6-7e8dac70b874,1409695c-2c83-4a1e-8f31-26c289b1274f,1791482433357,1791482436357,1791482436357,1,
945d7148-3fe7-406f-8d83-907d79926bc3,PROVIDER,1000,itemstocksubmodel-api-asset@BPNL00000003AYRE,0ef26eaf-3d7c-479a-9a01-d5fa6d5cdd8e,b37aa7d3-6fc9-49ba-9693-0409584e000d,1791482433376,1791482434731,1791482434731,1,
0b59c2b7-40dc-4a66-b5e0-5e632318eca0,PROVIDER,1000,DigitalTwinRegistryId@BPNL00000003AYRE,83673ffd-c48c-429a-b6c6-7e8dac70b874,c23cc7eb-389c-426e-8a46-2dc654b2fd52,1791482435238,1791482438971,1791482438971,1,
60fdf66b-dac0-40af-b3dc-268299e306aa,PROVIDER,1000,itemstocksubmodel-api-asset@BPNL00000003AYRE,0ef26eaf-3d7c-479a-9a01-d5fa6d5cdd8e,87381b28-9019-4b51-8552-8d44a5eabc70,1791482435249,1791482438982,1791482438982,1,
4d4ccf47-ed34-47ef-947a-859aedd29a60,PROVIDER,1000,itemstocksubmodel-api-asset@BPNL00000003AYRE,0ef26eaf-3d7c-479a-9a01-d5fa6d5cdd8e,c0dffe30-1c12-4c3d-86b8-6b3a8604a45d,1791482437603,1791482440780,1791482440780,1,
afacadfc-121d-4cbd-8461-0b7a66a74140,PROVIDER,1000,DigitalTwinRegistryId@BPNL00000003AYRE,83673ffd-c48c-429a-b6c6-7e8dac70b874,d2022f9a-7029-4767-8fc6-5759d293991d,1791482437634,1791482440788,1791482440788,1,
f4afa7e8-dcfa-438b-bbb7-543bf9623547,PROVIDER,1000,DigitalTwinRegistryId@BPNL00000003AYRE,83673ffd-c48c-429a-b6c6-7e8dac70b874,9e67b0fc-ee80-4734-a5fe-c9fb2c7d1040,1791482438750,1791482440797,1791482440797,1,
7e887679-0f36-4aa7-9750-a304963681c8,PROVIDER,1000,itemstocksubmodel-api-asset@BPNL00000003AYRE,0ef26eaf-3d7c-479a-9a01-d5fa6d5cdd8e,ecaa7992-b4b3-4b2a-90f5-c0f49ab5acad,1791482440252,1791482442108,1791482442108,1,
8ca8b1e3-6720-43c6-8d6a-04d3941f1858,PROVIDER,1000,itemstocksubmodel-api-asset@BPNL00000003AYRE,0ef26eaf-3d7c-479a-9a01-d5fa6d5cdd8e,84746169-eec9-4948-940f-08cc696e9d93,1791482440264,1791482442099,1791482442099,1,
035bbb99-1b18-4409-8da0-67d65b604f28,PROVIDER,1000,DigitalTwinRegistryId@BPNL00000003AYRE,83673ffd-c48c-429a-b6c6-7e8dac70b874,c2c4fd68-a69a-4ccd-a90f-dd9c6360d959,1791482441471,1791482443481,1791482443481,1,
3ce879bd-e1d8-4645-8b8c-2a9faf85011f,PROVIDER,1000,itemstocksubmodel-api-asset@BPNL00000003AYRE,0ef26eaf-3d7c-479a-9a01-d5fa6d5cdd8e,0fd0f0d4-c1bf-4701-bf26-c9600cea3cdf,1791482442910,1791482444822,1791482444822,1,
f13f657a-fd1c-443a-b521-d832e5d21da7,PROVIDER,1000,DigitalTwinRegistryId@BPNL00000003AYRE,83673ffd-c48c-429a-b6c6-7e8dac70b874,d2f2e00c-cf2a-435c-b010-f5fb42e4c44f,1791482442929,1791482444842,1791482444842,1,
311ff2c8-602e-4b1e-a801-682b02db3d12,PROVIDER,1000,itemstocksubmodel-api-asset@BPNL00000003AYRE,0ef26eaf-3d7c-479a-9a01-d5fa6d5cdd8e,66b2586b-6df8-4032-89cb-5f0d39625c4e,1791482444294,1791482446201,1791482446201,1,
7732f59f-df76-40dd-8ddd-3036209e280f,PROVIDER,1000,DigitalTwinRegistryId@BPNL00000003AYRE,83673ffd-c48c-429a-b6c6-7e8dac70b874,c4fad07c-8ae4-4edd-8597-21a0b1b51dd0,1791482445734,1791482447966,1791482447966,1,
7c398a7a-d5a3-4704-ad52-1db5ad9f24b3,PROVIDER,1000,itemstocksubmodel-api-asset@BPNL00000003AYRE,0ef26eaf-3d7c-479a-9a01-d5fa6d5cdd8e,108b6864-9406-4e74-a0ed-d9f4aa5dc090,1791482446776,1791482450671,1791482450671,1,
ba431545-e2ff-4885-83ad-d50c5b14c37f,PROVIDER,1000,DigitalTwinRegistryId@BPNL00000003AYRE,83673ffd-c48c-429a-b6c6-7e8dac70b874,36b8b766-80d1-44ad-8784-7d43c46c8b2b,1791482446789,1791482450679,1791482450679,1,
8815f862-6fd8-4e98-8746-6e827b0f18d6,PROVIDER,1000,itemstocksubmodel-api-asset@BPNL00000003AYRE,0ef26eaf-3d7c-479a-9a01-d5fa6d5cdd8e,53b1e447-9706-4f10-b7a9-bf4c677b6d5a,1791482449100,1791482452326,1791482452326,1,
910cf65a-4a99-43f7-b407-3023bc0908cd,PROVIDER,1000,DigitalTwinRegistryId@BPNL00000003AYRE,83673ffd-c48c-429a-b6c6-7e8dac70b874,eb9d534a-12b9-4488-b2f6-8885f8122206,1791482449110,1791482452316,1791482452316,1,
fb1158a2-9222-422a-b07a-0f385bd5a057,PROVIDER,1000,DigitalTwinRegistryId@BPNL00000003AYRE,83673ffd-c48c-429a-b6c6-7e8dac70b874,df400b48-e6a1-49d7-bf96-c9a48b471481,1791482451466,1791482454755,1791482454755,1,
ed9fea45-eb11-45c4-ad08-f4cbb005fdc1,PROVIDER,1000,itemstocksubmodel-api-asset@BPNL00000003AYRE,0ef26eaf-3d7c-479a-9a01-d5fa6d5cdd8e,920f5e1d-446e-4832-96ec-45b0f12ed69e,1791482451528,1791482454771,1791482454771,1,
09bde732-85ef-48f8-9340-0bd1332c224d,PROVIDER,1000,itemstocksubmodel-api-asset@BPNL00000003AYRE,0ef26eaf-3d7c-479a-9a01-d5fa6d5cdd8e,c89706f4-caf3-4b55-a0b5-06243e893779,1791482453662,1791482456234,1791482456234,1,
96bfc53d-674a-4b3e-a251-1a8773ba46b1,PROVIDER,1000,DigitalTwinRegistryId@BPNL00000003AYRE,83673ffd-c48c-429a-b6c6-7e8dac70b874,fff4fdfc-13fc-40bb-b475-9e7328ba9cf3,1791482453669,1791482456243,1791482456243,1,
cf80d230-5c7e-4ea7-98f1-e1012c6201a9,PROVIDER,1000,DigitalTwinRegistryId@BPNL00000003AYRE,83673ffd-c48c-429a-b6c6-7e8dac70b874,20aee2b9-19d0-47ff-b6c2-14e4d04d6220,1791482454932,1791482457990,1791482457990,1,
86dc3409-b2c0-44e1-b6f3-69aae5d42fe2,PROVIDER,1000,itemstocksubmodel-api-asset@BPNL00000003AYRE,0ef26eaf-3d7c-479a-9a01-d5fa6d5cdd8e,53e466a8-0b8c-4165-9cb9-402e44465fe5,1791482454950,1791482457979,1791482457979,1,
44b53e04-dae6-462d-8cbf-e430da09fb6f,PROVIDER,1000,itemstocksubmodel-api-asset@BPNL00000003AYRE,0ef26eaf-3d7c-479a-9a01-d5fa6d5cdd8e,04dfc37d-a208-41f2-8494-cbd9540e36e7,1791482456249,1791482459666,1791482459666,1,
8715c50f-2789-450e-8cab-0b44ab377515,PROVIDER,1000,DigitalTwinRegistryId@BPNL00000003AYRE,83673ffd-c48c-429a-b6c6-7e8dac70b874,1fc4fd29-53ce-414f-9cf2-e89db47f7e48,1791482457543,1791482459679,1791482459679,1,
40063d35-8263-4b7f-b523-56b8c4d4be55,PROVIDER,1000,itemstocksubmodel-api-asset@BPNL00000003AYRE,0ef26eaf-3d7c-479a-9a01-d5fa6d5cdd8e,821453d7-4f3e-41a2-9e5e-edcfeb21f0e9,1791482458600,1791482461091,1791482461091,1,
14c4b468-24d2-4028-a786-b5a0bcc0a3e7,PROVIDER,1000,DigitalTwinRegistryId@BPNL00000003AYRE,83673ffd-c48c-429a-b6c6-7e8dac70b874,1a68cef0-16e7-45f9-be15-854b1fb1a3fc,1791482458803,1791482461106,1791482461106,1,
1203f7ff-8375-4d9c-95c6-023c73437075,PROVIDER,1000,itemstocksubmodel-api-asset@BPNL00000003AYRE,0ef26eaf-3d7c-479a-9a01-d5fa6d5cdd8e,ce7bd878-acff-4b46-bf15-d880049dff97,1791482459935,1791482462420,1791482462420,1,
0db8a1e3-8bf1-4026-82f8-0e67205e4981,PROVIDER,1000,DigitalTwinRegistryId@BPNL00000003AYRE,83673ffd-c48c-429a-b6c6-7e8dac70b874,f7b0b21c-2c7f-4e27-931f-23023ce4e0c7,1791482461112,1791482463789,1791482463789,1,
eecc4173-a656-4f5e-98fd-be1510265059,PROVIDER,1000,DigitalTwinRegistryId@BPNL00000003AYRE,83673ffd-c48c-429a-b6c6-7e8dac70b874,b0d7f085-1b30-4d2d-884b-98d4740767e4,1791482463403,1791482465238,1791482465238,1,
5115eb20-2005-4703-a51e-bbef8a6f1e29,PROVIDER,1000,itemstocksubmodel-api-asset@BPNL00000003AYRE,0ef26eaf-3d7c-479a-9a01-d5fa6d5cdd8e,9be63fd1-95c3-4060-b6e8-24f19c203e0c,1791482463413,1791482465249,1791482465249,1,
07b9e80b-af12-47aa-9cfb-1a45f41104c1,PROVIDER,1000,itemstocksubmodel-api-asset@BPNL00000003AYRE,0ef26eaf-3d7c-479a-9a01-d5fa6d5cdd8e,6d11652c-6b9d-4f8e-93ed-6349e22d666c,1791482464590,1791482466680,1791482466680,1,
a35cb1a9-cfc5-4fa2-bea3-ab19c55a8d20,PROVIDER,1000,DigitalTwinRegistryId@BPNL00000003AYRE,83673ffd-c48c-429a-b6c6-7e8dac70b874,7af9ec50-3cbc-4d6b-b2be-e04ab22db555,1791482464801,1791482466693,1791482466693,1,
9a192e3e-bb19-4230-8c3a-def2725abc78,PROVIDER,1000,itemstocksubmodel-api-asset@BPNL00000003AYRE,0ef26eaf-3d7c-479a-9a01-d5fa6d5cdd8e,6c428396-c71a-4ca6-85a3-4836131dc3d5,1791482466048,1791482467919,1791482467919,1,
0c99c942-b6c8-4f38-9c11-e99bb3c2c6e5,PROVIDER,1000,DigitalTwinRegistryId@BPNL00000003AYRE,83673ffd-c48c-429a-b6c6-7e8dac70b874,07ad7856-0cf2-4876-8ed8-f94458388679,1791482467242,1791482469359,1791482469359,1,
323df469-2b22-4e04-8e55-e02543597575,PROVIDER,1000,itemstocksubmodel-api-asset@BPNL00000003AYRE,0ef26eaf-3d7c-479a-9a01-d5fa6d5cdd8e,8d2427b0-2000-4a2b-a0a8-64ef710dbb0e,1791482468301,1791482470640,1791482470640,1,
55ed94b1-e1d6-4354-87a0-9c723a467a1e,PROVIDER,1000,DigitalTwinRegistryId@BPNL00000003AYRE,83673ffd-c48c-429a-b6c6-7e8dac70b874,eddeaf1e-08ff-4e56-96b6-dd54345a357e,1791482469444,1791482472982,1791482472982,1,
66bf7229-5015-4dc3-be06-eb162a8989fe,PROVIDER,1000,DigitalTwinRegistryId@BPNL00000003AYRE,83673ffd-c48c-429a-b6c6-7e8dac70b874,f9a47721-8d47-4a88-bdee-5d6b3dda8e0a,1791482472031,1791482474516,1791482474516,1,
3730055c-8da7-4534-bc13-5b1f5096da9d,PROVIDER,1000,itemstocksubmodel-api-asset@BPNL00000003AYRE,0ef26eaf-3d7c-479a-9a01-d5fa6d5cdd8e,7b7390f5-b49c-43cd-8993-f1c01d571c13,1791482472129,1791482474528,1791482474528,1,
b160a56b-e4dd-41d8-a536-40fbf1c212cc,PROVIDER,1000,DigitalTwinRegistryId@BPNL00000003AYRE,83673ffd-c48c-429a-b6c6-7e8dac70b874,e3b19d20-3bdd-4d4f-a780-902cacca2e22,1791482473396,1791482476345,1791482476345,1,
24a4f03c-e18b-4a96-962e-2ebc83935a21,PROVIDER,1000,itemstocksubmodel-api-asset@BPNL00000003AYRE,0ef26eaf-3d7c-479a-9a01-d5fa6d5cdd8e,8893ba6a-2c4b-4287-96bb-e421bc89d6b8,1791482473404,1791482476335,1791482476335,1,
ca44eced-edf1-4b6a-b576-d494e30bc480,PROVIDER,1000,itemstocksubmodel-api-asset@BPNL00000003AYRE,0ef26eaf-3d7c-479a-9a01-d5fa6d5cdd8e,094aa72d-4d30-412e-a4a1-ba9125b81cff,1791482474636,1791482478044,1791482478044,1,
8b55c3bb-521c-4303-9014-24d03e6191ea,PROVIDER,1000,DigitalTwinRegistryId@BPNL00000003AYRE,83673ffd-c48c-429a-b6c6-7e8dac70b874,2b207ea3-6a16-40a3-9917-20c58dd514a4,1791482474806,1791482478056,1791482478056,1,
4efe54b9-341a-4745-982b-e8ee95104464,PROVIDER,1000,itemstocksubmodel-api-asset@BPNL00000003AYRE,0ef26eaf-3d7c-479a-9a01-d5fa6d5cdd8e,bfcbab90-2e98-42d7-a142-86cf446516fc,1791482477081,1791482479412,1791482479412,1,
29d3d79c-feab-4467-a169-513da3afabf6,PROVIDER,1000,DigitalTwinRegistryId@BPNL00000003AYRE,83673ffd-c48c-429a-b6c6-7e8dac70b874,e12346a7-7c10-4386-89d3-b8d134402cd4,1791482477127,1791482479420,1791482479420,1,
663c8b43-3c9c-4d74-a96a-9b7ed13b8014,PROVIDER,1000,itemstocksubmodel-api-asset@BPNL00000003AYRE,0ef26eaf-3d7c-479a-9a01-d5fa6d5cdd8e,3301a06d-1531-4188-9684-9d26925da665,1791482478298,1791482480720,1791482480720,1,
250eaf73-59d2-48cb-bb1c-7b13b3460131,PROVIDER,1000,DigitalTwinRegistryId@BPNL00000003AYRE,83673ffd-c48c-429a-b6c6-7e8dac70b874,0b699bda-775b-45b6-9a4e-4642399711ea,1791482479576,1791482482122,1791482482122,1,
51495547-2a2b-40a9-8f5d-1226df5ddec8,PROVIDER,1000,DigitalTwinRegistryId@BPNL00000003AYRE,83673ffd-c48c-429a-b6c6-7e8dac70b874,184ddcc7-fb93-4c60-871a-710390348df4,1791482480932,1791482483446,1791482483446,1,
df2a4e27-3efc-4271-bc2c-f61bc405b01b,PROVIDER,1000,itemstocksubmodel-api-asset@BPNL00000003AYRE,0ef26eaf-3d7c-479a-9a01-d5fa6d5cdd8e,99f81b38-7947-486d-90f4-6c303c41d029,1791482481129,1791482483454,1791482483454,1,
b9b0fa85-25d3-483a-8c01-ad56d3eccf79,PROVIDER,1000,itemstocksubmodel-api-asset@BPNL00000003AYRE,0ef26eaf-3d7c-479a-9a01-d5fa6d5cdd8e,acb29f1f-a949-46be-a6a6-4381683dc474,1791482482341,1791482484714,1791482484714,1,
3ec451dc-d35c-481c-b67e-e2b32ae0f003,PROVIDER,1000,DigitalTwinRegistryId@BPNL00000003AYRE,83673ffd-c48c-429a-b6c6-7e8dac70b874,868e847e-30f9-4007-a428-ffeda284488e,1791482484051,1791482486213,1791482486213,1,
e9e2f751-2d9a-41a7-a873-0016d4a1f83c,PROVIDER,1000,DigitalTwinRegistryId@BPNL00000003AYRE,83673ffd-c48c-429a-b6c6-7e8dac70b874,c5c6969e-1183-4a98-912d-9a2a5cfe23a5,1791482485202,1791482487965,1791482487965,1,
bc389800-ee24-4977-ae40-38a955816d6f,PROVIDER,1000,itemstocksubmodel-api-asset@BPNL00000003AYRE,0ef26eaf-3d7c-479a-9a01-d5fa6d5cdd8e,8d509f55-5bf8-42ae-a62d-295861ac66a5,1791482485214,1791482487978,1791482487978,1,
a9f5e9c8-3f79-4b4a-9319-ddc7fac0b5cf,PROVIDER,1000,itemstocksubmodel-api-asset@BPNL00000003AYRE,0ef26eaf-3d7c-479a-9a01-d5fa6d5cdd8e,07715419-8b15-4562-9fa2-1d8ae48ecda1,1791482486433,1791482489554,1791482489554,1,
233fb063-ecc3-482f-8347-b8895a816140,PROVIDER,1000,DigitalTwinRegistryId@BPNL00000003AYRE,83673ffd-c48c-429a-b6c6-7e8dac70b874,f42ecdd8-6ac1-4aad-bf76-1958d51f6b8a,1791482487643,1791482489564,1791482489564,1,
b566fe6d-7b94-41b7-a009-8c78e850c4bd,PROVIDER,1000,itemstocksubmodel-api-asset@BPNL00000003AYRE,0ef26eaf-3d7c-479a-9a01-d5fa6d5cdd8e,430a62c6-5754-416c-9eb1-ecee0e5447e8,1791482488796,1791482490959,1791482490959,1,
0655a883-094d-4911-a9b1-d98c1438e01d,PROVIDER,1000,DigitalTwinRegistryId@BPNL00000003AYRE,83673ffd-c48c-429a-b6c6-7e8dac70b874,2d7feed4-f3c7-4100-9b3d-a07f7aa1d78a,1791482488845,1791482490969,1791482490969,1,
7ec29cf3-5e1c-41af-a005-079bc8e99a84,PROVIDER,1000,itemstocksubmodel-api-asset@BPNL00000003AYRE,0ef26eaf-3d7c-479a-9a01-d5fa6d5cdd8e,143b7f5e-6552-4a73-af26-c6367f1d7b67,1791482489997,1791482492418,1791482492418,1,
38fbcbd3-afdd-45c7-bc12-1ea6eae93da1,PROVIDER,1000,DigitalTwinRegistryId@BPNL00000003AYRE,83673ffd-c48c-429a-b6c6-7e8dac70b874,b104ed90-0a85-4cd1-82c0-3dd1020c98a6,1791482491173,1791482493890,1791482493890,1,
44c75855-070c-4bc6-8255-f2adb0cbd5b1,PROVIDER,1000,itemstocksubmodel-api-asset@BPNL00000003AYRE,0ef26eaf-3d7c-479a-9a01-d5fa6d5cdd8e,34e0e441-b6a8-4ca0-9709-0bf0768c3ae3,1791482493405,1791482495321,1791482495321,1,
067edd50-0790-41f6-8612-05cc69abc2ee,PROVIDER,1000,DigitalTwinRegistryId@BPNL00000003AYRE,83673ffd-c48c-429a-b6c6-7e8dac70b874,d8f3dffb-87d6-4032-97c9-6a091adbac99,1791482493417,1791482495335,1791482495335,1,
26ffbce9-8e06-4c15-84eb-956b8bf8b1a2,PROVIDER,1000,itemstocksubmodel-api-asset@BPNL00000003AYRE,0ef26eaf-3d7c-479a-9a01-d5fa6d5cdd8e,1a542d4c-f28c-4281-9129-5f057df35fad,1791482494825,1791482496878,1791482496878,1,
880387ac-27a0-4f6c-9b3e-1afc0bcc6dec,PROVIDER,1000,DigitalTwinRegistryId@BPNL00000003AYRE,83673ffd-c48c-429a-b6c6-7e8dac70b874,838d79cb-27c0-47a7-b936-e92344d1855b,1791482495054,1791482496890,1791482496890,1,
3f0f67c3-e4df-4007-8c8a-58641aede0ae,PROVIDER,1000,itemstocksubmodel-api-asset@BPNL00000003AYRE,0ef26eaf-3d7c-479a-9a01-d5fa6d5cdd8e,edb5f7ff-2027-4435-94c4-9c69664e77dc,1791482496199,1791482498156,1791482498156,1,
d1c7e9b6-7255-4763-a753-dabd10dba29c,PROVIDER,1000,DigitalTwinRegistryId@BPNL00000003AYRE,83673ffd-c48c-429a-b6c6-7e8dac70b874,adbf1cf2-2347-4558-b269-19d303d5f737,1791482497534,1791482499486,1791482499486,1,
a163d40e-d0ce-4a0a-aa61-ba9e5d7f5bda,PROVIDER,1000,itemstocksubmodel-api-asset@BPNL00000003AYRE,0ef26eaf-3d7c-479a-9a01-d5fa6d5cdd8e,a22fcf8a-f0f0-4541-87a3-b7b06a18064b,1791482498801,1791482500893,1791482500893,1,
a7b914d3-06cb-436b-8dca-517350649702,PROVIDER,1000,DigitalTwinRegistryId@BPNL00000003AYRE,83673ffd-c48c-429a-b6c6-7e8dac70b874,5772c5a9-8965-49f3-bdc8-0bafa37cabe7,1791482498809,1791482500902,1791482500902,1,
5e655098-c1c5-4db2-bccd-c49c019abf39,PROVIDER,1000,itemstocksubmodel-api-asset@BPNL00000003AYRE,0ef26eaf-3d7c-479a-9a01-d5fa6d5cdd8e,4942f4ce-bd4a-42d4-8848-156a3e3f9cc1,1791482499978,1791482502220,1791482502220,1,
adca363a-ab9f-405f-a612-3e491689da51,PROVIDER,1000,DigitalTwinRegistryId@BPNL00000003AYRE,83673ffd-c48c-429a-b6c6-7e8dac70b874,7bef611e-0974-40b8-93c2-47718ac31771,1791482501327,1791482503591,1791482503591,1,
8ac6b2cc-b5ea-4691-b855-b19000df7d8a,PROVIDER,1000,itemstocksubmodel-api-asset@BPNL00000003AYRE,0ef26eaf-3d7c-479a-9a01-d5fa6d5cdd8e,61e8f172-c60e-4bfb-a440-9c0c958d46aa,1791482502880,1791482505006,1791482505006,1,
c3ab92dc-c7ee-446d-a862-64487181fade,PROVIDER,1000,DigitalTwinRegistryId@BPNL00000003AYRE,83673ffd-c48c-429a-b6c6-7e8dac70b874,ae6f9e3a-694e-4364-aa15-90e88167cace,1791482503101,1791482505033,1791482505033,1,
1886e46d-59dc-45d6-90d2-e3f47b298a33,PROVIDER,1000,itemstocksubmodel-api-asset@BPNL00000003AYRE,0ef26eaf-3d7c-479a-9a01-d5fa6d5cdd8e,3009e491-b288-400c-a192-6e7260afc8e5,1791482504312,1791482506288,1791482506288,1,
431119c9-85c6-4f41-bc34-f5d154a5ea68,PROVIDER,1000,DigitalTwinRegistryId@BPNL00000003AYRE,83673ffd-c48c-429a-b6c6-7e8dac70b874,a956324a-057f-4513-b712-481dca781293,1791482505516,1791482507950,1791482507950,1,
7089dbf4-22fc-476b-a74a-216e9ba4a381,PROVIDER,1000,itemstocksubmodel-api-asset@BPNL00000003AYRE,0ef26eaf-3d7c-479a-9a01-d5fa6d5cdd8e,f77e167b-616f-4fcc-97f7-62e0cada9725,1791482506674,1791482508079,1791482508079,1,
9082641c-8f59-4913-81fd-5c0457d93842,PROVIDER,1000,DigitalTwinRegistryId@BPNL00000003AYRE,83673ffd-c48c-429a-b6c6-7e8dac70b874,2aa3c23d-48d3-45aa-8136-25a4b2a5e1a2,1791482506701,1791482509509,1791482509509,1,
7d17d74a-c074-4a33-946a-50fb5af0e1df,PROVIDER,1000,itemstocksubmodel-api-asset@BPNL00000003AYRE,0ef26eaf-3d7c-479a-9a01-d5fa6d5cdd8e,6ec96572-ac33-4461-921b-3e851b09cbbe,1791482509076,1791482510932,1791482510932,1,
00d19b2b-6160-4fa9-8ea1-09d221c15ae3,PROVIDER,1000,DigitalTwinRegistryId@BPNL00000003AYRE,83673ffd-c48c-429a-b6c6-7e8dac70b874,f4980a20-edd8-4e7d-806f-e89afb683bb3,1791482509091,1791482510943,1791482510943,1,
29de71bc-dcb3-434e-bb19-646c6f7ef3f4,PROVIDER,1000,itemstocksubmodel-api-asset@BPNL00000003AYRE,0ef26eaf-3d7c-479a-9a01-d5fa6d5cdd8e,5a372ddf-d9ac-43c5-9358-82c3399482e0,1791482510300,1791482512214,1791482512214,1,
40d7ff71-8956-4889-abb6-586cb40e0f9a,PROVIDER,1000,DigitalTwinRegistryId@BPNL00000003AYRE,83673ffd-c48c-429a-b6c6-7e8dac70b874,8bddee18-6c83-4574-aa4f-090883b2ef50,1791482511468,1791482513561,1791482513561,1,
59df3677-38b2-4789-a3ae-ce141724f853,PROVIDER,1000,itemstocksubmodel-api-asset@BPNL00000003AYRE,0ef26eaf-3d7c-479a-9a01-d5fa6d5cdd8e,47f8f98e-0b23-4840-bc42-6fa3dc40a69e,1791482512976,1791482514863,1791482514863,1,
faa87c0d-6bf2-4af6-a744-208bf8687842,PROVIDER,1000,DigitalTwinRegistryId@BPNL00000003AYRE,83673ffd-c48c-429a-b6c6-7e8dac70b874,bcb282ba-d418-4537-a6f1-da1561dfa15d,1791482512987,1791482514875,1791482514875,1,
35616422-5599-4010-9dd4-f37ae8625259,PROVIDER,1000,itemstocksubmodel-api-asset@BPNL00000003AYRE,0ef26eaf-3d7c-479a-9a01-d5fa6d5cdd8e,e729dbee-31f8-41da-9e3d-8dded319be78,1791482514230,1791482516220,1791482516220,1,
f91889c0-e31b-4b6b-94cb-b86a1a2247b0,PROVIDER,1000,DigitalTwinRegistryId@BPNL00000003AYRE,83673ffd-c48c-429a-b6c6-7e8dac70b874,da4e2c4d-5e93-4c4a-814d-86fb33f12c4d,1791482515466,1791482517878,1791482517878,1,
c718d3d4-111b-4289-9695-39e05024453e,PROVIDER,1000,itemstocksubmodel-api-asset@BPNL00000003AYRE,0ef26eaf-3d7c-479a-9a01-d5fa6d5cdd8e,d4a98f6f-04ba-403d-b5c1-991554393d95,1791482516671,1791482520415,1791482520415,1,
d28e5596-642a-466f-bb95-516c180f6ea0,PROVIDER,1000,DigitalTwinRegistryId@BPNL00000003AYRE,83673ffd-c48c-429a-b6c6-7e8dac70b874,fea77e63-33f6-42f0-ae96-c45fab4af46d,1791482516736,1791482520427,1791482520427,1,
dbc58cf5-9efd-4261-b140-4a7108100814,PROVIDER,1000,itemstocksubmodel-api-asset@BPNL00000003AYRE,0ef26eaf-3d7c-479a-9a01-d5fa6d5cdd8e,502526bf-f465-4018-81fd-b227b1d56646,1791482519110,1791482522034,1791482522034,1,
0b111b49-ed63-4e98-8ad6-8d24f5762fab,PROVIDER,1000,DigitalTwinRegistryId@BPNL00000003AYRE,83673ffd-c48c-429a-b6c6-7e8dac70b874,6d5c6bc5-45e2-4abc-a5c1-608aedddd95d,1791482519123,1791482522192,1791482522192,1,
e460b53f-6c1b-42d6-b800-8d83952dc1cb,PROVIDER,1000,itemstocksubmodel-api-asset@BPNL00000003AYRE,0ef26eaf-3d7c-479a-9a01-d5fa6d5cdd8e,0d1d502c-c8f2-469b-aa56-94766d197208,1791482521442,1791482524718,1791482524718,1,
a4725e79-a34f-4631-a3fd-daec552c5925,PROVIDER,1000,DigitalTwinRegistryId@BPNL00000003AYRE,83673ffd-c48c-429a-b6c6-7e8dac70b874,b4d0f098-d8a6-4370-adac-cfb5e7dc0140,1791482521534,1791482524728,1791482524728,1,
6e73f069-d9f3-4ad1-a112-c5111011ed5a,PROVIDER,1000,DigitalTwinRegistryId@BPNL00000003AYRE,83673ffd-c48c-429a-b6c6-7e8dac70b874,3b8607c0-ce5d-4286-ae28-c8e9af7055c8,1791482523768,1791482526539,1791482526539,1,
3fa35037-87d5-4da7-b77e-32aa09529c6a,PROVIDER,1000,itemstocksubmodel-api-asset@BPNL00000003AYRE,0ef26eaf-3d7c-479a-9a01-d5fa6d5cdd8e,d94c24c6-2d86-4b9e-84b0-5121c88cd977,1791482523787,1791482526549,1791482526549,1,
1b5de92c-2a7e-43b4-bab0-16c80e08fe81,PROVIDER,1000,itemstocksubmodel-api-asset@BPNL00000003AYRE,0ef26eaf-3d7c-479a-9a01-d5fa6d5cdd8e,5341564e-3627-49b4-a88d-e60fc2193f23,1791482525011,1791482528490,1791482528490,1,
e707ae26-bd0e-47ca-ad4c-529fe8f09599,PROVIDER,1000,DigitalTwinRegistryId@BPNL00000003AYRE,83673ffd-c48c-429a-b6c6-7e8dac70b874,fc1e5cee-a9f4-4a0f-8ed6-868ff216ad95,1791482525030,1791482528503,1791482528503,1,
a920b3f7-98a7-4c61-a861-6553dac18773,PROVIDER,1000,itemstocksubmodel-api-asset@BPNL00000003AYRE,0ef26eaf-3d7c-479a-9a01-d5fa6d5cdd8e,3a3c2ab6-dcfe-4b71-a7bc-9c719386e276,1791482527340,1791482529905,1791482529905,1,
43ff5807-42bc-4daf-aad2-fafe7fd1f1de,PROVIDER,1000,DigitalTwinRegistryId@BPNL00000003AYRE,83673ffd-c48c-429a-b6c6-7e8dac70b874,2bf8c92e-fe27-4162-955c-1fce34b6928c,1791482527436,1791482529895,1791482529895,1,
aa8a4efa-1526-4447-8744-b3d79e276d41,PROVIDER,1000,itemstocksubmodel-api-asset@BPNL00000003AYRE,0ef26eaf-3d7c-479a-9a01-d5fa6d5cdd8e,756775bc-87fc-401f-81a1-d15488ce6676,1791482528634,1791482531363,1791482531363,1,
5317c557-c6ed-47a7-83af-63b25a694dca,PROVIDER,1000,DigitalTwinRegistryId@BPNL00000003AYRE,83673ffd-c48c-429a-b6c6-7e8dac70b874,9a5f24ed-8ace-4615-959a-dce65a5e3341,1791482528695,1791482531374,1791482531374,1,
032b65d8-c01d-498d-8f48-f8442258cb50,PROVIDER,1000,itemstocksubmodel-api-asset@BPNL00000003AYRE,0ef26eaf-3d7c-479a-9a01-d5fa6d5cdd8e,471acee0-0460-4d06-a2de-a0a3d0fae0d2,1791482530473,1791482532772,1791482532772,1,
67d0b252-10ca-40f1-8a10-7f61ef524f8d,PROVIDER,1000,DigitalTwinRegistryId@BPNL00000003AYRE,83673ffd-c48c-429a-b6c6-7e8dac70b874,30e76b07-0b8f-425e-a144-05ac6e3cee9c,1791482530711,1791482532784,1791482532784,1,
5ffe67a7-7411-4666-87cb-ef57dfc91742,PROVIDER,1000,itemstocksubmodel-api-asset@BPNL00000003AYRE,0ef26eaf-3d7c-479a-9a01-d5fa6d5cdd8e,10060981-0328-42b4-b623-8418393cfd35,1791482531936,1791482534023,1791482534023,1,
ce91d2df-7912-493f-a4be-a379a57865c0,PROVIDER,1000,DigitalTwinRegistryId@BPNL00000003AYRE,83673ffd-c48c-429a-b6c6-7e8dac70b874,ed2acde1-88d8-42d6-acea-bdbbdaffc41b,1791482533212,1791482535248,1791482535248,1,
3cf88cc1-0a7d-46bb-873e-a5679f4178a3,PROVIDER,1000,itemstocksubmodel-api-asset@BPNL00000003AYRE,0ef26eaf-3d7c-479a-9a01-d5fa6d5cdd8e,aecba17f-6e02-47fb-9fb1-33cbd3119c86,1791482534424,1791482536610,1791482536610,1,
7b3b7e19-6f98-4e40-8df7-9d362e381a23,PROVIDER,1000,DigitalTwinRegistryId@BPNL00000003AYRE,83673ffd-c48c-429a-b6c6-7e8dac70b874,f58e5c1f-c63d-4ca6-989a-fd04299059b4,1791482535571,1791482539311,1791482539311,1,
3fc1813d-ab6b-4f38-9c7e-311bbd864faa,PROVIDER,1000,DigitalTwinRegistryId@BPNL00000003AYRE,83673ffd-c48c-429a-b6c6-7e8dac70b874,d3955955-b3c3-4cd4-a5cd-b30f6d815512,1791482536761,1791482539322,1791482539322,1,
033ca79f-f497-4245-9843-260feb4a96ad,PROVIDER,1000,itemstocksubmodel-api-asset@BPNL00000003AYRE,0ef26eaf-3d7c-479a-9a01-d5fa6d5cdd8e,7e5c0069-b1bb-40e2-b982-bdb07666c781,1791482537936,1791482540603,1791482540603,1,
06cc816d-3d51-48c0-8487-deb877610a9c,PROVIDER,1000,itemstocksubmodel-api-asset@BPNL00000003AYRE,0ef26eaf-3d7c-479a-9a01-d5fa6d5cdd8e,adf11574-25df-4254-9d92-3cc8d9bad654,1791482538214,1791482540614,1791482540614,1,
0c9c8c12-388a-4458-ba0c-1471cbef012d,PROVIDER,1000,DigitalTwinRegistryId@BPNL00000003AYRE,83673ffd-c48c-429a-b6c6-7e8dac70b874,beb8327c-6fd5-4501-86df-9c36d1cb1fa8,1791482539379,1791482543150,1791482543150,1,
9a6aef00-bfbc-4723-bda3-410edbb8e3ae,PROVIDER,1000,DigitalTwinRegistryId@BPNL00000003AYRE,83673ffd-c48c-429a-b6c6-7e8dac70b874,aab9f639-29e4-49e7-9178-73cf3547a2f5,1791482542112,1791482544776,1791482544776,1,
b913dc0b-d504-4fcd-9f1b-c2d070b158e9,PROVIDER,1000,itemstocksubmodel-api-asset@BPNL00000003AYRE,0ef26eaf-3d7c-479a-9a01-d5fa6d5cdd8e,df6063d5-7c40-4f38-b3e2-664d87d7d1f4,1791482542130,1791482544761,1791482544761,1,
6bf38ea7-75a0-469d-89ac-f47b39fd7d4c,PROVIDER,1000,DigitalTwinRegistryId@BPNL00000003AYRE,83673ffd-c48c-429a-b6c6-7e8dac70b874,220953a6-decb-4f26-93b9-7cd6d18df174,1791482543312,1791482546587,1791482546587,1,
9fa28dd3-9e8d-4372-b355-c6b82887cd97,PROVIDER,1000,itemstocksubmodel-api-asset@BPNL00000003AYRE,0ef26eaf-3d7c-479a-9a01-d5fa6d5cdd8e,168704a7-9917-449a-aead-d31dc8418cb6,1791482543325,1791482546596,1791482546596,1,
0560c1ff-13b8-4f6d-8809-4c6c9cb83ae5,PROVIDER,1000,DigitalTwinRegistryId@BPNL00000003AYRE,83673ffd-c48c-429a-b6c6-7e8dac70b874,bd4af954-6730-4eba-981a-6d6998e9637d,1791482545645,1791482548110,1791482548110,1,
8d32c7b1-fe07-420b-99eb-9b77246bbaf9,PROVIDER,1000,itemstocksubmodel-api-asset@BPNL00000003AYRE,0ef26eaf-3d7c-479a-9a01-d5fa6d5cdd8e,ae88cc49-e5e0-48b9-a867-ce5b85cef099,1791482545738,1791482548097,1791482548097,1,
ce33809f-d8b7-4a2d-b629-05abc58804e5,PROVIDER,1000,DigitalTwinRegistryId@BPNL00000003AYRE,83673ffd-c48c-429a-b6c6-7e8dac70b874,d8ad1d3d-39a1-47e7-9e53-84db93726740,1791482546843,1791482549542,1791482549542,1,
3684e2c4-25b0-4537-94f0-3707d769f52b,PROVIDER,1000,itemstocksubmodel-api-asset@BPNL00000003AYRE,0ef26eaf-3d7c-479a-9a01-d5fa6d5cdd8e,007ee4c6-aeb0-43a6-a518-d493da088941,1791482547095,1791482549553,1791482549553,1,
2ae2b2e7-f93d-467e-b09c-7f9a8912ebf7,PROVIDER,1000,itemstocksubmodel-api-asset@BPNL00000003AYRE,0ef26eaf-3d7c-479a-9a01-d5fa6d5cdd8e,4b717e5f-24f4-4764-9acc-6ff4d8197606,1791482548286,1791482549825,1791482549825,1,
011a7d44-87e8-447a-9147-b426a7f4c065,PROVIDER,1000,DigitalTwinRegistryId@BPNL00000003AYRE,83673ffd-c48c-429a-b6c6-7e8dac70b874,addca5b2-787f-4ee0-b540-fd5dff9784eb,1791482549421,1791482551168,1791482551168,1,
fac0bad0-ef8a-4a7b-9ad0-754e71689fae,PROVIDER,1000,itemstocksubmodel-api-asset@BPNL00000003AYRE,0ef26eaf-3d7c-479a-9a01-d5fa6d5cdd8e,36ca3cf1-b6a3-4ec1-8dcc-3c15c9542134,1791482550588,1791482552541,1791482552541,1,
4a9af446-e68f-47b4-9381-9f08a9995ebf,PROVIDER,1000,DigitalTwinRegistryId@BPNL00000003AYRE,83673ffd-c48c-429a-b6c6-7e8dac70b874,4347961c-53b1-4425-9379-dbff6efe3bc3,1791482550746,1791482552557,1791482552557,1,
9a49ff81-3941-47d8-aa50-76fb0a6b99b2,PROVIDER,1000,itemstocksubmodel-api-asset@BPNL00000003AYRE,0ef26eaf-3d7c-479a-9a01-d5fa6d5cdd8e,892592f1-b718-407b-aa07-7f6a0508a70a,1791482551929,1791482553842,1791482553842,1,
0609d39a-ae19-44aa-a18b-488f1e56c704,PROVIDER,1000,DigitalTwinRegistryId@BPNL00000003AYRE,83673ffd-c48c-429a-b6c6-7e8dac70b874,612b17d9-9c66-443c-85f4-b0067f1b564f,1791482553199,1791482555157,1791482555157,1,
cfeeb9b3-6480-4513-a244-92568954359a,PROVIDER,1000,itemstocksubmodel-api-asset@BPNL00000003AYRE,0ef26eaf-3d7c-479a-9a01-d5fa6d5cdd8e,6326c917-bce7-490b-b728-a027da2104c6,1791482554380,1791482556550,1791482556550,1,
fea561f3-8d46-4514-a9a6-2bf996007579,PROVIDER,1000,DigitalTwinRegistryId@BPNL00000003AYRE,83673ffd-c48c-429a-b6c6-7e8dac70b874,5add4326-4149-4c05-afae-03732992a0fb,1791482555566,1791482559255,1791482559255,1,
06dcfbda-bb06-4f25-bc3d-5eca46228395,PROVIDER,1000,DigitalTwinRegistryId@BPNL00000003AYRE,83673ffd-c48c-429a-b6c6-7e8dac70b874,e292c4c0-ac81-4588-bebb-39d0b9c2f2ee,1791482556729,1791482559268,1791482559268,1,
93f77574-da17-49c4-90e7-d7c46f81aea3,PROVIDER,1000,itemstocksubmodel-api-asset@BPNL00000003AYRE,0ef26eaf-3d7c-479a-9a01-d5fa6d5cdd8e,c54b6686-5b0b-42c9-89a3-680c30c8e48d,1791482557932,1791482561290,1791482561290,1,
c58d73e4-b44b-405b-ad5e-bd06b317e83e,PROVIDER,1000,itemstocksubmodel-api-asset@BPNL00000003AYRE,0ef26eaf-3d7c-479a-9a01-d5fa6d5cdd8e,71baef75-21b7-4dd8-9ecc-be92f9db64b9,1791482558139,1791482561284,1791482561284,1,
4995f4a6-aa6d-4001-9d3e-8d767fe0955f,PROVIDER,1000,DigitalTwinRegistryId@BPNL00000003AYRE,83673ffd-c48c-429a-b6c6-7e8dac70b874,55fe0a95-ade4-4f21-8b22-b7d06e821b8f,1791482559335,1791482562750,1791482562750,1,
7b8dc0bb-d4fe-4ada-9d29-aed7342e573e,PROVIDER,1000,DigitalTwinRegistryId@BPNL00000003AYRE,83673ffd-c48c-429a-b6c6-7e8dac70b874,93982d5a-e7e6-4f6e-9f22-b9959c088068,1791482562128,1791482564297,1791482564297,1,
06f63a6f-e5a0-4290-8be1-76c2a29f7198,PROVIDER,1000,itemstocksubmodel-api-asset@BPNL00000003AYRE,0ef26eaf-3d7c-479a-9a01-d5fa6d5cdd8e,d0a31ff3-377b-4ab8-985a-f210e53eb9aa,1791482562154,1791482564313,1791482564313,1,
0bc8c702-e4c7-419e-8384-9e6fb68eb84a,PROVIDER,1000,DigitalTwinRegistryId@BPNL00000003AYRE,83673ffd-c48c-429a-b6c6-7e8dac70b874,b9b84b56-0390-4df1-b4a2-509f599eb897,1791482563400,1791482566435,1791482566435,1,
d194b72c-6c7b-453f-9d6e-4022ea9e0298,PROVIDER,1000,itemstocksubmodel-api-asset@BPNL00000003AYRE,0ef26eaf-3d7c-479a-9a01-d5fa6d5cdd8e,e7d33571-b39f-4212-a124-2cb3321475d6,1791482563406,1791482566449,1791482566449,1,
e3673502-07ba-477e-b09c-1e2ca024ca16,PROVIDER,1000,itemstocksubmodel-api-asset@BPNL00000003AYRE,0ef26eaf-3d7c-479a-9a01-d5fa6d5cdd8e,aaf254e4-e71b-460e-aea8-bf67f55b1765,1791482564573,1791482566778,1791482566778,1,
84815a63-9ff4-4f42-804d-3cab8f464aad,PROVIDER,1000,DigitalTwinRegistryId@BPNL00000003AYRE,83673ffd-c48c-429a-b6c6-7e8dac70b874,f3f43a5f-b847-4f8e-b10b-4fa6953a3a29,1791482564757,1791482566790,1791482566790,1,
9ed4f1ee-8272-46a2-ad1b-f25ab0a32328,PROVIDER,1000,itemstocksubmodel-api-asset@BPNL00000003AYRE,0ef26eaf-3d7c-479a-9a01-d5fa6d5cdd8e,753aba87-cb9f-4a50-a81b-4a5467740609,1791482566236,1791482568085,1791482568085,1,
01698f95-01a7-439d-a4bb-944d87a9086e,PROVIDER,1000,DigitalTwinRegistryId@BPNL00000003AYRE,83673ffd-c48c-429a-b6c6-7e8dac70b874,5226c70a-8aec-44ae-82b9-62f68e29104a,1791482567242,1791482569354,1791482569354,1,
807e4d73-2b5b-47f7-9beb-f711cae45643,PROVIDER,1000,itemstocksubmodel-api-asset@BPNL00000003AYRE,0ef26eaf-3d7c-479a-9a01-d5fa6d5cdd8e,58c840eb-26a8-47ff-b3f2-e21a2c734f41,1791482568432,1791482570694,1791482570694,1,
14deacae-9d70-4111-997b-209c43793115,PROVIDER,1000,DigitalTwinRegistryId@BPNL00000003AYRE,83673ffd-c48c-429a-b6c6-7e8dac70b874,91ff428d-e1e3-4d72-b182-b7fb0bb417a3,1791482569668,1791482573362,1791482573362,1,
b69f8f54-17ee-4b44-a864-d10a4bed62af,PROVIDER,1000,DigitalTwinRegistryId@BPNL00000003AYRE,83673ffd-c48c-429a-b6c6-7e8dac70b874,b05737fa-6dc1-4ecc-8d46-3eb7615a7546,1791482570896,1791482573372,1791482573372,1,
6cb51076-c816-4f64-a56b-82e2a558b171,PROVIDER,1000,itemstocksubmodel-api-asset@BPNL00000003AYRE,0ef26eaf-3d7c-479a-9a01-d5fa6d5cdd8e,c3eb0b0f-39c0-47ef-8a61-09806e3946e9,1791482572037,1791482574678,1791482574678,1,
72791d4b-864c-4600-930c-5023f9f416a7,PROVIDER,1000,itemstocksubmodel-api-asset@BPNL00000003AYRE,0ef26eaf-3d7c-479a-9a01-d5fa6d5cdd8e,703e1cb3-a346-4214-b843-bc593281ca50,1791482572294,1791482574688,1791482574688,1,
e033c7e4-fcfd-45ef-bd99-bc084e2aa96c,PROVIDER,1000,DigitalTwinRegistryId@BPNL00000003AYRE,83673ffd-c48c-429a-b6c6-7e8dac70b874,9d5ef840-7a8a-4b1e-b4b2-cbfc8d158775,1791482573471,1791482576283,1791482576283,1,
2e1f054f-bc78-4a7c-a70b-3800233f72ac,PROVIDER,1000,itemstocksubmodel-api-asset@BPNL00000003AYRE,0ef26eaf-3d7c-479a-9a01-d5fa6d5cdd8e,04e2b767-f8a7-4d38-a5b7-9f02d81db6e8,1791482575834,1791482578263,1791482578263,1,
42731e97-ddea-4c4a-8eb2-55c46171a019,PROVIDER,1000,DigitalTwinRegistryId@BPNL00000003AYRE,83673ffd-c48c-429a-b6c6-7e8dac70b874,1b276557-b0d9-4c23-bbd4-13d3e019c2fc,1791482575835,1791482578680,1791482578680,1,
fa0799f3-d04f-4426-a27f-496e80b8c780,PROVIDER,1000,DigitalTwinRegistryId@BPNL00000003AYRE,83673ffd-c48c-429a-b6c6-7e8dac70b874,5950ff83-98c5-4232-92f6-ed39d3a0133f,1791482576936,1791482578711,1791482578711,1,
80dc7ce5-869f-440b-a935-e8b9d47a44ee,PROVIDER,1000,itemstocksubmodel-api-asset@BPNL00000003AYRE,0ef26eaf-3d7c-479a-9a01-d5fa6d5cdd8e,87ed48be-1715-4890-b7f9-036b4d053be9,1791482578106,1791482580193,1791482580193,1,
c084c513-3fee-461d-8a65-7db02f58d8d1,PROVIDER,1000,itemstocksubmodel-api-asset@BPNL00000003AYRE,0ef26eaf-3d7c-479a-9a01-d5fa6d5cdd8e,ef4162ad-e1f2-4294-b545-433a1fe7f4f7,1791482578505,1791482580202,1791482580202,1,
f06583f9-6e67-4b43-be75-72355e7e9f9b,PROVIDER,1000,DigitalTwinRegistryId@BPNL00000003AYRE,83673ffd-c48c-429a-b6c6-7e8dac70b874,21dbc673-d4f1-4527-b74c-2fb95b50ba6e,1791482579608,1791482581642,1791482581642,1,
bfeb15b3-ad21-4f22-8c25-8f1b385940e6,PROVIDER,1000,itemstocksubmodel-api-asset@BPNL00000003AYRE,0ef26eaf-3d7c-479a-9a01-d5fa6d5cdd8e,4d2fde88-93f4-42ab-a3e5-6aab3f10c62e,1791482580811,1791482582973,1791482582973,1,
1dfedd15-dae9-435c-b126-f0e86cf267b5,PROVIDER,1000,DigitalTwinRegistryId@BPNL00000003AYRE,83673ffd-c48c-429a-b6c6-7e8dac70b874,80e80856-e3df-4a86-b53c-db1cd0dea554,1791482580831,1791482582988,1791482582988,1,
8300cf94-4c44-42b8-aecd-eac4502065ed,PROVIDER,1000,itemstocksubmodel-api-asset@BPNL00000003AYRE,0ef26eaf-3d7c-479a-9a01-d5fa6d5cdd8e,ec931d31-22ac-418a-9c56-20ee656db38d,1791482582030,1791482584242,1791482584242,1,
f45c07f7-45ba-41a4-8d9f-6caf95ded619,PROVIDER,1000,DigitalTwinRegistryId@BPNL00000003AYRE,83673ffd-c48c-429a-b6c6-7e8dac70b874,4fa86569-e2bb-4e87-91ad-15411c458c0f,1791482583272,1791482585480,1791482585480,1,
24658dc2-1a89-41f2-be16-c1edddcfd4ae,PROVIDER,1000,itemstocksubmodel-api-asset@BPNL00000003AYRE,0ef26eaf-3d7c-479a-9a01-d5fa6d5cdd8e,d5c4bc36-cda4-491a-abe9-9f971d78ca81,1791482584430,1791482586726,1791482586726,1,
3f48b4d7-2881-47f8-b9a7-99671a4622d6,PROVIDER,1000,DigitalTwinRegistryId@BPNL00000003AYRE,83673ffd-c48c-429a-b6c6-7e8dac70b874,0af54a0e-e279-42bd-9fce-aa0d7e9c0503,1791482585634,1791482588150,1791482588150,1,
ef80c696-d38f-478a-b219-b6aa8fabd805,PROVIDER,1000,DigitalTwinRegistryId@BPNL00000003AYRE,83673ffd-c48c-429a-b6c6-7e8dac70b874,bed12326-4ed2-4180-95b7-792b2826f03f,1791482586838,1791482590023,1791482590023,1,
c1ca5a61-e4cb-4848-8b1e-6e48f27aeffe,PROVIDER,1000,itemstocksubmodel-api-asset@BPNL00000003AYRE,0ef26eaf-3d7c-479a-9a01-d5fa6d5cdd8e,a1a8678e-d982-4324-9e44-1643805b9d58,1791482587907,1791482590032,1791482590032,1,
a314d7a7-c379-453d-9b9a-d2fc56920615,PROVIDER,1000,itemstocksubmodel-api-asset@BPNL00000003AYRE,0ef26eaf-3d7c-479a-9a01-d5fa6d5cdd8e,f40ebdb0-e4d4-4b94-a2e7-31f421090cc5,1791482589070,1791482591367,1791482591367,1,
bddeba92-46ce-467f-aba4-a1aa15a40ade,PROVIDER,1000,DigitalTwinRegistryId@BPNL00000003AYRE,83673ffd-c48c-429a-b6c6-7e8dac70b874,9e6df4c6-836d-42fc-83f7-c80cd1a7d296,1791482589084,1791482591510,1791482591510,1,
19f13b08-effe-4524-98bd-e5064563bccc,PROVIDER,1000,itemstocksubmodel-api-asset@BPNL00000003AYRE,0ef26eaf-3d7c-479a-9a01-d5fa6d5cdd8e,6d4ce02b-d045-4d8b-b656-297ce76d5314,1791482590294,1791482592748,1791482592748,1,
3c076fbd-6a87-41db-bce9-88cc490e50ff,PROVIDER,1000,DigitalTwinRegistryId@BPNL00000003AYRE,83673ffd-c48c-429a-b6c6-7e8dac70b874,7b70f50b-e2fd-47e9-8394-3cdeb5f3a142,1791482592003,1791482594275,1791482594275,1,
ecab93fd-e5aa-4084-b1c6-57bc6f6c26ba,PROVIDER,1000,DigitalTwinRegistryId@BPNL00000003AYRE,83673ffd-c48c-429a-b6c6-7e8dac70b874,dc01c86c-cc79-480d-9813-701b6a6a929f,1791482593361,1791482596327,1791482596327,1,
7d24fc25-b911-4aaa-af96-f131b73fc45a,PROVIDER,1000,itemstocksubmodel-api-asset@BPNL00000003AYRE,0ef26eaf-3d7c-479a-9a01-d5fa6d5cdd8e,cf7fd28e-7c20-4162-ac11-8e22e36b4873,1791482593381,1791482596318,1791482596318,1,
efe8b657-875a-47f7-9dc2-e6871c7343e3,PROVIDER,1000,itemstocksubmodel-api-asset@BPNL00000003AYRE,0ef26eaf-3d7c-479a-9a01-d5fa6d5cdd8e,2ec5c65b-1e31-4dcc-aaf8-9888c0933def,1791482594558,1791482598144,1791482598144,1,
8bd6ba6c-c598-4e5c-bc33-1308befe39a8,PROVIDER,1000,DigitalTwinRegistryId@BPNL00000003AYRE,83673ffd-c48c-429a-b6c6-7e8dac70b874,e7c516b5-89b1-4ad9-8e17-dfd0b9ec8ee3,1791482594800,1791482598155,1791482598155,1,
445975d2-f8b3-4da3-a9e2-a90df7cc935d,PROVIDER,1000,itemstocksubmodel-api-asset@BPNL00000003AYRE,0ef26eaf-3d7c-479a-9a01-d5fa6d5cdd8e,06e6fe4a-f0b5-497d-a28e-805cdd9626e2,1791482597099,1791482599420,1791482599420,1,
fd606dea-42e4-4258-9d11-9b74c9d038ee,PROVIDER,1000,DigitalTwinRegistryId@BPNL00000003AYRE,83673ffd-c48c-429a-b6c6-7e8dac70b874,2ae96b3c-68d9-4b51-8fd0-4b190cc8d96a,1791482597132,1791482599429,1791482599429,1,
c3244739-4ef5-49a8-be31-69dd0cd3dec3,PROVIDER,1000,itemstocksubmodel-api-asset@BPNL00000003AYRE,0ef26eaf-3d7c-479a-9a01-d5fa6d5cdd8e,4b0e3525-2bc2-458f-8f6f-270b025cce91,1791482598316,1791482600760,1791482600760,1,
acea2f48-50e7-4860-866b-93451671a21b,PROVIDER,1000,DigitalTwinRegistryId@BPNL00000003AYRE,83673ffd-c48c-429a-b6c6-7e8dac70b874,c47d6901-904a-4763-bb33-646578fc6136,1791482599530,1791482602300,1791482602300,1,
a32f4872-4473-4f21-98e3-8804cff86704,PROVIDER,1000,DigitalTwinRegistryId@BPNL00000003AYRE,83673ffd-c48c-429a-b6c6-7e8dac70b874,9147a87d-e3c0-4374-a01d-63efd862d897,1791482600804,1791482604739,1791482604739,1,
37b55981-15dc-40e4-9a6b-55c1f7488a53,PROVIDER,1000,itemstocksubmodel-api-asset@BPNL00000003AYRE,0ef26eaf-3d7c-479a-9a01-d5fa6d5cdd8e,7a70bd72-78b3-4b94-bba2-cbd9d11d0ad3,1791482601233,1791482604751,1791482604751,1,
676beec0-a0d1-4cda-9d53-6a85a3413c5a,PROVIDER,1000,itemstocksubmodel-api-asset@BPNL00000003AYRE,0ef26eaf-3d7c-479a-9a01-d5fa6d5cdd8e,6ecc2652-c59e-47f9-a199-f2a5225c1c50,1791482603397,1791482606697,1791482606697,1,
6506575e-118e-427f-84d2-852506baaa95,PROVIDER,1000,DigitalTwinRegistryId@BPNL00000003AYRE,83673ffd-c48c-429a-b6c6-7e8dac70b874,713e617f-7fc9-48b9-9977-74b687f48ba8,1791482603416,1791482606707,1791482606707,1,
c713e65f-cc22-4631-9b32-7cc8c8768f6e,PROVIDER,1000,itemstocksubmodel-api-asset@BPNL00000003AYRE,0ef26eaf-3d7c-479a-9a01-d5fa6d5cdd8e,d17e2fda-7366-4e51-bf8c-7875a76fb8d7,1791482605646,1791482607964,1791482607964,1,
28390c7b-1ab3-4278-8c56-9cc61b9e8545,PROVIDER,1000,DigitalTwinRegistryId@BPNL00000003AYRE,83673ffd-c48c-429a-b6c6-7e8dac70b874,fd1de519-ad58-49ff-8deb-62c50dc5aa33,1791482605748,1791482609535,1791482609535,1,
12d34940-3c0d-471f-8f7e-336eb91c36dc,PROVIDER,1000,DigitalTwinRegistryId@BPNL00000003AYRE,83673ffd-c48c-429a-b6c6-7e8dac70b874,82495f3c-006c-43b9-9c39-f9db6ffaefe8,1791482606800,1791482609542,1791482609542,1,
848822ca-3228-4c5c-92cb-b267828ce662,PROVIDER,1000,itemstocksubmodel-api-asset@BPNL00000003AYRE,0ef26eaf-3d7c-479a-9a01-d5fa6d5cdd8e,1fa8606a-71f4-46ca-a63d-0b36d390670a,1791482607975,1791482610970,1791482610970,1,
e58ba6be-742d-4424-bd3f-07c7b0349aff,PROVIDER,1000,itemstocksubmodel-api-asset@BPNL00000003AYRE,0ef26eaf-3d7c-479a-9a01-d5fa6d5cdd8e,cbee0832-18df-450f-bd15-1104c40260a1,1791482608525,1791482610992,1791482610992,1,
d656a0b9-f0f4-4d2b-b469-c7216c81cd11,PROVIDER,1000,DigitalTwinRegistryId@BPNL00000003AYRE,83673ffd-c48c-429a-b6c6-7e8dac70b874,2b770157-bf9c-4560-afa5-fb470b282b57,1791482608736,1791482610980,1791482610980,1,
571ffc00-e0ce-43aa-9bc8-07c03548d73d,PROVIDER,1000,itemstocksubmodel-api-asset@BPNL00000003AYRE,0ef26eaf-3d7c-479a-9a01-d5fa6d5cdd8e,0bbfbc48-c47e-4171-b42e-bd5b9fcff5ca,1791482609836,1791482612331,1791482612331,1,
8bcc8ce0-d4b2-46de-9879-38d67277fba4,PROVIDER,1000,DigitalTwinRegistryId@BPNL00000003AYRE,83673ffd-c48c-429a-b6c6-7e8dac70b874,7cc8ab25-9bdc-4473-af8f-135d032b6d86,1791482611130,1791482613713,1791482613713,1,
59f599fa-1526-4be7-9e6d-3a0b287af445,PROVIDER,1000,itemstocksubmodel-api-asset@BPNL00000003AYRE,0ef26eaf-3d7c-479a-9a01-d5fa6d5cdd8e,a5efce17-d231-478f-9981-420157724cae,1791482613316,1791482615159,1791482615159,1,
b6ddc94d-fb8f-44eb-b6a3-ba647b4aea7e,PROVIDER,1000,DigitalTwinRegistryId@BPNL00000003AYRE,83673ffd-c48c-429a-b6c6-7e8dac70b874,0d8bfaca-0074-403e-adad-6aece8bd9b76,1791482613327,1791482615171,1791482615171,1,
54c8e0aa-210b-4bac-a1e0-5c9e525ae716,PROVIDER,1000,itemstocksubmodel-api-asset@BPNL00000003AYRE,0ef26eaf-3d7c-479a-9a01-d5fa6d5cdd8e,5026233e-e961-4993-9f87-b37b8a9423ca,1791482614607,1791482616499,1791482616499,1,
f41bf89f-d52b-4eb2-b475-af1ea26b573a,PROVIDER,1000,DigitalTwinRegistryId@BPNL00000003AYRE,83673ffd-c48c-429a-b6c6-7e8dac70b874,94d2f968-768c-41dd-b142-4c9611fdbd69,1791482615313,1791482618912,1791482618912,1,
4b4a93b1-de91-43a7-bdcd-21c414b30f2e,PROVIDER,1000,DigitalTwinRegistryId@BPNL00000003AYRE,83673ffd-c48c-429a-b6c6-7e8dac70b874,9ad41c4d-16be-459d-ae4c-b5e712fef0d2,1791482617691,1791482621690,1791482621690,1,
8a390174-6c0e-49fe-bcf5-a735302b8f06,PROVIDER,1000,itemstocksubmodel-api-asset@BPNL00000003AYRE,0ef26eaf-3d7c-479a-9a01-d5fa6d5cdd8e,ace764b1-c222-4528-87ad-dbc4a7368cf7,1791482617709,1791482620212,1791482620212,1,
8ada4e99-9b92-437d-be95-e76f55762b94,PROVIDER,1000,DigitalTwinRegistryId@BPNL00000003AYRE,83673ffd-c48c-429a-b6c6-7e8dac70b874,7eaca9cf-9fe6-41c9-b6e1-24df7cc42f80,1791482619257,1791482621700,1791482621700,1,
65189701-cf26-4803-9131-d800c5731d59,PROVIDER,1000,itemstocksubmodel-api-asset@BPNL00000003AYRE,0ef26eaf-3d7c-479a-9a01-d5fa6d5cdd8e,fd80ef39-fa97-4489-a81c-a0f9f76b1847,1791482620470,1791482623081,1791482623081,1,
42369f4c-84e8-448d-b62c-3b3df81fc2a6,PROVIDER,1000,itemstocksubmodel-api-asset@BPNL00000003AYRE,0ef26eaf-3d7c-479a-9a01-d5fa6d5cdd8e,a55a0c18-c818-47c4-9cec-b72111acf5cb,1791482620482,1791482623069,1791482623069,1,
f1bf1827-9b43-4bc1-a0d5-6228c445d3c0,PROVIDER,1000,DigitalTwinRegistryId@BPNL00000003AYRE,83673ffd-c48c-429a-b6c6-7e8dac70b874,c1f53be7-bf9e-4211-87af-4aa4dfd2515f,1791482622213,1791482624585,1791482624585,1,
0abfa9d4-990b-47c1-804c-84b71908adf0,PROVIDER,1000,DigitalTwinRegistryId@BPNL00000003AYRE,83673ffd-c48c-429a-b6c6-7e8dac70b874,43a78823-6f37-4d6d-b41f-1ead8bc26dcd,1791482623697,1791482626304,1791482626304,1,
d6be1fe3-9a7a-41fd-abcf-9f5161a5620c,PROVIDER,1000,itemstocksubmodel-api-asset@BPNL00000003AYRE,0ef26eaf-3d7c-479a-9a01-d5fa6d5cdd8e,cb58da74-5ade-49be-ac37-6535c0a42fac,1791482623715,1791482626314,1791482626314,1,
19c1c7ba-3876-4c83-a4e8-e3f48052ee05,PROVIDER,1000,itemstocksubmodel-api-asset@BPNL00000003AYRE,0ef26eaf-3d7c-479a-9a01-d5fa6d5cdd8e,b1da2d53-9f4e-4767-8ff6-c4729cd5c539,1791482625002,1791482628140,1791482628140,1,
2e43d4bf-fdea-4a48-a7d3-d70842f14575,PROVIDER,1000,DigitalTwinRegistryId@BPNL00000003AYRE,83673ffd-c48c-429a-b6c6-7e8dac70b874,6310f453-30f8-47e8-b84b-2751e2e74531,1791482625013,1791482628259,1791482628259,1,
30bc4922-eb26-4a4f-adaf-600c0743d813,PROVIDER,1000,DigitalTwinRegistryId@BPNL00000003AYRE,83673ffd-c48c-429a-b6c6-7e8dac70b874,02fd7b1a-17d2-4485-aed2-b62506c5942c,1791482627238,1791482629640,1791482629640,1,
dd6a696c-bd6e-4eaf-a094-c6e2bb22aa75,PROVIDER,1000,itemstocksubmodel-api-asset@BPNL00000003AYRE,0ef26eaf-3d7c-479a-9a01-d5fa6d5cdd8e,a00dc30e-55b9-48ce-85c0-65aadf5751fe,1791482627240,1791482629651,1791482629651,1,
5a7b2309-b206-4262-95b4-a46700b19430,PROVIDER,1000,itemstocksubmodel-api-asset@BPNL00000003AYRE,0ef26eaf-3d7c-479a-9a01-d5fa6d5cdd8e,4249a2a6-6cdc-4850-a525-daa35ddcfc20,1791482628603,1791482631040,1791482631040,1,
97c3a46a-7b3e-4e35-ac46-826bf2d1ea74,PROVIDER,1000,DigitalTwinRegistryId@BPNL00000003AYRE,83673ffd-c48c-429a-b6c6-7e8dac70b874,cce5722a-c33b-42ca-8c22-7467880c30ac,1791482629005,1791482631224,1791482631224,1,
3f58a4e5-987f-4e04-8b5f-4b736939eaef,PROVIDER,1000,itemstocksubmodel-api-asset@BPNL00000003AYRE,0ef26eaf-3d7c-479a-9a01-d5fa6d5cdd8e,da37ced9-bd3f-4640-96e7-fbda9a1c61a7,1791482630181,1791482632606,1791482632606,1,
54c795fe-861f-4eda-a7fa-745447c18943,PROVIDER,1000,DigitalTwinRegistryId@BPNL00000003AYRE,83673ffd-c48c-429a-b6c6-7e8dac70b874,c0b2de50-5c4b-4de4-83d7-04edc40a1961,1791482631628,1791482633979,1791482633979,1,
9c736a84-f4d2-4e15-90a3-0e3a9aeedcbb,PROVIDER,1000,DigitalTwinRegistryId@BPNL00000003AYRE,83673ffd-c48c-429a-b6c6-7e8dac70b874,8175ff66-f1f7-4293-ab77-3d3accc7a46b,1791482633163,1791482635377,1791482635377,1,
0d3d9616-a55b-4003-baed-6f8509bad627,PROVIDER,1000,itemstocksubmodel-api-asset@BPNL00000003AYRE,0ef26eaf-3d7c-479a-9a01-d5fa6d5cdd8e,cb57794e-5b0a-4674-9d3e-b2a973f054e3,1791482633175,1791482635386,1791482635386,1,
02ac73b3-afa0-433b-bf38-1da9fcfef7d3,PROVIDER,1000,itemstocksubmodel-api-asset@BPNL00000003AYRE,0ef26eaf-3d7c-479a-9a01-d5fa6d5cdd8e,d51df157-026d-4b3c-acaf-9a8b8ee4e485,1791482634367,1791482637113,1791482637113,1,
a8bd57d2-2a45-41ed-9ed1-b11d669a1eb9,PROVIDER,1000,DigitalTwinRegistryId@BPNL00000003AYRE,83673ffd-c48c-429a-b6c6-7e8dac70b874,f40ae01b-84d8-4610-9e34-1e394f676a5f,1791482635572,1791482639464,1791482639464,1,
990ad88c-c334-4f23-9196-2c5dd60d7506,PROVIDER,1000,DigitalTwinRegistryId@BPNL00000003AYRE,83673ffd-c48c-429a-b6c6-7e8dac70b874,6acfef6b-ce8c-40ea-b114-7e6122311b99,1791482636842,1791482639476,1791482639476,1,
99a1664d-cdd9-488a-8016-9643ebe82cb6,PROVIDER,1000,itemstocksubmodel-api-asset@BPNL00000003AYRE,0ef26eaf-3d7c-479a-9a01-d5fa6d5cdd8e,b2086b64-3d2b-4082-b4bd-b9a9b8cbb00d,1791482638003,1791482640876,1791482640876,1,
0feb9801-ad7b-424a-993e-a5a9a21097b7,PROVIDER,1000,itemstocksubmodel-api-asset@BPNL00000003AYRE,0ef26eaf-3d7c-479a-9a01-d5fa6d5cdd8e,308962da-e56b-45f9-bed0-81c89f03ef8c,1791482638046,1791482640904,1791482640904,1,
4a4f1e67-3573-49d7-966a-6c9c858f514c,PROVIDER,1000,DigitalTwinRegistryId@BPNL00000003AYRE,83673ffd-c48c-429a-b6c6-7e8dac70b874,9575cc43-a7f5-4bd9-bb47-b8bcc0a40088,1791482639505,1791482642501,1791482642501,1,
43592805-1bb7-4169-89d1-926cdb425aae,PROVIDER,1000,DigitalTwinRegistryId@BPNL00000003AYRE,83673ffd-c48c-429a-b6c6-7e8dac70b874,bc66fef1-4987-416d-b418-d5846f87ed57,1791482640680,1791482642511,1791482642511,1,
c0cedc62-a282-4aa3-9877-423cbb62d873,PROVIDER,1000,itemstocksubmodel-api-asset@BPNL00000003AYRE,0ef26eaf-3d7c-479a-9a01-d5fa6d5cdd8e,eb787a86-3a95-488c-a859-69f52767d932,1791482642030,1791482643788,1791482643788,1,
38f1556c-806e-40ad-b831-f093eb8c51c6,PROVIDER,1000,itemstocksubmodel-api-asset@BPNL00000003AYRE,0ef26eaf-3d7c-479a-9a01-d5fa6d5cdd8e,829662e2-0f64-44ad-8d20-9c0dd97ced2c,1791482642043,1791482643835,1791482643835,1,
4ec6738f-737b-4b81-8f5a-84f4029d3ad6,PROVIDER,1000,DigitalTwinRegistryId@BPNL00000003AYRE,83673ffd-c48c-429a-b6c6-7e8dac70b874,95d82736-5885-4256-b52e-99d0d42fbf03,1791482643279,1791482645130,1791482645130,1,
6e7ca199-3d9a-4dd5-be4e-18dd681990dd,PROVIDER,1000,itemstocksubmodel-api-asset@BPNL00000003AYRE,0ef26eaf-3d7c-479a-9a01-d5fa6d5cdd8e,663befc9-3d4d-4af6-810e-e963ad38d637,1791482644470,1791482646458,1791482646458,1,
4306c934-f3c1-4251-9587-7a358e14494b,PROVIDER,1000,DigitalTwinRegistryId@BPNL00000003AYRE,83673ffd-c48c-429a-b6c6-7e8dac70b874,f9e387de-bc19-4c10-b647-73bb3ab03789,1791482645645,1791482649150,1791482649150,1,
83a27964-4388-420a-9c6e-b3c7538328b5,PROVIDER,1000,DigitalTwinRegistryId@BPNL00000003AYRE,83673ffd-c48c-429a-b6c6-7e8dac70b874,6f847e04-a618-4d90-959c-9dfbe762d302,1791482646747,1791482649161,1791482649161,1,
d8461173-65fa-42ae-b7f6-9dc0b0970395,PROVIDER,1000,itemstocksubmodel-api-asset@BPNL00000003AYRE,0ef26eaf-3d7c-479a-9a01-d5fa6d5cdd8e,8cdbbcf2-933b-47e0-bd65-6fafa3789fe5,1791482647954,1791482650555,1791482650555,1,
3706707b-f4a0-44b2-a7c0-ef5d803141c2,PROVIDER,1000,itemstocksubmodel-api-asset@BPNL00000003AYRE,0ef26eaf-3d7c-479a-9a01-d5fa6d5cdd8e,d5e30d15-25d7-4ccf-85c5-e9c42abc1e0c,1791482648168,1791482650532,1791482650532,1,
9433e446-6eb4-48e5-9d95-a5b3ed2ea8e0,PROVIDER,1000,DigitalTwinRegistryId@BPNL00000003AYRE,83673ffd-c48c-429a-b6c6-7e8dac70b874,6b6c0fa0-69b6-49c5-a8ff-a49ac0265055,1791482649264,1791482652920,1791482652920,1,
a3c155e8-e7bc-4221-b3df-08b47f2bff0b,PROVIDER,1000,DigitalTwinRegistryId@BPNL00000003AYRE,83673ffd-c48c-429a-b6c6-7e8dac70b874,722302aa-2b8b-415e-a2b2-54a4b352fde1,1791482651585,1791482654442,1791482654442,1,
3e9a7ceb-7adb-4a0a-a2fb-f5a7a5145b41,PROVIDER,1000,itemstocksubmodel-api-asset@BPNL00000003AYRE,0ef26eaf-3d7c-479a-9a01-d5fa6d5cdd8e,acda67d2-0ec1-4114-84f2-13af9c295010,1791482651591,1791482654453,1791482654453,1,
4df9f2c2-11de-4198-bbe1-a4cb267a852a,PROVIDER,1000,DigitalTwinRegistryId@BPNL00000003AYRE,83673ffd-c48c-429a-b6c6-7e8dac70b874,2cc39d7f-58e3-4b9c-881b-96d25701dd0a,1791482653168,1791482656256,1791482656256,1,
f138cd41-4a70-49f6-8d32-1b4a1b3c83d0,PROVIDER,1000,itemstocksubmodel-api-asset@BPNL00000003AYRE,0ef26eaf-3d7c-479a-9a01-d5fa6d5cdd8e,06372c0d-be9c-4583-9743-009e039a7d63,1791482653403,1791482656245,1791482656245,1,
c675e845-2563-45c4-82b0-e8dfaa059f23,PROVIDER,1000,itemstocksubmodel-api-asset@BPNL00000003AYRE,0ef26eaf-3d7c-479a-9a01-d5fa6d5cdd8e,b9a1bc14-fb0d-457a-a8f6-f2778e39b645,1791482654507,1791482658012,1791482658012,1,
11ce0141-22b7-46c9-8adb-285acc9f9828,PROVIDER,1000,DigitalTwinRegistryId@BPNL00000003AYRE,83673ffd-c48c-429a-b6c6-7e8dac70b874,903773af-d089-4970-b90c-2feae7d2dd73,1791482655744,1791482658025,1791482658025,1,
66df7359-0ec7-4f47-864d-25bc4b1beaad,PROVIDER,1000,DigitalTwinRegistryId@BPNL00000003AYRE,83673ffd-c48c-429a-b6c6-7e8dac70b874,14f952a0-7e7a-4a87-9739-d7bf2aaa0f77,1791482656781,1791482659357,1791482659357,1,
313a73aa-d829-4e8e-98c6-18ef1c034ce8,PROVIDER,1000,itemstocksubmodel-api-asset@BPNL00000003AYRE,0ef26eaf-3d7c-479a-9a01-d5fa6d5cdd8e,6e201e2a-05e9-4c1a-9598-d9bd5dbfd1b2,1791482657035,1791482659366,1791482659366,1,
cb65c161-4557-491c-be7d-8cc426e78007,PROVIDER,1000,itemstocksubmodel-api-asset@BPNL00000003AYRE,0ef26eaf-3d7c-479a-9a01-d5fa6d5cdd8e,55febb30-2574-4c8a-a027-40f0244f9b97,1791482658150,1791482660659,1791482660659,1,
02da68db-f632-4218-ac56-3fe1d64112ee,PROVIDER,1000,DigitalTwinRegistryId@BPNL00000003AYRE,83673ffd-c48c-429a-b6c6-7e8dac70b874,a9442364-8815-4552-bef2-aa7129fd41c4,1791482659404,1791482663267,1791482663267,1,
9f8f3df1-95c5-493d-8fc4-6e51271a54f2,PROVIDER,1000,DigitalTwinRegistryId@BPNL00000003AYRE,83673ffd-c48c-429a-b6c6-7e8dac70b874,26c1ae3f-2be7-47fa-8e69-1aff6b1e2485,1791482662008,1791482665045,1791482665045,1,
a113de74-2f54-4487-b152-7238ecf01605,PROVIDER,1000,itemstocksubmodel-api-asset@BPNL00000003AYRE,0ef26eaf-3d7c-479a-9a01-d5fa6d5cdd8e,7b0bb5bd-7b34-48ef-827d-76fe8723a6b1,1791482662092,1791482665057,1791482665057,1,
b6ac9a74-3224-4d8d-a34d-03c737058283,PROVIDER,1000,DigitalTwinRegistryId@BPNL00000003AYRE,83673ffd-c48c-429a-b6c6-7e8dac70b874,7aba1d31-a56a-4019-8d17-5a4a3d80e07f,1791482663265,1791482665073,1791482665073,1,
22016676-e882-4e20-9016-fc8c5a8795c6,PROVIDER,1000,itemstocksubmodel-api-asset@BPNL00000003AYRE,0ef26eaf-3d7c-479a-9a01-d5fa6d5cdd8e,de618739-6ef5-48db-9738-fdffe33a2112,1791482663904,1791482666413,1791482666413,1,
6d7a64a1-e0f5-4df1-b462-b6f51eb9fc83,PROVIDER,1000,itemstocksubmodel-api-asset@BPNL00000003AYRE,0ef26eaf-3d7c-479a-9a01-d5fa6d5cdd8e,e1848e30-8d6b-4e98-8473-fd984734ed56,1791482664209,1791482666423,1791482666423,1,
798d3ff0-35a5-48cf-a565-586c832ab52f,PROVIDER,1000,DigitalTwinRegistryId@BPNL00000003AYRE,83673ffd-c48c-429a-b6c6-7e8dac70b874,ad345212-d938-4f51-a39d-87c87310eb90,1791482665468,1791482669087,1791482669087,1,
f2f2c4b3-f7aa-4dac-a916-4fcdd14c8501,PROVIDER,1000,DigitalTwinRegistryId@BPNL00000003AYRE,83673ffd-c48c-429a-b6c6-7e8dac70b874,a6b46deb-c6f3-4778-8953-20e1de44c620,1791482666658,1791482669104,1791482669104,1,
a145bd27-d92f-44dc-ad48-6c00a91c6db2,PROVIDER,1000,itemstocksubmodel-api-asset@BPNL00000003AYRE,0ef26eaf-3d7c-479a-9a01-d5fa6d5cdd8e,2b1aa234-b0bb-480d-bd28-2dd5c78a0236,1791482667781,1791482670511,1791482670511,1,
4ee1dffd-2ca2-4735-a79c-d78b234325b8,PROVIDER,1000,itemstocksubmodel-api-asset@BPNL00000003AYRE,0ef26eaf-3d7c-479a-9a01-d5fa6d5cdd8e,7f4ac412-c96f-452f-b298-eb158347b826,1791482668338,1791482670523,1791482670523,1,
55eb66ed-76f7-47df-bfaa-5ca68bcd0507,PROVIDER,1000,DigitalTwinRegistryId@BPNL00000003AYRE,83673ffd-c48c-429a-b6c6-7e8dac70b874,74f66f24-b0c9-4c41-a2e8-99e306e1d165,1791482669412,1791482670677,1791482670677,1,
640fc6c7-8cc2-46f6-a323-2791a702b97b,PROVIDER,1000,itemstocksubmodel-api-asset@BPNL00000003AYRE,0ef26eaf-3d7c-479a-9a01-d5fa6d5cdd8e,8269b935-1cef-47c3-af6e-90950764d5fc,1791482670657,1791482672429,1791482672429,1,
b4f6d849-6806-4452-b3ba-9bc670e9da88,PROVIDER,1000,DigitalTwinRegistryId@BPNL00000003AYRE,83673ffd-c48c-429a-b6c6-7e8dac70b874,9f77844c-423c-4646-a4ed-153d45a3e590,1791482670835,1791482672439,1791482672439,1,
e1a5b85c-3dda-4af8-9b77-82d17ffba8a1,PROVIDER,1000,itemstocksubmodel-api-asset@BPNL00000003AYRE,0ef26eaf-3d7c-479a-9a01-d5fa6d5cdd8e,e2a979f5-2f32-4962-b407-417971f6d61d,1791482672029,1791482673681,1791482673681,1,
5156821f-c52b-4af2-9b65-94a5d6537d5a,PROVIDER,1000,DigitalTwinRegistryId@BPNL00000003AYRE,83673ffd-c48c-429a-b6c6-7e8dac70b874,fd2700f4-c81c-4e0e-b600-4ad572071728,1791482673236,1791482674972,1791482674972,1,
d1f54e8c-c891-4ab5-8d81-3356ba58a173,PROVIDER,1000,itemstocksubmodel-api-asset@BPNL00000003AYRE,0ef26eaf-3d7c-479a-9a01-d5fa6d5cdd8e,b790d177-fe98-44c2-bc66-3f66a2bda793,1791482674427,1791482676247,1791482676247,1,
4092d539-9561-4285-aa32-bdfc7589d418,PROVIDER,1000,DigitalTwinRegistryId@BPNL00000003AYRE,83673ffd-c48c-429a-b6c6-7e8dac70b874,f1269789-7450-40ca-9042-71ca73e737af,1791482675833,1791482677886,1791482677886,1,
bd15158c-db2a-4644-b6b9-64dc31b2769a,PROVIDER,1000,itemstocksubmodel-api-asset@BPNL00000003AYRE,0ef26eaf-3d7c-479a-9a01-d5fa6d5cdd8e,c453e081-d1cd-4746-8e6c-b9e6142fdd7a,1791482676814,1791482680358,1791482680358,1,
13603eda-68f7-4ea4-bd2c-d7a669fb2f9a,PROVIDER,1000,DigitalTwinRegistryId@BPNL00000003AYRE,83673ffd-c48c-429a-b6c6-7e8dac70b874,9dc49f96-92c6-4923-b261-dfa037f31bee,1791482676828,1791482680348,1791482680348,1,
ac57e8f7-db74-4934-99c0-bf0cb56a03a3,PROVIDER,1000,itemstocksubmodel-api-asset@BPNL00000003AYRE,0ef26eaf-3d7c-479a-9a01-d5fa6d5cdd8e,63e8c998-7781-4335-8b53-46e812970758,1791482679106,1791482682751,1791482682751,1,
db845315-4294-4f2e-925a-f106e7b542cc,PROVIDER,1000,DigitalTwinRegistryId@BPNL00000003AYRE,83673ffd-c48c-429a-b6c6-7e8dac70b874,76be85bc-ee9e-43f8-a6e3-14ab11eef089,1791482679122,1791482682766,1791482682766,1,
a966cc0a-1d7e-418a-b23c-179c6dcab212,PROVIDER,1000,itemstocksubmodel-api-asset@BPNL00000003AYRE,0ef26eaf-3d7c-479a-9a01-d5fa6d5cdd8e,c501f231-8cbe-4920-bfc7-277b63273f86,1791482681423,1791482684334,1791482684334,1,
eae5aa80-e100-48db-8425-aba7d8f33689,PROVIDER,1000,DigitalTwinRegistryId@BPNL00000003AYRE,83673ffd-c48c-429a-b6c6-7e8dac70b874,df0bae7d-1eed-48f2-acd2-8b9374220fb7,1791482681529,1791482684403,1791482684403,1,
8703f476-d0c2-4416-97c5-0543c98999d9,PROVIDER,1000,DigitalTwinRegistryId@BPNL00000003AYRE,83673ffd-c48c-429a-b6c6-7e8dac70b874,2723745f-44b3-4369-8015-90fdf73629c9,1791482683259,1791482686262,1791482686262,1,
c0761042-af28-47ea-8f5d-1f6bb83a5486,PROVIDER,1000,itemstocksubmodel-api-asset@BPNL00000003AYRE,0ef26eaf-3d7c-479a-9a01-d5fa6d5cdd8e,e5e2aacc-db1f-421f-a0d9-a0cb215b8198,1791482683278,1791482686280,1791482686280,1,
e58463e9-1de4-4711-af8a-bbd5addbb637,PROVIDER,1000,itemstocksubmodel-api-asset@BPNL00000003AYRE,0ef26eaf-3d7c-479a-9a01-d5fa6d5cdd8e,f9f553e1-d0a6-4b93-b999-6eb4ebb8b1d3,1791482684458,1791482687927,1791482687927,1,
e56b014f-be9d-4a7b-8f48-ec5f25e0eaea,PROVIDER,1000,DigitalTwinRegistryId@BPNL00000003AYRE,83673ffd-c48c-429a-b6c6-7e8dac70b874,49afec2f-0fa1-47b7-99f5-3e6830f86035,1791482685804,1791482689391,1791482689391,1,
b185685a-025b-42d6-8dd1-2116ef45f744,PROVIDER,1000,DigitalTwinRegistryId@BPNL00000003AYRE,83673ffd-c48c-429a-b6c6-7e8dac70b874,cb99b351-7036-4846-af9f-54ba72b55079,1791482686795,1791482689412,1791482689412,1,
4c1eb708-1989-4d4d-9fc0-18c76058b7e1,PROVIDER,1000,itemstocksubmodel-api-asset@BPNL00000003AYRE,0ef26eaf-3d7c-479a-9a01-d5fa6d5cdd8e,3c218474-58b0-43ea-ab20-9dd4d24129d3,1791482688005,1791482690838,1791482690838,1,
17dd567d-3c67-4a04-ac5d-b58bf41eea03,PROVIDER,1000,itemstocksubmodel-api-asset@BPNL00000003AYRE,0ef26eaf-3d7c-479a-9a01-d5fa6d5cdd8e,ce430142-3ec9-48f4-b78e-3723f0079ce1,1791482688207,1791482690849,1791482690849,1,
d730765b-d5f6-4b78-b74e-6a4524546f61,PROVIDER,1000,DigitalTwinRegistryId@BPNL00000003AYRE,83673ffd-c48c-429a-b6c6-7e8dac70b874,7e4e1ba1-759f-42cb-8dca-d9d410c22e17,1791482689440,1791482693297,1791482693297,1,
2d26014d-4834-40dd-90ab-ac74def4dc7e,PROVIDER,1000,DigitalTwinRegistryId@BPNL00000003AYRE,83673ffd-c48c-429a-b6c6-7e8dac70b874,c1b4a156-2744-4b50-8d32-16b8bbe668da,1791482692031,1791482694816,1791482694816,1,
0d82d6ed-1165-43a6-a6bf-a594ca045b48,PROVIDER,1000,itemstocksubmodel-api-asset@BPNL00000003AYRE,0ef26eaf-3d7c-479a-9a01-d5fa6d5cdd8e,5ad71d1e-c329-42d2-8342-7dda192ecf71,1791482692129,1791482694829,1791482694829,1,
67e765d0-0626-440f-8001-6c46edbb9f07,PROVIDER,1000,DigitalTwinRegistryId@BPNL00000003AYRE,83673ffd-c48c-429a-b6c6-7e8dac70b874,97aaab2d-b68b-4cc7-9ffb-80f2c743256e,1791482693360,1791482695371,1791482695371,1,
a8dfc499-cd00-4757-87b2-6ca5980a5a19,PROVIDER,1000,itemstocksubmodel-api-asset@BPNL00000003AYRE,0ef26eaf-3d7c-479a-9a01-d5fa6d5cdd8e,3d3bddf4-9dea-4c85-983d-e31208611d08,1791482693557,1791482695385,1791482695385,1,
875b82f1-386e-417a-8ccf-c40e3aa0482a,PROVIDER,1000,DigitalTwinRegistryId@BPNL00000003AYRE,83673ffd-c48c-429a-b6c6-7e8dac70b874,17408ad1-dd6c-421a-9b27-727505a6c66e,1791482694811,1791482697404,1791482697404,1,
74bc1333-fe20-459d-8ac9-6c32ab14d55f,PROVIDER,1000,itemstocksubmodel-api-asset@BPNL00000003AYRE,0ef26eaf-3d7c-479a-9a01-d5fa6d5cdd8e,9762208b-54e4-44e4-900a-4165ee3657e4,1791482695105,1791482697805,1791482697805,1,
18cbbe06-7664-464d-aabe-f908f2e36b19,PROVIDER,1000,itemstocksubmodel-api-asset@BPNL00000003AYRE,0ef26eaf-3d7c-479a-9a01-d5fa6d5cdd8e,37e6eb98-524a-4cd0-a319-604a09079aa7,1791482696205,1791482698309,1791482698309,1,
cdf325b8-71ab-4f9e-93fe-1cb66f37d2da,PROVIDER,1000,DigitalTwinRegistryId@BPNL00000003AYRE,83673ffd-c48c-429a-b6c6-7e8dac70b874,37273432-5881-4f98-958b-dae3dcc6ab8b,1791482697603,1791482699651,1791482699651,1,
8771ddba-41fa-448c-a54e-900693768fdb,PROVIDER,1000,itemstocksubmodel-api-asset@BPNL00000003AYRE,0ef26eaf-3d7c-479a-9a01-d5fa6d5cdd8e,d948a042-a8b7-446d-986f-4379dc522459,1791482698691,1791482701043,1791482701043,1,
39b9aeab-e149-4a14-b43e-478e4e3bafb6,PROVIDER,1000,DigitalTwinRegistryId@BPNL00000003AYRE,83673ffd-c48c-429a-b6c6-7e8dac70b874,f4e81a74-8f36-4d55-b142-77f95ba07fc4,1791482698704,1791482701027,1791482701027,1,
55b3c2d4-4170-41af-9eff-590a5c40015a,PROVIDER,1000,itemstocksubmodel-api-asset@BPNL00000003AYRE,0ef26eaf-3d7c-479a-9a01-d5fa6d5cdd8e,ec916df6-31d4-42fd-bbb4-ed4dcfa215eb,1791482699892,1791482702350,1791482702350,1,
f5b26d33-7edf-463c-ae4a-e94d1735a6cf,PROVIDER,1000,DigitalTwinRegistryId@BPNL00000003AYRE,83673ffd-c48c-429a-b6c6-7e8dac70b874,0c242634-dfcc-4c48-89b5-7d521b024c87,1791482701142,1791482704759,1791482704759,1,
005f9167-44ae-479b-b4e2-22922cb41bda,PROVIDER,1000,itemstocksubmodel-api-asset@BPNL00000003AYRE,0ef26eaf-3d7c-479a-9a01-d5fa6d5cdd8e,54b143f0-15bf-47af-9c70-f522ad2fce5b,1791482703403,1791482706478,1791482706478,1,
e0a3d954-c538-44ca-9ee0-9384804edea3,PROVIDER,1000,DigitalTwinRegistryId@BPNL00000003AYRE,83673ffd-c48c-429a-b6c6-7e8dac70b874,3be8419c-af60-45ee-9e62-92074e81ae09,1791482703414,1791482706487,1791482706487,1,
d4bc387e-0139-42f2-b18d-4ef979077ef8,PROVIDER,1000,itemstocksubmodel-api-asset@BPNL00000003AYRE,0ef26eaf-3d7c-479a-9a01-d5fa6d5cdd8e,68345f8c-891b-4da9-9710-20dd810f3764,1791482705640,1791482708009,1791482708009,1,
eb598d4e-9a67-4e5e-a941-e454574a0da1,PROVIDER,1000,DigitalTwinRegistryId@BPNL00000003AYRE,83673ffd-c48c-429a-b6c6-7e8dac70b874,a474d5c8-0708-4fe9-9f88-6b8a601f30c5,1791482705643,1791482708020,1791482708020,1,
50d58ed7-02ce-4080-8049-23296caae038,PROVIDER,1000,DigitalTwinRegistryId@BPNL00000003AYRE,83673ffd-c48c-429a-b6c6-7e8dac70b874,b87653af-c026-4139-8a99-1a3610615b23,1791482706832,1791482709319,1791482709319,1,
b53d62dc-763d-4842-9bc5-4ca7ac0dec36,PROVIDER,1000,itemstocksubmodel-api-asset@BPNL00000003AYRE,0ef26eaf-3d7c-479a-9a01-d5fa6d5cdd8e,623c337c-fe7f-49b9-9375-eb3b1dc8114c,1791482707127,1791482709329,1791482709329,1,
d42dfd59-ca1a-4306-b603-62f747c74a39,PROVIDER,1000,itemstocksubmodel-api-asset@BPNL00000003AYRE,0ef26eaf-3d7c-479a-9a01-d5fa6d5cdd8e,19c67031-9fa9-4cb5-be4e-0370846f51ab,1791482708279,1791482710590,1791482710590,1,
8685790c-8318-42b1-b5a7-defec302fc2e,PROVIDER,1000,DigitalTwinRegistryId@BPNL00000003AYRE,83673ffd-c48c-429a-b6c6-7e8dac70b874,e79f1914-feae-42b9-b087-f4f1d0485bf4,1791482709537,1791482711985,1791482711985,1,
1b640099-8067-4f45-a9a4-c091282569b6,PROVIDER,1000,DigitalTwinRegistryId@BPNL00000003AYRE,83673ffd-c48c-429a-b6c6-7e8dac70b874,4649abc6-c5fc-47c9-b001-4c659f0156bd,1791482710841,1791482714553,1791482714553,1,
10be70b5-8a0f-40de-992f-290e033a675d,PROVIDER,1000,itemstocksubmodel-api-asset@BPNL00000003AYRE,0ef26eaf-3d7c-479a-9a01-d5fa6d5cdd8e,4c5239c0-477f-4f41-a645-c3669dea4b3f,1791482710884,1791482714546,1791482714546,1,
c1cd95e8-0d3b-41c6-a7fc-898decb766c0,PROVIDER,1000,itemstocksubmodel-api-asset@BPNL00000003AYRE,0ef26eaf-3d7c-479a-9a01-d5fa6d5cdd8e,be5a59d4-e7cb-45a8-a2d3-7c9067089fa8,1791482713075,1791482716353,1791482716353,1,
3f90dbdb-cb2c-4049-a40f-96db1acbb286,PROVIDER,1000,DigitalTwinRegistryId@BPNL00000003AYRE,83673ffd-c48c-429a-b6c6-7e8dac70b874,2009469f-f24b-4545-8198-139ec87edaae,1791482713085,1791482716362,1791482716362,1,
797df918-5111-43ed-9ba1-6766193d35a0,PROVIDER,1000,DigitalTwinRegistryId@BPNL00000003AYRE,83673ffd-c48c-429a-b6c6-7e8dac70b874,2f402869-685b-4ab1-a283-36d717c880ff,1791482715326,1791482718076,1791482718076,1,
18a132ed-96de-4651-a56e-f42a12e9de52,PROVIDER,1000,itemstocksubmodel-api-asset@BPNL00000003AYRE,0ef26eaf-3d7c-479a-9a01-d5fa6d5cdd8e,86d2fe94-6527-4eaa-b925-e544fccf1926,1791482715351,1791482718085,1791482718085,1,
6783b277-7331-4f48-8285-5cdfd7ae537d,PROVIDER,1000,itemstocksubmodel-api-asset@BPNL00000003AYRE,0ef26eaf-3d7c-479a-9a01-d5fa6d5cdd8e,19c68dfd-1fe5-4668-bf67-977238112a41,1791482716723,1791482720571,1791482720571,1,
065cacd6-34e8-4a51-bfee-cc700ac41945,PROVIDER,1000,DigitalTwinRegistryId@BPNL00000003AYRE,83673ffd-c48c-429a-b6c6-7e8dac70b874,4214e076-0027-4ee8-9d79-d64893cfd1fe,1791482716744,1791482720580,1791482720580,1,
103dbe3c-a131-4ffc-8406-82bb6f4ee04a,PROVIDER,1000,itemstocksubmodel-api-asset@BPNL00000003AYRE,0ef26eaf-3d7c-479a-9a01-d5fa6d5cdd8e,43d149d4-d845-4e9f-ad40-9cb843b6b616,1791482719105,1791482722116,1791482722116,1,
f1ac53fd-f745-4999-8b81-e8739ce40b06,PROVIDER,1000,DigitalTwinRegistryId@BPNL00000003AYRE,83673ffd-c48c-429a-b6c6-7e8dac70b874,20d0eee3-2b27-47ad-b419-d68f774771d2,1791482719120,1791482722124,1791482722124,1,
4713e8da-d042-4bd4-a48d-af7361c0edd1,PROVIDER,1000,DigitalTwinRegistryId@BPNL00000003AYRE,83673ffd-c48c-429a-b6c6-7e8dac70b874,45a9abeb-6afe-47bd-b023-030c468ce17f,1791482721393,1791482723580,1791482723580,1,
fa6c5834-0dda-45cb-93bb-9001f29a2eb4,PROVIDER,1000,itemstocksubmodel-api-asset@BPNL00000003AYRE,0ef26eaf-3d7c-479a-9a01-d5fa6d5cdd8e,9fcff22e-6e8b-4071-968a-cf708df8a731,1791482721436,1791482723591,1791482723591,1,
2329c35c-3717-48b7-a9c0-212c7c3a374a,PROVIDER,1000,itemstocksubmodel-api-asset@BPNL00000003AYRE,0ef26eaf-3d7c-479a-9a01-d5fa6d5cdd8e,26623533-b714-4040-b665-0979fe1453f8,1791482723019,1791482724893,1791482724893,1,
525eb70a-d1c5-49c3-b7b5-fd7b4198cfe4,PROVIDER,1000,DigitalTwinRegistryId@BPNL00000003AYRE,83673ffd-c48c-429a-b6c6-7e8dac70b874,83ed5fb8-ef45-4804-9bdb-c03c449ecfe5,1791482723034,1791482724914,1791482724914,1,
105b35e4-347a-43db-90aa-de9ad6a4f65a,PROVIDER,1000,itemstocksubmodel-api-asset@BPNL00000003AYRE,0ef26eaf-3d7c-479a-9a01-d5fa6d5cdd8e,71473a66-207d-44e4-9f2f-d6adeefc3e4c,1791482724360,1791482726213,1791482726213,1,
fbfcee8c-55e8-4b66-b000-d2cd409f1f27,PROVIDER,1000,DigitalTwinRegistryId@BPNL00000003AYRE,83673ffd-c48c-429a-b6c6-7e8dac70b874,9898306d-602b-4aa8-9346-ba07ae5fbcef,1791482725585,1791482727875,1791482727875,1,
1dc7756e-146b-425c-96f1-0cbc3521be3d,PROVIDER,1000,itemstocksubmodel-api-asset@BPNL00000003AYRE,0ef26eaf-3d7c-479a-9a01-d5fa6d5cdd8e,4119767a-bbcf-4e0c-ba81-e892d8792691,1791482726795,1791482729044,1791482729044,1,
66de3e5a-ca9c-48cc-b353-837b58a9f406,PROVIDER,1000,DigitalTwinRegistryId@BPNL00000003AYRE,83673ffd-c48c-429a-b6c6-7e8dac70b874,d0630218-89fa-42ba-99ce-08414f1214c9,1791482726809,1791482730512,1791482730512,1,
233fd708-8559-4180-8bc5-fb53cb5523aa,PROVIDER,1000,itemstocksubmodel-api-asset@BPNL00000003AYRE,0ef26eaf-3d7c-479a-9a01-d5fa6d5cdd8e,5ec5d75f-853c-4aa1-95c5-47fc8ffb779f,1791482729141,1791482731907,1791482731907,1,
62a0768e-998d-4d08-a422-cd539b82c778,PROVIDER,1000,DigitalTwinRegistryId@BPNL00000003AYRE,83673ffd-c48c-429a-b6c6-7e8dac70b874,928b2ec0-3ab2-4068-bfa1-9e49fef44991,1791482729145,1791482731916,1791482731916,1,
859afbfe-011f-4427-a0c3-ac311c35e536,PROVIDER,1000,DigitalTwinRegistryId@BPNL00000003AYRE,83673ffd-c48c-429a-b6c6-7e8dac70b874,e493a012-80a4-4d28-8278-8cb2d56385ae,1791482731434,1791482734400,1791482734400,1,
2021b8c3-fe9d-4a79-bda1-cd131a8a3d73,PROVIDER,1000,itemstocksubmodel-api-asset@BPNL00000003AYRE,0ef26eaf-3d7c-479a-9a01-d5fa6d5cdd8e,a4bc8d3b-5078-41c8-b785-81abd0642a1b,1791482731450,1791482734655,1791482734655,1,
60e00e6d-0d9f-47f7-96d6-5da94932a2ed,PROVIDER,1000,DigitalTwinRegistryId@BPNL00000003AYRE,83673ffd-c48c-429a-b6c6-7e8dac70b874,25a7a8d3-a39f-4ddb-8d2c-73cd709d6f9b,1791482733516,1791482736341,1791482736341,1,
10e18b6d-d8f1-4454-b6d4-d4a2506d162a,PROVIDER,1000,itemstocksubmodel-api-asset@BPNL00000003AYRE,0ef26eaf-3d7c-479a-9a01-d5fa6d5cdd8e,b495156b-8ee3-4d68-90ff-5cdc9686f47a,1791482733531,1791482736349,1791482736349,1,
77805db0-bdea-447d-98dd-1d8da67c4e41,PROVIDER,1000,itemstocksubmodel-api-asset@BPNL00000003AYRE,0ef26eaf-3d7c-479a-9a01-d5fa6d5cdd8e,ce8ba09b-4eba-4ccf-94f4-704a818b4d5d,1791482734926,1791482738216,1791482738216,1,
38683387-8a30-4748-bf9e-73f3c887018b,PROVIDER,1000,DigitalTwinRegistryId@BPNL00000003AYRE,83673ffd-c48c-429a-b6c6-7e8dac70b874,34c88bf7-adf6-4cad-a8a9-ef18d2ef7cb9,1791482734935,1791482738226,1791482738226,1,
e5ed8193-e0bb-4457-8728-dd94c83a03d7,PROVIDER,1000,itemstocksubmodel-api-asset@BPNL00000003AYRE,0ef26eaf-3d7c-479a-9a01-d5fa6d5cdd8e,ea498ad7-905c-4457-a463-b289f80bac83,1791482737236,1791482739538,1791482739538,1,
df432046-f3f8-47e1-8dc6-224b657a355d,PROVIDER,1000,DigitalTwinRegistryId@BPNL00000003AYRE,83673ffd-c48c-429a-b6c6-7e8dac70b874,101494d7-aa12-405c-b505-e20c0ff5d043,1791482737334,1791482739547,1791482739547,1,
082f50fc-6f56-40de-bd1a-a6b93079048b,PROVIDER,1000,itemstocksubmodel-api-asset@BPNL00000003AYRE,0ef26eaf-3d7c-479a-9a01-d5fa6d5cdd8e,11f0000a-ce99-4414-823c-0735fede49c7,1791482738427,1791482740776,1791482740776,1,
5615d65f-717a-45f2-b2c7-59545a38fac9,PROVIDER,1000,DigitalTwinRegistryId@BPNL00000003AYRE,83673ffd-c48c-429a-b6c6-7e8dac70b874,5a99b017-8b23-46fd-9e79-ce22370de98e,1791482739685,1791482743541,1791482743541,1,
b0673995-f8ca-46ef-a543-45d40c0ff15f,PROVIDER,1000,DigitalTwinRegistryId@BPNL00000003AYRE,83673ffd-c48c-429a-b6c6-7e8dac70b874,08f7163c-eccf-4465-8833-5d6624f6bc10,1791482740906,1791482743881,1791482743881,1,
d48b057b-02d8-450d-afee-709315d6c081,PROVIDER,1000,itemstocksubmodel-api-asset@BPNL00000003AYRE,0ef26eaf-3d7c-479a-9a01-d5fa6d5cdd8e,5c91d14f-0ff2-4cef-9668-3cac4334738b,1791482742046,1791482745248,1791482745248,1,
0ddeaedf-c95f-4a97-bbdf-6cad110a46da,PROVIDER,1000,itemstocksubmodel-api-asset@BPNL00000003AYRE,0ef26eaf-3d7c-479a-9a01-d5fa6d5cdd8e,457f573f-1a6c-4b6a-b42d-19e311fc955c,1791482743435,1791482745258,1791482745258,1,
e1cf12cd-f296-4a5e-ba1a-d72357d52ac1,PROVIDER,1000,DigitalTwinRegistryId@BPNL00000003AYRE,83673ffd-c48c-429a-b6c6-7e8dac70b874,f4abc6d4-0a6f-41a4-a4c0-c7e2ecabeb1c,1791482743438,1791482745269,1791482745269,1,
1ec7e863-622d-47e0-9c33-4784225c7214,PROVIDER,1000,itemstocksubmodel-api-asset@BPNL00000003AYRE,0ef26eaf-3d7c-479a-9a01-d5fa6d5cdd8e,d12ea80d-b398-47c9-aea2-4acd2438e590,1791482744453,1791482746543,1791482746543,1,
733cf5b7-a445-4298-a429-2274036b4434,PROVIDER,1000,DigitalTwinRegistryId@BPNL00000003AYRE,83673ffd-c48c-429a-b6c6-7e8dac70b874,0426f056-6eff-4424-b3b1-370f6a9f9a8a,1791482745635,1791482749215,1791482749215,1,
53a295f5-4d18-4087-be14-b5a1bc280575,PROVIDER,1000,DigitalTwinRegistryId@BPNL00000003AYRE,83673ffd-c48c-429a-b6c6-7e8dac70b874,47fdbb3b-2059-4b60-9fb8-b352931ff74c,1791482746771,1791482749226,1791482749226,1,
a7a97d86-6c25-4f26-b6d3-bf700b347451,PROVIDER,1000,itemstocksubmodel-api-asset@BPNL00000003AYRE,0ef26eaf-3d7c-479a-9a01-d5fa6d5cdd8e,34c499d1-ac4e-450e-b434-0ed80e63c8b2,1791482747889,1791482750526,1791482750526,1,
029b09b7-4d6b-4b01-9487-cb6a2f90b3a0,PROVIDER,1000,itemstocksubmodel-api-asset@BPNL00000003AYRE,0ef26eaf-3d7c-479a-9a01-d5fa6d5cdd8e,a1df3374-d0f8-481b-be41-84b60abb81ca,1791482748206,1791482750515,1791482750515,1,
cc8679d2-94f0-4e5c-b7c1-afff9bebc6a8,PROVIDER,1000,DigitalTwinRegistryId@BPNL00000003AYRE,83673ffd-c48c-429a-b6c6-7e8dac70b874,0af051e6-d933-43c0-b41a-9f7f5a2210a7,1791482749462,1791482751866,1791482751866,1,
8b8f6f52-f669-4e31-bdcd-4705f84a1830,PROVIDER,1000,itemstocksubmodel-api-asset@BPNL00000003AYRE,0ef26eaf-3d7c-479a-9a01-d5fa6d5cdd8e,248499f9-fc24-4a08-86e8-be83f1d9fd05,1791482750700,1791482754331,1791482754331,1,
7be52f5f-7a96-42b2-ad89-8d15485cc68d,PROVIDER,1000,DigitalTwinRegistryId@BPNL00000003AYRE,83673ffd-c48c-429a-b6c6-7e8dac70b874,218a3259-1a9a-48e3-9c10-d19ec2f31de5,1791482750718,1791482754321,1791482754321,1,
d8ba6046-e032-45e1-bd05-a4a7861615ad,PROVIDER,1000,itemstocksubmodel-api-asset@BPNL00000003AYRE,0ef26eaf-3d7c-479a-9a01-d5fa6d5cdd8e,b052127d-1f6a-49a5-8792-4d2de0a88df7,1791482753312,1791482756645,1791482756645,1,
1885f3e3-a0ac-4f2f-8207-b3ff188e5496,PROVIDER,1000,DigitalTwinRegistryId@BPNL00000003AYRE,83673ffd-c48c-429a-b6c6-7e8dac70b874,f13fc3f1-058d-4e68-935a-980e508b94cd,1791482753326,1791482756747,1791482756747,1,
5b74277f-2daa-4ba9-9db7-7e5c90f0525f,PROVIDER,1000,itemstocksubmodel-api-asset@BPNL00000003AYRE,0ef26eaf-3d7c-479a-9a01-d5fa6d5cdd8e,841c1614-5d49-4e1d-a32c-91254ab3178f,1791482754656,1791482757972,1791482757972,1,
3040ac4d-2ef3-4a8c-b0ba-49852405d311,PROVIDER,1000,DigitalTwinRegistryId@BPNL00000003AYRE,83673ffd-c48c-429a-b6c6-7e8dac70b874,9fe97b87-437b-4a25-ad5b-83276f00d859,1791482754835,1791482757983,1791482757983,1,
c9808e8c-9481-48ee-be87-67c422db62fc,PROVIDER,1000,itemstocksubmodel-api-asset@BPNL00000003AYRE,0ef26eaf-3d7c-479a-9a01-d5fa6d5cdd8e,ea77c29b-de6a-4059-9cf7-97425c292acd,1791482756037,1791482759245,1791482759245,1,
3be4794a-3399-4ce7-b587-cc7673569448,PROVIDER,1000,DigitalTwinRegistryId@BPNL00000003AYRE,83673ffd-c48c-429a-b6c6-7e8dac70b874,7216fded-dacc-44c2-9bdf-997c91478bb8,1791482757234,1791482760665,1791482760665,1,
7d6cd868-817c-41ff-95ae-87e5da7ff87d,PROVIDER,1000,itemstocksubmodel-api-asset@BPNL00000003AYRE,0ef26eaf-3d7c-479a-9a01-d5fa6d5cdd8e,0b816435-f63a-430a-a28e-2351efc47ba4,1791482759444,1791482762148,1791482762148,1,
e9e081f4-6aa1-47e7-ae69-c719ceeadc7b,PROVIDER,1000,DigitalTwinRegistryId@BPNL00000003AYRE,83673ffd-c48c-429a-b6c6-7e8dac70b874,0c5b133b-b8e6-4caa-9b03-c6f75e35f21a,1791482759454,1791482762160,1791482762160,1,
6ed034c2-dbd8-4cc6-a8bf-38c531370ce0,PROVIDER,1000,DigitalTwinRegistryId@BPNL00000003AYRE,83673ffd-c48c-429a-b6c6-7e8dac70b874,f73edee2-19ae-462e-bb7f-b7ff671ffe8c,1791482760736,1791482764622,1791482764622,1,
bb4b8244-0961-48a2-a0d8-29988a3bbdba,PROVIDER,1000,itemstocksubmodel-api-asset@BPNL00000003AYRE,0ef26eaf-3d7c-479a-9a01-d5fa6d5cdd8e,d02fc81f-86c2-43c6-9dce-ae40a8d7c278,1791482761021,1791482764642,1791482764642,1,
3e3abf1c-66be-403d-9f35-bb8012e6a437,PROVIDER,1000,itemstocksubmodel-api-asset@BPNL00000003AYRE,0ef26eaf-3d7c-479a-9a01-d5fa6d5cdd8e,d4812441-e9f3-47ac-bbb5-31718d2c6f80,1791482763204,1791482766526,1791482766526,1,
5cdf2e09-3c0e-4ff1-bef6-dafbaf6d05f7,PROVIDER,1000,DigitalTwinRegistryId@BPNL00000003AYRE,83673ffd-c48c-429a-b6c6-7e8dac70b874,10d3036d-5cb2-4f20-9aa1-13750de6f7d9,1791482763212,1791482766535,1791482766535,1,
c85d136c-a4dc-424e-beee-a4b613e41af8,PROVIDER,1000,DigitalTwinRegistryId@BPNL00000003AYRE,83673ffd-c48c-429a-b6c6-7e8dac70b874,77eae53a-4a30-41f7-a7ae-c761f0e7b917,1791482765512,1791482769404,1791482769404,1,
ff75013c-15f4-43e2-b61c-487410a243c8,PROVIDER,1000,itemstocksubmodel-api-asset@BPNL00000003AYRE,0ef26eaf-3d7c-479a-9a01-d5fa6d5cdd8e,5dad219b-4aca-4f35-92d7-c99592636c4c,1791482765529,1791482767762,1791482767762,1,
09a8a32a-a291-4f6d-bea0-ba1009e1769b,PROVIDER,1000,DigitalTwinRegistryId@BPNL00000003AYRE,83673ffd-c48c-429a-b6c6-7e8dac70b874,ea28fd39-59c0-4ce6-b5d5-72fbbcf94169,1791482766776,1791482769420,1791482769420,1,
bd8269a0-ef96-48f4-be50-3da01b138c60,PROVIDER,1000,itemstocksubmodel-api-asset@BPNL00000003AYRE,0ef26eaf-3d7c-479a-9a01-d5fa6d5cdd8e,45f22fc2-a042-427c-acbc-1d28b6386e84,1791482768066,1791482769754,1791482769754,1,
d320a5f0-bb0d-429b-ab17-df258dbf1fb8,PROVIDER,1000,itemstocksubmodel-api-asset@BPNL00000003AYRE,0ef26eaf-3d7c-479a-9a01-d5fa6d5cdd8e,5800adb8-7f29-4e20-b986-77536b836634,1791482768078,1791482769767,1791482769767,1,
676824f9-d698-4062-9dc3-061aa2834967,PROVIDER,1000,DigitalTwinRegistryId@BPNL00000003AYRE,83673ffd-c48c-429a-b6c6-7e8dac70b874,ddd6b007-0b70-4c20-8706-245998a4f4e3,1791482769382,1791482771018,1791482771018,1,
236969da-c6e5-41e4-9ad8-a0fce51f8e27,PROVIDER,1000,itemstocksubmodel-api-asset@BPNL00000003AYRE,0ef26eaf-3d7c-479a-9a01-d5fa6d5cdd8e,fbc81cde-0334-43a6-8a3b-a76badb547ad,1791482770575,1791482772660,1791482772660,1,
28c3e54a-5e99-4ab4-b1b8-7bdbfa8d0732,PROVIDER,1000,DigitalTwinRegistryId@BPNL00000003AYRE,83673ffd-c48c-429a-b6c6-7e8dac70b874,43b13ba3-48ca-4323-9d51-f8f147a67633,1791482770782,1791482772781,1791482772781,1,
8e31ac94-41df-41c4-8826-aebddfc1e77a,PROVIDER,1000,itemstocksubmodel-api-asset@BPNL00000003AYRE,0ef26eaf-3d7c-479a-9a01-d5fa6d5cdd8e,d2729de6-181b-4f9f-a2d1-d1b60ca074bc,1791482772001,1791482773981,1791482773981,1,
70aa33bb-9533-4348-b8da-d01def65d11a,PROVIDER,1000,DigitalTwinRegistryId@BPNL00000003AYRE,83673ffd-c48c-429a-b6c6-7e8dac70b874,26f5df90-e463-4e09-b71b-683cf3d5b738,1791482773306,1791482775202,1791482775202,1,
7352538a-b7f0-4e17-8241-48fe01c20b2a,PROVIDER,1000,itemstocksubmodel-api-asset@BPNL00000003AYRE,0ef26eaf-3d7c-479a-9a01-d5fa6d5cdd8e,f1d37913-3bbe-43a0-a0a5-1de1fdf4b550,1791482774424,1791482776582,1791482776582,1,
89ee293f-217c-4676-ac96-f5d68d9b794d,PROVIDER,1000,DigitalTwinRegistryId@BPNL00000003AYRE,83673ffd-c48c-429a-b6c6-7e8dac70b874,c5ae9e2d-0813-4d96-9bcc-63d4195048c9,1791482775543,1791482777972,1791482777972,1,
2476739c-e0fd-4171-b0d0-9ca4390dd07c,PROVIDER,1000,DigitalTwinRegistryId@BPNL00000003AYRE,83673ffd-c48c-429a-b6c6-7e8dac70b874,a51870f1-cc1a-4205-9087-8335f53bc1bd,1791482776666,1791482779318,1791482779318,1,
c46f6ceb-9ef3-4f02-8155-c429959f2b4b,PROVIDER,1000,itemstocksubmodel-api-asset@BPNL00000003AYRE,0ef26eaf-3d7c-479a-9a01-d5fa6d5cdd8e,57a5dd0f-e9d4-435d-b692-70a7d9f5d2e3,1791482776907,1791482779308,1791482779308,1,
4d4c4999-44a6-4d05-950d-8b2dac81580e,PROVIDER,1000,itemstocksubmodel-api-asset@BPNL00000003AYRE,0ef26eaf-3d7c-479a-9a01-d5fa6d5cdd8e,3f7c5f50-cc05-4213-a1ad-272022920371,1791482778131,1791482780750,1791482780750,1,
fa501107-2b73-43a0-be81-df82cf6c7cac,PROVIDER,1000,DigitalTwinRegistryId@BPNL00000003AYRE,83673ffd-c48c-429a-b6c6-7e8dac70b874,6521a000-becf-43ee-919c-51cdf5902a1a,1791482779404,1791482782115,1791482782115,1,
b6b723b1-7820-4e62-9165-61321f8f8012,PROVIDER,1000,DigitalTwinRegistryId@BPNL00000003AYRE,83673ffd-c48c-429a-b6c6-7e8dac70b874,73889573-3ef0-4dbc-9890-3982e15a4b02,1791482781792,1791482784512,1791482784512,1,
0a2ba05c-f369-4e1f-8333-a4c4f40fd35d,PROVIDER,1000,itemstocksubmodel-api-asset@BPNL00000003AYRE,0ef26eaf-3d7c-479a-9a01-d5fa6d5cdd8e,f0376a12-a6a4-4778-ab15-b79032dc03bb,1791482781796,1791482784504,1791482784504,1,
dc936f3a-3d2a-47f5-9f02-8212c5aed7d7,PROVIDER,1000,DigitalTwinRegistryId@BPNL00000003AYRE,83673ffd-c48c-429a-b6c6-7e8dac70b874,9aaaa3a9-3afd-4a84-9543-970de34a82d4,1791482784098,1791482786666,1791482786666,1,
20a94fe8-af59-4b49-8dbc-9bba746c91a8,PROVIDER,1000,itemstocksubmodel-api-asset@BPNL00000003AYRE,0ef26eaf-3d7c-479a-9a01-d5fa6d5cdd8e,89c657f4-dea8-4060-b151-1dba9be5d9b4,1791482784322,1791482786658,1791482786658,1,
a133f03f-5568-4ddc-a64f-d60d5c03f12a,PROVIDER,1000,itemstocksubmodel-api-asset@BPNL00000003AYRE,0ef26eaf-3d7c-479a-9a01-d5fa6d5cdd8e,45622e3e-14d8-4313-8b7e-e52ed5d3aa2b,1791482785581,1791482788114,1791482788114,1,
35c4bdfc-9d7b-42e5-9723-1c40c7d30e73,PROVIDER,1000,DigitalTwinRegistryId@BPNL00000003AYRE,83673ffd-c48c-429a-b6c6-7e8dac70b874,137a3ed2-e67a-42b0-8c46-256e4202c210,1791482785643,1791482788125,1791482788125,1,
b7d51035-9c3b-477d-8f0f-48f4b2aac24d,PROVIDER,1000,DigitalTwinRegistryId@BPNL00000003AYRE,83673ffd-c48c-429a-b6c6-7e8dac70b874,e2c72dd9-9618-4e91-a04b-4402680d3af7,1791482786789,1791482789534,1791482789534,1,
c43b9924-6156-49f2-8ed4-5d5a6387277c,PROVIDER,1000,itemstocksubmodel-api-asset@BPNL00000003AYRE,0ef26eaf-3d7c-479a-9a01-d5fa6d5cdd8e,0ed64873-d4a4-4496-a57f-1361c62866a9,1791482787238,1791482789546,1791482789546,1,
4a09527c-b2e2-49df-86f3-61febaf4fdb4,PROVIDER,1000,itemstocksubmodel-api-asset@BPNL00000003AYRE,0ef26eaf-3d7c-479a-9a01-d5fa6d5cdd8e,8c637e5a-2ecb-4f61-a310-7416a6683e33,1791482788286,1791482789734,1791482789734,1,
fd80d826-3271-4656-bbd7-c2b394cad639,PROVIDER,1000,DigitalTwinRegistryId@BPNL00000003AYRE,83673ffd-c48c-429a-b6c6-7e8dac70b874,1f84483f-462d-44a8-ac6f-effe69af277b,1791482789462,1791482791145,1791482791145,1,
6e59007f-95d0-4aa1-8d23-0d35111a1b96,PROVIDER,1000,itemstocksubmodel-api-asset@BPNL00000003AYRE,0ef26eaf-3d7c-479a-9a01-d5fa6d5cdd8e,9ddf2566-a458-4cc2-a1f7-a0a2cc027aae,1791482790666,1791482792436,1791482792436,1,
3ca3834c-add0-4e14-ad38-357831f48a9a,PROVIDER,1000,DigitalTwinRegistryId@BPNL00000003AYRE,83673ffd-c48c-429a-b6c6-7e8dac70b874,887ba911-8df2-450f-8798-7495c00c1dc9,1791482790679,1791482792448,1791482792448,1,
e40a58c8-11d4-4f04-8bcd-c4a749830ce0,PROVIDER,1000,itemstocksubmodel-api-asset@BPNL00000003AYRE,0ef26eaf-3d7c-479a-9a01-d5fa6d5cdd8e,178f9723-03d9-49b7-aab9-ec9f0d4ab2b0,1791482791943,1791482793708,1791482793708,1,
bdaba629-56b9-4e81-a904-ad8f8ba02c83,PROVIDER,1000,DigitalTwinRegistryId@BPNL00000003AYRE,83673ffd-c48c-429a-b6c6-7e8dac70b874,acb9aea8-1e55-4f77-8e49-87fd04e42b50,1791482793131,1791482795042,1791482795042,1,
3b95010f-1a0a-4818-9b40-2f55a95fa1f7,PROVIDER,1000,itemstocksubmodel-api-asset@BPNL00000003AYRE,0ef26eaf-3d7c-479a-9a01-d5fa6d5cdd8e,c0f4ec4b-baa2-4632-963b-6b04daee5d94,1791482794355,1791482796279,1791482796279,1,
8b9f3a1b-effb-4f9a-aa73-cfbaa0662c46,PROVIDER,1000,DigitalTwinRegistryId@BPNL00000003AYRE,83673ffd-c48c-429a-b6c6-7e8dac70b874,3e60e0de-b9d9-495f-8d40-bdbecc04d96d,1791482795534,1791482799056,1791482799056,1,
0c13200a-8e17-4010-ac96-d8f3c827726c,PROVIDER,1000,DigitalTwinRegistryId@BPNL00000003AYRE,83673ffd-c48c-429a-b6c6-7e8dac70b874,c8987202-9b50-49f9-bdce-7ade60bc0874,1791482796675,1791482799067,1791482799067,1,
9c617982-e651-4ed5-b3f6-230849660a23,PROVIDER,1000,itemstocksubmodel-api-asset@BPNL00000003AYRE,0ef26eaf-3d7c-479a-9a01-d5fa6d5cdd8e,b55df9ea-e8fa-47ec-9a3f-9779edb3d7f4,1791482797792,1791482800449,1791482800449,1,
b4845698-38a7-4dbc-9575-8f74a2d717f0,PROVIDER,1000,itemstocksubmodel-api-asset@BPNL00000003AYRE,0ef26eaf-3d7c-479a-9a01-d5fa6d5cdd8e,78054acb-ef9c-4df1-b25a-30e66dc540bb,1791482798025,1791482800438,1791482800438,1,
605334bf-2ea9-4843-b5ad-61737e049bd9,PROVIDER,1000,DigitalTwinRegistryId@BPNL00000003AYRE,83673ffd-c48c-429a-b6c6-7e8dac70b874,a4167eae-c12b-478c-95c1-86b5e0685f68,1791482799162,1791482801850,1791482801850,1,
9f851374-55bc-4fb2-9e09-810c2084fc1e,PROVIDER,1000,itemstocksubmodel-api-asset@BPNL00000003AYRE,0ef26eaf-3d7c-479a-9a01-d5fa6d5cdd8e,5f02efd0-19d2-4df4-80b8-8a724aade6b4,1791482801431,1791482804346,1791482804346,1,
bd8f6296-afc2-435d-b5ab-15922e895334,PROVIDER,1000,DigitalTwinRegistryId@BPNL00000003AYRE,83673ffd-c48c-429a-b6c6-7e8dac70b874,665457c9-6f68-48ce-8578-db73ecb6c74e,1791482801448,1791482804329,1791482804329,1,
acbcdad6-8374-47c9-af6e-e92316e7464c,PROVIDER,1000,itemstocksubmodel-api-asset@BPNL00000003AYRE,0ef26eaf-3d7c-479a-9a01-d5fa6d5cdd8e,a6727c9a-f19d-4822-817e-4f237023f96a,1791482803315,1791482806274,1791482806274,1,
40264a6d-637f-4fbb-9d72-7ca9cd8295c1,PROVIDER,1000,DigitalTwinRegistryId@BPNL00000003AYRE,83673ffd-c48c-429a-b6c6-7e8dac70b874,3e2decae-78a5-40fb-ad4b-c0695e0216b8,1791482803333,1791482806284,1791482806284,1,
0a2d2ef9-2ad3-4f83-8e12-f39b50e42c9a,PROVIDER,1000,itemstocksubmodel-api-asset@BPNL00000003AYRE,0ef26eaf-3d7c-479a-9a01-d5fa6d5cdd8e,ac22b538-65bb-4a81-bc6e-4d3020879db1,1791482804614,1791482806400,1791482806400,1,
8277bc05-3fe3-4bcd-a411-feefb1e2ed5e,PROVIDER,1000,DigitalTwinRegistryId@BPNL00000003AYRE,83673ffd-c48c-429a-b6c6-7e8dac70b874,e2f904ea-4aee-44ec-9823-4fafe4a08954,1791482804761,1791482807978,1791482807978,1,
002eb8e0-5d58-482d-a3ca-86655ae4f6ec,PROVIDER,1000,itemstocksubmodel-api-asset@BPNL00000003AYRE,0ef26eaf-3d7c-479a-9a01-d5fa6d5cdd8e,a76cd736-7984-4f6d-ba18-12302b041db5,1791482807019,1791482809299,1791482809299,1,
249d049b-b256-47c2-bd79-1256a9576458,PROVIDER,1000,DigitalTwinRegistryId@BPNL00000003AYRE,83673ffd-c48c-429a-b6c6-7e8dac70b874,b006e005-5c94-48da-998a-0781bf89cc8b,1791482807044,1791482809312,1791482809312,1,
39813467-52c5-462a-8a17-f433428f0b06,PROVIDER,1000,itemstocksubmodel-api-asset@BPNL00000003AYRE,0ef26eaf-3d7c-479a-9a01-d5fa6d5cdd8e,d5626c71-a7b1-4e5d-aacf-f6c6a7dada68,1791482808232,1791482810544,1791482810544,1,
1888d0d7-7de3-4e96-ae00-57853a01210a,PROVIDER,1000,DigitalTwinRegistryId@BPNL00000003AYRE,83673ffd-c48c-429a-b6c6-7e8dac70b874,9c764bd5-1f10-4f0a-af2f-3d7b23e3aab9,1791482809376,1791482813025,1791482813025,1,
08e25b6f-6b5d-44c0-8f18-1dfed9bc840a,PROVIDER,1000,DigitalTwinRegistryId@BPNL00000003AYRE,83673ffd-c48c-429a-b6c6-7e8dac70b874,f7f5326a-aead-471d-bb3f-d957f9d096d9,1791482812011,1791482814478,1791482814478,1,
2d3a465b-7322-43f6-aeae-cab1d9360d1d,PROVIDER,1000,itemstocksubmodel-api-asset@BPNL00000003AYRE,0ef26eaf-3d7c-479a-9a01-d5fa6d5cdd8e,d0a98441-ea85-4d2a-8d49-00a089e5c04c,1791482812026,1791482814467,1791482814467,1,
8339a888-1526-4de7-8242-1f0417f9ca80,PROVIDER,1000,DigitalTwinRegistryId@BPNL00000003AYRE,83673ffd-c48c-429a-b6c6-7e8dac70b874,3a1855d3-b398-43af-a41b-99a3ab22043e,1791482813298,1791482816805,1791482816805,1,
09f4d194-672c-4b18-9550-f13b398c3ecd,PROVIDER,1000,itemstocksubmodel-api-asset@BPNL00000003AYRE,0ef26eaf-3d7c-479a-9a01-d5fa6d5cdd8e,96755792-0b18-4853-b135-a3caa1649384,1791482813614,1791482816733,1791482816733,1,
9bc1f1b7-3f94-47ca-b36f-edc6a76baa19,PROVIDER,1000,itemstocksubmodel-api-asset@BPNL00000003AYRE,0ef26eaf-3d7c-479a-9a01-d5fa6d5cdd8e,4b14c3a4-89fd-4959-aec9-4d5672f6112b,1791482814819,1791482818861,1791482818861,1,
56e5f755-14ee-41ba-a4a5-e03491867feb,PROVIDER,1000,DigitalTwinRegistryId@BPNL00000003AYRE,83673ffd-c48c-429a-b6c6-7e8dac70b874,3afe6e3d-beab-4b2f-8fc2-9dba23f924b6,1791482814830,1791482818870,1791482818870,1,
304da675-34f4-4fda-877d-e20069817797,PROVIDER,1000,itemstocksubmodel-api-asset@BPNL00000003AYRE,0ef26eaf-3d7c-479a-9a01-d5fa6d5cdd8e,91a6b33a-c4ab-431e-b326-afaf67b5dd3d,1791482817136,1791482820137,1791482820137,1,
a2568474-a182-4052-b873-dc0384d8fe89,PROVIDER,1000,DigitalTwinRegistryId@BPNL00000003AYRE,83673ffd-c48c-429a-b6c6-7e8dac70b874,fb9b9939-ae89-4f59-aada-733a380e8612,1791482817149,1791482821707,1791482821707,1,
115af553-39c6-44a1-b481-790f388d1549,PROVIDER,1000,DigitalTwinRegistryId@BPNL00000003AYRE,83673ffd-c48c-429a-b6c6-7e8dac70b874,fe67b2b9-008b-4406-bc06-f25bc42d7fd7,1791482818804,1791482821699,1791482821699,1,
13e13b72-f005-492a-914f-4c5bd3006c41,PROVIDER,1000,itemstocksubmodel-api-asset@BPNL00000003AYRE,0ef26eaf-3d7c-479a-9a01-d5fa6d5cdd8e,955d49ef-42a5-42b1-8ed2-fe49692c4d48,1791482820347,1791482822982,1791482822982,1,
72b120f1-c76d-4d68-ba9f-a9136a22a739,PROVIDER,1000,itemstocksubmodel-api-asset@BPNL00000003AYRE,0ef26eaf-3d7c-479a-9a01-d5fa6d5cdd8e,9ad450d5-fa2f-40d6-8bf6-a10b1e8b9bf8,1791482820391,1791482822994,1791482822994,1,
908f88c3-f444-4827-a3e6-928642e0e4a8,PROVIDER,1000,DigitalTwinRegistryId@BPNL00000003AYRE,83673ffd-c48c-429a-b6c6-7e8dac70b874,0add691e-93bc-4442-9753-0accc559d236,1791482822130,1791482824364,1791482824364,1,
8a4e5bdb-1daa-4caa-8908-dd6d164a24e7,PROVIDER,1000,DigitalTwinRegistryId@BPNL00000003AYRE,83673ffd-c48c-429a-b6c6-7e8dac70b874,c5c7d6d5-71fc-481d-a8fa-d0b91abc3a1e,1791482823480,1791482826850,1791482826850,1,
dabe24b6-466f-4fff-bcd0-6e6bd63e2e98,PROVIDER,1000,itemstocksubmodel-api-asset@BPNL00000003AYRE,0ef26eaf-3d7c-479a-9a01-d5fa6d5cdd8e,1ae83ece-7e81-4c7f-b51b-fd654e04ae27,1791482823491,1791482826859,1791482826859,1,
5d3d42cf-3f2a-4d74-b6aa-06ca3858f7df,PROVIDER,1000,itemstocksubmodel-api-asset@BPNL00000003AYRE,0ef26eaf-3d7c-479a-9a01-d5fa6d5cdd8e,367fa91c-4d45-4e1f-b237-3ec362c2fdfa,1791482824705,1791482827245,1791482827245,1,
eea552ca-aca9-4201-9afa-72fc060c67f9,PROVIDER,1000,DigitalTwinRegistryId@BPNL00000003AYRE,83673ffd-c48c-429a-b6c6-7e8dac70b874,8a211157-563f-4810-9737-48ae47960d3a,1791482824720,1791482827434,1791482827434,1,
7ac63380-e8a3-4ba6-8b82-02d9a82859e6,PROVIDER,1000,itemstocksubmodel-api-asset@BPNL00000003AYRE,0ef26eaf-3d7c-479a-9a01-d5fa6d5cdd8e,b3098cbb-0c9f-41e8-8620-8882907609dc,1791482826104,1791482827957,1791482827957,1,
c02ee69b-2792-4c1d-9a9e-0e8c2e60e2f4,PROVIDER,1000,DigitalTwinRegistryId@BPNL00000003AYRE,83673ffd-c48c-429a-b6c6-7e8dac70b874,425172d8-4660-4753-a52f-f9d10599742d,1791482827334,1791482829197,1791482829197,1,
b04f80ed-0fa5-44c0-93a6-a3dc9c755ab3,PROVIDER,1000,itemstocksubmodel-api-asset@BPNL00000003AYRE,0ef26eaf-3d7c-479a-9a01-d5fa6d5cdd8e,99f60a67-a7c4-45ee-9cf7-339c68d06513,1791482828350,1791482830467,1791482830467,1,
d5123c89-5f73-42c0-ac12-d6655d4fcce1,PROVIDER,1000,DigitalTwinRegistryId@BPNL00000003AYRE,83673ffd-c48c-429a-b6c6-7e8dac70b874,1c2570c2-8122-4800-88c2-a29a5654eee2,1791482829479,1791482831965,1791482831965,1,
e07efec0-489f-45ad-92bb-e43935b9e729,PROVIDER,1000,itemstocksubmodel-api-asset@BPNL00000003AYRE,0ef26eaf-3d7c-479a-9a01-d5fa6d5cdd8e,6b9409c7-5899-4d57-b557-77aa0087bb2f,1791482830720,1791482834456,1791482834456,1,
8145aba7-80a3-498a-8069-38d66a9f8502,PROVIDER,1000,DigitalTwinRegistryId@BPNL00000003AYRE,83673ffd-c48c-429a-b6c6-7e8dac70b874,bf718fec-8780-4c8a-8df8-151cd04f800a,1791482830738,1791482834464,1791482834464,1,
f2e5d2d8-6d57-44e7-8ee0-bee71c2a87e2,PROVIDER,1000,itemstocksubmodel-api-asset@BPNL00000003AYRE,0ef26eaf-3d7c-479a-9a01-d5fa6d5cdd8e,4a2542b4-ff12-4cd8-aaf1-1d0319b1ea57,1791482833481,1791482836473,1791482836473,1,
e7a906df-b1b7-4eb6-8506-1dfea33d3f09,PROVIDER,1000,DigitalTwinRegistryId@BPNL00000003AYRE,83673ffd-c48c-429a-b6c6-7e8dac70b874,79f07438-4bd6-4084-a219-ed40e55da76d,1791482833491,1791482836482,1791482836482,1,
c8c05f84-c197-49fb-91dd-03167fd7e962,PROVIDER,1000,itemstocksubmodel-api-asset@BPNL00000003AYRE,0ef26eaf-3d7c-479a-9a01-d5fa6d5cdd8e,84374d65-ba12-497d-81e9-3e59a51bd873,1791482834818,1791482838154,1791482838154,1,
0d3d2bb1-08be-4983-a197-b623cd76322d,PROVIDER,1000,DigitalTwinRegistryId@BPNL00000003AYRE,83673ffd-c48c-429a-b6c6-7e8dac70b874,11768315-9e4e-4b78-b63d-7311a8ee6cd9,1791482834825,1791482838169,1791482838169,1,
4c74c62e-e212-42ec-9be3-b50db76b406a,PROVIDER,1000,itemstocksubmodel-api-asset@BPNL00000003AYRE,0ef26eaf-3d7c-479a-9a01-d5fa6d5cdd8e,b0c5afb2-4107-4b27-a0c8-5946083ba5c4,1791482837040,1791482839652,1791482839652,1,
51491956-2f3c-4dff-b1c4-a55ccbfb0b99,PROVIDER,1000,DigitalTwinRegistryId@BPNL00000003AYRE,83673ffd-c48c-429a-b6c6-7e8dac70b874,f6c135f9-3b46-433f-b3e7-8705ddd39573,1791482837132,1791482839662,1791482839662,1,
9a63c053-3df7-4132-9038-c60935a16364,PROVIDER,1000,itemstocksubmodel-api-asset@BPNL00000003AYRE,0ef26eaf-3d7c-479a-9a01-d5fa6d5cdd8e,b4d338be-ce61-415b-9075-8b57845a9968,1791482838368,1791482839859,1791482839859,1,
fd269f6f-f7c1-4adb-8368-ecc9f6407a63,PROVIDER,1000,DigitalTwinRegistryId@BPNL00000003AYRE,83673ffd-c48c-429a-b6c6-7e8dac70b874,5089c298-7318-497e-8589-f20c6ed96d71,1791482839671,1791482841395,1791482841395,1,
98de060c-5cd3-4da0-b372-87a541e6b724,PROVIDER,1000,itemstocksubmodel-api-asset@BPNL00000003AYRE,0ef26eaf-3d7c-479a-9a01-d5fa6d5cdd8e,95237310-4997-49f2-be75-8560719cc9d5,1791482840841,1791482842756,1791482842756,1,
066fdfd0-8bcf-4f5e-8bdc-daf80bb97351,PROVIDER,1000,DigitalTwinRegistryId@BPNL00000003AYRE,83673ffd-c48c-429a-b6c6-7e8dac70b874,a54e290e-ccb8-4ec3-a1c1-076aafe38ecc,1791482840865,1791482842769,1791482842769,1,
081356e7-6a88-4949-a50b-d3924144c0a7,PROVIDER,1000,itemstocksubmodel-api-asset@BPNL00000003AYRE,0ef26eaf-3d7c-479a-9a01-d5fa6d5cdd8e,2a2ec81c-c076-4401-a10a-1059151617c5,1791482842124,1791482844057,1791482844057,1,
5283e11e-4c3d-4b5f-9b89-220f386ae522,PROVIDER,1000,DigitalTwinRegistryId@BPNL00000003AYRE,83673ffd-c48c-429a-b6c6-7e8dac70b874,ee2c165b-91cc-46ba-835a-7e4a08473aef,1791482843369,1791482845475,1791482845475,1,
5f7e2dfa-ec98-4ef1-99ec-ae6ae0f31723,PROVIDER,1000,itemstocksubmodel-api-asset@BPNL00000003AYRE,0ef26eaf-3d7c-479a-9a01-d5fa6d5cdd8e,43e63026-cc07-48da-b971-03b8eada3696,1791482844600,1791482846906,1791482846906,1,
278bef66-6421-49e4-914a-0766e115dd69,PROVIDER,1000,DigitalTwinRegistryId@BPNL00000003AYRE,83673ffd-c48c-429a-b6c6-7e8dac70b874,a3722491-8f03-4fa6-bbcd-ed88554b3d7c,1791482844729,1791482846894,1791482846894,1,
b6e3df2f-f525-42a9-8b65-a83140f054c0,PROVIDER,1000,itemstocksubmodel-api-asset@BPNL00000003AYRE,0ef26eaf-3d7c-479a-9a01-d5fa6d5cdd8e,8a0fc75b-f983-4158-ba96-cf4a4bfa49b1,1791482845940,1791482848246,1791482848246,1,
34e518aa-a9b1-4dc0-8c8c-207060d1bf43,PROVIDER,1000,DigitalTwinRegistryId@BPNL00000003AYRE,83673ffd-c48c-429a-b6c6-7e8dac70b874,e3327184-c3a8-450d-9407-4d99f9e6813f,1791482847043,1791482849673,1791482849673,1,
dd930028-fcea-47d9-bed8-50d6ac49d0be,PROVIDER,1000,itemstocksubmodel-api-asset@BPNL00000003AYRE,0ef26eaf-3d7c-479a-9a01-d5fa6d5cdd8e,5beaa865-01ff-47e5-a127-c211712e54bc,1791482849289,1791482851180,1791482851180,1,
67e76ec9-32de-4d3c-b6d7-38c77f0bdc9e,PROVIDER,1000,DigitalTwinRegistryId@BPNL00000003AYRE,83673ffd-c48c-429a-b6c6-7e8dac70b874,ac7b6c58-aaf9-4290-945b-21795bdf2a9d,1791482849320,1791482851564,1791482851564,1,
77cc28a4-52ec-4a99-8680-29fe180eddc9,PROVIDER,1000,itemstocksubmodel-api-asset@BPNL00000003AYRE,0ef26eaf-3d7c-479a-9a01-d5fa6d5cdd8e,7c316d25-76ab-43e0-90be-66d86f739755,1791482850827,1791482852923,1791482852923,1,
9981157f-799d-4707-8b91-4ea753a2fd7f,PROVIDER,1000,DigitalTwinRegistryId@BPNL00000003AYRE,83673ffd-c48c-429a-b6c6-7e8dac70b874,f537933b-764e-4973-a3ad-198cddd9763b,1791482850908,1791482852934,1791482852934,1,
739598a8-0191-41ce-8d17-34ff60f7d31f,PROVIDER,1000,itemstocksubmodel-api-asset@BPNL00000003AYRE,0ef26eaf-3d7c-479a-9a01-d5fa6d5cdd8e,63a2f45c-ee19-4440-bd95-34fa4f133e18,1791482852034,1791482854160,1791482854160,1,
64c656fc-f033-474e-a5c3-b250aec2cc5c,PROVIDER,1000,DigitalTwinRegistryId@BPNL00000003AYRE,83673ffd-c48c-429a-b6c6-7e8dac70b874,e35b5941-601c-4156-9adf-560599635f88,1791482853170,1791482855492,1791482855492,1,
6141230a-8490-452a-a5b2-b0886d00cf37,PROVIDER,1000,itemstocksubmodel-api-asset@BPNL00000003AYRE,0ef26eaf-3d7c-479a-9a01-d5fa6d5cdd8e,e523ff3c-d024-46ad-bc84-28190f99a91a,1791482854285,1791482857962,1791482857962,1,
397f3472-002b-4a07-89a5-085a7a1bff1c,PROVIDER,1000,DigitalTwinRegistryId@BPNL00000003AYRE,83673ffd-c48c-429a-b6c6-7e8dac70b874,454f1481-7148-43df-8b1d-633c45872bd7,1791482855535,1791482858651,1791482858651,1,
3e5481c1-1e20-4ee9-a9cc-f091f74656dd,PROVIDER,1000,DigitalTwinRegistryId@BPNL00000003AYRE,83673ffd-c48c-429a-b6c6-7e8dac70b874,a6b1c8f2-82d4-498e-86e6-fb23caefd27a,1791482856792,1791482858660,1791482858660,1,
a38556ad-a57c-4768-ab07-2c3abe54fef9,PROVIDER,1000,itemstocksubmodel-api-asset@BPNL00000003AYRE,0ef26eaf-3d7c-479a-9a01-d5fa6d5cdd8e,337731bd-a47f-487d-965c-311cb9e5c2b4,1791482857971,1791482860169,1791482860169,1,
a99b1356-de54-4e01-a68d-daf755c300fa,PROVIDER,1000,itemstocksubmodel-api-asset@BPNL00000003AYRE,0ef26eaf-3d7c-479a-9a01-d5fa6d5cdd8e,eac51090-f4b5-4f00-85fd-0ede33592ca5,1791482858153,1791482860185,1791482860185,1,
9a586ce0-31e9-44b2-9c51-db0cc468fbaa,PROVIDER,1000,DigitalTwinRegistryId@BPNL00000003AYRE,83673ffd-c48c-429a-b6c6-7e8dac70b874,0c5540d4-31ce-4824-b719-b222e5187bd7,1791482859335,1791482861408,1791482861408,1,
e70ff552-5197-4b74-a0a9-cb1ca0f4b4b2,PROVIDER,1000,itemstocksubmodel-api-asset@BPNL00000003AYRE,0ef26eaf-3d7c-479a-9a01-d5fa6d5cdd8e,db1454da-f155-47e9-be35-2b5d06a04411,1791482860480,1791482862710,1791482862710,1,
83a9263e-07f9-4521-9739-7904b18f050a,PROVIDER,1000,DigitalTwinRegistryId@BPNL00000003AYRE,83673ffd-c48c-429a-b6c6-7e8dac70b874,5831eab3-8110-4dd0-b421-8f95190501a6,1791482862028,1791482864432,1791482864432,1,
6b620490-fdaf-4517-ac10-87049f90b88b,PROVIDER,1000,DigitalTwinRegistryId@BPNL00000003AYRE,83673ffd-c48c-429a-b6c6-7e8dac70b874,fad533ba-acce-4593-ab05-5a6b0dedd70b,1791482863284,1791482866277,1791482866277,1,
5a58cf6b-282c-43f1-ad1e-03bbd4526f09,PROVIDER,1000,DigitalTwinRegistryId@BPNL00000003AYRE,83673ffd-c48c-429a-b6c6-7e8dac70b874,4b9f51ae-a613-4844-b9fe-ecf33d53c88d,1791482863336,1791482866296,1791482866296,1,
982cfeec-7a7e-47e5-aa94-203209eb9abe,PROVIDER,1000,itemstocksubmodel-api-asset@BPNL00000003AYRE,0ef26eaf-3d7c-479a-9a01-d5fa6d5cdd8e,98fe2085-8009-49bc-8b5c-2cf201a3051a,1791482863348,1791482866287,1791482866287,1,
9802dca0-9684-4623-9109-5917abdf1cee,PROVIDER,1000,DigitalTwinRegistryId@BPNL00000003AYRE,83673ffd-c48c-429a-b6c6-7e8dac70b874,f6dcab2e-770c-4f9d-84a2-43a5f1efadea,1791482864514,1791482868104,1791482868104,1,
cb32ad6b-a313-4dc5-a18d-a093c7aedd0b,PROVIDER,1000,itemstocksubmodel-api-asset@BPNL00000003AYRE,0ef26eaf-3d7c-479a-9a01-d5fa6d5cdd8e,c58e47c3-99df-4d07-bf24-e5ab736dda1a,1791482864522,1791482868081,1791482868081,1,
5038cdb8-8640-4112-9556-e0d44d1e9e76,PROVIDER,1000,itemstocksubmodel-api-asset@BPNL00000003AYRE,0ef26eaf-3d7c-479a-9a01-d5fa6d5cdd8e,2844d4f7-a625-4a1a-9677-f4776e713ff3,1791482864655,1791482868114,1791482868114,1,
1daf0171-1ec7-4059-9c75-a03b16123374,PROVIDER,1000,DigitalTwinRegistryId@BPNL00000003AYRE,83673ffd-c48c-429a-b6c6-7e8dac70b874,31cd2a16-b8d5-46d1-b70a-afc57512b91f,1791482866929,1791482869559,1791482869559,1,
91532daf-a732-4876-b01b-993b01d4cf24,PROVIDER,1000,itemstocksubmodel-api-asset@BPNL00000003AYRE,0ef26eaf-3d7c-479a-9a01-d5fa6d5cdd8e,66665472-3c1e-4a92-b622-4b6e3dbbd08d,1791482866937,1791482869548,1791482869548,1,
74b062e6-3d01-463b-929a-bcd9b47b9254,PROVIDER,1000,DigitalTwinRegistryId@BPNL00000003AYRE,83673ffd-c48c-429a-b6c6-7e8dac70b874,51ca7505-75cb-4367-a310-d73b7b1bd796,1791482868305,1791482871276,1791482871276,1,
33af0fcd-6b8b-418d-ba4e-2cfd1eda6ae1,PROVIDER,1000,itemstocksubmodel-api-asset@BPNL00000003AYRE,0ef26eaf-3d7c-479a-9a01-d5fa6d5cdd8e,0385ba4a-f781-4a52-b009-9434a3f2a0dc,1791482868316,1791482869783,1791482869783,1,
8867bef9-b7c4-4f67-9626-be2dc10ef947,PROVIDER,1000,DigitalTwinRegistryId@BPNL00000003AYRE,83673ffd-c48c-429a-b6c6-7e8dac70b874,1d0883d3-5539-4de2-93cf-366142bd04df,1791482869500,1791482871286,1791482871286,1,
b864d227-23d7-4e87-8c70-bb921f0a15a1,PROVIDER,1000,itemstocksubmodel-api-asset@BPNL00000003AYRE,0ef26eaf-3d7c-479a-9a01-d5fa6d5cdd8e,33a28439-a993-45f5-8dd5-2cbb0e696431,1791482870711,1791482872614,1791482872614,1,
f946a73d-e026-48f3-a53e-6294f1aaf3eb,PROVIDER,1000,itemstocksubmodel-api-asset@BPNL00000003AYRE,0ef26eaf-3d7c-479a-9a01-d5fa6d5cdd8e,9243f6d5-e463-48e0-ba06-ffb95b9ad4dc,1791482870721,1791482872627,1791482872627,1,
81cdd44d-2d46-41a2-b6f8-8678bedd0bab,PROVIDER,1000,DigitalTwinRegistryId@BPNL00000003AYRE,83673ffd-c48c-429a-b6c6-7e8dac70b874,51d059c1-3d06-4a38-bfba-a4d3e11bdcfb,1791482871928,1791482874042,1791482874042,1,
32abe028-b6d9-46e4-95e1-744f2f83974d,PROVIDER,1000,DigitalTwinRegistryId@BPNL00000003AYRE,83673ffd-c48c-429a-b6c6-7e8dac70b874,4f6568e7-d2bf-4654-9404-0d0f80f3475d,1791482873200,1791482875713,1791482875713,1,
9ccd862a-cc86-439a-a8c9-430377fc5eed,PROVIDER,1000,itemstocksubmodel-api-asset@BPNL00000003AYRE,0ef26eaf-3d7c-479a-9a01-d5fa6d5cdd8e,b4239a78-e53f-43ee-8e51-6c1aaf9db41f,1791482873211,1791482875667,1791482875667,1,
cd0497da-d574-4225-8ca1-08c892287dec,PROVIDER,1000,itemstocksubmodel-api-asset@BPNL00000003AYRE,0ef26eaf-3d7c-479a-9a01-d5fa6d5cdd8e,a2987d02-5787-4d99-aeae-2f774fa96ab3,1791482874783,1791482878066,1791482878066,1,
1ede26fa-ce48-4844-aeed-ff6ecafc1b27,PROVIDER,1000,DigitalTwinRegistryId@BPNL00000003AYRE,83673ffd-c48c-429a-b6c6-7e8dac70b874,6c143b08-8c35-4421-acd6-24ac9704bdad,1791482874806,1791482878055,1791482878055,1,
55a4d908-6aed-4799-8740-118d84e9a19d,PROVIDER,1000,itemstocksubmodel-api-asset@BPNL00000003AYRE,0ef26eaf-3d7c-479a-9a01-d5fa6d5cdd8e,3bb78b93-b425-42ef-b65f-701addec0e6d,1791482876050,1791482879547,1791482879547,1,
59f88cb7-3c74-4cf6-a95e-9e715e3200f6,PROVIDER,1000,DigitalTwinRegistryId@BPNL00000003AYRE,83673ffd-c48c-429a-b6c6-7e8dac70b874,e6d7b3e4-84e9-4663-b171-ad543cbf7099,1791482876234,1791482879562,1791482879562,1,
fa32ae0f-8676-4ebe-9213-fea884f80226,PROVIDER,1000,DigitalTwinRegistryId@BPNL00000003AYRE,83673ffd-c48c-429a-b6c6-7e8dac70b874,ca3e3b49-22b7-4347-be27-bcdd6b2ea659,1791482878281,1791482882033,1791482882033,1,
93d4968f-718f-4a02-aac4-f8020893954d,PROVIDER,1000,itemstocksubmodel-api-asset@BPNL00000003AYRE,0ef26eaf-3d7c-479a-9a01-d5fa6d5cdd8e,563bf67b-e333-4183-9713-85bcf496da20,1791482878303,1791482881046,1791482881046,1,
b9fddc61-8e3b-45e9-9f2d-8dfdb1498830,PROVIDER,1000,DigitalTwinRegistryId@BPNL00000003AYRE,83673ffd-c48c-429a-b6c6-7e8dac70b874,030d392b-0415-4ff1-89f3-868b27760daf,1791482879632,1791482882044,1791482882044,1,
7ff9b478-d393-4a9d-9ce8-0afa127d22d2,PROVIDER,1000,itemstocksubmodel-api-asset@BPNL00000003AYRE,0ef26eaf-3d7c-479a-9a01-d5fa6d5cdd8e,c30c1f7d-0693-400b-961e-17e7b9626c83,1791482880834,1791482883920,1791482883920,1,
b1c60e9e-30c7-4bd4-bce2-8dbf271dd5b0,PROVIDER,1000,DigitalTwinRegistryId@BPNL00000003AYRE,83673ffd-c48c-429a-b6c6-7e8dac70b874,f20ba6a9-81d8-4b0c-a8d3-9f3ddd8fccb5,1791482881064,1791482883932,1791482883932,1,
68fdf74e-8ddf-4aab-ae78-bc14cc82fc81,PROVIDER,1000,itemstocksubmodel-api-asset@BPNL00000003AYRE,0ef26eaf-3d7c-479a-9a01-d5fa6d5cdd8e,f24ac2ed-d86f-4421-bb86-75e96e820c3c,1791482881343,1791482883942,1791482883942,1,
0035b8fb-80fa-4430-9f41-441ab7bff5f5,PROVIDER,1000,itemstocksubmodel-api-asset@BPNL00000003AYRE,0ef26eaf-3d7c-479a-9a01-d5fa6d5cdd8e,cfb086d0-6e7f-4962-87f9-edf6a917f0a3,1791482882766,1791482885415,1791482885415,1,
c64d5070-3ea5-4d45-8631-4231b04925e6,PROVIDER,1000,DigitalTwinRegistryId@BPNL00000003AYRE,83673ffd-c48c-429a-b6c6-7e8dac70b874,09155191-2eb0-4990-b34e-43e7cf465cf2,1791482883361,1791482885425,1791482885425,1,
d01d3e66-987f-4450-b0d5-75f38fd1c0fa,PROVIDER,1000,itemstocksubmodel-api-asset@BPNL00000003AYRE,0ef26eaf-3d7c-479a-9a01-d5fa6d5cdd8e,0f335e0f-9d90-41cc-9b33-f21bee93b493,1791482884624,1791482886825,1791482886825,1,
cbd95762-ed04-477d-8349-686d7f40e53b,PROVIDER,1000,DigitalTwinRegistryId@BPNL00000003AYRE,83673ffd-c48c-429a-b6c6-7e8dac70b874,cdcd6c8b-c59e-4990-8991-b49bad9790b2,1791482884633,1791482886841,1791482886841,1,
bd45e8d1-2bbe-4ab0-b03f-de6c9de27e58,PROVIDER,1000,itemstocksubmodel-api-asset@BPNL00000003AYRE,0ef26eaf-3d7c-479a-9a01-d5fa6d5cdd8e,4f192011-732d-4b8b-af6d-175f82f3708b,1791482885939,1791482888106,1791482888106,1,
45b994ab-eae3-4a6f-8c64-b2491d9281db,PROVIDER,1000,DigitalTwinRegistryId@BPNL00000003AYRE,83673ffd-c48c-429a-b6c6-7e8dac70b874,c4d805e6-51f5-41d0-9a27-bde7226ed785,1791482887029,1791482889451,1791482889451,1,
e02822e9-5a7f-4585-8ec6-c3d32801a94c,PROVIDER,1000,DigitalTwinRegistryId@BPNL00000003AYRE,83673ffd-c48c-429a-b6c6-7e8dac70b874,98050455-5fc2-48f3-99a6-79cfdccd60a8,1791482888276,1791482891232,1791482891232,1,
813cf635-0cac-4e6d-ab9a-5f9104f01b8b,PROVIDER,1000,itemstocksubmodel-api-asset@BPNL00000003AYRE,0ef26eaf-3d7c-479a-9a01-d5fa6d5cdd8e,85ac76a6-2479-4eb0-b082-b3b3b726e357,1791482888420,1791482890913,1791482890913,1,
64cfb4a4-b0e8-47a5-a30a-0eb8b84dee78,PROVIDER,1000,DigitalTwinRegistryId@BPNL00000003AYRE,83673ffd-c48c-429a-b6c6-7e8dac70b874,70d21b99-b722-4d18-924b-a6a1bc795009,1791482889605,1791482892640,1791482892640,1,
9d804d07-fda2-4902-b029-81fb5e5d5570,PROVIDER,1000,itemstocksubmodel-api-asset@BPNL00000003AYRE,0ef26eaf-3d7c-479a-9a01-d5fa6d5cdd8e,afd234f3-b8fc-47a6-bc30-e486971aeff3,1791482890804,1791482892652,1791482892652,1,
0d896226-de55-4699-a9d3-3b860cb9e292,PROVIDER,1000,DigitalTwinRegistryId@BPNL00000003AYRE,83673ffd-c48c-429a-b6c6-7e8dac70b874,931bc7a7-aacd-4c3e-a6a2-f847abf0fef2,1791482892030,1791482894143,1791482894143,1,
b3b971f6-4d9b-4086-afe9-edcd3fe947f4,PROVIDER,1000,itemstocksubmodel-api-asset@BPNL00000003AYRE,0ef26eaf-3d7c-479a-9a01-d5fa6d5cdd8e,74268c86-9dfb-471c-9202-481318d07b1f,1791482892043,1791482894134,1791482894134,1,
10b9a271-51fe-4934-9c17-8f0f880ccc00,PROVIDER,1000,DigitalTwinRegistryId@BPNL00000003AYRE,83673ffd-c48c-429a-b6c6-7e8dac70b874,9ed85414-efd8-4ee0-8b49-2576f254e6c7,1791482893301,1791482895517,1791482895517,1,
38bdb1b6-4265-48b2-a4c5-169cf5a4b045,PROVIDER,1000,itemstocksubmodel-api-asset@BPNL00000003AYRE,0ef26eaf-3d7c-479a-9a01-d5fa6d5cdd8e,1f64c788-879f-4e2d-9361-3b261ef7ea7b,1791482893308,1791482895526,1791482895526,1,
5af42045-33d9-4413-ad36-ca54100580a6,PROVIDER,1000,itemstocksubmodel-api-asset@BPNL00000003AYRE,0ef26eaf-3d7c-479a-9a01-d5fa6d5cdd8e,9ee8d98e-90ce-4103-b294-031bdfef0e2f,1791482894475,1791482896859,1791482896859,1,
7779499d-758f-4f0f-b2ed-da68e20afc5d,PROVIDER,1000,DigitalTwinRegistryId@BPNL00000003AYRE,83673ffd-c48c-429a-b6c6-7e8dac70b874,70a4540d-703c-44eb-a6a6-ec3cf023c4b8,1791482894492,1791482896872,1791482896872,1,
bb7b0ca3-07cf-42dc-82eb-354a9c3b7bab,PROVIDER,1000,itemstocksubmodel-api-asset@BPNL00000003AYRE,0ef26eaf-3d7c-479a-9a01-d5fa6d5cdd8e,3f8aa31f-174d-481b-96e5-ed655f72e3e6,1791482895733,1791482898234,1791482898234,1,
18bd3d81-f07c-484d-ae3f-0f822d67f982,PROVIDER,1000,DigitalTwinRegistryId@BPNL00000003AYRE,83673ffd-c48c-429a-b6c6-7e8dac70b874,bd0f2943-34cb-42a0-a0c5-1e688912a712,1791482896889,1791482900913,1791482900913,1,
2a7fa887-906e-4d77-86c4-8f5547de9afa,PROVIDER,1000,DigitalTwinRegistryId@BPNL00000003AYRE,83673ffd-c48c-429a-b6c6-7e8dac70b874,353939f4-d6eb-4006-b54f-6fd559499384,1791482898078,1791482900925,1791482900925,1,
196d248f-36d0-4157-a0ca-1db674b490f9,PROVIDER,1000,itemstocksubmodel-api-asset@BPNL00000003AYRE,0ef26eaf-3d7c-479a-9a01-d5fa6d5cdd8e,a091b072-6e82-4258-af83-5655fb1bd7d1,1791482899466,1791482903585,1791482903585,1,
5f9cd19f-fa74-4106-b9df-97f9b7572b47,PROVIDER,1000,itemstocksubmodel-api-asset@BPNL00000003AYRE,0ef26eaf-3d7c-479a-9a01-d5fa6d5cdd8e,c909b2f9-f3f0-4b0f-8ee6-a6c9c2b3977d,1791482899492,1791482903595,1791482903595,1,
3daac84b-4bee-4eae-a44a-2184ed6ce408,PROVIDER,1000,DigitalTwinRegistryId@BPNL00000003AYRE,83673ffd-c48c-429a-b6c6-7e8dac70b874,f4356ba3-e776-413d-81cd-249f29aa4d45,1791482899504,1791482903604,1791482903604,1,
e23fa63c-fcf3-44d6-9dd1-ad7c440bfdcb,PROVIDER,1000,DigitalTwinRegistryId@BPNL00000003AYRE,83673ffd-c48c-429a-b6c6-7e8dac70b874,7a18ad8f-ce4f-42ca-ba27-b892b6fd43d4,1791482902068,1791482905483,1791482905483,1,
f94676cc-62bd-4628-8308-9869153a1894,PROVIDER,1000,itemstocksubmodel-api-asset@BPNL00000003AYRE,0ef26eaf-3d7c-479a-9a01-d5fa6d5cdd8e,7305329f-d542-478f-a1dc-ac1b02b4d489,1791482902079,1791482905533,1791482905533,1,
7e1b39c0-3cc9-41ca-8fcc-20fdecd29602,PROVIDER,1000,DigitalTwinRegistryId@BPNL00000003AYRE,83673ffd-c48c-429a-b6c6-7e8dac70b874,a4266cec-2c9c-4146-b909-1bb712edbbfc,1791482903342,1791482905549,1791482905549,1,
d6fc4dc0-cab5-4a22-a9f9-55cb159ec06e,PROVIDER,1000,itemstocksubmodel-api-asset@BPNL00000003AYRE,0ef26eaf-3d7c-479a-9a01-d5fa6d5cdd8e,e2cee996-ab18-4442-99e5-08ee0e948e84,1791482904306,1791482907952,1791482907952,1,
d8f1f36d-eeda-4380-aa59-eb54bc745de3,PROVIDER,1000,DigitalTwinRegistryId@BPNL00000003AYRE,83673ffd-c48c-429a-b6c6-7e8dac70b874,475d9180-2fca-4d70-81b3-16bd3b768317,1791482904564,1791482907943,1791482907943,1,
f10a8b29-72a9-4b98-8807-8446e0e29873,PROVIDER,1000,itemstocksubmodel-api-asset@BPNL00000003AYRE,0ef26eaf-3d7c-479a-9a01-d5fa6d5cdd8e,85318672-5673-4d4f-95a7-8f6cf13c37b2,1791482904576,1791482907914,1791482907914,1,
c903b356-ae2a-4624-926e-86cc69a08db8,PROVIDER,1000,itemstocksubmodel-api-asset@BPNL00000003AYRE,0ef26eaf-3d7c-479a-9a01-d5fa6d5cdd8e,7f6e6924-cec5-4c36-be18-2d8952744f83,1791482906135,1791482908104,1791482908104,1,
48a03f57-9ca8-4b8a-bdd0-80008dd415a4,PROVIDER,1000,DigitalTwinRegistryId@BPNL00000003AYRE,83673ffd-c48c-429a-b6c6-7e8dac70b874,9fd96913-67ed-4602-b622-8e35e86792b9,1791482906239,1791482909555,1791482909555,1,
3cef660a-8a9d-492c-bd54-be73f1bb3697,PROVIDER,1000,itemstocksubmodel-api-asset@BPNL00000003AYRE,0ef26eaf-3d7c-479a-9a01-d5fa6d5cdd8e,7cea86da-7232-45ed-ab87-9aba6bc4e480,1791482908483,1791482911082,1791482911082,1,
6d509da6-7427-4f91-ad13-0d36b45a4528,PROVIDER,1000,DigitalTwinRegistryId@BPNL00000003AYRE,83673ffd-c48c-429a-b6c6-7e8dac70b874,e6b50b66-5c74-4e69-aa7d-41ba99e67585,1791482908499,1791482911101,1791482911101,1,
a3bcba58-208c-4baa-a769-863328aaf43a,PROVIDER,1000,DigitalTwinRegistryId@BPNL00000003AYRE,83673ffd-c48c-429a-b6c6-7e8dac70b874,acbe2f71-4acf-4bf5-be3b-f7265623b2fd,1791482909690,1791482912611,1791482912611,1,
01fa8247-eb72-4995-9ae5-e953753a90aa,PROVIDER,1000,itemstocksubmodel-api-asset@BPNL00000003AYRE,0ef26eaf-3d7c-479a-9a01-d5fa6d5cdd8e,2f6c5c54-7535-4516-98a7-15b276632851,1791482909889,1791482912562,1791482912562,1,
3cbcfe01-7f3e-4c42-9768-ba451a9a07b8,PROVIDER,1000,DigitalTwinRegistryId@BPNL00000003AYRE,83673ffd-c48c-429a-b6c6-7e8dac70b874,5df0292f-8eef-442c-b66d-360fed5c6449,1791482911146,1791482913917,1791482913917,1,
943ca18a-0da7-4262-9a47-357d58c69b17,PROVIDER,1000,itemstocksubmodel-api-asset@BPNL00000003AYRE,0ef26eaf-3d7c-479a-9a01-d5fa6d5cdd8e,da5c910c-38e7-4601-9fb5-cc67659c4dc6,1791482911358,1791482913928,1791482913928,1,
d6075e3e-1881-4c64-aee0-bd7820ad38be,PROVIDER,1000,itemstocksubmodel-api-asset@BPNL00000003AYRE,0ef26eaf-3d7c-479a-9a01-d5fa6d5cdd8e,d76bffcc-bc6a-49a1-b877-83c3e7020ac1,1791482913862,1791482915707,1791482915707,1,
570705f4-76bf-4102-8e32-8d5462dd6074,PROVIDER,1000,DigitalTwinRegistryId@BPNL00000003AYRE,83673ffd-c48c-429a-b6c6-7e8dac70b874,b551c29d-adf0-4977-b7e8-6e55c9b645e6,1791482913880,1791482915749,1791482915749,1,
cc6b4386-e4d6-4f4a-bd4b-e290b9f2c50f,PROVIDER,1000,DigitalTwinRegistryId@BPNL00000003AYRE,83673ffd-c48c-429a-b6c6-7e8dac70b874,7ba249a9-c884-4a94-8e01-8155a479b7ae,1791482915107,1791482918261,1791482918261,1,
89a36388-1b7c-4ed2-9c18-77e72eed6b5f,PROVIDER,1000,itemstocksubmodel-api-asset@BPNL00000003AYRE,0ef26eaf-3d7c-479a-9a01-d5fa6d5cdd8e,95a88c58-a448-4245-b816-350b1a6009e1,1791482915126,1791482918271,1791482918271,1,
062119a1-c154-4049-88a5-671a5e7fe3a2,PROVIDER,1000,itemstocksubmodel-api-asset@BPNL00000003AYRE,0ef26eaf-3d7c-479a-9a01-d5fa6d5cdd8e,c9529872-c181-40d5-84fb-b846ff262b4f,1791482916630,1791482918775,1791482918775,1,
c623bb42-4230-486e-a781-ff8695e359b8,PROVIDER,1000,DigitalTwinRegistryId@BPNL00000003AYRE,83673ffd-c48c-429a-b6c6-7e8dac70b874,9d6d0cdc-7928-4d04-9ece-0b8647d1a851,1791482916645,1791482918762,1791482918762,1,
477e7d8b-25dc-4f07-a2e1-84ef35442aa5,PROVIDER,1000,DigitalTwinRegistryId@BPNL00000003AYRE,83673ffd-c48c-429a-b6c6-7e8dac70b874,27f1093a-2162-43dd-836a-70b6fb55409c,1791482917937,1791482920104,1791482920104,1,
4a192eee-eaa5-4daf-ae00-d50e8a0f32ad,PROVIDER,1000,itemstocksubmodel-api-asset@BPNL00000003AYRE,0ef26eaf-3d7c-479a-9a01-d5fa6d5cdd8e,1f6c8fea-59cb-42fe-ab7d-c8873e9e581f,1791482917945,1791482920114,1791482920114,1,
9e45f4fd-d653-4d92-9959-99666d7f0dfc,PROVIDER,1000,itemstocksubmodel-api-asset@BPNL00000003AYRE,0ef26eaf-3d7c-479a-9a01-d5fa6d5cdd8e,7d3e29d9-1c6e-436b-acc0-7fb0c5303f0f,1791482919084,1791482921504,1791482921504,1,
0f4c5929-6100-4b8a-a6fe-0f2f9992d584,PROVIDER,1000,DigitalTwinRegistryId@BPNL00000003AYRE,83673ffd-c48c-429a-b6c6-7e8dac70b874,05865056-d0a4-41b1-98fc-c6054aaafc20,1791482920364,1791482922887,1791482922887,1,
71d24f0e-4d79-4dbd-accd-4c97e58fab95,PROVIDER,1000,DigitalTwinRegistryId@BPNL00000003AYRE,83673ffd-c48c-429a-b6c6-7e8dac70b874,739dd702-ca88-4cf1-a023-6668527dd88e,1791482921533,1791482925450,1791482925450,1,
abc972e7-ccc0-467f-b41f-6016f82ceb40,PROVIDER,1000,itemstocksubmodel-api-asset@BPNL00000003AYRE,0ef26eaf-3d7c-479a-9a01-d5fa6d5cdd8e,193630b8-5a9f-476f-8475-86c73238d53b,1791482922328,1791482925464,1791482925464,1,
eade8741-9861-46d8-9c4c-0186e7872258,PROVIDER,1000,DigitalTwinRegistryId@BPNL00000003AYRE,83673ffd-c48c-429a-b6c6-7e8dac70b874,fb72b955-10dd-4052-9710-c432b5414f1c,1791482924275,1791482927546,1791482927546,1,
cf3798a0-42f0-4bab-8a99-ff826f5ff09a,PROVIDER,1000,itemstocksubmodel-api-asset@BPNL00000003AYRE,0ef26eaf-3d7c-479a-9a01-d5fa6d5cdd8e,03abb945-e4bb-45de-8a4c-ef79faa7e04f,1791482924320,1791482927535,1791482927535,1,
2d26d4a8-6ab5-496b-bc3c-e021dada1248,PROVIDER,1000,DigitalTwinRegistryId@BPNL00000003AYRE,83673ffd-c48c-429a-b6c6-7e8dac70b874,c75d2647-d22d-4c58-830e-eef5eea6b690,1791482924542,1791482927556,1791482927556,1,
59c75e68-59c3-4ca3-aaac-57db259b024f,PROVIDER,1000,itemstocksubmodel-api-asset@BPNL00000003AYRE,0ef26eaf-3d7c-479a-9a01-d5fa6d5cdd8e,70b837a5-33b5-4bd5-a06a-afd957c4ba6f,1791482925738,1791482929374,1791482929374,1,
179c1d81-e384-4130-a085-010c028f4047,PROVIDER,1000,itemstocksubmodel-api-asset@BPNL00000003AYRE,0ef26eaf-3d7c-479a-9a01-d5fa6d5cdd8e,2996123d-8633-4ebb-b4bb-5d71fbaa66a1,1791482925838,1791482929386,1791482929386,1,
9056a3a8-3f73-49f3-a5bb-082db12de41b,PROVIDER,1000,DigitalTwinRegistryId@BPNL00000003AYRE,83673ffd-c48c-429a-b6c6-7e8dac70b874,0684811a-7d6a-43fa-8392-aaecb6a38ee5,1791482926859,1791482929404,1791482929404,1,
dc530558-a5cc-4a48-8344-0a8071885c83,PROVIDER,1000,DigitalTwinRegistryId@BPNL00000003AYRE,83673ffd-c48c-429a-b6c6-7e8dac70b874,0290c002-bd52-4df7-862a-7b627cdfc199,1791482928072,1791482931041,1791482931041,1,
634b9af7-8696-4f10-8256-27d9318dba6a,PROVIDER,1000,itemstocksubmodel-api-asset@BPNL00000003AYRE,0ef26eaf-3d7c-479a-9a01-d5fa6d5cdd8e,0e2dcbbf-7cf1-4f66-a9a5-91036a499166,1791482928082,1791482930803,1791482930803,1,
e0403046-f51c-4d1d-8f60-82b0ae56a7a8,PROVIDER,1000,DigitalTwinRegistryId@BPNL00000003AYRE,83673ffd-c48c-429a-b6c6-7e8dac70b874,6df1c599-bdc6-4ed8-b8c9-7da47085c6e6,1791482929461,1791482932588,1791482932588,1,
89c0acc6-a932-4a33-b9d5-5ff73b857755,PROVIDER,1000,itemstocksubmodel-api-asset@BPNL00000003AYRE,0ef26eaf-3d7c-479a-9a01-d5fa6d5cdd8e,23679db3-edf2-4250-a34c-464adb5d1c8e,1791482929957,1791482932600,1791482932600,1,
5949883b-3b27-449d-b4d8-0e3ad593cee8,PROVIDER,1000,itemstocksubmodel-api-asset@BPNL00000003AYRE,0ef26eaf-3d7c-479a-9a01-d5fa6d5cdd8e,d72cd500-e9e5-4bfa-8355-23ece89c5764,1791482931234,1791482934313,1791482934313,1,
478c77e1-bc91-467a-bddc-79e953e70bc9,PROVIDER,1000,DigitalTwinRegistryId@BPNL00000003AYRE,83673ffd-c48c-429a-b6c6-7e8dac70b874,3ed1e3d4-bd03-48ff-8ef7-059c2f014054,1791482931242,1791482934322,1791482934322,1,
b8ecbcda-3fb5-4c98-82c4-8ca73f8ec478,PROVIDER,1000,DigitalTwinRegistryId@BPNL00000003AYRE,83673ffd-c48c-429a-b6c6-7e8dac70b874,54de4324-f31e-4c9f-a20a-440c21ea8e7b,1791482933568,1791482936143,1791482936143,1,
be51d4bd-ef3e-4fcb-81ae-5dca538226bc,PROVIDER,1000,itemstocksubmodel-api-asset@BPNL00000003AYRE,0ef26eaf-3d7c-479a-9a01-d5fa6d5cdd8e,09167247-595b-474d-9247-53380e7214ec,1791482933641,1791482936155,1791482936155,1,
e389ccfa-3e87-439e-a2ed-54ed748c3440,PROVIDER,1000,DigitalTwinRegistryId@BPNL00000003AYRE,83673ffd-c48c-429a-b6c6-7e8dac70b874,a2acc4bc-cd98-461a-8149-c4d20f27392e,1791482934809,1791482938122,1791482938122,1,
139c54b0-e5dd-434b-9982-d2ce4e37542d,PROVIDER,1000,itemstocksubmodel-api-asset@BPNL00000003AYRE,0ef26eaf-3d7c-479a-9a01-d5fa6d5cdd8e,b869ace0-6d6c-4438-9e1b-20eff31744f3,1791482934817,1791482938133,1791482938133,1,
3d9a3773-898e-46a5-8224-5a6ff9a760ee,PROVIDER,1000,itemstocksubmodel-api-asset@BPNL00000003AYRE,0ef26eaf-3d7c-479a-9a01-d5fa6d5cdd8e,efe1047b-3466-48f2-80d9-2cb647ed991b,1791482936336,1791482939572,1791482939572,1,
147c868d-8052-4228-b218-e462e4c3e46a,PROVIDER,1000,DigitalTwinRegistryId@BPNL00000003AYRE,83673ffd-c48c-429a-b6c6-7e8dac70b874,398aa47a-e276-4cbd-bc85-f4bc8f58f055,1791482936404,1791482939583,1791482939583,1,
7e506fb3-7387-4790-b178-1772c72761bb,PROVIDER,1000,DigitalTwinRegistryId@BPNL00000003AYRE,83673ffd-c48c-429a-b6c6-7e8dac70b874,54b7338b-6fbd-4b0d-9c30-2fd3213b6f4a,1791482938533,1791482941113,1791482941113,1,
6d68e34c-3dc4-480f-ae92-175b7bb1e21f,PROVIDER,1000,itemstocksubmodel-api-asset@BPNL00000003AYRE,0ef26eaf-3d7c-479a-9a01-d5fa6d5cdd8e,a2c377e5-d6d5-4cad-98e5-7b8da2596e30,1791482938560,1791482941125,1791482941125,1,
1e095fd9-7c66-4c0d-a91a-60fba82f4d27,PROVIDER,1000,DigitalTwinRegistryId@BPNL00000003AYRE,83673ffd-c48c-429a-b6c6-7e8dac70b874,65b90cce-8042-4bd9-b372-fbe3f2007e01,1791482939777,1791482942561,1791482942561,1,
28a8d277-ac39-4f28-ba12-452320a2087a,PROVIDER,1000,itemstocksubmodel-api-asset@BPNL00000003AYRE,0ef26eaf-3d7c-479a-9a01-d5fa6d5cdd8e,78bf7d0e-b915-41b0-86e1-0236589f52a2,1791482939791,1791482942571,1791482942571,1,
441f5487-f0bd-4b4f-8016-34ac2f02e5df,PROVIDER,1000,DigitalTwinRegistryId@BPNL00000003AYRE,83673ffd-c48c-429a-b6c6-7e8dac70b874,8fff24d2-f5ed-43fc-a337-1a660a9bbc75,1791482942064,1791482944080,1791482944080,1,
ffdb1c61-8402-4b1a-a79a-0cc960589353,PROVIDER,1000,itemstocksubmodel-api-asset@BPNL00000003AYRE,0ef26eaf-3d7c-479a-9a01-d5fa6d5cdd8e,7c34fc31-281e-424c-a649-77d3e26b99cd,1791482942131,1791482944071,1791482944071,1,
66892d37-7b62-446d-a1bd-bd2140cb602f,PROVIDER,1000,DigitalTwinRegistryId@BPNL00000003AYRE,83673ffd-c48c-429a-b6c6-7e8dac70b874,56e9a348-a37d-48ec-9371-2291ccbdb5ed,1791482943375,1791482945519,1791482945519,1,
2c70a69c-ec2c-4c9b-bb8c-d6e54fdd71ce,PROVIDER,1000,itemstocksubmodel-api-asset@BPNL00000003AYRE,0ef26eaf-3d7c-479a-9a01-d5fa6d5cdd8e,18c8b357-08c6-4c5c-9df6-9c5ba6ac05a6,1791482943396,1791482945508,1791482945508,1,
2a17dc4c-4a5d-4d61-856d-9d2a366bd9f8,PROVIDER,1000,itemstocksubmodel-api-asset@BPNL00000003AYRE,0ef26eaf-3d7c-479a-9a01-d5fa6d5cdd8e,21bc972b-713f-4f12-a591-a882b8df2abc,1791482944601,1791482946818,1791482946818,1,
6e41f40c-3817-45bd-9dcc-1e60f9ad9100,PROVIDER,1000,DigitalTwinRegistryId@BPNL00000003AYRE,83673ffd-c48c-429a-b6c6-7e8dac70b874,b7ec25c7-9863-4746-be35-c9280adadf05,1791482944613,1791482946829,1791482946829,1,
d8738112-79ef-4506-81b2-50c187255fa7,PROVIDER,1000,itemstocksubmodel-api-asset@BPNL00000003AYRE,0ef26eaf-3d7c-479a-9a01-d5fa6d5cdd8e,796545f6-a68b-4bf1-a508-adaeb624fb68,1791482945836,1791482948088,1791482948088,1,
8ed880cc-ef54-497e-b921-b39cb175fa59,PROVIDER,1000,DigitalTwinRegistryId@BPNL00000003AYRE,83673ffd-c48c-429a-b6c6-7e8dac70b874,16b8245d-99a9-4a26-bcef-6126091a210b,1791482946966,1791482949333,1791482949333,1,
8da9f6c0-5a43-4301-b5a9-03b59c642a54,PROVIDER,1000,DigitalTwinRegistryId@BPNL00000003AYRE,83673ffd-c48c-429a-b6c6-7e8dac70b874,db8806e3-2e87-44f1-bb20-d5fcf0dafcde,1791482948162,1791482952130,1791482952130,1,
53017399-4c78-4c1c-8576-03e5d465bf5d,PROVIDER,1000,itemstocksubmodel-api-asset@BPNL00000003AYRE,0ef26eaf-3d7c-479a-9a01-d5fa6d5cdd8e,9daa37c4-3961-498c-8926-46c51f5eee3f,1791482949515,1791482952117,1791482952117,1,
fb5741df-bffa-42e0-b196-a1092c6a3e6e,PROVIDER,1000,DigitalTwinRegistryId@BPNL00000003AYRE,83673ffd-c48c-429a-b6c6-7e8dac70b874,e5e8904b-3b4d-41e4-b5c8-576bfb3045cf,1791482949530,1791482952571,1791482952571,1,
f4667bbf-70eb-435b-a282-49bbb5ba091b,PROVIDER,1000,itemstocksubmodel-api-asset@BPNL00000003AYRE,0ef26eaf-3d7c-479a-9a01-d5fa6d5cdd8e,e0893edc-086d-4a7c-9b2a-c35c9a3716d1,1791482951036,1791482952587,1791482952587,1,
1e4b52c6-2b06-4b61-90c4-3dc1a6e34fed,PROVIDER,1000,DigitalTwinRegistryId@BPNL00000003AYRE,83673ffd-c48c-429a-b6c6-7e8dac70b874,76bbf2e5-2c10-4517-9aa4-d63ca49f205e,1791482952127,1791482954432,1791482954432,1,
1b037e06-c0c6-4f9c-a0d6-96642e246fc4,PROVIDER,1000,itemstocksubmodel-api-asset@BPNL00000003AYRE,0ef26eaf-3d7c-479a-9a01-d5fa6d5cdd8e,acbc17cc-6c26-42dc-8a6a-6c85211580b5,1791482952155,1791482954525,1791482954525,1,
f40b215b-ec0f-4709-b99f-07957d94156f,PROVIDER,1000,DigitalTwinRegistryId@BPNL00000003AYRE,83673ffd-c48c-429a-b6c6-7e8dac70b874,993e459d-7339-427b-b582-426efaa3e68e,1791482953398,1791482956472,1791482956472,1,
535056d4-0e9d-458c-b9aa-cc5690004889,PROVIDER,1000,itemstocksubmodel-api-asset@BPNL00000003AYRE,0ef26eaf-3d7c-479a-9a01-d5fa6d5cdd8e,fec6c682-24cf-4424-9ba9-a79fde3c365e,1791482953409,1791482956460,1791482956460,1,
7dcb2b1f-dac2-48d7-a1e1-7643380341eb,PROVIDER,1000,itemstocksubmodel-api-asset@BPNL00000003AYRE,0ef26eaf-3d7c-479a-9a01-d5fa6d5cdd8e,53572d90-8d8e-484a-bd13-dd0ede295e5e,1791482954606,1791482957962,1791482957962,1,
9101e1af-fe33-42eb-9298-c17687069faf,PROVIDER,1000,DigitalTwinRegistryId@BPNL00000003AYRE,83673ffd-c48c-429a-b6c6-7e8dac70b874,cd56f787-02f9-44ad-ac8b-f6f888712967,1791482954633,1791482957974,1791482957974,1,
080ba9e6-5181-4dab-b633-163c728154a3,PROVIDER,1000,DigitalTwinRegistryId@BPNL00000003AYRE,83673ffd-c48c-429a-b6c6-7e8dac70b874,264b5a70-4e10-4b90-9e69-ec7a3ae0d81c,1791482956933,1791482959433,1791482959433,1,
6001ea81-9400-4d99-9f79-affaf87624c3,PROVIDER,1000,itemstocksubmodel-api-asset@BPNL00000003AYRE,0ef26eaf-3d7c-479a-9a01-d5fa6d5cdd8e,40fe72c9-afa2-4648-8421-fd1b4468e2bf,1791482956940,1791482959426,1791482959426,1,
ad648991-8989-480f-927d-2e41ace92d4b,PROVIDER,1000,DigitalTwinRegistryId@BPNL00000003AYRE,83673ffd-c48c-429a-b6c6-7e8dac70b874,bdc85856-af0b-48c7-84d3-89069804456c,1791482958193,1791482960800,1791482960800,1,
dba82123-0cde-4055-8225-9d005fc51f44,PROVIDER,1000,itemstocksubmodel-api-asset@BPNL00000003AYRE,0ef26eaf-3d7c-479a-9a01-d5fa6d5cdd8e,6385c244-a55f-4f80-a19c-7007262e3248,1791482958203,1791482960790,1791482960790,1,
9c1bff43-0f2f-4ee1-ab38-3e974393bd3e,PROVIDER,1000,DigitalTwinRegistryId@BPNL00000003AYRE,83673ffd-c48c-429a-b6c6-7e8dac70b874,08ab112b-ee67-49dc-9e03-b737794ee4b7,1791482959437,1791482963541,1791482963541,1,
18d82c3a-7a66-4421-b637-cc4d2d13d69e,PROVIDER,1000,itemstocksubmodel-api-asset@BPNL00000003AYRE,0ef26eaf-3d7c-479a-9a01-d5fa6d5cdd8e,217cc518-0cc8-4153-897e-9c26f19de33b,1791482960572,1791482963553,1791482963553,1,
959076d1-f83f-49f7-a176-85a327a126c5,PROVIDER,1000,DigitalTwinRegistryId@BPNL00000003AYRE,83673ffd-c48c-429a-b6c6-7e8dac70b874,f88923cd-3e2b-44c5-8d06-2e30f3a2617c,1791482962057,1791482965427,1791482965427,1,
acf3ecc7-f0ec-4981-894a-539098b419db,PROVIDER,1000,itemstocksubmodel-api-asset@BPNL00000003AYRE,0ef26eaf-3d7c-479a-9a01-d5fa6d5cdd8e,e8f36eb5-6899-4382-848b-e3ae457db1d3,1791482962141,1791482965417,1791482965417,1,
97c946e4-089e-4d1e-8816-b6bc5729e484,PROVIDER,1000,DigitalTwinRegistryId@BPNL00000003AYRE,83673ffd-c48c-429a-b6c6-7e8dac70b874,0de46c57-deb5-4f47-9d0e-e3222fc1ff2d,1791482963342,1791482965437,1791482965437,1,
032fc6d8-8b72-4650-aa9b-78c459c93db8,PROVIDER,1000,itemstocksubmodel-api-asset@BPNL00000003AYRE,0ef26eaf-3d7c-479a-9a01-d5fa6d5cdd8e,0e1d362d-d7e2-4fa5-aa3d-cbc168309bac,1791482964749,1791482967998,1791482967998,1,
db379175-c58e-4913-b514-12a1cebb6fdb,PROVIDER,1000,itemstocksubmodel-api-asset@BPNL00000003AYRE,0ef26eaf-3d7c-479a-9a01-d5fa6d5cdd8e,0dcd201a-e51d-4398-a446-99a490fb8115,1791482964787,1791482968008,1791482968008,1,
ee59015e-cf49-4b86-8ad2-48f8ef15cf2a,PROVIDER,1000,DigitalTwinRegistryId@BPNL00000003AYRE,83673ffd-c48c-429a-b6c6-7e8dac70b874,28faf234-7efa-4a64-b823-93e7c4cd89da,1791482964833,1791482968019,1791482968019,1,
72e90da4-3eac-4d99-86ac-162d2bbfdf9f,PROVIDER,1000,DigitalTwinRegistryId@BPNL00000003AYRE,83673ffd-c48c-429a-b6c6-7e8dac70b874,b4225c0b-5ba6-4dc5-930f-974c7de38cfc,1791482966698,1791482969641,1791482969641,1,
3f4bcc5b-2c35-4a95-a352-1d0ebf1102a8,PROVIDER,1000,itemstocksubmodel-api-asset@BPNL00000003AYRE,0ef26eaf-3d7c-479a-9a01-d5fa6d5cdd8e,7e57b62d-59c8-4a84-ba6d-4934dbb994d9,1791482966718,1791482969649,1791482969649,1,
f8d51ae1-6023-4340-94ae-906c63757d12,PROVIDER,1000,DigitalTwinRegistryId@BPNL00000003AYRE,83673ffd-c48c-429a-b6c6-7e8dac70b874,bac323de-b97c-4510-a821-2d5315697930,1791482968021,1791482971058,1791482971058,1,
b5531b04-4756-40cc-ad97-d05d57f49a3f,PROVIDER,1000,itemstocksubmodel-api-asset@BPNL00000003AYRE,0ef26eaf-3d7c-479a-9a01-d5fa6d5cdd8e,bb3fceb7-2672-409d-9a81-e98199f32358,1791482968034,1791482971046,1791482971046,1,
274e9902-7616-4ab0-99b1-bb37496ac794,PROVIDER,1000,DigitalTwinRegistryId@BPNL00000003AYRE,83673ffd-c48c-429a-b6c6-7e8dac70b874,b0bf66e7-dd2d-455d-80ff-d07e7280b577,1791482970219,1791482972549,1791482972549,1,
2957cf4a-9d3a-48a7-80f3-a817a7e10fa8,PROVIDER,1000,itemstocksubmodel-api-asset@BPNL00000003AYRE,0ef26eaf-3d7c-479a-9a01-d5fa6d5cdd8e,d1ccb6ae-806f-4125-9e81-40df408081c0,1791482970235,1791482972557,1791482972557,1,
9b899db9-97dd-4356-8275-f18fd2f2147a,PROVIDER,1000,DigitalTwinRegistryId@BPNL00000003AYRE,83673ffd-c48c-429a-b6c6-7e8dac70b874,a0e904c5-e6cf-4d94-91ab-327ffcf4d896,1791482971897,1791482974014,1791482974014,1,
99a4d1b3-3811-4c86-b477-041a85f20c35,PROVIDER,1000,itemstocksubmodel-api-asset@BPNL00000003AYRE,0ef26eaf-3d7c-479a-9a01-d5fa6d5cdd8e,760e913d-193e-4636-a297-edb771c0b42e,1791482971961,1791482974027,1791482974027,1,
59fd2b17-1a53-48d9-b126-208475ee014c,PROVIDER,1000,DigitalTwinRegistryId@BPNL00000003AYRE,83673ffd-c48c-429a-b6c6-7e8dac70b874,3beefef4-393e-45a3-8e53-dfce240a6df1,1791482973411,1791482975520,1791482975520,1,
620fa0a7-f3fb-4dcd-949d-f3043e9a1bbf,PROVIDER,1000,itemstocksubmodel-api-asset@BPNL00000003AYRE,0ef26eaf-3d7c-479a-9a01-d5fa6d5cdd8e,90cb62e7-4fec-416a-989b-c7de50032213,1791482973422,1791482975535,1791482975535,1,
a378ac7f-25fb-480d-aafb-60070847e939,PROVIDER,1000,itemstocksubmodel-api-asset@BPNL00000003AYRE,0ef26eaf-3d7c-479a-9a01-d5fa6d5cdd8e,381a362b-a33c-410a-8c14-2c86b039e28e,1791482974797,1791482976948,1791482976948,1,
6479de5b-3d12-469a-b89f-b20a6ac7dd1d,PROVIDER,1000,DigitalTwinRegistryId@BPNL00000003AYRE,83673ffd-c48c-429a-b6c6-7e8dac70b874,89cd0453-28c1-4b8d-9620-99c6661e6091,1791482974809,1791482976937,1791482976937,1,
141c08bf-c1ec-4486-a8f7-cd2b45a72bda,PROVIDER,1000,itemstocksubmodel-api-asset@BPNL00000003AYRE,0ef26eaf-3d7c-479a-9a01-d5fa6d5cdd8e,a7bb8b9b-069d-407d-8a63-931123a66d5c,1791482976220,1791482978360,1791482978360,1,
1099d637-e984-4480-aac4-b280500b8aba,PROVIDER,1000,DigitalTwinRegistryId@BPNL00000003AYRE,83673ffd-c48c-429a-b6c6-7e8dac70b874,0d9a025c-8caa-4243-addc-c9ebb51e8c7d,1791482976234,1791482978371,1791482978371,1,
93c4af77-4845-43c7-92f9-51f4b263aa23,PROVIDER,1000,itemstocksubmodel-api-asset@BPNL00000003AYRE,0ef26eaf-3d7c-479a-9a01-d5fa6d5cdd8e,8ce272c4-111c-414d-b74f-b53c1836b77f,1791482977635,1791482979666,1791482979666,1,
40823716-71c1-4054-845c-1c8098ff0b27,PROVIDER,1000,DigitalTwinRegistryId@BPNL00000003AYRE,83673ffd-c48c-429a-b6c6-7e8dac70b874,b7b27987-c518-472d-838b-5bbec3524024,1791482977835,1791482979677,1791482979677,1,
08a36a4a-b998-4642-9209-ac6f54a2c804,PROVIDER,1000,itemstocksubmodel-api-asset@BPNL00000003AYRE,0ef26eaf-3d7c-479a-9a01-d5fa6d5cdd8e,7a71ef2e-d047-4f96-9e45-0d6f79280f7a,1791482978961,1791482980967,1791482980967,1,
578f7bd3-74d5-4187-9064-532c59f15d93,PROVIDER,1000,DigitalTwinRegistryId@BPNL00000003AYRE,83673ffd-c48c-429a-b6c6-7e8dac70b874,a5628d16-a95e-404d-a73b-2302db0b6943,1791482980158,1791482982454,1791482982454,1,
d466149c-25ad-4987-abac-27a88c83ed8b,PROVIDER,1000,DigitalTwinRegistryId@BPNL00000003AYRE,83673ffd-c48c-429a-b6c6-7e8dac70b874,27d7172e-3f79-4d49-a8b1-ba2fb7dbe06f,1791482981433,1791482983812,1791482983812,1,
2262256a-53e3-44d8-a8e7-8e5c031436a2,PROVIDER,1000,itemstocksubmodel-api-asset@BPNL00000003AYRE,0ef26eaf-3d7c-479a-9a01-d5fa6d5cdd8e,2837079b-afb9-40e2-ac97-badeaf089c5d,1791482981443,1791482983822,1791482983822,1,
6b5c09de-3322-48be-aa9f-2e1db19be377,PROVIDER,1000,DigitalTwinRegistryId@BPNL00000003AYRE,83673ffd-c48c-429a-b6c6-7e8dac70b874,0337a1ce-0632-4b2c-98eb-595c75b55d49,1791482983297,1791482986652,1791482986652,1,
cb996d23-23db-4a35-b4fe-a1e2758ed8c2,PROVIDER,1000,itemstocksubmodel-api-asset@BPNL00000003AYRE,0ef26eaf-3d7c-479a-9a01-d5fa6d5cdd8e,2532ff64-1ddf-443a-a7c0-79745d180ac8,1791482983916,1791482986662,1791482986662,1,
8877913d-fee3-408b-9258-ff120d1ff641,PROVIDER,1000,itemstocksubmodel-api-asset@BPNL00000003AYRE,0ef26eaf-3d7c-479a-9a01-d5fa6d5cdd8e,48bab5e0-783e-464f-af91-6762e676a955,1791482985261,1791482988431,1791482988431,1,
feb1ba24-c0c0-4c37-9f67-4a9d385d9230,PROVIDER,1000,DigitalTwinRegistryId@BPNL00000003AYRE,83673ffd-c48c-429a-b6c6-7e8dac70b874,914e7cf3-c837-4200-b3a1-2d41e6c93b12,1791482985272,1791482988441,1791482988441,1,
85892bf5-f72e-41cf-ba4e-edde46589c11,PROVIDER,1000,DigitalTwinRegistryId@BPNL00000003AYRE,83673ffd-c48c-429a-b6c6-7e8dac70b874,211c7dce-f12f-493d-af2d-93e8ba3a41e1,1791482986606,1791482988450,1791482988450,1,
fb7ceefc-9c83-43c0-8c20-6fe01ec16923,PROVIDER,1000,itemstocksubmodel-api-asset@BPNL00000003AYRE,0ef26eaf-3d7c-479a-9a01-d5fa6d5cdd8e,f3a4e2dd-828e-4ab5-9150-19e397fcd747,1791482987799,1791482989953,1791482989953,1,
9a8a031d-57dc-4b27-b445-0192fb23f071,PROVIDER,1000,itemstocksubmodel-api-asset@BPNL00000003AYRE,0ef26eaf-3d7c-479a-9a01-d5fa6d5cdd8e,6b68aee8-85c1-4b0c-b2fa-ddb625bcecaf,1791482987805,1791482989963,1791482989963,1,
4f3bf509-f08b-4780-b4a2-a523b69cc33d,PROVIDER,1000,DigitalTwinRegistryId@BPNL00000003AYRE,83673ffd-c48c-429a-b6c6-7e8dac70b874,196be1b8-159f-4036-ae76-85ed28c8a054,1791482987822,1791482989974,1791482989974,1,
38443c9e-331c-4c79-9354-4bc9b2018151,PROVIDER,1000,itemstocksubmodel-api-asset@BPNL00000003AYRE,0ef26eaf-3d7c-479a-9a01-d5fa6d5cdd8e,5345a59d-7309-4df5-8d28-61294f1e35bc,1791482988968,1791482991320,1791482991320,1,
18ef37e9-6324-4c2d-b13d-c351ae4440db,PROVIDER,1000,DigitalTwinRegistryId@BPNL00000003AYRE,83673ffd-c48c-429a-b6c6-7e8dac70b874,42b683c3-97c9-4ab3-adf9-becb9fcc65a2,1791482990166,1791482992763,1791482992763,1,
3075fc92-37e6-433a-a50e-eb9493efef89,PROVIDER,1000,DigitalTwinRegistryId@BPNL00000003AYRE,83673ffd-c48c-429a-b6c6-7e8dac70b874,78e3420f-4875-4282-9b46-6110cdf75b26,1791482991430,1791482994220,1791482994220,1,
2b17d893-dcea-4127-8384-40caafb15460,PROVIDER,1000,itemstocksubmodel-api-asset@BPNL00000003AYRE,0ef26eaf-3d7c-479a-9a01-d5fa6d5cdd8e,3b0e7214-4949-44b5-87ee-75ff3eb3de3a,1791482991762,1791482994208,1791482994208,1,
92ecf7db-3d34-49d2-b59c-cfbf41545656,PROVIDER,1000,DigitalTwinRegistryId@BPNL00000003AYRE,83673ffd-c48c-429a-b6c6-7e8dac70b874,8f984c93-5e87-48e8-9078-b5d4074bad6a,1791482993307,1791482995634,1791482995634,1,
f381df86-5c70-4462-ad40-4dad0a8ec6d2,PROVIDER,1000,itemstocksubmodel-api-asset@BPNL00000003AYRE,0ef26eaf-3d7c-479a-9a01-d5fa6d5cdd8e,4980b3a2-5ffe-49ee-93ab-c8b9713fab7d,1791482993327,1791482995642,1791482995642,1,
9855b685-1c0e-4fc9-90da-4969f813851b,PROVIDER,1000,itemstocksubmodel-api-asset@BPNL00000003AYRE,0ef26eaf-3d7c-479a-9a01-d5fa6d5cdd8e,0014f555-8083-4ec3-8871-5fc26f014fb8,1791482994601,1791482997121,1791482997121,1,
5ef0b12f-7bf9-4840-8df4-ebbf93f1ed58,PROVIDER,1000,DigitalTwinRegistryId@BPNL00000003AYRE,83673ffd-c48c-429a-b6c6-7e8dac70b874,346f77da-42e9-4e54-b22d-d29394d536c6,1791482994642,1791482997110,1791482997110,1,
9b0b26f1-6dbf-48ca-942d-27e1883064f7,PROVIDER,1000,itemstocksubmodel-api-asset@BPNL00000003AYRE,0ef26eaf-3d7c-479a-9a01-d5fa6d5cdd8e,6a8ac16a-8b4d-4200-886e-17f5d097b3dd,1791482995836,1791482999345,1791482999345,1,
0c4ee76b-33c6-4007-a08b-53c2feeb4935,PROVIDER,1000,DigitalTwinRegistryId@BPNL00000003AYRE,83673ffd-c48c-429a-b6c6-7e8dac70b874,20f9aaab-1bda-4c4b-a91e-98c64a1767a6,1791482997038,1791482999322,1791482999322,1,
0f9e56f4-73c2-441a-9f36-811ebb842026,PROVIDER,1000,DigitalTwinRegistryId@BPNL00000003AYRE,83673ffd-c48c-429a-b6c6-7e8dac70b874,3770305e-6bf3-42a6-ba11-2ef378eb1ed0,1791482998244,1791483000933,1791483000933,1,
408bffed-fbac-4911-81db-ccec7e060350,PROVIDER,1000,itemstocksubmodel-api-asset@BPNL00000003AYRE,0ef26eaf-3d7c-479a-9a01-d5fa6d5cdd8e,2e7e472a-4f18-4823-bf45-1bb8ec92c7ed,1791482998313,1791483000924,1791483000924,1,
2993fac8-f382-4bb7-9bbb-0cbc2852a5fa,PROVIDER,1000,DigitalTwinRegistryId@BPNL00000003AYRE,83673ffd-c48c-429a-b6c6-7e8dac70b874,64af8db4-496e-415f-a6ee-4eedc768a856,1791482999504,1791483002514,1791483002514,1,
95850b1b-1634-43d8-87dc-be2b412fb99e,PROVIDER,1000,itemstocksubmodel-api-asset@BPNL00000003AYRE,0ef26eaf-3d7c-479a-9a01-d5fa6d5cdd8e,e9dec4e9-2d07-4c3d-9f9a-ee6c4d0504c0,1791483000575,1791483002523,1791483002523,1,
51730400-4fe9-4a74-9599-c53528b0c71e,PROVIDER,1000,DigitalTwinRegistryId@BPNL00000003AYRE,83673ffd-c48c-429a-b6c6-7e8dac70b874,c0612ce4-32da-4c2b-82fd-fd46408e419a,1791483002031,1791483004047,1791483004047,1,
e62918e5-a233-4b0f-8d65-cebd795e3951,PROVIDER,1000,itemstocksubmodel-api-asset@BPNL00000003AYRE,0ef26eaf-3d7c-479a-9a01-d5fa6d5cdd8e,5e3bda6c-8c30-4029-a173-f8eabe5620ca,1791483002044,1791483004205,1791483004205,1,
88d0392c-b385-4c0e-8983-04e31d091865,PROVIDER,1000,itemstocksubmodel-api-asset@BPNL00000003AYRE,0ef26eaf-3d7c-479a-9a01-d5fa6d5cdd8e,8da9623d-6838-4ef6-9b5c-fa0ca0cfea41,1791483003281,1791483005733,1791483005733,1,
90af8f21-19ed-4303-8d91-b6782e4a38c4,PROVIDER,1000,DigitalTwinRegistryId@BPNL00000003AYRE,83673ffd-c48c-429a-b6c6-7e8dac70b874,70384644-92d3-4a1b-b31d-a1f2d9021ff8,1791483003300,1791483005839,1791483005839,1,
f1487a81-81d5-4e6b-a6ef-d85c68e64ef1,PROVIDER,1000,itemstocksubmodel-api-asset@BPNL00000003AYRE,0ef26eaf-3d7c-479a-9a01-d5fa6d5cdd8e,a4588167-5265-4e26-9acd-79b0549b5ac0,1791483004600,1791483006885,1791483006885,1,
cc3ef81d-2c3a-4043-ab78-64f2c4813be1,PROVIDER,1000,DigitalTwinRegistryId@BPNL00000003AYRE,83673ffd-c48c-429a-b6c6-7e8dac70b874,ef700532-4fe6-41c0-9a09-cc6bbde0659f,1791483004602,1791483006894,1791483006894,1,
4ac9bf41-353e-4046-a1f0-3ef1b8e12b13,PROVIDER,1000,itemstocksubmodel-api-asset@BPNL00000003AYRE,0ef26eaf-3d7c-479a-9a01-d5fa6d5cdd8e,6a5af59b-a057-4a98-977c-8f5655c3488f,1791483006339,1791483009302,1791483009302,1,
b0800e34-2661-47f2-bc84-f346c7b76ca3,PROVIDER,1000,DigitalTwinRegistryId@BPNL00000003AYRE,83673ffd-c48c-429a-b6c6-7e8dac70b874,c6a6bf04-5116-4efe-a49a-d867af9ab029,1791483006987,1791483010702,1791483010702,1,
4a04abec-1a75-4bda-8271-1c2569e80b5e,PROVIDER,1000,DigitalTwinRegistryId@BPNL00000003AYRE,83673ffd-c48c-429a-b6c6-7e8dac70b874,a4bb06ef-fb19-4f5f-96b1-9adeadcfcd7e,1791483008144,1791483011151,1791483011151,1,
cb1ffa86-81d5-41c5-a24f-db27b8b9057c,PROVIDER,1000,itemstocksubmodel-api-asset@BPNL00000003AYRE,0ef26eaf-3d7c-479a-9a01-d5fa6d5cdd8e,bc34a383-786d-4065-ad32-5e3484b54531,1791483009344,1791483011388,1791483011388,1,
6fb98ead-fd9a-4f66-950c-2b72fe400cca,PROVIDER,1000,DigitalTwinRegistryId@BPNL00000003AYRE,83673ffd-c48c-429a-b6c6-7e8dac70b874,996b4a71-0a97-4ac1-86af-e499eb6a93d4,1791483009476,1791483011161,1791483011161,1,
7e8fa84b-7c98-44de-b717-98216c20962e,PROVIDER,1000,itemstocksubmodel-api-asset@BPNL00000003AYRE,0ef26eaf-3d7c-479a-9a01-d5fa6d5cdd8e,a42f7e6d-f445-4c45-a90f-c869094bbfe1,1791483010635,1791483012713,1791483012713,1,
9c60596c-c1c7-4263-bfbb-90d15fd7414f,PROVIDER,1000,itemstocksubmodel-api-asset@BPNL00000003AYRE,0ef26eaf-3d7c-479a-9a01-d5fa6d5cdd8e,7d7ee7e1-74ff-463f-bb15-4445f0ae16e7,1791483011833,1791483014222,1791483014222,1,
39e876e7-5031-488c-acb7-c78ed76c9b29,PROVIDER,1000,DigitalTwinRegistryId@BPNL00000003AYRE,83673ffd-c48c-429a-b6c6-7e8dac70b874,d2ead113-9eef-4e33-94a4-1e0239a9be99,1791483011845,1791483014211,1791483014211,1,
44fe34e3-1532-465d-b129-4860d01d5121,PROVIDER,1000,DigitalTwinRegistryId@BPNL00000003AYRE,83673ffd-c48c-429a-b6c6-7e8dac70b874,28081ab1-5960-4649-89a5-029aa0333729,1791483013305,1791483016300,1791483016300,1,
bef87a02-3822-437d-9b43-e82f8f0d6de2,PROVIDER,1000,itemstocksubmodel-api-asset@BPNL00000003AYRE,0ef26eaf-3d7c-479a-9a01-d5fa6d5cdd8e,1854d507-0f08-4169-82d5-3bd5d3eb321c,1791483013313,1791483016309,1791483016309,1,
7c266df8-8fe6-4391-8e3d-d63c14a6f09d,PROVIDER,1000,itemstocksubmodel-api-asset@BPNL00000003AYRE,0ef26eaf-3d7c-479a-9a01-d5fa6d5cdd8e,8ded4ca8-4a9b-4023-ac18-70ed5d0a13d4,1791483014484,1791483018026,1791483018026,1,
579b2562-8055-4489-b1cd-2936b221e7ac,PROVIDER,1000,DigitalTwinRegistryId@BPNL00000003AYRE,83673ffd-c48c-429a-b6c6-7e8dac70b874,72c99163-b9b5-4f33-a40f-d86207d99976,1791483014493,1791483018036,1791483018036,1,
88967e76-cf79-4f61-ab61-4754c2c4e04c,PROVIDER,1000,DigitalTwinRegistryId@BPNL00000003AYRE,83673ffd-c48c-429a-b6c6-7e8dac70b874,3a3e4272-5002-479e-a45b-fdc4f3e4d79b,1791483016730,1791483019438,1791483019438,1,
9657d49a-5af5-409d-98f1-c085dd5d7b87,PROVIDER,1000,itemstocksubmodel-api-asset@BPNL00000003AYRE,0ef26eaf-3d7c-479a-9a01-d5fa6d5cdd8e,a13aec0f-acb3-418d-9fc9-d22683d19880,1791483016744,1791483019449,1791483019449,1,
832171f4-778d-4bda-a922-1305150ff92e,PROVIDER,1000,DigitalTwinRegistryId@BPNL00000003AYRE,83673ffd-c48c-429a-b6c6-7e8dac70b874,e2469bc2-b655-4086-a95f-51501bc28652,1791483018036,1791483021335,1791483021335,1,
e86071e2-167f-4e12-b151-08a75d9fb7fe,PROVIDER,1000,itemstocksubmodel-api-asset@BPNL00000003AYRE,0ef26eaf-3d7c-479a-9a01-d5fa6d5cdd8e,be3f05db-cdcb-4409-8bff-a049c54f41b4,1791483018210,1791483021324,1791483021324,1,
99aedb90-58eb-42ab-8857-25c0ef96b82d,PROVIDER,1000,DigitalTwinRegistryId@BPNL00000003AYRE,83673ffd-c48c-429a-b6c6-7e8dac70b874,56695177-419e-4fc1-a2d3-e4e31b61bd29,1791483019354,1791483021352,1791483021352,1,
d20e1a45-f276-4d54-ac74-10603c62bfe8,PROVIDER,1000,itemstocksubmodel-api-asset@BPNL00000003AYRE,0ef26eaf-3d7c-479a-9a01-d5fa6d5cdd8e,dbf706bf-cb0d-44e2-a780-5e34ab153582,1791483020601,1791483022618,1791483022618,1,
65772999-c456-4105-b0cf-9a54ea4e539e,PROVIDER,1000,itemstocksubmodel-api-asset@BPNL00000003AYRE,0ef26eaf-3d7c-479a-9a01-d5fa6d5cdd8e,a7d5281c-17c1-4f78-a37a-1d43a2cfeffd,1791483020612,1791483022627,1791483022627,1,
f8dee61d-0789-48e4-9713-903c3b213477,PROVIDER,1000,DigitalTwinRegistryId@BPNL00000003AYRE,83673ffd-c48c-429a-b6c6-7e8dac70b874,13d2b67e-5082-46ab-acdb-a4108579e552,1791483021932,1791483024090,1791483024090,1,
f4ea528a-e7e1-4f0a-8391-dfdc91fc2a7c,PROVIDER,1000,DigitalTwinRegistryId@BPNL00000003AYRE,83673ffd-c48c-429a-b6c6-7e8dac70b874,18ba3288-926a-4453-9589-4c007b85f369,1791483023200,1791483025744,1791483025744,1,
a6a8a363-5768-4fa2-b0a7-10f7af74b229,PROVIDER,1000,itemstocksubmodel-api-asset@BPNL00000003AYRE,0ef26eaf-3d7c-479a-9a01-d5fa6d5cdd8e,dc9d43c4-e169-4803-bda2-ec07b0eea8ce,1791483023207,1791483025803,1791483025803,1,
a25748c4-df46-44d1-8a7d-ccd3df9623ff,PROVIDER,1000,itemstocksubmodel-api-asset@BPNL00000003AYRE,0ef26eaf-3d7c-479a-9a01-d5fa6d5cdd8e,230c87a2-bbe9-412e-a254-e5c50ed897db,1791483024459,1791483028022,1791483028022,1,
dd861625-e90e-4f11-9168-10f90be99a82,PROVIDER,1000,DigitalTwinRegistryId@BPNL00000003AYRE,83673ffd-c48c-429a-b6c6-7e8dac70b874,10e24090-2b33-483d-ba15-f43335344d40,1791483024475,1791483028012,1791483028012,1,
bcd02f9a-1822-452e-a47d-b8142b271370,PROVIDER,1000,itemstocksubmodel-api-asset@BPNL00000003AYRE,0ef26eaf-3d7c-479a-9a01-d5fa6d5cdd8e,e3749e4f-db5e-4bcd-8b3f-3ee1e24d8452,1791483025935,1791483029462,1791483029462,1,
ae85a0b4-08a1-43f1-9058-c95d6a18601e,PROVIDER,1000,DigitalTwinRegistryId@BPNL00000003AYRE,83673ffd-c48c-429a-b6c6-7e8dac70b874,b3a26b71-77e7-4a53-a996-22617702c6bc,1791483026930,1791483029441,1791483029441,1,
897ab719-3a94-4cd6-b5ea-77baadb7ed9f,PROVIDER,1000,DigitalTwinRegistryId@BPNL00000003AYRE,83673ffd-c48c-429a-b6c6-7e8dac70b874,d8c77cd6-4df2-405c-8a39-bc08636f4fe9,1791483028236,1791483031358,1791483031358,1,
72148033-7c88-4202-a68c-6791e3d53af2,PROVIDER,1000,itemstocksubmodel-api-asset@BPNL00000003AYRE,0ef26eaf-3d7c-479a-9a01-d5fa6d5cdd8e,276cde49-d46e-40b2-8b80-7c8878dc1610,1791483028254,1791483029698,1791483029698,1,
08e0125a-7153-440a-abce-fb1f6afedd75,PROVIDER,1000,DigitalTwinRegistryId@BPNL00000003AYRE,83673ffd-c48c-429a-b6c6-7e8dac70b874,24d5c908-b2ac-4147-8da8-034a83a839c4,1791483029426,1791483031373,1791483031373,1,
e98b72a0-08eb-4b10-bc83-7d492408ee67,PROVIDER,1000,itemstocksubmodel-api-asset@BPNL00000003AYRE,0ef26eaf-3d7c-479a-9a01-d5fa6d5cdd8e,795854c5-bbae-47bb-ab10-1e4aab648385,1791483030620,1791483032836,1791483032836,1,
8cf3e3f0-e48f-4f7d-8b96-b003955ea590,PROVIDER,1000,itemstocksubmodel-api-asset@BPNL00000003AYRE,0ef26eaf-3d7c-479a-9a01-d5fa6d5cdd8e,54c9ec1c-63fe-4725-9fec-3f23fb06559d,1791483030633,1791483032848,1791483032848,1,
5f03ef3f-1505-454c-89ef-b7307b0847c7,PROVIDER,1000,DigitalTwinRegistryId@BPNL00000003AYRE,83673ffd-c48c-429a-b6c6-7e8dac70b874,7b834871-9eaf-42a4-a452-6d4a78f7213a,1791483031914,1791483034366,1791483034366,1,
7c5d3f2f-9b9e-4d4a-a703-10a60d6138aa,PROVIDER,1000,DigitalTwinRegistryId@BPNL00000003AYRE,83673ffd-c48c-429a-b6c6-7e8dac70b874,c8c881ae-3c07-47d5-82da-64cb67e2b3ce,1791483033212,1791483036443,1791483036443,1,
2512786f-f0e4-42ba-9de6-3ee30398f973,PROVIDER,1000,itemstocksubmodel-api-asset@BPNL00000003AYRE,0ef26eaf-3d7c-479a-9a01-d5fa6d5cdd8e,edf7d438-9bb7-4de5-a94b-e8fd3c53ae84,1791483033227,1791483036420,1791483036420,1,
247ed983-46b1-4f8f-bc8c-f87c28d7b93d,PROVIDER,1000,DigitalTwinRegistryId@BPNL00000003AYRE,83673ffd-c48c-429a-b6c6-7e8dac70b874,6c8ad585-183e-44e3-ba77-eacb2f355d6c,1791483034504,1791483038037,1791483038037,1,
a2b54a67-d7f1-4eef-a17a-8f70801d45b0,PROVIDER,1000,itemstocksubmodel-api-asset@BPNL00000003AYRE,0ef26eaf-3d7c-479a-9a01-d5fa6d5cdd8e,e65a4761-284f-4d60-983c-b923eac8f7d9,1791483034517,1791483038056,1791483038056,1,
c590d5b7-9645-417f-9c9d-f1e9f92c9760,PROVIDER,1000,DigitalTwinRegistryId@BPNL00000003AYRE,83673ffd-c48c-429a-b6c6-7e8dac70b874,c3684a08-4a08-4427-9f38-beb26f14a92c,1791483036787,1791483039513,1791483039513,1,
d13c4f0e-0d02-47d5-b95e-226ea887e49a,PROVIDER,1000,itemstocksubmodel-api-asset@BPNL00000003AYRE,0ef26eaf-3d7c-479a-9a01-d5fa6d5cdd8e,7398d3d5-5519-45e2-8595-b119e34e62af,1791483036801,1791483039502,1791483039502,1,
8eac62d8-bffd-4023-b142-6595103ec594,PROVIDER,1000,DigitalTwinRegistryId@BPNL00000003AYRE,83673ffd-c48c-429a-b6c6-7e8dac70b874,0b422d11-fcd6-4c7f-818a-10ab358a3533,1791483038136,1791483041129,1791483041129,1,
8b71bf42-cafc-429c-9389-e773b539981c,PROVIDER,1000,itemstocksubmodel-api-asset@BPNL00000003AYRE,0ef26eaf-3d7c-479a-9a01-d5fa6d5cdd8e,75853231-6fd9-4559-8344-187543061f6c,1791483038394,1791483041118,1791483041118,1,
1dd57d5a-79dc-4fe0-9999-86c772244a74,PROVIDER,1000,DigitalTwinRegistryId@BPNL00000003AYRE,83673ffd-c48c-429a-b6c6-7e8dac70b874,b855600b-e135-40a6-b89f-b6d10b1239cf,1791483039793,1791483042588,1791483042588,1,
1b73c576-0c5f-41e1-a90b-39b4e7ffe194,PROVIDER,1000,itemstocksubmodel-api-asset@BPNL00000003AYRE,0ef26eaf-3d7c-479a-9a01-d5fa6d5cdd8e,a672f0f5-2fd8-4987-8b05-499e169ec0e2,1791483040034,1791483042597,1791483042597,1,
915432f1-ea82-481f-a7c2-cf11e5c2b3a1,PROVIDER,1000,DigitalTwinRegistryId@BPNL00000003AYRE,83673ffd-c48c-429a-b6c6-7e8dac70b874,d6607db7-ce04-4d09-84ba-cf40de685111,1791483041328,1791483044183,1791483044183,1,
70ee476c-05a4-43bc-8373-5142949537ce,PROVIDER,1000,itemstocksubmodel-api-asset@BPNL00000003AYRE,0ef26eaf-3d7c-479a-9a01-d5fa6d5cdd8e,96039626-89cb-4cae-a7da-7351e2508ca2,1791483041340,1791483044173,1791483044173,1,
8a32aecf-c5a8-4936-a3ab-1636fcb4a809,PROVIDER,1000,DigitalTwinRegistryId@BPNL00000003AYRE,83673ffd-c48c-429a-b6c6-7e8dac70b874,8a4aaa17-12ec-4d4f-9353-be5be283193f,1791483043221,1791483046335,1791483046335,1,
46f5f45c-74da-43bd-ace1-bdcfb079c2e6,PROVIDER,1000,itemstocksubmodel-api-asset@BPNL00000003AYRE,0ef26eaf-3d7c-479a-9a01-d5fa6d5cdd8e,a87a19d3-5ddb-4214-a792-c40449e7b371,1791483043434,1791483046405,1791483046405,1,
4f6a44d3-66c4-44fc-bf99-eb8294123828,PROVIDER,1000,itemstocksubmodel-api-asset@BPNL00000003AYRE,0ef26eaf-3d7c-479a-9a01-d5fa6d5cdd8e,511d670f-0b0b-41a8-a894-c30721332716,1791483044673,1791483046998,1791483046998,1,
f872e18d-80d4-4605-b6b8-eac602d4f3ac,PROVIDER,1000,DigitalTwinRegistryId@BPNL00000003AYRE,83673ffd-c48c-429a-b6c6-7e8dac70b874,4a2592a9-7f80-4383-88c9-0eb7b9932d9f,1791483044688,1791483047009,1791483047009,1,
81b3cce1-1688-4e84-8e92-6858997d08fe,PROVIDER,1000,DigitalTwinRegistryId@BPNL00000003AYRE,83673ffd-c48c-429a-b6c6-7e8dac70b874,0b6e633e-77f3-4010-bf2d-f8c26e9d6132,1791483046035,1791483048345,1791483048345,1,
ea5fa6ed-9db0-427a-a6a2-2da68abce736,PROVIDER,1000,itemstocksubmodel-api-asset@BPNL00000003AYRE,0ef26eaf-3d7c-479a-9a01-d5fa6d5cdd8e,adc88cd9-2389-41f0-801c-9b408e2c5a93,1791483046437,1791483048354,1791483048354,1,
93ffc3a0-b6ef-4aa2-bab6-3812d8cfbb5f,PROVIDER,1000,itemstocksubmodel-api-asset@BPNL00000003AYRE,0ef26eaf-3d7c-479a-9a01-d5fa6d5cdd8e,7769031d-9a4f-4c1d-9309-dfa8deb569d4,1791483047340,1791483049634,1791483049634,1,
e042fd19-0841-4830-a677-248b7dc5fdad,PROVIDER,1000,DigitalTwinRegistryId@BPNL00000003AYRE,83673ffd-c48c-429a-b6c6-7e8dac70b874,0213742f-6c83-4f56-984b-959469d0ef20,1791483048535,1791483051091,1791483051091,1,
6a60ea2b-4c65-4b55-9226-1ec5bb7f8fca,PROVIDER,1000,DigitalTwinRegistryId@BPNL00000003AYRE,83673ffd-c48c-429a-b6c6-7e8dac70b874,c52edea4-d51d-45ab-bcec-5464e9d445be,1791483049685,1791483052576,1791483052576,1,
281cd636-1954-447a-b998-150e7b0de0db,PROVIDER,1000,itemstocksubmodel-api-asset@BPNL00000003AYRE,0ef26eaf-3d7c-479a-9a01-d5fa6d5cdd8e,342f02b4-0d7a-4c2b-bc61-361605e7a9fa,1791483049880,1791483052566,1791483052566,1,
a70620ef-fb91-4d13-83a9-58f7ac7bceb2,PROVIDER,1000,DigitalTwinRegistryId@BPNL00000003AYRE,83673ffd-c48c-429a-b6c6-7e8dac70b874,1b7a0486-2c3c-4e28-8989-4603af367e70,1791483051099,1791483054179,1791483054179,1,
1c00c552-4e05-40c9-b94f-077c21d47186,PROVIDER,1000,itemstocksubmodel-api-asset@BPNL00000003AYRE,0ef26eaf-3d7c-479a-9a01-d5fa6d5cdd8e,81af7d9b-95f8-4044-bdf7-7bcbf661551a,1791483051366,1791483054212,1791483054212,1,
b861950a-4a16-48fd-bc51-9a9d96d79b22,PROVIDER,1000,DigitalTwinRegistryId@BPNL00000003AYRE,83673ffd-c48c-429a-b6c6-7e8dac70b874,4ede83a1-475f-4ab4-b319-0f2b165c6a62,1791483053273,1791483055737,1791483055737,1,
c98a6b8c-3960-48bc-9f96-3f34e11ba3a7,PROVIDER,1000,itemstocksubmodel-api-asset@BPNL00000003AYRE,0ef26eaf-3d7c-479a-9a01-d5fa6d5cdd8e,d8361b7e-d21c-4b2d-abac-309dad3d7cbc,1791483053295,1791483055844,1791483055844,1,
e90ab818-401a-4d53-b629-928ddadd520d,PROVIDER,1000,itemstocksubmodel-api-asset@BPNL00000003AYRE,0ef26eaf-3d7c-479a-9a01-d5fa6d5cdd8e,83f9ee7d-d19d-4d3a-9d04-1ccddac34286,1791483054557,1791483057088,1791483057088,1,
7cd339ed-b7e3-477b-a6c5-7d0de655873c,PROVIDER,1000,DigitalTwinRegistryId@BPNL00000003AYRE,83673ffd-c48c-429a-b6c6-7e8dac70b874,1c6405d8-1077-4687-bdb8-e01f151350ce,1791483054580,1791483057080,1791483057080,1,
e8fdd818-905a-4139-aeed-0cb16914576c,PROVIDER,1000,itemstocksubmodel-api-asset@BPNL00000003AYRE,0ef26eaf-3d7c-479a-9a01-d5fa6d5cdd8e,523f86af-339c-4fd6-a265-70ec528c91c0,1791483055841,1791483058394,1791483058394,1,
350a25a2-fec8-4432-9be6-695654067186,PROVIDER,1000,DigitalTwinRegistryId@BPNL00000003AYRE,83673ffd-c48c-429a-b6c6-7e8dac70b874,e2f40a98-b94a-4f6c-95ab-327ef6cbd1cc,1791483057106,1791483061231,1791483061231,1,
6a1daa40-7510-4855-a32d-f3258f1f305f,PROVIDER,1000,DigitalTwinRegistryId@BPNL00000003AYRE,83673ffd-c48c-429a-b6c6-7e8dac70b874,1c63d604-d229-4d11-aeda-ee6f0c84076a,1791483058274,1791483061241,1791483061241,1,
4e0b7acf-eade-4495-96ff-5ffc16aa671c,PROVIDER,1000,itemstocksubmodel-api-asset@BPNL00000003AYRE,0ef26eaf-3d7c-479a-9a01-d5fa6d5cdd8e,ed3f35b6-dc2b-4a31-81c1-167be652abcc,1791483059506,1791483062817,1791483062817,1,
cf06d145-a8b2-4664-8022-506678db44f8,PROVIDER,1000,itemstocksubmodel-api-asset@BPNL00000003AYRE,0ef26eaf-3d7c-479a-9a01-d5fa6d5cdd8e,4bf65ebb-6ea7-4bec-9294-236bd7eb7841,1791483059520,1791483062829,1791483062829,1,
4b664035-b6f0-4081-a1c5-e038ae326258,PROVIDER,1000,DigitalTwinRegistryId@BPNL00000003AYRE,83673ffd-c48c-429a-b6c6-7e8dac70b874,dc386c3a-c92b-452a-b825-5d1e7d009eff,1791483059604,1791483062841,1791483062841,1,
bb318511-8828-44c2-9b72-f9c869990e1f,PROVIDER,1000,DigitalTwinRegistryId@BPNL00000003AYRE,83673ffd-c48c-429a-b6c6-7e8dac70b874,727e4859-8e69-4735-a842-df207d5812e5,1791483062131,1791483064419,1791483064419,1,
1fbd9283-351d-4f1b-9416-b411398d1552,PROVIDER,1000,itemstocksubmodel-api-asset@BPNL00000003AYRE,0ef26eaf-3d7c-479a-9a01-d5fa6d5cdd8e,3b3bea48-be83-40c8-92eb-abd749d5a22c,1791483062227,1791483064428,1791483064428,1,
7b1a752b-2aaa-4831-906e-8c514e109407,PROVIDER,1000,DigitalTwinRegistryId@BPNL00000003AYRE,83673ffd-c48c-429a-b6c6-7e8dac70b874,cc4e91a5-7577-47d4-80ed-5d8e6977c643,1791483063689,1791483066311,1791483066311,1,
26a4566a-90e5-41f4-9e68-0f58b03f5976,PROVIDER,1000,itemstocksubmodel-api-asset@BPNL00000003AYRE,0ef26eaf-3d7c-479a-9a01-d5fa6d5cdd8e,dae2e738-540b-4745-b9d7-d09e7c426b9c,1791483063767,1791483066321,1791483066321,1,
4e4533c4-01ca-4006-abcf-7016f59efd2c,PROVIDER,1000,DigitalTwinRegistryId@BPNL00000003AYRE,83673ffd-c48c-429a-b6c6-7e8dac70b874,3ec20630-cf7c-40ee-bf8c-c190acbf675d,1791483065124,1791483068221,1791483068221,1,
c2776184-0778-4918-9b1c-828145049914,PROVIDER,1000,itemstocksubmodel-api-asset@BPNL00000003AYRE,0ef26eaf-3d7c-479a-9a01-d5fa6d5cdd8e,f45de5de-8abc-49b0-80ca-9542fc917e03,1791483065133,1791483068231,1791483068231,1,
f4697712-f3de-4513-b581-9bf94c27e86c,PROVIDER,1000,DigitalTwinRegistryId@BPNL00000003AYRE,83673ffd-c48c-429a-b6c6-7e8dac70b874,721d22b5-94e8-4b50-a77a-6c41788ca980,1791483066577,1791483071081,1791483071081,1,
ef439840-fe14-457f-a12a-68fb25fb1358,PROVIDER,1000,itemstocksubmodel-api-asset@BPNL00000003AYRE,0ef26eaf-3d7c-479a-9a01-d5fa6d5cdd8e,0b048c67-c09a-43da-9742-476a533a4fb2,1791483066597,1791483071072,1791483071072,1,
ab56974a-7724-42ee-b375-abcd50f50619,PROVIDER,1000,DigitalTwinRegistryId@BPNL00000003AYRE,83673ffd-c48c-429a-b6c6-7e8dac70b874,10925780-5a6a-40c5-90e4-3426fc22b3c2,1791483067835,1791483071091,1791483071091,1,
e8cedd4b-3e19-4512-857e-5468e1e18b0b,PROVIDER,1000,itemstocksubmodel-api-asset@BPNL00000003AYRE,0ef26eaf-3d7c-479a-9a01-d5fa6d5cdd8e,0b5d0a71-2a66-49d0-bfd6-ce63079151ee,1791483069519,1791483071548,1791483071548,1,
b88abc78-8de9-4916-a9b3-497580b8bb49,PROVIDER,1000,itemstocksubmodel-api-asset@BPNL00000003AYRE,0ef26eaf-3d7c-479a-9a01-d5fa6d5cdd8e,5e97a765-5b14-40e9-9816-0fe52adf7027,1791483069533,1791483071533,1791483071533,1,
91e58823-0c4b-4f42-8a11-39eeac0d6760,PROVIDER,1000,DigitalTwinRegistryId@BPNL00000003AYRE,83673ffd-c48c-429a-b6c6-7e8dac70b874,c558f5fd-7f44-4544-a41a-f60b1d322e03,1791483069821,1791483071775,1791483071775,1,
c6e41821-ed00-44cc-89c8-f4f38c05460a,PROVIDER,1000,DigitalTwinRegistryId@BPNL00000003AYRE,83673ffd-c48c-429a-b6c6-7e8dac70b874,c68dd881-384d-40b1-857e-86c5c9e72c75,1791483070983,1791483071867,1791483071867,1,
4bc1bdf5-2047-4cb7-8e2a-84a355f9b717,PROVIDER,1000,itemstocksubmodel-api-asset@BPNL00000003AYRE,0ef26eaf-3d7c-479a-9a01-d5fa6d5cdd8e,cdcd41d4-fc88-4da1-9587-ead8ddc19dd5,1791483071333,1791483073303,1791483073303,1,
d501dfdc-2e7a-44ec-9313-a172ded0fdda,PROVIDER,1000,itemstocksubmodel-api-asset@BPNL00000003AYRE,0ef26eaf-3d7c-479a-9a01-d5fa6d5cdd8e,744c9271-a011-4361-86ca-7df900cd071d,1791483072558,1791483074560,1791483074560,1,
f260603c-8121-4143-9c3c-2d2e6b145752,PROVIDER,1000,DigitalTwinRegistryId@BPNL00000003AYRE,83673ffd-c48c-429a-b6c6-7e8dac70b874,1970062f-4dbe-4289-8555-3cc04f6337c6,1791483073375,1791483076288,1791483076288,1,
77cee9ea-69fe-4d04-a11a-255dce7a3829,PROVIDER,1000,DigitalTwinRegistryId@BPNL00000003AYRE,83673ffd-c48c-429a-b6c6-7e8dac70b874,1a4e4c2c-a0f1-42c9-bd1b-8e1c28be90ea,1791483074603,1791483078333,1791483078333,1,
abccb01c-18b3-4a65-955d-b2c60c8655cd,PROVIDER,1000,itemstocksubmodel-api-asset@BPNL00000003AYRE,0ef26eaf-3d7c-479a-9a01-d5fa6d5cdd8e,fcdbd87f-8aee-429a-b227-eeec1025edc4,1791483074815,1791483078344,1791483078344,1,
e862e3f1-1d14-40ed-81af-f7572e7f2dd1,PROVIDER,1000,DigitalTwinRegistryId@BPNL00000003AYRE,83673ffd-c48c-429a-b6c6-7e8dac70b874,a40ff4e7-0cd8-48de-948d-97f325c22c09,1791483076041,1791483078356,1791483078356,1,
a21331bd-5e09-4242-819b-853d51eafe2c,PROVIDER,1000,itemstocksubmodel-api-asset@BPNL00000003AYRE,0ef26eaf-3d7c-479a-9a01-d5fa6d5cdd8e,baba9a6d-07f8-45c7-a65f-19015ba5e5de,1791483077108,1791483079656,1791483079656,1,
50a63c2f-7073-4549-9a97-2a1eed43f6c2,PROVIDER,1000,itemstocksubmodel-api-asset@BPNL00000003AYRE,0ef26eaf-3d7c-479a-9a01-d5fa6d5cdd8e,df1dbecc-2cbc-4d7d-ad41-ffae8d629dd8,1791483077121,1791483079670,1791483079670,1,
0db46b82-4d91-4551-aacc-a01c84b4608a,PROVIDER,1000,DigitalTwinRegistryId@BPNL00000003AYRE,83673ffd-c48c-429a-b6c6-7e8dac70b874,833705e8-7516-49de-bafb-99c969280ab6,1791483078472,1791483081243,1791483081243,1,
fe87158c-232f-4f4f-a33d-072f39c2d2f7,PROVIDER,1000,DigitalTwinRegistryId@BPNL00000003AYRE,83673ffd-c48c-429a-b6c6-7e8dac70b874,2eac0887-f7bb-4b8c-851f-61c2479b1138,1791483079684,1791483081558,1791483081558,1,
eae91f3b-c2c7-47a9-874f-12ac6e14f7c0,PROVIDER,1000,itemstocksubmodel-api-asset@BPNL00000003AYRE,0ef26eaf-3d7c-479a-9a01-d5fa6d5cdd8e,417818b6-0729-477c-874a-057bd1360a37,1791483079960,1791483082884,1791483082884,1,
e939729b-1fde-4b5c-bfd7-c07375c15faa,PROVIDER,1000,DigitalTwinRegistryId@BPNL00000003AYRE,83673ffd-c48c-429a-b6c6-7e8dac70b874,d4b34584-2f22-4e87-a15b-17e21c250eab,1791483081112,1791483082895,1791483082895,1,
ad8ce3de-c920-4357-8c7d-011a76202950,PROVIDER,1000,itemstocksubmodel-api-asset@BPNL00000003AYRE,0ef26eaf-3d7c-479a-9a01-d5fa6d5cdd8e,4c6986a0-6763-4172-9b13-fdd4db170268,1791483081728,1791483084273,1791483084273,1,
2d89dacb-fbb8-4703-aeda-fc0777f292d8,PROVIDER,1000,itemstocksubmodel-api-asset@BPNL00000003AYRE,0ef26eaf-3d7c-479a-9a01-d5fa6d5cdd8e,184ba1b7-7430-4fb5-828b-29c438eaa1f9,1791483083302,1791483086351,1791483086351,1,
a318998a-9d2e-4028-8244-deb9e24c013e,PROVIDER,1000,DigitalTwinRegistryId@BPNL00000003AYRE,83673ffd-c48c-429a-b6c6-7e8dac70b874,79a8550a-f666-45ed-af46-f52c250ee45d,1791483084035,1791483086360,1791483086360,1,
a0ef6fa6-7b8b-43d8-85a2-4a872b41a234,PROVIDER,1000,DigitalTwinRegistryId@BPNL00000003AYRE,83673ffd-c48c-429a-b6c6-7e8dac70b874,5ba5ddf2-c04a-47e9-9b54-2b38b711c620,1791483085236,1791483088057,1791483088057,1,
d8df5c02-4b79-4e49-b3a1-abe5b4105e2b,PROVIDER,1000,itemstocksubmodel-api-asset@BPNL00000003AYRE,0ef26eaf-3d7c-479a-9a01-d5fa6d5cdd8e,a00fd078-562a-464c-9694-df191b8f9f77,1791483085243,1791483088070,1791483088070,1,
b98ba1ed-1f90-41c1-b24a-91023c1a9415,PROVIDER,1000,DigitalTwinRegistryId@BPNL00000003AYRE,83673ffd-c48c-429a-b6c6-7e8dac70b874,f75fb3bd-b634-4b7b-8d41-cc33101df5a4,1791483086791,1791483089460,1791483089460,1,
d2a25af0-7431-4a9e-a5d7-76f283ac78af,PROVIDER,1000,itemstocksubmodel-api-asset@BPNL00000003AYRE,0ef26eaf-3d7c-479a-9a01-d5fa6d5cdd8e,cc1de2d6-5be1-467d-88e2-3b79b6e87ca3,1791483086803,1791483089475,1791483089475,1,
90b3dfe7-adfd-4719-8094-7537f3c04dc4,PROVIDER,1000,DigitalTwinRegistryId@BPNL00000003AYRE,83673ffd-c48c-429a-b6c6-7e8dac70b874,eff73e2c-5d49-4591-915e-b80a3db81d0c,1791483088155,1791483091379,1791483091379,1,
871b702b-f8a1-4bb3-9f1b-43c86444cc0b,PROVIDER,1000,itemstocksubmodel-api-asset@BPNL00000003AYRE,0ef26eaf-3d7c-479a-9a01-d5fa6d5cdd8e,91033a59-0abb-42fd-942c-4e9946e03e7d,1791483088175,1791483089703,1791483089703,1,
7dfed371-7302-4850-9712-9d745fb94690,PROVIDER,1000,DigitalTwinRegistryId@BPNL00000003AYRE,83673ffd-c48c-429a-b6c6-7e8dac70b874,5722c3c5-710c-4c85-bbf7-86838fd11c40,1791483089459,1791483091388,1791483091388,1,
a0db4559-1e69-470f-b660-809f6c4d8908,PROVIDER,1000,itemstocksubmodel-api-asset@BPNL00000003AYRE,0ef26eaf-3d7c-479a-9a01-d5fa6d5cdd8e,14ab48b0-e516-466f-9d1d-766a0bff61bc,1791483090737,1791483092689,1791483092689,1,
f627f596-6f8a-4c74-9c59-0714fcc63387,PROVIDER,1000,itemstocksubmodel-api-asset@BPNL00000003AYRE,0ef26eaf-3d7c-479a-9a01-d5fa6d5cdd8e,bd0f6b5e-0c70-4e18-9c74-bb931ac51de3,1791483090806,1791483092703,1791483092703,1,
8cf842e6-ef9a-4ab2-8d21-261a025ed4a0,PROVIDER,1000,DigitalTwinRegistryId@BPNL00000003AYRE,83673ffd-c48c-429a-b6c6-7e8dac70b874,8c619689-aaa4-4a40-906b-2e2490bcda89,1791483092229,1791483094094,1791483094094,1,
5d8f77c9-8368-416c-828b-805fc8d3bcc6,PROVIDER,1000,DigitalTwinRegistryId@BPNL00000003AYRE,83673ffd-c48c-429a-b6c6-7e8dac70b874,0bb5f54c-fbcf-4c94-9d0e-3a286ada5d14,1791483093474,1791483096059,1791483096059,1,
f154cde3-9e1d-4944-8fc1-bd342af0edef,PROVIDER,1000,itemstocksubmodel-api-asset@BPNL00000003AYRE,0ef26eaf-3d7c-479a-9a01-d5fa6d5cdd8e,9ac11a30-5588-4c13-b1a0-6dc143fa1948,1791483093489,1791483096073,1791483096073,1,
f4359789-0461-4913-a24c-64360cbdc9bc,PROVIDER,1000,itemstocksubmodel-api-asset@BPNL00000003AYRE,0ef26eaf-3d7c-479a-9a01-d5fa6d5cdd8e,dcc0cddc-0367-4776-bd01-c9acad6344e1,1791483095095,1791483098206,1791483098206,1,
fddf5b79-e773-4703-8ab6-c649903c5cd7,PROVIDER,1000,DigitalTwinRegistryId@BPNL00000003AYRE,83673ffd-c48c-429a-b6c6-7e8dac70b874,240914b8-ebff-4e7f-855e-5cfe68f09431,1791483095112,1791483098216,1791483098216,1,
5d06c3af-7e78-46ba-8f2f-4becbf24b95c,PROVIDER,1000,itemstocksubmodel-api-asset@BPNL00000003AYRE,0ef26eaf-3d7c-479a-9a01-d5fa6d5cdd8e,69714445-4580-4bd5-a2c8-b55164151271,1791483096512,1791483100073,1791483100073,1,
67526e7d-e22e-4030-a224-1548aaa47efe,PROVIDER,1000,DigitalTwinRegistryId@BPNL00000003AYRE,83673ffd-c48c-429a-b6c6-7e8dac70b874,6d81517b-4501-4538-b9df-eecccc62aaa7,1791483096535,1791483100082,1791483100082,1,
96beb141-4a23-4e5e-8b68-dfd92474bfae,PROVIDER,1000,DigitalTwinRegistryId@BPNL00000003AYRE,83673ffd-c48c-429a-b6c6-7e8dac70b874,1d70ab81-da13-4c68-b378-04cdf0dad513,1791483097836,1791483100091,1791483100091,1,
435fb8c8-f484-40aa-8e5e-d737b6798d3e,PROVIDER,1000,itemstocksubmodel-api-asset@BPNL00000003AYRE,0ef26eaf-3d7c-479a-9a01-d5fa6d5cdd8e,e3403898-1861-43f8-825d-e99988ad19ae,1791483098933,1791483101461,1791483101461,1,
ec243bda-90a0-436d-94aa-1c590084eb00,PROVIDER,1000,itemstocksubmodel-api-asset@BPNL00000003AYRE,0ef26eaf-3d7c-479a-9a01-d5fa6d5cdd8e,92039030-cb17-45e5-ac03-c91f99572727,1791483098951,1791483101503,1791483101503,1,
efa56146-9932-4d64-9b5e-08e16e9eb674,PROVIDER,1000,DigitalTwinRegistryId@BPNL00000003AYRE,83673ffd-c48c-429a-b6c6-7e8dac70b874,963e43b0-ea7f-4af7-a3c4-1f17dfef3801,1791483100565,1791483102818,1791483102818,1,
37786895-4f6a-4d9e-9122-854ec9d2b23b,PROVIDER,1000,DigitalTwinRegistryId@BPNL00000003AYRE,83673ffd-c48c-429a-b6c6-7e8dac70b874,4f9515ce-f706-4f32-9cf6-b94381458e8c,1791483102131,1791483104304,1791483104304,1,
50d2ad26-574b-4d98-96d2-5db9dae21a12,PROVIDER,1000,itemstocksubmodel-api-asset@BPNL00000003AYRE,0ef26eaf-3d7c-479a-9a01-d5fa6d5cdd8e,9ec2d432-877d-484c-a263-1ebcaa0a6b8e,1791483102269,1791483104355,1791483104355,1,
96eaf3b3-cd5a-45c8-8568-44107ef7af16,PROVIDER,1000,DigitalTwinRegistryId@BPNL00000003AYRE,83673ffd-c48c-429a-b6c6-7e8dac70b874,d5a30eb6-4d51-434b-8784-0cb7e9499a2d,1791483103723,1791483106462,1791483106462,1,
da3f1d5d-65a2-4b50-9a65-cd5acff3f35a,PROVIDER,1000,itemstocksubmodel-api-asset@BPNL00000003AYRE,0ef26eaf-3d7c-479a-9a01-d5fa6d5cdd8e,56c5ec21-80f8-4ae1-b0be-7455d7d706d9,1791483103750,1791483106474,1791483106474,1,
64452d92-9c52-4f4d-ba89-b691188784de,PROVIDER,1000,itemstocksubmodel-api-asset@BPNL00000003AYRE,0ef26eaf-3d7c-479a-9a01-d5fa6d5cdd8e,535d3e00-e2f3-4ae0-bccc-08ac164042b9,1791483105001,1791483106744,1791483106744,1,
c803d35a-926e-4a44-81d0-19ede7a2f672,PROVIDER,1000,DigitalTwinRegistryId@BPNL00000003AYRE,83673ffd-c48c-429a-b6c6-7e8dac70b874,aef80dd3-5f36-4b8d-b792-49d79159b45a,1791483105011,1791483108215,1791483108215,1,
2ae86f6b-6e6a-47a6-bfeb-4d6c149ae8c1,PROVIDER,1000,DigitalTwinRegistryId@BPNL00000003AYRE,83673ffd-c48c-429a-b6c6-7e8dac70b874,e352626f-e120-47ad-ab97-1fc654940d93,1791483106239,1791483108323,1791483108323,1,
c23122d7-1e04-4b7a-98c9-c4da7b0aa2cf,PROVIDER,1000,itemstocksubmodel-api-asset@BPNL00000003AYRE,0ef26eaf-3d7c-479a-9a01-d5fa6d5cdd8e,08d5a8ac-b234-4359-9ef7-b785b6978153,1791483107403,1791483109614,1791483109614,1,
f7f5f095-b27c-4c96-b341-541b185432eb,PROVIDER,1000,itemstocksubmodel-api-asset@BPNL00000003AYRE,0ef26eaf-3d7c-479a-9a01-d5fa6d5cdd8e,241921b4-2c6f-47c8-b2e6-4b7daf74776a,1791483107435,1791483109623,1791483109623,1,
4ac48781-b453-4d74-8f2f-cc0793fcb4e9,PROVIDER,1000,DigitalTwinRegistryId@BPNL00000003AYRE,83673ffd-c48c-429a-b6c6-7e8dac70b874,05275c06-5a61-4f16-83e3-d3743741ba96,1791483108766,1791483110996,1791483110996,1,
dfbaa0a3-c588-4e91-b702-53d345ffab9c,PROVIDER,1000,DigitalTwinRegistryId@BPNL00000003AYRE,83673ffd-c48c-429a-b6c6-7e8dac70b874,1b92fb2c-f0ca-4f32-ad4f-f7a6455b754d,1791483109964,1791483112551,1791483112551,1,
f0e02f05-7a5b-403d-bf31-57c42ceaeae8,PROVIDER,1000,itemstocksubmodel-api-asset@BPNL00000003AYRE,0ef26eaf-3d7c-479a-9a01-d5fa6d5cdd8e,d83dfb9a-88c8-41bd-aae7-ec194309cd91,1791483109972,1791483112563,1791483112563,1,
fc6e6023-7c30-4221-bee1-04fd4e95212b,PROVIDER,1000,DigitalTwinRegistryId@BPNL00000003AYRE,83673ffd-c48c-429a-b6c6-7e8dac70b874,72539d7d-bdfa-47fe-9b1c-f8cdad4255de,1791483111129,1791483113986,1791483113986,1,
ea851976-f520-44b1-aa3a-f0de378ae74f,PROVIDER,1000,itemstocksubmodel-api-asset@BPNL00000003AYRE,0ef26eaf-3d7c-479a-9a01-d5fa6d5cdd8e,e9cbd74f-3804-4118-8cc2-856f86799740,1791483111379,1791483113974,1791483113974,1,
8734fbb2-2f24-4a24-9cf4-b21e5aefa88c,PROVIDER,1000,itemstocksubmodel-api-asset@BPNL00000003AYRE,0ef26eaf-3d7c-479a-9a01-d5fa6d5cdd8e,287ae287-cb98-4030-9506-dfbfd07b05f9,1791483113576,1791483115550,1791483115550,1,
dec4b80a-22bb-4ec9-b8c3-97b01e2fd8f7,PROVIDER,1000,DigitalTwinRegistryId@BPNL00000003AYRE,83673ffd-c48c-429a-b6c6-7e8dac70b874,231bb5b7-4d7b-4eb6-9b91-427e5042f5de,1791483113592,1791483115561,1791483115561,1,
a63efb95-9dda-4dc5-be7a-6b6505e923cd,PROVIDER,1000,DigitalTwinRegistryId@BPNL00000003AYRE,83673ffd-c48c-429a-b6c6-7e8dac70b874,5e95550e-ac06-4aff-914a-747985ab1ed0,1791483114952,1791483118695,1791483118695,1,
6f8af99e-a09e-4104-bc8b-c401e2120f2b,PROVIDER,1000,itemstocksubmodel-api-asset@BPNL00000003AYRE,0ef26eaf-3d7c-479a-9a01-d5fa6d5cdd8e,c8ad61b5-499a-4dd2-b858-bbe43ba5353b,1791483114993,1791483118704,1791483118704,1,
a5a9f0a0-6fd9-4460-9737-1411e2c940c0,PROVIDER,1000,itemstocksubmodel-api-asset@BPNL00000003AYRE,0ef26eaf-3d7c-479a-9a01-d5fa6d5cdd8e,e785111f-3229-4299-9f08-476e0cf357d9,1791483116312,1791483118887,1791483118887,1,
1de04dec-fcb5-4310-9e58-ea989d76217b,PROVIDER,1000,DigitalTwinRegistryId@BPNL00000003AYRE,83673ffd-c48c-429a-b6c6-7e8dac70b874,9df81e31-0a3c-418c-8176-d64d5d95019f,1791483116323,1791483119247,1791483119247,1,
9c220727-659e-48ee-b44e-53776ce9daeb,PROVIDER,1000,DigitalTwinRegistryId@BPNL00000003AYRE,83673ffd-c48c-429a-b6c6-7e8dac70b874,1f80c7e3-3aeb-4ba6-9ddc-5d114c5fc188,1791483118716,1791483120875,1791483120875,1,
0e4ee926-1fab-4e20-b8dc-57f2ac80a244,PROVIDER,1000,itemstocksubmodel-api-asset@BPNL00000003AYRE,0ef26eaf-3d7c-479a-9a01-d5fa6d5cdd8e,d0e9b5fa-3d34-4df3-86c2-d505f06d4775,1791483118803,1791483120867,1791483120867,1,
8ad5f1b8-020e-4dc9-861d-9ffe1b5f2bb9,PROVIDER,1000,DigitalTwinRegistryId@BPNL00000003AYRE,83673ffd-c48c-429a-b6c6-7e8dac70b874,190e8770-bdfc-4976-a306-616be6d20e1d,1791483119972,1791483123308,1791483123308,1,
a28a6898-965f-45ae-8f1e-981349dec93e,PROVIDER,1000,itemstocksubmodel-api-asset@BPNL00000003AYRE,0ef26eaf-3d7c-479a-9a01-d5fa6d5cdd8e,706f6c3a-8f9b-46af-9c72-563633d1d0cb,1791483119992,1791483123320,1791483123320,1,
2669df52-0888-47a6-96ac-d114ee92aae3,PROVIDER,1000,itemstocksubmodel-api-asset@BPNL00000003AYRE,0ef26eaf-3d7c-479a-9a01-d5fa6d5cdd8e,d79206d6-aac2-481a-9861-0a6b482278bd,1791483122031,1791483124778,1791483124778,1,
ddf539ec-4e54-48f0-9dcb-aea8fbaa3636,PROVIDER,1000,DigitalTwinRegistryId@BPNL00000003AYRE,83673ffd-c48c-429a-b6c6-7e8dac70b874,58324478-9d06-4190-857f-b55c2645428d,1791483122127,1791483124798,1791483124798,1,
4c268d30-6399-4695-a5fa-c0dcd1060417,PROVIDER,1000,DigitalTwinRegistryId@BPNL00000003AYRE,83673ffd-c48c-429a-b6c6-7e8dac70b874,cdcf3155-b6d7-4562-94bb-eb06e5a419e5,1791483123410,1791483126488,1791483126488,1,
4a99e0bd-6191-4254-90de-851ec2d22846,PROVIDER,1000,itemstocksubmodel-api-asset@BPNL00000003AYRE,0ef26eaf-3d7c-479a-9a01-d5fa6d5cdd8e,62f76d90-e577-4217-9607-3a2fc73947a5,1791483123628,1791483126500,1791483126500,1,
6fef5f0a-5f90-4289-bb0d-8896a395ce21,PROVIDER,1000,DigitalTwinRegistryId@BPNL00000003AYRE,83673ffd-c48c-429a-b6c6-7e8dac70b874,6227e8cb-3eb3-40fb-8a31-98c58db9b315,1791483124919,1791483128792,1791483128792,1,
7289de45-99fd-4e7e-aef2-328dc467e2cd,PROVIDER,1000,itemstocksubmodel-api-asset@BPNL00000003AYRE,0ef26eaf-3d7c-479a-9a01-d5fa6d5cdd8e,45f546cf-8d87-4588-b30c-e58fbf6af32a,1791483124934,1791483128780,1791483128780,1,
18703ad7-a4f0-498a-905e-84aa9fb617b5,PROVIDER,1000,DigitalTwinRegistryId@BPNL00000003AYRE,83673ffd-c48c-429a-b6c6-7e8dac70b874,8824a79c-ba5b-4072-8238-9139d9793983,1791483126135,1791483128769,1791483128769,1,
a4ca37fa-62e3-4036-b224-4137f01571c3,PROVIDER,1000,itemstocksubmodel-api-asset@BPNL00000003AYRE,0ef26eaf-3d7c-479a-9a01-d5fa6d5cdd8e,96f397b2-8485-4454-bb87-2f071c1a4077,1791483127244,1791483129080,1791483129080,1,
8b64e4bc-a94b-48c9-acc8-0878d12b0932,PROVIDER,1000,itemstocksubmodel-api-asset@BPNL00000003AYRE,0ef26eaf-3d7c-479a-9a01-d5fa6d5cdd8e,c37a6655-efd1-4671-a04c-dd07e6e53ae4,1791483127546,1791483129091,1791483129091,1,
2f386e63-46ea-42db-9a66-b28d922ebed3,PROVIDER,1000,DigitalTwinRegistryId@BPNL00000003AYRE,83673ffd-c48c-429a-b6c6-7e8dac70b874,933cc1ab-01ab-443f-a417-81e794034e38,1791483128334,1791483130506,1791483130506,1,
8923f6b6-ddb3-4134-873a-da80d574840f,PROVIDER,1000,DigitalTwinRegistryId@BPNL00000003AYRE,83673ffd-c48c-429a-b6c6-7e8dac70b874,1baaae23-8ea4-469d-9818-2c61845a4939,1791483129723,1791483131961,1791483131961,1,
1b70daa2-6d5d-4998-8ff6-224cdb09f0a7,PROVIDER,1000,itemstocksubmodel-api-asset@BPNL00000003AYRE,0ef26eaf-3d7c-479a-9a01-d5fa6d5cdd8e,4e29e215-5032-4080-95f4-b98d38f3ea1b,1791483129742,1791483131951,1791483131951,1,
0d3d1c2e-060e-447e-9228-07d442dda847,PROVIDER,1000,itemstocksubmodel-api-asset@BPNL00000003AYRE,0ef26eaf-3d7c-479a-9a01-d5fa6d5cdd8e,245e5ed4-a0ba-4e42-8e0a-7fd1899900fb,1791483130937,1791483133441,1791483133441,1,
24ad9417-a31d-464f-b41c-a23ec5e52673,PROVIDER,1000,DigitalTwinRegistryId@BPNL00000003AYRE,83673ffd-c48c-429a-b6c6-7e8dac70b874,caf0eb25-1eb9-4a44-8305-ef1f175f9966,1791483131226,1791483133453,1791483133453,1,
4668826d-f148-4511-a983-90d98ec1707e,PROVIDER,1000,itemstocksubmodel-api-asset@BPNL00000003AYRE,0ef26eaf-3d7c-479a-9a01-d5fa6d5cdd8e,dd30332a-8174-4e82-b6bb-7900d8bb25f6,1791483132332,1791483134712,1791483134712,1,
9fcb4dd7-7d5b-4cbd-8550-d38fcfe1ee4f,PROVIDER,1000,DigitalTwinRegistryId@BPNL00000003AYRE,83673ffd-c48c-429a-b6c6-7e8dac70b874,dc489264-7789-456b-8156-82a5af2fb6ac,1791483133985,1791483136240,1791483136240,1,
a30d8168-3cf2-49df-a785-f31aaf43a3d1,PROVIDER,1000,DigitalTwinRegistryId@BPNL00000003AYRE,83673ffd-c48c-429a-b6c6-7e8dac70b874,d62583b1-6a88-470e-8bb1-b693c6787c98,1791483135220,1791483138017,1791483138017,1,
108353ec-f533-4894-a4af-56bb4c79b256,PROVIDER,1000,itemstocksubmodel-api-asset@BPNL00000003AYRE,0ef26eaf-3d7c-479a-9a01-d5fa6d5cdd8e,cd1e38f8-31e1-4465-b5fc-3807f148dcec,1791483135249,1791483138027,1791483138027,1,
7daf1ca8-67b8-47a9-9278-9344a7121b5e,PROVIDER,1000,DigitalTwinRegistryId@BPNL00000003AYRE,83673ffd-c48c-429a-b6c6-7e8dac70b874,f3123862-7dd6-4b88-ad32-eff683a94d3e,1791483136665,1791483138305,1791483138305,1,
ea9309c5-25ad-4f5c-92a8-2292dc62c860,PROVIDER,1000,itemstocksubmodel-api-asset@BPNL00000003AYRE,0ef26eaf-3d7c-479a-9a01-d5fa6d5cdd8e,2f24ccfb-db4d-4e4c-a594-4891ab04c3b4,1791483136683,1791483138550,1791483138550,1,
d7259435-2d26-458b-95be-f5c26cd920db,PROVIDER,1000,DigitalTwinRegistryId@BPNL00000003AYRE,83673ffd-c48c-429a-b6c6-7e8dac70b874,f3b71665-76c5-470d-8f2c-a04d98634b0e,1791483137905,1791483138758,1791483138758,1,
f3f8bec3-eac7-41a8-9a9f-42ddd0974a68,PROVIDER,1000,itemstocksubmodel-api-asset@BPNL00000003AYRE,0ef26eaf-3d7c-479a-9a01-d5fa6d5cdd8e,d4f5957e-0649-4c07-90dd-1b84ea6141ec,1791483138314,1791483140021,1791483140021,1,
a88c4d4d-5210-4102-a641-6cfb047854cb,PROVIDER,1000,itemstocksubmodel-api-asset@BPNL00000003AYRE,0ef26eaf-3d7c-479a-9a01-d5fa6d5cdd8e,c23e1b6b-f92a-4d2d-ba83-b6fa2e183768,1791483139005,1791483141335,1791483141335,1,
f605782f-d02e-456d-8ca7-1b406836e99f,PROVIDER,1000,DigitalTwinRegistryId@BPNL00000003AYRE,83673ffd-c48c-429a-b6c6-7e8dac70b874,82668114-1c43-4ce2-b041-13053da8db52,1791483140125,1791483144365,1791483144365,1,
5478c12f-6aa5-41e3-953e-bb146d710e0c,PROVIDER,1000,DigitalTwinRegistryId@BPNL00000003AYRE,83673ffd-c48c-429a-b6c6-7e8dac70b874,16958f99-21a2-43ae-8777-b48614b7ef22,1791483141333,1791483144375,1791483144375,1,
a1bc41bf-2e04-4dd9-80a5-daddde26cd4c,PROVIDER,1000,itemstocksubmodel-api-asset@BPNL00000003AYRE,0ef26eaf-3d7c-479a-9a01-d5fa6d5cdd8e,51d24f32-05a8-46fc-b247-8559547a83ed,1791483143367,1791483146176,1791483146176,1,
4aa3a263-b7e9-4b76-8921-8bf3ab13ed07,PROVIDER,1000,itemstocksubmodel-api-asset@BPNL00000003AYRE,0ef26eaf-3d7c-479a-9a01-d5fa6d5cdd8e,87c186c9-512a-44cb-b0d2-2f22c71d0f73,1791483143376,1791483146191,1791483146191,1,
519f289e-e5a8-46e6-8033-5f79f6e7c38a,PROVIDER,1000,DigitalTwinRegistryId@BPNL00000003AYRE,83673ffd-c48c-429a-b6c6-7e8dac70b874,bfdecd85-1a0a-4311-96d3-ff349adaabb1,1791483143593,1791483146217,1791483146217,1,
5c1dcdda-edae-4897-907d-775400327f80,PROVIDER,1000,itemstocksubmodel-api-asset@BPNL00000003AYRE,0ef26eaf-3d7c-479a-9a01-d5fa6d5cdd8e,41ec8b11-73a5-4c4c-bb36-62f2eba1b893,1791483144901,1791483146736,1791483146736,1,
4506a011-3a8d-4704-88ee-448b9fe78f29,PROVIDER,1000,DigitalTwinRegistryId@BPNL00000003AYRE,83673ffd-c48c-429a-b6c6-7e8dac70b874,1ed069ea-79e3-4086-84f2-9292c2f739ae,1791483144943,1791483146747,1791483146747,1,
097d55d9-f7e5-442d-891b-a68786200cf8,PROVIDER,1000,itemstocksubmodel-api-asset@BPNL00000003AYRE,0ef26eaf-3d7c-479a-9a01-d5fa6d5cdd8e,80d2bf87-2ddf-4d82-b0a7-c13c639ee1e3,1791483146174,1791483148250,1791483148250,1,
3c2f712a-43f6-48b9-a422-9c8e195c6cb5,PROVIDER,1000,DigitalTwinRegistryId@BPNL00000003AYRE,83673ffd-c48c-429a-b6c6-7e8dac70b874,e0c79080-04c3-4f8d-a35d-ddf111debf11,1791483146192,1791483148258,1791483148258,1,
f117ede5-904b-4c2f-9d3e-62a402cca313,PROVIDER,1000,itemstocksubmodel-api-asset@BPNL00000003AYRE,0ef26eaf-3d7c-479a-9a01-d5fa6d5cdd8e,13baae7c-ea5b-4e9d-a355-2447ee52f8bb,1791483147533,1791483149492,1791483149492,1,
441b004c-35e2-4dae-93c3-77c8b23bdcc0,PROVIDER,1000,DigitalTwinRegistryId@BPNL00000003AYRE,83673ffd-c48c-429a-b6c6-7e8dac70b874,1718e16b-1684-42a1-86d4-4045ed97a106,1791483147717,1791483149500,1791483149500,1,
a1bf6fa8-4b04-4b9b-b5cb-489dbfc2d7e6,PROVIDER,1000,itemstocksubmodel-api-asset@BPNL00000003AYRE,0ef26eaf-3d7c-479a-9a01-d5fa6d5cdd8e,4af266eb-7876-4340-a5ee-f6fc6f525fa3,1791483148988,1791483150804,1791483150804,1,
938343fd-915d-4cf1-87cb-99f2940978d5,PROVIDER,1000,DigitalTwinRegistryId@BPNL00000003AYRE,83673ffd-c48c-429a-b6c6-7e8dac70b874,3febf84d-6e41-4ab9-a7a5-f012b6faa548,1791483150168,1791483152152,1791483152152,1,
ed092497-ed5d-4e55-94ba-d6c3c986c3bc,PROVIDER,1000,itemstocksubmodel-api-asset@BPNL00000003AYRE,0ef26eaf-3d7c-479a-9a01-d5fa6d5cdd8e,8b11c747-2a1c-429a-9487-5870e80eaa96,1791483151418,1791483153708,1791483153708,1,
6256ae05-e3f6-4e73-b5c9-e371aefe4f33,PROVIDER,1000,DigitalTwinRegistryId@BPNL00000003AYRE,83673ffd-c48c-429a-b6c6-7e8dac70b874,2550b67d-e421-4513-9025-c2d7135c06dc,1791483151440,1791483153726,1791483153726,1,
4ccf1df2-3bdc-4e59-8b31-5d906b3b4697,PROVIDER,1000,itemstocksubmodel-api-asset@BPNL00000003AYRE,0ef26eaf-3d7c-479a-9a01-d5fa6d5cdd8e,074b6dcc-114c-43c7-885a-e141829f6194,1791483152936,1791483155384,1791483155384,1,
27dd7641-81a8-4bf5-9ce8-86e02214fc65,PROVIDER,1000,DigitalTwinRegistryId@BPNL00000003AYRE,83673ffd-c48c-429a-b6c6-7e8dac70b874,aadfd9c7-07fd-4850-b076-a34b343ebc94,1791483152949,1791483155405,1791483155405,1,
d2068fb6-1589-48f0-b771-285c4e59522e,PROVIDER,1000,itemstocksubmodel-api-asset@BPNL00000003AYRE,0ef26eaf-3d7c-479a-9a01-d5fa6d5cdd8e,5ab14ed0-9976-4bd9-86df-07276407c91a,1791483154266,1791483156777,1791483156777,1,
10186503-b6f0-4705-9d01-136726ea34c4,PROVIDER,1000,DigitalTwinRegistryId@BPNL00000003AYRE,83673ffd-c48c-429a-b6c6-7e8dac70b874,07ea39cd-7192-4651-91f1-3c10d5be54d4,1791483154442,1791483156787,1791483156787,1,
4902ea8e-6194-442e-a01e-c58035a5243b,PROVIDER,1000,itemstocksubmodel-api-asset@BPNL00000003AYRE,0ef26eaf-3d7c-479a-9a01-d5fa6d5cdd8e,210dc08b-0b85-4675-8120-0ae8c5dd9523,1791483155568,1791483159505,1791483159505,1,
57ac7a31-03be-485a-8d3a-8e4684abf842,PROVIDER,1000,DigitalTwinRegistryId@BPNL00000003AYRE,83673ffd-c48c-429a-b6c6-7e8dac70b874,14c1570f-7050-4225-9883-1ec5c940dbf9,1791483156764,1791483159516,1791483159516,1,
2ab6e338-cd05-4769-9024-9d5cadfec8c7,PROVIDER,1000,DigitalTwinRegistryId@BPNL00000003AYRE,83673ffd-c48c-429a-b6c6-7e8dac70b874,1c397314-fa13-4e06-9676-4988cc948ef1,1791483158038,1791483160923,1791483160923,1,
0caf8070-c4f1-46aa-a77b-5d2772e9e9a1,PROVIDER,1000,itemstocksubmodel-api-asset@BPNL00000003AYRE,0ef26eaf-3d7c-479a-9a01-d5fa6d5cdd8e,3f7e58b9-bd99-4f1a-bd4c-87ede12fbcad,1791483158812,1791483160910,1791483160910,1,
b261664e-1ccd-4ddb-9908-347a6656941d,PROVIDER,1000,DigitalTwinRegistryId@BPNL00000003AYRE,83673ffd-c48c-429a-b6c6-7e8dac70b874,ca498e51-a89a-40ae-a5eb-58e2e219b0a0,1791483160017,1791483162338,1791483162338,1,
18bdb03e-d2c0-4f67-a3d3-2cc630b9daa3,PROVIDER,1000,itemstocksubmodel-api-asset@BPNL00000003AYRE,0ef26eaf-3d7c-479a-9a01-d5fa6d5cdd8e,f1ded39d-df4b-448f-b65f-3a0c4f89c06d,1791483160036,1791483162327,1791483162327,1,
41a9ea2c-cae2-4e71-9c4b-a67fac997bcf,PROVIDER,1000,DigitalTwinRegistryId@BPNL00000003AYRE,83673ffd-c48c-429a-b6c6-7e8dac70b874,17fb1851-9687-4816-ab38-ef8b90eaffd2,1791483161433,1791483163820,1791483163820,1,
87360348-58dd-4877-937b-1c4531f20721,PROVIDER,1000,itemstocksubmodel-api-asset@BPNL00000003AYRE,0ef26eaf-3d7c-479a-9a01-d5fa6d5cdd8e,04be4499-f88b-4735-965d-c4a5e74f8fb8,1791483161496,1791483163979,1791483163979,1,
8b9cddb6-64d9-4e59-a88a-fe86fe45355a,PROVIDER,1000,itemstocksubmodel-api-asset@BPNL00000003AYRE,0ef26eaf-3d7c-479a-9a01-d5fa6d5cdd8e,38d0422b-f0a5-475f-91ce-ede1b541e5b3,1791483163000,1791483165413,1791483165413,1,
478bdc76-40af-4337-821d-6cb9de44f738,PROVIDER,1000,DigitalTwinRegistryId@BPNL00000003AYRE,83673ffd-c48c-429a-b6c6-7e8dac70b874,c42c4c97-ca13-4c90-8098-dab556a1a744,1791483163011,1791483165428,1791483165428,1,
2003bc6a-30b2-484b-af7b-255de3dabb10,PROVIDER,1000,itemstocksubmodel-api-asset@BPNL00000003AYRE,0ef26eaf-3d7c-479a-9a01-d5fa6d5cdd8e,ffe29844-ca4e-4459-9fca-d685a1491f3b,1791483164167,1791483166769,1791483166769,1,
26b6664c-5805-4f2c-ac26-ba4439013b09,PROVIDER,1000,DigitalTwinRegistryId@BPNL00000003AYRE,83673ffd-c48c-429a-b6c6-7e8dac70b874,c2b69ff0-aa03-49b3-a49c-dd2310185e65,1791483164452,1791483166757,1791483166757,1,
7ab2b054-d6d9-4547-b736-407e6f20d8cb,PROVIDER,1000,itemstocksubmodel-api-asset@BPNL00000003AYRE,0ef26eaf-3d7c-479a-9a01-d5fa6d5cdd8e,ec6c16f7-54bd-477e-b612-11f384ff98a0,1791483165641,1791483168004,1791483168004,1,
3830442b-6c7f-4dfb-b49b-2ae4c08e46b3,PROVIDER,1000,DigitalTwinRegistryId@BPNL00000003AYRE,83673ffd-c48c-429a-b6c6-7e8dac70b874,547624be-9ed4-4132-95c9-49f08ac918f1,1791483166809,1791483169669,1791483169669,1,
62427908-ee2b-4fdc-b84f-c71068fdb1b8,PROVIDER,1000,DigitalTwinRegistryId@BPNL00000003AYRE,83673ffd-c48c-429a-b6c6-7e8dac70b874,269500b0-d8e8-4668-a338-b70a6057eb14,1791483167970,1791483169682,1791483169682,1,
9a91e1ca-f07e-4af3-b4fa-d40d51bf20e5,PROVIDER,1000,itemstocksubmodel-api-asset@BPNL00000003AYRE,0ef26eaf-3d7c-479a-9a01-d5fa6d5cdd8e,5bf0d70e-56c6-44ed-8ae1-ea23a606755c,1791483169163,1791483171028,1791483171028,1,
429dd0b5-0372-46d6-bec2-038225346a99,PROVIDER,1000,itemstocksubmodel-api-asset@BPNL00000003AYRE,0ef26eaf-3d7c-479a-9a01-d5fa6d5cdd8e,0b7755ea-1153-4866-84c7-5cd9e80edfd1,1791483169181,1791483171035,1791483171035,1,
4d8663d7-4023-4456-84d8-bcd56def6863,PROVIDER,1000,DigitalTwinRegistryId@BPNL00000003AYRE,83673ffd-c48c-429a-b6c6-7e8dac70b874,5854db31-110e-49dc-961d-6160d509dfa0,1791483169809,1791483172433,1791483172433,1,
844eaede-1930-4eb4-b6a4-0fa8014de810,PROVIDER,1000,DigitalTwinRegistryId@BPNL00000003AYRE,83673ffd-c48c-429a-b6c6-7e8dac70b874,17c74b04-b987-447f-9316-7d41d24eca77,1791483171180,1791483173781,1791483173781,1,
ca36c78e-fc26-4e85-8099-c99712aab251,PROVIDER,1000,itemstocksubmodel-api-asset@BPNL00000003AYRE,0ef26eaf-3d7c-479a-9a01-d5fa6d5cdd8e,31086aef-e989-451c-9f7f-1472fc470cb4,1791483171229,1791483173793,1791483173793,1,
b304779e-ce10-4e57-8f0c-746ca1e2037d,PROVIDER,1000,DigitalTwinRegistryId@BPNL00000003AYRE,83673ffd-c48c-429a-b6c6-7e8dac70b874,7fecc7cc-0233-4fe8-b3c2-884722c9b2da,1791483173425,1791483175313,1791483175313,1,
27121866-ad23-41c4-84cb-c6f605fcd7a6,PROVIDER,1000,itemstocksubmodel-api-asset@BPNL00000003AYRE,0ef26eaf-3d7c-479a-9a01-d5fa6d5cdd8e,f0c22a14-2f0f-4c5e-80f0-23696cedae6e,1791483173443,1791483175321,1791483175321,1,
1d9db82e-3fe3-4a64-b65e-ad583485dcaa,PROVIDER,1000,itemstocksubmodel-api-asset@BPNL00000003AYRE,0ef26eaf-3d7c-479a-9a01-d5fa6d5cdd8e,00405dd7-0254-4201-8368-1fc57460dae0,1791483174697,1791483177040,1791483177040,1,
c7a2a55b-b73a-4afa-ab5b-5c32e60fc58b,PROVIDER,1000,DigitalTwinRegistryId@BPNL00000003AYRE,83673ffd-c48c-429a-b6c6-7e8dac70b874,88a248b4-39c8-4b80-bfa6-814bdca95ba5,1791483174709,1791483177160,1791483177160,1,
c46b5653-c9b2-4525-8c88-1a5e06fa8d7d,PROVIDER,1000,itemstocksubmodel-api-asset@BPNL00000003AYRE,0ef26eaf-3d7c-479a-9a01-d5fa6d5cdd8e,2f5e2415-e5b1-40ba-a5d9-2e89e168cd22,1791483175931,1791483178959,1791483178959,1,
8400a258-17b4-4088-9f19-324ef6157570,PROVIDER,1000,DigitalTwinRegistryId@BPNL00000003AYRE,83673ffd-c48c-429a-b6c6-7e8dac70b874,6ae2851e-deb9-4386-bc6b-3f8e6a023f08,1791483176183,1791483178946,1791483178946,1,
ef70b931-dd9c-4f3a-b93c-0dbf41306bc2,PROVIDER,1000,itemstocksubmodel-api-asset@BPNL00000003AYRE,0ef26eaf-3d7c-479a-9a01-d5fa6d5cdd8e,185f90b9-89af-4836-92d7-0169a42feed7,1791483177435,1791483180512,1791483180512,1,
c8fa6077-a451-4204-9095-84cfb3391970,PROVIDER,1000,DigitalTwinRegistryId@BPNL00000003AYRE,83673ffd-c48c-429a-b6c6-7e8dac70b874,663c4fbd-d122-49d5-ad83-947136e631bf,1791483178477,1791483180527,1791483180527,1,
94fbc369-cf68-479e-a9a3-c9b42406a199,PROVIDER,1000,DigitalTwinRegistryId@BPNL00000003AYRE,83673ffd-c48c-429a-b6c6-7e8dac70b874,78bc1177-1195-441b-be96-60377bab2085,1791483179666,1791483182608,1791483182608,1,
8ba13917-2bc6-4639-b88e-4192324b8d9c,PROVIDER,1000,itemstocksubmodel-api-asset@BPNL00000003AYRE,0ef26eaf-3d7c-479a-9a01-d5fa6d5cdd8e,ee20b1f4-dc45-4c1e-bf22-921ea041d268,1791483179680,1791483182620,1791483182620,1,
574d050b-2567-460c-89af-54b9bd8bc398,PROVIDER,1000,itemstocksubmodel-api-asset@BPNL00000003AYRE,0ef26eaf-3d7c-479a-9a01-d5fa6d5cdd8e,74783657-6248-4221-a5c9-273946e6a467,1791483180931,1791483182943,1791483182943,1,
4ea4f3a9-d6fd-4410-9568-5092c34551ba,PROVIDER,1000,DigitalTwinRegistryId@BPNL00000003AYRE,83673ffd-c48c-429a-b6c6-7e8dac70b874,6879b307-3b10-445c-8ab0-1b40967f07db,1791483181130,1791483182957,1791483182957,1,
eea8ba75-61df-47fe-8daa-df31d6759720,PROVIDER,1000,itemstocksubmodel-api-asset@BPNL00000003AYRE,0ef26eaf-3d7c-479a-9a01-d5fa6d5cdd8e,2900e3a0-b120-421c-b735-b7f3b41dd8b1,1791483182325,1791483184356,1791483184356,1,
cd79c72c-e86d-4bfb-857e-020da6e6bdcc,PROVIDER,1000,DigitalTwinRegistryId@BPNL00000003AYRE,83673ffd-c48c-429a-b6c6-7e8dac70b874,0545f57b-987e-44b1-8108-ff3b931a2cf9,1791483183582,1791483186204,1791483186204,1,
aab00027-0626-4d5e-b9b4-52df6758fa7e,PROVIDER,1000,DigitalTwinRegistryId@BPNL00000003AYRE,83673ffd-c48c-429a-b6c6-7e8dac70b874,3c752604-0331-4f2f-9ffb-f67c06fcb9c2,1791483184835,1791483187167,1791483187167,1,
9bfa2d3f-c11b-4335-b27f-ab06ec267393,PROVIDER,1000,itemstocksubmodel-api-asset@BPNL00000003AYRE,0ef26eaf-3d7c-479a-9a01-d5fa6d5cdd8e,87e2a65c-422f-415f-8748-744745fbc358,1791483184849,1791483187156,1791483187156,1,
ffbf7da8-ff30-4494-94f6-c32a024f455f,PROVIDER,1000,itemstocksubmodel-api-asset@BPNL00000003AYRE,0ef26eaf-3d7c-479a-9a01-d5fa6d5cdd8e,76f5b001-4bc3-493c-b24a-39c6b1704d8f,1791483186147,1791483188766,1791483188766,1,
5c79efa3-9f22-40d7-944a-a341712791ca,PROVIDER,1000,DigitalTwinRegistryId@BPNL00000003AYRE,83673ffd-c48c-429a-b6c6-7e8dac70b874,a06e7f63-fc74-443c-bda5-0eedd6d83d40,1791483186204,1791483188780,1791483188780,1,
2b9c7739-db9e-4329-8efe-487525dcbfe5,PROVIDER,1000,itemstocksubmodel-api-asset@BPNL00000003AYRE,0ef26eaf-3d7c-479a-9a01-d5fa6d5cdd8e,b0543ef2-a689-4cac-83db-28bbf91e27a7,1791483187539,1791483189065,1791483189065,1,
2214ec11-8ac1-4fd1-bc4e-8514923f2dc1,PROVIDER,1000,DigitalTwinRegistryId@BPNL00000003AYRE,83673ffd-c48c-429a-b6c6-7e8dac70b874,b52a0534-43fb-482d-a9a5-7bff947dd889,1791483188666,1791483190572,1791483190572,1,
a431843d-ad89-4e56-8eb6-c06652c4807b,PROVIDER,1000,DigitalTwinRegistryId@BPNL00000003AYRE,83673ffd-c48c-429a-b6c6-7e8dac70b874,02455eb8-a702-47d5-a6ce-51da5f4d528b,1791483189909,1791483192001,1791483192001,1,
17ac5129-0d7d-40eb-bd58-ad3302a62916,PROVIDER,1000,itemstocksubmodel-api-asset@BPNL00000003AYRE,0ef26eaf-3d7c-479a-9a01-d5fa6d5cdd8e,eeab57fa-f87b-4f56-8f68-1d35341c541d,1791483189927,1791483192019,1791483192019,1,
076568da-68e4-4e29-bb53-abebeea2e710,PROVIDER,1000,itemstocksubmodel-api-asset@BPNL00000003AYRE,0ef26eaf-3d7c-479a-9a01-d5fa6d5cdd8e,22b519e7-390d-447b-85bc-aa97b1fa2a2b,1791483191109,1791483193439,1791483193439,1,
a4259f80-e562-4921-b5e9-438e23d6f7cc,PROVIDER,1000,DigitalTwinRegistryId@BPNL00000003AYRE,83673ffd-c48c-429a-b6c6-7e8dac70b874,a3753eff-637e-41f0-b0ad-9ef8aaada940,1791483191125,1791483193629,1791483193629,1,
32de3695-f1b4-4728-ad41-7279e22905f0,PROVIDER,1000,itemstocksubmodel-api-asset@BPNL00000003AYRE,0ef26eaf-3d7c-479a-9a01-d5fa6d5cdd8e,1e228d4b-b263-4653-8e1e-908e4cc41111,1791483192459,1791483195133,1791483195133,1,
2239e276-b416-4859-a664-242569dd37b4,PROVIDER,1000,DigitalTwinRegistryId@BPNL00000003AYRE,83673ffd-c48c-429a-b6c6-7e8dac70b874,32ae6518-319a-4933-a5e7-2aa2b2c03c01,1791483193304,1791483195144,1791483195144,1,
c62d4e7c-33fb-4cd0-bccc-eb79a75629e7,PROVIDER,1000,itemstocksubmodel-api-asset@BPNL00000003AYRE,0ef26eaf-3d7c-479a-9a01-d5fa6d5cdd8e,0f9b7dff-eb8b-487d-94bb-6e75fb2947a2,1791483194499,1791483196547,1791483196547,1,
080f1257-811c-4350-9d16-09ef660add2d,PROVIDER,1000,DigitalTwinRegistryId@BPNL00000003AYRE,83673ffd-c48c-429a-b6c6-7e8dac70b874,76af6700-9ad7-46a6-ba71-6d1872de8b84,1791483194506,1791483196560,1791483196560,1,
6797350e-b1c3-44b0-b76f-bc1cd444bbe1,PROVIDER,1000,itemstocksubmodel-api-asset@BPNL00000003AYRE,0ef26eaf-3d7c-479a-9a01-d5fa6d5cdd8e,981859bb-e569-451c-ab05-55803f619100,1791483195805,1791483197904,1791483197904,1,
4537fa45-ebf5-4072-935b-23089e9b4a7a,PROVIDER,1000,DigitalTwinRegistryId@BPNL00000003AYRE,83673ffd-c48c-429a-b6c6-7e8dac70b874,6045150a-f921-4970-bb4d-3285859e3d3f,1791483196867,1791483199310,1791483199310,1,
2b5d35ed-804c-4d9a-be80-7433f5878006,PROVIDER,1000,DigitalTwinRegistryId@BPNL00000003AYRE,83673ffd-c48c-429a-b6c6-7e8dac70b874,8a569a3a-d4fa-486e-9245-fa166a51d4e5,1791483198175,1791483200994,1791483200994,1,
dfc650d4-eb4b-4442-921b-0f216a778b02,PROVIDER,1000,itemstocksubmodel-api-asset@BPNL00000003AYRE,0ef26eaf-3d7c-479a-9a01-d5fa6d5cdd8e,faaf3e6a-738e-468d-a1e8-b2b5e6f672c6,1791483198189,1791483200625,1791483200625,1,
2fd67c50-8421-46c3-bb2c-8520557a8ca0,PROVIDER,1000,DigitalTwinRegistryId@BPNL00000003AYRE,83673ffd-c48c-429a-b6c6-7e8dac70b874,0e334fd7-1cf2-460d-b82a-d857983b850b,1791483199405,1791483202478,1791483202478,1,
deeab21d-54bf-40fa-b256-2d9a776f567c,PROVIDER,1000,itemstocksubmodel-api-asset@BPNL00000003AYRE,0ef26eaf-3d7c-479a-9a01-d5fa6d5cdd8e,58b7f485-2b34-41b5-90bc-6c204881489d,1791483200616,1791483202486,1791483202486,1,
bce069b4-bb81-4353-8132-09c6171fda9a,PROVIDER,1000,itemstocksubmodel-api-asset@BPNL00000003AYRE,0ef26eaf-3d7c-479a-9a01-d5fa6d5cdd8e,7d987fe2-8d8a-41c6-b4a9-9767c78631fb,1791483201852,1791483203951,1791483203951,1,
649f7439-3fd6-41ef-b831-997a95cb6cbf,PROVIDER,1000,DigitalTwinRegistryId@BPNL00000003AYRE,83673ffd-c48c-429a-b6c6-7e8dac70b874,3a587ea8-dd24-4a2a-bd64-ddaa2bff59fc,1791483201861,1791483203960,1791483203960,1,
f5d86838-e4b1-4af4-b9cd-34198fa7e922,PROVIDER,1000,DigitalTwinRegistryId@BPNL00000003AYRE,83673ffd-c48c-429a-b6c6-7e8dac70b874,a3388b1f-6c0b-47f1-a6ae-ec7ab794d8bd,1791483203178,1791483205550,1791483205550,1,
652629a2-de39-492c-b9fc-1fff4002f9d7,PROVIDER,1000,itemstocksubmodel-api-asset@BPNL00000003AYRE,0ef26eaf-3d7c-479a-9a01-d5fa6d5cdd8e,934785e0-bc25-48be-aa11-24d9ca6d2a97,1791483203198,1791483205558,1791483205558,1,
2d1a784e-e584-41e4-9300-ab74d268dce9,PROVIDER,1000,itemstocksubmodel-api-asset@BPNL00000003AYRE,0ef26eaf-3d7c-479a-9a01-d5fa6d5cdd8e,29783fce-ebf2-43fb-aa00-14cddf78b09f,1791483204505,1791483206944,1791483206944,1,
30feee97-4575-48ea-be1d-a38685e598c8,PROVIDER,1000,DigitalTwinRegistryId@BPNL00000003AYRE,83673ffd-c48c-429a-b6c6-7e8dac70b874,34d00144-fd3f-4baf-beef-6f98481755f5,1791483204519,1791483206956,1791483206956,1,
db8e9b87-4801-45d2-baf9-cde9a5acf46c,PROVIDER,1000,itemstocksubmodel-api-asset@BPNL00000003AYRE,0ef26eaf-3d7c-479a-9a01-d5fa6d5cdd8e,d66ed36a-26eb-48b6-9bfc-30e9164b4422,1791483205835,1791483208723,1791483208723,1,
08809014-fd99-44dd-a5c2-b9076977518f,PROVIDER,1000,DigitalTwinRegistryId@BPNL00000003AYRE,83673ffd-c48c-429a-b6c6-7e8dac70b874,c9ec6664-2a1a-4894-bb6e-5fb99d548702,1791483206913,1791483208737,1791483208737,1,
8bb56f7b-e0a5-49fe-a0e6-0f9873200e0f,PROVIDER,1000,itemstocksubmodel-api-asset@BPNL00000003AYRE,0ef26eaf-3d7c-479a-9a01-d5fa6d5cdd8e,ed242582-6bde-4472-86ab-ec1da6a4dd55,1791483208128,1791483210218,1791483210218,1,
6e8be9b9-774c-456a-9640-2f369242dd6f,PROVIDER,1000,DigitalTwinRegistryId@BPNL00000003AYRE,83673ffd-c48c-429a-b6c6-7e8dac70b874,85d2eb54-6606-4dea-a875-679a8c2ca5f3,1791483208146,1791483210229,1791483210229,1,
2fec5696-7ff1-441e-851a-fcb98fd84584,PROVIDER,1000,itemstocksubmodel-api-asset@BPNL00000003AYRE,0ef26eaf-3d7c-479a-9a01-d5fa6d5cdd8e,1be31171-5f2a-4718-a95d-d1885dd50161,1791483209452,1791483211628,1791483211628,1,
81ba1d99-aea5-464d-94f1-459b3357d153,PROVIDER,1000,DigitalTwinRegistryId@BPNL00000003AYRE,83673ffd-c48c-429a-b6c6-7e8dac70b874,ef87620c-0a81-46fb-aa16-4a5b5d7d3ca6,1791483209458,1791483211637,1791483211637,1,
d8c8f401-c58b-4950-b27f-4a17574e4df1,PROVIDER,1000,itemstocksubmodel-api-asset@BPNL00000003AYRE,0ef26eaf-3d7c-479a-9a01-d5fa6d5cdd8e,289abfbd-8a69-47f2-ab48-8a936938bffa,1791483210682,1791483212901,1791483212901,1,
2fd4715c-c6ae-46bd-b848-060397a37471,PROVIDER,1000,DigitalTwinRegistryId@BPNL00000003AYRE,83673ffd-c48c-429a-b6c6-7e8dac70b874,d8665d40-2d43-415f-b80e-50ef6672c3ed,1791483211993,1791483214271,1791483214271,1,
0ad9e5aa-ff2e-47d4-a50d-9c509fcfce26,PROVIDER,1000,DigitalTwinRegistryId@BPNL00000003AYRE,83673ffd-c48c-429a-b6c6-7e8dac70b874,08c96e8b-5377-47a9-b65a-7a609d2abcc9,1791483213214,1791483216804,1791483216804,1,
1d7de952-3383-41f8-89d6-8e5e70fe7832,PROVIDER,1000,itemstocksubmodel-api-asset@BPNL00000003AYRE,0ef26eaf-3d7c-479a-9a01-d5fa6d5cdd8e,a561a282-4af4-4c3f-9c45-2d38e282de6e,1791483213225,1791483216935,1791483216935,1,
a30712c7-ade2-444f-b20c-be3836a044b9,PROVIDER,1000,DigitalTwinRegistryId@BPNL00000003AYRE,83673ffd-c48c-429a-b6c6-7e8dac70b874,082739f4-b7d7-4a15-ad44-91818ffa2900,1791483214694,1791483218174,1791483218174,1,
2178a4a8-c53b-4cd1-8248-47b87bf021ef,PROVIDER,1000,itemstocksubmodel-api-asset@BPNL00000003AYRE,0ef26eaf-3d7c-479a-9a01-d5fa6d5cdd8e,80493076-bde6-440f-b5d3-75d25bf6d603,1791483214774,1791483218184,1791483218184,1,
fe2665eb-2a8f-4e97-9c7e-a35946a8d40c,PROVIDER,1000,DigitalTwinRegistryId@BPNL00000003AYRE,83673ffd-c48c-429a-b6c6-7e8dac70b874,d3bac218-ad37-4adf-b993-3bd3b04702b9,1791483216334,1791483219625,1791483219625,1,
3090dbdc-5f94-4dc0-9492-8f10ef8ded8d,PROVIDER,1000,itemstocksubmodel-api-asset@BPNL00000003AYRE,0ef26eaf-3d7c-479a-9a01-d5fa6d5cdd8e,f4bd0bd4-06f6-4bef-bd54-170e1735f214,1791483216338,1791483219637,1791483219637,1,
5b7fa448-c2c3-48a9-96a7-215156d0666f,PROVIDER,1000,DigitalTwinRegistryId@BPNL00000003AYRE,83673ffd-c48c-429a-b6c6-7e8dac70b874,700628b1-b7c3-468a-b2a5-4467017bc5d2,1791483218434,1791483221194,1791483221194,1,
66eabdba-f3c1-4e48-811f-2d4ecd3ccbe6,PROVIDER,1000,itemstocksubmodel-api-asset@BPNL00000003AYRE,0ef26eaf-3d7c-479a-9a01-d5fa6d5cdd8e,5fec839b-5df9-4797-8e28-51ee63c8ef9b,1791483218458,1791483221211,1791483221211,1,
efc9b0ad-fd85-446d-a28d-794471204d60,PROVIDER,1000,DigitalTwinRegistryId@BPNL00000003AYRE,83673ffd-c48c-429a-b6c6-7e8dac70b874,3654c4ee-443e-4906-81e6-3fe70f5af95c,1791483219740,1791483222604,1791483222604,1,
e146eec4-3f7c-48b5-adf6-ee2a3fed0b52,PROVIDER,1000,itemstocksubmodel-api-asset@BPNL00000003AYRE,0ef26eaf-3d7c-479a-9a01-d5fa6d5cdd8e,74e8c261-c30c-4a8b-9bbb-a2252aa3bce0,1791483219926,1791483222615,1791483222615,1,
66904746-f113-4c9a-9665-4b43c34eff45,PROVIDER,1000,DigitalTwinRegistryId@BPNL00000003AYRE,83673ffd-c48c-429a-b6c6-7e8dac70b874,d53019cb-0358-460a-b7a7-678f02769878,1791483221248,1791483224203,1791483224203,1,
eb976180-ed9c-4a9e-934f-027a6bdae381,PROVIDER,1000,itemstocksubmodel-api-asset@BPNL00000003AYRE,0ef26eaf-3d7c-479a-9a01-d5fa6d5cdd8e,5fc8c3af-f6df-4e66-9ef9-26e8351d4cf3,1791483221329,1791483224419,1791483224419,1,
4014ba1d-95c5-41f2-92f5-c73edf80cc22,PROVIDER,1000,DigitalTwinRegistryId@BPNL00000003AYRE,83673ffd-c48c-429a-b6c6-7e8dac70b874,32bf7110-c19a-4537-a859-b4da99e48240,1791483223575,1791483226168,1791483226168,1,
0c938400-4b44-41ec-a2a8-276b1d216765,PROVIDER,1000,itemstocksubmodel-api-asset@BPNL00000003AYRE,0ef26eaf-3d7c-479a-9a01-d5fa6d5cdd8e,f34441ab-4c27-40b2-87dd-9a9391fcb009,1791483223585,1791483226178,1791483226178,1,
576dd08f-e7ea-4ca4-87ce-4fb11ae7957c,PROVIDER,1000,itemstocksubmodel-api-asset@BPNL00000003AYRE,0ef26eaf-3d7c-479a-9a01-d5fa6d5cdd8e,1ce57785-d7e5-40e7-8a20-d2e53eaf70f0,1791483224828,1791483228046,1791483228046,1,
274aebe3-71e1-4fd8-bb4a-273e5533a58a,PROVIDER,1000,DigitalTwinRegistryId@BPNL00000003AYRE,83673ffd-c48c-429a-b6c6-7e8dac70b874,774a0fcc-c63a-4bd4-b6d9-8b136ec322d9,1791483224843,1791483228056,1791483228056,1,
d462ccca-effc-4c49-879a-73f55e23f842,PROVIDER,1000,DigitalTwinRegistryId@BPNL00000003AYRE,83673ffd-c48c-429a-b6c6-7e8dac70b874,9eccd7ab-6520-4a33-8fc2-81cf79bfb7de,1791483226262,1791483229539,1791483229539,1,
91235abf-2d24-455d-a3ac-a28b6cf0c7cd,PROVIDER,1000,itemstocksubmodel-api-asset@BPNL00000003AYRE,0ef26eaf-3d7c-479a-9a01-d5fa6d5cdd8e,55521655-2f4a-4a6b-92e9-4b0ef1131512,1791483226303,1791483229528,1791483229528,1,
af3e3c9c-22b8-47af-bb8c-7859c58de82b,PROVIDER,1000,DigitalTwinRegistryId@BPNL00000003AYRE,83673ffd-c48c-429a-b6c6-7e8dac70b874,633f1b55-8c57-4cc8-9e28-973c1a9c8ce2,1791483228524,1791483231516,1791483231516,1,
bf3d9fac-7da3-4c6a-9d13-27663f9438be,PROVIDER,1000,itemstocksubmodel-api-asset@BPNL00000003AYRE,0ef26eaf-3d7c-479a-9a01-d5fa6d5cdd8e,e44dfa9c-56a1-4040-9c79-63c74d74209f,1791483228543,1791483231509,1791483231509,1,
c318ae58-b037-4a8a-8398-52b4175d24e9,PROVIDER,1000,DigitalTwinRegistryId@BPNL00000003AYRE,83673ffd-c48c-429a-b6c6-7e8dac70b874,fa0189fa-f2e0-4f11-8b18-f35223951fcb,1791483229792,1791483231861,1791483231861,1,
b220b408-de49-444e-a39f-59255a8129b3,PROVIDER,1000,itemstocksubmodel-api-asset@BPNL00000003AYRE,0ef26eaf-3d7c-479a-9a01-d5fa6d5cdd8e,6bfe7ec6-ee53-4a5b-9990-3ccba2036420,1791483229950,1791483231869,1791483231869,1,
6804c015-77bb-4571-89a0-d8cd6f2c3f66,PROVIDER,1000,DigitalTwinRegistryId@BPNL00000003AYRE,83673ffd-c48c-429a-b6c6-7e8dac70b874,ba89618f-f5a6-43e4-9f60-7ef85a426161,1791483231180,1791483233285,1791483233285,1,
4fffbf27-8558-402c-b217-121c8576b7d6,PROVIDER,1000,itemstocksubmodel-api-asset@BPNL00000003AYRE,0ef26eaf-3d7c-479a-9a01-d5fa6d5cdd8e,f1cf8762-8f65-4d87-b4dc-7585c3a0ad93,1791483231232,1791483233273,1791483233273,1,
1932e316-e71d-47d6-acd2-b1025c532e9b,PROVIDER,1000,itemstocksubmodel-api-asset@BPNL00000003AYRE,0ef26eaf-3d7c-479a-9a01-d5fa6d5cdd8e,93547194-6bdc-4e0b-9575-23d49a3fbf98,1791483232561,1791483234539,1791483234539,1,
08503182-b944-4fe5-831f-953d25898e82,PROVIDER,1000,DigitalTwinRegistryId@BPNL00000003AYRE,83673ffd-c48c-429a-b6c6-7e8dac70b874,d7572e70-8e64-40b0-aac0-ecc642a4523a,1791483233393,1791483236417,1791483236417,1,
bba5fe13-8678-43a2-b1d0-b35dceb1541e,PROVIDER,1000,DigitalTwinRegistryId@BPNL00000003AYRE,83673ffd-c48c-429a-b6c6-7e8dac70b874,10e1e7da-b6c7-45df-ab3b-6e5b1a2c9f88,1791483234795,1791483239167,1791483239167,1,
3f66392d-cc7d-4049-a9b1-4b322c0fa4d9,PROVIDER,1000,itemstocksubmodel-api-asset@BPNL00000003AYRE,0ef26eaf-3d7c-479a-9a01-d5fa6d5cdd8e,2faf9452-ffa6-41f6-a18f-199059ba31fe,1791483234812,1791483239204,1791483239204,1,
2084f1cf-7342-4999-a3ee-6441c5f792f1,PROVIDER,1000,DigitalTwinRegistryId@BPNL00000003AYRE,83673ffd-c48c-429a-b6c6-7e8dac70b874,58d61ffb-d6d3-4321-8b11-b13de0502675,1791483236133,1791483239213,1791483239213,1,
941c499f-ed3d-4fbf-ada0-cdc466fccdb3,PROVIDER,1000,itemstocksubmodel-api-asset@BPNL00000003AYRE,0ef26eaf-3d7c-479a-9a01-d5fa6d5cdd8e,9dc64efd-0e3a-4ec0-b896-44c2920eacc0,1791483237139,1791483241015,1791483241015,1,
0724a3d7-e546-4361-aed9-21c53a9f773c,PROVIDER,1000,itemstocksubmodel-api-asset@BPNL00000003AYRE,0ef26eaf-3d7c-479a-9a01-d5fa6d5cdd8e,48377c55-c096-40bb-981f-767b8b3cca9d,1791483237735,1791483241005,1791483241005,1,
70f828d8-b16c-47b7-8c72-907c708e4e36,PROVIDER,1000,DigitalTwinRegistryId@BPNL00000003AYRE,83673ffd-c48c-429a-b6c6-7e8dac70b874,e88a9a22-9d0f-4482-8134-28fa9c7ed372,1791483238639,1791483241026,1791483241026,1,
411a75fe-d742-4ae4-b158-688c899db22f,PROVIDER,1000,DigitalTwinRegistryId@BPNL00000003AYRE,83673ffd-c48c-429a-b6c6-7e8dac70b874,3a50eb07-1a98-4ef6-a75b-1f6fa33c3252,1791483239566,1791483242457,1791483242457,1,
6ec59458-5923-4133-92a4-91814b19bbf0,PROVIDER,1000,itemstocksubmodel-api-asset@BPNL00000003AYRE,0ef26eaf-3d7c-479a-9a01-d5fa6d5cdd8e,bc2d4145-d674-4b80-abff-6d532ee9db1a,1791483240318,1791483242472,1791483242472,1,
8dcda548-9815-426c-984a-dd9e81c1a5a4,PROVIDER,1000,itemstocksubmodel-api-asset@BPNL00000003AYRE,0ef26eaf-3d7c-479a-9a01-d5fa6d5cdd8e,2589d2f4-bd1a-4f46-9128-7f39b8c8aa23,1791483241592,1791483244960,1791483244960,1,
1c32a6c9-bef3-4386-b9e2-e614841d72d3,PROVIDER,1000,DigitalTwinRegistryId@BPNL00000003AYRE,83673ffd-c48c-429a-b6c6-7e8dac70b874,3d4d56c9-c72b-475b-bf20-294266bdd936,1791483241659,1791483244975,1791483244975,1,
6b4c9c34-67c4-4a20-b059-f92f902ebb88,PROVIDER,1000,DigitalTwinRegistryId@BPNL00000003AYRE,83673ffd-c48c-429a-b6c6-7e8dac70b874,3b77e89c-3861-44ad-9d4c-a4d355f81d1b,1791483244023,1791483246441,1791483246441,1,
a69177f9-fbfb-40f4-881c-84f6443c1055,PROVIDER,1000,itemstocksubmodel-api-asset@BPNL00000003AYRE,0ef26eaf-3d7c-479a-9a01-d5fa6d5cdd8e,fa10ddb2-b468-403c-9804-d5182a5d0b69,1791483244037,1791483246424,1791483246424,1,
48fb88bb-4637-4562-9569-6e3738fdc8e6,PROVIDER,1000,DigitalTwinRegistryId@BPNL00000003AYRE,83673ffd-c48c-429a-b6c6-7e8dac70b874,84a0dba3-a154-47e0-9af9-310111d99626,1791483245215,1791483248459,1791483248459,1,
6c3598cb-5b1a-4f27-bce4-d7d3569608cd,PROVIDER,1000,itemstocksubmodel-api-asset@BPNL00000003AYRE,0ef26eaf-3d7c-479a-9a01-d5fa6d5cdd8e,8a093392-adff-402b-9da6-d0f94011d9fd,1791483245226,1791483247944,1791483247944,1,
3a5786e4-0898-44e2-900a-2030f7ace77a,PROVIDER,1000,DigitalTwinRegistryId@BPNL00000003AYRE,83673ffd-c48c-429a-b6c6-7e8dac70b874,ae0e7ee9-03ed-452c-af0c-eeddbbc7ae5c,1791483246505,1791483249793,1791483249793,1,
d2015559-958c-43b0-8c2b-9a73538123db,PROVIDER,1000,itemstocksubmodel-api-asset@BPNL00000003AYRE,0ef26eaf-3d7c-479a-9a01-d5fa6d5cdd8e,3bbcde97-a66a-45d3-bd0a-5249b94c3663,1791483247749,1791483249805,1791483249805,1,
3da3cac4-3242-4111-84d1-f89c0728405c,PROVIDER,1000,DigitalTwinRegistryId@BPNL00000003AYRE,83673ffd-c48c-429a-b6c6-7e8dac70b874,b7f64b33-2c5a-4b42-8c4a-dc61fde36629,1791483247806,1791483251239,1791483251239,1,
aed84423-d2b6-4d4b-b53c-d984d3311709,PROVIDER,1000,itemstocksubmodel-api-asset@BPNL00000003AYRE,0ef26eaf-3d7c-479a-9a01-d5fa6d5cdd8e,262c8acc-cc95-47fc-8adc-d0dbbdc36d7a,1791483249058,1791483251250,1791483251250,1,
3d1f1951-a8ea-4289-a56d-dfebaa91567e,PROVIDER,1000,DigitalTwinRegistryId@BPNL00000003AYRE,83673ffd-c48c-429a-b6c6-7e8dac70b874,577a4905-bf4c-4e25-a9f6-6f74c9156e76,1791483250300,1791483252793,1791483252793,1,
403aac02-4eea-4aae-9970-6565b097f255,PROVIDER,1000,itemstocksubmodel-api-asset@BPNL00000003AYRE,0ef26eaf-3d7c-479a-9a01-d5fa6d5cdd8e,11a8a894-eede-4055-9084-f49c1b304cb3,1791483250310,1791483252809,1791483252809,1,
9d7c6635-8cc2-46b5-8349-55fa7795d267,PROVIDER,1000,DigitalTwinRegistryId@BPNL00000003AYRE,83673ffd-c48c-429a-b6c6-7e8dac70b874,5b020f74-71f5-4f62-8d9d-9c61c8a7e6ae,1791483251697,1791483254356,1791483254356,1,
0e22403e-5a76-43ce-add9-ae3be3c8cb1e,PROVIDER,1000,itemstocksubmodel-api-asset@BPNL00000003AYRE,0ef26eaf-3d7c-479a-9a01-d5fa6d5cdd8e,ba63b0ae-5dd7-4b2b-a3bc-3918889cb545,1791483251772,1791483254367,1791483254367,1,
31e11667-fbcd-46d9-bdf1-18b691fbf433,PROVIDER,1000,DigitalTwinRegistryId@BPNL00000003AYRE,83673ffd-c48c-429a-b6c6-7e8dac70b874,b52745f3-e368-42ab-b093-4daa4ba648f9,1791483253775,1791483256441,1791483256441,1,
e42a502c-95a3-488c-a24d-b6308d338687,PROVIDER,1000,itemstocksubmodel-api-asset@BPNL00000003AYRE,0ef26eaf-3d7c-479a-9a01-d5fa6d5cdd8e,34003437-92ef-491b-adb4-8a4381b9e366,1791483253791,1791483256456,1791483256456,1,
70499946-d310-4103-9cd3-cce513cb31eb,PROVIDER,1000,DigitalTwinRegistryId@BPNL00000003AYRE,83673ffd-c48c-429a-b6c6-7e8dac70b874,4efdf832-7ead-4b9d-afe5-968c95807995,1791483255104,1791483258107,1791483258107,1,
71733c9d-aab5-488b-a6d9-39e1a5f3c13d,PROVIDER,1000,itemstocksubmodel-api-asset@BPNL00000003AYRE,0ef26eaf-3d7c-479a-9a01-d5fa6d5cdd8e,acd2c94f-2e80-40c3-b75a-8bcfbf3df70b,1791483255117,1791483258119,1791483258119,1,
9acdd495-8b48-4af6-9f3f-ae608693030d,PROVIDER,1000,DigitalTwinRegistryId@BPNL00000003AYRE,83673ffd-c48c-429a-b6c6-7e8dac70b874,c40b90d1-e429-433d-80ed-33df2cb73804,1791483256757,1791483258473,1791483258473,1,
c9199cd1-0f03-4c91-b65c-d3fb59f12283,PROVIDER,1000,itemstocksubmodel-api-asset@BPNL00000003AYRE,0ef26eaf-3d7c-479a-9a01-d5fa6d5cdd8e,d525f085-9c56-46f3-bbb1-e87bafbf1721,1791483256773,1791483258486,1791483258486,1,
194b7eda-4aaf-42b6-b0b4-107a97b76227,PROVIDER,1000,DigitalTwinRegistryId@BPNL00000003AYRE,83673ffd-c48c-429a-b6c6-7e8dac70b874,71f2f1bb-04eb-4381-bf44-112895d96344,1791483258112,1791483260214,1791483260214,1,
d25812fb-17fb-4114-9a07-9e0589c81eac,PROVIDER,1000,itemstocksubmodel-api-asset@BPNL00000003AYRE,0ef26eaf-3d7c-479a-9a01-d5fa6d5cdd8e,2b3a06a0-ff40-4c9c-b139-b07900453040,1791483258436,1791483260231,1791483260231,1,
b5685f39-9cf6-4ac5-b2e7-de084b7ae96c,PROVIDER,1000,itemstocksubmodel-api-asset@BPNL00000003AYRE,0ef26eaf-3d7c-479a-9a01-d5fa6d5cdd8e,4e421633-7cf7-484c-83f5-d477343617ae,1791483259634,1791483261693,1791483261693,1,
2255783a-d265-43ba-9510-7b3b28914edc,PROVIDER,1000,DigitalTwinRegistryId@BPNL00000003AYRE,83673ffd-c48c-429a-b6c6-7e8dac70b874,2f731f1e-7fc4-4809-b480-2f58701815c9,1791483259646,1791483261713,1791483261713,1,
843047d5-10b6-4be1-8445-e8c7c946fcf6,PROVIDER,1000,itemstocksubmodel-api-asset@BPNL00000003AYRE,0ef26eaf-3d7c-479a-9a01-d5fa6d5cdd8e,58b5ec72-3d4a-46a1-bf2e-30451d6c7a17,1791483261018,1791483263078,1791483263078,1,
352df862-8a9d-47cc-bf32-f1f94fa63524,PROVIDER,1000,DigitalTwinRegistryId@BPNL00000003AYRE,83673ffd-c48c-429a-b6c6-7e8dac70b874,0d244b54-9ec4-4904-ab9d-130edeccbe1f,1791483261035,1791483263090,1791483263090,1,
7708cb33-cec3-4534-9968-4ec151353448,PROVIDER,1000,itemstocksubmodel-api-asset@BPNL00000003AYRE,0ef26eaf-3d7c-479a-9a01-d5fa6d5cdd8e,c94fa924-4216-4088-8f36-4cedfe8443c1,1791483262325,1791483264381,1791483264381,1,
adc1bbdb-3b38-454f-817a-be010b01388c,PROVIDER,1000,DigitalTwinRegistryId@BPNL00000003AYRE,83673ffd-c48c-429a-b6c6-7e8dac70b874,33034a09-6f33-44ad-b717-3323831bf499,1791483263636,1791483266304,1791483266304,1,
5f0a8b3e-de66-4e17-8b8d-544a201c5f11,PROVIDER,1000,DigitalTwinRegistryId@BPNL00000003AYRE,83673ffd-c48c-429a-b6c6-7e8dac70b874,5f639d13-9dff-479c-b6ea-552f1a89286e,1791483264801,1791483267927,1791483267927,1,
4b4e5c2f-1719-4f0e-8dac-53fb48a6daca,PROVIDER,1000,itemstocksubmodel-api-asset@BPNL00000003AYRE,0ef26eaf-3d7c-479a-9a01-d5fa6d5cdd8e,1eae8db9-f95a-425b-857e-ef7ca487e3b3,1791483264826,1791483267938,1791483267938,1,
f7ce2f82-d295-4528-9514-448afd1d2542,PROVIDER,1000,itemstocksubmodel-api-asset@BPNL00000003AYRE,0ef26eaf-3d7c-479a-9a01-d5fa6d5cdd8e,1d0e48eb-9cde-4396-a1fe-b47e7224e532,1791483266335,1791483269402,1791483269402,1,
d71663ad-c074-448e-bc0d-fdcf726b3804,PROVIDER,1000,DigitalTwinRegistryId@BPNL00000003AYRE,83673ffd-c48c-429a-b6c6-7e8dac70b874,79adf4ec-08c8-445c-b36f-136d898b733d,1791483266344,1791483269410,1791483269410,1,
f2cc1bc7-ec7a-4bae-a113-b5165c04be36,PROVIDER,1000,DigitalTwinRegistryId@BPNL00000003AYRE,83673ffd-c48c-429a-b6c6-7e8dac70b874,d9790839-9b3d-4f13-8511-b62299df53ea,1791483268613,1791483270970,1791483270970,1,
ba9e9c0e-16c8-4a7b-a3e4-28a4358e3faf,PROVIDER,1000,itemstocksubmodel-api-asset@BPNL00000003AYRE,0ef26eaf-3d7c-479a-9a01-d5fa6d5cdd8e,059377a7-b790-4457-896d-ebf6f892776a,1791483268633,1791483270964,1791483270964,1,
afaf9744-a670-4047-9d81-ff7f5ecf4ffb,PROVIDER,1000,DigitalTwinRegistryId@BPNL00000003AYRE,83673ffd-c48c-429a-b6c6-7e8dac70b874,bcb0c10f-f044-4374-b2f5-2f202f72df43,1791483269877,1791483272532,1791483272532,1,
a1602569-8c70-4b9d-9847-c143503e13a4,PROVIDER,1000,itemstocksubmodel-api-asset@BPNL00000003AYRE,0ef26eaf-3d7c-479a-9a01-d5fa6d5cdd8e,5355f5ca-79cb-4cce-82dc-d22d77b20f82,1791483269891,1791483272523,1791483272523,1,
2d736e05-3b92-41d2-804d-9a32c4880963,PROVIDER,1000,itemstocksubmodel-api-asset@BPNL00000003AYRE,0ef26eaf-3d7c-479a-9a01-d5fa6d5cdd8e,84611939-7477-4477-a003-5cc66f2c3967,1791483271090,1791483274048,1791483274048,1,
020a683d-5bfa-4b5e-bb5c-3e20f256e9a7,PROVIDER,1000,DigitalTwinRegistryId@BPNL00000003AYRE,83673ffd-c48c-429a-b6c6-7e8dac70b874,5719e01b-0ad3-4603-8c69-939278eb7204,1791483271129,1791483274176,1791483274176,1,
a129e8bb-b1ab-410c-8f56-7b8af4231772,PROVIDER,1000,DigitalTwinRegistryId@BPNL00000003AYRE,83673ffd-c48c-429a-b6c6-7e8dac70b874,9355afe0-bb4a-4e80-a918-62c0397c3999,1791483273407,1791483275557,1791483275557,1,
24d4a635-87f3-4c65-996f-9413b9e3f5d1,PROVIDER,1000,itemstocksubmodel-api-asset@BPNL00000003AYRE,0ef26eaf-3d7c-479a-9a01-d5fa6d5cdd8e,1afbd3ca-5791-42bd-8bb4-17bca78ca772,1791483273442,1791483275566,1791483275566,1,
97e47e80-6d16-407e-8d1b-87c1c770edba,PROVIDER,1000,itemstocksubmodel-api-asset@BPNL00000003AYRE,0ef26eaf-3d7c-479a-9a01-d5fa6d5cdd8e,1dfae4ac-5bba-4dfc-b0a2-c1e98999bb29,1791483274615,1791483277905,1791483277905,1,
98fd3a09-8edd-4c43-b3aa-85a59931c222,PROVIDER,1000,DigitalTwinRegistryId@BPNL00000003AYRE,83673ffd-c48c-429a-b6c6-7e8dac70b874,d655ac8a-09a9-4fa2-add5-02912fade877,1791483274629,1791483277849,1791483277849,1,
e52a876e-5543-4484-8492-437eed0c3db6,PROVIDER,1000,itemstocksubmodel-api-asset@BPNL00000003AYRE,0ef26eaf-3d7c-479a-9a01-d5fa6d5cdd8e,127337ec-0cb4-474d-9975-809e452a462f,1791483276137,1791483279337,1791483279337,1,
265f2269-32a0-4a5a-abbd-3a54af9cda59,PROVIDER,1000,DigitalTwinRegistryId@BPNL00000003AYRE,83673ffd-c48c-429a-b6c6-7e8dac70b874,99f8bb17-b674-49bb-8356-f23af0581692,1791483276204,1791483279347,1791483279347,1,
760cc9c1-dcac-443a-8e93-c27f72f5127f,PROVIDER,1000,itemstocksubmodel-api-asset@BPNL00000003AYRE,0ef26eaf-3d7c-479a-9a01-d5fa6d5cdd8e,9e85a961-d5f4-4aeb-9e3e-ed87e56a60d8,1791483278323,1791483280836,1791483280836,1,
e903b90c-f096-4a15-9c3b-92a172336c02,PROVIDER,1000,DigitalTwinRegistryId@BPNL00000003AYRE,83673ffd-c48c-429a-b6c6-7e8dac70b874,3d6bf369-c0f3-4d1a-bf7d-9c27b1d4c5f2,1791483278337,1791483280847,1791483280847,1,
7c90696a-1589-4b2f-ae25-efa987cc0db0,PROVIDER,1000,DigitalTwinRegistryId@BPNL00000003AYRE,83673ffd-c48c-429a-b6c6-7e8dac70b874,6cbd3a1f-843b-440c-a92f-5a4f21781b8a,1791483279808,1791483282262,1791483282262,1,
7b1c62fb-4c54-4001-b389-b905eab79281,PROVIDER,1000,itemstocksubmodel-api-asset@BPNL00000003AYRE,0ef26eaf-3d7c-479a-9a01-d5fa6d5cdd8e,b2c6bbaa-9136-4ac7-b8b7-b90e6d80b35f,1791483280003,1791483282271,1791483282271,1,
8f037e4b-f705-4f59-a47a-74d1c2081be6,PROVIDER,1000,itemstocksubmodel-api-asset@BPNL00000003AYRE,0ef26eaf-3d7c-479a-9a01-d5fa6d5cdd8e,218de83a-b21a-4f8f-8584-b19437d5a77f,1791483281208,1791483283615,1791483283615,1,
9f59e293-e864-4307-9599-21c0cfc02835,PROVIDER,1000,DigitalTwinRegistryId@BPNL00000003AYRE,83673ffd-c48c-429a-b6c6-7e8dac70b874,44c09654-ff3e-4871-b552-7dde56fe66b0,1791483281227,1791483283626,1791483283626,1,
62675f87-424c-42fe-8977-1eb69afb7ea7,PROVIDER,1000,itemstocksubmodel-api-asset@BPNL00000003AYRE,0ef26eaf-3d7c-479a-9a01-d5fa6d5cdd8e,b473714b-b8c4-4093-a4dc-42c86cc02fb1,1791483282766,1791483285004,1791483285004,1,
9063e342-84c0-424f-bb7b-c0a958db2171,PROVIDER,1000,DigitalTwinRegistryId@BPNL00000003AYRE,83673ffd-c48c-429a-b6c6-7e8dac70b874,aa993b80-59f7-417b-b176-0a33459572f2,1791483283126,1791483285014,1791483285014,1,
27a1d242-3a11-4f40-973f-05fe6e827224,PROVIDER,1000,itemstocksubmodel-api-asset@BPNL00000003AYRE,0ef26eaf-3d7c-479a-9a01-d5fa6d5cdd8e,073d6caa-b016-4648-97a5-599733b4943a,1791483284383,1791483286377,1791483286377,1,
0c94a446-c498-4169-a86d-4f2e18a9bd19,PROVIDER,1000,DigitalTwinRegistryId@BPNL00000003AYRE,83673ffd-c48c-429a-b6c6-7e8dac70b874,29f54a6f-7f4d-4e28-9af9-fc232654e3be,1791483284405,1791483286387,1791483286387,1,
9063ce8b-8009-47de-83e7-20d277773013,PROVIDER,1000,itemstocksubmodel-api-asset@BPNL00000003AYRE,0ef26eaf-3d7c-479a-9a01-d5fa6d5cdd8e,4ed34710-ec21-49ad-9967-6df819d759cb,1791483285573,1791483287886,1791483287886,1,
693eb648-c0c2-48f7-bae4-12ddd08aae61,PROVIDER,1000,DigitalTwinRegistryId@BPNL00000003AYRE,83673ffd-c48c-429a-b6c6-7e8dac70b874,a181af90-d702-43a7-820d-684f72419312,1791483286773,1791483289365,1791483289365,1,
01174dbe-2696-4181-a771-5f9551c0246a,PROVIDER,1000,DigitalTwinRegistryId@BPNL00000003AYRE,83673ffd-c48c-429a-b6c6-7e8dac70b874,a739a939-e1d0-4b1d-b41d-5516a57d7f83,1791483287935,1791483291042,1791483291042,1,
b68f0c7c-475d-473b-b72f-571b9452e3b8,PROVIDER,1000,itemstocksubmodel-api-asset@BPNL00000003AYRE,0ef26eaf-3d7c-479a-9a01-d5fa6d5cdd8e,67d4c023-d32d-46e6-86d2-0a9cb6cdd20d,1791483288246,1791483291052,1791483291052,1,
89824ce3-4e7a-4021-aebd-ca96039c04a7,PROVIDER,1000,DigitalTwinRegistryId@BPNL00000003AYRE,83673ffd-c48c-429a-b6c6-7e8dac70b874,32018ada-4341-4834-9199-c093b7e3e552,1791483289622,1791483292526,1791483292526,1,
10389e00-e43c-45bf-a94b-5ac5a948897d,PROVIDER,1000,itemstocksubmodel-api-asset@BPNL00000003AYRE,0ef26eaf-3d7c-479a-9a01-d5fa6d5cdd8e,1ea73bdb-f931-430e-bfbb-f6e7d7d17756,1791483289897,1791483292550,1791483292550,1,
2a8cc6e1-17fb-4287-b201-e95e03375226,PROVIDER,1000,itemstocksubmodel-api-asset@BPNL00000003AYRE,0ef26eaf-3d7c-479a-9a01-d5fa6d5cdd8e,a74de951-02d8-45b5-8c19-fe5745748740,1791483291231,1791483292693,1791483292693,1,
a0b3dc6a-e00f-400d-8676-f0508396dce6,PROVIDER,1000,DigitalTwinRegistryId@BPNL00000003AYRE,83673ffd-c48c-429a-b6c6-7e8dac70b874,a4036b85-3a9d-4c81-879a-8c7a5bb3afa6,1791483291242,1791483294056,1791483294056,1,
092fb15b-26cb-4f4b-9c6c-78e7b6ab6137,PROVIDER,1000,DigitalTwinRegistryId@BPNL00000003AYRE,83673ffd-c48c-429a-b6c6-7e8dac70b874,54c198f8-73f1-42f7-bc31-0ff0f7df6ac8,1791483293026,1791483295491,1791483295491,1,
a7210d1a-6ea4-4aa1-8c29-ae3f4440e7a3,PROVIDER,1000,itemstocksubmodel-api-asset@BPNL00000003AYRE,0ef26eaf-3d7c-479a-9a01-d5fa6d5cdd8e,335c1aaa-8170-4853-a923-2750bb9e65f2,1791483293031,1791483295499,1791483295499,1,
dd85e4ec-304c-4feb-b442-dd356e43968c,PROVIDER,1000,itemstocksubmodel-api-asset@BPNL00000003AYRE,0ef26eaf-3d7c-479a-9a01-d5fa6d5cdd8e,bbd93c40-a6ef-4611-b9c5-31cc1773b935,1791483294167,1791483298572,1791483298572,1,
ab676c2d-4f16-4fba-9137-5ee9db2a1247,PROVIDER,1000,DigitalTwinRegistryId@BPNL00000003AYRE,83673ffd-c48c-429a-b6c6-7e8dac70b874,cabae312-c2d3-46ad-985d-e4f79d9ee34e,1791483294449,1791483298560,1791483298560,1,
2e445d79-54b8-4853-a749-a26871fbdf7b,PROVIDER,1000,DigitalTwinRegistryId@BPNL00000003AYRE,83673ffd-c48c-429a-b6c6-7e8dac70b874,a7890f23-3bb1-4902-9630-71905920d5e2,1791483296736,1791483300120,1791483300120,1,
d8c2b482-3c14-4d30-8743-37c71d174562,PROVIDER,1000,itemstocksubmodel-api-asset@BPNL00000003AYRE,0ef26eaf-3d7c-479a-9a01-d5fa6d5cdd8e,d4de8328-bd32-4871-8f67-2175ccfd1c56,1791483296739,1791483300102,1791483300102,1,
468c19fd-9b07-412e-9139-b4aa4523f2b2,PROVIDER,1000,DigitalTwinRegistryId@BPNL00000003AYRE,83673ffd-c48c-429a-b6c6-7e8dac70b874,fdb3cf7d-6aa7-4410-a1c7-a453e913cb09,1791483297837,1791483301644,1791483301644,1,
0f41df25-b92f-4896-aafe-5e00dcc216fa,PROVIDER,1000,itemstocksubmodel-api-asset@BPNL00000003AYRE,0ef26eaf-3d7c-479a-9a01-d5fa6d5cdd8e,01af6a57-67f3-45a7-a771-3cd19e6fd4a1,1791483298883,1791483301655,1791483301655,1,
05bf6305-678a-49e4-865f-176e48508684,PROVIDER,1000,itemstocksubmodel-api-asset@BPNL00000003AYRE,0ef26eaf-3d7c-479a-9a01-d5fa6d5cdd8e,a92ab77b-a3e5-4e22-8040-913d6182a900,1791483300239,1791483303128,1791483303128,1,
5ac23408-2ade-42cd-94b2-8dee6d137f53,PROVIDER,1000,DigitalTwinRegistryId@BPNL00000003AYRE,83673ffd-c48c-429a-b6c6-7e8dac70b874,07c5f444-a363-4b1d-bfd5-c0976616fd49,1791483300241,1791483303138,1791483303138,1,
9828fbe5-1a69-4c69-b6a7-b99dd5d2b547,PROVIDER,1000,DigitalTwinRegistryId@BPNL00000003AYRE,83673ffd-c48c-429a-b6c6-7e8dac70b874,9948307c-a3ac-4567-b927-ea7a7f88e38b,1791483301446,1791483303146,1791483303146,1,
45199626-595c-4d7a-a563-44e2c734b926,PROVIDER,1000,itemstocksubmodel-api-asset@BPNL00000003AYRE,0ef26eaf-3d7c-479a-9a01-d5fa6d5cdd8e,39dada40-432e-4bab-9e45-34cf21c4c897,1791483302494,1791483304471,1791483304471,1,
69cc48c5-9281-4637-99ec-a71e519b6828,PROVIDER,1000,itemstocksubmodel-api-asset@BPNL00000003AYRE,0ef26eaf-3d7c-479a-9a01-d5fa6d5cdd8e,496c79f2-a6b7-4655-8dbc-0c7dacad11e1,1791483304090,1791483306533,1791483306533,1,
6bbfa744-3bbe-48ee-8ce8-62193db5207d,PROVIDER,1000,DigitalTwinRegistryId@BPNL00000003AYRE,83673ffd-c48c-429a-b6c6-7e8dac70b874,0b53126a-d4b1-4130-9f41-49770fb51da7,1791483304110,1791483306543,1791483306543,1,
1807e5a8-13e5-4af2-b073-f65736ee82fe,PROVIDER,1000,DigitalTwinRegistryId@BPNL00000003AYRE,83673ffd-c48c-429a-b6c6-7e8dac70b874,1bd601c8-bff7-4c80-907d-293db1a638ba,1791483304610,1791483308342,1791483308342,1,
b23f3254-f4c9-4f0f-a543-04cf32a8cac3,PROVIDER,1000,itemstocksubmodel-api-asset@BPNL00000003AYRE,0ef26eaf-3d7c-479a-9a01-d5fa6d5cdd8e,6595c365-578e-4cd1-a0aa-e9afc7e56020,1791483305078,1791483308305,1791483308305,1,
3d228aa6-1826-44b6-8de3-5b59be2abea3,PROVIDER,1000,DigitalTwinRegistryId@BPNL00000003AYRE,83673ffd-c48c-429a-b6c6-7e8dac70b874,02921071-3192-4880-8108-e1c19aa726d9,1791483306242,1791483308354,1791483308354,1,
3139fa66-6fd8-4cfe-8ce6-bae5e30a7e3b,PROVIDER,1000,itemstocksubmodel-api-asset@BPNL00000003AYRE,0ef26eaf-3d7c-479a-9a01-d5fa6d5cdd8e,9badca36-2fdc-482c-a49c-08e127a2b800,1791483307443,1791483309970,1791483309970,1,
1bc0f0a2-b441-4039-b316-175c582f9c13,PROVIDER,1000,itemstocksubmodel-api-asset@BPNL00000003AYRE,0ef26eaf-3d7c-479a-9a01-d5fa6d5cdd8e,33020149-925a-4c4f-b537-47fd8be1e278,1791483307537,1791483309982,1791483309982,1,
274c9091-f826-4629-8e31-1906267dc048,PROVIDER,1000,DigitalTwinRegistryId@BPNL00000003AYRE,83673ffd-c48c-429a-b6c6-7e8dac70b874,208fb398-c159-48c5-8341-356818648eb7,1791483307736,1791483310004,1791483310004,1,
74752bb2-f665-4507-a857-a491159bc4d1,PROVIDER,1000,itemstocksubmodel-api-asset@BPNL00000003AYRE,0ef26eaf-3d7c-479a-9a01-d5fa6d5cdd8e,03c5e353-c66e-4525-a088-be6218ceb4ff,1791483308967,1791483311268,1791483311268,1,
c129044f-b6c9-4e41-9476-ddc3476bdd7a,PROVIDER,1000,DigitalTwinRegistryId@BPNL00000003AYRE,83673ffd-c48c-429a-b6c6-7e8dac70b874,7355891d-258e-4831-b833-de1b8a5b4362,1791483310171,1791483312639,1791483312639,1,
27e67aca-d13b-4395-ba96-566bc02997b5,PROVIDER,1000,DigitalTwinRegistryId@BPNL00000003AYRE,83673ffd-c48c-429a-b6c6-7e8dac70b874,8f698a4b-0033-43d7-a99d-1e65ab74dcab,1791483311433,1791483314078,1791483314078,1,
d9fc93d9-29e5-43c5-a8c1-6412dd69641b,PROVIDER,1000,itemstocksubmodel-api-asset@BPNL00000003AYRE,0ef26eaf-3d7c-479a-9a01-d5fa6d5cdd8e,680e127b-e17f-451e-bec9-9349c00bb4de,1791483311800,1791483314087,1791483314087,1,
8fb26db1-4d84-4a05-aab7-e8069bf3248a,PROVIDER,1000,DigitalTwinRegistryId@BPNL00000003AYRE,83673ffd-c48c-429a-b6c6-7e8dac70b874,71cc2237-6ea2-4b9f-aecc-c36f5bd667a7,1791483313442,1791483315555,1791483315555,1,
74f4f316-a91c-47d0-b306-b39b39aade62,PROVIDER,1000,itemstocksubmodel-api-asset@BPNL00000003AYRE,0ef26eaf-3d7c-479a-9a01-d5fa6d5cdd8e,5606bbb6-371e-4189-ab87-c4983d448be3,1791483313463,1791483317785,1791483317785,1,
973f2db0-64e8-4624-b983-3a4867e6e5c3,PROVIDER,1000,itemstocksubmodel-api-asset@BPNL00000003AYRE,0ef26eaf-3d7c-479a-9a01-d5fa6d5cdd8e,8c02c441-ca86-4787-adae-09c33eb0df71,1791483314783,1791483317803,1791483317803,1,
8c96bd8a-9a3e-43af-b460-72e3fc156337,PROVIDER,1000,DigitalTwinRegistryId@BPNL00000003AYRE,83673ffd-c48c-429a-b6c6-7e8dac70b874,e81702b1-cbcf-4006-a50f-ea20082a3711,1791483314789,1791483317813,1791483317813,1,
3507f787-1475-4257-b073-2fa415d730a6,PROVIDER,1000,DigitalTwinRegistryId@BPNL00000003AYRE,83673ffd-c48c-429a-b6c6-7e8dac70b874,10a5f9a3-8f0a-4389-bf57-855a9a70afb0,1791483316134,1791483319219,1791483319219,1,
767b4b0c-3af4-4b1e-b097-7ae3dfea3aed,PROVIDER,1000,itemstocksubmodel-api-asset@BPNL00000003AYRE,0ef26eaf-3d7c-479a-9a01-d5fa6d5cdd8e,343fb4b5-ebca-44d9-af54-fd96daa27d4c,1791483316234,1791483319229,1791483319229,1,
1ada68bf-2b97-4364-a73e-bff6a9997d83,PROVIDER,1000,itemstocksubmodel-api-asset@BPNL00000003AYRE,0ef26eaf-3d7c-479a-9a01-d5fa6d5cdd8e,966f7364-ec3e-4ea8-ad3b-e7455e658807,1791483318229,1791483320632,1791483320632,1,
bcc1a29c-418a-4258-bbb7-b3583847757e,PROVIDER,1000,DigitalTwinRegistryId@BPNL00000003AYRE,83673ffd-c48c-429a-b6c6-7e8dac70b874,14b48b10-6116-44a6-904f-1adedb4ca7a1,1791483318248,1791483320641,1791483320641,1,
a8c38beb-4d69-45c2-9aaf-cf61ba406856,PROVIDER,1000,DigitalTwinRegistryId@BPNL00000003AYRE,83673ffd-c48c-429a-b6c6-7e8dac70b874,267a0842-22a5-406f-9d7e-53c012c41b44,1791483319717,1791483322173,1791483322173,1,
995aa26d-4c16-4b51-a9e4-9fd0883f05e0,PROVIDER,1000,itemstocksubmodel-api-asset@BPNL00000003AYRE,0ef26eaf-3d7c-479a-9a01-d5fa6d5cdd8e,87e85dac-60e9-4424-a9ce-10adb8dd688e,1791483319742,1791483322203,1791483322203,1,
6d28b689-5dd6-445c-ac62-9d3069e47119,PROVIDER,1000,itemstocksubmodel-api-asset@BPNL00000003AYRE,0ef26eaf-3d7c-479a-9a01-d5fa6d5cdd8e,bd1c84a2-899f-40b3-96be-28d28d530b56,1791483320935,1791483323469,1791483323469,1,
7b2fe24f-06ba-4aa5-b489-815a511dfb70,PROVIDER,1000,DigitalTwinRegistryId@BPNL00000003AYRE,83673ffd-c48c-429a-b6c6-7e8dac70b874,d94858b6-e884-4848-abfd-81b4ab01af4d,1791483321234,1791483323480,1791483323480,1,
c3a3a2ff-ddc1-4608-974d-bf5893abae4c,PROVIDER,1000,itemstocksubmodel-api-asset@BPNL00000003AYRE,0ef26eaf-3d7c-479a-9a01-d5fa6d5cdd8e,52384f66-3c5a-4934-a1f1-9ad4ff7d28de,1791483322427,1791483324913,1791483324913,1,
b7b55888-0879-4ed2-b408-637aa54d1558,PROVIDER,1000,DigitalTwinRegistryId@BPNL00000003AYRE,83673ffd-c48c-429a-b6c6-7e8dac70b874,666621b9-ac2a-4ba0-b53a-23554b0314c1,1791483323453,1791483324922,1791483324922,1,
8f9ebb37-1323-4390-a00b-3f69157afbd9,PROVIDER,1000,itemstocksubmodel-api-asset@BPNL00000003AYRE,0ef26eaf-3d7c-479a-9a01-d5fa6d5cdd8e,863c1ee8-6bb0-4e66-902f-dfe3eb35e6e6,1791483324601,1791483326494,1791483326494,1,
713a4adb-3e9d-4371-8a30-70b3fb13adb7,PROVIDER,1000,DigitalTwinRegistryId@BPNL00000003AYRE,83673ffd-c48c-429a-b6c6-7e8dac70b874,497357a7-ac49-4d87-9781-ed4d0f3a6953,1791483324608,1791483326504,1791483326504,1,
245ca1e2-a14e-4026-af02-a7dcf2846c5b,PROVIDER,1000,itemstocksubmodel-api-asset@BPNL00000003AYRE,0ef26eaf-3d7c-479a-9a01-d5fa6d5cdd8e,6c2dd751-198b-4e69-990c-b542096b0b04,1791483325844,1791483327766,1791483327766,1,
24c6d370-49e4-496d-907f-3131099c098c,PROVIDER,1000,DigitalTwinRegistryId@BPNL00000003AYRE,83673ffd-c48c-429a-b6c6-7e8dac70b874,6bc54f9c-9417-45ba-b959-683c55db9faf,1791483327234,1791483329069,1791483329069,1,
684cb743-2a0f-44cf-8ca4-3b1083391083,PROVIDER,1000,DigitalTwinRegistryId@BPNL00000003AYRE,83673ffd-c48c-429a-b6c6-7e8dac70b874,b7899704-2430-4537-9821-7eb7505b2049,1791483328341,1791483330561,1791483330561,1,
a6ba9a2a-383f-49de-b037-3994536c2c48,PROVIDER,1000,itemstocksubmodel-api-asset@BPNL00000003AYRE,0ef26eaf-3d7c-479a-9a01-d5fa6d5cdd8e,2625855c-f86a-43c7-a000-d04c6a4e64a7,1791483328347,1791483330548,1791483330548,1,
304d7240-ab65-4c64-8ea8-f8c6dfe12214,PROVIDER,1000,DigitalTwinRegistryId@BPNL00000003AYRE,83673ffd-c48c-429a-b6c6-7e8dac70b874,8b1c3ca3-b9b5-44b9-ac2a-76fa0ea3436a,1791483329529,1791483331851,1791483331851,1,
e8e24036-c66c-4e07-870f-254b01737f6c,PROVIDER,1000,itemstocksubmodel-api-asset@BPNL00000003AYRE,0ef26eaf-3d7c-479a-9a01-d5fa6d5cdd8e,81440129-f39f-4e57-8ad1-7aa7055f6337,1791483329543,1791483331866,1791483331866,1,
13390b59-7261-498a-ae5c-fab3a33c4e6f,PROVIDER,1000,itemstocksubmodel-api-asset@BPNL00000003AYRE,0ef26eaf-3d7c-479a-9a01-d5fa6d5cdd8e,49b4f67a-d9b5-4f55-b485-426df4c5a62d,1791483330738,1791483333163,1791483333163,1,
8655a59f-57f5-4cd4-a812-5ad402956fd7,PROVIDER,1000,DigitalTwinRegistryId@BPNL00000003AYRE,83673ffd-c48c-429a-b6c6-7e8dac70b874,d42db722-1cbe-4b74-8ce0-90f3c409e0f3,1791483332221,1791483334548,1791483334548,1,
7df552e7-2e25-4dd1-afe1-80325a8633a3,PROVIDER,1000,DigitalTwinRegistryId@BPNL00000003AYRE,83673ffd-c48c-429a-b6c6-7e8dac70b874,2d56c918-0e0b-4a09-8d6f-604b3187accd,1791483333609,1791483336213,1791483336213,1,
24f2545f-14f4-44dc-8f1f-1366c6e01795,PROVIDER,1000,itemstocksubmodel-api-asset@BPNL00000003AYRE,0ef26eaf-3d7c-479a-9a01-d5fa6d5cdd8e,404a3395-c830-4b2b-a37c-eeabfb058a93,1791483333622,1791483336224,1791483336224,1,
26637359-4abd-4b01-a45c-dafb368166ed,PROVIDER,1000,DigitalTwinRegistryId@BPNL00000003AYRE,83673ffd-c48c-429a-b6c6-7e8dac70b874,fbb7e072-0fe2-4659-9aee-0cfc05f0422f,1791483335209,1791483337971,1791483337971,1,
463bf23e-db56-488b-abba-f7a10d3c2a17,PROVIDER,1000,itemstocksubmodel-api-asset@BPNL00000003AYRE,0ef26eaf-3d7c-479a-9a01-d5fa6d5cdd8e,06c4e481-a07a-40f1-b7d9-6d1218fa3539,1791483335223,1791483337983,1791483337983,1,
22bafa00-c1b2-42fe-b41f-216ce56da2a9,PROVIDER,1000,DigitalTwinRegistryId@BPNL00000003AYRE,83673ffd-c48c-429a-b6c6-7e8dac70b874,cdadcc35-523c-4816-95f3-2f19bbdbbce8,1791483336534,1791483341203,1791483341203,1,
796524ab-2a5e-48b0-b149-0a0c0fe01eef,PROVIDER,1000,itemstocksubmodel-api-asset@BPNL00000003AYRE,0ef26eaf-3d7c-479a-9a01-d5fa6d5cdd8e,9bc1de2f-660f-4ca4-ae5f-e3f35bd0fdab,1791483336556,1791483341152,1791483341152,1,
75436663-7951-42b7-b7d6-94fb92be357f,PROVIDER,1000,DigitalTwinRegistryId@BPNL00000003AYRE,83673ffd-c48c-429a-b6c6-7e8dac70b874,06f7e95f-721b-4e8d-a7b2-2a42b174fe02,1791483337803,1791483341846,1791483341846,1,
ab818c9f-4fff-4c40-9613-605f0ba76e4d,PROVIDER,1000,itemstocksubmodel-api-asset@BPNL00000003AYRE,0ef26eaf-3d7c-479a-9a01-d5fa6d5cdd8e,05e485d8-2586-4966-bc8f-cedfa46f3ee6,1791483339333,1791483341855,1791483341855,1,
8a6b59cd-8d0b-4b46-9bbe-4199fc33f08a,PROVIDER,1000,itemstocksubmodel-api-asset@BPNL00000003AYRE,0ef26eaf-3d7c-479a-9a01-d5fa6d5cdd8e,ec52143c-421b-48ad-8d80-fcca2b121207,1791483339345,1791483341871,1791483341871,1,
52f696b7-2da8-45cc-9719-623b49d8197b,PROVIDER,1000,DigitalTwinRegistryId@BPNL00000003AYRE,83673ffd-c48c-429a-b6c6-7e8dac70b874,b23ee9cc-233e-4386-bb7d-5b61781582a2,1791483339801,1791483341864,1791483341864,1,
87f475e6-6d20-415d-9edd-b4c4b70a9fe8,PROVIDER,1000,itemstocksubmodel-api-asset@BPNL00000003AYRE,0ef26eaf-3d7c-479a-9a01-d5fa6d5cdd8e,a743b515-03dd-4aa7-b534-4d07bab13121,1791483341246,1791483344450,1791483344450,1,
bd48b01f-1fcf-42bd-92f3-b3adaed87d92,PROVIDER,1000,DigitalTwinRegistryId@BPNL00000003AYRE,83673ffd-c48c-429a-b6c6-7e8dac70b874,048998df-4b2d-4d4f-8341-f8301c72e26d,1791483341348,1791483344460,1791483344460,1,
9b0700f9-5bfe-4b31-bbc9-f0b40cbd9fae,PROVIDER,1000,DigitalTwinRegistryId@BPNL00000003AYRE,83673ffd-c48c-429a-b6c6-7e8dac70b874,223dd44d-5add-4470-bb07-1046f0f93ada,1791483343452,1791483346279,1791483346279,1,
99bdad57-4c60-45c3-9198-0093d781c2fb,PROVIDER,1000,itemstocksubmodel-api-asset@BPNL00000003AYRE,0ef26eaf-3d7c-479a-9a01-d5fa6d5cdd8e,aaf56803-04d7-4f00-8d03-de187f959d88,1791483343454,1791483346291,1791483346291,1,
73fa7fea-f8d4-41b2-85ef-79837c5fbd5f,PROVIDER,1000,DigitalTwinRegistryId@BPNL00000003AYRE,83673ffd-c48c-429a-b6c6-7e8dac70b874,a7ded134-102e-48aa-bd9e-f67b24058cb7,1791483344656,1791483348158,1791483348158,1,
3df4cfe8-c24c-4083-930e-79b594eb0135,PROVIDER,1000,itemstocksubmodel-api-asset@BPNL00000003AYRE,0ef26eaf-3d7c-479a-9a01-d5fa6d5cdd8e,666c2930-d562-4898-99dd-57b933b9fd8d,1791483344747,1791483348144,1791483348144,1,
c27eacae-9949-4742-82d5-e4c6af05d969,PROVIDER,1000,DigitalTwinRegistryId@BPNL00000003AYRE,83673ffd-c48c-429a-b6c6-7e8dac70b874,6d614632-ff02-4371-ad5e-fcbf2f0fdd43,1791483346812,1791483348473,1791483348473,1,
b2234cbc-1cfb-41e3-84c1-e2dc1eedfa8e,PROVIDER,1000,itemstocksubmodel-api-asset@BPNL00000003AYRE,0ef26eaf-3d7c-479a-9a01-d5fa6d5cdd8e,2eb585b4-00dd-4350-bb9f-026d2cdbefa3,1791483346821,1791483349789,1791483349789,1,
c992fb37-26e7-45f0-a168-38dfc8131859,PROVIDER,1000,DigitalTwinRegistryId@BPNL00000003AYRE,83673ffd-c48c-429a-b6c6-7e8dac70b874,88823f29-a8a4-4ab0-a263-68cf15282798,1791483348037,1791483350094,1791483350094,1,
acb14b26-894e-4ea4-b668-88d91b3f8bbe,PROVIDER,1000,itemstocksubmodel-api-asset@BPNL00000003AYRE,0ef26eaf-3d7c-479a-9a01-d5fa6d5cdd8e,9cf8b9ae-2701-4284-9d8e-00776d57e11d,1791483348483,1791483350478,1791483350478,1,
7e3d09e3-85ec-4927-be0d-6474cee6671c,PROVIDER,1000,itemstocksubmodel-api-asset@BPNL00000003AYRE,0ef26eaf-3d7c-479a-9a01-d5fa6d5cdd8e,88f8adc8-f7fa-4f41-9620-97f7af6c7290,1791483349804,1791483351904,1791483351904,1,
12473909-2721-4efe-8eb5-dc013d1b5b5c,PROVIDER,1000,DigitalTwinRegistryId@BPNL00000003AYRE,83673ffd-c48c-429a-b6c6-7e8dac70b874,11a0d534-afc8-44d8-b1c2-c40fbff488c5,1791483349848,1791483352012,1791483352012,1,
9c81c4a3-36af-490f-90be-706b6ecdc9ed,PROVIDER,1000,itemstocksubmodel-api-asset@BPNL00000003AYRE,0ef26eaf-3d7c-479a-9a01-d5fa6d5cdd8e,f2534698-9669-4811-9ae8-3120cd326627,1791483351127,1791483353591,1791483353591,1,
ef2013c6-3dc6-44b6-a8c7-e4babfa50a52,PROVIDER,1000,DigitalTwinRegistryId@BPNL00000003AYRE,83673ffd-c48c-429a-b6c6-7e8dac70b874,e5547876-a4d4-40a3-ad2f-dae38c473392,1791483351140,1791483353579,1791483353579,1,
a4fb4d0b-1a1b-421a-a340-7a51af152570,PROVIDER,1000,itemstocksubmodel-api-asset@BPNL00000003AYRE,0ef26eaf-3d7c-479a-9a01-d5fa6d5cdd8e,5efc7a0a-7819-465b-a314-718d88e851fd,1791483352495,1791483355349,1791483355349,1,
9aa48f40-f26d-4513-8bb1-a136c28a8c64,PROVIDER,1000,DigitalTwinRegistryId@BPNL00000003AYRE,83673ffd-c48c-429a-b6c6-7e8dac70b874,afc3852e-104a-4627-b8ae-424567301971,1791483353463,1791483355358,1791483355358,1,
e8fb2f76-5703-49d7-8e24-9bbc8659d63c,PROVIDER,1000,itemstocksubmodel-api-asset@BPNL00000003AYRE,0ef26eaf-3d7c-479a-9a01-d5fa6d5cdd8e,bfb47d7f-c2cf-4bb0-950e-95e261e4e278,1791483354778,1791483357544,1791483357544,1,
c3def322-ffdb-46a5-a2ee-27ed6ba20253,PROVIDER,1000,DigitalTwinRegistryId@BPNL00000003AYRE,83673ffd-c48c-429a-b6c6-7e8dac70b874,2d4513cf-f93c-4de1-9fed-41796dfffc6c,1791483354796,1791483357567,1791483357567,1,
f86e5e25-f508-49ab-b478-e129cf076b4e,PROVIDER,1000,itemstocksubmodel-api-asset@BPNL00000003AYRE,0ef26eaf-3d7c-479a-9a01-d5fa6d5cdd8e,5cce49ba-74d4-485e-bccb-53e09487d6e9,1791483356098,1791483359489,1791483359489,1,
fb37f835-af80-4301-a59b-d68cf0118f4a,PROVIDER,1000,DigitalTwinRegistryId@BPNL00000003AYRE,83673ffd-c48c-429a-b6c6-7e8dac70b874,8093485c-3697-4661-90cb-a53be3486749,1791483356118,1791483359478,1791483359478,1,
b6336170-ce30-4075-82df-b6c1817b3a47,PROVIDER,1000,itemstocksubmodel-api-asset@BPNL00000003AYRE,0ef26eaf-3d7c-479a-9a01-d5fa6d5cdd8e,67812e11-841d-4758-afb2-b4160ccb8d00,1791483357736,1791483360967,1791483360967,1,
46d4a2d3-1ce0-43c8-977a-0a69d240f625,PROVIDER,1000,DigitalTwinRegistryId@BPNL00000003AYRE,83673ffd-c48c-429a-b6c6-7e8dac70b874,48edbb1a-7c81-46be-8103-246c4e6b123d,1791483357740,1791483360979,1791483360979,1,
aa8d117f-e987-4ecd-8813-771479624043,PROVIDER,1000,DigitalTwinRegistryId@BPNL00000003AYRE,83673ffd-c48c-429a-b6c6-7e8dac70b874,18429a56-fc0d-4274-a1e1-a25c4c8da11c,1791483359810,1791483362486,1791483362486,1,
3af1658f-138e-46c0-b7c7-da93440b5a77,PROVIDER,1000,itemstocksubmodel-api-asset@BPNL00000003AYRE,0ef26eaf-3d7c-479a-9a01-d5fa6d5cdd8e,1047a4fd-9d2f-46ba-b1e9-eafa23665495,1791483360024,1791483362477,1791483362477,1,
247055eb-b143-45fc-ace3-55808273ab24,PROVIDER,1000,DigitalTwinRegistryId@BPNL00000003AYRE,83673ffd-c48c-429a-b6c6-7e8dac70b874,a8f9c121-f65b-4148-92f3-ceaf364f6ada,1791483361232,1791483363918,1791483363918,1,
d3abb02d-5347-4341-8656-625a9242040d,PROVIDER,1000,itemstocksubmodel-api-asset@BPNL00000003AYRE,0ef26eaf-3d7c-479a-9a01-d5fa6d5cdd8e,d46a27f1-272d-4379-9e8d-14238b8b92c4,1791483361427,1791483363929,1791483363929,1,
1e34e491-8ab7-499f-b7ef-19ec42350f66,PROVIDER,1000,itemstocksubmodel-api-asset@BPNL00000003AYRE,0ef26eaf-3d7c-479a-9a01-d5fa6d5cdd8e,36a6dc9c-f317-4639-a3a8-3df7a6d8679c,1791483363174,1791483365357,1791483365357,1,
0d96b2cc-c079-4075-bc45-0a318554835d,PROVIDER,1000,DigitalTwinRegistryId@BPNL00000003AYRE,83673ffd-c48c-429a-b6c6-7e8dac70b874,a0e7d86b-acb2-440e-a20e-6c9d55cb5d56,1791483363193,1791483365368,1791483365368,1,
f5607fa8-1b2e-4825-8e1e-b33e8d8db834,PROVIDER,1000,itemstocksubmodel-api-asset@BPNL00000003AYRE,0ef26eaf-3d7c-479a-9a01-d5fa6d5cdd8e,acb36cb0-a7c4-435c-9b1b-e68281578d9a,1791483364557,1791483366856,1791483366856,1,
ed2436ce-e23c-474a-8c22-4a13a383e229,PROVIDER,1000,DigitalTwinRegistryId@BPNL00000003AYRE,83673ffd-c48c-429a-b6c6-7e8dac70b874,e85af664-488a-4008-ac2d-6706128aeb53,1791483364570,1791483366865,1791483366865,1,
a4e837d5-8a9b-4a61-ac40-e0358842a765,PROVIDER,1000,itemstocksubmodel-api-asset@BPNL00000003AYRE,0ef26eaf-3d7c-479a-9a01-d5fa6d5cdd8e,efeb856e-1917-4b7b-8e2d-6bfd6edadf57,1791483365843,1791483368229,1791483368229,1,
096127d5-ff20-4725-8176-c79c303c0903,PROVIDER,1000,DigitalTwinRegistryId@BPNL00000003AYRE,83673ffd-c48c-429a-b6c6-7e8dac70b874,f334abec-07f7-4472-8e36-5ec472d0d77e,1791483366066,1791483368242,1791483368242,1,
1a53d855-6bcc-42ea-963c-78e677295820,PROVIDER,1000,itemstocksubmodel-api-asset@BPNL00000003AYRE,0ef26eaf-3d7c-479a-9a01-d5fa6d5cdd8e,01912485-76a6-47c6-8536-b2aa87e129fa,1791483367435,1791483369465,1791483369465,1,
a2949560-1ccf-4b16-b548-35329b22a0ac,PROVIDER,1000,DigitalTwinRegistryId@BPNL00000003AYRE,83673ffd-c48c-429a-b6c6-7e8dac70b874,cc3e69e0-ea63-4180-83c6-1eefaa0b0963,1791483368466,1791483370913,1791483370913,1,
2a000ff3-9c44-41df-80a5-77d9c076eea8,PROVIDER,1000,DigitalTwinRegistryId@BPNL00000003AYRE,83673ffd-c48c-429a-b6c6-7e8dac70b874,26595eee-037e-432a-abd5-0766cc5a4b30,1791483369707,1791483372254,1791483372254,1,
16554596-3e91-4f39-ad83-058a54f279ab,PROVIDER,1000,itemstocksubmodel-api-asset@BPNL00000003AYRE,0ef26eaf-3d7c-479a-9a01-d5fa6d5cdd8e,622f9596-88a2-41a3-bf42-6d076ff36471,1791483369729,1791483372267,1791483372267,1,
04015661-ae5c-4327-a355-58d710635c88,PROVIDER,1000,DigitalTwinRegistryId@BPNL00000003AYRE,83673ffd-c48c-429a-b6c6-7e8dac70b874,de13b33f-2c13-4c14-9223-8d589568d6e4,1791483371931,1791483374634,1791483374634,1,
064cdc0a-6980-4288-842f-302c02eb5c0f,PROVIDER,1000,itemstocksubmodel-api-asset@BPNL00000003AYRE,0ef26eaf-3d7c-479a-9a01-d5fa6d5cdd8e,86cdd2fd-85f4-43a8-847a-ccada652d785,1791483371996,1791483374647,1791483374647,1,
667a6ece-53f6-4020-87cf-bfcd039897b4,PROVIDER,1000,itemstocksubmodel-api-asset@BPNL00000003AYRE,0ef26eaf-3d7c-479a-9a01-d5fa6d5cdd8e,f072bb5a-6ffe-4cb0-a295-7299754162f6,1791483373218,1791483375307,1791483375307,1,
63cadd83-a365-4726-8fc9-6bd804b85df7,PROVIDER,1000,DigitalTwinRegistryId@BPNL00000003AYRE,83673ffd-c48c-429a-b6c6-7e8dac70b874,cef3d89c-5362-4eb7-9719-b89f47a4ee39,1791483373247,1791483375318,1791483375318,1,
a935bc1e-0fd2-4586-b672-6bd14ccaee7a,PROVIDER,1000,itemstocksubmodel-api-asset@BPNL00000003AYRE,0ef26eaf-3d7c-479a-9a01-d5fa6d5cdd8e,772a6b25-101c-4612-ac28-d21e2f42db82,1791483374496,1791483376682,1791483376682,1,
287f7667-63cb-4604-9418-c2afd4d98d94,PROVIDER,1000,DigitalTwinRegistryId@BPNL00000003AYRE,83673ffd-c48c-429a-b6c6-7e8dac70b874,de3fe7b0-835a-4670-b51c-fc7c6ddf584e,1791483374542,1791483376692,1791483376692,1,
6fe33963-6dfe-4f75-a05a-70e95511814a,PROVIDER,1000,itemstocksubmodel-api-asset@BPNL00000003AYRE,0ef26eaf-3d7c-479a-9a01-d5fa6d5cdd8e,328807a0-6188-4cb8-b212-868984f1b1f6,1791483375833,1791483377972,1791483377972,1,
a7a577f1-3647-420c-90fa-dc53edf4beef,PROVIDER,1000,DigitalTwinRegistryId@BPNL00000003AYRE,83673ffd-c48c-429a-b6c6-7e8dac70b874,a297f6d9-48ad-43d6-977d-3db6e4b72289,1791483377029,1791483379449,1791483379449,1,
0b91d6ee-3754-4e41-88e5-5e58ccd1e76a,PROVIDER,1000,DigitalTwinRegistryId@BPNL00000003AYRE,83673ffd-c48c-429a-b6c6-7e8dac70b874,8dc31812-79d5-4fc4-bc1d-ab3f91a0771b,1791483378227,1791483381223,1791483381223,1,
d6beef10-5213-47dc-9c57-45b92e3c7675,PROVIDER,1000,itemstocksubmodel-api-asset@BPNL00000003AYRE,0ef26eaf-3d7c-479a-9a01-d5fa6d5cdd8e,89da636c-7b65-438c-b756-a967723794ee,1791483378237,1791483379741,1791483379741,1,
ae5fdc0c-d208-4629-b927-dced80fe37ee,PROVIDER,1000,DigitalTwinRegistryId@BPNL00000003AYRE,83673ffd-c48c-429a-b6c6-7e8dac70b874,73de4347-bd75-4647-a2f5-4aba91eedb4d,1791483379418,1791483381239,1791483381239,1,
a0728a4e-14bc-4db2-b7f2-70a958831750,PROVIDER,1000,itemstocksubmodel-api-asset@BPNL00000003AYRE,0ef26eaf-3d7c-479a-9a01-d5fa6d5cdd8e,9a149cc1-5056-4b54-a6e4-410d7ded1415,1791483380657,1791483382576,1791483382576,1,
49553603-f535-4214-a1e3-d3c7d3b430fc,PROVIDER,1000,itemstocksubmodel-api-asset@BPNL00000003AYRE,0ef26eaf-3d7c-479a-9a01-d5fa6d5cdd8e,d9d778a2-31ce-4bbb-9f76-b31331a698a4,1791483380733,1791483382601,1791483382601,1,
02d5e5e1-5795-4391-b96d-2706defb40a4,PROVIDER,1000,DigitalTwinRegistryId@BPNL00000003AYRE,83673ffd-c48c-429a-b6c6-7e8dac70b874,902c484f-2862-471a-82b1-7a400b5f5088,1791483381931,1791483384051,1791483384051,1,
bfe87c34-f7c2-43ae-8fd4-e7561bc16249,PROVIDER,1000,DigitalTwinRegistryId@BPNL00000003AYRE,83673ffd-c48c-429a-b6c6-7e8dac70b874,f0b1ba59-c935-4c3e-adb6-246fa4d657bb,1791483383211,1791483385551,1791483385551,1,
dec0eb3b-3578-4fe1-b7c0-1916777fb3a8,PROVIDER,1000,itemstocksubmodel-api-asset@BPNL00000003AYRE,0ef26eaf-3d7c-479a-9a01-d5fa6d5cdd8e,1177b8c6-5808-44bc-9aea-7adddefce772,1791483383218,1791483385564,1791483385564,1,
de662ed9-c2bb-4fd1-8a05-bd5dca73c8df,PROVIDER,1000,itemstocksubmodel-api-asset@BPNL00000003AYRE,0ef26eaf-3d7c-479a-9a01-d5fa6d5cdd8e,5f413d7a-b72a-4b00-ab8a-2eba1b8ebdc3,1791483384401,1791483386104,1791483386104,1,
f397a77e-bf00-494a-a16e-2a5b82fbe7c0,PROVIDER,1000,DigitalTwinRegistryId@BPNL00000003AYRE,83673ffd-c48c-429a-b6c6-7e8dac70b874,861efe1d-65a4-43a8-9578-4371ddbb10dd,1791483384405,1791483387811,1791483387811,1,
1a4f36a2-ae25-4669-bac3-f33b657b9353,PROVIDER,1000,DigitalTwinRegistryId@BPNL00000003AYRE,83673ffd-c48c-429a-b6c6-7e8dac70b874,8e59ada9-595e-41b0-a240-afaec5da57a2,1791483386685,1791483389300,1791483389300,1,
cd701c34-0a42-484a-9786-579403207297,PROVIDER,1000,itemstocksubmodel-api-asset@BPNL00000003AYRE,0ef26eaf-3d7c-479a-9a01-d5fa6d5cdd8e,8e476d50-965a-46cc-81b0-74c77baefa5c,1791483386694,1791483389283,1791483389283,1,
252042fe-7d3a-41f4-a780-5f485e24bbf4,PROVIDER,1000,DigitalTwinRegistryId@BPNL00000003AYRE,83673ffd-c48c-429a-b6c6-7e8dac70b874,ff53c104-ee13-4a17-9496-1b6f9f3411ad,1791483387916,1791483391096,1791483391096,1,
d203b6ad-b732-469b-bde3-71bde8d75b80,PROVIDER,1000,itemstocksubmodel-api-asset@BPNL00000003AYRE,0ef26eaf-3d7c-479a-9a01-d5fa6d5cdd8e,704e9eec-4ef4-489d-a734-eb49157d5c3e,1791483388103,1791483389534,1791483389534,1,
eed05a6b-1d1f-46b8-afb5-bc2ff6b48487,PROVIDER,1000,DigitalTwinRegistryId@BPNL00000003AYRE,83673ffd-c48c-429a-b6c6-7e8dac70b874,151629e8-e8e2-4606-9b5a-d77887884234,1791483389433,1791483391106,1791483391106,1,
c46fecb5-96a3-438e-9063-c5d0c4bd3a44,PROVIDER,1000,itemstocksubmodel-api-asset@BPNL00000003AYRE,0ef26eaf-3d7c-479a-9a01-d5fa6d5cdd8e,ea4d754f-f968-431a-bca9-7598e35150a7,1791483390520,1791483392474,1791483392474,1,
0b4aa7c6-f1b4-4215-b7b9-6f52cc0f3364,PROVIDER,1000,itemstocksubmodel-api-asset@BPNL00000003AYRE,0ef26eaf-3d7c-479a-9a01-d5fa6d5cdd8e,a62921b3-dddb-4f67-a999-8dd9e782bd5b,1791483390565,1791483392487,1791483392487,1,
db772276-c755-43f8-a4a0-ed3031653ab1,PROVIDER,1000,DigitalTwinRegistryId@BPNL00000003AYRE,83673ffd-c48c-429a-b6c6-7e8dac70b874,0b2f4f85-be05-4dd5-a04f-f43e758942ab,1791483391994,1791483393859,1791483393859,1,
0589643c-6edb-4988-b3b1-8ee4d8424707,PROVIDER,1000,DigitalTwinRegistryId@BPNL00000003AYRE,83673ffd-c48c-429a-b6c6-7e8dac70b874,e8db095c-d4fd-4f65-91f5-eec40d22f0d0,1791483393307,1791483395386,1791483395386,1,
f973556c-5844-4644-9db7-87bf882b75cd,PROVIDER,1000,itemstocksubmodel-api-asset@BPNL00000003AYRE,0ef26eaf-3d7c-479a-9a01-d5fa6d5cdd8e,2ea77e93-8c88-4f09-9b55-22467fd07aa7,1791483393319,1791483395374,1791483395374,1,
8bb73259-5a1d-4e87-9197-4b0fadf80783,PROVIDER,1000,itemstocksubmodel-api-asset@BPNL00000003AYRE,0ef26eaf-3d7c-479a-9a01-d5fa6d5cdd8e,aad9840f-6a5a-4b73-ad68-d5d035b77276,1791483394504,1791483396658,1791483396658,1,
b57a89ca-1fc6-44cd-a403-f9f22c76ff45,PROVIDER,1000,DigitalTwinRegistryId@BPNL00000003AYRE,83673ffd-c48c-429a-b6c6-7e8dac70b874,ffe644e1-3521-416f-aef1-7527d05a2fa9,1791483394509,1791483396669,1791483396669,1,
f4fbf716-c96c-4293-8419-a204e7ed8454,PROVIDER,1000,itemstocksubmodel-api-asset@BPNL00000003AYRE,0ef26eaf-3d7c-479a-9a01-d5fa6d5cdd8e,99e08102-6b2c-4c18-8426-167fc9878a0d,1791483395836,1791483397941,1791483397941,1,
80a70701-d118-4fe2-9d46-534f1da8c275,PROVIDER,1000,DigitalTwinRegistryId@BPNL00000003AYRE,83673ffd-c48c-429a-b6c6-7e8dac70b874,74649232-4d1d-4431-ab3a-3de7ad4c670e,1791483396938,1791483399292,1791483399292,1,
d4d482ca-6674-4ae2-a5a6-a9093aca06d2,PROVIDER,1000,DigitalTwinRegistryId@BPNL00000003AYRE,83673ffd-c48c-429a-b6c6-7e8dac70b874,848e8e4f-ce38-4b88-8d23-705a3ee84cce,1791483398196,1791483400980,1791483400980,1,
a7b682ed-3a3f-4106-a337-b85cd698a536,PROVIDER,1000,itemstocksubmodel-api-asset@BPNL00000003AYRE,0ef26eaf-3d7c-479a-9a01-d5fa6d5cdd8e,b027e192-f343-4581-9d02-552590a16c89,1791483398206,1791483400612,1791483400612,1,
2a0e8a5b-af5c-4e20-bd7c-dfc38d7e1dc3,PROVIDER,1000,DigitalTwinRegistryId@BPNL00000003AYRE,83673ffd-c48c-429a-b6c6-7e8dac70b874,bf6a3665-f732-443e-a1e6-338d00110036,1791483399429,1791483400990,1791483400990,1,
a281cf7e-9eaf-4978-9962-bf5ebad0d704,PROVIDER,1000,itemstocksubmodel-api-asset@BPNL00000003AYRE,0ef26eaf-3d7c-479a-9a01-d5fa6d5cdd8e,3b77a10c-da10-4909-91f2-1e9ee1563b08,1791483400604,1791483402453,1791483402453,1,
d7734a49-9915-470f-ae1f-155fd6836554,PROVIDER,1000,itemstocksubmodel-api-asset@BPNL00000003AYRE,0ef26eaf-3d7c-479a-9a01-d5fa6d5cdd8e,26ec08ee-05ec-4190-b275-d27c769f5935,1791483400776,1791483402462,1791483402462,1,
9ef29c65-7d00-435a-a47b-eec595f5d636,PROVIDER,1000,DigitalTwinRegistryId@BPNL00000003AYRE,83673ffd-c48c-429a-b6c6-7e8dac70b874,1e40f98a-ab5b-4890-bffc-f9521ee7e619,1791483401931,1791483403897,1791483403897,1,
1967fe4c-ce94-4cc0-9f25-1bc80fcf2c6a,PROVIDER,1000,DigitalTwinRegistryId@BPNL00000003AYRE,83673ffd-c48c-429a-b6c6-7e8dac70b874,ba338c3f-0aa9-4a09-84a0-89c37e99124d,1791483403241,1791483405321,1791483405321,1,
b220aed7-dd7d-4d22-885f-69b5f9be75b8,PROVIDER,1000,itemstocksubmodel-api-asset@BPNL00000003AYRE,0ef26eaf-3d7c-479a-9a01-d5fa6d5cdd8e,953cef1a-8277-4bc1-991b-db18c93c6008,1791483403266,1791483405312,1791483405312,1,
750f4117-28b4-4509-9bfa-cdcb7d1ec41b,PROVIDER,1000,itemstocksubmodel-api-asset@BPNL00000003AYRE,0ef26eaf-3d7c-479a-9a01-d5fa6d5cdd8e,2edbefda-71c4-4311-9a0c-7f6aaea69359,1791483404478,1791483406646,1791483406646,1,
b02b7cf7-0cd9-4846-80e8-bfee9c86edf2,PROVIDER,1000,DigitalTwinRegistryId@BPNL00000003AYRE,83673ffd-c48c-429a-b6c6-7e8dac70b874,aa23c56b-71f3-4362-976c-1d2853453be9,1791483404487,1791483406657,1791483406657,1,
c6e843f3-ed6c-47e2-a36d-a5c791f8e866,PROVIDER,1000,itemstocksubmodel-api-asset@BPNL00000003AYRE,0ef26eaf-3d7c-479a-9a01-d5fa6d5cdd8e,b0174d4f-5a7e-4a29-8d93-905fb76499b7,1791483405734,1791483407918,1791483407918,1,
8e834105-c258-43be-a572-4ba4a54091ab,PROVIDER,1000,DigitalTwinRegistryId@BPNL00000003AYRE,83673ffd-c48c-429a-b6c6-7e8dac70b874,162b8069-5374-4ad4-84a3-b803e0120b5b,1791483406768,1791483409322,1791483409322,1,
ffd65a9d-97a9-4bec-b00f-197e615a57f0,PROVIDER,1000,DigitalTwinRegistryId@BPNL00000003AYRE,83673ffd-c48c-429a-b6c6-7e8dac70b874,52888950-dac7-4a58-8b90-afa5ffa32063,1791483407924,1791483410991,1791483410991,1,
26d53e73-a336-4fbf-8ec0-fb88e67c8891,PROVIDER,1000,itemstocksubmodel-api-asset@BPNL00000003AYRE,0ef26eaf-3d7c-479a-9a01-d5fa6d5cdd8e,7e210127-b4dd-4e12-9697-53de2cdb838f,1791483409110,1791483410982,1791483410982,1,
f8af8e88-c4fb-44e2-8cd9-0adb3f0144ee,PROVIDER,1000,DigitalTwinRegistryId@BPNL00000003AYRE,83673ffd-c48c-429a-b6c6-7e8dac70b874,bb49effb-b656-45b5-a74c-46bbc4f8e829,1791483410328,1791483412526,1791483412526,1,
13c9d199-5396-43a4-b7c0-af8022fbbd3b,PROVIDER,1000,itemstocksubmodel-api-asset@BPNL00000003AYRE,0ef26eaf-3d7c-479a-9a01-d5fa6d5cdd8e,727372c7-27d6-4d6d-879f-b3795a302559,1791483410342,1791483412514,1791483412514,1,
bc70b80d-c4b3-4bbd-871e-98aa1e172f61,PROVIDER,1000,itemstocksubmodel-api-asset@BPNL00000003AYRE,0ef26eaf-3d7c-479a-9a01-d5fa6d5cdd8e,b6f960e9-eb6f-483c-900d-a7b885ce3e4a,1791483411925,1791483413989,1791483413989,1,
8cd00129-83f1-4623-902d-77313f424b5f,PROVIDER,1000,DigitalTwinRegistryId@BPNL00000003AYRE,83673ffd-c48c-429a-b6c6-7e8dac70b874,6e98065a-271f-46c5-8458-e57894b6c3f6,1791483411995,1791483413999,1791483413999,1,
0535962f-f759-409b-bf0a-f2bd4e75ff79,PROVIDER,1000,DigitalTwinRegistryId@BPNL00000003AYRE,83673ffd-c48c-429a-b6c6-7e8dac70b874,c19d96a7-d0e1-4a11-85c8-3b6fd44487b3,1791483413314,1791483415354,1791483415354,1,
45b0eb7c-4183-4407-9b04-3974748e00cf,PROVIDER,1000,itemstocksubmodel-api-asset@BPNL00000003AYRE,0ef26eaf-3d7c-479a-9a01-d5fa6d5cdd8e,cac1122f-1516-41a2-ad7d-5b517c9b9a05,1791483413321,1791483415346,1791483415346,1,
969185e6-caf1-4371-ac8f-6fc107d25fe8,PROVIDER,1000,itemstocksubmodel-api-asset@BPNL00000003AYRE,0ef26eaf-3d7c-479a-9a01-d5fa6d5cdd8e,e68c4881-5ea0-46a1-a352-09f1ca0edcf8,1791483414590,1791483417434,1791483417434,1,
f571540c-da63-43dc-a4db-8bb4b78a47a6,PROVIDER,1000,DigitalTwinRegistryId@BPNL00000003AYRE,83673ffd-c48c-429a-b6c6-7e8dac70b874,5882c52c-89ac-463d-9d71-267db5b987f9,1791483414601,1791483417535,1791483417535,1,
683f98c1-b26c-427e-9320-c910a530cbdf,PROVIDER,1000,itemstocksubmodel-api-asset@BPNL00000003AYRE,0ef26eaf-3d7c-479a-9a01-d5fa6d5cdd8e,1be53678-ad2e-4263-b3d2-6aab0500e1e6,1791483415929,1791483418672,1791483418672,1,
749313ca-8fb8-420c-96b2-de20d069303a,PROVIDER,1000,DigitalTwinRegistryId@BPNL00000003AYRE,83673ffd-c48c-429a-b6c6-7e8dac70b874,a0e226a2-6453-4373-84b6-8c746a222352,1791483416118,1791483418718,1791483418718,1,
93476fee-e0e6-4b07-b2e8-c34cbc272be7,PROVIDER,1000,itemstocksubmodel-api-asset@BPNL00000003AYRE,0ef26eaf-3d7c-479a-9a01-d5fa6d5cdd8e,4fa521c3-9886-446c-bac8-0ade4d99d1f2,1791483417506,1791483418970,1791483418970,1,
7a026419-f250-49d2-a4da-20cb2b180f27,PROVIDER,1000,DigitalTwinRegistryId@BPNL00000003AYRE,83673ffd-c48c-429a-b6c6-7e8dac70b874,67e3120a-42e5-417d-a9ff-e1f5a08324ce,1791483418611,1791483420346,1791483420346,1,
de0386eb-7229-487f-b448-da12c29aab15,PROVIDER,1000,DigitalTwinRegistryId@BPNL00000003AYRE,83673ffd-c48c-429a-b6c6-7e8dac70b874,d2c23de4-6382-43f2-be47-7100df480837,1791483419834,1791483421740,1791483421740,1,
364bfb11-abe9-4513-9c0c-75dd9ca14b01,PROVIDER,1000,itemstocksubmodel-api-asset@BPNL00000003AYRE,0ef26eaf-3d7c-479a-9a01-d5fa6d5cdd8e,1ccc612d-a1de-4ec7-aa47-c73cd0eb5f0e,1791483419845,1791483421756,1791483421756,1,
4c1a3daf-fdd3-4bed-af49-c6b861b3fcd3,PROVIDER,1000,itemstocksubmodel-api-asset@BPNL00000003AYRE,0ef26eaf-3d7c-479a-9a01-d5fa6d5cdd8e,dac73be0-96ba-423b-8834-634b87651936,1791483421027,1791483423323,1791483423323,1,
1db61f39-74ec-4fb7-9a7c-291036fc1eb6,PROVIDER,1000,DigitalTwinRegistryId@BPNL00000003AYRE,83673ffd-c48c-429a-b6c6-7e8dac70b874,a64a84a4-fa68-4ac7-a6e7-292b86f01039,1791483421040,1791483423334,1791483423334,1,
6f6803f6-a847-4680-ad1e-53a4e201378d,PROVIDER,1000,itemstocksubmodel-api-asset@BPNL00000003AYRE,0ef26eaf-3d7c-479a-9a01-d5fa6d5cdd8e,1169de91-307e-4724-87c0-1ea7db298013,1791483422332,1791483424559,1791483424559,1,
697389f5-2b44-4ea4-b902-b28403601ab2,PROVIDER,1000,DigitalTwinRegistryId@BPNL00000003AYRE,83673ffd-c48c-429a-b6c6-7e8dac70b874,896cf0e5-cdf7-4e1a-ae89-6e8173638a7a,1791483423773,1791483426444,1791483426444,1,
87f9ad53-a650-4deb-9f49-14e2a9181a58,PROVIDER,1000,DigitalTwinRegistryId@BPNL00000003AYRE,83673ffd-c48c-429a-b6c6-7e8dac70b874,dc933899-fe33-42d6-a555-e03fa61826d0,1791483424991,1791483428408,1791483428408,1,
03fc0670-a343-46e8-8399-f9da390c8233,PROVIDER,1000,itemstocksubmodel-api-asset@BPNL00000003AYRE,0ef26eaf-3d7c-479a-9a01-d5fa6d5cdd8e,795b1b3b-d32f-4b03-92a2-d3091fa755b7,1791483425001,1791483428417,1791483428417,1,
d87f4ca2-c064-45f3-a3b2-7ea91300c087,PROVIDER,1000,DigitalTwinRegistryId@BPNL00000003AYRE,83673ffd-c48c-429a-b6c6-7e8dac70b874,7e8d45ed-7148-4f9d-af3e-45d4cce5dcd8,1791483426237,1791483428427,1791483428427,1,
9b602f21-28cb-417f-83a3-f788b372afc4,PROVIDER,1000,itemstocksubmodel-api-asset@BPNL00000003AYRE,0ef26eaf-3d7c-479a-9a01-d5fa6d5cdd8e,206b7c59-623d-43c0-914e-d4b301edc478,1791483427339,1791483429953,1791483429953,1,
3e5c50f2-daf8-4af8-b91d-31bf680fe41d,PROVIDER,1000,itemstocksubmodel-api-asset@BPNL00000003AYRE,0ef26eaf-3d7c-479a-9a01-d5fa6d5cdd8e,5863c91b-fd9e-419c-80ad-71e855905c92,1791483427445,1791483429942,1791483429942,1,
0f0ddc7f-95d6-4178-8519-832d9b420b04,PROVIDER,1000,DigitalTwinRegistryId@BPNL00000003AYRE,83673ffd-c48c-429a-b6c6-7e8dac70b874,be08eff3-7d52-442e-8160-e28f3a48e237,1791483427749,1791483431541,1791483431541,1,
a9fd60de-6fc0-4f5c-a2d6-489bc8462b89,PROVIDER,1000,itemstocksubmodel-api-asset@BPNL00000003AYRE,0ef26eaf-3d7c-479a-9a01-d5fa6d5cdd8e,f03b3a3f-224e-4ec8-9837-c68051d189ae,1791483430010,1791483431758,1791483431758,1,
f5aebc2e-04cb-422a-b04e-2b2ef02f99e4,PROVIDER,1000,DigitalTwinRegistryId@BPNL00000003AYRE,83673ffd-c48c-429a-b6c6-7e8dac70b874,c6093543-8244-4e7c-af9e-fdefea63d30e,1791483430035,1791483434393,1791483434393,1,
a03a65b8-17a5-4bff-bdc5-d8051af3c16d,PROVIDER,1000,DigitalTwinRegistryId@BPNL00000003AYRE,83673ffd-c48c-429a-b6c6-7e8dac70b874,3ef4d0d7-f97a-4de8-a8eb-9a9668075c90,1791483431437,1791483434400,1791483434400,1,
272008ca-0cbf-4057-93d6-f317abaebaee,PROVIDER,1000,itemstocksubmodel-api-asset@BPNL00000003AYRE,0ef26eaf-3d7c-479a-9a01-d5fa6d5cdd8e,1280026e-9b16-4d20-935e-8426ad051cc4,1791483432998,1791483436986,1791483436986,1,
78b421d8-3ddd-4793-bfac-aa041d09a502,PROVIDER,1000,itemstocksubmodel-api-asset@BPNL00000003AYRE,0ef26eaf-3d7c-479a-9a01-d5fa6d5cdd8e,6861673c-367a-4cbc-b647-0aac8ec5380f,1791483433007,1791483436977,1791483436977,1,
9e13504f-9828-4ea3-9bb1-4f81e8831d30,PROVIDER,1000,DigitalTwinRegistryId@BPNL00000003AYRE,83673ffd-c48c-429a-b6c6-7e8dac70b874,e9a219ac-b15d-4ab1-bc16-60ab342a95f6,1791483433283,1791483436995,1791483436995,1,
0e212e3b-b084-4692-8bb1-e0cb779d636c,PROVIDER,1000,DigitalTwinRegistryId@BPNL00000003AYRE,83673ffd-c48c-429a-b6c6-7e8dac70b874,e7276308-a545-4b0d-862e-c06fb77aef31,1791483434605,1791483438092,1791483438092,1,
728303cf-af88-47f0-b4cd-85e8aa01468a,PROVIDER,1000,itemstocksubmodel-api-asset@BPNL00000003AYRE,0ef26eaf-3d7c-479a-9a01-d5fa6d5cdd8e,afeb1c82-a556-4094-b891-7d7723a6bc06,1791483434636,1791483438103,1791483438103,1,
a9cfaa9d-5a5c-4d81-99ad-a7da6bd62ce3,PROVIDER,1000,itemstocksubmodel-api-asset@BPNL00000003AYRE,0ef26eaf-3d7c-479a-9a01-d5fa6d5cdd8e,40b8e478-2bfc-4f37-b2da-0c4a3a5d0612,1791483436143,1791483438117,1791483438117,1,
ec60bd4d-5944-4f80-86d7-a3058225c3fb,PROVIDER,1000,DigitalTwinRegistryId@BPNL00000003AYRE,83673ffd-c48c-429a-b6c6-7e8dac70b874,e2397efb-557e-4b60-b450-4b7091aced09,1791483436734,1791483439470,1791483439470,1,
a77d7e46-59b9-4e8d-a376-773464f66c17,PROVIDER,1000,DigitalTwinRegistryId@BPNL00000003AYRE,83673ffd-c48c-429a-b6c6-7e8dac70b874,77edda61-e577-4228-874a-15e82dfe1949,1791483438652,1791483441032,1791483441032,1,
7fc2b842-95cb-461b-99d7-0ac716b3f72a,PROVIDER,1000,itemstocksubmodel-api-asset@BPNL00000003AYRE,0ef26eaf-3d7c-479a-9a01-d5fa6d5cdd8e,1ee368d3-921f-4762-92d5-00aa043634a7,1791483438667,1791483441021,1791483441021,1,
ff439800-5f1a-4989-a9c1-eb3a95d69a63,PROVIDER,1000,DigitalTwinRegistryId@BPNL00000003AYRE,83673ffd-c48c-429a-b6c6-7e8dac70b874,123f29c1-8a4d-4e41-8be4-e7c616243b45,1791483439864,1791483442495,1791483442495,1,
9e94b0f8-5760-4808-a113-200f1786584b,PROVIDER,1000,itemstocksubmodel-api-asset@BPNL00000003AYRE,0ef26eaf-3d7c-479a-9a01-d5fa6d5cdd8e,a73facdf-6d0a-4c9d-939c-123da5dd2900,1791483440044,1791483442506,1791483442506,1,
4dcfc4b6-8b5f-4644-a9d8-7fc5eee45cdc,PROVIDER,1000,DigitalTwinRegistryId@BPNL00000003AYRE,83673ffd-c48c-429a-b6c6-7e8dac70b874,58d9d84c-8791-4a66-9d97-f4e9ec3977e6,1791483441132,1791483443869,1791483443869,1,
7dda7090-2818-4b1a-8163-f1d61e1f6ea9,PROVIDER,1000,itemstocksubmodel-api-asset@BPNL00000003AYRE,0ef26eaf-3d7c-479a-9a01-d5fa6d5cdd8e,6a8ae513-e9cb-42a1-9e80-6e5253691fd4,1791483441230,1791483443879,1791483443879,1,
df48a28c-1ca9-490a-845a-141236810a90,PROVIDER,1000,itemstocksubmodel-api-asset@BPNL00000003AYRE,0ef26eaf-3d7c-479a-9a01-d5fa6d5cdd8e,6ac1b3b4-f4cd-46a8-8d79-ee3e25e36691,1791483443525,1791483445413,1791483445413,1,
97ef018d-cf12-4943-9f8a-468b87fef625,PROVIDER,1000,DigitalTwinRegistryId@BPNL00000003AYRE,83673ffd-c48c-429a-b6c6-7e8dac70b874,a25f9036-7d77-40bd-9b4c-e409bc8be42f,1791483443562,1791483445430,1791483445430,1,
067f51e4-6d8c-46b7-afd5-50f03819e92c,PROVIDER,1000,itemstocksubmodel-api-asset@BPNL00000003AYRE,0ef26eaf-3d7c-479a-9a01-d5fa6d5cdd8e,096f5305-f8c5-4751-8fdb-188aca69731b,1791483444893,1791483446832,1791483446832,1,
e599ea8a-0b68-436b-9bc1-2828302e3984,PROVIDER,1000,DigitalTwinRegistryId@BPNL00000003AYRE,83673ffd-c48c-429a-b6c6-7e8dac70b874,e4a130d0-baa2-447a-b407-f1e80a66f49c,1791483444907,1791483446843,1791483446843,1,
03191532-fa5a-482f-a55b-51f8337bc88d,PROVIDER,1000,itemstocksubmodel-api-asset@BPNL00000003AYRE,0ef26eaf-3d7c-479a-9a01-d5fa6d5cdd8e,66b7a1de-6930-4870-bfdf-ca6e7a108dc0,1791483446109,1791483448343,1791483448343,1,
4a189b44-59c6-426c-8382-a71d16f020f7,PROVIDER,1000,DigitalTwinRegistryId@BPNL00000003AYRE,83673ffd-c48c-429a-b6c6-7e8dac70b874,8d5c597d-b3e7-47d2-903a-340e9b32d7c4,1791483446122,1791483448350,1791483448350,1,
3b9a6b9c-7dd4-4290-ab2d-36c752ac7729,PROVIDER,1000,itemstocksubmodel-api-asset@BPNL00000003AYRE,0ef26eaf-3d7c-479a-9a01-d5fa6d5cdd8e,a203340c-f714-43ad-9b46-bd835b7b9d1d,1791483447535,1791483449612,1791483449612,1,
9b388681-f217-4458-ae3c-f35d91926d90,PROVIDER,1000,DigitalTwinRegistryId@BPNL00000003AYRE,83673ffd-c48c-429a-b6c6-7e8dac70b874,75690d86-cb7a-4d09-bbbf-eb59aa8da6c3,1791483447643,1791483449625,1791483449625,1,
861b9619-c337-4ed4-95ad-7e6143c329f7,PROVIDER,1000,itemstocksubmodel-api-asset@BPNL00000003AYRE,0ef26eaf-3d7c-479a-9a01-d5fa6d5cdd8e,87a2416f-3e74-493b-8b90-af8c56497ef4,1791483448826,1791483450872,1791483450872,1,
9307752f-0579-44c8-87c3-124314b31b2a,PROVIDER,1000,DigitalTwinRegistryId@BPNL00000003AYRE,83673ffd-c48c-429a-b6c6-7e8dac70b874,4efb68f0-c07e-456e-a823-d527f20c8b13,1791483449973,1791483452322,1791483452322,1,
f2ff1406-eaff-4dee-b51c-b9231e349650,PROVIDER,1000,DigitalTwinRegistryId@BPNL00000003AYRE,83673ffd-c48c-429a-b6c6-7e8dac70b874,797e2b72-692e-4905-b6be-9ffe0cd20353,1791483451231,1791483453728,1791483453728,1,
b569d2b3-549b-4e7a-a2d2-c776f8c0f964,PROVIDER,1000,itemstocksubmodel-api-asset@BPNL00000003AYRE,0ef26eaf-3d7c-479a-9a01-d5fa6d5cdd8e,ed6e7768-ebb4-4aa4-bda1-18e6ea715f49,1791483451326,1791483453740,1791483453740,1,
32ef44bb-4a9b-41b0-874d-b4d0d4cedc9d,PROVIDER,1000,itemstocksubmodel-api-asset@BPNL00000003AYRE,0ef26eaf-3d7c-479a-9a01-d5fa6d5cdd8e,fd72178b-f038-4e9b-ab5c-39ab8eca2e78,1791483452857,1791483455214,1791483455214,1,
1e90c83b-9855-4115-a87b-a225c68cc676,PROVIDER,1000,DigitalTwinRegistryId@BPNL00000003AYRE,83673ffd-c48c-429a-b6c6-7e8dac70b874,284102b2-2ee0-4f41-a2b9-eef563a9a76c,1791483453063,1791483455245,1791483455245,1,
486f967c-cb20-4f91-aab6-3908da8518cc,PROVIDER,1000,itemstocksubmodel-api-asset@BPNL00000003AYRE,0ef26eaf-3d7c-479a-9a01-d5fa6d5cdd8e,65d864e8-cab3-4da4-95f6-d8efd891b15f,1791483454301,1791483456587,1791483456587,1,
eeb37806-eda5-4122-a742-632ddd90546f,PROVIDER,1000,DigitalTwinRegistryId@BPNL00000003AYRE,83673ffd-c48c-429a-b6c6-7e8dac70b874,f927f942-d6e2-43e7-9398-efe0dedc5304,1791483454447,1791483456596,1791483456596,1,
eedeb541-4564-4e0e-8746-6210a667cbb4,PROVIDER,1000,itemstocksubmodel-api-asset@BPNL00000003AYRE,0ef26eaf-3d7c-479a-9a01-d5fa6d5cdd8e,ec01c5c3-a30c-45f4-80f2-442d4ddd68e3,1791483455734,1791483457883,1791483457883,1,
dda93187-0d11-4db2-9144-d20799d34675,PROVIDER,1000,DigitalTwinRegistryId@BPNL00000003AYRE,83673ffd-c48c-429a-b6c6-7e8dac70b874,821ab796-252f-45c6-be15-63a9033a61e2,1791483456924,1791483459281,1791483459281,1,
a747f705-9488-4019-bee1-848d3892f773,PROVIDER,1000,DigitalTwinRegistryId@BPNL00000003AYRE,83673ffd-c48c-429a-b6c6-7e8dac70b874,5417072f-1d0c-4de6-a766-c780e05794eb,1791483458202,1791483462048,1791483462048,1,
9bae6607-633c-4f3e-86a1-712aebdee69f,PROVIDER,1000,itemstocksubmodel-api-asset@BPNL00000003AYRE,0ef26eaf-3d7c-479a-9a01-d5fa6d5cdd8e,655174fe-7dd6-4092-b5d8-2f2fe092055b,1791483458211,1791483460548,1791483460548,1,
0590e023-2a63-46d7-918b-d9191606462d,PROVIDER,1000,DigitalTwinRegistryId@BPNL00000003AYRE,83673ffd-c48c-429a-b6c6-7e8dac70b874,ccb26bd5-6c83-4f31-aa78-897dc5c67d86,1791483459402,1791483462059,1791483462059,1,
f0afca72-5004-4fab-8aae-ef7da513178d,PROVIDER,1000,itemstocksubmodel-api-asset@BPNL00000003AYRE,0ef26eaf-3d7c-479a-9a01-d5fa6d5cdd8e,bd41ca1f-f81f-4b56-ade4-e65beb559258,1791483460635,1791483463358,1791483463358,1,
c763e441-d139-4e74-a9d6-756d9d9046e0,PROVIDER,1000,itemstocksubmodel-api-asset@BPNL00000003AYRE,0ef26eaf-3d7c-479a-9a01-d5fa6d5cdd8e,a0f5ee1a-85fb-4c3b-990f-640f3a168e71,1791483460841,1791483463510,1791483463510,1,
f1c18c84-1180-414a-958f-81730dca14a2,PROVIDER,1000,DigitalTwinRegistryId@BPNL00000003AYRE,83673ffd-c48c-429a-b6c6-7e8dac70b874,318a45e9-ef68-45f2-a4dd-e9064a51c3d6,1791483462132,1791483465703,1791483465703,1,
7fd921e2-59be-4b97-97df-de14fcf7c072,PROVIDER,1000,DigitalTwinRegistryId@BPNL00000003AYRE,83673ffd-c48c-429a-b6c6-7e8dac70b874,23885855-87e4-43b4-b6c5-e8fd0958c394,1791483463380,1791483466817,1791483466817,1,
385a1d31-c478-48e5-9c59-731b5a1b75d8,PROVIDER,1000,DigitalTwinRegistryId@BPNL00000003AYRE,83673ffd-c48c-429a-b6c6-7e8dac70b874,43901662-1dce-4e5c-8a5f-524791f5ec70,1791483463406,1791483466737,1791483466737,1,
6cbf0fdf-4469-47eb-a336-2eb347e1c5c6,PROVIDER,1000,itemstocksubmodel-api-asset@BPNL00000003AYRE,0ef26eaf-3d7c-479a-9a01-d5fa6d5cdd8e,cf8ada17-8630-4360-8de7-ef76924b1728,1791483464611,1791483468542,1791483468542,1,
a71dade8-0b4f-42da-abc0-7cf6546efe9d,PROVIDER,1000,DigitalTwinRegistryId@BPNL00000003AYRE,83673ffd-c48c-429a-b6c6-7e8dac70b874,1085b08b-bc3d-420e-973d-cdca2fa08b19,1791483464640,1791483468551,1791483468551,1,
5b88bd1d-fb44-41f6-a884-811d4977041a,PROVIDER,1000,itemstocksubmodel-api-asset@BPNL00000003AYRE,0ef26eaf-3d7c-479a-9a01-d5fa6d5cdd8e,0e7ca805-eedb-4a51-a38f-d73bd0df6db7,1791483464664,1791483468571,1791483468571,1,
1255b188-d740-434b-a849-5ed723de71e7,PROVIDER,1000,itemstocksubmodel-api-asset@BPNL00000003AYRE,0ef26eaf-3d7c-479a-9a01-d5fa6d5cdd8e,ecc9d1ab-7055-46f6-928e-a7709f5eeabf,1791483464735,1791483468562,1791483468562,1,
4a619959-be4e-4f87-b1a6-02f50e8a61fd,PROVIDER,1000,DigitalTwinRegistryId@BPNL00000003AYRE,83673ffd-c48c-429a-b6c6-7e8dac70b874,803a8f04-2757-406a-94ef-59ef4c61247a,1791483466238,1791483469142,1791483469142,1,
0f4b02b7-377d-4303-b311-da4e3d5f4269,PROVIDER,1000,itemstocksubmodel-api-asset@BPNL00000003AYRE,0ef26eaf-3d7c-479a-9a01-d5fa6d5cdd8e,b9033951-134d-4194-8d57-cc287f6aca39,1791483466404,1791483469151,1791483469151,1,
7f874a00-651c-4ff4-86b5-4895da0805b6,PROVIDER,1000,itemstocksubmodel-api-asset@BPNL00000003AYRE,0ef26eaf-3d7c-479a-9a01-d5fa6d5cdd8e,a3418f82-705b-4919-8b4c-b1f09f9f13ac,1791483467836,1791483471021,1791483471021,1,
66d9afbb-4247-4400-b488-05dc75923867,PROVIDER,1000,DigitalTwinRegistryId@BPNL00000003AYRE,83673ffd-c48c-429a-b6c6-7e8dac70b874,0e7ccd09-8859-4336-a9f2-2c39a54c4ba0,1791483467934,1791483471031,1791483471031,1,
dddb8b48-b5a0-4da5-b892-9b461bb45a17,PROVIDER,1000,DigitalTwinRegistryId@BPNL00000003AYRE,83673ffd-c48c-429a-b6c6-7e8dac70b874,00b6f043-03b0-48fe-ba81-584739f87db0,1791483468876,1791483471011,1791483471011,1,
d52fbcfe-0407-4da1-a18e-0a3148822fa5,PROVIDER,1000,itemstocksubmodel-api-asset@BPNL00000003AYRE,0ef26eaf-3d7c-479a-9a01-d5fa6d5cdd8e,46b4a11e-eab2-4e1c-bc2b-2dde9e2e2d72,1791483470144,1791483472439,1791483472439,1,
2e0ca940-1f78-45a7-a016-ca521abdf1c1,PROVIDER,1000,DigitalTwinRegistryId@BPNL00000003AYRE,83673ffd-c48c-429a-b6c6-7e8dac70b874,92086d47-dc13-451d-bb20-af067268e8c5,1791483470162,1791483472460,1791483472460,1,
42036fe6-7bf9-4650-bef9-146ef239901f,PROVIDER,1000,itemstocksubmodel-api-asset@BPNL00000003AYRE,0ef26eaf-3d7c-479a-9a01-d5fa6d5cdd8e,4ceeda33-38c3-456b-b467-bdba7ccded54,1791483470203,1791483472450,1791483472450,1,
67c732b1-efdc-40b2-a79a-edcc709df276,PROVIDER,1000,itemstocksubmodel-api-asset@BPNL00000003AYRE,0ef26eaf-3d7c-479a-9a01-d5fa6d5cdd8e,083b436f-2d54-4fb2-879c-c791633bfde0,1791483471429,1791483474992,1791483474992,1,
514de984-6d7e-4b39-b073-0b047f64178e,PROVIDER,1000,DigitalTwinRegistryId@BPNL00000003AYRE,83673ffd-c48c-429a-b6c6-7e8dac70b874,e96730db-58fb-4ee4-bd66-508121038190,1791483471442,1791483475006,1791483475006,1,
0e49548c-9bb9-4f7c-922d-16ebed737152,PROVIDER,1000,DigitalTwinRegistryId@BPNL00000003AYRE,83673ffd-c48c-429a-b6c6-7e8dac70b874,2ddcea1a-a23f-4059-ad35-80a1190109d3,1791483473630,1791483475379,1791483475379,1,
329800dd-cf1c-442d-9f31-c6ecf2dfe94e,PROVIDER,1000,itemstocksubmodel-api-asset@BPNL00000003AYRE,0ef26eaf-3d7c-479a-9a01-d5fa6d5cdd8e,afe28031-f924-41a9-9872-b91b3e031dd1,1791483473647,1791483475369,1791483475369,1,
264f4d82-02ea-45c7-96b8-758b5960521a,PROVIDER,1000,DigitalTwinRegistryId@BPNL00000003AYRE,83673ffd-c48c-429a-b6c6-7e8dac70b874,507102b2-024e-4b19-aae7-b6bec4f914aa,1791483474941,1791483478434,1791483478434,1,
770e4a8b-33bb-4e4d-9211-dd9b7a5e4f06,PROVIDER,1000,itemstocksubmodel-api-asset@BPNL00000003AYRE,0ef26eaf-3d7c-479a-9a01-d5fa6d5cdd8e,ecaee940-b9bc-49e5-a814-ff99b8c08367,1791483475137,1791483479611,1791483479611,1,
d0dc9de8-78ca-461a-b992-516e0b9674dc,PROVIDER,1000,DigitalTwinRegistryId@BPNL00000003AYRE,83673ffd-c48c-429a-b6c6-7e8dac70b874,1118a5f7-9581-462a-b56a-3453d552e0af,1791483476364,1791483479625,1791483479625,1,
615fcbdd-186e-49f9-9d3c-19e2290b3bbf,PROVIDER,1000,itemstocksubmodel-api-asset@BPNL00000003AYRE,0ef26eaf-3d7c-479a-9a01-d5fa6d5cdd8e,eb7fed2b-aad4-498f-9642-8f478bab42c2,1791483476379,1791483479618,1791483479618,1,
134b1119-afcc-41a9-81d2-fa853c86a986,PROVIDER,1000,DigitalTwinRegistryId@BPNL00000003AYRE,83673ffd-c48c-429a-b6c6-7e8dac70b874,1696fb6a-d73e-4aad-9944-38f03f5c0551,1791483478004,1791483481509,1791483481509,1,
0a4ac19f-e697-4c2f-8969-38632056953c,PROVIDER,1000,itemstocksubmodel-api-asset@BPNL00000003AYRE,0ef26eaf-3d7c-479a-9a01-d5fa6d5cdd8e,8bd3e34a-2458-4913-8776-7970e66b2830,1791483478404,1791483481517,1791483481517,1,
88b7dad5-3b94-45e9-807e-88812b2db844,PROVIDER,1000,DigitalTwinRegistryId@BPNL00000003AYRE,83673ffd-c48c-429a-b6c6-7e8dac70b874,256a2592-ae69-433e-808e-2c180084ddf9,1791483478947,1791483481527,1791483481527,1,
05523ed8-b052-4d3c-9df5-4f5417e1489c,PROVIDER,1000,itemstocksubmodel-api-asset@BPNL00000003AYRE,0ef26eaf-3d7c-479a-9a01-d5fa6d5cdd8e,5d5b4a10-2a75-48e3-8e4e-bb662c4b2cda,1791483480146,1791483482984,1791483482984,1,
ced0fe3c-0542-4a34-b7c4-7c0cc3c3ddb7,PROVIDER,1000,DigitalTwinRegistryId@BPNL00000003AYRE,83673ffd-c48c-429a-b6c6-7e8dac70b874,8ec94b1c-c5f9-4bda-861b-74315e240c8b,1791483480163,1791483482999,1791483482999,1,
f10e97b7-3ee6-4929-a154-061537390b8c,PROVIDER,1000,itemstocksubmodel-api-asset@BPNL00000003AYRE,0ef26eaf-3d7c-479a-9a01-d5fa6d5cdd8e,a6099ad3-9503-48de-a051-a41508610016,1791483480176,1791483483010,1791483483010,1,
d8dd87e5-4962-4fe9-a6e9-faed5a1e19ab,PROVIDER,1000,DigitalTwinRegistryId@BPNL00000003AYRE,83673ffd-c48c-429a-b6c6-7e8dac70b874,dc0b539e-38d3-468d-8130-c3f44199326a,1791483482026,1791483484451,1791483484451,1,
4b779dac-9cd4-472b-b2a8-24a511466730,PROVIDER,1000,itemstocksubmodel-api-asset@BPNL00000003AYRE,0ef26eaf-3d7c-479a-9a01-d5fa6d5cdd8e,08c166f5-acef-4820-8250-f802659a709b,1791483482049,1791483484441,1791483484441,1,
3103f8a7-6275-4614-a353-aa64e8a0aa96,PROVIDER,1000,DigitalTwinRegistryId@BPNL00000003AYRE,83673ffd-c48c-429a-b6c6-7e8dac70b874,bf713790-ad37-4f3f-9e6f-dc2d6ba8d349,1791483483379,1791483486415,1791483486415,1,
8d6776d8-43d9-487e-9afc-6484f6afc6c3,PROVIDER,1000,itemstocksubmodel-api-asset@BPNL00000003AYRE,0ef26eaf-3d7c-479a-9a01-d5fa6d5cdd8e,16885f23-93b1-44f9-af41-a4f179f509e3,1791483483440,1791483486406,1791483486406,1,
b6b79852-efd9-4f64-a88b-eec120d817f0,PROVIDER,1000,DigitalTwinRegistryId@BPNL00000003AYRE,83673ffd-c48c-429a-b6c6-7e8dac70b874,9aedafc5-f967-403a-8ae1-87cb31f600d2,1791483484835,1791483488409,1791483488409,1,
da60c20a-c010-49e1-8cbf-669072a69b2a,PROVIDER,1000,itemstocksubmodel-api-asset@BPNL00000003AYRE,0ef26eaf-3d7c-479a-9a01-d5fa6d5cdd8e,59d86edd-4ff5-446b-b731-48295dd12dd5,1791483484843,1791483488419,1791483488419,1,
1175a2ea-1213-4475-a38d-b53ea5c6396a,PROVIDER,1000,DigitalTwinRegistryId@BPNL00000003AYRE,83673ffd-c48c-429a-b6c6-7e8dac70b874,ceef521c-443e-40f5-903f-748b2a7a35d0,1791483486142,1791483488428,1791483488428,1,
fd860b32-6457-43ec-881a-bd2f7e4e2ad8,PROVIDER,1000,DigitalTwinRegistryId@BPNL00000003AYRE,83673ffd-c48c-429a-b6c6-7e8dac70b874,04e8e0a5-032f-4621-9cc9-e964ea408a7d,1791483487335,1791483489918,1791483489918,1,
7b94916e-7105-4790-af2f-2843bff7baa2,PROVIDER,1000,itemstocksubmodel-api-asset@BPNL00000003AYRE,0ef26eaf-3d7c-479a-9a01-d5fa6d5cdd8e,bc79a001-9f1b-4a8d-83de-d4c800609f1f,1791483487338,1791483489927,1791483489927,1,
a951a6cf-87a0-4ada-a2bf-2dcdfe3c2806,PROVIDER,1000,itemstocksubmodel-api-asset@BPNL00000003AYRE,0ef26eaf-3d7c-479a-9a01-d5fa6d5cdd8e,87780c30-717b-40cb-a560-2d8ffb8ffe3f,1791483487439,1791483489936,1791483489936,1,
8c63d954-4a0d-4ea3-96af-d0f0ea07852f,PROVIDER,1000,itemstocksubmodel-api-asset@BPNL00000003AYRE,0ef26eaf-3d7c-479a-9a01-d5fa6d5cdd8e,98e972a3-bdc8-4238-bf30-4af2376f50a1,1791483488683,1791483491464,1791483491464,1,
2391cf6c-b824-45a0-bc0c-719530bb997c,PROVIDER,1000,DigitalTwinRegistryId@BPNL00000003AYRE,83673ffd-c48c-429a-b6c6-7e8dac70b874,a70c5f3d-ae9e-47e8-9b65-ecdbf14b6578,1791483488691,1791483491480,1791483491480,1,
6b6ead01-7a03-4ca4-ac16-337ba81759a9,PROVIDER,1000,DigitalTwinRegistryId@BPNL00000003AYRE,83673ffd-c48c-429a-b6c6-7e8dac70b874,1362f317-06ec-42f0-9b27-2477f12a315f,1791483490301,1791483492928,1791483492928,1,
f5114bc2-bb34-4a72-8e6b-6d8086492993,PROVIDER,1000,itemstocksubmodel-api-asset@BPNL00000003AYRE,0ef26eaf-3d7c-479a-9a01-d5fa6d5cdd8e,03249b3a-410b-4900-aaff-caddac7fc0d4,1791483490315,1791483492938,1791483492938,1,
4beff630-9d1b-4462-82aa-73c1f6aa22a9,PROVIDER,1000,DigitalTwinRegistryId@BPNL00000003AYRE,83673ffd-c48c-429a-b6c6-7e8dac70b874,95652395-2f3b-4ab1-94ad-b1d0e8a723e5,1791483492126,1791483495704,1791483495704,1,
7f964457-3020-43e7-88ba-693c43b47001,PROVIDER,1000,itemstocksubmodel-api-asset@BPNL00000003AYRE,0ef26eaf-3d7c-479a-9a01-d5fa6d5cdd8e,14d90ac6-59a9-44cc-9940-08d0c2896df1,1791483492226,1791483495744,1791483495744,1,
5bbbcf85-ed1b-4266-82a1-9e3fe19278d5,PROVIDER,1000,DigitalTwinRegistryId@BPNL00000003AYRE,83673ffd-c48c-429a-b6c6-7e8dac70b874,5a7e4709-ca60-42c5-babb-9c39e668c781,1791483494222,1791483498050,1791483498050,1,
907faf37-5f02-428a-9b61-59219a44adcd,PROVIDER,1000,itemstocksubmodel-api-asset@BPNL00000003AYRE,0ef26eaf-3d7c-479a-9a01-d5fa6d5cdd8e,eb599f46-d4c3-421a-94f5-b0779a5779b8,1791483494237,1791483498034,1791483498034,1,
0e1e2eab-cb00-4874-9813-7a8f06cda7df,PROVIDER,1000,DigitalTwinRegistryId@BPNL00000003AYRE,83673ffd-c48c-429a-b6c6-7e8dac70b874,4b40c51c-e142-4993-9583-819112a68425,1791483494265,1791483498062,1791483498062,1,
13339aef-3f00-47a3-98b9-94b89d8f4d60,PROVIDER,1000,DigitalTwinRegistryId@BPNL00000003AYRE,83673ffd-c48c-429a-b6c6-7e8dac70b874,6a965f80-4cd8-410d-8de8-c33317b312d4,1791483496135,1791483499652,1791483499652,1,
22392736-88e1-4236-9a58-690331a2e976,PROVIDER,1000,itemstocksubmodel-api-asset@BPNL00000003AYRE,0ef26eaf-3d7c-479a-9a01-d5fa6d5cdd8e,4097bd5e-9c48-4822-9e41-40d254901294,1791483496437,1791483499666,1791483499666,1,
9a31cee2-8968-4de5-9885-84684481849f,PROVIDER,1000,itemstocksubmodel-api-asset@BPNL00000003AYRE,0ef26eaf-3d7c-479a-9a01-d5fa6d5cdd8e,392436ec-cf11-4c45-b7aa-fd6884c5ddca,1791483496638,1791483499678,1791483499678,1,
5aa5dfac-0d8e-4f1e-9367-fff8c0424027,PROVIDER,1000,DigitalTwinRegistryId@BPNL00000003AYRE,83673ffd-c48c-429a-b6c6-7e8dac70b874,5b130821-a49c-4d4b-ba41-7670972761ac,1791483498195,1791483501461,1791483501461,1,
eeb3b59e-e9d7-4444-9914-1f9282d09c25,PROVIDER,1000,itemstocksubmodel-api-asset@BPNL00000003AYRE,0ef26eaf-3d7c-479a-9a01-d5fa6d5cdd8e,f80a64f9-62b3-4e2e-ae90-12dd6a042f86,1791483498202,1791483501453,1791483501453,1,
283bd56d-5bb2-488a-8aa7-47ff426ffc7c,PROVIDER,1000,DigitalTwinRegistryId@BPNL00000003AYRE,83673ffd-c48c-429a-b6c6-7e8dac70b874,26e106a3-bdc9-46d9-8c64-e82e682dc0ac,1791483498798,1791483501592,1791483501592,1,
caeb065c-d8cf-4f2b-ba61-dad37685d45b,PROVIDER,1000,DigitalTwinRegistryId@BPNL00000003AYRE,83673ffd-c48c-429a-b6c6-7e8dac70b874,8aa7c066-b967-44fd-a197-94c9a389584a,1791483500061,1791483502937,1791483502937,1,
61bbe52f-7f87-4d2a-8eba-046950c8e4de,PROVIDER,1000,itemstocksubmodel-api-asset@BPNL00000003AYRE,0ef26eaf-3d7c-479a-9a01-d5fa6d5cdd8e,6e443472-f8a5-48de-bd16-49089ec2f0c6,1791483500071,1791483502948,1791483502948,1,
8172fd2e-982b-4d9c-88f4-52162f4a1b1a,PROVIDER,1000,itemstocksubmodel-api-asset@BPNL00000003AYRE,0ef26eaf-3d7c-479a-9a01-d5fa6d5cdd8e,f93ea8e3-c27d-4cd7-ad95-f68c118714ea,1791483500104,1791483502962,1791483502962,1,
5667de0e-6296-4747-9846-86a769deb2de,PROVIDER,1000,DigitalTwinRegistryId@BPNL00000003AYRE,83673ffd-c48c-429a-b6c6-7e8dac70b874,f2ccc6d7-de57-4db1-b93c-6c2cd634ed8b,1791483501730,1791483504304,1791483504304,1,
0af2be85-97cb-46fd-9770-1cb76ac01557,PROVIDER,1000,itemstocksubmodel-api-asset@BPNL00000003AYRE,0ef26eaf-3d7c-479a-9a01-d5fa6d5cdd8e,8e78a0e7-0d0d-419d-937c-7548c02f6707,1791483503595,1791483506646,1791483506646,1,
8e985841-7e7a-4bc5-8d51-578f9bec0323,PROVIDER,1000,DigitalTwinRegistryId@BPNL00000003AYRE,83673ffd-c48c-429a-b6c6-7e8dac70b874,8f30e2f5-2414-4791-b1bd-1dc4e44da3e2,1791483504628,1791483508652,1791483508652,1,
1b404afc-3b5b-428f-9926-68fcc7a8ceea,PROVIDER,1000,itemstocksubmodel-api-asset@BPNL00000003AYRE,0ef26eaf-3d7c-479a-9a01-d5fa6d5cdd8e,a392eb65-1120-4a02-a0cf-acc4f035c28b,1791483504654,1791483508664,1791483508664,1,
e9586e37-b7a1-4533-ad6b-0f7116a76860,PROVIDER,1000,DigitalTwinRegistryId@BPNL00000003AYRE,83673ffd-c48c-429a-b6c6-7e8dac70b874,1c334bf1-bdae-43fa-b8a9-1c43486d7c59,1791483504670,1791483508674,1791483508674,1,
845daaff-ff71-4c79-9a25-413ad0ff078d,PROVIDER,1000,DigitalTwinRegistryId@BPNL00000003AYRE,83673ffd-c48c-429a-b6c6-7e8dac70b874,e0a34897-db8c-40ec-99e3-1f290a9778cb,1791483506242,1791483509184,1791483509184,1,
3bab6160-587f-4d64-a7b3-c3590b6ec972,PROVIDER,1000,itemstocksubmodel-api-asset@BPNL00000003AYRE,0ef26eaf-3d7c-479a-9a01-d5fa6d5cdd8e,0d67d1f6-6d40-4ff1-8809-2b9f7cceb761,1791483506304,1791483509171,1791483509171,1,
f4612f98-8879-4ac6-b189-718f37d6260b,PROVIDER,1000,itemstocksubmodel-api-asset@BPNL00000003AYRE,0ef26eaf-3d7c-479a-9a01-d5fa6d5cdd8e,9ac48397-4bfe-4834-8788-faa19988a8a1,1791483506537,1791483509160,1791483509160,1,
b0f324fb-7930-4d9d-b00e-d3b3b150949e,PROVIDER,1000,itemstocksubmodel-api-asset@BPNL00000003AYRE,0ef26eaf-3d7c-479a-9a01-d5fa6d5cdd8e,1bf15fa1-62e3-4f70-b09d-bdf710a9ceb0,1791483507804,1791483511247,1791483511247,1,
547c76ed-bc3f-4787-9d6d-15eb41f34590,PROVIDER,1000,DigitalTwinRegistryId@BPNL00000003AYRE,83673ffd-c48c-429a-b6c6-7e8dac70b874,e60ef3e1-7734-4830-b344-f90414ccc365,1791483508304,1791483511256,1791483511256,1,
e7bf1e10-b456-4d30-a7c7-cce0ffab0fed,PROVIDER,1000,DigitalTwinRegistryId@BPNL00000003AYRE,83673ffd-c48c-429a-b6c6-7e8dac70b874,ce07127f-6e3d-4052-88c9-485731b253a9,1791483508894,1791483511266,1791483511266,1,
f13d5ee0-a4c0-4979-929b-a090d6fc8085,PROVIDER,1000,DigitalTwinRegistryId@BPNL00000003AYRE,83673ffd-c48c-429a-b6c6-7e8dac70b874,61d3b9a0-3979-479c-9219-f7ace1f2b370,1791483510306,1791483512782,1791483512782,1,
a30c9436-f6b3-421b-88dd-aa7ae32f6c77,PROVIDER,1000,itemstocksubmodel-api-asset@BPNL00000003AYRE,0ef26eaf-3d7c-479a-9a01-d5fa6d5cdd8e,8152ff43-53d3-4174-9075-d584537487a9,1791483510324,1791483512804,1791483512804,1,
2a2c7c18-50a6-4abc-a302-3b5a39ea0e32,PROVIDER,1000,itemstocksubmodel-api-asset@BPNL00000003AYRE,0ef26eaf-3d7c-479a-9a01-d5fa6d5cdd8e,8ce46e26-a0ea-4fc6-89b1-01125c64ea25,1791483510344,1791483512794,1791483512794,1,
e5172f08-8499-4706-bb9b-feecf0a9e553,PROVIDER,1000,DigitalTwinRegistryId@BPNL00000003AYRE,83673ffd-c48c-429a-b6c6-7e8dac70b874,97d8b81d-2cb6-4980-94bd-12202bddcaa3,1791483512112,1791483514306,1791483514306,1,
f610fc3e-36e2-4946-9f8b-712449372cef,PROVIDER,1000,itemstocksubmodel-api-asset@BPNL00000003AYRE,0ef26eaf-3d7c-479a-9a01-d5fa6d5cdd8e,3b1db2b7-29a6-4d87-8a54-6472d6b50c1f,1791483512126,1791483514316,1791483514316,1,
02a5e5fa-7989-45ac-b7b5-0104093d5807,PROVIDER,1000,DigitalTwinRegistryId@BPNL00000003AYRE,83673ffd-c48c-429a-b6c6-7e8dac70b874,0a1d8da0-781f-4ac6-bee5-c07f7e5eb6cf,1791483513472,1791483516157,1791483516157,1,
2a4a27b4-f88e-44ca-a268-9224cd903f7e,PROVIDER,1000,itemstocksubmodel-api-asset@BPNL00000003AYRE,0ef26eaf-3d7c-479a-9a01-d5fa6d5cdd8e,868d3162-7d29-40d0-a2a8-0eba72b99d23,1791483513486,1791483516133,1791483516133,1,
f86b4972-0aaf-423c-81bd-da2e790d1e33,PROVIDER,1000,DigitalTwinRegistryId@BPNL00000003AYRE,83673ffd-c48c-429a-b6c6-7e8dac70b874,58caa1b8-480e-4f34-8bb2-1b6a7dc5e5d7,1791483515203,1791483518072,1791483518072,1,
48611efe-f535-45cb-a9c9-f639775b4aa0,PROVIDER,1000,itemstocksubmodel-api-asset@BPNL00000003AYRE,0ef26eaf-3d7c-479a-9a01-d5fa6d5cdd8e,eeda425e-3d23-4a67-8b11-d7b80e6fd709,1791483515217,1791483518086,1791483518086,1,
1fb94abf-6d9d-46b4-a145-8de69eeb7bf7,PROVIDER,1000,DigitalTwinRegistryId@BPNL00000003AYRE,83673ffd-c48c-429a-b6c6-7e8dac70b874,d18b5015-4cc6-4d77-ae12-a0900cbfbfcc,1791483516606,1791483519685,1791483519685,1,
ada5e5c7-7e71-4024-af0c-0405a53abd15,PROVIDER,1000,itemstocksubmodel-api-asset@BPNL00000003AYRE,0ef26eaf-3d7c-479a-9a01-d5fa6d5cdd8e,f0a93fbe-df31-474f-ab37-d5542ec67d91,1791483516616,1791483519705,1791483519705,1,
7d027605-4100-4fdb-b466-ae2c56992cf2,PROVIDER,1000,DigitalTwinRegistryId@BPNL00000003AYRE,83673ffd-c48c-429a-b6c6-7e8dac70b874,eaaf851a-88e1-4aab-a0ae-1b28542712b8,1791483518303,1791483521611,1791483521611,1,
e1e3d4c8-9352-4ee3-8da8-01fe7c023980,PROVIDER,1000,itemstocksubmodel-api-asset@BPNL00000003AYRE,0ef26eaf-3d7c-479a-9a01-d5fa6d5cdd8e,36d5d7ce-cd17-49c9-b29f-0a9610cd4201,1791483519140,1791483521626,1791483521626,1,
056bd1dc-4473-4f3b-9dec-f58f7b8c172c,PROVIDER,1000,DigitalTwinRegistryId@BPNL00000003AYRE,83673ffd-c48c-429a-b6c6-7e8dac70b874,be634ea4-49cd-4f3c-9626-682cf6265a6e,1791483519162,1791483521638,1791483521638,1,
aad81e40-c81f-4e77-95de-4f4dc0c16cc3,PROVIDER,1000,itemstocksubmodel-api-asset@BPNL00000003AYRE,0ef26eaf-3d7c-479a-9a01-d5fa6d5cdd8e,f0c6f2f5-26aa-4cf5-90d0-6657256ca1c7,1791483520456,1791483523354,1791483523354,1,
3c14ac21-2bdd-4c6c-8bb6-f0c6097b6891,PROVIDER,1000,DigitalTwinRegistryId@BPNL00000003AYRE,83673ffd-c48c-429a-b6c6-7e8dac70b874,8a24f30d-b1fd-413b-9368-f3be64618485,1791483520477,1791483523366,1791483523366,1,
5453f1a4-d76d-46e0-a451-b9f3243425d3,PROVIDER,1000,itemstocksubmodel-api-asset@BPNL00000003AYRE,0ef26eaf-3d7c-479a-9a01-d5fa6d5cdd8e,b5ef0339-87c5-471a-807f-058446e66977,1791483520484,1791483523382,1791483523382,1,
de19fa5e-af2b-4209-8aca-3b48a18ff48c,PROVIDER,1000,DigitalTwinRegistryId@BPNL00000003AYRE,83673ffd-c48c-429a-b6c6-7e8dac70b874,4147edbe-fa39-4d79-8c0f-841536c3c0b7,1791483522230,1791483524790,1791483524790,1,
e9af3d92-2f5a-4cc4-a8a6-1018dc50441d,PROVIDER,1000,itemstocksubmodel-api-asset@BPNL00000003AYRE,0ef26eaf-3d7c-479a-9a01-d5fa6d5cdd8e,8775865e-5a8d-4d9f-9d8d-b62a811f3f84,1791483522240,1791483524801,1791483524801,1,
06a5718c-9edf-4787-881c-613705acf984,PROVIDER,1000,DigitalTwinRegistryId@BPNL00000003AYRE,83673ffd-c48c-429a-b6c6-7e8dac70b874,2b0f205a-9a99-476f-9386-0dbc53908cfd,1791483523610,1791483526276,1791483526276,1,
2743a90d-528f-43ae-9774-df25010764f0,PROVIDER,1000,itemstocksubmodel-api-asset@BPNL00000003AYRE,0ef26eaf-3d7c-479a-9a01-d5fa6d5cdd8e,56d4dc44-2d16-4ee6-9dd8-39eb405d04b2,1791483523623,1791483526289,1791483526289,1,
7408da05-9065-4b6a-9bfe-cd2ae59557c3,PROVIDER,1000,DigitalTwinRegistryId@BPNL00000003AYRE,83673ffd-c48c-429a-b6c6-7e8dac70b874,5b46c646-7fe7-40a6-9d8b-1f808675def5,1791483524848,1791483528145,1791483528145,1,
c33cdaf3-5402-43f5-9545-e12f6fed0fb8,PROVIDER,1000,itemstocksubmodel-api-asset@BPNL00000003AYRE,0ef26eaf-3d7c-479a-9a01-d5fa6d5cdd8e,db91d7a6-6e5d-4bf9-8272-20c90b78b29a,1791483524864,1791483528154,1791483528154,1,
77f9dd5d-c15f-4858-afd0-3a2a6f873186,PROVIDER,1000,DigitalTwinRegistryId@BPNL00000003AYRE,83673ffd-c48c-429a-b6c6-7e8dac70b874,d1fa1249-41a6-4c59-860f-e8225e46f43c,1791483526137,1791483528689,1791483528689,1,
bd90224a-04ae-4a41-8521-4a9b5495306c,PROVIDER,1000,itemstocksubmodel-api-asset@BPNL00000003AYRE,0ef26eaf-3d7c-479a-9a01-d5fa6d5cdd8e,a62caea0-4fb7-4699-add0-b7fe9cccb648,1791483526722,1791483529079,1791483529079,1,
2d300794-c576-4ca7-ab90-e1fda8dff1a6,PROVIDER,1000,DigitalTwinRegistryId@BPNL00000003AYRE,83673ffd-c48c-429a-b6c6-7e8dac70b874,f31bf0b0-10f8-428d-a821-f129a71c88d3,1791483527926,1791483530613,1791483530613,1,
0946aafd-05d0-4b05-9fd7-90589a6451cf,PROVIDER,1000,itemstocksubmodel-api-asset@BPNL00000003AYRE,0ef26eaf-3d7c-479a-9a01-d5fa6d5cdd8e,3b61ccb3-a704-4ac7-a276-085e13aefd2c,1791483527950,1791483530622,1791483530622,1,
32db171f-2d38-4279-9af1-275c3251a07a,PROVIDER,1000,DigitalTwinRegistryId@BPNL00000003AYRE,83673ffd-c48c-429a-b6c6-7e8dac70b874,2f97e293-e0f9-4850-b988-cb91809971f7,1791483528421,1791483530631,1791483530631,1,
6e369279-6938-4721-ac7d-502c49a5a9a8,PROVIDER,1000,itemstocksubmodel-api-asset@BPNL00000003AYRE,0ef26eaf-3d7c-479a-9a01-d5fa6d5cdd8e,70ca2165-cbd5-4026-bd36-5969118912f3,1791483529815,1791483532313,1791483532313,1,
b34d3509-4cfd-49f6-92aa-622d01f60333,PROVIDER,1000,itemstocksubmodel-api-asset@BPNL00000003AYRE,0ef26eaf-3d7c-479a-9a01-d5fa6d5cdd8e,62adb8d6-da9a-4f93-b623-cd0838f52035,1791483529834,1791483532302,1791483532302,1,
52d80ba4-9934-4d7e-90a2-cd2a271ed9a4,PROVIDER,1000,DigitalTwinRegistryId@BPNL00000003AYRE,83673ffd-c48c-429a-b6c6-7e8dac70b874,8f29aeee-ea00-466c-88c3-38537724dbb6,1791483530203,1791483532323,1791483532323,1,
04c1b9d3-8a66-4d8a-b9e4-650984d7c1f6,PROVIDER,1000,itemstocksubmodel-api-asset@BPNL00000003AYRE,0ef26eaf-3d7c-479a-9a01-d5fa6d5cdd8e,9a07505b-cb48-4294-b8bb-adabdfea9fd7,1791483531478,1791483534735,1791483534735,1,
f0b94fe9-ee1f-4014-bfbb-92c679e4cd2a,PROVIDER,1000,DigitalTwinRegistryId@BPNL00000003AYRE,83673ffd-c48c-429a-b6c6-7e8dac70b874,7338306d-034a-46d1-af5e-11422f51f418,1791483531525,1791483534754,1791483534754,1,
874d9e5d-e96b-42cb-a46c-464376fc9be3,PROVIDER,1000,DigitalTwinRegistryId@BPNL00000003AYRE,83673ffd-c48c-429a-b6c6-7e8dac70b874,4a7396fc-f13e-4ed1-bc96-2e93a5a3897a,1791483533824,1791483536361,1791483536361,1,
c610a762-0022-44c7-a387-4241937f4fc4,PROVIDER,1000,itemstocksubmodel-api-asset@BPNL00000003AYRE,0ef26eaf-3d7c-479a-9a01-d5fa6d5cdd8e,bae78ccb-0fc6-4c43-8c2d-cd78a7786374,1791483533906,1791483536404,1791483536404,1,
ddf9c47b-38ff-4cfd-9d04-757e7a686904,PROVIDER,1000,DigitalTwinRegistryId@BPNL00000003AYRE,83673ffd-c48c-429a-b6c6-7e8dac70b874,27c14a3a-0ac5-4761-a109-d619852f0465,1791483534989,1791483537449,1791483537449,1,
c27db649-0902-4a23-8689-8bdf867f9525,PROVIDER,1000,itemstocksubmodel-api-asset@BPNL00000003AYRE,0ef26eaf-3d7c-479a-9a01-d5fa6d5cdd8e,4de14bcf-f3d9-4563-aa4c-af9fb6011f7f,1791483535001,1791483537462,1791483537462,1,
96fb7738-0e00-4af1-8a3a-255096b2aab4,PROVIDER,1000,DigitalTwinRegistryId@BPNL00000003AYRE,83673ffd-c48c-429a-b6c6-7e8dac70b874,c65d115c-6271-41a6-bf5b-169a6aa3e175,1791483536243,1791483539105,1791483539105,1,
a678eaa0-e3ce-4278-8e88-92eec27efe75,PROVIDER,1000,itemstocksubmodel-api-asset@BPNL00000003AYRE,0ef26eaf-3d7c-479a-9a01-d5fa6d5cdd8e,8579fd6c-bd98-480f-b959-e4e6f2c121e3,1791483536469,1791483539117,1791483539117,1,
6ce3cc62-50ff-4354-8f81-9d04a0af9e91,PROVIDER,1000,DigitalTwinRegistryId@BPNL00000003AYRE,83673ffd-c48c-429a-b6c6-7e8dac70b874,1fe98b8d-4691-410b-959b-77f429e28df3,1791483537752,1791483541151,1791483541151,1,
4ab98c5f-2c16-44d5-92e1-e51ec2a4035e,PROVIDER,1000,itemstocksubmodel-api-asset@BPNL00000003AYRE,0ef26eaf-3d7c-479a-9a01-d5fa6d5cdd8e,5f87acad-278b-4ec1-aae7-ba98a310bc57,1791483537833,1791483540589,1791483540589,1,
b401a07e-7dcb-40e7-9ebd-7bcb8da80438,PROVIDER,1000,DigitalTwinRegistryId@BPNL00000003AYRE,83673ffd-c48c-429a-b6c6-7e8dac70b874,dbae7a80-2dd7-4677-9c27-bfc367d3373e,1791483539177,1791483541167,1791483541167,1,
e83d85c9-b7f2-4448-b4e0-6f4564676909,PROVIDER,1000,itemstocksubmodel-api-asset@BPNL00000003AYRE,0ef26eaf-3d7c-479a-9a01-d5fa6d5cdd8e,31df3e5e-8bb5-4a20-8e89-b6db6ca7f15e,1791483540435,1791483542868,1791483542868,1,
e9f0b9cd-d167-4c72-a556-d6f56017bff4,PROVIDER,1000,DigitalTwinRegistryId@BPNL00000003AYRE,83673ffd-c48c-429a-b6c6-7e8dac70b874,a43a5a6d-ddb1-433f-bdcf-6e048343df77,1791483540439,1791483543011,1791483543011,1,
a2945c00-aa26-4c96-a652-161a37e4e2b7,PROVIDER,1000,itemstocksubmodel-api-asset@BPNL00000003AYRE,0ef26eaf-3d7c-479a-9a01-d5fa6d5cdd8e,1b9d5bb5-51a8-4925-8a9c-71c8a1f13680,1791483540749,1791483543034,1791483543034,1,
7296fb01-5289-45f9-ba8e-c0049dbcd121,PROVIDER,1000,DigitalTwinRegistryId@BPNL00000003AYRE,83673ffd-c48c-429a-b6c6-7e8dac70b874,65045c2f-d46e-4e8f-83e2-aa4a8818dafa,1791483542128,1791483544528,1791483544528,1,
25db3243-24e8-45c6-b9c4-011b62a1d511,PROVIDER,1000,itemstocksubmodel-api-asset@BPNL00000003AYRE,0ef26eaf-3d7c-479a-9a01-d5fa6d5cdd8e,b2162e00-6091-41fd-a9d9-b05afdc12718,1791483542144,1791483544522,1791483544522,1,
9047af73-a1ee-461f-93fd-9b1f88e54e98,PROVIDER,1000,DigitalTwinRegistryId@BPNL00000003AYRE,83673ffd-c48c-429a-b6c6-7e8dac70b874,1cf781c1-99fe-4cb6-9b88-d005f8269eb3,1791483543470,1791483546416,1791483546416,1,
c0d7e523-f0b7-4072-a87e-a1d8f8cbad17,PROVIDER,1000,itemstocksubmodel-api-asset@BPNL00000003AYRE,0ef26eaf-3d7c-479a-9a01-d5fa6d5cdd8e,98eb3bf2-39d8-4d74-804a-2e0c6f86658e,1791483543483,1791483546425,1791483546425,1,
a163007c-b0a1-4942-937e-2d4dad68021d,PROVIDER,1000,DigitalTwinRegistryId@BPNL00000003AYRE,83673ffd-c48c-429a-b6c6-7e8dac70b874,2a21f80a-bffe-403c-97c5-a70f4d4a0b88,1791483544692,1791483549526,1791483549526,1,
09f36e3c-8d70-4b91-9ba2-2e6756bee8aa,PROVIDER,1000,itemstocksubmodel-api-asset@BPNL00000003AYRE,0ef26eaf-3d7c-479a-9a01-d5fa6d5cdd8e,752a1489-c4a0-4e49-b01c-fe6d4e7c6165,1791483544710,1791483549546,1791483549546,1,
10000a1a-79d5-49c2-84f8-4aec9134f3b5,PROVIDER,1000,DigitalTwinRegistryId@BPNL00000003AYRE,83673ffd-c48c-429a-b6c6-7e8dac70b874,fe841c56-9662-4518-9953-2ed22429f560,1791483546046,1791483549556,1791483549556,1,
60486649-ebe3-4802-b85a-42eb2f88b1fd,PROVIDER,1000,itemstocksubmodel-api-asset@BPNL00000003AYRE,0ef26eaf-3d7c-479a-9a01-d5fa6d5cdd8e,9a1ffa02-fefb-4481-8998-e6e34724f588,1791483547145,1791483549567,1791483549567,1,
7c405577-1dd7-43af-b5a1-7bbde7186b6f,PROVIDER,1000,DigitalTwinRegistryId@BPNL00000003AYRE,83673ffd-c48c-429a-b6c6-7e8dac70b874,55c3eca2-b125-4120-be58-96e446e4d98b,1791483547244,1791483551217,1791483551217,1,
95648cd7-f8b6-4370-9e00-3717c788c73a,PROVIDER,1000,itemstocksubmodel-api-asset@BPNL00000003AYRE,0ef26eaf-3d7c-479a-9a01-d5fa6d5cdd8e,e60affb9-8b33-4d5a-a8a7-d1888ed82cd9,1791483547940,1791483551202,1791483551202,1,
6c40ac51-6629-49a1-904c-a39ef4de85db,PROVIDER,1000,DigitalTwinRegistryId@BPNL00000003AYRE,83673ffd-c48c-429a-b6c6-7e8dac70b874,0dc865e1-78ff-4ff3-8c15-251c1bcc30b8,1791483548668,1791483551546,1791483551546,1,
65d35900-618c-4976-84e9-583cf1c5446d,PROVIDER,1000,itemstocksubmodel-api-asset@BPNL00000003AYRE,0ef26eaf-3d7c-479a-9a01-d5fa6d5cdd8e,6911063e-43e1-4841-887c-06a477d88aad,1791483550005,1791483553331,1791483553331,1,
ac2fb033-2398-41ae-bc64-94d21b2c4b81,PROVIDER,1000,DigitalTwinRegistryId@BPNL00000003AYRE,83673ffd-c48c-429a-b6c6-7e8dac70b874,b58bd88e-f1b9-40ac-ab8c-1042808ffb09,1791483550020,1791483553306,1791483553306,1,
5fa7b2bd-05e3-447d-b3cf-440c746e5f0d,PROVIDER,1000,itemstocksubmodel-api-asset@BPNL00000003AYRE,0ef26eaf-3d7c-479a-9a01-d5fa6d5cdd8e,d141630c-5099-425f-9dac-e23c9828defb,1791483550786,1791483553316,1791483553316,1,
dba7847d-ddbe-4f6a-a93e-cc1f9f9aa887,PROVIDER,1000,DigitalTwinRegistryId@BPNL00000003AYRE,83673ffd-c48c-429a-b6c6-7e8dac70b874,01305fd0-2fb1-46da-9c12-938d3db7670c,1791483552430,1791483554825,1791483554825,1,
66dbc93c-aff1-45e7-966c-cc593aeeca08,PROVIDER,1000,itemstocksubmodel-api-asset@BPNL00000003AYRE,0ef26eaf-3d7c-479a-9a01-d5fa6d5cdd8e,9f0ff536-020e-4e49-93c0-0324e96f5bea,1791483552525,1791483554813,1791483554813,1,
e67077aa-8aa2-4863-a340-c03581233838,PROVIDER,1000,DigitalTwinRegistryId@BPNL00000003AYRE,83673ffd-c48c-429a-b6c6-7e8dac70b874,6532d5e9-4a68-46cb-a8b6-0f4ddca3b984,1791483553698,1791483558134,1791483558134,1,
4311317c-4842-4550-b803-0bae572a34e1,PROVIDER,1000,itemstocksubmodel-api-asset@BPNL00000003AYRE,0ef26eaf-3d7c-479a-9a01-d5fa6d5cdd8e,ac55606e-117c-4305-8151-2c09655fbd37,1791483554324,1791483558168,1791483558168,1,
bf58a1ca-fdf0-455e-b45b-3cbc815ea960,PROVIDER,1000,DigitalTwinRegistryId@BPNL00000003AYRE,83673ffd-c48c-429a-b6c6-7e8dac70b874,e64564f8-a39c-4b47-bb8c-57e6da97437d,1791483554348,1791483558184,1791483558184,1,
2e8f3a98-42af-4154-8987-deca64db22a7,PROVIDER,1000,itemstocksubmodel-api-asset@BPNL00000003AYRE,0ef26eaf-3d7c-479a-9a01-d5fa6d5cdd8e,98cd526a-8587-44e9-97dc-195438f588bd,1791483555837,1791483558943,1791483558943,1,
d7efa118-30b5-4a59-b14b-ee1c082211b6,PROVIDER,1000,DigitalTwinRegistryId@BPNL00000003AYRE,83673ffd-c48c-429a-b6c6-7e8dac70b874,6863e1a0-322e-48ad-8317-939c297275b8,1791483555934,1791483558931,1791483558931,1,
f56d4d6d-be86-4c18-b002-41150a467b24,PROVIDER,1000,itemstocksubmodel-api-asset@BPNL00000003AYRE,0ef26eaf-3d7c-479a-9a01-d5fa6d5cdd8e,d7e788ff-4928-4a6f-a720-1c228f8672e0,1791483556034,1791483560513,1791483560513,1,
2542f041-3afc-4bdd-acf5-bf39ad7effdc,PROVIDER,1000,DigitalTwinRegistryId@BPNL00000003AYRE,83673ffd-c48c-429a-b6c6-7e8dac70b874,5ca6988c-d91a-4e45-b44a-17916e818fd0,1791483556958,1791483562180,1791483562180,1,
45593757-3bc6-42be-95a9-77b4ac5922af,PROVIDER,1000,itemstocksubmodel-api-asset@BPNL00000003AYRE,0ef26eaf-3d7c-479a-9a01-d5fa6d5cdd8e,7a2db467-bc80-40dc-bc6d-944b77517e64,1791483558097,1791483560529,1791483560529,1,
3997344d-fc65-4417-996b-dfab6bf31d66,PROVIDER,1000,DigitalTwinRegistryId@BPNL00000003AYRE,83673ffd-c48c-429a-b6c6-7e8dac70b874,fd55ed8a-9725-4662-a555-24a51e4d6baf,1791483559257,1791483562199,1791483562199,1,
ba94f1c1-498e-497d-9a79-4c08c7aa232b,PROVIDER,1000,itemstocksubmodel-api-asset@BPNL00000003AYRE,0ef26eaf-3d7c-479a-9a01-d5fa6d5cdd8e,15d6d694-17df-4ee2-8323-b05fab4cdeb6,1791483560570,1791483564558,1791483564558,1,
5dcb886e-1104-439a-8391-9cfcb482b013,PROVIDER,1000,DigitalTwinRegistryId@BPNL00000003AYRE,83673ffd-c48c-429a-b6c6-7e8dac70b874,5e440e29-9ad3-44c3-ae89-fd669a5af129,1791483560590,1791483564654,1791483564654,1,
88647b26-ab32-4fd7-ac08-ecba370a6829,PROVIDER,1000,itemstocksubmodel-api-asset@BPNL00000003AYRE,0ef26eaf-3d7c-479a-9a01-d5fa6d5cdd8e,b2a627e2-3296-4653-a892-900d2d482838,1791483561134,1791483564673,1791483564673,1,
2e339fc7-5ddf-4a67-ad20-d2587fd673d1,PROVIDER,1000,DigitalTwinRegistryId@BPNL00000003AYRE,83673ffd-c48c-429a-b6c6-7e8dac70b874,115dee2f-7593-4a3b-acdb-bf512f546e02,1791483561396,1791483564664,1791483564664,1,
91fc0caf-db95-4a75-96f4-e5aa1769aa3d,PROVIDER,1000,itemstocksubmodel-api-asset@BPNL00000003AYRE,0ef26eaf-3d7c-479a-9a01-d5fa6d5cdd8e,5e189817-6d9f-4985-a77c-34546c8f6143,1791483565003,1791483566651,1791483566651,1,
90f43ab8-9087-4799-8993-86b534f061c3,PROVIDER,1000,DigitalTwinRegistryId@BPNL00000003AYRE,83673ffd-c48c-429a-b6c6-7e8dac70b874,5d14ffd8-bb49-49cf-b9db-820a9ae3520f,1791483565017,1791483568738,1791483568738,1,
83bf8dfd-6954-40b1-bcd6-85555154dcb7,PROVIDER,1000,itemstocksubmodel-api-asset@BPNL00000003AYRE,0ef26eaf-3d7c-479a-9a01-d5fa6d5cdd8e,63417aa1-d79a-480b-838f-7472a98730ee,1791483565035,1791483568749,1791483568749,1,
b72e993f-adfa-4ef1-89c3-c85a71cb5153,PROVIDER,1000,DigitalTwinRegistryId@BPNL00000003AYRE,83673ffd-c48c-429a-b6c6-7e8dac70b874,45560d90-10e8-405a-b5a2-ce5d2206f573,1791483565047,1791483568762,1791483568762,1,
11ff24b2-9326-4bd7-b1a7-3c57b38c025f,PROVIDER,1000,DigitalTwinRegistryId@BPNL00000003AYRE,83673ffd-c48c-429a-b6c6-7e8dac70b874,5c115dca-c52d-49de-9515-63fa8ac0bfc0,1791483566337,1791483568772,1791483568772,1,
91e69531-ab21-4d96-ba71-9883f0564516,PROVIDER,1000,itemstocksubmodel-api-asset@BPNL00000003AYRE,0ef26eaf-3d7c-479a-9a01-d5fa6d5cdd8e,2a719130-caec-4a13-837d-a7e04888cdcf,1791483567623,1791483570332,1791483570332,1,
ad71b4c3-3cf3-4bb2-b6e5-2d412bf6f172,PROVIDER,1000,DigitalTwinRegistryId@BPNL00000003AYRE,83673ffd-c48c-429a-b6c6-7e8dac70b874,49d95227-19bc-4cab-8d20-973951ad27ef,1791483567633,1791483570351,1791483570351,1,
861bdf06-a1c6-491d-9933-6e161f56c1cb,PROVIDER,1000,itemstocksubmodel-api-asset@BPNL00000003AYRE,0ef26eaf-3d7c-479a-9a01-d5fa6d5cdd8e,0d16acfb-5a0d-4b91-8674-fd1ca5b9875c,1791483567642,1791483570341,1791483570341,1,
cc93c968-7cbb-46b3-ba46-4c4f42054ace,PROVIDER,1000,itemstocksubmodel-api-asset@BPNL00000003AYRE,0ef26eaf-3d7c-479a-9a01-d5fa6d5cdd8e,41bae121-4563-4f8f-b7c1-59df6aa2ac9c,1791483567652,1791483570360,1791483570360,1,
c12e045e-0056-4970-bb26-21a6093712fa,PROVIDER,1000,DigitalTwinRegistryId@BPNL00000003AYRE,83673ffd-c48c-429a-b6c6-7e8dac70b874,f07e703a-1572-4a40-b75e-674f372fdfc5,1791483569184,1791483571817,1791483571817,1,
49c478b6-d606-43c2-beba-844746f4f3d4,PROVIDER,1000,itemstocksubmodel-api-asset@BPNL00000003AYRE,0ef26eaf-3d7c-479a-9a01-d5fa6d5cdd8e,4d3f82c5-a4fd-41a4-9cc4-373d6d0dcf40,1791483569206,1791483571807,1791483571807,1,
470ac6e0-558c-425d-b3af-3983cc1ddb0c,PROVIDER,1000,DigitalTwinRegistryId@BPNL00000003AYRE,83673ffd-c48c-429a-b6c6-7e8dac70b874,04ee4b4b-1769-4d00-95bd-c951db6b9be1,1791483570616,1791483574139,1791483574139,1,
6bb23989-b43a-4efd-9aa6-75eec914a46d,PROVIDER,1000,itemstocksubmodel-api-asset@BPNL00000003AYRE,0ef26eaf-3d7c-479a-9a01-d5fa6d5cdd8e,75d32668-dc86-4ed0-9fc7-39b963b6c86e,1791483570649,1791483574151,1791483574151,1,
2c89edbc-0f3e-4f66-b196-bf157b224fe5,PROVIDER,1000,DigitalTwinRegistryId@BPNL00000003AYRE,83673ffd-c48c-429a-b6c6-7e8dac70b874,d0c9eedd-f18b-404d-a890-966210e7c435,1791483572972,1791483576434,1791483576434,1,
fdd01058-9fb0-488b-bbed-72c9fa6918e8,PROVIDER,1000,DigitalTwinRegistryId@BPNL00000003AYRE,83673ffd-c48c-429a-b6c6-7e8dac70b874,ed684daf-9dd9-4f56-a008-fd1e390f3676,1791483574424,1791483578160,1791483578160,1,
8f70b9ea-666d-4bc0-8e16-295ae1171a94,PROVIDER,1000,itemstocksubmodel-api-asset@BPNL00000003AYRE,0ef26eaf-3d7c-479a-9a01-d5fa6d5cdd8e,90b05009-a986-4233-acbf-5f5645cc3adc,1791483574440,1791483578137,1791483578137,1,
3a5847ac-5047-4efd-9b14-056824c6d274,PROVIDER,1000,DigitalTwinRegistryId@BPNL00000003AYRE,83673ffd-c48c-429a-b6c6-7e8dac70b874,72c7fd79-fb92-4465-b841-79ac57a09d21,1791483574738,1791483578150,1791483578150,1,
f8719090-31c4-4791-87f8-a426c83e3349,PROVIDER,1000,itemstocksubmodel-api-asset@BPNL00000003AYRE,0ef26eaf-3d7c-479a-9a01-d5fa6d5cdd8e,5b14f60d-5cb3-4c76-888a-d3b0790cabde,1791483574806,1791483578290,1791483578290,1,
3a517605-9d94-4348-a40c-548d9ccac339,PROVIDER,1000,DigitalTwinRegistryId@BPNL00000003AYRE,83673ffd-c48c-429a-b6c6-7e8dac70b874,c707d1ba-04c3-48b4-a04b-8d4836e453ec,1791483576533,1791483579762,1791483579762,1,
88e0e7d7-1641-4be5-a18a-b8f794750478,PROVIDER,1000,itemstocksubmodel-api-asset@BPNL00000003AYRE,0ef26eaf-3d7c-479a-9a01-d5fa6d5cdd8e,b8330fc0-47b0-4f21-9c60-c4d3c58bd1da,1791483576748,1791483579772,1791483579772,1,
ca9d58a0-d4a0-4e2f-807c-0a21b4e929bd,PROVIDER,1000,itemstocksubmodel-api-asset@BPNL00000003AYRE,0ef26eaf-3d7c-479a-9a01-d5fa6d5cdd8e,43083d5a-64a0-46da-9944-78aa75293ffd,1791483576945,1791483579783,1791483579783,1,
dc9dd0e4-3878-4bc3-8f5b-b482aa7d975a,PROVIDER,1000,DigitalTwinRegistryId@BPNL00000003AYRE,83673ffd-c48c-429a-b6c6-7e8dac70b874,62aaca74-99e2-44c4-9c9d-8e583d1e4317,1791483579000,1791483581209,1791483581209,1,
c042c49a-5c00-4f14-9610-ea1d247e3540,PROVIDER,1000,itemstocksubmodel-api-asset@BPNL00000003AYRE,0ef26eaf-3d7c-479a-9a01-d5fa6d5cdd8e,100205f9-d29a-4e8b-a868-571c7cbe2065,1791483579998,1791483583585,1791483583585,1,
c1e9ee25-3ce3-44b1-a2fd-e89d160b4844,PROVIDER,1000,DigitalTwinRegistryId@BPNL00000003AYRE,83673ffd-c48c-429a-b6c6-7e8dac70b874,52318aaa-718e-40b7-9f1c-bd6f042a7545,1791483580010,1791483586637,1791483586637,1,
3382ab38-7b68-4965-81c4-8a843067812a,PROVIDER,1000,DigitalTwinRegistryId@BPNL00000003AYRE,83673ffd-c48c-429a-b6c6-7e8dac70b874,9940c005-306f-4811-a997-92877a42674b,1791483581695,1791483586649,1791483586649,1,
c352a183-5be8-4fc1-ad70-4b4c74577301,PROVIDER,1000,itemstocksubmodel-api-asset@BPNL00000003AYRE,0ef26eaf-3d7c-479a-9a01-d5fa6d5cdd8e,6e735147-2125-46f5-938c-77709aa6e630,1791483581935,1791483586659,1791483586659,1,
98e393ed-2205-4fd0-8242-9f53fd3bbc3a,PROVIDER,1000,DigitalTwinRegistryId@BPNL00000003AYRE,83673ffd-c48c-429a-b6c6-7e8dac70b874,a69afbcd-80f6-4d6d-83f2-e31f0d6638a2,1791483584790,1791483589949,1791483589949,1,
0b8e45f2-b3c5-4038-9603-74592de0f741,PROVIDER,1000,DigitalTwinRegistryId@BPNL00000003AYRE,83673ffd-c48c-429a-b6c6-7e8dac70b874,efe0c52b-896d-467e-879b-f096804ed24b,1791483584806,1791483591123,1791483591123,1,
1a4fa6c3-6cfa-4ee3-bc33-2bb4ce57baa1,PROVIDER,1000,itemstocksubmodel-api-asset@BPNL00000003AYRE,0ef26eaf-3d7c-479a-9a01-d5fa6d5cdd8e,b6af123b-6513-483e-a9f1-81a98c805fe6,1791483586035,1791483588458,1791483588458,1,
6725704f-9646-415b-b65c-1636dd8dde31,PROVIDER,1000,itemstocksubmodel-api-asset@BPNL00000003AYRE,0ef26eaf-3d7c-479a-9a01-d5fa6d5cdd8e,075f08e4-e9aa-4fd3-af68-02dc00e6999f,1791483586037,1791483588470,1791483588470,1,
7d17c592-8973-4084-974d-72f19ba1d6b1,PROVIDER,1000,DigitalTwinRegistryId@BPNL00000003AYRE,83673ffd-c48c-429a-b6c6-7e8dac70b874,c1ed06eb-249c-4cac-9293-7523081d009f,1791483586038,1791483591148,1791483591148,1,
9da18167-d210-4189-88ae-d5b1aa20d0df,PROVIDER,1000,DigitalTwinRegistryId@BPNL00000003AYRE,83673ffd-c48c-429a-b6c6-7e8dac70b874,b88841d7-d2d9-41b6-bc22-165486f4d62a,1791483586337,1791483589959,1791483589959,1,
0e05c530-91b7-4de7-a327-c1e1ff4f0b8a,PROVIDER,1000,DigitalTwinRegistryId@BPNL00000003AYRE,83673ffd-c48c-429a-b6c6-7e8dac70b874,57ab2cb2-cbe9-4732-a96f-efa005ace299,1791483588005,1791483591134,1791483591134,1,
c88923c9-f0d2-4043-9ae5-bbabfa818e4c,PROVIDER,1000,itemstocksubmodel-api-asset@BPNL00000003AYRE,0ef26eaf-3d7c-479a-9a01-d5fa6d5cdd8e,ea4985fc-494c-4efa-a646-df65e5cdb616,1791483589476,1791483592737,1791483592737,1,
a2666a24-c67c-42ac-85f8-8accee33d425,PROVIDER,1000,DigitalTwinRegistryId@BPNL00000003AYRE,83673ffd-c48c-429a-b6c6-7e8dac70b874,ffa5d96e-df59-44ba-8071-74180ff0a26d,1791483589494,1791483594236,1791483594236,1,
9a164382-e811-486f-9685-f369f64ec581,PROVIDER,1000,itemstocksubmodel-api-asset@BPNL00000003AYRE,0ef26eaf-3d7c-479a-9a01-d5fa6d5cdd8e,acaa95ec-083a-43eb-a0eb-8f18abcec5da,1791483589534,1791483594314,1791483594314,1,
f782789b-760d-47c7-abc8-f3ee5a15d83d,PROVIDER,1000,itemstocksubmodel-api-asset@BPNL00000003AYRE,0ef26eaf-3d7c-479a-9a01-d5fa6d5cdd8e,4c8a5bbf-c150-4418-8fec-a53e089fa3e4,1791483589539,1791483594274,1791483594274,1,
8674bab6-ed45-4fcd-b295-fdee0afde0d8,PROVIDER,1000,itemstocksubmodel-api-asset@BPNL00000003AYRE,0ef26eaf-3d7c-479a-9a01-d5fa6d5cdd8e,a4aeee01-3fc5-41b3-b23a-3e13d1229f24,1791483589566,1791483594249,1791483594249,1,
d8768fb6-422e-4dcb-b0bd-357fb9473e54,PROVIDER,1000,itemstocksubmodel-api-asset@BPNL00000003AYRE,0ef26eaf-3d7c-479a-9a01-d5fa6d5cdd8e,ad048b8d-07eb-42c2-ab07-1bd6b1e304e1,1791483589637,1791483594261,1791483594261,1,
85db5518-b7ec-4d98-a052-b7cc2a9b248e,PROVIDER,1000,DigitalTwinRegistryId@BPNL00000003AYRE,83673ffd-c48c-429a-b6c6-7e8dac70b874,81a76a65-f330-49b6-b7ab-2c3ba3082042,1791483591250,1791483596278,1791483596278,1,
a4d33a1c-5b12-46d9-b3ce-3c91a3a8847a,PROVIDER,1000,DigitalTwinRegistryId@BPNL00000003AYRE,83673ffd-c48c-429a-b6c6-7e8dac70b874,427ed981-5651-4232-8f9b-8492bf3a5b8b,1791483591994,1791483596285,1791483596285,1,
c384dcc8-14c2-4430-9801-8f134a2cee5f,PROVIDER,1000,itemstocksubmodel-api-asset@BPNL00000003AYRE,0ef26eaf-3d7c-479a-9a01-d5fa6d5cdd8e,60fa9eb7-d7c7-4302-89f5-9f1bb40bc6de,1791483594860,1791483599156,1791483599156,1,
2966cdd6-1288-483f-9d68-c62998d8cb3b,PROVIDER,1000,DigitalTwinRegistryId@BPNL00000003AYRE,83673ffd-c48c-429a-b6c6-7e8dac70b874,b2a0ffa1-f8a6-4052-a684-d39fbc0e041c,1791483594863,1791483600154,1791483600154,1,
67263df1-85ff-4298-97c2-e88e6d4829af,PROVIDER,1000,itemstocksubmodel-api-asset@BPNL00000003AYRE,0ef26eaf-3d7c-479a-9a01-d5fa6d5cdd8e,44405624-cfdc-43ee-8a0f-9a6b326ef0b6,1791483595405,1791483600249,1791483600249,1,
0f589593-8f4d-4ce0-973d-4ff4eeb3f8ab,PROVIDER,1000,DigitalTwinRegistryId@BPNL00000003AYRE,83673ffd-c48c-429a-b6c6-7e8dac70b874,15ec3625-50d0-48da-9899-308b9864622a,1791483595504,1791483600234,1791483600234,1,
aa39b2da-44c0-40cd-b591-a244b87b22a1,PROVIDER,1000,itemstocksubmodel-api-asset@BPNL00000003AYRE,0ef26eaf-3d7c-479a-9a01-d5fa6d5cdd8e,a719d007-3972-46e2-aeec-3c36d61b1e8f,1791483595544,1791483600335,1791483600335,1,
46f3dde0-7ec9-4e3f-b8f0-5aaa15aa34ee,PROVIDER,1000,DigitalTwinRegistryId@BPNL00000003AYRE,83673ffd-c48c-429a-b6c6-7e8dac70b874,4bb6353a-d769-46b7-858b-fc91486f195c,1791483595942,1791483600166,1791483600166,1,
30d9468f-bab3-48a3-aba6-8f71ae301ad5,PROVIDER,1000,itemstocksubmodel-api-asset@BPNL00000003AYRE,0ef26eaf-3d7c-479a-9a01-d5fa6d5cdd8e,ddb4cc3b-2fa9-4c03-ba9d-992819568053,1791483598241,1791483601864,1791483601864,1,
68cc8612-2bdd-4347-9aa2-c2e19df0e38c,PROVIDER,1000,DigitalTwinRegistryId@BPNL00000003AYRE,83673ffd-c48c-429a-b6c6-7e8dac70b874,9ef87638-e84f-4001-be11-072e5d646d5a,1791483598242,1791483601872,1791483601872,1,
a6efec10-0db7-462d-a0c1-1ff1e0a2254e,PROVIDER,1000,itemstocksubmodel-api-asset@BPNL00000003AYRE,0ef26eaf-3d7c-479a-9a01-d5fa6d5cdd8e,06585ee1-7a96-4eb5-8f38-0cedf1198eaf,1791483598308,1791483602229,1791483602229,1,
e76d28eb-1447-4f3f-a29e-8b4c28157073,PROVIDER,1000,itemstocksubmodel-api-asset@BPNL00000003AYRE,0ef26eaf-3d7c-479a-9a01-d5fa6d5cdd8e,11705947-e2ae-4e75-8ba4-0bcfcc7bed95,1791483598439,1791483602219,1791483602219,1,
3187d88c-9db5-4a91-8924-52ec64d9cf69,PROVIDER,1000,DigitalTwinRegistryId@BPNL00000003AYRE,83673ffd-c48c-429a-b6c6-7e8dac70b874,891af1c4-943f-4003-8df1-e412eb1819c9,1791483598735,1791483602239,1791483602239,1,
36918638-8817-45e7-ae3c-340a83f73d15,PROVIDER,1000,DigitalTwinRegistryId@BPNL00000003AYRE,83673ffd-c48c-429a-b6c6-7e8dac70b874,7bc05900-cb6e-4120-84f5-587c5a0bc758,1791483601033,1791483603834,1791483603834,1,
61d4e1d8-c195-4f51-b7ba-c2b09a715320,PROVIDER,1000,itemstocksubmodel-api-asset@BPNL00000003AYRE,0ef26eaf-3d7c-479a-9a01-d5fa6d5cdd8e,d91cade5-8437-4d98-82e6-ab1f3b66abca,1791483601749,1791483603808,1791483603808,1,
44bd2a35-4502-4bd4-be56-9a28ab8e6cc8,PROVIDER,1000,itemstocksubmodel-api-asset@BPNL00000003AYRE,0ef26eaf-3d7c-479a-9a01-d5fa6d5cdd8e,a9c8cd98-20db-4da6-8174-45da30b6a99c,1791483602194,1791483605321,1791483605321,1,
799d2b93-fb04-46d7-aa81-33d714ce188e,PROVIDER,1000,DigitalTwinRegistryId@BPNL00000003AYRE,83673ffd-c48c-429a-b6c6-7e8dac70b874,5ebb2464-fa3e-4c3c-b992-83c8f4d16071,1791483602427,1791483605329,1791483605329,1,
984079f6-a98e-4d19-a3f3-40981d4a0399,PROVIDER,1000,DigitalTwinRegistryId@BPNL00000003AYRE,83673ffd-c48c-429a-b6c6-7e8dac70b874,e98c10c7-01b9-4b10-9f68-38016e243bb4,1791483603995,1791483607011,1791483607011,1,
d9ba4eaa-dec1-4604-a2b0-10cd048db76a,PROVIDER,1000,itemstocksubmodel-api-asset@BPNL00000003AYRE,0ef26eaf-3d7c-479a-9a01-d5fa6d5cdd8e,00937bc6-10f9-4cf4-b6f1-d81fb96a55ab,1791483605736,1791483609552,1791483609552,1,
89a5a339-325b-4b29-b46a-41ad86fd3d8a,PROVIDER,1000,DigitalTwinRegistryId@BPNL00000003AYRE,83673ffd-c48c-429a-b6c6-7e8dac70b874,6a2c235a-d3c1-48ec-a520-2e8ef3e2ea54,1791483605740,1791483609657,1791483609657,1,
70df2f4d-487c-42c5-ada1-4d54a1c036fc,PROVIDER,1000,itemstocksubmodel-api-asset@BPNL00000003AYRE,0ef26eaf-3d7c-479a-9a01-d5fa6d5cdd8e,607e89bf-6bdd-4549-a5a4-32a1d57f8956,1791483605838,1791483609564,1791483609564,1,
af3b2338-ad18-4bd0-9d59-8178c8c625f6,PROVIDER,1000,DigitalTwinRegistryId@BPNL00000003AYRE,83673ffd-c48c-429a-b6c6-7e8dac70b874,239c96ad-50c2-4d4a-a188-88ca3c9b52c2,1791483606204,1791483609644,1791483609644,1,
4e2bfbef-30aa-4296-9c3a-9957890f81a4,PROVIDER,1000,itemstocksubmodel-api-asset@BPNL00000003AYRE,0ef26eaf-3d7c-479a-9a01-d5fa6d5cdd8e,4b4d7118-a47d-461c-b959-542de924cc88,1791483606246,1791483609633,1791483609633,1,
357e09db-bc67-46b4-b7dd-b67ca09590aa,PROVIDER,1000,DigitalTwinRegistryId@BPNL00000003AYRE,83673ffd-c48c-429a-b6c6-7e8dac70b874,48669e66-e913-440e-83a6-348c2f9c3adc,1791483607434,1791483611537,1791483611537,1,
b40d8e97-669b-4a0a-a3b8-a9c7d44debe4,PROVIDER,1000,itemstocksubmodel-api-asset@BPNL00000003AYRE,0ef26eaf-3d7c-479a-9a01-d5fa6d5cdd8e,093546f0-08b6-4bcd-83fa-c6c22390f09b,1791483607838,1791483609956,1791483609956,1,
564d0aec-8292-4afe-9e2a-74c1fc1feb85,PROVIDER,1000,itemstocksubmodel-api-asset@BPNL00000003AYRE,0ef26eaf-3d7c-479a-9a01-d5fa6d5cdd8e,85042202-b2d5-4a3d-974b-2a135534495a,1791483607905,1791483609992,1791483609992,1,
5c03350d-fa96-4847-ba17-9705e89e576b,PROVIDER,1000,DigitalTwinRegistryId@BPNL00000003AYRE,83673ffd-c48c-429a-b6c6-7e8dac70b874,5757987e-724e-497a-b679-d5d808f4886b,1791483609242,1791483611545,1791483611545,1,
6eaf4dc2-8373-4c32-abab-256bf9b95add,PROVIDER,1000,itemstocksubmodel-api-asset@BPNL00000003AYRE,0ef26eaf-3d7c-479a-9a01-d5fa6d5cdd8e,25fd13ac-8781-4287-8407-91e617c502da,1791483610592,1791483613056,1791483613056,1,
439cf56d-0011-4133-a4b1-3ad7954246fd,PROVIDER,1000,DigitalTwinRegistryId@BPNL00000003AYRE,83673ffd-c48c-429a-b6c6-7e8dac70b874,10f272c1-7045-48b4-91fc-28d284cfa5ac,1791483610608,1791483613105,1791483613105,1,
eb697f1c-d9c1-41a1-a61d-f7036bfc11d4,PROVIDER,1000,itemstocksubmodel-api-asset@BPNL00000003AYRE,0ef26eaf-3d7c-479a-9a01-d5fa6d5cdd8e,cfd3d19e-a30b-4fab-be6c-06e9ce72e1c6,1791483610622,1791483613141,1791483613141,1,
64bfefca-e66b-402c-89a4-c6dc3eec57b8,PROVIDER,1000,DigitalTwinRegistryId@BPNL00000003AYRE,83673ffd-c48c-429a-b6c6-7e8dac70b874,4532e693-23ea-40fb-a2dc-09fa35811307,1791483612129,1791483614641,1791483614641,1,
9d637c95-31c1-4524-8043-7e349e3f057e,PROVIDER,1000,itemstocksubmodel-api-asset@BPNL00000003AYRE,0ef26eaf-3d7c-479a-9a01-d5fa6d5cdd8e,4c8fd238-db80-4395-ada8-f876e56c30cd,1791483612137,1791483614650,1791483614650,1,
daaa400b-128c-4bd1-8d7f-4efbe163ea47,PROVIDER,1000,DigitalTwinRegistryId@BPNL00000003AYRE,83673ffd-c48c-429a-b6c6-7e8dac70b874,18aaa91e-b9c9-4d53-ae3c-ca11c13f39c0,1791483613478,1791483616452,1791483616452,1,
e858271d-57c2-4f27-8ca7-67609ea35639,PROVIDER,1000,itemstocksubmodel-api-asset@BPNL00000003AYRE,0ef26eaf-3d7c-479a-9a01-d5fa6d5cdd8e,6bba1459-5625-4703-9526-1016f7411199,1791483613495,1791483616443,1791483616443,1,
4f6057b5-9ac7-46f5-9291-b71c7eaac286,PROVIDER,1000,DigitalTwinRegistryId@BPNL00000003AYRE,83673ffd-c48c-429a-b6c6-7e8dac70b874,ae2423f0-c3c7-482e-8335-fb86bce40d88,1791483614831,1791483619118,1791483619118,1,
980e0901-f354-4a20-84d2-9d02de472831,PROVIDER,1000,itemstocksubmodel-api-asset@BPNL00000003AYRE,0ef26eaf-3d7c-479a-9a01-d5fa6d5cdd8e,6bf25fd8-0ce0-4210-991e-798884c2de41,1791483614845,1791483619205,1791483619205,1,
9218c269-d236-46a5-b459-4ccdcd24c27f,PROVIDER,1000,DigitalTwinRegistryId@BPNL00000003AYRE,83673ffd-c48c-429a-b6c6-7e8dac70b874,1ba29e51-5d37-43da-b4cf-95666a671f80,1791483616066,1791483619099,1791483619099,1,
bd8f6aa3-0f6c-42cb-9324-ebfd9b8bbcf0,PROVIDER,1000,itemstocksubmodel-api-asset@BPNL00000003AYRE,0ef26eaf-3d7c-479a-9a01-d5fa6d5cdd8e,fc4bb442-1f57-49be-8b68-479be403615c,1791483617636,1791483619942,1791483619942,1,
9ab11579-ed1e-4f32-95bf-0f610b1c7563,PROVIDER,1000,DigitalTwinRegistryId@BPNL00000003AYRE,83673ffd-c48c-429a-b6c6-7e8dac70b874,e2195db1-bb0c-478c-b420-21ee4091aabe,1791483617834,1791483621690,1791483621690,1,
a5675ed7-e4f4-4070-a376-cfef59874e3c,PROVIDER,1000,itemstocksubmodel-api-asset@BPNL00000003AYRE,0ef26eaf-3d7c-479a-9a01-d5fa6d5cdd8e,3c76512e-1bd0-4f23-ab8d-028828217554,1791483617840,1791483621677,1791483621677,1,
349321cd-d71f-446f-954d-a6426790c73e,PROVIDER,1000,DigitalTwinRegistryId@BPNL00000003AYRE,83673ffd-c48c-429a-b6c6-7e8dac70b874,e53c5284-6616-45d3-b2c7-73ed6bad634d,1791483618849,1791483621701,1791483621701,1,
a7be8bf8-8ce9-44ed-a844-4c96e330c2d8,PROVIDER,1000,DigitalTwinRegistryId@BPNL00000003AYRE,83673ffd-c48c-429a-b6c6-7e8dac70b874,8093cad4-142d-4513-b4a8-c53b91cd5f2b,1791483620799,1791483625396,1791483625396,1,
6b8a9199-a57d-4eeb-99fd-b8bed0deef31,PROVIDER,1000,itemstocksubmodel-api-asset@BPNL00000003AYRE,0ef26eaf-3d7c-479a-9a01-d5fa6d5cdd8e,f6d0f6d2-afd5-4e21-aa80-d739889794d7,1791483620826,1791483625406,1791483625406,1,
be29e527-e473-4b87-b8ba-ee950821396d,PROVIDER,1000,itemstocksubmodel-api-asset@BPNL00000003AYRE,0ef26eaf-3d7c-479a-9a01-d5fa6d5cdd8e,e734562b-5154-4916-8261-8c5388f5350a,1791483620827,1791483625415,1791483625415,1,
0352e6cd-e327-495e-a4db-dc651d6a1c42,PROVIDER,1000,DigitalTwinRegistryId@BPNL00000003AYRE,83673ffd-c48c-429a-b6c6-7e8dac70b874,32012e7f-a145-4373-a473-288294302ec2,1791483624205,1791483628547,1791483628547,1,
240ed49c-0634-4692-a954-da9584cb4269,PROVIDER,1000,itemstocksubmodel-api-asset@BPNL00000003AYRE,0ef26eaf-3d7c-479a-9a01-d5fa6d5cdd8e,016bfd25-844d-4176-bc6c-2bc8332dca30,1791483624299,1791483628510,1791483628510,1,
dd7a3d9b-c557-47c3-83df-f20d6751f012,PROVIDER,1000,DigitalTwinRegistryId@BPNL00000003AYRE,83673ffd-c48c-429a-b6c6-7e8dac70b874,c9225d5f-df7e-43b8-a02a-18f01f3a2d59,1791483624820,1791483628524,1791483628524,1,
54229f10-b65a-4b7f-9558-cd297f8c2ab4,PROVIDER,1000,DigitalTwinRegistryId@BPNL00000003AYRE,83673ffd-c48c-429a-b6c6-7e8dac70b874,ed54bade-18bb-4cdf-a196-c515414c9e5d,1791483624846,1791483628538,1791483628538,1,
4c0e7805-607a-466c-8757-807c13ce0d4a,PROVIDER,1000,itemstocksubmodel-api-asset@BPNL00000003AYRE,0ef26eaf-3d7c-479a-9a01-d5fa6d5cdd8e,03b76d53-35ff-421a-8cd9-aa4227423afa,1791483626234,1791483629041,1791483629041,1,
1bacb6b6-66da-4342-b6e0-1960d60a4bcc,PROVIDER,1000,DigitalTwinRegistryId@BPNL00000003AYRE,83673ffd-c48c-429a-b6c6-7e8dac70b874,f946895c-47a8-4fe1-b74f-065bb0be5c30,1791483626244,1791483629608,1791483629608,1,
170f06ff-b027-45d0-a9aa-e0b0405edb5d,PROVIDER,1000,itemstocksubmodel-api-asset@BPNL00000003AYRE,0ef26eaf-3d7c-479a-9a01-d5fa6d5cdd8e,bca86ea1-e6a0-4c34-a85a-6f7dca34f1cb,1791483626335,1791483629619,1791483629619,1,
23af02ff-b6ce-4db1-b667-398660456336,PROVIDER,1000,itemstocksubmodel-api-asset@BPNL00000003AYRE,0ef26eaf-3d7c-479a-9a01-d5fa6d5cdd8e,04aa6090-38ba-43e6-90ba-8b2e2903cbd0,1791483626340,1791483629628,1791483629628,1,
4c8f3315-b29a-4ab2-949b-3191fc46fd74,PROVIDER,1000,DigitalTwinRegistryId@BPNL00000003AYRE,83673ffd-c48c-429a-b6c6-7e8dac70b874,878f41d4-3938-415b-887b-f429d28171ca,1791483627635,1791483631397,1791483631397,1,
c88a9d6e-f862-4f26-af9c-52bfe86761c9,PROVIDER,1000,itemstocksubmodel-api-asset@BPNL00000003AYRE,0ef26eaf-3d7c-479a-9a01-d5fa6d5cdd8e,ac5e0851-78cc-4daa-8660-b41eee62cc57,1791483628734,1791483631406,1791483631406,1,
f2279521-d196-4911-8918-a2606edcf878,PROVIDER,1000,DigitalTwinRegistryId@BPNL00000003AYRE,83673ffd-c48c-429a-b6c6-7e8dac70b874,0449a239-23e8-4caf-8f4d-3dbcf15d3515,1791483628736,1791483631425,1791483631425,1,
f56d477f-c651-451d-b2e4-ba1668d05b39,PROVIDER,1000,itemstocksubmodel-api-asset@BPNL00000003AYRE,0ef26eaf-3d7c-479a-9a01-d5fa6d5cdd8e,9154f658-29ce-4698-8ec7-617693286161,1791483629973,1791483632919,1791483632919,1,
3b02b475-9e76-49e1-baa1-073b43964167,PROVIDER,1000,itemstocksubmodel-api-asset@BPNL00000003AYRE,0ef26eaf-3d7c-479a-9a01-d5fa6d5cdd8e,e82f1725-6868-496e-b3a1-30a0efd70741,1791483629996,1791483632927,1791483632927,1,
f7fe4133-9faf-43de-b01c-c148e15cbbb3,PROVIDER,1000,DigitalTwinRegistryId@BPNL00000003AYRE,83673ffd-c48c-429a-b6c6-7e8dac70b874,20c0b12d-fbff-4602-8e3f-857f03105045,1791483630048,1791483632937,1791483632937,1,
9ce0d7f4-a7a7-4441-a678-5e15808a2827,PROVIDER,1000,DigitalTwinRegistryId@BPNL00000003AYRE,83673ffd-c48c-429a-b6c6-7e8dac70b874,556bd6bd-36f9-4bc5-8ed1-d81efcf15daf,1791483632231,1791483634513,1791483634513,1,
b93842fb-f411-4bd2-9dc6-2424afab4e1e,PROVIDER,1000,itemstocksubmodel-api-asset@BPNL00000003AYRE,0ef26eaf-3d7c-479a-9a01-d5fa6d5cdd8e,16a61aa6-d4e6-4e99-a424-1cf447dda89a,1791483632243,1791483634522,1791483634522,1,
31a0f525-17d0-4ef0-b7e1-5f559a4f919c,PROVIDER,1000,DigitalTwinRegistryId@BPNL00000003AYRE,83673ffd-c48c-429a-b6c6-7e8dac70b874,3653db02-ae73-4485-8826-ec8e1ca15d30,1791483633490,1791483636444,1791483636444,1,
bb4a4b4d-0977-4b95-b180-b1055135ae75,PROVIDER,1000,itemstocksubmodel-api-asset@BPNL00000003AYRE,0ef26eaf-3d7c-479a-9a01-d5fa6d5cdd8e,78940b95-2342-4ff3-b738-a1dd0c3f0904,1791483633508,1791483636454,1791483636454,1,
d4270b35-5cd3-4d8c-9063-678a9ff1c69f,PROVIDER,1000,DigitalTwinRegistryId@BPNL00000003AYRE,83673ffd-c48c-429a-b6c6-7e8dac70b874,5ccf073b-906a-4bb5-a172-e4524fe31987,1791483634711,1791483639960,1791483639960,1,
76264548-4a51-4c07-ab59-695b467d0a6f,PROVIDER,1000,itemstocksubmodel-api-asset@BPNL00000003AYRE,0ef26eaf-3d7c-479a-9a01-d5fa6d5cdd8e,6c18ea49-d60f-4c9f-b2de-8eace07d4c2c,1791483634714,1791483638108,1791483638108,1,
b0effe74-266c-480e-8d22-a72c11f10f47,PROVIDER,1000,DigitalTwinRegistryId@BPNL00000003AYRE,83673ffd-c48c-429a-b6c6-7e8dac70b874,f13953ef-ad31-430e-a228-de825564ff63,1791483636137,1791483640199,1791483640199,1,
587f0eb9-fa6a-4a58-8c23-eff9d1e07e31,PROVIDER,1000,DigitalTwinRegistryId@BPNL00000003AYRE,83673ffd-c48c-429a-b6c6-7e8dac70b874,0893a016-078d-412a-8bf0-49852dfff7e4,1791483637337,1791483640208,1791483640208,1,
1dffc016-f6a1-4d7e-a473-55cd286e2f31,PROVIDER,1000,itemstocksubmodel-api-asset@BPNL00000003AYRE,0ef26eaf-3d7c-479a-9a01-d5fa6d5cdd8e,817ecf8c-c317-449f-afb9-849d32dbcc93,1791483638834,1791483641711,1791483641711,1,
c07ac406-26b5-4ecb-849f-6e266b3657aa,PROVIDER,1000,itemstocksubmodel-api-asset@BPNL00000003AYRE,0ef26eaf-3d7c-479a-9a01-d5fa6d5cdd8e,4682e659-ca24-42d4-ab91-73ec1fc2309e,1791483638856,1791483641957,1791483641957,1,
b7e91c1c-ba3b-4aaf-ac98-89484e0250d0,PROVIDER,1000,DigitalTwinRegistryId@BPNL00000003AYRE,83673ffd-c48c-429a-b6c6-7e8dac70b874,f1825523-3589-48ec-8527-01a8a708e20c,1791483638860,1791483641976,1791483641976,1,
a8d5524f-179f-4950-8b68-c46735ae1c73,PROVIDER,1000,itemstocksubmodel-api-asset@BPNL00000003AYRE,0ef26eaf-3d7c-479a-9a01-d5fa6d5cdd8e,c20b5254-f6d7-48cf-8804-dc8983dca7b2,1791483638905,1791483641965,1791483641965,1,
e8c2f75c-2f16-43fc-851b-a8f834dae0b6,PROVIDER,1000,DigitalTwinRegistryId@BPNL00000003AYRE,83673ffd-c48c-429a-b6c6-7e8dac70b874,b00bc8a3-833d-44c6-a5dd-7972eafb1d0b,1791483640634,1791483644542,1791483644542,1,
77e87b87-f35c-47df-bdc4-7c8dfa7c5d80,PROVIDER,1000,itemstocksubmodel-api-asset@BPNL00000003AYRE,0ef26eaf-3d7c-479a-9a01-d5fa6d5cdd8e,9415906b-143e-47c9-a408-a56ccd6c063b,1791483640656,1791483644551,1791483644551,1,
1099d370-2c1a-452e-afb0-d28fa8db9619,PROVIDER,1000,DigitalTwinRegistryId@BPNL00000003AYRE,83673ffd-c48c-429a-b6c6-7e8dac70b874,7ed3bae3-1b65-4952-a5db-407bbb231441,1791483643114,1791483646591,1791483646591,1,
0162477d-ef05-4caa-a33f-e525f9a2bd0a,PROVIDER,1000,itemstocksubmodel-api-asset@BPNL00000003AYRE,0ef26eaf-3d7c-479a-9a01-d5fa6d5cdd8e,7eec3a47-cc24-4cc6-a258-3406af11bfea,1791483643210,1791483646609,1791483646609,1,
9df8f545-33d1-4a61-93bd-fad441476031,PROVIDER,1000,DigitalTwinRegistryId@BPNL00000003AYRE,83673ffd-c48c-429a-b6c6-7e8dac70b874,77b83140-0bdf-420f-9f1d-4a5bd907f8c9,1791483643915,1791483646624,1791483646624,1,
aa9df4e0-a7db-42bd-85c3-bb38ed7711af,PROVIDER,1000,DigitalTwinRegistryId@BPNL00000003AYRE,83673ffd-c48c-429a-b6c6-7e8dac70b874,67a3478c-b9c0-40bd-8fb7-0fd083bf39b5,1791483645215,1791483648225,1791483648225,1,
0c4b2270-347a-4b6c-91dd-a1d777cf508f,PROVIDER,1000,itemstocksubmodel-api-asset@BPNL00000003AYRE,0ef26eaf-3d7c-479a-9a01-d5fa6d5cdd8e,5151ebff-37bc-4336-bd60-64dba036c71d,1791483645242,1791483648204,1791483648204,1,
68728c89-a374-47ac-9dbd-5790d10ba39a,PROVIDER,1000,itemstocksubmodel-api-asset@BPNL00000003AYRE,0ef26eaf-3d7c-479a-9a01-d5fa6d5cdd8e,77d7a200-0442-44b6-8af5-802ccd6e98a1,1791483645246,1791483648215,1791483648215,1,
db2166d5-3948-48f5-962c-c4f205b95ede,PROVIDER,1000,DigitalTwinRegistryId@BPNL00000003AYRE,83673ffd-c48c-429a-b6c6-7e8dac70b874,48eac2e6-b818-4ef0-8db6-0e4c87a2576b,1791483646703,1791483649970,1791483649970,1,
9d8f4121-f03a-4ed6-9c27-328256ed98e2,PROVIDER,1000,itemstocksubmodel-api-asset@BPNL00000003AYRE,0ef26eaf-3d7c-479a-9a01-d5fa6d5cdd8e,d30f6725-3b00-4ee4-84dc-d9c2a0e9fbd5,1791483647206,1791483649978,1791483649978,1,
10fd6c20-8a9d-44f6-84b7-9bc75c65e010,PROVIDER,1000,DigitalTwinRegistryId@BPNL00000003AYRE,83673ffd-c48c-429a-b6c6-7e8dac70b874,27d5740e-6f58-4a2f-90c1-bc7c0d3683fa,1791483647339,1791483649988,1791483649988,1,
7b538690-dc4a-4dad-8e10-67cc4382587d,PROVIDER,1000,itemstocksubmodel-api-asset@BPNL00000003AYRE,0ef26eaf-3d7c-479a-9a01-d5fa6d5cdd8e,2b47e760-c875-493f-a840-227578c25137,1791483648652,1791483651692,1791483651692,1,
94850c42-be1f-492c-83cc-cb14a2d3262a,PROVIDER,1000,itemstocksubmodel-api-asset@BPNL00000003AYRE,0ef26eaf-3d7c-479a-9a01-d5fa6d5cdd8e,b10be230-5f42-41f9-b28b-a3df6494d61f,1791483648667,1791483651681,1791483651681,1,
3dec5e2a-3fd7-4107-9fdd-10ef4d90871e,PROVIDER,1000,DigitalTwinRegistryId@BPNL00000003AYRE,83673ffd-c48c-429a-b6c6-7e8dac70b874,4db56bc1-dbbe-499f-b672-bdeb31a2d820,1791483648684,1791483651704,1791483651704,1,
10a171cf-52e3-46e8-ab1f-30bc6cc9dd67,PROVIDER,1000,DigitalTwinRegistryId@BPNL00000003AYRE,83673ffd-c48c-429a-b6c6-7e8dac70b874,e8108d5d-4e97-4f7a-901c-347e98be3465,1791483650098,1791483651930,1791483651930,1,
8a3d4f7b-6358-4762-bf5d-15be80f78898,PROVIDER,1000,itemstocksubmodel-api-asset@BPNL00000003AYRE,0ef26eaf-3d7c-479a-9a01-d5fa6d5cdd8e,856acbd5-450f-4f82-a2aa-92cb9e90a1b7,1791483650119,1791483654332,1791483654332,1,
2fbc120e-9f4c-4264-8f18-b3e1bab3e46c,PROVIDER,1000,DigitalTwinRegistryId@BPNL00000003AYRE,83673ffd-c48c-429a-b6c6-7e8dac70b874,6f166cf3-829b-4bda-9e09-fe137d0f9096,1791483651510,1791483654342,1791483654342,1,
aa5675ce-948e-408c-b698-a636f6b4f6fe,PROVIDER,1000,itemstocksubmodel-api-asset@BPNL00000003AYRE,0ef26eaf-3d7c-479a-9a01-d5fa6d5cdd8e,710dfbc8-d238-4b97-9d00-4e235111dae1,1791483652530,1791483657704,1791483657704,1,
f8a20e0a-23a2-405c-9fa3-a8051acd6e9d,PROVIDER,1000,DigitalTwinRegistryId@BPNL00000003AYRE,83673ffd-c48c-429a-b6c6-7e8dac70b874,e49827fb-2123-4c0a-8043-853ff2dc6fe4,1791483654404,1791483659251,1791483659251,1,
eb7f6708-1591-4ed7-a2f6-ed6992a6c3f1,PROVIDER,1000,itemstocksubmodel-api-asset@BPNL00000003AYRE,0ef26eaf-3d7c-479a-9a01-d5fa6d5cdd8e,b0eba675-2ec1-4e08-a4ff-8399495ed18e,1791483654410,1791483659240,1791483659240,1,
2fda9510-5f22-43ee-864b-8c30a42b94c5,PROVIDER,1000,DigitalTwinRegistryId@BPNL00000003AYRE,83673ffd-c48c-429a-b6c6-7e8dac70b874,1aa2e546-3509-4d9f-b90b-7b4e2f0a9ead,1791483654569,1791483659227,1791483659227,1,
e65458ce-8462-467b-adbb-82b77fefbea4,PROVIDER,1000,DigitalTwinRegistryId@BPNL00000003AYRE,83673ffd-c48c-429a-b6c6-7e8dac70b874,a80e5bc7-9046-4ed7-bc82-ff96ec2344d7,1791483655934,1791483662104,1791483662104,1,
01263cb6-98a0-47b6-9205-1152d3d399c1,PROVIDER,1000,itemstocksubmodel-api-asset@BPNL00000003AYRE,0ef26eaf-3d7c-479a-9a01-d5fa6d5cdd8e,3cc49f2b-eeaf-46af-9fc4-a56d5a1f5b10,1791483656306,1791483662530,1791483662530,1,
bfec3980-3dce-4f93-8303-9997dba223f5,PROVIDER,1000,itemstocksubmodel-api-asset@BPNL00000003AYRE,0ef26eaf-3d7c-479a-9a01-d5fa6d5cdd8e,8aa5a084-d321-4d44-b3a8-39a1c289dd91,1791483656535,1791483662539,1791483662539,1,
11a9d071-8068-442c-a489-9609c37f4061,PROVIDER,1000,DigitalTwinRegistryId@BPNL00000003AYRE,83673ffd-c48c-429a-b6c6-7e8dac70b874,5802fab1-199a-4a13-9dd7-2af2b5aa60bd,1791483657936,1791483662550,1791483662550,1,
28afae25-3868-418a-ae1c-4b91cc45999d,PROVIDER,1000,DigitalTwinRegistryId@BPNL00000003AYRE,83673ffd-c48c-429a-b6c6-7e8dac70b874,fd4be22a-41f2-46a7-af91-1fb44e5e665a,1791483658901,1791483662562,1791483662562,1,
ba12a404-8383-4f9a-a664-9e10c7ee133e,PROVIDER,1000,itemstocksubmodel-api-asset@BPNL00000003AYRE,0ef26eaf-3d7c-479a-9a01-d5fa6d5cdd8e,87c49229-af76-4669-936e-532433f577a8,1791483660606,1791483663755,1791483663755,1,
c7641836-a9d7-4755-af9b-effe4f220522,PROVIDER,1000,itemstocksubmodel-api-asset@BPNL00000003AYRE,0ef26eaf-3d7c-479a-9a01-d5fa6d5cdd8e,ba22dc7d-1ec7-4fcc-ac00-09f8b11e6b96,1791483660635,1791483663743,1791483663743,1,
04a2dfcd-ca88-440f-a694-50443187eabf,PROVIDER,1000,DigitalTwinRegistryId@BPNL00000003AYRE,83673ffd-c48c-429a-b6c6-7e8dac70b874,038aab05-c918-46e5-a39a-f2ba86eb9ae1,1791483660642,1791483665404,1791483665404,1,
be781a27-04b4-411d-a1da-46dbadc6b8aa,PROVIDER,1000,itemstocksubmodel-api-asset@BPNL00000003AYRE,0ef26eaf-3d7c-479a-9a01-d5fa6d5cdd8e,58d50d7b-35fb-4b35-a748-b7a49f6093f0,1791483660647,1791483665423,1791483665423,1,
3135be22-92c7-493e-95dd-19f1b4644bc1,PROVIDER,1000,DigitalTwinRegistryId@BPNL00000003AYRE,83673ffd-c48c-429a-b6c6-7e8dac70b874,0f4fa172-f879-4f96-bda6-2edb88072e42,1791483661799,1791483665413,1791483665413,1,
ae101d69-a54f-4551-bb97-dd780c82a077,PROVIDER,1000,DigitalTwinRegistryId@BPNL00000003AYRE,83673ffd-c48c-429a-b6c6-7e8dac70b874,29814d33-c063-47fe-9dac-220076158e03,1791483664508,1791483668437,1791483668437,1,
6aa9b5db-07f2-4b01-9c6d-30286e6e3dae,PROVIDER,1000,itemstocksubmodel-api-asset@BPNL00000003AYRE,0ef26eaf-3d7c-479a-9a01-d5fa6d5cdd8e,da6ba5d8-49ea-4858-8c7d-2951f6f4b196,1791483664522,1791483668423,1791483668423,1,
e1e5aeae-c16f-48d2-80a2-ccb98580ad9c,PROVIDER,1000,itemstocksubmodel-api-asset@BPNL00000003AYRE,0ef26eaf-3d7c-479a-9a01-d5fa6d5cdd8e,388f42ea-6c90-4971-9ee7-9918a509be36,1791483664840,1791483668447,1791483668447,1,
63ca6da1-714c-4ecd-bbfc-fa913bd73154,PROVIDER,1000,DigitalTwinRegistryId@BPNL00000003AYRE,83673ffd-c48c-429a-b6c6-7e8dac70b874,4c66f780-c68d-4ff2-b864-c6a2353e1d0c,1791483664858,1791483668457,1791483668457,1,
f6360c42-146b-4850-a7ed-fe9eaa223dda,PROVIDER,1000,itemstocksubmodel-api-asset@BPNL00000003AYRE,0ef26eaf-3d7c-479a-9a01-d5fa6d5cdd8e,2be57a83-acd6-464a-a400-74ad5c778521,1791483666513,1791483670411,1791483670411,1,
e60901a1-a4f6-4e1b-a03a-9123ce256fe9,PROVIDER,1000,DigitalTwinRegistryId@BPNL00000003AYRE,83673ffd-c48c-429a-b6c6-7e8dac70b874,c27a3aef-90d6-4f54-9dc0-1b46bbd59f6c,1791483666528,1791483670582,1791483670582,1,
083a15a1-769f-4b5e-b09b-c83ebae34551,PROVIDER,1000,itemstocksubmodel-api-asset@BPNL00000003AYRE,0ef26eaf-3d7c-479a-9a01-d5fa6d5cdd8e,64343f7c-7d42-434b-b120-09ad2bd7c4d9,1791483667348,1791483670592,1791483670592,1,
5ce57a2b-9150-42ab-9c95-c83cfd556e5b,PROVIDER,1000,DigitalTwinRegistryId@BPNL00000003AYRE,83673ffd-c48c-429a-b6c6-7e8dac70b874,3467b3e9-ef5f-4822-b4aa-a4e079c5f949,1791483667735,1791483672103,1791483672103,1,
4cfdc2ed-5e21-4e28-8ceb-d3b17c4eb08b,PROVIDER,1000,DigitalTwinRegistryId@BPNL00000003AYRE,83673ffd-c48c-429a-b6c6-7e8dac70b874,7f98eba0-780e-48ce-80a0-27a8171d32ab,1791483669091,1791483672111,1791483672111,1,
fb798dbc-906e-4a19-ac0a-43b32233e496,PROVIDER,1000,itemstocksubmodel-api-asset@BPNL00000003AYRE,0ef26eaf-3d7c-479a-9a01-d5fa6d5cdd8e,f01ebeb4-da33-474f-8e28-58efbffab602,1791483669137,1791483672118,1791483672118,1,
ba3a57a4-2544-4e87-8029-42ca82889ff9,PROVIDER,1000,DigitalTwinRegistryId@BPNL00000003AYRE,83673ffd-c48c-429a-b6c6-7e8dac70b874,dfd6c6ae-9dce-4b8c-87fe-d86237df3701,1791483670665,1791483674511,1791483674511,1,
dbdea03e-a58b-4813-b89f-9ed55d59b78b,PROVIDER,1000,itemstocksubmodel-api-asset@BPNL00000003AYRE,0ef26eaf-3d7c-479a-9a01-d5fa6d5cdd8e,2d775e07-8a05-4306-b66e-b70b6fa398b4,1791483670705,1791483674499,1791483674499,1,
51809f68-7265-43f2-ad48-a98492245d46,PROVIDER,1000,itemstocksubmodel-api-asset@BPNL00000003AYRE,0ef26eaf-3d7c-479a-9a01-d5fa6d5cdd8e,fa22e8f1-c1cd-4dcb-b14f-713d0b826db6,1791483670705,1791483674519,1791483674519,1,
abe0d93b-7b11-42cd-baf4-b565ac0d7cab,PROVIDER,1000,DigitalTwinRegistryId@BPNL00000003AYRE,83673ffd-c48c-429a-b6c6-7e8dac70b874,42918d70-76ef-4dbb-b34e-9b008c2fc31d,1791483673398,1791483676504,1791483676504,1,
9b96dd19-9621-4dc7-9b6c-12d30c20d473,PROVIDER,1000,DigitalTwinRegistryId@BPNL00000003AYRE,83673ffd-c48c-429a-b6c6-7e8dac70b874,61235b34-74c0-4051-89b8-3bd324b568d9,1791483674631,1791483679587,1791483679587,1,
7ffbbae0-d921-45cd-b35b-5213733229e9,PROVIDER,1000,itemstocksubmodel-api-asset@BPNL00000003AYRE,0ef26eaf-3d7c-479a-9a01-d5fa6d5cdd8e,388f53c3-09f8-44d6-9e2b-ca780d3479c2,1791483674646,1791483679561,1791483679561,1,
d2fc51d2-327b-4870-9e1b-d651f8bac872,PROVIDER,1000,DigitalTwinRegistryId@BPNL00000003AYRE,83673ffd-c48c-429a-b6c6-7e8dac70b874,4afa50bf-be2b-47cc-bba3-e454e32ec4a7,1791483675309,1791483679569,1791483679569,1,
8fb27f93-5917-4489-ac3a-27b5236b6bc8,PROVIDER,1000,DigitalTwinRegistryId@BPNL00000003AYRE,83673ffd-c48c-429a-b6c6-7e8dac70b874,94163068-6bb9-4285-879c-5b029d73a596,1791483676138,1791483679578,1791483679578,1,
3d8d1cee-68fd-4b3f-abf4-536ff772cc72,PROVIDER,1000,itemstocksubmodel-api-asset@BPNL00000003AYRE,0ef26eaf-3d7c-479a-9a01-d5fa6d5cdd8e,fe9ff4be-78a7-4724-8fbe-d0d8e6a4f7b1,1791483676146,1791483679550,1791483679550,1,
b3411f7e-bfaf-4993-bc2b-2632d6eb9a45,PROVIDER,1000,itemstocksubmodel-api-asset@BPNL00000003AYRE,0ef26eaf-3d7c-479a-9a01-d5fa6d5cdd8e,506584b9-610b-454b-9e67-49598fd8cfb5,1791483677345,1791483681552,1791483681552,1,
7806672e-fbbc-422d-9bed-98f27e5a19e7,PROVIDER,1000,itemstocksubmodel-api-asset@BPNL00000003AYRE,0ef26eaf-3d7c-479a-9a01-d5fa6d5cdd8e,c830a9ce-0f8d-4520-bc24-8a90a1ff1a3a,1791483677436,1791483681565,1791483681565,1,
a98763ce-8706-4b74-a59b-823677e63600,PROVIDER,1000,DigitalTwinRegistryId@BPNL00000003AYRE,83673ffd-c48c-429a-b6c6-7e8dac70b874,1b597978-d2e6-4030-b48d-b8e4d4a13fc5,1791483677436,1791483681573,1791483681573,1,
2ccb24b5-3fa7-433a-a053-ee4bd10d981d,PROVIDER,1000,itemstocksubmodel-api-asset@BPNL00000003AYRE,0ef26eaf-3d7c-479a-9a01-d5fa6d5cdd8e,dc93bce6-97c3-4ba3-8866-72a3741de952,1791483677939,1791483681585,1791483681585,1,
8e3a77b3-3acb-47d1-b056-5e7a424aa549,PROVIDER,1000,DigitalTwinRegistryId@BPNL00000003AYRE,83673ffd-c48c-429a-b6c6-7e8dac70b874,c32ce841-2c72-45d7-94c2-c2de4549b2eb,1791483678844,1791483681597,1791483681597,1,
145d395b-db27-4d17-a2ad-4ce0e05fee92,PROVIDER,1000,itemstocksubmodel-api-asset@BPNL00000003AYRE,0ef26eaf-3d7c-479a-9a01-d5fa6d5cdd8e,f5029452-52c8-482f-b85b-9e00c3ebf3e3,1791483680266,1791483685477,1791483685477,1,
648824a0-f5d7-4526-8c44-320a97c8a85a,PROVIDER,1000,DigitalTwinRegistryId@BPNL00000003AYRE,83673ffd-c48c-429a-b6c6-7e8dac70b874,c0ddd4ef-e729-4c63-9efe-916be8ed1a05,1791483680290,1791483685466,1791483685466,1,
b4b9d721-fade-4892-8b9a-8646cabeea97,PROVIDER,1000,itemstocksubmodel-api-asset@BPNL00000003AYRE,0ef26eaf-3d7c-479a-9a01-d5fa6d5cdd8e,cc6d87fa-9494-49c8-b9e7-e7ea9a365539,1791483681042,1791483685487,1791483685487,1,
ef2e652a-a9a1-430d-bfff-9f1585d0953f,PROVIDER,1000,DigitalTwinRegistryId@BPNL00000003AYRE,83673ffd-c48c-429a-b6c6-7e8dac70b874,ff40f11c-9a06-4e36-8bd2-dd2167518e88,1791483683861,1791483688945,1791483688945,1,
b58fc3e5-8625-474a-86c9-9954496950c3,PROVIDER,1000,itemstocksubmodel-api-asset@BPNL00000003AYRE,0ef26eaf-3d7c-479a-9a01-d5fa6d5cdd8e,ba5c907e-2912-46bf-91d7-06685755733d,1791483683870,1791483688955,1791483688955,1,
f2e1f819-2d79-44f9-8322-b14659cbdbc8,PROVIDER,1000,DigitalTwinRegistryId@BPNL00000003AYRE,83673ffd-c48c-429a-b6c6-7e8dac70b874,353d0432-bdf7-4a93-8297-cc47f187f788,1791483685106,1791483688974,1791483688974,1,
3ab7e831-36e4-410b-be08-bab0681e4293,PROVIDER,1000,DigitalTwinRegistryId@BPNL00000003AYRE,83673ffd-c48c-429a-b6c6-7e8dac70b874,94689ea8-f5ad-44b5-83b9-aef260508d31,1791483685169,1791483688964,1791483688964,1,
dc6ea722-fcd1-43e8-8c91-0f387d77d85c,PROVIDER,1000,DigitalTwinRegistryId@BPNL00000003AYRE,83673ffd-c48c-429a-b6c6-7e8dac70b874,9a3dac0f-9389-48c6-8821-12aa9752059c,1791483686937,1791483691279,1791483691279,1,
98b5bf60-bc81-4309-834b-0eef6bfa2e3e,PROVIDER,1000,itemstocksubmodel-api-asset@BPNL00000003AYRE,0ef26eaf-3d7c-479a-9a01-d5fa6d5cdd8e,da38e45c-ec67-428b-abfb-027893fe7f4c,1791483687028,1791483691254,1791483691254,1,
250f5717-e972-445d-aa48-1f0571fa6a59,PROVIDER,1000,itemstocksubmodel-api-asset@BPNL00000003AYRE,0ef26eaf-3d7c-479a-9a01-d5fa6d5cdd8e,750d11ce-257b-442e-8598-019bf974bf09,1791483687046,1791483691268,1791483691268,1,
501885aa-4479-4529-ad52-5b9f929cd6d9,PROVIDER,1000,itemstocksubmodel-api-asset@BPNL00000003AYRE,0ef26eaf-3d7c-479a-9a01-d5fa6d5cdd8e,d63d6868-a67d-45fd-be58-a08d1fadabc2,1791483687838,1791483691313,1791483691313,1,
6c0a845b-15be-48e2-97ae-2f62ba3a18d8,PROVIDER,1000,DigitalTwinRegistryId@BPNL00000003AYRE,83673ffd-c48c-429a-b6c6-7e8dac70b874,ab33cdce-e27c-461a-a30a-7a85c26bec7d,1791483688234,1791483691325,1791483691325,1,
3efa1c07-e248-47a2-9a57-75ed65c99dd2,PROVIDER,1000,DigitalTwinRegistryId@BPNL00000003AYRE,83673ffd-c48c-429a-b6c6-7e8dac70b874,9d3086c6-cfd7-46de-bf8d-96a5e84b01ab,1791483689553,1791483692953,1791483692953,1,
9f08e1c9-7234-425d-90da-05b65b49daad,PROVIDER,1000,itemstocksubmodel-api-asset@BPNL00000003AYRE,0ef26eaf-3d7c-479a-9a01-d5fa6d5cdd8e,bbaa449e-9aef-477c-baa4-9ba3df6da391,1791483689559,1791483692922,1791483692922,1,
1b0fe1e8-455d-4112-9256-1c71314f04ef,PROVIDER,1000,itemstocksubmodel-api-asset@BPNL00000003AYRE,0ef26eaf-3d7c-479a-9a01-d5fa6d5cdd8e,a5d01ca4-936e-4480-b73e-753acc878a76,1791483690224,1791483692935,1791483692935,1,
3827bdc6-f9db-45d0-9d79-ac6a31b33d99,PROVIDER,1000,DigitalTwinRegistryId@BPNL00000003AYRE,83673ffd-c48c-429a-b6c6-7e8dac70b874,394cd707-ba2a-4ccf-a4cf-2170b85f799c,1791483690227,1791483692963,1791483692963,1,
ea691c18-4576-469b-b884-901dfaf07b77,PROVIDER,1000,itemstocksubmodel-api-asset@BPNL00000003AYRE,0ef26eaf-3d7c-479a-9a01-d5fa6d5cdd8e,8a090fbd-8a89-4885-a687-ca96893e42cf,1791483692026,1791483694528,1791483694528,1,
ae0f9b55-ec88-44c7-ad26-39b029c770e7,PROVIDER,1000,itemstocksubmodel-api-asset@BPNL00000003AYRE,0ef26eaf-3d7c-479a-9a01-d5fa6d5cdd8e,f287fbc7-7ff6-4760-8aab-48292dbe3e61,1791483692127,1791483694619,1791483694619,1,
2e2a2367-d138-4291-9f2f-7906570e3fef,PROVIDER,1000,DigitalTwinRegistryId@BPNL00000003AYRE,83673ffd-c48c-429a-b6c6-7e8dac70b874,e0c934cd-a8da-4cfc-9c38-a8de444e6093,1791483692143,1791483694654,1791483694654,1,
c18b3d80-b0d6-4ba4-b32e-db97b9b3b8ab,PROVIDER,1000,DigitalTwinRegistryId@BPNL00000003AYRE,83673ffd-c48c-429a-b6c6-7e8dac70b874,12b0ba12-3b59-44c7-8759-06f2771968a6,1791483693867,1791483696441,1791483696441,1,
27863853-8105-4e4e-b17f-af94fb6b11f7,PROVIDER,1000,itemstocksubmodel-api-asset@BPNL00000003AYRE,0ef26eaf-3d7c-479a-9a01-d5fa6d5cdd8e,b47fab5a-10e1-4958-9519-7da4f246f6a9,1791483694735,1791483699332,1791483699332,1,
0d1b224b-8763-4958-aace-7e517bd7e79e,PROVIDER,1000,DigitalTwinRegistryId@BPNL00000003AYRE,83673ffd-c48c-429a-b6c6-7e8dac70b874,11e8574d-3bdb-48bf-beec-19550421ebe8,1791483694736,1791483699341,1791483699341,1,
85d850ee-0902-4e0b-be07-ad4dd0e43a58,PROVIDER,1000,itemstocksubmodel-api-asset@BPNL00000003AYRE,0ef26eaf-3d7c-479a-9a01-d5fa6d5cdd8e,67e839f5-8da5-48a6-a61f-15fb75d2f6bc,1791483695735,1791483699351,1791483699351,1,
098dc528-a679-404b-b716-7e496423aea9,PROVIDER,1000,DigitalTwinRegistryId@BPNL00000003AYRE,83673ffd-c48c-429a-b6c6-7e8dac70b874,310ccc3c-964d-464a-8aeb-2d1103d8ac2e,1791483696195,1791483699361,1791483699361,1,
e5c082c6-db5e-4d63-8bd4-d76609864fda,PROVIDER,1000,DigitalTwinRegistryId@BPNL00000003AYRE,83673ffd-c48c-429a-b6c6-7e8dac70b874,30c0c0ea-fdc5-47fd-9d32-d59422d502c6,1791483698308,1791483700709,1791483700709,1,
c8153199-a23e-443a-9ab6-94a4c46a593f,PROVIDER,1000,itemstocksubmodel-api-asset@BPNL00000003AYRE,0ef26eaf-3d7c-479a-9a01-d5fa6d5cdd8e,fb870cbe-3835-488e-abae-40d717cb56b1,1791483698393,1791483700700,1791483700700,1,
dbb9b6a6-4d0b-466c-8207-a3e8c2360de2,PROVIDER,1000,itemstocksubmodel-api-asset@BPNL00000003AYRE,0ef26eaf-3d7c-479a-9a01-d5fa6d5cdd8e,ebcbadb2-357a-4285-a743-f40e0b68d692,1791483698496,1791483702276,1791483702276,1,
990622f1-8ea3-47b5-8415-08265040e9eb,PROVIDER,1000,DigitalTwinRegistryId@BPNL00000003AYRE,83673ffd-c48c-429a-b6c6-7e8dac70b874,5dc7f7ec-3d9d-4cca-b6d9-c2c10d806752,1791483699535,1791483702288,1791483702288,1,
357bc286-d3da-4fa6-9c1c-d84b807dbda3,PROVIDER,1000,DigitalTwinRegistryId@BPNL00000003AYRE,83673ffd-c48c-429a-b6c6-7e8dac70b874,8b2608e8-9ede-49b0-9ba6-2b71b2f8cbc1,1791483700805,1791483704764,1791483704764,1,
3f499046-4fa2-4d7c-bdc5-71e8b7b6bb50,PROVIDER,1000,itemstocksubmodel-api-asset@BPNL00000003AYRE,0ef26eaf-3d7c-479a-9a01-d5fa6d5cdd8e,1c0df3eb-7660-48dd-aba1-0fc9ce67a406,1791483700930,1791483704774,1791483704774,1,
4c0b4a19-66de-492a-b366-d7879ec6a833,PROVIDER,1000,itemstocksubmodel-api-asset@BPNL00000003AYRE,0ef26eaf-3d7c-479a-9a01-d5fa6d5cdd8e,199488df-8c03-48c4-b297-0bf9438321a6,1791483701802,1791483704785,1791483704785,1,
644d669e-28ec-4b35-a063-d030225fe041,PROVIDER,1000,DigitalTwinRegistryId@BPNL00000003AYRE,83673ffd-c48c-429a-b6c6-7e8dac70b874,8fda4b79-828f-4627-8537-c05376044d89,1791483703698,1791483706593,1791483706593,1,
8a27d8fa-91e7-4b85-930c-8bf6ab270022,PROVIDER,1000,DigitalTwinRegistryId@BPNL00000003AYRE,83673ffd-c48c-429a-b6c6-7e8dac70b874,5f829463-ee22-4db1-9798-96da03f79c2b,1791483705012,1791483708430,1791483708430,1,
c2585fcb-46db-4dc0-bdea-ad54f332b158,PROVIDER,1000,itemstocksubmodel-api-asset@BPNL00000003AYRE,0ef26eaf-3d7c-479a-9a01-d5fa6d5cdd8e,8c080e2a-292a-4471-9b56-103a7d2b9e6c,1791483705030,1791483708419,1791483708419,1,
9339ae46-96d5-4203-a494-549335063b5f,PROVIDER,1000,DigitalTwinRegistryId@BPNL00000003AYRE,83673ffd-c48c-429a-b6c6-7e8dac70b874,8aaf056c-4c9d-4b28-813b-c0b49a5d4d5d,1791483705046,1791483708447,1791483708447,1,
838fd676-4551-4a05-ab87-ec2d3578b51b,PROVIDER,1000,itemstocksubmodel-api-asset@BPNL00000003AYRE,0ef26eaf-3d7c-479a-9a01-d5fa6d5cdd8e,9cb89d1f-fe18-4f23-82d0-78f3aea724ce,1791483705305,1791483708438,1791483708438,1,
4cfc2361-374b-4a12-a1f2-11deafe0ea25,PROVIDER,1000,DigitalTwinRegistryId@BPNL00000003AYRE,83673ffd-c48c-429a-b6c6-7e8dac70b874,ff33a288-6be3-4a5b-8715-17e5fd4bb04c,1791483706596,1791483710674,1791483710674,1,
de8c1bcd-1a17-4794-b837-94f3949a9d89,PROVIDER,1000,itemstocksubmodel-api-asset@BPNL00000003AYRE,0ef26eaf-3d7c-479a-9a01-d5fa6d5cdd8e,6484a8f0-bcda-4f6b-9ce0-76e81562bd01,1791483707536,1791483710662,1791483710662,1,
33a29f66-e1a7-4080-8255-811c1669b073,PROVIDER,1000,itemstocksubmodel-api-asset@BPNL00000003AYRE,0ef26eaf-3d7c-479a-9a01-d5fa6d5cdd8e,fd8ff868-d0c0-4bc6-a5c3-bcbb721857de,1791483707647,1791483710684,1791483710684,1,
546a6be0-6429-4217-81f4-354f2c743a91,PROVIDER,1000,DigitalTwinRegistryId@BPNL00000003AYRE,83673ffd-c48c-429a-b6c6-7e8dac70b874,7d735754-0b1a-4698-942e-9e70fd490254,1791483707753,1791483710694,1791483710694,1,
55db8825-6eb3-4366-8055-af6a025249d8,PROVIDER,1000,DigitalTwinRegistryId@BPNL00000003AYRE,83673ffd-c48c-429a-b6c6-7e8dac70b874,3ab76aee-3f7b-453b-83df-d06c9722abe0,1791483709636,1791483712451,1791483712451,1,
7affba1d-5da5-4696-83ea-b0389032794b,PROVIDER,1000,itemstocksubmodel-api-asset@BPNL00000003AYRE,0ef26eaf-3d7c-479a-9a01-d5fa6d5cdd8e,22840d44-0f56-4435-8f4e-ec3e8eba0d97,1791483709665,1791483712840,1791483712840,1,
a0dea46d-c7ab-4a44-b5c0-ffbb55e5643b,PROVIDER,1000,itemstocksubmodel-api-asset@BPNL00000003AYRE,0ef26eaf-3d7c-479a-9a01-d5fa6d5cdd8e,fe175319-6bcd-4cdc-9a58-f0d29ed7a34e,1791483709683,1791483712830,1791483712830,1,
142a4aa7-bd06-4af6-8ea3-524cd90a38e9,PROVIDER,1000,DigitalTwinRegistryId@BPNL00000003AYRE,83673ffd-c48c-429a-b6c6-7e8dac70b874,3d724fc3-d4e8-488d-abd1-5a940eb56da4,1791483710605,1791483712854,1791483712854,1,
e090f867-2675-4d05-9a3a-b7bc7e773f43,PROVIDER,1000,itemstocksubmodel-api-asset@BPNL00000003AYRE,0ef26eaf-3d7c-479a-9a01-d5fa6d5cdd8e,5e2b89aa-4a60-4021-8dca-079cc131d070,1791483711792,1791483714154,1791483714154,1,
086e2b8b-27a8-427b-b947-37a702440821,PROVIDER,1000,DigitalTwinRegistryId@BPNL00000003AYRE,83673ffd-c48c-429a-b6c6-7e8dac70b874,8fd179c7-cfa8-4414-bc66-ff4156304875,1791483711862,1791483714145,1791483714145,1,
d222b1ad-0e9d-4887-a81d-bd853a76dd5d,PROVIDER,1000,itemstocksubmodel-api-asset@BPNL00000003AYRE,0ef26eaf-3d7c-479a-9a01-d5fa6d5cdd8e,973bcdee-13ca-46fa-af1e-350b36f24888,1791483713394,1791483715814,1791483715814,1,
8f9eff4d-ef20-4820-a1a5-84c358b62575,PROVIDER,1000,DigitalTwinRegistryId@BPNL00000003AYRE,83673ffd-c48c-429a-b6c6-7e8dac70b874,a2a22bdc-4157-482a-91d2-884dc94c77f6,1791483714835,1791483719186,1791483719186,1,
95d2535d-1244-485a-88ed-e413467be39c,PROVIDER,1000,itemstocksubmodel-api-asset@BPNL00000003AYRE,0ef26eaf-3d7c-479a-9a01-d5fa6d5cdd8e,fafcf1cb-f4cb-4291-bd1f-73bd4a9874a6,1791483714863,1791483719197,1791483719197,1,
4e729c28-ace5-445e-ab8d-44be91cb6ede,PROVIDER,1000,DigitalTwinRegistryId@BPNL00000003AYRE,83673ffd-c48c-429a-b6c6-7e8dac70b874,1c8882cf-62c4-4a79-9ae4-6a92ab67a699,1791483715022,1791483719175,1791483719175,1,
c732ba90-c3ec-4110-8b5d-2aeb73ba59e3,PROVIDER,1000,DigitalTwinRegistryId@BPNL00000003AYRE,83673ffd-c48c-429a-b6c6-7e8dac70b874,3cf67158-6a14-4df9-94c6-16e47bd946c4,1791483716435,1791483720836,1791483720836,1,
1da6b218-40b8-4f83-82ea-fb55ba711d97,PROVIDER,1000,itemstocksubmodel-api-asset@BPNL00000003AYRE,0ef26eaf-3d7c-479a-9a01-d5fa6d5cdd8e,ef721fc9-d2bf-4dff-af21-2e765b536273,1791483716543,1791483720850,1791483720850,1,
15ea7e90-2846-44ef-9315-947ddf4521c2,PROVIDER,1000,itemstocksubmodel-api-asset@BPNL00000003AYRE,0ef26eaf-3d7c-479a-9a01-d5fa6d5cdd8e,14e7769e-e121-4f19-83b9-dad61d6dd46d,1791483716838,1791483720861,1791483720861,1,
69d4df1c-8a19-4c4d-bcb2-f9e3ecc56ca4,PROVIDER,1000,DigitalTwinRegistryId@BPNL00000003AYRE,83673ffd-c48c-429a-b6c6-7e8dac70b874,24fa3521-d501-4db6-b9b2-820ec3de29a4,1791483717839,1791483721213,1791483721213,1,
8b4435e3-7933-4df6-aed9-a6a73f12e4a1,PROVIDER,1000,DigitalTwinRegistryId@BPNL00000003AYRE,83673ffd-c48c-429a-b6c6-7e8dac70b874,5c0a5da7-5994-4ea7-919b-f12f1d3faef5,1791483719620,1791483721617,1791483721617,1,
1cbde72d-7ac3-429f-ba0b-0c607ce9e8a3,PROVIDER,1000,itemstocksubmodel-api-asset@BPNL00000003AYRE,0ef26eaf-3d7c-479a-9a01-d5fa6d5cdd8e,3ebd75bc-a63e-4e2d-a50b-c67256f6097d,1791483719674,1791483721588,1791483721588,1,
81f05ccc-a874-475f-b729-e44dd6c61068,PROVIDER,1000,DigitalTwinRegistryId@BPNL00000003AYRE,83673ffd-c48c-429a-b6c6-7e8dac70b874,c75b5f4f-2862-4f3c-9837-f8459ef799be,1791483720600,1791483723972,1791483723972,1,
42e46618-7dbb-41fa-8b02-d8ce80ed8725,PROVIDER,1000,itemstocksubmodel-api-asset@BPNL00000003AYRE,0ef26eaf-3d7c-479a-9a01-d5fa6d5cdd8e,b069ccea-8131-4f88-9e8e-169a18bc8e46,1791483720998,1791483723985,1791483723985,1,
bcf568bc-d24e-48f9-9e98-c6653750c9f4,PROVIDER,1000,itemstocksubmodel-api-asset@BPNL00000003AYRE,0ef26eaf-3d7c-479a-9a01-d5fa6d5cdd8e,6a65d47c-a77a-4fd7-a0a5-112790d450d6,1791483722698,1791483726056,1791483726056,1,
b58bbd21-db41-43a9-a48b-2586469aa6a3,PROVIDER,1000,DigitalTwinRegistryId@BPNL00000003AYRE,83673ffd-c48c-429a-b6c6-7e8dac70b874,177a20f1-018d-473f-a2fa-a6f52dd13363,1791483724730,1791483728098,1791483728098,1,
03c5a768-f820-40f7-8553-16023e538c5b,PROVIDER,1000,itemstocksubmodel-api-asset@BPNL00000003AYRE,0ef26eaf-3d7c-479a-9a01-d5fa6d5cdd8e,f2a0bb40-19ce-43df-8e13-cb7e125d5258,1791483724753,1791483728086,1791483728086,1,
bdf99e67-43a3-41c8-baea-8d3ba435e233,PROVIDER,1000,DigitalTwinRegistryId@BPNL00000003AYRE,83673ffd-c48c-429a-b6c6-7e8dac70b874,12dd44b5-e53d-4d82-9de8-3c9e3ee64476,1791483724833,1791483728107,1791483728107,1,
ea0c22d5-ae03-4110-8d33-b9ca80dbe5b0,PROVIDER,1000,DigitalTwinRegistryId@BPNL00000003AYRE,83673ffd-c48c-429a-b6c6-7e8dac70b874,c96c3bde-7fde-4e32-8d0b-3cf5d429d83a,1791483725804,1791483729642,1791483729642,1,
5a9d9435-acf1-41c0-b4bb-2d19bdeb4dfa,PROVIDER,1000,DigitalTwinRegistryId@BPNL00000003AYRE,83673ffd-c48c-429a-b6c6-7e8dac70b874,fef3fab0-5e79-44b9-82a9-65477b3e70d6,1791483726600,1791483729650,1791483729650,1,
b51d91cf-9486-4f44-9a8e-126f8da23696,PROVIDER,1000,itemstocksubmodel-api-asset@BPNL00000003AYRE,0ef26eaf-3d7c-479a-9a01-d5fa6d5cdd8e,379002f8-d13a-45d0-95ee-fc940b387c80,1791483728698,1791483731554,1791483731554,1,
640c1b89-218e-4fd2-9030-e17ddc06a9b4,PROVIDER,1000,itemstocksubmodel-api-asset@BPNL00000003AYRE,0ef26eaf-3d7c-479a-9a01-d5fa6d5cdd8e,299bd8d0-554a-4900-b67e-56d528841c00,1791483728802,1791483731541,1791483731541,1,
79eef35a-6577-47f8-bdbd-fa26167a9296,PROVIDER,1000,DigitalTwinRegistryId@BPNL00000003AYRE,83673ffd-c48c-429a-b6c6-7e8dac70b874,c6340062-d4bc-4187-a6ab-83ad5b2d5994,1791483728868,1791483731605,1791483731605,1,
d9ddee4d-24f5-4d3e-bceb-1123b32299e6,PROVIDER,1000,itemstocksubmodel-api-asset@BPNL00000003AYRE,0ef26eaf-3d7c-479a-9a01-d5fa6d5cdd8e,a21808c7-61ca-461a-beb9-96d1691d6c85,1791483730524,1791483734106,1791483734106,1,
0952e569-dda7-4b81-923f-596b750b5c2f,PROVIDER,1000,itemstocksubmodel-api-asset@BPNL00000003AYRE,0ef26eaf-3d7c-479a-9a01-d5fa6d5cdd8e,758049f4-c99b-449f-a60f-c69beb7f23be,1791483730549,1791483734125,1791483734125,1,
ffaa7e73-a52e-4a8e-ab2a-cb1b714580d4,PROVIDER,1000,DigitalTwinRegistryId@BPNL00000003AYRE,83673ffd-c48c-429a-b6c6-7e8dac70b874,fd660643-bc17-474a-a518-44eb3d0c8283,1791483730558,1791483734118,1791483734118,1,
00f6c5a2-f644-42d1-ae50-5fe11dffc6a6,PROVIDER,1000,DigitalTwinRegistryId@BPNL00000003AYRE,83673ffd-c48c-429a-b6c6-7e8dac70b874,d7d827d2-3f8b-46b5-81fe-d44585f5e227,1791483732330,1791483736064,1791483736064,1,
f1eaa514-34f8-4216-adc6-357a7eb27ee9,PROVIDER,1000,itemstocksubmodel-api-asset@BPNL00000003AYRE,0ef26eaf-3d7c-479a-9a01-d5fa6d5cdd8e,d18799d6-7aae-4af3-8aaa-049d8b39d7b3,1791483732532,1791483736081,1791483736081,1,
6757d1e6-6e40-481c-8ecd-5ad12f38e7a3,PROVIDER,1000,DigitalTwinRegistryId@BPNL00000003AYRE,83673ffd-c48c-429a-b6c6-7e8dac70b874,109e7667-13e4-4ec0-9091-c51c464f6607,1791483734645,1791483738394,1791483738394,1,
ed4db8b5-abcb-457b-a758-76550bc19def,PROVIDER,1000,itemstocksubmodel-api-asset@BPNL00000003AYRE,0ef26eaf-3d7c-479a-9a01-d5fa6d5cdd8e,713d39b7-7d5c-4608-b0e7-ca07e782470a,1791483734657,1791483737893,1791483737893,1,
338eb407-7f8d-4a64-b5ed-7732af386edb,PROVIDER,1000,DigitalTwinRegistryId@BPNL00000003AYRE,83673ffd-c48c-429a-b6c6-7e8dac70b874,a9466d4b-b246-4d95-be46-33b0f621671b,1791483734682,1791483737949,1791483737949,1,
04fe0524-9ef0-4799-a0ae-12267d782a5a,PROVIDER,1000,itemstocksubmodel-api-asset@BPNL00000003AYRE,0ef26eaf-3d7c-479a-9a01-d5fa6d5cdd8e,a4fce5b6-94e3-4b4c-a53e-992b1a2e5b91,1791483735173,1791483737915,1791483737915,1,
2b76a22a-e444-4b27-ac86-fba1c4c4d7fb,PROVIDER,1000,DigitalTwinRegistryId@BPNL00000003AYRE,83673ffd-c48c-429a-b6c6-7e8dac70b874,cc8dd818-710a-4905-8f3d-af50d3988275,1791483735235,1791483738414,1791483738414,1,
d903c06b-de86-44ac-9735-756a02f911b5,PROVIDER,1000,DigitalTwinRegistryId@BPNL00000003AYRE,83673ffd-c48c-429a-b6c6-7e8dac70b874,bfb6ddc2-42ac-496c-aaaa-963299453643,1791483736713,1791483739868,1791483739868,1,
1644d1d9-1d8d-42f6-b9f9-d20c5c9cc292,PROVIDER,1000,itemstocksubmodel-api-asset@BPNL00000003AYRE,0ef26eaf-3d7c-479a-9a01-d5fa6d5cdd8e,0d44726a-8b55-4bde-819d-4a945707f1bd,1791483737797,1791483739877,1791483739877,1,
1b70007f-cc67-4f73-9f2a-2bc65a40b2ce,PROVIDER,1000,DigitalTwinRegistryId@BPNL00000003AYRE,83673ffd-c48c-429a-b6c6-7e8dac70b874,ba1666f0-6511-49b4-8b7a-d77ed1ad6518,1791483737917,1791483739886,1791483739886,1,
5ce9121e-185f-42fc-9efe-ddb018ced500,PROVIDER,1000,itemstocksubmodel-api-asset@BPNL00000003AYRE,0ef26eaf-3d7c-479a-9a01-d5fa6d5cdd8e,568abeb5-c8f9-45fa-912b-af9936257fff,1791483739419,1791483741587,1791483741587,1,
2e5d85de-fb99-43b9-a8e1-def91697f957,PROVIDER,1000,itemstocksubmodel-api-asset@BPNL00000003AYRE,0ef26eaf-3d7c-479a-9a01-d5fa6d5cdd8e,e83541ef-c468-4ade-a49c-963200498c36,1791483739460,1791483741595,1791483741595,1,
a78a9e16-1b7d-4c33-875a-669d5fa932bb,PROVIDER,1000,DigitalTwinRegistryId@BPNL00000003AYRE,83673ffd-c48c-429a-b6c6-7e8dac70b874,9aa9fdaa-963b-4f56-b919-5274e68e77c3,1791483740838,1791483746759,1791483746759,1,
e46dc72f-1681-4178-8f9d-ea0af0fa0de0,PROVIDER,1000,itemstocksubmodel-api-asset@BPNL00000003AYRE,0ef26eaf-3d7c-479a-9a01-d5fa6d5cdd8e,d3085527-01b3-459d-83a6-fff16cd55f01,1791483740850,1791483746769,1791483746769,1,
7f19dabd-53ae-43c5-a357-4bcb7b521aeb,PROVIDER,1000,itemstocksubmodel-api-asset@BPNL00000003AYRE,0ef26eaf-3d7c-479a-9a01-d5fa6d5cdd8e,72c87f9e-ab12-4591-967c-af25a7eaf6c6,1791483740936,1791483746750,1791483746750,1,
65163a94-b73f-478c-95ee-d9451492ca62,PROVIDER,1000,DigitalTwinRegistryId@BPNL00000003AYRE,83673ffd-c48c-429a-b6c6-7e8dac70b874,5016b021-f8ec-4ee7-bee5-42d9fd4a4e2b,1791483741493,1791483744133,1791483744133,1,"{""@type"":""TransferError"",""code"":""409"",""reason"":[""Entity 5016b021-f8ec-4ee7-bee5-42d9fd4a4e2b of kind edc_transfer_process is currently leased!""],""@context"":[""https://w3id.org/tractusx/auth/v1.0.0"",""https://w3id.org/catenax/2025/9/policy/context.jsonld"",""https://w3id.org/dspace/2025/1/context.jsonld"""
ce917d95-e014-43fe-bc1e-7e1af2fe3f26,PROVIDER,1000,DigitalTwinRegistryId@BPNL00000003AYRE,83673ffd-c48c-429a-b6c6-7e8dac70b874,5b749873-3a57-407a-b364-3698e0d0964a,1791483744689,1791483748341,1791483748341,1,
506eaa8d-7067-4465-8ea8-da4c5064e2a3,PROVIDER,1000,DigitalTwinRegistryId@BPNL00000003AYRE,83673ffd-c48c-429a-b6c6-7e8dac70b874,8a50d60a-e19e-42d4-986d-b9f2dac9a169,1791483744769,1791483748348,1791483748348,1,
7f7725e7-2c2c-4e4a-87d5-5761dc7c6490,PROVIDER,1000,DigitalTwinRegistryId@BPNL00000003AYRE,83673ffd-c48c-429a-b6c6-7e8dac70b874,7f2aeaae-d1c2-466e-998b-52cf96784599,1791483747538,1791483752358,1791483752358,1,
aaa55603-477b-42e1-9d73-de34acee55c0,PROVIDER,1000,itemstocksubmodel-api-asset@BPNL00000003AYRE,0ef26eaf-3d7c-479a-9a01-d5fa6d5cdd8e,8dbe6e6b-67be-40c8-926e-7769fa4a966c,1791483747638,1791483749745,1791483749745,1,
48325473-9064-4637-8624-8cf3c3eb0e36,PROVIDER,1000,DigitalTwinRegistryId@BPNL00000003AYRE,83673ffd-c48c-429a-b6c6-7e8dac70b874,5a79b251-2aee-4741-b614-f7d5e7724107,1791483747649,1791483752370,1791483752370,1,
429f7141-e003-4116-836d-76c87e44730c,PROVIDER,1000,itemstocksubmodel-api-asset@BPNL00000003AYRE,0ef26eaf-3d7c-479a-9a01-d5fa6d5cdd8e,ee0ab319-90b7-4745-840a-6173ec06b2da,1791483749221,1791483752380,1791483752380,1,
72861101-e7a4-4bd0-93ec-adfd88cb1111,PROVIDER,1000,DigitalTwinRegistryId@BPNL00000003AYRE,83673ffd-c48c-429a-b6c6-7e8dac70b874,699c8a37-f2f4-4b26-b82d-efd8593b34cb,1791483749231,1791483752390,1791483752390,1,
2850e852-faeb-4c94-bb42-c46c5b88c544,PROVIDER,1000,itemstocksubmodel-api-asset@BPNL00000003AYRE,0ef26eaf-3d7c-479a-9a01-d5fa6d5cdd8e,55e618cc-a3cb-4fa9-b3c0-34fe643d0ce6,1791483749259,1791483752399,1791483752399,1,
fa2ee8fc-9b71-42fe-a317-6deab76920f6,PROVIDER,1000,DigitalTwinRegistryId@BPNL00000003AYRE,83673ffd-c48c-429a-b6c6-7e8dac70b874,67bff76b-2789-4361-88d8-316cef351464,1791483750595,1791483760669,1791483760669,1,
e9d45a7b-4854-49df-bb2a-d5cf13e081d9,PROVIDER,1000,itemstocksubmodel-api-asset@BPNL00000003AYRE,0ef26eaf-3d7c-479a-9a01-d5fa6d5cdd8e,3009109c-5e25-4312-a407-a28393621b52,1791483757902,1791483766752,1791483766752,1,
8e2d4220-b50c-4f23-bd0b-e4c3ee7758c4,PROVIDER,1000,itemstocksubmodel-api-asset@BPNL00000003AYRE,0ef26eaf-3d7c-479a-9a01-d5fa6d5cdd8e,97f74b59-8d66-47d2-8472-7b8ecbba209f,1791483758000,1791483768617,1791483768617,1,
eabdd7e6-5c02-49e1-a956-e2842385ec71,PROVIDER,1000,DigitalTwinRegistryId@BPNL00000003AYRE,83673ffd-c48c-429a-b6c6-7e8dac70b874,855d11b7-9ee0-47b2-9ee8-2f2d5be89c23,1791483758704,1791483768549,1791483768549,1,
12f939bd-2f8f-4380-afd3-acea0392b680,PROVIDER,1000,itemstocksubmodel-api-asset@BPNL00000003AYRE,0ef26eaf-3d7c-479a-9a01-d5fa6d5cdd8e,cf5e2f81-89bf-4043-aa72-87424977d4db,1791483758808,1791483768536,1791483768536,1,
85fe7760-095c-453a-bcac-98931df317a8,PROVIDER,1000,DigitalTwinRegistryId@BPNL00000003AYRE,83673ffd-c48c-429a-b6c6-7e8dac70b874,89504056-3632-4acd-b599-715103285850,1791483759229,1791483769033,1791483769033,1,
c118b03c-37e7-49b1-b1dd-c94d3131099f,PROVIDER,1000,itemstocksubmodel-api-asset@BPNL00000003AYRE,0ef26eaf-3d7c-479a-9a01-d5fa6d5cdd8e,73d311ff-ed91-40dd-9ef5-30f7d212773a,1791483759508,1791483769046,1791483769046,1,
52acdd20-8598-43d7-8e5b-7614cc1b2783,PROVIDER,1000,DigitalTwinRegistryId@BPNL00000003AYRE,83673ffd-c48c-429a-b6c6-7e8dac70b874,5db81577-bbec-49fc-af60-ff9b8c24f4b4,1791483765247,1791483779767,1791483779767,1,
396dff3c-d55b-4f9f-b5a6-8d6d4e38336c,PROVIDER,1000,DigitalTwinRegistryId@BPNL00000003AYRE,83673ffd-c48c-429a-b6c6-7e8dac70b874,6c1720b8-5f97-4f16-b1bf-4b300802c810,1791483765528,1791483779721,1791483779721,1,
801aade6-ff0f-40a7-92ca-6b8cd852c0b0,PROVIDER,1000,DigitalTwinRegistryId@BPNL00000003AYRE,83673ffd-c48c-429a-b6c6-7e8dac70b874,0fbc1fc5-84ed-4728-9e4b-603b681e2245,1791483765645,1791483779753,1791483779753,1,
ea0083b1-81bc-4299-8ac9-2dedf13d753f,PROVIDER,1000,DigitalTwinRegistryId@BPNL00000003AYRE,83673ffd-c48c-429a-b6c6-7e8dac70b874,7b3932d2-ef03-401e-a672-ce455f52733e,1791483765843,1791483779777,1791483779777,1,
a9c872b3-351f-47d0-b5eb-63aee3005607,PROVIDER,1000,DigitalTwinRegistryId@BPNL00000003AYRE,83673ffd-c48c-429a-b6c6-7e8dac70b874,487453e4-47f4-4f03-89d4-a344f75f76e1,1791483765944,1791483779797,1791483779797,1,
d44e0a9c-38f4-4044-b153-40d70279c339,PROVIDER,1000,DigitalTwinRegistryId@BPNL00000003AYRE,83673ffd-c48c-429a-b6c6-7e8dac70b874,a7765468-037c-42ea-9634-e822e61a4369,1791483766038,1791483779787,1791483779787,1,
02e0e3d3-2dd3-4909-8618-a59cf4e195fb,PROVIDER,1000,itemstocksubmodel-api-asset@BPNL00000003AYRE,0ef26eaf-3d7c-479a-9a01-d5fa6d5cdd8e,f55e9f43-d03c-4045-80f9-7830fc0a0b58,1791483774042,1791483797235,1791483797235,1,
f8fa85de-a653-4ce6-9ea5-bc91d40337b3,PROVIDER,1000,DigitalTwinRegistryId@BPNL00000003AYRE,83673ffd-c48c-429a-b6c6-7e8dac70b874,d09fcc57-5794-4ca2-b956-52143da6e1f2,1791483774157,1791483797303,1791483797303,1,
4ed9d696-e126-41d2-8599-36f13dfb176a,PROVIDER,1000,itemstocksubmodel-api-asset@BPNL00000003AYRE,0ef26eaf-3d7c-479a-9a01-d5fa6d5cdd8e,4305a957-7354-457b-ad69-5f1c5fa60f51,1791483774397,1791483797403,1791483797403,1,
998cea9b-7a1a-4c58-aa8f-4f7c8f24c74d,PROVIDER,1000,DigitalTwinRegistryId@BPNL00000003AYRE,83673ffd-c48c-429a-b6c6-7e8dac70b874,88a09447-5963-4b10-84d2-74fd0a2d32bd,1791483774736,1791483779743,1791483779743,1,"{""@type"":""TransferError"",""code"":""409"",""reason"":[""Entity 88a09447-5963-4b10-84d2-74fd0a2d32bd of kind edc_transfer_process is currently leased!""],""@context"":[""https://w3id.org/tractusx/auth/v1.0.0"",""https://w3id.org/catenax/2025/9/policy/context.jsonld"",""https://w3id.org/dspace/2025/1/context.jsonld"""
2743b2d3-be7e-4884-ae90-0bb080dc6ecf,PROVIDER,1000,DigitalTwinRegistryId@BPNL00000003AYRE,83673ffd-c48c-429a-b6c6-7e8dac70b874,e5c4f452-3a48-4d14-a6b4-8d812254fb5c,1791483774936,1791483797534,1791483797534,1,
78dbd9eb-86c4-4ffd-9930-a67526917960,PROVIDER,1000,DigitalTwinRegistryId@BPNL00000003AYRE,83673ffd-c48c-429a-b6c6-7e8dac70b874,68cf24b2-faf9-48d1-873c-de9b115f05f3,1791483775210,1791483799507,1791483799507,1,
362dab5e-4413-40c7-aabb-e8fb4276f505,PROVIDER,1000,DigitalTwinRegistryId@BPNL00000003AYRE,83673ffd-c48c-429a-b6c6-7e8dac70b874,00b53c9f-60f7-4e7f-8184-6cdd607921f0,1791483775437,1791483797549,1791483797549,1,
f4fef580-3547-4600-bfb0-8cecbc7a074c,PROVIDER,1000,itemstocksubmodel-api-asset@BPNL00000003AYRE,0ef26eaf-3d7c-479a-9a01-d5fa6d5cdd8e,c44253a5-b776-4486-8f7f-d36a6a3f7dae,1791483788146,1791483799518,1791483799518,1,
734bab79-089c-4ff3-ae3f-e534ea566cfe,PROVIDER,1000,DigitalTwinRegistryId@BPNL00000003AYRE,83673ffd-c48c-429a-b6c6-7e8dac70b874,583233d3-f624-4e81-b111-0f09cbb67030,1791483788334,1791483798904,1791483798904,1,
1e8e86e8-852e-4978-b5a8-44ff72c1110e,PROVIDER,1000,itemstocksubmodel-api-asset@BPNL00000003AYRE,0ef26eaf-3d7c-479a-9a01-d5fa6d5cdd8e,b5f2d549-ef27-42c5-ba51-a53322194c92,1791483788561,1791483798855,1791483798855,1,
c6e29977-5442-4135-b7fd-41abf82ad718,PROVIDER,1000,itemstocksubmodel-api-asset@BPNL00000003AYRE,0ef26eaf-3d7c-479a-9a01-d5fa6d5cdd8e,32f00b9e-7859-4cb2-b76f-e53cda902000,1791483788821,1791483793317,1791483793317,1,"{""@type"":""TransferError"",""code"":""409"",""reason"":[""Entity 32f00b9e-7859-4cb2-b76f-e53cda902000 of kind edc_transfer_process is currently leased!""],""@context"":[""https://w3id.org/tractusx/auth/v1.0.0"",""https://w3id.org/catenax/2025/9/policy/context.jsonld"",""https://w3id.org/dspace/2025/1/context.jsonld"""
cf5fbf18-d348-48ae-99ba-52c52c3ab238,PROVIDER,1000,itemstocksubmodel-api-asset@BPNL00000003AYRE,0ef26eaf-3d7c-479a-9a01-d5fa6d5cdd8e,8919319c-f40d-4ac8-ad2d-d2e485cb1b95,1791483789845,1791483798934,1791483798934,1,
5b99e48f-6e92-4697-9689-8904a20906fa,PROVIDER,1000,itemstocksubmodel-api-asset@BPNL00000003AYRE,0ef26eaf-3d7c-479a-9a01-d5fa6d5cdd8e,03614df1-5d7b-48b3-b564-63b69251f879,1791483790040,1791483799528,1791483799528,1,
235601d4-2904-4865-8de4-0155ff399a8c,PROVIDER,1000,DigitalTwinRegistryId@BPNL00000003AYRE,83673ffd-c48c-429a-b6c6-7e8dac70b874,62bafac1-9265-4336-acd7-eee72394bfa3,1791483790438,1791483799537,1791483799537,1,
99d511b2-7701-4054-9c78-ce077d723e6e,PROVIDER,1000,itemstocksubmodel-api-asset@BPNL00000003AYRE,0ef26eaf-3d7c-479a-9a01-d5fa6d5cdd8e,bd1b8422-14d1-4abd-90b6-1138c3804f7b,1791483790445,1791483799562,1791483799562,1,
e9f36822-2cf3-48ec-a31a-4d5493b3643a,PROVIDER,1000,DigitalTwinRegistryId@BPNL00000003AYRE,83673ffd-c48c-429a-b6c6-7e8dac70b874,3330eab7-0cda-4ee3-bdc9-dd122ae9a9dc,1791483790634,1791483799548,1791483799548,1,
802983cd-cb09-485f-97a5-340e3013e8cc,PROVIDER,1000,DigitalTwinRegistryId@BPNL00000003AYRE,83673ffd-c48c-429a-b6c6-7e8dac70b874,492998a8-7aae-4172-887a-62ca1aba3f8a,1791483790951,1791483830245,1791483830245,1,
69b59a0c-c1c3-453c-a5e9-e040937627d6,PROVIDER,1000,DigitalTwinRegistryId@BPNL00000003AYRE,83673ffd-c48c-429a-b6c6-7e8dac70b874,6c00c27f-cc35-4d9c-b265-f7b479302b7e,1791483791344,1791483799578,1791483799578,1,
feec77c6-a5f5-46ba-87ad-02370dc14f4a,PROVIDER,1000,DigitalTwinRegistryId@BPNL00000003AYRE,83673ffd-c48c-429a-b6c6-7e8dac70b874,6f34b586-7b11-406f-8bd7-2bda97c5936f,1791483791729,1791483831804,1791483831804,1,
e501505f-d9f1-46bf-a352-35fad57b4b11,PROVIDER,1000,itemstocksubmodel-api-asset@BPNL00000003AYRE,0ef26eaf-3d7c-479a-9a01-d5fa6d5cdd8e,2e795a26-9a56-4bf7-bed3-27afa75a4e74,1791483792232,1791483831848,1791483831848,1,
aa8138a1-d911-4ebf-8060-0c4ba08eccaa,PROVIDER,1000,itemstocksubmodel-api-asset@BPNL00000003AYRE,0ef26eaf-3d7c-479a-9a01-d5fa6d5cdd8e,3baab41b-a9a3-4278-a608-790e996b6a2d,1791483792501,1791483832541,1791483832541,1,
fdabcd15-eea1-43c8-81ac-d556cd3975d3,PROVIDER,1000,DigitalTwinRegistryId@BPNL00000003AYRE,83673ffd-c48c-429a-b6c6-7e8dac70b874,2166639c-bda7-468f-9c21-186e8c079b56,1791483793017,1791483835133,1791483835133,1,
dd6ab726-3c51-4a36-8035-4254bc186e4b,PROVIDER,1000,DigitalTwinRegistryId@BPNL00000003AYRE,83673ffd-c48c-429a-b6c6-7e8dac70b874,274d2751-3169-46c5-bf11-b1e8db609506,1791483817637,1791483835351,1791483835351,1,
d45564ac-5ba2-494c-9a45-21637bffd2e9,PROVIDER,1000,itemstocksubmodel-api-asset@BPNL00000003AYRE,0ef26eaf-3d7c-479a-9a01-d5fa6d5cdd8e,6c6bb153-bd59-4977-b102-ff489bc1e7cb,1791483817804,1791483835144,1791483835144,1,
e6f6642f-4d7b-430e-a837-4cff0c5bac8c,PROVIDER,1000,itemstocksubmodel-api-asset@BPNL00000003AYRE,0ef26eaf-3d7c-479a-9a01-d5fa6d5cdd8e,bed1be38-a4e4-4688-af79-4dba1c609c3b,1791483818046,1791483835255,1791483835255,1,
a35600ed-bf77-43cc-a171-ddc49e6632f7,PROVIDER,1000,DigitalTwinRegistryId@BPNL00000003AYRE,83673ffd-c48c-429a-b6c6-7e8dac70b874,11684a89-6d69-4c1f-b72a-97d0f79dd7e3,1791483818237,1791483835236,1791483835236,1,
e4ea79b5-9233-4653-b23b-d2e5efc09a98,PROVIDER,1000,DigitalTwinRegistryId@BPNL00000003AYRE,83673ffd-c48c-429a-b6c6-7e8dac70b874,69cd6d4f-e163-42ba-9ee2-404e18d190e4,1791483818842,1791483835338,1791483835338,1,
e921a387-52af-4825-a92b-63eee462559b,PROVIDER,1000,DigitalTwinRegistryId@BPNL00000003AYRE,83673ffd-c48c-429a-b6c6-7e8dac70b874,dcf53b47-000d-4e01-9032-93a03e1187a3,1791483818935,1791483837434,1791483837434,1,
ca9865bb-36f7-4335-80e0-f482cc5ae740,PROVIDER,1000,DigitalTwinRegistryId@BPNL00000003AYRE,83673ffd-c48c-429a-b6c6-7e8dac70b874,b59aef6a-0e0d-4ff8-a91c-d4b76ed0da50,1791483821032,1791483837605,1791483837605,1,
60085518-4c9a-458e-bbdc-d3ac3941eb93,PROVIDER,1000,DigitalTwinRegistryId@BPNL00000003AYRE,83673ffd-c48c-429a-b6c6-7e8dac70b874,d9fad867-c1ce-4d21-936c-7abdfb9abbcb,1791483821242,1791483837735,1791483837735,1,
6ef3dbef-e5ce-4cd5-91c7-6d509adf5781,PROVIDER,1000,DigitalTwinRegistryId@BPNL00000003AYRE,83673ffd-c48c-429a-b6c6-7e8dac70b874,2a66ac49-3048-4bea-9a30-eae48312255f,1791483821636,1791483839622,1791483839622,1,
210e7794-4939-4d4f-a6eb-5e831876f7d6,PROVIDER,1000,DigitalTwinRegistryId@BPNL00000003AYRE,83673ffd-c48c-429a-b6c6-7e8dac70b874,022fc271-8644-4030-8d7f-cc62dd4c9d78,1791483822328,1791483839632,1791483839632,1,
df65074c-793a-4222-b263-e1b3729259ee,PROVIDER,1000,DigitalTwinRegistryId@BPNL00000003AYRE,83673ffd-c48c-429a-b6c6-7e8dac70b874,20477d8e-1ecd-4b7b-9926-84b2c1ad3808,1791483822729,1791483837936,1791483837936,1,
e4bb1c39-619b-498d-ae62-09e8fff7700f,PROVIDER,1000,itemstocksubmodel-api-asset@BPNL00000003AYRE,0ef26eaf-3d7c-479a-9a01-d5fa6d5cdd8e,b205d296-c492-4910-9adf-6ee3b5ef3ba1,1791483824270,1791483839655,1791483839655,1,
8ffd94a4-047e-448d-8e28-de939e647027,PROVIDER,1000,DigitalTwinRegistryId@BPNL00000003AYRE,83673ffd-c48c-429a-b6c6-7e8dac70b874,a383e8a4-ab27-42c8-a775-0f8750ddc78f,1791483825305,1791483839644,1791483839644,1,
2e851168-a908-4797-b05b-2e3e7051b74a,PROVIDER,1000,DigitalTwinRegistryId@BPNL00000003AYRE,83673ffd-c48c-429a-b6c6-7e8dac70b874,58674e40-09a4-47d6-83eb-0c9f62b8bfe3,1791483825838,1791483901049,1791483901049,1,
49ae6beb-b134-4c49-88db-6ed9d3c904ae,PROVIDER,1000,DigitalTwinRegistryId@BPNL00000003AYRE,83673ffd-c48c-429a-b6c6-7e8dac70b874,b990ea8a-3b3e-44a8-a4c4-0cf701c89de1,1791483826204,1791483902449,1791483902449,1,
6aa67ebd-5dcb-41a0-b0e8-b1f0325f9c57,PROVIDER,1000,itemstocksubmodel-api-asset@BPNL00000003AYRE,0ef26eaf-3d7c-479a-9a01-d5fa6d5cdd8e,d89bcdad-d202-48ff-8709-aee793eff7c2,1791483826443,1791483902847,1791483902847,1,
4f9dd470-9258-45fb-b0fe-f1bff0376c33,PROVIDER,1000,itemstocksubmodel-api-asset@BPNL00000003AYRE,0ef26eaf-3d7c-479a-9a01-d5fa6d5cdd8e,bde565d1-c1d1-420e-8c73-bd4aeb2d3567,1791483826746,1791483905263,1791483905263,1,
2c3c48e9-5de7-499b-90e3-f32c5333793a,PROVIDER,1000,itemstocksubmodel-api-asset@BPNL00000003AYRE,0ef26eaf-3d7c-479a-9a01-d5fa6d5cdd8e,ac42fe66-d0ff-4bc8-aebb-bb192c3bfde3,1791483826849,1791483903359,1791483903359,1,
a6a7c5c1-3ee0-4bb2-a8dd-f6a73ac979bb,PROVIDER,1000,itemstocksubmodel-api-asset@BPNL00000003AYRE,0ef26eaf-3d7c-479a-9a01-d5fa6d5cdd8e,100cecdc-d21e-49af-a71d-35c3b5798373,1791483827434,1791483904604,1791483904604,1,
472de996-fb44-4f3b-8ddf-f037a027babd,PROVIDER,1000,itemstocksubmodel-api-asset@BPNL00000003AYRE,0ef26eaf-3d7c-479a-9a01-d5fa6d5cdd8e,b9a11339-d634-44b1-9370-4948b8a98c69,1791483827836,1791483831734,1791483831734,1,"{""@type"":""TransferError"",""code"":""409"",""reason"":[""Entity b9a11339-d634-44b1-9370-4948b8a98c69 of kind edc_transfer_process is currently leased!""],""@context"":[""https://w3id.org/tractusx/auth/v1.0.0"",""https://w3id.org/catenax/2025/9/policy/context.jsonld"",""https://w3id.org/dspace/2025/1/context.jsonld"""
bac36b37-9422-492a-98cf-932ac8734a31,PROVIDER,1000,DigitalTwinRegistryId@BPNL00000003AYRE,83673ffd-c48c-429a-b6c6-7e8dac70b874,5bc1da13-fdee-4ecc-bca0-01ddd5d46320,1791483879736,1791483905279,1791483905279,1,
6382aebc-9a44-4471-acf1-2233c2bceb4a,PROVIDER,1000,itemstocksubmodel-api-asset@BPNL00000003AYRE,0ef26eaf-3d7c-479a-9a01-d5fa6d5cdd8e,9e11da2b-8dbb-439f-9c27-badca59ccf60,1791483880136,1791483908064,1791483908064,1,
f25dbee7-206d-4514-aa35-b5498b47e8b4,PROVIDER,1000,DigitalTwinRegistryId@BPNL00000003AYRE,83673ffd-c48c-429a-b6c6-7e8dac70b874,d632b3ea-2a4c-45d4-a4ee-4a7a8e2d3eb6,1791483882332,1791483908236,1791483908236,1,
781a1170-e180-49e3-9ae5-b70c5ea9b36e,PROVIDER,1000,DigitalTwinRegistryId@BPNL00000003AYRE,83673ffd-c48c-429a-b6c6-7e8dac70b874,127a94c4-d966-4cd0-a684-5bc5203f3297,1791483882636,1791483905320,1791483905320,1,
632e3301-e5b5-41b4-a1dd-699d08ed8fc6,PROVIDER,1000,DigitalTwinRegistryId@BPNL00000003AYRE,83673ffd-c48c-429a-b6c6-7e8dac70b874,2a9a7b56-a633-42f2-ad00-ab0bc45ebb9b,1791483883425,1791483888804,1791483888804,1,"{""@type"":""TransferError"",""code"":""409"",""reason"":[""Entity 2a9a7b56-a633-42f2-ad00-ab0bc45ebb9b of kind edc_transfer_process is currently leased!""],""@context"":[""https://w3id.org/tractusx/auth/v1.0.0"",""https://w3id.org/catenax/2025/9/policy/context.jsonld"",""https://w3id.org/dspace/2025/1/context.jsonld"""
5efa4a04-53e7-40ce-9baf-11070853d080,PROVIDER,1000,DigitalTwinRegistryId@BPNL00000003AYRE,83673ffd-c48c-429a-b6c6-7e8dac70b874,2c0eb785-2e60-489c-b656-b74cdc1f7547,1791483883551,1791483888238,1791483888238,1,"{""@type"":""TransferError"",""code"":""409"",""reason"":[""Cannot process TransferStartMessage because transfer cannot be started""],""@context"":[""https://w3id.org/tractusx/auth/v1.0.0"",""https://w3id.org/catenax/2025/9/policy/context.jsonld"",""https://w3id.org/dspace/2025/1/context.jsonld"",""https://w3id.org/edc/"
706ed6f4-d490-4324-a5e5-bb1793729b97,PROVIDER,1000,DigitalTwinRegistryId@BPNL00000003AYRE,83673ffd-c48c-429a-b6c6-7e8dac70b874,c8470ee4-1da7-4e14-a222-950225f2ccff,1791483883935,1791483908734,1791483908734,1,
5f8ca043-cad7-4364-a2d7-a0919121e1c1,PROVIDER,1000,DigitalTwinRegistryId@BPNL00000003AYRE,83673ffd-c48c-429a-b6c6-7e8dac70b874,b485165d-2c94-4f87-bc20-448e13385a75,1791483884642,1791483910195,1791483910195,1,
3aa71cb4-b772-4ccd-86c3-1a4412d8bf90,PROVIDER,1000,DigitalTwinRegistryId@BPNL00000003AYRE,83673ffd-c48c-429a-b6c6-7e8dac70b874,fdcaaf19-e463-4c16-99e9-55fe7c2fe496,1791483885438,1791483891540,1791483891540,1,"{""@type"":""TransferError"",""code"":""409"",""reason"":[""Entity fdcaaf19-e463-4c16-99e9-55fe7c2fe496 of kind edc_transfer_process is currently leased!""],""@context"":[""https://w3id.org/tractusx/auth/v1.0.0"",""https://w3id.org/catenax/2025/9/policy/context.jsonld"",""https://w3id.org/dspace/2025/1/context.jsonld"""
475d3f17-d321-4b2c-b34a-9a22e293ab5d,PROVIDER,1000,DigitalTwinRegistryId@BPNL00000003AYRE,83673ffd-c48c-429a-b6c6-7e8dac70b874,5eaa78c3-53ae-4717-934a-e46b2e5d02c1,1791483886039,1791483910185,1791483910185,1,
9f79965b-0e51-476e-87c6-87e102b5bd6f,PROVIDER,1000,DigitalTwinRegistryId@BPNL00000003AYRE,83673ffd-c48c-429a-b6c6-7e8dac70b874,950347b4-873b-4aed-96f5-50f0a7f1730e,1791483888337,1791483914582,1791483914582,1,
b3aa8fce-13cb-468a-96ed-7b75b4b7ba05,PROVIDER,1000,DigitalTwinRegistryId@BPNL00000003AYRE,83673ffd-c48c-429a-b6c6-7e8dac70b874,0322a70d-a23d-47ea-b81f-861271e2cbd2,1791483888835,1791483893105,1791483893105,1,"{""@type"":""TransferError"",""code"":""409"",""reason"":[""Entity 0322a70d-a23d-47ea-b81f-861271e2cbd2 of kind edc_transfer_process is currently leased!""],""@context"":[""https://w3id.org/tractusx/auth/v1.0.0"",""https://w3id.org/catenax/2025/9/policy/context.jsonld"",""https://w3id.org/dspace/2025/1/context.jsonld"""
5aef5845-eede-463f-bdf7-093a58862413,PROVIDER,1000,DigitalTwinRegistryId@BPNL00000003AYRE,83673ffd-c48c-429a-b6c6-7e8dac70b874,359cf909-6a13-4577-9b53-43055fbea9f0,1791483889544,1791483914590,1791483914590,1,
30804f3a-4872-4f09-bfc0-20b0bc832af1,PROVIDER,1000,DigitalTwinRegistryId@BPNL00000003AYRE,83673ffd-c48c-429a-b6c6-7e8dac70b874,c91577bb-8e26-4b52-a0e3-5eb952be113c,1791483890547,1791483916819,1791483916819,1,
bf6f0cc2-73ad-4bcd-9482-36069ac78241,PROVIDER,1000,DigitalTwinRegistryId@BPNL00000003AYRE,83673ffd-c48c-429a-b6c6-7e8dac70b874,42441a4b-846a-4cb7-a0c4-a646af93d939,1791483890704,1791483895715,1791483895715,1,"{""@type"":""TransferError"",""code"":""409"",""reason"":[""Entity 42441a4b-846a-4cb7-a0c4-a646af93d939 of kind edc_transfer_process is currently leased!""],""@context"":[""https://w3id.org/tractusx/auth/v1.0.0"",""https://w3id.org/catenax/2025/9/policy/context.jsonld"",""https://w3id.org/dspace/2025/1/context.jsonld"""
3a7c94f7-2881-409e-8b2a-0c915599f1e0,PROVIDER,1000,DigitalTwinRegistryId@BPNL00000003AYRE,83673ffd-c48c-429a-b6c6-7e8dac70b874,9b567b3e-f3a3-449c-8c23-3eb11c87b83f,1791483891005,1791484081046,1791484081046,1,
86c5d50a-4084-4150-aa02-c8ddcb5e2dfb,PROVIDER,1000,DigitalTwinRegistryId@BPNL00000003AYRE,83673ffd-c48c-429a-b6c6-7e8dac70b874,162a9a69-28dc-44ab-b917-463113fb0a02,1791483891144,1791483916803,1791483916803,1,
db5dcf55-d821-490d-b683-94bc3f9bc0f5,PROVIDER,1000,DigitalTwinRegistryId@BPNL00000003AYRE,83673ffd-c48c-429a-b6c6-7e8dac70b874,968e853e-dc71-4b02-8b26-94ee9ed65188,1791483891538,1791484077648,1791484077648,1,
0056d924-f94a-4c63-b77d-95799061bb9e,PROVIDER,1000,DigitalTwinRegistryId@BPNL00000003AYRE,83673ffd-c48c-429a-b6c6-7e8dac70b874,8352fcab-0217-4d38-926e-8efb92cb3f08,1791483893503,1791483916928,1791483916928,1,
59b65d66-1b5a-4be1-9dea-26b65b8d5f29,PROVIDER,1000,DigitalTwinRegistryId@BPNL00000003AYRE,83673ffd-c48c-429a-b6c6-7e8dac70b874,4de16e83-2f66-4af2-9dee-0cbc184f48da,1791483898437,1791484082363,1791484082363,1,
4143700f-7cfb-46eb-a7b2-163159fda02e,PROVIDER,1000,DigitalTwinRegistryId@BPNL00000003AYRE,83673ffd-c48c-429a-b6c6-7e8dac70b874,b7d3f70c-477a-4a28-b528-f538dfa6c3f3,1791483993833,1791484302067,1791484302067,1,
e99bf352-de11-46f3-b555-4c23f3391ede,PROVIDER,1000,itemstocksubmodel-api-asset@BPNL00000003AYRE,0ef26eaf-3d7c-479a-9a01-d5fa6d5cdd8e,731c5d64-3bbe-4c6f-beae-c62801afa137,1791483994629,1791484318234,1791484318234,1,
e72e3cc9-7dfb-44df-aad4-9156298e0cf4,PROVIDER,1000,itemstocksubmodel-api-asset@BPNL00000003AYRE,0ef26eaf-3d7c-479a-9a01-d5fa6d5cdd8e,3be2e6e1-75be-40ac-968c-81844b575149,1791484021951,1791484297335,1791484297335,1,
ce005374-ba52-4de4-9abf-f57b54463123,PROVIDER,1000,itemstocksubmodel-api-asset@BPNL00000003AYRE,0ef26eaf-3d7c-479a-9a01-d5fa6d5cdd8e,83033ef7-d51d-4b10-b752-8cdeed302d60,1791484022831,1791484302053,1791484302053,1,
30ac2914-4b4c-40b7-9023-5de833db0d9b,PROVIDER,1000,DigitalTwinRegistryId@BPNL00000003AYRE,83673ffd-c48c-429a-b6c6-7e8dac70b874,dbf6a117-fbf1-47b7-b30b-24b77ecb5181,1791484031236,1791484070549,1791484070549,1,"{""@type"":""TransferError"",""code"":""409"",""reason"":[""Cannot process TransferStartMessage because transfer cannot be started""],""@context"":[""https://w3id.org/tractusx/auth/v1.0.0"",""https://w3id.org/catenax/2025/9/policy/context.jsonld"",""https://w3id.org/dspace/2025/1/context.jsonld"",""https://w3id.org/edc/"
e4424ae4-3ee7-4735-912b-cd1dd916730f,PROVIDER,1000,itemstocksubmodel-api-asset@BPNL00000003AYRE,0ef26eaf-3d7c-479a-9a01-d5fa6d5cdd8e,611f2e8a-918a-424f-830f-38bdf9e813b7,1791484036237,1791484302342,1791484302342,1,
b19e153d-4c5a-4e16-b0d4-2ecc1fea312c,PROVIDER,1000,itemstocksubmodel-api-asset@BPNL00000003AYRE,0ef26eaf-3d7c-479a-9a01-d5fa6d5cdd8e,c3d9cb3a-433d-4234-b639-71827c13b7e7,1791484036744,1791484070634,1791484070634,1,"{""@type"":""TransferError"",""code"":""409"",""reason"":[""Cannot process TransferStartMessage because transfer cannot be started""],""@context"":[""https://w3id.org/tractusx/auth/v1.0.0"",""https://w3id.org/catenax/2025/9/policy/context.jsonld"",""https://w3id.org/dspace/2025/1/context.jsonld"",""https://w3id.org/edc/"
a5e9602c-35eb-4f77-adf1-a5c851d7279b,PROVIDER,600,DigitalTwinRegistryId@BPNL00000003AYRE,83673ffd-c48c-429a-b6c6-7e8dac70b874,8a353baf-59db-4735-9b56-cb8457df1c1f,1791484039531,1791484045008,1791484045008,1,
816ea90b-c06a-4cdc-8461-00ff2ab92803,PROVIDER,1000,itemstocksubmodel-api-asset@BPNL00000003AYRE,0ef26eaf-3d7c-479a-9a01-d5fa6d5cdd8e,a4d038d2-8337-42e9-9726-0034cdc38881,1791484039943,1791484302447,1791484302447,1,
872bd378-070a-40ca-8a71-fc0ca2536e35,PROVIDER,600,itemstocksubmodel-api-asset@BPNL00000003AYRE,0ef26eaf-3d7c-479a-9a01-d5fa6d5cdd8e,7cffcc0f-2cf3-4bcb-8223-b13c158de4e9,1791484040104,1791484042006,1791484042006,1,
a59aa8c6-18f6-4301-85e4-10c8e00085f4,PROVIDER,1000,itemstocksubmodel-api-asset@BPNL00000003AYRE,0ef26eaf-3d7c-479a-9a01-d5fa6d5cdd8e,96f1b67a-7781-464f-ac11-75314b7f91d9,1791484040244,1791484302235,1791484302235,1,
ca53e6a5-08ad-42f4-85a2-ad3591c3c3b0,PROVIDER,1000,DigitalTwinRegistryId@BPNL00000003AYRE,83673ffd-c48c-429a-b6c6-7e8dac70b874,2d9d7081-c077-4a90-a840-f92290d56ee9,1791484040545,1791484302133,1791484302133,1,
11e28232-f0d4-48c1-ab6d-0ee968483d68,PROVIDER,600,DigitalTwinRegistryId@BPNL00000003AYRE,83673ffd-c48c-429a-b6c6-7e8dac70b874,f5dc60a0-4fa4-4127-bf5a-006fa64478b4,1791484064240,1791484069526,1791484069526,1,
1403c5f3-454b-4a9e-80e3-d4336f693412,PROVIDER,600,itemstocksubmodel-api-asset@BPNL00000003AYRE,0ef26eaf-3d7c-479a-9a01-d5fa6d5cdd8e,21472329-fdbb-4ba6-9b5e-dc3a42eaed57,1791484066531,1791484068198,1791484068198,1,
cc9eb04a-48af-4d1c-b5b0-8194583c9554,PROVIDER,600,DigitalTwinRegistryId@BPNL00000003AYRE,83673ffd-c48c-429a-b6c6-7e8dac70b874,6a219777-ab32-4dc0-948d-606b4936bccf,1791484066824,1791484069134,1791484069134,1,
68c1e471-dbe3-4be3-b45a-1f0cc70386ef,PROVIDER,600,itemstocksubmodel-api-asset@BPNL00000003AYRE,0ef26eaf-3d7c-479a-9a01-d5fa6d5cdd8e,6dbe2157-ca96-4800-8698-c77771fea298,1791484067136,1791484070397,1791484070397,1,
107d2863-48af-4ca7-91ee-5731d7a4c8ae,PROVIDER,1000,itemstocksubmodel-api-asset@BPNL00000003AYRE,0ef26eaf-3d7c-479a-9a01-d5fa6d5cdd8e,1ea6b212-22b9-4590-81a6-3d8c3060ce79,1791484067933,1791484324133,1791484324133,1,
d8cfa3c8-48a8-4793-bad9-9a35bc69e37f,PROVIDER,600,DigitalTwinRegistryId@BPNL00000003AYRE,83673ffd-c48c-429a-b6c6-7e8dac70b874,0ddd59ec-816d-4328-9909-34e1ea6e9bfc,1791484068142,1791484070896,1791484070896,1,
81190a4b-6bf3-4ce4-8efd-9587027cf4b9,PROVIDER,600,itemstocksubmodel-api-asset@BPNL00000003AYRE,0ef26eaf-3d7c-479a-9a01-d5fa6d5cdd8e,a497a7f0-2e22-4b3a-a12d-95e990375d3d,1791484071036,1791484073205,1791484073205,1,
d0e55dd2-6bd2-4d4b-8124-714e4a614aca,PROVIDER,600,DigitalTwinRegistryId@BPNL00000003AYRE,83673ffd-c48c-429a-b6c6-7e8dac70b874,f2dae33e-057f-4fa7-b3bf-ca3656a04ed3,1791484071446,1791484075821,1791484075821,1,
12c5bf6e-c610-475a-a494-fc9217e67596,PROVIDER,1000,DigitalTwinRegistryId@BPNL00000003AYRE,83673ffd-c48c-429a-b6c6-7e8dac70b874,68630dc8-553c-42d6-97f6-08ba81d9be0c,1791484140945,1791484323836,1791484323836,1,
afe566d9-0cdd-426a-92ea-69f1798dcbe4,PROVIDER,1000,DigitalTwinRegistryId@BPNL00000003AYRE,83673ffd-c48c-429a-b6c6-7e8dac70b874,276e6f00-f82f-4d23-9b1f-94d875798e51,1791484142140,1791484316235,1791484316235,1,
39ebd9df-53bb-4a08-a94d-52ba19bd2325,PROVIDER,1000,DigitalTwinRegistryId@BPNL00000003AYRE,83673ffd-c48c-429a-b6c6-7e8dac70b874,7ba52263-a802-4b54-855e-bff4af9300db,1791484142403,1791484316433,1791484316433,1,
fa0a5f4c-b8f5-4b82-935e-e3ade1447c26,PROVIDER,1000,DigitalTwinRegistryId@BPNL00000003AYRE,83673ffd-c48c-429a-b6c6-7e8dac70b874,e85d2f40-3f30-4c0b-b8dc-1075db2675ea,1791484145836,1791484306034,1791484306034,1,
4bcceeee-dcc9-474e-a2cc-99682c1c2f06,PROVIDER,1000,DigitalTwinRegistryId@BPNL00000003AYRE,83673ffd-c48c-429a-b6c6-7e8dac70b874,f7aee0d9-6ec6-4d29-a264-1cf0f08aeed4,1791484146407,1791484317435,1791484317435,1,
1e97da8a-fa21-4a76-9885-7c29c4559342,PROVIDER,1000,DigitalTwinRegistryId@BPNL00000003AYRE,83673ffd-c48c-429a-b6c6-7e8dac70b874,52942649-8549-4b1b-9b5b-751b0f924c90,1791484147536,1791484318433,1791484318433,1,
5ed45033-95ac-45ad-a826-57ebaa866b20,PROVIDER,1000,DigitalTwinRegistryId@BPNL00000003AYRE,83673ffd-c48c-429a-b6c6-7e8dac70b874,8f8bfbb5-ba35-403f-8e70-50f39f027864,1791484148236,1791484317103,1791484317103,1,
b0f94813-668d-417f-aecb-abc0caaf2dd0,PROVIDER,1000,DigitalTwinRegistryId@BPNL00000003AYRE,83673ffd-c48c-429a-b6c6-7e8dac70b874,be089bd7-f90a-454f-b3bf-b3278386ea3b,1791484148534,1791484317934,1791484317934,1,
3bc8add3-ee69-4122-bd4d-b193a494cd01,PROVIDER,1000,DigitalTwinRegistryId@BPNL00000003AYRE,83673ffd-c48c-429a-b6c6-7e8dac70b874,4fdd205d-4741-4888-bfa8-222a493a4398,1791484148540,1791484318534,1791484318534,1,
f9f38926-fa35-4a3d-8a86-3a004ec9837b,PROVIDER,1000,DigitalTwinRegistryId@BPNL00000003AYRE,83673ffd-c48c-429a-b6c6-7e8dac70b874,ca248918-1ca4-46e7-a9c1-270d559698cf,1791484148838,1791484316605,1791484316605,1,
bb1d5bf3-4c2e-4f4b-b3cc-fd8a32f85ad7,PROVIDER,1000,DigitalTwinRegistryId@BPNL00000003AYRE,83673ffd-c48c-429a-b6c6-7e8dac70b874,59a0a1e6-6ac0-491f-9a23-a7390aff3f03,1791484149243,1791484316836,1791484316836,1,
6c913026-bb83-4bd8-8769-04e93ba8625b,PROVIDER,600,DigitalTwinRegistryId@BPNL00000003AYRE,a9e3bac9-c565-4c24-98d9-98fae5ce543f,4af00898-df73-464c-8a66-4b476b13253a,1791484149635,1791484159423,1791484159423,1,
f0e68e36-33d2-4f6b-9f26-ce700a45fb25,PROVIDER,600,DigitalTwinRegistryId@BPNL00000003AYRE,fab86846-54b1-4713-b6ac-b530b0afab55,7ffc482c-4ccb-4f81-9245-2480bb3bf959,1791484149937,1791484161009,1791484161009,1,
b7c8c3d0-e8b8-473b-8946-4596c7117c37,PROVIDER,600,DigitalTwinRegistryId@BPNL00000003AYRE,da0ae0ea-8982-40f2-b622-a637fff59bfb,d9b30327-14da-4645-af22-27c1d8704ce3,1791484151939,1791484156922,1791484156922,1,
