timestamp_utc,container,namespace,pod,value
2026-10-07T20:31:55.480Z,alloy,logging,alloy-kcv4x,0
2026-10-07T20:32:55.480Z,alloy,logging,alloy-kcv4x,0
2026-10-07T20:33:55.480Z,alloy,logging,alloy-kcv4x,0
2026-10-07T20:34:55.480Z,alloy,logging,alloy-kcv4x,0
2026-10-07T20:35:55.480Z,alloy,logging,alloy-kcv4x,0
2026-10-07T20:36:55.480Z,alloy,logging,alloy-kcv4x,0
2026-10-07T20:37:55.480Z,alloy,logging,alloy-kcv4x,0
2026-10-07T20:38:55.480Z,alloy,logging,alloy-kcv4x,0
2026-10-07T20:39:55.480Z,alloy,logging,alloy-kcv4x,0
2026-10-07T20:40:55.480Z,alloy,logging,alloy-kcv4x,0
2026-10-07T20:41:55.480Z,alloy,logging,alloy-kcv4x,0
2026-10-07T20:42:55.480Z,alloy,logging,alloy-kcv4x,0
2026-10-07T20:43:55.480Z,alloy,logging,alloy-kcv4x,0
2026-10-07T20:44:55.480Z,alloy,logging,alloy-kcv4x,0
2026-10-07T20:45:55.480Z,alloy,logging,alloy-kcv4x,0
2026-10-07T20:46:55.480Z,alloy,logging,alloy-kcv4x,0
2026-10-07T20:47:55.480Z,alloy,logging,alloy-kcv4x,0
2026-10-07T20:48:55.480Z,alloy,logging,alloy-kcv4x,0
2026-10-07T20:49:55.480Z,alloy,logging,alloy-kcv4x,0
2026-10-07T20:50:55.480Z,alloy,logging,alloy-kcv4x,0
2026-10-07T20:51:55.480Z,alloy,logging,alloy-kcv4x,0
2026-10-07T20:52:55.480Z,alloy,logging,alloy-kcv4x,0
2026-10-07T20:53:55.480Z,alloy,logging,alloy-kcv4x,0
2026-10-07T20:54:55.480Z,alloy,logging,alloy-kcv4x,0
2026-10-07T20:55:55.480Z,alloy,logging,alloy-kcv4x,0
2026-10-07T20:56:55.480Z,alloy,logging,alloy-kcv4x,0
2026-10-07T20:57:55.480Z,alloy,logging,alloy-kcv4x,0
2026-10-07T20:58:55.480Z,alloy,logging,alloy-kcv4x,0
2026-10-07T20:59:55.480Z,alloy,logging,alloy-kcv4x,0
2026-10-07T21:00:55.480Z,alloy,logging,alloy-kcv4x,0
2026-10-07T21:01:55.480Z,alloy,logging,alloy-kcv4x,0
2026-10-07T21:02:55.480Z,alloy,logging,alloy-kcv4x,0
2026-10-07T21:03:55.480Z,alloy,logging,alloy-kcv4x,0
2026-10-07T21:04:55.480Z,alloy,logging,alloy-kcv4x,0
2026-10-07T21:05:55.480Z,alloy,logging,alloy-kcv4x,0
2026-10-07T21:06:55.480Z,alloy,logging,alloy-kcv4x,0
2026-10-07T21:07:55.480Z,alloy,logging,alloy-kcv4x,0
2026-10-07T21:08:55.480Z,alloy,logging,alloy-kcv4x,0
2026-10-07T21:09:55.480Z,alloy,logging,alloy-kcv4x,0
2026-10-07T21:10:55.480Z,alloy,logging,alloy-kcv4x,0
2026-10-07T21:11:55.480Z,alloy,logging,alloy-kcv4x,0
2026-10-07T21:12:55.480Z,alloy,logging,alloy-kcv4x,0
2026-10-07T21:13:55.480Z,alloy,logging,alloy-kcv4x,0
2026-10-07T21:14:55.480Z,alloy,logging,alloy-kcv4x,0
2026-10-07T21:15:55.480Z,alloy,logging,alloy-kcv4x,0
2026-10-07T21:16:55.480Z,alloy,logging,alloy-kcv4x,0
2026-10-07T21:17:55.480Z,alloy,logging,alloy-kcv4x,0
2026-10-07T21:18:55.480Z,alloy,logging,alloy-kcv4x,0
2026-10-07T21:19:55.480Z,alloy,logging,alloy-kcv4x,0
2026-10-07T21:20:55.480Z,alloy,logging,alloy-kcv4x,0
2026-10-07T21:21:55.480Z,alloy,logging,alloy-kcv4x,0
2026-10-07T21:22:55.480Z,alloy,logging,alloy-kcv4x,0
2026-10-07T21:23:55.480Z,alloy,logging,alloy-kcv4x,0
2026-10-07T21:24:55.480Z,alloy,logging,alloy-kcv4x,0
2026-10-07T21:25:55.480Z,alloy,logging,alloy-kcv4x,0
2026-10-07T21:26:55.480Z,alloy,logging,alloy-kcv4x,0
2026-10-07T21:27:55.480Z,alloy,logging,alloy-kcv4x,0
2026-10-07T21:28:55.480Z,alloy,logging,alloy-kcv4x,0
2026-10-07T21:29:55.480Z,alloy,logging,alloy-kcv4x,0
2026-10-07T21:30:55.480Z,alloy,logging,alloy-kcv4x,0
2026-10-07T21:31:55.480Z,alloy,logging,alloy-kcv4x,0
2026-10-07T21:32:55.480Z,alloy,logging,alloy-kcv4x,0
2026-10-07T21:33:55.480Z,alloy,logging,alloy-kcv4x,0
2026-10-07T21:34:55.480Z,alloy,logging,alloy-kcv4x,0
2026-10-07T21:35:55.480Z,alloy,logging,alloy-kcv4x,0
2026-10-07T21:36:55.480Z,alloy,logging,alloy-kcv4x,0
2026-10-07T21:37:55.480Z,alloy,logging,alloy-kcv4x,0
2026-10-07T21:38:55.480Z,alloy,logging,alloy-kcv4x,0
2026-10-07T21:39:55.480Z,alloy,logging,alloy-kcv4x,0
2026-10-07T21:40:55.480Z,alloy,logging,alloy-kcv4x,0
2026-10-07T21:41:55.480Z,alloy,logging,alloy-kcv4x,0
2026-10-07T21:42:55.480Z,alloy,logging,alloy-kcv4x,0
2026-10-07T21:43:55.480Z,alloy,logging,alloy-kcv4x,0
2026-10-07T21:44:55.480Z,alloy,logging,alloy-kcv4x,0
2026-10-07T21:45:55.480Z,alloy,logging,alloy-kcv4x,0
2026-10-07T21:46:55.480Z,alloy,logging,alloy-kcv4x,0
2026-10-07T21:47:55.480Z,alloy,logging,alloy-kcv4x,0
2026-10-07T21:48:55.480Z,alloy,logging,alloy-kcv4x,0
2026-10-07T21:49:55.480Z,alloy,logging,alloy-kcv4x,0
2026-10-07T21:50:55.480Z,alloy,logging,alloy-kcv4x,0
2026-10-07T21:51:55.480Z,alloy,logging,alloy-kcv4x,0
2026-10-07T21:52:55.480Z,alloy,logging,alloy-kcv4x,0
2026-10-07T21:53:55.480Z,alloy,logging,alloy-kcv4x,0
2026-10-07T21:54:55.480Z,alloy,logging,alloy-kcv4x,0
2026-10-07T21:55:55.480Z,alloy,logging,alloy-kcv4x,0
2026-10-07T21:56:55.480Z,alloy,logging,alloy-kcv4x,0
2026-10-07T21:57:55.480Z,alloy,logging,alloy-kcv4x,0
2026-10-07T21:58:55.480Z,alloy,logging,alloy-kcv4x,0
2026-10-07T21:59:55.480Z,alloy,logging,alloy-kcv4x,0
2026-10-07T22:00:55.480Z,alloy,logging,alloy-kcv4x,0
2026-10-07T22:01:55.480Z,alloy,logging,alloy-kcv4x,0
2026-10-07T22:02:55.480Z,alloy,logging,alloy-kcv4x,0
2026-10-07T22:03:55.480Z,alloy,logging,alloy-kcv4x,0
2026-10-07T22:04:55.480Z,alloy,logging,alloy-kcv4x,0
2026-10-07T22:05:55.480Z,alloy,logging,alloy-kcv4x,0
2026-10-07T22:06:55.480Z,alloy,logging,alloy-kcv4x,0
2026-10-07T22:07:55.480Z,alloy,logging,alloy-kcv4x,0
2026-10-07T22:08:55.480Z,alloy,logging,alloy-kcv4x,0
2026-10-07T22:09:55.480Z,alloy,logging,alloy-kcv4x,0
2026-10-07T22:10:55.480Z,alloy,logging,alloy-kcv4x,0
2026-10-07T22:11:55.480Z,alloy,logging,alloy-kcv4x,0
2026-10-07T22:12:55.480Z,alloy,logging,alloy-kcv4x,0
2026-10-07T22:13:55.480Z,alloy,logging,alloy-kcv4x,0
2026-10-07T22:14:55.480Z,alloy,logging,alloy-kcv4x,0
2026-10-07T22:15:55.480Z,alloy,logging,alloy-kcv4x,0
2026-10-07T22:16:55.480Z,alloy,logging,alloy-kcv4x,0
2026-10-07T22:17:55.480Z,alloy,logging,alloy-kcv4x,0
2026-10-07T22:18:55.480Z,alloy,logging,alloy-kcv4x,0
2026-10-07T22:19:55.480Z,alloy,logging,alloy-kcv4x,0
2026-10-07T22:20:55.480Z,alloy,logging,alloy-kcv4x,0
2026-10-07T22:21:55.480Z,alloy,logging,alloy-kcv4x,0
2026-10-07T22:22:55.480Z,alloy,logging,alloy-kcv4x,0
2026-10-07T22:23:55.480Z,alloy,logging,alloy-kcv4x,0
2026-10-07T20:31:55.480Z,config-reloader,logging,alloy-kcv4x,0
2026-10-07T20:32:55.480Z,config-reloader,logging,alloy-kcv4x,0
2026-10-07T20:33:55.480Z,config-reloader,logging,alloy-kcv4x,0
2026-10-07T20:34:55.480Z,config-reloader,logging,alloy-kcv4x,0
2026-10-07T20:35:55.480Z,config-reloader,logging,alloy-kcv4x,0
2026-10-07T20:36:55.480Z,config-reloader,logging,alloy-kcv4x,0
2026-10-07T20:37:55.480Z,config-reloader,logging,alloy-kcv4x,0
2026-10-07T20:38:55.480Z,config-reloader,logging,alloy-kcv4x,0
2026-10-07T20:39:55.480Z,config-reloader,logging,alloy-kcv4x,0
2026-10-07T20:40:55.480Z,config-reloader,logging,alloy-kcv4x,0
2026-10-07T20:41:55.480Z,config-reloader,logging,alloy-kcv4x,0
2026-10-07T20:42:55.480Z,config-reloader,logging,alloy-kcv4x,0
2026-10-07T20:43:55.480Z,config-reloader,logging,alloy-kcv4x,0
2026-10-07T20:44:55.480Z,config-reloader,logging,alloy-kcv4x,0
2026-10-07T20:45:55.480Z,config-reloader,logging,alloy-kcv4x,0
2026-10-07T20:46:55.480Z,config-reloader,logging,alloy-kcv4x,0
2026-10-07T20:47:55.480Z,config-reloader,logging,alloy-kcv4x,0
2026-10-07T20:48:55.480Z,config-reloader,logging,alloy-kcv4x,0
2026-10-07T20:49:55.480Z,config-reloader,logging,alloy-kcv4x,0
2026-10-07T20:50:55.480Z,config-reloader,logging,alloy-kcv4x,0
2026-10-07T20:51:55.480Z,config-reloader,logging,alloy-kcv4x,0
2026-10-07T20:52:55.480Z,config-reloader,logging,alloy-kcv4x,0
2026-10-07T20:53:55.480Z,config-reloader,logging,alloy-kcv4x,0
2026-10-07T20:54:55.480Z,config-reloader,logging,alloy-kcv4x,0
2026-10-07T20:55:55.480Z,config-reloader,logging,alloy-kcv4x,0
2026-10-07T20:56:55.480Z,config-reloader,logging,alloy-kcv4x,0
2026-10-07T20:57:55.480Z,config-reloader,logging,alloy-kcv4x,0
2026-10-07T20:58:55.480Z,config-reloader,logging,alloy-kcv4x,0
2026-10-07T20:59:55.480Z,config-reloader,logging,alloy-kcv4x,0
2026-10-07T21:00:55.480Z,config-reloader,logging,alloy-kcv4x,0
2026-10-07T21:01:55.480Z,config-reloader,logging,alloy-kcv4x,0
2026-10-07T21:02:55.480Z,config-reloader,logging,alloy-kcv4x,0
2026-10-07T21:03:55.480Z,config-reloader,logging,alloy-kcv4x,0
2026-10-07T21:04:55.480Z,config-reloader,logging,alloy-kcv4x,0
2026-10-07T21:05:55.480Z,config-reloader,logging,alloy-kcv4x,0
2026-10-07T21:06:55.480Z,config-reloader,logging,alloy-kcv4x,0
2026-10-07T21:07:55.480Z,config-reloader,logging,alloy-kcv4x,0
2026-10-07T21:08:55.480Z,config-reloader,logging,alloy-kcv4x,0
2026-10-07T21:09:55.480Z,config-reloader,logging,alloy-kcv4x,0
2026-10-07T21:10:55.480Z,config-reloader,logging,alloy-kcv4x,0
2026-10-07T21:11:55.480Z,config-reloader,logging,alloy-kcv4x,0
2026-10-07T21:12:55.480Z,config-reloader,logging,alloy-kcv4x,0
2026-10-07T21:13:55.480Z,config-reloader,logging,alloy-kcv4x,0
2026-10-07T21:14:55.480Z,config-reloader,logging,alloy-kcv4x,0
2026-10-07T21:15:55.480Z,config-reloader,logging,alloy-kcv4x,0
2026-10-07T21:16:55.480Z,config-reloader,logging,alloy-kcv4x,0
2026-10-07T21:17:55.480Z,config-reloader,logging,alloy-kcv4x,0
2026-10-07T21:18:55.480Z,config-reloader,logging,alloy-kcv4x,0
2026-10-07T21:19:55.480Z,config-reloader,logging,alloy-kcv4x,0
2026-10-07T21:20:55.480Z,config-reloader,logging,alloy-kcv4x,0
2026-10-07T21:21:55.480Z,config-reloader,logging,alloy-kcv4x,0
2026-10-07T21:22:55.480Z,config-reloader,logging,alloy-kcv4x,0
2026-10-07T21:23:55.480Z,config-reloader,logging,alloy-kcv4x,0
2026-10-07T21:24:55.480Z,config-reloader,logging,alloy-kcv4x,0
2026-10-07T21:25:55.480Z,config-reloader,logging,alloy-kcv4x,0
2026-10-07T21:26:55.480Z,config-reloader,logging,alloy-kcv4x,0
2026-10-07T21:27:55.480Z,config-reloader,logging,alloy-kcv4x,0
2026-10-07T21:28:55.480Z,config-reloader,logging,alloy-kcv4x,0
2026-10-07T21:29:55.480Z,config-reloader,logging,alloy-kcv4x,0
2026-10-07T21:30:55.480Z,config-reloader,logging,alloy-kcv4x,0
2026-10-07T21:31:55.480Z,config-reloader,logging,alloy-kcv4x,0
2026-10-07T21:32:55.480Z,config-reloader,logging,alloy-kcv4x,0
2026-10-07T21:33:55.480Z,config-reloader,logging,alloy-kcv4x,0
2026-10-07T21:34:55.480Z,config-reloader,logging,alloy-kcv4x,0
2026-10-07T21:35:55.480Z,config-reloader,logging,alloy-kcv4x,0
2026-10-07T21:36:55.480Z,config-reloader,logging,alloy-kcv4x,0
2026-10-07T21:37:55.480Z,config-reloader,logging,alloy-kcv4x,0
2026-10-07T21:38:55.480Z,config-reloader,logging,alloy-kcv4x,0
2026-10-07T21:39:55.480Z,config-reloader,logging,alloy-kcv4x,0
2026-10-07T21:40:55.480Z,config-reloader,logging,alloy-kcv4x,0
2026-10-07T21:41:55.480Z,config-reloader,logging,alloy-kcv4x,0
2026-10-07T21:42:55.480Z,config-reloader,logging,alloy-kcv4x,0
2026-10-07T21:43:55.480Z,config-reloader,logging,alloy-kcv4x,0
2026-10-07T21:44:55.480Z,config-reloader,logging,alloy-kcv4x,0
2026-10-07T21:45:55.480Z,config-reloader,logging,alloy-kcv4x,0
2026-10-07T21:46:55.480Z,config-reloader,logging,alloy-kcv4x,0
2026-10-07T21:47:55.480Z,config-reloader,logging,alloy-kcv4x,0
2026-10-07T21:48:55.480Z,config-reloader,logging,alloy-kcv4x,0
2026-10-07T21:49:55.480Z,config-reloader,logging,alloy-kcv4x,0
2026-10-07T21:50:55.480Z,config-reloader,logging,alloy-kcv4x,0
2026-10-07T21:51:55.480Z,config-reloader,logging,alloy-kcv4x,0
2026-10-07T21:52:55.480Z,config-reloader,logging,alloy-kcv4x,0
2026-10-07T21:53:55.480Z,config-reloader,logging,alloy-kcv4x,0
2026-10-07T21:54:55.480Z,config-reloader,logging,alloy-kcv4x,0
2026-10-07T21:55:55.480Z,config-reloader,logging,alloy-kcv4x,0
2026-10-07T21:56:55.480Z,config-reloader,logging,alloy-kcv4x,0
2026-10-07T21:57:55.480Z,config-reloader,logging,alloy-kcv4x,0
2026-10-07T21:58:55.480Z,config-reloader,logging,alloy-kcv4x,0
2026-10-07T21:59:55.480Z,config-reloader,logging,alloy-kcv4x,0
2026-10-07T22:00:55.480Z,config-reloader,logging,alloy-kcv4x,0
2026-10-07T22:01:55.480Z,config-reloader,logging,alloy-kcv4x,0
2026-10-07T22:02:55.480Z,config-reloader,logging,alloy-kcv4x,0
2026-10-07T22:03:55.480Z,config-reloader,logging,alloy-kcv4x,0
2026-10-07T22:04:55.480Z,config-reloader,logging,alloy-kcv4x,0
2026-10-07T22:05:55.480Z,config-reloader,logging,alloy-kcv4x,0
2026-10-07T22:06:55.480Z,config-reloader,logging,alloy-kcv4x,0
2026-10-07T22:07:55.480Z,config-reloader,logging,alloy-kcv4x,0
2026-10-07T22:08:55.480Z,config-reloader,logging,alloy-kcv4x,0
2026-10-07T22:09:55.480Z,config-reloader,logging,alloy-kcv4x,0
2026-10-07T22:10:55.480Z,config-reloader,logging,alloy-kcv4x,0
2026-10-07T22:11:55.480Z,config-reloader,logging,alloy-kcv4x,0
2026-10-07T22:12:55.480Z,config-reloader,logging,alloy-kcv4x,0
2026-10-07T22:13:55.480Z,config-reloader,logging,alloy-kcv4x,0
2026-10-07T22:14:55.480Z,config-reloader,logging,alloy-kcv4x,0
2026-10-07T22:15:55.480Z,config-reloader,logging,alloy-kcv4x,0
2026-10-07T22:16:55.480Z,config-reloader,logging,alloy-kcv4x,0
2026-10-07T22:17:55.480Z,config-reloader,logging,alloy-kcv4x,0
2026-10-07T22:18:55.480Z,config-reloader,logging,alloy-kcv4x,0
2026-10-07T22:19:55.480Z,config-reloader,logging,alloy-kcv4x,0
2026-10-07T22:20:55.480Z,config-reloader,logging,alloy-kcv4x,0
2026-10-07T22:21:55.480Z,config-reloader,logging,alloy-kcv4x,0
2026-10-07T22:22:55.480Z,config-reloader,logging,alloy-kcv4x,0
2026-10-07T22:23:55.480Z,config-reloader,logging,alloy-kcv4x,0
2026-10-07T20:31:55.480Z,config-reloader,monitoring,prometheus-monitoring-kube-prometheus-prometheus-0,0
2026-10-07T20:32:55.480Z,config-reloader,monitoring,prometheus-monitoring-kube-prometheus-prometheus-0,0
2026-10-07T20:33:55.480Z,config-reloader,monitoring,prometheus-monitoring-kube-prometheus-prometheus-0,0
2026-10-07T20:34:55.480Z,config-reloader,monitoring,prometheus-monitoring-kube-prometheus-prometheus-0,0
2026-10-07T20:35:55.480Z,config-reloader,monitoring,prometheus-monitoring-kube-prometheus-prometheus-0,0
2026-10-07T20:36:55.480Z,config-reloader,monitoring,prometheus-monitoring-kube-prometheus-prometheus-0,0
2026-10-07T20:37:55.480Z,config-reloader,monitoring,prometheus-monitoring-kube-prometheus-prometheus-0,0
2026-10-07T20:38:55.480Z,config-reloader,monitoring,prometheus-monitoring-kube-prometheus-prometheus-0,0
2026-10-07T20:39:55.480Z,config-reloader,monitoring,prometheus-monitoring-kube-prometheus-prometheus-0,0
2026-10-07T20:40:55.480Z,config-reloader,monitoring,prometheus-monitoring-kube-prometheus-prometheus-0,0
2026-10-07T20:41:55.480Z,config-reloader,monitoring,prometheus-monitoring-kube-prometheus-prometheus-0,0
2026-10-07T20:42:55.480Z,config-reloader,monitoring,prometheus-monitoring-kube-prometheus-prometheus-0,0
2026-10-07T20:43:55.480Z,config-reloader,monitoring,prometheus-monitoring-kube-prometheus-prometheus-0,0
2026-10-07T20:44:55.480Z,config-reloader,monitoring,prometheus-monitoring-kube-prometheus-prometheus-0,0
2026-10-07T20:45:55.480Z,config-reloader,monitoring,prometheus-monitoring-kube-prometheus-prometheus-0,0
2026-10-07T20:46:55.480Z,config-reloader,monitoring,prometheus-monitoring-kube-prometheus-prometheus-0,0
2026-10-07T20:47:55.480Z,config-reloader,monitoring,prometheus-monitoring-kube-prometheus-prometheus-0,0
2026-10-07T20:48:55.480Z,config-reloader,monitoring,prometheus-monitoring-kube-prometheus-prometheus-0,0
2026-10-07T20:49:55.480Z,config-reloader,monitoring,prometheus-monitoring-kube-prometheus-prometheus-0,0
2026-10-07T20:50:55.480Z,config-reloader,monitoring,prometheus-monitoring-kube-prometheus-prometheus-0,0
2026-10-07T20:51:55.480Z,config-reloader,monitoring,prometheus-monitoring-kube-prometheus-prometheus-0,0
2026-10-07T20:52:55.480Z,config-reloader,monitoring,prometheus-monitoring-kube-prometheus-prometheus-0,0
2026-10-07T20:53:55.480Z,config-reloader,monitoring,prometheus-monitoring-kube-prometheus-prometheus-0,0
2026-10-07T20:54:55.480Z,config-reloader,monitoring,prometheus-monitoring-kube-prometheus-prometheus-0,0
2026-10-07T20:55:55.480Z,config-reloader,monitoring,prometheus-monitoring-kube-prometheus-prometheus-0,0
2026-10-07T20:56:55.480Z,config-reloader,monitoring,prometheus-monitoring-kube-prometheus-prometheus-0,0
2026-10-07T20:57:55.480Z,config-reloader,monitoring,prometheus-monitoring-kube-prometheus-prometheus-0,0
2026-10-07T20:58:55.480Z,config-reloader,monitoring,prometheus-monitoring-kube-prometheus-prometheus-0,0
2026-10-07T20:59:55.480Z,config-reloader,monitoring,prometheus-monitoring-kube-prometheus-prometheus-0,0
2026-10-07T21:00:55.480Z,config-reloader,monitoring,prometheus-monitoring-kube-prometheus-prometheus-0,0
2026-10-07T21:01:55.480Z,config-reloader,monitoring,prometheus-monitoring-kube-prometheus-prometheus-0,0
2026-10-07T21:02:55.480Z,config-reloader,monitoring,prometheus-monitoring-kube-prometheus-prometheus-0,0
2026-10-07T21:03:55.480Z,config-reloader,monitoring,prometheus-monitoring-kube-prometheus-prometheus-0,0
2026-10-07T21:04:55.480Z,config-reloader,monitoring,prometheus-monitoring-kube-prometheus-prometheus-0,0
2026-10-07T21:05:55.480Z,config-reloader,monitoring,prometheus-monitoring-kube-prometheus-prometheus-0,0
2026-10-07T21:06:55.480Z,config-reloader,monitoring,prometheus-monitoring-kube-prometheus-prometheus-0,0
2026-10-07T21:07:55.480Z,config-reloader,monitoring,prometheus-monitoring-kube-prometheus-prometheus-0,0
2026-10-07T21:08:55.480Z,config-reloader,monitoring,prometheus-monitoring-kube-prometheus-prometheus-0,0
2026-10-07T21:09:55.480Z,config-reloader,monitoring,prometheus-monitoring-kube-prometheus-prometheus-0,0
2026-10-07T21:10:55.480Z,config-reloader,monitoring,prometheus-monitoring-kube-prometheus-prometheus-0,0
2026-10-07T21:11:55.480Z,config-reloader,monitoring,prometheus-monitoring-kube-prometheus-prometheus-0,0
2026-10-07T21:12:55.480Z,config-reloader,monitoring,prometheus-monitoring-kube-prometheus-prometheus-0,0
2026-10-07T21:13:55.480Z,config-reloader,monitoring,prometheus-monitoring-kube-prometheus-prometheus-0,0
2026-10-07T21:14:55.480Z,config-reloader,monitoring,prometheus-monitoring-kube-prometheus-prometheus-0,0
2026-10-07T21:15:55.480Z,config-reloader,monitoring,prometheus-monitoring-kube-prometheus-prometheus-0,0
2026-10-07T21:16:55.480Z,config-reloader,monitoring,prometheus-monitoring-kube-prometheus-prometheus-0,0
2026-10-07T21:17:55.480Z,config-reloader,monitoring,prometheus-monitoring-kube-prometheus-prometheus-0,0
2026-10-07T21:18:55.480Z,config-reloader,monitoring,prometheus-monitoring-kube-prometheus-prometheus-0,0
2026-10-07T21:19:55.480Z,config-reloader,monitoring,prometheus-monitoring-kube-prometheus-prometheus-0,0
2026-10-07T21:20:55.480Z,config-reloader,monitoring,prometheus-monitoring-kube-prometheus-prometheus-0,0
2026-10-07T21:21:55.480Z,config-reloader,monitoring,prometheus-monitoring-kube-prometheus-prometheus-0,0
2026-10-07T21:22:55.480Z,config-reloader,monitoring,prometheus-monitoring-kube-prometheus-prometheus-0,0
2026-10-07T21:23:55.480Z,config-reloader,monitoring,prometheus-monitoring-kube-prometheus-prometheus-0,0
2026-10-07T21:24:55.480Z,config-reloader,monitoring,prometheus-monitoring-kube-prometheus-prometheus-0,0
2026-10-07T21:25:55.480Z,config-reloader,monitoring,prometheus-monitoring-kube-prometheus-prometheus-0,0
2026-10-07T21:26:55.480Z,config-reloader,monitoring,prometheus-monitoring-kube-prometheus-prometheus-0,0
2026-10-07T21:27:55.480Z,config-reloader,monitoring,prometheus-monitoring-kube-prometheus-prometheus-0,0
2026-10-07T21:28:55.480Z,config-reloader,monitoring,prometheus-monitoring-kube-prometheus-prometheus-0,0
2026-10-07T21:29:55.480Z,config-reloader,monitoring,prometheus-monitoring-kube-prometheus-prometheus-0,0
2026-10-07T21:30:55.480Z,config-reloader,monitoring,prometheus-monitoring-kube-prometheus-prometheus-0,0
2026-10-07T21:31:55.480Z,config-reloader,monitoring,prometheus-monitoring-kube-prometheus-prometheus-0,0
2026-10-07T21:32:55.480Z,config-reloader,monitoring,prometheus-monitoring-kube-prometheus-prometheus-0,0
2026-10-07T21:33:55.480Z,config-reloader,monitoring,prometheus-monitoring-kube-prometheus-prometheus-0,0
2026-10-07T21:34:55.480Z,config-reloader,monitoring,prometheus-monitoring-kube-prometheus-prometheus-0,0
2026-10-07T21:35:55.480Z,config-reloader,monitoring,prometheus-monitoring-kube-prometheus-prometheus-0,0
2026-10-07T21:36:55.480Z,config-reloader,monitoring,prometheus-monitoring-kube-prometheus-prometheus-0,0
2026-10-07T21:37:55.480Z,config-reloader,monitoring,prometheus-monitoring-kube-prometheus-prometheus-0,0
2026-10-07T21:38:55.480Z,config-reloader,monitoring,prometheus-monitoring-kube-prometheus-prometheus-0,0
2026-10-07T21:39:55.480Z,config-reloader,monitoring,prometheus-monitoring-kube-prometheus-prometheus-0,0
2026-10-07T21:40:55.480Z,config-reloader,monitoring,prometheus-monitoring-kube-prometheus-prometheus-0,0
2026-10-07T21:41:55.480Z,config-reloader,monitoring,prometheus-monitoring-kube-prometheus-prometheus-0,0
2026-10-07T21:42:55.480Z,config-reloader,monitoring,prometheus-monitoring-kube-prometheus-prometheus-0,0
2026-10-07T21:43:55.480Z,config-reloader,monitoring,prometheus-monitoring-kube-prometheus-prometheus-0,0
2026-10-07T21:44:55.480Z,config-reloader,monitoring,prometheus-monitoring-kube-prometheus-prometheus-0,0
2026-10-07T21:45:55.480Z,config-reloader,monitoring,prometheus-monitoring-kube-prometheus-prometheus-0,0
2026-10-07T21:46:55.480Z,config-reloader,monitoring,prometheus-monitoring-kube-prometheus-prometheus-0,0
2026-10-07T21:47:55.480Z,config-reloader,monitoring,prometheus-monitoring-kube-prometheus-prometheus-0,0
2026-10-07T21:48:55.480Z,config-reloader,monitoring,prometheus-monitoring-kube-prometheus-prometheus-0,0
2026-10-07T21:49:55.480Z,config-reloader,monitoring,prometheus-monitoring-kube-prometheus-prometheus-0,0
2026-10-07T21:50:55.480Z,config-reloader,monitoring,prometheus-monitoring-kube-prometheus-prometheus-0,0
2026-10-07T21:51:55.480Z,config-reloader,monitoring,prometheus-monitoring-kube-prometheus-prometheus-0,0
2026-10-07T21:52:55.480Z,config-reloader,monitoring,prometheus-monitoring-kube-prometheus-prometheus-0,0
2026-10-07T21:53:55.480Z,config-reloader,monitoring,prometheus-monitoring-kube-prometheus-prometheus-0,0
2026-10-07T21:54:55.480Z,config-reloader,monitoring,prometheus-monitoring-kube-prometheus-prometheus-0,0
2026-10-07T21:55:55.480Z,config-reloader,monitoring,prometheus-monitoring-kube-prometheus-prometheus-0,0
2026-10-07T21:56:55.480Z,config-reloader,monitoring,prometheus-monitoring-kube-prometheus-prometheus-0,0
2026-10-07T21:57:55.480Z,config-reloader,monitoring,prometheus-monitoring-kube-prometheus-prometheus-0,0
2026-10-07T21:58:55.480Z,config-reloader,monitoring,prometheus-monitoring-kube-prometheus-prometheus-0,0
2026-10-07T21:59:55.480Z,config-reloader,monitoring,prometheus-monitoring-kube-prometheus-prometheus-0,0
2026-10-07T22:00:55.480Z,config-reloader,monitoring,prometheus-monitoring-kube-prometheus-prometheus-0,0
2026-10-07T22:01:55.480Z,config-reloader,monitoring,prometheus-monitoring-kube-prometheus-prometheus-0,0
2026-10-07T22:02:55.480Z,config-reloader,monitoring,prometheus-monitoring-kube-prometheus-prometheus-0,0
2026-10-07T22:03:55.480Z,config-reloader,monitoring,prometheus-monitoring-kube-prometheus-prometheus-0,0
2026-10-07T22:04:55.480Z,config-reloader,monitoring,prometheus-monitoring-kube-prometheus-prometheus-0,0
2026-10-07T22:05:55.480Z,config-reloader,monitoring,prometheus-monitoring-kube-prometheus-prometheus-0,0
2026-10-07T22:06:55.480Z,config-reloader,monitoring,prometheus-monitoring-kube-prometheus-prometheus-0,0
2026-10-07T22:07:55.480Z,config-reloader,monitoring,prometheus-monitoring-kube-prometheus-prometheus-0,0
2026-10-07T22:08:55.480Z,config-reloader,monitoring,prometheus-monitoring-kube-prometheus-prometheus-0,0
2026-10-07T22:09:55.480Z,config-reloader,monitoring,prometheus-monitoring-kube-prometheus-prometheus-0,0
2026-10-07T22:10:55.480Z,config-reloader,monitoring,prometheus-monitoring-kube-prometheus-prometheus-0,0
2026-10-07T22:11:55.480Z,config-reloader,monitoring,prometheus-monitoring-kube-prometheus-prometheus-0,0
2026-10-07T22:12:55.480Z,config-reloader,monitoring,prometheus-monitoring-kube-prometheus-prometheus-0,0
2026-10-07T22:13:55.480Z,config-reloader,monitoring,prometheus-monitoring-kube-prometheus-prometheus-0,0
2026-10-07T22:14:55.480Z,config-reloader,monitoring,prometheus-monitoring-kube-prometheus-prometheus-0,0
2026-10-07T22:15:55.480Z,config-reloader,monitoring,prometheus-monitoring-kube-prometheus-prometheus-0,0
2026-10-07T22:16:55.480Z,config-reloader,monitoring,prometheus-monitoring-kube-prometheus-prometheus-0,0
2026-10-07T22:17:55.480Z,config-reloader,monitoring,prometheus-monitoring-kube-prometheus-prometheus-0,0
2026-10-07T22:18:55.480Z,config-reloader,monitoring,prometheus-monitoring-kube-prometheus-prometheus-0,0
2026-10-07T22:19:55.480Z,config-reloader,monitoring,prometheus-monitoring-kube-prometheus-prometheus-0,0
2026-10-07T22:20:55.480Z,config-reloader,monitoring,prometheus-monitoring-kube-prometheus-prometheus-0,0
2026-10-07T22:21:55.480Z,config-reloader,monitoring,prometheus-monitoring-kube-prometheus-prometheus-0,0
2026-10-07T22:22:55.480Z,config-reloader,monitoring,prometheus-monitoring-kube-prometheus-prometheus-0,0
2026-10-07T22:23:55.480Z,config-reloader,monitoring,prometheus-monitoring-kube-prometheus-prometheus-0,0
2026-10-07T20:31:55.480Z,coredns,kube-system,coredns-577d995dff-bxxlq,0
2026-10-07T20:32:55.480Z,coredns,kube-system,coredns-577d995dff-bxxlq,0
2026-10-07T20:33:55.480Z,coredns,kube-system,coredns-577d995dff-bxxlq,0
2026-10-07T20:34:55.480Z,coredns,kube-system,coredns-577d995dff-bxxlq,0
2026-10-07T20:35:55.480Z,coredns,kube-system,coredns-577d995dff-bxxlq,0
2026-10-07T20:36:55.480Z,coredns,kube-system,coredns-577d995dff-bxxlq,0
2026-10-07T20:37:55.480Z,coredns,kube-system,coredns-577d995dff-bxxlq,0
2026-10-07T20:38:55.480Z,coredns,kube-system,coredns-577d995dff-bxxlq,0
2026-10-07T20:39:55.480Z,coredns,kube-system,coredns-577d995dff-bxxlq,0
2026-10-07T20:40:55.480Z,coredns,kube-system,coredns-577d995dff-bxxlq,0
2026-10-07T20:41:55.480Z,coredns,kube-system,coredns-577d995dff-bxxlq,0
2026-10-07T20:42:55.480Z,coredns,kube-system,coredns-577d995dff-bxxlq,0
2026-10-07T20:43:55.480Z,coredns,kube-system,coredns-577d995dff-bxxlq,0
2026-10-07T20:44:55.480Z,coredns,kube-system,coredns-577d995dff-bxxlq,0
2026-10-07T20:45:55.480Z,coredns,kube-system,coredns-577d995dff-bxxlq,0
2026-10-07T20:46:55.480Z,coredns,kube-system,coredns-577d995dff-bxxlq,0
2026-10-07T20:47:55.480Z,coredns,kube-system,coredns-577d995dff-bxxlq,0
2026-10-07T20:48:55.480Z,coredns,kube-system,coredns-577d995dff-bxxlq,0
2026-10-07T20:49:55.480Z,coredns,kube-system,coredns-577d995dff-bxxlq,0
2026-10-07T20:50:55.480Z,coredns,kube-system,coredns-577d995dff-bxxlq,0
2026-10-07T20:51:55.480Z,coredns,kube-system,coredns-577d995dff-bxxlq,0
2026-10-07T20:52:55.480Z,coredns,kube-system,coredns-577d995dff-bxxlq,0
2026-10-07T20:53:55.480Z,coredns,kube-system,coredns-577d995dff-bxxlq,0
2026-10-07T20:54:55.480Z,coredns,kube-system,coredns-577d995dff-bxxlq,0
2026-10-07T20:55:55.480Z,coredns,kube-system,coredns-577d995dff-bxxlq,0
2026-10-07T20:56:55.480Z,coredns,kube-system,coredns-577d995dff-bxxlq,0
2026-10-07T20:57:55.480Z,coredns,kube-system,coredns-577d995dff-bxxlq,0
2026-10-07T20:58:55.480Z,coredns,kube-system,coredns-577d995dff-bxxlq,0
2026-10-07T20:59:55.480Z,coredns,kube-system,coredns-577d995dff-bxxlq,0
2026-10-07T21:00:55.480Z,coredns,kube-system,coredns-577d995dff-bxxlq,0
2026-10-07T21:01:55.480Z,coredns,kube-system,coredns-577d995dff-bxxlq,0
2026-10-07T21:02:55.480Z,coredns,kube-system,coredns-577d995dff-bxxlq,0
2026-10-07T21:03:55.480Z,coredns,kube-system,coredns-577d995dff-bxxlq,0
2026-10-07T21:04:55.480Z,coredns,kube-system,coredns-577d995dff-bxxlq,0
2026-10-07T21:05:55.480Z,coredns,kube-system,coredns-577d995dff-bxxlq,0
2026-10-07T21:06:55.480Z,coredns,kube-system,coredns-577d995dff-bxxlq,0
2026-10-07T21:07:55.480Z,coredns,kube-system,coredns-577d995dff-bxxlq,0
2026-10-07T21:08:55.480Z,coredns,kube-system,coredns-577d995dff-bxxlq,0
2026-10-07T21:09:55.480Z,coredns,kube-system,coredns-577d995dff-bxxlq,0
2026-10-07T21:10:55.480Z,coredns,kube-system,coredns-577d995dff-bxxlq,0
2026-10-07T21:11:55.480Z,coredns,kube-system,coredns-577d995dff-bxxlq,0
2026-10-07T21:12:55.480Z,coredns,kube-system,coredns-577d995dff-bxxlq,0
2026-10-07T21:13:55.480Z,coredns,kube-system,coredns-577d995dff-bxxlq,0
2026-10-07T21:14:55.480Z,coredns,kube-system,coredns-577d995dff-bxxlq,0
2026-10-07T21:15:55.480Z,coredns,kube-system,coredns-577d995dff-bxxlq,0
2026-10-07T21:16:55.480Z,coredns,kube-system,coredns-577d995dff-bxxlq,0
2026-10-07T21:17:55.480Z,coredns,kube-system,coredns-577d995dff-bxxlq,0
2026-10-07T21:18:55.480Z,coredns,kube-system,coredns-577d995dff-bxxlq,0
2026-10-07T21:19:55.480Z,coredns,kube-system,coredns-577d995dff-bxxlq,0
2026-10-07T21:20:55.480Z,coredns,kube-system,coredns-577d995dff-bxxlq,0
2026-10-07T21:21:55.480Z,coredns,kube-system,coredns-577d995dff-bxxlq,0
2026-10-07T21:22:55.480Z,coredns,kube-system,coredns-577d995dff-bxxlq,0
2026-10-07T21:23:55.480Z,coredns,kube-system,coredns-577d995dff-bxxlq,0
2026-10-07T21:24:55.480Z,coredns,kube-system,coredns-577d995dff-bxxlq,0
2026-10-07T21:25:55.480Z,coredns,kube-system,coredns-577d995dff-bxxlq,0
2026-10-07T21:26:55.480Z,coredns,kube-system,coredns-577d995dff-bxxlq,0
2026-10-07T21:27:55.480Z,coredns,kube-system,coredns-577d995dff-bxxlq,0
2026-10-07T21:28:55.480Z,coredns,kube-system,coredns-577d995dff-bxxlq,0
2026-10-07T21:29:55.480Z,coredns,kube-system,coredns-577d995dff-bxxlq,0
2026-10-07T21:30:55.480Z,coredns,kube-system,coredns-577d995dff-bxxlq,0
2026-10-07T21:31:55.480Z,coredns,kube-system,coredns-577d995dff-bxxlq,0
2026-10-07T21:32:55.480Z,coredns,kube-system,coredns-577d995dff-bxxlq,0
2026-10-07T21:33:55.480Z,coredns,kube-system,coredns-577d995dff-bxxlq,0
2026-10-07T21:34:55.480Z,coredns,kube-system,coredns-577d995dff-bxxlq,0
2026-10-07T21:35:55.480Z,coredns,kube-system,coredns-577d995dff-bxxlq,0
2026-10-07T21:36:55.480Z,coredns,kube-system,coredns-577d995dff-bxxlq,0
2026-10-07T21:37:55.480Z,coredns,kube-system,coredns-577d995dff-bxxlq,0
2026-10-07T21:38:55.480Z,coredns,kube-system,coredns-577d995dff-bxxlq,0
2026-10-07T21:39:55.480Z,coredns,kube-system,coredns-577d995dff-bxxlq,0
2026-10-07T21:40:55.480Z,coredns,kube-system,coredns-577d995dff-bxxlq,0
2026-10-07T21:41:55.480Z,coredns,kube-system,coredns-577d995dff-bxxlq,0
2026-10-07T21:42:55.480Z,coredns,kube-system,coredns-577d995dff-bxxlq,0
2026-10-07T21:43:55.480Z,coredns,kube-system,coredns-577d995dff-bxxlq,0
2026-10-07T21:44:55.480Z,coredns,kube-system,coredns-577d995dff-bxxlq,0
2026-10-07T21:45:55.480Z,coredns,kube-system,coredns-577d995dff-bxxlq,0
2026-10-07T21:46:55.480Z,coredns,kube-system,coredns-577d995dff-bxxlq,0
2026-10-07T21:47:55.480Z,coredns,kube-system,coredns-577d995dff-bxxlq,0
2026-10-07T21:48:55.480Z,coredns,kube-system,coredns-577d995dff-bxxlq,0
2026-10-07T21:49:55.480Z,coredns,kube-system,coredns-577d995dff-bxxlq,0
2026-10-07T21:50:55.480Z,coredns,kube-system,coredns-577d995dff-bxxlq,0
2026-10-07T21:51:55.480Z,coredns,kube-system,coredns-577d995dff-bxxlq,0
2026-10-07T21:52:55.480Z,coredns,kube-system,coredns-577d995dff-bxxlq,0
2026-10-07T21:53:55.480Z,coredns,kube-system,coredns-577d995dff-bxxlq,0
2026-10-07T21:54:55.480Z,coredns,kube-system,coredns-577d995dff-bxxlq,0
2026-10-07T21:55:55.480Z,coredns,kube-system,coredns-577d995dff-bxxlq,0
2026-10-07T21:56:55.480Z,coredns,kube-system,coredns-577d995dff-bxxlq,0
2026-10-07T21:57:55.480Z,coredns,kube-system,coredns-577d995dff-bxxlq,0
2026-10-07T21:58:55.480Z,coredns,kube-system,coredns-577d995dff-bxxlq,0
2026-10-07T21:59:55.480Z,coredns,kube-system,coredns-577d995dff-bxxlq,0
2026-10-07T22:00:55.480Z,coredns,kube-system,coredns-577d995dff-bxxlq,0
2026-10-07T22:01:55.480Z,coredns,kube-system,coredns-577d995dff-bxxlq,0
2026-10-07T22:02:55.480Z,coredns,kube-system,coredns-577d995dff-bxxlq,0
2026-10-07T22:03:55.480Z,coredns,kube-system,coredns-577d995dff-bxxlq,0
2026-10-07T22:04:55.480Z,coredns,kube-system,coredns-577d995dff-bxxlq,0
2026-10-07T22:05:55.480Z,coredns,kube-system,coredns-577d995dff-bxxlq,0
2026-10-07T22:06:55.480Z,coredns,kube-system,coredns-577d995dff-bxxlq,0
2026-10-07T22:07:55.480Z,coredns,kube-system,coredns-577d995dff-bxxlq,0
2026-10-07T22:08:55.480Z,coredns,kube-system,coredns-577d995dff-bxxlq,0
2026-10-07T22:09:55.480Z,coredns,kube-system,coredns-577d995dff-bxxlq,0
2026-10-07T22:10:55.480Z,coredns,kube-system,coredns-577d995dff-bxxlq,0
2026-10-07T22:11:55.480Z,coredns,kube-system,coredns-577d995dff-bxxlq,0
2026-10-07T22:12:55.480Z,coredns,kube-system,coredns-577d995dff-bxxlq,0
2026-10-07T22:13:55.480Z,coredns,kube-system,coredns-577d995dff-bxxlq,0
2026-10-07T22:14:55.480Z,coredns,kube-system,coredns-577d995dff-bxxlq,0
2026-10-07T22:15:55.480Z,coredns,kube-system,coredns-577d995dff-bxxlq,0
2026-10-07T22:16:55.480Z,coredns,kube-system,coredns-577d995dff-bxxlq,0
2026-10-07T22:17:55.480Z,coredns,kube-system,coredns-577d995dff-bxxlq,0
2026-10-07T22:18:55.480Z,coredns,kube-system,coredns-577d995dff-bxxlq,0
2026-10-07T22:19:55.480Z,coredns,kube-system,coredns-577d995dff-bxxlq,0
2026-10-07T22:20:55.480Z,coredns,kube-system,coredns-577d995dff-bxxlq,0
2026-10-07T22:21:55.480Z,coredns,kube-system,coredns-577d995dff-bxxlq,0
2026-10-07T22:22:55.480Z,coredns,kube-system,coredns-577d995dff-bxxlq,0
2026-10-07T22:23:55.480Z,coredns,kube-system,coredns-577d995dff-bxxlq,0
2026-10-07T20:31:55.480Z,digital-twin-registry,customer,dtr-7979c5ccb7-rg7w2,0
2026-10-07T20:32:55.480Z,digital-twin-registry,customer,dtr-7979c5ccb7-rg7w2,0
2026-10-07T20:33:55.480Z,digital-twin-registry,customer,dtr-7979c5ccb7-rg7w2,0
2026-10-07T20:34:55.480Z,digital-twin-registry,customer,dtr-7979c5ccb7-rg7w2,0
2026-10-07T20:35:55.480Z,digital-twin-registry,customer,dtr-7979c5ccb7-rg7w2,0
2026-10-07T20:36:55.480Z,digital-twin-registry,customer,dtr-7979c5ccb7-rg7w2,0
2026-10-07T20:37:55.480Z,digital-twin-registry,customer,dtr-7979c5ccb7-rg7w2,0
2026-10-07T20:38:55.480Z,digital-twin-registry,customer,dtr-7979c5ccb7-rg7w2,0
2026-10-07T20:39:55.480Z,digital-twin-registry,customer,dtr-7979c5ccb7-rg7w2,0
2026-10-07T20:40:55.480Z,digital-twin-registry,customer,dtr-7979c5ccb7-rg7w2,0
2026-10-07T20:41:55.480Z,digital-twin-registry,customer,dtr-7979c5ccb7-rg7w2,0
2026-10-07T20:42:55.480Z,digital-twin-registry,customer,dtr-7979c5ccb7-rg7w2,0
2026-10-07T20:43:55.480Z,digital-twin-registry,customer,dtr-7979c5ccb7-rg7w2,0
2026-10-07T20:44:55.480Z,digital-twin-registry,customer,dtr-7979c5ccb7-rg7w2,0
2026-10-07T20:45:55.480Z,digital-twin-registry,customer,dtr-7979c5ccb7-rg7w2,0
2026-10-07T20:46:55.480Z,digital-twin-registry,customer,dtr-7979c5ccb7-rg7w2,0
2026-10-07T20:47:55.480Z,digital-twin-registry,customer,dtr-7979c5ccb7-rg7w2,0
2026-10-07T20:48:55.480Z,digital-twin-registry,customer,dtr-7979c5ccb7-rg7w2,0
2026-10-07T20:49:55.480Z,digital-twin-registry,customer,dtr-7979c5ccb7-rg7w2,0
2026-10-07T20:50:55.480Z,digital-twin-registry,customer,dtr-7979c5ccb7-rg7w2,0
2026-10-07T20:51:55.480Z,digital-twin-registry,customer,dtr-7979c5ccb7-rg7w2,0
2026-10-07T20:52:55.480Z,digital-twin-registry,customer,dtr-7979c5ccb7-rg7w2,0
2026-10-07T20:53:55.480Z,digital-twin-registry,customer,dtr-7979c5ccb7-rg7w2,0
2026-10-07T20:54:55.480Z,digital-twin-registry,customer,dtr-7979c5ccb7-rg7w2,0
2026-10-07T20:55:55.480Z,digital-twin-registry,customer,dtr-7979c5ccb7-rg7w2,0
2026-10-07T20:56:55.480Z,digital-twin-registry,customer,dtr-7979c5ccb7-rg7w2,0
2026-10-07T20:57:55.480Z,digital-twin-registry,customer,dtr-7979c5ccb7-rg7w2,0
2026-10-07T20:58:55.480Z,digital-twin-registry,customer,dtr-7979c5ccb7-rg7w2,0
2026-10-07T20:59:55.480Z,digital-twin-registry,customer,dtr-7979c5ccb7-rg7w2,0
2026-10-07T21:00:55.480Z,digital-twin-registry,customer,dtr-7979c5ccb7-rg7w2,0
2026-10-07T21:01:55.480Z,digital-twin-registry,customer,dtr-7979c5ccb7-rg7w2,0
2026-10-07T21:02:55.480Z,digital-twin-registry,customer,dtr-7979c5ccb7-rg7w2,0
2026-10-07T21:03:55.480Z,digital-twin-registry,customer,dtr-7979c5ccb7-rg7w2,0
2026-10-07T21:04:55.480Z,digital-twin-registry,customer,dtr-7979c5ccb7-rg7w2,0
2026-10-07T21:05:55.480Z,digital-twin-registry,customer,dtr-7979c5ccb7-rg7w2,0
2026-10-07T21:06:55.480Z,digital-twin-registry,customer,dtr-7979c5ccb7-rg7w2,0
2026-10-07T21:07:55.480Z,digital-twin-registry,customer,dtr-7979c5ccb7-rg7w2,0
2026-10-07T21:08:55.480Z,digital-twin-registry,customer,dtr-7979c5ccb7-rg7w2,0
2026-10-07T21:09:55.480Z,digital-twin-registry,customer,dtr-7979c5ccb7-rg7w2,0
2026-10-07T21:10:55.480Z,digital-twin-registry,customer,dtr-7979c5ccb7-rg7w2,0
2026-10-07T21:11:55.480Z,digital-twin-registry,customer,dtr-7979c5ccb7-rg7w2,0
2026-10-07T21:12:55.480Z,digital-twin-registry,customer,dtr-7979c5ccb7-rg7w2,0
2026-10-07T21:13:55.480Z,digital-twin-registry,customer,dtr-7979c5ccb7-rg7w2,0
2026-10-07T21:14:55.480Z,digital-twin-registry,customer,dtr-7979c5ccb7-rg7w2,0
2026-10-07T21:15:55.480Z,digital-twin-registry,customer,dtr-7979c5ccb7-rg7w2,0
2026-10-07T21:16:55.480Z,digital-twin-registry,customer,dtr-7979c5ccb7-rg7w2,0
2026-10-07T21:17:55.480Z,digital-twin-registry,customer,dtr-7979c5ccb7-rg7w2,0
2026-10-07T21:18:55.480Z,digital-twin-registry,customer,dtr-7979c5ccb7-rg7w2,0
2026-10-07T21:19:55.480Z,digital-twin-registry,customer,dtr-7979c5ccb7-rg7w2,0
2026-10-07T21:20:55.480Z,digital-twin-registry,customer,dtr-7979c5ccb7-rg7w2,0
2026-10-07T21:21:55.480Z,digital-twin-registry,customer,dtr-7979c5ccb7-rg7w2,0
2026-10-07T21:22:55.480Z,digital-twin-registry,customer,dtr-7979c5ccb7-rg7w2,0
2026-10-07T21:23:55.480Z,digital-twin-registry,customer,dtr-7979c5ccb7-rg7w2,0
2026-10-07T21:24:55.480Z,digital-twin-registry,customer,dtr-7979c5ccb7-rg7w2,0
2026-10-07T21:25:55.480Z,digital-twin-registry,customer,dtr-7979c5ccb7-rg7w2,0
2026-10-07T21:26:55.480Z,digital-twin-registry,customer,dtr-7979c5ccb7-rg7w2,0
2026-10-07T21:27:55.480Z,digital-twin-registry,customer,dtr-7979c5ccb7-rg7w2,0
2026-10-07T21:28:55.480Z,digital-twin-registry,customer,dtr-7979c5ccb7-rg7w2,0
2026-10-07T21:29:55.480Z,digital-twin-registry,customer,dtr-7979c5ccb7-rg7w2,0
2026-10-07T21:30:55.480Z,digital-twin-registry,customer,dtr-7979c5ccb7-rg7w2,0
2026-10-07T21:31:55.480Z,digital-twin-registry,customer,dtr-7979c5ccb7-rg7w2,0
2026-10-07T21:32:55.480Z,digital-twin-registry,customer,dtr-7979c5ccb7-rg7w2,0
2026-10-07T21:33:55.480Z,digital-twin-registry,customer,dtr-7979c5ccb7-rg7w2,0
2026-10-07T21:34:55.480Z,digital-twin-registry,customer,dtr-7979c5ccb7-rg7w2,0
2026-10-07T21:35:55.480Z,digital-twin-registry,customer,dtr-7979c5ccb7-rg7w2,0
2026-10-07T21:36:55.480Z,digital-twin-registry,customer,dtr-7979c5ccb7-rg7w2,0
2026-10-07T21:37:55.480Z,digital-twin-registry,customer,dtr-7979c5ccb7-rg7w2,0
2026-10-07T21:38:55.480Z,digital-twin-registry,customer,dtr-7979c5ccb7-rg7w2,0
2026-10-07T21:39:55.480Z,digital-twin-registry,customer,dtr-7979c5ccb7-rg7w2,0
2026-10-07T21:40:55.480Z,digital-twin-registry,customer,dtr-7979c5ccb7-rg7w2,0
2026-10-07T21:41:55.480Z,digital-twin-registry,customer,dtr-7979c5ccb7-rg7w2,0
2026-10-07T21:42:55.480Z,digital-twin-registry,customer,dtr-7979c5ccb7-rg7w2,0
2026-10-07T21:43:55.480Z,digital-twin-registry,customer,dtr-7979c5ccb7-rg7w2,0
2026-10-07T21:44:55.480Z,digital-twin-registry,customer,dtr-7979c5ccb7-rg7w2,0
2026-10-07T21:45:55.480Z,digital-twin-registry,customer,dtr-7979c5ccb7-rg7w2,0
2026-10-07T21:46:55.480Z,digital-twin-registry,customer,dtr-7979c5ccb7-rg7w2,0
2026-10-07T21:47:55.480Z,digital-twin-registry,customer,dtr-7979c5ccb7-rg7w2,0
2026-10-07T21:48:55.480Z,digital-twin-registry,customer,dtr-7979c5ccb7-rg7w2,0
2026-10-07T21:49:55.480Z,digital-twin-registry,customer,dtr-7979c5ccb7-rg7w2,0
2026-10-07T21:50:55.480Z,digital-twin-registry,customer,dtr-7979c5ccb7-rg7w2,0
2026-10-07T21:51:55.480Z,digital-twin-registry,customer,dtr-7979c5ccb7-rg7w2,0
2026-10-07T21:52:55.480Z,digital-twin-registry,customer,dtr-7979c5ccb7-rg7w2,0
2026-10-07T21:53:55.480Z,digital-twin-registry,customer,dtr-7979c5ccb7-rg7w2,0
2026-10-07T21:54:55.480Z,digital-twin-registry,customer,dtr-7979c5ccb7-rg7w2,0
2026-10-07T21:55:55.480Z,digital-twin-registry,customer,dtr-7979c5ccb7-rg7w2,0
2026-10-07T21:56:55.480Z,digital-twin-registry,customer,dtr-7979c5ccb7-rg7w2,0
2026-10-07T21:57:55.480Z,digital-twin-registry,customer,dtr-7979c5ccb7-rg7w2,0
2026-10-07T21:58:55.480Z,digital-twin-registry,customer,dtr-7979c5ccb7-rg7w2,0
2026-10-07T21:59:55.480Z,digital-twin-registry,customer,dtr-7979c5ccb7-rg7w2,0
2026-10-07T22:00:55.480Z,digital-twin-registry,customer,dtr-7979c5ccb7-rg7w2,0
2026-10-07T22:01:55.480Z,digital-twin-registry,customer,dtr-7979c5ccb7-rg7w2,0
2026-10-07T22:02:55.480Z,digital-twin-registry,customer,dtr-7979c5ccb7-rg7w2,0
2026-10-07T22:03:55.480Z,digital-twin-registry,customer,dtr-7979c5ccb7-rg7w2,0
2026-10-07T22:04:55.480Z,digital-twin-registry,customer,dtr-7979c5ccb7-rg7w2,0
2026-10-07T22:05:55.480Z,digital-twin-registry,customer,dtr-7979c5ccb7-rg7w2,0
2026-10-07T22:06:55.480Z,digital-twin-registry,customer,dtr-7979c5ccb7-rg7w2,0
2026-10-07T22:07:55.480Z,digital-twin-registry,customer,dtr-7979c5ccb7-rg7w2,0
2026-10-07T22:08:55.480Z,digital-twin-registry,customer,dtr-7979c5ccb7-rg7w2,0
2026-10-07T22:09:55.480Z,digital-twin-registry,customer,dtr-7979c5ccb7-rg7w2,0
2026-10-07T22:10:55.480Z,digital-twin-registry,customer,dtr-7979c5ccb7-rg7w2,0
2026-10-07T22:11:55.480Z,digital-twin-registry,customer,dtr-7979c5ccb7-rg7w2,0
2026-10-07T22:12:55.480Z,digital-twin-registry,customer,dtr-7979c5ccb7-rg7w2,0
2026-10-07T22:13:55.480Z,digital-twin-registry,customer,dtr-7979c5ccb7-rg7w2,0
2026-10-07T22:14:55.480Z,digital-twin-registry,customer,dtr-7979c5ccb7-rg7w2,0
2026-10-07T22:15:55.480Z,digital-twin-registry,customer,dtr-7979c5ccb7-rg7w2,0
2026-10-07T22:16:55.480Z,digital-twin-registry,customer,dtr-7979c5ccb7-rg7w2,0
2026-10-07T22:17:55.480Z,digital-twin-registry,customer,dtr-7979c5ccb7-rg7w2,0
2026-10-07T22:18:55.480Z,digital-twin-registry,customer,dtr-7979c5ccb7-rg7w2,0
2026-10-07T22:19:55.480Z,digital-twin-registry,customer,dtr-7979c5ccb7-rg7w2,0
2026-10-07T22:20:55.480Z,digital-twin-registry,customer,dtr-7979c5ccb7-rg7w2,0
2026-10-07T22:21:55.480Z,digital-twin-registry,customer,dtr-7979c5ccb7-rg7w2,0
2026-10-07T22:22:55.480Z,digital-twin-registry,customer,dtr-7979c5ccb7-rg7w2,0
2026-10-07T22:23:55.480Z,digital-twin-registry,customer,dtr-7979c5ccb7-rg7w2,0
2026-10-07T20:31:55.480Z,digital-twin-registry,supplier,dtr-d4f6c5bc5-nzx89,0
2026-10-07T20:32:55.480Z,digital-twin-registry,supplier,dtr-d4f6c5bc5-nzx89,0
2026-10-07T20:33:55.480Z,digital-twin-registry,supplier,dtr-d4f6c5bc5-nzx89,0
2026-10-07T20:34:55.480Z,digital-twin-registry,supplier,dtr-d4f6c5bc5-nzx89,0
2026-10-07T20:35:55.480Z,digital-twin-registry,supplier,dtr-d4f6c5bc5-nzx89,0
2026-10-07T20:36:55.480Z,digital-twin-registry,supplier,dtr-d4f6c5bc5-nzx89,0
2026-10-07T20:37:55.480Z,digital-twin-registry,supplier,dtr-d4f6c5bc5-nzx89,0
2026-10-07T20:38:55.480Z,digital-twin-registry,supplier,dtr-d4f6c5bc5-nzx89,0
2026-10-07T20:39:55.480Z,digital-twin-registry,supplier,dtr-d4f6c5bc5-nzx89,0
2026-10-07T20:40:55.480Z,digital-twin-registry,supplier,dtr-d4f6c5bc5-nzx89,0
2026-10-07T20:41:55.480Z,digital-twin-registry,supplier,dtr-d4f6c5bc5-nzx89,0
2026-10-07T20:42:55.480Z,digital-twin-registry,supplier,dtr-d4f6c5bc5-nzx89,0
2026-10-07T20:43:55.480Z,digital-twin-registry,supplier,dtr-d4f6c5bc5-nzx89,0
2026-10-07T20:44:55.480Z,digital-twin-registry,supplier,dtr-d4f6c5bc5-nzx89,0
2026-10-07T20:45:55.480Z,digital-twin-registry,supplier,dtr-d4f6c5bc5-nzx89,0
2026-10-07T20:46:55.480Z,digital-twin-registry,supplier,dtr-d4f6c5bc5-nzx89,0
2026-10-07T20:47:55.480Z,digital-twin-registry,supplier,dtr-d4f6c5bc5-nzx89,0
2026-10-07T20:48:55.480Z,digital-twin-registry,supplier,dtr-d4f6c5bc5-nzx89,0
2026-10-07T20:49:55.480Z,digital-twin-registry,supplier,dtr-d4f6c5bc5-nzx89,0
2026-10-07T20:50:55.480Z,digital-twin-registry,supplier,dtr-d4f6c5bc5-nzx89,0
2026-10-07T20:51:55.480Z,digital-twin-registry,supplier,dtr-d4f6c5bc5-nzx89,0
2026-10-07T20:52:55.480Z,digital-twin-registry,supplier,dtr-d4f6c5bc5-nzx89,0
2026-10-07T20:53:55.480Z,digital-twin-registry,supplier,dtr-d4f6c5bc5-nzx89,0
2026-10-07T20:54:55.480Z,digital-twin-registry,supplier,dtr-d4f6c5bc5-nzx89,0
2026-10-07T20:55:55.480Z,digital-twin-registry,supplier,dtr-d4f6c5bc5-nzx89,0
2026-10-07T20:56:55.480Z,digital-twin-registry,supplier,dtr-d4f6c5bc5-nzx89,0
2026-10-07T20:57:55.480Z,digital-twin-registry,supplier,dtr-d4f6c5bc5-nzx89,0
2026-10-07T20:58:55.480Z,digital-twin-registry,supplier,dtr-d4f6c5bc5-nzx89,0
2026-10-07T20:59:55.480Z,digital-twin-registry,supplier,dtr-d4f6c5bc5-nzx89,0
2026-10-07T21:00:55.480Z,digital-twin-registry,supplier,dtr-d4f6c5bc5-nzx89,0
2026-10-07T21:01:55.480Z,digital-twin-registry,supplier,dtr-d4f6c5bc5-nzx89,0
2026-10-07T21:02:55.480Z,digital-twin-registry,supplier,dtr-d4f6c5bc5-nzx89,0
2026-10-07T21:03:55.480Z,digital-twin-registry,supplier,dtr-d4f6c5bc5-nzx89,0
2026-10-07T21:04:55.480Z,digital-twin-registry,supplier,dtr-d4f6c5bc5-nzx89,0
2026-10-07T21:05:55.480Z,digital-twin-registry,supplier,dtr-d4f6c5bc5-nzx89,0
2026-10-07T21:06:55.480Z,digital-twin-registry,supplier,dtr-d4f6c5bc5-nzx89,0
2026-10-07T21:07:55.480Z,digital-twin-registry,supplier,dtr-d4f6c5bc5-nzx89,0
2026-10-07T21:08:55.480Z,digital-twin-registry,supplier,dtr-d4f6c5bc5-nzx89,0
2026-10-07T21:09:55.480Z,digital-twin-registry,supplier,dtr-d4f6c5bc5-nzx89,0
2026-10-07T21:10:55.480Z,digital-twin-registry,supplier,dtr-d4f6c5bc5-nzx89,0
2026-10-07T21:11:55.480Z,digital-twin-registry,supplier,dtr-d4f6c5bc5-nzx89,0
2026-10-07T21:12:55.480Z,digital-twin-registry,supplier,dtr-d4f6c5bc5-nzx89,0
2026-10-07T21:13:55.480Z,digital-twin-registry,supplier,dtr-d4f6c5bc5-nzx89,0
2026-10-07T21:14:55.480Z,digital-twin-registry,supplier,dtr-d4f6c5bc5-nzx89,0
2026-10-07T21:15:55.480Z,digital-twin-registry,supplier,dtr-d4f6c5bc5-nzx89,0
2026-10-07T21:16:55.480Z,digital-twin-registry,supplier,dtr-d4f6c5bc5-nzx89,0
2026-10-07T21:17:55.480Z,digital-twin-registry,supplier,dtr-d4f6c5bc5-nzx89,0
2026-10-07T21:18:55.480Z,digital-twin-registry,supplier,dtr-d4f6c5bc5-nzx89,0
2026-10-07T21:19:55.480Z,digital-twin-registry,supplier,dtr-d4f6c5bc5-nzx89,0
2026-10-07T21:20:55.480Z,digital-twin-registry,supplier,dtr-d4f6c5bc5-nzx89,0
2026-10-07T21:21:55.480Z,digital-twin-registry,supplier,dtr-d4f6c5bc5-nzx89,0
2026-10-07T21:22:55.480Z,digital-twin-registry,supplier,dtr-d4f6c5bc5-nzx89,0
2026-10-07T21:23:55.480Z,digital-twin-registry,supplier,dtr-d4f6c5bc5-nzx89,0
2026-10-07T21:24:55.480Z,digital-twin-registry,supplier,dtr-d4f6c5bc5-nzx89,0
2026-10-07T21:25:55.480Z,digital-twin-registry,supplier,dtr-d4f6c5bc5-nzx89,0
2026-10-07T21:26:55.480Z,digital-twin-registry,supplier,dtr-d4f6c5bc5-nzx89,0
2026-10-07T21:27:55.480Z,digital-twin-registry,supplier,dtr-d4f6c5bc5-nzx89,0
2026-10-07T21:28:55.480Z,digital-twin-registry,supplier,dtr-d4f6c5bc5-nzx89,0
2026-10-07T21:29:55.480Z,digital-twin-registry,supplier,dtr-d4f6c5bc5-nzx89,0
2026-10-07T21:30:55.480Z,digital-twin-registry,supplier,dtr-d4f6c5bc5-nzx89,0
2026-10-07T21:31:55.480Z,digital-twin-registry,supplier,dtr-d4f6c5bc5-nzx89,0
2026-10-07T21:32:55.480Z,digital-twin-registry,supplier,dtr-d4f6c5bc5-nzx89,0
2026-10-07T21:33:55.480Z,digital-twin-registry,supplier,dtr-d4f6c5bc5-nzx89,0
2026-10-07T21:34:55.480Z,digital-twin-registry,supplier,dtr-d4f6c5bc5-nzx89,0
2026-10-07T21:35:55.480Z,digital-twin-registry,supplier,dtr-d4f6c5bc5-nzx89,0
2026-10-07T21:36:55.480Z,digital-twin-registry,supplier,dtr-d4f6c5bc5-nzx89,0
2026-10-07T21:37:55.480Z,digital-twin-registry,supplier,dtr-d4f6c5bc5-nzx89,0
2026-10-07T21:38:55.480Z,digital-twin-registry,supplier,dtr-d4f6c5bc5-nzx89,0
2026-10-07T21:39:55.480Z,digital-twin-registry,supplier,dtr-d4f6c5bc5-nzx89,0
2026-10-07T21:40:55.480Z,digital-twin-registry,supplier,dtr-d4f6c5bc5-nzx89,0
2026-10-07T21:41:55.480Z,digital-twin-registry,supplier,dtr-d4f6c5bc5-nzx89,0
2026-10-07T21:42:55.480Z,digital-twin-registry,supplier,dtr-d4f6c5bc5-nzx89,0
2026-10-07T21:43:55.480Z,digital-twin-registry,supplier,dtr-d4f6c5bc5-nzx89,0
2026-10-07T21:44:55.480Z,digital-twin-registry,supplier,dtr-d4f6c5bc5-nzx89,0
2026-10-07T21:45:55.480Z,digital-twin-registry,supplier,dtr-d4f6c5bc5-nzx89,0
2026-10-07T21:46:55.480Z,digital-twin-registry,supplier,dtr-d4f6c5bc5-nzx89,0
2026-10-07T21:47:55.480Z,digital-twin-registry,supplier,dtr-d4f6c5bc5-nzx89,0
2026-10-07T21:48:55.480Z,digital-twin-registry,supplier,dtr-d4f6c5bc5-nzx89,0
2026-10-07T21:49:55.480Z,digital-twin-registry,supplier,dtr-d4f6c5bc5-nzx89,0
2026-10-07T21:50:55.480Z,digital-twin-registry,supplier,dtr-d4f6c5bc5-nzx89,0
2026-10-07T21:51:55.480Z,digital-twin-registry,supplier,dtr-d4f6c5bc5-nzx89,0
2026-10-07T21:52:55.480Z,digital-twin-registry,supplier,dtr-d4f6c5bc5-nzx89,0
2026-10-07T21:53:55.480Z,digital-twin-registry,supplier,dtr-d4f6c5bc5-nzx89,0
2026-10-07T21:54:55.480Z,digital-twin-registry,supplier,dtr-d4f6c5bc5-nzx89,0
2026-10-07T21:55:55.480Z,digital-twin-registry,supplier,dtr-d4f6c5bc5-nzx89,0
2026-10-07T21:56:55.480Z,digital-twin-registry,supplier,dtr-d4f6c5bc5-nzx89,0
2026-10-07T21:57:55.480Z,digital-twin-registry,supplier,dtr-d4f6c5bc5-nzx89,0
2026-10-07T21:58:55.480Z,digital-twin-registry,supplier,dtr-d4f6c5bc5-nzx89,0
2026-10-07T21:59:55.480Z,digital-twin-registry,supplier,dtr-d4f6c5bc5-nzx89,0
2026-10-07T22:00:55.480Z,digital-twin-registry,supplier,dtr-d4f6c5bc5-nzx89,0
2026-10-07T22:01:55.480Z,digital-twin-registry,supplier,dtr-d4f6c5bc5-nzx89,0
2026-10-07T22:02:55.480Z,digital-twin-registry,supplier,dtr-d4f6c5bc5-nzx89,0
2026-10-07T22:03:55.480Z,digital-twin-registry,supplier,dtr-d4f6c5bc5-nzx89,0
2026-10-07T22:04:55.480Z,digital-twin-registry,supplier,dtr-d4f6c5bc5-nzx89,0
2026-10-07T22:05:55.480Z,digital-twin-registry,supplier,dtr-d4f6c5bc5-nzx89,0
2026-10-07T22:06:55.480Z,digital-twin-registry,supplier,dtr-d4f6c5bc5-nzx89,0
2026-10-07T22:07:55.480Z,digital-twin-registry,supplier,dtr-d4f6c5bc5-nzx89,0
2026-10-07T22:08:55.480Z,digital-twin-registry,supplier,dtr-d4f6c5bc5-nzx89,0
2026-10-07T22:09:55.480Z,digital-twin-registry,supplier,dtr-d4f6c5bc5-nzx89,0
2026-10-07T22:10:55.480Z,digital-twin-registry,supplier,dtr-d4f6c5bc5-nzx89,0
2026-10-07T22:11:55.480Z,digital-twin-registry,supplier,dtr-d4f6c5bc5-nzx89,0
2026-10-07T22:12:55.480Z,digital-twin-registry,supplier,dtr-d4f6c5bc5-nzx89,0
2026-10-07T22:13:55.480Z,digital-twin-registry,supplier,dtr-d4f6c5bc5-nzx89,0
2026-10-07T22:14:55.480Z,digital-twin-registry,supplier,dtr-d4f6c5bc5-nzx89,0
2026-10-07T22:15:55.480Z,digital-twin-registry,supplier,dtr-d4f6c5bc5-nzx89,0
2026-10-07T22:16:55.480Z,digital-twin-registry,supplier,dtr-d4f6c5bc5-nzx89,0
2026-10-07T22:17:55.480Z,digital-twin-registry,supplier,dtr-d4f6c5bc5-nzx89,0
2026-10-07T22:18:55.480Z,digital-twin-registry,supplier,dtr-d4f6c5bc5-nzx89,0
2026-10-07T22:19:55.480Z,digital-twin-registry,supplier,dtr-d4f6c5bc5-nzx89,0
2026-10-07T22:20:55.480Z,digital-twin-registry,supplier,dtr-d4f6c5bc5-nzx89,0
2026-10-07T22:21:55.480Z,digital-twin-registry,supplier,dtr-d4f6c5bc5-nzx89,0
2026-10-07T22:22:55.480Z,digital-twin-registry,supplier,dtr-d4f6c5bc5-nzx89,0
2026-10-07T22:23:55.480Z,digital-twin-registry,supplier,dtr-d4f6c5bc5-nzx89,0
2026-10-07T20:31:55.480Z,grafana,monitoring,monitoring-grafana-647dfc6967-jlf5d,0
2026-10-07T20:32:55.480Z,grafana,monitoring,monitoring-grafana-647dfc6967-jlf5d,0
2026-10-07T20:33:55.480Z,grafana,monitoring,monitoring-grafana-647dfc6967-jlf5d,0
2026-10-07T20:34:55.480Z,grafana,monitoring,monitoring-grafana-647dfc6967-jlf5d,0
2026-10-07T20:35:55.480Z,grafana,monitoring,monitoring-grafana-647dfc6967-jlf5d,0
2026-10-07T20:36:55.480Z,grafana,monitoring,monitoring-grafana-647dfc6967-jlf5d,0
2026-10-07T20:37:55.480Z,grafana,monitoring,monitoring-grafana-647dfc6967-jlf5d,0
2026-10-07T20:38:55.480Z,grafana,monitoring,monitoring-grafana-647dfc6967-jlf5d,0
2026-10-07T20:39:55.480Z,grafana,monitoring,monitoring-grafana-647dfc6967-jlf5d,0
2026-10-07T20:40:55.480Z,grafana,monitoring,monitoring-grafana-647dfc6967-jlf5d,0
2026-10-07T20:41:55.480Z,grafana,monitoring,monitoring-grafana-647dfc6967-jlf5d,0
2026-10-07T20:42:55.480Z,grafana,monitoring,monitoring-grafana-647dfc6967-jlf5d,0
2026-10-07T20:43:55.480Z,grafana,monitoring,monitoring-grafana-647dfc6967-jlf5d,0
2026-10-07T20:44:55.480Z,grafana,monitoring,monitoring-grafana-647dfc6967-jlf5d,0
2026-10-07T20:45:55.480Z,grafana,monitoring,monitoring-grafana-647dfc6967-jlf5d,0
2026-10-07T20:46:55.480Z,grafana,monitoring,monitoring-grafana-647dfc6967-jlf5d,0
2026-10-07T20:47:55.480Z,grafana,monitoring,monitoring-grafana-647dfc6967-jlf5d,0
2026-10-07T20:48:55.480Z,grafana,monitoring,monitoring-grafana-647dfc6967-jlf5d,0
2026-10-07T20:49:55.480Z,grafana,monitoring,monitoring-grafana-647dfc6967-jlf5d,0
2026-10-07T20:50:55.480Z,grafana,monitoring,monitoring-grafana-647dfc6967-jlf5d,0
2026-10-07T20:51:55.480Z,grafana,monitoring,monitoring-grafana-647dfc6967-jlf5d,0
2026-10-07T20:52:55.480Z,grafana,monitoring,monitoring-grafana-647dfc6967-jlf5d,0
2026-10-07T20:53:55.480Z,grafana,monitoring,monitoring-grafana-647dfc6967-jlf5d,0
2026-10-07T20:54:55.480Z,grafana,monitoring,monitoring-grafana-647dfc6967-jlf5d,0
2026-10-07T20:55:55.480Z,grafana,monitoring,monitoring-grafana-647dfc6967-jlf5d,0
2026-10-07T20:56:55.480Z,grafana,monitoring,monitoring-grafana-647dfc6967-jlf5d,0
2026-10-07T20:57:55.480Z,grafana,monitoring,monitoring-grafana-647dfc6967-jlf5d,0
2026-10-07T20:58:55.480Z,grafana,monitoring,monitoring-grafana-647dfc6967-jlf5d,0
2026-10-07T20:59:55.480Z,grafana,monitoring,monitoring-grafana-647dfc6967-jlf5d,0
2026-10-07T21:00:55.480Z,grafana,monitoring,monitoring-grafana-647dfc6967-jlf5d,0
2026-10-07T21:01:55.480Z,grafana,monitoring,monitoring-grafana-647dfc6967-jlf5d,0
2026-10-07T21:02:55.480Z,grafana,monitoring,monitoring-grafana-647dfc6967-jlf5d,0
2026-10-07T21:03:55.480Z,grafana,monitoring,monitoring-grafana-647dfc6967-jlf5d,0
2026-10-07T21:04:55.480Z,grafana,monitoring,monitoring-grafana-647dfc6967-jlf5d,0
2026-10-07T21:05:55.480Z,grafana,monitoring,monitoring-grafana-647dfc6967-jlf5d,0
2026-10-07T21:06:55.480Z,grafana,monitoring,monitoring-grafana-647dfc6967-jlf5d,0
2026-10-07T21:07:55.480Z,grafana,monitoring,monitoring-grafana-647dfc6967-jlf5d,0
2026-10-07T21:08:55.480Z,grafana,monitoring,monitoring-grafana-647dfc6967-jlf5d,0
2026-10-07T21:09:55.480Z,grafana,monitoring,monitoring-grafana-647dfc6967-jlf5d,0
2026-10-07T21:10:55.480Z,grafana,monitoring,monitoring-grafana-647dfc6967-jlf5d,0
2026-10-07T21:11:55.480Z,grafana,monitoring,monitoring-grafana-647dfc6967-jlf5d,0
2026-10-07T21:12:55.480Z,grafana,monitoring,monitoring-grafana-647dfc6967-jlf5d,0
2026-10-07T21:13:55.480Z,grafana,monitoring,monitoring-grafana-647dfc6967-jlf5d,0
2026-10-07T21:14:55.480Z,grafana,monitoring,monitoring-grafana-647dfc6967-jlf5d,0
2026-10-07T21:15:55.480Z,grafana,monitoring,monitoring-grafana-647dfc6967-jlf5d,0
2026-10-07T21:16:55.480Z,grafana,monitoring,monitoring-grafana-647dfc6967-jlf5d,0
2026-10-07T21:17:55.480Z,grafana,monitoring,monitoring-grafana-647dfc6967-jlf5d,0
2026-10-07T21:18:55.480Z,grafana,monitoring,monitoring-grafana-647dfc6967-jlf5d,0
2026-10-07T21:19:55.480Z,grafana,monitoring,monitoring-grafana-647dfc6967-jlf5d,0
2026-10-07T21:20:55.480Z,grafana,monitoring,monitoring-grafana-647dfc6967-jlf5d,0
2026-10-07T21:21:55.480Z,grafana,monitoring,monitoring-grafana-647dfc6967-jlf5d,0
2026-10-07T21:22:55.480Z,grafana,monitoring,monitoring-grafana-647dfc6967-jlf5d,0
2026-10-07T21:23:55.480Z,grafana,monitoring,monitoring-grafana-647dfc6967-jlf5d,0
2026-10-07T21:24:55.480Z,grafana,monitoring,monitoring-grafana-647dfc6967-jlf5d,0
2026-10-07T21:25:55.480Z,grafana,monitoring,monitoring-grafana-647dfc6967-jlf5d,0
2026-10-07T21:26:55.480Z,grafana,monitoring,monitoring-grafana-647dfc6967-jlf5d,0
2026-10-07T21:27:55.480Z,grafana,monitoring,monitoring-grafana-647dfc6967-jlf5d,0
2026-10-07T21:28:55.480Z,grafana,monitoring,monitoring-grafana-647dfc6967-jlf5d,0
2026-10-07T21:29:55.480Z,grafana,monitoring,monitoring-grafana-647dfc6967-jlf5d,0
2026-10-07T21:30:55.480Z,grafana,monitoring,monitoring-grafana-647dfc6967-jlf5d,0
2026-10-07T21:31:55.480Z,grafana,monitoring,monitoring-grafana-647dfc6967-jlf5d,0
2026-10-07T21:32:55.480Z,grafana,monitoring,monitoring-grafana-647dfc6967-jlf5d,0
2026-10-07T21:33:55.480Z,grafana,monitoring,monitoring-grafana-647dfc6967-jlf5d,0
2026-10-07T21:34:55.480Z,grafana,monitoring,monitoring-grafana-647dfc6967-jlf5d,0
2026-10-07T21:35:55.480Z,grafana,monitoring,monitoring-grafana-647dfc6967-jlf5d,0
2026-10-07T21:36:55.480Z,grafana,monitoring,monitoring-grafana-647dfc6967-jlf5d,0
2026-10-07T21:37:55.480Z,grafana,monitoring,monitoring-grafana-647dfc6967-jlf5d,0
2026-10-07T21:38:55.480Z,grafana,monitoring,monitoring-grafana-647dfc6967-jlf5d,0
2026-10-07T21:39:55.480Z,grafana,monitoring,monitoring-grafana-647dfc6967-jlf5d,0
2026-10-07T21:40:55.480Z,grafana,monitoring,monitoring-grafana-647dfc6967-jlf5d,0
2026-10-07T21:41:55.480Z,grafana,monitoring,monitoring-grafana-647dfc6967-jlf5d,0
2026-10-07T21:42:55.480Z,grafana,monitoring,monitoring-grafana-647dfc6967-jlf5d,0
2026-10-07T21:43:55.480Z,grafana,monitoring,monitoring-grafana-647dfc6967-jlf5d,0
2026-10-07T21:44:55.480Z,grafana,monitoring,monitoring-grafana-647dfc6967-jlf5d,0
2026-10-07T21:45:55.480Z,grafana,monitoring,monitoring-grafana-647dfc6967-jlf5d,0
2026-10-07T21:46:55.480Z,grafana,monitoring,monitoring-grafana-647dfc6967-jlf5d,0
2026-10-07T21:47:55.480Z,grafana,monitoring,monitoring-grafana-647dfc6967-jlf5d,0
2026-10-07T21:48:55.480Z,grafana,monitoring,monitoring-grafana-647dfc6967-jlf5d,0
2026-10-07T21:49:55.480Z,grafana,monitoring,monitoring-grafana-647dfc6967-jlf5d,0
2026-10-07T21:50:55.480Z,grafana,monitoring,monitoring-grafana-647dfc6967-jlf5d,0
2026-10-07T21:51:55.480Z,grafana,monitoring,monitoring-grafana-647dfc6967-jlf5d,0
2026-10-07T21:52:55.480Z,grafana,monitoring,monitoring-grafana-647dfc6967-jlf5d,0
2026-10-07T21:53:55.480Z,grafana,monitoring,monitoring-grafana-647dfc6967-jlf5d,0
2026-10-07T21:54:55.480Z,grafana,monitoring,monitoring-grafana-647dfc6967-jlf5d,0
2026-10-07T21:55:55.480Z,grafana,monitoring,monitoring-grafana-647dfc6967-jlf5d,0
2026-10-07T21:56:55.480Z,grafana,monitoring,monitoring-grafana-647dfc6967-jlf5d,0
2026-10-07T21:57:55.480Z,grafana,monitoring,monitoring-grafana-647dfc6967-jlf5d,0
2026-10-07T21:58:55.480Z,grafana,monitoring,monitoring-grafana-647dfc6967-jlf5d,0
2026-10-07T21:59:55.480Z,grafana,monitoring,monitoring-grafana-647dfc6967-jlf5d,0
2026-10-07T22:00:55.480Z,grafana,monitoring,monitoring-grafana-647dfc6967-jlf5d,0
2026-10-07T22:01:55.480Z,grafana,monitoring,monitoring-grafana-647dfc6967-jlf5d,0
2026-10-07T22:02:55.480Z,grafana,monitoring,monitoring-grafana-647dfc6967-jlf5d,0
2026-10-07T22:03:55.480Z,grafana,monitoring,monitoring-grafana-647dfc6967-jlf5d,0
2026-10-07T22:04:55.480Z,grafana,monitoring,monitoring-grafana-647dfc6967-jlf5d,0
2026-10-07T22:05:55.480Z,grafana,monitoring,monitoring-grafana-647dfc6967-jlf5d,0
2026-10-07T22:06:55.480Z,grafana,monitoring,monitoring-grafana-647dfc6967-jlf5d,0
2026-10-07T22:07:55.480Z,grafana,monitoring,monitoring-grafana-647dfc6967-jlf5d,0
2026-10-07T22:08:55.480Z,grafana,monitoring,monitoring-grafana-647dfc6967-jlf5d,0
2026-10-07T22:09:55.480Z,grafana,monitoring,monitoring-grafana-647dfc6967-jlf5d,0
2026-10-07T22:10:55.480Z,grafana,monitoring,monitoring-grafana-647dfc6967-jlf5d,0
2026-10-07T22:11:55.480Z,grafana,monitoring,monitoring-grafana-647dfc6967-jlf5d,0
2026-10-07T22:12:55.480Z,grafana,monitoring,monitoring-grafana-647dfc6967-jlf5d,0
2026-10-07T22:13:55.480Z,grafana,monitoring,monitoring-grafana-647dfc6967-jlf5d,0
2026-10-07T22:14:55.480Z,grafana,monitoring,monitoring-grafana-647dfc6967-jlf5d,0
2026-10-07T22:15:55.480Z,grafana,monitoring,monitoring-grafana-647dfc6967-jlf5d,0
2026-10-07T22:16:55.480Z,grafana,monitoring,monitoring-grafana-647dfc6967-jlf5d,0
2026-10-07T22:17:55.480Z,grafana,monitoring,monitoring-grafana-647dfc6967-jlf5d,0
2026-10-07T22:18:55.480Z,grafana,monitoring,monitoring-grafana-647dfc6967-jlf5d,0
2026-10-07T22:19:55.480Z,grafana,monitoring,monitoring-grafana-647dfc6967-jlf5d,0
2026-10-07T22:20:55.480Z,grafana,monitoring,monitoring-grafana-647dfc6967-jlf5d,0
2026-10-07T22:21:55.480Z,grafana,monitoring,monitoring-grafana-647dfc6967-jlf5d,0
2026-10-07T22:22:55.480Z,grafana,monitoring,monitoring-grafana-647dfc6967-jlf5d,0
2026-10-07T22:23:55.480Z,grafana,monitoring,monitoring-grafana-647dfc6967-jlf5d,0
2026-10-07T20:31:55.480Z,grafana-sc-dashboard,monitoring,monitoring-grafana-647dfc6967-jlf5d,0
2026-10-07T20:32:55.480Z,grafana-sc-dashboard,monitoring,monitoring-grafana-647dfc6967-jlf5d,0
2026-10-07T20:33:55.480Z,grafana-sc-dashboard,monitoring,monitoring-grafana-647dfc6967-jlf5d,0
2026-10-07T20:34:55.480Z,grafana-sc-dashboard,monitoring,monitoring-grafana-647dfc6967-jlf5d,0
2026-10-07T20:35:55.480Z,grafana-sc-dashboard,monitoring,monitoring-grafana-647dfc6967-jlf5d,0
2026-10-07T20:36:55.480Z,grafana-sc-dashboard,monitoring,monitoring-grafana-647dfc6967-jlf5d,0
2026-10-07T20:37:55.480Z,grafana-sc-dashboard,monitoring,monitoring-grafana-647dfc6967-jlf5d,0
2026-10-07T20:38:55.480Z,grafana-sc-dashboard,monitoring,monitoring-grafana-647dfc6967-jlf5d,0
2026-10-07T20:39:55.480Z,grafana-sc-dashboard,monitoring,monitoring-grafana-647dfc6967-jlf5d,0
2026-10-07T20:40:55.480Z,grafana-sc-dashboard,monitoring,monitoring-grafana-647dfc6967-jlf5d,0
2026-10-07T20:41:55.480Z,grafana-sc-dashboard,monitoring,monitoring-grafana-647dfc6967-jlf5d,0
2026-10-07T20:42:55.480Z,grafana-sc-dashboard,monitoring,monitoring-grafana-647dfc6967-jlf5d,0
2026-10-07T20:43:55.480Z,grafana-sc-dashboard,monitoring,monitoring-grafana-647dfc6967-jlf5d,0
2026-10-07T20:44:55.480Z,grafana-sc-dashboard,monitoring,monitoring-grafana-647dfc6967-jlf5d,0
2026-10-07T20:45:55.480Z,grafana-sc-dashboard,monitoring,monitoring-grafana-647dfc6967-jlf5d,0
2026-10-07T20:46:55.480Z,grafana-sc-dashboard,monitoring,monitoring-grafana-647dfc6967-jlf5d,0
2026-10-07T20:47:55.480Z,grafana-sc-dashboard,monitoring,monitoring-grafana-647dfc6967-jlf5d,0
2026-10-07T20:48:55.480Z,grafana-sc-dashboard,monitoring,monitoring-grafana-647dfc6967-jlf5d,0
2026-10-07T20:49:55.480Z,grafana-sc-dashboard,monitoring,monitoring-grafana-647dfc6967-jlf5d,0
2026-10-07T20:50:55.480Z,grafana-sc-dashboard,monitoring,monitoring-grafana-647dfc6967-jlf5d,0
2026-10-07T20:51:55.480Z,grafana-sc-dashboard,monitoring,monitoring-grafana-647dfc6967-jlf5d,0
2026-10-07T20:52:55.480Z,grafana-sc-dashboard,monitoring,monitoring-grafana-647dfc6967-jlf5d,0
2026-10-07T20:53:55.480Z,grafana-sc-dashboard,monitoring,monitoring-grafana-647dfc6967-jlf5d,0
2026-10-07T20:54:55.480Z,grafana-sc-dashboard,monitoring,monitoring-grafana-647dfc6967-jlf5d,0
2026-10-07T20:55:55.480Z,grafana-sc-dashboard,monitoring,monitoring-grafana-647dfc6967-jlf5d,0
2026-10-07T20:56:55.480Z,grafana-sc-dashboard,monitoring,monitoring-grafana-647dfc6967-jlf5d,0
2026-10-07T20:57:55.480Z,grafana-sc-dashboard,monitoring,monitoring-grafana-647dfc6967-jlf5d,0
2026-10-07T20:58:55.480Z,grafana-sc-dashboard,monitoring,monitoring-grafana-647dfc6967-jlf5d,0
2026-10-07T20:59:55.480Z,grafana-sc-dashboard,monitoring,monitoring-grafana-647dfc6967-jlf5d,0
2026-10-07T21:00:55.480Z,grafana-sc-dashboard,monitoring,monitoring-grafana-647dfc6967-jlf5d,0
2026-10-07T21:01:55.480Z,grafana-sc-dashboard,monitoring,monitoring-grafana-647dfc6967-jlf5d,0
2026-10-07T21:02:55.480Z,grafana-sc-dashboard,monitoring,monitoring-grafana-647dfc6967-jlf5d,0
2026-10-07T21:03:55.480Z,grafana-sc-dashboard,monitoring,monitoring-grafana-647dfc6967-jlf5d,0
2026-10-07T21:04:55.480Z,grafana-sc-dashboard,monitoring,monitoring-grafana-647dfc6967-jlf5d,0
2026-10-07T21:05:55.480Z,grafana-sc-dashboard,monitoring,monitoring-grafana-647dfc6967-jlf5d,0
2026-10-07T21:06:55.480Z,grafana-sc-dashboard,monitoring,monitoring-grafana-647dfc6967-jlf5d,0
2026-10-07T21:07:55.480Z,grafana-sc-dashboard,monitoring,monitoring-grafana-647dfc6967-jlf5d,0
2026-10-07T21:08:55.480Z,grafana-sc-dashboard,monitoring,monitoring-grafana-647dfc6967-jlf5d,0
2026-10-07T21:09:55.480Z,grafana-sc-dashboard,monitoring,monitoring-grafana-647dfc6967-jlf5d,0
2026-10-07T21:10:55.480Z,grafana-sc-dashboard,monitoring,monitoring-grafana-647dfc6967-jlf5d,0
2026-10-07T21:11:55.480Z,grafana-sc-dashboard,monitoring,monitoring-grafana-647dfc6967-jlf5d,0
2026-10-07T21:12:55.480Z,grafana-sc-dashboard,monitoring,monitoring-grafana-647dfc6967-jlf5d,0
2026-10-07T21:13:55.480Z,grafana-sc-dashboard,monitoring,monitoring-grafana-647dfc6967-jlf5d,0
2026-10-07T21:14:55.480Z,grafana-sc-dashboard,monitoring,monitoring-grafana-647dfc6967-jlf5d,0
2026-10-07T21:15:55.480Z,grafana-sc-dashboard,monitoring,monitoring-grafana-647dfc6967-jlf5d,0
2026-10-07T21:16:55.480Z,grafana-sc-dashboard,monitoring,monitoring-grafana-647dfc6967-jlf5d,0
2026-10-07T21:17:55.480Z,grafana-sc-dashboard,monitoring,monitoring-grafana-647dfc6967-jlf5d,0
2026-10-07T21:18:55.480Z,grafana-sc-dashboard,monitoring,monitoring-grafana-647dfc6967-jlf5d,0
2026-10-07T21:19:55.480Z,grafana-sc-dashboard,monitoring,monitoring-grafana-647dfc6967-jlf5d,0
2026-10-07T21:20:55.480Z,grafana-sc-dashboard,monitoring,monitoring-grafana-647dfc6967-jlf5d,0
2026-10-07T21:21:55.480Z,grafana-sc-dashboard,monitoring,monitoring-grafana-647dfc6967-jlf5d,0
2026-10-07T21:22:55.480Z,grafana-sc-dashboard,monitoring,monitoring-grafana-647dfc6967-jlf5d,0
2026-10-07T21:23:55.480Z,grafana-sc-dashboard,monitoring,monitoring-grafana-647dfc6967-jlf5d,0
2026-10-07T21:24:55.480Z,grafana-sc-dashboard,monitoring,monitoring-grafana-647dfc6967-jlf5d,0
2026-10-07T21:25:55.480Z,grafana-sc-dashboard,monitoring,monitoring-grafana-647dfc6967-jlf5d,0
2026-10-07T21:26:55.480Z,grafana-sc-dashboard,monitoring,monitoring-grafana-647dfc6967-jlf5d,0
2026-10-07T21:27:55.480Z,grafana-sc-dashboard,monitoring,monitoring-grafana-647dfc6967-jlf5d,0
2026-10-07T21:28:55.480Z,grafana-sc-dashboard,monitoring,monitoring-grafana-647dfc6967-jlf5d,0
2026-10-07T21:29:55.480Z,grafana-sc-dashboard,monitoring,monitoring-grafana-647dfc6967-jlf5d,0
2026-10-07T21:30:55.480Z,grafana-sc-dashboard,monitoring,monitoring-grafana-647dfc6967-jlf5d,0
2026-10-07T21:31:55.480Z,grafana-sc-dashboard,monitoring,monitoring-grafana-647dfc6967-jlf5d,0
2026-10-07T21:32:55.480Z,grafana-sc-dashboard,monitoring,monitoring-grafana-647dfc6967-jlf5d,0
2026-10-07T21:33:55.480Z,grafana-sc-dashboard,monitoring,monitoring-grafana-647dfc6967-jlf5d,0
2026-10-07T21:34:55.480Z,grafana-sc-dashboard,monitoring,monitoring-grafana-647dfc6967-jlf5d,0
2026-10-07T21:35:55.480Z,grafana-sc-dashboard,monitoring,monitoring-grafana-647dfc6967-jlf5d,0
2026-10-07T21:36:55.480Z,grafana-sc-dashboard,monitoring,monitoring-grafana-647dfc6967-jlf5d,0
2026-10-07T21:37:55.480Z,grafana-sc-dashboard,monitoring,monitoring-grafana-647dfc6967-jlf5d,0
2026-10-07T21:38:55.480Z,grafana-sc-dashboard,monitoring,monitoring-grafana-647dfc6967-jlf5d,0
2026-10-07T21:39:55.480Z,grafana-sc-dashboard,monitoring,monitoring-grafana-647dfc6967-jlf5d,0
2026-10-07T21:40:55.480Z,grafana-sc-dashboard,monitoring,monitoring-grafana-647dfc6967-jlf5d,0
2026-10-07T21:41:55.480Z,grafana-sc-dashboard,monitoring,monitoring-grafana-647dfc6967-jlf5d,0
2026-10-07T21:42:55.480Z,grafana-sc-dashboard,monitoring,monitoring-grafana-647dfc6967-jlf5d,0
2026-10-07T21:43:55.480Z,grafana-sc-dashboard,monitoring,monitoring-grafana-647dfc6967-jlf5d,0
2026-10-07T21:44:55.480Z,grafana-sc-dashboard,monitoring,monitoring-grafana-647dfc6967-jlf5d,0
2026-10-07T21:45:55.480Z,grafana-sc-dashboard,monitoring,monitoring-grafana-647dfc6967-jlf5d,0
2026-10-07T21:46:55.480Z,grafana-sc-dashboard,monitoring,monitoring-grafana-647dfc6967-jlf5d,0
2026-10-07T21:47:55.480Z,grafana-sc-dashboard,monitoring,monitoring-grafana-647dfc6967-jlf5d,0
2026-10-07T21:48:55.480Z,grafana-sc-dashboard,monitoring,monitoring-grafana-647dfc6967-jlf5d,0
2026-10-07T21:49:55.480Z,grafana-sc-dashboard,monitoring,monitoring-grafana-647dfc6967-jlf5d,0
2026-10-07T21:50:55.480Z,grafana-sc-dashboard,monitoring,monitoring-grafana-647dfc6967-jlf5d,0
2026-10-07T21:51:55.480Z,grafana-sc-dashboard,monitoring,monitoring-grafana-647dfc6967-jlf5d,0
2026-10-07T21:52:55.480Z,grafana-sc-dashboard,monitoring,monitoring-grafana-647dfc6967-jlf5d,0
2026-10-07T21:53:55.480Z,grafana-sc-dashboard,monitoring,monitoring-grafana-647dfc6967-jlf5d,0
2026-10-07T21:54:55.480Z,grafana-sc-dashboard,monitoring,monitoring-grafana-647dfc6967-jlf5d,0
2026-10-07T21:55:55.480Z,grafana-sc-dashboard,monitoring,monitoring-grafana-647dfc6967-jlf5d,0
2026-10-07T21:56:55.480Z,grafana-sc-dashboard,monitoring,monitoring-grafana-647dfc6967-jlf5d,0
2026-10-07T21:57:55.480Z,grafana-sc-dashboard,monitoring,monitoring-grafana-647dfc6967-jlf5d,0
2026-10-07T21:58:55.480Z,grafana-sc-dashboard,monitoring,monitoring-grafana-647dfc6967-jlf5d,0
2026-10-07T21:59:55.480Z,grafana-sc-dashboard,monitoring,monitoring-grafana-647dfc6967-jlf5d,0
2026-10-07T22:00:55.480Z,grafana-sc-dashboard,monitoring,monitoring-grafana-647dfc6967-jlf5d,0
2026-10-07T22:01:55.480Z,grafana-sc-dashboard,monitoring,monitoring-grafana-647dfc6967-jlf5d,0
2026-10-07T22:02:55.480Z,grafana-sc-dashboard,monitoring,monitoring-grafana-647dfc6967-jlf5d,0
2026-10-07T22:03:55.480Z,grafana-sc-dashboard,monitoring,monitoring-grafana-647dfc6967-jlf5d,0
2026-10-07T22:04:55.480Z,grafana-sc-dashboard,monitoring,monitoring-grafana-647dfc6967-jlf5d,0
2026-10-07T22:05:55.480Z,grafana-sc-dashboard,monitoring,monitoring-grafana-647dfc6967-jlf5d,0
2026-10-07T22:06:55.480Z,grafana-sc-dashboard,monitoring,monitoring-grafana-647dfc6967-jlf5d,0
2026-10-07T22:07:55.480Z,grafana-sc-dashboard,monitoring,monitoring-grafana-647dfc6967-jlf5d,0
2026-10-07T22:08:55.480Z,grafana-sc-dashboard,monitoring,monitoring-grafana-647dfc6967-jlf5d,0
2026-10-07T22:09:55.480Z,grafana-sc-dashboard,monitoring,monitoring-grafana-647dfc6967-jlf5d,0
2026-10-07T22:10:55.480Z,grafana-sc-dashboard,monitoring,monitoring-grafana-647dfc6967-jlf5d,0
2026-10-07T22:11:55.480Z,grafana-sc-dashboard,monitoring,monitoring-grafana-647dfc6967-jlf5d,0
2026-10-07T22:12:55.480Z,grafana-sc-dashboard,monitoring,monitoring-grafana-647dfc6967-jlf5d,0
2026-10-07T22:13:55.480Z,grafana-sc-dashboard,monitoring,monitoring-grafana-647dfc6967-jlf5d,0
2026-10-07T22:14:55.480Z,grafana-sc-dashboard,monitoring,monitoring-grafana-647dfc6967-jlf5d,0
2026-10-07T22:15:55.480Z,grafana-sc-dashboard,monitoring,monitoring-grafana-647dfc6967-jlf5d,0
2026-10-07T22:16:55.480Z,grafana-sc-dashboard,monitoring,monitoring-grafana-647dfc6967-jlf5d,0
2026-10-07T22:17:55.480Z,grafana-sc-dashboard,monitoring,monitoring-grafana-647dfc6967-jlf5d,0
2026-10-07T22:18:55.480Z,grafana-sc-dashboard,monitoring,monitoring-grafana-647dfc6967-jlf5d,0
2026-10-07T22:19:55.480Z,grafana-sc-dashboard,monitoring,monitoring-grafana-647dfc6967-jlf5d,0
2026-10-07T22:20:55.480Z,grafana-sc-dashboard,monitoring,monitoring-grafana-647dfc6967-jlf5d,0
2026-10-07T22:21:55.480Z,grafana-sc-dashboard,monitoring,monitoring-grafana-647dfc6967-jlf5d,0
2026-10-07T22:22:55.480Z,grafana-sc-dashboard,monitoring,monitoring-grafana-647dfc6967-jlf5d,0
2026-10-07T22:23:55.480Z,grafana-sc-dashboard,monitoring,monitoring-grafana-647dfc6967-jlf5d,0
2026-10-07T20:31:55.480Z,grafana-sc-datasources,monitoring,monitoring-grafana-647dfc6967-jlf5d,0
2026-10-07T20:32:55.480Z,grafana-sc-datasources,monitoring,monitoring-grafana-647dfc6967-jlf5d,0
2026-10-07T20:33:55.480Z,grafana-sc-datasources,monitoring,monitoring-grafana-647dfc6967-jlf5d,0
2026-10-07T20:34:55.480Z,grafana-sc-datasources,monitoring,monitoring-grafana-647dfc6967-jlf5d,0
2026-10-07T20:35:55.480Z,grafana-sc-datasources,monitoring,monitoring-grafana-647dfc6967-jlf5d,0
2026-10-07T20:36:55.480Z,grafana-sc-datasources,monitoring,monitoring-grafana-647dfc6967-jlf5d,0
2026-10-07T20:37:55.480Z,grafana-sc-datasources,monitoring,monitoring-grafana-647dfc6967-jlf5d,0
2026-10-07T20:38:55.480Z,grafana-sc-datasources,monitoring,monitoring-grafana-647dfc6967-jlf5d,0
2026-10-07T20:39:55.480Z,grafana-sc-datasources,monitoring,monitoring-grafana-647dfc6967-jlf5d,0
2026-10-07T20:40:55.480Z,grafana-sc-datasources,monitoring,monitoring-grafana-647dfc6967-jlf5d,0
2026-10-07T20:41:55.480Z,grafana-sc-datasources,monitoring,monitoring-grafana-647dfc6967-jlf5d,0
2026-10-07T20:42:55.480Z,grafana-sc-datasources,monitoring,monitoring-grafana-647dfc6967-jlf5d,0
2026-10-07T20:43:55.480Z,grafana-sc-datasources,monitoring,monitoring-grafana-647dfc6967-jlf5d,0
2026-10-07T20:44:55.480Z,grafana-sc-datasources,monitoring,monitoring-grafana-647dfc6967-jlf5d,0
2026-10-07T20:45:55.480Z,grafana-sc-datasources,monitoring,monitoring-grafana-647dfc6967-jlf5d,0
2026-10-07T20:46:55.480Z,grafana-sc-datasources,monitoring,monitoring-grafana-647dfc6967-jlf5d,0
2026-10-07T20:47:55.480Z,grafana-sc-datasources,monitoring,monitoring-grafana-647dfc6967-jlf5d,0
2026-10-07T20:48:55.480Z,grafana-sc-datasources,monitoring,monitoring-grafana-647dfc6967-jlf5d,0
2026-10-07T20:49:55.480Z,grafana-sc-datasources,monitoring,monitoring-grafana-647dfc6967-jlf5d,0
2026-10-07T20:50:55.480Z,grafana-sc-datasources,monitoring,monitoring-grafana-647dfc6967-jlf5d,0
2026-10-07T20:51:55.480Z,grafana-sc-datasources,monitoring,monitoring-grafana-647dfc6967-jlf5d,0
2026-10-07T20:52:55.480Z,grafana-sc-datasources,monitoring,monitoring-grafana-647dfc6967-jlf5d,0
2026-10-07T20:53:55.480Z,grafana-sc-datasources,monitoring,monitoring-grafana-647dfc6967-jlf5d,0
2026-10-07T20:54:55.480Z,grafana-sc-datasources,monitoring,monitoring-grafana-647dfc6967-jlf5d,0
2026-10-07T20:55:55.480Z,grafana-sc-datasources,monitoring,monitoring-grafana-647dfc6967-jlf5d,0
2026-10-07T20:56:55.480Z,grafana-sc-datasources,monitoring,monitoring-grafana-647dfc6967-jlf5d,0
2026-10-07T20:57:55.480Z,grafana-sc-datasources,monitoring,monitoring-grafana-647dfc6967-jlf5d,0
2026-10-07T20:58:55.480Z,grafana-sc-datasources,monitoring,monitoring-grafana-647dfc6967-jlf5d,0
2026-10-07T20:59:55.480Z,grafana-sc-datasources,monitoring,monitoring-grafana-647dfc6967-jlf5d,0
2026-10-07T21:00:55.480Z,grafana-sc-datasources,monitoring,monitoring-grafana-647dfc6967-jlf5d,0
2026-10-07T21:01:55.480Z,grafana-sc-datasources,monitoring,monitoring-grafana-647dfc6967-jlf5d,0
2026-10-07T21:02:55.480Z,grafana-sc-datasources,monitoring,monitoring-grafana-647dfc6967-jlf5d,0
2026-10-07T21:03:55.480Z,grafana-sc-datasources,monitoring,monitoring-grafana-647dfc6967-jlf5d,0
2026-10-07T21:04:55.480Z,grafana-sc-datasources,monitoring,monitoring-grafana-647dfc6967-jlf5d,0
2026-10-07T21:05:55.480Z,grafana-sc-datasources,monitoring,monitoring-grafana-647dfc6967-jlf5d,0
2026-10-07T21:06:55.480Z,grafana-sc-datasources,monitoring,monitoring-grafana-647dfc6967-jlf5d,0
2026-10-07T21:07:55.480Z,grafana-sc-datasources,monitoring,monitoring-grafana-647dfc6967-jlf5d,0
2026-10-07T21:08:55.480Z,grafana-sc-datasources,monitoring,monitoring-grafana-647dfc6967-jlf5d,0
2026-10-07T21:09:55.480Z,grafana-sc-datasources,monitoring,monitoring-grafana-647dfc6967-jlf5d,0
2026-10-07T21:10:55.480Z,grafana-sc-datasources,monitoring,monitoring-grafana-647dfc6967-jlf5d,0
2026-10-07T21:11:55.480Z,grafana-sc-datasources,monitoring,monitoring-grafana-647dfc6967-jlf5d,0
2026-10-07T21:12:55.480Z,grafana-sc-datasources,monitoring,monitoring-grafana-647dfc6967-jlf5d,0
2026-10-07T21:13:55.480Z,grafana-sc-datasources,monitoring,monitoring-grafana-647dfc6967-jlf5d,0
2026-10-07T21:14:55.480Z,grafana-sc-datasources,monitoring,monitoring-grafana-647dfc6967-jlf5d,0
2026-10-07T21:15:55.480Z,grafana-sc-datasources,monitoring,monitoring-grafana-647dfc6967-jlf5d,0
2026-10-07T21:16:55.480Z,grafana-sc-datasources,monitoring,monitoring-grafana-647dfc6967-jlf5d,0
2026-10-07T21:17:55.480Z,grafana-sc-datasources,monitoring,monitoring-grafana-647dfc6967-jlf5d,0
2026-10-07T21:18:55.480Z,grafana-sc-datasources,monitoring,monitoring-grafana-647dfc6967-jlf5d,0
2026-10-07T21:19:55.480Z,grafana-sc-datasources,monitoring,monitoring-grafana-647dfc6967-jlf5d,0
2026-10-07T21:20:55.480Z,grafana-sc-datasources,monitoring,monitoring-grafana-647dfc6967-jlf5d,0
2026-10-07T21:21:55.480Z,grafana-sc-datasources,monitoring,monitoring-grafana-647dfc6967-jlf5d,0
2026-10-07T21:22:55.480Z,grafana-sc-datasources,monitoring,monitoring-grafana-647dfc6967-jlf5d,0
2026-10-07T21:23:55.480Z,grafana-sc-datasources,monitoring,monitoring-grafana-647dfc6967-jlf5d,0
2026-10-07T21:24:55.480Z,grafana-sc-datasources,monitoring,monitoring-grafana-647dfc6967-jlf5d,0
2026-10-07T21:25:55.480Z,grafana-sc-datasources,monitoring,monitoring-grafana-647dfc6967-jlf5d,0
2026-10-07T21:26:55.480Z,grafana-sc-datasources,monitoring,monitoring-grafana-647dfc6967-jlf5d,0
2026-10-07T21:27:55.480Z,grafana-sc-datasources,monitoring,monitoring-grafana-647dfc6967-jlf5d,0
2026-10-07T21:28:55.480Z,grafana-sc-datasources,monitoring,monitoring-grafana-647dfc6967-jlf5d,0
2026-10-07T21:29:55.480Z,grafana-sc-datasources,monitoring,monitoring-grafana-647dfc6967-jlf5d,0
2026-10-07T21:30:55.480Z,grafana-sc-datasources,monitoring,monitoring-grafana-647dfc6967-jlf5d,0
2026-10-07T21:31:55.480Z,grafana-sc-datasources,monitoring,monitoring-grafana-647dfc6967-jlf5d,0
2026-10-07T21:32:55.480Z,grafana-sc-datasources,monitoring,monitoring-grafana-647dfc6967-jlf5d,0
2026-10-07T21:33:55.480Z,grafana-sc-datasources,monitoring,monitoring-grafana-647dfc6967-jlf5d,0
2026-10-07T21:34:55.480Z,grafana-sc-datasources,monitoring,monitoring-grafana-647dfc6967-jlf5d,0
2026-10-07T21:35:55.480Z,grafana-sc-datasources,monitoring,monitoring-grafana-647dfc6967-jlf5d,0
2026-10-07T21:36:55.480Z,grafana-sc-datasources,monitoring,monitoring-grafana-647dfc6967-jlf5d,0
2026-10-07T21:37:55.480Z,grafana-sc-datasources,monitoring,monitoring-grafana-647dfc6967-jlf5d,0
2026-10-07T21:38:55.480Z,grafana-sc-datasources,monitoring,monitoring-grafana-647dfc6967-jlf5d,0
2026-10-07T21:39:55.480Z,grafana-sc-datasources,monitoring,monitoring-grafana-647dfc6967-jlf5d,0
2026-10-07T21:40:55.480Z,grafana-sc-datasources,monitoring,monitoring-grafana-647dfc6967-jlf5d,0
2026-10-07T21:41:55.480Z,grafana-sc-datasources,monitoring,monitoring-grafana-647dfc6967-jlf5d,0
2026-10-07T21:42:55.480Z,grafana-sc-datasources,monitoring,monitoring-grafana-647dfc6967-jlf5d,0
2026-10-07T21:43:55.480Z,grafana-sc-datasources,monitoring,monitoring-grafana-647dfc6967-jlf5d,0
2026-10-07T21:44:55.480Z,grafana-sc-datasources,monitoring,monitoring-grafana-647dfc6967-jlf5d,0
2026-10-07T21:45:55.480Z,grafana-sc-datasources,monitoring,monitoring-grafana-647dfc6967-jlf5d,0
2026-10-07T21:46:55.480Z,grafana-sc-datasources,monitoring,monitoring-grafana-647dfc6967-jlf5d,0
2026-10-07T21:47:55.480Z,grafana-sc-datasources,monitoring,monitoring-grafana-647dfc6967-jlf5d,0
2026-10-07T21:48:55.480Z,grafana-sc-datasources,monitoring,monitoring-grafana-647dfc6967-jlf5d,0
2026-10-07T21:49:55.480Z,grafana-sc-datasources,monitoring,monitoring-grafana-647dfc6967-jlf5d,0
2026-10-07T21:50:55.480Z,grafana-sc-datasources,monitoring,monitoring-grafana-647dfc6967-jlf5d,0
2026-10-07T21:51:55.480Z,grafana-sc-datasources,monitoring,monitoring-grafana-647dfc6967-jlf5d,0
2026-10-07T21:52:55.480Z,grafana-sc-datasources,monitoring,monitoring-grafana-647dfc6967-jlf5d,0
2026-10-07T21:53:55.480Z,grafana-sc-datasources,monitoring,monitoring-grafana-647dfc6967-jlf5d,0
2026-10-07T21:54:55.480Z,grafana-sc-datasources,monitoring,monitoring-grafana-647dfc6967-jlf5d,0
2026-10-07T21:55:55.480Z,grafana-sc-datasources,monitoring,monitoring-grafana-647dfc6967-jlf5d,0
2026-10-07T21:56:55.480Z,grafana-sc-datasources,monitoring,monitoring-grafana-647dfc6967-jlf5d,0
2026-10-07T21:57:55.480Z,grafana-sc-datasources,monitoring,monitoring-grafana-647dfc6967-jlf5d,0
2026-10-07T21:58:55.480Z,grafana-sc-datasources,monitoring,monitoring-grafana-647dfc6967-jlf5d,0
2026-10-07T21:59:55.480Z,grafana-sc-datasources,monitoring,monitoring-grafana-647dfc6967-jlf5d,0
2026-10-07T22:00:55.480Z,grafana-sc-datasources,monitoring,monitoring-grafana-647dfc6967-jlf5d,0
2026-10-07T22:01:55.480Z,grafana-sc-datasources,monitoring,monitoring-grafana-647dfc6967-jlf5d,0
2026-10-07T22:02:55.480Z,grafana-sc-datasources,monitoring,monitoring-grafana-647dfc6967-jlf5d,0
2026-10-07T22:03:55.480Z,grafana-sc-datasources,monitoring,monitoring-grafana-647dfc6967-jlf5d,0
2026-10-07T22:04:55.480Z,grafana-sc-datasources,monitoring,monitoring-grafana-647dfc6967-jlf5d,0
2026-10-07T22:05:55.480Z,grafana-sc-datasources,monitoring,monitoring-grafana-647dfc6967-jlf5d,0
2026-10-07T22:06:55.480Z,grafana-sc-datasources,monitoring,monitoring-grafana-647dfc6967-jlf5d,0
2026-10-07T22:07:55.480Z,grafana-sc-datasources,monitoring,monitoring-grafana-647dfc6967-jlf5d,0
2026-10-07T22:08:55.480Z,grafana-sc-datasources,monitoring,monitoring-grafana-647dfc6967-jlf5d,0
2026-10-07T22:09:55.480Z,grafana-sc-datasources,monitoring,monitoring-grafana-647dfc6967-jlf5d,0
2026-10-07T22:10:55.480Z,grafana-sc-datasources,monitoring,monitoring-grafana-647dfc6967-jlf5d,0
2026-10-07T22:11:55.480Z,grafana-sc-datasources,monitoring,monitoring-grafana-647dfc6967-jlf5d,0
2026-10-07T22:12:55.480Z,grafana-sc-datasources,monitoring,monitoring-grafana-647dfc6967-jlf5d,0
2026-10-07T22:13:55.480Z,grafana-sc-datasources,monitoring,monitoring-grafana-647dfc6967-jlf5d,0
2026-10-07T22:14:55.480Z,grafana-sc-datasources,monitoring,monitoring-grafana-647dfc6967-jlf5d,0
2026-10-07T22:15:55.480Z,grafana-sc-datasources,monitoring,monitoring-grafana-647dfc6967-jlf5d,0
2026-10-07T22:16:55.480Z,grafana-sc-datasources,monitoring,monitoring-grafana-647dfc6967-jlf5d,0
2026-10-07T22:17:55.480Z,grafana-sc-datasources,monitoring,monitoring-grafana-647dfc6967-jlf5d,0
2026-10-07T22:18:55.480Z,grafana-sc-datasources,monitoring,monitoring-grafana-647dfc6967-jlf5d,0
2026-10-07T22:19:55.480Z,grafana-sc-datasources,monitoring,monitoring-grafana-647dfc6967-jlf5d,0
2026-10-07T22:20:55.480Z,grafana-sc-datasources,monitoring,monitoring-grafana-647dfc6967-jlf5d,0
2026-10-07T22:21:55.480Z,grafana-sc-datasources,monitoring,monitoring-grafana-647dfc6967-jlf5d,0
2026-10-07T22:22:55.480Z,grafana-sc-datasources,monitoring,monitoring-grafana-647dfc6967-jlf5d,0
2026-10-07T22:23:55.480Z,grafana-sc-datasources,monitoring,monitoring-grafana-647dfc6967-jlf5d,0
2026-10-07T20:31:55.480Z,helm,kube-system,helm-install-gateway-api-crd-dhqhl,0
2026-10-07T20:32:55.480Z,helm,kube-system,helm-install-gateway-api-crd-dhqhl,0
2026-10-07T20:33:55.480Z,helm,kube-system,helm-install-gateway-api-crd-dhqhl,0
2026-10-07T20:34:55.480Z,helm,kube-system,helm-install-gateway-api-crd-dhqhl,0
2026-10-07T20:35:55.480Z,helm,kube-system,helm-install-gateway-api-crd-dhqhl,0
2026-10-07T20:36:55.480Z,helm,kube-system,helm-install-gateway-api-crd-dhqhl,0
2026-10-07T20:37:55.480Z,helm,kube-system,helm-install-gateway-api-crd-dhqhl,0
2026-10-07T20:38:55.480Z,helm,kube-system,helm-install-gateway-api-crd-dhqhl,0
2026-10-07T20:39:55.480Z,helm,kube-system,helm-install-gateway-api-crd-dhqhl,0
2026-10-07T20:40:55.480Z,helm,kube-system,helm-install-gateway-api-crd-dhqhl,0
2026-10-07T20:41:55.480Z,helm,kube-system,helm-install-gateway-api-crd-dhqhl,0
2026-10-07T20:42:55.480Z,helm,kube-system,helm-install-gateway-api-crd-dhqhl,0
2026-10-07T20:43:55.480Z,helm,kube-system,helm-install-gateway-api-crd-dhqhl,0
2026-10-07T20:44:55.480Z,helm,kube-system,helm-install-gateway-api-crd-dhqhl,0
2026-10-07T20:45:55.480Z,helm,kube-system,helm-install-gateway-api-crd-dhqhl,0
2026-10-07T20:46:55.480Z,helm,kube-system,helm-install-gateway-api-crd-dhqhl,0
2026-10-07T20:47:55.480Z,helm,kube-system,helm-install-gateway-api-crd-dhqhl,0
2026-10-07T20:48:55.480Z,helm,kube-system,helm-install-gateway-api-crd-dhqhl,0
2026-10-07T20:49:55.480Z,helm,kube-system,helm-install-gateway-api-crd-dhqhl,0
2026-10-07T20:50:55.480Z,helm,kube-system,helm-install-gateway-api-crd-dhqhl,0
2026-10-07T20:51:55.480Z,helm,kube-system,helm-install-gateway-api-crd-dhqhl,0
2026-10-07T20:52:55.480Z,helm,kube-system,helm-install-gateway-api-crd-dhqhl,0
2026-10-07T20:53:55.480Z,helm,kube-system,helm-install-gateway-api-crd-dhqhl,0
2026-10-07T20:54:55.480Z,helm,kube-system,helm-install-gateway-api-crd-dhqhl,0
2026-10-07T20:55:55.480Z,helm,kube-system,helm-install-gateway-api-crd-dhqhl,0
2026-10-07T20:56:55.480Z,helm,kube-system,helm-install-gateway-api-crd-dhqhl,0
2026-10-07T20:57:55.480Z,helm,kube-system,helm-install-gateway-api-crd-dhqhl,0
2026-10-07T20:58:55.480Z,helm,kube-system,helm-install-gateway-api-crd-dhqhl,0
2026-10-07T20:59:55.480Z,helm,kube-system,helm-install-gateway-api-crd-dhqhl,0
2026-10-07T21:00:55.480Z,helm,kube-system,helm-install-gateway-api-crd-dhqhl,0
2026-10-07T21:01:55.480Z,helm,kube-system,helm-install-gateway-api-crd-dhqhl,0
2026-10-07T21:02:55.480Z,helm,kube-system,helm-install-gateway-api-crd-dhqhl,0
2026-10-07T21:03:55.480Z,helm,kube-system,helm-install-gateway-api-crd-dhqhl,0
2026-10-07T21:04:55.480Z,helm,kube-system,helm-install-gateway-api-crd-dhqhl,0
2026-10-07T21:05:55.480Z,helm,kube-system,helm-install-gateway-api-crd-dhqhl,0
2026-10-07T21:06:55.480Z,helm,kube-system,helm-install-gateway-api-crd-dhqhl,0
2026-10-07T21:07:55.480Z,helm,kube-system,helm-install-gateway-api-crd-dhqhl,0
2026-10-07T21:08:55.480Z,helm,kube-system,helm-install-gateway-api-crd-dhqhl,0
2026-10-07T21:09:55.480Z,helm,kube-system,helm-install-gateway-api-crd-dhqhl,0
2026-10-07T21:10:55.480Z,helm,kube-system,helm-install-gateway-api-crd-dhqhl,0
2026-10-07T21:11:55.480Z,helm,kube-system,helm-install-gateway-api-crd-dhqhl,0
2026-10-07T21:12:55.480Z,helm,kube-system,helm-install-gateway-api-crd-dhqhl,0
2026-10-07T21:13:55.480Z,helm,kube-system,helm-install-gateway-api-crd-dhqhl,0
2026-10-07T21:14:55.480Z,helm,kube-system,helm-install-gateway-api-crd-dhqhl,0
2026-10-07T21:15:55.480Z,helm,kube-system,helm-install-gateway-api-crd-dhqhl,0
2026-10-07T21:16:55.480Z,helm,kube-system,helm-install-gateway-api-crd-dhqhl,0
2026-10-07T21:17:55.480Z,helm,kube-system,helm-install-gateway-api-crd-dhqhl,0
2026-10-07T21:18:55.480Z,helm,kube-system,helm-install-gateway-api-crd-dhqhl,0
2026-10-07T21:19:55.480Z,helm,kube-system,helm-install-gateway-api-crd-dhqhl,0
2026-10-07T21:20:55.480Z,helm,kube-system,helm-install-gateway-api-crd-dhqhl,0
2026-10-07T21:21:55.480Z,helm,kube-system,helm-install-gateway-api-crd-dhqhl,0
2026-10-07T21:22:55.480Z,helm,kube-system,helm-install-gateway-api-crd-dhqhl,0
2026-10-07T21:23:55.480Z,helm,kube-system,helm-install-gateway-api-crd-dhqhl,0
2026-10-07T21:24:55.480Z,helm,kube-system,helm-install-gateway-api-crd-dhqhl,0
2026-10-07T21:25:55.480Z,helm,kube-system,helm-install-gateway-api-crd-dhqhl,0
2026-10-07T21:26:55.480Z,helm,kube-system,helm-install-gateway-api-crd-dhqhl,0
2026-10-07T21:27:55.480Z,helm,kube-system,helm-install-gateway-api-crd-dhqhl,0
2026-10-07T21:28:55.480Z,helm,kube-system,helm-install-gateway-api-crd-dhqhl,0
2026-10-07T21:29:55.480Z,helm,kube-system,helm-install-gateway-api-crd-dhqhl,0
2026-10-07T21:30:55.480Z,helm,kube-system,helm-install-gateway-api-crd-dhqhl,0
2026-10-07T21:31:55.480Z,helm,kube-system,helm-install-gateway-api-crd-dhqhl,0
2026-10-07T21:32:55.480Z,helm,kube-system,helm-install-gateway-api-crd-dhqhl,0
2026-10-07T21:33:55.480Z,helm,kube-system,helm-install-gateway-api-crd-dhqhl,0
2026-10-07T21:34:55.480Z,helm,kube-system,helm-install-gateway-api-crd-dhqhl,0
2026-10-07T21:35:55.480Z,helm,kube-system,helm-install-gateway-api-crd-dhqhl,0
2026-10-07T21:36:55.480Z,helm,kube-system,helm-install-gateway-api-crd-dhqhl,0
2026-10-07T21:37:55.480Z,helm,kube-system,helm-install-gateway-api-crd-dhqhl,0
2026-10-07T21:38:55.480Z,helm,kube-system,helm-install-gateway-api-crd-dhqhl,0
2026-10-07T21:39:55.480Z,helm,kube-system,helm-install-gateway-api-crd-dhqhl,0
2026-10-07T21:40:55.480Z,helm,kube-system,helm-install-gateway-api-crd-dhqhl,0
2026-10-07T21:41:55.480Z,helm,kube-system,helm-install-gateway-api-crd-dhqhl,0
2026-10-07T21:42:55.480Z,helm,kube-system,helm-install-gateway-api-crd-dhqhl,0
2026-10-07T21:43:55.480Z,helm,kube-system,helm-install-gateway-api-crd-dhqhl,0
2026-10-07T21:44:55.480Z,helm,kube-system,helm-install-gateway-api-crd-dhqhl,0
2026-10-07T21:45:55.480Z,helm,kube-system,helm-install-gateway-api-crd-dhqhl,0
2026-10-07T21:46:55.480Z,helm,kube-system,helm-install-gateway-api-crd-dhqhl,0
2026-10-07T21:47:55.480Z,helm,kube-system,helm-install-gateway-api-crd-dhqhl,0
2026-10-07T21:48:55.480Z,helm,kube-system,helm-install-gateway-api-crd-dhqhl,0
2026-10-07T21:49:55.480Z,helm,kube-system,helm-install-gateway-api-crd-dhqhl,0
2026-10-07T21:50:55.480Z,helm,kube-system,helm-install-gateway-api-crd-dhqhl,0
2026-10-07T21:51:55.480Z,helm,kube-system,helm-install-gateway-api-crd-dhqhl,0
2026-10-07T21:52:55.480Z,helm,kube-system,helm-install-gateway-api-crd-dhqhl,0
2026-10-07T21:53:55.480Z,helm,kube-system,helm-install-gateway-api-crd-dhqhl,0
2026-10-07T21:54:55.480Z,helm,kube-system,helm-install-gateway-api-crd-dhqhl,0
2026-10-07T21:55:55.480Z,helm,kube-system,helm-install-gateway-api-crd-dhqhl,0
2026-10-07T21:56:55.480Z,helm,kube-system,helm-install-gateway-api-crd-dhqhl,0
2026-10-07T21:57:55.480Z,helm,kube-system,helm-install-gateway-api-crd-dhqhl,0
2026-10-07T21:58:55.480Z,helm,kube-system,helm-install-gateway-api-crd-dhqhl,0
2026-10-07T21:59:55.480Z,helm,kube-system,helm-install-gateway-api-crd-dhqhl,0
2026-10-07T22:00:55.480Z,helm,kube-system,helm-install-gateway-api-crd-dhqhl,0
2026-10-07T22:01:55.480Z,helm,kube-system,helm-install-gateway-api-crd-dhqhl,0
2026-10-07T22:02:55.480Z,helm,kube-system,helm-install-gateway-api-crd-dhqhl,0
2026-10-07T22:03:55.480Z,helm,kube-system,helm-install-gateway-api-crd-dhqhl,0
2026-10-07T22:04:55.480Z,helm,kube-system,helm-install-gateway-api-crd-dhqhl,0
2026-10-07T22:05:55.480Z,helm,kube-system,helm-install-gateway-api-crd-dhqhl,0
2026-10-07T22:06:55.480Z,helm,kube-system,helm-install-gateway-api-crd-dhqhl,0
2026-10-07T22:07:55.480Z,helm,kube-system,helm-install-gateway-api-crd-dhqhl,0
2026-10-07T22:08:55.480Z,helm,kube-system,helm-install-gateway-api-crd-dhqhl,0
2026-10-07T22:09:55.480Z,helm,kube-system,helm-install-gateway-api-crd-dhqhl,0
2026-10-07T22:10:55.480Z,helm,kube-system,helm-install-gateway-api-crd-dhqhl,0
2026-10-07T22:11:55.480Z,helm,kube-system,helm-install-gateway-api-crd-dhqhl,0
2026-10-07T22:12:55.480Z,helm,kube-system,helm-install-gateway-api-crd-dhqhl,0
2026-10-07T22:13:55.480Z,helm,kube-system,helm-install-gateway-api-crd-dhqhl,0
2026-10-07T22:14:55.480Z,helm,kube-system,helm-install-gateway-api-crd-dhqhl,0
2026-10-07T22:15:55.480Z,helm,kube-system,helm-install-gateway-api-crd-dhqhl,0
2026-10-07T22:16:55.480Z,helm,kube-system,helm-install-gateway-api-crd-dhqhl,0
2026-10-07T22:17:55.480Z,helm,kube-system,helm-install-gateway-api-crd-dhqhl,0
2026-10-07T22:18:55.480Z,helm,kube-system,helm-install-gateway-api-crd-dhqhl,0
2026-10-07T22:19:55.480Z,helm,kube-system,helm-install-gateway-api-crd-dhqhl,0
2026-10-07T22:20:55.480Z,helm,kube-system,helm-install-gateway-api-crd-dhqhl,0
2026-10-07T22:21:55.480Z,helm,kube-system,helm-install-gateway-api-crd-dhqhl,0
2026-10-07T22:22:55.480Z,helm,kube-system,helm-install-gateway-api-crd-dhqhl,0
2026-10-07T22:23:55.480Z,helm,kube-system,helm-install-gateway-api-crd-dhqhl,0
2026-10-07T20:31:55.480Z,k6,k6,lab-20261007195331-3560977-1-wvgvx,0
2026-10-07T20:31:55.480Z,k6,k6,lab-20261007195331-3560977-initializer-v8p5z,0
2026-10-07T20:32:55.480Z,k6,k6,lab-20261007202503-3635664-1-c59pz,0
2026-10-07T20:33:55.480Z,k6,k6,lab-20261007202503-3635664-1-c59pz,0
2026-10-07T20:34:55.480Z,k6,k6,lab-20261007202503-3635664-1-c59pz,0
2026-10-07T20:35:55.480Z,k6,k6,lab-20261007202503-3635664-1-c59pz,0
2026-10-07T20:36:55.480Z,k6,k6,lab-20261007202503-3635664-1-c59pz,0
2026-10-07T20:37:55.480Z,k6,k6,lab-20261007202503-3635664-1-c59pz,0
2026-10-07T20:38:55.480Z,k6,k6,lab-20261007202503-3635664-1-c59pz,0
2026-10-07T20:39:55.480Z,k6,k6,lab-20261007202503-3635664-1-c59pz,0
2026-10-07T20:40:55.480Z,k6,k6,lab-20261007202503-3635664-1-c59pz,0
2026-10-07T20:41:55.480Z,k6,k6,lab-20261007202503-3635664-1-c59pz,0
2026-10-07T20:42:55.480Z,k6,k6,lab-20261007202503-3635664-1-c59pz,0
2026-10-07T20:43:55.480Z,k6,k6,lab-20261007202503-3635664-1-c59pz,0
2026-10-07T20:44:55.480Z,k6,k6,lab-20261007202503-3635664-1-c59pz,0
2026-10-07T20:45:55.480Z,k6,k6,lab-20261007202503-3635664-1-c59pz,0
2026-10-07T20:46:55.480Z,k6,k6,lab-20261007202503-3635664-1-c59pz,0
2026-10-07T20:47:55.480Z,k6,k6,lab-20261007202503-3635664-1-c59pz,0
2026-10-07T20:48:55.480Z,k6,k6,lab-20261007202503-3635664-1-c59pz,0
2026-10-07T20:49:55.480Z,k6,k6,lab-20261007202503-3635664-1-c59pz,0
2026-10-07T20:50:55.480Z,k6,k6,lab-20261007202503-3635664-1-c59pz,0
2026-10-07T20:51:55.480Z,k6,k6,lab-20261007202503-3635664-1-c59pz,0
2026-10-07T20:52:55.480Z,k6,k6,lab-20261007202503-3635664-1-c59pz,0
2026-10-07T20:53:55.480Z,k6,k6,lab-20261007202503-3635664-1-c59pz,0
2026-10-07T20:54:55.480Z,k6,k6,lab-20261007202503-3635664-1-c59pz,0
2026-10-07T20:55:55.480Z,k6,k6,lab-20261007202503-3635664-1-c59pz,0
2026-10-07T20:56:55.480Z,k6,k6,lab-20261007202503-3635664-1-c59pz,0
2026-10-07T20:57:55.480Z,k6,k6,lab-20261007202503-3635664-1-c59pz,0
2026-10-07T20:58:55.480Z,k6,k6,lab-20261007202503-3635664-1-c59pz,0
2026-10-07T20:59:55.480Z,k6,k6,lab-20261007202503-3635664-1-c59pz,0
2026-10-07T21:00:55.480Z,k6,k6,lab-20261007202503-3635664-1-c59pz,0
2026-10-07T21:01:55.480Z,k6,k6,lab-20261007202503-3635664-1-c59pz,0
2026-10-07T21:02:55.480Z,k6,k6,lab-20261007202503-3635664-1-c59pz,0
2026-10-07T21:03:55.480Z,k6,k6,lab-20261007202503-3635664-1-c59pz,0
2026-10-07T21:04:55.480Z,k6,k6,lab-20261007202503-3635664-1-c59pz,0
2026-10-07T21:05:55.480Z,k6,k6,lab-20261007202503-3635664-1-c59pz,0
2026-10-07T21:06:55.480Z,k6,k6,lab-20261007202503-3635664-1-c59pz,0
2026-10-07T21:07:55.480Z,k6,k6,lab-20261007202503-3635664-1-c59pz,0
2026-10-07T21:08:55.480Z,k6,k6,lab-20261007202503-3635664-1-c59pz,0
2026-10-07T21:09:55.480Z,k6,k6,lab-20261007202503-3635664-1-c59pz,0
2026-10-07T21:10:55.480Z,k6,k6,lab-20261007202503-3635664-1-c59pz,0
2026-10-07T21:11:55.480Z,k6,k6,lab-20261007202503-3635664-1-c59pz,0
2026-10-07T21:12:55.480Z,k6,k6,lab-20261007202503-3635664-1-c59pz,0
2026-10-07T21:13:55.480Z,k6,k6,lab-20261007202503-3635664-1-c59pz,0
2026-10-07T21:14:55.480Z,k6,k6,lab-20261007202503-3635664-1-c59pz,0
2026-10-07T21:15:55.480Z,k6,k6,lab-20261007202503-3635664-1-c59pz,0
2026-10-07T21:16:55.480Z,k6,k6,lab-20261007202503-3635664-1-c59pz,0
2026-10-07T21:17:55.480Z,k6,k6,lab-20261007202503-3635664-1-c59pz,0
2026-10-07T21:18:55.480Z,k6,k6,lab-20261007202503-3635664-1-c59pz,0
2026-10-07T21:19:55.480Z,k6,k6,lab-20261007202503-3635664-1-c59pz,0
2026-10-07T21:20:55.480Z,k6,k6,lab-20261007202503-3635664-1-c59pz,0
2026-10-07T21:21:55.480Z,k6,k6,lab-20261007202503-3635664-1-c59pz,0
2026-10-07T21:22:55.480Z,k6,k6,lab-20261007202503-3635664-1-c59pz,0
2026-10-07T21:23:55.480Z,k6,k6,lab-20261007202503-3635664-1-c59pz,0
2026-10-07T21:24:55.480Z,k6,k6,lab-20261007202503-3635664-1-c59pz,0
2026-10-07T21:25:55.480Z,k6,k6,lab-20261007202503-3635664-1-c59pz,0
2026-10-07T21:26:55.480Z,k6,k6,lab-20261007202503-3635664-1-c59pz,0
2026-10-07T21:27:55.480Z,k6,k6,lab-20261007202503-3635664-1-c59pz,0
2026-10-07T21:28:55.480Z,k6,k6,lab-20261007202503-3635664-1-c59pz,0
2026-10-07T21:29:55.480Z,k6,k6,lab-20261007202503-3635664-1-c59pz,0
2026-10-07T21:30:55.480Z,k6,k6,lab-20261007202503-3635664-1-c59pz,0
2026-10-07T21:31:55.480Z,k6,k6,lab-20261007202503-3635664-1-c59pz,0
2026-10-07T21:32:55.480Z,k6,k6,lab-20261007202503-3635664-1-c59pz,0
2026-10-07T21:33:55.480Z,k6,k6,lab-20261007202503-3635664-1-c59pz,0
2026-10-07T21:34:55.480Z,k6,k6,lab-20261007202503-3635664-1-c59pz,0
2026-10-07T21:35:55.480Z,k6,k6,lab-20261007202503-3635664-1-c59pz,0
2026-10-07T21:36:55.480Z,k6,k6,lab-20261007202503-3635664-1-c59pz,0
2026-10-07T21:37:55.480Z,k6,k6,lab-20261007202503-3635664-1-c59pz,0
2026-10-07T21:38:55.480Z,k6,k6,lab-20261007202503-3635664-1-c59pz,0
2026-10-07T21:39:55.480Z,k6,k6,lab-20261007202503-3635664-1-c59pz,0
2026-10-07T21:40:55.480Z,k6,k6,lab-20261007202503-3635664-1-c59pz,0
2026-10-07T21:41:55.480Z,k6,k6,lab-20261007202503-3635664-1-c59pz,0
2026-10-07T21:42:55.480Z,k6,k6,lab-20261007202503-3635664-1-c59pz,0
2026-10-07T21:43:55.480Z,k6,k6,lab-20261007202503-3635664-1-c59pz,0
2026-10-07T21:44:55.480Z,k6,k6,lab-20261007202503-3635664-1-c59pz,0
2026-10-07T21:45:55.480Z,k6,k6,lab-20261007202503-3635664-1-c59pz,0
2026-10-07T21:46:55.480Z,k6,k6,lab-20261007202503-3635664-1-c59pz,0
2026-10-07T21:47:55.480Z,k6,k6,lab-20261007202503-3635664-1-c59pz,0
2026-10-07T21:48:55.480Z,k6,k6,lab-20261007202503-3635664-1-c59pz,0
2026-10-07T21:49:55.480Z,k6,k6,lab-20261007202503-3635664-1-c59pz,0
2026-10-07T21:50:55.480Z,k6,k6,lab-20261007202503-3635664-1-c59pz,0
2026-10-07T21:51:55.480Z,k6,k6,lab-20261007202503-3635664-1-c59pz,0
2026-10-07T21:52:55.480Z,k6,k6,lab-20261007202503-3635664-1-c59pz,0
2026-10-07T21:53:55.480Z,k6,k6,lab-20261007202503-3635664-1-c59pz,0
2026-10-07T21:54:55.480Z,k6,k6,lab-20261007202503-3635664-1-c59pz,0
2026-10-07T21:55:55.480Z,k6,k6,lab-20261007202503-3635664-1-c59pz,0
2026-10-07T21:56:55.480Z,k6,k6,lab-20261007202503-3635664-1-c59pz,0
2026-10-07T21:57:55.480Z,k6,k6,lab-20261007202503-3635664-1-c59pz,0
2026-10-07T21:58:55.480Z,k6,k6,lab-20261007202503-3635664-1-c59pz,0
2026-10-07T21:59:55.480Z,k6,k6,lab-20261007202503-3635664-1-c59pz,0
2026-10-07T22:00:55.480Z,k6,k6,lab-20261007202503-3635664-1-c59pz,0
2026-10-07T22:01:55.480Z,k6,k6,lab-20261007202503-3635664-1-c59pz,0
2026-10-07T22:02:55.480Z,k6,k6,lab-20261007202503-3635664-1-c59pz,0
2026-10-07T22:03:55.480Z,k6,k6,lab-20261007202503-3635664-1-c59pz,0
2026-10-07T22:04:55.480Z,k6,k6,lab-20261007202503-3635664-1-c59pz,0
2026-10-07T22:05:55.480Z,k6,k6,lab-20261007202503-3635664-1-c59pz,0
2026-10-07T22:06:55.480Z,k6,k6,lab-20261007202503-3635664-1-c59pz,0
2026-10-07T22:07:55.480Z,k6,k6,lab-20261007202503-3635664-1-c59pz,0
2026-10-07T22:08:55.480Z,k6,k6,lab-20261007202503-3635664-1-c59pz,0
2026-10-07T22:09:55.480Z,k6,k6,lab-20261007202503-3635664-1-c59pz,0
2026-10-07T22:10:55.480Z,k6,k6,lab-20261007202503-3635664-1-c59pz,0
2026-10-07T22:11:55.480Z,k6,k6,lab-20261007202503-3635664-1-c59pz,0
2026-10-07T22:12:55.480Z,k6,k6,lab-20261007202503-3635664-1-c59pz,0
2026-10-07T22:13:55.480Z,k6,k6,lab-20261007202503-3635664-1-c59pz,0
2026-10-07T22:14:55.480Z,k6,k6,lab-20261007202503-3635664-1-c59pz,0
2026-10-07T22:15:55.480Z,k6,k6,lab-20261007202503-3635664-1-c59pz,0
2026-10-07T22:16:55.480Z,k6,k6,lab-20261007202503-3635664-1-c59pz,0
2026-10-07T22:17:55.480Z,k6,k6,lab-20261007202503-3635664-1-c59pz,0
2026-10-07T22:18:55.480Z,k6,k6,lab-20261007202503-3635664-1-c59pz,0
2026-10-07T22:19:55.480Z,k6,k6,lab-20261007202503-3635664-1-c59pz,0
2026-10-07T22:20:55.480Z,k6,k6,lab-20261007202503-3635664-1-c59pz,0
2026-10-07T22:21:55.480Z,k6,k6,lab-20261007202503-3635664-1-c59pz,0
2026-10-07T22:22:55.480Z,k6,k6,lab-20261007202503-3635664-1-c59pz,0
2026-10-07T22:23:55.480Z,k6,k6,lab-20261007202503-3635664-1-c59pz,0
2026-10-07T20:32:55.480Z,k6,k6,lab-20261007202503-3635664-initializer-wpcmf,0
2026-10-07T20:33:55.480Z,k6,k6,lab-20261007202503-3635664-initializer-wpcmf,0
2026-10-07T20:34:55.480Z,k6,k6,lab-20261007202503-3635664-initializer-wpcmf,0
2026-10-07T20:35:55.480Z,k6,k6,lab-20261007202503-3635664-initializer-wpcmf,0
2026-10-07T20:36:55.480Z,k6,k6,lab-20261007202503-3635664-initializer-wpcmf,0
2026-10-07T20:37:55.480Z,k6,k6,lab-20261007202503-3635664-initializer-wpcmf,0
2026-10-07T20:38:55.480Z,k6,k6,lab-20261007202503-3635664-initializer-wpcmf,0
2026-10-07T20:39:55.480Z,k6,k6,lab-20261007202503-3635664-initializer-wpcmf,0
2026-10-07T20:40:55.480Z,k6,k6,lab-20261007202503-3635664-initializer-wpcmf,0
2026-10-07T20:41:55.480Z,k6,k6,lab-20261007202503-3635664-initializer-wpcmf,0
2026-10-07T20:42:55.480Z,k6,k6,lab-20261007202503-3635664-initializer-wpcmf,0
2026-10-07T20:43:55.480Z,k6,k6,lab-20261007202503-3635664-initializer-wpcmf,0
2026-10-07T20:44:55.480Z,k6,k6,lab-20261007202503-3635664-initializer-wpcmf,0
2026-10-07T20:45:55.480Z,k6,k6,lab-20261007202503-3635664-initializer-wpcmf,0
2026-10-07T20:46:55.480Z,k6,k6,lab-20261007202503-3635664-initializer-wpcmf,0
2026-10-07T20:47:55.480Z,k6,k6,lab-20261007202503-3635664-initializer-wpcmf,0
2026-10-07T20:48:55.480Z,k6,k6,lab-20261007202503-3635664-initializer-wpcmf,0
2026-10-07T20:49:55.480Z,k6,k6,lab-20261007202503-3635664-initializer-wpcmf,0
2026-10-07T20:50:55.480Z,k6,k6,lab-20261007202503-3635664-initializer-wpcmf,0
2026-10-07T20:51:55.480Z,k6,k6,lab-20261007202503-3635664-initializer-wpcmf,0
2026-10-07T20:52:55.480Z,k6,k6,lab-20261007202503-3635664-initializer-wpcmf,0
2026-10-07T20:53:55.480Z,k6,k6,lab-20261007202503-3635664-initializer-wpcmf,0
2026-10-07T20:54:55.480Z,k6,k6,lab-20261007202503-3635664-initializer-wpcmf,0
2026-10-07T20:55:55.480Z,k6,k6,lab-20261007202503-3635664-initializer-wpcmf,0
2026-10-07T20:56:55.480Z,k6,k6,lab-20261007202503-3635664-initializer-wpcmf,0
2026-10-07T20:57:55.480Z,k6,k6,lab-20261007202503-3635664-initializer-wpcmf,0
2026-10-07T20:58:55.480Z,k6,k6,lab-20261007202503-3635664-initializer-wpcmf,0
2026-10-07T20:59:55.480Z,k6,k6,lab-20261007202503-3635664-initializer-wpcmf,0
2026-10-07T21:00:55.480Z,k6,k6,lab-20261007202503-3635664-initializer-wpcmf,0
2026-10-07T21:01:55.480Z,k6,k6,lab-20261007202503-3635664-initializer-wpcmf,0
2026-10-07T21:02:55.480Z,k6,k6,lab-20261007202503-3635664-initializer-wpcmf,0
2026-10-07T21:03:55.480Z,k6,k6,lab-20261007202503-3635664-initializer-wpcmf,0
2026-10-07T21:04:55.480Z,k6,k6,lab-20261007202503-3635664-initializer-wpcmf,0
2026-10-07T21:05:55.480Z,k6,k6,lab-20261007202503-3635664-initializer-wpcmf,0
2026-10-07T21:06:55.480Z,k6,k6,lab-20261007202503-3635664-initializer-wpcmf,0
2026-10-07T21:07:55.480Z,k6,k6,lab-20261007202503-3635664-initializer-wpcmf,0
2026-10-07T21:08:55.480Z,k6,k6,lab-20261007202503-3635664-initializer-wpcmf,0
2026-10-07T21:09:55.480Z,k6,k6,lab-20261007202503-3635664-initializer-wpcmf,0
2026-10-07T21:10:55.480Z,k6,k6,lab-20261007202503-3635664-initializer-wpcmf,0
2026-10-07T21:11:55.480Z,k6,k6,lab-20261007202503-3635664-initializer-wpcmf,0
2026-10-07T21:12:55.480Z,k6,k6,lab-20261007202503-3635664-initializer-wpcmf,0
2026-10-07T21:13:55.480Z,k6,k6,lab-20261007202503-3635664-initializer-wpcmf,0
2026-10-07T21:14:55.480Z,k6,k6,lab-20261007202503-3635664-initializer-wpcmf,0
2026-10-07T21:15:55.480Z,k6,k6,lab-20261007202503-3635664-initializer-wpcmf,0
2026-10-07T21:16:55.480Z,k6,k6,lab-20261007202503-3635664-initializer-wpcmf,0
2026-10-07T21:17:55.480Z,k6,k6,lab-20261007202503-3635664-initializer-wpcmf,0
2026-10-07T21:18:55.480Z,k6,k6,lab-20261007202503-3635664-initializer-wpcmf,0
2026-10-07T21:19:55.480Z,k6,k6,lab-20261007202503-3635664-initializer-wpcmf,0
2026-10-07T21:20:55.480Z,k6,k6,lab-20261007202503-3635664-initializer-wpcmf,0
2026-10-07T21:21:55.480Z,k6,k6,lab-20261007202503-3635664-initializer-wpcmf,0
2026-10-07T21:22:55.480Z,k6,k6,lab-20261007202503-3635664-initializer-wpcmf,0
2026-10-07T21:23:55.480Z,k6,k6,lab-20261007202503-3635664-initializer-wpcmf,0
2026-10-07T21:24:55.480Z,k6,k6,lab-20261007202503-3635664-initializer-wpcmf,0
2026-10-07T21:25:55.480Z,k6,k6,lab-20261007202503-3635664-initializer-wpcmf,0
2026-10-07T21:26:55.480Z,k6,k6,lab-20261007202503-3635664-initializer-wpcmf,0
2026-10-07T21:27:55.480Z,k6,k6,lab-20261007202503-3635664-initializer-wpcmf,0
2026-10-07T21:28:55.480Z,k6,k6,lab-20261007202503-3635664-initializer-wpcmf,0
2026-10-07T21:29:55.480Z,k6,k6,lab-20261007202503-3635664-initializer-wpcmf,0
2026-10-07T21:30:55.480Z,k6,k6,lab-20261007202503-3635664-initializer-wpcmf,0
2026-10-07T21:31:55.480Z,k6,k6,lab-20261007202503-3635664-initializer-wpcmf,0
2026-10-07T21:32:55.480Z,k6,k6,lab-20261007202503-3635664-initializer-wpcmf,0
2026-10-07T21:33:55.480Z,k6,k6,lab-20261007202503-3635664-initializer-wpcmf,0
2026-10-07T21:34:55.480Z,k6,k6,lab-20261007202503-3635664-initializer-wpcmf,0
2026-10-07T21:35:55.480Z,k6,k6,lab-20261007202503-3635664-initializer-wpcmf,0
2026-10-07T21:36:55.480Z,k6,k6,lab-20261007202503-3635664-initializer-wpcmf,0
2026-10-07T21:37:55.480Z,k6,k6,lab-20261007202503-3635664-initializer-wpcmf,0
2026-10-07T21:38:55.480Z,k6,k6,lab-20261007202503-3635664-initializer-wpcmf,0
2026-10-07T21:39:55.480Z,k6,k6,lab-20261007202503-3635664-initializer-wpcmf,0
2026-10-07T21:40:55.480Z,k6,k6,lab-20261007202503-3635664-initializer-wpcmf,0
2026-10-07T21:41:55.480Z,k6,k6,lab-20261007202503-3635664-initializer-wpcmf,0
2026-10-07T21:42:55.480Z,k6,k6,lab-20261007202503-3635664-initializer-wpcmf,0
2026-10-07T21:43:55.480Z,k6,k6,lab-20261007202503-3635664-initializer-wpcmf,0
2026-10-07T21:44:55.480Z,k6,k6,lab-20261007202503-3635664-initializer-wpcmf,0
2026-10-07T21:45:55.480Z,k6,k6,lab-20261007202503-3635664-initializer-wpcmf,0
2026-10-07T21:46:55.480Z,k6,k6,lab-20261007202503-3635664-initializer-wpcmf,0
2026-10-07T21:47:55.480Z,k6,k6,lab-20261007202503-3635664-initializer-wpcmf,0
2026-10-07T21:48:55.480Z,k6,k6,lab-20261007202503-3635664-initializer-wpcmf,0
2026-10-07T21:49:55.480Z,k6,k6,lab-20261007202503-3635664-initializer-wpcmf,0
2026-10-07T21:50:55.480Z,k6,k6,lab-20261007202503-3635664-initializer-wpcmf,0
2026-10-07T21:51:55.480Z,k6,k6,lab-20261007202503-3635664-initializer-wpcmf,0
2026-10-07T21:52:55.480Z,k6,k6,lab-20261007202503-3635664-initializer-wpcmf,0
2026-10-07T21:53:55.480Z,k6,k6,lab-20261007202503-3635664-initializer-wpcmf,0
2026-10-07T21:54:55.480Z,k6,k6,lab-20261007202503-3635664-initializer-wpcmf,0
2026-10-07T21:55:55.480Z,k6,k6,lab-20261007202503-3635664-initializer-wpcmf,0
2026-10-07T21:56:55.480Z,k6,k6,lab-20261007202503-3635664-initializer-wpcmf,0
2026-10-07T21:57:55.480Z,k6,k6,lab-20261007202503-3635664-initializer-wpcmf,0
2026-10-07T21:58:55.480Z,k6,k6,lab-20261007202503-3635664-initializer-wpcmf,0
2026-10-07T21:59:55.480Z,k6,k6,lab-20261007202503-3635664-initializer-wpcmf,0
2026-10-07T22:00:55.480Z,k6,k6,lab-20261007202503-3635664-initializer-wpcmf,0
2026-10-07T22:01:55.480Z,k6,k6,lab-20261007202503-3635664-initializer-wpcmf,0
2026-10-07T22:02:55.480Z,k6,k6,lab-20261007202503-3635664-initializer-wpcmf,0
2026-10-07T22:03:55.480Z,k6,k6,lab-20261007202503-3635664-initializer-wpcmf,0
2026-10-07T22:04:55.480Z,k6,k6,lab-20261007202503-3635664-initializer-wpcmf,0
2026-10-07T22:05:55.480Z,k6,k6,lab-20261007202503-3635664-initializer-wpcmf,0
2026-10-07T22:06:55.480Z,k6,k6,lab-20261007202503-3635664-initializer-wpcmf,0
2026-10-07T22:07:55.480Z,k6,k6,lab-20261007202503-3635664-initializer-wpcmf,0
2026-10-07T22:08:55.480Z,k6,k6,lab-20261007202503-3635664-initializer-wpcmf,0
2026-10-07T22:09:55.480Z,k6,k6,lab-20261007202503-3635664-initializer-wpcmf,0
2026-10-07T22:10:55.480Z,k6,k6,lab-20261007202503-3635664-initializer-wpcmf,0
2026-10-07T22:11:55.480Z,k6,k6,lab-20261007202503-3635664-initializer-wpcmf,0
2026-10-07T22:12:55.480Z,k6,k6,lab-20261007202503-3635664-initializer-wpcmf,0
2026-10-07T22:13:55.480Z,k6,k6,lab-20261007202503-3635664-initializer-wpcmf,0
2026-10-07T22:14:55.480Z,k6,k6,lab-20261007202503-3635664-initializer-wpcmf,0
2026-10-07T22:15:55.480Z,k6,k6,lab-20261007202503-3635664-initializer-wpcmf,0
2026-10-07T22:16:55.480Z,k6,k6,lab-20261007202503-3635664-initializer-wpcmf,0
2026-10-07T22:17:55.480Z,k6,k6,lab-20261007202503-3635664-initializer-wpcmf,0
2026-10-07T22:18:55.480Z,k6,k6,lab-20261007202503-3635664-initializer-wpcmf,0
2026-10-07T22:19:55.480Z,k6,k6,lab-20261007202503-3635664-initializer-wpcmf,0
2026-10-07T22:20:55.480Z,k6,k6,lab-20261007202503-3635664-initializer-wpcmf,0
2026-10-07T22:21:55.480Z,k6,k6,lab-20261007202503-3635664-initializer-wpcmf,0
2026-10-07T22:22:55.480Z,k6,k6,lab-20261007202503-3635664-initializer-wpcmf,0
2026-10-07T22:23:55.480Z,k6,k6,lab-20261007202503-3635664-initializer-wpcmf,0
2026-10-07T20:31:55.480Z,k6-curl,k6,lab-20261007195331-3560977-starter-7c7ng,0
2026-10-07T20:32:55.480Z,k6-curl,k6,lab-20261007202503-3635664-starter-rdg9s,0
2026-10-07T20:33:55.480Z,k6-curl,k6,lab-20261007202503-3635664-starter-rdg9s,0
2026-10-07T20:34:55.480Z,k6-curl,k6,lab-20261007202503-3635664-starter-rdg9s,0
2026-10-07T20:35:55.480Z,k6-curl,k6,lab-20261007202503-3635664-starter-rdg9s,0
2026-10-07T20:36:55.480Z,k6-curl,k6,lab-20261007202503-3635664-starter-rdg9s,0
2026-10-07T20:37:55.480Z,k6-curl,k6,lab-20261007202503-3635664-starter-rdg9s,0
2026-10-07T20:38:55.480Z,k6-curl,k6,lab-20261007202503-3635664-starter-rdg9s,0
2026-10-07T20:39:55.480Z,k6-curl,k6,lab-20261007202503-3635664-starter-rdg9s,0
2026-10-07T20:40:55.480Z,k6-curl,k6,lab-20261007202503-3635664-starter-rdg9s,0
2026-10-07T20:41:55.480Z,k6-curl,k6,lab-20261007202503-3635664-starter-rdg9s,0
2026-10-07T20:42:55.480Z,k6-curl,k6,lab-20261007202503-3635664-starter-rdg9s,0
2026-10-07T20:43:55.480Z,k6-curl,k6,lab-20261007202503-3635664-starter-rdg9s,0
2026-10-07T20:44:55.480Z,k6-curl,k6,lab-20261007202503-3635664-starter-rdg9s,0
2026-10-07T20:45:55.480Z,k6-curl,k6,lab-20261007202503-3635664-starter-rdg9s,0
2026-10-07T20:46:55.480Z,k6-curl,k6,lab-20261007202503-3635664-starter-rdg9s,0
2026-10-07T20:47:55.480Z,k6-curl,k6,lab-20261007202503-3635664-starter-rdg9s,0
2026-10-07T20:48:55.480Z,k6-curl,k6,lab-20261007202503-3635664-starter-rdg9s,0
2026-10-07T20:49:55.480Z,k6-curl,k6,lab-20261007202503-3635664-starter-rdg9s,0
2026-10-07T20:50:55.480Z,k6-curl,k6,lab-20261007202503-3635664-starter-rdg9s,0
2026-10-07T20:51:55.480Z,k6-curl,k6,lab-20261007202503-3635664-starter-rdg9s,0
2026-10-07T20:52:55.480Z,k6-curl,k6,lab-20261007202503-3635664-starter-rdg9s,0
2026-10-07T20:53:55.480Z,k6-curl,k6,lab-20261007202503-3635664-starter-rdg9s,0
2026-10-07T20:54:55.480Z,k6-curl,k6,lab-20261007202503-3635664-starter-rdg9s,0
2026-10-07T20:55:55.480Z,k6-curl,k6,lab-20261007202503-3635664-starter-rdg9s,0
2026-10-07T20:56:55.480Z,k6-curl,k6,lab-20261007202503-3635664-starter-rdg9s,0
2026-10-07T20:57:55.480Z,k6-curl,k6,lab-20261007202503-3635664-starter-rdg9s,0
2026-10-07T20:58:55.480Z,k6-curl,k6,lab-20261007202503-3635664-starter-rdg9s,0
2026-10-07T20:59:55.480Z,k6-curl,k6,lab-20261007202503-3635664-starter-rdg9s,0
2026-10-07T21:00:55.480Z,k6-curl,k6,lab-20261007202503-3635664-starter-rdg9s,0
2026-10-07T21:01:55.480Z,k6-curl,k6,lab-20261007202503-3635664-starter-rdg9s,0
2026-10-07T21:02:55.480Z,k6-curl,k6,lab-20261007202503-3635664-starter-rdg9s,0
2026-10-07T21:03:55.480Z,k6-curl,k6,lab-20261007202503-3635664-starter-rdg9s,0
2026-10-07T21:04:55.480Z,k6-curl,k6,lab-20261007202503-3635664-starter-rdg9s,0
2026-10-07T21:05:55.480Z,k6-curl,k6,lab-20261007202503-3635664-starter-rdg9s,0
2026-10-07T21:06:55.480Z,k6-curl,k6,lab-20261007202503-3635664-starter-rdg9s,0
2026-10-07T21:07:55.480Z,k6-curl,k6,lab-20261007202503-3635664-starter-rdg9s,0
2026-10-07T21:08:55.480Z,k6-curl,k6,lab-20261007202503-3635664-starter-rdg9s,0
2026-10-07T21:09:55.480Z,k6-curl,k6,lab-20261007202503-3635664-starter-rdg9s,0
2026-10-07T21:10:55.480Z,k6-curl,k6,lab-20261007202503-3635664-starter-rdg9s,0
2026-10-07T21:11:55.480Z,k6-curl,k6,lab-20261007202503-3635664-starter-rdg9s,0
2026-10-07T21:12:55.480Z,k6-curl,k6,lab-20261007202503-3635664-starter-rdg9s,0
2026-10-07T21:13:55.480Z,k6-curl,k6,lab-20261007202503-3635664-starter-rdg9s,0
2026-10-07T21:14:55.480Z,k6-curl,k6,lab-20261007202503-3635664-starter-rdg9s,0
2026-10-07T21:15:55.480Z,k6-curl,k6,lab-20261007202503-3635664-starter-rdg9s,0
2026-10-07T21:16:55.480Z,k6-curl,k6,lab-20261007202503-3635664-starter-rdg9s,0
2026-10-07T21:17:55.480Z,k6-curl,k6,lab-20261007202503-3635664-starter-rdg9s,0
2026-10-07T21:18:55.480Z,k6-curl,k6,lab-20261007202503-3635664-starter-rdg9s,0
2026-10-07T21:19:55.480Z,k6-curl,k6,lab-20261007202503-3635664-starter-rdg9s,0
2026-10-07T21:20:55.480Z,k6-curl,k6,lab-20261007202503-3635664-starter-rdg9s,0
2026-10-07T21:21:55.480Z,k6-curl,k6,lab-20261007202503-3635664-starter-rdg9s,0
2026-10-07T21:22:55.480Z,k6-curl,k6,lab-20261007202503-3635664-starter-rdg9s,0
2026-10-07T21:23:55.480Z,k6-curl,k6,lab-20261007202503-3635664-starter-rdg9s,0
2026-10-07T21:24:55.480Z,k6-curl,k6,lab-20261007202503-3635664-starter-rdg9s,0
2026-10-07T21:25:55.480Z,k6-curl,k6,lab-20261007202503-3635664-starter-rdg9s,0
2026-10-07T21:26:55.480Z,k6-curl,k6,lab-20261007202503-3635664-starter-rdg9s,0
2026-10-07T21:27:55.480Z,k6-curl,k6,lab-20261007202503-3635664-starter-rdg9s,0
2026-10-07T21:28:55.480Z,k6-curl,k6,lab-20261007202503-3635664-starter-rdg9s,0
2026-10-07T21:29:55.480Z,k6-curl,k6,lab-20261007202503-3635664-starter-rdg9s,0
2026-10-07T21:30:55.480Z,k6-curl,k6,lab-20261007202503-3635664-starter-rdg9s,0
2026-10-07T21:31:55.480Z,k6-curl,k6,lab-20261007202503-3635664-starter-rdg9s,0
2026-10-07T21:32:55.480Z,k6-curl,k6,lab-20261007202503-3635664-starter-rdg9s,0
2026-10-07T21:33:55.480Z,k6-curl,k6,lab-20261007202503-3635664-starter-rdg9s,0
2026-10-07T21:34:55.480Z,k6-curl,k6,lab-20261007202503-3635664-starter-rdg9s,0
2026-10-07T21:35:55.480Z,k6-curl,k6,lab-20261007202503-3635664-starter-rdg9s,0
2026-10-07T21:36:55.480Z,k6-curl,k6,lab-20261007202503-3635664-starter-rdg9s,0
2026-10-07T21:37:55.480Z,k6-curl,k6,lab-20261007202503-3635664-starter-rdg9s,0
2026-10-07T21:38:55.480Z,k6-curl,k6,lab-20261007202503-3635664-starter-rdg9s,0
2026-10-07T21:39:55.480Z,k6-curl,k6,lab-20261007202503-3635664-starter-rdg9s,0
2026-10-07T21:40:55.480Z,k6-curl,k6,lab-20261007202503-3635664-starter-rdg9s,0
2026-10-07T21:41:55.480Z,k6-curl,k6,lab-20261007202503-3635664-starter-rdg9s,0
2026-10-07T21:42:55.480Z,k6-curl,k6,lab-20261007202503-3635664-starter-rdg9s,0
2026-10-07T21:43:55.480Z,k6-curl,k6,lab-20261007202503-3635664-starter-rdg9s,0
2026-10-07T21:44:55.480Z,k6-curl,k6,lab-20261007202503-3635664-starter-rdg9s,0
2026-10-07T21:45:55.480Z,k6-curl,k6,lab-20261007202503-3635664-starter-rdg9s,0
2026-10-07T21:46:55.480Z,k6-curl,k6,lab-20261007202503-3635664-starter-rdg9s,0
2026-10-07T21:47:55.480Z,k6-curl,k6,lab-20261007202503-3635664-starter-rdg9s,0
2026-10-07T21:48:55.480Z,k6-curl,k6,lab-20261007202503-3635664-starter-rdg9s,0
2026-10-07T21:49:55.480Z,k6-curl,k6,lab-20261007202503-3635664-starter-rdg9s,0
2026-10-07T21:50:55.480Z,k6-curl,k6,lab-20261007202503-3635664-starter-rdg9s,0
2026-10-07T21:51:55.480Z,k6-curl,k6,lab-20261007202503-3635664-starter-rdg9s,0
2026-10-07T21:52:55.480Z,k6-curl,k6,lab-20261007202503-3635664-starter-rdg9s,0
2026-10-07T21:53:55.480Z,k6-curl,k6,lab-20261007202503-3635664-starter-rdg9s,0
2026-10-07T21:54:55.480Z,k6-curl,k6,lab-20261007202503-3635664-starter-rdg9s,0
2026-10-07T21:55:55.480Z,k6-curl,k6,lab-20261007202503-3635664-starter-rdg9s,0
2026-10-07T21:56:55.480Z,k6-curl,k6,lab-20261007202503-3635664-starter-rdg9s,0
2026-10-07T21:57:55.480Z,k6-curl,k6,lab-20261007202503-3635664-starter-rdg9s,0
2026-10-07T21:58:55.480Z,k6-curl,k6,lab-20261007202503-3635664-starter-rdg9s,0
2026-10-07T21:59:55.480Z,k6-curl,k6,lab-20261007202503-3635664-starter-rdg9s,0
2026-10-07T22:00:55.480Z,k6-curl,k6,lab-20261007202503-3635664-starter-rdg9s,0
2026-10-07T22:01:55.480Z,k6-curl,k6,lab-20261007202503-3635664-starter-rdg9s,0
2026-10-07T22:02:55.480Z,k6-curl,k6,lab-20261007202503-3635664-starter-rdg9s,0
2026-10-07T22:03:55.480Z,k6-curl,k6,lab-20261007202503-3635664-starter-rdg9s,0
2026-10-07T22:04:55.480Z,k6-curl,k6,lab-20261007202503-3635664-starter-rdg9s,0
2026-10-07T22:05:55.480Z,k6-curl,k6,lab-20261007202503-3635664-starter-rdg9s,0
2026-10-07T22:06:55.480Z,k6-curl,k6,lab-20261007202503-3635664-starter-rdg9s,0
2026-10-07T22:07:55.480Z,k6-curl,k6,lab-20261007202503-3635664-starter-rdg9s,0
2026-10-07T22:08:55.480Z,k6-curl,k6,lab-20261007202503-3635664-starter-rdg9s,0
2026-10-07T22:09:55.480Z,k6-curl,k6,lab-20261007202503-3635664-starter-rdg9s,0
2026-10-07T22:10:55.480Z,k6-curl,k6,lab-20261007202503-3635664-starter-rdg9s,0
2026-10-07T22:11:55.480Z,k6-curl,k6,lab-20261007202503-3635664-starter-rdg9s,0
2026-10-07T22:12:55.480Z,k6-curl,k6,lab-20261007202503-3635664-starter-rdg9s,0
2026-10-07T22:13:55.480Z,k6-curl,k6,lab-20261007202503-3635664-starter-rdg9s,0
2026-10-07T22:14:55.480Z,k6-curl,k6,lab-20261007202503-3635664-starter-rdg9s,0
2026-10-07T22:15:55.480Z,k6-curl,k6,lab-20261007202503-3635664-starter-rdg9s,0
2026-10-07T22:16:55.480Z,k6-curl,k6,lab-20261007202503-3635664-starter-rdg9s,0
2026-10-07T22:17:55.480Z,k6-curl,k6,lab-20261007202503-3635664-starter-rdg9s,0
2026-10-07T22:18:55.480Z,k6-curl,k6,lab-20261007202503-3635664-starter-rdg9s,0
2026-10-07T22:19:55.480Z,k6-curl,k6,lab-20261007202503-3635664-starter-rdg9s,0
2026-10-07T22:20:55.480Z,k6-curl,k6,lab-20261007202503-3635664-starter-rdg9s,0
2026-10-07T22:21:55.480Z,k6-curl,k6,lab-20261007202503-3635664-starter-rdg9s,0
2026-10-07T22:22:55.480Z,k6-curl,k6,lab-20261007202503-3635664-starter-rdg9s,0
2026-10-07T22:23:55.480Z,k6-curl,k6,lab-20261007202503-3635664-starter-rdg9s,0
2026-10-07T20:31:55.480Z,kube-prometheus-stack,monitoring,monitoring-kube-prometheus-operator-6dd9b7895b-nkvg5,0
2026-10-07T20:32:55.480Z,kube-prometheus-stack,monitoring,monitoring-kube-prometheus-operator-6dd9b7895b-nkvg5,0
2026-10-07T20:33:55.480Z,kube-prometheus-stack,monitoring,monitoring-kube-prometheus-operator-6dd9b7895b-nkvg5,0
2026-10-07T20:34:55.480Z,kube-prometheus-stack,monitoring,monitoring-kube-prometheus-operator-6dd9b7895b-nkvg5,0
2026-10-07T20:35:55.480Z,kube-prometheus-stack,monitoring,monitoring-kube-prometheus-operator-6dd9b7895b-nkvg5,0
2026-10-07T20:36:55.480Z,kube-prometheus-stack,monitoring,monitoring-kube-prometheus-operator-6dd9b7895b-nkvg5,0
2026-10-07T20:37:55.480Z,kube-prometheus-stack,monitoring,monitoring-kube-prometheus-operator-6dd9b7895b-nkvg5,0
2026-10-07T20:38:55.480Z,kube-prometheus-stack,monitoring,monitoring-kube-prometheus-operator-6dd9b7895b-nkvg5,0
2026-10-07T20:39:55.480Z,kube-prometheus-stack,monitoring,monitoring-kube-prometheus-operator-6dd9b7895b-nkvg5,0
2026-10-07T20:40:55.480Z,kube-prometheus-stack,monitoring,monitoring-kube-prometheus-operator-6dd9b7895b-nkvg5,0
2026-10-07T20:41:55.480Z,kube-prometheus-stack,monitoring,monitoring-kube-prometheus-operator-6dd9b7895b-nkvg5,0
2026-10-07T20:42:55.480Z,kube-prometheus-stack,monitoring,monitoring-kube-prometheus-operator-6dd9b7895b-nkvg5,0
2026-10-07T20:43:55.480Z,kube-prometheus-stack,monitoring,monitoring-kube-prometheus-operator-6dd9b7895b-nkvg5,0
2026-10-07T20:44:55.480Z,kube-prometheus-stack,monitoring,monitoring-kube-prometheus-operator-6dd9b7895b-nkvg5,0
2026-10-07T20:45:55.480Z,kube-prometheus-stack,monitoring,monitoring-kube-prometheus-operator-6dd9b7895b-nkvg5,0
2026-10-07T20:46:55.480Z,kube-prometheus-stack,monitoring,monitoring-kube-prometheus-operator-6dd9b7895b-nkvg5,0
2026-10-07T20:47:55.480Z,kube-prometheus-stack,monitoring,monitoring-kube-prometheus-operator-6dd9b7895b-nkvg5,0
2026-10-07T20:48:55.480Z,kube-prometheus-stack,monitoring,monitoring-kube-prometheus-operator-6dd9b7895b-nkvg5,0
2026-10-07T20:49:55.480Z,kube-prometheus-stack,monitoring,monitoring-kube-prometheus-operator-6dd9b7895b-nkvg5,0
2026-10-07T20:50:55.480Z,kube-prometheus-stack,monitoring,monitoring-kube-prometheus-operator-6dd9b7895b-nkvg5,0
2026-10-07T20:51:55.480Z,kube-prometheus-stack,monitoring,monitoring-kube-prometheus-operator-6dd9b7895b-nkvg5,0
2026-10-07T20:52:55.480Z,kube-prometheus-stack,monitoring,monitoring-kube-prometheus-operator-6dd9b7895b-nkvg5,0
2026-10-07T20:53:55.480Z,kube-prometheus-stack,monitoring,monitoring-kube-prometheus-operator-6dd9b7895b-nkvg5,0
2026-10-07T20:54:55.480Z,kube-prometheus-stack,monitoring,monitoring-kube-prometheus-operator-6dd9b7895b-nkvg5,0
2026-10-07T20:55:55.480Z,kube-prometheus-stack,monitoring,monitoring-kube-prometheus-operator-6dd9b7895b-nkvg5,0
2026-10-07T20:56:55.480Z,kube-prometheus-stack,monitoring,monitoring-kube-prometheus-operator-6dd9b7895b-nkvg5,0
2026-10-07T20:57:55.480Z,kube-prometheus-stack,monitoring,monitoring-kube-prometheus-operator-6dd9b7895b-nkvg5,0
2026-10-07T20:58:55.480Z,kube-prometheus-stack,monitoring,monitoring-kube-prometheus-operator-6dd9b7895b-nkvg5,0
2026-10-07T20:59:55.480Z,kube-prometheus-stack,monitoring,monitoring-kube-prometheus-operator-6dd9b7895b-nkvg5,0
2026-10-07T21:00:55.480Z,kube-prometheus-stack,monitoring,monitoring-kube-prometheus-operator-6dd9b7895b-nkvg5,0
2026-10-07T21:01:55.480Z,kube-prometheus-stack,monitoring,monitoring-kube-prometheus-operator-6dd9b7895b-nkvg5,0
2026-10-07T21:02:55.480Z,kube-prometheus-stack,monitoring,monitoring-kube-prometheus-operator-6dd9b7895b-nkvg5,0
2026-10-07T21:03:55.480Z,kube-prometheus-stack,monitoring,monitoring-kube-prometheus-operator-6dd9b7895b-nkvg5,0
2026-10-07T21:04:55.480Z,kube-prometheus-stack,monitoring,monitoring-kube-prometheus-operator-6dd9b7895b-nkvg5,0
2026-10-07T21:05:55.480Z,kube-prometheus-stack,monitoring,monitoring-kube-prometheus-operator-6dd9b7895b-nkvg5,0
2026-10-07T21:06:55.480Z,kube-prometheus-stack,monitoring,monitoring-kube-prometheus-operator-6dd9b7895b-nkvg5,0
2026-10-07T21:07:55.480Z,kube-prometheus-stack,monitoring,monitoring-kube-prometheus-operator-6dd9b7895b-nkvg5,0
2026-10-07T21:08:55.480Z,kube-prometheus-stack,monitoring,monitoring-kube-prometheus-operator-6dd9b7895b-nkvg5,0
2026-10-07T21:09:55.480Z,kube-prometheus-stack,monitoring,monitoring-kube-prometheus-operator-6dd9b7895b-nkvg5,0
2026-10-07T21:10:55.480Z,kube-prometheus-stack,monitoring,monitoring-kube-prometheus-operator-6dd9b7895b-nkvg5,0
2026-10-07T21:11:55.480Z,kube-prometheus-stack,monitoring,monitoring-kube-prometheus-operator-6dd9b7895b-nkvg5,0
2026-10-07T21:12:55.480Z,kube-prometheus-stack,monitoring,monitoring-kube-prometheus-operator-6dd9b7895b-nkvg5,0
2026-10-07T21:13:55.480Z,kube-prometheus-stack,monitoring,monitoring-kube-prometheus-operator-6dd9b7895b-nkvg5,0
2026-10-07T21:14:55.480Z,kube-prometheus-stack,monitoring,monitoring-kube-prometheus-operator-6dd9b7895b-nkvg5,0
2026-10-07T21:15:55.480Z,kube-prometheus-stack,monitoring,monitoring-kube-prometheus-operator-6dd9b7895b-nkvg5,0
2026-10-07T21:16:55.480Z,kube-prometheus-stack,monitoring,monitoring-kube-prometheus-operator-6dd9b7895b-nkvg5,0
2026-10-07T21:17:55.480Z,kube-prometheus-stack,monitoring,monitoring-kube-prometheus-operator-6dd9b7895b-nkvg5,0
2026-10-07T21:18:55.480Z,kube-prometheus-stack,monitoring,monitoring-kube-prometheus-operator-6dd9b7895b-nkvg5,0
2026-10-07T21:19:55.480Z,kube-prometheus-stack,monitoring,monitoring-kube-prometheus-operator-6dd9b7895b-nkvg5,0
2026-10-07T21:20:55.480Z,kube-prometheus-stack,monitoring,monitoring-kube-prometheus-operator-6dd9b7895b-nkvg5,0
2026-10-07T21:21:55.480Z,kube-prometheus-stack,monitoring,monitoring-kube-prometheus-operator-6dd9b7895b-nkvg5,0
2026-10-07T21:22:55.480Z,kube-prometheus-stack,monitoring,monitoring-kube-prometheus-operator-6dd9b7895b-nkvg5,0
2026-10-07T21:23:55.480Z,kube-prometheus-stack,monitoring,monitoring-kube-prometheus-operator-6dd9b7895b-nkvg5,0
2026-10-07T21:24:55.480Z,kube-prometheus-stack,monitoring,monitoring-kube-prometheus-operator-6dd9b7895b-nkvg5,0
2026-10-07T21:25:55.480Z,kube-prometheus-stack,monitoring,monitoring-kube-prometheus-operator-6dd9b7895b-nkvg5,0
2026-10-07T21:26:55.480Z,kube-prometheus-stack,monitoring,monitoring-kube-prometheus-operator-6dd9b7895b-nkvg5,0
2026-10-07T21:27:55.480Z,kube-prometheus-stack,monitoring,monitoring-kube-prometheus-operator-6dd9b7895b-nkvg5,0
2026-10-07T21:28:55.480Z,kube-prometheus-stack,monitoring,monitoring-kube-prometheus-operator-6dd9b7895b-nkvg5,0
2026-10-07T21:29:55.480Z,kube-prometheus-stack,monitoring,monitoring-kube-prometheus-operator-6dd9b7895b-nkvg5,0
2026-10-07T21:30:55.480Z,kube-prometheus-stack,monitoring,monitoring-kube-prometheus-operator-6dd9b7895b-nkvg5,0
2026-10-07T21:31:55.480Z,kube-prometheus-stack,monitoring,monitoring-kube-prometheus-operator-6dd9b7895b-nkvg5,0
2026-10-07T21:32:55.480Z,kube-prometheus-stack,monitoring,monitoring-kube-prometheus-operator-6dd9b7895b-nkvg5,0
2026-10-07T21:33:55.480Z,kube-prometheus-stack,monitoring,monitoring-kube-prometheus-operator-6dd9b7895b-nkvg5,0
2026-10-07T21:34:55.480Z,kube-prometheus-stack,monitoring,monitoring-kube-prometheus-operator-6dd9b7895b-nkvg5,0
2026-10-07T21:35:55.480Z,kube-prometheus-stack,monitoring,monitoring-kube-prometheus-operator-6dd9b7895b-nkvg5,0
2026-10-07T21:36:55.480Z,kube-prometheus-stack,monitoring,monitoring-kube-prometheus-operator-6dd9b7895b-nkvg5,0
2026-10-07T21:37:55.480Z,kube-prometheus-stack,monitoring,monitoring-kube-prometheus-operator-6dd9b7895b-nkvg5,0
2026-10-07T21:38:55.480Z,kube-prometheus-stack,monitoring,monitoring-kube-prometheus-operator-6dd9b7895b-nkvg5,0
2026-10-07T21:39:55.480Z,kube-prometheus-stack,monitoring,monitoring-kube-prometheus-operator-6dd9b7895b-nkvg5,0
2026-10-07T21:40:55.480Z,kube-prometheus-stack,monitoring,monitoring-kube-prometheus-operator-6dd9b7895b-nkvg5,0
2026-10-07T21:41:55.480Z,kube-prometheus-stack,monitoring,monitoring-kube-prometheus-operator-6dd9b7895b-nkvg5,0
2026-10-07T21:42:55.480Z,kube-prometheus-stack,monitoring,monitoring-kube-prometheus-operator-6dd9b7895b-nkvg5,0
2026-10-07T21:43:55.480Z,kube-prometheus-stack,monitoring,monitoring-kube-prometheus-operator-6dd9b7895b-nkvg5,0
2026-10-07T21:44:55.480Z,kube-prometheus-stack,monitoring,monitoring-kube-prometheus-operator-6dd9b7895b-nkvg5,0
2026-10-07T21:45:55.480Z,kube-prometheus-stack,monitoring,monitoring-kube-prometheus-operator-6dd9b7895b-nkvg5,0
2026-10-07T21:46:55.480Z,kube-prometheus-stack,monitoring,monitoring-kube-prometheus-operator-6dd9b7895b-nkvg5,0
2026-10-07T21:47:55.480Z,kube-prometheus-stack,monitoring,monitoring-kube-prometheus-operator-6dd9b7895b-nkvg5,0
2026-10-07T21:48:55.480Z,kube-prometheus-stack,monitoring,monitoring-kube-prometheus-operator-6dd9b7895b-nkvg5,0
2026-10-07T21:49:55.480Z,kube-prometheus-stack,monitoring,monitoring-kube-prometheus-operator-6dd9b7895b-nkvg5,0
2026-10-07T21:50:55.480Z,kube-prometheus-stack,monitoring,monitoring-kube-prometheus-operator-6dd9b7895b-nkvg5,0
2026-10-07T21:51:55.480Z,kube-prometheus-stack,monitoring,monitoring-kube-prometheus-operator-6dd9b7895b-nkvg5,0
2026-10-07T21:52:55.480Z,kube-prometheus-stack,monitoring,monitoring-kube-prometheus-operator-6dd9b7895b-nkvg5,0
2026-10-07T21:53:55.480Z,kube-prometheus-stack,monitoring,monitoring-kube-prometheus-operator-6dd9b7895b-nkvg5,0
2026-10-07T21:54:55.480Z,kube-prometheus-stack,monitoring,monitoring-kube-prometheus-operator-6dd9b7895b-nkvg5,0
2026-10-07T21:55:55.480Z,kube-prometheus-stack,monitoring,monitoring-kube-prometheus-operator-6dd9b7895b-nkvg5,0
2026-10-07T21:56:55.480Z,kube-prometheus-stack,monitoring,monitoring-kube-prometheus-operator-6dd9b7895b-nkvg5,0
2026-10-07T21:57:55.480Z,kube-prometheus-stack,monitoring,monitoring-kube-prometheus-operator-6dd9b7895b-nkvg5,0
2026-10-07T21:58:55.480Z,kube-prometheus-stack,monitoring,monitoring-kube-prometheus-operator-6dd9b7895b-nkvg5,0
2026-10-07T21:59:55.480Z,kube-prometheus-stack,monitoring,monitoring-kube-prometheus-operator-6dd9b7895b-nkvg5,0
2026-10-07T22:00:55.480Z,kube-prometheus-stack,monitoring,monitoring-kube-prometheus-operator-6dd9b7895b-nkvg5,0
2026-10-07T22:01:55.480Z,kube-prometheus-stack,monitoring,monitoring-kube-prometheus-operator-6dd9b7895b-nkvg5,0
2026-10-07T22:02:55.480Z,kube-prometheus-stack,monitoring,monitoring-kube-prometheus-operator-6dd9b7895b-nkvg5,0
2026-10-07T22:03:55.480Z,kube-prometheus-stack,monitoring,monitoring-kube-prometheus-operator-6dd9b7895b-nkvg5,0
2026-10-07T22:04:55.480Z,kube-prometheus-stack,monitoring,monitoring-kube-prometheus-operator-6dd9b7895b-nkvg5,0
2026-10-07T22:05:55.480Z,kube-prometheus-stack,monitoring,monitoring-kube-prometheus-operator-6dd9b7895b-nkvg5,0
2026-10-07T22:06:55.480Z,kube-prometheus-stack,monitoring,monitoring-kube-prometheus-operator-6dd9b7895b-nkvg5,0
2026-10-07T22:07:55.480Z,kube-prometheus-stack,monitoring,monitoring-kube-prometheus-operator-6dd9b7895b-nkvg5,0
2026-10-07T22:08:55.480Z,kube-prometheus-stack,monitoring,monitoring-kube-prometheus-operator-6dd9b7895b-nkvg5,0
2026-10-07T22:09:55.480Z,kube-prometheus-stack,monitoring,monitoring-kube-prometheus-operator-6dd9b7895b-nkvg5,0
2026-10-07T22:10:55.480Z,kube-prometheus-stack,monitoring,monitoring-kube-prometheus-operator-6dd9b7895b-nkvg5,0
2026-10-07T22:11:55.480Z,kube-prometheus-stack,monitoring,monitoring-kube-prometheus-operator-6dd9b7895b-nkvg5,0
2026-10-07T22:12:55.480Z,kube-prometheus-stack,monitoring,monitoring-kube-prometheus-operator-6dd9b7895b-nkvg5,0
2026-10-07T22:13:55.480Z,kube-prometheus-stack,monitoring,monitoring-kube-prometheus-operator-6dd9b7895b-nkvg5,0
2026-10-07T22:14:55.480Z,kube-prometheus-stack,monitoring,monitoring-kube-prometheus-operator-6dd9b7895b-nkvg5,0
2026-10-07T22:15:55.480Z,kube-prometheus-stack,monitoring,monitoring-kube-prometheus-operator-6dd9b7895b-nkvg5,0
2026-10-07T22:16:55.480Z,kube-prometheus-stack,monitoring,monitoring-kube-prometheus-operator-6dd9b7895b-nkvg5,0
2026-10-07T22:17:55.480Z,kube-prometheus-stack,monitoring,monitoring-kube-prometheus-operator-6dd9b7895b-nkvg5,0
2026-10-07T22:18:55.480Z,kube-prometheus-stack,monitoring,monitoring-kube-prometheus-operator-6dd9b7895b-nkvg5,0
2026-10-07T22:19:55.480Z,kube-prometheus-stack,monitoring,monitoring-kube-prometheus-operator-6dd9b7895b-nkvg5,0
2026-10-07T22:20:55.480Z,kube-prometheus-stack,monitoring,monitoring-kube-prometheus-operator-6dd9b7895b-nkvg5,0
2026-10-07T22:21:55.480Z,kube-prometheus-stack,monitoring,monitoring-kube-prometheus-operator-6dd9b7895b-nkvg5,0
2026-10-07T22:22:55.480Z,kube-prometheus-stack,monitoring,monitoring-kube-prometheus-operator-6dd9b7895b-nkvg5,0
2026-10-07T22:23:55.480Z,kube-prometheus-stack,monitoring,monitoring-kube-prometheus-operator-6dd9b7895b-nkvg5,0
2026-10-07T20:31:55.480Z,kube-state-metrics,monitoring,monitoring-kube-state-metrics-86b584b658-s8cm5,0
2026-10-07T20:32:55.480Z,kube-state-metrics,monitoring,monitoring-kube-state-metrics-86b584b658-s8cm5,0
2026-10-07T20:33:55.480Z,kube-state-metrics,monitoring,monitoring-kube-state-metrics-86b584b658-s8cm5,0
2026-10-07T20:34:55.480Z,kube-state-metrics,monitoring,monitoring-kube-state-metrics-86b584b658-s8cm5,0
2026-10-07T20:35:55.480Z,kube-state-metrics,monitoring,monitoring-kube-state-metrics-86b584b658-s8cm5,0
2026-10-07T20:36:55.480Z,kube-state-metrics,monitoring,monitoring-kube-state-metrics-86b584b658-s8cm5,0
2026-10-07T20:37:55.480Z,kube-state-metrics,monitoring,monitoring-kube-state-metrics-86b584b658-s8cm5,0
2026-10-07T20:38:55.480Z,kube-state-metrics,monitoring,monitoring-kube-state-metrics-86b584b658-s8cm5,0
2026-10-07T20:39:55.480Z,kube-state-metrics,monitoring,monitoring-kube-state-metrics-86b584b658-s8cm5,0
2026-10-07T20:40:55.480Z,kube-state-metrics,monitoring,monitoring-kube-state-metrics-86b584b658-s8cm5,0
2026-10-07T20:41:55.480Z,kube-state-metrics,monitoring,monitoring-kube-state-metrics-86b584b658-s8cm5,0
2026-10-07T20:42:55.480Z,kube-state-metrics,monitoring,monitoring-kube-state-metrics-86b584b658-s8cm5,0
2026-10-07T20:43:55.480Z,kube-state-metrics,monitoring,monitoring-kube-state-metrics-86b584b658-s8cm5,0
2026-10-07T20:44:55.480Z,kube-state-metrics,monitoring,monitoring-kube-state-metrics-86b584b658-s8cm5,0
2026-10-07T20:45:55.480Z,kube-state-metrics,monitoring,monitoring-kube-state-metrics-86b584b658-s8cm5,0
2026-10-07T20:46:55.480Z,kube-state-metrics,monitoring,monitoring-kube-state-metrics-86b584b658-s8cm5,0
2026-10-07T20:47:55.480Z,kube-state-metrics,monitoring,monitoring-kube-state-metrics-86b584b658-s8cm5,0
2026-10-07T20:48:55.480Z,kube-state-metrics,monitoring,monitoring-kube-state-metrics-86b584b658-s8cm5,0
2026-10-07T20:49:55.480Z,kube-state-metrics,monitoring,monitoring-kube-state-metrics-86b584b658-s8cm5,0
2026-10-07T20:50:55.480Z,kube-state-metrics,monitoring,monitoring-kube-state-metrics-86b584b658-s8cm5,0
2026-10-07T20:51:55.480Z,kube-state-metrics,monitoring,monitoring-kube-state-metrics-86b584b658-s8cm5,0
2026-10-07T20:52:55.480Z,kube-state-metrics,monitoring,monitoring-kube-state-metrics-86b584b658-s8cm5,0
2026-10-07T20:53:55.480Z,kube-state-metrics,monitoring,monitoring-kube-state-metrics-86b584b658-s8cm5,0
2026-10-07T20:54:55.480Z,kube-state-metrics,monitoring,monitoring-kube-state-metrics-86b584b658-s8cm5,0
2026-10-07T20:55:55.480Z,kube-state-metrics,monitoring,monitoring-kube-state-metrics-86b584b658-s8cm5,0
2026-10-07T20:56:55.480Z,kube-state-metrics,monitoring,monitoring-kube-state-metrics-86b584b658-s8cm5,0
2026-10-07T20:57:55.480Z,kube-state-metrics,monitoring,monitoring-kube-state-metrics-86b584b658-s8cm5,0
2026-10-07T20:58:55.480Z,kube-state-metrics,monitoring,monitoring-kube-state-metrics-86b584b658-s8cm5,0
2026-10-07T20:59:55.480Z,kube-state-metrics,monitoring,monitoring-kube-state-metrics-86b584b658-s8cm5,0
2026-10-07T21:00:55.480Z,kube-state-metrics,monitoring,monitoring-kube-state-metrics-86b584b658-s8cm5,0
2026-10-07T21:01:55.480Z,kube-state-metrics,monitoring,monitoring-kube-state-metrics-86b584b658-s8cm5,0
2026-10-07T21:02:55.480Z,kube-state-metrics,monitoring,monitoring-kube-state-metrics-86b584b658-s8cm5,0
2026-10-07T21:03:55.480Z,kube-state-metrics,monitoring,monitoring-kube-state-metrics-86b584b658-s8cm5,0
2026-10-07T21:04:55.480Z,kube-state-metrics,monitoring,monitoring-kube-state-metrics-86b584b658-s8cm5,0
2026-10-07T21:05:55.480Z,kube-state-metrics,monitoring,monitoring-kube-state-metrics-86b584b658-s8cm5,0
2026-10-07T21:06:55.480Z,kube-state-metrics,monitoring,monitoring-kube-state-metrics-86b584b658-s8cm5,0
2026-10-07T21:07:55.480Z,kube-state-metrics,monitoring,monitoring-kube-state-metrics-86b584b658-s8cm5,0
2026-10-07T21:08:55.480Z,kube-state-metrics,monitoring,monitoring-kube-state-metrics-86b584b658-s8cm5,0
2026-10-07T21:09:55.480Z,kube-state-metrics,monitoring,monitoring-kube-state-metrics-86b584b658-s8cm5,0
2026-10-07T21:10:55.480Z,kube-state-metrics,monitoring,monitoring-kube-state-metrics-86b584b658-s8cm5,0
2026-10-07T21:11:55.480Z,kube-state-metrics,monitoring,monitoring-kube-state-metrics-86b584b658-s8cm5,0
2026-10-07T21:12:55.480Z,kube-state-metrics,monitoring,monitoring-kube-state-metrics-86b584b658-s8cm5,0
2026-10-07T21:13:55.480Z,kube-state-metrics,monitoring,monitoring-kube-state-metrics-86b584b658-s8cm5,0
2026-10-07T21:14:55.480Z,kube-state-metrics,monitoring,monitoring-kube-state-metrics-86b584b658-s8cm5,0
2026-10-07T21:15:55.480Z,kube-state-metrics,monitoring,monitoring-kube-state-metrics-86b584b658-s8cm5,0
2026-10-07T21:16:55.480Z,kube-state-metrics,monitoring,monitoring-kube-state-metrics-86b584b658-s8cm5,0
2026-10-07T21:17:55.480Z,kube-state-metrics,monitoring,monitoring-kube-state-metrics-86b584b658-s8cm5,0
2026-10-07T21:18:55.480Z,kube-state-metrics,monitoring,monitoring-kube-state-metrics-86b584b658-s8cm5,0
2026-10-07T21:19:55.480Z,kube-state-metrics,monitoring,monitoring-kube-state-metrics-86b584b658-s8cm5,0
2026-10-07T21:20:55.480Z,kube-state-metrics,monitoring,monitoring-kube-state-metrics-86b584b658-s8cm5,0
2026-10-07T21:21:55.480Z,kube-state-metrics,monitoring,monitoring-kube-state-metrics-86b584b658-s8cm5,0
2026-10-07T21:22:55.480Z,kube-state-metrics,monitoring,monitoring-kube-state-metrics-86b584b658-s8cm5,0
2026-10-07T21:23:55.480Z,kube-state-metrics,monitoring,monitoring-kube-state-metrics-86b584b658-s8cm5,0
2026-10-07T21:24:55.480Z,kube-state-metrics,monitoring,monitoring-kube-state-metrics-86b584b658-s8cm5,0
2026-10-07T21:25:55.480Z,kube-state-metrics,monitoring,monitoring-kube-state-metrics-86b584b658-s8cm5,0
2026-10-07T21:26:55.480Z,kube-state-metrics,monitoring,monitoring-kube-state-metrics-86b584b658-s8cm5,0
2026-10-07T21:27:55.480Z,kube-state-metrics,monitoring,monitoring-kube-state-metrics-86b584b658-s8cm5,0
2026-10-07T21:28:55.480Z,kube-state-metrics,monitoring,monitoring-kube-state-metrics-86b584b658-s8cm5,0
2026-10-07T21:29:55.480Z,kube-state-metrics,monitoring,monitoring-kube-state-metrics-86b584b658-s8cm5,0
2026-10-07T21:30:55.480Z,kube-state-metrics,monitoring,monitoring-kube-state-metrics-86b584b658-s8cm5,0
2026-10-07T21:31:55.480Z,kube-state-metrics,monitoring,monitoring-kube-state-metrics-86b584b658-s8cm5,0
2026-10-07T21:32:55.480Z,kube-state-metrics,monitoring,monitoring-kube-state-metrics-86b584b658-s8cm5,0
2026-10-07T21:33:55.480Z,kube-state-metrics,monitoring,monitoring-kube-state-metrics-86b584b658-s8cm5,0
2026-10-07T21:34:55.480Z,kube-state-metrics,monitoring,monitoring-kube-state-metrics-86b584b658-s8cm5,0
2026-10-07T21:35:55.480Z,kube-state-metrics,monitoring,monitoring-kube-state-metrics-86b584b658-s8cm5,0
2026-10-07T21:36:55.480Z,kube-state-metrics,monitoring,monitoring-kube-state-metrics-86b584b658-s8cm5,0
2026-10-07T21:37:55.480Z,kube-state-metrics,monitoring,monitoring-kube-state-metrics-86b584b658-s8cm5,0
2026-10-07T21:38:55.480Z,kube-state-metrics,monitoring,monitoring-kube-state-metrics-86b584b658-s8cm5,0
2026-10-07T21:39:55.480Z,kube-state-metrics,monitoring,monitoring-kube-state-metrics-86b584b658-s8cm5,0
2026-10-07T21:40:55.480Z,kube-state-metrics,monitoring,monitoring-kube-state-metrics-86b584b658-s8cm5,0
2026-10-07T21:41:55.480Z,kube-state-metrics,monitoring,monitoring-kube-state-metrics-86b584b658-s8cm5,0
2026-10-07T21:42:55.480Z,kube-state-metrics,monitoring,monitoring-kube-state-metrics-86b584b658-s8cm5,0
2026-10-07T21:43:55.480Z,kube-state-metrics,monitoring,monitoring-kube-state-metrics-86b584b658-s8cm5,0
2026-10-07T21:44:55.480Z,kube-state-metrics,monitoring,monitoring-kube-state-metrics-86b584b658-s8cm5,0
2026-10-07T21:45:55.480Z,kube-state-metrics,monitoring,monitoring-kube-state-metrics-86b584b658-s8cm5,0
2026-10-07T21:46:55.480Z,kube-state-metrics,monitoring,monitoring-kube-state-metrics-86b584b658-s8cm5,0
2026-10-07T21:47:55.480Z,kube-state-metrics,monitoring,monitoring-kube-state-metrics-86b584b658-s8cm5,0
2026-10-07T21:48:55.480Z,kube-state-metrics,monitoring,monitoring-kube-state-metrics-86b584b658-s8cm5,0
2026-10-07T21:49:55.480Z,kube-state-metrics,monitoring,monitoring-kube-state-metrics-86b584b658-s8cm5,0
2026-10-07T21:50:55.480Z,kube-state-metrics,monitoring,monitoring-kube-state-metrics-86b584b658-s8cm5,0
2026-10-07T21:51:55.480Z,kube-state-metrics,monitoring,monitoring-kube-state-metrics-86b584b658-s8cm5,0
2026-10-07T21:52:55.480Z,kube-state-metrics,monitoring,monitoring-kube-state-metrics-86b584b658-s8cm5,0
2026-10-07T21:53:55.480Z,kube-state-metrics,monitoring,monitoring-kube-state-metrics-86b584b658-s8cm5,0
2026-10-07T21:54:55.480Z,kube-state-metrics,monitoring,monitoring-kube-state-metrics-86b584b658-s8cm5,0
2026-10-07T21:55:55.480Z,kube-state-metrics,monitoring,monitoring-kube-state-metrics-86b584b658-s8cm5,0
2026-10-07T21:56:55.480Z,kube-state-metrics,monitoring,monitoring-kube-state-metrics-86b584b658-s8cm5,0
2026-10-07T21:57:55.480Z,kube-state-metrics,monitoring,monitoring-kube-state-metrics-86b584b658-s8cm5,0
2026-10-07T21:58:55.480Z,kube-state-metrics,monitoring,monitoring-kube-state-metrics-86b584b658-s8cm5,0
2026-10-07T21:59:55.480Z,kube-state-metrics,monitoring,monitoring-kube-state-metrics-86b584b658-s8cm5,0
2026-10-07T22:00:55.480Z,kube-state-metrics,monitoring,monitoring-kube-state-metrics-86b584b658-s8cm5,0
2026-10-07T22:01:55.480Z,kube-state-metrics,monitoring,monitoring-kube-state-metrics-86b584b658-s8cm5,0
2026-10-07T22:02:55.480Z,kube-state-metrics,monitoring,monitoring-kube-state-metrics-86b584b658-s8cm5,0
2026-10-07T22:03:55.480Z,kube-state-metrics,monitoring,monitoring-kube-state-metrics-86b584b658-s8cm5,0
2026-10-07T22:04:55.480Z,kube-state-metrics,monitoring,monitoring-kube-state-metrics-86b584b658-s8cm5,0
2026-10-07T22:05:55.480Z,kube-state-metrics,monitoring,monitoring-kube-state-metrics-86b584b658-s8cm5,0
2026-10-07T22:06:55.480Z,kube-state-metrics,monitoring,monitoring-kube-state-metrics-86b584b658-s8cm5,0
2026-10-07T22:07:55.480Z,kube-state-metrics,monitoring,monitoring-kube-state-metrics-86b584b658-s8cm5,0
2026-10-07T22:08:55.480Z,kube-state-metrics,monitoring,monitoring-kube-state-metrics-86b584b658-s8cm5,0
2026-10-07T22:09:55.480Z,kube-state-metrics,monitoring,monitoring-kube-state-metrics-86b584b658-s8cm5,0
2026-10-07T22:10:55.480Z,kube-state-metrics,monitoring,monitoring-kube-state-metrics-86b584b658-s8cm5,0
2026-10-07T22:11:55.480Z,kube-state-metrics,monitoring,monitoring-kube-state-metrics-86b584b658-s8cm5,0
2026-10-07T22:12:55.480Z,kube-state-metrics,monitoring,monitoring-kube-state-metrics-86b584b658-s8cm5,0
2026-10-07T22:13:55.480Z,kube-state-metrics,monitoring,monitoring-kube-state-metrics-86b584b658-s8cm5,0
2026-10-07T22:14:55.480Z,kube-state-metrics,monitoring,monitoring-kube-state-metrics-86b584b658-s8cm5,0
2026-10-07T22:15:55.480Z,kube-state-metrics,monitoring,monitoring-kube-state-metrics-86b584b658-s8cm5,0
2026-10-07T22:16:55.480Z,kube-state-metrics,monitoring,monitoring-kube-state-metrics-86b584b658-s8cm5,0
2026-10-07T22:17:55.480Z,kube-state-metrics,monitoring,monitoring-kube-state-metrics-86b584b658-s8cm5,0
2026-10-07T22:18:55.480Z,kube-state-metrics,monitoring,monitoring-kube-state-metrics-86b584b658-s8cm5,0
2026-10-07T22:19:55.480Z,kube-state-metrics,monitoring,monitoring-kube-state-metrics-86b584b658-s8cm5,0
2026-10-07T22:20:55.480Z,kube-state-metrics,monitoring,monitoring-kube-state-metrics-86b584b658-s8cm5,0
2026-10-07T22:21:55.480Z,kube-state-metrics,monitoring,monitoring-kube-state-metrics-86b584b658-s8cm5,0
2026-10-07T22:22:55.480Z,kube-state-metrics,monitoring,monitoring-kube-state-metrics-86b584b658-s8cm5,0
2026-10-07T22:23:55.480Z,kube-state-metrics,monitoring,monitoring-kube-state-metrics-86b584b658-s8cm5,0
2026-10-07T20:31:55.480Z,local-path-provisioner,kube-system,local-path-provisioner-6858d854cf-q6njl,0
2026-10-07T20:32:55.480Z,local-path-provisioner,kube-system,local-path-provisioner-6858d854cf-q6njl,0
2026-10-07T20:33:55.480Z,local-path-provisioner,kube-system,local-path-provisioner-6858d854cf-q6njl,0
2026-10-07T20:34:55.480Z,local-path-provisioner,kube-system,local-path-provisioner-6858d854cf-q6njl,0
2026-10-07T20:35:55.480Z,local-path-provisioner,kube-system,local-path-provisioner-6858d854cf-q6njl,0
2026-10-07T20:36:55.480Z,local-path-provisioner,kube-system,local-path-provisioner-6858d854cf-q6njl,0
2026-10-07T20:37:55.480Z,local-path-provisioner,kube-system,local-path-provisioner-6858d854cf-q6njl,0
2026-10-07T20:38:55.480Z,local-path-provisioner,kube-system,local-path-provisioner-6858d854cf-q6njl,0
2026-10-07T20:39:55.480Z,local-path-provisioner,kube-system,local-path-provisioner-6858d854cf-q6njl,0
2026-10-07T20:40:55.480Z,local-path-provisioner,kube-system,local-path-provisioner-6858d854cf-q6njl,0
2026-10-07T20:41:55.480Z,local-path-provisioner,kube-system,local-path-provisioner-6858d854cf-q6njl,0
2026-10-07T20:42:55.480Z,local-path-provisioner,kube-system,local-path-provisioner-6858d854cf-q6njl,0
2026-10-07T20:43:55.480Z,local-path-provisioner,kube-system,local-path-provisioner-6858d854cf-q6njl,0
2026-10-07T20:44:55.480Z,local-path-provisioner,kube-system,local-path-provisioner-6858d854cf-q6njl,0
2026-10-07T20:45:55.480Z,local-path-provisioner,kube-system,local-path-provisioner-6858d854cf-q6njl,0
2026-10-07T20:46:55.480Z,local-path-provisioner,kube-system,local-path-provisioner-6858d854cf-q6njl,0
2026-10-07T20:47:55.480Z,local-path-provisioner,kube-system,local-path-provisioner-6858d854cf-q6njl,0
2026-10-07T20:48:55.480Z,local-path-provisioner,kube-system,local-path-provisioner-6858d854cf-q6njl,0
2026-10-07T20:49:55.480Z,local-path-provisioner,kube-system,local-path-provisioner-6858d854cf-q6njl,0
2026-10-07T20:50:55.480Z,local-path-provisioner,kube-system,local-path-provisioner-6858d854cf-q6njl,0
2026-10-07T20:51:55.480Z,local-path-provisioner,kube-system,local-path-provisioner-6858d854cf-q6njl,0
2026-10-07T20:52:55.480Z,local-path-provisioner,kube-system,local-path-provisioner-6858d854cf-q6njl,0
2026-10-07T20:53:55.480Z,local-path-provisioner,kube-system,local-path-provisioner-6858d854cf-q6njl,0
2026-10-07T20:54:55.480Z,local-path-provisioner,kube-system,local-path-provisioner-6858d854cf-q6njl,0
2026-10-07T20:55:55.480Z,local-path-provisioner,kube-system,local-path-provisioner-6858d854cf-q6njl,0
2026-10-07T20:56:55.480Z,local-path-provisioner,kube-system,local-path-provisioner-6858d854cf-q6njl,0
2026-10-07T20:57:55.480Z,local-path-provisioner,kube-system,local-path-provisioner-6858d854cf-q6njl,0
2026-10-07T20:58:55.480Z,local-path-provisioner,kube-system,local-path-provisioner-6858d854cf-q6njl,0
2026-10-07T20:59:55.480Z,local-path-provisioner,kube-system,local-path-provisioner-6858d854cf-q6njl,0
2026-10-07T21:00:55.480Z,local-path-provisioner,kube-system,local-path-provisioner-6858d854cf-q6njl,0
2026-10-07T21:01:55.480Z,local-path-provisioner,kube-system,local-path-provisioner-6858d854cf-q6njl,0
2026-10-07T21:02:55.480Z,local-path-provisioner,kube-system,local-path-provisioner-6858d854cf-q6njl,0
2026-10-07T21:03:55.480Z,local-path-provisioner,kube-system,local-path-provisioner-6858d854cf-q6njl,0
2026-10-07T21:04:55.480Z,local-path-provisioner,kube-system,local-path-provisioner-6858d854cf-q6njl,0
2026-10-07T21:05:55.480Z,local-path-provisioner,kube-system,local-path-provisioner-6858d854cf-q6njl,0
2026-10-07T21:06:55.480Z,local-path-provisioner,kube-system,local-path-provisioner-6858d854cf-q6njl,0
2026-10-07T21:07:55.480Z,local-path-provisioner,kube-system,local-path-provisioner-6858d854cf-q6njl,0
2026-10-07T21:08:55.480Z,local-path-provisioner,kube-system,local-path-provisioner-6858d854cf-q6njl,0
2026-10-07T21:09:55.480Z,local-path-provisioner,kube-system,local-path-provisioner-6858d854cf-q6njl,0
2026-10-07T21:10:55.480Z,local-path-provisioner,kube-system,local-path-provisioner-6858d854cf-q6njl,0
2026-10-07T21:11:55.480Z,local-path-provisioner,kube-system,local-path-provisioner-6858d854cf-q6njl,0
2026-10-07T21:12:55.480Z,local-path-provisioner,kube-system,local-path-provisioner-6858d854cf-q6njl,0
2026-10-07T21:13:55.480Z,local-path-provisioner,kube-system,local-path-provisioner-6858d854cf-q6njl,0
2026-10-07T21:14:55.480Z,local-path-provisioner,kube-system,local-path-provisioner-6858d854cf-q6njl,0
2026-10-07T21:15:55.480Z,local-path-provisioner,kube-system,local-path-provisioner-6858d854cf-q6njl,0
2026-10-07T21:16:55.480Z,local-path-provisioner,kube-system,local-path-provisioner-6858d854cf-q6njl,0
2026-10-07T21:17:55.480Z,local-path-provisioner,kube-system,local-path-provisioner-6858d854cf-q6njl,0
2026-10-07T21:18:55.480Z,local-path-provisioner,kube-system,local-path-provisioner-6858d854cf-q6njl,0
2026-10-07T21:19:55.480Z,local-path-provisioner,kube-system,local-path-provisioner-6858d854cf-q6njl,0
2026-10-07T21:20:55.480Z,local-path-provisioner,kube-system,local-path-provisioner-6858d854cf-q6njl,0
2026-10-07T21:21:55.480Z,local-path-provisioner,kube-system,local-path-provisioner-6858d854cf-q6njl,0
2026-10-07T21:22:55.480Z,local-path-provisioner,kube-system,local-path-provisioner-6858d854cf-q6njl,0
2026-10-07T21:23:55.480Z,local-path-provisioner,kube-system,local-path-provisioner-6858d854cf-q6njl,0
2026-10-07T21:24:55.480Z,local-path-provisioner,kube-system,local-path-provisioner-6858d854cf-q6njl,0
2026-10-07T21:25:55.480Z,local-path-provisioner,kube-system,local-path-provisioner-6858d854cf-q6njl,0
2026-10-07T21:26:55.480Z,local-path-provisioner,kube-system,local-path-provisioner-6858d854cf-q6njl,0
2026-10-07T21:27:55.480Z,local-path-provisioner,kube-system,local-path-provisioner-6858d854cf-q6njl,0
2026-10-07T21:28:55.480Z,local-path-provisioner,kube-system,local-path-provisioner-6858d854cf-q6njl,0
2026-10-07T21:29:55.480Z,local-path-provisioner,kube-system,local-path-provisioner-6858d854cf-q6njl,0
2026-10-07T21:30:55.480Z,local-path-provisioner,kube-system,local-path-provisioner-6858d854cf-q6njl,0
2026-10-07T21:31:55.480Z,local-path-provisioner,kube-system,local-path-provisioner-6858d854cf-q6njl,0
2026-10-07T21:32:55.480Z,local-path-provisioner,kube-system,local-path-provisioner-6858d854cf-q6njl,0
2026-10-07T21:33:55.480Z,local-path-provisioner,kube-system,local-path-provisioner-6858d854cf-q6njl,0
2026-10-07T21:34:55.480Z,local-path-provisioner,kube-system,local-path-provisioner-6858d854cf-q6njl,0
2026-10-07T21:35:55.480Z,local-path-provisioner,kube-system,local-path-provisioner-6858d854cf-q6njl,0
2026-10-07T21:36:55.480Z,local-path-provisioner,kube-system,local-path-provisioner-6858d854cf-q6njl,0
2026-10-07T21:37:55.480Z,local-path-provisioner,kube-system,local-path-provisioner-6858d854cf-q6njl,0
2026-10-07T21:38:55.480Z,local-path-provisioner,kube-system,local-path-provisioner-6858d854cf-q6njl,0
2026-10-07T21:39:55.480Z,local-path-provisioner,kube-system,local-path-provisioner-6858d854cf-q6njl,0
2026-10-07T21:40:55.480Z,local-path-provisioner,kube-system,local-path-provisioner-6858d854cf-q6njl,0
2026-10-07T21:41:55.480Z,local-path-provisioner,kube-system,local-path-provisioner-6858d854cf-q6njl,0
2026-10-07T21:42:55.480Z,local-path-provisioner,kube-system,local-path-provisioner-6858d854cf-q6njl,0
2026-10-07T21:43:55.480Z,local-path-provisioner,kube-system,local-path-provisioner-6858d854cf-q6njl,0
2026-10-07T21:44:55.480Z,local-path-provisioner,kube-system,local-path-provisioner-6858d854cf-q6njl,0
2026-10-07T21:45:55.480Z,local-path-provisioner,kube-system,local-path-provisioner-6858d854cf-q6njl,0
2026-10-07T21:46:55.480Z,local-path-provisioner,kube-system,local-path-provisioner-6858d854cf-q6njl,0
2026-10-07T21:47:55.480Z,local-path-provisioner,kube-system,local-path-provisioner-6858d854cf-q6njl,0
2026-10-07T21:48:55.480Z,local-path-provisioner,kube-system,local-path-provisioner-6858d854cf-q6njl,0
2026-10-07T21:49:55.480Z,local-path-provisioner,kube-system,local-path-provisioner-6858d854cf-q6njl,0
2026-10-07T21:50:55.480Z,local-path-provisioner,kube-system,local-path-provisioner-6858d854cf-q6njl,0
2026-10-07T21:51:55.480Z,local-path-provisioner,kube-system,local-path-provisioner-6858d854cf-q6njl,0
2026-10-07T21:52:55.480Z,local-path-provisioner,kube-system,local-path-provisioner-6858d854cf-q6njl,0
2026-10-07T21:53:55.480Z,local-path-provisioner,kube-system,local-path-provisioner-6858d854cf-q6njl,0
2026-10-07T21:54:55.480Z,local-path-provisioner,kube-system,local-path-provisioner-6858d854cf-q6njl,0
2026-10-07T21:55:55.480Z,local-path-provisioner,kube-system,local-path-provisioner-6858d854cf-q6njl,0
2026-10-07T21:56:55.480Z,local-path-provisioner,kube-system,local-path-provisioner-6858d854cf-q6njl,0
2026-10-07T21:57:55.480Z,local-path-provisioner,kube-system,local-path-provisioner-6858d854cf-q6njl,0
2026-10-07T21:58:55.480Z,local-path-provisioner,kube-system,local-path-provisioner-6858d854cf-q6njl,0
2026-10-07T21:59:55.480Z,local-path-provisioner,kube-system,local-path-provisioner-6858d854cf-q6njl,0
2026-10-07T22:00:55.480Z,local-path-provisioner,kube-system,local-path-provisioner-6858d854cf-q6njl,0
2026-10-07T22:01:55.480Z,local-path-provisioner,kube-system,local-path-provisioner-6858d854cf-q6njl,0
2026-10-07T22:02:55.480Z,local-path-provisioner,kube-system,local-path-provisioner-6858d854cf-q6njl,0
2026-10-07T22:03:55.480Z,local-path-provisioner,kube-system,local-path-provisioner-6858d854cf-q6njl,0
2026-10-07T22:04:55.480Z,local-path-provisioner,kube-system,local-path-provisioner-6858d854cf-q6njl,0
2026-10-07T22:05:55.480Z,local-path-provisioner,kube-system,local-path-provisioner-6858d854cf-q6njl,0
2026-10-07T22:06:55.480Z,local-path-provisioner,kube-system,local-path-provisioner-6858d854cf-q6njl,0
2026-10-07T22:07:55.480Z,local-path-provisioner,kube-system,local-path-provisioner-6858d854cf-q6njl,0
2026-10-07T22:08:55.480Z,local-path-provisioner,kube-system,local-path-provisioner-6858d854cf-q6njl,0
2026-10-07T22:09:55.480Z,local-path-provisioner,kube-system,local-path-provisioner-6858d854cf-q6njl,0
2026-10-07T22:10:55.480Z,local-path-provisioner,kube-system,local-path-provisioner-6858d854cf-q6njl,0
2026-10-07T22:11:55.480Z,local-path-provisioner,kube-system,local-path-provisioner-6858d854cf-q6njl,0
2026-10-07T22:12:55.480Z,local-path-provisioner,kube-system,local-path-provisioner-6858d854cf-q6njl,0
2026-10-07T22:13:55.480Z,local-path-provisioner,kube-system,local-path-provisioner-6858d854cf-q6njl,0
2026-10-07T22:14:55.480Z,local-path-provisioner,kube-system,local-path-provisioner-6858d854cf-q6njl,0
2026-10-07T22:15:55.480Z,local-path-provisioner,kube-system,local-path-provisioner-6858d854cf-q6njl,0
2026-10-07T22:16:55.480Z,local-path-provisioner,kube-system,local-path-provisioner-6858d854cf-q6njl,0
2026-10-07T22:17:55.480Z,local-path-provisioner,kube-system,local-path-provisioner-6858d854cf-q6njl,0
2026-10-07T22:18:55.480Z,local-path-provisioner,kube-system,local-path-provisioner-6858d854cf-q6njl,0
2026-10-07T22:19:55.480Z,local-path-provisioner,kube-system,local-path-provisioner-6858d854cf-q6njl,0
2026-10-07T22:20:55.480Z,local-path-provisioner,kube-system,local-path-provisioner-6858d854cf-q6njl,0
2026-10-07T22:21:55.480Z,local-path-provisioner,kube-system,local-path-provisioner-6858d854cf-q6njl,0
2026-10-07T22:22:55.480Z,local-path-provisioner,kube-system,local-path-provisioner-6858d854cf-q6njl,0
2026-10-07T22:23:55.480Z,local-path-provisioner,kube-system,local-path-provisioner-6858d854cf-q6njl,0
2026-10-07T20:31:55.480Z,loki,logging,loki-0,0
2026-10-07T20:32:55.480Z,loki,logging,loki-0,0
2026-10-07T20:33:55.480Z,loki,logging,loki-0,0
2026-10-07T20:34:55.480Z,loki,logging,loki-0,0
2026-10-07T20:35:55.480Z,loki,logging,loki-0,0
2026-10-07T20:36:55.480Z,loki,logging,loki-0,0
2026-10-07T20:37:55.480Z,loki,logging,loki-0,0
2026-10-07T20:38:55.480Z,loki,logging,loki-0,0
2026-10-07T20:39:55.480Z,loki,logging,loki-0,0
2026-10-07T20:40:55.480Z,loki,logging,loki-0,0
2026-10-07T20:41:55.480Z,loki,logging,loki-0,0
2026-10-07T20:42:55.480Z,loki,logging,loki-0,0
2026-10-07T20:43:55.480Z,loki,logging,loki-0,0
2026-10-07T20:44:55.480Z,loki,logging,loki-0,0
2026-10-07T20:45:55.480Z,loki,logging,loki-0,0
2026-10-07T20:46:55.480Z,loki,logging,loki-0,0
2026-10-07T20:47:55.480Z,loki,logging,loki-0,0
2026-10-07T20:48:55.480Z,loki,logging,loki-0,0
2026-10-07T20:49:55.480Z,loki,logging,loki-0,0
2026-10-07T20:50:55.480Z,loki,logging,loki-0,0
2026-10-07T20:51:55.480Z,loki,logging,loki-0,0
2026-10-07T20:52:55.480Z,loki,logging,loki-0,0
2026-10-07T20:53:55.480Z,loki,logging,loki-0,0
2026-10-07T20:54:55.480Z,loki,logging,loki-0,0
2026-10-07T20:55:55.480Z,loki,logging,loki-0,0
2026-10-07T20:56:55.480Z,loki,logging,loki-0,0
2026-10-07T20:57:55.480Z,loki,logging,loki-0,0
2026-10-07T20:58:55.480Z,loki,logging,loki-0,0
2026-10-07T20:59:55.480Z,loki,logging,loki-0,0
2026-10-07T21:00:55.480Z,loki,logging,loki-0,0
2026-10-07T21:01:55.480Z,loki,logging,loki-0,0
2026-10-07T21:02:55.480Z,loki,logging,loki-0,0
2026-10-07T21:03:55.480Z,loki,logging,loki-0,0
2026-10-07T21:04:55.480Z,loki,logging,loki-0,0
2026-10-07T21:05:55.480Z,loki,logging,loki-0,0
2026-10-07T21:06:55.480Z,loki,logging,loki-0,0
2026-10-07T21:07:55.480Z,loki,logging,loki-0,0
2026-10-07T21:08:55.480Z,loki,logging,loki-0,0
2026-10-07T21:09:55.480Z,loki,logging,loki-0,0
2026-10-07T21:10:55.480Z,loki,logging,loki-0,0
2026-10-07T21:11:55.480Z,loki,logging,loki-0,0
2026-10-07T21:12:55.480Z,loki,logging,loki-0,0
2026-10-07T21:13:55.480Z,loki,logging,loki-0,0
2026-10-07T21:14:55.480Z,loki,logging,loki-0,0
2026-10-07T21:15:55.480Z,loki,logging,loki-0,0
2026-10-07T21:16:55.480Z,loki,logging,loki-0,0
2026-10-07T21:17:55.480Z,loki,logging,loki-0,0
2026-10-07T21:18:55.480Z,loki,logging,loki-0,0
2026-10-07T21:19:55.480Z,loki,logging,loki-0,0
2026-10-07T21:20:55.480Z,loki,logging,loki-0,0
2026-10-07T21:21:55.480Z,loki,logging,loki-0,0
2026-10-07T21:22:55.480Z,loki,logging,loki-0,0
2026-10-07T21:23:55.480Z,loki,logging,loki-0,0
2026-10-07T21:24:55.480Z,loki,logging,loki-0,0
2026-10-07T21:25:55.480Z,loki,logging,loki-0,0
2026-10-07T21:26:55.480Z,loki,logging,loki-0,0
2026-10-07T21:27:55.480Z,loki,logging,loki-0,0
2026-10-07T21:28:55.480Z,loki,logging,loki-0,0
2026-10-07T21:29:55.480Z,loki,logging,loki-0,0
2026-10-07T21:30:55.480Z,loki,logging,loki-0,0
2026-10-07T21:31:55.480Z,loki,logging,loki-0,0
2026-10-07T21:32:55.480Z,loki,logging,loki-0,0
2026-10-07T21:33:55.480Z,loki,logging,loki-0,0
2026-10-07T21:34:55.480Z,loki,logging,loki-0,0
2026-10-07T21:35:55.480Z,loki,logging,loki-0,0
2026-10-07T21:36:55.480Z,loki,logging,loki-0,0
2026-10-07T21:37:55.480Z,loki,logging,loki-0,0
2026-10-07T21:38:55.480Z,loki,logging,loki-0,0
2026-10-07T21:39:55.480Z,loki,logging,loki-0,0
2026-10-07T21:40:55.480Z,loki,logging,loki-0,0
2026-10-07T21:41:55.480Z,loki,logging,loki-0,0
2026-10-07T21:42:55.480Z,loki,logging,loki-0,0
2026-10-07T21:43:55.480Z,loki,logging,loki-0,0
2026-10-07T21:44:55.480Z,loki,logging,loki-0,0
2026-10-07T21:45:55.480Z,loki,logging,loki-0,0
2026-10-07T21:46:55.480Z,loki,logging,loki-0,0
2026-10-07T21:47:55.480Z,loki,logging,loki-0,0
2026-10-07T21:48:55.480Z,loki,logging,loki-0,0
2026-10-07T21:49:55.480Z,loki,logging,loki-0,0
2026-10-07T21:50:55.480Z,loki,logging,loki-0,0
2026-10-07T21:51:55.480Z,loki,logging,loki-0,0
2026-10-07T21:52:55.480Z,loki,logging,loki-0,0
2026-10-07T21:53:55.480Z,loki,logging,loki-0,0
2026-10-07T21:54:55.480Z,loki,logging,loki-0,0
2026-10-07T21:55:55.480Z,loki,logging,loki-0,0
2026-10-07T21:56:55.480Z,loki,logging,loki-0,0
2026-10-07T21:57:55.480Z,loki,logging,loki-0,0
2026-10-07T21:58:55.480Z,loki,logging,loki-0,0
2026-10-07T21:59:55.480Z,loki,logging,loki-0,0
2026-10-07T22:00:55.480Z,loki,logging,loki-0,0
2026-10-07T22:01:55.480Z,loki,logging,loki-0,0
2026-10-07T22:02:55.480Z,loki,logging,loki-0,0
2026-10-07T22:03:55.480Z,loki,logging,loki-0,0
2026-10-07T22:04:55.480Z,loki,logging,loki-0,0
2026-10-07T22:05:55.480Z,loki,logging,loki-0,0
2026-10-07T22:06:55.480Z,loki,logging,loki-0,0
2026-10-07T22:07:55.480Z,loki,logging,loki-0,0
2026-10-07T22:08:55.480Z,loki,logging,loki-0,0
2026-10-07T22:09:55.480Z,loki,logging,loki-0,0
2026-10-07T22:10:55.480Z,loki,logging,loki-0,0
2026-10-07T22:11:55.480Z,loki,logging,loki-0,0
2026-10-07T22:12:55.480Z,loki,logging,loki-0,0
2026-10-07T22:13:55.480Z,loki,logging,loki-0,0
2026-10-07T22:14:55.480Z,loki,logging,loki-0,0
2026-10-07T22:15:55.480Z,loki,logging,loki-0,0
2026-10-07T22:16:55.480Z,loki,logging,loki-0,0
2026-10-07T22:17:55.480Z,loki,logging,loki-0,0
2026-10-07T22:18:55.480Z,loki,logging,loki-0,0
2026-10-07T22:19:55.480Z,loki,logging,loki-0,0
2026-10-07T22:20:55.480Z,loki,logging,loki-0,0
2026-10-07T22:21:55.480Z,loki,logging,loki-0,0
2026-10-07T22:22:55.480Z,loki,logging,loki-0,0
2026-10-07T22:23:55.480Z,loki,logging,loki-0,0
2026-10-07T20:31:55.480Z,manager,k6-operator,k6-operator-controller-manager-7c45b488b8-tvch5,0
2026-10-07T20:32:55.480Z,manager,k6-operator,k6-operator-controller-manager-7c45b488b8-tvch5,0
2026-10-07T20:33:55.480Z,manager,k6-operator,k6-operator-controller-manager-7c45b488b8-tvch5,0
2026-10-07T20:34:55.480Z,manager,k6-operator,k6-operator-controller-manager-7c45b488b8-tvch5,0
2026-10-07T20:35:55.480Z,manager,k6-operator,k6-operator-controller-manager-7c45b488b8-tvch5,0
2026-10-07T20:36:55.480Z,manager,k6-operator,k6-operator-controller-manager-7c45b488b8-tvch5,0
2026-10-07T20:37:55.480Z,manager,k6-operator,k6-operator-controller-manager-7c45b488b8-tvch5,0
2026-10-07T20:38:55.480Z,manager,k6-operator,k6-operator-controller-manager-7c45b488b8-tvch5,0
2026-10-07T20:39:55.480Z,manager,k6-operator,k6-operator-controller-manager-7c45b488b8-tvch5,0
2026-10-07T20:40:55.480Z,manager,k6-operator,k6-operator-controller-manager-7c45b488b8-tvch5,0
2026-10-07T20:41:55.480Z,manager,k6-operator,k6-operator-controller-manager-7c45b488b8-tvch5,0
2026-10-07T20:42:55.480Z,manager,k6-operator,k6-operator-controller-manager-7c45b488b8-tvch5,0
2026-10-07T20:43:55.480Z,manager,k6-operator,k6-operator-controller-manager-7c45b488b8-tvch5,0
2026-10-07T20:44:55.480Z,manager,k6-operator,k6-operator-controller-manager-7c45b488b8-tvch5,0
2026-10-07T20:45:55.480Z,manager,k6-operator,k6-operator-controller-manager-7c45b488b8-tvch5,0
2026-10-07T20:46:55.480Z,manager,k6-operator,k6-operator-controller-manager-7c45b488b8-tvch5,0
2026-10-07T20:47:55.480Z,manager,k6-operator,k6-operator-controller-manager-7c45b488b8-tvch5,0
2026-10-07T20:48:55.480Z,manager,k6-operator,k6-operator-controller-manager-7c45b488b8-tvch5,0
2026-10-07T20:49:55.480Z,manager,k6-operator,k6-operator-controller-manager-7c45b488b8-tvch5,0
2026-10-07T20:50:55.480Z,manager,k6-operator,k6-operator-controller-manager-7c45b488b8-tvch5,0
2026-10-07T20:51:55.480Z,manager,k6-operator,k6-operator-controller-manager-7c45b488b8-tvch5,0
2026-10-07T20:52:55.480Z,manager,k6-operator,k6-operator-controller-manager-7c45b488b8-tvch5,0
2026-10-07T20:53:55.480Z,manager,k6-operator,k6-operator-controller-manager-7c45b488b8-tvch5,0
2026-10-07T20:54:55.480Z,manager,k6-operator,k6-operator-controller-manager-7c45b488b8-tvch5,0
2026-10-07T20:55:55.480Z,manager,k6-operator,k6-operator-controller-manager-7c45b488b8-tvch5,0
2026-10-07T20:56:55.480Z,manager,k6-operator,k6-operator-controller-manager-7c45b488b8-tvch5,0
2026-10-07T20:57:55.480Z,manager,k6-operator,k6-operator-controller-manager-7c45b488b8-tvch5,0
2026-10-07T20:58:55.480Z,manager,k6-operator,k6-operator-controller-manager-7c45b488b8-tvch5,0
2026-10-07T20:59:55.480Z,manager,k6-operator,k6-operator-controller-manager-7c45b488b8-tvch5,0
2026-10-07T21:00:55.480Z,manager,k6-operator,k6-operator-controller-manager-7c45b488b8-tvch5,0
2026-10-07T21:01:55.480Z,manager,k6-operator,k6-operator-controller-manager-7c45b488b8-tvch5,0
2026-10-07T21:02:55.480Z,manager,k6-operator,k6-operator-controller-manager-7c45b488b8-tvch5,0
2026-10-07T21:03:55.480Z,manager,k6-operator,k6-operator-controller-manager-7c45b488b8-tvch5,0
2026-10-07T21:04:55.480Z,manager,k6-operator,k6-operator-controller-manager-7c45b488b8-tvch5,0
2026-10-07T21:05:55.480Z,manager,k6-operator,k6-operator-controller-manager-7c45b488b8-tvch5,0
2026-10-07T21:06:55.480Z,manager,k6-operator,k6-operator-controller-manager-7c45b488b8-tvch5,0
2026-10-07T21:07:55.480Z,manager,k6-operator,k6-operator-controller-manager-7c45b488b8-tvch5,0
2026-10-07T21:08:55.480Z,manager,k6-operator,k6-operator-controller-manager-7c45b488b8-tvch5,0
2026-10-07T21:09:55.480Z,manager,k6-operator,k6-operator-controller-manager-7c45b488b8-tvch5,0
2026-10-07T21:10:55.480Z,manager,k6-operator,k6-operator-controller-manager-7c45b488b8-tvch5,0
2026-10-07T21:11:55.480Z,manager,k6-operator,k6-operator-controller-manager-7c45b488b8-tvch5,0
2026-10-07T21:12:55.480Z,manager,k6-operator,k6-operator-controller-manager-7c45b488b8-tvch5,0
2026-10-07T21:13:55.480Z,manager,k6-operator,k6-operator-controller-manager-7c45b488b8-tvch5,0
2026-10-07T21:14:55.480Z,manager,k6-operator,k6-operator-controller-manager-7c45b488b8-tvch5,0
2026-10-07T21:15:55.480Z,manager,k6-operator,k6-operator-controller-manager-7c45b488b8-tvch5,0
2026-10-07T21:16:55.480Z,manager,k6-operator,k6-operator-controller-manager-7c45b488b8-tvch5,0
2026-10-07T21:17:55.480Z,manager,k6-operator,k6-operator-controller-manager-7c45b488b8-tvch5,0
2026-10-07T21:18:55.480Z,manager,k6-operator,k6-operator-controller-manager-7c45b488b8-tvch5,0
2026-10-07T21:19:55.480Z,manager,k6-operator,k6-operator-controller-manager-7c45b488b8-tvch5,0
2026-10-07T21:20:55.480Z,manager,k6-operator,k6-operator-controller-manager-7c45b488b8-tvch5,0
2026-10-07T21:21:55.480Z,manager,k6-operator,k6-operator-controller-manager-7c45b488b8-tvch5,0
2026-10-07T21:22:55.480Z,manager,k6-operator,k6-operator-controller-manager-7c45b488b8-tvch5,0
2026-10-07T21:23:55.480Z,manager,k6-operator,k6-operator-controller-manager-7c45b488b8-tvch5,0
2026-10-07T21:24:55.480Z,manager,k6-operator,k6-operator-controller-manager-7c45b488b8-tvch5,0
2026-10-07T21:25:55.480Z,manager,k6-operator,k6-operator-controller-manager-7c45b488b8-tvch5,0
2026-10-07T21:26:55.480Z,manager,k6-operator,k6-operator-controller-manager-7c45b488b8-tvch5,0
2026-10-07T21:27:55.480Z,manager,k6-operator,k6-operator-controller-manager-7c45b488b8-tvch5,0
2026-10-07T21:28:55.480Z,manager,k6-operator,k6-operator-controller-manager-7c45b488b8-tvch5,0
2026-10-07T21:29:55.480Z,manager,k6-operator,k6-operator-controller-manager-7c45b488b8-tvch5,0
2026-10-07T21:30:55.480Z,manager,k6-operator,k6-operator-controller-manager-7c45b488b8-tvch5,0
2026-10-07T21:31:55.480Z,manager,k6-operator,k6-operator-controller-manager-7c45b488b8-tvch5,0
2026-10-07T21:32:55.480Z,manager,k6-operator,k6-operator-controller-manager-7c45b488b8-tvch5,0
2026-10-07T21:33:55.480Z,manager,k6-operator,k6-operator-controller-manager-7c45b488b8-tvch5,0
2026-10-07T21:34:55.480Z,manager,k6-operator,k6-operator-controller-manager-7c45b488b8-tvch5,0
2026-10-07T21:35:55.480Z,manager,k6-operator,k6-operator-controller-manager-7c45b488b8-tvch5,0
2026-10-07T21:36:55.480Z,manager,k6-operator,k6-operator-controller-manager-7c45b488b8-tvch5,0
2026-10-07T21:37:55.480Z,manager,k6-operator,k6-operator-controller-manager-7c45b488b8-tvch5,0
2026-10-07T21:38:55.480Z,manager,k6-operator,k6-operator-controller-manager-7c45b488b8-tvch5,0
2026-10-07T21:39:55.480Z,manager,k6-operator,k6-operator-controller-manager-7c45b488b8-tvch5,0
2026-10-07T21:40:55.480Z,manager,k6-operator,k6-operator-controller-manager-7c45b488b8-tvch5,0
2026-10-07T21:41:55.480Z,manager,k6-operator,k6-operator-controller-manager-7c45b488b8-tvch5,0
2026-10-07T21:42:55.480Z,manager,k6-operator,k6-operator-controller-manager-7c45b488b8-tvch5,0
2026-10-07T21:43:55.480Z,manager,k6-operator,k6-operator-controller-manager-7c45b488b8-tvch5,0
2026-10-07T21:44:55.480Z,manager,k6-operator,k6-operator-controller-manager-7c45b488b8-tvch5,0
2026-10-07T21:45:55.480Z,manager,k6-operator,k6-operator-controller-manager-7c45b488b8-tvch5,0
2026-10-07T21:46:55.480Z,manager,k6-operator,k6-operator-controller-manager-7c45b488b8-tvch5,0
2026-10-07T21:47:55.480Z,manager,k6-operator,k6-operator-controller-manager-7c45b488b8-tvch5,0
2026-10-07T21:48:55.480Z,manager,k6-operator,k6-operator-controller-manager-7c45b488b8-tvch5,0
2026-10-07T21:49:55.480Z,manager,k6-operator,k6-operator-controller-manager-7c45b488b8-tvch5,0
2026-10-07T21:50:55.480Z,manager,k6-operator,k6-operator-controller-manager-7c45b488b8-tvch5,0
2026-10-07T21:51:55.480Z,manager,k6-operator,k6-operator-controller-manager-7c45b488b8-tvch5,0
2026-10-07T21:52:55.480Z,manager,k6-operator,k6-operator-controller-manager-7c45b488b8-tvch5,0
2026-10-07T21:53:55.480Z,manager,k6-operator,k6-operator-controller-manager-7c45b488b8-tvch5,0
2026-10-07T21:54:55.480Z,manager,k6-operator,k6-operator-controller-manager-7c45b488b8-tvch5,0
2026-10-07T21:55:55.480Z,manager,k6-operator,k6-operator-controller-manager-7c45b488b8-tvch5,0
2026-10-07T21:56:55.480Z,manager,k6-operator,k6-operator-controller-manager-7c45b488b8-tvch5,0
2026-10-07T21:57:55.480Z,manager,k6-operator,k6-operator-controller-manager-7c45b488b8-tvch5,0
2026-10-07T21:58:55.480Z,manager,k6-operator,k6-operator-controller-manager-7c45b488b8-tvch5,0
2026-10-07T21:59:55.480Z,manager,k6-operator,k6-operator-controller-manager-7c45b488b8-tvch5,0
2026-10-07T22:00:55.480Z,manager,k6-operator,k6-operator-controller-manager-7c45b488b8-tvch5,0
2026-10-07T22:01:55.480Z,manager,k6-operator,k6-operator-controller-manager-7c45b488b8-tvch5,0
2026-10-07T22:02:55.480Z,manager,k6-operator,k6-operator-controller-manager-7c45b488b8-tvch5,0
2026-10-07T22:03:55.480Z,manager,k6-operator,k6-operator-controller-manager-7c45b488b8-tvch5,0
2026-10-07T22:04:55.480Z,manager,k6-operator,k6-operator-controller-manager-7c45b488b8-tvch5,0
2026-10-07T22:05:55.480Z,manager,k6-operator,k6-operator-controller-manager-7c45b488b8-tvch5,0
2026-10-07T22:06:55.480Z,manager,k6-operator,k6-operator-controller-manager-7c45b488b8-tvch5,0
2026-10-07T22:07:55.480Z,manager,k6-operator,k6-operator-controller-manager-7c45b488b8-tvch5,0
2026-10-07T22:08:55.480Z,manager,k6-operator,k6-operator-controller-manager-7c45b488b8-tvch5,0
2026-10-07T22:09:55.480Z,manager,k6-operator,k6-operator-controller-manager-7c45b488b8-tvch5,0
2026-10-07T22:10:55.480Z,manager,k6-operator,k6-operator-controller-manager-7c45b488b8-tvch5,0
2026-10-07T22:11:55.480Z,manager,k6-operator,k6-operator-controller-manager-7c45b488b8-tvch5,0
2026-10-07T22:12:55.480Z,manager,k6-operator,k6-operator-controller-manager-7c45b488b8-tvch5,0
2026-10-07T22:13:55.480Z,manager,k6-operator,k6-operator-controller-manager-7c45b488b8-tvch5,0
2026-10-07T22:14:55.480Z,manager,k6-operator,k6-operator-controller-manager-7c45b488b8-tvch5,0
2026-10-07T22:15:55.480Z,manager,k6-operator,k6-operator-controller-manager-7c45b488b8-tvch5,0
2026-10-07T22:16:55.480Z,manager,k6-operator,k6-operator-controller-manager-7c45b488b8-tvch5,0
2026-10-07T22:17:55.480Z,manager,k6-operator,k6-operator-controller-manager-7c45b488b8-tvch5,0
2026-10-07T22:18:55.480Z,manager,k6-operator,k6-operator-controller-manager-7c45b488b8-tvch5,0
2026-10-07T22:19:55.480Z,manager,k6-operator,k6-operator-controller-manager-7c45b488b8-tvch5,0
2026-10-07T22:20:55.480Z,manager,k6-operator,k6-operator-controller-manager-7c45b488b8-tvch5,0
2026-10-07T22:21:55.480Z,manager,k6-operator,k6-operator-controller-manager-7c45b488b8-tvch5,0
2026-10-07T22:22:55.480Z,manager,k6-operator,k6-operator-controller-manager-7c45b488b8-tvch5,0
2026-10-07T22:23:55.480Z,manager,k6-operator,k6-operator-controller-manager-7c45b488b8-tvch5,0
2026-10-07T20:31:55.480Z,metrics-server,kube-system,metrics-server-778c4649b4-cmvc2,0
2026-10-07T20:32:55.480Z,metrics-server,kube-system,metrics-server-778c4649b4-cmvc2,0
2026-10-07T20:33:55.480Z,metrics-server,kube-system,metrics-server-778c4649b4-cmvc2,0
2026-10-07T20:34:55.480Z,metrics-server,kube-system,metrics-server-778c4649b4-cmvc2,0
2026-10-07T20:35:55.480Z,metrics-server,kube-system,metrics-server-778c4649b4-cmvc2,0
2026-10-07T20:36:55.480Z,metrics-server,kube-system,metrics-server-778c4649b4-cmvc2,0
2026-10-07T20:37:55.480Z,metrics-server,kube-system,metrics-server-778c4649b4-cmvc2,0
2026-10-07T20:38:55.480Z,metrics-server,kube-system,metrics-server-778c4649b4-cmvc2,0
2026-10-07T20:39:55.480Z,metrics-server,kube-system,metrics-server-778c4649b4-cmvc2,0
2026-10-07T20:40:55.480Z,metrics-server,kube-system,metrics-server-778c4649b4-cmvc2,0
2026-10-07T20:41:55.480Z,metrics-server,kube-system,metrics-server-778c4649b4-cmvc2,0
2026-10-07T20:42:55.480Z,metrics-server,kube-system,metrics-server-778c4649b4-cmvc2,0
2026-10-07T20:43:55.480Z,metrics-server,kube-system,metrics-server-778c4649b4-cmvc2,0
2026-10-07T20:44:55.480Z,metrics-server,kube-system,metrics-server-778c4649b4-cmvc2,0
2026-10-07T20:45:55.480Z,metrics-server,kube-system,metrics-server-778c4649b4-cmvc2,0
2026-10-07T20:46:55.480Z,metrics-server,kube-system,metrics-server-778c4649b4-cmvc2,0
2026-10-07T20:47:55.480Z,metrics-server,kube-system,metrics-server-778c4649b4-cmvc2,0
2026-10-07T20:48:55.480Z,metrics-server,kube-system,metrics-server-778c4649b4-cmvc2,0
2026-10-07T20:49:55.480Z,metrics-server,kube-system,metrics-server-778c4649b4-cmvc2,0
2026-10-07T20:50:55.480Z,metrics-server,kube-system,metrics-server-778c4649b4-cmvc2,0
2026-10-07T20:51:55.480Z,metrics-server,kube-system,metrics-server-778c4649b4-cmvc2,0
2026-10-07T20:52:55.480Z,metrics-server,kube-system,metrics-server-778c4649b4-cmvc2,0
2026-10-07T20:53:55.480Z,metrics-server,kube-system,metrics-server-778c4649b4-cmvc2,0
2026-10-07T20:54:55.480Z,metrics-server,kube-system,metrics-server-778c4649b4-cmvc2,0
2026-10-07T20:55:55.480Z,metrics-server,kube-system,metrics-server-778c4649b4-cmvc2,0
2026-10-07T20:56:55.480Z,metrics-server,kube-system,metrics-server-778c4649b4-cmvc2,0
2026-10-07T20:57:55.480Z,metrics-server,kube-system,metrics-server-778c4649b4-cmvc2,0
2026-10-07T20:58:55.480Z,metrics-server,kube-system,metrics-server-778c4649b4-cmvc2,0
2026-10-07T20:59:55.480Z,metrics-server,kube-system,metrics-server-778c4649b4-cmvc2,0
2026-10-07T21:00:55.480Z,metrics-server,kube-system,metrics-server-778c4649b4-cmvc2,0
2026-10-07T21:01:55.480Z,metrics-server,kube-system,metrics-server-778c4649b4-cmvc2,0
2026-10-07T21:02:55.480Z,metrics-server,kube-system,metrics-server-778c4649b4-cmvc2,0
2026-10-07T21:03:55.480Z,metrics-server,kube-system,metrics-server-778c4649b4-cmvc2,0
2026-10-07T21:04:55.480Z,metrics-server,kube-system,metrics-server-778c4649b4-cmvc2,0
2026-10-07T21:05:55.480Z,metrics-server,kube-system,metrics-server-778c4649b4-cmvc2,0
2026-10-07T21:06:55.480Z,metrics-server,kube-system,metrics-server-778c4649b4-cmvc2,0
2026-10-07T21:07:55.480Z,metrics-server,kube-system,metrics-server-778c4649b4-cmvc2,0
2026-10-07T21:08:55.480Z,metrics-server,kube-system,metrics-server-778c4649b4-cmvc2,0
2026-10-07T21:09:55.480Z,metrics-server,kube-system,metrics-server-778c4649b4-cmvc2,0
2026-10-07T21:10:55.480Z,metrics-server,kube-system,metrics-server-778c4649b4-cmvc2,0
2026-10-07T21:11:55.480Z,metrics-server,kube-system,metrics-server-778c4649b4-cmvc2,0
2026-10-07T21:12:55.480Z,metrics-server,kube-system,metrics-server-778c4649b4-cmvc2,0
2026-10-07T21:13:55.480Z,metrics-server,kube-system,metrics-server-778c4649b4-cmvc2,0
2026-10-07T21:14:55.480Z,metrics-server,kube-system,metrics-server-778c4649b4-cmvc2,0
2026-10-07T21:15:55.480Z,metrics-server,kube-system,metrics-server-778c4649b4-cmvc2,0
2026-10-07T21:16:55.480Z,metrics-server,kube-system,metrics-server-778c4649b4-cmvc2,0
2026-10-07T21:17:55.480Z,metrics-server,kube-system,metrics-server-778c4649b4-cmvc2,0
2026-10-07T21:18:55.480Z,metrics-server,kube-system,metrics-server-778c4649b4-cmvc2,0
2026-10-07T21:19:55.480Z,metrics-server,kube-system,metrics-server-778c4649b4-cmvc2,0
2026-10-07T21:20:55.480Z,metrics-server,kube-system,metrics-server-778c4649b4-cmvc2,0
2026-10-07T21:21:55.480Z,metrics-server,kube-system,metrics-server-778c4649b4-cmvc2,0
2026-10-07T21:22:55.480Z,metrics-server,kube-system,metrics-server-778c4649b4-cmvc2,0
2026-10-07T21:23:55.480Z,metrics-server,kube-system,metrics-server-778c4649b4-cmvc2,0
2026-10-07T21:24:55.480Z,metrics-server,kube-system,metrics-server-778c4649b4-cmvc2,0
2026-10-07T21:25:55.480Z,metrics-server,kube-system,metrics-server-778c4649b4-cmvc2,0
2026-10-07T21:26:55.480Z,metrics-server,kube-system,metrics-server-778c4649b4-cmvc2,0
2026-10-07T21:27:55.480Z,metrics-server,kube-system,metrics-server-778c4649b4-cmvc2,0
2026-10-07T21:28:55.480Z,metrics-server,kube-system,metrics-server-778c4649b4-cmvc2,0
2026-10-07T21:29:55.480Z,metrics-server,kube-system,metrics-server-778c4649b4-cmvc2,0
2026-10-07T21:30:55.480Z,metrics-server,kube-system,metrics-server-778c4649b4-cmvc2,0
2026-10-07T21:31:55.480Z,metrics-server,kube-system,metrics-server-778c4649b4-cmvc2,0
2026-10-07T21:32:55.480Z,metrics-server,kube-system,metrics-server-778c4649b4-cmvc2,0
2026-10-07T21:33:55.480Z,metrics-server,kube-system,metrics-server-778c4649b4-cmvc2,0
2026-10-07T21:34:55.480Z,metrics-server,kube-system,metrics-server-778c4649b4-cmvc2,0
2026-10-07T21:35:55.480Z,metrics-server,kube-system,metrics-server-778c4649b4-cmvc2,0
2026-10-07T21:36:55.480Z,metrics-server,kube-system,metrics-server-778c4649b4-cmvc2,0
2026-10-07T21:37:55.480Z,metrics-server,kube-system,metrics-server-778c4649b4-cmvc2,0
2026-10-07T21:38:55.480Z,metrics-server,kube-system,metrics-server-778c4649b4-cmvc2,0
2026-10-07T21:39:55.480Z,metrics-server,kube-system,metrics-server-778c4649b4-cmvc2,0
2026-10-07T21:40:55.480Z,metrics-server,kube-system,metrics-server-778c4649b4-cmvc2,0
2026-10-07T21:41:55.480Z,metrics-server,kube-system,metrics-server-778c4649b4-cmvc2,0
2026-10-07T21:42:55.480Z,metrics-server,kube-system,metrics-server-778c4649b4-cmvc2,0
2026-10-07T21:43:55.480Z,metrics-server,kube-system,metrics-server-778c4649b4-cmvc2,0
2026-10-07T21:44:55.480Z,metrics-server,kube-system,metrics-server-778c4649b4-cmvc2,0
2026-10-07T21:45:55.480Z,metrics-server,kube-system,metrics-server-778c4649b4-cmvc2,0
2026-10-07T21:46:55.480Z,metrics-server,kube-system,metrics-server-778c4649b4-cmvc2,0
2026-10-07T21:47:55.480Z,metrics-server,kube-system,metrics-server-778c4649b4-cmvc2,0
2026-10-07T21:48:55.480Z,metrics-server,kube-system,metrics-server-778c4649b4-cmvc2,0
2026-10-07T21:49:55.480Z,metrics-server,kube-system,metrics-server-778c4649b4-cmvc2,0
2026-10-07T21:50:55.480Z,metrics-server,kube-system,metrics-server-778c4649b4-cmvc2,0
2026-10-07T21:51:55.480Z,metrics-server,kube-system,metrics-server-778c4649b4-cmvc2,0
2026-10-07T21:52:55.480Z,metrics-server,kube-system,metrics-server-778c4649b4-cmvc2,0
2026-10-07T21:53:55.480Z,metrics-server,kube-system,metrics-server-778c4649b4-cmvc2,0
2026-10-07T21:54:55.480Z,metrics-server,kube-system,metrics-server-778c4649b4-cmvc2,0
2026-10-07T21:55:55.480Z,metrics-server,kube-system,metrics-server-778c4649b4-cmvc2,0
2026-10-07T21:56:55.480Z,metrics-server,kube-system,metrics-server-778c4649b4-cmvc2,0
2026-10-07T21:57:55.480Z,metrics-server,kube-system,metrics-server-778c4649b4-cmvc2,0
2026-10-07T21:58:55.480Z,metrics-server,kube-system,metrics-server-778c4649b4-cmvc2,0
2026-10-07T21:59:55.480Z,metrics-server,kube-system,metrics-server-778c4649b4-cmvc2,0
2026-10-07T22:00:55.480Z,metrics-server,kube-system,metrics-server-778c4649b4-cmvc2,0
2026-10-07T22:01:55.480Z,metrics-server,kube-system,metrics-server-778c4649b4-cmvc2,0
2026-10-07T22:02:55.480Z,metrics-server,kube-system,metrics-server-778c4649b4-cmvc2,0
2026-10-07T22:03:55.480Z,metrics-server,kube-system,metrics-server-778c4649b4-cmvc2,0
2026-10-07T22:04:55.480Z,metrics-server,kube-system,metrics-server-778c4649b4-cmvc2,0
2026-10-07T22:05:55.480Z,metrics-server,kube-system,metrics-server-778c4649b4-cmvc2,0
2026-10-07T22:06:55.480Z,metrics-server,kube-system,metrics-server-778c4649b4-cmvc2,0
2026-10-07T22:07:55.480Z,metrics-server,kube-system,metrics-server-778c4649b4-cmvc2,0
2026-10-07T22:08:55.480Z,metrics-server,kube-system,metrics-server-778c4649b4-cmvc2,0
2026-10-07T22:09:55.480Z,metrics-server,kube-system,metrics-server-778c4649b4-cmvc2,0
2026-10-07T22:10:55.480Z,metrics-server,kube-system,metrics-server-778c4649b4-cmvc2,0
2026-10-07T22:11:55.480Z,metrics-server,kube-system,metrics-server-778c4649b4-cmvc2,0
2026-10-07T22:12:55.480Z,metrics-server,kube-system,metrics-server-778c4649b4-cmvc2,0
2026-10-07T22:13:55.480Z,metrics-server,kube-system,metrics-server-778c4649b4-cmvc2,0
2026-10-07T22:14:55.480Z,metrics-server,kube-system,metrics-server-778c4649b4-cmvc2,0
2026-10-07T22:15:55.480Z,metrics-server,kube-system,metrics-server-778c4649b4-cmvc2,0
2026-10-07T22:16:55.480Z,metrics-server,kube-system,metrics-server-778c4649b4-cmvc2,0
2026-10-07T22:17:55.480Z,metrics-server,kube-system,metrics-server-778c4649b4-cmvc2,0
2026-10-07T22:18:55.480Z,metrics-server,kube-system,metrics-server-778c4649b4-cmvc2,0
2026-10-07T22:19:55.480Z,metrics-server,kube-system,metrics-server-778c4649b4-cmvc2,0
2026-10-07T22:20:55.480Z,metrics-server,kube-system,metrics-server-778c4649b4-cmvc2,0
2026-10-07T22:21:55.480Z,metrics-server,kube-system,metrics-server-778c4649b4-cmvc2,0
2026-10-07T22:22:55.480Z,metrics-server,kube-system,metrics-server-778c4649b4-cmvc2,0
2026-10-07T22:23:55.480Z,metrics-server,kube-system,metrics-server-778c4649b4-cmvc2,0
2026-10-07T20:31:55.480Z,node-exporter,monitoring,monitoring-prometheus-node-exporter-jdg2j,0
2026-10-07T20:32:55.480Z,node-exporter,monitoring,monitoring-prometheus-node-exporter-jdg2j,0
2026-10-07T20:33:55.480Z,node-exporter,monitoring,monitoring-prometheus-node-exporter-jdg2j,0
2026-10-07T20:34:55.480Z,node-exporter,monitoring,monitoring-prometheus-node-exporter-jdg2j,0
2026-10-07T20:35:55.480Z,node-exporter,monitoring,monitoring-prometheus-node-exporter-jdg2j,0
2026-10-07T20:36:55.480Z,node-exporter,monitoring,monitoring-prometheus-node-exporter-jdg2j,0
2026-10-07T20:37:55.480Z,node-exporter,monitoring,monitoring-prometheus-node-exporter-jdg2j,0
2026-10-07T20:38:55.480Z,node-exporter,monitoring,monitoring-prometheus-node-exporter-jdg2j,0
2026-10-07T20:39:55.480Z,node-exporter,monitoring,monitoring-prometheus-node-exporter-jdg2j,0
2026-10-07T20:40:55.480Z,node-exporter,monitoring,monitoring-prometheus-node-exporter-jdg2j,0
2026-10-07T20:41:55.480Z,node-exporter,monitoring,monitoring-prometheus-node-exporter-jdg2j,0
2026-10-07T20:42:55.480Z,node-exporter,monitoring,monitoring-prometheus-node-exporter-jdg2j,0
2026-10-07T20:43:55.480Z,node-exporter,monitoring,monitoring-prometheus-node-exporter-jdg2j,0
2026-10-07T20:44:55.480Z,node-exporter,monitoring,monitoring-prometheus-node-exporter-jdg2j,0
2026-10-07T20:45:55.480Z,node-exporter,monitoring,monitoring-prometheus-node-exporter-jdg2j,0
2026-10-07T20:46:55.480Z,node-exporter,monitoring,monitoring-prometheus-node-exporter-jdg2j,0
2026-10-07T20:47:55.480Z,node-exporter,monitoring,monitoring-prometheus-node-exporter-jdg2j,0
2026-10-07T20:48:55.480Z,node-exporter,monitoring,monitoring-prometheus-node-exporter-jdg2j,0
2026-10-07T20:49:55.480Z,node-exporter,monitoring,monitoring-prometheus-node-exporter-jdg2j,0
2026-10-07T20:50:55.480Z,node-exporter,monitoring,monitoring-prometheus-node-exporter-jdg2j,0
2026-10-07T20:51:55.480Z,node-exporter,monitoring,monitoring-prometheus-node-exporter-jdg2j,0
2026-10-07T20:52:55.480Z,node-exporter,monitoring,monitoring-prometheus-node-exporter-jdg2j,0
2026-10-07T20:53:55.480Z,node-exporter,monitoring,monitoring-prometheus-node-exporter-jdg2j,0
2026-10-07T20:54:55.480Z,node-exporter,monitoring,monitoring-prometheus-node-exporter-jdg2j,0
2026-10-07T20:55:55.480Z,node-exporter,monitoring,monitoring-prometheus-node-exporter-jdg2j,0
2026-10-07T20:56:55.480Z,node-exporter,monitoring,monitoring-prometheus-node-exporter-jdg2j,0
2026-10-07T20:57:55.480Z,node-exporter,monitoring,monitoring-prometheus-node-exporter-jdg2j,0
2026-10-07T20:58:55.480Z,node-exporter,monitoring,monitoring-prometheus-node-exporter-jdg2j,0
2026-10-07T20:59:55.480Z,node-exporter,monitoring,monitoring-prometheus-node-exporter-jdg2j,0
2026-10-07T21:00:55.480Z,node-exporter,monitoring,monitoring-prometheus-node-exporter-jdg2j,0
2026-10-07T21:01:55.480Z,node-exporter,monitoring,monitoring-prometheus-node-exporter-jdg2j,0
2026-10-07T21:02:55.480Z,node-exporter,monitoring,monitoring-prometheus-node-exporter-jdg2j,0
2026-10-07T21:03:55.480Z,node-exporter,monitoring,monitoring-prometheus-node-exporter-jdg2j,0
2026-10-07T21:04:55.480Z,node-exporter,monitoring,monitoring-prometheus-node-exporter-jdg2j,0
2026-10-07T21:05:55.480Z,node-exporter,monitoring,monitoring-prometheus-node-exporter-jdg2j,0
2026-10-07T21:06:55.480Z,node-exporter,monitoring,monitoring-prometheus-node-exporter-jdg2j,0
2026-10-07T21:07:55.480Z,node-exporter,monitoring,monitoring-prometheus-node-exporter-jdg2j,0
2026-10-07T21:08:55.480Z,node-exporter,monitoring,monitoring-prometheus-node-exporter-jdg2j,0
2026-10-07T21:09:55.480Z,node-exporter,monitoring,monitoring-prometheus-node-exporter-jdg2j,0
2026-10-07T21:10:55.480Z,node-exporter,monitoring,monitoring-prometheus-node-exporter-jdg2j,0
2026-10-07T21:11:55.480Z,node-exporter,monitoring,monitoring-prometheus-node-exporter-jdg2j,0
2026-10-07T21:12:55.480Z,node-exporter,monitoring,monitoring-prometheus-node-exporter-jdg2j,0
2026-10-07T21:13:55.480Z,node-exporter,monitoring,monitoring-prometheus-node-exporter-jdg2j,0
2026-10-07T21:14:55.480Z,node-exporter,monitoring,monitoring-prometheus-node-exporter-jdg2j,0
2026-10-07T21:15:55.480Z,node-exporter,monitoring,monitoring-prometheus-node-exporter-jdg2j,0
2026-10-07T21:16:55.480Z,node-exporter,monitoring,monitoring-prometheus-node-exporter-jdg2j,0
2026-10-07T21:17:55.480Z,node-exporter,monitoring,monitoring-prometheus-node-exporter-jdg2j,0
2026-10-07T21:18:55.480Z,node-exporter,monitoring,monitoring-prometheus-node-exporter-jdg2j,0
2026-10-07T21:19:55.480Z,node-exporter,monitoring,monitoring-prometheus-node-exporter-jdg2j,0
2026-10-07T21:20:55.480Z,node-exporter,monitoring,monitoring-prometheus-node-exporter-jdg2j,0
2026-10-07T21:21:55.480Z,node-exporter,monitoring,monitoring-prometheus-node-exporter-jdg2j,0
2026-10-07T21:22:55.480Z,node-exporter,monitoring,monitoring-prometheus-node-exporter-jdg2j,0
2026-10-07T21:23:55.480Z,node-exporter,monitoring,monitoring-prometheus-node-exporter-jdg2j,0
2026-10-07T21:24:55.480Z,node-exporter,monitoring,monitoring-prometheus-node-exporter-jdg2j,0
2026-10-07T21:25:55.480Z,node-exporter,monitoring,monitoring-prometheus-node-exporter-jdg2j,0
2026-10-07T21:26:55.480Z,node-exporter,monitoring,monitoring-prometheus-node-exporter-jdg2j,0
2026-10-07T21:27:55.480Z,node-exporter,monitoring,monitoring-prometheus-node-exporter-jdg2j,0
2026-10-07T21:28:55.480Z,node-exporter,monitoring,monitoring-prometheus-node-exporter-jdg2j,0
2026-10-07T21:29:55.480Z,node-exporter,monitoring,monitoring-prometheus-node-exporter-jdg2j,0
2026-10-07T21:30:55.480Z,node-exporter,monitoring,monitoring-prometheus-node-exporter-jdg2j,0
2026-10-07T21:31:55.480Z,node-exporter,monitoring,monitoring-prometheus-node-exporter-jdg2j,0
2026-10-07T21:32:55.480Z,node-exporter,monitoring,monitoring-prometheus-node-exporter-jdg2j,0
2026-10-07T21:33:55.480Z,node-exporter,monitoring,monitoring-prometheus-node-exporter-jdg2j,0
2026-10-07T21:34:55.480Z,node-exporter,monitoring,monitoring-prometheus-node-exporter-jdg2j,0
2026-10-07T21:35:55.480Z,node-exporter,monitoring,monitoring-prometheus-node-exporter-jdg2j,0
2026-10-07T21:36:55.480Z,node-exporter,monitoring,monitoring-prometheus-node-exporter-jdg2j,0
2026-10-07T21:37:55.480Z,node-exporter,monitoring,monitoring-prometheus-node-exporter-jdg2j,0
2026-10-07T21:38:55.480Z,node-exporter,monitoring,monitoring-prometheus-node-exporter-jdg2j,0
2026-10-07T21:39:55.480Z,node-exporter,monitoring,monitoring-prometheus-node-exporter-jdg2j,0
2026-10-07T21:40:55.480Z,node-exporter,monitoring,monitoring-prometheus-node-exporter-jdg2j,0
2026-10-07T21:41:55.480Z,node-exporter,monitoring,monitoring-prometheus-node-exporter-jdg2j,0
2026-10-07T21:42:55.480Z,node-exporter,monitoring,monitoring-prometheus-node-exporter-jdg2j,0
2026-10-07T21:43:55.480Z,node-exporter,monitoring,monitoring-prometheus-node-exporter-jdg2j,0
2026-10-07T21:44:55.480Z,node-exporter,monitoring,monitoring-prometheus-node-exporter-jdg2j,0
2026-10-07T21:45:55.480Z,node-exporter,monitoring,monitoring-prometheus-node-exporter-jdg2j,0
2026-10-07T21:46:55.480Z,node-exporter,monitoring,monitoring-prometheus-node-exporter-jdg2j,0
2026-10-07T21:47:55.480Z,node-exporter,monitoring,monitoring-prometheus-node-exporter-jdg2j,0
2026-10-07T21:48:55.480Z,node-exporter,monitoring,monitoring-prometheus-node-exporter-jdg2j,0
2026-10-07T21:49:55.480Z,node-exporter,monitoring,monitoring-prometheus-node-exporter-jdg2j,0
2026-10-07T21:50:55.480Z,node-exporter,monitoring,monitoring-prometheus-node-exporter-jdg2j,0
2026-10-07T21:51:55.480Z,node-exporter,monitoring,monitoring-prometheus-node-exporter-jdg2j,0
2026-10-07T21:52:55.480Z,node-exporter,monitoring,monitoring-prometheus-node-exporter-jdg2j,0
2026-10-07T21:53:55.480Z,node-exporter,monitoring,monitoring-prometheus-node-exporter-jdg2j,0
2026-10-07T21:54:55.480Z,node-exporter,monitoring,monitoring-prometheus-node-exporter-jdg2j,0
2026-10-07T21:55:55.480Z,node-exporter,monitoring,monitoring-prometheus-node-exporter-jdg2j,0
2026-10-07T21:56:55.480Z,node-exporter,monitoring,monitoring-prometheus-node-exporter-jdg2j,0
2026-10-07T21:57:55.480Z,node-exporter,monitoring,monitoring-prometheus-node-exporter-jdg2j,0
2026-10-07T21:58:55.480Z,node-exporter,monitoring,monitoring-prometheus-node-exporter-jdg2j,0
2026-10-07T21:59:55.480Z,node-exporter,monitoring,monitoring-prometheus-node-exporter-jdg2j,0
2026-10-07T22:00:55.480Z,node-exporter,monitoring,monitoring-prometheus-node-exporter-jdg2j,0
2026-10-07T22:01:55.480Z,node-exporter,monitoring,monitoring-prometheus-node-exporter-jdg2j,0
2026-10-07T22:02:55.480Z,node-exporter,monitoring,monitoring-prometheus-node-exporter-jdg2j,0
2026-10-07T22:03:55.480Z,node-exporter,monitoring,monitoring-prometheus-node-exporter-jdg2j,0
2026-10-07T22:04:55.480Z,node-exporter,monitoring,monitoring-prometheus-node-exporter-jdg2j,0
2026-10-07T22:05:55.480Z,node-exporter,monitoring,monitoring-prometheus-node-exporter-jdg2j,0
2026-10-07T22:06:55.480Z,node-exporter,monitoring,monitoring-prometheus-node-exporter-jdg2j,0
2026-10-07T22:07:55.480Z,node-exporter,monitoring,monitoring-prometheus-node-exporter-jdg2j,0
2026-10-07T22:08:55.480Z,node-exporter,monitoring,monitoring-prometheus-node-exporter-jdg2j,0
2026-10-07T22:09:55.480Z,node-exporter,monitoring,monitoring-prometheus-node-exporter-jdg2j,0
2026-10-07T22:10:55.480Z,node-exporter,monitoring,monitoring-prometheus-node-exporter-jdg2j,0
2026-10-07T22:11:55.480Z,node-exporter,monitoring,monitoring-prometheus-node-exporter-jdg2j,0
2026-10-07T22:12:55.480Z,node-exporter,monitoring,monitoring-prometheus-node-exporter-jdg2j,0
2026-10-07T22:13:55.480Z,node-exporter,monitoring,monitoring-prometheus-node-exporter-jdg2j,0
2026-10-07T22:14:55.480Z,node-exporter,monitoring,monitoring-prometheus-node-exporter-jdg2j,0
2026-10-07T22:15:55.480Z,node-exporter,monitoring,monitoring-prometheus-node-exporter-jdg2j,0
2026-10-07T22:16:55.480Z,node-exporter,monitoring,monitoring-prometheus-node-exporter-jdg2j,0
2026-10-07T22:17:55.480Z,node-exporter,monitoring,monitoring-prometheus-node-exporter-jdg2j,0
2026-10-07T22:18:55.480Z,node-exporter,monitoring,monitoring-prometheus-node-exporter-jdg2j,0
2026-10-07T22:19:55.480Z,node-exporter,monitoring,monitoring-prometheus-node-exporter-jdg2j,0
2026-10-07T22:20:55.480Z,node-exporter,monitoring,monitoring-prometheus-node-exporter-jdg2j,0
2026-10-07T22:21:55.480Z,node-exporter,monitoring,monitoring-prometheus-node-exporter-jdg2j,0
2026-10-07T22:22:55.480Z,node-exporter,monitoring,monitoring-prometheus-node-exporter-jdg2j,0
2026-10-07T22:23:55.480Z,node-exporter,monitoring,monitoring-prometheus-node-exporter-jdg2j,0
2026-10-07T20:31:55.480Z,postgresql,customer,dtr-postgresql-0,0
2026-10-07T20:32:55.480Z,postgresql,customer,dtr-postgresql-0,0
2026-10-07T20:33:55.480Z,postgresql,customer,dtr-postgresql-0,0
2026-10-07T20:34:55.480Z,postgresql,customer,dtr-postgresql-0,0
2026-10-07T20:35:55.480Z,postgresql,customer,dtr-postgresql-0,0
2026-10-07T20:36:55.480Z,postgresql,customer,dtr-postgresql-0,0
2026-10-07T20:37:55.480Z,postgresql,customer,dtr-postgresql-0,0
2026-10-07T20:38:55.480Z,postgresql,customer,dtr-postgresql-0,0
2026-10-07T20:39:55.480Z,postgresql,customer,dtr-postgresql-0,0
2026-10-07T20:40:55.480Z,postgresql,customer,dtr-postgresql-0,0
2026-10-07T20:41:55.480Z,postgresql,customer,dtr-postgresql-0,0
2026-10-07T20:42:55.480Z,postgresql,customer,dtr-postgresql-0,0
2026-10-07T20:43:55.480Z,postgresql,customer,dtr-postgresql-0,0
2026-10-07T20:44:55.480Z,postgresql,customer,dtr-postgresql-0,0
2026-10-07T20:45:55.480Z,postgresql,customer,dtr-postgresql-0,0
2026-10-07T20:46:55.480Z,postgresql,customer,dtr-postgresql-0,0
2026-10-07T20:47:55.480Z,postgresql,customer,dtr-postgresql-0,0
2026-10-07T20:48:55.480Z,postgresql,customer,dtr-postgresql-0,0
2026-10-07T20:49:55.480Z,postgresql,customer,dtr-postgresql-0,0
2026-10-07T20:50:55.480Z,postgresql,customer,dtr-postgresql-0,0
2026-10-07T20:51:55.480Z,postgresql,customer,dtr-postgresql-0,0
2026-10-07T20:52:55.480Z,postgresql,customer,dtr-postgresql-0,0
2026-10-07T20:53:55.480Z,postgresql,customer,dtr-postgresql-0,0
2026-10-07T20:54:55.480Z,postgresql,customer,dtr-postgresql-0,0
2026-10-07T20:55:55.480Z,postgresql,customer,dtr-postgresql-0,0
2026-10-07T20:56:55.480Z,postgresql,customer,dtr-postgresql-0,0
2026-10-07T20:57:55.480Z,postgresql,customer,dtr-postgresql-0,0
2026-10-07T20:58:55.480Z,postgresql,customer,dtr-postgresql-0,0
2026-10-07T20:59:55.480Z,postgresql,customer,dtr-postgresql-0,0
2026-10-07T21:00:55.480Z,postgresql,customer,dtr-postgresql-0,0
2026-10-07T21:01:55.480Z,postgresql,customer,dtr-postgresql-0,0
2026-10-07T21:02:55.480Z,postgresql,customer,dtr-postgresql-0,0
2026-10-07T21:03:55.480Z,postgresql,customer,dtr-postgresql-0,0
2026-10-07T21:04:55.480Z,postgresql,customer,dtr-postgresql-0,0
2026-10-07T21:05:55.480Z,postgresql,customer,dtr-postgresql-0,0
2026-10-07T21:06:55.480Z,postgresql,customer,dtr-postgresql-0,0
2026-10-07T21:07:55.480Z,postgresql,customer,dtr-postgresql-0,0
2026-10-07T21:08:55.480Z,postgresql,customer,dtr-postgresql-0,0
2026-10-07T21:09:55.480Z,postgresql,customer,dtr-postgresql-0,0
2026-10-07T21:10:55.480Z,postgresql,customer,dtr-postgresql-0,0
2026-10-07T21:11:55.480Z,postgresql,customer,dtr-postgresql-0,0
2026-10-07T21:12:55.480Z,postgresql,customer,dtr-postgresql-0,0
2026-10-07T21:13:55.480Z,postgresql,customer,dtr-postgresql-0,0
2026-10-07T21:14:55.480Z,postgresql,customer,dtr-postgresql-0,0
2026-10-07T21:15:55.480Z,postgresql,customer,dtr-postgresql-0,0
2026-10-07T21:16:55.480Z,postgresql,customer,dtr-postgresql-0,0
2026-10-07T21:17:55.480Z,postgresql,customer,dtr-postgresql-0,0
2026-10-07T21:18:55.480Z,postgresql,customer,dtr-postgresql-0,0
2026-10-07T21:19:55.480Z,postgresql,customer,dtr-postgresql-0,0
2026-10-07T21:20:55.480Z,postgresql,customer,dtr-postgresql-0,0
2026-10-07T21:21:55.480Z,postgresql,customer,dtr-postgresql-0,0
2026-10-07T21:22:55.480Z,postgresql,customer,dtr-postgresql-0,0
2026-10-07T21:23:55.480Z,postgresql,customer,dtr-postgresql-0,0
2026-10-07T21:24:55.480Z,postgresql,customer,dtr-postgresql-0,0
2026-10-07T21:25:55.480Z,postgresql,customer,dtr-postgresql-0,0
2026-10-07T21:26:55.480Z,postgresql,customer,dtr-postgresql-0,0
2026-10-07T21:27:55.480Z,postgresql,customer,dtr-postgresql-0,0
2026-10-07T21:28:55.480Z,postgresql,customer,dtr-postgresql-0,0
2026-10-07T21:29:55.480Z,postgresql,customer,dtr-postgresql-0,0
2026-10-07T21:30:55.480Z,postgresql,customer,dtr-postgresql-0,0
2026-10-07T21:31:55.480Z,postgresql,customer,dtr-postgresql-0,0
2026-10-07T21:32:55.480Z,postgresql,customer,dtr-postgresql-0,0
2026-10-07T21:33:55.480Z,postgresql,customer,dtr-postgresql-0,0
2026-10-07T21:34:55.480Z,postgresql,customer,dtr-postgresql-0,0
2026-10-07T21:35:55.480Z,postgresql,customer,dtr-postgresql-0,0
2026-10-07T21:36:55.480Z,postgresql,customer,dtr-postgresql-0,0
2026-10-07T21:37:55.480Z,postgresql,customer,dtr-postgresql-0,0
2026-10-07T21:38:55.480Z,postgresql,customer,dtr-postgresql-0,0
2026-10-07T21:39:55.480Z,postgresql,customer,dtr-postgresql-0,0
2026-10-07T21:40:55.480Z,postgresql,customer,dtr-postgresql-0,0
2026-10-07T21:41:55.480Z,postgresql,customer,dtr-postgresql-0,0
2026-10-07T21:42:55.480Z,postgresql,customer,dtr-postgresql-0,0
2026-10-07T21:43:55.480Z,postgresql,customer,dtr-postgresql-0,0
2026-10-07T21:44:55.480Z,postgresql,customer,dtr-postgresql-0,0
2026-10-07T21:45:55.480Z,postgresql,customer,dtr-postgresql-0,0
2026-10-07T21:46:55.480Z,postgresql,customer,dtr-postgresql-0,0
2026-10-07T21:47:55.480Z,postgresql,customer,dtr-postgresql-0,0
2026-10-07T21:48:55.480Z,postgresql,customer,dtr-postgresql-0,0
2026-10-07T21:49:55.480Z,postgresql,customer,dtr-postgresql-0,0
2026-10-07T21:50:55.480Z,postgresql,customer,dtr-postgresql-0,0
2026-10-07T21:51:55.480Z,postgresql,customer,dtr-postgresql-0,0
2026-10-07T21:52:55.480Z,postgresql,customer,dtr-postgresql-0,0
2026-10-07T21:53:55.480Z,postgresql,customer,dtr-postgresql-0,0
2026-10-07T21:54:55.480Z,postgresql,customer,dtr-postgresql-0,0
2026-10-07T21:55:55.480Z,postgresql,customer,dtr-postgresql-0,0
2026-10-07T21:56:55.480Z,postgresql,customer,dtr-postgresql-0,0
2026-10-07T21:57:55.480Z,postgresql,customer,dtr-postgresql-0,0
2026-10-07T21:58:55.480Z,postgresql,customer,dtr-postgresql-0,0
2026-10-07T21:59:55.480Z,postgresql,customer,dtr-postgresql-0,0
2026-10-07T22:00:55.480Z,postgresql,customer,dtr-postgresql-0,0
2026-10-07T22:01:55.480Z,postgresql,customer,dtr-postgresql-0,0
2026-10-07T22:02:55.480Z,postgresql,customer,dtr-postgresql-0,0
2026-10-07T22:03:55.480Z,postgresql,customer,dtr-postgresql-0,0
2026-10-07T22:04:55.480Z,postgresql,customer,dtr-postgresql-0,0
2026-10-07T22:05:55.480Z,postgresql,customer,dtr-postgresql-0,0
2026-10-07T22:06:55.480Z,postgresql,customer,dtr-postgresql-0,0
2026-10-07T22:07:55.480Z,postgresql,customer,dtr-postgresql-0,0
2026-10-07T22:08:55.480Z,postgresql,customer,dtr-postgresql-0,0
2026-10-07T22:09:55.480Z,postgresql,customer,dtr-postgresql-0,0
2026-10-07T22:10:55.480Z,postgresql,customer,dtr-postgresql-0,0
2026-10-07T22:11:55.480Z,postgresql,customer,dtr-postgresql-0,0
2026-10-07T22:12:55.480Z,postgresql,customer,dtr-postgresql-0,0
2026-10-07T22:13:55.480Z,postgresql,customer,dtr-postgresql-0,0
2026-10-07T22:14:55.480Z,postgresql,customer,dtr-postgresql-0,0
2026-10-07T22:15:55.480Z,postgresql,customer,dtr-postgresql-0,0
2026-10-07T22:16:55.480Z,postgresql,customer,dtr-postgresql-0,0
2026-10-07T22:17:55.480Z,postgresql,customer,dtr-postgresql-0,0
2026-10-07T22:18:55.480Z,postgresql,customer,dtr-postgresql-0,0
2026-10-07T22:19:55.480Z,postgresql,customer,dtr-postgresql-0,0
2026-10-07T22:20:55.480Z,postgresql,customer,dtr-postgresql-0,0
2026-10-07T22:21:55.480Z,postgresql,customer,dtr-postgresql-0,0
2026-10-07T22:22:55.480Z,postgresql,customer,dtr-postgresql-0,0
2026-10-07T22:23:55.480Z,postgresql,customer,dtr-postgresql-0,0
2026-10-07T20:31:55.480Z,postgresql,customer,edc-postgresql-0,0
2026-10-07T20:32:55.480Z,postgresql,customer,edc-postgresql-0,0
2026-10-07T20:33:55.480Z,postgresql,customer,edc-postgresql-0,0
2026-10-07T20:34:55.480Z,postgresql,customer,edc-postgresql-0,0
2026-10-07T20:35:55.480Z,postgresql,customer,edc-postgresql-0,0
2026-10-07T20:36:55.480Z,postgresql,customer,edc-postgresql-0,0
2026-10-07T20:37:55.480Z,postgresql,customer,edc-postgresql-0,0
2026-10-07T20:38:55.480Z,postgresql,customer,edc-postgresql-0,0
2026-10-07T20:39:55.480Z,postgresql,customer,edc-postgresql-0,0
2026-10-07T20:40:55.480Z,postgresql,customer,edc-postgresql-0,0
2026-10-07T20:41:55.480Z,postgresql,customer,edc-postgresql-0,0
2026-10-07T20:42:55.480Z,postgresql,customer,edc-postgresql-0,0
2026-10-07T20:43:55.480Z,postgresql,customer,edc-postgresql-0,0
2026-10-07T20:44:55.480Z,postgresql,customer,edc-postgresql-0,0
2026-10-07T20:45:55.480Z,postgresql,customer,edc-postgresql-0,0
2026-10-07T20:46:55.480Z,postgresql,customer,edc-postgresql-0,0
2026-10-07T20:47:55.480Z,postgresql,customer,edc-postgresql-0,0
2026-10-07T20:48:55.480Z,postgresql,customer,edc-postgresql-0,0
2026-10-07T20:49:55.480Z,postgresql,customer,edc-postgresql-0,0
2026-10-07T20:50:55.480Z,postgresql,customer,edc-postgresql-0,0
2026-10-07T20:51:55.480Z,postgresql,customer,edc-postgresql-0,0
2026-10-07T20:52:55.480Z,postgresql,customer,edc-postgresql-0,0
2026-10-07T20:53:55.480Z,postgresql,customer,edc-postgresql-0,0
2026-10-07T20:54:55.480Z,postgresql,customer,edc-postgresql-0,0
2026-10-07T20:55:55.480Z,postgresql,customer,edc-postgresql-0,0
2026-10-07T20:56:55.480Z,postgresql,customer,edc-postgresql-0,0
2026-10-07T20:57:55.480Z,postgresql,customer,edc-postgresql-0,0
2026-10-07T20:58:55.480Z,postgresql,customer,edc-postgresql-0,0
2026-10-07T20:59:55.480Z,postgresql,customer,edc-postgresql-0,0
2026-10-07T21:00:55.480Z,postgresql,customer,edc-postgresql-0,0
2026-10-07T21:01:55.480Z,postgresql,customer,edc-postgresql-0,0
2026-10-07T21:02:55.480Z,postgresql,customer,edc-postgresql-0,0
2026-10-07T21:03:55.480Z,postgresql,customer,edc-postgresql-0,0
2026-10-07T21:04:55.480Z,postgresql,customer,edc-postgresql-0,0
2026-10-07T21:05:55.480Z,postgresql,customer,edc-postgresql-0,0
2026-10-07T21:06:55.480Z,postgresql,customer,edc-postgresql-0,0
2026-10-07T21:07:55.480Z,postgresql,customer,edc-postgresql-0,0
2026-10-07T21:08:55.480Z,postgresql,customer,edc-postgresql-0,0
2026-10-07T21:09:55.480Z,postgresql,customer,edc-postgresql-0,0
2026-10-07T21:10:55.480Z,postgresql,customer,edc-postgresql-0,0
2026-10-07T21:11:55.480Z,postgresql,customer,edc-postgresql-0,0
2026-10-07T21:12:55.480Z,postgresql,customer,edc-postgresql-0,0
2026-10-07T21:13:55.480Z,postgresql,customer,edc-postgresql-0,0
2026-10-07T21:14:55.480Z,postgresql,customer,edc-postgresql-0,0
2026-10-07T21:15:55.480Z,postgresql,customer,edc-postgresql-0,0
2026-10-07T21:16:55.480Z,postgresql,customer,edc-postgresql-0,0
2026-10-07T21:17:55.480Z,postgresql,customer,edc-postgresql-0,0
2026-10-07T21:18:55.480Z,postgresql,customer,edc-postgresql-0,0
2026-10-07T21:19:55.480Z,postgresql,customer,edc-postgresql-0,0
2026-10-07T21:20:55.480Z,postgresql,customer,edc-postgresql-0,0
2026-10-07T21:21:55.480Z,postgresql,customer,edc-postgresql-0,0
2026-10-07T21:22:55.480Z,postgresql,customer,edc-postgresql-0,0
2026-10-07T21:23:55.480Z,postgresql,customer,edc-postgresql-0,0
2026-10-07T21:24:55.480Z,postgresql,customer,edc-postgresql-0,0
2026-10-07T21:25:55.480Z,postgresql,customer,edc-postgresql-0,0
2026-10-07T21:26:55.480Z,postgresql,customer,edc-postgresql-0,0
2026-10-07T21:27:55.480Z,postgresql,customer,edc-postgresql-0,0
2026-10-07T21:28:55.480Z,postgresql,customer,edc-postgresql-0,0
2026-10-07T21:29:55.480Z,postgresql,customer,edc-postgresql-0,0
2026-10-07T21:30:55.480Z,postgresql,customer,edc-postgresql-0,0
2026-10-07T21:31:55.480Z,postgresql,customer,edc-postgresql-0,0
2026-10-07T21:32:55.480Z,postgresql,customer,edc-postgresql-0,0
2026-10-07T21:33:55.480Z,postgresql,customer,edc-postgresql-0,0
2026-10-07T21:34:55.480Z,postgresql,customer,edc-postgresql-0,0
2026-10-07T21:35:55.480Z,postgresql,customer,edc-postgresql-0,0
2026-10-07T21:36:55.480Z,postgresql,customer,edc-postgresql-0,0
2026-10-07T21:37:55.480Z,postgresql,customer,edc-postgresql-0,0
2026-10-07T21:38:55.480Z,postgresql,customer,edc-postgresql-0,0
2026-10-07T21:39:55.480Z,postgresql,customer,edc-postgresql-0,0
2026-10-07T21:40:55.480Z,postgresql,customer,edc-postgresql-0,0
2026-10-07T21:41:55.480Z,postgresql,customer,edc-postgresql-0,0
2026-10-07T21:42:55.480Z,postgresql,customer,edc-postgresql-0,0
2026-10-07T21:43:55.480Z,postgresql,customer,edc-postgresql-0,0
2026-10-07T21:44:55.480Z,postgresql,customer,edc-postgresql-0,0
2026-10-07T21:45:55.480Z,postgresql,customer,edc-postgresql-0,0
2026-10-07T21:46:55.480Z,postgresql,customer,edc-postgresql-0,0
2026-10-07T21:47:55.480Z,postgresql,customer,edc-postgresql-0,0
2026-10-07T21:48:55.480Z,postgresql,customer,edc-postgresql-0,0
2026-10-07T21:49:55.480Z,postgresql,customer,edc-postgresql-0,0
2026-10-07T21:50:55.480Z,postgresql,customer,edc-postgresql-0,0
2026-10-07T21:51:55.480Z,postgresql,customer,edc-postgresql-0,0
2026-10-07T21:52:55.480Z,postgresql,customer,edc-postgresql-0,0
2026-10-07T21:53:55.480Z,postgresql,customer,edc-postgresql-0,0
2026-10-07T21:54:55.480Z,postgresql,customer,edc-postgresql-0,0
2026-10-07T21:55:55.480Z,postgresql,customer,edc-postgresql-0,0
2026-10-07T21:56:55.480Z,postgresql,customer,edc-postgresql-0,0
2026-10-07T21:57:55.480Z,postgresql,customer,edc-postgresql-0,0
2026-10-07T21:58:55.480Z,postgresql,customer,edc-postgresql-0,0
2026-10-07T21:59:55.480Z,postgresql,customer,edc-postgresql-0,0
2026-10-07T22:00:55.480Z,postgresql,customer,edc-postgresql-0,0
2026-10-07T22:01:55.480Z,postgresql,customer,edc-postgresql-0,0
2026-10-07T22:02:55.480Z,postgresql,customer,edc-postgresql-0,0
2026-10-07T22:03:55.480Z,postgresql,customer,edc-postgresql-0,0
2026-10-07T22:04:55.480Z,postgresql,customer,edc-postgresql-0,0
2026-10-07T22:05:55.480Z,postgresql,customer,edc-postgresql-0,0
2026-10-07T22:06:55.480Z,postgresql,customer,edc-postgresql-0,0
2026-10-07T22:07:55.480Z,postgresql,customer,edc-postgresql-0,0
2026-10-07T22:08:55.480Z,postgresql,customer,edc-postgresql-0,0
2026-10-07T22:09:55.480Z,postgresql,customer,edc-postgresql-0,0
2026-10-07T22:10:55.480Z,postgresql,customer,edc-postgresql-0,0
2026-10-07T22:11:55.480Z,postgresql,customer,edc-postgresql-0,0
2026-10-07T22:12:55.480Z,postgresql,customer,edc-postgresql-0,0
2026-10-07T22:13:55.480Z,postgresql,customer,edc-postgresql-0,0
2026-10-07T22:14:55.480Z,postgresql,customer,edc-postgresql-0,0
2026-10-07T22:15:55.480Z,postgresql,customer,edc-postgresql-0,0
2026-10-07T22:16:55.480Z,postgresql,customer,edc-postgresql-0,0
2026-10-07T22:17:55.480Z,postgresql,customer,edc-postgresql-0,0
2026-10-07T22:18:55.480Z,postgresql,customer,edc-postgresql-0,0
2026-10-07T22:19:55.480Z,postgresql,customer,edc-postgresql-0,0
2026-10-07T22:20:55.480Z,postgresql,customer,edc-postgresql-0,0
2026-10-07T22:21:55.480Z,postgresql,customer,edc-postgresql-0,0
2026-10-07T22:22:55.480Z,postgresql,customer,edc-postgresql-0,0
2026-10-07T22:23:55.480Z,postgresql,customer,edc-postgresql-0,0
2026-10-07T20:31:55.480Z,postgresql,customer,puris-postgresql-0,0
2026-10-07T20:32:55.480Z,postgresql,customer,puris-postgresql-0,0
2026-10-07T20:33:55.480Z,postgresql,customer,puris-postgresql-0,0
2026-10-07T20:34:55.480Z,postgresql,customer,puris-postgresql-0,0
2026-10-07T20:35:55.480Z,postgresql,customer,puris-postgresql-0,0
2026-10-07T20:36:55.480Z,postgresql,customer,puris-postgresql-0,0
2026-10-07T20:37:55.480Z,postgresql,customer,puris-postgresql-0,0
2026-10-07T20:38:55.480Z,postgresql,customer,puris-postgresql-0,0
2026-10-07T20:39:55.480Z,postgresql,customer,puris-postgresql-0,0
2026-10-07T20:40:55.480Z,postgresql,customer,puris-postgresql-0,0
2026-10-07T20:41:55.480Z,postgresql,customer,puris-postgresql-0,0
2026-10-07T20:42:55.480Z,postgresql,customer,puris-postgresql-0,0
2026-10-07T20:43:55.480Z,postgresql,customer,puris-postgresql-0,0
2026-10-07T20:44:55.480Z,postgresql,customer,puris-postgresql-0,0
2026-10-07T20:45:55.480Z,postgresql,customer,puris-postgresql-0,0
2026-10-07T20:46:55.480Z,postgresql,customer,puris-postgresql-0,0
2026-10-07T20:47:55.480Z,postgresql,customer,puris-postgresql-0,0
2026-10-07T20:48:55.480Z,postgresql,customer,puris-postgresql-0,0
2026-10-07T20:49:55.480Z,postgresql,customer,puris-postgresql-0,0
2026-10-07T20:50:55.480Z,postgresql,customer,puris-postgresql-0,0
2026-10-07T20:51:55.480Z,postgresql,customer,puris-postgresql-0,0
2026-10-07T20:52:55.480Z,postgresql,customer,puris-postgresql-0,0
2026-10-07T20:53:55.480Z,postgresql,customer,puris-postgresql-0,0
2026-10-07T20:54:55.480Z,postgresql,customer,puris-postgresql-0,0
2026-10-07T20:55:55.480Z,postgresql,customer,puris-postgresql-0,0
2026-10-07T20:56:55.480Z,postgresql,customer,puris-postgresql-0,0
2026-10-07T20:57:55.480Z,postgresql,customer,puris-postgresql-0,0
2026-10-07T20:58:55.480Z,postgresql,customer,puris-postgresql-0,0
2026-10-07T20:59:55.480Z,postgresql,customer,puris-postgresql-0,0
2026-10-07T21:00:55.480Z,postgresql,customer,puris-postgresql-0,0
2026-10-07T21:01:55.480Z,postgresql,customer,puris-postgresql-0,0
2026-10-07T21:02:55.480Z,postgresql,customer,puris-postgresql-0,0
2026-10-07T21:03:55.480Z,postgresql,customer,puris-postgresql-0,0
2026-10-07T21:04:55.480Z,postgresql,customer,puris-postgresql-0,0
2026-10-07T21:05:55.480Z,postgresql,customer,puris-postgresql-0,0
2026-10-07T21:06:55.480Z,postgresql,customer,puris-postgresql-0,0
2026-10-07T21:07:55.480Z,postgresql,customer,puris-postgresql-0,0
2026-10-07T21:08:55.480Z,postgresql,customer,puris-postgresql-0,0
2026-10-07T21:09:55.480Z,postgresql,customer,puris-postgresql-0,0
2026-10-07T21:10:55.480Z,postgresql,customer,puris-postgresql-0,0
2026-10-07T21:11:55.480Z,postgresql,customer,puris-postgresql-0,0
2026-10-07T21:12:55.480Z,postgresql,customer,puris-postgresql-0,0
2026-10-07T21:13:55.480Z,postgresql,customer,puris-postgresql-0,0
2026-10-07T21:14:55.480Z,postgresql,customer,puris-postgresql-0,0
2026-10-07T21:15:55.480Z,postgresql,customer,puris-postgresql-0,0
2026-10-07T21:16:55.480Z,postgresql,customer,puris-postgresql-0,0
2026-10-07T21:17:55.480Z,postgresql,customer,puris-postgresql-0,0
2026-10-07T21:18:55.480Z,postgresql,customer,puris-postgresql-0,0
2026-10-07T21:19:55.480Z,postgresql,customer,puris-postgresql-0,0
2026-10-07T21:20:55.480Z,postgresql,customer,puris-postgresql-0,0
2026-10-07T21:21:55.480Z,postgresql,customer,puris-postgresql-0,0
2026-10-07T21:22:55.480Z,postgresql,customer,puris-postgresql-0,0
2026-10-07T21:23:55.480Z,postgresql,customer,puris-postgresql-0,0
2026-10-07T21:24:55.480Z,postgresql,customer,puris-postgresql-0,0
2026-10-07T21:25:55.480Z,postgresql,customer,puris-postgresql-0,0
2026-10-07T21:26:55.480Z,postgresql,customer,puris-postgresql-0,0
2026-10-07T21:27:55.480Z,postgresql,customer,puris-postgresql-0,0
2026-10-07T21:28:55.480Z,postgresql,customer,puris-postgresql-0,0
2026-10-07T21:29:55.480Z,postgresql,customer,puris-postgresql-0,0
2026-10-07T21:30:55.480Z,postgresql,customer,puris-postgresql-0,0
2026-10-07T21:31:55.480Z,postgresql,customer,puris-postgresql-0,0
2026-10-07T21:32:55.480Z,postgresql,customer,puris-postgresql-0,0
2026-10-07T21:33:55.480Z,postgresql,customer,puris-postgresql-0,0
2026-10-07T21:34:55.480Z,postgresql,customer,puris-postgresql-0,0
2026-10-07T21:35:55.480Z,postgresql,customer,puris-postgresql-0,0
2026-10-07T21:36:55.480Z,postgresql,customer,puris-postgresql-0,0
2026-10-07T21:37:55.480Z,postgresql,customer,puris-postgresql-0,0
2026-10-07T21:38:55.480Z,postgresql,customer,puris-postgresql-0,0
2026-10-07T21:39:55.480Z,postgresql,customer,puris-postgresql-0,0
2026-10-07T21:40:55.480Z,postgresql,customer,puris-postgresql-0,0
2026-10-07T21:41:55.480Z,postgresql,customer,puris-postgresql-0,0
2026-10-07T21:42:55.480Z,postgresql,customer,puris-postgresql-0,0
2026-10-07T21:43:55.480Z,postgresql,customer,puris-postgresql-0,0
2026-10-07T21:44:55.480Z,postgresql,customer,puris-postgresql-0,0
2026-10-07T21:45:55.480Z,postgresql,customer,puris-postgresql-0,0
2026-10-07T21:46:55.480Z,postgresql,customer,puris-postgresql-0,0
2026-10-07T21:47:55.480Z,postgresql,customer,puris-postgresql-0,0
2026-10-07T21:48:55.480Z,postgresql,customer,puris-postgresql-0,0
2026-10-07T21:49:55.480Z,postgresql,customer,puris-postgresql-0,0
2026-10-07T21:50:55.480Z,postgresql,customer,puris-postgresql-0,0
2026-10-07T21:51:55.480Z,postgresql,customer,puris-postgresql-0,0
2026-10-07T21:52:55.480Z,postgresql,customer,puris-postgresql-0,0
2026-10-07T21:53:55.480Z,postgresql,customer,puris-postgresql-0,0
2026-10-07T21:54:55.480Z,postgresql,customer,puris-postgresql-0,0
2026-10-07T21:55:55.480Z,postgresql,customer,puris-postgresql-0,0
2026-10-07T21:56:55.480Z,postgresql,customer,puris-postgresql-0,0
2026-10-07T21:57:55.480Z,postgresql,customer,puris-postgresql-0,0
2026-10-07T21:58:55.480Z,postgresql,customer,puris-postgresql-0,0
2026-10-07T21:59:55.480Z,postgresql,customer,puris-postgresql-0,0
2026-10-07T22:00:55.480Z,postgresql,customer,puris-postgresql-0,0
2026-10-07T22:01:55.480Z,postgresql,customer,puris-postgresql-0,0
2026-10-07T22:02:55.480Z,postgresql,customer,puris-postgresql-0,0
2026-10-07T22:03:55.480Z,postgresql,customer,puris-postgresql-0,0
2026-10-07T22:04:55.480Z,postgresql,customer,puris-postgresql-0,0
2026-10-07T22:05:55.480Z,postgresql,customer,puris-postgresql-0,0
2026-10-07T22:06:55.480Z,postgresql,customer,puris-postgresql-0,0
2026-10-07T22:07:55.480Z,postgresql,customer,puris-postgresql-0,0
2026-10-07T22:08:55.480Z,postgresql,customer,puris-postgresql-0,0
2026-10-07T22:09:55.480Z,postgresql,customer,puris-postgresql-0,0
2026-10-07T22:10:55.480Z,postgresql,customer,puris-postgresql-0,0
2026-10-07T22:11:55.480Z,postgresql,customer,puris-postgresql-0,0
2026-10-07T22:12:55.480Z,postgresql,customer,puris-postgresql-0,0
2026-10-07T22:13:55.480Z,postgresql,customer,puris-postgresql-0,0
2026-10-07T22:14:55.480Z,postgresql,customer,puris-postgresql-0,0
2026-10-07T22:15:55.480Z,postgresql,customer,puris-postgresql-0,0
2026-10-07T22:16:55.480Z,postgresql,customer,puris-postgresql-0,0
2026-10-07T22:17:55.480Z,postgresql,customer,puris-postgresql-0,0
2026-10-07T22:18:55.480Z,postgresql,customer,puris-postgresql-0,0
2026-10-07T22:19:55.480Z,postgresql,customer,puris-postgresql-0,0
2026-10-07T22:20:55.480Z,postgresql,customer,puris-postgresql-0,0
2026-10-07T22:21:55.480Z,postgresql,customer,puris-postgresql-0,0
2026-10-07T22:22:55.480Z,postgresql,customer,puris-postgresql-0,0
2026-10-07T22:23:55.480Z,postgresql,customer,puris-postgresql-0,0
2026-10-07T20:31:55.480Z,postgresql,identity,wallet-postgres-0,0
2026-10-07T20:32:55.480Z,postgresql,identity,wallet-postgres-0,0
2026-10-07T20:33:55.480Z,postgresql,identity,wallet-postgres-0,0
2026-10-07T20:34:55.480Z,postgresql,identity,wallet-postgres-0,0
2026-10-07T20:35:55.480Z,postgresql,identity,wallet-postgres-0,0
2026-10-07T20:36:55.480Z,postgresql,identity,wallet-postgres-0,0
2026-10-07T20:37:55.480Z,postgresql,identity,wallet-postgres-0,0
2026-10-07T20:38:55.480Z,postgresql,identity,wallet-postgres-0,0
2026-10-07T20:39:55.480Z,postgresql,identity,wallet-postgres-0,0
2026-10-07T20:40:55.480Z,postgresql,identity,wallet-postgres-0,0
2026-10-07T20:41:55.480Z,postgresql,identity,wallet-postgres-0,0
2026-10-07T20:42:55.480Z,postgresql,identity,wallet-postgres-0,0
2026-10-07T20:43:55.480Z,postgresql,identity,wallet-postgres-0,0
2026-10-07T20:44:55.480Z,postgresql,identity,wallet-postgres-0,0
2026-10-07T20:45:55.480Z,postgresql,identity,wallet-postgres-0,0
2026-10-07T20:46:55.480Z,postgresql,identity,wallet-postgres-0,0
2026-10-07T20:47:55.480Z,postgresql,identity,wallet-postgres-0,0
2026-10-07T20:48:55.480Z,postgresql,identity,wallet-postgres-0,0
2026-10-07T20:49:55.480Z,postgresql,identity,wallet-postgres-0,0
2026-10-07T20:50:55.480Z,postgresql,identity,wallet-postgres-0,0
2026-10-07T20:51:55.480Z,postgresql,identity,wallet-postgres-0,0
2026-10-07T20:52:55.480Z,postgresql,identity,wallet-postgres-0,0
2026-10-07T20:53:55.480Z,postgresql,identity,wallet-postgres-0,0
2026-10-07T20:54:55.480Z,postgresql,identity,wallet-postgres-0,0
2026-10-07T20:55:55.480Z,postgresql,identity,wallet-postgres-0,0
2026-10-07T20:56:55.480Z,postgresql,identity,wallet-postgres-0,0
2026-10-07T20:57:55.480Z,postgresql,identity,wallet-postgres-0,0
2026-10-07T20:58:55.480Z,postgresql,identity,wallet-postgres-0,0
2026-10-07T20:59:55.480Z,postgresql,identity,wallet-postgres-0,0
2026-10-07T21:00:55.480Z,postgresql,identity,wallet-postgres-0,0
2026-10-07T21:01:55.480Z,postgresql,identity,wallet-postgres-0,0
2026-10-07T21:02:55.480Z,postgresql,identity,wallet-postgres-0,0
2026-10-07T21:03:55.480Z,postgresql,identity,wallet-postgres-0,0
2026-10-07T21:04:55.480Z,postgresql,identity,wallet-postgres-0,0
2026-10-07T21:05:55.480Z,postgresql,identity,wallet-postgres-0,0
2026-10-07T21:06:55.480Z,postgresql,identity,wallet-postgres-0,0
2026-10-07T21:07:55.480Z,postgresql,identity,wallet-postgres-0,0
2026-10-07T21:08:55.480Z,postgresql,identity,wallet-postgres-0,0
2026-10-07T21:09:55.480Z,postgresql,identity,wallet-postgres-0,0
2026-10-07T21:10:55.480Z,postgresql,identity,wallet-postgres-0,0
2026-10-07T21:11:55.480Z,postgresql,identity,wallet-postgres-0,0
2026-10-07T21:12:55.480Z,postgresql,identity,wallet-postgres-0,0
2026-10-07T21:13:55.480Z,postgresql,identity,wallet-postgres-0,0
2026-10-07T21:14:55.480Z,postgresql,identity,wallet-postgres-0,0
2026-10-07T21:15:55.480Z,postgresql,identity,wallet-postgres-0,0
2026-10-07T21:16:55.480Z,postgresql,identity,wallet-postgres-0,0
2026-10-07T21:17:55.480Z,postgresql,identity,wallet-postgres-0,0
2026-10-07T21:18:55.480Z,postgresql,identity,wallet-postgres-0,0
2026-10-07T21:19:55.480Z,postgresql,identity,wallet-postgres-0,0
2026-10-07T21:20:55.480Z,postgresql,identity,wallet-postgres-0,0
2026-10-07T21:21:55.480Z,postgresql,identity,wallet-postgres-0,0
2026-10-07T21:22:55.480Z,postgresql,identity,wallet-postgres-0,0
2026-10-07T21:23:55.480Z,postgresql,identity,wallet-postgres-0,0
2026-10-07T21:24:55.480Z,postgresql,identity,wallet-postgres-0,0
2026-10-07T21:25:55.480Z,postgresql,identity,wallet-postgres-0,0
2026-10-07T21:26:55.480Z,postgresql,identity,wallet-postgres-0,0
2026-10-07T21:27:55.480Z,postgresql,identity,wallet-postgres-0,0
2026-10-07T21:28:55.480Z,postgresql,identity,wallet-postgres-0,0
2026-10-07T21:29:55.480Z,postgresql,identity,wallet-postgres-0,0
2026-10-07T21:30:55.480Z,postgresql,identity,wallet-postgres-0,0
2026-10-07T21:31:55.480Z,postgresql,identity,wallet-postgres-0,0
2026-10-07T21:32:55.480Z,postgresql,identity,wallet-postgres-0,0
2026-10-07T21:33:55.480Z,postgresql,identity,wallet-postgres-0,0
2026-10-07T21:34:55.480Z,postgresql,identity,wallet-postgres-0,0
2026-10-07T21:35:55.480Z,postgresql,identity,wallet-postgres-0,0
2026-10-07T21:36:55.480Z,postgresql,identity,wallet-postgres-0,0
2026-10-07T21:37:55.480Z,postgresql,identity,wallet-postgres-0,0
2026-10-07T21:38:55.480Z,postgresql,identity,wallet-postgres-0,0
2026-10-07T21:39:55.480Z,postgresql,identity,wallet-postgres-0,0
2026-10-07T21:40:55.480Z,postgresql,identity,wallet-postgres-0,0
2026-10-07T21:41:55.480Z,postgresql,identity,wallet-postgres-0,0
2026-10-07T21:42:55.480Z,postgresql,identity,wallet-postgres-0,0
2026-10-07T21:43:55.480Z,postgresql,identity,wallet-postgres-0,0
2026-10-07T21:44:55.480Z,postgresql,identity,wallet-postgres-0,0
2026-10-07T21:45:55.480Z,postgresql,identity,wallet-postgres-0,0
2026-10-07T21:46:55.480Z,postgresql,identity,wallet-postgres-0,0
2026-10-07T21:47:55.480Z,postgresql,identity,wallet-postgres-0,0
2026-10-07T21:48:55.480Z,postgresql,identity,wallet-postgres-0,0
2026-10-07T21:49:55.480Z,postgresql,identity,wallet-postgres-0,0
2026-10-07T21:50:55.480Z,postgresql,identity,wallet-postgres-0,0
2026-10-07T21:51:55.480Z,postgresql,identity,wallet-postgres-0,0
2026-10-07T21:52:55.480Z,postgresql,identity,wallet-postgres-0,0
2026-10-07T21:53:55.480Z,postgresql,identity,wallet-postgres-0,0
2026-10-07T21:54:55.480Z,postgresql,identity,wallet-postgres-0,0
2026-10-07T21:55:55.480Z,postgresql,identity,wallet-postgres-0,0
2026-10-07T21:56:55.480Z,postgresql,identity,wallet-postgres-0,0
2026-10-07T21:57:55.480Z,postgresql,identity,wallet-postgres-0,0
2026-10-07T21:58:55.480Z,postgresql,identity,wallet-postgres-0,0
2026-10-07T21:59:55.480Z,postgresql,identity,wallet-postgres-0,0
2026-10-07T22:00:55.480Z,postgresql,identity,wallet-postgres-0,0
2026-10-07T22:01:55.480Z,postgresql,identity,wallet-postgres-0,0
2026-10-07T22:02:55.480Z,postgresql,identity,wallet-postgres-0,0
2026-10-07T22:03:55.480Z,postgresql,identity,wallet-postgres-0,0
2026-10-07T22:04:55.480Z,postgresql,identity,wallet-postgres-0,0
2026-10-07T22:05:55.480Z,postgresql,identity,wallet-postgres-0,0
2026-10-07T22:06:55.480Z,postgresql,identity,wallet-postgres-0,0
2026-10-07T22:07:55.480Z,postgresql,identity,wallet-postgres-0,0
2026-10-07T22:08:55.480Z,postgresql,identity,wallet-postgres-0,0
2026-10-07T22:09:55.480Z,postgresql,identity,wallet-postgres-0,0
2026-10-07T22:10:55.480Z,postgresql,identity,wallet-postgres-0,0
2026-10-07T22:11:55.480Z,postgresql,identity,wallet-postgres-0,0
2026-10-07T22:12:55.480Z,postgresql,identity,wallet-postgres-0,0
2026-10-07T22:13:55.480Z,postgresql,identity,wallet-postgres-0,0
2026-10-07T22:14:55.480Z,postgresql,identity,wallet-postgres-0,0
2026-10-07T22:15:55.480Z,postgresql,identity,wallet-postgres-0,0
2026-10-07T22:16:55.480Z,postgresql,identity,wallet-postgres-0,0
2026-10-07T22:17:55.480Z,postgresql,identity,wallet-postgres-0,0
2026-10-07T22:18:55.480Z,postgresql,identity,wallet-postgres-0,0
2026-10-07T22:19:55.480Z,postgresql,identity,wallet-postgres-0,0
2026-10-07T22:20:55.480Z,postgresql,identity,wallet-postgres-0,0
2026-10-07T22:21:55.480Z,postgresql,identity,wallet-postgres-0,0
2026-10-07T22:22:55.480Z,postgresql,identity,wallet-postgres-0,0
2026-10-07T22:23:55.480Z,postgresql,identity,wallet-postgres-0,0
2026-10-07T20:31:55.480Z,postgresql,supplier,dtr-postgresql-0,0
2026-10-07T20:32:55.480Z,postgresql,supplier,dtr-postgresql-0,0
2026-10-07T20:33:55.480Z,postgresql,supplier,dtr-postgresql-0,0
2026-10-07T20:34:55.480Z,postgresql,supplier,dtr-postgresql-0,0
2026-10-07T20:35:55.480Z,postgresql,supplier,dtr-postgresql-0,0
2026-10-07T20:36:55.480Z,postgresql,supplier,dtr-postgresql-0,0
2026-10-07T20:37:55.480Z,postgresql,supplier,dtr-postgresql-0,0
2026-10-07T20:38:55.480Z,postgresql,supplier,dtr-postgresql-0,0
2026-10-07T20:39:55.480Z,postgresql,supplier,dtr-postgresql-0,0
2026-10-07T20:40:55.480Z,postgresql,supplier,dtr-postgresql-0,0
2026-10-07T20:41:55.480Z,postgresql,supplier,dtr-postgresql-0,0
2026-10-07T20:42:55.480Z,postgresql,supplier,dtr-postgresql-0,0
2026-10-07T20:43:55.480Z,postgresql,supplier,dtr-postgresql-0,0
2026-10-07T20:44:55.480Z,postgresql,supplier,dtr-postgresql-0,0
2026-10-07T20:45:55.480Z,postgresql,supplier,dtr-postgresql-0,0
2026-10-07T20:46:55.480Z,postgresql,supplier,dtr-postgresql-0,0
2026-10-07T20:47:55.480Z,postgresql,supplier,dtr-postgresql-0,0
2026-10-07T20:48:55.480Z,postgresql,supplier,dtr-postgresql-0,0
2026-10-07T20:49:55.480Z,postgresql,supplier,dtr-postgresql-0,0
2026-10-07T20:50:55.480Z,postgresql,supplier,dtr-postgresql-0,0
2026-10-07T20:51:55.480Z,postgresql,supplier,dtr-postgresql-0,0
2026-10-07T20:52:55.480Z,postgresql,supplier,dtr-postgresql-0,0
2026-10-07T20:53:55.480Z,postgresql,supplier,dtr-postgresql-0,0
2026-10-07T20:54:55.480Z,postgresql,supplier,dtr-postgresql-0,0
2026-10-07T20:55:55.480Z,postgresql,supplier,dtr-postgresql-0,0
2026-10-07T20:56:55.480Z,postgresql,supplier,dtr-postgresql-0,0
2026-10-07T20:57:55.480Z,postgresql,supplier,dtr-postgresql-0,0
2026-10-07T20:58:55.480Z,postgresql,supplier,dtr-postgresql-0,0
2026-10-07T20:59:55.480Z,postgresql,supplier,dtr-postgresql-0,0
2026-10-07T21:00:55.480Z,postgresql,supplier,dtr-postgresql-0,0
2026-10-07T21:01:55.480Z,postgresql,supplier,dtr-postgresql-0,0
2026-10-07T21:02:55.480Z,postgresql,supplier,dtr-postgresql-0,0
2026-10-07T21:03:55.480Z,postgresql,supplier,dtr-postgresql-0,0
2026-10-07T21:04:55.480Z,postgresql,supplier,dtr-postgresql-0,0
2026-10-07T21:05:55.480Z,postgresql,supplier,dtr-postgresql-0,0
2026-10-07T21:06:55.480Z,postgresql,supplier,dtr-postgresql-0,0
2026-10-07T21:07:55.480Z,postgresql,supplier,dtr-postgresql-0,0
2026-10-07T21:08:55.480Z,postgresql,supplier,dtr-postgresql-0,0
2026-10-07T21:09:55.480Z,postgresql,supplier,dtr-postgresql-0,0
2026-10-07T21:10:55.480Z,postgresql,supplier,dtr-postgresql-0,0
2026-10-07T21:11:55.480Z,postgresql,supplier,dtr-postgresql-0,0
2026-10-07T21:12:55.480Z,postgresql,supplier,dtr-postgresql-0,0
2026-10-07T21:13:55.480Z,postgresql,supplier,dtr-postgresql-0,0
2026-10-07T21:14:55.480Z,postgresql,supplier,dtr-postgresql-0,0
2026-10-07T21:15:55.480Z,postgresql,supplier,dtr-postgresql-0,0
2026-10-07T21:16:55.480Z,postgresql,supplier,dtr-postgresql-0,0
2026-10-07T21:17:55.480Z,postgresql,supplier,dtr-postgresql-0,0
2026-10-07T21:18:55.480Z,postgresql,supplier,dtr-postgresql-0,0
2026-10-07T21:19:55.480Z,postgresql,supplier,dtr-postgresql-0,0
2026-10-07T21:20:55.480Z,postgresql,supplier,dtr-postgresql-0,0
2026-10-07T21:21:55.480Z,postgresql,supplier,dtr-postgresql-0,0
2026-10-07T21:22:55.480Z,postgresql,supplier,dtr-postgresql-0,0
2026-10-07T21:23:55.480Z,postgresql,supplier,dtr-postgresql-0,0
2026-10-07T21:24:55.480Z,postgresql,supplier,dtr-postgresql-0,0
2026-10-07T21:25:55.480Z,postgresql,supplier,dtr-postgresql-0,0
2026-10-07T21:26:55.480Z,postgresql,supplier,dtr-postgresql-0,0
2026-10-07T21:27:55.480Z,postgresql,supplier,dtr-postgresql-0,0
2026-10-07T21:28:55.480Z,postgresql,supplier,dtr-postgresql-0,0
2026-10-07T21:29:55.480Z,postgresql,supplier,dtr-postgresql-0,0
2026-10-07T21:30:55.480Z,postgresql,supplier,dtr-postgresql-0,0
2026-10-07T21:31:55.480Z,postgresql,supplier,dtr-postgresql-0,0
2026-10-07T21:32:55.480Z,postgresql,supplier,dtr-postgresql-0,0
2026-10-07T21:33:55.480Z,postgresql,supplier,dtr-postgresql-0,0
2026-10-07T21:34:55.480Z,postgresql,supplier,dtr-postgresql-0,0
2026-10-07T21:35:55.480Z,postgresql,supplier,dtr-postgresql-0,0
2026-10-07T21:36:55.480Z,postgresql,supplier,dtr-postgresql-0,0
2026-10-07T21:37:55.480Z,postgresql,supplier,dtr-postgresql-0,0
2026-10-07T21:38:55.480Z,postgresql,supplier,dtr-postgresql-0,0
2026-10-07T21:39:55.480Z,postgresql,supplier,dtr-postgresql-0,0
2026-10-07T21:40:55.480Z,postgresql,supplier,dtr-postgresql-0,0
2026-10-07T21:41:55.480Z,postgresql,supplier,dtr-postgresql-0,0
2026-10-07T21:42:55.480Z,postgresql,supplier,dtr-postgresql-0,0
2026-10-07T21:43:55.480Z,postgresql,supplier,dtr-postgresql-0,0
2026-10-07T21:44:55.480Z,postgresql,supplier,dtr-postgresql-0,0
2026-10-07T21:45:55.480Z,postgresql,supplier,dtr-postgresql-0,0
2026-10-07T21:46:55.480Z,postgresql,supplier,dtr-postgresql-0,0
2026-10-07T21:47:55.480Z,postgresql,supplier,dtr-postgresql-0,0
2026-10-07T21:48:55.480Z,postgresql,supplier,dtr-postgresql-0,0
2026-10-07T21:49:55.480Z,postgresql,supplier,dtr-postgresql-0,0
2026-10-07T21:50:55.480Z,postgresql,supplier,dtr-postgresql-0,0
2026-10-07T21:51:55.480Z,postgresql,supplier,dtr-postgresql-0,0
2026-10-07T21:52:55.480Z,postgresql,supplier,dtr-postgresql-0,0
2026-10-07T21:53:55.480Z,postgresql,supplier,dtr-postgresql-0,0
2026-10-07T21:54:55.480Z,postgresql,supplier,dtr-postgresql-0,0
2026-10-07T21:55:55.480Z,postgresql,supplier,dtr-postgresql-0,0
2026-10-07T21:56:55.480Z,postgresql,supplier,dtr-postgresql-0,0
2026-10-07T21:57:55.480Z,postgresql,supplier,dtr-postgresql-0,0
2026-10-07T21:58:55.480Z,postgresql,supplier,dtr-postgresql-0,0
2026-10-07T21:59:55.480Z,postgresql,supplier,dtr-postgresql-0,0
2026-10-07T22:00:55.480Z,postgresql,supplier,dtr-postgresql-0,0
2026-10-07T22:01:55.480Z,postgresql,supplier,dtr-postgresql-0,0
2026-10-07T22:02:55.480Z,postgresql,supplier,dtr-postgresql-0,0
2026-10-07T22:03:55.480Z,postgresql,supplier,dtr-postgresql-0,0
2026-10-07T22:04:55.480Z,postgresql,supplier,dtr-postgresql-0,0
2026-10-07T22:05:55.480Z,postgresql,supplier,dtr-postgresql-0,0
2026-10-07T22:06:55.480Z,postgresql,supplier,dtr-postgresql-0,0
2026-10-07T22:07:55.480Z,postgresql,supplier,dtr-postgresql-0,0
2026-10-07T22:08:55.480Z,postgresql,supplier,dtr-postgresql-0,0
2026-10-07T22:09:55.480Z,postgresql,supplier,dtr-postgresql-0,0
2026-10-07T22:10:55.480Z,postgresql,supplier,dtr-postgresql-0,0
2026-10-07T22:11:55.480Z,postgresql,supplier,dtr-postgresql-0,0
2026-10-07T22:12:55.480Z,postgresql,supplier,dtr-postgresql-0,0
2026-10-07T22:13:55.480Z,postgresql,supplier,dtr-postgresql-0,0
2026-10-07T22:14:55.480Z,postgresql,supplier,dtr-postgresql-0,0
2026-10-07T22:15:55.480Z,postgresql,supplier,dtr-postgresql-0,0
2026-10-07T22:16:55.480Z,postgresql,supplier,dtr-postgresql-0,0
2026-10-07T22:17:55.480Z,postgresql,supplier,dtr-postgresql-0,0
2026-10-07T22:18:55.480Z,postgresql,supplier,dtr-postgresql-0,0
2026-10-07T22:19:55.480Z,postgresql,supplier,dtr-postgresql-0,0
2026-10-07T22:20:55.480Z,postgresql,supplier,dtr-postgresql-0,0
2026-10-07T22:21:55.480Z,postgresql,supplier,dtr-postgresql-0,0
2026-10-07T22:22:55.480Z,postgresql,supplier,dtr-postgresql-0,0
2026-10-07T22:23:55.480Z,postgresql,supplier,dtr-postgresql-0,0
2026-10-07T20:31:55.480Z,postgresql,supplier,edc-postgresql-0,0
2026-10-07T20:32:55.480Z,postgresql,supplier,edc-postgresql-0,0
2026-10-07T20:33:55.480Z,postgresql,supplier,edc-postgresql-0,0
2026-10-07T20:34:55.480Z,postgresql,supplier,edc-postgresql-0,0
2026-10-07T20:35:55.480Z,postgresql,supplier,edc-postgresql-0,0
2026-10-07T20:36:55.480Z,postgresql,supplier,edc-postgresql-0,0
2026-10-07T20:37:55.480Z,postgresql,supplier,edc-postgresql-0,0
2026-10-07T20:38:55.480Z,postgresql,supplier,edc-postgresql-0,0
2026-10-07T20:39:55.480Z,postgresql,supplier,edc-postgresql-0,0
2026-10-07T20:40:55.480Z,postgresql,supplier,edc-postgresql-0,0
2026-10-07T20:41:55.480Z,postgresql,supplier,edc-postgresql-0,0
2026-10-07T20:42:55.480Z,postgresql,supplier,edc-postgresql-0,0
2026-10-07T20:43:55.480Z,postgresql,supplier,edc-postgresql-0,0
2026-10-07T20:44:55.480Z,postgresql,supplier,edc-postgresql-0,0
2026-10-07T20:45:55.480Z,postgresql,supplier,edc-postgresql-0,0
2026-10-07T20:46:55.480Z,postgresql,supplier,edc-postgresql-0,0
2026-10-07T20:47:55.480Z,postgresql,supplier,edc-postgresql-0,0
2026-10-07T20:48:55.480Z,postgresql,supplier,edc-postgresql-0,0
2026-10-07T20:49:55.480Z,postgresql,supplier,edc-postgresql-0,0
2026-10-07T20:50:55.480Z,postgresql,supplier,edc-postgresql-0,0
2026-10-07T20:51:55.480Z,postgresql,supplier,edc-postgresql-0,0
2026-10-07T20:52:55.480Z,postgresql,supplier,edc-postgresql-0,0
2026-10-07T20:53:55.480Z,postgresql,supplier,edc-postgresql-0,0
2026-10-07T20:54:55.480Z,postgresql,supplier,edc-postgresql-0,0
2026-10-07T20:55:55.480Z,postgresql,supplier,edc-postgresql-0,0
2026-10-07T20:56:55.480Z,postgresql,supplier,edc-postgresql-0,0
2026-10-07T20:57:55.480Z,postgresql,supplier,edc-postgresql-0,0
2026-10-07T20:58:55.480Z,postgresql,supplier,edc-postgresql-0,0
2026-10-07T20:59:55.480Z,postgresql,supplier,edc-postgresql-0,0
2026-10-07T21:00:55.480Z,postgresql,supplier,edc-postgresql-0,0
2026-10-07T21:01:55.480Z,postgresql,supplier,edc-postgresql-0,0
2026-10-07T21:02:55.480Z,postgresql,supplier,edc-postgresql-0,0
2026-10-07T21:03:55.480Z,postgresql,supplier,edc-postgresql-0,0
2026-10-07T21:04:55.480Z,postgresql,supplier,edc-postgresql-0,0
2026-10-07T21:05:55.480Z,postgresql,supplier,edc-postgresql-0,0
2026-10-07T21:06:55.480Z,postgresql,supplier,edc-postgresql-0,0
2026-10-07T21:07:55.480Z,postgresql,supplier,edc-postgresql-0,0
2026-10-07T21:08:55.480Z,postgresql,supplier,edc-postgresql-0,0
2026-10-07T21:09:55.480Z,postgresql,supplier,edc-postgresql-0,0
2026-10-07T21:10:55.480Z,postgresql,supplier,edc-postgresql-0,0
2026-10-07T21:11:55.480Z,postgresql,supplier,edc-postgresql-0,0
2026-10-07T21:12:55.480Z,postgresql,supplier,edc-postgresql-0,0
2026-10-07T21:13:55.480Z,postgresql,supplier,edc-postgresql-0,0
2026-10-07T21:14:55.480Z,postgresql,supplier,edc-postgresql-0,0
2026-10-07T21:15:55.480Z,postgresql,supplier,edc-postgresql-0,0
2026-10-07T21:16:55.480Z,postgresql,supplier,edc-postgresql-0,0
2026-10-07T21:17:55.480Z,postgresql,supplier,edc-postgresql-0,0
2026-10-07T21:18:55.480Z,postgresql,supplier,edc-postgresql-0,0
2026-10-07T21:19:55.480Z,postgresql,supplier,edc-postgresql-0,0
2026-10-07T21:20:55.480Z,postgresql,supplier,edc-postgresql-0,0
2026-10-07T21:21:55.480Z,postgresql,supplier,edc-postgresql-0,0
2026-10-07T21:22:55.480Z,postgresql,supplier,edc-postgresql-0,0
2026-10-07T21:23:55.480Z,postgresql,supplier,edc-postgresql-0,0
2026-10-07T21:24:55.480Z,postgresql,supplier,edc-postgresql-0,0
2026-10-07T21:25:55.480Z,postgresql,supplier,edc-postgresql-0,0
2026-10-07T21:26:55.480Z,postgresql,supplier,edc-postgresql-0,0
2026-10-07T21:27:55.480Z,postgresql,supplier,edc-postgresql-0,0
2026-10-07T21:28:55.480Z,postgresql,supplier,edc-postgresql-0,0
2026-10-07T21:29:55.480Z,postgresql,supplier,edc-postgresql-0,0
2026-10-07T21:30:55.480Z,postgresql,supplier,edc-postgresql-0,0
2026-10-07T21:31:55.480Z,postgresql,supplier,edc-postgresql-0,0
2026-10-07T21:32:55.480Z,postgresql,supplier,edc-postgresql-0,0
2026-10-07T21:33:55.480Z,postgresql,supplier,edc-postgresql-0,0
2026-10-07T21:34:55.480Z,postgresql,supplier,edc-postgresql-0,0
2026-10-07T21:35:55.480Z,postgresql,supplier,edc-postgresql-0,0
2026-10-07T21:36:55.480Z,postgresql,supplier,edc-postgresql-0,0
2026-10-07T21:37:55.480Z,postgresql,supplier,edc-postgresql-0,0
2026-10-07T21:38:55.480Z,postgresql,supplier,edc-postgresql-0,0
2026-10-07T21:39:55.480Z,postgresql,supplier,edc-postgresql-0,0
2026-10-07T21:40:55.480Z,postgresql,supplier,edc-postgresql-0,0
2026-10-07T21:41:55.480Z,postgresql,supplier,edc-postgresql-0,0
2026-10-07T21:42:55.480Z,postgresql,supplier,edc-postgresql-0,0
2026-10-07T21:43:55.480Z,postgresql,supplier,edc-postgresql-0,0
2026-10-07T21:44:55.480Z,postgresql,supplier,edc-postgresql-0,0
2026-10-07T21:45:55.480Z,postgresql,supplier,edc-postgresql-0,0
2026-10-07T21:46:55.480Z,postgresql,supplier,edc-postgresql-0,0
2026-10-07T21:47:55.480Z,postgresql,supplier,edc-postgresql-0,0
2026-10-07T21:48:55.480Z,postgresql,supplier,edc-postgresql-0,0
2026-10-07T21:49:55.480Z,postgresql,supplier,edc-postgresql-0,0
2026-10-07T21:50:55.480Z,postgresql,supplier,edc-postgresql-0,0
2026-10-07T21:51:55.480Z,postgresql,supplier,edc-postgresql-0,0
2026-10-07T21:52:55.480Z,postgresql,supplier,edc-postgresql-0,0
2026-10-07T21:53:55.480Z,postgresql,supplier,edc-postgresql-0,0
2026-10-07T21:54:55.480Z,postgresql,supplier,edc-postgresql-0,0
2026-10-07T21:55:55.480Z,postgresql,supplier,edc-postgresql-0,0
2026-10-07T21:56:55.480Z,postgresql,supplier,edc-postgresql-0,0
2026-10-07T21:57:55.480Z,postgresql,supplier,edc-postgresql-0,0
2026-10-07T21:58:55.480Z,postgresql,supplier,edc-postgresql-0,0
2026-10-07T21:59:55.480Z,postgresql,supplier,edc-postgresql-0,0
2026-10-07T22:00:55.480Z,postgresql,supplier,edc-postgresql-0,0
2026-10-07T22:01:55.480Z,postgresql,supplier,edc-postgresql-0,0
2026-10-07T22:02:55.480Z,postgresql,supplier,edc-postgresql-0,0
2026-10-07T22:03:55.480Z,postgresql,supplier,edc-postgresql-0,0
2026-10-07T22:04:55.480Z,postgresql,supplier,edc-postgresql-0,0
2026-10-07T22:05:55.480Z,postgresql,supplier,edc-postgresql-0,0
2026-10-07T22:06:55.480Z,postgresql,supplier,edc-postgresql-0,0
2026-10-07T22:07:55.480Z,postgresql,supplier,edc-postgresql-0,0
2026-10-07T22:08:55.480Z,postgresql,supplier,edc-postgresql-0,0
2026-10-07T22:09:55.480Z,postgresql,supplier,edc-postgresql-0,0
2026-10-07T22:10:55.480Z,postgresql,supplier,edc-postgresql-0,0
2026-10-07T22:11:55.480Z,postgresql,supplier,edc-postgresql-0,0
2026-10-07T22:12:55.480Z,postgresql,supplier,edc-postgresql-0,0
2026-10-07T22:13:55.480Z,postgresql,supplier,edc-postgresql-0,0
2026-10-07T22:14:55.480Z,postgresql,supplier,edc-postgresql-0,0
2026-10-07T22:15:55.480Z,postgresql,supplier,edc-postgresql-0,0
2026-10-07T22:16:55.480Z,postgresql,supplier,edc-postgresql-0,0
2026-10-07T22:17:55.480Z,postgresql,supplier,edc-postgresql-0,0
2026-10-07T22:18:55.480Z,postgresql,supplier,edc-postgresql-0,0
2026-10-07T22:19:55.480Z,postgresql,supplier,edc-postgresql-0,0
2026-10-07T22:20:55.480Z,postgresql,supplier,edc-postgresql-0,0
2026-10-07T22:21:55.480Z,postgresql,supplier,edc-postgresql-0,0
2026-10-07T22:22:55.480Z,postgresql,supplier,edc-postgresql-0,0
2026-10-07T22:23:55.480Z,postgresql,supplier,edc-postgresql-0,0
2026-10-07T20:31:55.480Z,postgresql,supplier,puris-postgresql-0,0
2026-10-07T20:32:55.480Z,postgresql,supplier,puris-postgresql-0,0
2026-10-07T20:33:55.480Z,postgresql,supplier,puris-postgresql-0,0
2026-10-07T20:34:55.480Z,postgresql,supplier,puris-postgresql-0,0
2026-10-07T20:35:55.480Z,postgresql,supplier,puris-postgresql-0,0
2026-10-07T20:36:55.480Z,postgresql,supplier,puris-postgresql-0,0
2026-10-07T20:37:55.480Z,postgresql,supplier,puris-postgresql-0,0
2026-10-07T20:38:55.480Z,postgresql,supplier,puris-postgresql-0,0
2026-10-07T20:39:55.480Z,postgresql,supplier,puris-postgresql-0,0
2026-10-07T20:40:55.480Z,postgresql,supplier,puris-postgresql-0,0
2026-10-07T20:41:55.480Z,postgresql,supplier,puris-postgresql-0,0
2026-10-07T20:42:55.480Z,postgresql,supplier,puris-postgresql-0,0
2026-10-07T20:43:55.480Z,postgresql,supplier,puris-postgresql-0,0
2026-10-07T20:44:55.480Z,postgresql,supplier,puris-postgresql-0,0
2026-10-07T20:45:55.480Z,postgresql,supplier,puris-postgresql-0,0
2026-10-07T20:46:55.480Z,postgresql,supplier,puris-postgresql-0,0
2026-10-07T20:47:55.480Z,postgresql,supplier,puris-postgresql-0,0
2026-10-07T20:48:55.480Z,postgresql,supplier,puris-postgresql-0,0
2026-10-07T20:49:55.480Z,postgresql,supplier,puris-postgresql-0,0
2026-10-07T20:50:55.480Z,postgresql,supplier,puris-postgresql-0,0
2026-10-07T20:51:55.480Z,postgresql,supplier,puris-postgresql-0,0
2026-10-07T20:52:55.480Z,postgresql,supplier,puris-postgresql-0,0
2026-10-07T20:53:55.480Z,postgresql,supplier,puris-postgresql-0,0
2026-10-07T20:54:55.480Z,postgresql,supplier,puris-postgresql-0,0
2026-10-07T20:55:55.480Z,postgresql,supplier,puris-postgresql-0,0
2026-10-07T20:56:55.480Z,postgresql,supplier,puris-postgresql-0,0
2026-10-07T20:57:55.480Z,postgresql,supplier,puris-postgresql-0,0
2026-10-07T20:58:55.480Z,postgresql,supplier,puris-postgresql-0,0
2026-10-07T20:59:55.480Z,postgresql,supplier,puris-postgresql-0,0
2026-10-07T21:00:55.480Z,postgresql,supplier,puris-postgresql-0,0
2026-10-07T21:01:55.480Z,postgresql,supplier,puris-postgresql-0,0
2026-10-07T21:02:55.480Z,postgresql,supplier,puris-postgresql-0,0
2026-10-07T21:03:55.480Z,postgresql,supplier,puris-postgresql-0,0
2026-10-07T21:04:55.480Z,postgresql,supplier,puris-postgresql-0,0
2026-10-07T21:05:55.480Z,postgresql,supplier,puris-postgresql-0,0
2026-10-07T21:06:55.480Z,postgresql,supplier,puris-postgresql-0,0
2026-10-07T21:07:55.480Z,postgresql,supplier,puris-postgresql-0,0
2026-10-07T21:08:55.480Z,postgresql,supplier,puris-postgresql-0,0
2026-10-07T21:09:55.480Z,postgresql,supplier,puris-postgresql-0,0
2026-10-07T21:10:55.480Z,postgresql,supplier,puris-postgresql-0,0
2026-10-07T21:11:55.480Z,postgresql,supplier,puris-postgresql-0,0
2026-10-07T21:12:55.480Z,postgresql,supplier,puris-postgresql-0,0
2026-10-07T21:13:55.480Z,postgresql,supplier,puris-postgresql-0,0
2026-10-07T21:14:55.480Z,postgresql,supplier,puris-postgresql-0,0
2026-10-07T21:15:55.480Z,postgresql,supplier,puris-postgresql-0,0
2026-10-07T21:16:55.480Z,postgresql,supplier,puris-postgresql-0,0
2026-10-07T21:17:55.480Z,postgresql,supplier,puris-postgresql-0,0
2026-10-07T21:18:55.480Z,postgresql,supplier,puris-postgresql-0,0
2026-10-07T21:19:55.480Z,postgresql,supplier,puris-postgresql-0,0
2026-10-07T21:20:55.480Z,postgresql,supplier,puris-postgresql-0,0
2026-10-07T21:21:55.480Z,postgresql,supplier,puris-postgresql-0,0
2026-10-07T21:22:55.480Z,postgresql,supplier,puris-postgresql-0,0
2026-10-07T21:23:55.480Z,postgresql,supplier,puris-postgresql-0,0
2026-10-07T21:24:55.480Z,postgresql,supplier,puris-postgresql-0,0
2026-10-07T21:25:55.480Z,postgresql,supplier,puris-postgresql-0,0
2026-10-07T21:26:55.480Z,postgresql,supplier,puris-postgresql-0,0
2026-10-07T21:27:55.480Z,postgresql,supplier,puris-postgresql-0,0
2026-10-07T21:28:55.480Z,postgresql,supplier,puris-postgresql-0,0
2026-10-07T21:29:55.480Z,postgresql,supplier,puris-postgresql-0,0
2026-10-07T21:30:55.480Z,postgresql,supplier,puris-postgresql-0,0
2026-10-07T21:31:55.480Z,postgresql,supplier,puris-postgresql-0,0
2026-10-07T21:32:55.480Z,postgresql,supplier,puris-postgresql-0,0
2026-10-07T21:33:55.480Z,postgresql,supplier,puris-postgresql-0,0
2026-10-07T21:34:55.480Z,postgresql,supplier,puris-postgresql-0,0
2026-10-07T21:35:55.480Z,postgresql,supplier,puris-postgresql-0,0
2026-10-07T21:36:55.480Z,postgresql,supplier,puris-postgresql-0,0
2026-10-07T21:37:55.480Z,postgresql,supplier,puris-postgresql-0,0
2026-10-07T21:38:55.480Z,postgresql,supplier,puris-postgresql-0,0
2026-10-07T21:39:55.480Z,postgresql,supplier,puris-postgresql-0,0
2026-10-07T21:40:55.480Z,postgresql,supplier,puris-postgresql-0,0
2026-10-07T21:41:55.480Z,postgresql,supplier,puris-postgresql-0,0
2026-10-07T21:42:55.480Z,postgresql,supplier,puris-postgresql-0,0
2026-10-07T21:43:55.480Z,postgresql,supplier,puris-postgresql-0,0
2026-10-07T21:44:55.480Z,postgresql,supplier,puris-postgresql-0,0
2026-10-07T21:45:55.480Z,postgresql,supplier,puris-postgresql-0,0
2026-10-07T21:46:55.480Z,postgresql,supplier,puris-postgresql-0,0
2026-10-07T21:47:55.480Z,postgresql,supplier,puris-postgresql-0,0
2026-10-07T21:48:55.480Z,postgresql,supplier,puris-postgresql-0,0
2026-10-07T21:49:55.480Z,postgresql,supplier,puris-postgresql-0,0
2026-10-07T21:50:55.480Z,postgresql,supplier,puris-postgresql-0,0
2026-10-07T21:51:55.480Z,postgresql,supplier,puris-postgresql-0,0
2026-10-07T21:52:55.480Z,postgresql,supplier,puris-postgresql-0,0
2026-10-07T21:53:55.480Z,postgresql,supplier,puris-postgresql-0,0
2026-10-07T21:54:55.480Z,postgresql,supplier,puris-postgresql-0,0
2026-10-07T21:55:55.480Z,postgresql,supplier,puris-postgresql-0,0
2026-10-07T21:56:55.480Z,postgresql,supplier,puris-postgresql-0,0
2026-10-07T21:57:55.480Z,postgresql,supplier,puris-postgresql-0,0
2026-10-07T21:58:55.480Z,postgresql,supplier,puris-postgresql-0,0
2026-10-07T21:59:55.480Z,postgresql,supplier,puris-postgresql-0,0
2026-10-07T22:00:55.480Z,postgresql,supplier,puris-postgresql-0,0
2026-10-07T22:01:55.480Z,postgresql,supplier,puris-postgresql-0,0
2026-10-07T22:02:55.480Z,postgresql,supplier,puris-postgresql-0,0
2026-10-07T22:03:55.480Z,postgresql,supplier,puris-postgresql-0,0
2026-10-07T22:04:55.480Z,postgresql,supplier,puris-postgresql-0,0
2026-10-07T22:05:55.480Z,postgresql,supplier,puris-postgresql-0,0
2026-10-07T22:06:55.480Z,postgresql,supplier,puris-postgresql-0,0
2026-10-07T22:07:55.480Z,postgresql,supplier,puris-postgresql-0,0
2026-10-07T22:08:55.480Z,postgresql,supplier,puris-postgresql-0,0
2026-10-07T22:09:55.480Z,postgresql,supplier,puris-postgresql-0,0
2026-10-07T22:10:55.480Z,postgresql,supplier,puris-postgresql-0,0
2026-10-07T22:11:55.480Z,postgresql,supplier,puris-postgresql-0,0
2026-10-07T22:12:55.480Z,postgresql,supplier,puris-postgresql-0,0
2026-10-07T22:13:55.480Z,postgresql,supplier,puris-postgresql-0,0
2026-10-07T22:14:55.480Z,postgresql,supplier,puris-postgresql-0,0
2026-10-07T22:15:55.480Z,postgresql,supplier,puris-postgresql-0,0
2026-10-07T22:16:55.480Z,postgresql,supplier,puris-postgresql-0,0
2026-10-07T22:17:55.480Z,postgresql,supplier,puris-postgresql-0,0
2026-10-07T22:18:55.480Z,postgresql,supplier,puris-postgresql-0,0
2026-10-07T22:19:55.480Z,postgresql,supplier,puris-postgresql-0,0
2026-10-07T22:20:55.480Z,postgresql,supplier,puris-postgresql-0,0
2026-10-07T22:21:55.480Z,postgresql,supplier,puris-postgresql-0,0
2026-10-07T22:22:55.480Z,postgresql,supplier,puris-postgresql-0,0
2026-10-07T22:23:55.480Z,postgresql,supplier,puris-postgresql-0,0
2026-10-07T20:31:55.480Z,prometheus,monitoring,prometheus-monitoring-kube-prometheus-prometheus-0,0
2026-10-07T20:32:55.480Z,prometheus,monitoring,prometheus-monitoring-kube-prometheus-prometheus-0,0
2026-10-07T20:33:55.480Z,prometheus,monitoring,prometheus-monitoring-kube-prometheus-prometheus-0,0
2026-10-07T20:34:55.480Z,prometheus,monitoring,prometheus-monitoring-kube-prometheus-prometheus-0,0
2026-10-07T20:35:55.480Z,prometheus,monitoring,prometheus-monitoring-kube-prometheus-prometheus-0,0
2026-10-07T20:36:55.480Z,prometheus,monitoring,prometheus-monitoring-kube-prometheus-prometheus-0,0
2026-10-07T20:37:55.480Z,prometheus,monitoring,prometheus-monitoring-kube-prometheus-prometheus-0,0
2026-10-07T20:38:55.480Z,prometheus,monitoring,prometheus-monitoring-kube-prometheus-prometheus-0,0
2026-10-07T20:39:55.480Z,prometheus,monitoring,prometheus-monitoring-kube-prometheus-prometheus-0,0
2026-10-07T20:40:55.480Z,prometheus,monitoring,prometheus-monitoring-kube-prometheus-prometheus-0,0
2026-10-07T20:41:55.480Z,prometheus,monitoring,prometheus-monitoring-kube-prometheus-prometheus-0,0
2026-10-07T20:42:55.480Z,prometheus,monitoring,prometheus-monitoring-kube-prometheus-prometheus-0,0
2026-10-07T20:43:55.480Z,prometheus,monitoring,prometheus-monitoring-kube-prometheus-prometheus-0,0
2026-10-07T20:44:55.480Z,prometheus,monitoring,prometheus-monitoring-kube-prometheus-prometheus-0,0
2026-10-07T20:45:55.480Z,prometheus,monitoring,prometheus-monitoring-kube-prometheus-prometheus-0,0
2026-10-07T20:46:55.480Z,prometheus,monitoring,prometheus-monitoring-kube-prometheus-prometheus-0,0
2026-10-07T20:47:55.480Z,prometheus,monitoring,prometheus-monitoring-kube-prometheus-prometheus-0,0
2026-10-07T20:48:55.480Z,prometheus,monitoring,prometheus-monitoring-kube-prometheus-prometheus-0,0
2026-10-07T20:49:55.480Z,prometheus,monitoring,prometheus-monitoring-kube-prometheus-prometheus-0,0
2026-10-07T20:50:55.480Z,prometheus,monitoring,prometheus-monitoring-kube-prometheus-prometheus-0,0
2026-10-07T20:51:55.480Z,prometheus,monitoring,prometheus-monitoring-kube-prometheus-prometheus-0,0
2026-10-07T20:52:55.480Z,prometheus,monitoring,prometheus-monitoring-kube-prometheus-prometheus-0,0
2026-10-07T20:53:55.480Z,prometheus,monitoring,prometheus-monitoring-kube-prometheus-prometheus-0,0
2026-10-07T20:54:55.480Z,prometheus,monitoring,prometheus-monitoring-kube-prometheus-prometheus-0,0
2026-10-07T20:55:55.480Z,prometheus,monitoring,prometheus-monitoring-kube-prometheus-prometheus-0,0
2026-10-07T20:56:55.480Z,prometheus,monitoring,prometheus-monitoring-kube-prometheus-prometheus-0,0
2026-10-07T20:57:55.480Z,prometheus,monitoring,prometheus-monitoring-kube-prometheus-prometheus-0,0
2026-10-07T20:58:55.480Z,prometheus,monitoring,prometheus-monitoring-kube-prometheus-prometheus-0,0
2026-10-07T20:59:55.480Z,prometheus,monitoring,prometheus-monitoring-kube-prometheus-prometheus-0,0
2026-10-07T21:00:55.480Z,prometheus,monitoring,prometheus-monitoring-kube-prometheus-prometheus-0,0
2026-10-07T21:01:55.480Z,prometheus,monitoring,prometheus-monitoring-kube-prometheus-prometheus-0,0
2026-10-07T21:02:55.480Z,prometheus,monitoring,prometheus-monitoring-kube-prometheus-prometheus-0,0
2026-10-07T21:03:55.480Z,prometheus,monitoring,prometheus-monitoring-kube-prometheus-prometheus-0,0
2026-10-07T21:04:55.480Z,prometheus,monitoring,prometheus-monitoring-kube-prometheus-prometheus-0,0
2026-10-07T21:05:55.480Z,prometheus,monitoring,prometheus-monitoring-kube-prometheus-prometheus-0,0
2026-10-07T21:06:55.480Z,prometheus,monitoring,prometheus-monitoring-kube-prometheus-prometheus-0,0
2026-10-07T21:07:55.480Z,prometheus,monitoring,prometheus-monitoring-kube-prometheus-prometheus-0,0
2026-10-07T21:08:55.480Z,prometheus,monitoring,prometheus-monitoring-kube-prometheus-prometheus-0,0
2026-10-07T21:09:55.480Z,prometheus,monitoring,prometheus-monitoring-kube-prometheus-prometheus-0,0
2026-10-07T21:10:55.480Z,prometheus,monitoring,prometheus-monitoring-kube-prometheus-prometheus-0,0
2026-10-07T21:11:55.480Z,prometheus,monitoring,prometheus-monitoring-kube-prometheus-prometheus-0,0
2026-10-07T21:12:55.480Z,prometheus,monitoring,prometheus-monitoring-kube-prometheus-prometheus-0,0
2026-10-07T21:13:55.480Z,prometheus,monitoring,prometheus-monitoring-kube-prometheus-prometheus-0,0
2026-10-07T21:14:55.480Z,prometheus,monitoring,prometheus-monitoring-kube-prometheus-prometheus-0,0
2026-10-07T21:15:55.480Z,prometheus,monitoring,prometheus-monitoring-kube-prometheus-prometheus-0,0
2026-10-07T21:16:55.480Z,prometheus,monitoring,prometheus-monitoring-kube-prometheus-prometheus-0,0
2026-10-07T21:17:55.480Z,prometheus,monitoring,prometheus-monitoring-kube-prometheus-prometheus-0,0
2026-10-07T21:18:55.480Z,prometheus,monitoring,prometheus-monitoring-kube-prometheus-prometheus-0,0
2026-10-07T21:19:55.480Z,prometheus,monitoring,prometheus-monitoring-kube-prometheus-prometheus-0,0
2026-10-07T21:20:55.480Z,prometheus,monitoring,prometheus-monitoring-kube-prometheus-prometheus-0,0
2026-10-07T21:21:55.480Z,prometheus,monitoring,prometheus-monitoring-kube-prometheus-prometheus-0,0
2026-10-07T21:22:55.480Z,prometheus,monitoring,prometheus-monitoring-kube-prometheus-prometheus-0,0
2026-10-07T21:23:55.480Z,prometheus,monitoring,prometheus-monitoring-kube-prometheus-prometheus-0,0
2026-10-07T21:24:55.480Z,prometheus,monitoring,prometheus-monitoring-kube-prometheus-prometheus-0,0
2026-10-07T21:25:55.480Z,prometheus,monitoring,prometheus-monitoring-kube-prometheus-prometheus-0,0
2026-10-07T21:26:55.480Z,prometheus,monitoring,prometheus-monitoring-kube-prometheus-prometheus-0,0
2026-10-07T21:27:55.480Z,prometheus,monitoring,prometheus-monitoring-kube-prometheus-prometheus-0,0
2026-10-07T21:28:55.480Z,prometheus,monitoring,prometheus-monitoring-kube-prometheus-prometheus-0,0
2026-10-07T21:29:55.480Z,prometheus,monitoring,prometheus-monitoring-kube-prometheus-prometheus-0,0
2026-10-07T21:30:55.480Z,prometheus,monitoring,prometheus-monitoring-kube-prometheus-prometheus-0,0
2026-10-07T21:31:55.480Z,prometheus,monitoring,prometheus-monitoring-kube-prometheus-prometheus-0,0
2026-10-07T21:32:55.480Z,prometheus,monitoring,prometheus-monitoring-kube-prometheus-prometheus-0,0
2026-10-07T21:33:55.480Z,prometheus,monitoring,prometheus-monitoring-kube-prometheus-prometheus-0,0
2026-10-07T21:34:55.480Z,prometheus,monitoring,prometheus-monitoring-kube-prometheus-prometheus-0,0
2026-10-07T21:35:55.480Z,prometheus,monitoring,prometheus-monitoring-kube-prometheus-prometheus-0,0
2026-10-07T21:36:55.480Z,prometheus,monitoring,prometheus-monitoring-kube-prometheus-prometheus-0,0
2026-10-07T21:37:55.480Z,prometheus,monitoring,prometheus-monitoring-kube-prometheus-prometheus-0,0
2026-10-07T21:38:55.480Z,prometheus,monitoring,prometheus-monitoring-kube-prometheus-prometheus-0,0
2026-10-07T21:39:55.480Z,prometheus,monitoring,prometheus-monitoring-kube-prometheus-prometheus-0,0
2026-10-07T21:40:55.480Z,prometheus,monitoring,prometheus-monitoring-kube-prometheus-prometheus-0,0
2026-10-07T21:41:55.480Z,prometheus,monitoring,prometheus-monitoring-kube-prometheus-prometheus-0,0
2026-10-07T21:42:55.480Z,prometheus,monitoring,prometheus-monitoring-kube-prometheus-prometheus-0,0
2026-10-07T21:43:55.480Z,prometheus,monitoring,prometheus-monitoring-kube-prometheus-prometheus-0,0
2026-10-07T21:44:55.480Z,prometheus,monitoring,prometheus-monitoring-kube-prometheus-prometheus-0,0
2026-10-07T21:45:55.480Z,prometheus,monitoring,prometheus-monitoring-kube-prometheus-prometheus-0,0
2026-10-07T21:46:55.480Z,prometheus,monitoring,prometheus-monitoring-kube-prometheus-prometheus-0,0
2026-10-07T21:47:55.480Z,prometheus,monitoring,prometheus-monitoring-kube-prometheus-prometheus-0,0
2026-10-07T21:48:55.480Z,prometheus,monitoring,prometheus-monitoring-kube-prometheus-prometheus-0,0
2026-10-07T21:49:55.480Z,prometheus,monitoring,prometheus-monitoring-kube-prometheus-prometheus-0,0
2026-10-07T21:50:55.480Z,prometheus,monitoring,prometheus-monitoring-kube-prometheus-prometheus-0,0
2026-10-07T21:51:55.480Z,prometheus,monitoring,prometheus-monitoring-kube-prometheus-prometheus-0,0
2026-10-07T21:52:55.480Z,prometheus,monitoring,prometheus-monitoring-kube-prometheus-prometheus-0,0
2026-10-07T21:53:55.480Z,prometheus,monitoring,prometheus-monitoring-kube-prometheus-prometheus-0,0
2026-10-07T21:54:55.480Z,prometheus,monitoring,prometheus-monitoring-kube-prometheus-prometheus-0,0
2026-10-07T21:55:55.480Z,prometheus,monitoring,prometheus-monitoring-kube-prometheus-prometheus-0,0
2026-10-07T21:56:55.480Z,prometheus,monitoring,prometheus-monitoring-kube-prometheus-prometheus-0,0
2026-10-07T21:57:55.480Z,prometheus,monitoring,prometheus-monitoring-kube-prometheus-prometheus-0,0
2026-10-07T21:58:55.480Z,prometheus,monitoring,prometheus-monitoring-kube-prometheus-prometheus-0,0
2026-10-07T21:59:55.480Z,prometheus,monitoring,prometheus-monitoring-kube-prometheus-prometheus-0,0
2026-10-07T22:00:55.480Z,prometheus,monitoring,prometheus-monitoring-kube-prometheus-prometheus-0,0
2026-10-07T22:01:55.480Z,prometheus,monitoring,prometheus-monitoring-kube-prometheus-prometheus-0,0
2026-10-07T22:02:55.480Z,prometheus,monitoring,prometheus-monitoring-kube-prometheus-prometheus-0,0
2026-10-07T22:03:55.480Z,prometheus,monitoring,prometheus-monitoring-kube-prometheus-prometheus-0,0
2026-10-07T22:04:55.480Z,prometheus,monitoring,prometheus-monitoring-kube-prometheus-prometheus-0,0
2026-10-07T22:05:55.480Z,prometheus,monitoring,prometheus-monitoring-kube-prometheus-prometheus-0,0
2026-10-07T22:06:55.480Z,prometheus,monitoring,prometheus-monitoring-kube-prometheus-prometheus-0,0
2026-10-07T22:07:55.480Z,prometheus,monitoring,prometheus-monitoring-kube-prometheus-prometheus-0,0
2026-10-07T22:08:55.480Z,prometheus,monitoring,prometheus-monitoring-kube-prometheus-prometheus-0,0
2026-10-07T22:09:55.480Z,prometheus,monitoring,prometheus-monitoring-kube-prometheus-prometheus-0,0
2026-10-07T22:10:55.480Z,prometheus,monitoring,prometheus-monitoring-kube-prometheus-prometheus-0,0
2026-10-07T22:11:55.480Z,prometheus,monitoring,prometheus-monitoring-kube-prometheus-prometheus-0,0
2026-10-07T22:12:55.480Z,prometheus,monitoring,prometheus-monitoring-kube-prometheus-prometheus-0,0
2026-10-07T22:13:55.480Z,prometheus,monitoring,prometheus-monitoring-kube-prometheus-prometheus-0,0
2026-10-07T22:14:55.480Z,prometheus,monitoring,prometheus-monitoring-kube-prometheus-prometheus-0,0
2026-10-07T22:15:55.480Z,prometheus,monitoring,prometheus-monitoring-kube-prometheus-prometheus-0,0
2026-10-07T22:16:55.480Z,prometheus,monitoring,prometheus-monitoring-kube-prometheus-prometheus-0,0
2026-10-07T22:17:55.480Z,prometheus,monitoring,prometheus-monitoring-kube-prometheus-prometheus-0,0
2026-10-07T22:18:55.480Z,prometheus,monitoring,prometheus-monitoring-kube-prometheus-prometheus-0,0
2026-10-07T22:19:55.480Z,prometheus,monitoring,prometheus-monitoring-kube-prometheus-prometheus-0,0
2026-10-07T22:20:55.480Z,prometheus,monitoring,prometheus-monitoring-kube-prometheus-prometheus-0,0
2026-10-07T22:21:55.480Z,prometheus,monitoring,prometheus-monitoring-kube-prometheus-prometheus-0,0
2026-10-07T22:22:55.480Z,prometheus,monitoring,prometheus-monitoring-kube-prometheus-prometheus-0,0
2026-10-07T22:23:55.480Z,prometheus,monitoring,prometheus-monitoring-kube-prometheus-prometheus-0,0
2026-10-07T20:31:55.480Z,puris-backend,customer,puris-backend-6f46958fb-5psgm,0
2026-10-07T20:32:55.480Z,puris-backend,customer,puris-backend-6f46958fb-5psgm,0
2026-10-07T20:33:55.480Z,puris-backend,customer,puris-backend-6f46958fb-5psgm,0
2026-10-07T20:34:55.480Z,puris-backend,customer,puris-backend-6f46958fb-5psgm,0
2026-10-07T20:35:55.480Z,puris-backend,customer,puris-backend-6f46958fb-5psgm,0
2026-10-07T20:36:55.480Z,puris-backend,customer,puris-backend-6f46958fb-5psgm,0
2026-10-07T20:37:55.480Z,puris-backend,customer,puris-backend-6f46958fb-5psgm,0
2026-10-07T20:38:55.480Z,puris-backend,customer,puris-backend-6f46958fb-5psgm,0
2026-10-07T20:39:55.480Z,puris-backend,customer,puris-backend-6f46958fb-5psgm,0
2026-10-07T20:40:55.480Z,puris-backend,customer,puris-backend-6f46958fb-5psgm,0
2026-10-07T20:41:55.480Z,puris-backend,customer,puris-backend-6f46958fb-5psgm,0
2026-10-07T20:42:55.480Z,puris-backend,customer,puris-backend-6f46958fb-5psgm,0
2026-10-07T20:43:55.480Z,puris-backend,customer,puris-backend-6f46958fb-5psgm,0
2026-10-07T20:44:55.480Z,puris-backend,customer,puris-backend-6f46958fb-5psgm,0
2026-10-07T20:45:55.480Z,puris-backend,customer,puris-backend-6f46958fb-5psgm,0
2026-10-07T20:46:55.480Z,puris-backend,customer,puris-backend-6f46958fb-5psgm,0
2026-10-07T20:47:55.480Z,puris-backend,customer,puris-backend-6f46958fb-5psgm,0
2026-10-07T20:48:55.480Z,puris-backend,customer,puris-backend-6f46958fb-5psgm,0
2026-10-07T20:49:55.480Z,puris-backend,customer,puris-backend-6f46958fb-5psgm,0
2026-10-07T20:50:55.480Z,puris-backend,customer,puris-backend-6f46958fb-5psgm,0
2026-10-07T20:51:55.480Z,puris-backend,customer,puris-backend-6f46958fb-5psgm,0
2026-10-07T20:52:55.480Z,puris-backend,customer,puris-backend-6f46958fb-5psgm,0
2026-10-07T20:53:55.480Z,puris-backend,customer,puris-backend-6f46958fb-5psgm,0
2026-10-07T20:54:55.480Z,puris-backend,customer,puris-backend-6f46958fb-5psgm,0
2026-10-07T20:55:55.480Z,puris-backend,customer,puris-backend-6f46958fb-5psgm,0
2026-10-07T20:56:55.480Z,puris-backend,customer,puris-backend-6f46958fb-5psgm,0
2026-10-07T20:57:55.480Z,puris-backend,customer,puris-backend-6f46958fb-5psgm,0
2026-10-07T20:58:55.480Z,puris-backend,customer,puris-backend-6f46958fb-5psgm,0
2026-10-07T20:59:55.480Z,puris-backend,customer,puris-backend-6f46958fb-5psgm,0
2026-10-07T21:00:55.480Z,puris-backend,customer,puris-backend-6f46958fb-5psgm,0
2026-10-07T21:01:55.480Z,puris-backend,customer,puris-backend-6f46958fb-5psgm,0
2026-10-07T21:02:55.480Z,puris-backend,customer,puris-backend-6f46958fb-5psgm,0
2026-10-07T21:03:55.480Z,puris-backend,customer,puris-backend-6f46958fb-5psgm,0
2026-10-07T21:04:55.480Z,puris-backend,customer,puris-backend-6f46958fb-5psgm,0
2026-10-07T21:05:55.480Z,puris-backend,customer,puris-backend-6f46958fb-5psgm,0
2026-10-07T21:06:55.480Z,puris-backend,customer,puris-backend-6f46958fb-5psgm,0
2026-10-07T21:07:55.480Z,puris-backend,customer,puris-backend-6f46958fb-5psgm,0
2026-10-07T21:08:55.480Z,puris-backend,customer,puris-backend-6f46958fb-5psgm,0
2026-10-07T21:09:55.480Z,puris-backend,customer,puris-backend-6f46958fb-5psgm,0
2026-10-07T21:10:55.480Z,puris-backend,customer,puris-backend-6f46958fb-5psgm,0
2026-10-07T21:11:55.480Z,puris-backend,customer,puris-backend-6f46958fb-5psgm,0
2026-10-07T21:12:55.480Z,puris-backend,customer,puris-backend-6f46958fb-5psgm,0
2026-10-07T21:13:55.480Z,puris-backend,customer,puris-backend-6f46958fb-5psgm,0
2026-10-07T21:14:55.480Z,puris-backend,customer,puris-backend-6f46958fb-5psgm,0
2026-10-07T21:15:55.480Z,puris-backend,customer,puris-backend-6f46958fb-5psgm,0
2026-10-07T21:16:55.480Z,puris-backend,customer,puris-backend-6f46958fb-5psgm,0
2026-10-07T21:17:55.480Z,puris-backend,customer,puris-backend-6f46958fb-5psgm,0
2026-10-07T21:18:55.480Z,puris-backend,customer,puris-backend-6f46958fb-5psgm,0
2026-10-07T21:19:55.480Z,puris-backend,customer,puris-backend-6f46958fb-5psgm,0
2026-10-07T21:20:55.480Z,puris-backend,customer,puris-backend-6f46958fb-5psgm,0
2026-10-07T21:21:55.480Z,puris-backend,customer,puris-backend-6f46958fb-5psgm,0
2026-10-07T21:22:55.480Z,puris-backend,customer,puris-backend-6f46958fb-5psgm,0
2026-10-07T21:23:55.480Z,puris-backend,customer,puris-backend-6f46958fb-5psgm,0
2026-10-07T21:24:55.480Z,puris-backend,customer,puris-backend-6f46958fb-5psgm,0
2026-10-07T21:25:55.480Z,puris-backend,customer,puris-backend-6f46958fb-5psgm,0
2026-10-07T21:26:55.480Z,puris-backend,customer,puris-backend-6f46958fb-5psgm,0
2026-10-07T21:27:55.480Z,puris-backend,customer,puris-backend-6f46958fb-5psgm,0
2026-10-07T21:28:55.480Z,puris-backend,customer,puris-backend-6f46958fb-5psgm,0
2026-10-07T21:29:55.480Z,puris-backend,customer,puris-backend-6f46958fb-5psgm,0
2026-10-07T21:30:55.480Z,puris-backend,customer,puris-backend-6f46958fb-5psgm,0
2026-10-07T21:31:55.480Z,puris-backend,customer,puris-backend-6f46958fb-5psgm,0
2026-10-07T21:32:55.480Z,puris-backend,customer,puris-backend-6f46958fb-5psgm,0
2026-10-07T21:33:55.480Z,puris-backend,customer,puris-backend-6f46958fb-5psgm,0
2026-10-07T21:34:55.480Z,puris-backend,customer,puris-backend-6f46958fb-5psgm,0
2026-10-07T21:35:55.480Z,puris-backend,customer,puris-backend-6f46958fb-5psgm,0
2026-10-07T21:36:55.480Z,puris-backend,customer,puris-backend-6f46958fb-5psgm,0
2026-10-07T21:37:55.480Z,puris-backend,customer,puris-backend-6f46958fb-5psgm,0
2026-10-07T21:38:55.480Z,puris-backend,customer,puris-backend-6f46958fb-5psgm,0
2026-10-07T21:39:55.480Z,puris-backend,customer,puris-backend-6f46958fb-5psgm,0
2026-10-07T21:40:55.480Z,puris-backend,customer,puris-backend-6f46958fb-5psgm,0
2026-10-07T21:41:55.480Z,puris-backend,customer,puris-backend-6f46958fb-5psgm,0
2026-10-07T21:42:55.480Z,puris-backend,customer,puris-backend-6f46958fb-5psgm,0
2026-10-07T21:43:55.480Z,puris-backend,customer,puris-backend-6f46958fb-5psgm,0
2026-10-07T21:44:55.480Z,puris-backend,customer,puris-backend-6f46958fb-5psgm,0
2026-10-07T21:45:55.480Z,puris-backend,customer,puris-backend-6f46958fb-5psgm,0
2026-10-07T21:46:55.480Z,puris-backend,customer,puris-backend-6f46958fb-5psgm,0
2026-10-07T21:47:55.480Z,puris-backend,customer,puris-backend-6f46958fb-5psgm,0
2026-10-07T21:48:55.480Z,puris-backend,customer,puris-backend-6f46958fb-5psgm,0
2026-10-07T21:49:55.480Z,puris-backend,customer,puris-backend-6f46958fb-5psgm,0
2026-10-07T21:50:55.480Z,puris-backend,customer,puris-backend-6f46958fb-5psgm,0
2026-10-07T21:51:55.480Z,puris-backend,customer,puris-backend-6f46958fb-5psgm,0
2026-10-07T21:52:55.480Z,puris-backend,customer,puris-backend-6f46958fb-5psgm,0
2026-10-07T21:53:55.480Z,puris-backend,customer,puris-backend-6f46958fb-5psgm,0
2026-10-07T21:54:55.480Z,puris-backend,customer,puris-backend-6f46958fb-5psgm,0
2026-10-07T21:55:55.480Z,puris-backend,customer,puris-backend-6f46958fb-5psgm,0
2026-10-07T21:56:55.480Z,puris-backend,customer,puris-backend-6f46958fb-5psgm,0
2026-10-07T21:57:55.480Z,puris-backend,customer,puris-backend-6f46958fb-5psgm,0
2026-10-07T21:58:55.480Z,puris-backend,customer,puris-backend-6f46958fb-5psgm,0
2026-10-07T21:59:55.480Z,puris-backend,customer,puris-backend-6f46958fb-5psgm,0
2026-10-07T22:00:55.480Z,puris-backend,customer,puris-backend-6f46958fb-5psgm,0
2026-10-07T22:01:55.480Z,puris-backend,customer,puris-backend-6f46958fb-5psgm,0
2026-10-07T22:02:55.480Z,puris-backend,customer,puris-backend-6f46958fb-5psgm,0
2026-10-07T22:03:55.480Z,puris-backend,customer,puris-backend-6f46958fb-5psgm,0
2026-10-07T22:04:55.480Z,puris-backend,customer,puris-backend-6f46958fb-5psgm,0
2026-10-07T22:05:55.480Z,puris-backend,customer,puris-backend-6f46958fb-5psgm,0
2026-10-07T22:06:55.480Z,puris-backend,customer,puris-backend-6f46958fb-5psgm,0
2026-10-07T22:07:55.480Z,puris-backend,customer,puris-backend-6f46958fb-5psgm,0
2026-10-07T22:08:55.480Z,puris-backend,customer,puris-backend-6f46958fb-5psgm,0
2026-10-07T22:09:55.480Z,puris-backend,customer,puris-backend-6f46958fb-5psgm,0
2026-10-07T22:10:55.480Z,puris-backend,customer,puris-backend-6f46958fb-5psgm,0
2026-10-07T22:11:55.480Z,puris-backend,customer,puris-backend-6f46958fb-5psgm,0
2026-10-07T22:12:55.480Z,puris-backend,customer,puris-backend-6f46958fb-5psgm,0
2026-10-07T22:13:55.480Z,puris-backend,customer,puris-backend-6f46958fb-5psgm,0
2026-10-07T22:14:55.480Z,puris-backend,customer,puris-backend-6f46958fb-5psgm,0
2026-10-07T22:15:55.480Z,puris-backend,customer,puris-backend-6f46958fb-5psgm,0
2026-10-07T22:16:55.480Z,puris-backend,customer,puris-backend-6f46958fb-5psgm,0
2026-10-07T22:17:55.480Z,puris-backend,customer,puris-backend-6f46958fb-5psgm,0
2026-10-07T22:18:55.480Z,puris-backend,customer,puris-backend-6f46958fb-5psgm,0
2026-10-07T22:19:55.480Z,puris-backend,customer,puris-backend-6f46958fb-5psgm,0
2026-10-07T22:20:55.480Z,puris-backend,customer,puris-backend-6f46958fb-5psgm,0
2026-10-07T22:21:55.480Z,puris-backend,customer,puris-backend-6f46958fb-5psgm,0
2026-10-07T22:22:55.480Z,puris-backend,customer,puris-backend-6f46958fb-5psgm,0
2026-10-07T22:23:55.480Z,puris-backend,customer,puris-backend-6f46958fb-5psgm,0
2026-10-07T20:31:55.480Z,puris-backend,supplier,puris-backend-848f5f45fc-d77jr,0
2026-10-07T20:32:55.480Z,puris-backend,supplier,puris-backend-848f5f45fc-d77jr,0
2026-10-07T20:33:55.480Z,puris-backend,supplier,puris-backend-848f5f45fc-d77jr,0
2026-10-07T20:34:55.480Z,puris-backend,supplier,puris-backend-848f5f45fc-d77jr,0
2026-10-07T20:35:55.480Z,puris-backend,supplier,puris-backend-848f5f45fc-d77jr,0
2026-10-07T20:36:55.480Z,puris-backend,supplier,puris-backend-848f5f45fc-d77jr,0
2026-10-07T20:37:55.480Z,puris-backend,supplier,puris-backend-848f5f45fc-d77jr,0
2026-10-07T20:38:55.480Z,puris-backend,supplier,puris-backend-848f5f45fc-d77jr,0
2026-10-07T20:39:55.480Z,puris-backend,supplier,puris-backend-848f5f45fc-d77jr,0
2026-10-07T20:40:55.480Z,puris-backend,supplier,puris-backend-848f5f45fc-d77jr,0
2026-10-07T20:41:55.480Z,puris-backend,supplier,puris-backend-848f5f45fc-d77jr,0
2026-10-07T20:42:55.480Z,puris-backend,supplier,puris-backend-848f5f45fc-d77jr,0
2026-10-07T20:43:55.480Z,puris-backend,supplier,puris-backend-848f5f45fc-d77jr,0
2026-10-07T20:44:55.480Z,puris-backend,supplier,puris-backend-848f5f45fc-d77jr,0
2026-10-07T20:45:55.480Z,puris-backend,supplier,puris-backend-848f5f45fc-d77jr,0
2026-10-07T20:46:55.480Z,puris-backend,supplier,puris-backend-848f5f45fc-d77jr,0
2026-10-07T20:47:55.480Z,puris-backend,supplier,puris-backend-848f5f45fc-d77jr,0
2026-10-07T20:48:55.480Z,puris-backend,supplier,puris-backend-848f5f45fc-d77jr,0
2026-10-07T20:49:55.480Z,puris-backend,supplier,puris-backend-848f5f45fc-d77jr,0
2026-10-07T20:50:55.480Z,puris-backend,supplier,puris-backend-848f5f45fc-d77jr,0
2026-10-07T20:51:55.480Z,puris-backend,supplier,puris-backend-848f5f45fc-d77jr,0
2026-10-07T20:52:55.480Z,puris-backend,supplier,puris-backend-848f5f45fc-d77jr,0
2026-10-07T20:53:55.480Z,puris-backend,supplier,puris-backend-848f5f45fc-d77jr,0
2026-10-07T20:54:55.480Z,puris-backend,supplier,puris-backend-848f5f45fc-d77jr,0
2026-10-07T20:55:55.480Z,puris-backend,supplier,puris-backend-848f5f45fc-d77jr,0
2026-10-07T20:56:55.480Z,puris-backend,supplier,puris-backend-848f5f45fc-d77jr,0
2026-10-07T20:57:55.480Z,puris-backend,supplier,puris-backend-848f5f45fc-d77jr,0
2026-10-07T20:58:55.480Z,puris-backend,supplier,puris-backend-848f5f45fc-d77jr,0
2026-10-07T20:59:55.480Z,puris-backend,supplier,puris-backend-848f5f45fc-d77jr,0
2026-10-07T21:00:55.480Z,puris-backend,supplier,puris-backend-848f5f45fc-d77jr,0
2026-10-07T21:01:55.480Z,puris-backend,supplier,puris-backend-848f5f45fc-d77jr,0
2026-10-07T21:02:55.480Z,puris-backend,supplier,puris-backend-848f5f45fc-d77jr,0
2026-10-07T21:03:55.480Z,puris-backend,supplier,puris-backend-848f5f45fc-d77jr,0
2026-10-07T21:04:55.480Z,puris-backend,supplier,puris-backend-848f5f45fc-d77jr,0
2026-10-07T21:05:55.480Z,puris-backend,supplier,puris-backend-848f5f45fc-d77jr,0
2026-10-07T21:06:55.480Z,puris-backend,supplier,puris-backend-848f5f45fc-d77jr,0
2026-10-07T21:07:55.480Z,puris-backend,supplier,puris-backend-848f5f45fc-d77jr,0
2026-10-07T21:08:55.480Z,puris-backend,supplier,puris-backend-848f5f45fc-d77jr,0
2026-10-07T21:09:55.480Z,puris-backend,supplier,puris-backend-848f5f45fc-d77jr,0
2026-10-07T21:10:55.480Z,puris-backend,supplier,puris-backend-848f5f45fc-d77jr,0
2026-10-07T21:11:55.480Z,puris-backend,supplier,puris-backend-848f5f45fc-d77jr,0
2026-10-07T21:12:55.480Z,puris-backend,supplier,puris-backend-848f5f45fc-d77jr,0
2026-10-07T21:13:55.480Z,puris-backend,supplier,puris-backend-848f5f45fc-d77jr,0
2026-10-07T21:14:55.480Z,puris-backend,supplier,puris-backend-848f5f45fc-d77jr,0
2026-10-07T21:15:55.480Z,puris-backend,supplier,puris-backend-848f5f45fc-d77jr,0
2026-10-07T21:16:55.480Z,puris-backend,supplier,puris-backend-848f5f45fc-d77jr,0
2026-10-07T21:17:55.480Z,puris-backend,supplier,puris-backend-848f5f45fc-d77jr,0
2026-10-07T21:18:55.480Z,puris-backend,supplier,puris-backend-848f5f45fc-d77jr,0
2026-10-07T21:19:55.480Z,puris-backend,supplier,puris-backend-848f5f45fc-d77jr,0
2026-10-07T21:20:55.480Z,puris-backend,supplier,puris-backend-848f5f45fc-d77jr,0
2026-10-07T21:21:55.480Z,puris-backend,supplier,puris-backend-848f5f45fc-d77jr,0
2026-10-07T21:22:55.480Z,puris-backend,supplier,puris-backend-848f5f45fc-d77jr,0
2026-10-07T21:23:55.480Z,puris-backend,supplier,puris-backend-848f5f45fc-d77jr,0
2026-10-07T21:24:55.480Z,puris-backend,supplier,puris-backend-848f5f45fc-d77jr,0
2026-10-07T21:25:55.480Z,puris-backend,supplier,puris-backend-848f5f45fc-d77jr,0
2026-10-07T21:26:55.480Z,puris-backend,supplier,puris-backend-848f5f45fc-d77jr,0
2026-10-07T21:27:55.480Z,puris-backend,supplier,puris-backend-848f5f45fc-d77jr,0
2026-10-07T21:28:55.480Z,puris-backend,supplier,puris-backend-848f5f45fc-d77jr,0
2026-10-07T21:29:55.480Z,puris-backend,supplier,puris-backend-848f5f45fc-d77jr,0
2026-10-07T21:30:55.480Z,puris-backend,supplier,puris-backend-848f5f45fc-d77jr,0
2026-10-07T21:31:55.480Z,puris-backend,supplier,puris-backend-848f5f45fc-d77jr,0
2026-10-07T21:32:55.480Z,puris-backend,supplier,puris-backend-848f5f45fc-d77jr,0
2026-10-07T21:33:55.480Z,puris-backend,supplier,puris-backend-848f5f45fc-d77jr,0
2026-10-07T21:34:55.480Z,puris-backend,supplier,puris-backend-848f5f45fc-d77jr,0
2026-10-07T21:35:55.480Z,puris-backend,supplier,puris-backend-848f5f45fc-d77jr,0
2026-10-07T21:36:55.480Z,puris-backend,supplier,puris-backend-848f5f45fc-d77jr,0
2026-10-07T21:37:55.480Z,puris-backend,supplier,puris-backend-848f5f45fc-d77jr,0
2026-10-07T21:38:55.480Z,puris-backend,supplier,puris-backend-848f5f45fc-d77jr,0
2026-10-07T21:39:55.480Z,puris-backend,supplier,puris-backend-848f5f45fc-d77jr,0
2026-10-07T21:40:55.480Z,puris-backend,supplier,puris-backend-848f5f45fc-d77jr,0
2026-10-07T21:41:55.480Z,puris-backend,supplier,puris-backend-848f5f45fc-d77jr,0
2026-10-07T21:42:55.480Z,puris-backend,supplier,puris-backend-848f5f45fc-d77jr,0
2026-10-07T21:43:55.480Z,puris-backend,supplier,puris-backend-848f5f45fc-d77jr,0
2026-10-07T21:44:55.480Z,puris-backend,supplier,puris-backend-848f5f45fc-d77jr,0
2026-10-07T21:45:55.480Z,puris-backend,supplier,puris-backend-848f5f45fc-d77jr,0
2026-10-07T21:46:55.480Z,puris-backend,supplier,puris-backend-848f5f45fc-d77jr,0
2026-10-07T21:47:55.480Z,puris-backend,supplier,puris-backend-848f5f45fc-d77jr,0
2026-10-07T21:48:55.480Z,puris-backend,supplier,puris-backend-848f5f45fc-d77jr,0
2026-10-07T21:49:55.480Z,puris-backend,supplier,puris-backend-848f5f45fc-d77jr,0
2026-10-07T21:50:55.480Z,puris-backend,supplier,puris-backend-848f5f45fc-d77jr,0
2026-10-07T21:51:55.480Z,puris-backend,supplier,puris-backend-848f5f45fc-d77jr,0
2026-10-07T21:52:55.480Z,puris-backend,supplier,puris-backend-848f5f45fc-d77jr,0
2026-10-07T21:53:55.480Z,puris-backend,supplier,puris-backend-848f5f45fc-d77jr,0
2026-10-07T21:54:55.480Z,puris-backend,supplier,puris-backend-848f5f45fc-d77jr,0
2026-10-07T21:55:55.480Z,puris-backend,supplier,puris-backend-848f5f45fc-d77jr,0
2026-10-07T21:56:55.480Z,puris-backend,supplier,puris-backend-848f5f45fc-d77jr,0
2026-10-07T21:57:55.480Z,puris-backend,supplier,puris-backend-848f5f45fc-d77jr,0
2026-10-07T21:58:55.480Z,puris-backend,supplier,puris-backend-848f5f45fc-d77jr,0
2026-10-07T21:59:55.480Z,puris-backend,supplier,puris-backend-848f5f45fc-d77jr,0
2026-10-07T22:00:55.480Z,puris-backend,supplier,puris-backend-848f5f45fc-d77jr,0
2026-10-07T22:01:55.480Z,puris-backend,supplier,puris-backend-848f5f45fc-d77jr,0
2026-10-07T22:02:55.480Z,puris-backend,supplier,puris-backend-848f5f45fc-d77jr,0
2026-10-07T22:03:55.480Z,puris-backend,supplier,puris-backend-848f5f45fc-d77jr,0
2026-10-07T22:04:55.480Z,puris-backend,supplier,puris-backend-848f5f45fc-d77jr,0
2026-10-07T22:05:55.480Z,puris-backend,supplier,puris-backend-848f5f45fc-d77jr,0
2026-10-07T22:06:55.480Z,puris-backend,supplier,puris-backend-848f5f45fc-d77jr,0
2026-10-07T22:07:55.480Z,puris-backend,supplier,puris-backend-848f5f45fc-d77jr,0
2026-10-07T22:08:55.480Z,puris-backend,supplier,puris-backend-848f5f45fc-d77jr,0
2026-10-07T22:09:55.480Z,puris-backend,supplier,puris-backend-848f5f45fc-d77jr,0
2026-10-07T22:10:55.480Z,puris-backend,supplier,puris-backend-848f5f45fc-d77jr,0
2026-10-07T22:11:55.480Z,puris-backend,supplier,puris-backend-848f5f45fc-d77jr,0
2026-10-07T22:12:55.480Z,puris-backend,supplier,puris-backend-848f5f45fc-d77jr,0
2026-10-07T22:13:55.480Z,puris-backend,supplier,puris-backend-848f5f45fc-d77jr,0
2026-10-07T22:14:55.480Z,puris-backend,supplier,puris-backend-848f5f45fc-d77jr,0
2026-10-07T22:15:55.480Z,puris-backend,supplier,puris-backend-848f5f45fc-d77jr,0
2026-10-07T22:16:55.480Z,puris-backend,supplier,puris-backend-848f5f45fc-d77jr,0
2026-10-07T22:17:55.480Z,puris-backend,supplier,puris-backend-848f5f45fc-d77jr,0
2026-10-07T22:18:55.480Z,puris-backend,supplier,puris-backend-848f5f45fc-d77jr,0
2026-10-07T22:19:55.480Z,puris-backend,supplier,puris-backend-848f5f45fc-d77jr,0
2026-10-07T22:20:55.480Z,puris-backend,supplier,puris-backend-848f5f45fc-d77jr,0
2026-10-07T22:21:55.480Z,puris-backend,supplier,puris-backend-848f5f45fc-d77jr,0
2026-10-07T22:22:55.480Z,puris-backend,supplier,puris-backend-848f5f45fc-d77jr,0
2026-10-07T22:23:55.480Z,puris-backend,supplier,puris-backend-848f5f45fc-d77jr,0
2026-10-07T20:31:55.480Z,ssi-dim-wallet-stub,identity,ssi-dim-wallet-stub-b4d7c6fb8-xnmjq,1
2026-10-07T20:32:55.480Z,ssi-dim-wallet-stub,identity,ssi-dim-wallet-stub-b4d7c6fb8-xnmjq,1
2026-10-07T20:33:55.480Z,ssi-dim-wallet-stub,identity,ssi-dim-wallet-stub-b4d7c6fb8-xnmjq,1
2026-10-07T20:34:55.480Z,ssi-dim-wallet-stub,identity,ssi-dim-wallet-stub-b4d7c6fb8-xnmjq,1
2026-10-07T20:35:55.480Z,ssi-dim-wallet-stub,identity,ssi-dim-wallet-stub-b4d7c6fb8-xnmjq,1
2026-10-07T20:36:55.480Z,ssi-dim-wallet-stub,identity,ssi-dim-wallet-stub-b4d7c6fb8-xnmjq,1
2026-10-07T20:37:55.480Z,ssi-dim-wallet-stub,identity,ssi-dim-wallet-stub-b4d7c6fb8-xnmjq,1
2026-10-07T20:38:55.480Z,ssi-dim-wallet-stub,identity,ssi-dim-wallet-stub-b4d7c6fb8-xnmjq,1
2026-10-07T20:39:55.480Z,ssi-dim-wallet-stub,identity,ssi-dim-wallet-stub-b4d7c6fb8-xnmjq,1
2026-10-07T20:40:55.480Z,ssi-dim-wallet-stub,identity,ssi-dim-wallet-stub-b4d7c6fb8-xnmjq,1
2026-10-07T20:41:55.480Z,ssi-dim-wallet-stub,identity,ssi-dim-wallet-stub-b4d7c6fb8-xnmjq,1
2026-10-07T20:42:55.480Z,ssi-dim-wallet-stub,identity,ssi-dim-wallet-stub-b4d7c6fb8-xnmjq,1
2026-10-07T20:43:55.480Z,ssi-dim-wallet-stub,identity,ssi-dim-wallet-stub-b4d7c6fb8-xnmjq,1
2026-10-07T20:44:55.480Z,ssi-dim-wallet-stub,identity,ssi-dim-wallet-stub-b4d7c6fb8-xnmjq,1
2026-10-07T20:45:55.480Z,ssi-dim-wallet-stub,identity,ssi-dim-wallet-stub-b4d7c6fb8-xnmjq,1
2026-10-07T20:46:55.480Z,ssi-dim-wallet-stub,identity,ssi-dim-wallet-stub-b4d7c6fb8-xnmjq,1
2026-10-07T20:47:55.480Z,ssi-dim-wallet-stub,identity,ssi-dim-wallet-stub-b4d7c6fb8-xnmjq,1
2026-10-07T20:48:55.480Z,ssi-dim-wallet-stub,identity,ssi-dim-wallet-stub-b4d7c6fb8-xnmjq,1
2026-10-07T20:49:55.480Z,ssi-dim-wallet-stub,identity,ssi-dim-wallet-stub-b4d7c6fb8-xnmjq,1
2026-10-07T20:50:55.480Z,ssi-dim-wallet-stub,identity,ssi-dim-wallet-stub-b4d7c6fb8-xnmjq,1
2026-10-07T20:51:55.480Z,ssi-dim-wallet-stub,identity,ssi-dim-wallet-stub-b4d7c6fb8-xnmjq,1
2026-10-07T20:52:55.480Z,ssi-dim-wallet-stub,identity,ssi-dim-wallet-stub-b4d7c6fb8-xnmjq,1
2026-10-07T20:53:55.480Z,ssi-dim-wallet-stub,identity,ssi-dim-wallet-stub-b4d7c6fb8-xnmjq,1
2026-10-07T20:54:55.480Z,ssi-dim-wallet-stub,identity,ssi-dim-wallet-stub-b4d7c6fb8-xnmjq,1
2026-10-07T20:55:55.480Z,ssi-dim-wallet-stub,identity,ssi-dim-wallet-stub-b4d7c6fb8-xnmjq,1
2026-10-07T20:56:55.480Z,ssi-dim-wallet-stub,identity,ssi-dim-wallet-stub-b4d7c6fb8-xnmjq,1
2026-10-07T20:57:55.480Z,ssi-dim-wallet-stub,identity,ssi-dim-wallet-stub-b4d7c6fb8-xnmjq,1
2026-10-07T20:58:55.480Z,ssi-dim-wallet-stub,identity,ssi-dim-wallet-stub-b4d7c6fb8-xnmjq,1
2026-10-07T20:59:55.480Z,ssi-dim-wallet-stub,identity,ssi-dim-wallet-stub-b4d7c6fb8-xnmjq,1
2026-10-07T21:00:55.480Z,ssi-dim-wallet-stub,identity,ssi-dim-wallet-stub-b4d7c6fb8-xnmjq,1
2026-10-07T21:01:55.480Z,ssi-dim-wallet-stub,identity,ssi-dim-wallet-stub-b4d7c6fb8-xnmjq,1
2026-10-07T21:02:55.480Z,ssi-dim-wallet-stub,identity,ssi-dim-wallet-stub-b4d7c6fb8-xnmjq,1
2026-10-07T21:03:55.480Z,ssi-dim-wallet-stub,identity,ssi-dim-wallet-stub-b4d7c6fb8-xnmjq,1
2026-10-07T21:04:55.480Z,ssi-dim-wallet-stub,identity,ssi-dim-wallet-stub-b4d7c6fb8-xnmjq,1
2026-10-07T21:05:55.480Z,ssi-dim-wallet-stub,identity,ssi-dim-wallet-stub-b4d7c6fb8-xnmjq,1
2026-10-07T21:06:55.480Z,ssi-dim-wallet-stub,identity,ssi-dim-wallet-stub-b4d7c6fb8-xnmjq,1
2026-10-07T21:07:55.480Z,ssi-dim-wallet-stub,identity,ssi-dim-wallet-stub-b4d7c6fb8-xnmjq,1
2026-10-07T21:08:55.480Z,ssi-dim-wallet-stub,identity,ssi-dim-wallet-stub-b4d7c6fb8-xnmjq,1
2026-10-07T21:09:55.480Z,ssi-dim-wallet-stub,identity,ssi-dim-wallet-stub-b4d7c6fb8-xnmjq,1
2026-10-07T21:10:55.480Z,ssi-dim-wallet-stub,identity,ssi-dim-wallet-stub-b4d7c6fb8-xnmjq,1
2026-10-07T21:11:55.480Z,ssi-dim-wallet-stub,identity,ssi-dim-wallet-stub-b4d7c6fb8-xnmjq,1
2026-10-07T21:12:55.480Z,ssi-dim-wallet-stub,identity,ssi-dim-wallet-stub-b4d7c6fb8-xnmjq,1
2026-10-07T21:13:55.480Z,ssi-dim-wallet-stub,identity,ssi-dim-wallet-stub-b4d7c6fb8-xnmjq,1
2026-10-07T21:14:55.480Z,ssi-dim-wallet-stub,identity,ssi-dim-wallet-stub-b4d7c6fb8-xnmjq,1
2026-10-07T21:15:55.480Z,ssi-dim-wallet-stub,identity,ssi-dim-wallet-stub-b4d7c6fb8-xnmjq,1
2026-10-07T21:16:55.480Z,ssi-dim-wallet-stub,identity,ssi-dim-wallet-stub-b4d7c6fb8-xnmjq,1
2026-10-07T21:17:55.480Z,ssi-dim-wallet-stub,identity,ssi-dim-wallet-stub-b4d7c6fb8-xnmjq,1
2026-10-07T21:18:55.480Z,ssi-dim-wallet-stub,identity,ssi-dim-wallet-stub-b4d7c6fb8-xnmjq,1
2026-10-07T21:19:55.480Z,ssi-dim-wallet-stub,identity,ssi-dim-wallet-stub-b4d7c6fb8-xnmjq,1
2026-10-07T21:20:55.480Z,ssi-dim-wallet-stub,identity,ssi-dim-wallet-stub-b4d7c6fb8-xnmjq,1
2026-10-07T21:21:55.480Z,ssi-dim-wallet-stub,identity,ssi-dim-wallet-stub-b4d7c6fb8-xnmjq,1
2026-10-07T21:22:55.480Z,ssi-dim-wallet-stub,identity,ssi-dim-wallet-stub-b4d7c6fb8-xnmjq,1
2026-10-07T21:23:55.480Z,ssi-dim-wallet-stub,identity,ssi-dim-wallet-stub-b4d7c6fb8-xnmjq,1
2026-10-07T21:24:55.480Z,ssi-dim-wallet-stub,identity,ssi-dim-wallet-stub-b4d7c6fb8-xnmjq,1
2026-10-07T21:25:55.480Z,ssi-dim-wallet-stub,identity,ssi-dim-wallet-stub-b4d7c6fb8-xnmjq,1
2026-10-07T21:26:55.480Z,ssi-dim-wallet-stub,identity,ssi-dim-wallet-stub-b4d7c6fb8-xnmjq,1
2026-10-07T21:27:55.480Z,ssi-dim-wallet-stub,identity,ssi-dim-wallet-stub-b4d7c6fb8-xnmjq,1
2026-10-07T21:28:55.480Z,ssi-dim-wallet-stub,identity,ssi-dim-wallet-stub-b4d7c6fb8-xnmjq,1
2026-10-07T21:29:55.480Z,ssi-dim-wallet-stub,identity,ssi-dim-wallet-stub-b4d7c6fb8-xnmjq,1
2026-10-07T21:30:55.480Z,ssi-dim-wallet-stub,identity,ssi-dim-wallet-stub-b4d7c6fb8-xnmjq,1
2026-10-07T21:31:55.480Z,ssi-dim-wallet-stub,identity,ssi-dim-wallet-stub-b4d7c6fb8-xnmjq,1
2026-10-07T21:32:55.480Z,ssi-dim-wallet-stub,identity,ssi-dim-wallet-stub-b4d7c6fb8-xnmjq,1
2026-10-07T21:33:55.480Z,ssi-dim-wallet-stub,identity,ssi-dim-wallet-stub-b4d7c6fb8-xnmjq,1
2026-10-07T21:34:55.480Z,ssi-dim-wallet-stub,identity,ssi-dim-wallet-stub-b4d7c6fb8-xnmjq,1
2026-10-07T21:35:55.480Z,ssi-dim-wallet-stub,identity,ssi-dim-wallet-stub-b4d7c6fb8-xnmjq,1
2026-10-07T21:36:55.480Z,ssi-dim-wallet-stub,identity,ssi-dim-wallet-stub-b4d7c6fb8-xnmjq,1
2026-10-07T21:37:55.480Z,ssi-dim-wallet-stub,identity,ssi-dim-wallet-stub-b4d7c6fb8-xnmjq,1
2026-10-07T21:38:55.480Z,ssi-dim-wallet-stub,identity,ssi-dim-wallet-stub-b4d7c6fb8-xnmjq,1
2026-10-07T21:39:55.480Z,ssi-dim-wallet-stub,identity,ssi-dim-wallet-stub-b4d7c6fb8-xnmjq,1
2026-10-07T21:40:55.480Z,ssi-dim-wallet-stub,identity,ssi-dim-wallet-stub-b4d7c6fb8-xnmjq,1
2026-10-07T21:41:55.480Z,ssi-dim-wallet-stub,identity,ssi-dim-wallet-stub-b4d7c6fb8-xnmjq,1
2026-10-07T21:42:55.480Z,ssi-dim-wallet-stub,identity,ssi-dim-wallet-stub-b4d7c6fb8-xnmjq,1
2026-10-07T21:43:55.480Z,ssi-dim-wallet-stub,identity,ssi-dim-wallet-stub-b4d7c6fb8-xnmjq,1
2026-10-07T21:44:55.480Z,ssi-dim-wallet-stub,identity,ssi-dim-wallet-stub-b4d7c6fb8-xnmjq,1
2026-10-07T21:45:55.480Z,ssi-dim-wallet-stub,identity,ssi-dim-wallet-stub-b4d7c6fb8-xnmjq,1
2026-10-07T21:46:55.480Z,ssi-dim-wallet-stub,identity,ssi-dim-wallet-stub-b4d7c6fb8-xnmjq,1
2026-10-07T21:47:55.480Z,ssi-dim-wallet-stub,identity,ssi-dim-wallet-stub-b4d7c6fb8-xnmjq,1
2026-10-07T21:48:55.480Z,ssi-dim-wallet-stub,identity,ssi-dim-wallet-stub-b4d7c6fb8-xnmjq,1
2026-10-07T21:49:55.480Z,ssi-dim-wallet-stub,identity,ssi-dim-wallet-stub-b4d7c6fb8-xnmjq,1
2026-10-07T21:50:55.480Z,ssi-dim-wallet-stub,identity,ssi-dim-wallet-stub-b4d7c6fb8-xnmjq,1
2026-10-07T21:51:55.480Z,ssi-dim-wallet-stub,identity,ssi-dim-wallet-stub-b4d7c6fb8-xnmjq,1
2026-10-07T21:52:55.480Z,ssi-dim-wallet-stub,identity,ssi-dim-wallet-stub-b4d7c6fb8-xnmjq,1
2026-10-07T21:53:55.480Z,ssi-dim-wallet-stub,identity,ssi-dim-wallet-stub-b4d7c6fb8-xnmjq,1
2026-10-07T21:54:55.480Z,ssi-dim-wallet-stub,identity,ssi-dim-wallet-stub-b4d7c6fb8-xnmjq,1
2026-10-07T21:55:55.480Z,ssi-dim-wallet-stub,identity,ssi-dim-wallet-stub-b4d7c6fb8-xnmjq,1
2026-10-07T21:56:55.480Z,ssi-dim-wallet-stub,identity,ssi-dim-wallet-stub-b4d7c6fb8-xnmjq,1
2026-10-07T21:57:55.480Z,ssi-dim-wallet-stub,identity,ssi-dim-wallet-stub-b4d7c6fb8-xnmjq,1
2026-10-07T21:58:55.480Z,ssi-dim-wallet-stub,identity,ssi-dim-wallet-stub-b4d7c6fb8-xnmjq,1
2026-10-07T21:59:55.480Z,ssi-dim-wallet-stub,identity,ssi-dim-wallet-stub-b4d7c6fb8-xnmjq,1
2026-10-07T22:00:55.480Z,ssi-dim-wallet-stub,identity,ssi-dim-wallet-stub-b4d7c6fb8-xnmjq,1
2026-10-07T22:01:55.480Z,ssi-dim-wallet-stub,identity,ssi-dim-wallet-stub-b4d7c6fb8-xnmjq,1
2026-10-07T22:02:55.480Z,ssi-dim-wallet-stub,identity,ssi-dim-wallet-stub-b4d7c6fb8-xnmjq,1
2026-10-07T22:03:55.480Z,ssi-dim-wallet-stub,identity,ssi-dim-wallet-stub-b4d7c6fb8-xnmjq,1
2026-10-07T22:04:55.480Z,ssi-dim-wallet-stub,identity,ssi-dim-wallet-stub-b4d7c6fb8-xnmjq,1
2026-10-07T22:05:55.480Z,ssi-dim-wallet-stub,identity,ssi-dim-wallet-stub-b4d7c6fb8-xnmjq,1
2026-10-07T22:06:55.480Z,ssi-dim-wallet-stub,identity,ssi-dim-wallet-stub-b4d7c6fb8-xnmjq,1
2026-10-07T22:07:55.480Z,ssi-dim-wallet-stub,identity,ssi-dim-wallet-stub-b4d7c6fb8-xnmjq,1
2026-10-07T22:08:55.480Z,ssi-dim-wallet-stub,identity,ssi-dim-wallet-stub-b4d7c6fb8-xnmjq,1
2026-10-07T22:09:55.480Z,ssi-dim-wallet-stub,identity,ssi-dim-wallet-stub-b4d7c6fb8-xnmjq,1
2026-10-07T22:10:55.480Z,ssi-dim-wallet-stub,identity,ssi-dim-wallet-stub-b4d7c6fb8-xnmjq,1
2026-10-07T22:11:55.480Z,ssi-dim-wallet-stub,identity,ssi-dim-wallet-stub-b4d7c6fb8-xnmjq,1
2026-10-07T22:12:55.480Z,ssi-dim-wallet-stub,identity,ssi-dim-wallet-stub-b4d7c6fb8-xnmjq,1
2026-10-07T22:13:55.480Z,ssi-dim-wallet-stub,identity,ssi-dim-wallet-stub-b4d7c6fb8-xnmjq,1
2026-10-07T22:14:55.480Z,ssi-dim-wallet-stub,identity,ssi-dim-wallet-stub-b4d7c6fb8-xnmjq,1
2026-10-07T22:15:55.480Z,ssi-dim-wallet-stub,identity,ssi-dim-wallet-stub-b4d7c6fb8-xnmjq,1
2026-10-07T22:16:55.480Z,ssi-dim-wallet-stub,identity,ssi-dim-wallet-stub-b4d7c6fb8-xnmjq,1
2026-10-07T22:17:55.480Z,ssi-dim-wallet-stub,identity,ssi-dim-wallet-stub-b4d7c6fb8-xnmjq,1
2026-10-07T22:18:55.480Z,ssi-dim-wallet-stub,identity,ssi-dim-wallet-stub-b4d7c6fb8-xnmjq,1
2026-10-07T22:19:55.480Z,ssi-dim-wallet-stub,identity,ssi-dim-wallet-stub-b4d7c6fb8-xnmjq,1
2026-10-07T22:20:55.480Z,ssi-dim-wallet-stub,identity,ssi-dim-wallet-stub-b4d7c6fb8-xnmjq,1
2026-10-07T22:21:55.480Z,ssi-dim-wallet-stub,identity,ssi-dim-wallet-stub-b4d7c6fb8-xnmjq,1
2026-10-07T22:22:55.480Z,ssi-dim-wallet-stub,identity,ssi-dim-wallet-stub-b4d7c6fb8-xnmjq,1
2026-10-07T22:23:55.480Z,ssi-dim-wallet-stub,identity,ssi-dim-wallet-stub-b4d7c6fb8-xnmjq,1
2026-10-07T20:31:55.480Z,tractusx-connector,customer,edc-controlplane-587996b7b5-w8dqj,0
2026-10-07T20:32:55.480Z,tractusx-connector,customer,edc-controlplane-587996b7b5-w8dqj,0
2026-10-07T20:33:55.480Z,tractusx-connector,customer,edc-controlplane-587996b7b5-w8dqj,0
2026-10-07T20:34:55.480Z,tractusx-connector,customer,edc-controlplane-587996b7b5-w8dqj,0
2026-10-07T20:35:55.480Z,tractusx-connector,customer,edc-controlplane-587996b7b5-w8dqj,0
2026-10-07T20:36:55.480Z,tractusx-connector,customer,edc-controlplane-587996b7b5-w8dqj,0
2026-10-07T20:37:55.480Z,tractusx-connector,customer,edc-controlplane-587996b7b5-w8dqj,0
2026-10-07T20:38:55.480Z,tractusx-connector,customer,edc-controlplane-587996b7b5-w8dqj,0
2026-10-07T20:39:55.480Z,tractusx-connector,customer,edc-controlplane-587996b7b5-w8dqj,0
2026-10-07T20:40:55.480Z,tractusx-connector,customer,edc-controlplane-587996b7b5-w8dqj,0
2026-10-07T20:41:55.480Z,tractusx-connector,customer,edc-controlplane-587996b7b5-w8dqj,0
2026-10-07T20:42:55.480Z,tractusx-connector,customer,edc-controlplane-587996b7b5-w8dqj,0
2026-10-07T20:43:55.480Z,tractusx-connector,customer,edc-controlplane-587996b7b5-w8dqj,0
2026-10-07T20:44:55.480Z,tractusx-connector,customer,edc-controlplane-587996b7b5-w8dqj,0
2026-10-07T20:45:55.480Z,tractusx-connector,customer,edc-controlplane-587996b7b5-w8dqj,0
2026-10-07T20:46:55.480Z,tractusx-connector,customer,edc-controlplane-587996b7b5-w8dqj,0
2026-10-07T20:47:55.480Z,tractusx-connector,customer,edc-controlplane-587996b7b5-w8dqj,0
2026-10-07T20:48:55.480Z,tractusx-connector,customer,edc-controlplane-587996b7b5-w8dqj,0
2026-10-07T20:49:55.480Z,tractusx-connector,customer,edc-controlplane-587996b7b5-w8dqj,0
2026-10-07T20:50:55.480Z,tractusx-connector,customer,edc-controlplane-587996b7b5-w8dqj,0
2026-10-07T20:51:55.480Z,tractusx-connector,customer,edc-controlplane-587996b7b5-w8dqj,0
2026-10-07T20:52:55.480Z,tractusx-connector,customer,edc-controlplane-587996b7b5-w8dqj,0
2026-10-07T20:53:55.480Z,tractusx-connector,customer,edc-controlplane-587996b7b5-w8dqj,0
2026-10-07T20:54:55.480Z,tractusx-connector,customer,edc-controlplane-587996b7b5-w8dqj,0
2026-10-07T20:55:55.480Z,tractusx-connector,customer,edc-controlplane-587996b7b5-w8dqj,0
2026-10-07T20:56:55.480Z,tractusx-connector,customer,edc-controlplane-587996b7b5-w8dqj,0
2026-10-07T20:57:55.480Z,tractusx-connector,customer,edc-controlplane-587996b7b5-w8dqj,0
2026-10-07T20:58:55.480Z,tractusx-connector,customer,edc-controlplane-587996b7b5-w8dqj,0
2026-10-07T20:59:55.480Z,tractusx-connector,customer,edc-controlplane-587996b7b5-w8dqj,0
2026-10-07T21:00:55.480Z,tractusx-connector,customer,edc-controlplane-587996b7b5-w8dqj,0
2026-10-07T21:01:55.480Z,tractusx-connector,customer,edc-controlplane-587996b7b5-w8dqj,0
2026-10-07T21:02:55.480Z,tractusx-connector,customer,edc-controlplane-587996b7b5-w8dqj,0
2026-10-07T21:03:55.480Z,tractusx-connector,customer,edc-controlplane-587996b7b5-w8dqj,0
2026-10-07T21:04:55.480Z,tractusx-connector,customer,edc-controlplane-587996b7b5-w8dqj,0
2026-10-07T21:05:55.480Z,tractusx-connector,customer,edc-controlplane-587996b7b5-w8dqj,0
2026-10-07T21:06:55.480Z,tractusx-connector,customer,edc-controlplane-587996b7b5-w8dqj,0
2026-10-07T21:07:55.480Z,tractusx-connector,customer,edc-controlplane-587996b7b5-w8dqj,0
2026-10-07T21:08:55.480Z,tractusx-connector,customer,edc-controlplane-587996b7b5-w8dqj,0
2026-10-07T21:09:55.480Z,tractusx-connector,customer,edc-controlplane-587996b7b5-w8dqj,0
2026-10-07T21:10:55.480Z,tractusx-connector,customer,edc-controlplane-587996b7b5-w8dqj,0
2026-10-07T21:11:55.480Z,tractusx-connector,customer,edc-controlplane-587996b7b5-w8dqj,0
2026-10-07T21:12:55.480Z,tractusx-connector,customer,edc-controlplane-587996b7b5-w8dqj,0
2026-10-07T21:13:55.480Z,tractusx-connector,customer,edc-controlplane-587996b7b5-w8dqj,0
2026-10-07T21:14:55.480Z,tractusx-connector,customer,edc-controlplane-587996b7b5-w8dqj,0
2026-10-07T21:15:55.480Z,tractusx-connector,customer,edc-controlplane-587996b7b5-w8dqj,0
2026-10-07T21:16:55.480Z,tractusx-connector,customer,edc-controlplane-587996b7b5-w8dqj,0
2026-10-07T21:17:55.480Z,tractusx-connector,customer,edc-controlplane-587996b7b5-w8dqj,0
2026-10-07T21:18:55.480Z,tractusx-connector,customer,edc-controlplane-587996b7b5-w8dqj,0
2026-10-07T21:19:55.480Z,tractusx-connector,customer,edc-controlplane-587996b7b5-w8dqj,0
2026-10-07T21:20:55.480Z,tractusx-connector,customer,edc-controlplane-587996b7b5-w8dqj,0
2026-10-07T21:21:55.480Z,tractusx-connector,customer,edc-controlplane-587996b7b5-w8dqj,0
2026-10-07T21:22:55.480Z,tractusx-connector,customer,edc-controlplane-587996b7b5-w8dqj,0
2026-10-07T21:23:55.480Z,tractusx-connector,customer,edc-controlplane-587996b7b5-w8dqj,0
2026-10-07T21:24:55.480Z,tractusx-connector,customer,edc-controlplane-587996b7b5-w8dqj,0
2026-10-07T21:25:55.480Z,tractusx-connector,customer,edc-controlplane-587996b7b5-w8dqj,0
2026-10-07T21:26:55.480Z,tractusx-connector,customer,edc-controlplane-587996b7b5-w8dqj,0
2026-10-07T21:27:55.480Z,tractusx-connector,customer,edc-controlplane-587996b7b5-w8dqj,0
2026-10-07T21:28:55.480Z,tractusx-connector,customer,edc-controlplane-587996b7b5-w8dqj,0
2026-10-07T21:29:55.480Z,tractusx-connector,customer,edc-controlplane-587996b7b5-w8dqj,0
2026-10-07T21:30:55.480Z,tractusx-connector,customer,edc-controlplane-587996b7b5-w8dqj,0
2026-10-07T21:31:55.480Z,tractusx-connector,customer,edc-controlplane-587996b7b5-w8dqj,0
2026-10-07T21:32:55.480Z,tractusx-connector,customer,edc-controlplane-587996b7b5-w8dqj,0
2026-10-07T21:33:55.480Z,tractusx-connector,customer,edc-controlplane-587996b7b5-w8dqj,0
2026-10-07T21:34:55.480Z,tractusx-connector,customer,edc-controlplane-587996b7b5-w8dqj,0
2026-10-07T21:35:55.480Z,tractusx-connector,customer,edc-controlplane-587996b7b5-w8dqj,0
2026-10-07T21:36:55.480Z,tractusx-connector,customer,edc-controlplane-587996b7b5-w8dqj,0
2026-10-07T21:37:55.480Z,tractusx-connector,customer,edc-controlplane-587996b7b5-w8dqj,0
2026-10-07T21:38:55.480Z,tractusx-connector,customer,edc-controlplane-587996b7b5-w8dqj,0
2026-10-07T21:39:55.480Z,tractusx-connector,customer,edc-controlplane-587996b7b5-w8dqj,0
2026-10-07T21:40:55.480Z,tractusx-connector,customer,edc-controlplane-587996b7b5-w8dqj,0
2026-10-07T21:41:55.480Z,tractusx-connector,customer,edc-controlplane-587996b7b5-w8dqj,0
2026-10-07T21:42:55.480Z,tractusx-connector,customer,edc-controlplane-587996b7b5-w8dqj,0
2026-10-07T21:43:55.480Z,tractusx-connector,customer,edc-controlplane-587996b7b5-w8dqj,0
2026-10-07T21:44:55.480Z,tractusx-connector,customer,edc-controlplane-587996b7b5-w8dqj,0
2026-10-07T21:45:55.480Z,tractusx-connector,customer,edc-controlplane-587996b7b5-w8dqj,0
2026-10-07T21:46:55.480Z,tractusx-connector,customer,edc-controlplane-587996b7b5-w8dqj,0
2026-10-07T21:47:55.480Z,tractusx-connector,customer,edc-controlplane-587996b7b5-w8dqj,0
2026-10-07T21:48:55.480Z,tractusx-connector,customer,edc-controlplane-587996b7b5-w8dqj,0
2026-10-07T21:49:55.480Z,tractusx-connector,customer,edc-controlplane-587996b7b5-w8dqj,0
2026-10-07T21:50:55.480Z,tractusx-connector,customer,edc-controlplane-587996b7b5-w8dqj,0
2026-10-07T21:51:55.480Z,tractusx-connector,customer,edc-controlplane-587996b7b5-w8dqj,0
2026-10-07T21:52:55.480Z,tractusx-connector,customer,edc-controlplane-587996b7b5-w8dqj,0
2026-10-07T21:53:55.480Z,tractusx-connector,customer,edc-controlplane-587996b7b5-w8dqj,0
2026-10-07T21:54:55.480Z,tractusx-connector,customer,edc-controlplane-587996b7b5-w8dqj,0
2026-10-07T21:55:55.480Z,tractusx-connector,customer,edc-controlplane-587996b7b5-w8dqj,0
2026-10-07T21:56:55.480Z,tractusx-connector,customer,edc-controlplane-587996b7b5-w8dqj,0
2026-10-07T21:57:55.480Z,tractusx-connector,customer,edc-controlplane-587996b7b5-w8dqj,0
2026-10-07T21:58:55.480Z,tractusx-connector,customer,edc-controlplane-587996b7b5-w8dqj,0
2026-10-07T21:59:55.480Z,tractusx-connector,customer,edc-controlplane-587996b7b5-w8dqj,0
2026-10-07T22:00:55.480Z,tractusx-connector,customer,edc-controlplane-587996b7b5-w8dqj,0
2026-10-07T22:01:55.480Z,tractusx-connector,customer,edc-controlplane-587996b7b5-w8dqj,0
2026-10-07T22:02:55.480Z,tractusx-connector,customer,edc-controlplane-587996b7b5-w8dqj,0
2026-10-07T22:03:55.480Z,tractusx-connector,customer,edc-controlplane-587996b7b5-w8dqj,0
2026-10-07T22:04:55.480Z,tractusx-connector,customer,edc-controlplane-587996b7b5-w8dqj,0
2026-10-07T22:05:55.480Z,tractusx-connector,customer,edc-controlplane-587996b7b5-w8dqj,0
2026-10-07T22:06:55.480Z,tractusx-connector,customer,edc-controlplane-587996b7b5-w8dqj,0
2026-10-07T22:07:55.480Z,tractusx-connector,customer,edc-controlplane-587996b7b5-w8dqj,0
2026-10-07T22:08:55.480Z,tractusx-connector,customer,edc-controlplane-587996b7b5-w8dqj,0
2026-10-07T22:09:55.480Z,tractusx-connector,customer,edc-controlplane-587996b7b5-w8dqj,0
2026-10-07T22:10:55.480Z,tractusx-connector,customer,edc-controlplane-587996b7b5-w8dqj,0
2026-10-07T22:11:55.480Z,tractusx-connector,customer,edc-controlplane-587996b7b5-w8dqj,0
2026-10-07T22:12:55.480Z,tractusx-connector,customer,edc-controlplane-587996b7b5-w8dqj,0
2026-10-07T22:13:55.480Z,tractusx-connector,customer,edc-controlplane-587996b7b5-w8dqj,0
2026-10-07T22:14:55.480Z,tractusx-connector,customer,edc-controlplane-587996b7b5-w8dqj,0
2026-10-07T22:15:55.480Z,tractusx-connector,customer,edc-controlplane-587996b7b5-w8dqj,0
2026-10-07T22:16:55.480Z,tractusx-connector,customer,edc-controlplane-587996b7b5-w8dqj,0
2026-10-07T22:17:55.480Z,tractusx-connector,customer,edc-controlplane-587996b7b5-w8dqj,0
2026-10-07T22:18:55.480Z,tractusx-connector,customer,edc-controlplane-587996b7b5-w8dqj,0
2026-10-07T22:19:55.480Z,tractusx-connector,customer,edc-controlplane-587996b7b5-w8dqj,0
2026-10-07T22:20:55.480Z,tractusx-connector,customer,edc-controlplane-587996b7b5-w8dqj,0
2026-10-07T22:21:55.480Z,tractusx-connector,customer,edc-controlplane-587996b7b5-w8dqj,0
2026-10-07T22:22:55.480Z,tractusx-connector,customer,edc-controlplane-587996b7b5-w8dqj,0
2026-10-07T22:23:55.480Z,tractusx-connector,customer,edc-controlplane-587996b7b5-w8dqj,0
2026-10-07T20:31:55.480Z,tractusx-connector,customer,edc-dataplane-7bd7b6bd97-qt5cn,0
2026-10-07T20:32:55.480Z,tractusx-connector,customer,edc-dataplane-7bd7b6bd97-qt5cn,0
2026-10-07T20:33:55.480Z,tractusx-connector,customer,edc-dataplane-7bd7b6bd97-qt5cn,0
2026-10-07T20:34:55.480Z,tractusx-connector,customer,edc-dataplane-7bd7b6bd97-qt5cn,0
2026-10-07T20:35:55.480Z,tractusx-connector,customer,edc-dataplane-7bd7b6bd97-qt5cn,0
2026-10-07T20:36:55.480Z,tractusx-connector,customer,edc-dataplane-7bd7b6bd97-qt5cn,0
2026-10-07T20:37:55.480Z,tractusx-connector,customer,edc-dataplane-7bd7b6bd97-qt5cn,0
2026-10-07T20:38:55.480Z,tractusx-connector,customer,edc-dataplane-7bd7b6bd97-qt5cn,0
2026-10-07T20:39:55.480Z,tractusx-connector,customer,edc-dataplane-7bd7b6bd97-qt5cn,0
2026-10-07T20:40:55.480Z,tractusx-connector,customer,edc-dataplane-7bd7b6bd97-qt5cn,0
2026-10-07T20:41:55.480Z,tractusx-connector,customer,edc-dataplane-7bd7b6bd97-qt5cn,0
2026-10-07T20:42:55.480Z,tractusx-connector,customer,edc-dataplane-7bd7b6bd97-qt5cn,0
2026-10-07T20:43:55.480Z,tractusx-connector,customer,edc-dataplane-7bd7b6bd97-qt5cn,0
2026-10-07T20:44:55.480Z,tractusx-connector,customer,edc-dataplane-7bd7b6bd97-qt5cn,0
2026-10-07T20:45:55.480Z,tractusx-connector,customer,edc-dataplane-7bd7b6bd97-qt5cn,0
2026-10-07T20:46:55.480Z,tractusx-connector,customer,edc-dataplane-7bd7b6bd97-qt5cn,0
2026-10-07T20:47:55.480Z,tractusx-connector,customer,edc-dataplane-7bd7b6bd97-qt5cn,0
2026-10-07T20:48:55.480Z,tractusx-connector,customer,edc-dataplane-7bd7b6bd97-qt5cn,0
2026-10-07T20:49:55.480Z,tractusx-connector,customer,edc-dataplane-7bd7b6bd97-qt5cn,0
2026-10-07T20:50:55.480Z,tractusx-connector,customer,edc-dataplane-7bd7b6bd97-qt5cn,0
2026-10-07T20:51:55.480Z,tractusx-connector,customer,edc-dataplane-7bd7b6bd97-qt5cn,0
2026-10-07T20:52:55.480Z,tractusx-connector,customer,edc-dataplane-7bd7b6bd97-qt5cn,0
2026-10-07T20:53:55.480Z,tractusx-connector,customer,edc-dataplane-7bd7b6bd97-qt5cn,0
2026-10-07T20:54:55.480Z,tractusx-connector,customer,edc-dataplane-7bd7b6bd97-qt5cn,0
2026-10-07T20:55:55.480Z,tractusx-connector,customer,edc-dataplane-7bd7b6bd97-qt5cn,0
2026-10-07T20:56:55.480Z,tractusx-connector,customer,edc-dataplane-7bd7b6bd97-qt5cn,0
2026-10-07T20:57:55.480Z,tractusx-connector,customer,edc-dataplane-7bd7b6bd97-qt5cn,0
2026-10-07T20:58:55.480Z,tractusx-connector,customer,edc-dataplane-7bd7b6bd97-qt5cn,0
2026-10-07T20:59:55.480Z,tractusx-connector,customer,edc-dataplane-7bd7b6bd97-qt5cn,0
2026-10-07T21:00:55.480Z,tractusx-connector,customer,edc-dataplane-7bd7b6bd97-qt5cn,0
2026-10-07T21:01:55.480Z,tractusx-connector,customer,edc-dataplane-7bd7b6bd97-qt5cn,0
2026-10-07T21:02:55.480Z,tractusx-connector,customer,edc-dataplane-7bd7b6bd97-qt5cn,0
2026-10-07T21:03:55.480Z,tractusx-connector,customer,edc-dataplane-7bd7b6bd97-qt5cn,0
2026-10-07T21:04:55.480Z,tractusx-connector,customer,edc-dataplane-7bd7b6bd97-qt5cn,0
2026-10-07T21:05:55.480Z,tractusx-connector,customer,edc-dataplane-7bd7b6bd97-qt5cn,0
2026-10-07T21:06:55.480Z,tractusx-connector,customer,edc-dataplane-7bd7b6bd97-qt5cn,0
2026-10-07T21:07:55.480Z,tractusx-connector,customer,edc-dataplane-7bd7b6bd97-qt5cn,0
2026-10-07T21:08:55.480Z,tractusx-connector,customer,edc-dataplane-7bd7b6bd97-qt5cn,0
2026-10-07T21:09:55.480Z,tractusx-connector,customer,edc-dataplane-7bd7b6bd97-qt5cn,0
2026-10-07T21:10:55.480Z,tractusx-connector,customer,edc-dataplane-7bd7b6bd97-qt5cn,0
2026-10-07T21:11:55.480Z,tractusx-connector,customer,edc-dataplane-7bd7b6bd97-qt5cn,0
2026-10-07T21:12:55.480Z,tractusx-connector,customer,edc-dataplane-7bd7b6bd97-qt5cn,0
2026-10-07T21:13:55.480Z,tractusx-connector,customer,edc-dataplane-7bd7b6bd97-qt5cn,0
2026-10-07T21:14:55.480Z,tractusx-connector,customer,edc-dataplane-7bd7b6bd97-qt5cn,0
2026-10-07T21:15:55.480Z,tractusx-connector,customer,edc-dataplane-7bd7b6bd97-qt5cn,0
2026-10-07T21:16:55.480Z,tractusx-connector,customer,edc-dataplane-7bd7b6bd97-qt5cn,0
2026-10-07T21:17:55.480Z,tractusx-connector,customer,edc-dataplane-7bd7b6bd97-qt5cn,0
2026-10-07T21:18:55.480Z,tractusx-connector,customer,edc-dataplane-7bd7b6bd97-qt5cn,0
2026-10-07T21:19:55.480Z,tractusx-connector,customer,edc-dataplane-7bd7b6bd97-qt5cn,0
2026-10-07T21:20:55.480Z,tractusx-connector,customer,edc-dataplane-7bd7b6bd97-qt5cn,0
2026-10-07T21:21:55.480Z,tractusx-connector,customer,edc-dataplane-7bd7b6bd97-qt5cn,0
2026-10-07T21:22:55.480Z,tractusx-connector,customer,edc-dataplane-7bd7b6bd97-qt5cn,0
2026-10-07T21:23:55.480Z,tractusx-connector,customer,edc-dataplane-7bd7b6bd97-qt5cn,0
2026-10-07T21:24:55.480Z,tractusx-connector,customer,edc-dataplane-7bd7b6bd97-qt5cn,0
2026-10-07T21:25:55.480Z,tractusx-connector,customer,edc-dataplane-7bd7b6bd97-qt5cn,0
2026-10-07T21:26:55.480Z,tractusx-connector,customer,edc-dataplane-7bd7b6bd97-qt5cn,0
2026-10-07T21:27:55.480Z,tractusx-connector,customer,edc-dataplane-7bd7b6bd97-qt5cn,0
2026-10-07T21:28:55.480Z,tractusx-connector,customer,edc-dataplane-7bd7b6bd97-qt5cn,0
2026-10-07T21:29:55.480Z,tractusx-connector,customer,edc-dataplane-7bd7b6bd97-qt5cn,0
2026-10-07T21:30:55.480Z,tractusx-connector,customer,edc-dataplane-7bd7b6bd97-qt5cn,0
2026-10-07T21:31:55.480Z,tractusx-connector,customer,edc-dataplane-7bd7b6bd97-qt5cn,0
2026-10-07T21:32:55.480Z,tractusx-connector,customer,edc-dataplane-7bd7b6bd97-qt5cn,0
2026-10-07T21:33:55.480Z,tractusx-connector,customer,edc-dataplane-7bd7b6bd97-qt5cn,0
2026-10-07T21:34:55.480Z,tractusx-connector,customer,edc-dataplane-7bd7b6bd97-qt5cn,0
2026-10-07T21:35:55.480Z,tractusx-connector,customer,edc-dataplane-7bd7b6bd97-qt5cn,0
2026-10-07T21:36:55.480Z,tractusx-connector,customer,edc-dataplane-7bd7b6bd97-qt5cn,0
2026-10-07T21:37:55.480Z,tractusx-connector,customer,edc-dataplane-7bd7b6bd97-qt5cn,0
2026-10-07T21:38:55.480Z,tractusx-connector,customer,edc-dataplane-7bd7b6bd97-qt5cn,0
2026-10-07T21:39:55.480Z,tractusx-connector,customer,edc-dataplane-7bd7b6bd97-qt5cn,0
2026-10-07T21:40:55.480Z,tractusx-connector,customer,edc-dataplane-7bd7b6bd97-qt5cn,0
2026-10-07T21:41:55.480Z,tractusx-connector,customer,edc-dataplane-7bd7b6bd97-qt5cn,0
2026-10-07T21:42:55.480Z,tractusx-connector,customer,edc-dataplane-7bd7b6bd97-qt5cn,0
2026-10-07T21:43:55.480Z,tractusx-connector,customer,edc-dataplane-7bd7b6bd97-qt5cn,0
2026-10-07T21:44:55.480Z,tractusx-connector,customer,edc-dataplane-7bd7b6bd97-qt5cn,0
2026-10-07T21:45:55.480Z,tractusx-connector,customer,edc-dataplane-7bd7b6bd97-qt5cn,0
2026-10-07T21:46:55.480Z,tractusx-connector,customer,edc-dataplane-7bd7b6bd97-qt5cn,0
2026-10-07T21:47:55.480Z,tractusx-connector,customer,edc-dataplane-7bd7b6bd97-qt5cn,0
2026-10-07T21:48:55.480Z,tractusx-connector,customer,edc-dataplane-7bd7b6bd97-qt5cn,0
2026-10-07T21:49:55.480Z,tractusx-connector,customer,edc-dataplane-7bd7b6bd97-qt5cn,0
2026-10-07T21:50:55.480Z,tractusx-connector,customer,edc-dataplane-7bd7b6bd97-qt5cn,0
2026-10-07T21:51:55.480Z,tractusx-connector,customer,edc-dataplane-7bd7b6bd97-qt5cn,0
2026-10-07T21:52:55.480Z,tractusx-connector,customer,edc-dataplane-7bd7b6bd97-qt5cn,0
2026-10-07T21:53:55.480Z,tractusx-connector,customer,edc-dataplane-7bd7b6bd97-qt5cn,0
2026-10-07T21:54:55.480Z,tractusx-connector,customer,edc-dataplane-7bd7b6bd97-qt5cn,0
2026-10-07T21:55:55.480Z,tractusx-connector,customer,edc-dataplane-7bd7b6bd97-qt5cn,0
2026-10-07T21:56:55.480Z,tractusx-connector,customer,edc-dataplane-7bd7b6bd97-qt5cn,0
2026-10-07T21:57:55.480Z,tractusx-connector,customer,edc-dataplane-7bd7b6bd97-qt5cn,0
2026-10-07T21:58:55.480Z,tractusx-connector,customer,edc-dataplane-7bd7b6bd97-qt5cn,0
2026-10-07T21:59:55.480Z,tractusx-connector,customer,edc-dataplane-7bd7b6bd97-qt5cn,0
2026-10-07T22:00:55.480Z,tractusx-connector,customer,edc-dataplane-7bd7b6bd97-qt5cn,0
2026-10-07T22:01:55.480Z,tractusx-connector,customer,edc-dataplane-7bd7b6bd97-qt5cn,0
2026-10-07T22:02:55.480Z,tractusx-connector,customer,edc-dataplane-7bd7b6bd97-qt5cn,0
2026-10-07T22:03:55.480Z,tractusx-connector,customer,edc-dataplane-7bd7b6bd97-qt5cn,0
2026-10-07T22:04:55.480Z,tractusx-connector,customer,edc-dataplane-7bd7b6bd97-qt5cn,0
2026-10-07T22:05:55.480Z,tractusx-connector,customer,edc-dataplane-7bd7b6bd97-qt5cn,0
2026-10-07T22:06:55.480Z,tractusx-connector,customer,edc-dataplane-7bd7b6bd97-qt5cn,0
2026-10-07T22:07:55.480Z,tractusx-connector,customer,edc-dataplane-7bd7b6bd97-qt5cn,0
2026-10-07T22:08:55.480Z,tractusx-connector,customer,edc-dataplane-7bd7b6bd97-qt5cn,0
2026-10-07T22:09:55.480Z,tractusx-connector,customer,edc-dataplane-7bd7b6bd97-qt5cn,0
2026-10-07T22:10:55.480Z,tractusx-connector,customer,edc-dataplane-7bd7b6bd97-qt5cn,0
2026-10-07T22:11:55.480Z,tractusx-connector,customer,edc-dataplane-7bd7b6bd97-qt5cn,0
2026-10-07T22:12:55.480Z,tractusx-connector,customer,edc-dataplane-7bd7b6bd97-qt5cn,0
2026-10-07T22:13:55.480Z,tractusx-connector,customer,edc-dataplane-7bd7b6bd97-qt5cn,0
2026-10-07T22:14:55.480Z,tractusx-connector,customer,edc-dataplane-7bd7b6bd97-qt5cn,0
2026-10-07T22:15:55.480Z,tractusx-connector,customer,edc-dataplane-7bd7b6bd97-qt5cn,0
2026-10-07T22:16:55.480Z,tractusx-connector,customer,edc-dataplane-7bd7b6bd97-qt5cn,0
2026-10-07T22:17:55.480Z,tractusx-connector,customer,edc-dataplane-7bd7b6bd97-qt5cn,0
2026-10-07T22:18:55.480Z,tractusx-connector,customer,edc-dataplane-7bd7b6bd97-qt5cn,0
2026-10-07T22:19:55.480Z,tractusx-connector,customer,edc-dataplane-7bd7b6bd97-qt5cn,0
2026-10-07T22:20:55.480Z,tractusx-connector,customer,edc-dataplane-7bd7b6bd97-qt5cn,0
2026-10-07T22:21:55.480Z,tractusx-connector,customer,edc-dataplane-7bd7b6bd97-qt5cn,0
2026-10-07T22:22:55.480Z,tractusx-connector,customer,edc-dataplane-7bd7b6bd97-qt5cn,0
2026-10-07T22:23:55.480Z,tractusx-connector,customer,edc-dataplane-7bd7b6bd97-qt5cn,0
2026-10-07T20:31:55.480Z,tractusx-connector,supplier,edc-controlplane-dcc6896cd-g9qg7,0
2026-10-07T20:32:55.480Z,tractusx-connector,supplier,edc-controlplane-dcc6896cd-g9qg7,0
2026-10-07T20:33:55.480Z,tractusx-connector,supplier,edc-controlplane-dcc6896cd-g9qg7,0
2026-10-07T20:34:55.480Z,tractusx-connector,supplier,edc-controlplane-dcc6896cd-g9qg7,0
2026-10-07T20:35:55.480Z,tractusx-connector,supplier,edc-controlplane-dcc6896cd-g9qg7,0
2026-10-07T20:36:55.480Z,tractusx-connector,supplier,edc-controlplane-dcc6896cd-g9qg7,0
2026-10-07T20:37:55.480Z,tractusx-connector,supplier,edc-controlplane-dcc6896cd-g9qg7,0
2026-10-07T20:38:55.480Z,tractusx-connector,supplier,edc-controlplane-dcc6896cd-g9qg7,0
2026-10-07T20:39:55.480Z,tractusx-connector,supplier,edc-controlplane-dcc6896cd-g9qg7,0
2026-10-07T20:40:55.480Z,tractusx-connector,supplier,edc-controlplane-dcc6896cd-g9qg7,0
2026-10-07T20:41:55.480Z,tractusx-connector,supplier,edc-controlplane-dcc6896cd-g9qg7,0
2026-10-07T20:42:55.480Z,tractusx-connector,supplier,edc-controlplane-dcc6896cd-g9qg7,0
2026-10-07T20:43:55.480Z,tractusx-connector,supplier,edc-controlplane-dcc6896cd-g9qg7,0
2026-10-07T20:44:55.480Z,tractusx-connector,supplier,edc-controlplane-dcc6896cd-g9qg7,0
2026-10-07T20:45:55.480Z,tractusx-connector,supplier,edc-controlplane-dcc6896cd-g9qg7,0
2026-10-07T20:46:55.480Z,tractusx-connector,supplier,edc-controlplane-dcc6896cd-g9qg7,0
2026-10-07T20:47:55.480Z,tractusx-connector,supplier,edc-controlplane-dcc6896cd-g9qg7,0
2026-10-07T20:48:55.480Z,tractusx-connector,supplier,edc-controlplane-dcc6896cd-g9qg7,0
2026-10-07T20:49:55.480Z,tractusx-connector,supplier,edc-controlplane-dcc6896cd-g9qg7,0
2026-10-07T20:50:55.480Z,tractusx-connector,supplier,edc-controlplane-dcc6896cd-g9qg7,0
2026-10-07T20:51:55.480Z,tractusx-connector,supplier,edc-controlplane-dcc6896cd-g9qg7,0
2026-10-07T20:52:55.480Z,tractusx-connector,supplier,edc-controlplane-dcc6896cd-g9qg7,0
2026-10-07T20:53:55.480Z,tractusx-connector,supplier,edc-controlplane-dcc6896cd-g9qg7,0
2026-10-07T20:54:55.480Z,tractusx-connector,supplier,edc-controlplane-dcc6896cd-g9qg7,0
2026-10-07T20:55:55.480Z,tractusx-connector,supplier,edc-controlplane-dcc6896cd-g9qg7,0
2026-10-07T20:56:55.480Z,tractusx-connector,supplier,edc-controlplane-dcc6896cd-g9qg7,0
2026-10-07T20:57:55.480Z,tractusx-connector,supplier,edc-controlplane-dcc6896cd-g9qg7,0
2026-10-07T20:58:55.480Z,tractusx-connector,supplier,edc-controlplane-dcc6896cd-g9qg7,0
2026-10-07T20:59:55.480Z,tractusx-connector,supplier,edc-controlplane-dcc6896cd-g9qg7,0
2026-10-07T21:00:55.480Z,tractusx-connector,supplier,edc-controlplane-dcc6896cd-g9qg7,0
2026-10-07T21:01:55.480Z,tractusx-connector,supplier,edc-controlplane-dcc6896cd-g9qg7,0
2026-10-07T21:02:55.480Z,tractusx-connector,supplier,edc-controlplane-dcc6896cd-g9qg7,0
2026-10-07T21:03:55.480Z,tractusx-connector,supplier,edc-controlplane-dcc6896cd-g9qg7,0
2026-10-07T21:04:55.480Z,tractusx-connector,supplier,edc-controlplane-dcc6896cd-g9qg7,0
2026-10-07T21:05:55.480Z,tractusx-connector,supplier,edc-controlplane-dcc6896cd-g9qg7,0
2026-10-07T21:06:55.480Z,tractusx-connector,supplier,edc-controlplane-dcc6896cd-g9qg7,0
2026-10-07T21:07:55.480Z,tractusx-connector,supplier,edc-controlplane-dcc6896cd-g9qg7,0
2026-10-07T21:08:55.480Z,tractusx-connector,supplier,edc-controlplane-dcc6896cd-g9qg7,0
2026-10-07T21:09:55.480Z,tractusx-connector,supplier,edc-controlplane-dcc6896cd-g9qg7,0
2026-10-07T21:10:55.480Z,tractusx-connector,supplier,edc-controlplane-dcc6896cd-g9qg7,0
2026-10-07T21:11:55.480Z,tractusx-connector,supplier,edc-controlplane-dcc6896cd-g9qg7,0
2026-10-07T21:12:55.480Z,tractusx-connector,supplier,edc-controlplane-dcc6896cd-g9qg7,0
2026-10-07T21:13:55.480Z,tractusx-connector,supplier,edc-controlplane-dcc6896cd-g9qg7,0
2026-10-07T21:14:55.480Z,tractusx-connector,supplier,edc-controlplane-dcc6896cd-g9qg7,0
2026-10-07T21:15:55.480Z,tractusx-connector,supplier,edc-controlplane-dcc6896cd-g9qg7,0
2026-10-07T21:16:55.480Z,tractusx-connector,supplier,edc-controlplane-dcc6896cd-g9qg7,0
2026-10-07T21:17:55.480Z,tractusx-connector,supplier,edc-controlplane-dcc6896cd-g9qg7,0
2026-10-07T21:18:55.480Z,tractusx-connector,supplier,edc-controlplane-dcc6896cd-g9qg7,0
2026-10-07T21:19:55.480Z,tractusx-connector,supplier,edc-controlplane-dcc6896cd-g9qg7,0
2026-10-07T21:20:55.480Z,tractusx-connector,supplier,edc-controlplane-dcc6896cd-g9qg7,0
2026-10-07T21:21:55.480Z,tractusx-connector,supplier,edc-controlplane-dcc6896cd-g9qg7,0
2026-10-07T21:22:55.480Z,tractusx-connector,supplier,edc-controlplane-dcc6896cd-g9qg7,0
2026-10-07T21:23:55.480Z,tractusx-connector,supplier,edc-controlplane-dcc6896cd-g9qg7,0
2026-10-07T21:24:55.480Z,tractusx-connector,supplier,edc-controlplane-dcc6896cd-g9qg7,0
2026-10-07T21:25:55.480Z,tractusx-connector,supplier,edc-controlplane-dcc6896cd-g9qg7,0
2026-10-07T21:26:55.480Z,tractusx-connector,supplier,edc-controlplane-dcc6896cd-g9qg7,0
2026-10-07T21:27:55.480Z,tractusx-connector,supplier,edc-controlplane-dcc6896cd-g9qg7,0
2026-10-07T21:28:55.480Z,tractusx-connector,supplier,edc-controlplane-dcc6896cd-g9qg7,0
2026-10-07T21:29:55.480Z,tractusx-connector,supplier,edc-controlplane-dcc6896cd-g9qg7,0
2026-10-07T21:30:55.480Z,tractusx-connector,supplier,edc-controlplane-dcc6896cd-g9qg7,0
2026-10-07T21:31:55.480Z,tractusx-connector,supplier,edc-controlplane-dcc6896cd-g9qg7,0
2026-10-07T21:32:55.480Z,tractusx-connector,supplier,edc-controlplane-dcc6896cd-g9qg7,0
2026-10-07T21:33:55.480Z,tractusx-connector,supplier,edc-controlplane-dcc6896cd-g9qg7,0
2026-10-07T21:34:55.480Z,tractusx-connector,supplier,edc-controlplane-dcc6896cd-g9qg7,0
2026-10-07T21:35:55.480Z,tractusx-connector,supplier,edc-controlplane-dcc6896cd-g9qg7,0
2026-10-07T21:36:55.480Z,tractusx-connector,supplier,edc-controlplane-dcc6896cd-g9qg7,0
2026-10-07T21:37:55.480Z,tractusx-connector,supplier,edc-controlplane-dcc6896cd-g9qg7,0
2026-10-07T21:38:55.480Z,tractusx-connector,supplier,edc-controlplane-dcc6896cd-g9qg7,0
2026-10-07T21:39:55.480Z,tractusx-connector,supplier,edc-controlplane-dcc6896cd-g9qg7,0
2026-10-07T21:40:55.480Z,tractusx-connector,supplier,edc-controlplane-dcc6896cd-g9qg7,0
2026-10-07T21:41:55.480Z,tractusx-connector,supplier,edc-controlplane-dcc6896cd-g9qg7,0
2026-10-07T21:42:55.480Z,tractusx-connector,supplier,edc-controlplane-dcc6896cd-g9qg7,0
2026-10-07T21:43:55.480Z,tractusx-connector,supplier,edc-controlplane-dcc6896cd-g9qg7,0
2026-10-07T21:44:55.480Z,tractusx-connector,supplier,edc-controlplane-dcc6896cd-g9qg7,0
2026-10-07T21:45:55.480Z,tractusx-connector,supplier,edc-controlplane-dcc6896cd-g9qg7,0
2026-10-07T21:46:55.480Z,tractusx-connector,supplier,edc-controlplane-dcc6896cd-g9qg7,0
2026-10-07T21:47:55.480Z,tractusx-connector,supplier,edc-controlplane-dcc6896cd-g9qg7,0
2026-10-07T21:48:55.480Z,tractusx-connector,supplier,edc-controlplane-dcc6896cd-g9qg7,0
2026-10-07T21:49:55.480Z,tractusx-connector,supplier,edc-controlplane-dcc6896cd-g9qg7,0
2026-10-07T21:50:55.480Z,tractusx-connector,supplier,edc-controlplane-dcc6896cd-g9qg7,0
2026-10-07T21:51:55.480Z,tractusx-connector,supplier,edc-controlplane-dcc6896cd-g9qg7,0
2026-10-07T21:52:55.480Z,tractusx-connector,supplier,edc-controlplane-dcc6896cd-g9qg7,0
2026-10-07T21:53:55.480Z,tractusx-connector,supplier,edc-controlplane-dcc6896cd-g9qg7,0
2026-10-07T21:54:55.480Z,tractusx-connector,supplier,edc-controlplane-dcc6896cd-g9qg7,0
2026-10-07T21:55:55.480Z,tractusx-connector,supplier,edc-controlplane-dcc6896cd-g9qg7,0
2026-10-07T21:56:55.480Z,tractusx-connector,supplier,edc-controlplane-dcc6896cd-g9qg7,0
2026-10-07T21:57:55.480Z,tractusx-connector,supplier,edc-controlplane-dcc6896cd-g9qg7,0
2026-10-07T21:58:55.480Z,tractusx-connector,supplier,edc-controlplane-dcc6896cd-g9qg7,0
2026-10-07T21:59:55.480Z,tractusx-connector,supplier,edc-controlplane-dcc6896cd-g9qg7,0
2026-10-07T22:00:55.480Z,tractusx-connector,supplier,edc-controlplane-dcc6896cd-g9qg7,0
2026-10-07T22:01:55.480Z,tractusx-connector,supplier,edc-controlplane-dcc6896cd-g9qg7,0
2026-10-07T22:02:55.480Z,tractusx-connector,supplier,edc-controlplane-dcc6896cd-g9qg7,0
2026-10-07T22:03:55.480Z,tractusx-connector,supplier,edc-controlplane-dcc6896cd-g9qg7,0
2026-10-07T22:04:55.480Z,tractusx-connector,supplier,edc-controlplane-dcc6896cd-g9qg7,0
2026-10-07T22:05:55.480Z,tractusx-connector,supplier,edc-controlplane-dcc6896cd-g9qg7,0
2026-10-07T22:06:55.480Z,tractusx-connector,supplier,edc-controlplane-dcc6896cd-g9qg7,0
2026-10-07T22:07:55.480Z,tractusx-connector,supplier,edc-controlplane-dcc6896cd-g9qg7,0
2026-10-07T22:08:55.480Z,tractusx-connector,supplier,edc-controlplane-dcc6896cd-g9qg7,0
2026-10-07T22:09:55.480Z,tractusx-connector,supplier,edc-controlplane-dcc6896cd-g9qg7,0
2026-10-07T22:10:55.480Z,tractusx-connector,supplier,edc-controlplane-dcc6896cd-g9qg7,0
2026-10-07T22:11:55.480Z,tractusx-connector,supplier,edc-controlplane-dcc6896cd-g9qg7,0
2026-10-07T22:12:55.480Z,tractusx-connector,supplier,edc-controlplane-dcc6896cd-g9qg7,0
2026-10-07T22:13:55.480Z,tractusx-connector,supplier,edc-controlplane-dcc6896cd-g9qg7,0
2026-10-07T22:14:55.480Z,tractusx-connector,supplier,edc-controlplane-dcc6896cd-g9qg7,0
2026-10-07T22:15:55.480Z,tractusx-connector,supplier,edc-controlplane-dcc6896cd-g9qg7,0
2026-10-07T22:16:55.480Z,tractusx-connector,supplier,edc-controlplane-dcc6896cd-g9qg7,0
2026-10-07T22:17:55.480Z,tractusx-connector,supplier,edc-controlplane-dcc6896cd-g9qg7,0
2026-10-07T22:18:55.480Z,tractusx-connector,supplier,edc-controlplane-dcc6896cd-g9qg7,0
2026-10-07T22:19:55.480Z,tractusx-connector,supplier,edc-controlplane-dcc6896cd-g9qg7,0
2026-10-07T22:20:55.480Z,tractusx-connector,supplier,edc-controlplane-dcc6896cd-g9qg7,0
2026-10-07T22:21:55.480Z,tractusx-connector,supplier,edc-controlplane-dcc6896cd-g9qg7,0
2026-10-07T22:22:55.480Z,tractusx-connector,supplier,edc-controlplane-dcc6896cd-g9qg7,0
2026-10-07T22:23:55.480Z,tractusx-connector,supplier,edc-controlplane-dcc6896cd-g9qg7,0
2026-10-07T20:31:55.480Z,tractusx-connector,supplier,edc-dataplane-85b5556596-9hkzz,0
2026-10-07T20:32:55.480Z,tractusx-connector,supplier,edc-dataplane-85b5556596-9hkzz,0
2026-10-07T20:33:55.480Z,tractusx-connector,supplier,edc-dataplane-85b5556596-9hkzz,0
2026-10-07T20:34:55.480Z,tractusx-connector,supplier,edc-dataplane-85b5556596-9hkzz,0
2026-10-07T20:35:55.480Z,tractusx-connector,supplier,edc-dataplane-85b5556596-9hkzz,0
2026-10-07T20:36:55.480Z,tractusx-connector,supplier,edc-dataplane-85b5556596-9hkzz,0
2026-10-07T20:37:55.480Z,tractusx-connector,supplier,edc-dataplane-85b5556596-9hkzz,0
2026-10-07T20:38:55.480Z,tractusx-connector,supplier,edc-dataplane-85b5556596-9hkzz,0
2026-10-07T20:39:55.480Z,tractusx-connector,supplier,edc-dataplane-85b5556596-9hkzz,0
2026-10-07T20:40:55.480Z,tractusx-connector,supplier,edc-dataplane-85b5556596-9hkzz,0
2026-10-07T20:41:55.480Z,tractusx-connector,supplier,edc-dataplane-85b5556596-9hkzz,0
2026-10-07T20:42:55.480Z,tractusx-connector,supplier,edc-dataplane-85b5556596-9hkzz,0
2026-10-07T20:43:55.480Z,tractusx-connector,supplier,edc-dataplane-85b5556596-9hkzz,0
2026-10-07T20:44:55.480Z,tractusx-connector,supplier,edc-dataplane-85b5556596-9hkzz,0
2026-10-07T20:45:55.480Z,tractusx-connector,supplier,edc-dataplane-85b5556596-9hkzz,0
2026-10-07T20:46:55.480Z,tractusx-connector,supplier,edc-dataplane-85b5556596-9hkzz,0
2026-10-07T20:47:55.480Z,tractusx-connector,supplier,edc-dataplane-85b5556596-9hkzz,0
2026-10-07T20:48:55.480Z,tractusx-connector,supplier,edc-dataplane-85b5556596-9hkzz,0
2026-10-07T20:49:55.480Z,tractusx-connector,supplier,edc-dataplane-85b5556596-9hkzz,0
2026-10-07T20:50:55.480Z,tractusx-connector,supplier,edc-dataplane-85b5556596-9hkzz,0
2026-10-07T20:51:55.480Z,tractusx-connector,supplier,edc-dataplane-85b5556596-9hkzz,0
2026-10-07T20:52:55.480Z,tractusx-connector,supplier,edc-dataplane-85b5556596-9hkzz,0
2026-10-07T20:53:55.480Z,tractusx-connector,supplier,edc-dataplane-85b5556596-9hkzz,0
2026-10-07T20:54:55.480Z,tractusx-connector,supplier,edc-dataplane-85b5556596-9hkzz,0
2026-10-07T20:55:55.480Z,tractusx-connector,supplier,edc-dataplane-85b5556596-9hkzz,0
2026-10-07T20:56:55.480Z,tractusx-connector,supplier,edc-dataplane-85b5556596-9hkzz,0
2026-10-07T20:57:55.480Z,tractusx-connector,supplier,edc-dataplane-85b5556596-9hkzz,0
2026-10-07T20:58:55.480Z,tractusx-connector,supplier,edc-dataplane-85b5556596-9hkzz,0
2026-10-07T20:59:55.480Z,tractusx-connector,supplier,edc-dataplane-85b5556596-9hkzz,0
2026-10-07T21:00:55.480Z,tractusx-connector,supplier,edc-dataplane-85b5556596-9hkzz,0
2026-10-07T21:01:55.480Z,tractusx-connector,supplier,edc-dataplane-85b5556596-9hkzz,0
2026-10-07T21:02:55.480Z,tractusx-connector,supplier,edc-dataplane-85b5556596-9hkzz,0
2026-10-07T21:03:55.480Z,tractusx-connector,supplier,edc-dataplane-85b5556596-9hkzz,0
2026-10-07T21:04:55.480Z,tractusx-connector,supplier,edc-dataplane-85b5556596-9hkzz,0
2026-10-07T21:05:55.480Z,tractusx-connector,supplier,edc-dataplane-85b5556596-9hkzz,0
2026-10-07T21:06:55.480Z,tractusx-connector,supplier,edc-dataplane-85b5556596-9hkzz,0
2026-10-07T21:07:55.480Z,tractusx-connector,supplier,edc-dataplane-85b5556596-9hkzz,0
2026-10-07T21:08:55.480Z,tractusx-connector,supplier,edc-dataplane-85b5556596-9hkzz,0
2026-10-07T21:09:55.480Z,tractusx-connector,supplier,edc-dataplane-85b5556596-9hkzz,0
2026-10-07T21:10:55.480Z,tractusx-connector,supplier,edc-dataplane-85b5556596-9hkzz,0
2026-10-07T21:11:55.480Z,tractusx-connector,supplier,edc-dataplane-85b5556596-9hkzz,0
2026-10-07T21:12:55.480Z,tractusx-connector,supplier,edc-dataplane-85b5556596-9hkzz,0
2026-10-07T21:13:55.480Z,tractusx-connector,supplier,edc-dataplane-85b5556596-9hkzz,0
2026-10-07T21:14:55.480Z,tractusx-connector,supplier,edc-dataplane-85b5556596-9hkzz,0
2026-10-07T21:15:55.480Z,tractusx-connector,supplier,edc-dataplane-85b5556596-9hkzz,0
2026-10-07T21:16:55.480Z,tractusx-connector,supplier,edc-dataplane-85b5556596-9hkzz,0
2026-10-07T21:17:55.480Z,tractusx-connector,supplier,edc-dataplane-85b5556596-9hkzz,0
2026-10-07T21:18:55.480Z,tractusx-connector,supplier,edc-dataplane-85b5556596-9hkzz,0
2026-10-07T21:19:55.480Z,tractusx-connector,supplier,edc-dataplane-85b5556596-9hkzz,0
2026-10-07T21:20:55.480Z,tractusx-connector,supplier,edc-dataplane-85b5556596-9hkzz,0
2026-10-07T21:21:55.480Z,tractusx-connector,supplier,edc-dataplane-85b5556596-9hkzz,0
2026-10-07T21:22:55.480Z,tractusx-connector,supplier,edc-dataplane-85b5556596-9hkzz,0
2026-10-07T21:23:55.480Z,tractusx-connector,supplier,edc-dataplane-85b5556596-9hkzz,0
2026-10-07T21:24:55.480Z,tractusx-connector,supplier,edc-dataplane-85b5556596-9hkzz,0
2026-10-07T21:25:55.480Z,tractusx-connector,supplier,edc-dataplane-85b5556596-9hkzz,0
2026-10-07T21:26:55.480Z,tractusx-connector,supplier,edc-dataplane-85b5556596-9hkzz,0
2026-10-07T21:27:55.480Z,tractusx-connector,supplier,edc-dataplane-85b5556596-9hkzz,0
2026-10-07T21:28:55.480Z,tractusx-connector,supplier,edc-dataplane-85b5556596-9hkzz,0
2026-10-07T21:29:55.480Z,tractusx-connector,supplier,edc-dataplane-85b5556596-9hkzz,0
2026-10-07T21:30:55.480Z,tractusx-connector,supplier,edc-dataplane-85b5556596-9hkzz,0
2026-10-07T21:31:55.480Z,tractusx-connector,supplier,edc-dataplane-85b5556596-9hkzz,0
2026-10-07T21:32:55.480Z,tractusx-connector,supplier,edc-dataplane-85b5556596-9hkzz,0
2026-10-07T21:33:55.480Z,tractusx-connector,supplier,edc-dataplane-85b5556596-9hkzz,0
2026-10-07T21:34:55.480Z,tractusx-connector,supplier,edc-dataplane-85b5556596-9hkzz,0
2026-10-07T21:35:55.480Z,tractusx-connector,supplier,edc-dataplane-85b5556596-9hkzz,0
2026-10-07T21:36:55.480Z,tractusx-connector,supplier,edc-dataplane-85b5556596-9hkzz,0
2026-10-07T21:37:55.480Z,tractusx-connector,supplier,edc-dataplane-85b5556596-9hkzz,0
2026-10-07T21:38:55.480Z,tractusx-connector,supplier,edc-dataplane-85b5556596-9hkzz,0
2026-10-07T21:39:55.480Z,tractusx-connector,supplier,edc-dataplane-85b5556596-9hkzz,0
2026-10-07T21:40:55.480Z,tractusx-connector,supplier,edc-dataplane-85b5556596-9hkzz,0
2026-10-07T21:41:55.480Z,tractusx-connector,supplier,edc-dataplane-85b5556596-9hkzz,0
2026-10-07T21:42:55.480Z,tractusx-connector,supplier,edc-dataplane-85b5556596-9hkzz,0
2026-10-07T21:43:55.480Z,tractusx-connector,supplier,edc-dataplane-85b5556596-9hkzz,0
2026-10-07T21:44:55.480Z,tractusx-connector,supplier,edc-dataplane-85b5556596-9hkzz,0
2026-10-07T21:45:55.480Z,tractusx-connector,supplier,edc-dataplane-85b5556596-9hkzz,0
2026-10-07T21:46:55.480Z,tractusx-connector,supplier,edc-dataplane-85b5556596-9hkzz,0
2026-10-07T21:47:55.480Z,tractusx-connector,supplier,edc-dataplane-85b5556596-9hkzz,0
2026-10-07T21:48:55.480Z,tractusx-connector,supplier,edc-dataplane-85b5556596-9hkzz,0
2026-10-07T21:49:55.480Z,tractusx-connector,supplier,edc-dataplane-85b5556596-9hkzz,0
2026-10-07T21:50:55.480Z,tractusx-connector,supplier,edc-dataplane-85b5556596-9hkzz,0
2026-10-07T21:51:55.480Z,tractusx-connector,supplier,edc-dataplane-85b5556596-9hkzz,0
2026-10-07T21:52:55.480Z,tractusx-connector,supplier,edc-dataplane-85b5556596-9hkzz,0
2026-10-07T21:53:55.480Z,tractusx-connector,supplier,edc-dataplane-85b5556596-9hkzz,0
2026-10-07T21:54:55.480Z,tractusx-connector,supplier,edc-dataplane-85b5556596-9hkzz,0
2026-10-07T21:55:55.480Z,tractusx-connector,supplier,edc-dataplane-85b5556596-9hkzz,0
2026-10-07T21:56:55.480Z,tractusx-connector,supplier,edc-dataplane-85b5556596-9hkzz,0
2026-10-07T21:57:55.480Z,tractusx-connector,supplier,edc-dataplane-85b5556596-9hkzz,0
2026-10-07T21:58:55.480Z,tractusx-connector,supplier,edc-dataplane-85b5556596-9hkzz,0
2026-10-07T21:59:55.480Z,tractusx-connector,supplier,edc-dataplane-85b5556596-9hkzz,0
2026-10-07T22:00:55.480Z,tractusx-connector,supplier,edc-dataplane-85b5556596-9hkzz,0
2026-10-07T22:01:55.480Z,tractusx-connector,supplier,edc-dataplane-85b5556596-9hkzz,0
2026-10-07T22:02:55.480Z,tractusx-connector,supplier,edc-dataplane-85b5556596-9hkzz,0
2026-10-07T22:03:55.480Z,tractusx-connector,supplier,edc-dataplane-85b5556596-9hkzz,0
2026-10-07T22:04:55.480Z,tractusx-connector,supplier,edc-dataplane-85b5556596-9hkzz,0
2026-10-07T22:05:55.480Z,tractusx-connector,supplier,edc-dataplane-85b5556596-9hkzz,0
2026-10-07T22:06:55.480Z,tractusx-connector,supplier,edc-dataplane-85b5556596-9hkzz,0
2026-10-07T22:07:55.480Z,tractusx-connector,supplier,edc-dataplane-85b5556596-9hkzz,0
2026-10-07T22:08:55.480Z,tractusx-connector,supplier,edc-dataplane-85b5556596-9hkzz,0
2026-10-07T22:09:55.480Z,tractusx-connector,supplier,edc-dataplane-85b5556596-9hkzz,0
2026-10-07T22:10:55.480Z,tractusx-connector,supplier,edc-dataplane-85b5556596-9hkzz,0
2026-10-07T22:11:55.480Z,tractusx-connector,supplier,edc-dataplane-85b5556596-9hkzz,0
2026-10-07T22:12:55.480Z,tractusx-connector,supplier,edc-dataplane-85b5556596-9hkzz,0
2026-10-07T22:13:55.480Z,tractusx-connector,supplier,edc-dataplane-85b5556596-9hkzz,0
2026-10-07T22:14:55.480Z,tractusx-connector,supplier,edc-dataplane-85b5556596-9hkzz,0
2026-10-07T22:15:55.480Z,tractusx-connector,supplier,edc-dataplane-85b5556596-9hkzz,0
2026-10-07T22:16:55.480Z,tractusx-connector,supplier,edc-dataplane-85b5556596-9hkzz,0
2026-10-07T22:17:55.480Z,tractusx-connector,supplier,edc-dataplane-85b5556596-9hkzz,0
2026-10-07T22:18:55.480Z,tractusx-connector,supplier,edc-dataplane-85b5556596-9hkzz,0
2026-10-07T22:19:55.480Z,tractusx-connector,supplier,edc-dataplane-85b5556596-9hkzz,0
2026-10-07T22:20:55.480Z,tractusx-connector,supplier,edc-dataplane-85b5556596-9hkzz,0
2026-10-07T22:21:55.480Z,tractusx-connector,supplier,edc-dataplane-85b5556596-9hkzz,0
2026-10-07T22:22:55.480Z,tractusx-connector,supplier,edc-dataplane-85b5556596-9hkzz,0
2026-10-07T22:23:55.480Z,tractusx-connector,supplier,edc-dataplane-85b5556596-9hkzz,0
2026-10-07T20:31:55.480Z,vault,customer,edc-vault-0,0
2026-10-07T20:32:55.480Z,vault,customer,edc-vault-0,0
2026-10-07T20:33:55.480Z,vault,customer,edc-vault-0,0
2026-10-07T20:34:55.480Z,vault,customer,edc-vault-0,0
2026-10-07T20:35:55.480Z,vault,customer,edc-vault-0,0
2026-10-07T20:36:55.480Z,vault,customer,edc-vault-0,0
2026-10-07T20:37:55.480Z,vault,customer,edc-vault-0,0
2026-10-07T20:38:55.480Z,vault,customer,edc-vault-0,0
2026-10-07T20:39:55.480Z,vault,customer,edc-vault-0,0
2026-10-07T20:40:55.480Z,vault,customer,edc-vault-0,0
2026-10-07T20:41:55.480Z,vault,customer,edc-vault-0,0
2026-10-07T20:42:55.480Z,vault,customer,edc-vault-0,0
2026-10-07T20:43:55.480Z,vault,customer,edc-vault-0,0
2026-10-07T20:44:55.480Z,vault,customer,edc-vault-0,0
2026-10-07T20:45:55.480Z,vault,customer,edc-vault-0,0
2026-10-07T20:46:55.480Z,vault,customer,edc-vault-0,0
2026-10-07T20:47:55.480Z,vault,customer,edc-vault-0,0
2026-10-07T20:48:55.480Z,vault,customer,edc-vault-0,0
2026-10-07T20:49:55.480Z,vault,customer,edc-vault-0,0
2026-10-07T20:50:55.480Z,vault,customer,edc-vault-0,0
2026-10-07T20:51:55.480Z,vault,customer,edc-vault-0,0
2026-10-07T20:52:55.480Z,vault,customer,edc-vault-0,0
2026-10-07T20:53:55.480Z,vault,customer,edc-vault-0,0
2026-10-07T20:54:55.480Z,vault,customer,edc-vault-0,0
2026-10-07T20:55:55.480Z,vault,customer,edc-vault-0,0
2026-10-07T20:56:55.480Z,vault,customer,edc-vault-0,0
2026-10-07T20:57:55.480Z,vault,customer,edc-vault-0,0
2026-10-07T20:58:55.480Z,vault,customer,edc-vault-0,0
2026-10-07T20:59:55.480Z,vault,customer,edc-vault-0,0
2026-10-07T21:00:55.480Z,vault,customer,edc-vault-0,0
2026-10-07T21:01:55.480Z,vault,customer,edc-vault-0,0
2026-10-07T21:02:55.480Z,vault,customer,edc-vault-0,0
2026-10-07T21:03:55.480Z,vault,customer,edc-vault-0,0
2026-10-07T21:04:55.480Z,vault,customer,edc-vault-0,0
2026-10-07T21:05:55.480Z,vault,customer,edc-vault-0,0
2026-10-07T21:06:55.480Z,vault,customer,edc-vault-0,0
2026-10-07T21:07:55.480Z,vault,customer,edc-vault-0,0
2026-10-07T21:08:55.480Z,vault,customer,edc-vault-0,0
2026-10-07T21:09:55.480Z,vault,customer,edc-vault-0,0
2026-10-07T21:10:55.480Z,vault,customer,edc-vault-0,0
2026-10-07T21:11:55.480Z,vault,customer,edc-vault-0,0
2026-10-07T21:12:55.480Z,vault,customer,edc-vault-0,0
2026-10-07T21:13:55.480Z,vault,customer,edc-vault-0,0
2026-10-07T21:14:55.480Z,vault,customer,edc-vault-0,0
2026-10-07T21:15:55.480Z,vault,customer,edc-vault-0,0
2026-10-07T21:16:55.480Z,vault,customer,edc-vault-0,0
2026-10-07T21:17:55.480Z,vault,customer,edc-vault-0,0
2026-10-07T21:18:55.480Z,vault,customer,edc-vault-0,0
2026-10-07T21:19:55.480Z,vault,customer,edc-vault-0,0
2026-10-07T21:20:55.480Z,vault,customer,edc-vault-0,0
2026-10-07T21:21:55.480Z,vault,customer,edc-vault-0,0
2026-10-07T21:22:55.480Z,vault,customer,edc-vault-0,0
2026-10-07T21:23:55.480Z,vault,customer,edc-vault-0,0
2026-10-07T21:24:55.480Z,vault,customer,edc-vault-0,0
2026-10-07T21:25:55.480Z,vault,customer,edc-vault-0,0
2026-10-07T21:26:55.480Z,vault,customer,edc-vault-0,0
2026-10-07T21:27:55.480Z,vault,customer,edc-vault-0,0
2026-10-07T21:28:55.480Z,vault,customer,edc-vault-0,0
2026-10-07T21:29:55.480Z,vault,customer,edc-vault-0,0
2026-10-07T21:30:55.480Z,vault,customer,edc-vault-0,0
2026-10-07T21:31:55.480Z,vault,customer,edc-vault-0,0
2026-10-07T21:32:55.480Z,vault,customer,edc-vault-0,0
2026-10-07T21:33:55.480Z,vault,customer,edc-vault-0,0
2026-10-07T21:34:55.480Z,vault,customer,edc-vault-0,0
2026-10-07T21:35:55.480Z,vault,customer,edc-vault-0,0
2026-10-07T21:36:55.480Z,vault,customer,edc-vault-0,0
2026-10-07T21:37:55.480Z,vault,customer,edc-vault-0,0
2026-10-07T21:38:55.480Z,vault,customer,edc-vault-0,0
2026-10-07T21:39:55.480Z,vault,customer,edc-vault-0,0
2026-10-07T21:40:55.480Z,vault,customer,edc-vault-0,0
2026-10-07T21:41:55.480Z,vault,customer,edc-vault-0,0
2026-10-07T21:42:55.480Z,vault,customer,edc-vault-0,0
2026-10-07T21:43:55.480Z,vault,customer,edc-vault-0,0
2026-10-07T21:44:55.480Z,vault,customer,edc-vault-0,0
2026-10-07T21:45:55.480Z,vault,customer,edc-vault-0,0
2026-10-07T21:46:55.480Z,vault,customer,edc-vault-0,0
2026-10-07T21:47:55.480Z,vault,customer,edc-vault-0,0
2026-10-07T21:48:55.480Z,vault,customer,edc-vault-0,0
2026-10-07T21:49:55.480Z,vault,customer,edc-vault-0,0
2026-10-07T21:50:55.480Z,vault,customer,edc-vault-0,0
2026-10-07T21:51:55.480Z,vault,customer,edc-vault-0,0
2026-10-07T21:52:55.480Z,vault,customer,edc-vault-0,0
2026-10-07T21:53:55.480Z,vault,customer,edc-vault-0,0
2026-10-07T21:54:55.480Z,vault,customer,edc-vault-0,0
2026-10-07T21:55:55.480Z,vault,customer,edc-vault-0,0
2026-10-07T21:56:55.480Z,vault,customer,edc-vault-0,0
2026-10-07T21:57:55.480Z,vault,customer,edc-vault-0,0
2026-10-07T21:58:55.480Z,vault,customer,edc-vault-0,0
2026-10-07T21:59:55.480Z,vault,customer,edc-vault-0,0
2026-10-07T22:00:55.480Z,vault,customer,edc-vault-0,0
2026-10-07T22:01:55.480Z,vault,customer,edc-vault-0,0
2026-10-07T22:02:55.480Z,vault,customer,edc-vault-0,0
2026-10-07T22:03:55.480Z,vault,customer,edc-vault-0,0
2026-10-07T22:04:55.480Z,vault,customer,edc-vault-0,0
2026-10-07T22:05:55.480Z,vault,customer,edc-vault-0,0
2026-10-07T22:06:55.480Z,vault,customer,edc-vault-0,0
2026-10-07T22:07:55.480Z,vault,customer,edc-vault-0,0
2026-10-07T22:08:55.480Z,vault,customer,edc-vault-0,0
2026-10-07T22:09:55.480Z,vault,customer,edc-vault-0,0
2026-10-07T22:10:55.480Z,vault,customer,edc-vault-0,0
2026-10-07T22:11:55.480Z,vault,customer,edc-vault-0,0
2026-10-07T22:12:55.480Z,vault,customer,edc-vault-0,0
2026-10-07T22:13:55.480Z,vault,customer,edc-vault-0,0
2026-10-07T22:14:55.480Z,vault,customer,edc-vault-0,0
2026-10-07T22:15:55.480Z,vault,customer,edc-vault-0,0
2026-10-07T22:16:55.480Z,vault,customer,edc-vault-0,0
2026-10-07T22:17:55.480Z,vault,customer,edc-vault-0,0
2026-10-07T22:18:55.480Z,vault,customer,edc-vault-0,0
2026-10-07T22:19:55.480Z,vault,customer,edc-vault-0,0
2026-10-07T22:20:55.480Z,vault,customer,edc-vault-0,0
2026-10-07T22:21:55.480Z,vault,customer,edc-vault-0,0
2026-10-07T22:22:55.480Z,vault,customer,edc-vault-0,0
2026-10-07T22:23:55.480Z,vault,customer,edc-vault-0,0
2026-10-07T20:31:55.480Z,vault,supplier,edc-vault-0,0
2026-10-07T20:32:55.480Z,vault,supplier,edc-vault-0,0
2026-10-07T20:33:55.480Z,vault,supplier,edc-vault-0,0
2026-10-07T20:34:55.480Z,vault,supplier,edc-vault-0,0
2026-10-07T20:35:55.480Z,vault,supplier,edc-vault-0,0
2026-10-07T20:36:55.480Z,vault,supplier,edc-vault-0,0
2026-10-07T20:37:55.480Z,vault,supplier,edc-vault-0,0
2026-10-07T20:38:55.480Z,vault,supplier,edc-vault-0,0
2026-10-07T20:39:55.480Z,vault,supplier,edc-vault-0,0
2026-10-07T20:40:55.480Z,vault,supplier,edc-vault-0,0
2026-10-07T20:41:55.480Z,vault,supplier,edc-vault-0,0
2026-10-07T20:42:55.480Z,vault,supplier,edc-vault-0,0
2026-10-07T20:43:55.480Z,vault,supplier,edc-vault-0,0
2026-10-07T20:44:55.480Z,vault,supplier,edc-vault-0,0
2026-10-07T20:45:55.480Z,vault,supplier,edc-vault-0,0
2026-10-07T20:46:55.480Z,vault,supplier,edc-vault-0,0
2026-10-07T20:47:55.480Z,vault,supplier,edc-vault-0,0
2026-10-07T20:48:55.480Z,vault,supplier,edc-vault-0,0
2026-10-07T20:49:55.480Z,vault,supplier,edc-vault-0,0
2026-10-07T20:50:55.480Z,vault,supplier,edc-vault-0,0
2026-10-07T20:51:55.480Z,vault,supplier,edc-vault-0,0
2026-10-07T20:52:55.480Z,vault,supplier,edc-vault-0,0
2026-10-07T20:53:55.480Z,vault,supplier,edc-vault-0,0
2026-10-07T20:54:55.480Z,vault,supplier,edc-vault-0,0
2026-10-07T20:55:55.480Z,vault,supplier,edc-vault-0,0
2026-10-07T20:56:55.480Z,vault,supplier,edc-vault-0,0
2026-10-07T20:57:55.480Z,vault,supplier,edc-vault-0,0
2026-10-07T20:58:55.480Z,vault,supplier,edc-vault-0,0
2026-10-07T20:59:55.480Z,vault,supplier,edc-vault-0,0
2026-10-07T21:00:55.480Z,vault,supplier,edc-vault-0,0
2026-10-07T21:01:55.480Z,vault,supplier,edc-vault-0,0
2026-10-07T21:02:55.480Z,vault,supplier,edc-vault-0,0
2026-10-07T21:03:55.480Z,vault,supplier,edc-vault-0,0
2026-10-07T21:04:55.480Z,vault,supplier,edc-vault-0,0
2026-10-07T21:05:55.480Z,vault,supplier,edc-vault-0,0
2026-10-07T21:06:55.480Z,vault,supplier,edc-vault-0,0
2026-10-07T21:07:55.480Z,vault,supplier,edc-vault-0,0
2026-10-07T21:08:55.480Z,vault,supplier,edc-vault-0,0
2026-10-07T21:09:55.480Z,vault,supplier,edc-vault-0,0
2026-10-07T21:10:55.480Z,vault,supplier,edc-vault-0,0
2026-10-07T21:11:55.480Z,vault,supplier,edc-vault-0,0
2026-10-07T21:12:55.480Z,vault,supplier,edc-vault-0,0
2026-10-07T21:13:55.480Z,vault,supplier,edc-vault-0,0
2026-10-07T21:14:55.480Z,vault,supplier,edc-vault-0,0
2026-10-07T21:15:55.480Z,vault,supplier,edc-vault-0,0
2026-10-07T21:16:55.480Z,vault,supplier,edc-vault-0,0
2026-10-07T21:17:55.480Z,vault,supplier,edc-vault-0,0
2026-10-07T21:18:55.480Z,vault,supplier,edc-vault-0,0
2026-10-07T21:19:55.480Z,vault,supplier,edc-vault-0,0
2026-10-07T21:20:55.480Z,vault,supplier,edc-vault-0,0
2026-10-07T21:21:55.480Z,vault,supplier,edc-vault-0,0
2026-10-07T21:22:55.480Z,vault,supplier,edc-vault-0,0
2026-10-07T21:23:55.480Z,vault,supplier,edc-vault-0,0
2026-10-07T21:24:55.480Z,vault,supplier,edc-vault-0,0
2026-10-07T21:25:55.480Z,vault,supplier,edc-vault-0,0
2026-10-07T21:26:55.480Z,vault,supplier,edc-vault-0,0
2026-10-07T21:27:55.480Z,vault,supplier,edc-vault-0,0
2026-10-07T21:28:55.480Z,vault,supplier,edc-vault-0,0
2026-10-07T21:29:55.480Z,vault,supplier,edc-vault-0,0
2026-10-07T21:30:55.480Z,vault,supplier,edc-vault-0,0
2026-10-07T21:31:55.480Z,vault,supplier,edc-vault-0,0
2026-10-07T21:32:55.480Z,vault,supplier,edc-vault-0,0
2026-10-07T21:33:55.480Z,vault,supplier,edc-vault-0,0
2026-10-07T21:34:55.480Z,vault,supplier,edc-vault-0,0
2026-10-07T21:35:55.480Z,vault,supplier,edc-vault-0,0
2026-10-07T21:36:55.480Z,vault,supplier,edc-vault-0,0
2026-10-07T21:37:55.480Z,vault,supplier,edc-vault-0,0
2026-10-07T21:38:55.480Z,vault,supplier,edc-vault-0,0
2026-10-07T21:39:55.480Z,vault,supplier,edc-vault-0,0
2026-10-07T21:40:55.480Z,vault,supplier,edc-vault-0,0
2026-10-07T21:41:55.480Z,vault,supplier,edc-vault-0,0
2026-10-07T21:42:55.480Z,vault,supplier,edc-vault-0,0
2026-10-07T21:43:55.480Z,vault,supplier,edc-vault-0,0
2026-10-07T21:44:55.480Z,vault,supplier,edc-vault-0,0
2026-10-07T21:45:55.480Z,vault,supplier,edc-vault-0,0
2026-10-07T21:46:55.480Z,vault,supplier,edc-vault-0,0
2026-10-07T21:47:55.480Z,vault,supplier,edc-vault-0,0
2026-10-07T21:48:55.480Z,vault,supplier,edc-vault-0,0
2026-10-07T21:49:55.480Z,vault,supplier,edc-vault-0,0
2026-10-07T21:50:55.480Z,vault,supplier,edc-vault-0,0
2026-10-07T21:51:55.480Z,vault,supplier,edc-vault-0,0
2026-10-07T21:52:55.480Z,vault,supplier,edc-vault-0,0
2026-10-07T21:53:55.480Z,vault,supplier,edc-vault-0,0
2026-10-07T21:54:55.480Z,vault,supplier,edc-vault-0,0
2026-10-07T21:55:55.480Z,vault,supplier,edc-vault-0,0
2026-10-07T21:56:55.480Z,vault,supplier,edc-vault-0,0
2026-10-07T21:57:55.480Z,vault,supplier,edc-vault-0,0
2026-10-07T21:58:55.480Z,vault,supplier,edc-vault-0,0
2026-10-07T21:59:55.480Z,vault,supplier,edc-vault-0,0
2026-10-07T22:00:55.480Z,vault,supplier,edc-vault-0,0
2026-10-07T22:01:55.480Z,vault,supplier,edc-vault-0,0
2026-10-07T22:02:55.480Z,vault,supplier,edc-vault-0,0
2026-10-07T22:03:55.480Z,vault,supplier,edc-vault-0,0
2026-10-07T22:04:55.480Z,vault,supplier,edc-vault-0,0
2026-10-07T22:05:55.480Z,vault,supplier,edc-vault-0,0
2026-10-07T22:06:55.480Z,vault,supplier,edc-vault-0,0
2026-10-07T22:07:55.480Z,vault,supplier,edc-vault-0,0
2026-10-07T22:08:55.480Z,vault,supplier,edc-vault-0,0
2026-10-07T22:09:55.480Z,vault,supplier,edc-vault-0,0
2026-10-07T22:10:55.480Z,vault,supplier,edc-vault-0,0
2026-10-07T22:11:55.480Z,vault,supplier,edc-vault-0,0
2026-10-07T22:12:55.480Z,vault,supplier,edc-vault-0,0
2026-10-07T22:13:55.480Z,vault,supplier,edc-vault-0,0
2026-10-07T22:14:55.480Z,vault,supplier,edc-vault-0,0
2026-10-07T22:15:55.480Z,vault,supplier,edc-vault-0,0
2026-10-07T22:16:55.480Z,vault,supplier,edc-vault-0,0
2026-10-07T22:17:55.480Z,vault,supplier,edc-vault-0,0
2026-10-07T22:18:55.480Z,vault,supplier,edc-vault-0,0
2026-10-07T22:19:55.480Z,vault,supplier,edc-vault-0,0
2026-10-07T22:20:55.480Z,vault,supplier,edc-vault-0,0
2026-10-07T22:21:55.480Z,vault,supplier,edc-vault-0,0
2026-10-07T22:22:55.480Z,vault,supplier,edc-vault-0,0
2026-10-07T22:23:55.480Z,vault,supplier,edc-vault-0,0
