timestamp_utc,container,namespace,pod,value
2026-10-07T15:05:39Z,alloy,logging,alloy-kcv4x,0.018264757451786216
2026-10-07T15:05:54Z,alloy,logging,alloy-kcv4x,0.017242876381439728
2026-10-07T15:06:09Z,alloy,logging,alloy-kcv4x,0.017395102277395578
2026-10-07T15:06:24Z,alloy,logging,alloy-kcv4x,0.016637024229026815
2026-10-07T15:06:39Z,alloy,logging,alloy-kcv4x,0.016497468851850647
2026-10-07T15:06:54Z,alloy,logging,alloy-kcv4x,0.016217234742658654
2026-10-07T15:07:09Z,alloy,logging,alloy-kcv4x,0.01718804058951421
2026-10-07T15:07:24Z,alloy,logging,alloy-kcv4x,0.016796995739150798
2026-10-07T15:07:39Z,alloy,logging,alloy-kcv4x,0.014450329232465964
2026-10-07T15:07:54Z,alloy,logging,alloy-kcv4x,0.01708966708542507
2026-10-07T15:08:09Z,alloy,logging,alloy-kcv4x,0.02022310377658157
2026-10-07T15:08:24Z,alloy,logging,alloy-kcv4x,0.018373906156793164
2026-10-07T15:08:39Z,alloy,logging,alloy-kcv4x,0.023585904521077377
2026-10-07T15:08:54Z,alloy,logging,alloy-kcv4x,0.022723594974454076
2026-10-07T15:09:09Z,alloy,logging,alloy-kcv4x,0.023023737974273793
2026-10-07T15:09:24Z,alloy,logging,alloy-kcv4x,0.022710789405347934
2026-10-07T15:09:39Z,alloy,logging,alloy-kcv4x,0.023647155887614072
2026-10-07T15:09:54Z,alloy,logging,alloy-kcv4x,0.02387792189110637
2026-10-07T15:10:09Z,alloy,logging,alloy-kcv4x,0.023808296909747097
2026-10-07T15:10:24Z,alloy,logging,alloy-kcv4x,0.02381844137608116
2026-10-07T15:10:39Z,alloy,logging,alloy-kcv4x,0.023805667620234294
2026-10-07T15:10:54Z,alloy,logging,alloy-kcv4x,0.024400999110959824
2026-10-07T15:11:09Z,alloy,logging,alloy-kcv4x,0.02374488899731611
2026-10-07T15:11:24Z,alloy,logging,alloy-kcv4x,0.022876034181837757
2026-10-07T15:11:39Z,alloy,logging,alloy-kcv4x,0.021647908073072184
2026-10-07T15:11:54Z,alloy,logging,alloy-kcv4x,0.021512203816814755
2026-10-07T15:12:09Z,alloy,logging,alloy-kcv4x,0.02193995397007614
2026-10-07T15:12:24Z,alloy,logging,alloy-kcv4x,0.022276354464153315
2026-10-07T15:12:39Z,alloy,logging,alloy-kcv4x,0.0227376929660509
2026-10-07T15:12:54Z,alloy,logging,alloy-kcv4x,0.022852714535901708
2026-10-07T15:13:09Z,alloy,logging,alloy-kcv4x,0.022277086262509075
2026-10-07T15:13:24Z,alloy,logging,alloy-kcv4x,0.02277151890193425
2026-10-07T15:13:39Z,alloy,logging,alloy-kcv4x,0.023319224915115462
2026-10-07T15:13:54Z,alloy,logging,alloy-kcv4x,0.02401596236471332
2026-10-07T15:14:09Z,alloy,logging,alloy-kcv4x,0.023947922407144034
2026-10-07T15:14:24Z,alloy,logging,alloy-kcv4x,0.023448573092608626
2026-10-07T15:14:39Z,alloy,logging,alloy-kcv4x,0.02359080637160211
2026-10-07T15:14:54Z,alloy,logging,alloy-kcv4x,0.02337678845033348
2026-10-07T15:15:09Z,alloy,logging,alloy-kcv4x,0.023059782254384643
2026-10-07T15:15:24Z,alloy,logging,alloy-kcv4x,0.023472367323646146
2026-10-07T15:15:39Z,alloy,logging,alloy-kcv4x,0.023984456350932448
2026-10-07T15:15:54Z,alloy,logging,alloy-kcv4x,0.024251360446109742
2026-10-07T15:16:09Z,alloy,logging,alloy-kcv4x,0.024040343321971924
2026-10-07T15:16:24Z,alloy,logging,alloy-kcv4x,0.02298295585856187
2026-10-07T15:16:39Z,alloy,logging,alloy-kcv4x,0.023685747898194907
2026-10-07T15:16:54Z,alloy,logging,alloy-kcv4x,0.022514931342493927
2026-10-07T15:17:09Z,alloy,logging,alloy-kcv4x,0.02175957733347283
2026-10-07T15:17:24Z,alloy,logging,alloy-kcv4x,0.020182858935151073
2026-10-07T15:17:39Z,alloy,logging,alloy-kcv4x,0.02068337453646199
2026-10-07T15:17:54Z,alloy,logging,alloy-kcv4x,0.021475735942889904
2026-10-07T15:18:09Z,alloy,logging,alloy-kcv4x,0.021779109088634948
2026-10-07T15:18:24Z,alloy,logging,alloy-kcv4x,0.022337766722856856
2026-10-07T15:18:39Z,alloy,logging,alloy-kcv4x,0.022483386754549663
2026-10-07T15:18:54Z,alloy,logging,alloy-kcv4x,0.024157633816306007
2026-10-07T15:19:09Z,alloy,logging,alloy-kcv4x,0.025202206402335208
2026-10-07T15:19:24Z,alloy,logging,alloy-kcv4x,0.02684194153336635
2026-10-07T15:19:39Z,alloy,logging,alloy-kcv4x,0.02635181428421961
2026-10-07T15:19:54Z,alloy,logging,alloy-kcv4x,0.025369921582135888
2026-10-07T15:20:09Z,alloy,logging,alloy-kcv4x,0.02296436093825208
2026-10-07T15:20:24Z,alloy,logging,alloy-kcv4x,0.02106130829388313
2026-10-07T15:20:39Z,alloy,logging,alloy-kcv4x,0.020128839378756383
2026-10-07T15:20:54Z,alloy,logging,alloy-kcv4x,0.020209544426334207
2026-10-07T15:21:09Z,alloy,logging,alloy-kcv4x,0.020693907402696877
2026-10-07T15:21:24Z,alloy,logging,alloy-kcv4x,0.020983533270430173
2026-10-07T15:21:39Z,alloy,logging,alloy-kcv4x,0.02210139296330253
2026-10-07T15:21:54Z,alloy,logging,alloy-kcv4x,0.023111335139563483
2026-10-07T15:22:09Z,alloy,logging,alloy-kcv4x,0.023778051200637095
2026-10-07T15:22:24Z,alloy,logging,alloy-kcv4x,0.023747758065139877
2026-10-07T15:22:39Z,alloy,logging,alloy-kcv4x,0.023873598979668502
2026-10-07T15:22:54Z,alloy,logging,alloy-kcv4x,0.023618073580854368
2026-10-07T15:23:09Z,alloy,logging,alloy-kcv4x,0.02456869863907496
2026-10-07T15:23:24Z,alloy,logging,alloy-kcv4x,0.024072142037267614
2026-10-07T15:23:39Z,alloy,logging,alloy-kcv4x,0.01816280324756928
2026-10-07T15:23:54Z,alloy,logging,alloy-kcv4x,0.018252476220972095
2026-10-07T15:24:09Z,alloy,logging,alloy-kcv4x,0.0237731492792596
2026-10-07T15:24:24Z,alloy,logging,alloy-kcv4x,0.024678509722617023
2026-10-07T15:24:39Z,alloy,logging,alloy-kcv4x,0.020918914759549878
2026-10-07T15:24:54Z,alloy,logging,alloy-kcv4x,0.024370913770914257
2026-10-07T15:25:09Z,alloy,logging,alloy-kcv4x,0.022548471047491126
2026-10-07T15:25:24Z,alloy,logging,alloy-kcv4x,0.022966574314055844
2026-10-07T15:25:39Z,alloy,logging,alloy-kcv4x,0.01920899998122719
2026-10-07T15:25:54Z,alloy,logging,alloy-kcv4x,0.02461199795041868
2026-10-07T15:26:09Z,alloy,logging,alloy-kcv4x,0.025380016074964647
2026-10-07T15:26:24Z,alloy,logging,alloy-kcv4x,0.021196283369638816
2026-10-07T15:26:39Z,alloy,logging,alloy-kcv4x,0.025356751824818533
2026-10-07T15:26:54Z,alloy,logging,alloy-kcv4x,0.024753709198810616
2026-10-07T15:27:09Z,alloy,logging,alloy-kcv4x,0.025350451987823507
2026-10-07T15:27:24Z,alloy,logging,alloy-kcv4x,0.025530942157112733
2026-10-07T15:27:39Z,alloy,logging,alloy-kcv4x,0.02614395572506495
2026-10-07T15:27:54Z,alloy,logging,alloy-kcv4x,0.025057014060822443
2026-10-07T15:28:09Z,alloy,logging,alloy-kcv4x,0.024948128130764576
2026-10-07T15:28:24Z,alloy,logging,alloy-kcv4x,0.024219278067770113
2026-10-07T15:28:39Z,alloy,logging,alloy-kcv4x,0.025081066772548552
2026-10-07T15:28:54Z,alloy,logging,alloy-kcv4x,0.025071378754196988
2026-10-07T15:29:09Z,alloy,logging,alloy-kcv4x,0.025345853695983064
2026-10-07T15:29:24Z,alloy,logging,alloy-kcv4x,0.026252050259573632
2026-10-07T15:29:39Z,alloy,logging,alloy-kcv4x,0.025232937243857244
2026-10-07T15:29:54Z,alloy,logging,alloy-kcv4x,0.024938414813361523
2026-10-07T15:30:09Z,alloy,logging,alloy-kcv4x,0.02379434128174603
2026-10-07T15:30:24Z,alloy,logging,alloy-kcv4x,0.02493983830057178
2026-10-07T15:30:39Z,alloy,logging,alloy-kcv4x,0.02699740384405622
2026-10-07T15:30:54Z,alloy,logging,alloy-kcv4x,0.01922627499999976
2026-10-07T15:31:09Z,alloy,logging,alloy-kcv4x,0.028188079355454226
2026-10-07T15:31:24Z,alloy,logging,alloy-kcv4x,0.02615326463952639
2026-10-07T15:31:39Z,alloy,logging,alloy-kcv4x,0.01896779416674001
2026-10-07T15:31:54Z,alloy,logging,alloy-kcv4x,0.022779379197674105
2026-10-07T15:32:09Z,alloy,logging,alloy-kcv4x,0.022499506791110183
2026-10-07T15:32:24Z,alloy,logging,alloy-kcv4x,0.02394065843421978
2026-10-07T15:32:39Z,alloy,logging,alloy-kcv4x,0.023824082410894322
2026-10-07T15:32:54Z,alloy,logging,alloy-kcv4x,0.02304934691677578
2026-10-07T15:33:09Z,alloy,logging,alloy-kcv4x,0.02162748320708581
2026-10-07T15:33:24Z,alloy,logging,alloy-kcv4x,0.022071109865710613
2026-10-07T15:33:39Z,alloy,logging,alloy-kcv4x,0.02285011324614564
2026-10-07T15:33:54Z,alloy,logging,alloy-kcv4x,0.022968082816384683
2026-10-07T15:34:09Z,alloy,logging,alloy-kcv4x,0.02419797033873195
2026-10-07T15:34:24Z,alloy,logging,alloy-kcv4x,0.023650052629527435
2026-10-07T15:34:39Z,alloy,logging,alloy-kcv4x,0.023845600687200753
2026-10-07T15:34:54Z,alloy,logging,alloy-kcv4x,0.02260176397055471
2026-10-07T15:35:09Z,alloy,logging,alloy-kcv4x,0.023446159698866237
2026-10-07T15:35:24Z,alloy,logging,alloy-kcv4x,0.023554602774278583
2026-10-07T15:35:39Z,alloy,logging,alloy-kcv4x,0.025715353399704113
2026-10-07T15:35:54Z,alloy,logging,alloy-kcv4x,0.024534454206077205
2026-10-07T15:36:09Z,alloy,logging,alloy-kcv4x,0.021258434413736066
2026-10-07T15:36:24Z,alloy,logging,alloy-kcv4x,0.02111093894592056
2026-10-07T15:36:39Z,alloy,logging,alloy-kcv4x,0.02118485628005941
2026-10-07T15:36:54Z,alloy,logging,alloy-kcv4x,0.02302414344403326
2026-10-07T15:37:09Z,alloy,logging,alloy-kcv4x,0.024486280551275063
2026-10-07T15:37:24Z,alloy,logging,alloy-kcv4x,0.025655277497476765
2026-10-07T15:37:39Z,alloy,logging,alloy-kcv4x,0.02633995762711863
2026-10-07T15:37:54Z,alloy,logging,alloy-kcv4x,0.025924947693328104
2026-10-07T15:38:09Z,alloy,logging,alloy-kcv4x,0.024972024814011604
2026-10-07T15:38:24Z,alloy,logging,alloy-kcv4x,0.024216779315520524
2026-10-07T15:38:39Z,alloy,logging,alloy-kcv4x,0.02549071266491043
2026-10-07T15:38:54Z,alloy,logging,alloy-kcv4x,0.02567953994474877
2026-10-07T15:39:09Z,alloy,logging,alloy-kcv4x,0.024587926284996977
2026-10-07T15:39:24Z,alloy,logging,alloy-kcv4x,0.02276067723418909
2026-10-07T15:39:39Z,alloy,logging,alloy-kcv4x,0.018200697800065845
2026-10-07T15:39:54Z,alloy,logging,alloy-kcv4x,0.020632161849710694
2026-10-07T15:05:39Z,config-reloader,logging,alloy-kcv4x,0
2026-10-07T15:05:54Z,config-reloader,logging,alloy-kcv4x,0.0000846482775234852
2026-10-07T15:06:09Z,config-reloader,logging,alloy-kcv4x,0.00005456980897654715
2026-10-07T15:06:24Z,config-reloader,logging,alloy-kcv4x,0.00005657073857918891
2026-10-07T15:06:39Z,config-reloader,logging,alloy-kcv4x,0
2026-10-07T15:06:54Z,config-reloader,logging,alloy-kcv4x,0
2026-10-07T15:07:09Z,config-reloader,logging,alloy-kcv4x,0.00002106682396561974
2026-10-07T15:07:24Z,config-reloader,logging,alloy-kcv4x,0.00002118883489659929
2026-10-07T15:07:39Z,config-reloader,logging,alloy-kcv4x,0
2026-10-07T15:07:54Z,config-reloader,logging,alloy-kcv4x,0
2026-10-07T15:08:09Z,config-reloader,logging,alloy-kcv4x,9.425426029234557e-07
2026-10-07T15:08:24Z,config-reloader,logging,alloy-kcv4x,9.207594423859356e-07
2026-10-07T15:08:39Z,config-reloader,logging,alloy-kcv4x,0
2026-10-07T15:08:54Z,config-reloader,logging,alloy-kcv4x,0.0001144678848046645
2026-10-07T15:09:09Z,config-reloader,logging,alloy-kcv4x,0.00011397043159644688
2026-10-07T15:09:24Z,config-reloader,logging,alloy-kcv4x,0.00012711763727517783
2026-10-07T15:09:39Z,config-reloader,logging,alloy-kcv4x,0
2026-10-07T15:09:54Z,config-reloader,logging,alloy-kcv4x,0
2026-10-07T15:10:09Z,config-reloader,logging,alloy-kcv4x,0.000021845329057788957
2026-10-07T15:10:24Z,config-reloader,logging,alloy-kcv4x,0.000018184851518179885
2026-10-07T15:10:39Z,config-reloader,logging,alloy-kcv4x,0
2026-10-07T15:10:54Z,config-reloader,logging,alloy-kcv4x,0.000004011815015653275
2026-10-07T15:11:09Z,config-reloader,logging,alloy-kcv4x,0.000005072463768119468
2026-10-07T15:11:24Z,config-reloader,logging,alloy-kcv4x,0.0000046080615758589855
2026-10-07T15:11:39Z,config-reloader,logging,alloy-kcv4x,0
2026-10-07T15:11:54Z,config-reloader,logging,alloy-kcv4x,0.00007885838499315852
2026-10-07T15:12:09Z,config-reloader,logging,alloy-kcv4x,0.00008953995932079641
2026-10-07T15:12:24Z,config-reloader,logging,alloy-kcv4x,0.00008065213363799353
2026-10-07T15:12:39Z,config-reloader,logging,alloy-kcv4x,0
2026-10-07T15:12:54Z,config-reloader,logging,alloy-kcv4x,0.000023894544901990227
2026-10-07T15:13:09Z,config-reloader,logging,alloy-kcv4x,0.000026363769725673897
2026-10-07T15:13:24Z,config-reloader,logging,alloy-kcv4x,0.00002516150969058106
2026-10-07T15:13:39Z,config-reloader,logging,alloy-kcv4x,0
2026-10-07T15:13:54Z,config-reloader,logging,alloy-kcv4x,0
2026-10-07T15:14:09Z,config-reloader,logging,alloy-kcv4x,0.00009619121647881582
2026-10-07T15:14:24Z,config-reloader,logging,alloy-kcv4x,0.00008205779963529636
2026-10-07T15:14:39Z,config-reloader,logging,alloy-kcv4x,0
2026-10-07T15:14:54Z,config-reloader,logging,alloy-kcv4x,0.00000434393117319865
2026-10-07T15:15:09Z,config-reloader,logging,alloy-kcv4x,0.0000060423671031893285
2026-10-07T15:15:24Z,config-reloader,logging,alloy-kcv4x,0.000007267894007521047
2026-10-07T15:15:39Z,config-reloader,logging,alloy-kcv4x,0
2026-10-07T15:15:54Z,config-reloader,logging,alloy-kcv4x,0.00011219772246422357
2026-10-07T15:16:09Z,config-reloader,logging,alloy-kcv4x,0.0000850988700565006
2026-10-07T15:16:24Z,config-reloader,logging,alloy-kcv4x,0.00009754452239611835
2026-10-07T15:16:39Z,config-reloader,logging,alloy-kcv4x,0
2026-10-07T15:16:54Z,config-reloader,logging,alloy-kcv4x,0.000005448262703778841
2026-10-07T15:17:09Z,config-reloader,logging,alloy-kcv4x,0.0000050485208030478084
2026-10-07T15:17:24Z,config-reloader,logging,alloy-kcv4x,0.000005292667873331687
2026-10-07T15:17:39Z,config-reloader,logging,alloy-kcv4x,0
2026-10-07T15:17:54Z,config-reloader,logging,alloy-kcv4x,0.00008146008949942172
2026-10-07T15:18:09Z,config-reloader,logging,alloy-kcv4x,0.00008094381916491658
2026-10-07T15:18:24Z,config-reloader,logging,alloy-kcv4x,0.00006329088336365016
2026-10-07T15:18:39Z,config-reloader,logging,alloy-kcv4x,0
2026-10-07T15:18:54Z,config-reloader,logging,alloy-kcv4x,0
2026-10-07T15:19:09Z,config-reloader,logging,alloy-kcv4x,0.00001273461872858097
2026-10-07T15:19:24Z,config-reloader,logging,alloy-kcv4x,0.000011855731460537731
2026-10-07T15:19:39Z,config-reloader,logging,alloy-kcv4x,0
2026-10-07T15:19:54Z,config-reloader,logging,alloy-kcv4x,0.0000014594666312876432
2026-10-07T15:20:09Z,config-reloader,logging,alloy-kcv4x,0.0000015064955392100634
2026-10-07T15:20:24Z,config-reloader,logging,alloy-kcv4x,0.0000017667844522992236
2026-10-07T15:20:39Z,config-reloader,logging,alloy-kcv4x,0
2026-10-07T15:20:54Z,config-reloader,logging,alloy-kcv4x,0.00010924836663920207
2026-10-07T15:21:09Z,config-reloader,logging,alloy-kcv4x,0.00014850892043234465
2026-10-07T15:21:24Z,config-reloader,logging,alloy-kcv4x,0.00012575537029685223
2026-10-07T15:21:39Z,config-reloader,logging,alloy-kcv4x,0
2026-10-07T15:21:54Z,config-reloader,logging,alloy-kcv4x,0.000020202603249737222
2026-10-07T15:22:09Z,config-reloader,logging,alloy-kcv4x,0.000013085090474056843
2026-10-07T15:22:24Z,config-reloader,logging,alloy-kcv4x,0
2026-10-07T15:22:39Z,config-reloader,logging,alloy-kcv4x,0
2026-10-07T15:22:54Z,config-reloader,logging,alloy-kcv4x,0
2026-10-07T15:23:09Z,config-reloader,logging,alloy-kcv4x,0.000003671130127034023
2026-10-07T15:23:24Z,config-reloader,logging,alloy-kcv4x,0.0000035887638128650526
2026-10-07T15:23:39Z,config-reloader,logging,alloy-kcv4x,0.000002466506964774895
2026-10-07T15:23:54Z,config-reloader,logging,alloy-kcv4x,0.00009450565433984285
2026-10-07T15:24:09Z,config-reloader,logging,alloy-kcv4x,0.0001479857651245562
2026-10-07T15:24:24Z,config-reloader,logging,alloy-kcv4x,0.00014296715990978702
2026-10-07T15:24:39Z,config-reloader,logging,alloy-kcv4x,0
2026-10-07T15:24:54Z,config-reloader,logging,alloy-kcv4x,0.000007830616090335203
2026-10-07T15:25:09Z,config-reloader,logging,alloy-kcv4x,0.000007625928155734879
2026-10-07T15:25:24Z,config-reloader,logging,alloy-kcv4x,0.0000068722307622799355
2026-10-07T15:25:39Z,config-reloader,logging,alloy-kcv4x,0
2026-10-07T15:25:54Z,config-reloader,logging,alloy-kcv4x,0.0000016854740909727543
2026-10-07T15:26:09Z,config-reloader,logging,alloy-kcv4x,0.0000017262067658866908
2026-10-07T15:26:24Z,config-reloader,logging,alloy-kcv4x,0.000002351476004399202
2026-10-07T15:26:39Z,config-reloader,logging,alloy-kcv4x,0
2026-10-07T15:26:54Z,config-reloader,logging,alloy-kcv4x,0.0001502534951605488
2026-10-07T15:27:09Z,config-reloader,logging,alloy-kcv4x,0.00014622716056152845
2026-10-07T15:27:24Z,config-reloader,logging,alloy-kcv4x,0.00011171014757618817
2026-10-07T15:27:39Z,config-reloader,logging,alloy-kcv4x,0
2026-10-07T15:27:54Z,config-reloader,logging,alloy-kcv4x,0.000014118210098108218
2026-10-07T15:28:09Z,config-reloader,logging,alloy-kcv4x,0.000015258291847156975
2026-10-07T15:28:24Z,config-reloader,logging,alloy-kcv4x,0.000013851933009859347
2026-10-07T15:28:39Z,config-reloader,logging,alloy-kcv4x,0
2026-10-07T15:28:54Z,config-reloader,logging,alloy-kcv4x,0.000001860937235663664
2026-10-07T15:29:09Z,config-reloader,logging,alloy-kcv4x,0.0000022738234686159824
2026-10-07T15:29:24Z,config-reloader,logging,alloy-kcv4x,0.0000027912049565609038
2026-10-07T15:29:39Z,config-reloader,logging,alloy-kcv4x,0
2026-10-07T15:29:54Z,config-reloader,logging,alloy-kcv4x,0.00015879911188338715
2026-10-07T15:30:09Z,config-reloader,logging,alloy-kcv4x,0.00016140394724490828
2026-10-07T15:30:24Z,config-reloader,logging,alloy-kcv4x,0.0001444598125096057
2026-10-07T15:30:39Z,config-reloader,logging,alloy-kcv4x,0
2026-10-07T15:30:54Z,config-reloader,logging,alloy-kcv4x,0.000010947871134848646
2026-10-07T15:31:09Z,config-reloader,logging,alloy-kcv4x,0.00001129012062272383
2026-10-07T15:31:24Z,config-reloader,logging,alloy-kcv4x,0.000011704889658149732
2026-10-07T15:31:39Z,config-reloader,logging,alloy-kcv4x,0
2026-10-07T15:31:54Z,config-reloader,logging,alloy-kcv4x,0.00006442082984259256
2026-10-07T15:32:09Z,config-reloader,logging,alloy-kcv4x,0.00006083444370420372
2026-10-07T15:32:24Z,config-reloader,logging,alloy-kcv4x,0.000060830644321855166
2026-10-07T15:32:39Z,config-reloader,logging,alloy-kcv4x,0
2026-10-07T15:32:54Z,config-reloader,logging,alloy-kcv4x,0
2026-10-07T15:33:09Z,config-reloader,logging,alloy-kcv4x,0.0000037765746731811493
2026-10-07T15:33:24Z,config-reloader,logging,alloy-kcv4x,0.000004010657691768454
2026-10-07T15:33:39Z,config-reloader,logging,alloy-kcv4x,0
2026-10-07T15:33:54Z,config-reloader,logging,alloy-kcv4x,0.0001415272837357121
2026-10-07T15:34:09Z,config-reloader,logging,alloy-kcv4x,0.00010471301913205586
2026-10-07T15:34:24Z,config-reloader,logging,alloy-kcv4x,0.00011046351356672889
2026-10-07T15:34:39Z,config-reloader,logging,alloy-kcv4x,0
2026-10-07T15:34:54Z,config-reloader,logging,alloy-kcv4x,0.0000035535273434561316
2026-10-07T15:35:09Z,config-reloader,logging,alloy-kcv4x,0.000004318181818179828
2026-10-07T15:35:24Z,config-reloader,logging,alloy-kcv4x,0
2026-10-07T15:35:39Z,config-reloader,logging,alloy-kcv4x,0
2026-10-07T15:35:54Z,config-reloader,logging,alloy-kcv4x,0.00010214848020993059
2026-10-07T15:36:09Z,config-reloader,logging,alloy-kcv4x,0.00011866882601378494
2026-10-07T15:36:24Z,config-reloader,logging,alloy-kcv4x,0.00008454942419511983
2026-10-07T15:36:39Z,config-reloader,logging,alloy-kcv4x,0
2026-10-07T15:36:54Z,config-reloader,logging,alloy-kcv4x,0.00001273898048284636
2026-10-07T15:37:09Z,config-reloader,logging,alloy-kcv4x,0.000013088897992627126
2026-10-07T15:37:24Z,config-reloader,logging,alloy-kcv4x,0.0000133774363054003
2026-10-07T15:37:39Z,config-reloader,logging,alloy-kcv4x,0
2026-10-07T15:37:54Z,config-reloader,logging,alloy-kcv4x,0
2026-10-07T15:38:09Z,config-reloader,logging,alloy-kcv4x,0.000002873794751963506
2026-10-07T15:38:24Z,config-reloader,logging,alloy-kcv4x,0.000002611412114996271
2026-10-07T15:38:39Z,config-reloader,logging,alloy-kcv4x,0
2026-10-07T15:38:54Z,config-reloader,logging,alloy-kcv4x,0
2026-10-07T15:39:09Z,config-reloader,logging,alloy-kcv4x,0.00006875646902262482
2026-10-07T15:39:24Z,config-reloader,logging,alloy-kcv4x,0.00007819725889178705
2026-10-07T15:39:39Z,config-reloader,logging,alloy-kcv4x,0
2026-10-07T15:39:54Z,config-reloader,logging,alloy-kcv4x,0.000010762232331078858
2026-10-07T15:05:39Z,config-reloader,monitoring,prometheus-monitoring-kube-prometheus-prometheus-0,0.00016555817778735504
2026-10-07T15:05:54Z,config-reloader,monitoring,prometheus-monitoring-kube-prometheus-prometheus-0,0.00038650372860897687
2026-10-07T15:06:09Z,config-reloader,monitoring,prometheus-monitoring-kube-prometheus-prometheus-0,0.00038645680600854504
2026-10-07T15:06:24Z,config-reloader,monitoring,prometheus-monitoring-kube-prometheus-prometheus-0,0.0006066046055854818
2026-10-07T15:06:39Z,config-reloader,monitoring,prometheus-monitoring-kube-prometheus-prometheus-0,0.0005759123854529083
2026-10-07T15:06:54Z,config-reloader,monitoring,prometheus-monitoring-kube-prometheus-prometheus-0,0.0005442812639073285
2026-10-07T15:07:09Z,config-reloader,monitoring,prometheus-monitoring-kube-prometheus-prometheus-0,0.0004503340847701962
2026-10-07T15:07:24Z,config-reloader,monitoring,prometheus-monitoring-kube-prometheus-prometheus-0,0.00017788280901676604
2026-10-07T15:07:39Z,config-reloader,monitoring,prometheus-monitoring-kube-prometheus-prometheus-0,0.00021326183355675673
2026-10-07T15:07:54Z,config-reloader,monitoring,prometheus-monitoring-kube-prometheus-prometheus-0,0.0003258599757183036
2026-10-07T15:08:09Z,config-reloader,monitoring,prometheus-monitoring-kube-prometheus-prometheus-0,0.0003735093778023832
2026-10-07T15:08:24Z,config-reloader,monitoring,prometheus-monitoring-kube-prometheus-prometheus-0,0.0003851687880465844
2026-10-07T15:08:39Z,config-reloader,monitoring,prometheus-monitoring-kube-prometheus-prometheus-0,0.0003656005512991429
2026-10-07T15:08:54Z,config-reloader,monitoring,prometheus-monitoring-kube-prometheus-prometheus-0,0.0003721538319141486
2026-10-07T15:09:09Z,config-reloader,monitoring,prometheus-monitoring-kube-prometheus-prometheus-0,0.00037754275531696265
2026-10-07T15:09:24Z,config-reloader,monitoring,prometheus-monitoring-kube-prometheus-prometheus-0,0.0003895758696405783
2026-10-07T15:09:39Z,config-reloader,monitoring,prometheus-monitoring-kube-prometheus-prometheus-0,0.0003864425645591944
2026-10-07T15:09:54Z,config-reloader,monitoring,prometheus-monitoring-kube-prometheus-prometheus-0,0.0003338048757484506
2026-10-07T15:10:09Z,config-reloader,monitoring,prometheus-monitoring-kube-prometheus-prometheus-0,0.00023333701169732173
2026-10-07T15:10:24Z,config-reloader,monitoring,prometheus-monitoring-kube-prometheus-prometheus-0,0.00018029805625759967
2026-10-07T15:10:39Z,config-reloader,monitoring,prometheus-monitoring-kube-prometheus-prometheus-0,0.0002712330733529019
2026-10-07T15:10:54Z,config-reloader,monitoring,prometheus-monitoring-kube-prometheus-prometheus-0,0.0002648004885993845
2026-10-07T15:11:09Z,config-reloader,monitoring,prometheus-monitoring-kube-prometheus-prometheus-0,0.00027608574919471025
2026-10-07T15:11:24Z,config-reloader,monitoring,prometheus-monitoring-kube-prometheus-prometheus-0,0.0002675039601719312
2026-10-07T15:11:39Z,config-reloader,monitoring,prometheus-monitoring-kube-prometheus-prometheus-0,0.00023458288385474232
2026-10-07T15:11:54Z,config-reloader,monitoring,prometheus-monitoring-kube-prometheus-prometheus-0,0.00035938359933960134
2026-10-07T15:12:09Z,config-reloader,monitoring,prometheus-monitoring-kube-prometheus-prometheus-0,0.0003073572756114845
2026-10-07T15:12:24Z,config-reloader,monitoring,prometheus-monitoring-kube-prometheus-prometheus-0,0.0005839871929165435
2026-10-07T15:12:39Z,config-reloader,monitoring,prometheus-monitoring-kube-prometheus-prometheus-0,0.000509398164489858
2026-10-07T15:12:54Z,config-reloader,monitoring,prometheus-monitoring-kube-prometheus-prometheus-0,0.0005877461603693936
2026-10-07T15:13:09Z,config-reloader,monitoring,prometheus-monitoring-kube-prometheus-prometheus-0,0.00019047619047612098
2026-10-07T15:13:24Z,config-reloader,monitoring,prometheus-monitoring-kube-prometheus-prometheus-0,0.0002687873315739353
2026-10-07T15:13:39Z,config-reloader,monitoring,prometheus-monitoring-kube-prometheus-prometheus-0,0.0001818725145393325
2026-10-07T15:13:54Z,config-reloader,monitoring,prometheus-monitoring-kube-prometheus-prometheus-0,0.00030947506760684566
2026-10-07T15:14:09Z,config-reloader,monitoring,prometheus-monitoring-kube-prometheus-prometheus-0,0.0002381502579535164
2026-10-07T15:14:24Z,config-reloader,monitoring,prometheus-monitoring-kube-prometheus-prometheus-0,0.00029001079045839757
2026-10-07T15:14:39Z,config-reloader,monitoring,prometheus-monitoring-kube-prometheus-prometheus-0,0.0004194454994303771
2026-10-07T15:14:54Z,config-reloader,monitoring,prometheus-monitoring-kube-prometheus-prometheus-0,0.0005074777958169222
2026-10-07T15:15:09Z,config-reloader,monitoring,prometheus-monitoring-kube-prometheus-prometheus-0,0.0005404389596815744
2026-10-07T15:15:24Z,config-reloader,monitoring,prometheus-monitoring-kube-prometheus-prometheus-0,0.0005388887762754586
2026-10-07T15:15:39Z,config-reloader,monitoring,prometheus-monitoring-kube-prometheus-prometheus-0,0.0004956006768190443
2026-10-07T15:15:54Z,config-reloader,monitoring,prometheus-monitoring-kube-prometheus-prometheus-0,0.00044259837865233696
2026-10-07T15:16:09Z,config-reloader,monitoring,prometheus-monitoring-kube-prometheus-prometheus-0,0.00027553993210211987
2026-10-07T15:16:24Z,config-reloader,monitoring,prometheus-monitoring-kube-prometheus-prometheus-0,0.00023958599261132872
2026-10-07T15:16:39Z,config-reloader,monitoring,prometheus-monitoring-kube-prometheus-prometheus-0,0.0002721710811166514
2026-10-07T15:16:54Z,config-reloader,monitoring,prometheus-monitoring-kube-prometheus-prometheus-0,0.00017488059894152724
2026-10-07T15:17:09Z,config-reloader,monitoring,prometheus-monitoring-kube-prometheus-prometheus-0,0.0001816646680209208
2026-10-07T15:17:24Z,config-reloader,monitoring,prometheus-monitoring-kube-prometheus-prometheus-0,0.00019018404907981097
2026-10-07T15:17:39Z,config-reloader,monitoring,prometheus-monitoring-kube-prometheus-prometheus-0,0.00038586324662119234
2026-10-07T15:17:54Z,config-reloader,monitoring,prometheus-monitoring-kube-prometheus-prometheus-0,0.00037424931972788387
2026-10-07T15:18:09Z,config-reloader,monitoring,prometheus-monitoring-kube-prometheus-prometheus-0,0.0004509152573870579
2026-10-07T15:18:24Z,config-reloader,monitoring,prometheus-monitoring-kube-prometheus-prometheus-0,0.0005890467990083437
2026-10-07T15:18:39Z,config-reloader,monitoring,prometheus-monitoring-kube-prometheus-prometheus-0,0.00039695000000001813
2026-10-07T15:18:54Z,config-reloader,monitoring,prometheus-monitoring-kube-prometheus-prometheus-0,0.00039204431689254294
2026-10-07T15:19:09Z,config-reloader,monitoring,prometheus-monitoring-kube-prometheus-prometheus-0,0.0003850850607260274
2026-10-07T15:19:24Z,config-reloader,monitoring,prometheus-monitoring-kube-prometheus-prometheus-0,0.0002314536191022038
2026-10-07T15:19:39Z,config-reloader,monitoring,prometheus-monitoring-kube-prometheus-prometheus-0,0.0002828518921619337
2026-10-07T15:19:54Z,config-reloader,monitoring,prometheus-monitoring-kube-prometheus-prometheus-0,0.0002449088812945624
2026-10-07T15:20:09Z,config-reloader,monitoring,prometheus-monitoring-kube-prometheus-prometheus-0,0.0003007471102340333
2026-10-07T15:20:24Z,config-reloader,monitoring,prometheus-monitoring-kube-prometheus-prometheus-0,0.00027093748617439264
2026-10-07T15:20:39Z,config-reloader,monitoring,prometheus-monitoring-kube-prometheus-prometheus-0,0.00038572021002042226
2026-10-07T15:20:54Z,config-reloader,monitoring,prometheus-monitoring-kube-prometheus-prometheus-0,0.00047196704067323854
2026-10-07T15:21:09Z,config-reloader,monitoring,prometheus-monitoring-kube-prometheus-prometheus-0,0.0005220014975994387
2026-10-07T15:21:24Z,config-reloader,monitoring,prometheus-monitoring-kube-prometheus-prometheus-0,0.0003576350278156461
2026-10-07T15:21:39Z,config-reloader,monitoring,prometheus-monitoring-kube-prometheus-prometheus-0,0.000607794191066369
2026-10-07T15:21:54Z,config-reloader,monitoring,prometheus-monitoring-kube-prometheus-prometheus-0,0.0005544381285527608
2026-10-07T15:22:09Z,config-reloader,monitoring,prometheus-monitoring-kube-prometheus-prometheus-0,0.0002913249721596437
2026-10-07T15:22:24Z,config-reloader,monitoring,prometheus-monitoring-kube-prometheus-prometheus-0,0.00031286194574986774
2026-10-07T15:22:39Z,config-reloader,monitoring,prometheus-monitoring-kube-prometheus-prometheus-0,0.0003425512276167008
2026-10-07T15:22:54Z,config-reloader,monitoring,prometheus-monitoring-kube-prometheus-prometheus-0,0.000327115436604442
2026-10-07T15:23:09Z,config-reloader,monitoring,prometheus-monitoring-kube-prometheus-prometheus-0,0.0003274307865221213
2026-10-07T15:23:24Z,config-reloader,monitoring,prometheus-monitoring-kube-prometheus-prometheus-0,0.0002908784163761512
2026-10-07T15:23:39Z,config-reloader,monitoring,prometheus-monitoring-kube-prometheus-prometheus-0,0.0001894136939165717
2026-10-07T15:23:54Z,config-reloader,monitoring,prometheus-monitoring-kube-prometheus-prometheus-0,0.00032091471644284315
2026-10-07T15:24:09Z,config-reloader,monitoring,prometheus-monitoring-kube-prometheus-prometheus-0,0.00038535493865111335
2026-10-07T15:24:24Z,config-reloader,monitoring,prometheus-monitoring-kube-prometheus-prometheus-0,0.0004260808629916428
2026-10-07T15:24:39Z,config-reloader,monitoring,prometheus-monitoring-kube-prometheus-prometheus-0,0.0005829343436447258
2026-10-07T15:24:54Z,config-reloader,monitoring,prometheus-monitoring-kube-prometheus-prometheus-0,0.00045815275388199896
2026-10-07T15:25:09Z,config-reloader,monitoring,prometheus-monitoring-kube-prometheus-prometheus-0,0.00046718275075975646
2026-10-07T15:25:24Z,config-reloader,monitoring,prometheus-monitoring-kube-prometheus-prometheus-0,0.0002446670461011942
2026-10-07T15:25:39Z,config-reloader,monitoring,prometheus-monitoring-kube-prometheus-prometheus-0,0.00028969458128078366
2026-10-07T15:25:54Z,config-reloader,monitoring,prometheus-monitoring-kube-prometheus-prometheus-0,0.0003009549029048834
2026-10-07T15:26:09Z,config-reloader,monitoring,prometheus-monitoring-kube-prometheus-prometheus-0,0.0001806571605704425
2026-10-07T15:26:24Z,config-reloader,monitoring,prometheus-monitoring-kube-prometheus-prometheus-0,0.0001844023705878026
2026-10-07T15:26:39Z,config-reloader,monitoring,prometheus-monitoring-kube-prometheus-prometheus-0,0.00016771398648011404
2026-10-07T15:26:54Z,config-reloader,monitoring,prometheus-monitoring-kube-prometheus-prometheus-0,0.0004239137397246132
2026-10-07T15:27:09Z,config-reloader,monitoring,prometheus-monitoring-kube-prometheus-prometheus-0,0.0005482558831699575
2026-10-07T15:27:24Z,config-reloader,monitoring,prometheus-monitoring-kube-prometheus-prometheus-0,0.0005147732089867306
2026-10-07T15:27:39Z,config-reloader,monitoring,prometheus-monitoring-kube-prometheus-prometheus-0,0.0005137480628734719
2026-10-07T15:27:54Z,config-reloader,monitoring,prometheus-monitoring-kube-prometheus-prometheus-0,0.00035687704299738226
2026-10-07T15:28:09Z,config-reloader,monitoring,prometheus-monitoring-kube-prometheus-prometheus-0,0.0004917890562062856
2026-10-07T15:28:24Z,config-reloader,monitoring,prometheus-monitoring-kube-prometheus-prometheus-0,0.00029232229287281424
2026-10-07T15:28:39Z,config-reloader,monitoring,prometheus-monitoring-kube-prometheus-prometheus-0,0.0003498554231692214
2026-10-07T15:28:54Z,config-reloader,monitoring,prometheus-monitoring-kube-prometheus-prometheus-0,0.0003151522898254839
2026-10-07T15:29:09Z,config-reloader,monitoring,prometheus-monitoring-kube-prometheus-prometheus-0,0.0002977987493413565
2026-10-07T15:29:24Z,config-reloader,monitoring,prometheus-monitoring-kube-prometheus-prometheus-0,0.00029578908524324944
2026-10-07T15:29:39Z,config-reloader,monitoring,prometheus-monitoring-kube-prometheus-prometheus-0,0.00037259958071275185
2026-10-07T15:29:54Z,config-reloader,monitoring,prometheus-monitoring-kube-prometheus-prometheus-0,0.00042020085420766
2026-10-07T15:30:09Z,config-reloader,monitoring,prometheus-monitoring-kube-prometheus-prometheus-0,0.0003473338203068562
2026-10-07T15:30:24Z,config-reloader,monitoring,prometheus-monitoring-kube-prometheus-prometheus-0,0.0004566067240030633
2026-10-07T15:30:39Z,config-reloader,monitoring,prometheus-monitoring-kube-prometheus-prometheus-0,0.0005123464225486657
2026-10-07T15:30:54Z,config-reloader,monitoring,prometheus-monitoring-kube-prometheus-prometheus-0,0.0005543900895197307
2026-10-07T15:31:09Z,config-reloader,monitoring,prometheus-monitoring-kube-prometheus-prometheus-0,0.00032632376827286227
2026-10-07T15:31:24Z,config-reloader,monitoring,prometheus-monitoring-kube-prometheus-prometheus-0,0.000299955549066931
2026-10-07T15:31:39Z,config-reloader,monitoring,prometheus-monitoring-kube-prometheus-prometheus-0,0.0003056251436132112
2026-10-07T15:31:54Z,config-reloader,monitoring,prometheus-monitoring-kube-prometheus-prometheus-0,0.0002719945413451128
2026-10-07T15:32:09Z,config-reloader,monitoring,prometheus-monitoring-kube-prometheus-prometheus-0,0.0002228878607150877
2026-10-07T15:32:24Z,config-reloader,monitoring,prometheus-monitoring-kube-prometheus-prometheus-0,0.00026947671883720926
2026-10-07T15:32:39Z,config-reloader,monitoring,prometheus-monitoring-kube-prometheus-prometheus-0,0.0003258320949213069
2026-10-07T15:32:54Z,config-reloader,monitoring,prometheus-monitoring-kube-prometheus-prometheus-0,0.0005118458068865202
2026-10-07T15:33:09Z,config-reloader,monitoring,prometheus-monitoring-kube-prometheus-prometheus-0,0.00042910454829592676
2026-10-07T15:33:24Z,config-reloader,monitoring,prometheus-monitoring-kube-prometheus-prometheus-0,0.0001379813340287273
2026-10-07T15:33:39Z,config-reloader,monitoring,prometheus-monitoring-kube-prometheus-prometheus-0,0.0003937598124849035
2026-10-07T15:33:54Z,config-reloader,monitoring,prometheus-monitoring-kube-prometheus-prometheus-0,0.00039479039445250566
2026-10-07T15:34:09Z,config-reloader,monitoring,prometheus-monitoring-kube-prometheus-prometheus-0,0.00047995787995802413
2026-10-07T15:34:24Z,config-reloader,monitoring,prometheus-monitoring-kube-prometheus-prometheus-0,0.0002768761768134116
2026-10-07T15:34:39Z,config-reloader,monitoring,prometheus-monitoring-kube-prometheus-prometheus-0,0.0002585502702255695
2026-10-07T15:34:54Z,config-reloader,monitoring,prometheus-monitoring-kube-prometheus-prometheus-0,0.00029305682859756966
2026-10-07T15:35:09Z,config-reloader,monitoring,prometheus-monitoring-kube-prometheus-prometheus-0,0.0003136692676506187
2026-10-07T15:35:24Z,config-reloader,monitoring,prometheus-monitoring-kube-prometheus-prometheus-0,0.0002741190919871672
2026-10-07T15:35:39Z,config-reloader,monitoring,prometheus-monitoring-kube-prometheus-prometheus-0,0.00038604362734370956
2026-10-07T15:35:54Z,config-reloader,monitoring,prometheus-monitoring-kube-prometheus-prometheus-0,0.00041218980614080437
2026-10-07T15:36:09Z,config-reloader,monitoring,prometheus-monitoring-kube-prometheus-prometheus-0,0.00039512130039361494
2026-10-07T15:36:24Z,config-reloader,monitoring,prometheus-monitoring-kube-prometheus-prometheus-0,0.0005369316185255268
2026-10-07T15:36:39Z,config-reloader,monitoring,prometheus-monitoring-kube-prometheus-prometheus-0,0.0004425966986942362
2026-10-07T15:36:54Z,config-reloader,monitoring,prometheus-monitoring-kube-prometheus-prometheus-0,0.0005040493788331051
2026-10-07T15:37:09Z,config-reloader,monitoring,prometheus-monitoring-kube-prometheus-prometheus-0,0.00023406993782419783
2026-10-07T15:37:24Z,config-reloader,monitoring,prometheus-monitoring-kube-prometheus-prometheus-0,0.0002985497582930916
2026-10-07T15:37:39Z,config-reloader,monitoring,prometheus-monitoring-kube-prometheus-prometheus-0,0.0002698728748660423
2026-10-07T15:37:54Z,config-reloader,monitoring,prometheus-monitoring-kube-prometheus-prometheus-0,0.00027868502254926815
2026-10-07T15:38:09Z,config-reloader,monitoring,prometheus-monitoring-kube-prometheus-prometheus-0,0.0002076764766411943
2026-10-07T15:38:24Z,config-reloader,monitoring,prometheus-monitoring-kube-prometheus-prometheus-0,0.0002015438720664148
2026-10-07T15:38:39Z,config-reloader,monitoring,prometheus-monitoring-kube-prometheus-prometheus-0,0.00016069599052095647
2026-10-07T15:38:54Z,config-reloader,monitoring,prometheus-monitoring-kube-prometheus-prometheus-0,0.0004473040041322306
2026-10-07T15:39:09Z,config-reloader,monitoring,prometheus-monitoring-kube-prometheus-prometheus-0,0.00045863161860859955
2026-10-07T15:39:24Z,config-reloader,monitoring,prometheus-monitoring-kube-prometheus-prometheus-0,0.00037950216585073623
2026-10-07T15:39:39Z,config-reloader,monitoring,prometheus-monitoring-kube-prometheus-prometheus-0,0.00033936143913892584
2026-10-07T15:39:54Z,config-reloader,monitoring,prometheus-monitoring-kube-prometheus-prometheus-0,0.0004743382748667095
2026-10-07T15:05:39Z,coredns,kube-system,coredns-577d995dff-bxxlq,0.002743206919494006
2026-10-07T15:05:54Z,coredns,kube-system,coredns-577d995dff-bxxlq,0.0031103542234357383
2026-10-07T15:06:09Z,coredns,kube-system,coredns-577d995dff-bxxlq,0.0033592496941680693
2026-10-07T15:06:24Z,coredns,kube-system,coredns-577d995dff-bxxlq,0.003236737382330695
2026-10-07T15:06:39Z,coredns,kube-system,coredns-577d995dff-bxxlq,0.0034999315804904478
2026-10-07T15:06:54Z,coredns,kube-system,coredns-577d995dff-bxxlq,0.003553696172482
2026-10-07T15:07:09Z,coredns,kube-system,coredns-577d995dff-bxxlq,0.003707190329629898
2026-10-07T15:07:24Z,coredns,kube-system,coredns-577d995dff-bxxlq,0.0036314260169871583
2026-10-07T15:07:39Z,coredns,kube-system,coredns-577d995dff-bxxlq,0.003345236840440663
2026-10-07T15:07:54Z,coredns,kube-system,coredns-577d995dff-bxxlq,0.0034033586684215945
2026-10-07T15:08:09Z,coredns,kube-system,coredns-577d995dff-bxxlq,0.003277491780584711
2026-10-07T15:08:24Z,coredns,kube-system,coredns-577d995dff-bxxlq,0.003591938451247103
2026-10-07T15:08:39Z,coredns,kube-system,coredns-577d995dff-bxxlq,0.0034083578702826063
2026-10-07T15:08:54Z,coredns,kube-system,coredns-577d995dff-bxxlq,0.003395884171138898
2026-10-07T15:09:09Z,coredns,kube-system,coredns-577d995dff-bxxlq,0.003329310137251914
2026-10-07T15:09:24Z,coredns,kube-system,coredns-577d995dff-bxxlq,0.003210606213946801
2026-10-07T15:09:39Z,coredns,kube-system,coredns-577d995dff-bxxlq,0.0030879016054072604
2026-10-07T15:09:54Z,coredns,kube-system,coredns-577d995dff-bxxlq,0.003324299654445587
2026-10-07T15:10:09Z,coredns,kube-system,coredns-577d995dff-bxxlq,0.0033252796330574493
2026-10-07T15:10:24Z,coredns,kube-system,coredns-577d995dff-bxxlq,0.0033779015176319915
2026-10-07T15:10:39Z,coredns,kube-system,coredns-577d995dff-bxxlq,0.0030795660396124077
2026-10-07T15:10:54Z,coredns,kube-system,coredns-577d995dff-bxxlq,0.00332695429498919
2026-10-07T15:11:09Z,coredns,kube-system,coredns-577d995dff-bxxlq,0.0031872556927481804
2026-10-07T15:11:24Z,coredns,kube-system,coredns-577d995dff-bxxlq,0.0033265172327694567
2026-10-07T15:11:39Z,coredns,kube-system,coredns-577d995dff-bxxlq,0.002975158771472899
2026-10-07T15:11:54Z,coredns,kube-system,coredns-577d995dff-bxxlq,0.003368047742503061
2026-10-07T15:12:09Z,coredns,kube-system,coredns-577d995dff-bxxlq,0.0028257995854856677
2026-10-07T15:12:24Z,coredns,kube-system,coredns-577d995dff-bxxlq,0.0028517836863466745
2026-10-07T15:12:39Z,coredns,kube-system,coredns-577d995dff-bxxlq,0.0030807872848542116
2026-10-07T15:12:54Z,coredns,kube-system,coredns-577d995dff-bxxlq,0.003231774267749992
2026-10-07T15:13:09Z,coredns,kube-system,coredns-577d995dff-bxxlq,0.002716292345665251
2026-10-07T15:13:24Z,coredns,kube-system,coredns-577d995dff-bxxlq,0.0033019449934428235
2026-10-07T15:13:39Z,coredns,kube-system,coredns-577d995dff-bxxlq,0.0031618405055063355
2026-10-07T15:13:54Z,coredns,kube-system,coredns-577d995dff-bxxlq,0.003634036358469924
2026-10-07T15:14:09Z,coredns,kube-system,coredns-577d995dff-bxxlq,0.0035204554258671376
2026-10-07T15:14:24Z,coredns,kube-system,coredns-577d995dff-bxxlq,0.0036204614559105877
2026-10-07T15:14:39Z,coredns,kube-system,coredns-577d995dff-bxxlq,0.0029619338400044192
2026-10-07T15:14:54Z,coredns,kube-system,coredns-577d995dff-bxxlq,0.003067535836482023
2026-10-07T15:15:09Z,coredns,kube-system,coredns-577d995dff-bxxlq,0.003043861959958529
2026-10-07T15:15:24Z,coredns,kube-system,coredns-577d995dff-bxxlq,0.0032393006899931053
2026-10-07T15:15:39Z,coredns,kube-system,coredns-577d995dff-bxxlq,0.003419654537794669
2026-10-07T15:15:54Z,coredns,kube-system,coredns-577d995dff-bxxlq,0.002837033117085417
2026-10-07T15:16:09Z,coredns,kube-system,coredns-577d995dff-bxxlq,0.0034748162645790244
2026-10-07T15:16:24Z,coredns,kube-system,coredns-577d995dff-bxxlq,0.0032929016073576472
2026-10-07T15:16:39Z,coredns,kube-system,coredns-577d995dff-bxxlq,0.0032546493462014547
2026-10-07T15:16:54Z,coredns,kube-system,coredns-577d995dff-bxxlq,0.003308718784862143
2026-10-07T15:17:09Z,coredns,kube-system,coredns-577d995dff-bxxlq,0.0032498381577741003
2026-10-07T15:17:24Z,coredns,kube-system,coredns-577d995dff-bxxlq,0.00317343834744354
2026-10-07T15:17:39Z,coredns,kube-system,coredns-577d995dff-bxxlq,0.0031641248448307196
2026-10-07T15:17:54Z,coredns,kube-system,coredns-577d995dff-bxxlq,0.0036073769793972133
2026-10-07T15:18:09Z,coredns,kube-system,coredns-577d995dff-bxxlq,0.0032602784437925554
2026-10-07T15:18:24Z,coredns,kube-system,coredns-577d995dff-bxxlq,0.0038074812967584335
2026-10-07T15:18:39Z,coredns,kube-system,coredns-577d995dff-bxxlq,0.003442689604925833
2026-10-07T15:18:54Z,coredns,kube-system,coredns-577d995dff-bxxlq,0.002769583684611299
2026-10-07T15:19:09Z,coredns,kube-system,coredns-577d995dff-bxxlq,0.0033631514593047518
2026-10-07T15:19:24Z,coredns,kube-system,coredns-577d995dff-bxxlq,0.0033248052888963085
2026-10-07T15:19:39Z,coredns,kube-system,coredns-577d995dff-bxxlq,0.003122168181237892
2026-10-07T15:19:54Z,coredns,kube-system,coredns-577d995dff-bxxlq,0.0031165390577295765
2026-10-07T15:20:09Z,coredns,kube-system,coredns-577d995dff-bxxlq,0.003135590775128835
2026-10-07T15:20:24Z,coredns,kube-system,coredns-577d995dff-bxxlq,0.002794443073038348
2026-10-07T15:20:39Z,coredns,kube-system,coredns-577d995dff-bxxlq,0.003250103416893377
2026-10-07T15:20:54Z,coredns,kube-system,coredns-577d995dff-bxxlq,0.0037047787334660858
2026-10-07T15:21:09Z,coredns,kube-system,coredns-577d995dff-bxxlq,0.003713466118209306
2026-10-07T15:21:24Z,coredns,kube-system,coredns-577d995dff-bxxlq,0.0036313791008510464
2026-10-07T15:21:39Z,coredns,kube-system,coredns-577d995dff-bxxlq,0.0032800870463590304
2026-10-07T15:21:54Z,coredns,kube-system,coredns-577d995dff-bxxlq,0.003139924855636113
2026-10-07T15:22:09Z,coredns,kube-system,coredns-577d995dff-bxxlq,0.003121360550417701
2026-10-07T15:22:24Z,coredns,kube-system,coredns-577d995dff-bxxlq,0.0030263441555652593
2026-10-07T15:22:39Z,coredns,kube-system,coredns-577d995dff-bxxlq,0.003294821909606639
2026-10-07T15:22:54Z,coredns,kube-system,coredns-577d995dff-bxxlq,0.003287465809297609
2026-10-07T15:23:09Z,coredns,kube-system,coredns-577d995dff-bxxlq,0.003724288439924201
2026-10-07T15:23:24Z,coredns,kube-system,coredns-577d995dff-bxxlq,0.0035817679818771985
2026-10-07T15:23:39Z,coredns,kube-system,coredns-577d995dff-bxxlq,0.0035125481940538055
2026-10-07T15:23:54Z,coredns,kube-system,coredns-577d995dff-bxxlq,0.00318338810490507
2026-10-07T15:24:09Z,coredns,kube-system,coredns-577d995dff-bxxlq,0.003320573008074221
2026-10-07T15:24:24Z,coredns,kube-system,coredns-577d995dff-bxxlq,0.0033966138893262166
2026-10-07T15:24:39Z,coredns,kube-system,coredns-577d995dff-bxxlq,0.0034937553968955558
2026-10-07T15:24:54Z,coredns,kube-system,coredns-577d995dff-bxxlq,0.0032272819103788515
2026-10-07T15:25:09Z,coredns,kube-system,coredns-577d995dff-bxxlq,0.0031244217386039285
2026-10-07T15:25:24Z,coredns,kube-system,coredns-577d995dff-bxxlq,0.003143567931946018
2026-10-07T15:25:39Z,coredns,kube-system,coredns-577d995dff-bxxlq,0.0032913575911873525
2026-10-07T15:25:54Z,coredns,kube-system,coredns-577d995dff-bxxlq,0.0037642513618864042
2026-10-07T15:26:09Z,coredns,kube-system,coredns-577d995dff-bxxlq,0.003636264187065866
2026-10-07T15:26:24Z,coredns,kube-system,coredns-577d995dff-bxxlq,0.0037074024876226183
2026-10-07T15:26:39Z,coredns,kube-system,coredns-577d995dff-bxxlq,0.0032686331264044285
2026-10-07T15:26:54Z,coredns,kube-system,coredns-577d995dff-bxxlq,0.0034361272530267525
2026-10-07T15:27:09Z,coredns,kube-system,coredns-577d995dff-bxxlq,0.003278996566194
2026-10-07T15:27:24Z,coredns,kube-system,coredns-577d995dff-bxxlq,0.0036387318349615544
2026-10-07T15:27:39Z,coredns,kube-system,coredns-577d995dff-bxxlq,0.00343552700702275
2026-10-07T15:27:54Z,coredns,kube-system,coredns-577d995dff-bxxlq,0.003538084076321959
2026-10-07T15:28:09Z,coredns,kube-system,coredns-577d995dff-bxxlq,0.0033489205927331434
2026-10-07T15:28:24Z,coredns,kube-system,coredns-577d995dff-bxxlq,0.003304360451046018
2026-10-07T15:28:39Z,coredns,kube-system,coredns-577d995dff-bxxlq,0.00311832310304504
2026-10-07T15:28:54Z,coredns,kube-system,coredns-577d995dff-bxxlq,0.0030882407665834065
2026-10-07T15:29:09Z,coredns,kube-system,coredns-577d995dff-bxxlq,0.0032953474021966823
2026-10-07T15:29:24Z,coredns,kube-system,coredns-577d995dff-bxxlq,0.0033888749947894006
2026-10-07T15:29:39Z,coredns,kube-system,coredns-577d995dff-bxxlq,0.0035171145055196266
2026-10-07T15:29:54Z,coredns,kube-system,coredns-577d995dff-bxxlq,0.0033890701298698875
2026-10-07T15:30:09Z,coredns,kube-system,coredns-577d995dff-bxxlq,0.003320390405013625
2026-10-07T15:30:24Z,coredns,kube-system,coredns-577d995dff-bxxlq,0.003162710080220813
2026-10-07T15:30:39Z,coredns,kube-system,coredns-577d995dff-bxxlq,0.003135224760502451
2026-10-07T15:30:54Z,coredns,kube-system,coredns-577d995dff-bxxlq,0.003045214155813673
2026-10-07T15:31:09Z,coredns,kube-system,coredns-577d995dff-bxxlq,0.0030159761589992526
2026-10-07T15:31:24Z,coredns,kube-system,coredns-577d995dff-bxxlq,0.0034392584606922866
2026-10-07T15:31:39Z,coredns,kube-system,coredns-577d995dff-bxxlq,0.003533672230999674
2026-10-07T15:31:54Z,coredns,kube-system,coredns-577d995dff-bxxlq,0.0036634850221784377
2026-10-07T15:32:09Z,coredns,kube-system,coredns-577d995dff-bxxlq,0.003169144896372892
2026-10-07T15:32:24Z,coredns,kube-system,coredns-577d995dff-bxxlq,0.0031834248130967278
2026-10-07T15:32:39Z,coredns,kube-system,coredns-577d995dff-bxxlq,0.0033782344173786697
2026-10-07T15:32:54Z,coredns,kube-system,coredns-577d995dff-bxxlq,0.0028325211239085195
2026-10-07T15:33:09Z,coredns,kube-system,coredns-577d995dff-bxxlq,0.0037297658862895525
2026-10-07T15:33:24Z,coredns,kube-system,coredns-577d995dff-bxxlq,0.003679093646427378
2026-10-07T15:33:39Z,coredns,kube-system,coredns-577d995dff-bxxlq,0.004040156766976936
2026-10-07T15:33:54Z,coredns,kube-system,coredns-577d995dff-bxxlq,0.003860335900996664
2026-10-07T15:34:09Z,coredns,kube-system,coredns-577d995dff-bxxlq,0.003865403365973509
2026-10-07T15:34:24Z,coredns,kube-system,coredns-577d995dff-bxxlq,0.0038444591874084084
2026-10-07T15:34:39Z,coredns,kube-system,coredns-577d995dff-bxxlq,0.003806081542136018
2026-10-07T15:34:54Z,coredns,kube-system,coredns-577d995dff-bxxlq,0.003645211002977457
2026-10-07T15:35:09Z,coredns,kube-system,coredns-577d995dff-bxxlq,0.003440167120496045
2026-10-07T15:35:24Z,coredns,kube-system,coredns-577d995dff-bxxlq,0.0033146556940570927
2026-10-07T15:35:39Z,coredns,kube-system,coredns-577d995dff-bxxlq,0.003988521069391513
2026-10-07T15:35:54Z,coredns,kube-system,coredns-577d995dff-bxxlq,0.003810944041220965
2026-10-07T15:36:09Z,coredns,kube-system,coredns-577d995dff-bxxlq,0.004075795914612017
2026-10-07T15:36:24Z,coredns,kube-system,coredns-577d995dff-bxxlq,0.003336974151041093
2026-10-07T15:36:39Z,coredns,kube-system,coredns-577d995dff-bxxlq,0.003609225824747722
2026-10-07T15:36:54Z,coredns,kube-system,coredns-577d995dff-bxxlq,0.0032656907593784585
2026-10-07T15:37:09Z,coredns,kube-system,coredns-577d995dff-bxxlq,0.0036259978338461373
2026-10-07T15:37:24Z,coredns,kube-system,coredns-577d995dff-bxxlq,0.003377924876846238
2026-10-07T15:37:39Z,coredns,kube-system,coredns-577d995dff-bxxlq,0.0036801236476046552
2026-10-07T15:37:54Z,coredns,kube-system,coredns-577d995dff-bxxlq,0.0033574087203134565
2026-10-07T15:38:09Z,coredns,kube-system,coredns-577d995dff-bxxlq,0.003440357650884395
2026-10-07T15:38:24Z,coredns,kube-system,coredns-577d995dff-bxxlq,0.003305075384080427
2026-10-07T15:38:39Z,coredns,kube-system,coredns-577d995dff-bxxlq,0.003405956717377099
2026-10-07T15:38:54Z,coredns,kube-system,coredns-577d995dff-bxxlq,0.00363105713811396
2026-10-07T15:39:09Z,coredns,kube-system,coredns-577d995dff-bxxlq,0.0034692027150237856
2026-10-07T15:39:24Z,coredns,kube-system,coredns-577d995dff-bxxlq,0.0034493812089586877
2026-10-07T15:39:39Z,coredns,kube-system,coredns-577d995dff-bxxlq,0.00351238758215123
2026-10-07T15:39:54Z,coredns,kube-system,coredns-577d995dff-bxxlq,0.003433431013429841
2026-10-07T15:05:39Z,digital-twin-registry,customer,dtr-7979c5ccb7-rg7w2,0.00218775741731816
2026-10-07T15:05:54Z,digital-twin-registry,customer,dtr-7979c5ccb7-rg7w2,0.0022318755503380402
2026-10-07T15:06:09Z,digital-twin-registry,customer,dtr-7979c5ccb7-rg7w2,0.002557074521652706
2026-10-07T15:06:24Z,digital-twin-registry,customer,dtr-7979c5ccb7-rg7w2,0.0025615261638310197
2026-10-07T15:06:39Z,digital-twin-registry,customer,dtr-7979c5ccb7-rg7w2,0.002602393707967286
2026-10-07T15:06:54Z,digital-twin-registry,customer,dtr-7979c5ccb7-rg7w2,0.0024829577369847237
2026-10-07T15:07:09Z,digital-twin-registry,customer,dtr-7979c5ccb7-rg7w2,0.002546590635992062
2026-10-07T15:07:24Z,digital-twin-registry,customer,dtr-7979c5ccb7-rg7w2,0.0024365429035845616
2026-10-07T15:07:39Z,digital-twin-registry,customer,dtr-7979c5ccb7-rg7w2,0.0023581429325111314
2026-10-07T15:07:54Z,digital-twin-registry,customer,dtr-7979c5ccb7-rg7w2,0.002242778485432916
2026-10-07T15:08:09Z,digital-twin-registry,customer,dtr-7979c5ccb7-rg7w2,0.0022172536871169044
2026-10-07T15:08:24Z,digital-twin-registry,customer,dtr-7979c5ccb7-rg7w2,0.002197886672151262
2026-10-07T15:08:39Z,digital-twin-registry,customer,dtr-7979c5ccb7-rg7w2,0.002302598087550751
2026-10-07T15:08:54Z,digital-twin-registry,customer,dtr-7979c5ccb7-rg7w2,0.0026155064413195496
2026-10-07T15:09:09Z,digital-twin-registry,customer,dtr-7979c5ccb7-rg7w2,0.0026342177575558417
2026-10-07T15:09:24Z,digital-twin-registry,customer,dtr-7979c5ccb7-rg7w2,0.0026927962257304546
2026-10-07T15:09:39Z,digital-twin-registry,customer,dtr-7979c5ccb7-rg7w2,0.0024614826414084026
2026-10-07T15:09:54Z,digital-twin-registry,customer,dtr-7979c5ccb7-rg7w2,0.0020873225921875785
2026-10-07T15:10:09Z,digital-twin-registry,customer,dtr-7979c5ccb7-rg7w2,0.0023875668655213072
2026-10-07T15:10:24Z,digital-twin-registry,customer,dtr-7979c5ccb7-rg7w2,0.0023742261322901655
2026-10-07T15:10:39Z,digital-twin-registry,customer,dtr-7979c5ccb7-rg7w2,0.0015307249999992226
2026-10-07T15:10:54Z,digital-twin-registry,customer,dtr-7979c5ccb7-rg7w2,0.0024688488766470623
2026-10-07T15:11:09Z,digital-twin-registry,customer,dtr-7979c5ccb7-rg7w2,0.0024623316183847266
2026-10-07T15:11:24Z,digital-twin-registry,customer,dtr-7979c5ccb7-rg7w2,0.002440730552711927
2026-10-07T15:11:39Z,digital-twin-registry,customer,dtr-7979c5ccb7-rg7w2,0.002655588205491631
2026-10-07T15:11:54Z,digital-twin-registry,customer,dtr-7979c5ccb7-rg7w2,0.0027414838133720675
2026-10-07T15:12:09Z,digital-twin-registry,customer,dtr-7979c5ccb7-rg7w2,0.0027080913330677116
2026-10-07T15:12:24Z,digital-twin-registry,customer,dtr-7979c5ccb7-rg7w2,0.0024727084040152454
2026-10-07T15:12:39Z,digital-twin-registry,customer,dtr-7979c5ccb7-rg7w2,0.002405362952990644
2026-10-07T15:12:54Z,digital-twin-registry,customer,dtr-7979c5ccb7-rg7w2,0.00235676435023861
2026-10-07T15:13:09Z,digital-twin-registry,customer,dtr-7979c5ccb7-rg7w2,0.002493164818158491
2026-10-07T15:13:24Z,digital-twin-registry,customer,dtr-7979c5ccb7-rg7w2,0.0024500781820080936
2026-10-07T15:13:39Z,digital-twin-registry,customer,dtr-7979c5ccb7-rg7w2,0.0020434641248508224
2026-10-07T15:13:54Z,digital-twin-registry,customer,dtr-7979c5ccb7-rg7w2,0.002286160070588517
2026-10-07T15:14:09Z,digital-twin-registry,customer,dtr-7979c5ccb7-rg7w2,0.00192193828294874
2026-10-07T15:14:24Z,digital-twin-registry,customer,dtr-7979c5ccb7-rg7w2,0.0024168932811567405
2026-10-07T15:14:39Z,digital-twin-registry,customer,dtr-7979c5ccb7-rg7w2,0.002458440165112016
2026-10-07T15:14:54Z,digital-twin-registry,customer,dtr-7979c5ccb7-rg7w2,0.0019972527050106923
2026-10-07T15:15:09Z,digital-twin-registry,customer,dtr-7979c5ccb7-rg7w2,0.00238512327303199
2026-10-07T15:15:24Z,digital-twin-registry,customer,dtr-7979c5ccb7-rg7w2,0.0023240522435531677
2026-10-07T15:15:39Z,digital-twin-registry,customer,dtr-7979c5ccb7-rg7w2,0.002327319819819002
2026-10-07T15:15:54Z,digital-twin-registry,customer,dtr-7979c5ccb7-rg7w2,0.0023104325095067075
2026-10-07T15:16:09Z,digital-twin-registry,customer,dtr-7979c5ccb7-rg7w2,0.0023134955045411203
2026-10-07T15:16:24Z,digital-twin-registry,customer,dtr-7979c5ccb7-rg7w2,0.0023704943693216014
2026-10-07T15:16:39Z,digital-twin-registry,customer,dtr-7979c5ccb7-rg7w2,0.002394412770809957
2026-10-07T15:16:54Z,digital-twin-registry,customer,dtr-7979c5ccb7-rg7w2,0.002486483309826355
2026-10-07T15:17:09Z,digital-twin-registry,customer,dtr-7979c5ccb7-rg7w2,0.0025050047950121637
2026-10-07T15:17:24Z,digital-twin-registry,customer,dtr-7979c5ccb7-rg7w2,0.002354460093897355
2026-10-07T15:17:39Z,digital-twin-registry,customer,dtr-7979c5ccb7-rg7w2,0.002358343111425512
2026-10-07T15:17:54Z,digital-twin-registry,customer,dtr-7979c5ccb7-rg7w2,0.002477101219027554
2026-10-07T15:18:09Z,digital-twin-registry,customer,dtr-7979c5ccb7-rg7w2,0.0023716270514485527
2026-10-07T15:18:24Z,digital-twin-registry,customer,dtr-7979c5ccb7-rg7w2,0.0020028919465958435
2026-10-07T15:18:39Z,digital-twin-registry,customer,dtr-7979c5ccb7-rg7w2,0.002317952266945619
2026-10-07T15:18:54Z,digital-twin-registry,customer,dtr-7979c5ccb7-rg7w2,0.002250375097335592
2026-10-07T15:19:09Z,digital-twin-registry,customer,dtr-7979c5ccb7-rg7w2,0.0019109886905769489
2026-10-07T15:19:24Z,digital-twin-registry,customer,dtr-7979c5ccb7-rg7w2,0.0023920341154974466
2026-10-07T15:19:39Z,digital-twin-registry,customer,dtr-7979c5ccb7-rg7w2,0.002365018748993291
2026-10-07T15:19:54Z,digital-twin-registry,customer,dtr-7979c5ccb7-rg7w2,0.002312186978296758
2026-10-07T15:20:09Z,digital-twin-registry,customer,dtr-7979c5ccb7-rg7w2,0.0025085292851827366
2026-10-07T15:20:24Z,digital-twin-registry,customer,dtr-7979c5ccb7-rg7w2,0.0024662547311775592
2026-10-07T15:20:39Z,digital-twin-registry,customer,dtr-7979c5ccb7-rg7w2,0.00258349950695793
2026-10-07T15:20:54Z,digital-twin-registry,customer,dtr-7979c5ccb7-rg7w2,0.0023884748900717457
2026-10-07T15:21:09Z,digital-twin-registry,customer,dtr-7979c5ccb7-rg7w2,0.002441478952408898
2026-10-07T15:21:24Z,digital-twin-registry,customer,dtr-7979c5ccb7-rg7w2,0.0022635405143023525
2026-10-07T15:21:39Z,digital-twin-registry,customer,dtr-7979c5ccb7-rg7w2,0.002222174350137126
2026-10-07T15:21:54Z,digital-twin-registry,customer,dtr-7979c5ccb7-rg7w2,0.002251974238182836
2026-10-07T15:22:09Z,digital-twin-registry,customer,dtr-7979c5ccb7-rg7w2,0.0023480391029326807
2026-10-07T15:22:24Z,digital-twin-registry,customer,dtr-7979c5ccb7-rg7w2,0.0023306924824649236
2026-10-07T15:22:39Z,digital-twin-registry,customer,dtr-7979c5ccb7-rg7w2,0.002309874769041939
2026-10-07T15:22:54Z,digital-twin-registry,customer,dtr-7979c5ccb7-rg7w2,0.0022400505504862503
2026-10-07T15:23:09Z,digital-twin-registry,customer,dtr-7979c5ccb7-rg7w2,0.00236517242871398
2026-10-07T15:23:24Z,digital-twin-registry,customer,dtr-7979c5ccb7-rg7w2,0.0023145227321697496
2026-10-07T15:23:39Z,digital-twin-registry,customer,dtr-7979c5ccb7-rg7w2,0.0023806235658200858
2026-10-07T15:23:54Z,digital-twin-registry,customer,dtr-7979c5ccb7-rg7w2,0.002257570685768738
2026-10-07T15:24:09Z,digital-twin-registry,customer,dtr-7979c5ccb7-rg7w2,0.002389740939943782
2026-10-07T15:24:24Z,digital-twin-registry,customer,dtr-7979c5ccb7-rg7w2,0.0019383532301728938
2026-10-07T15:24:39Z,digital-twin-registry,customer,dtr-7979c5ccb7-rg7w2,0.0023574449825289018
2026-10-07T15:24:54Z,digital-twin-registry,customer,dtr-7979c5ccb7-rg7w2,0.002264697256512446
2026-10-07T15:25:09Z,digital-twin-registry,customer,dtr-7979c5ccb7-rg7w2,0.002421785981703746
2026-10-07T15:25:24Z,digital-twin-registry,customer,dtr-7979c5ccb7-rg7w2,0.0026346596858641664
2026-10-07T15:25:39Z,digital-twin-registry,customer,dtr-7979c5ccb7-rg7w2,0.0026664243225372228
2026-10-07T15:25:54Z,digital-twin-registry,customer,dtr-7979c5ccb7-rg7w2,0.0025992508621039334
2026-10-07T15:26:09Z,digital-twin-registry,customer,dtr-7979c5ccb7-rg7w2,0.0024128464869611695
2026-10-07T15:26:24Z,digital-twin-registry,customer,dtr-7979c5ccb7-rg7w2,0.0023789717741936
2026-10-07T15:26:39Z,digital-twin-registry,customer,dtr-7979c5ccb7-rg7w2,0.0025623040523431997
2026-10-07T15:26:54Z,digital-twin-registry,customer,dtr-7979c5ccb7-rg7w2,0.002572283878505011
2026-10-07T15:27:09Z,digital-twin-registry,customer,dtr-7979c5ccb7-rg7w2,0.002782036601779823
2026-10-07T15:27:24Z,digital-twin-registry,customer,dtr-7979c5ccb7-rg7w2,0.002508078994614221
2026-10-07T15:27:39Z,digital-twin-registry,customer,dtr-7979c5ccb7-rg7w2,0.002498448275861473
2026-10-07T15:27:54Z,digital-twin-registry,customer,dtr-7979c5ccb7-rg7w2,0.0022746514869896785
2026-10-07T15:28:09Z,digital-twin-registry,customer,dtr-7979c5ccb7-rg7w2,0.0023894413857637577
2026-10-07T15:28:24Z,digital-twin-registry,customer,dtr-7979c5ccb7-rg7w2,0.00233375450123154
2026-10-07T15:28:39Z,digital-twin-registry,customer,dtr-7979c5ccb7-rg7w2,0.00235841631673595
2026-10-07T15:28:54Z,digital-twin-registry,customer,dtr-7979c5ccb7-rg7w2,0.002284478672985884
2026-10-07T15:29:09Z,digital-twin-registry,customer,dtr-7979c5ccb7-rg7w2,0.002429673163140085
2026-10-07T15:29:24Z,digital-twin-registry,customer,dtr-7979c5ccb7-rg7w2,0.0023554328223626235
2026-10-07T15:29:39Z,digital-twin-registry,customer,dtr-7979c5ccb7-rg7w2,0.0024595778676906157
2026-10-07T15:29:54Z,digital-twin-registry,customer,dtr-7979c5ccb7-rg7w2,0.002318606649137426
2026-10-07T15:30:09Z,digital-twin-registry,customer,dtr-7979c5ccb7-rg7w2,0.002398359085419694
2026-10-07T15:30:24Z,digital-twin-registry,customer,dtr-7979c5ccb7-rg7w2,0.0024334846001936904
2026-10-07T15:30:39Z,digital-twin-registry,customer,dtr-7979c5ccb7-rg7w2,0.0024885448554205496
2026-10-07T15:30:54Z,digital-twin-registry,customer,dtr-7979c5ccb7-rg7w2,0.002424748322147862
2026-10-07T15:31:09Z,digital-twin-registry,customer,dtr-7979c5ccb7-rg7w2,0.002331659876462003
2026-10-07T15:31:24Z,digital-twin-registry,customer,dtr-7979c5ccb7-rg7w2,0.00217911101944001
2026-10-07T15:31:39Z,digital-twin-registry,customer,dtr-7979c5ccb7-rg7w2,0.0023053978260364357
2026-10-07T15:31:54Z,digital-twin-registry,customer,dtr-7979c5ccb7-rg7w2,0.0014523000000011166
2026-10-07T15:32:09Z,digital-twin-registry,customer,dtr-7979c5ccb7-rg7w2,0.0024131528116914233
2026-10-07T15:32:24Z,digital-twin-registry,customer,dtr-7979c5ccb7-rg7w2,0.00203665563416466
2026-10-07T15:32:39Z,digital-twin-registry,customer,dtr-7979c5ccb7-rg7w2,0.0022246153278226576
2026-10-07T15:32:54Z,digital-twin-registry,customer,dtr-7979c5ccb7-rg7w2,0.002487910475141634
2026-10-07T15:33:09Z,digital-twin-registry,customer,dtr-7979c5ccb7-rg7w2,0.0024575161887144463
2026-10-07T15:33:24Z,digital-twin-registry,customer,dtr-7979c5ccb7-rg7w2,0.0023488744065756407
2026-10-07T15:33:39Z,digital-twin-registry,customer,dtr-7979c5ccb7-rg7w2,0.0023337223891931108
2026-10-07T15:33:54Z,digital-twin-registry,customer,dtr-7979c5ccb7-rg7w2,0.0022596726638186024
2026-10-07T15:34:09Z,digital-twin-registry,customer,dtr-7979c5ccb7-rg7w2,0.0024442629775512227
2026-10-07T15:34:24Z,digital-twin-registry,customer,dtr-7979c5ccb7-rg7w2,0.0023932653123767624
2026-10-07T15:34:39Z,digital-twin-registry,customer,dtr-7979c5ccb7-rg7w2,0.002405615626090332
2026-10-07T15:34:54Z,digital-twin-registry,customer,dtr-7979c5ccb7-rg7w2,0.0023946875998356793
2026-10-07T15:35:09Z,digital-twin-registry,customer,dtr-7979c5ccb7-rg7w2,0.002425720940283702
2026-10-07T15:35:24Z,digital-twin-registry,customer,dtr-7979c5ccb7-rg7w2,0.0024079392198924658
2026-10-07T15:35:39Z,digital-twin-registry,customer,dtr-7979c5ccb7-rg7w2,0.002000620685263433
2026-10-07T15:35:54Z,digital-twin-registry,customer,dtr-7979c5ccb7-rg7w2,0.0019849869293658046
2026-10-07T15:36:09Z,digital-twin-registry,customer,dtr-7979c5ccb7-rg7w2,0.002340854149878866
2026-10-07T15:36:24Z,digital-twin-registry,customer,dtr-7979c5ccb7-rg7w2,0.0019929459851707855
2026-10-07T15:36:39Z,digital-twin-registry,customer,dtr-7979c5ccb7-rg7w2,0.002076926743033078
2026-10-07T15:36:54Z,digital-twin-registry,customer,dtr-7979c5ccb7-rg7w2,0.00238394723093005
2026-10-07T15:37:09Z,digital-twin-registry,customer,dtr-7979c5ccb7-rg7w2,0.002224284566584228
2026-10-07T15:37:24Z,digital-twin-registry,customer,dtr-7979c5ccb7-rg7w2,0.002210749063670959
2026-10-07T15:37:39Z,digital-twin-registry,customer,dtr-7979c5ccb7-rg7w2,0.00220659738957804
2026-10-07T15:37:54Z,digital-twin-registry,customer,dtr-7979c5ccb7-rg7w2,0.002243733651885944
2026-10-07T15:38:09Z,digital-twin-registry,customer,dtr-7979c5ccb7-rg7w2,0.002335399230942116
2026-10-07T15:38:24Z,digital-twin-registry,customer,dtr-7979c5ccb7-rg7w2,0.0027578425617954083
2026-10-07T15:38:39Z,digital-twin-registry,customer,dtr-7979c5ccb7-rg7w2,0.00290949255238616
2026-10-07T15:38:54Z,digital-twin-registry,customer,dtr-7979c5ccb7-rg7w2,0.002873573710635479
2026-10-07T15:39:09Z,digital-twin-registry,customer,dtr-7979c5ccb7-rg7w2,0.00243113427315706
2026-10-07T15:39:24Z,digital-twin-registry,customer,dtr-7979c5ccb7-rg7w2,0.0025151443850260488
2026-10-07T15:39:39Z,digital-twin-registry,customer,dtr-7979c5ccb7-rg7w2,0.0026428867935712045
2026-10-07T15:39:54Z,digital-twin-registry,customer,dtr-7979c5ccb7-rg7w2,0.0025942113669122392
2026-10-07T15:05:39Z,digital-twin-registry,supplier,dtr-d4f6c5bc5-nzx89,0.0023275412522815635
2026-10-07T15:05:54Z,digital-twin-registry,supplier,dtr-d4f6c5bc5-nzx89,0.002050720099027864
2026-10-07T15:06:09Z,digital-twin-registry,supplier,dtr-d4f6c5bc5-nzx89,0.002583265007644089
2026-10-07T15:06:24Z,digital-twin-registry,supplier,dtr-d4f6c5bc5-nzx89,0.002633451791977598
2026-10-07T15:06:39Z,digital-twin-registry,supplier,dtr-d4f6c5bc5-nzx89,0.0029732820935124238
2026-10-07T15:06:54Z,digital-twin-registry,supplier,dtr-d4f6c5bc5-nzx89,0.0028872568881686193
2026-10-07T15:07:09Z,digital-twin-registry,supplier,dtr-d4f6c5bc5-nzx89,0.0028482443240197505
2026-10-07T15:07:24Z,digital-twin-registry,supplier,dtr-d4f6c5bc5-nzx89,0.002967096903631614
2026-10-07T15:07:39Z,digital-twin-registry,supplier,dtr-d4f6c5bc5-nzx89,0.0027405237685140106
2026-10-07T15:07:54Z,digital-twin-registry,supplier,dtr-d4f6c5bc5-nzx89,0.0030364616759333265
2026-10-07T15:08:09Z,digital-twin-registry,supplier,dtr-d4f6c5bc5-nzx89,0.003020693139832081
2026-10-07T15:08:24Z,digital-twin-registry,supplier,dtr-d4f6c5bc5-nzx89,0.02208989174066284
2026-10-07T15:08:39Z,digital-twin-registry,supplier,dtr-d4f6c5bc5-nzx89,0.02184977838875655
2026-10-07T15:08:54Z,digital-twin-registry,supplier,dtr-d4f6c5bc5-nzx89,0.021782377461549787
2026-10-07T15:09:09Z,digital-twin-registry,supplier,dtr-d4f6c5bc5-nzx89,0.005334214189652089
2026-10-07T15:09:24Z,digital-twin-registry,supplier,dtr-d4f6c5bc5-nzx89,0.00507525664251144
2026-10-07T15:09:39Z,digital-twin-registry,supplier,dtr-d4f6c5bc5-nzx89,0.00557046609233412
2026-10-07T15:09:54Z,digital-twin-registry,supplier,dtr-d4f6c5bc5-nzx89,0.004757670895318076
2026-10-07T15:10:09Z,digital-twin-registry,supplier,dtr-d4f6c5bc5-nzx89,0.0039398696543706
2026-10-07T15:10:24Z,digital-twin-registry,supplier,dtr-d4f6c5bc5-nzx89,0.0044804358696565755
2026-10-07T15:10:39Z,digital-twin-registry,supplier,dtr-d4f6c5bc5-nzx89,0.0033725761769084392
2026-10-07T15:10:54Z,digital-twin-registry,supplier,dtr-d4f6c5bc5-nzx89,0.004428256140239764
2026-10-07T15:11:09Z,digital-twin-registry,supplier,dtr-d4f6c5bc5-nzx89,0.004298711495872107
2026-10-07T15:11:24Z,digital-twin-registry,supplier,dtr-d4f6c5bc5-nzx89,0.0031864220420887907
2026-10-07T15:11:39Z,digital-twin-registry,supplier,dtr-d4f6c5bc5-nzx89,0.0035103932350246756
2026-10-07T15:11:54Z,digital-twin-registry,supplier,dtr-d4f6c5bc5-nzx89,0.003800818016065196
2026-10-07T15:12:09Z,digital-twin-registry,supplier,dtr-d4f6c5bc5-nzx89,0.003946073286738193
2026-10-07T15:12:24Z,digital-twin-registry,supplier,dtr-d4f6c5bc5-nzx89,0.004484788719622841
2026-10-07T15:12:39Z,digital-twin-registry,supplier,dtr-d4f6c5bc5-nzx89,0.0041335869941200734
2026-10-07T15:12:54Z,digital-twin-registry,supplier,dtr-d4f6c5bc5-nzx89,0.0035547105526740016
2026-10-07T15:13:09Z,digital-twin-registry,supplier,dtr-d4f6c5bc5-nzx89,0.004459684652787728
2026-10-07T15:13:24Z,digital-twin-registry,supplier,dtr-d4f6c5bc5-nzx89,0.005485052754983086
2026-10-07T15:13:39Z,digital-twin-registry,supplier,dtr-d4f6c5bc5-nzx89,0.0052946432028711495
2026-10-07T15:13:54Z,digital-twin-registry,supplier,dtr-d4f6c5bc5-nzx89,0.006653066169618196
2026-10-07T15:14:09Z,digital-twin-registry,supplier,dtr-d4f6c5bc5-nzx89,0.0059843951809262445
2026-10-07T15:14:24Z,digital-twin-registry,supplier,dtr-d4f6c5bc5-nzx89,0.0084945503531043
2026-10-07T15:14:39Z,digital-twin-registry,supplier,dtr-d4f6c5bc5-nzx89,0.021080752999193597
2026-10-07T15:14:54Z,digital-twin-registry,supplier,dtr-d4f6c5bc5-nzx89,0.02133213597545079
2026-10-07T15:15:09Z,digital-twin-registry,supplier,dtr-d4f6c5bc5-nzx89,0.018174846554178593
2026-10-07T15:15:24Z,digital-twin-registry,supplier,dtr-d4f6c5bc5-nzx89,0.004167169510969983
2026-10-07T15:15:39Z,digital-twin-registry,supplier,dtr-d4f6c5bc5-nzx89,0.005059290309565298
2026-10-07T15:15:54Z,digital-twin-registry,supplier,dtr-d4f6c5bc5-nzx89,0.0050940267708770625
2026-10-07T15:16:09Z,digital-twin-registry,supplier,dtr-d4f6c5bc5-nzx89,0.004454317450891861
2026-10-07T15:16:24Z,digital-twin-registry,supplier,dtr-d4f6c5bc5-nzx89,0.00735800259607427
2026-10-07T15:16:39Z,digital-twin-registry,supplier,dtr-d4f6c5bc5-nzx89,0.007151551123773388
2026-10-07T15:16:54Z,digital-twin-registry,supplier,dtr-d4f6c5bc5-nzx89,0.004174205978422512
2026-10-07T15:17:09Z,digital-twin-registry,supplier,dtr-d4f6c5bc5-nzx89,0.005116876229578175
2026-10-07T15:17:24Z,digital-twin-registry,supplier,dtr-d4f6c5bc5-nzx89,0.004974039905599772
2026-10-07T15:17:39Z,digital-twin-registry,supplier,dtr-d4f6c5bc5-nzx89,0.005471953896817525
2026-10-07T15:17:54Z,digital-twin-registry,supplier,dtr-d4f6c5bc5-nzx89,0.005944379907996591
2026-10-07T15:18:09Z,digital-twin-registry,supplier,dtr-d4f6c5bc5-nzx89,0.006279649808822309
2026-10-07T15:18:24Z,digital-twin-registry,supplier,dtr-d4f6c5bc5-nzx89,0.005852687168292162
2026-10-07T15:18:39Z,digital-twin-registry,supplier,dtr-d4f6c5bc5-nzx89,0.012487100423700574
2026-10-07T15:18:54Z,digital-twin-registry,supplier,dtr-d4f6c5bc5-nzx89,0.014695377579354824
2026-10-07T15:19:09Z,digital-twin-registry,supplier,dtr-d4f6c5bc5-nzx89,0.010769694311046548
2026-10-07T15:19:24Z,digital-twin-registry,supplier,dtr-d4f6c5bc5-nzx89,0.009120076300769525
2026-10-07T15:19:39Z,digital-twin-registry,supplier,dtr-d4f6c5bc5-nzx89,0.010493263271355462
2026-10-07T15:19:54Z,digital-twin-registry,supplier,dtr-d4f6c5bc5-nzx89,0.010532128761716482
2026-10-07T15:20:09Z,digital-twin-registry,supplier,dtr-d4f6c5bc5-nzx89,0.01103137565992706
2026-10-07T15:20:24Z,digital-twin-registry,supplier,dtr-d4f6c5bc5-nzx89,0.012282170803847987
2026-10-07T15:20:39Z,digital-twin-registry,supplier,dtr-d4f6c5bc5-nzx89,0.012586511694064393
2026-10-07T15:20:54Z,digital-twin-registry,supplier,dtr-d4f6c5bc5-nzx89,0.011791391554921283
2026-10-07T15:21:09Z,digital-twin-registry,supplier,dtr-d4f6c5bc5-nzx89,0.012904942882730426
2026-10-07T15:21:24Z,digital-twin-registry,supplier,dtr-d4f6c5bc5-nzx89,0.015176435320143762
2026-10-07T15:21:39Z,digital-twin-registry,supplier,dtr-d4f6c5bc5-nzx89,0.016111224224570342
2026-10-07T15:21:54Z,digital-twin-registry,supplier,dtr-d4f6c5bc5-nzx89,0.013345984746521931
2026-10-07T15:22:09Z,digital-twin-registry,supplier,dtr-d4f6c5bc5-nzx89,0.01164810915696462
2026-10-07T15:22:24Z,digital-twin-registry,supplier,dtr-d4f6c5bc5-nzx89,0.011611350950037834
2026-10-07T15:22:39Z,digital-twin-registry,supplier,dtr-d4f6c5bc5-nzx89,0.01652785497234115
2026-10-07T15:22:54Z,digital-twin-registry,supplier,dtr-d4f6c5bc5-nzx89,0.01807591503267879
2026-10-07T15:23:09Z,digital-twin-registry,supplier,dtr-d4f6c5bc5-nzx89,0.009410327944666678
2026-10-07T15:23:24Z,digital-twin-registry,supplier,dtr-d4f6c5bc5-nzx89,0.012205091171691648
2026-10-07T15:23:39Z,digital-twin-registry,supplier,dtr-d4f6c5bc5-nzx89,0.02358450969643038
2026-10-07T15:23:54Z,digital-twin-registry,supplier,dtr-d4f6c5bc5-nzx89,0.02707212388556938
2026-10-07T15:24:09Z,digital-twin-registry,supplier,dtr-d4f6c5bc5-nzx89,0.029514742649211702
2026-10-07T15:24:24Z,digital-twin-registry,supplier,dtr-d4f6c5bc5-nzx89,0.0176793885401893
2026-10-07T15:24:39Z,digital-twin-registry,supplier,dtr-d4f6c5bc5-nzx89,0.015287006920839041
2026-10-07T15:24:54Z,digital-twin-registry,supplier,dtr-d4f6c5bc5-nzx89,0.012868771368297845
2026-10-07T15:25:09Z,digital-twin-registry,supplier,dtr-d4f6c5bc5-nzx89,0.010846921363226873
2026-10-07T15:25:24Z,digital-twin-registry,supplier,dtr-d4f6c5bc5-nzx89,0.014333738347541751
2026-10-07T15:25:39Z,digital-twin-registry,supplier,dtr-d4f6c5bc5-nzx89,0.014844318407601543
2026-10-07T15:25:54Z,digital-twin-registry,supplier,dtr-d4f6c5bc5-nzx89,0.016331960912053245
2026-10-07T15:26:09Z,digital-twin-registry,supplier,dtr-d4f6c5bc5-nzx89,0.012940583228836072
2026-10-07T15:26:24Z,digital-twin-registry,supplier,dtr-d4f6c5bc5-nzx89,0.011489562875258185
2026-10-07T15:26:39Z,digital-twin-registry,supplier,dtr-d4f6c5bc5-nzx89,0.007861977911664741
2026-10-07T15:26:54Z,digital-twin-registry,supplier,dtr-d4f6c5bc5-nzx89,0.009347941821588695
2026-10-07T15:27:09Z,digital-twin-registry,supplier,dtr-d4f6c5bc5-nzx89,0.010926730103807122
2026-10-07T15:27:24Z,digital-twin-registry,supplier,dtr-d4f6c5bc5-nzx89,0.010413882985122655
2026-10-07T15:27:39Z,digital-twin-registry,supplier,dtr-d4f6c5bc5-nzx89,0.010706045662809582
2026-10-07T15:27:54Z,digital-twin-registry,supplier,dtr-d4f6c5bc5-nzx89,0.009283527059116833
2026-10-07T15:28:09Z,digital-twin-registry,supplier,dtr-d4f6c5bc5-nzx89,0.009867045507912712
2026-10-07T15:28:24Z,digital-twin-registry,supplier,dtr-d4f6c5bc5-nzx89,0.016674170616113763
2026-10-07T15:28:39Z,digital-twin-registry,supplier,dtr-d4f6c5bc5-nzx89,0.03003811571987545
2026-10-07T15:28:54Z,digital-twin-registry,supplier,dtr-d4f6c5bc5-nzx89,0.03687632098977574
2026-10-07T15:29:09Z,digital-twin-registry,supplier,dtr-d4f6c5bc5-nzx89,0.030683413729128247
2026-10-07T15:29:24Z,digital-twin-registry,supplier,dtr-d4f6c5bc5-nzx89,0.024252324669504756
2026-10-07T15:29:39Z,digital-twin-registry,supplier,dtr-d4f6c5bc5-nzx89,0.013242746990625808
2026-10-07T15:29:54Z,digital-twin-registry,supplier,dtr-d4f6c5bc5-nzx89,0.011956638978427414
2026-10-07T15:30:09Z,digital-twin-registry,supplier,dtr-d4f6c5bc5-nzx89,0.013009467831612114
2026-10-07T15:30:24Z,digital-twin-registry,supplier,dtr-d4f6c5bc5-nzx89,0.016462777191130186
2026-10-07T15:30:39Z,digital-twin-registry,supplier,dtr-d4f6c5bc5-nzx89,0.016084947999827473
2026-10-07T15:30:54Z,digital-twin-registry,supplier,dtr-d4f6c5bc5-nzx89,0.016006442330406333
2026-10-07T15:31:09Z,digital-twin-registry,supplier,dtr-d4f6c5bc5-nzx89,0.014400143995169036
2026-10-07T15:31:24Z,digital-twin-registry,supplier,dtr-d4f6c5bc5-nzx89,0.016919621991718533
2026-10-07T15:31:39Z,digital-twin-registry,supplier,dtr-d4f6c5bc5-nzx89,0.017916177684055287
2026-10-07T15:31:54Z,digital-twin-registry,supplier,dtr-d4f6c5bc5-nzx89,0.016038467981739444
2026-10-07T15:32:09Z,digital-twin-registry,supplier,dtr-d4f6c5bc5-nzx89,0.01416673795399117
2026-10-07T15:32:24Z,digital-twin-registry,supplier,dtr-d4f6c5bc5-nzx89,0.013273069679849548
2026-10-07T15:32:39Z,digital-twin-registry,supplier,dtr-d4f6c5bc5-nzx89,0.011034871987587545
2026-10-07T15:32:54Z,digital-twin-registry,supplier,dtr-d4f6c5bc5-nzx89,0.015340710651395913
2026-10-07T15:33:09Z,digital-twin-registry,supplier,dtr-d4f6c5bc5-nzx89,0.015162023686920302
2026-10-07T15:33:24Z,digital-twin-registry,supplier,dtr-d4f6c5bc5-nzx89,0.01111095659615344
2026-10-07T15:33:39Z,digital-twin-registry,supplier,dtr-d4f6c5bc5-nzx89,0.01016810225062512
2026-10-07T15:33:54Z,digital-twin-registry,supplier,dtr-d4f6c5bc5-nzx89,0.007722115068943178
2026-10-07T15:34:09Z,digital-twin-registry,supplier,dtr-d4f6c5bc5-nzx89,0.00999911393499388
2026-10-07T15:34:24Z,digital-twin-registry,supplier,dtr-d4f6c5bc5-nzx89,0.008445424730933668
2026-10-07T15:34:39Z,digital-twin-registry,supplier,dtr-d4f6c5bc5-nzx89,0.012345949421345457
2026-10-07T15:34:54Z,digital-twin-registry,supplier,dtr-d4f6c5bc5-nzx89,0.007510658584757295
2026-10-07T15:35:09Z,digital-twin-registry,supplier,dtr-d4f6c5bc5-nzx89,0.007430729033903692
2026-10-07T15:35:24Z,digital-twin-registry,supplier,dtr-d4f6c5bc5-nzx89,0.004169698185547419
2026-10-07T15:35:39Z,digital-twin-registry,supplier,dtr-d4f6c5bc5-nzx89,0.008733402534493189
2026-10-07T15:35:54Z,digital-twin-registry,supplier,dtr-d4f6c5bc5-nzx89,0.008939139510610608
2026-10-07T15:36:09Z,digital-twin-registry,supplier,dtr-d4f6c5bc5-nzx89,0.008537335585239551
2026-10-07T15:36:24Z,digital-twin-registry,supplier,dtr-d4f6c5bc5-nzx89,0.002895325589046177
2026-10-07T15:36:39Z,digital-twin-registry,supplier,dtr-d4f6c5bc5-nzx89,0.005106052007016374
2026-10-07T15:36:54Z,digital-twin-registry,supplier,dtr-d4f6c5bc5-nzx89,0.004935642817637614
2026-10-07T15:37:09Z,digital-twin-registry,supplier,dtr-d4f6c5bc5-nzx89,0.005083479810261947
2026-10-07T15:37:24Z,digital-twin-registry,supplier,dtr-d4f6c5bc5-nzx89,0.008698731723760046
2026-10-07T15:37:39Z,digital-twin-registry,supplier,dtr-d4f6c5bc5-nzx89,0.010624119970236724
2026-10-07T15:37:54Z,digital-twin-registry,supplier,dtr-d4f6c5bc5-nzx89,0.010466822267659366
2026-10-07T15:38:09Z,digital-twin-registry,supplier,dtr-d4f6c5bc5-nzx89,0.005394626257481414
2026-10-07T15:38:24Z,digital-twin-registry,supplier,dtr-d4f6c5bc5-nzx89,0.01068204491592285
2026-10-07T15:38:39Z,digital-twin-registry,supplier,dtr-d4f6c5bc5-nzx89,0.012185430936073655
2026-10-07T15:38:54Z,digital-twin-registry,supplier,dtr-d4f6c5bc5-nzx89,0.014497291281705927
2026-10-07T15:39:09Z,digital-twin-registry,supplier,dtr-d4f6c5bc5-nzx89,0.007226681981579264
2026-10-07T15:39:24Z,digital-twin-registry,supplier,dtr-d4f6c5bc5-nzx89,0.006436542487978493
2026-10-07T15:39:39Z,digital-twin-registry,supplier,dtr-d4f6c5bc5-nzx89,0.0029808456699352425
2026-10-07T15:39:54Z,digital-twin-registry,supplier,dtr-d4f6c5bc5-nzx89,0.0029013076862611058
2026-10-07T15:05:39Z,grafana,monitoring,monitoring-grafana-647dfc6967-jlf5d,0.015835715651086362
2026-10-07T15:05:54Z,grafana,monitoring,monitoring-grafana-647dfc6967-jlf5d,0.01619437233932404
2026-10-07T15:06:09Z,grafana,monitoring,monitoring-grafana-647dfc6967-jlf5d,0.01657440962127712
2026-10-07T15:06:24Z,grafana,monitoring,monitoring-grafana-647dfc6967-jlf5d,0.016593198410485243
2026-10-07T15:06:39Z,grafana,monitoring,monitoring-grafana-647dfc6967-jlf5d,0.019521444594982455
2026-10-07T15:06:54Z,grafana,monitoring,monitoring-grafana-647dfc6967-jlf5d,0.020481006604425585
2026-10-07T15:07:09Z,grafana,monitoring,monitoring-grafana-647dfc6967-jlf5d,0.01618558270560078
2026-10-07T15:07:24Z,grafana,monitoring,monitoring-grafana-647dfc6967-jlf5d,0.018671243880050547
2026-10-07T15:07:39Z,grafana,monitoring,monitoring-grafana-647dfc6967-jlf5d,0.017570699999998853
2026-10-07T15:07:54Z,grafana,monitoring,monitoring-grafana-647dfc6967-jlf5d,0.016434442007250867
2026-10-07T15:08:09Z,grafana,monitoring,monitoring-grafana-647dfc6967-jlf5d,0.016378680604721856
2026-10-07T15:08:24Z,grafana,monitoring,monitoring-grafana-647dfc6967-jlf5d,0.013270805813021203
2026-10-07T15:08:39Z,grafana,monitoring,monitoring-grafana-647dfc6967-jlf5d,0.019164479905435794
2026-10-07T15:08:54Z,grafana,monitoring,monitoring-grafana-647dfc6967-jlf5d,0.019155431923056226
2026-10-07T15:09:09Z,grafana,monitoring,monitoring-grafana-647dfc6967-jlf5d,0.015566835188901286
2026-10-07T15:09:24Z,grafana,monitoring,monitoring-grafana-647dfc6967-jlf5d,0.014929800534994705
2026-10-07T15:09:39Z,grafana,monitoring,monitoring-grafana-647dfc6967-jlf5d,0.017964006121606955
2026-10-07T15:09:54Z,grafana,monitoring,monitoring-grafana-647dfc6967-jlf5d,0.01817279442742724
2026-10-07T15:10:09Z,grafana,monitoring,monitoring-grafana-647dfc6967-jlf5d,0.015127760688334026
2026-10-07T15:10:24Z,grafana,monitoring,monitoring-grafana-647dfc6967-jlf5d,0.017861906893464116
2026-10-07T15:10:39Z,grafana,monitoring,monitoring-grafana-647dfc6967-jlf5d,0.01891469861886355
2026-10-07T15:10:54Z,grafana,monitoring,monitoring-grafana-647dfc6967-jlf5d,0.016594259566881406
2026-10-07T15:11:09Z,grafana,monitoring,monitoring-grafana-647dfc6967-jlf5d,0.020915466464537912
2026-10-07T15:11:24Z,grafana,monitoring,monitoring-grafana-647dfc6967-jlf5d,0.02019704083860867
2026-10-07T15:11:39Z,grafana,monitoring,monitoring-grafana-647dfc6967-jlf5d,0.018448702338982943
2026-10-07T15:11:54Z,grafana,monitoring,monitoring-grafana-647dfc6967-jlf5d,0.0191111589743508
2026-10-07T15:12:09Z,grafana,monitoring,monitoring-grafana-647dfc6967-jlf5d,0.018257164675235207
2026-10-07T15:12:24Z,grafana,monitoring,monitoring-grafana-647dfc6967-jlf5d,0.018878455766192827
2026-10-07T15:12:39Z,grafana,monitoring,monitoring-grafana-647dfc6967-jlf5d,0.01999400161268022
2026-10-07T15:12:54Z,grafana,monitoring,monitoring-grafana-647dfc6967-jlf5d,0.01960070995075614
2026-10-07T15:13:09Z,grafana,monitoring,monitoring-grafana-647dfc6967-jlf5d,0.019683132478814657
2026-10-07T15:13:24Z,grafana,monitoring,monitoring-grafana-647dfc6967-jlf5d,0.018277005401084248
2026-10-07T15:13:39Z,grafana,monitoring,monitoring-grafana-647dfc6967-jlf5d,0.01743001962067508
2026-10-07T15:13:54Z,grafana,monitoring,monitoring-grafana-647dfc6967-jlf5d,0.017504233526063236
2026-10-07T15:14:09Z,grafana,monitoring,monitoring-grafana-647dfc6967-jlf5d,0.016630071111609947
2026-10-07T15:14:24Z,grafana,monitoring,monitoring-grafana-647dfc6967-jlf5d,0.01720715786115094
2026-10-07T15:14:39Z,grafana,monitoring,monitoring-grafana-647dfc6967-jlf5d,0.01922707495279324
2026-10-07T15:14:54Z,grafana,monitoring,monitoring-grafana-647dfc6967-jlf5d,0.01971135944498204
2026-10-07T15:15:09Z,grafana,monitoring,monitoring-grafana-647dfc6967-jlf5d,0.020071261306764294
2026-10-07T15:15:24Z,grafana,monitoring,monitoring-grafana-647dfc6967-jlf5d,0.019488624109464347
2026-10-07T15:15:39Z,grafana,monitoring,monitoring-grafana-647dfc6967-jlf5d,0.017362125659298806
2026-10-07T15:15:54Z,grafana,monitoring,monitoring-grafana-647dfc6967-jlf5d,0.017474952171759015
2026-10-07T15:16:09Z,grafana,monitoring,monitoring-grafana-647dfc6967-jlf5d,0.017595465126688425
2026-10-07T15:16:24Z,grafana,monitoring,monitoring-grafana-647dfc6967-jlf5d,0.01595904555563899
2026-10-07T15:16:39Z,grafana,monitoring,monitoring-grafana-647dfc6967-jlf5d,0.020554073476383498
2026-10-07T15:16:54Z,grafana,monitoring,monitoring-grafana-647dfc6967-jlf5d,0.020574745114152436
2026-10-07T15:17:09Z,grafana,monitoring,monitoring-grafana-647dfc6967-jlf5d,0.019736563839088787
2026-10-07T15:17:24Z,grafana,monitoring,monitoring-grafana-647dfc6967-jlf5d,0.01777752438353659
2026-10-07T15:17:39Z,grafana,monitoring,monitoring-grafana-647dfc6967-jlf5d,0.01785210825779484
2026-10-07T15:17:54Z,grafana,monitoring,monitoring-grafana-647dfc6967-jlf5d,0.017848389854660616
2026-10-07T15:18:09Z,grafana,monitoring,monitoring-grafana-647dfc6967-jlf5d,0.01719226718820509
2026-10-07T15:18:24Z,grafana,monitoring,monitoring-grafana-647dfc6967-jlf5d,0.016663091113990558
2026-10-07T15:18:39Z,grafana,monitoring,monitoring-grafana-647dfc6967-jlf5d,0.018897682306383574
2026-10-07T15:18:54Z,grafana,monitoring,monitoring-grafana-647dfc6967-jlf5d,0.01972117775233534
2026-10-07T15:19:09Z,grafana,monitoring,monitoring-grafana-647dfc6967-jlf5d,0.019342912678687516
2026-10-07T15:19:24Z,grafana,monitoring,monitoring-grafana-647dfc6967-jlf5d,0.01692934222428598
2026-10-07T15:19:39Z,grafana,monitoring,monitoring-grafana-647dfc6967-jlf5d,0.01651117448700953
2026-10-07T15:19:54Z,grafana,monitoring,monitoring-grafana-647dfc6967-jlf5d,0.017010722610719186
2026-10-07T15:20:09Z,grafana,monitoring,monitoring-grafana-647dfc6967-jlf5d,0.01668601802743989
2026-10-07T15:20:24Z,grafana,monitoring,monitoring-grafana-647dfc6967-jlf5d,0.01707604617954025
2026-10-07T15:20:39Z,grafana,monitoring,monitoring-grafana-647dfc6967-jlf5d,0.01919739592802036
2026-10-07T15:20:54Z,grafana,monitoring,monitoring-grafana-647dfc6967-jlf5d,0.020259925600276306
2026-10-07T15:21:09Z,grafana,monitoring,monitoring-grafana-647dfc6967-jlf5d,0.020863257237594635
2026-10-07T15:21:24Z,grafana,monitoring,monitoring-grafana-647dfc6967-jlf5d,0.015716651196984167
2026-10-07T15:21:39Z,grafana,monitoring,monitoring-grafana-647dfc6967-jlf5d,0.01705351658306265
2026-10-07T15:21:54Z,grafana,monitoring,monitoring-grafana-647dfc6967-jlf5d,0.0165112670304814
2026-10-07T15:22:09Z,grafana,monitoring,monitoring-grafana-647dfc6967-jlf5d,0.013741000606716963
2026-10-07T15:22:24Z,grafana,monitoring,monitoring-grafana-647dfc6967-jlf5d,0.01650373343062071
2026-10-07T15:22:39Z,grafana,monitoring,monitoring-grafana-647dfc6967-jlf5d,0.016893738996974154
2026-10-07T15:22:54Z,grafana,monitoring,monitoring-grafana-647dfc6967-jlf5d,0.016993466788682042
2026-10-07T15:23:09Z,grafana,monitoring,monitoring-grafana-647dfc6967-jlf5d,0.01927180817751119
2026-10-07T15:23:24Z,grafana,monitoring,monitoring-grafana-647dfc6967-jlf5d,0.020117520101564975
2026-10-07T15:23:39Z,grafana,monitoring,monitoring-grafana-647dfc6967-jlf5d,0.017948801023986917
2026-10-07T15:23:54Z,grafana,monitoring,monitoring-grafana-647dfc6967-jlf5d,0.01772594151152066
2026-10-07T15:24:09Z,grafana,monitoring,monitoring-grafana-647dfc6967-jlf5d,0.01683612541993412
2026-10-07T15:24:24Z,grafana,monitoring,monitoring-grafana-647dfc6967-jlf5d,0.01407412796887077
2026-10-07T15:24:39Z,grafana,monitoring,monitoring-grafana-647dfc6967-jlf5d,0.017266895041520715
2026-10-07T15:24:54Z,grafana,monitoring,monitoring-grafana-647dfc6967-jlf5d,0.01869485301415246
2026-10-07T15:25:09Z,grafana,monitoring,monitoring-grafana-647dfc6967-jlf5d,0.01890290245893075
2026-10-07T15:25:24Z,grafana,monitoring,monitoring-grafana-647dfc6967-jlf5d,0.018159896044524226
2026-10-07T15:25:39Z,grafana,monitoring,monitoring-grafana-647dfc6967-jlf5d,0.016795720935440243
2026-10-07T15:25:54Z,grafana,monitoring,monitoring-grafana-647dfc6967-jlf5d,0.018378083571060532
2026-10-07T15:26:09Z,grafana,monitoring,monitoring-grafana-647dfc6967-jlf5d,0.018018863803883917
2026-10-07T15:26:24Z,grafana,monitoring,monitoring-grafana-647dfc6967-jlf5d,0.013369913769880476
2026-10-07T15:26:39Z,grafana,monitoring,monitoring-grafana-647dfc6967-jlf5d,0.017331127503456382
2026-10-07T15:26:54Z,grafana,monitoring,monitoring-grafana-647dfc6967-jlf5d,0.018399297154052096
2026-10-07T15:27:09Z,grafana,monitoring,monitoring-grafana-647dfc6967-jlf5d,0.015105845474586151
2026-10-07T15:27:24Z,grafana,monitoring,monitoring-grafana-647dfc6967-jlf5d,0.018671943274290215
2026-10-07T15:27:39Z,grafana,monitoring,monitoring-grafana-647dfc6967-jlf5d,0.017044616112255776
2026-10-07T15:27:54Z,grafana,monitoring,monitoring-grafana-647dfc6967-jlf5d,0.016344902268666306
2026-10-07T15:28:09Z,grafana,monitoring,monitoring-grafana-647dfc6967-jlf5d,0.016732211557144088
2026-10-07T15:28:24Z,grafana,monitoring,monitoring-grafana-647dfc6967-jlf5d,0.016819218500797848
2026-10-07T15:28:39Z,grafana,monitoring,monitoring-grafana-647dfc6967-jlf5d,0.018852500158167824
2026-10-07T15:28:54Z,grafana,monitoring,monitoring-grafana-647dfc6967-jlf5d,0.01819294527737656
2026-10-07T15:29:09Z,grafana,monitoring,monitoring-grafana-647dfc6967-jlf5d,0.019323046008034753
2026-10-07T15:29:24Z,grafana,monitoring,monitoring-grafana-647dfc6967-jlf5d,0.01761655858676655
2026-10-07T15:29:39Z,grafana,monitoring,monitoring-grafana-647dfc6967-jlf5d,0.01792742042881611
2026-10-07T15:29:54Z,grafana,monitoring,monitoring-grafana-647dfc6967-jlf5d,0.016558260655184304
2026-10-07T15:30:09Z,grafana,monitoring,monitoring-grafana-647dfc6967-jlf5d,0.016463263459796196
2026-10-07T15:30:24Z,grafana,monitoring,monitoring-grafana-647dfc6967-jlf5d,0.016423215331825787
2026-10-07T15:30:39Z,grafana,monitoring,monitoring-grafana-647dfc6967-jlf5d,0.016769910597109413
2026-10-07T15:30:54Z,grafana,monitoring,monitoring-grafana-647dfc6967-jlf5d,0.019370238151163323
2026-10-07T15:31:09Z,grafana,monitoring,monitoring-grafana-647dfc6967-jlf5d,0.019817228429037582
2026-10-07T15:31:24Z,grafana,monitoring,monitoring-grafana-647dfc6967-jlf5d,0.019259796144563513
2026-10-07T15:31:39Z,grafana,monitoring,monitoring-grafana-647dfc6967-jlf5d,0.017289577022323147
2026-10-07T15:31:54Z,grafana,monitoring,monitoring-grafana-647dfc6967-jlf5d,0.017164356751096264
2026-10-07T15:32:09Z,grafana,monitoring,monitoring-grafana-647dfc6967-jlf5d,0.01771445048185362
2026-10-07T15:32:24Z,grafana,monitoring,monitoring-grafana-647dfc6967-jlf5d,0.01669657881399267
2026-10-07T15:32:39Z,grafana,monitoring,monitoring-grafana-647dfc6967-jlf5d,0.017317338109413032
2026-10-07T15:32:54Z,grafana,monitoring,monitoring-grafana-647dfc6967-jlf5d,0.017845526860242142
2026-10-07T15:33:09Z,grafana,monitoring,monitoring-grafana-647dfc6967-jlf5d,0.018700936084910275
2026-10-07T15:33:24Z,grafana,monitoring,monitoring-grafana-647dfc6967-jlf5d,0.014834025888883355
2026-10-07T15:33:39Z,grafana,monitoring,monitoring-grafana-647dfc6967-jlf5d,0.017142165549243256
2026-10-07T15:33:54Z,grafana,monitoring,monitoring-grafana-647dfc6967-jlf5d,0.017301596948609995
2026-10-07T15:34:09Z,grafana,monitoring,monitoring-grafana-647dfc6967-jlf5d,0.017650762437041834
2026-10-07T15:34:24Z,grafana,monitoring,monitoring-grafana-647dfc6967-jlf5d,0.018155255216967734
2026-10-07T15:34:39Z,grafana,monitoring,monitoring-grafana-647dfc6967-jlf5d,0.017758887588878683
2026-10-07T15:34:54Z,grafana,monitoring,monitoring-grafana-647dfc6967-jlf5d,0.019281407635140427
2026-10-07T15:35:09Z,grafana,monitoring,monitoring-grafana-647dfc6967-jlf5d,0.01866980294316447
2026-10-07T15:35:24Z,grafana,monitoring,monitoring-grafana-647dfc6967-jlf5d,0.019037005656183423
2026-10-07T15:35:39Z,grafana,monitoring,monitoring-grafana-647dfc6967-jlf5d,0.01753109897977569
2026-10-07T15:35:54Z,grafana,monitoring,monitoring-grafana-647dfc6967-jlf5d,0.0175430298872224
2026-10-07T15:36:09Z,grafana,monitoring,monitoring-grafana-647dfc6967-jlf5d,0.017521340908258347
2026-10-07T15:36:24Z,grafana,monitoring,monitoring-grafana-647dfc6967-jlf5d,0.017526086862899515
2026-10-07T15:36:39Z,grafana,monitoring,monitoring-grafana-647dfc6967-jlf5d,0.01714717004917003
2026-10-07T15:36:54Z,grafana,monitoring,monitoring-grafana-647dfc6967-jlf5d,0.01891845898253353
2026-10-07T15:37:09Z,grafana,monitoring,monitoring-grafana-647dfc6967-jlf5d,0.018290857876483657
2026-10-07T15:37:24Z,grafana,monitoring,monitoring-grafana-647dfc6967-jlf5d,0.0190401780794753
2026-10-07T15:37:39Z,grafana,monitoring,monitoring-grafana-647dfc6967-jlf5d,0.017540488005676085
2026-10-07T15:37:54Z,grafana,monitoring,monitoring-grafana-647dfc6967-jlf5d,0.015575830150193119
2026-10-07T15:38:09Z,grafana,monitoring,monitoring-grafana-647dfc6967-jlf5d,0.01757942711152345
2026-10-07T15:38:24Z,grafana,monitoring,monitoring-grafana-647dfc6967-jlf5d,0.016567250188125132
2026-10-07T15:38:39Z,grafana,monitoring,monitoring-grafana-647dfc6967-jlf5d,0.016166164591719365
2026-10-07T15:38:54Z,grafana,monitoring,monitoring-grafana-647dfc6967-jlf5d,0.019517303056225725
2026-10-07T15:39:09Z,grafana,monitoring,monitoring-grafana-647dfc6967-jlf5d,0.02007152713891519
2026-10-07T15:39:24Z,grafana,monitoring,monitoring-grafana-647dfc6967-jlf5d,0.014616066079142731
2026-10-07T15:39:39Z,grafana,monitoring,monitoring-grafana-647dfc6967-jlf5d,0.018101220337400685
2026-10-07T15:39:54Z,grafana,monitoring,monitoring-grafana-647dfc6967-jlf5d,0.019260980674013408
2026-10-07T15:05:39Z,grafana-sc-dashboard,monitoring,monitoring-grafana-647dfc6967-jlf5d,0.0023247677942298327
2026-10-07T15:05:54Z,grafana-sc-dashboard,monitoring,monitoring-grafana-647dfc6967-jlf5d,0.002234751624397969
2026-10-07T15:06:09Z,grafana-sc-dashboard,monitoring,monitoring-grafana-647dfc6967-jlf5d,0.00024779537027784114
2026-10-07T15:06:24Z,grafana-sc-dashboard,monitoring,monitoring-grafana-647dfc6967-jlf5d,0.0021817513513509323
2026-10-07T15:06:39Z,grafana-sc-dashboard,monitoring,monitoring-grafana-647dfc6967-jlf5d,0.002748457900688492
2026-10-07T15:06:54Z,grafana-sc-dashboard,monitoring,monitoring-grafana-647dfc6967-jlf5d,0.002342636399149342
2026-10-07T15:07:09Z,grafana-sc-dashboard,monitoring,monitoring-grafana-647dfc6967-jlf5d,0.0003648951806301943
2026-10-07T15:07:24Z,grafana-sc-dashboard,monitoring,monitoring-grafana-647dfc6967-jlf5d,0.0001689555317088186
2026-10-07T15:07:39Z,grafana-sc-dashboard,monitoring,monitoring-grafana-647dfc6967-jlf5d,0.002227531306228356
2026-10-07T15:07:54Z,grafana-sc-dashboard,monitoring,monitoring-grafana-647dfc6967-jlf5d,0.002197633686016606
2026-10-07T15:08:09Z,grafana-sc-dashboard,monitoring,monitoring-grafana-647dfc6967-jlf5d,0.00016229161910091673
2026-10-07T15:08:24Z,grafana-sc-dashboard,monitoring,monitoring-grafana-647dfc6967-jlf5d,0.0020504198509295143
2026-10-07T15:08:39Z,grafana-sc-dashboard,monitoring,monitoring-grafana-647dfc6967-jlf5d,0.002788517441949497
2026-10-07T15:08:54Z,grafana-sc-dashboard,monitoring,monitoring-grafana-647dfc6967-jlf5d,0.002161324318949854
2026-10-07T15:09:09Z,grafana-sc-dashboard,monitoring,monitoring-grafana-647dfc6967-jlf5d,0.00022315567600091863
2026-10-07T15:09:24Z,grafana-sc-dashboard,monitoring,monitoring-grafana-647dfc6967-jlf5d,0.0027517009078944685
2026-10-07T15:09:39Z,grafana-sc-dashboard,monitoring,monitoring-grafana-647dfc6967-jlf5d,0.002180965216940402
2026-10-07T15:09:54Z,grafana-sc-dashboard,monitoring,monitoring-grafana-647dfc6967-jlf5d,0.002967424999999935
2026-10-07T15:10:09Z,grafana-sc-dashboard,monitoring,monitoring-grafana-647dfc6967-jlf5d,0.0023299260507345944
2026-10-07T15:10:24Z,grafana-sc-dashboard,monitoring,monitoring-grafana-647dfc6967-jlf5d,0.0028474591388499646
2026-10-07T15:10:39Z,grafana-sc-dashboard,monitoring,monitoring-grafana-647dfc6967-jlf5d,0.0027761746606424402
2026-10-07T15:10:54Z,grafana-sc-dashboard,monitoring,monitoring-grafana-647dfc6967-jlf5d,0.00246243648109985
2026-10-07T15:11:09Z,grafana-sc-dashboard,monitoring,monitoring-grafana-647dfc6967-jlf5d,0.00022652221223402983
2026-10-07T15:11:24Z,grafana-sc-dashboard,monitoring,monitoring-grafana-647dfc6967-jlf5d,0.002991004360829988
2026-10-07T15:11:39Z,grafana-sc-dashboard,monitoring,monitoring-grafana-647dfc6967-jlf5d,0.0030044729677172776
2026-10-07T15:11:54Z,grafana-sc-dashboard,monitoring,monitoring-grafana-647dfc6967-jlf5d,0.00320603686635993
2026-10-07T15:12:09Z,grafana-sc-dashboard,monitoring,monitoring-grafana-647dfc6967-jlf5d,0.0004012792107356956
2026-10-07T15:12:24Z,grafana-sc-dashboard,monitoring,monitoring-grafana-647dfc6967-jlf5d,0.0025413974029130765
2026-10-07T15:12:39Z,grafana-sc-dashboard,monitoring,monitoring-grafana-647dfc6967-jlf5d,0.0025925972057876845
2026-10-07T15:12:54Z,grafana-sc-dashboard,monitoring,monitoring-grafana-647dfc6967-jlf5d,0.0028711743276794324
2026-10-07T15:13:09Z,grafana-sc-dashboard,monitoring,monitoring-grafana-647dfc6967-jlf5d,0.00022353319993536694
2026-10-07T15:13:24Z,grafana-sc-dashboard,monitoring,monitoring-grafana-647dfc6967-jlf5d,0.0024977858875363025
2026-10-07T15:13:39Z,grafana-sc-dashboard,monitoring,monitoring-grafana-647dfc6967-jlf5d,0.002477671109587266
2026-10-07T15:13:54Z,grafana-sc-dashboard,monitoring,monitoring-grafana-647dfc6967-jlf5d,0.0026420462348363686
2026-10-07T15:14:09Z,grafana-sc-dashboard,monitoring,monitoring-grafana-647dfc6967-jlf5d,0.0003000124823166906
2026-10-07T15:14:24Z,grafana-sc-dashboard,monitoring,monitoring-grafana-647dfc6967-jlf5d,0.002772825923458269
2026-10-07T15:14:39Z,grafana-sc-dashboard,monitoring,monitoring-grafana-647dfc6967-jlf5d,0.0029077307299354206
2026-10-07T15:14:54Z,grafana-sc-dashboard,monitoring,monitoring-grafana-647dfc6967-jlf5d,0.00293114029112134
2026-10-07T15:15:09Z,grafana-sc-dashboard,monitoring,monitoring-grafana-647dfc6967-jlf5d,0.00020497512437857318
2026-10-07T15:15:24Z,grafana-sc-dashboard,monitoring,monitoring-grafana-647dfc6967-jlf5d,0.0001987896222321072
2026-10-07T15:15:39Z,grafana-sc-dashboard,monitoring,monitoring-grafana-647dfc6967-jlf5d,0.002850688976378397
2026-10-07T15:15:54Z,grafana-sc-dashboard,monitoring,monitoring-grafana-647dfc6967-jlf5d,0.0026110290497287684
2026-10-07T15:16:09Z,grafana-sc-dashboard,monitoring,monitoring-grafana-647dfc6967-jlf5d,0.0025255141554079937
2026-10-07T15:16:24Z,grafana-sc-dashboard,monitoring,monitoring-grafana-647dfc6967-jlf5d,0.001261318167969619
2026-10-07T15:16:39Z,grafana-sc-dashboard,monitoring,monitoring-grafana-647dfc6967-jlf5d,0.0023443087173793766
2026-10-07T15:16:54Z,grafana-sc-dashboard,monitoring,monitoring-grafana-647dfc6967-jlf5d,0.0024428861199650414
2026-10-07T15:17:09Z,grafana-sc-dashboard,monitoring,monitoring-grafana-647dfc6967-jlf5d,0.0014434507748054411
2026-10-07T15:17:24Z,grafana-sc-dashboard,monitoring,monitoring-grafana-647dfc6967-jlf5d,0.002055850123718475
2026-10-07T15:17:39Z,grafana-sc-dashboard,monitoring,monitoring-grafana-647dfc6967-jlf5d,0.002816949554896709
2026-10-07T15:17:54Z,grafana-sc-dashboard,monitoring,monitoring-grafana-647dfc6967-jlf5d,0.0027523333101738866
2026-10-07T15:18:09Z,grafana-sc-dashboard,monitoring,monitoring-grafana-647dfc6967-jlf5d,0.0004533206914797927
2026-10-07T15:18:24Z,grafana-sc-dashboard,monitoring,monitoring-grafana-647dfc6967-jlf5d,0.002092127828669349
2026-10-07T15:18:39Z,grafana-sc-dashboard,monitoring,monitoring-grafana-647dfc6967-jlf5d,0.002586686313188082
2026-10-07T15:18:54Z,grafana-sc-dashboard,monitoring,monitoring-grafana-647dfc6967-jlf5d,0.002601726852072839
2026-10-07T15:19:09Z,grafana-sc-dashboard,monitoring,monitoring-grafana-647dfc6967-jlf5d,0.0004406342098647824
2026-10-07T15:19:24Z,grafana-sc-dashboard,monitoring,monitoring-grafana-647dfc6967-jlf5d,0.002413893800035621
2026-10-07T15:19:39Z,grafana-sc-dashboard,monitoring,monitoring-grafana-647dfc6967-jlf5d,0.0025072202166066602
2026-10-07T15:19:54Z,grafana-sc-dashboard,monitoring,monitoring-grafana-647dfc6967-jlf5d,0.0028130435801858133
2026-10-07T15:20:09Z,grafana-sc-dashboard,monitoring,monitoring-grafana-647dfc6967-jlf5d,0.00020651656690589653
2026-10-07T15:20:24Z,grafana-sc-dashboard,monitoring,monitoring-grafana-647dfc6967-jlf5d,0.00020629071878647381
2026-10-07T15:20:39Z,grafana-sc-dashboard,monitoring,monitoring-grafana-647dfc6967-jlf5d,0.002540837049136899
2026-10-07T15:20:54Z,grafana-sc-dashboard,monitoring,monitoring-grafana-647dfc6967-jlf5d,0.0028952069219253525
2026-10-07T15:21:09Z,grafana-sc-dashboard,monitoring,monitoring-grafana-647dfc6967-jlf5d,0.0021520548448756226
2026-10-07T15:21:24Z,grafana-sc-dashboard,monitoring,monitoring-grafana-647dfc6967-jlf5d,0.0023031913826651613
2026-10-07T15:21:39Z,grafana-sc-dashboard,monitoring,monitoring-grafana-647dfc6967-jlf5d,0.0023402556061525334
2026-10-07T15:21:54Z,grafana-sc-dashboard,monitoring,monitoring-grafana-647dfc6967-jlf5d,0.002930518325228358
2026-10-07T15:22:09Z,grafana-sc-dashboard,monitoring,monitoring-grafana-647dfc6967-jlf5d,0.0004967535205329862
2026-10-07T15:22:24Z,grafana-sc-dashboard,monitoring,monitoring-grafana-647dfc6967-jlf5d,0.00021108257314072482
2026-10-07T15:22:39Z,grafana-sc-dashboard,monitoring,monitoring-grafana-647dfc6967-jlf5d,0.0021843103956191144
2026-10-07T15:22:54Z,grafana-sc-dashboard,monitoring,monitoring-grafana-647dfc6967-jlf5d,0.00234961748839298
2026-10-07T15:23:09Z,grafana-sc-dashboard,monitoring,monitoring-grafana-647dfc6967-jlf5d,0.002323207596157327
2026-10-07T15:23:24Z,grafana-sc-dashboard,monitoring,monitoring-grafana-647dfc6967-jlf5d,0.001989846941370173
2026-10-07T15:23:39Z,grafana-sc-dashboard,monitoring,monitoring-grafana-647dfc6967-jlf5d,0.002448586942579956
2026-10-07T15:23:54Z,grafana-sc-dashboard,monitoring,monitoring-grafana-647dfc6967-jlf5d,0.003124516760421003
2026-10-07T15:24:09Z,grafana-sc-dashboard,monitoring,monitoring-grafana-647dfc6967-jlf5d,0.0001868623374114372
2026-10-07T15:24:24Z,grafana-sc-dashboard,monitoring,monitoring-grafana-647dfc6967-jlf5d,0.0023489259803690116
2026-10-07T15:24:39Z,grafana-sc-dashboard,monitoring,monitoring-grafana-647dfc6967-jlf5d,0.0031013023472925274
2026-10-07T15:24:54Z,grafana-sc-dashboard,monitoring,monitoring-grafana-647dfc6967-jlf5d,0.0023222821076520662
2026-10-07T15:25:09Z,grafana-sc-dashboard,monitoring,monitoring-grafana-647dfc6967-jlf5d,0.0008602398503114665
2026-10-07T15:25:24Z,grafana-sc-dashboard,monitoring,monitoring-grafana-647dfc6967-jlf5d,0.00018397824205711538
2026-10-07T15:25:39Z,grafana-sc-dashboard,monitoring,monitoring-grafana-647dfc6967-jlf5d,0.002660702438215352
2026-10-07T15:25:54Z,grafana-sc-dashboard,monitoring,monitoring-grafana-647dfc6967-jlf5d,0.0035572525549091567
2026-10-07T15:26:09Z,grafana-sc-dashboard,monitoring,monitoring-grafana-647dfc6967-jlf5d,0.002454940014783405
2026-10-07T15:26:24Z,grafana-sc-dashboard,monitoring,monitoring-grafana-647dfc6967-jlf5d,0.002335766953615995
2026-10-07T15:26:39Z,grafana-sc-dashboard,monitoring,monitoring-grafana-647dfc6967-jlf5d,0.0024373590127576544
2026-10-07T15:26:54Z,grafana-sc-dashboard,monitoring,monitoring-grafana-647dfc6967-jlf5d,0.0029053787284908164
2026-10-07T15:27:09Z,grafana-sc-dashboard,monitoring,monitoring-grafana-647dfc6967-jlf5d,0.0028609329642882314
2026-10-07T15:27:24Z,grafana-sc-dashboard,monitoring,monitoring-grafana-647dfc6967-jlf5d,0.00021075544174137452
2026-10-07T15:27:39Z,grafana-sc-dashboard,monitoring,monitoring-grafana-647dfc6967-jlf5d,0.0032309170021582556
2026-10-07T15:27:54Z,grafana-sc-dashboard,monitoring,monitoring-grafana-647dfc6967-jlf5d,0.0024934741523068523
2026-10-07T15:28:09Z,grafana-sc-dashboard,monitoring,monitoring-grafana-647dfc6967-jlf5d,0.0023901864698022014
2026-10-07T15:28:24Z,grafana-sc-dashboard,monitoring,monitoring-grafana-647dfc6967-jlf5d,0.0006249739420473812
2026-10-07T15:28:39Z,grafana-sc-dashboard,monitoring,monitoring-grafana-647dfc6967-jlf5d,0.0021248337485720616
2026-10-07T15:28:54Z,grafana-sc-dashboard,monitoring,monitoring-grafana-647dfc6967-jlf5d,0.0022420914669263863
2026-10-07T15:29:09Z,grafana-sc-dashboard,monitoring,monitoring-grafana-647dfc6967-jlf5d,0.0018112913225203566
2026-10-07T15:29:24Z,grafana-sc-dashboard,monitoring,monitoring-grafana-647dfc6967-jlf5d,0.0027283062789678425
2026-10-07T15:29:39Z,grafana-sc-dashboard,monitoring,monitoring-grafana-647dfc6967-jlf5d,0.0038926433498429505
2026-10-07T15:29:54Z,grafana-sc-dashboard,monitoring,monitoring-grafana-647dfc6967-jlf5d,0.003989814036071354
2026-10-07T15:30:09Z,grafana-sc-dashboard,monitoring,monitoring-grafana-647dfc6967-jlf5d,0.0002067764496083391
2026-10-07T15:30:24Z,grafana-sc-dashboard,monitoring,monitoring-grafana-647dfc6967-jlf5d,0.00021864622451212178
2026-10-07T15:30:39Z,grafana-sc-dashboard,monitoring,monitoring-grafana-647dfc6967-jlf5d,0.0023267954133978476
2026-10-07T15:30:54Z,grafana-sc-dashboard,monitoring,monitoring-grafana-647dfc6967-jlf5d,0.0024250659924901384
2026-10-07T15:31:09Z,grafana-sc-dashboard,monitoring,monitoring-grafana-647dfc6967-jlf5d,0.0025959019655190526
2026-10-07T15:31:24Z,grafana-sc-dashboard,monitoring,monitoring-grafana-647dfc6967-jlf5d,0.00020863769779103526
2026-10-07T15:31:39Z,grafana-sc-dashboard,monitoring,monitoring-grafana-647dfc6967-jlf5d,0.0034467469353205446
2026-10-07T15:31:54Z,grafana-sc-dashboard,monitoring,monitoring-grafana-647dfc6967-jlf5d,0.003696407027043241
2026-10-07T15:32:09Z,grafana-sc-dashboard,monitoring,monitoring-grafana-647dfc6967-jlf5d,0.0024263534066097984
2026-10-07T15:32:24Z,grafana-sc-dashboard,monitoring,monitoring-grafana-647dfc6967-jlf5d,0.00021346583955792183
2026-10-07T15:32:39Z,grafana-sc-dashboard,monitoring,monitoring-grafana-647dfc6967-jlf5d,0.0029291431056980856
2026-10-07T15:32:54Z,grafana-sc-dashboard,monitoring,monitoring-grafana-647dfc6967-jlf5d,0.003312678789084832
2026-10-07T15:33:09Z,grafana-sc-dashboard,monitoring,monitoring-grafana-647dfc6967-jlf5d,0.003025813717761079
2026-10-07T15:33:24Z,grafana-sc-dashboard,monitoring,monitoring-grafana-647dfc6967-jlf5d,0.00020937507295046645
2026-10-07T15:33:39Z,grafana-sc-dashboard,monitoring,monitoring-grafana-647dfc6967-jlf5d,0.002879040808499961
2026-10-07T15:33:54Z,grafana-sc-dashboard,monitoring,monitoring-grafana-647dfc6967-jlf5d,0.0031543537262515428
2026-10-07T15:34:09Z,grafana-sc-dashboard,monitoring,monitoring-grafana-647dfc6967-jlf5d,0.003072079035725677
2026-10-07T15:34:24Z,grafana-sc-dashboard,monitoring,monitoring-grafana-647dfc6967-jlf5d,0.00021852513966500253
2026-10-07T15:34:39Z,grafana-sc-dashboard,monitoring,monitoring-grafana-647dfc6967-jlf5d,0.0026529672276355606
2026-10-07T15:34:54Z,grafana-sc-dashboard,monitoring,monitoring-grafana-647dfc6967-jlf5d,0.00252314286249022
2026-10-07T15:35:09Z,grafana-sc-dashboard,monitoring,monitoring-grafana-647dfc6967-jlf5d,0.002789344228123483
2026-10-07T15:35:24Z,grafana-sc-dashboard,monitoring,monitoring-grafana-647dfc6967-jlf5d,0.00020736178325222435
2026-10-07T15:35:39Z,grafana-sc-dashboard,monitoring,monitoring-grafana-647dfc6967-jlf5d,0.0027954808806490736
2026-10-07T15:35:54Z,grafana-sc-dashboard,monitoring,monitoring-grafana-647dfc6967-jlf5d,0.0025922805292332655
2026-10-07T15:36:09Z,grafana-sc-dashboard,monitoring,monitoring-grafana-647dfc6967-jlf5d,0.002121075430494277
2026-10-07T15:36:24Z,grafana-sc-dashboard,monitoring,monitoring-grafana-647dfc6967-jlf5d,0.00017923203815673415
2026-10-07T15:36:39Z,grafana-sc-dashboard,monitoring,monitoring-grafana-647dfc6967-jlf5d,0.002361455926694078
2026-10-07T15:36:54Z,grafana-sc-dashboard,monitoring,monitoring-grafana-647dfc6967-jlf5d,0.002412730825751217
2026-10-07T15:37:09Z,grafana-sc-dashboard,monitoring,monitoring-grafana-647dfc6967-jlf5d,0.0001800227840198271
2026-10-07T15:37:24Z,grafana-sc-dashboard,monitoring,monitoring-grafana-647dfc6967-jlf5d,0.002122104298156065
2026-10-07T15:37:39Z,grafana-sc-dashboard,monitoring,monitoring-grafana-647dfc6967-jlf5d,0.002567534240737162
2026-10-07T15:37:54Z,grafana-sc-dashboard,monitoring,monitoring-grafana-647dfc6967-jlf5d,0.0023295262651391972
2026-10-07T15:38:09Z,grafana-sc-dashboard,monitoring,monitoring-grafana-647dfc6967-jlf5d,0.00043584757028157403
2026-10-07T15:38:24Z,grafana-sc-dashboard,monitoring,monitoring-grafana-647dfc6967-jlf5d,0.001480677655678112
2026-10-07T15:38:39Z,grafana-sc-dashboard,monitoring,monitoring-grafana-647dfc6967-jlf5d,0.002428244444444595
2026-10-07T15:38:54Z,grafana-sc-dashboard,monitoring,monitoring-grafana-647dfc6967-jlf5d,0.0021532552748421705
2026-10-07T15:39:09Z,grafana-sc-dashboard,monitoring,monitoring-grafana-647dfc6967-jlf5d,0.0011193559166283015
2026-10-07T15:39:24Z,grafana-sc-dashboard,monitoring,monitoring-grafana-647dfc6967-jlf5d,0.00035051069926488244
2026-10-07T15:39:39Z,grafana-sc-dashboard,monitoring,monitoring-grafana-647dfc6967-jlf5d,0.002452996661721248
2026-10-07T15:39:54Z,grafana-sc-dashboard,monitoring,monitoring-grafana-647dfc6967-jlf5d,0.002698631928167303
2026-10-07T15:05:39Z,grafana-sc-datasources,monitoring,monitoring-grafana-647dfc6967-jlf5d,0.0005656609133560876
2026-10-07T15:05:54Z,grafana-sc-datasources,monitoring,monitoring-grafana-647dfc6967-jlf5d,0.0005534577898053148
2026-10-07T15:06:09Z,grafana-sc-datasources,monitoring,monitoring-grafana-647dfc6967-jlf5d,0.0005845242088784194
2026-10-07T15:06:24Z,grafana-sc-datasources,monitoring,monitoring-grafana-647dfc6967-jlf5d,0.000014071888998168887
2026-10-07T15:06:39Z,grafana-sc-datasources,monitoring,monitoring-grafana-647dfc6967-jlf5d,0.00026300427394976056
2026-10-07T15:06:54Z,grafana-sc-datasources,monitoring,monitoring-grafana-647dfc6967-jlf5d,0.0006301193163495573
2026-10-07T15:07:09Z,grafana-sc-datasources,monitoring,monitoring-grafana-647dfc6967-jlf5d,0.0004948853068815185
2026-10-07T15:07:24Z,grafana-sc-datasources,monitoring,monitoring-grafana-647dfc6967-jlf5d,0.0002887466973417808
2026-10-07T15:07:39Z,grafana-sc-datasources,monitoring,monitoring-grafana-647dfc6967-jlf5d,0.000012101050924061949
2026-10-07T15:07:54Z,grafana-sc-datasources,monitoring,monitoring-grafana-647dfc6967-jlf5d,0.00048609366588916103
2026-10-07T15:08:09Z,grafana-sc-datasources,monitoring,monitoring-grafana-647dfc6967-jlf5d,0.0005947193450008778
2026-10-07T15:08:24Z,grafana-sc-datasources,monitoring,monitoring-grafana-647dfc6967-jlf5d,0.000015201606673695774
2026-10-07T15:08:39Z,grafana-sc-datasources,monitoring,monitoring-grafana-647dfc6967-jlf5d,0.00017984428345397573
2026-10-07T15:08:54Z,grafana-sc-datasources,monitoring,monitoring-grafana-647dfc6967-jlf5d,0.0005103709949409479
2026-10-07T15:09:09Z,grafana-sc-datasources,monitoring,monitoring-grafana-647dfc6967-jlf5d,0.0005357364409785046
2026-10-07T15:09:24Z,grafana-sc-datasources,monitoring,monitoring-grafana-647dfc6967-jlf5d,0.00038373633653526567
2026-10-07T15:09:39Z,grafana-sc-datasources,monitoring,monitoring-grafana-647dfc6967-jlf5d,0.0002170453119116059
2026-10-07T15:09:54Z,grafana-sc-datasources,monitoring,monitoring-grafana-647dfc6967-jlf5d,0.0004889054197661141
2026-10-07T15:10:09Z,grafana-sc-datasources,monitoring,monitoring-grafana-647dfc6967-jlf5d,0.00040414779582780496
2026-10-07T15:10:24Z,grafana-sc-datasources,monitoring,monitoring-grafana-647dfc6967-jlf5d,0.00035024576992165747
2026-10-07T15:10:39Z,grafana-sc-datasources,monitoring,monitoring-grafana-647dfc6967-jlf5d,0.00026639527379249383
2026-10-07T15:10:54Z,grafana-sc-datasources,monitoring,monitoring-grafana-647dfc6967-jlf5d,0.0005062632491809568
2026-10-07T15:11:09Z,grafana-sc-datasources,monitoring,monitoring-grafana-647dfc6967-jlf5d,0.0002666479203329193
2026-10-07T15:11:24Z,grafana-sc-datasources,monitoring,monitoring-grafana-647dfc6967-jlf5d,0.0002540832503778444
2026-10-07T15:11:39Z,grafana-sc-datasources,monitoring,monitoring-grafana-647dfc6967-jlf5d,0.0004819216233148274
2026-10-07T15:11:54Z,grafana-sc-datasources,monitoring,monitoring-grafana-647dfc6967-jlf5d,0.00040838108269907364
2026-10-07T15:12:09Z,grafana-sc-datasources,monitoring,monitoring-grafana-647dfc6967-jlf5d,0.0005218870843000558
2026-10-07T15:12:24Z,grafana-sc-datasources,monitoring,monitoring-grafana-647dfc6967-jlf5d,0.000013520323044398909
2026-10-07T15:12:39Z,grafana-sc-datasources,monitoring,monitoring-grafana-647dfc6967-jlf5d,0.000015809523809534332
2026-10-07T15:12:54Z,grafana-sc-datasources,monitoring,monitoring-grafana-647dfc6967-jlf5d,0.0005854846168494316
2026-10-07T15:13:09Z,grafana-sc-datasources,monitoring,monitoring-grafana-647dfc6967-jlf5d,0.0006575902805334906
2026-10-07T15:13:24Z,grafana-sc-datasources,monitoring,monitoring-grafana-647dfc6967-jlf5d,0.0004579100601134975
2026-10-07T15:13:39Z,grafana-sc-datasources,monitoring,monitoring-grafana-647dfc6967-jlf5d,0.00029860027825790353
2026-10-07T15:13:54Z,grafana-sc-datasources,monitoring,monitoring-grafana-647dfc6967-jlf5d,0.0005561722572011066
2026-10-07T15:14:09Z,grafana-sc-datasources,monitoring,monitoring-grafana-647dfc6967-jlf5d,0.0005442460744245298
2026-10-07T15:14:24Z,grafana-sc-datasources,monitoring,monitoring-grafana-647dfc6967-jlf5d,0.00025310460955591
2026-10-07T15:14:39Z,grafana-sc-datasources,monitoring,monitoring-grafana-647dfc6967-jlf5d,0.0005342569123310345
2026-10-07T15:14:54Z,grafana-sc-datasources,monitoring,monitoring-grafana-647dfc6967-jlf5d,0.0005415495863708934
2026-10-07T15:15:09Z,grafana-sc-datasources,monitoring,monitoring-grafana-647dfc6967-jlf5d,0.00060567516837806
2026-10-07T15:15:24Z,grafana-sc-datasources,monitoring,monitoring-grafana-647dfc6967-jlf5d,0.000015259726778200804
2026-10-07T15:15:39Z,grafana-sc-datasources,monitoring,monitoring-grafana-647dfc6967-jlf5d,0.0005200938162465164
2026-10-07T15:15:54Z,grafana-sc-datasources,monitoring,monitoring-grafana-647dfc6967-jlf5d,0.0005030620028331642
2026-10-07T15:16:09Z,grafana-sc-datasources,monitoring,monitoring-grafana-647dfc6967-jlf5d,0.0005455710015657158
2026-10-07T15:16:24Z,grafana-sc-datasources,monitoring,monitoring-grafana-647dfc6967-jlf5d,0.000016848058552362407
2026-10-07T15:16:39Z,grafana-sc-datasources,monitoring,monitoring-grafana-647dfc6967-jlf5d,0.0002382477871905388
2026-10-07T15:16:54Z,grafana-sc-datasources,monitoring,monitoring-grafana-647dfc6967-jlf5d,0.0005944048671415003
2026-10-07T15:17:09Z,grafana-sc-datasources,monitoring,monitoring-grafana-647dfc6967-jlf5d,0.0005842780009723521
2026-10-07T15:17:24Z,grafana-sc-datasources,monitoring,monitoring-grafana-647dfc6967-jlf5d,0.0003209870751332344
2026-10-07T15:17:39Z,grafana-sc-datasources,monitoring,monitoring-grafana-647dfc6967-jlf5d,0.0002460762331839003
2026-10-07T15:17:54Z,grafana-sc-datasources,monitoring,monitoring-grafana-647dfc6967-jlf5d,0.0004464445207832744
2026-10-07T15:18:09Z,grafana-sc-datasources,monitoring,monitoring-grafana-647dfc6967-jlf5d,0.000495794761253983
2026-10-07T15:18:24Z,grafana-sc-datasources,monitoring,monitoring-grafana-647dfc6967-jlf5d,0.00030326672762994854
2026-10-07T15:18:39Z,grafana-sc-datasources,monitoring,monitoring-grafana-647dfc6967-jlf5d,0.00044836630695447503
2026-10-07T15:18:54Z,grafana-sc-datasources,monitoring,monitoring-grafana-647dfc6967-jlf5d,0.0005987456867239507
2026-10-07T15:19:09Z,grafana-sc-datasources,monitoring,monitoring-grafana-647dfc6967-jlf5d,0.0005572512002227381
2026-10-07T15:19:24Z,grafana-sc-datasources,monitoring,monitoring-grafana-647dfc6967-jlf5d,0.000019231199767129846
2026-10-07T15:19:39Z,grafana-sc-datasources,monitoring,monitoring-grafana-647dfc6967-jlf5d,0.0005343249656052367
2026-10-07T15:19:54Z,grafana-sc-datasources,monitoring,monitoring-grafana-647dfc6967-jlf5d,0.0006150919761534917
2026-10-07T15:20:09Z,grafana-sc-datasources,monitoring,monitoring-grafana-647dfc6967-jlf5d,0.0006977369128224966
2026-10-07T15:20:24Z,grafana-sc-datasources,monitoring,monitoring-grafana-647dfc6967-jlf5d,0.000015722248606582433
2026-10-07T15:20:39Z,grafana-sc-datasources,monitoring,monitoring-grafana-647dfc6967-jlf5d,0.00028328611898019077
2026-10-07T15:20:54Z,grafana-sc-datasources,monitoring,monitoring-grafana-647dfc6967-jlf5d,0.000498008421531742
2026-10-07T15:21:09Z,grafana-sc-datasources,monitoring,monitoring-grafana-647dfc6967-jlf5d,0.0005205798704377051
2026-10-07T15:21:24Z,grafana-sc-datasources,monitoring,monitoring-grafana-647dfc6967-jlf5d,0.00030586814022684364
2026-10-07T15:21:39Z,grafana-sc-datasources,monitoring,monitoring-grafana-647dfc6967-jlf5d,0.0005303972253125105
2026-10-07T15:21:54Z,grafana-sc-datasources,monitoring,monitoring-grafana-647dfc6967-jlf5d,0.0005229040810117383
2026-10-07T15:22:09Z,grafana-sc-datasources,monitoring,monitoring-grafana-647dfc6967-jlf5d,0.0005037850271852474
2026-10-07T15:22:24Z,grafana-sc-datasources,monitoring,monitoring-grafana-647dfc6967-jlf5d,0.000015429164145606837
2026-10-07T15:22:39Z,grafana-sc-datasources,monitoring,monitoring-grafana-647dfc6967-jlf5d,0.0005770303676319521
2026-10-07T15:22:54Z,grafana-sc-datasources,monitoring,monitoring-grafana-647dfc6967-jlf5d,0.0006733805860981622
2026-10-07T15:23:09Z,grafana-sc-datasources,monitoring,monitoring-grafana-647dfc6967-jlf5d,0.0005505452017898037
2026-10-07T15:23:24Z,grafana-sc-datasources,monitoring,monitoring-grafana-647dfc6967-jlf5d,0.000014684656416850328
2026-10-07T15:23:39Z,grafana-sc-datasources,monitoring,monitoring-grafana-647dfc6967-jlf5d,0.000519455859730525
2026-10-07T15:23:54Z,grafana-sc-datasources,monitoring,monitoring-grafana-647dfc6967-jlf5d,0.00045981516775142725
2026-10-07T15:24:09Z,grafana-sc-datasources,monitoring,monitoring-grafana-647dfc6967-jlf5d,0.0006242999999999555
2026-10-07T15:24:24Z,grafana-sc-datasources,monitoring,monitoring-grafana-647dfc6967-jlf5d,0.0005591507468639118
2026-10-07T15:24:39Z,grafana-sc-datasources,monitoring,monitoring-grafana-647dfc6967-jlf5d,0.00028490150823892566
2026-10-07T15:24:54Z,grafana-sc-datasources,monitoring,monitoring-grafana-647dfc6967-jlf5d,0.0007896661271955227
2026-10-07T15:25:09Z,grafana-sc-datasources,monitoring,monitoring-grafana-647dfc6967-jlf5d,0.0005110472908291051
2026-10-07T15:25:24Z,grafana-sc-datasources,monitoring,monitoring-grafana-647dfc6967-jlf5d,0.00031799267483551225
2026-10-07T15:25:39Z,grafana-sc-datasources,monitoring,monitoring-grafana-647dfc6967-jlf5d,0.0003220637340301967
2026-10-07T15:25:54Z,grafana-sc-datasources,monitoring,monitoring-grafana-647dfc6967-jlf5d,0.00048021523178812394
2026-10-07T15:26:09Z,grafana-sc-datasources,monitoring,monitoring-grafana-647dfc6967-jlf5d,0.0004972745008033254
2026-10-07T15:26:24Z,grafana-sc-datasources,monitoring,monitoring-grafana-647dfc6967-jlf5d,0.000015415683039785648
2026-10-07T15:26:39Z,grafana-sc-datasources,monitoring,monitoring-grafana-647dfc6967-jlf5d,0.0002993315655729258
2026-10-07T15:26:54Z,grafana-sc-datasources,monitoring,monitoring-grafana-647dfc6967-jlf5d,0.00047588939470588707
2026-10-07T15:27:09Z,grafana-sc-datasources,monitoring,monitoring-grafana-647dfc6967-jlf5d,0.0004883499350369114
2026-10-07T15:27:24Z,grafana-sc-datasources,monitoring,monitoring-grafana-647dfc6967-jlf5d,0.00027984406518434144
2026-10-07T15:27:39Z,grafana-sc-datasources,monitoring,monitoring-grafana-647dfc6967-jlf5d,0.0004237153712787866
2026-10-07T15:27:54Z,grafana-sc-datasources,monitoring,monitoring-grafana-647dfc6967-jlf5d,0.00042107689470760644
2026-10-07T15:28:09Z,grafana-sc-datasources,monitoring,monitoring-grafana-647dfc6967-jlf5d,0.000499103012204908
2026-10-07T15:28:24Z,grafana-sc-datasources,monitoring,monitoring-grafana-647dfc6967-jlf5d,0.0004745323440275346
2026-10-07T15:28:39Z,grafana-sc-datasources,monitoring,monitoring-grafana-647dfc6967-jlf5d,0.00014045243354412148
2026-10-07T15:28:54Z,grafana-sc-datasources,monitoring,monitoring-grafana-647dfc6967-jlf5d,0.00045116266748709523
2026-10-07T15:29:09Z,grafana-sc-datasources,monitoring,monitoring-grafana-647dfc6967-jlf5d,0.00035578110527947063
2026-10-07T15:29:24Z,grafana-sc-datasources,monitoring,monitoring-grafana-647dfc6967-jlf5d,0.0002995927994481438
2026-10-07T15:29:39Z,grafana-sc-datasources,monitoring,monitoring-grafana-647dfc6967-jlf5d,0.000015275504637235206
2026-10-07T15:29:54Z,grafana-sc-datasources,monitoring,monitoring-grafana-647dfc6967-jlf5d,0.0006195604678062263
2026-10-07T15:30:09Z,grafana-sc-datasources,monitoring,monitoring-grafana-647dfc6967-jlf5d,0.0006092557372891903
2026-10-07T15:30:24Z,grafana-sc-datasources,monitoring,monitoring-grafana-647dfc6967-jlf5d,0.0005497812813268254
2026-10-07T15:30:39Z,grafana-sc-datasources,monitoring,monitoring-grafana-647dfc6967-jlf5d,0.00021644620439795916
2026-10-07T15:30:54Z,grafana-sc-datasources,monitoring,monitoring-grafana-647dfc6967-jlf5d,0.0004382599019082904
2026-10-07T15:31:09Z,grafana-sc-datasources,monitoring,monitoring-grafana-647dfc6967-jlf5d,0.00037783803902803625
2026-10-07T15:31:24Z,grafana-sc-datasources,monitoring,monitoring-grafana-647dfc6967-jlf5d,0.0002619683125635142
2026-10-07T15:31:39Z,grafana-sc-datasources,monitoring,monitoring-grafana-647dfc6967-jlf5d,0.0005151297646481718
2026-10-07T15:31:54Z,grafana-sc-datasources,monitoring,monitoring-grafana-647dfc6967-jlf5d,0.0005755689627656097
2026-10-07T15:32:09Z,grafana-sc-datasources,monitoring,monitoring-grafana-647dfc6967-jlf5d,0.0008760877358796707
2026-10-07T15:32:24Z,grafana-sc-datasources,monitoring,monitoring-grafana-647dfc6967-jlf5d,0.0005921087127501375
2026-10-07T15:32:39Z,grafana-sc-datasources,monitoring,monitoring-grafana-647dfc6967-jlf5d,0.000013312730298519467
2026-10-07T15:32:54Z,grafana-sc-datasources,monitoring,monitoring-grafana-647dfc6967-jlf5d,0.0003987208822536589
2026-10-07T15:33:09Z,grafana-sc-datasources,monitoring,monitoring-grafana-647dfc6967-jlf5d,0.0004362816739054103
2026-10-07T15:33:24Z,grafana-sc-datasources,monitoring,monitoring-grafana-647dfc6967-jlf5d,0.00048240071172751646
2026-10-07T15:33:39Z,grafana-sc-datasources,monitoring,monitoring-grafana-647dfc6967-jlf5d,0.00022172964441565123
2026-10-07T15:33:54Z,grafana-sc-datasources,monitoring,monitoring-grafana-647dfc6967-jlf5d,0.00041513997089285783
2026-10-07T15:34:09Z,grafana-sc-datasources,monitoring,monitoring-grafana-647dfc6967-jlf5d,0.0004327854941716683
2026-10-07T15:34:24Z,grafana-sc-datasources,monitoring,monitoring-grafana-647dfc6967-jlf5d,0.00023904419015296702
2026-10-07T15:34:39Z,grafana-sc-datasources,monitoring,monitoring-grafana-647dfc6967-jlf5d,0.0001405953564007722
2026-10-07T15:34:54Z,grafana-sc-datasources,monitoring,monitoring-grafana-647dfc6967-jlf5d,0.00039706396364916043
2026-10-07T15:35:09Z,grafana-sc-datasources,monitoring,monitoring-grafana-647dfc6967-jlf5d,0.0004227570300303903
2026-10-07T15:35:24Z,grafana-sc-datasources,monitoring,monitoring-grafana-647dfc6967-jlf5d,0.0002816598291748982
2026-10-07T15:35:39Z,grafana-sc-datasources,monitoring,monitoring-grafana-647dfc6967-jlf5d,0.00026631116687576904
2026-10-07T15:35:54Z,grafana-sc-datasources,monitoring,monitoring-grafana-647dfc6967-jlf5d,0.0005472052505452642
2026-10-07T15:36:09Z,grafana-sc-datasources,monitoring,monitoring-grafana-647dfc6967-jlf5d,0.0005264932164128856
2026-10-07T15:36:24Z,grafana-sc-datasources,monitoring,monitoring-grafana-647dfc6967-jlf5d,0.0002633180827458984
2026-10-07T15:36:39Z,grafana-sc-datasources,monitoring,monitoring-grafana-647dfc6967-jlf5d,0.00036140415704380495
2026-10-07T15:36:54Z,grafana-sc-datasources,monitoring,monitoring-grafana-647dfc6967-jlf5d,0.00042094612237795445
2026-10-07T15:37:09Z,grafana-sc-datasources,monitoring,monitoring-grafana-647dfc6967-jlf5d,0.0004403216672330038
2026-10-07T15:37:24Z,grafana-sc-datasources,monitoring,monitoring-grafana-647dfc6967-jlf5d,0.000013808778961816968
2026-10-07T15:37:39Z,grafana-sc-datasources,monitoring,monitoring-grafana-647dfc6967-jlf5d,0.0002647937336815374
2026-10-07T15:37:54Z,grafana-sc-datasources,monitoring,monitoring-grafana-647dfc6967-jlf5d,0.0006042215743440022
2026-10-07T15:38:09Z,grafana-sc-datasources,monitoring,monitoring-grafana-647dfc6967-jlf5d,0.0005736984000707669
2026-10-07T15:38:24Z,grafana-sc-datasources,monitoring,monitoring-grafana-647dfc6967-jlf5d,0.00032126851240970276
2026-10-07T15:38:39Z,grafana-sc-datasources,monitoring,monitoring-grafana-647dfc6967-jlf5d,0.0003007881727450175
2026-10-07T15:38:54Z,grafana-sc-datasources,monitoring,monitoring-grafana-647dfc6967-jlf5d,0.0005872788791242932
2026-10-07T15:39:09Z,grafana-sc-datasources,monitoring,monitoring-grafana-647dfc6967-jlf5d,0.0005894659570564207
2026-10-07T15:39:24Z,grafana-sc-datasources,monitoring,monitoring-grafana-647dfc6967-jlf5d,0.00027235089403583227
2026-10-07T15:39:39Z,grafana-sc-datasources,monitoring,monitoring-grafana-647dfc6967-jlf5d,0.00029878708370735654
2026-10-07T15:39:54Z,grafana-sc-datasources,monitoring,monitoring-grafana-647dfc6967-jlf5d,0.0005468931163310674
2026-10-07T15:08:09Z,k6,k6,vorstudie2-r1-1500-1-p4287,0.005325699405565194
2026-10-07T15:08:24Z,k6,k6,vorstudie2-r1-1500-1-p4287,0.006954374000826638
2026-10-07T15:08:39Z,k6,k6,vorstudie2-r1-1500-1-p4287,0.008091822720237186
2026-10-07T15:08:54Z,k6,k6,vorstudie2-r1-1500-1-p4287,0.007006385600657233
2026-10-07T15:09:09Z,k6,k6,vorstudie2-r1-1500-1-p4287,0.005918159225237765
2026-10-07T15:09:24Z,k6,k6,vorstudie2-r1-1500-1-p4287,0.007675067348120547
2026-10-07T15:09:39Z,k6,k6,vorstudie2-r1-1500-1-p4287,0.007786446703808884
2026-10-07T15:09:54Z,k6,k6,vorstudie2-r1-1500-1-p4287,0.007543076109936575
2026-10-07T15:10:09Z,k6,k6,vorstudie2-r1-1500-1-p4287,0.007787891092928348
2026-10-07T15:10:24Z,k6,k6,vorstudie2-r1-1500-1-p4287,0.00787073987431769
2026-10-07T15:10:39Z,k6,k6,vorstudie2-r1-1500-1-p4287,0.007778549491137565
2026-10-07T15:10:54Z,k6,k6,vorstudie2-r1-1500-1-p4287,0.00621696954469442
2026-10-07T15:11:09Z,k6,k6,vorstudie2-r1-1500-1-p4287,0.007312870641902901
2026-10-07T15:11:24Z,k6,k6,vorstudie2-r1-1500-1-p4287,0.007307598809673497
2026-10-07T15:11:39Z,k6,k6,vorstudie2-r1-1500-1-p4287,0.005911006975910754
2026-10-07T15:11:54Z,k6,k6,vorstudie2-r1-1500-1-p4287,0.007281149377671496
2026-10-07T15:12:09Z,k6,k6,vorstudie2-r1-1500-1-p4287,0.007258964143426295
2026-10-07T15:12:24Z,k6,k6,vorstudie2-r1-1500-1-p4287,0.007453967992080512
2026-10-07T15:12:39Z,k6,k6,vorstudie2-r1-1500-1-p4287,0.007227391637724954
2026-10-07T15:12:54Z,k6,k6,vorstudie2-r1-1500-1-p4287,0.00737576083449833
2026-10-07T15:13:09Z,k6,k6,vorstudie2-r1-1500-1-p4287,0.007255508017113842
2026-10-07T15:13:24Z,k6,k6,vorstudie2-r1-1500-1-p4287,0.007607866404884678
2026-10-07T15:13:39Z,k6,k6,vorstudie2-r1-1500-1-p4287,0.00723713636363637
2026-10-07T15:13:54Z,k6,k6,vorstudie2-r1-1500-1-p4287,0.007071236407207287
2026-10-07T15:14:09Z,k6,k6,vorstudie2-r1-1500-1-p4287,0.007102199607538905
2026-10-07T15:14:24Z,k6,k6,vorstudie2-r1-1500-1-p4287,0.007110563703024748
2026-10-07T15:14:39Z,k6,k6,vorstudie2-r1-1500-1-p4287,0.007202934200122994
2026-10-07T15:14:54Z,k6,k6,vorstudie2-r1-1500-1-p4287,0.005619933352951439
2026-10-07T15:15:09Z,k6,k6,vorstudie2-r1-1500-1-p4287,0.007235267155578828
2026-10-07T15:15:24Z,k6,k6,vorstudie2-r1-1500-1-p4287,0.007015902510695304
2026-10-07T15:15:39Z,k6,k6,vorstudie2-r1-1500-1-p4287,0.0060035702057613235
2026-10-07T15:15:54Z,k6,k6,vorstudie2-r1-1500-1-p4287,0.0070813280323638195
2026-10-07T15:16:09Z,k6,k6,vorstudie2-r1-1500-1-p4287,0.005903516029696535
2026-10-07T15:16:24Z,k6,k6,vorstudie2-r1-1500-1-p4287,0.007187985531670018
2026-10-07T15:16:39Z,k6,k6,vorstudie2-r1-1500-1-p4287,0.0071780322580645055
2026-10-07T15:16:54Z,k6,k6,vorstudie2-r1-1500-1-p4287,0.005804505467222068
2026-10-07T15:17:09Z,k6,k6,vorstudie2-r1-1500-1-p4287,0.006961936524623446
2026-10-07T15:17:24Z,k6,k6,vorstudie2-r1-1500-1-p4287,0.006956455167613975
2026-10-07T15:17:39Z,k6,k6,vorstudie2-r1-1500-1-p4287,0.007159396236963022
2026-10-07T15:17:54Z,k6,k6,vorstudie2-r1-1500-1-p4287,0.007300084348032955
2026-10-07T15:18:09Z,k6,k6,vorstudie2-r1-1500-1-p4287,0.006334395759363861
2026-10-07T15:18:24Z,k6,k6,vorstudie2-r1-1500-1-p4287,0.007495553388031448
2026-10-07T15:18:39Z,k6,k6,vorstudie2-r1-1500-1-p4287,0.007751758943149762
2026-10-07T15:18:54Z,k6,k6,vorstudie2-r1-1500-1-p4287,0.006322243226538598
2026-10-07T15:19:09Z,k6,k6,vorstudie2-r1-1500-1-p4287,0.007590887634296927
2026-10-07T15:19:24Z,k6,k6,vorstudie2-r1-1500-1-p4287,0.007380003924646795
2026-10-07T15:19:39Z,k6,k6,vorstudie2-r1-1500-1-p4287,0.007296788765589703
2026-10-07T15:19:54Z,k6,k6,vorstudie2-r1-1500-1-p4287,0.00727508216926871
2026-10-07T15:20:09Z,k6,k6,vorstudie2-r1-1500-1-p4287,0.006140204281002479
2026-10-07T15:20:24Z,k6,k6,vorstudie2-r1-1500-1-p4287,0.0074253929225725655
2026-10-07T15:20:39Z,k6,k6,vorstudie2-r1-1500-1-p4287,0.007911935693747782
2026-10-07T15:20:54Z,k6,k6,vorstudie2-r1-1500-1-p4287,0.00840278884462152
2026-10-07T15:21:09Z,k6,k6,vorstudie2-r1-1500-1-p4287,0.008241966408466904
2026-10-07T15:21:24Z,k6,k6,vorstudie2-r1-1500-1-p4287,0.008430727258852246
2026-10-07T15:21:39Z,k6,k6,vorstudie2-r1-1500-1-p4287,0.008485051213435442
2026-10-07T15:21:54Z,k6,k6,vorstudie2-r1-1500-1-p4287,0.008688516387290467
2026-10-07T15:22:09Z,k6,k6,vorstudie2-r1-1500-1-p4287,0.008441093184063228
2026-10-07T15:22:24Z,k6,k6,vorstudie2-r1-1500-1-p4287,0.008364852597907849
2026-10-07T15:22:39Z,k6,k6,vorstudie2-r1-1500-1-p4287,0.008407238510477387
2026-10-07T15:22:54Z,k6,k6,vorstudie2-r1-1500-1-p4287,0.008522844807135735
2026-10-07T15:23:09Z,k6,k6,vorstudie2-r1-1500-1-p4287,0.008397110671596871
2026-10-07T15:23:24Z,k6,k6,vorstudie2-r1-1500-1-p4287,0.006928215981883501
2026-10-07T15:23:39Z,k6,k6,vorstudie2-r1-1500-1-p4287,0.008264951995067377
2026-10-07T15:23:54Z,k6,k6,vorstudie2-r1-1500-1-p4287,0.008226823121324622
2026-10-07T15:24:09Z,k6,k6,vorstudie2-r1-1500-1-p4287,0.008156317972216585
2026-10-07T15:24:24Z,k6,k6,vorstudie2-r1-1500-1-p4287,0.008224418110935272
2026-10-07T15:24:39Z,k6,k6,vorstudie2-r1-1500-1-p4287,0.008320899616017561
2026-10-07T15:24:54Z,k6,k6,vorstudie2-r1-1500-1-p4287,0.008088498701298701
2026-10-07T15:25:09Z,k6,k6,vorstudie2-r1-1500-1-p4287,0.007954850112473037
2026-10-07T15:25:24Z,k6,k6,vorstudie2-r1-1500-1-p4287,0.007976078608538485
2026-10-07T15:25:39Z,k6,k6,vorstudie2-r1-1500-1-p4287,0.008057554117384534
2026-10-07T15:25:54Z,k6,k6,vorstudie2-r1-1500-1-p4287,0.008033138360545344
2026-10-07T15:26:09Z,k6,k6,vorstudie2-r1-1500-1-p4287,0.008145791285765196
2026-10-07T15:26:24Z,k6,k6,vorstudie2-r1-1500-1-p4287,0.008147741920363702
2026-10-07T15:26:39Z,k6,k6,vorstudie2-r1-1500-1-p4287,0.00834223618748366
2026-10-07T15:26:54Z,k6,k6,vorstudie2-r1-1500-1-p4287,0.008137405102250176
2026-10-07T15:27:09Z,k6,k6,vorstudie2-r1-1500-1-p4287,0.008340403868997141
2026-10-07T15:27:24Z,k6,k6,vorstudie2-r1-1500-1-p4287,0.00826306515290075
2026-10-07T15:27:39Z,k6,k6,vorstudie2-r1-1500-1-p4287,0.008326460413165955
2026-10-07T15:27:54Z,k6,k6,vorstudie2-r1-1500-1-p4287,0.008202363852751646
2026-10-07T15:28:09Z,k6,k6,vorstudie2-r1-1500-1-p4287,0.00798508632603809
2026-10-07T15:28:24Z,k6,k6,vorstudie2-r1-1500-1-p4287,0.007808566198901756
2026-10-07T15:28:39Z,k6,k6,vorstudie2-r1-1500-1-p4287,0.00786330847291848
2026-10-07T15:28:54Z,k6,k6,vorstudie2-r1-1500-1-p4287,0.008014263941537387
2026-10-07T15:29:09Z,k6,k6,vorstudie2-r1-1500-1-p4287,0.006964183298277275
2026-10-07T15:29:24Z,k6,k6,vorstudie2-r1-1500-1-p4287,0.008326681527843258
2026-10-07T15:29:39Z,k6,k6,vorstudie2-r1-1500-1-p4287,0.008395453785726224
2026-10-07T15:29:54Z,k6,k6,vorstudie2-r1-1500-1-p4287,0.006747685865872355
2026-10-07T15:30:09Z,k6,k6,vorstudie2-r1-1500-1-p4287,0.008300378003780045
2026-10-07T15:30:24Z,k6,k6,vorstudie2-r1-1500-1-p4287,0.007965278548133028
2026-10-07T15:30:39Z,k6,k6,vorstudie2-r1-1500-1-p4287,0.00801357508660941
2026-10-07T15:30:54Z,k6,k6,vorstudie2-r1-1500-1-p4287,0.007719239462310168
2026-10-07T15:31:09Z,k6,k6,vorstudie2-r1-1500-1-p4287,0.008033477188655956
2026-10-07T15:31:24Z,k6,k6,vorstudie2-r1-1500-1-p4287,0.00802773529302047
2026-10-07T15:31:39Z,k6,k6,vorstudie2-r1-1500-1-p4287,0.008068357541899421
2026-10-07T15:31:54Z,k6,k6,vorstudie2-r1-1500-1-p4287,0.00779392484535131
2026-10-07T15:32:09Z,k6,k6,vorstudie2-r1-1500-1-p4287,0.007817492323908186
2026-10-07T15:32:24Z,k6,k6,vorstudie2-r1-1500-1-p4287,0.007876522533495732
2026-10-07T15:32:39Z,k6,k6,vorstudie2-r1-1500-1-p4287,0.008062780823611853
2026-10-07T15:32:54Z,k6,k6,vorstudie2-r1-1500-1-p4287,0.008026285687606494
2026-10-07T15:33:09Z,k6,k6,vorstudie2-r1-1500-1-p4287,0.008100371821927441
2026-10-07T15:33:24Z,k6,k6,vorstudie2-r1-1500-1-p4287,0.00809387225912109
2026-10-07T15:33:39Z,k6,k6,vorstudie2-r1-1500-1-p4287,0.008251004356928644
2026-10-07T15:33:54Z,k6,k6,vorstudie2-r1-1500-1-p4287,0.007005407852715378
2026-10-07T15:34:09Z,k6,k6,vorstudie2-r1-1500-1-p4287,0.008554298642533943
2026-10-07T15:34:24Z,k6,k6,vorstudie2-r1-1500-1-p4287,0.007191425927172367
2026-10-07T15:34:39Z,k6,k6,vorstudie2-r1-1500-1-p4287,0.006794763580742994
2026-10-07T15:34:54Z,k6,k6,vorstudie2-r1-1500-1-p4287,0.008228956388133764
2026-10-07T15:35:09Z,k6,k6,vorstudie2-r1-1500-1-p4287,0.007775779588943987
2026-10-07T15:35:24Z,k6,k6,vorstudie2-r1-1500-1-p4287,0.007950353136684681
2026-10-07T15:35:39Z,k6,k6,vorstudie2-r1-1500-1-p4287,0.0065397422175659786
2026-10-07T15:35:54Z,k6,k6,vorstudie2-r1-1500-1-p4287,0.004474734360048933
2026-10-07T15:05:39Z,kube-prometheus-stack,monitoring,monitoring-kube-prometheus-operator-6dd9b7895b-nkvg5,0.0042205910899714835
2026-10-07T15:05:54Z,kube-prometheus-stack,monitoring,monitoring-kube-prometheus-operator-6dd9b7895b-nkvg5,0.0038142161538079365
2026-10-07T15:06:09Z,kube-prometheus-stack,monitoring,monitoring-kube-prometheus-operator-6dd9b7895b-nkvg5,0.0038951013435520416
2026-10-07T15:06:24Z,kube-prometheus-stack,monitoring,monitoring-kube-prometheus-operator-6dd9b7895b-nkvg5,0.0041939003857568765
2026-10-07T15:06:39Z,kube-prometheus-stack,monitoring,monitoring-kube-prometheus-operator-6dd9b7895b-nkvg5,0.004509871812328845
2026-10-07T15:06:54Z,kube-prometheus-stack,monitoring,monitoring-kube-prometheus-operator-6dd9b7895b-nkvg5,0.0043925100188878085
2026-10-07T15:07:09Z,kube-prometheus-stack,monitoring,monitoring-kube-prometheus-operator-6dd9b7895b-nkvg5,0.0041044505797879355
2026-10-07T15:07:24Z,kube-prometheus-stack,monitoring,monitoring-kube-prometheus-operator-6dd9b7895b-nkvg5,0.00407890936145871
2026-10-07T15:07:39Z,kube-prometheus-stack,monitoring,monitoring-kube-prometheus-operator-6dd9b7895b-nkvg5,0.003910184901419367
2026-10-07T15:07:54Z,kube-prometheus-stack,monitoring,monitoring-kube-prometheus-operator-6dd9b7895b-nkvg5,0.0034077075971738558
2026-10-07T15:08:09Z,kube-prometheus-stack,monitoring,monitoring-kube-prometheus-operator-6dd9b7895b-nkvg5,0.0037060041407875116
2026-10-07T15:08:24Z,kube-prometheus-stack,monitoring,monitoring-kube-prometheus-operator-6dd9b7895b-nkvg5,0.0035480220079067027
2026-10-07T15:08:39Z,kube-prometheus-stack,monitoring,monitoring-kube-prometheus-operator-6dd9b7895b-nkvg5,0.00397948040905061
2026-10-07T15:08:54Z,kube-prometheus-stack,monitoring,monitoring-kube-prometheus-operator-6dd9b7895b-nkvg5,0.004031957450678685
2026-10-07T15:09:09Z,kube-prometheus-stack,monitoring,monitoring-kube-prometheus-operator-6dd9b7895b-nkvg5,0.0042099097751880825
2026-10-07T15:09:24Z,kube-prometheus-stack,monitoring,monitoring-kube-prometheus-operator-6dd9b7895b-nkvg5,0.004011616782833904
2026-10-07T15:09:39Z,kube-prometheus-stack,monitoring,monitoring-kube-prometheus-operator-6dd9b7895b-nkvg5,0.003927115716751245
2026-10-07T15:09:54Z,kube-prometheus-stack,monitoring,monitoring-kube-prometheus-operator-6dd9b7895b-nkvg5,0.004020482257842945
2026-10-07T15:10:09Z,kube-prometheus-stack,monitoring,monitoring-kube-prometheus-operator-6dd9b7895b-nkvg5,0.004111864673072571
2026-10-07T15:10:24Z,kube-prometheus-stack,monitoring,monitoring-kube-prometheus-operator-6dd9b7895b-nkvg5,0.004118339622642829
2026-10-07T15:10:39Z,kube-prometheus-stack,monitoring,monitoring-kube-prometheus-operator-6dd9b7895b-nkvg5,0.004174679266783436
2026-10-07T15:10:54Z,kube-prometheus-stack,monitoring,monitoring-kube-prometheus-operator-6dd9b7895b-nkvg5,0.0046196894503354805
2026-10-07T15:11:09Z,kube-prometheus-stack,monitoring,monitoring-kube-prometheus-operator-6dd9b7895b-nkvg5,0.004518941004640099
2026-10-07T15:11:24Z,kube-prometheus-stack,monitoring,monitoring-kube-prometheus-operator-6dd9b7895b-nkvg5,0.004132294499058719
2026-10-07T15:11:39Z,kube-prometheus-stack,monitoring,monitoring-kube-prometheus-operator-6dd9b7895b-nkvg5,0.0037603668047101932
2026-10-07T15:11:54Z,kube-prometheus-stack,monitoring,monitoring-kube-prometheus-operator-6dd9b7895b-nkvg5,0.0038792219914263485
2026-10-07T15:12:09Z,kube-prometheus-stack,monitoring,monitoring-kube-prometheus-operator-6dd9b7895b-nkvg5,0.004606497567755623
2026-10-07T15:12:24Z,kube-prometheus-stack,monitoring,monitoring-kube-prometheus-operator-6dd9b7895b-nkvg5,0.004481078824618356
2026-10-07T15:12:39Z,kube-prometheus-stack,monitoring,monitoring-kube-prometheus-operator-6dd9b7895b-nkvg5,0.004097501224888545
2026-10-07T15:12:54Z,kube-prometheus-stack,monitoring,monitoring-kube-prometheus-operator-6dd9b7895b-nkvg5,0.004138421205940775
2026-10-07T15:13:09Z,kube-prometheus-stack,monitoring,monitoring-kube-prometheus-operator-6dd9b7895b-nkvg5,0.004626712729827193
2026-10-07T15:13:24Z,kube-prometheus-stack,monitoring,monitoring-kube-prometheus-operator-6dd9b7895b-nkvg5,0.004254962890101262
2026-10-07T15:13:39Z,kube-prometheus-stack,monitoring,monitoring-kube-prometheus-operator-6dd9b7895b-nkvg5,0.004348697269177179
2026-10-07T15:13:54Z,kube-prometheus-stack,monitoring,monitoring-kube-prometheus-operator-6dd9b7895b-nkvg5,0.0038809251968496563
2026-10-07T15:14:09Z,kube-prometheus-stack,monitoring,monitoring-kube-prometheus-operator-6dd9b7895b-nkvg5,0.003782740378792004
2026-10-07T15:14:24Z,kube-prometheus-stack,monitoring,monitoring-kube-prometheus-operator-6dd9b7895b-nkvg5,0.00404258585518701
2026-10-07T15:14:39Z,kube-prometheus-stack,monitoring,monitoring-kube-prometheus-operator-6dd9b7895b-nkvg5,0.004058237893836389
2026-10-07T15:14:54Z,kube-prometheus-stack,monitoring,monitoring-kube-prometheus-operator-6dd9b7895b-nkvg5,0.004594702548308811
2026-10-07T15:15:09Z,kube-prometheus-stack,monitoring,monitoring-kube-prometheus-operator-6dd9b7895b-nkvg5,0.0041990411599613356
2026-10-07T15:15:24Z,kube-prometheus-stack,monitoring,monitoring-kube-prometheus-operator-6dd9b7895b-nkvg5,0.004152553265117157
2026-10-07T15:15:39Z,kube-prometheus-stack,monitoring,monitoring-kube-prometheus-operator-6dd9b7895b-nkvg5,0.0036345552061241484
2026-10-07T15:15:54Z,kube-prometheus-stack,monitoring,monitoring-kube-prometheus-operator-6dd9b7895b-nkvg5,0.003961212293010021
2026-10-07T15:16:09Z,kube-prometheus-stack,monitoring,monitoring-kube-prometheus-operator-6dd9b7895b-nkvg5,0.003944097627772669
2026-10-07T15:16:24Z,kube-prometheus-stack,monitoring,monitoring-kube-prometheus-operator-6dd9b7895b-nkvg5,0.0036577150461384444
2026-10-07T15:16:39Z,kube-prometheus-stack,monitoring,monitoring-kube-prometheus-operator-6dd9b7895b-nkvg5,0.003824965279239692
2026-10-07T15:16:54Z,kube-prometheus-stack,monitoring,monitoring-kube-prometheus-operator-6dd9b7895b-nkvg5,0.004284039406769938
2026-10-07T15:17:09Z,kube-prometheus-stack,monitoring,monitoring-kube-prometheus-operator-6dd9b7895b-nkvg5,0.004111780277963414
2026-10-07T15:17:24Z,kube-prometheus-stack,monitoring,monitoring-kube-prometheus-operator-6dd9b7895b-nkvg5,0.004086547529804499
2026-10-07T15:17:39Z,kube-prometheus-stack,monitoring,monitoring-kube-prometheus-operator-6dd9b7895b-nkvg5,0.0036454158790193854
2026-10-07T15:17:54Z,kube-prometheus-stack,monitoring,monitoring-kube-prometheus-operator-6dd9b7895b-nkvg5,0.004017361535639445
2026-10-07T15:18:09Z,kube-prometheus-stack,monitoring,monitoring-kube-prometheus-operator-6dd9b7895b-nkvg5,0.003872388191969362
2026-10-07T15:18:24Z,kube-prometheus-stack,monitoring,monitoring-kube-prometheus-operator-6dd9b7895b-nkvg5,0.003911446745839769
2026-10-07T15:18:39Z,kube-prometheus-stack,monitoring,monitoring-kube-prometheus-operator-6dd9b7895b-nkvg5,0.0033118897873619982
2026-10-07T15:18:54Z,kube-prometheus-stack,monitoring,monitoring-kube-prometheus-operator-6dd9b7895b-nkvg5,0.004119996879144451
2026-10-07T15:19:09Z,kube-prometheus-stack,monitoring,monitoring-kube-prometheus-operator-6dd9b7895b-nkvg5,0.003743084953318082
2026-10-07T15:19:24Z,kube-prometheus-stack,monitoring,monitoring-kube-prometheus-operator-6dd9b7895b-nkvg5,0.004720881030639422
2026-10-07T15:19:39Z,kube-prometheus-stack,monitoring,monitoring-kube-prometheus-operator-6dd9b7895b-nkvg5,0.004496521886663102
2026-10-07T15:19:54Z,kube-prometheus-stack,monitoring,monitoring-kube-prometheus-operator-6dd9b7895b-nkvg5,0.004391200207157308
2026-10-07T15:20:09Z,kube-prometheus-stack,monitoring,monitoring-kube-prometheus-operator-6dd9b7895b-nkvg5,0.004058421149933582
2026-10-07T15:20:24Z,kube-prometheus-stack,monitoring,monitoring-kube-prometheus-operator-6dd9b7895b-nkvg5,0.003772585514333334
2026-10-07T15:20:39Z,kube-prometheus-stack,monitoring,monitoring-kube-prometheus-operator-6dd9b7895b-nkvg5,0.004475077259443789
2026-10-07T15:20:54Z,kube-prometheus-stack,monitoring,monitoring-kube-prometheus-operator-6dd9b7895b-nkvg5,0.003765996797259584
2026-10-07T15:21:09Z,kube-prometheus-stack,monitoring,monitoring-kube-prometheus-operator-6dd9b7895b-nkvg5,0.0038021709751953937
2026-10-07T15:21:24Z,kube-prometheus-stack,monitoring,monitoring-kube-prometheus-operator-6dd9b7895b-nkvg5,0.0038963499084136302
2026-10-07T15:21:39Z,kube-prometheus-stack,monitoring,monitoring-kube-prometheus-operator-6dd9b7895b-nkvg5,0.0037783475465873336
2026-10-07T15:21:54Z,kube-prometheus-stack,monitoring,monitoring-kube-prometheus-operator-6dd9b7895b-nkvg5,0.0040424107961419585
2026-10-07T15:22:09Z,kube-prometheus-stack,monitoring,monitoring-kube-prometheus-operator-6dd9b7895b-nkvg5,0.0035139810943084293
2026-10-07T15:22:24Z,kube-prometheus-stack,monitoring,monitoring-kube-prometheus-operator-6dd9b7895b-nkvg5,0.003250387156295884
2026-10-07T15:22:39Z,kube-prometheus-stack,monitoring,monitoring-kube-prometheus-operator-6dd9b7895b-nkvg5,0.003772037785548748
2026-10-07T15:22:54Z,kube-prometheus-stack,monitoring,monitoring-kube-prometheus-operator-6dd9b7895b-nkvg5,0.0037838666635461133
2026-10-07T15:23:09Z,kube-prometheus-stack,monitoring,monitoring-kube-prometheus-operator-6dd9b7895b-nkvg5,0.0031429176545901116
2026-10-07T15:23:24Z,kube-prometheus-stack,monitoring,monitoring-kube-prometheus-operator-6dd9b7895b-nkvg5,0.003684191047966645
2026-10-07T15:23:39Z,kube-prometheus-stack,monitoring,monitoring-kube-prometheus-operator-6dd9b7895b-nkvg5,0.004124994083959988
2026-10-07T15:23:54Z,kube-prometheus-stack,monitoring,monitoring-kube-prometheus-operator-6dd9b7895b-nkvg5,0.0040540523612668114
2026-10-07T15:24:09Z,kube-prometheus-stack,monitoring,monitoring-kube-prometheus-operator-6dd9b7895b-nkvg5,0.00405416053248155
2026-10-07T15:24:24Z,kube-prometheus-stack,monitoring,monitoring-kube-prometheus-operator-6dd9b7895b-nkvg5,0.003697391424366263
2026-10-07T15:24:39Z,kube-prometheus-stack,monitoring,monitoring-kube-prometheus-operator-6dd9b7895b-nkvg5,0.0033523390436124845
2026-10-07T15:24:54Z,kube-prometheus-stack,monitoring,monitoring-kube-prometheus-operator-6dd9b7895b-nkvg5,0.0037653899248931907
2026-10-07T15:25:09Z,kube-prometheus-stack,monitoring,monitoring-kube-prometheus-operator-6dd9b7895b-nkvg5,0.0037619997680076356
2026-10-07T15:25:24Z,kube-prometheus-stack,monitoring,monitoring-kube-prometheus-operator-6dd9b7895b-nkvg5,0.004141414141414833
2026-10-07T15:25:39Z,kube-prometheus-stack,monitoring,monitoring-kube-prometheus-operator-6dd9b7895b-nkvg5,0.004195517790320867
2026-10-07T15:25:54Z,kube-prometheus-stack,monitoring,monitoring-kube-prometheus-operator-6dd9b7895b-nkvg5,0.00389596778968606
2026-10-07T15:26:09Z,kube-prometheus-stack,monitoring,monitoring-kube-prometheus-operator-6dd9b7895b-nkvg5,0.0034941992867272764
2026-10-07T15:26:24Z,kube-prometheus-stack,monitoring,monitoring-kube-prometheus-operator-6dd9b7895b-nkvg5,0.003859043570668868
2026-10-07T15:26:39Z,kube-prometheus-stack,monitoring,monitoring-kube-prometheus-operator-6dd9b7895b-nkvg5,0.003958868062020971
2026-10-07T15:26:54Z,kube-prometheus-stack,monitoring,monitoring-kube-prometheus-operator-6dd9b7895b-nkvg5,0.00405930284191751
2026-10-07T15:27:09Z,kube-prometheus-stack,monitoring,monitoring-kube-prometheus-operator-6dd9b7895b-nkvg5,0.004152335934373386
2026-10-07T15:27:24Z,kube-prometheus-stack,monitoring,monitoring-kube-prometheus-operator-6dd9b7895b-nkvg5,0.003998407965228339
2026-10-07T15:27:39Z,kube-prometheus-stack,monitoring,monitoring-kube-prometheus-operator-6dd9b7895b-nkvg5,0.0037033858365381183
2026-10-07T15:27:54Z,kube-prometheus-stack,monitoring,monitoring-kube-prometheus-operator-6dd9b7895b-nkvg5,0.0032611245907034226
2026-10-07T15:28:09Z,kube-prometheus-stack,monitoring,monitoring-kube-prometheus-operator-6dd9b7895b-nkvg5,0.0034756238299189506
2026-10-07T15:28:24Z,kube-prometheus-stack,monitoring,monitoring-kube-prometheus-operator-6dd9b7895b-nkvg5,0.0036722070726740302
2026-10-07T15:28:39Z,kube-prometheus-stack,monitoring,monitoring-kube-prometheus-operator-6dd9b7895b-nkvg5,0.0035532557788205896
2026-10-07T15:28:54Z,kube-prometheus-stack,monitoring,monitoring-kube-prometheus-operator-6dd9b7895b-nkvg5,0.0038448958817422054
2026-10-07T15:29:09Z,kube-prometheus-stack,monitoring,monitoring-kube-prometheus-operator-6dd9b7895b-nkvg5,0.0038687441545765004
2026-10-07T15:29:24Z,kube-prometheus-stack,monitoring,monitoring-kube-prometheus-operator-6dd9b7895b-nkvg5,0.0032680358799743866
2026-10-07T15:29:39Z,kube-prometheus-stack,monitoring,monitoring-kube-prometheus-operator-6dd9b7895b-nkvg5,0.004037511469332405
2026-10-07T15:29:54Z,kube-prometheus-stack,monitoring,monitoring-kube-prometheus-operator-6dd9b7895b-nkvg5,0.003518166251356511
2026-10-07T15:30:09Z,kube-prometheus-stack,monitoring,monitoring-kube-prometheus-operator-6dd9b7895b-nkvg5,0.0038706413608130814
2026-10-07T15:30:24Z,kube-prometheus-stack,monitoring,monitoring-kube-prometheus-operator-6dd9b7895b-nkvg5,0.004148711327069875
2026-10-07T15:30:39Z,kube-prometheus-stack,monitoring,monitoring-kube-prometheus-operator-6dd9b7895b-nkvg5,0.004427225736243557
2026-10-07T15:30:54Z,kube-prometheus-stack,monitoring,monitoring-kube-prometheus-operator-6dd9b7895b-nkvg5,0.004408289661743017
2026-10-07T15:31:09Z,kube-prometheus-stack,monitoring,monitoring-kube-prometheus-operator-6dd9b7895b-nkvg5,0.0040674393184946455
2026-10-07T15:31:24Z,kube-prometheus-stack,monitoring,monitoring-kube-prometheus-operator-6dd9b7895b-nkvg5,0.0031737489565318317
2026-10-07T15:31:39Z,kube-prometheus-stack,monitoring,monitoring-kube-prometheus-operator-6dd9b7895b-nkvg5,0.0033434074342323797
2026-10-07T15:31:54Z,kube-prometheus-stack,monitoring,monitoring-kube-prometheus-operator-6dd9b7895b-nkvg5,0.004056330874882818
2026-10-07T15:32:09Z,kube-prometheus-stack,monitoring,monitoring-kube-prometheus-operator-6dd9b7895b-nkvg5,0.0038974124809753228
2026-10-07T15:32:24Z,kube-prometheus-stack,monitoring,monitoring-kube-prometheus-operator-6dd9b7895b-nkvg5,0.003673006941685739
2026-10-07T15:32:39Z,kube-prometheus-stack,monitoring,monitoring-kube-prometheus-operator-6dd9b7895b-nkvg5,0.004178867470348114
2026-10-07T15:32:54Z,kube-prometheus-stack,monitoring,monitoring-kube-prometheus-operator-6dd9b7895b-nkvg5,0.003918886928557145
2026-10-07T15:33:09Z,kube-prometheus-stack,monitoring,monitoring-kube-prometheus-operator-6dd9b7895b-nkvg5,0.0041600995337370515
2026-10-07T15:33:24Z,kube-prometheus-stack,monitoring,monitoring-kube-prometheus-operator-6dd9b7895b-nkvg5,0.0033892017224245877
2026-10-07T15:33:39Z,kube-prometheus-stack,monitoring,monitoring-kube-prometheus-operator-6dd9b7895b-nkvg5,0.003446691790296677
2026-10-07T15:33:54Z,kube-prometheus-stack,monitoring,monitoring-kube-prometheus-operator-6dd9b7895b-nkvg5,0.003949561142221707
2026-10-07T15:34:09Z,kube-prometheus-stack,monitoring,monitoring-kube-prometheus-operator-6dd9b7895b-nkvg5,0.00391897292012186
2026-10-07T15:34:24Z,kube-prometheus-stack,monitoring,monitoring-kube-prometheus-operator-6dd9b7895b-nkvg5,0.004419245823388545
2026-10-07T15:34:39Z,kube-prometheus-stack,monitoring,monitoring-kube-prometheus-operator-6dd9b7895b-nkvg5,0.0039932104752668455
2026-10-07T15:34:54Z,kube-prometheus-stack,monitoring,monitoring-kube-prometheus-operator-6dd9b7895b-nkvg5,0.004295893134829497
2026-10-07T15:35:09Z,kube-prometheus-stack,monitoring,monitoring-kube-prometheus-operator-6dd9b7895b-nkvg5,0.004372687094252243
2026-10-07T15:35:24Z,kube-prometheus-stack,monitoring,monitoring-kube-prometheus-operator-6dd9b7895b-nkvg5,0.003910501126588529
2026-10-07T15:35:39Z,kube-prometheus-stack,monitoring,monitoring-kube-prometheus-operator-6dd9b7895b-nkvg5,0.003660283565051252
2026-10-07T15:35:54Z,kube-prometheus-stack,monitoring,monitoring-kube-prometheus-operator-6dd9b7895b-nkvg5,0.004363230653905043
2026-10-07T15:36:09Z,kube-prometheus-stack,monitoring,monitoring-kube-prometheus-operator-6dd9b7895b-nkvg5,0.0034270219393388937
2026-10-07T15:36:24Z,kube-prometheus-stack,monitoring,monitoring-kube-prometheus-operator-6dd9b7895b-nkvg5,0.0045032069861807925
2026-10-07T15:36:39Z,kube-prometheus-stack,monitoring,monitoring-kube-prometheus-operator-6dd9b7895b-nkvg5,0.004025554549570789
2026-10-07T15:36:54Z,kube-prometheus-stack,monitoring,monitoring-kube-prometheus-operator-6dd9b7895b-nkvg5,0.0047160408524591114
2026-10-07T15:37:09Z,kube-prometheus-stack,monitoring,monitoring-kube-prometheus-operator-6dd9b7895b-nkvg5,0.003974564452678714
2026-10-07T15:37:24Z,kube-prometheus-stack,monitoring,monitoring-kube-prometheus-operator-6dd9b7895b-nkvg5,0.004650929239293777
2026-10-07T15:37:39Z,kube-prometheus-stack,monitoring,monitoring-kube-prometheus-operator-6dd9b7895b-nkvg5,0.0037785256192357725
2026-10-07T15:37:54Z,kube-prometheus-stack,monitoring,monitoring-kube-prometheus-operator-6dd9b7895b-nkvg5,0.004089151609785151
2026-10-07T15:38:09Z,kube-prometheus-stack,monitoring,monitoring-kube-prometheus-operator-6dd9b7895b-nkvg5,0.0038015512395104716
2026-10-07T15:38:24Z,kube-prometheus-stack,monitoring,monitoring-kube-prometheus-operator-6dd9b7895b-nkvg5,0.0040756026296564106
2026-10-07T15:38:39Z,kube-prometheus-stack,monitoring,monitoring-kube-prometheus-operator-6dd9b7895b-nkvg5,0.003944080365611475
2026-10-07T15:38:54Z,kube-prometheus-stack,monitoring,monitoring-kube-prometheus-operator-6dd9b7895b-nkvg5,0.0035714905972705152
2026-10-07T15:39:09Z,kube-prometheus-stack,monitoring,monitoring-kube-prometheus-operator-6dd9b7895b-nkvg5,0.003843316612570533
2026-10-07T15:39:24Z,kube-prometheus-stack,monitoring,monitoring-kube-prometheus-operator-6dd9b7895b-nkvg5,0.003440817823401183
2026-10-07T15:39:39Z,kube-prometheus-stack,monitoring,monitoring-kube-prometheus-operator-6dd9b7895b-nkvg5,0.004585017287744996
2026-10-07T15:39:54Z,kube-prometheus-stack,monitoring,monitoring-kube-prometheus-operator-6dd9b7895b-nkvg5,0.004829995557860385
2026-10-07T15:05:39Z,kube-state-metrics,monitoring,monitoring-kube-state-metrics-86b584b658-s8cm5,0.0009482987185151389
2026-10-07T15:05:54Z,kube-state-metrics,monitoring,monitoring-kube-state-metrics-86b584b658-s8cm5,0.0009897269782505613
2026-10-07T15:06:09Z,kube-state-metrics,monitoring,monitoring-kube-state-metrics-86b584b658-s8cm5,0.0012684579170971673
2026-10-07T15:06:24Z,kube-state-metrics,monitoring,monitoring-kube-state-metrics-86b584b658-s8cm5,0.001303161119621395
2026-10-07T15:06:39Z,kube-state-metrics,monitoring,monitoring-kube-state-metrics-86b584b658-s8cm5,0.0013744952266561469
2026-10-07T15:06:54Z,kube-state-metrics,monitoring,monitoring-kube-state-metrics-86b584b658-s8cm5,0.0011613080732648141
2026-10-07T15:07:09Z,kube-state-metrics,monitoring,monitoring-kube-state-metrics-86b584b658-s8cm5,0.0013263520792931682
2026-10-07T15:07:24Z,kube-state-metrics,monitoring,monitoring-kube-state-metrics-86b584b658-s8cm5,0.001096207686434392
2026-10-07T15:07:39Z,kube-state-metrics,monitoring,monitoring-kube-state-metrics-86b584b658-s8cm5,0.0009270669705408091
2026-10-07T15:07:54Z,kube-state-metrics,monitoring,monitoring-kube-state-metrics-86b584b658-s8cm5,0.0017296133917896106
2026-10-07T15:08:09Z,kube-state-metrics,monitoring,monitoring-kube-state-metrics-86b584b658-s8cm5,0.0022211904363019677
2026-10-07T15:08:24Z,kube-state-metrics,monitoring,monitoring-kube-state-metrics-86b584b658-s8cm5,0.002139862214098271
2026-10-07T15:08:39Z,kube-state-metrics,monitoring,monitoring-kube-state-metrics-86b584b658-s8cm5,0.0019690632788051305
2026-10-07T15:08:54Z,kube-state-metrics,monitoring,monitoring-kube-state-metrics-86b584b658-s8cm5,0.0010915443085783814
2026-10-07T15:09:09Z,kube-state-metrics,monitoring,monitoring-kube-state-metrics-86b584b658-s8cm5,0.0011118690010665276
2026-10-07T15:09:24Z,kube-state-metrics,monitoring,monitoring-kube-state-metrics-86b584b658-s8cm5,0.0009862231250377298
2026-10-07T15:09:39Z,kube-state-metrics,monitoring,monitoring-kube-state-metrics-86b584b658-s8cm5,0.0007635786962186628
2026-10-07T15:09:54Z,kube-state-metrics,monitoring,monitoring-kube-state-metrics-86b584b658-s8cm5,0.0009244132151731069
2026-10-07T15:10:09Z,kube-state-metrics,monitoring,monitoring-kube-state-metrics-86b584b658-s8cm5,0.0008118303806844144
2026-10-07T15:10:24Z,kube-state-metrics,monitoring,monitoring-kube-state-metrics-86b584b658-s8cm5,0.0017130091641392
2026-10-07T15:10:39Z,kube-state-metrics,monitoring,monitoring-kube-state-metrics-86b584b658-s8cm5,0.0014106756639847872
2026-10-07T15:10:54Z,kube-state-metrics,monitoring,monitoring-kube-state-metrics-86b584b658-s8cm5,0.000787506311862888
2026-10-07T15:11:09Z,kube-state-metrics,monitoring,monitoring-kube-state-metrics-86b584b658-s8cm5,0.0007839619491813775
2026-10-07T15:11:24Z,kube-state-metrics,monitoring,monitoring-kube-state-metrics-86b584b658-s8cm5,0.001091248251204772
2026-10-07T15:11:39Z,kube-state-metrics,monitoring,monitoring-kube-state-metrics-86b584b658-s8cm5,0.0011168273616799832
2026-10-07T15:11:54Z,kube-state-metrics,monitoring,monitoring-kube-state-metrics-86b584b658-s8cm5,0.0009246412299076165
2026-10-07T15:12:09Z,kube-state-metrics,monitoring,monitoring-kube-state-metrics-86b584b658-s8cm5,0.0011767924793042043
2026-10-07T15:12:24Z,kube-state-metrics,monitoring,monitoring-kube-state-metrics-86b584b658-s8cm5,0.0014184569213456578
2026-10-07T15:12:39Z,kube-state-metrics,monitoring,monitoring-kube-state-metrics-86b584b658-s8cm5,0.0014152374074739226
2026-10-07T15:12:54Z,kube-state-metrics,monitoring,monitoring-kube-state-metrics-86b584b658-s8cm5,0.0013064610142131602
2026-10-07T15:13:09Z,kube-state-metrics,monitoring,monitoring-kube-state-metrics-86b584b658-s8cm5,0.0010703615684942882
2026-10-07T15:13:24Z,kube-state-metrics,monitoring,monitoring-kube-state-metrics-86b584b658-s8cm5,0.0009755620355564065
2026-10-07T15:13:39Z,kube-state-metrics,monitoring,monitoring-kube-state-metrics-86b584b658-s8cm5,0.0010870165745856739
2026-10-07T15:13:54Z,kube-state-metrics,monitoring,monitoring-kube-state-metrics-86b584b658-s8cm5,0.0013245748552334177
2026-10-07T15:14:09Z,kube-state-metrics,monitoring,monitoring-kube-state-metrics-86b584b658-s8cm5,0.00141391583653461
2026-10-07T15:14:24Z,kube-state-metrics,monitoring,monitoring-kube-state-metrics-86b584b658-s8cm5,0.0013644032607033607
2026-10-07T15:14:39Z,kube-state-metrics,monitoring,monitoring-kube-state-metrics-86b584b658-s8cm5,0.0010877107849082313
2026-10-07T15:14:54Z,kube-state-metrics,monitoring,monitoring-kube-state-metrics-86b584b658-s8cm5,0.0011621039886999633
2026-10-07T15:15:09Z,kube-state-metrics,monitoring,monitoring-kube-state-metrics-86b584b658-s8cm5,0.0010925520649489567
2026-10-07T15:15:24Z,kube-state-metrics,monitoring,monitoring-kube-state-metrics-86b584b658-s8cm5,0.0011468299614318634
2026-10-07T15:15:39Z,kube-state-metrics,monitoring,monitoring-kube-state-metrics-86b584b658-s8cm5,0.0010175987742146
2026-10-07T15:15:54Z,kube-state-metrics,monitoring,monitoring-kube-state-metrics-86b584b658-s8cm5,0.0009701234619307087
2026-10-07T15:16:09Z,kube-state-metrics,monitoring,monitoring-kube-state-metrics-86b584b658-s8cm5,0.0009932021466906155
2026-10-07T15:16:24Z,kube-state-metrics,monitoring,monitoring-kube-state-metrics-86b584b658-s8cm5,0.001062183513458025
2026-10-07T15:16:39Z,kube-state-metrics,monitoring,monitoring-kube-state-metrics-86b584b658-s8cm5,0.0010822666666667955
2026-10-07T15:16:54Z,kube-state-metrics,monitoring,monitoring-kube-state-metrics-86b584b658-s8cm5,0.0014681547186270647
2026-10-07T15:17:09Z,kube-state-metrics,monitoring,monitoring-kube-state-metrics-86b584b658-s8cm5,0.0011518262669793328
2026-10-07T15:17:24Z,kube-state-metrics,monitoring,monitoring-kube-state-metrics-86b584b658-s8cm5,0.0011182784226699027
2026-10-07T15:17:39Z,kube-state-metrics,monitoring,monitoring-kube-state-metrics-86b584b658-s8cm5,0.0009791927742180903
2026-10-07T15:17:54Z,kube-state-metrics,monitoring,monitoring-kube-state-metrics-86b584b658-s8cm5,0.0011841942688778704
2026-10-07T15:18:09Z,kube-state-metrics,monitoring,monitoring-kube-state-metrics-86b584b658-s8cm5,0.0011492995146961966
2026-10-07T15:18:24Z,kube-state-metrics,monitoring,monitoring-kube-state-metrics-86b584b658-s8cm5,0.0013254168461207996
2026-10-07T15:18:39Z,kube-state-metrics,monitoring,monitoring-kube-state-metrics-86b584b658-s8cm5,0.0011819879483280136
2026-10-07T15:18:54Z,kube-state-metrics,monitoring,monitoring-kube-state-metrics-86b584b658-s8cm5,0.0012229056415378038
2026-10-07T15:19:09Z,kube-state-metrics,monitoring,monitoring-kube-state-metrics-86b584b658-s8cm5,0.0010159496124029135
2026-10-07T15:19:24Z,kube-state-metrics,monitoring,monitoring-kube-state-metrics-86b584b658-s8cm5,0.0008729475491911149
2026-10-07T15:19:39Z,kube-state-metrics,monitoring,monitoring-kube-state-metrics-86b584b658-s8cm5,0.001100846413456974
2026-10-07T15:19:54Z,kube-state-metrics,monitoring,monitoring-kube-state-metrics-86b584b658-s8cm5,0.0011636706291680624
2026-10-07T15:20:09Z,kube-state-metrics,monitoring,monitoring-kube-state-metrics-86b584b658-s8cm5,0.0011983717463594171
2026-10-07T15:20:24Z,kube-state-metrics,monitoring,monitoring-kube-state-metrics-86b584b658-s8cm5,0.0012148839435271591
2026-10-07T15:20:39Z,kube-state-metrics,monitoring,monitoring-kube-state-metrics-86b584b658-s8cm5,0.001379818295866054
2026-10-07T15:20:54Z,kube-state-metrics,monitoring,monitoring-kube-state-metrics-86b584b658-s8cm5,0.00143314292994721
2026-10-07T15:21:09Z,kube-state-metrics,monitoring,monitoring-kube-state-metrics-86b584b658-s8cm5,0.001247158468615426
2026-10-07T15:21:24Z,kube-state-metrics,monitoring,monitoring-kube-state-metrics-86b584b658-s8cm5,0.001121224230742035
2026-10-07T15:21:39Z,kube-state-metrics,monitoring,monitoring-kube-state-metrics-86b584b658-s8cm5,0.0011306483716595143
2026-10-07T15:21:54Z,kube-state-metrics,monitoring,monitoring-kube-state-metrics-86b584b658-s8cm5,0.0011650608901820484
2026-10-07T15:22:09Z,kube-state-metrics,monitoring,monitoring-kube-state-metrics-86b584b658-s8cm5,0.0011956039441250723
2026-10-07T15:22:24Z,kube-state-metrics,monitoring,monitoring-kube-state-metrics-86b584b658-s8cm5,0.001321025930101478
2026-10-07T15:22:39Z,kube-state-metrics,monitoring,monitoring-kube-state-metrics-86b584b658-s8cm5,0.0013113729832330454
2026-10-07T15:22:54Z,kube-state-metrics,monitoring,monitoring-kube-state-metrics-86b584b658-s8cm5,0.0011106598176243922
2026-10-07T15:23:09Z,kube-state-metrics,monitoring,monitoring-kube-state-metrics-86b584b658-s8cm5,0.0008988973343325528
2026-10-07T15:23:24Z,kube-state-metrics,monitoring,monitoring-kube-state-metrics-86b584b658-s8cm5,0.0009464573360257176
2026-10-07T15:23:39Z,kube-state-metrics,monitoring,monitoring-kube-state-metrics-86b584b658-s8cm5,0.0011653240405502163
2026-10-07T15:23:54Z,kube-state-metrics,monitoring,monitoring-kube-state-metrics-86b584b658-s8cm5,0.0010371786844314823
2026-10-07T15:24:09Z,kube-state-metrics,monitoring,monitoring-kube-state-metrics-86b584b658-s8cm5,0.0010637975122435863
2026-10-07T15:24:24Z,kube-state-metrics,monitoring,monitoring-kube-state-metrics-86b584b658-s8cm5,0.0011751864184214272
2026-10-07T15:24:39Z,kube-state-metrics,monitoring,monitoring-kube-state-metrics-86b584b658-s8cm5,0.0010669914273138484
2026-10-07T15:24:54Z,kube-state-metrics,monitoring,monitoring-kube-state-metrics-86b584b658-s8cm5,0.001213038813290798
2026-10-07T15:25:09Z,kube-state-metrics,monitoring,monitoring-kube-state-metrics-86b584b658-s8cm5,0.0009566433785821952
2026-10-07T15:25:24Z,kube-state-metrics,monitoring,monitoring-kube-state-metrics-86b584b658-s8cm5,0.0011326134763164583
2026-10-07T15:25:39Z,kube-state-metrics,monitoring,monitoring-kube-state-metrics-86b584b658-s8cm5,0.0010316507621225646
2026-10-07T15:25:54Z,kube-state-metrics,monitoring,monitoring-kube-state-metrics-86b584b658-s8cm5,0.0008528105904982379
2026-10-07T15:26:09Z,kube-state-metrics,monitoring,monitoring-kube-state-metrics-86b584b658-s8cm5,0.0011355067024128487
2026-10-07T15:26:24Z,kube-state-metrics,monitoring,monitoring-kube-state-metrics-86b584b658-s8cm5,0.001275914377212403
2026-10-07T15:26:39Z,kube-state-metrics,monitoring,monitoring-kube-state-metrics-86b584b658-s8cm5,0.0012050335634646975
2026-10-07T15:26:54Z,kube-state-metrics,monitoring,monitoring-kube-state-metrics-86b584b658-s8cm5,0.0012376632517398145
2026-10-07T15:27:09Z,kube-state-metrics,monitoring,monitoring-kube-state-metrics-86b584b658-s8cm5,0.0011460683804715252
2026-10-07T15:27:24Z,kube-state-metrics,monitoring,monitoring-kube-state-metrics-86b584b658-s8cm5,0.0012064618523977906
2026-10-07T15:27:39Z,kube-state-metrics,monitoring,monitoring-kube-state-metrics-86b584b658-s8cm5,0.0011241035168066357
2026-10-07T15:27:54Z,kube-state-metrics,monitoring,monitoring-kube-state-metrics-86b584b658-s8cm5,0.0009677868770354153
2026-10-07T15:28:09Z,kube-state-metrics,monitoring,monitoring-kube-state-metrics-86b584b658-s8cm5,0.000957331874360694
2026-10-07T15:28:24Z,kube-state-metrics,monitoring,monitoring-kube-state-metrics-86b584b658-s8cm5,0.0012360880234306274
2026-10-07T15:28:39Z,kube-state-metrics,monitoring,monitoring-kube-state-metrics-86b584b658-s8cm5,0.0011925497383354735
2026-10-07T15:28:54Z,kube-state-metrics,monitoring,monitoring-kube-state-metrics-86b584b658-s8cm5,0.0012661872034384412
2026-10-07T15:29:09Z,kube-state-metrics,monitoring,monitoring-kube-state-metrics-86b584b658-s8cm5,0.001183463007208595
2026-10-07T15:29:24Z,kube-state-metrics,monitoring,monitoring-kube-state-metrics-86b584b658-s8cm5,0.0013383268773944099
2026-10-07T15:29:39Z,kube-state-metrics,monitoring,monitoring-kube-state-metrics-86b584b658-s8cm5,0.0012258259224982725
2026-10-07T15:29:54Z,kube-state-metrics,monitoring,monitoring-kube-state-metrics-86b584b658-s8cm5,0.0012526339088092969
2026-10-07T15:30:09Z,kube-state-metrics,monitoring,monitoring-kube-state-metrics-86b584b658-s8cm5,0.0010505972163474767
2026-10-07T15:30:24Z,kube-state-metrics,monitoring,monitoring-kube-state-metrics-86b584b658-s8cm5,0.0011731922783289486
2026-10-07T15:30:39Z,kube-state-metrics,monitoring,monitoring-kube-state-metrics-86b584b658-s8cm5,0.001127910884909009
2026-10-07T15:30:54Z,kube-state-metrics,monitoring,monitoring-kube-state-metrics-86b584b658-s8cm5,0.0011898625838046137
2026-10-07T15:31:09Z,kube-state-metrics,monitoring,monitoring-kube-state-metrics-86b584b658-s8cm5,0.00103055092201186
2026-10-07T15:31:24Z,kube-state-metrics,monitoring,monitoring-kube-state-metrics-86b584b658-s8cm5,0.0010845765512870803
2026-10-07T15:31:39Z,kube-state-metrics,monitoring,monitoring-kube-state-metrics-86b584b658-s8cm5,0.0011982607905912657
2026-10-07T15:31:54Z,kube-state-metrics,monitoring,monitoring-kube-state-metrics-86b584b658-s8cm5,0.0011695143223420653
2026-10-07T15:32:09Z,kube-state-metrics,monitoring,monitoring-kube-state-metrics-86b584b658-s8cm5,0.001157595066803553
2026-10-07T15:32:24Z,kube-state-metrics,monitoring,monitoring-kube-state-metrics-86b584b658-s8cm5,0.0012326646259704984
2026-10-07T15:32:39Z,kube-state-metrics,monitoring,monitoring-kube-state-metrics-86b584b658-s8cm5,0.0012329994728518259
2026-10-07T15:32:54Z,kube-state-metrics,monitoring,monitoring-kube-state-metrics-86b584b658-s8cm5,0.0011847631649881585
2026-10-07T15:33:09Z,kube-state-metrics,monitoring,monitoring-kube-state-metrics-86b584b658-s8cm5,0.0010055964216819401
2026-10-07T15:33:24Z,kube-state-metrics,monitoring,monitoring-kube-state-metrics-86b584b658-s8cm5,0.0009120225887946883
2026-10-07T15:33:39Z,kube-state-metrics,monitoring,monitoring-kube-state-metrics-86b584b658-s8cm5,0.0008887821418478818
2026-10-07T15:33:54Z,kube-state-metrics,monitoring,monitoring-kube-state-metrics-86b584b658-s8cm5,0.0007213010756104642
2026-10-07T15:34:09Z,kube-state-metrics,monitoring,monitoring-kube-state-metrics-86b584b658-s8cm5,0.0011207555436557476
2026-10-07T15:34:24Z,kube-state-metrics,monitoring,monitoring-kube-state-metrics-86b584b658-s8cm5,0.0010342746886511688
2026-10-07T15:34:39Z,kube-state-metrics,monitoring,monitoring-kube-state-metrics-86b584b658-s8cm5,0.000662724999999753
2026-10-07T15:34:54Z,kube-state-metrics,monitoring,monitoring-kube-state-metrics-86b584b658-s8cm5,0.001136341898178276
2026-10-07T15:35:09Z,kube-state-metrics,monitoring,monitoring-kube-state-metrics-86b584b658-s8cm5,0.0012098299496790658
2026-10-07T15:35:24Z,kube-state-metrics,monitoring,monitoring-kube-state-metrics-86b584b658-s8cm5,0.0008701819455894652
2026-10-07T15:35:39Z,kube-state-metrics,monitoring,monitoring-kube-state-metrics-86b584b658-s8cm5,0.0011578530494338246
2026-10-07T15:35:54Z,kube-state-metrics,monitoring,monitoring-kube-state-metrics-86b584b658-s8cm5,0.001238727126737833
2026-10-07T15:36:09Z,kube-state-metrics,monitoring,monitoring-kube-state-metrics-86b584b658-s8cm5,0.001261455309778609
2026-10-07T15:36:24Z,kube-state-metrics,monitoring,monitoring-kube-state-metrics-86b584b658-s8cm5,0.0014075374062337248
2026-10-07T15:36:39Z,kube-state-metrics,monitoring,monitoring-kube-state-metrics-86b584b658-s8cm5,0.0015576653121536514
2026-10-07T15:36:54Z,kube-state-metrics,monitoring,monitoring-kube-state-metrics-86b584b658-s8cm5,0.0014856976361194718
2026-10-07T15:37:09Z,kube-state-metrics,monitoring,monitoring-kube-state-metrics-86b584b658-s8cm5,0.0012428537455409967
2026-10-07T15:37:24Z,kube-state-metrics,monitoring,monitoring-kube-state-metrics-86b584b658-s8cm5,0.0011204128181385626
2026-10-07T15:37:39Z,kube-state-metrics,monitoring,monitoring-kube-state-metrics-86b584b658-s8cm5,0.0011330440750007497
2026-10-07T15:37:54Z,kube-state-metrics,monitoring,monitoring-kube-state-metrics-86b584b658-s8cm5,0.0010569447453954205
2026-10-07T15:38:09Z,kube-state-metrics,monitoring,monitoring-kube-state-metrics-86b584b658-s8cm5,0.0010128504008644938
2026-10-07T15:38:24Z,kube-state-metrics,monitoring,monitoring-kube-state-metrics-86b584b658-s8cm5,0.0010968764407559895
2026-10-07T15:38:39Z,kube-state-metrics,monitoring,monitoring-kube-state-metrics-86b584b658-s8cm5,0.0011619856478619133
2026-10-07T15:38:54Z,kube-state-metrics,monitoring,monitoring-kube-state-metrics-86b584b658-s8cm5,0.001203190529277361
2026-10-07T15:39:09Z,kube-state-metrics,monitoring,monitoring-kube-state-metrics-86b584b658-s8cm5,0.0009269001442195724
2026-10-07T15:39:24Z,kube-state-metrics,monitoring,monitoring-kube-state-metrics-86b584b658-s8cm5,0.000673980315953658
2026-10-07T15:39:39Z,kube-state-metrics,monitoring,monitoring-kube-state-metrics-86b584b658-s8cm5,0.0009414962748723746
2026-10-07T15:39:54Z,kube-state-metrics,monitoring,monitoring-kube-state-metrics-86b584b658-s8cm5,0.0008646379818757953
2026-10-07T15:05:39Z,local-path-provisioner,kube-system,local-path-provisioner-6858d854cf-q6njl,0.00025866658600027495
2026-10-07T15:05:54Z,local-path-provisioner,kube-system,local-path-provisioner-6858d854cf-q6njl,0.000174297458266864
2026-10-07T15:06:09Z,local-path-provisioner,kube-system,local-path-provisioner-6858d854cf-q6njl,0.00007317752325088847
2026-10-07T15:06:24Z,local-path-provisioner,kube-system,local-path-provisioner-6858d854cf-q6njl,0.00009279984721167452
2026-10-07T15:06:39Z,local-path-provisioner,kube-system,local-path-provisioner-6858d854cf-q6njl,0.00010127395758517151
2026-10-07T15:06:54Z,local-path-provisioner,kube-system,local-path-provisioner-6858d854cf-q6njl,0.00009620705431252232
2026-10-07T15:07:09Z,local-path-provisioner,kube-system,local-path-provisioner-6858d854cf-q6njl,0.0002365614020323118
2026-10-07T15:07:24Z,local-path-provisioner,kube-system,local-path-provisioner-6858d854cf-q6njl,0.0003047334394594122
2026-10-07T15:07:39Z,local-path-provisioner,kube-system,local-path-provisioner-6858d854cf-q6njl,0.000255459038164218
2026-10-07T15:07:54Z,local-path-provisioner,kube-system,local-path-provisioner-6858d854cf-q6njl,0.0000889848391390555
2026-10-07T15:08:09Z,local-path-provisioner,kube-system,local-path-provisioner-6858d854cf-q6njl,0.00005596617499916129
2026-10-07T15:08:24Z,local-path-provisioner,kube-system,local-path-provisioner-6858d854cf-q6njl,0.00007394348376207741
2026-10-07T15:08:39Z,local-path-provisioner,kube-system,local-path-provisioner-6858d854cf-q6njl,0.00008222326811017528
2026-10-07T15:08:54Z,local-path-provisioner,kube-system,local-path-provisioner-6858d854cf-q6njl,0.0000908552709476358
2026-10-07T15:09:09Z,local-path-provisioner,kube-system,local-path-provisioner-6858d854cf-q6njl,0.00007968094897238088
2026-10-07T15:09:24Z,local-path-provisioner,kube-system,local-path-provisioner-6858d854cf-q6njl,0.00020753500368472672
2026-10-07T15:09:39Z,local-path-provisioner,kube-system,local-path-provisioner-6858d854cf-q6njl,0.00019746336712561085
2026-10-07T15:09:54Z,local-path-provisioner,kube-system,local-path-provisioner-6858d854cf-q6njl,0.00022814942281477904
2026-10-07T15:10:09Z,local-path-provisioner,kube-system,local-path-provisioner-6858d854cf-q6njl,0.00009191698402319398
2026-10-07T15:10:24Z,local-path-provisioner,kube-system,local-path-provisioner-6858d854cf-q6njl,0.0001234170894418555
2026-10-07T15:10:39Z,local-path-provisioner,kube-system,local-path-provisioner-6858d854cf-q6njl,0.00010182636977746422
2026-10-07T15:10:54Z,local-path-provisioner,kube-system,local-path-provisioner-6858d854cf-q6njl,0.00011893522161032797
2026-10-07T15:11:09Z,local-path-provisioner,kube-system,local-path-provisioner-6858d854cf-q6njl,0.00010288798772463218
2026-10-07T15:11:24Z,local-path-provisioner,kube-system,local-path-provisioner-6858d854cf-q6njl,0.00026883553060299355
2026-10-07T15:11:39Z,local-path-provisioner,kube-system,local-path-provisioner-6858d854cf-q6njl,0.00023122434471517219
2026-10-07T15:11:54Z,local-path-provisioner,kube-system,local-path-provisioner-6858d854cf-q6njl,0.0002345466013654679
2026-10-07T15:12:09Z,local-path-provisioner,kube-system,local-path-provisioner-6858d854cf-q6njl,0.0001674506114768562
2026-10-07T15:12:24Z,local-path-provisioner,kube-system,local-path-provisioner-6858d854cf-q6njl,0.00020531918967575173
2026-10-07T15:12:39Z,local-path-provisioner,kube-system,local-path-provisioner-6858d854cf-q6njl,0.00018463831730618918
2026-10-07T15:12:54Z,local-path-provisioner,kube-system,local-path-provisioner-6858d854cf-q6njl,0.00013416320885204262
2026-10-07T15:13:09Z,local-path-provisioner,kube-system,local-path-provisioner-6858d854cf-q6njl,0.00009057336172719062
2026-10-07T15:13:24Z,local-path-provisioner,kube-system,local-path-provisioner-6858d854cf-q6njl,0.00025138207694276577
2026-10-07T15:13:39Z,local-path-provisioner,kube-system,local-path-provisioner-6858d854cf-q6njl,0.00020804288451349695
2026-10-07T15:13:54Z,local-path-provisioner,kube-system,local-path-provisioner-6858d854cf-q6njl,0.0002151611881381911
2026-10-07T15:14:09Z,local-path-provisioner,kube-system,local-path-provisioner-6858d854cf-q6njl,0.00007746561379670617
2026-10-07T15:14:24Z,local-path-provisioner,kube-system,local-path-provisioner-6858d854cf-q6njl,0.00007515697342548027
2026-10-07T15:14:39Z,local-path-provisioner,kube-system,local-path-provisioner-6858d854cf-q6njl,0.00008993724302103062
2026-10-07T15:14:54Z,local-path-provisioner,kube-system,local-path-provisioner-6858d854cf-q6njl,0.0000749724893544747
2026-10-07T15:15:09Z,local-path-provisioner,kube-system,local-path-provisioner-6858d854cf-q6njl,0.00009336864773892903
2026-10-07T15:15:24Z,local-path-provisioner,kube-system,local-path-provisioner-6858d854cf-q6njl,0.00016353387397582083
2026-10-07T15:15:39Z,local-path-provisioner,kube-system,local-path-provisioner-6858d854cf-q6njl,0.00016854966615109147
2026-10-07T15:15:54Z,local-path-provisioner,kube-system,local-path-provisioner-6858d854cf-q6njl,0.00016284886782513304
2026-10-07T15:16:09Z,local-path-provisioner,kube-system,local-path-provisioner-6858d854cf-q6njl,0.00007730985370730384
2026-10-07T15:16:24Z,local-path-provisioner,kube-system,local-path-provisioner-6858d854cf-q6njl,0.00007909443970828485
2026-10-07T15:16:39Z,local-path-provisioner,kube-system,local-path-provisioner-6858d854cf-q6njl,0.00008761242935358447
2026-10-07T15:16:54Z,local-path-provisioner,kube-system,local-path-provisioner-6858d854cf-q6njl,0.00007137380926803515
2026-10-07T15:17:09Z,local-path-provisioner,kube-system,local-path-provisioner-6858d854cf-q6njl,0.00007548137442295857
2026-10-07T15:17:24Z,local-path-provisioner,kube-system,local-path-provisioner-6858d854cf-q6njl,0.00005351417433636751
2026-10-07T15:17:39Z,local-path-provisioner,kube-system,local-path-provisioner-6858d854cf-q6njl,0.00020739181680422665
2026-10-07T15:17:54Z,local-path-provisioner,kube-system,local-path-provisioner-6858d854cf-q6njl,0.00022954247890611247
2026-10-07T15:18:09Z,local-path-provisioner,kube-system,local-path-provisioner-6858d854cf-q6njl,0.0002448800362018591
2026-10-07T15:18:24Z,local-path-provisioner,kube-system,local-path-provisioner-6858d854cf-q6njl,0.00011777154556870041
2026-10-07T15:18:39Z,local-path-provisioner,kube-system,local-path-provisioner-6858d854cf-q6njl,0.00014364181456107293
2026-10-07T15:18:54Z,local-path-provisioner,kube-system,local-path-provisioner-6858d854cf-q6njl,0.00011867500000004583
2026-10-07T15:19:09Z,local-path-provisioner,kube-system,local-path-provisioner-6858d854cf-q6njl,0.00016173909921560152
2026-10-07T15:19:24Z,local-path-provisioner,kube-system,local-path-provisioner-6858d854cf-q6njl,0.00012626937466599997
2026-10-07T15:19:39Z,local-path-provisioner,kube-system,local-path-provisioner-6858d854cf-q6njl,0.0001953957164127905
2026-10-07T15:19:54Z,local-path-provisioner,kube-system,local-path-provisioner-6858d854cf-q6njl,0.0001953957164127905
2026-10-07T15:20:09Z,local-path-provisioner,kube-system,local-path-provisioner-6858d854cf-q6njl,0.0002567488945775865
2026-10-07T15:20:24Z,local-path-provisioner,kube-system,local-path-provisioner-6858d854cf-q6njl,0.00009646411083782311
2026-10-07T15:20:39Z,local-path-provisioner,kube-system,local-path-provisioner-6858d854cf-q6njl,0.000049355474388235865
2026-10-07T15:20:54Z,local-path-provisioner,kube-system,local-path-provisioner-6858d854cf-q6njl,0.00007271793818664056
2026-10-07T15:21:09Z,local-path-provisioner,kube-system,local-path-provisioner-6858d854cf-q6njl,0.00008017133305483304
2026-10-07T15:21:24Z,local-path-provisioner,kube-system,local-path-provisioner-6858d854cf-q6njl,0.00008283656509691889
2026-10-07T15:21:39Z,local-path-provisioner,kube-system,local-path-provisioner-6858d854cf-q6njl,0.00017439893050367856
2026-10-07T15:21:54Z,local-path-provisioner,kube-system,local-path-provisioner-6858d854cf-q6njl,0.00019960232487000303
2026-10-07T15:22:09Z,local-path-provisioner,kube-system,local-path-provisioner-6858d854cf-q6njl,0.00019741622014339977
2026-10-07T15:22:24Z,local-path-provisioner,kube-system,local-path-provisioner-6858d854cf-q6njl,0.00008321146884658402
2026-10-07T15:22:39Z,local-path-provisioner,kube-system,local-path-provisioner-6858d854cf-q6njl,0.00008486026826915994
2026-10-07T15:22:54Z,local-path-provisioner,kube-system,local-path-provisioner-6858d854cf-q6njl,0.00007892282209192505
2026-10-07T15:23:09Z,local-path-provisioner,kube-system,local-path-provisioner-6858d854cf-q6njl,0.00008229530796122752
2026-10-07T15:23:24Z,local-path-provisioner,kube-system,local-path-provisioner-6858d854cf-q6njl,0.00008885362951211678
2026-10-07T15:23:39Z,local-path-provisioner,kube-system,local-path-provisioner-6858d854cf-q6njl,0.00016988136892311605
2026-10-07T15:23:54Z,local-path-provisioner,kube-system,local-path-provisioner-6858d854cf-q6njl,0.00020112105554528643
2026-10-07T15:24:09Z,local-path-provisioner,kube-system,local-path-provisioner-6858d854cf-q6njl,0.00021397275931041434
2026-10-07T15:24:24Z,local-path-provisioner,kube-system,local-path-provisioner-6858d854cf-q6njl,0.0002543397788148774
2026-10-07T15:24:39Z,local-path-provisioner,kube-system,local-path-provisioner-6858d854cf-q6njl,0.00009310388910784238
2026-10-07T15:24:54Z,local-path-provisioner,kube-system,local-path-provisioner-6858d854cf-q6njl,0.00009566326530615124
2026-10-07T15:25:09Z,local-path-provisioner,kube-system,local-path-provisioner-6858d854cf-q6njl,0.00008554311195834946
2026-10-07T15:25:24Z,local-path-provisioner,kube-system,local-path-provisioner-6858d854cf-q6njl,0.0000840387788458023
2026-10-07T15:25:39Z,local-path-provisioner,kube-system,local-path-provisioner-6858d854cf-q6njl,0.00007568072327509693
2026-10-07T15:25:54Z,local-path-provisioner,kube-system,local-path-provisioner-6858d854cf-q6njl,0.0003020340880817029
2026-10-07T15:26:09Z,local-path-provisioner,kube-system,local-path-provisioner-6858d854cf-q6njl,0.00028876579900229154
2026-10-07T15:26:24Z,local-path-provisioner,kube-system,local-path-provisioner-6858d854cf-q6njl,0.000266436954883152
2026-10-07T15:26:39Z,local-path-provisioner,kube-system,local-path-provisioner-6858d854cf-q6njl,0.00007748834986250587
2026-10-07T15:26:54Z,local-path-provisioner,kube-system,local-path-provisioner-6858d854cf-q6njl,0.00007943988151341921
2026-10-07T15:27:09Z,local-path-provisioner,kube-system,local-path-provisioner-6858d854cf-q6njl,0.00007136884354877835
2026-10-07T15:27:24Z,local-path-provisioner,kube-system,local-path-provisioner-6858d854cf-q6njl,0.00008570080014386755
2026-10-07T15:27:39Z,local-path-provisioner,kube-system,local-path-provisioner-6858d854cf-q6njl,0.0002420667209113343
2026-10-07T15:27:54Z,local-path-provisioner,kube-system,local-path-provisioner-6858d854cf-q6njl,0.0002314463705309066
2026-10-07T15:28:09Z,local-path-provisioner,kube-system,local-path-provisioner-6858d854cf-q6njl,0.0002856917245736449
2026-10-07T15:28:24Z,local-path-provisioner,kube-system,local-path-provisioner-6858d854cf-q6njl,0.00007908110350535854
2026-10-07T15:28:39Z,local-path-provisioner,kube-system,local-path-provisioner-6858d854cf-q6njl,0.00011206988672800905
2026-10-07T15:28:54Z,local-path-provisioner,kube-system,local-path-provisioner-6858d854cf-q6njl,0.0000796262959672701
2026-10-07T15:29:09Z,local-path-provisioner,kube-system,local-path-provisioner-6858d854cf-q6njl,0.0000804167446503134
2026-10-07T15:29:24Z,local-path-provisioner,kube-system,local-path-provisioner-6858d854cf-q6njl,0.00007307326819511057
2026-10-07T15:29:39Z,local-path-provisioner,kube-system,local-path-provisioner-6858d854cf-q6njl,0.00020797613911340102
2026-10-07T15:29:54Z,local-path-provisioner,kube-system,local-path-provisioner-6858d854cf-q6njl,0.0002807904802380992
2026-10-07T15:30:09Z,local-path-provisioner,kube-system,local-path-provisioner-6858d854cf-q6njl,0.00025544578264973656
2026-10-07T15:30:24Z,local-path-provisioner,kube-system,local-path-provisioner-6858d854cf-q6njl,0.00025035789632299726
2026-10-07T15:30:39Z,local-path-provisioner,kube-system,local-path-provisioner-6858d854cf-q6njl,0.00008046982086308949
2026-10-07T15:30:54Z,local-path-provisioner,kube-system,local-path-provisioner-6858d854cf-q6njl,0.0000862458252975231
2026-10-07T15:31:09Z,local-path-provisioner,kube-system,local-path-provisioner-6858d854cf-q6njl,0.00008370474804439393
2026-10-07T15:31:24Z,local-path-provisioner,kube-system,local-path-provisioner-6858d854cf-q6njl,0.00009033178058748625
2026-10-07T15:31:39Z,local-path-provisioner,kube-system,local-path-provisioner-6858d854cf-q6njl,0.00009769041183011796
2026-10-07T15:31:54Z,local-path-provisioner,kube-system,local-path-provisioner-6858d854cf-q6njl,0.00021232506174299017
2026-10-07T15:32:09Z,local-path-provisioner,kube-system,local-path-provisioner-6858d854cf-q6njl,0.0002173892053683355
2026-10-07T15:32:24Z,local-path-provisioner,kube-system,local-path-provisioner-6858d854cf-q6njl,0.00020544961765564526
2026-10-07T15:32:39Z,local-path-provisioner,kube-system,local-path-provisioner-6858d854cf-q6njl,0.00010287293709400187
2026-10-07T15:32:54Z,local-path-provisioner,kube-system,local-path-provisioner-6858d854cf-q6njl,0.00011553341930888913
2026-10-07T15:33:09Z,local-path-provisioner,kube-system,local-path-provisioner-6858d854cf-q6njl,0.0001328500838066996
2026-10-07T15:33:24Z,local-path-provisioner,kube-system,local-path-provisioner-6858d854cf-q6njl,0.00012431362959340288
2026-10-07T15:33:39Z,local-path-provisioner,kube-system,local-path-provisioner-6858d854cf-q6njl,0.00021849437627817925
2026-10-07T15:33:54Z,local-path-provisioner,kube-system,local-path-provisioner-6858d854cf-q6njl,0.0002521411737657362
2026-10-07T15:34:09Z,local-path-provisioner,kube-system,local-path-provisioner-6858d854cf-q6njl,0.00021222125687810924
2026-10-07T15:34:24Z,local-path-provisioner,kube-system,local-path-provisioner-6858d854cf-q6njl,0.00008142864718668111
2026-10-07T15:34:39Z,local-path-provisioner,kube-system,local-path-provisioner-6858d854cf-q6njl,0.00009972143423027727
2026-10-07T15:34:54Z,local-path-provisioner,kube-system,local-path-provisioner-6858d854cf-q6njl,0.00013336051410477577
2026-10-07T15:35:09Z,local-path-provisioner,kube-system,local-path-provisioner-6858d854cf-q6njl,0.00015409009595050528
2026-10-07T15:35:24Z,local-path-provisioner,kube-system,local-path-provisioner-6858d854cf-q6njl,0.00015792445863475844
2026-10-07T15:35:39Z,local-path-provisioner,kube-system,local-path-provisioner-6858d854cf-q6njl,0.00010570304818093995
2026-10-07T15:35:54Z,local-path-provisioner,kube-system,local-path-provisioner-6858d854cf-q6njl,0.00021405638295669336
2026-10-07T15:36:09Z,local-path-provisioner,kube-system,local-path-provisioner-6858d854cf-q6njl,0.00021812196812198912
2026-10-07T15:36:24Z,local-path-provisioner,kube-system,local-path-provisioner-6858d854cf-q6njl,0.00026627704296111333
2026-10-07T15:36:39Z,local-path-provisioner,kube-system,local-path-provisioner-6858d854cf-q6njl,0.00008470432933235137
2026-10-07T15:36:54Z,local-path-provisioner,kube-system,local-path-provisioner-6858d854cf-q6njl,0.00009341365844350028
2026-10-07T15:37:09Z,local-path-provisioner,kube-system,local-path-provisioner-6858d854cf-q6njl,0.00007212754260590927
2026-10-07T15:37:24Z,local-path-provisioner,kube-system,local-path-provisioner-6858d854cf-q6njl,0.00008604686167281116
2026-10-07T15:37:39Z,local-path-provisioner,kube-system,local-path-provisioner-6858d854cf-q6njl,0.00005921006147118425
2026-10-07T15:37:54Z,local-path-provisioner,kube-system,local-path-provisioner-6858d854cf-q6njl,0.00019127778499932068
2026-10-07T15:38:09Z,local-path-provisioner,kube-system,local-path-provisioner-6858d854cf-q6njl,0.00019100593745321364
2026-10-07T15:38:24Z,local-path-provisioner,kube-system,local-path-provisioner-6858d854cf-q6njl,0.0002072297184740631
2026-10-07T15:38:39Z,local-path-provisioner,kube-system,local-path-provisioner-6858d854cf-q6njl,0.00009780948595097756
2026-10-07T15:38:54Z,local-path-provisioner,kube-system,local-path-provisioner-6858d854cf-q6njl,0.00010096790436572799
2026-10-07T15:39:09Z,local-path-provisioner,kube-system,local-path-provisioner-6858d854cf-q6njl,0.0001603015475196508
2026-10-07T15:39:24Z,local-path-provisioner,kube-system,local-path-provisioner-6858d854cf-q6njl,0.00015141702164659336
2026-10-07T15:39:39Z,local-path-provisioner,kube-system,local-path-provisioner-6858d854cf-q6njl,0.000131782767046337
2026-10-07T15:39:54Z,local-path-provisioner,kube-system,local-path-provisioner-6858d854cf-q6njl,0.0000756166599271146
2026-10-07T15:05:39Z,loki,logging,loki-0,0.01092242025408903
2026-10-07T15:05:54Z,loki,logging,loki-0,0.01051672102150293
2026-10-07T15:06:09Z,loki,logging,loki-0,0.010326831094289494
2026-10-07T15:06:24Z,loki,logging,loki-0,0.011885562617364755
2026-10-07T15:06:39Z,loki,logging,loki-0,0.01218155557932996
2026-10-07T15:06:54Z,loki,logging,loki-0,0.012011244660771364
2026-10-07T15:07:09Z,loki,logging,loki-0,0.010305904363264652
2026-10-07T15:07:24Z,loki,logging,loki-0,0.009588618245018842
2026-10-07T15:07:39Z,loki,logging,loki-0,0.010650033916701215
2026-10-07T15:07:54Z,loki,logging,loki-0,0.012886713788723329
2026-10-07T15:08:09Z,loki,logging,loki-0,0.012626092631408544
2026-10-07T15:08:24Z,loki,logging,loki-0,0.012960038507631482
2026-10-07T15:08:39Z,loki,logging,loki-0,0.012268145608547576
2026-10-07T15:08:54Z,loki,logging,loki-0,0.01196329252431279
2026-10-07T15:09:09Z,loki,logging,loki-0,0.011338850449964927
2026-10-07T15:09:24Z,loki,logging,loki-0,0.011136062529945642
2026-10-07T15:09:39Z,loki,logging,loki-0,0.013049659692462032
2026-10-07T15:09:54Z,loki,logging,loki-0,0.012876820787517406
2026-10-07T15:10:09Z,loki,logging,loki-0,0.011405958838872835
2026-10-07T15:10:24Z,loki,logging,loki-0,0.010756271245318447
2026-10-07T15:10:39Z,loki,logging,loki-0,0.013110922352089827
2026-10-07T15:10:54Z,loki,logging,loki-0,0.013281678257896766
2026-10-07T15:11:09Z,loki,logging,loki-0,0.013138022303094193
2026-10-07T15:11:24Z,loki,logging,loki-0,0.011219449081803433
2026-10-07T15:11:39Z,loki,logging,loki-0,0.011543733416204034
2026-10-07T15:11:54Z,loki,logging,loki-0,0.012152645701914426
2026-10-07T15:12:09Z,loki,logging,loki-0,0.012460507682876432
2026-10-07T15:12:24Z,loki,logging,loki-0,0.012054096628182229
2026-10-07T15:12:39Z,loki,logging,loki-0,0.012851062444381573
2026-10-07T15:12:54Z,loki,logging,loki-0,0.01275700956489183
2026-10-07T15:13:09Z,loki,logging,loki-0,0.01327226419536508
2026-10-07T15:13:24Z,loki,logging,loki-0,0.012016440028626757
2026-10-07T15:13:39Z,loki,logging,loki-0,0.012047631935049062
2026-10-07T15:13:54Z,loki,logging,loki-0,0.012764336261593472
2026-10-07T15:14:09Z,loki,logging,loki-0,0.012782105234942043
2026-10-07T15:14:24Z,loki,logging,loki-0,0.013094159281328534
2026-10-07T15:14:39Z,loki,logging,loki-0,0.013274926497134482
2026-10-07T15:14:54Z,loki,logging,loki-0,0.012130668063029926
2026-10-07T15:15:09Z,loki,logging,loki-0,0.013083031367809974
2026-10-07T15:15:24Z,loki,logging,loki-0,0.010672080827693319
2026-10-07T15:15:39Z,loki,logging,loki-0,0.010941817436009041
2026-10-07T15:15:54Z,loki,logging,loki-0,0.013625656480603314
2026-10-07T15:16:09Z,loki,logging,loki-0,0.013315896576491121
2026-10-07T15:16:24Z,loki,logging,loki-0,0.012753566719796343
2026-10-07T15:16:39Z,loki,logging,loki-0,0.013854182389292638
2026-10-07T15:16:54Z,loki,logging,loki-0,0.01430752881549968
2026-10-07T15:17:09Z,loki,logging,loki-0,0.014191551304141898
2026-10-07T15:17:24Z,loki,logging,loki-0,0.012520365411195743
2026-10-07T15:17:39Z,loki,logging,loki-0,0.011590546479411639
2026-10-07T15:17:54Z,loki,logging,loki-0,0.013408311191410852
2026-10-07T15:18:09Z,loki,logging,loki-0,0.013103329809725598
2026-10-07T15:18:24Z,loki,logging,loki-0,0.013283262899258753
2026-10-07T15:18:39Z,loki,logging,loki-0,0.012157614089717642
2026-10-07T15:18:54Z,loki,logging,loki-0,0.01345134059397377
2026-10-07T15:19:09Z,loki,logging,loki-0,0.011991611075744478
2026-10-07T15:19:24Z,loki,logging,loki-0,0.013654673393517563
2026-10-07T15:19:39Z,loki,logging,loki-0,0.013277361397646813
2026-10-07T15:19:54Z,loki,logging,loki-0,0.015420394446897518
2026-10-07T15:20:09Z,loki,logging,loki-0,0.014063932818440142
2026-10-07T15:20:24Z,loki,logging,loki-0,0.013087627490816357
2026-10-07T15:20:39Z,loki,logging,loki-0,0.012004270161713926
2026-10-07T15:20:54Z,loki,logging,loki-0,0.013783888923377334
2026-10-07T15:21:09Z,loki,logging,loki-0,0.014245082202993467
2026-10-07T15:21:24Z,loki,logging,loki-0,0.013388088284577953
2026-10-07T15:21:39Z,loki,logging,loki-0,0.012185235568852947
2026-10-07T15:21:54Z,loki,logging,loki-0,0.013722441945246978
2026-10-07T15:22:09Z,loki,logging,loki-0,0.013590312349832125
2026-10-07T15:22:24Z,loki,logging,loki-0,0.013606778552304669
2026-10-07T15:22:39Z,loki,logging,loki-0,0.012525995775819754
2026-10-07T15:22:54Z,loki,logging,loki-0,0.014369198794082723
2026-10-07T15:23:09Z,loki,logging,loki-0,0.014238151384353949
2026-10-07T15:23:24Z,loki,logging,loki-0,0.013570421168405324
2026-10-07T15:23:39Z,loki,logging,loki-0,0.012201313124712784
2026-10-07T15:23:54Z,loki,logging,loki-0,0.013618601621632179
2026-10-07T15:24:09Z,loki,logging,loki-0,0.013749571032599966
2026-10-07T15:24:24Z,loki,logging,loki-0,0.012226671124207136
2026-10-07T15:24:39Z,loki,logging,loki-0,0.013596277847903659
2026-10-07T15:24:54Z,loki,logging,loki-0,0.013831370488045608
2026-10-07T15:25:09Z,loki,logging,loki-0,0.01325553417981461
2026-10-07T15:25:24Z,loki,logging,loki-0,0.011230570288652066
2026-10-07T15:25:39Z,loki,logging,loki-0,0.012122723877713782
2026-10-07T15:25:54Z,loki,logging,loki-0,0.012391219129753264
2026-10-07T15:26:09Z,loki,logging,loki-0,0.014168983665681922
2026-10-07T15:26:24Z,loki,logging,loki-0,0.0138487488602972
2026-10-07T15:26:39Z,loki,logging,loki-0,0.013398110661268033
2026-10-07T15:26:54Z,loki,logging,loki-0,0.011979186211411343
2026-10-07T15:27:09Z,loki,logging,loki-0,0.013529258435566544
2026-10-07T15:27:24Z,loki,logging,loki-0,0.013884482717031762
2026-10-07T15:27:39Z,loki,logging,loki-0,0.013010686231506802
2026-10-07T15:27:54Z,loki,logging,loki-0,0.01233321989109395
2026-10-07T15:28:09Z,loki,logging,loki-0,0.013725196091921637
2026-10-07T15:28:24Z,loki,logging,loki-0,0.01225071215080575
2026-10-07T15:28:39Z,loki,logging,loki-0,0.014050423785817966
2026-10-07T15:28:54Z,loki,logging,loki-0,0.011708820403826672
2026-10-07T15:29:09Z,loki,logging,loki-0,0.01051546187093432
2026-10-07T15:29:24Z,loki,logging,loki-0,0.010794237410133216
2026-10-07T15:29:39Z,loki,logging,loki-0,0.013220464135021153
2026-10-07T15:29:54Z,loki,logging,loki-0,0.012977978178582586
2026-10-07T15:30:09Z,loki,logging,loki-0,0.008845650000000661
2026-10-07T15:30:24Z,loki,logging,loki-0,0.013449209636975708
2026-10-07T15:30:39Z,loki,logging,loki-0,0.013789695823028322
2026-10-07T15:30:54Z,loki,logging,loki-0,0.013055932854949973
2026-10-07T15:31:09Z,loki,logging,loki-0,0.0137646958450649
2026-10-07T15:31:24Z,loki,logging,loki-0,0.012090131810884483
2026-10-07T15:31:39Z,loki,logging,loki-0,0.014486138649555341
2026-10-07T15:31:54Z,loki,logging,loki-0,0.011889803205227478
2026-10-07T15:32:09Z,loki,logging,loki-0,0.01290962291453995
2026-10-07T15:32:24Z,loki,logging,loki-0,0.013337496308906552
2026-10-07T15:32:39Z,loki,logging,loki-0,0.009379649999999629
2026-10-07T15:32:54Z,loki,logging,loki-0,0.013196268397261898
2026-10-07T15:33:09Z,loki,logging,loki-0,0.012458004357706835
2026-10-07T15:33:24Z,loki,logging,loki-0,0.013776679039556337
2026-10-07T15:33:39Z,loki,logging,loki-0,0.013673946118451085
2026-10-07T15:33:54Z,loki,logging,loki-0,0.013656533293126603
2026-10-07T15:34:09Z,loki,logging,loki-0,0.012595067702189652
2026-10-07T15:34:24Z,loki,logging,loki-0,0.013733122875184087
2026-10-07T15:34:39Z,loki,logging,loki-0,0.01473933371153396
2026-10-07T15:34:54Z,loki,logging,loki-0,0.013145683018338973
2026-10-07T15:35:09Z,loki,logging,loki-0,0.013305741179848807
2026-10-07T15:35:24Z,loki,logging,loki-0,0.013713180877554812
2026-10-07T15:35:39Z,loki,logging,loki-0,0.012658179585260337
2026-10-07T15:35:54Z,loki,logging,loki-0,0.012758429494590858
2026-10-07T15:36:09Z,loki,logging,loki-0,0.01509973301959074
2026-10-07T15:36:24Z,loki,logging,loki-0,0.013209170684950545
2026-10-07T15:36:39Z,loki,logging,loki-0,0.013935195171253374
2026-10-07T15:36:54Z,loki,logging,loki-0,0.01631736456394144
2026-10-07T15:37:09Z,loki,logging,loki-0,0.015941344448794827
2026-10-07T15:37:24Z,loki,logging,loki-0,0.015544433602109515
2026-10-07T15:37:39Z,loki,logging,loki-0,0.01604329692494595
2026-10-07T15:37:54Z,loki,logging,loki-0,0.014493881818184841
2026-10-07T15:38:09Z,loki,logging,loki-0,0.015216241436599066
2026-10-07T15:38:24Z,loki,logging,loki-0,0.013720479538488685
2026-10-07T15:38:39Z,loki,logging,loki-0,0.0139875855079877
2026-10-07T15:38:54Z,loki,logging,loki-0,0.01647267100532847
2026-10-07T15:39:09Z,loki,logging,loki-0,0.01465994466646151
2026-10-07T15:39:24Z,loki,logging,loki-0,0.013437572531915146
2026-10-07T15:39:39Z,loki,logging,loki-0,0.013752498925691773
2026-10-07T15:39:54Z,loki,logging,loki-0,0.013956455358677159
2026-10-07T15:05:39Z,manager,k6-operator,k6-operator-controller-manager-7c45b488b8-tvch5,0.0005366701772559979
2026-10-07T15:05:54Z,manager,k6-operator,k6-operator-controller-manager-7c45b488b8-tvch5,0.0007135114616503683
2026-10-07T15:06:09Z,manager,k6-operator,k6-operator-controller-manager-7c45b488b8-tvch5,0.0007799401506551658
2026-10-07T15:06:24Z,manager,k6-operator,k6-operator-controller-manager-7c45b488b8-tvch5,0.0010205574049153572
2026-10-07T15:06:39Z,manager,k6-operator,k6-operator-controller-manager-7c45b488b8-tvch5,0.0010844892086330478
2026-10-07T15:06:54Z,manager,k6-operator,k6-operator-controller-manager-7c45b488b8-tvch5,0.0011569709680980297
2026-10-07T15:07:09Z,manager,k6-operator,k6-operator-controller-manager-7c45b488b8-tvch5,0.0009336034747603783
2026-10-07T15:07:24Z,manager,k6-operator,k6-operator-controller-manager-7c45b488b8-tvch5,0.0008692299278058377
2026-10-07T15:07:39Z,manager,k6-operator,k6-operator-controller-manager-7c45b488b8-tvch5,0.0007962090190321081
2026-10-07T15:07:54Z,manager,k6-operator,k6-operator-controller-manager-7c45b488b8-tvch5,0.0020348959852785945
2026-10-07T15:08:09Z,manager,k6-operator,k6-operator-controller-manager-7c45b488b8-tvch5,0.0027472450078714463
2026-10-07T15:08:24Z,manager,k6-operator,k6-operator-controller-manager-7c45b488b8-tvch5,0.0027147673634525015
2026-10-07T15:08:39Z,manager,k6-operator,k6-operator-controller-manager-7c45b488b8-tvch5,0.0015474565883554089
2026-10-07T15:08:54Z,manager,k6-operator,k6-operator-controller-manager-7c45b488b8-tvch5,0.0007365524249031097
2026-10-07T15:09:09Z,manager,k6-operator,k6-operator-controller-manager-7c45b488b8-tvch5,0.0007761596201962756
2026-10-07T15:09:24Z,manager,k6-operator,k6-operator-controller-manager-7c45b488b8-tvch5,0.0008942987931752543
2026-10-07T15:09:39Z,manager,k6-operator,k6-operator-controller-manager-7c45b488b8-tvch5,0.000886716550003983
2026-10-07T15:09:54Z,manager,k6-operator,k6-operator-controller-manager-7c45b488b8-tvch5,0.0008407844052761194
2026-10-07T15:10:09Z,manager,k6-operator,k6-operator-controller-manager-7c45b488b8-tvch5,0.0013256090314912893
2026-10-07T15:10:24Z,manager,k6-operator,k6-operator-controller-manager-7c45b488b8-tvch5,0.0013496518652975356
2026-10-07T15:10:39Z,manager,k6-operator,k6-operator-controller-manager-7c45b488b8-tvch5,0.0006873650869874346
2026-10-07T15:10:54Z,manager,k6-operator,k6-operator-controller-manager-7c45b488b8-tvch5,0.0009363880288958391
2026-10-07T15:11:09Z,manager,k6-operator,k6-operator-controller-manager-7c45b488b8-tvch5,0.0009546075751659837
2026-10-07T15:11:24Z,manager,k6-operator,k6-operator-controller-manager-7c45b488b8-tvch5,0.0009663616720462881
2026-10-07T15:11:39Z,manager,k6-operator,k6-operator-controller-manager-7c45b488b8-tvch5,0.0008459189004540399
2026-10-07T15:11:54Z,manager,k6-operator,k6-operator-controller-manager-7c45b488b8-tvch5,0.0010976113101027554
2026-10-07T15:12:09Z,manager,k6-operator,k6-operator-controller-manager-7c45b488b8-tvch5,0.0009468142952464931
2026-10-07T15:12:24Z,manager,k6-operator,k6-operator-controller-manager-7c45b488b8-tvch5,0.0009709324151920454
2026-10-07T15:12:39Z,manager,k6-operator,k6-operator-controller-manager-7c45b488b8-tvch5,0.0008101700243641357
2026-10-07T15:12:54Z,manager,k6-operator,k6-operator-controller-manager-7c45b488b8-tvch5,0.0008704256367167212
2026-10-07T15:13:09Z,manager,k6-operator,k6-operator-controller-manager-7c45b488b8-tvch5,0.0008124658503070064
2026-10-07T15:13:24Z,manager,k6-operator,k6-operator-controller-manager-7c45b488b8-tvch5,0.0009264655792301005
2026-10-07T15:13:39Z,manager,k6-operator,k6-operator-controller-manager-7c45b488b8-tvch5,0.0008955204111365564
2026-10-07T15:13:54Z,manager,k6-operator,k6-operator-controller-manager-7c45b488b8-tvch5,0.0011132412672624373
2026-10-07T15:14:09Z,manager,k6-operator,k6-operator-controller-manager-7c45b488b8-tvch5,0.001197185213790734
2026-10-07T15:14:24Z,manager,k6-operator,k6-operator-controller-manager-7c45b488b8-tvch5,0.0012379499694936042
2026-10-07T15:14:39Z,manager,k6-operator,k6-operator-controller-manager-7c45b488b8-tvch5,0.0011372148638704904
2026-10-07T15:14:54Z,manager,k6-operator,k6-operator-controller-manager-7c45b488b8-tvch5,0.0008440785700632126
2026-10-07T15:15:09Z,manager,k6-operator,k6-operator-controller-manager-7c45b488b8-tvch5,0.0008509953885951426
2026-10-07T15:15:24Z,manager,k6-operator,k6-operator-controller-manager-7c45b488b8-tvch5,0.0008965587516011903
2026-10-07T15:15:39Z,manager,k6-operator,k6-operator-controller-manager-7c45b488b8-tvch5,0.0009174955663505021
2026-10-07T15:15:54Z,manager,k6-operator,k6-operator-controller-manager-7c45b488b8-tvch5,0.0011309362575909762
2026-10-07T15:16:09Z,manager,k6-operator,k6-operator-controller-manager-7c45b488b8-tvch5,0.0009219470132092508
2026-10-07T15:16:24Z,manager,k6-operator,k6-operator-controller-manager-7c45b488b8-tvch5,0.001064440323853862
2026-10-07T15:16:39Z,manager,k6-operator,k6-operator-controller-manager-7c45b488b8-tvch5,0.0010840146022931597
2026-10-07T15:16:54Z,manager,k6-operator,k6-operator-controller-manager-7c45b488b8-tvch5,0.0009633900976954635
2026-10-07T15:17:09Z,manager,k6-operator,k6-operator-controller-manager-7c45b488b8-tvch5,0.0010060574010865037
2026-10-07T15:17:24Z,manager,k6-operator,k6-operator-controller-manager-7c45b488b8-tvch5,0.0010355758423744187
2026-10-07T15:17:39Z,manager,k6-operator,k6-operator-controller-manager-7c45b488b8-tvch5,0.000992511331537812
2026-10-07T15:17:54Z,manager,k6-operator,k6-operator-controller-manager-7c45b488b8-tvch5,0.0014326277749096778
2026-10-07T15:18:09Z,manager,k6-operator,k6-operator-controller-manager-7c45b488b8-tvch5,0.0013940733321721596
2026-10-07T15:18:24Z,manager,k6-operator,k6-operator-controller-manager-7c45b488b8-tvch5,0.0012294597764258737
2026-10-07T15:18:39Z,manager,k6-operator,k6-operator-controller-manager-7c45b488b8-tvch5,0.0008719128221160071
2026-10-07T15:18:54Z,manager,k6-operator,k6-operator-controller-manager-7c45b488b8-tvch5,0.0008656615280365775
2026-10-07T15:19:09Z,manager,k6-operator,k6-operator-controller-manager-7c45b488b8-tvch5,0.0008926392572943967
2026-10-07T15:19:24Z,manager,k6-operator,k6-operator-controller-manager-7c45b488b8-tvch5,0.0009003848717452971
2026-10-07T15:19:39Z,manager,k6-operator,k6-operator-controller-manager-7c45b488b8-tvch5,0.0009472191081927737
2026-10-07T15:19:54Z,manager,k6-operator,k6-operator-controller-manager-7c45b488b8-tvch5,0.0011397698896122752
2026-10-07T15:20:09Z,manager,k6-operator,k6-operator-controller-manager-7c45b488b8-tvch5,0.001159267766735393
2026-10-07T15:20:24Z,manager,k6-operator,k6-operator-controller-manager-7c45b488b8-tvch5,0.0010348170455014517
2026-10-07T15:20:39Z,manager,k6-operator,k6-operator-controller-manager-7c45b488b8-tvch5,0.000841070069659957
2026-10-07T15:20:54Z,manager,k6-operator,k6-operator-controller-manager-7c45b488b8-tvch5,0.0008534090187024947
2026-10-07T15:21:09Z,manager,k6-operator,k6-operator-controller-manager-7c45b488b8-tvch5,0.0007377170945340904
2026-10-07T15:21:24Z,manager,k6-operator,k6-operator-controller-manager-7c45b488b8-tvch5,0.000885382394413552
2026-10-07T15:21:39Z,manager,k6-operator,k6-operator-controller-manager-7c45b488b8-tvch5,0.0009232907873121228
2026-10-07T15:21:54Z,manager,k6-operator,k6-operator-controller-manager-7c45b488b8-tvch5,0.0009892515400763968
2026-10-07T15:22:09Z,manager,k6-operator,k6-operator-controller-manager-7c45b488b8-tvch5,0.0011365771690817882
2026-10-07T15:22:24Z,manager,k6-operator,k6-operator-controller-manager-7c45b488b8-tvch5,0.0009259638435749778
2026-10-07T15:22:39Z,manager,k6-operator,k6-operator-controller-manager-7c45b488b8-tvch5,0.0009421665695980778
2026-10-07T15:22:54Z,manager,k6-operator,k6-operator-controller-manager-7c45b488b8-tvch5,0.0008737528565854264
2026-10-07T15:23:09Z,manager,k6-operator,k6-operator-controller-manager-7c45b488b8-tvch5,0.000981536551093187
2026-10-07T15:23:24Z,manager,k6-operator,k6-operator-controller-manager-7c45b488b8-tvch5,0.0009617575614266095
2026-10-07T15:23:39Z,manager,k6-operator,k6-operator-controller-manager-7c45b488b8-tvch5,0.0009402514345789448
2026-10-07T15:23:54Z,manager,k6-operator,k6-operator-controller-manager-7c45b488b8-tvch5,0.0008400785261250642
2026-10-07T15:24:09Z,manager,k6-operator,k6-operator-controller-manager-7c45b488b8-tvch5,0.0009392465095361351
2026-10-07T15:24:24Z,manager,k6-operator,k6-operator-controller-manager-7c45b488b8-tvch5,0.0008892266051380751
2026-10-07T15:24:39Z,manager,k6-operator,k6-operator-controller-manager-7c45b488b8-tvch5,0.0008691613861999418
2026-10-07T15:24:54Z,manager,k6-operator,k6-operator-controller-manager-7c45b488b8-tvch5,0.0007273370220908842
2026-10-07T15:25:09Z,manager,k6-operator,k6-operator-controller-manager-7c45b488b8-tvch5,0.0008420187438591883
2026-10-07T15:25:24Z,manager,k6-operator,k6-operator-controller-manager-7c45b488b8-tvch5,0.0009171713993549214
2026-10-07T15:25:39Z,manager,k6-operator,k6-operator-controller-manager-7c45b488b8-tvch5,0.0009674534588762589
2026-10-07T15:25:54Z,manager,k6-operator,k6-operator-controller-manager-7c45b488b8-tvch5,0.0009880651078551573
2026-10-07T15:26:09Z,manager,k6-operator,k6-operator-controller-manager-7c45b488b8-tvch5,0.0010527574864369308
2026-10-07T15:26:24Z,manager,k6-operator,k6-operator-controller-manager-7c45b488b8-tvch5,0.0010180447693010557
2026-10-07T15:26:39Z,manager,k6-operator,k6-operator-controller-manager-7c45b488b8-tvch5,0.0009512116539709944
2026-10-07T15:26:54Z,manager,k6-operator,k6-operator-controller-manager-7c45b488b8-tvch5,0.0007115168483157249
2026-10-07T15:27:09Z,manager,k6-operator,k6-operator-controller-manager-7c45b488b8-tvch5,0.0008679646106167819
2026-10-07T15:27:24Z,manager,k6-operator,k6-operator-controller-manager-7c45b488b8-tvch5,0.0008553771201731491
2026-10-07T15:27:39Z,manager,k6-operator,k6-operator-controller-manager-7c45b488b8-tvch5,0.0009166027866708977
2026-10-07T15:27:54Z,manager,k6-operator,k6-operator-controller-manager-7c45b488b8-tvch5,0.0008397357264295247
2026-10-07T15:28:09Z,manager,k6-operator,k6-operator-controller-manager-7c45b488b8-tvch5,0.001016362161904437
2026-10-07T15:28:24Z,manager,k6-operator,k6-operator-controller-manager-7c45b488b8-tvch5,0.0009963170068943632
2026-10-07T15:28:39Z,manager,k6-operator,k6-operator-controller-manager-7c45b488b8-tvch5,0.0010330369907075128
2026-10-07T15:28:54Z,manager,k6-operator,k6-operator-controller-manager-7c45b488b8-tvch5,0.0008371066495799788
2026-10-07T15:29:09Z,manager,k6-operator,k6-operator-controller-manager-7c45b488b8-tvch5,0.0008437124588257536
2026-10-07T15:29:24Z,manager,k6-operator,k6-operator-controller-manager-7c45b488b8-tvch5,0.0008908029531276772
2026-10-07T15:29:39Z,manager,k6-operator,k6-operator-controller-manager-7c45b488b8-tvch5,0.0009220438849884126
2026-10-07T15:29:54Z,manager,k6-operator,k6-operator-controller-manager-7c45b488b8-tvch5,0.0008961595516730807
2026-10-07T15:30:09Z,manager,k6-operator,k6-operator-controller-manager-7c45b488b8-tvch5,0.0011486055224089614
2026-10-07T15:30:24Z,manager,k6-operator,k6-operator-controller-manager-7c45b488b8-tvch5,0.0011632203489396586
2026-10-07T15:30:39Z,manager,k6-operator,k6-operator-controller-manager-7c45b488b8-tvch5,0.0007531299423932131
2026-10-07T15:30:54Z,manager,k6-operator,k6-operator-controller-manager-7c45b488b8-tvch5,0.0008835548885076103
2026-10-07T15:31:09Z,manager,k6-operator,k6-operator-controller-manager-7c45b488b8-tvch5,0.0008327577701035943
2026-10-07T15:31:24Z,manager,k6-operator,k6-operator-controller-manager-7c45b488b8-tvch5,0.000834174849918501
2026-10-07T15:31:39Z,manager,k6-operator,k6-operator-controller-manager-7c45b488b8-tvch5,0.0008089703894291533
2026-10-07T15:31:54Z,manager,k6-operator,k6-operator-controller-manager-7c45b488b8-tvch5,0.0009729913224279712
2026-10-07T15:32:09Z,manager,k6-operator,k6-operator-controller-manager-7c45b488b8-tvch5,0.0011404131979252995
2026-10-07T15:32:24Z,manager,k6-operator,k6-operator-controller-manager-7c45b488b8-tvch5,0.001153875782378502
2026-10-07T15:32:39Z,manager,k6-operator,k6-operator-controller-manager-7c45b488b8-tvch5,0.0010507035468396099
2026-10-07T15:32:54Z,manager,k6-operator,k6-operator-controller-manager-7c45b488b8-tvch5,0.0008885664411957199
2026-10-07T15:33:09Z,manager,k6-operator,k6-operator-controller-manager-7c45b488b8-tvch5,0.0008574618895037308
2026-10-07T15:33:24Z,manager,k6-operator,k6-operator-controller-manager-7c45b488b8-tvch5,0.0009355379661926041
2026-10-07T15:33:39Z,manager,k6-operator,k6-operator-controller-manager-7c45b488b8-tvch5,0.0009127705826520845
2026-10-07T15:33:54Z,manager,k6-operator,k6-operator-controller-manager-7c45b488b8-tvch5,0.0009843734093455266
2026-10-07T15:34:09Z,manager,k6-operator,k6-operator-controller-manager-7c45b488b8-tvch5,0.0012624891989630245
2026-10-07T15:34:24Z,manager,k6-operator,k6-operator-controller-manager-7c45b488b8-tvch5,0.0009038812131949189
2026-10-07T15:34:39Z,manager,k6-operator,k6-operator-controller-manager-7c45b488b8-tvch5,0.0011245237617805682
2026-10-07T15:34:54Z,manager,k6-operator,k6-operator-controller-manager-7c45b488b8-tvch5,0.0009266708307308234
2026-10-07T15:35:09Z,manager,k6-operator,k6-operator-controller-manager-7c45b488b8-tvch5,0.0009637358750488706
2026-10-07T15:35:24Z,manager,k6-operator,k6-operator-controller-manager-7c45b488b8-tvch5,0.0008729996075524835
2026-10-07T15:35:39Z,manager,k6-operator,k6-operator-controller-manager-7c45b488b8-tvch5,0.001321285697768514
2026-10-07T15:35:54Z,manager,k6-operator,k6-operator-controller-manager-7c45b488b8-tvch5,0.0013085535676798587
2026-10-07T15:36:09Z,manager,k6-operator,k6-operator-controller-manager-7c45b488b8-tvch5,0.0017235388537438067
2026-10-07T15:36:24Z,manager,k6-operator,k6-operator-controller-manager-7c45b488b8-tvch5,0.0011335725843256174
2026-10-07T15:36:39Z,manager,k6-operator,k6-operator-controller-manager-7c45b488b8-tvch5,0.0010732717077017427
2026-10-07T15:36:54Z,manager,k6-operator,k6-operator-controller-manager-7c45b488b8-tvch5,0.0007411857821268053
2026-10-07T15:37:09Z,manager,k6-operator,k6-operator-controller-manager-7c45b488b8-tvch5,0.0007990988191422987
2026-10-07T15:37:24Z,manager,k6-operator,k6-operator-controller-manager-7c45b488b8-tvch5,0.0008426559173876024
2026-10-07T15:37:39Z,manager,k6-operator,k6-operator-controller-manager-7c45b488b8-tvch5,0.000711985977536492
2026-10-07T15:37:54Z,manager,k6-operator,k6-operator-controller-manager-7c45b488b8-tvch5,0.000846020968786749
2026-10-07T15:38:09Z,manager,k6-operator,k6-operator-controller-manager-7c45b488b8-tvch5,0.0010086739780657647
2026-10-07T15:38:24Z,manager,k6-operator,k6-operator-controller-manager-7c45b488b8-tvch5,0.0011561680876306542
2026-10-07T15:38:39Z,manager,k6-operator,k6-operator-controller-manager-7c45b488b8-tvch5,0.0009566326530612964
2026-10-07T15:38:54Z,manager,k6-operator,k6-operator-controller-manager-7c45b488b8-tvch5,0.0007794635472055191
2026-10-07T15:39:09Z,manager,k6-operator,k6-operator-controller-manager-7c45b488b8-tvch5,0.0006914627025180644
2026-10-07T15:39:24Z,manager,k6-operator,k6-operator-controller-manager-7c45b488b8-tvch5,0.0007978811000713517
2026-10-07T15:39:39Z,manager,k6-operator,k6-operator-controller-manager-7c45b488b8-tvch5,0.0008734368262181458
2026-10-07T15:39:54Z,manager,k6-operator,k6-operator-controller-manager-7c45b488b8-tvch5,0.000777615597653714
2026-10-07T15:05:39Z,metrics-server,kube-system,metrics-server-778c4649b4-cmvc2,0.0072888406321611155
2026-10-07T15:05:54Z,metrics-server,kube-system,metrics-server-778c4649b4-cmvc2,0.00676469278717633
2026-10-07T15:06:09Z,metrics-server,kube-system,metrics-server-778c4649b4-cmvc2,0.0062375815648702225
2026-10-07T15:06:24Z,metrics-server,kube-system,metrics-server-778c4649b4-cmvc2,0.006248309178746065
2026-10-07T15:06:39Z,metrics-server,kube-system,metrics-server-778c4649b4-cmvc2,0.006400004409951505
2026-10-07T15:06:54Z,metrics-server,kube-system,metrics-server-778c4649b4-cmvc2,0.007248793935216716
2026-10-07T15:07:09Z,metrics-server,kube-system,metrics-server-778c4649b4-cmvc2,0.007539978384934769
2026-10-07T15:07:24Z,metrics-server,kube-system,metrics-server-778c4649b4-cmvc2,0.007182719987549497
2026-10-07T15:07:39Z,metrics-server,kube-system,metrics-server-778c4649b4-cmvc2,0.006389368870817994
2026-10-07T15:07:54Z,metrics-server,kube-system,metrics-server-778c4649b4-cmvc2,0.005958966033966709
2026-10-07T15:08:09Z,metrics-server,kube-system,metrics-server-778c4649b4-cmvc2,0.006946873013546783
2026-10-07T15:08:24Z,metrics-server,kube-system,metrics-server-778c4649b4-cmvc2,0.007442547865686457
2026-10-07T15:08:39Z,metrics-server,kube-system,metrics-server-778c4649b4-cmvc2,0.007359303954580934
2026-10-07T15:08:54Z,metrics-server,kube-system,metrics-server-778c4649b4-cmvc2,0.006380235808021476
2026-10-07T15:09:09Z,metrics-server,kube-system,metrics-server-778c4649b4-cmvc2,0.006132075471695968
2026-10-07T15:09:24Z,metrics-server,kube-system,metrics-server-778c4649b4-cmvc2,0.006168548114702431
2026-10-07T15:09:39Z,metrics-server,kube-system,metrics-server-778c4649b4-cmvc2,0.00623111545543794
2026-10-07T15:09:54Z,metrics-server,kube-system,metrics-server-778c4649b4-cmvc2,0.006514336990660079
2026-10-07T15:10:09Z,metrics-server,kube-system,metrics-server-778c4649b4-cmvc2,0.005557711318640996
2026-10-07T15:10:24Z,metrics-server,kube-system,metrics-server-778c4649b4-cmvc2,0.005188233952518531
2026-10-07T15:10:39Z,metrics-server,kube-system,metrics-server-778c4649b4-cmvc2,0.006180438145258839
2026-10-07T15:10:54Z,metrics-server,kube-system,metrics-server-778c4649b4-cmvc2,0.005410208459063683
2026-10-07T15:11:09Z,metrics-server,kube-system,metrics-server-778c4649b4-cmvc2,0.00654935559191555
2026-10-07T15:11:24Z,metrics-server,kube-system,metrics-server-778c4649b4-cmvc2,0.007029823437928521
2026-10-07T15:11:39Z,metrics-server,kube-system,metrics-server-778c4649b4-cmvc2,0.006621807465618399
2026-10-07T15:11:54Z,metrics-server,kube-system,metrics-server-778c4649b4-cmvc2,0.006436746550474375
2026-10-07T15:12:09Z,metrics-server,kube-system,metrics-server-778c4649b4-cmvc2,0.00727451562616041
2026-10-07T15:12:24Z,metrics-server,kube-system,metrics-server-778c4649b4-cmvc2,0.007147089510590124
2026-10-07T15:12:39Z,metrics-server,kube-system,metrics-server-778c4649b4-cmvc2,0.007229929746898513
2026-10-07T15:12:54Z,metrics-server,kube-system,metrics-server-778c4649b4-cmvc2,0.0055446268851439785
2026-10-07T15:13:09Z,metrics-server,kube-system,metrics-server-778c4649b4-cmvc2,0.006705959524793049
2026-10-07T15:13:24Z,metrics-server,kube-system,metrics-server-778c4649b4-cmvc2,0.006796343259162235
2026-10-07T15:13:39Z,metrics-server,kube-system,metrics-server-778c4649b4-cmvc2,0.006484430661988161
2026-10-07T15:13:54Z,metrics-server,kube-system,metrics-server-778c4649b4-cmvc2,0.006545428856697849
2026-10-07T15:14:09Z,metrics-server,kube-system,metrics-server-778c4649b4-cmvc2,0.006199531007914638
2026-10-07T15:14:24Z,metrics-server,kube-system,metrics-server-778c4649b4-cmvc2,0.006078817961446655
2026-10-07T15:14:39Z,metrics-server,kube-system,metrics-server-778c4649b4-cmvc2,0.006100439225529894
2026-10-07T15:14:54Z,metrics-server,kube-system,metrics-server-778c4649b4-cmvc2,0.006364670458345127
2026-10-07T15:15:09Z,metrics-server,kube-system,metrics-server-778c4649b4-cmvc2,0.006995273419548699
2026-10-07T15:15:24Z,metrics-server,kube-system,metrics-server-778c4649b4-cmvc2,0.0068271465496611864
2026-10-07T15:15:39Z,metrics-server,kube-system,metrics-server-778c4649b4-cmvc2,0.0065606449898112625
2026-10-07T15:15:54Z,metrics-server,kube-system,metrics-server-778c4649b4-cmvc2,0.0063769507803106825
2026-10-07T15:16:09Z,metrics-server,kube-system,metrics-server-778c4649b4-cmvc2,0.00712371950440995
2026-10-07T15:16:24Z,metrics-server,kube-system,metrics-server-778c4649b4-cmvc2,0.006952077784275083
2026-10-07T15:16:39Z,metrics-server,kube-system,metrics-server-778c4649b4-cmvc2,0.006777874699542126
2026-10-07T15:16:54Z,metrics-server,kube-system,metrics-server-778c4649b4-cmvc2,0.0062756118383622585
2026-10-07T15:17:09Z,metrics-server,kube-system,metrics-server-778c4649b4-cmvc2,0.0065828962276030635
2026-10-07T15:17:24Z,metrics-server,kube-system,metrics-server-778c4649b4-cmvc2,0.005484816645085599
2026-10-07T15:17:39Z,metrics-server,kube-system,metrics-server-778c4649b4-cmvc2,0.006990712601890953
2026-10-07T15:17:54Z,metrics-server,kube-system,metrics-server-778c4649b4-cmvc2,0.00670675039246283
2026-10-07T15:18:09Z,metrics-server,kube-system,metrics-server-778c4649b4-cmvc2,0.006785328992125471
2026-10-07T15:18:24Z,metrics-server,kube-system,metrics-server-778c4649b4-cmvc2,0.006739068867858218
2026-10-07T15:18:39Z,metrics-server,kube-system,metrics-server-778c4649b4-cmvc2,0.0056297255829584145
2026-10-07T15:18:54Z,metrics-server,kube-system,metrics-server-778c4649b4-cmvc2,0.0070908181462338085
2026-10-07T15:19:09Z,metrics-server,kube-system,metrics-server-778c4649b4-cmvc2,0.006810168666882036
2026-10-07T15:19:24Z,metrics-server,kube-system,metrics-server-778c4649b4-cmvc2,0.00620832003713376
2026-10-07T15:19:39Z,metrics-server,kube-system,metrics-server-778c4649b4-cmvc2,0.006374135167885158
2026-10-07T15:19:54Z,metrics-server,kube-system,metrics-server-778c4649b4-cmvc2,0.006304087890753978
2026-10-07T15:20:09Z,metrics-server,kube-system,metrics-server-778c4649b4-cmvc2,0.006578380934365338
2026-10-07T15:20:24Z,metrics-server,kube-system,metrics-server-778c4649b4-cmvc2,0.005429859608767287
2026-10-07T15:20:39Z,metrics-server,kube-system,metrics-server-778c4649b4-cmvc2,0.00716633358601449
2026-10-07T15:20:54Z,metrics-server,kube-system,metrics-server-778c4649b4-cmvc2,0.007198393474525839
2026-10-07T15:21:09Z,metrics-server,kube-system,metrics-server-778c4649b4-cmvc2,0.005522257088694692
2026-10-07T15:21:24Z,metrics-server,kube-system,metrics-server-778c4649b4-cmvc2,0.006561561431600162
2026-10-07T15:21:39Z,metrics-server,kube-system,metrics-server-778c4649b4-cmvc2,0.006792903127911599
2026-10-07T15:21:54Z,metrics-server,kube-system,metrics-server-778c4649b4-cmvc2,0.006224232225495881
2026-10-07T15:22:09Z,metrics-server,kube-system,metrics-server-778c4649b4-cmvc2,0.006587205922251543
2026-10-07T15:22:24Z,metrics-server,kube-system,metrics-server-778c4649b4-cmvc2,0.00603882254347352
2026-10-07T15:22:39Z,metrics-server,kube-system,metrics-server-778c4649b4-cmvc2,0.0069817687615982464
2026-10-07T15:22:54Z,metrics-server,kube-system,metrics-server-778c4649b4-cmvc2,0.006614907811107025
2026-10-07T15:23:09Z,metrics-server,kube-system,metrics-server-778c4649b4-cmvc2,0.006926237661642813
2026-10-07T15:23:24Z,metrics-server,kube-system,metrics-server-778c4649b4-cmvc2,0.0067662973258684695
2026-10-07T15:23:39Z,metrics-server,kube-system,metrics-server-778c4649b4-cmvc2,0.006725969352214998
2026-10-07T15:23:54Z,metrics-server,kube-system,metrics-server-778c4649b4-cmvc2,0.005436326452685178
2026-10-07T15:24:09Z,metrics-server,kube-system,metrics-server-778c4649b4-cmvc2,0.006880385680288172
2026-10-07T15:24:24Z,metrics-server,kube-system,metrics-server-778c4649b4-cmvc2,0.007067456113017878
2026-10-07T15:24:39Z,metrics-server,kube-system,metrics-server-778c4649b4-cmvc2,0.0056292889728521995
2026-10-07T15:24:54Z,metrics-server,kube-system,metrics-server-778c4649b4-cmvc2,0.00553311955845592
2026-10-07T15:25:09Z,metrics-server,kube-system,metrics-server-778c4649b4-cmvc2,0.006806167019850007
2026-10-07T15:25:24Z,metrics-server,kube-system,metrics-server-778c4649b4-cmvc2,0.007369051138038644
2026-10-07T15:25:39Z,metrics-server,kube-system,metrics-server-778c4649b4-cmvc2,0.005307903708700383
2026-10-07T15:25:54Z,metrics-server,kube-system,metrics-server-778c4649b4-cmvc2,0.006365994446876934
2026-10-07T15:26:09Z,metrics-server,kube-system,metrics-server-778c4649b4-cmvc2,0.0062074264748294
2026-10-07T15:26:24Z,metrics-server,kube-system,metrics-server-778c4649b4-cmvc2,0.006370100656456508
2026-10-07T15:26:39Z,metrics-server,kube-system,metrics-server-778c4649b4-cmvc2,0.006718977014920364
2026-10-07T15:26:54Z,metrics-server,kube-system,metrics-server-778c4649b4-cmvc2,0.006822187801644663
2026-10-07T15:27:09Z,metrics-server,kube-system,metrics-server-778c4649b4-cmvc2,0.0070511103974733305
2026-10-07T15:27:24Z,metrics-server,kube-system,metrics-server-778c4649b4-cmvc2,0.006821333716174889
2026-10-07T15:27:39Z,metrics-server,kube-system,metrics-server-778c4649b4-cmvc2,0.006547923637079958
2026-10-07T15:27:54Z,metrics-server,kube-system,metrics-server-778c4649b4-cmvc2,0.0065267480300215544
2026-10-07T15:28:09Z,metrics-server,kube-system,metrics-server-778c4649b4-cmvc2,0.006647084805653299
2026-10-07T15:28:24Z,metrics-server,kube-system,metrics-server-778c4649b4-cmvc2,0.007154801052287447
2026-10-07T15:28:39Z,metrics-server,kube-system,metrics-server-778c4649b4-cmvc2,0.00679129168183809
2026-10-07T15:28:54Z,metrics-server,kube-system,metrics-server-778c4649b4-cmvc2,0.006349341360360192
2026-10-07T15:29:09Z,metrics-server,kube-system,metrics-server-778c4649b4-cmvc2,0.006695032415073878
2026-10-07T15:29:24Z,metrics-server,kube-system,metrics-server-778c4649b4-cmvc2,0.007091861518193445
2026-10-07T15:29:39Z,metrics-server,kube-system,metrics-server-778c4649b4-cmvc2,0.007289235664621501
2026-10-07T15:29:54Z,metrics-server,kube-system,metrics-server-778c4649b4-cmvc2,0.0067126770713731914
2026-10-07T15:30:09Z,metrics-server,kube-system,metrics-server-778c4649b4-cmvc2,0.006681852589645493
2026-10-07T15:30:24Z,metrics-server,kube-system,metrics-server-778c4649b4-cmvc2,0.006758471103294625
2026-10-07T15:30:39Z,metrics-server,kube-system,metrics-server-778c4649b4-cmvc2,0.0070128766168380515
2026-10-07T15:30:54Z,metrics-server,kube-system,metrics-server-778c4649b4-cmvc2,0.006756665366111122
2026-10-07T15:31:09Z,metrics-server,kube-system,metrics-server-778c4649b4-cmvc2,0.0068955828687866615
2026-10-07T15:31:24Z,metrics-server,kube-system,metrics-server-778c4649b4-cmvc2,0.00663011586512926
2026-10-07T15:31:39Z,metrics-server,kube-system,metrics-server-778c4649b4-cmvc2,0.006422796881376177
2026-10-07T15:31:54Z,metrics-server,kube-system,metrics-server-778c4649b4-cmvc2,0.00689975830959941
2026-10-07T15:32:09Z,metrics-server,kube-system,metrics-server-778c4649b4-cmvc2,0.007117064427888996
2026-10-07T15:32:24Z,metrics-server,kube-system,metrics-server-778c4649b4-cmvc2,0.007118098089922227
2026-10-07T15:32:39Z,metrics-server,kube-system,metrics-server-778c4649b4-cmvc2,0.005383886190497141
2026-10-07T15:32:54Z,metrics-server,kube-system,metrics-server-778c4649b4-cmvc2,0.006272177499305846
2026-10-07T15:33:09Z,metrics-server,kube-system,metrics-server-778c4649b4-cmvc2,0.006919876383303052
2026-10-07T15:33:24Z,metrics-server,kube-system,metrics-server-778c4649b4-cmvc2,0.00558285385917823
2026-10-07T15:33:39Z,metrics-server,kube-system,metrics-server-778c4649b4-cmvc2,0.0069998418253326596
2026-10-07T15:33:54Z,metrics-server,kube-system,metrics-server-778c4649b4-cmvc2,0.006483989720077018
2026-10-07T15:34:09Z,metrics-server,kube-system,metrics-server-778c4649b4-cmvc2,0.007057597535934289
2026-10-07T15:34:24Z,metrics-server,kube-system,metrics-server-778c4649b4-cmvc2,0.006628488880646667
2026-10-07T15:34:39Z,metrics-server,kube-system,metrics-server-778c4649b4-cmvc2,0.007311761349747253
2026-10-07T15:34:54Z,metrics-server,kube-system,metrics-server-778c4649b4-cmvc2,0.0070140376353819535
2026-10-07T15:35:09Z,metrics-server,kube-system,metrics-server-778c4649b4-cmvc2,0.00702834473477545
2026-10-07T15:35:24Z,metrics-server,kube-system,metrics-server-778c4649b4-cmvc2,0.006952062845276667
2026-10-07T15:35:39Z,metrics-server,kube-system,metrics-server-778c4649b4-cmvc2,0.007251030157167548
2026-10-07T15:35:54Z,metrics-server,kube-system,metrics-server-778c4649b4-cmvc2,0.006979094362870178
2026-10-07T15:36:09Z,metrics-server,kube-system,metrics-server-778c4649b4-cmvc2,0.007342610933000139
2026-10-07T15:36:24Z,metrics-server,kube-system,metrics-server-778c4649b4-cmvc2,0.007370230741276299
2026-10-07T15:36:39Z,metrics-server,kube-system,metrics-server-778c4649b4-cmvc2,0.00735142883781853
2026-10-07T15:36:54Z,metrics-server,kube-system,metrics-server-778c4649b4-cmvc2,0.006914462903675596
2026-10-07T15:37:09Z,metrics-server,kube-system,metrics-server-778c4649b4-cmvc2,0.007076661853579879
2026-10-07T15:37:24Z,metrics-server,kube-system,metrics-server-778c4649b4-cmvc2,0.0071178654187940334
2026-10-07T15:37:39Z,metrics-server,kube-system,metrics-server-778c4649b4-cmvc2,0.007185875041014101
2026-10-07T15:37:54Z,metrics-server,kube-system,metrics-server-778c4649b4-cmvc2,0.006918093005077573
2026-10-07T15:38:09Z,metrics-server,kube-system,metrics-server-778c4649b4-cmvc2,0.007556016510568674
2026-10-07T15:38:24Z,metrics-server,kube-system,metrics-server-778c4649b4-cmvc2,0.007348284960419717
2026-10-07T15:38:39Z,metrics-server,kube-system,metrics-server-778c4649b4-cmvc2,0.007207441716045379
2026-10-07T15:38:54Z,metrics-server,kube-system,metrics-server-778c4649b4-cmvc2,0.005802285142823263
2026-10-07T15:39:09Z,metrics-server,kube-system,metrics-server-778c4649b4-cmvc2,0.006349139105664977
2026-10-07T15:39:24Z,metrics-server,kube-system,metrics-server-778c4649b4-cmvc2,0.006657880617038858
2026-10-07T15:39:39Z,metrics-server,kube-system,metrics-server-778c4649b4-cmvc2,0.006447152543042393
2026-10-07T15:39:54Z,metrics-server,kube-system,metrics-server-778c4649b4-cmvc2,0.006470416465280402
2026-10-07T15:05:39Z,node-exporter,monitoring,monitoring-prometheus-node-exporter-jdg2j,0.004713092809790652
2026-10-07T15:05:54Z,node-exporter,monitoring,monitoring-prometheus-node-exporter-jdg2j,0.0057971988246830405
2026-10-07T15:06:09Z,node-exporter,monitoring,monitoring-prometheus-node-exporter-jdg2j,0.005146336055578991
2026-10-07T15:06:24Z,node-exporter,monitoring,monitoring-prometheus-node-exporter-jdg2j,0.005919214942714308
2026-10-07T15:06:39Z,node-exporter,monitoring,monitoring-prometheus-node-exporter-jdg2j,0.0050190072293379295
2026-10-07T15:06:54Z,node-exporter,monitoring,monitoring-prometheus-node-exporter-jdg2j,0.004419003513997667
2026-10-07T15:07:09Z,node-exporter,monitoring,monitoring-prometheus-node-exporter-jdg2j,0.005600902756475674
2026-10-07T15:07:24Z,node-exporter,monitoring,monitoring-prometheus-node-exporter-jdg2j,0.005049411544927628
2026-10-07T15:07:39Z,node-exporter,monitoring,monitoring-prometheus-node-exporter-jdg2j,0.005239982968806342
2026-10-07T15:07:54Z,node-exporter,monitoring,monitoring-prometheus-node-exporter-jdg2j,0.0038166919426636885
2026-10-07T15:08:09Z,node-exporter,monitoring,monitoring-prometheus-node-exporter-jdg2j,0.005521821056507614
2026-10-07T15:08:24Z,node-exporter,monitoring,monitoring-prometheus-node-exporter-jdg2j,0.006050060768618448
2026-10-07T15:08:39Z,node-exporter,monitoring,monitoring-prometheus-node-exporter-jdg2j,0.006456090531491859
2026-10-07T15:08:54Z,node-exporter,monitoring,monitoring-prometheus-node-exporter-jdg2j,0.0050535615092081885
2026-10-07T15:09:09Z,node-exporter,monitoring,monitoring-prometheus-node-exporter-jdg2j,0.0055421440972209315
2026-10-07T15:09:24Z,node-exporter,monitoring,monitoring-prometheus-node-exporter-jdg2j,0.004395991532054883
2026-10-07T15:09:39Z,node-exporter,monitoring,monitoring-prometheus-node-exporter-jdg2j,0.003719839588112372
2026-10-07T15:09:54Z,node-exporter,monitoring,monitoring-prometheus-node-exporter-jdg2j,0.003935710076671972
2026-10-07T15:10:09Z,node-exporter,monitoring,monitoring-prometheus-node-exporter-jdg2j,0.005176549408288106
2026-10-07T15:10:24Z,node-exporter,monitoring,monitoring-prometheus-node-exporter-jdg2j,0.005793546675669064
2026-10-07T15:10:39Z,node-exporter,monitoring,monitoring-prometheus-node-exporter-jdg2j,0.005528697862950283
2026-10-07T15:10:54Z,node-exporter,monitoring,monitoring-prometheus-node-exporter-jdg2j,0.004739799425775357
2026-10-07T15:11:09Z,node-exporter,monitoring,monitoring-prometheus-node-exporter-jdg2j,0.005558585811932485
2026-10-07T15:11:24Z,node-exporter,monitoring,monitoring-prometheus-node-exporter-jdg2j,0.005728780136492061
2026-10-07T15:11:39Z,node-exporter,monitoring,monitoring-prometheus-node-exporter-jdg2j,0.006268470323182864
2026-10-07T15:11:54Z,node-exporter,monitoring,monitoring-prometheus-node-exporter-jdg2j,0.005861024297716605
2026-10-07T15:12:09Z,node-exporter,monitoring,monitoring-prometheus-node-exporter-jdg2j,0.004779532770463923
2026-10-07T15:12:24Z,node-exporter,monitoring,monitoring-prometheus-node-exporter-jdg2j,0.005109677132238246
2026-10-07T15:12:39Z,node-exporter,monitoring,monitoring-prometheus-node-exporter-jdg2j,0.0039033886411467
2026-10-07T15:12:54Z,node-exporter,monitoring,monitoring-prometheus-node-exporter-jdg2j,0.004187071701235584
2026-10-07T15:13:09Z,node-exporter,monitoring,monitoring-prometheus-node-exporter-jdg2j,0.0053378978534438706
2026-10-07T15:13:24Z,node-exporter,monitoring,monitoring-prometheus-node-exporter-jdg2j,0.0055082972270372
2026-10-07T15:13:39Z,node-exporter,monitoring,monitoring-prometheus-node-exporter-jdg2j,0.004758355645833505
2026-10-07T15:13:54Z,node-exporter,monitoring,monitoring-prometheus-node-exporter-jdg2j,0.0028681855962434497
2026-10-07T15:14:09Z,node-exporter,monitoring,monitoring-prometheus-node-exporter-jdg2j,0.004030477524447354
2026-10-07T15:14:24Z,node-exporter,monitoring,monitoring-prometheus-node-exporter-jdg2j,0.005876928315130007
2026-10-07T15:14:39Z,node-exporter,monitoring,monitoring-prometheus-node-exporter-jdg2j,0.005693154739510215
2026-10-07T15:14:54Z,node-exporter,monitoring,monitoring-prometheus-node-exporter-jdg2j,0.004622501584616875
2026-10-07T15:15:09Z,node-exporter,monitoring,monitoring-prometheus-node-exporter-jdg2j,0.004503332679865555
2026-10-07T15:15:24Z,node-exporter,monitoring,monitoring-prometheus-node-exporter-jdg2j,0.005347998670703854
2026-10-07T15:15:39Z,node-exporter,monitoring,monitoring-prometheus-node-exporter-jdg2j,0.0049435597238843615
2026-10-07T15:15:54Z,node-exporter,monitoring,monitoring-prometheus-node-exporter-jdg2j,0.004966727377726508
2026-10-07T15:16:09Z,node-exporter,monitoring,monitoring-prometheus-node-exporter-jdg2j,0.004822911141233017
2026-10-07T15:16:24Z,node-exporter,monitoring,monitoring-prometheus-node-exporter-jdg2j,0.006691927512355641
2026-10-07T15:16:39Z,node-exporter,monitoring,monitoring-prometheus-node-exporter-jdg2j,0.006264435889842711
2026-10-07T15:16:54Z,node-exporter,monitoring,monitoring-prometheus-node-exporter-jdg2j,0.006643073549355352
2026-10-07T15:17:09Z,node-exporter,monitoring,monitoring-prometheus-node-exporter-jdg2j,0.004438069920560501
2026-10-07T15:17:24Z,node-exporter,monitoring,monitoring-prometheus-node-exporter-jdg2j,0.004138134946590193
2026-10-07T15:17:39Z,node-exporter,monitoring,monitoring-prometheus-node-exporter-jdg2j,0.005362818883782876
2026-10-07T15:17:54Z,node-exporter,monitoring,monitoring-prometheus-node-exporter-jdg2j,0.004870992900709266
2026-10-07T15:18:09Z,node-exporter,monitoring,monitoring-prometheus-node-exporter-jdg2j,0.004884081098220528
2026-10-07T15:18:24Z,node-exporter,monitoring,monitoring-prometheus-node-exporter-jdg2j,0.0044498088312473335
2026-10-07T15:18:39Z,node-exporter,monitoring,monitoring-prometheus-node-exporter-jdg2j,0.006054512026384337
2026-10-07T15:18:54Z,node-exporter,monitoring,monitoring-prometheus-node-exporter-jdg2j,0.005473516949154616
2026-10-07T15:19:09Z,node-exporter,monitoring,monitoring-prometheus-node-exporter-jdg2j,0.006129312916377143
2026-10-07T15:19:24Z,node-exporter,monitoring,monitoring-prometheus-node-exporter-jdg2j,0.0045548959510742235
2026-10-07T15:19:39Z,node-exporter,monitoring,monitoring-prometheus-node-exporter-jdg2j,0.005548701020005211
2026-10-07T15:19:54Z,node-exporter,monitoring,monitoring-prometheus-node-exporter-jdg2j,0.005345537647339293
2026-10-07T15:20:09Z,node-exporter,monitoring,monitoring-prometheus-node-exporter-jdg2j,0.004785747329463396
2026-10-07T15:20:24Z,node-exporter,monitoring,monitoring-prometheus-node-exporter-jdg2j,0.004544640122195858
2026-10-07T15:20:39Z,node-exporter,monitoring,monitoring-prometheus-node-exporter-jdg2j,0.005023775783342965
2026-10-07T15:20:54Z,node-exporter,monitoring,monitoring-prometheus-node-exporter-jdg2j,0.00415972697620078
2026-10-07T15:21:09Z,node-exporter,monitoring,monitoring-prometheus-node-exporter-jdg2j,0.004028497871075153
2026-10-07T15:21:24Z,node-exporter,monitoring,monitoring-prometheus-node-exporter-jdg2j,0.0037403192361478437
2026-10-07T15:21:39Z,node-exporter,monitoring,monitoring-prometheus-node-exporter-jdg2j,0.005283948124215007
2026-10-07T15:21:54Z,node-exporter,monitoring,monitoring-prometheus-node-exporter-jdg2j,0.00496631356792086
2026-10-07T15:22:09Z,node-exporter,monitoring,monitoring-prometheus-node-exporter-jdg2j,0.006233563768320267
2026-10-07T15:22:24Z,node-exporter,monitoring,monitoring-prometheus-node-exporter-jdg2j,0.006027475054489934
2026-10-07T15:22:39Z,node-exporter,monitoring,monitoring-prometheus-node-exporter-jdg2j,0.00618264623265102
2026-10-07T15:22:54Z,node-exporter,monitoring,monitoring-prometheus-node-exporter-jdg2j,0.004960553007584721
2026-10-07T15:23:09Z,node-exporter,monitoring,monitoring-prometheus-node-exporter-jdg2j,0.003749353637421871
2026-10-07T15:23:24Z,node-exporter,monitoring,monitoring-prometheus-node-exporter-jdg2j,0.0036669749686146524
2026-10-07T15:23:39Z,node-exporter,monitoring,monitoring-prometheus-node-exporter-jdg2j,0.003991056142585236
2026-10-07T15:23:54Z,node-exporter,monitoring,monitoring-prometheus-node-exporter-jdg2j,0.005231497914119778
2026-10-07T15:24:09Z,node-exporter,monitoring,monitoring-prometheus-node-exporter-jdg2j,0.005131029112773264
2026-10-07T15:24:24Z,node-exporter,monitoring,monitoring-prometheus-node-exporter-jdg2j,0.005206905799530454
2026-10-07T15:24:39Z,node-exporter,monitoring,monitoring-prometheus-node-exporter-jdg2j,0.005972894078400204
2026-10-07T15:24:54Z,node-exporter,monitoring,monitoring-prometheus-node-exporter-jdg2j,0.005688023980143839
2026-10-07T15:25:09Z,node-exporter,monitoring,monitoring-prometheus-node-exporter-jdg2j,0.005221969853395708
2026-10-07T15:25:24Z,node-exporter,monitoring,monitoring-prometheus-node-exporter-jdg2j,0.005241536796537123
2026-10-07T15:25:39Z,node-exporter,monitoring,monitoring-prometheus-node-exporter-jdg2j,0.005157200878885662
2026-10-07T15:25:54Z,node-exporter,monitoring,monitoring-prometheus-node-exporter-jdg2j,0.005195183448405462
2026-10-07T15:26:09Z,node-exporter,monitoring,monitoring-prometheus-node-exporter-jdg2j,0.005645943859124513
2026-10-07T15:26:24Z,node-exporter,monitoring,monitoring-prometheus-node-exporter-jdg2j,0.004998458778646684
2026-10-07T15:26:39Z,node-exporter,monitoring,monitoring-prometheus-node-exporter-jdg2j,0.00446303787340126
2026-10-07T15:26:54Z,node-exporter,monitoring,monitoring-prometheus-node-exporter-jdg2j,0.003904424522846096
2026-10-07T15:27:09Z,node-exporter,monitoring,monitoring-prometheus-node-exporter-jdg2j,0.004197359352894954
2026-10-07T15:27:24Z,node-exporter,monitoring,monitoring-prometheus-node-exporter-jdg2j,0.004674343972405308
2026-10-07T15:27:39Z,node-exporter,monitoring,monitoring-prometheus-node-exporter-jdg2j,0.005739280042349365
2026-10-07T15:27:54Z,node-exporter,monitoring,monitoring-prometheus-node-exporter-jdg2j,0.005257082950665317
2026-10-07T15:28:09Z,node-exporter,monitoring,monitoring-prometheus-node-exporter-jdg2j,0.00524926707264692
2026-10-07T15:28:24Z,node-exporter,monitoring,monitoring-prometheus-node-exporter-jdg2j,0.005086469989827575
2026-10-07T15:28:39Z,node-exporter,monitoring,monitoring-prometheus-node-exporter-jdg2j,0.003719345579794134
2026-10-07T15:28:54Z,node-exporter,monitoring,monitoring-prometheus-node-exporter-jdg2j,0.004095218847441878
2026-10-07T15:29:09Z,node-exporter,monitoring,monitoring-prometheus-node-exporter-jdg2j,0.004785608806551152
2026-10-07T15:29:24Z,node-exporter,monitoring,monitoring-prometheus-node-exporter-jdg2j,0.005593282299075679
2026-10-07T15:29:39Z,node-exporter,monitoring,monitoring-prometheus-node-exporter-jdg2j,0.0053624729315818066
2026-10-07T15:29:54Z,node-exporter,monitoring,monitoring-prometheus-node-exporter-jdg2j,0.004410801155366832
2026-10-07T15:30:09Z,node-exporter,monitoring,monitoring-prometheus-node-exporter-jdg2j,0.004598018062742355
2026-10-07T15:30:24Z,node-exporter,monitoring,monitoring-prometheus-node-exporter-jdg2j,0.004447314415115742
2026-10-07T15:30:39Z,node-exporter,monitoring,monitoring-prometheus-node-exporter-jdg2j,0.005682873730043825
2026-10-07T15:30:54Z,node-exporter,monitoring,monitoring-prometheus-node-exporter-jdg2j,0.0061511161877283735
2026-10-07T15:31:09Z,node-exporter,monitoring,monitoring-prometheus-node-exporter-jdg2j,0.006554913785782824
2026-10-07T15:31:24Z,node-exporter,monitoring,monitoring-prometheus-node-exporter-jdg2j,0.005084428609130651
2026-10-07T15:31:39Z,node-exporter,monitoring,monitoring-prometheus-node-exporter-jdg2j,0.004078291060400289
2026-10-07T15:31:54Z,node-exporter,monitoring,monitoring-prometheus-node-exporter-jdg2j,0.004073997472216924
2026-10-07T15:32:09Z,node-exporter,monitoring,monitoring-prometheus-node-exporter-jdg2j,0.005605436438194546
2026-10-07T15:32:24Z,node-exporter,monitoring,monitoring-prometheus-node-exporter-jdg2j,0.005565714962683005
2026-10-07T15:32:39Z,node-exporter,monitoring,monitoring-prometheus-node-exporter-jdg2j,0.005378751050633979
2026-10-07T15:32:54Z,node-exporter,monitoring,monitoring-prometheus-node-exporter-jdg2j,0.004795774647887828
2026-10-07T15:33:09Z,node-exporter,monitoring,monitoring-prometheus-node-exporter-jdg2j,0.0051510598888649915
2026-10-07T15:33:24Z,node-exporter,monitoring,monitoring-prometheus-node-exporter-jdg2j,0.005243737117489072
2026-10-07T15:33:39Z,node-exporter,monitoring,monitoring-prometheus-node-exporter-jdg2j,0.005411457341710761
2026-10-07T15:33:54Z,node-exporter,monitoring,monitoring-prometheus-node-exporter-jdg2j,0.005435488433834452
2026-10-07T15:34:09Z,node-exporter,monitoring,monitoring-prometheus-node-exporter-jdg2j,0.005508799098972636
2026-10-07T15:34:24Z,node-exporter,monitoring,monitoring-prometheus-node-exporter-jdg2j,0.005635707125934218
2026-10-07T15:34:39Z,node-exporter,monitoring,monitoring-prometheus-node-exporter-jdg2j,0.00607873949755907
2026-10-07T15:34:54Z,node-exporter,monitoring,monitoring-prometheus-node-exporter-jdg2j,0.006157087811801768
2026-10-07T15:35:09Z,node-exporter,monitoring,monitoring-prometheus-node-exporter-jdg2j,0.0063476077797653754
2026-10-07T15:35:24Z,node-exporter,monitoring,monitoring-prometheus-node-exporter-jdg2j,0.005523481499764827
2026-10-07T15:35:39Z,node-exporter,monitoring,monitoring-prometheus-node-exporter-jdg2j,0.005346140634967149
2026-10-07T15:35:54Z,node-exporter,monitoring,monitoring-prometheus-node-exporter-jdg2j,0.003828330285709267
2026-10-07T15:36:09Z,node-exporter,monitoring,monitoring-prometheus-node-exporter-jdg2j,0.005091523605150179
2026-10-07T15:36:24Z,node-exporter,monitoring,monitoring-prometheus-node-exporter-jdg2j,0.005314261225856045
2026-10-07T15:36:39Z,node-exporter,monitoring,monitoring-prometheus-node-exporter-jdg2j,0.004472693141962433
2026-10-07T15:36:54Z,node-exporter,monitoring,monitoring-prometheus-node-exporter-jdg2j,0.006259828486360209
2026-10-07T15:37:09Z,node-exporter,monitoring,monitoring-prometheus-node-exporter-jdg2j,0.005829346475065319
2026-10-07T15:37:24Z,node-exporter,monitoring,monitoring-prometheus-node-exporter-jdg2j,0.0023899749999998225
2026-10-07T15:37:39Z,node-exporter,monitoring,monitoring-prometheus-node-exporter-jdg2j,0.005666228324341727
2026-10-07T15:37:54Z,node-exporter,monitoring,monitoring-prometheus-node-exporter-jdg2j,0.007112797487298253
2026-10-07T15:38:09Z,node-exporter,monitoring,monitoring-prometheus-node-exporter-jdg2j,0.005350827707881219
2026-10-07T15:38:24Z,node-exporter,monitoring,monitoring-prometheus-node-exporter-jdg2j,0.005715177426250919
2026-10-07T15:38:39Z,node-exporter,monitoring,monitoring-prometheus-node-exporter-jdg2j,0.004614674690838052
2026-10-07T15:38:54Z,node-exporter,monitoring,monitoring-prometheus-node-exporter-jdg2j,0.0047287910019901715
2026-10-07T15:39:09Z,node-exporter,monitoring,monitoring-prometheus-node-exporter-jdg2j,0.0048002376467999874
2026-10-07T15:39:24Z,node-exporter,monitoring,monitoring-prometheus-node-exporter-jdg2j,0.006374301524440576
2026-10-07T15:39:39Z,node-exporter,monitoring,monitoring-prometheus-node-exporter-jdg2j,0.004051538421894604
2026-10-07T15:39:54Z,node-exporter,monitoring,monitoring-prometheus-node-exporter-jdg2j,0.00452986694077947
2026-10-07T15:05:39Z,postgresql,customer,dtr-postgresql-0,0.01148833333333338
2026-10-07T15:05:54Z,postgresql,customer,dtr-postgresql-0,0.015180340318973482
2026-10-07T15:06:09Z,postgresql,customer,dtr-postgresql-0,0.0168695871097708
2026-10-07T15:06:24Z,postgresql,customer,dtr-postgresql-0,0.01601130410807772
2026-10-07T15:06:39Z,postgresql,customer,dtr-postgresql-0,0.01618625083491801
2026-10-07T15:06:54Z,postgresql,customer,dtr-postgresql-0,0.016322293341836085
2026-10-07T15:07:09Z,postgresql,customer,dtr-postgresql-0,0.01983698396287525
2026-10-07T15:07:24Z,postgresql,customer,dtr-postgresql-0,0.01952177790991378
2026-10-07T15:07:39Z,postgresql,customer,dtr-postgresql-0,0.017410788804072142
2026-10-07T15:07:54Z,postgresql,customer,dtr-postgresql-0,0.013323259123471352
2026-10-07T15:08:09Z,postgresql,customer,dtr-postgresql-0,0.015183654584474402
2026-10-07T15:08:24Z,postgresql,customer,dtr-postgresql-0,0.01377163135931593
2026-10-07T15:08:39Z,postgresql,customer,dtr-postgresql-0,0.017265938438300325
2026-10-07T15:08:54Z,postgresql,customer,dtr-postgresql-0,0.01567692519063333
2026-10-07T15:09:09Z,postgresql,customer,dtr-postgresql-0,0.015130389466006058
2026-10-07T15:09:24Z,postgresql,customer,dtr-postgresql-0,0.017217842008407022
2026-10-07T15:09:39Z,postgresql,customer,dtr-postgresql-0,0.018422402611923003
2026-10-07T15:09:54Z,postgresql,customer,dtr-postgresql-0,0.01381254639761262
2026-10-07T15:10:09Z,postgresql,customer,dtr-postgresql-0,0.014132501883412422
2026-10-07T15:10:24Z,postgresql,customer,dtr-postgresql-0,0.016132324840763292
2026-10-07T15:10:39Z,postgresql,customer,dtr-postgresql-0,0.013462029136596245
2026-10-07T15:10:54Z,postgresql,customer,dtr-postgresql-0,0.013768301211994238
2026-10-07T15:11:09Z,postgresql,customer,dtr-postgresql-0,0.016311010155934072
2026-10-07T15:11:24Z,postgresql,customer,dtr-postgresql-0,0.014264276596372692
2026-10-07T15:11:39Z,postgresql,customer,dtr-postgresql-0,0.017268552460083828
2026-10-07T15:11:54Z,postgresql,customer,dtr-postgresql-0,0.01662829002868031
2026-10-07T15:12:09Z,postgresql,customer,dtr-postgresql-0,0.016892885899681614
2026-10-07T15:12:24Z,postgresql,customer,dtr-postgresql-0,0.01686226001803916
2026-10-07T15:12:39Z,postgresql,customer,dtr-postgresql-0,0.016714394190146805
2026-10-07T15:12:54Z,postgresql,customer,dtr-postgresql-0,0.016739730653946242
2026-10-07T15:13:09Z,postgresql,customer,dtr-postgresql-0,0.01700147284570367
2026-10-07T15:13:24Z,postgresql,customer,dtr-postgresql-0,0.01787893124933855
2026-10-07T15:13:39Z,postgresql,customer,dtr-postgresql-0,0.014997195917369683
2026-10-07T15:13:54Z,postgresql,customer,dtr-postgresql-0,0.018270495663979865
2026-10-07T15:14:09Z,postgresql,customer,dtr-postgresql-0,0.016456342668865215
2026-10-07T15:14:24Z,postgresql,customer,dtr-postgresql-0,0.010378925000003392
2026-10-07T15:14:39Z,postgresql,customer,dtr-postgresql-0,0.015853600139813573
2026-10-07T15:14:54Z,postgresql,customer,dtr-postgresql-0,0.01333971846866917
2026-10-07T15:15:09Z,postgresql,customer,dtr-postgresql-0,0.015360642608123146
2026-10-07T15:15:24Z,postgresql,customer,dtr-postgresql-0,0.015717966078157296
2026-10-07T15:15:39Z,postgresql,customer,dtr-postgresql-0,0.01051720000000387
2026-10-07T15:15:54Z,postgresql,customer,dtr-postgresql-0,0.01659191707599252
2026-10-07T15:16:09Z,postgresql,customer,dtr-postgresql-0,0.01727171256697001
2026-10-07T15:16:24Z,postgresql,customer,dtr-postgresql-0,0.013140421719947936
2026-10-07T15:16:39Z,postgresql,customer,dtr-postgresql-0,0.016370061519861465
2026-10-07T15:16:54Z,postgresql,customer,dtr-postgresql-0,0.013229800453976849
2026-10-07T15:17:09Z,postgresql,customer,dtr-postgresql-0,0.01851374926536836
2026-10-07T15:17:24Z,postgresql,customer,dtr-postgresql-0,0.01707336888687187
2026-10-07T15:17:39Z,postgresql,customer,dtr-postgresql-0,0.01385218871028025
2026-10-07T15:17:54Z,postgresql,customer,dtr-postgresql-0,0.015863415139275912
2026-10-07T15:18:09Z,postgresql,customer,dtr-postgresql-0,0.01625270620006912
2026-10-07T15:18:24Z,postgresql,customer,dtr-postgresql-0,0.01649682826716966
2026-10-07T15:18:39Z,postgresql,customer,dtr-postgresql-0,0.01572930655161665
2026-10-07T15:18:54Z,postgresql,customer,dtr-postgresql-0,0.015736163057030933
2026-10-07T15:19:09Z,postgresql,customer,dtr-postgresql-0,0.015340152944683418
2026-10-07T15:19:24Z,postgresql,customer,dtr-postgresql-0,0.017258501170960405
2026-10-07T15:19:39Z,postgresql,customer,dtr-postgresql-0,0.01659644804787293
2026-10-07T15:19:54Z,postgresql,customer,dtr-postgresql-0,0.017719773960822048
2026-10-07T15:20:09Z,postgresql,customer,dtr-postgresql-0,0.017376640273595322
2026-10-07T15:20:24Z,postgresql,customer,dtr-postgresql-0,0.016820187018701832
2026-10-07T15:20:39Z,postgresql,customer,dtr-postgresql-0,0.01646878977288659
2026-10-07T15:20:54Z,postgresql,customer,dtr-postgresql-0,0.016464171337069546
2026-10-07T15:21:09Z,postgresql,customer,dtr-postgresql-0,0.015921447179541394
2026-10-07T15:21:24Z,postgresql,customer,dtr-postgresql-0,0.016106245629135187
2026-10-07T15:21:39Z,postgresql,customer,dtr-postgresql-0,0.016418270085711513
2026-10-07T15:21:54Z,postgresql,customer,dtr-postgresql-0,0.017377344973067577
2026-10-07T15:22:09Z,postgresql,customer,dtr-postgresql-0,0.016144690668682547
2026-10-07T15:22:24Z,postgresql,customer,dtr-postgresql-0,0.015790947773989948
2026-10-07T15:22:39Z,postgresql,customer,dtr-postgresql-0,0.015422662615659414
2026-10-07T15:22:54Z,postgresql,customer,dtr-postgresql-0,0.016513114036564247
2026-10-07T15:23:09Z,postgresql,customer,dtr-postgresql-0,0.017550758919772327
2026-10-07T15:23:24Z,postgresql,customer,dtr-postgresql-0,0.015258839151079008
2026-10-07T15:23:39Z,postgresql,customer,dtr-postgresql-0,0.016206562668101995
2026-10-07T15:23:54Z,postgresql,customer,dtr-postgresql-0,0.010295075000004773
2026-10-07T15:24:09Z,postgresql,customer,dtr-postgresql-0,0.01646182266010336
2026-10-07T15:24:24Z,postgresql,customer,dtr-postgresql-0,0.01725339594608575
2026-10-07T15:24:39Z,postgresql,customer,dtr-postgresql-0,0.01693379580757007
2026-10-07T15:24:54Z,postgresql,customer,dtr-postgresql-0,0.01578552500516571
2026-10-07T15:25:09Z,postgresql,customer,dtr-postgresql-0,0.016655026548284504
2026-10-07T15:25:24Z,postgresql,customer,dtr-postgresql-0,0.015152023210431942
2026-10-07T15:25:39Z,postgresql,customer,dtr-postgresql-0,0.017804077573347024
2026-10-07T15:25:54Z,postgresql,customer,dtr-postgresql-0,0.015524135190531505
2026-10-07T15:26:09Z,postgresql,customer,dtr-postgresql-0,0.017198454579721262
2026-10-07T15:26:24Z,postgresql,customer,dtr-postgresql-0,0.016204143814747135
2026-10-07T15:26:39Z,postgresql,customer,dtr-postgresql-0,0.014078816839254486
2026-10-07T15:26:54Z,postgresql,customer,dtr-postgresql-0,0.01701272932628867
2026-10-07T15:27:09Z,postgresql,customer,dtr-postgresql-0,0.017155747994639692
2026-10-07T15:27:24Z,postgresql,customer,dtr-postgresql-0,0.014110471004125377
2026-10-07T15:27:39Z,postgresql,customer,dtr-postgresql-0,0.016709925249172846
2026-10-07T15:27:54Z,postgresql,customer,dtr-postgresql-0,0.016526171246858498
2026-10-07T15:28:09Z,postgresql,customer,dtr-postgresql-0,0.016617080772478882
2026-10-07T15:28:24Z,postgresql,customer,dtr-postgresql-0,0.016914930051658027
2026-10-07T15:28:39Z,postgresql,customer,dtr-postgresql-0,0.017442526058349422
2026-10-07T15:28:54Z,postgresql,customer,dtr-postgresql-0,0.013682798112655513
2026-10-07T15:29:09Z,postgresql,customer,dtr-postgresql-0,0.016652447965686663
2026-10-07T15:29:24Z,postgresql,customer,dtr-postgresql-0,0.01718921176681041
2026-10-07T15:29:39Z,postgresql,customer,dtr-postgresql-0,0.01828155240071246
2026-10-07T15:29:54Z,postgresql,customer,dtr-postgresql-0,0.01803970161996568
2026-10-07T15:30:09Z,postgresql,customer,dtr-postgresql-0,0.015046799863094304
2026-10-07T15:30:24Z,postgresql,customer,dtr-postgresql-0,0.016690038586512898
2026-10-07T15:30:39Z,postgresql,customer,dtr-postgresql-0,0.016564722037463925
2026-10-07T15:30:54Z,postgresql,customer,dtr-postgresql-0,0.01664443123189796
2026-10-07T15:31:09Z,postgresql,customer,dtr-postgresql-0,0.01700232144800438
2026-10-07T15:31:24Z,postgresql,customer,dtr-postgresql-0,0.01749863485752063
2026-10-07T15:31:39Z,postgresql,customer,dtr-postgresql-0,0.017301510262039195
2026-10-07T15:31:54Z,postgresql,customer,dtr-postgresql-0,0.016730377471540964
2026-10-07T15:32:09Z,postgresql,customer,dtr-postgresql-0,0.015533195671491983
2026-10-07T15:32:24Z,postgresql,customer,dtr-postgresql-0,0.017182481899034985
2026-10-07T15:32:39Z,postgresql,customer,dtr-postgresql-0,0.016760123071396564
2026-10-07T15:32:54Z,postgresql,customer,dtr-postgresql-0,0.01816277209083493
2026-10-07T15:33:09Z,postgresql,customer,dtr-postgresql-0,0.01612079672186872
2026-10-07T15:33:24Z,postgresql,customer,dtr-postgresql-0,0.016007136753122465
2026-10-07T15:33:39Z,postgresql,customer,dtr-postgresql-0,0.015646453542060786
2026-10-07T15:33:54Z,postgresql,customer,dtr-postgresql-0,0.015933051856663036
2026-10-07T15:34:09Z,postgresql,customer,dtr-postgresql-0,0.01698405182132873
2026-10-07T15:34:24Z,postgresql,customer,dtr-postgresql-0,0.016525280402717953
2026-10-07T15:34:39Z,postgresql,customer,dtr-postgresql-0,0.017950391225530854
2026-10-07T15:34:54Z,postgresql,customer,dtr-postgresql-0,0.017311204689950906
2026-10-07T15:35:09Z,postgresql,customer,dtr-postgresql-0,0.018118243866444776
2026-10-07T15:35:24Z,postgresql,customer,dtr-postgresql-0,0.015861420995888505
2026-10-07T15:35:39Z,postgresql,customer,dtr-postgresql-0,0.01527646303430971
2026-10-07T15:35:54Z,postgresql,customer,dtr-postgresql-0,0.01610032536744213
2026-10-07T15:36:09Z,postgresql,customer,dtr-postgresql-0,0.017600020927068437
2026-10-07T15:36:24Z,postgresql,customer,dtr-postgresql-0,0.018829823023524032
2026-10-07T15:36:39Z,postgresql,customer,dtr-postgresql-0,0.0175300064149348
2026-10-07T15:36:54Z,postgresql,customer,dtr-postgresql-0,0.016413193154246924
2026-10-07T15:37:09Z,postgresql,customer,dtr-postgresql-0,0.01596552143508819
2026-10-07T15:37:24Z,postgresql,customer,dtr-postgresql-0,0.01538039767021681
2026-10-07T15:37:39Z,postgresql,customer,dtr-postgresql-0,0.01597873765692504
2026-10-07T15:37:54Z,postgresql,customer,dtr-postgresql-0,0.015431408999460841
2026-10-07T15:38:09Z,postgresql,customer,dtr-postgresql-0,0.015576944265907068
2026-10-07T15:38:24Z,postgresql,customer,dtr-postgresql-0,0.015758343846771692
2026-10-07T15:38:39Z,postgresql,customer,dtr-postgresql-0,0.013644216642349764
2026-10-07T15:38:54Z,postgresql,customer,dtr-postgresql-0,0.017042731529062556
2026-10-07T15:39:09Z,postgresql,customer,dtr-postgresql-0,0.016360697584187497
2026-10-07T15:39:24Z,postgresql,customer,dtr-postgresql-0,0.017658775533659878
2026-10-07T15:39:39Z,postgresql,customer,dtr-postgresql-0,0.017405789927214484
2026-10-07T15:39:54Z,postgresql,customer,dtr-postgresql-0,0.01726258442840282
2026-10-07T15:05:39Z,postgresql,customer,edc-postgresql-0,0.0340239553921803
2026-10-07T15:05:54Z,postgresql,customer,edc-postgresql-0,0.033164909090911264
2026-10-07T15:06:09Z,postgresql,customer,edc-postgresql-0,0.03614856273557225
2026-10-07T15:06:24Z,postgresql,customer,edc-postgresql-0,0.03354022322943939
2026-10-07T15:06:39Z,postgresql,customer,edc-postgresql-0,0.031271238249050724
2026-10-07T15:06:54Z,postgresql,customer,edc-postgresql-0,0.03141849465570494
2026-10-07T15:07:09Z,postgresql,customer,edc-postgresql-0,0.032770684065164715
2026-10-07T15:07:24Z,postgresql,customer,edc-postgresql-0,0.03863824132011719
2026-10-07T15:07:39Z,postgresql,customer,edc-postgresql-0,0.04369697502636415
2026-10-07T15:07:54Z,postgresql,customer,edc-postgresql-0,0.04676368543584362
2026-10-07T15:08:09Z,postgresql,customer,edc-postgresql-0,0.04439099184300503
2026-10-07T15:08:24Z,postgresql,customer,edc-postgresql-0,0.042102872152622095
2026-10-07T15:08:39Z,postgresql,customer,edc-postgresql-0,0.04279988596079363
2026-10-07T15:08:54Z,postgresql,customer,edc-postgresql-0,0.041975512934865636
2026-10-07T15:09:09Z,postgresql,customer,edc-postgresql-0,0.04541451535506997
2026-10-07T15:09:24Z,postgresql,customer,edc-postgresql-0,0.04127470708100278
2026-10-07T15:09:39Z,postgresql,customer,edc-postgresql-0,0.03616214837472382
2026-10-07T15:09:54Z,postgresql,customer,edc-postgresql-0,0.04353598404152482
2026-10-07T15:10:09Z,postgresql,customer,edc-postgresql-0,0.04541333001177627
2026-10-07T15:10:24Z,postgresql,customer,edc-postgresql-0,0.038498458631616016
2026-10-07T15:10:39Z,postgresql,customer,edc-postgresql-0,0.04626712185869876
2026-10-07T15:10:54Z,postgresql,customer,edc-postgresql-0,0.044215241882030874
2026-10-07T15:11:09Z,postgresql,customer,edc-postgresql-0,0.045194997041471494
2026-10-07T15:11:24Z,postgresql,customer,edc-postgresql-0,0.03653884562528526
2026-10-07T15:11:39Z,postgresql,customer,edc-postgresql-0,0.04334550713779715
2026-10-07T15:11:54Z,postgresql,customer,edc-postgresql-0,0.04195375247373691
2026-10-07T15:12:09Z,postgresql,customer,edc-postgresql-0,0.039803591676628475
2026-10-07T15:12:24Z,postgresql,customer,edc-postgresql-0,0.04104474307686356
2026-10-07T15:12:39Z,postgresql,customer,edc-postgresql-0,0.03415187247217692
2026-10-07T15:12:54Z,postgresql,customer,edc-postgresql-0,0.044265517619931465
2026-10-07T15:13:09Z,postgresql,customer,edc-postgresql-0,0.04283829155749301
2026-10-07T15:13:24Z,postgresql,customer,edc-postgresql-0,0.04802165866752231
2026-10-07T15:13:39Z,postgresql,customer,edc-postgresql-0,0.05035523482511634
2026-10-07T15:13:54Z,postgresql,customer,edc-postgresql-0,0.05502538146789513
2026-10-07T15:14:09Z,postgresql,customer,edc-postgresql-0,0.05376251768680874
2026-10-07T15:14:24Z,postgresql,customer,edc-postgresql-0,0.05693097616818004
2026-10-07T15:14:39Z,postgresql,customer,edc-postgresql-0,0.05600064661367837
2026-10-07T15:14:54Z,postgresql,customer,edc-postgresql-0,0.058357912809145734
2026-10-07T15:15:09Z,postgresql,customer,edc-postgresql-0,0.05826858766234288
2026-10-07T15:15:24Z,postgresql,customer,edc-postgresql-0,0.058728088389368834
2026-10-07T15:15:39Z,postgresql,customer,edc-postgresql-0,0.058309979941271024
2026-10-07T15:15:54Z,postgresql,customer,edc-postgresql-0,0.05730961343256903
2026-10-07T15:16:09Z,postgresql,customer,edc-postgresql-0,0.05906355740523411
2026-10-07T15:16:24Z,postgresql,customer,edc-postgresql-0,0.04871286605324682
2026-10-07T15:16:39Z,postgresql,customer,edc-postgresql-0,0.056846100320082776
2026-10-07T15:16:54Z,postgresql,customer,edc-postgresql-0,0.05872965986742276
2026-10-07T15:17:09Z,postgresql,customer,edc-postgresql-0,0.05773630145148714
2026-10-07T15:17:24Z,postgresql,customer,edc-postgresql-0,0.06105797305543635
2026-10-07T15:17:39Z,postgresql,customer,edc-postgresql-0,0.057416578766326436
2026-10-07T15:17:54Z,postgresql,customer,edc-postgresql-0,0.05892117383589247
2026-10-07T15:18:09Z,postgresql,customer,edc-postgresql-0,0.07609034096130589
2026-10-07T15:18:24Z,postgresql,customer,edc-postgresql-0,0.08500559941252127
2026-10-07T15:18:39Z,postgresql,customer,edc-postgresql-0,0.0802810530536826
2026-10-07T15:18:54Z,postgresql,customer,edc-postgresql-0,0.08232683538531468
2026-10-07T15:19:09Z,postgresql,customer,edc-postgresql-0,0.0877497570599858
2026-10-07T15:19:24Z,postgresql,customer,edc-postgresql-0,0.08377808484459646
2026-10-07T15:19:39Z,postgresql,customer,edc-postgresql-0,0.10401152726861145
2026-10-07T15:19:54Z,postgresql,customer,edc-postgresql-0,0.10294457551384859
2026-10-07T15:20:09Z,postgresql,customer,edc-postgresql-0,0.1031509846438315
2026-10-07T15:20:24Z,postgresql,customer,edc-postgresql-0,0.0972252405607996
2026-10-07T15:20:39Z,postgresql,customer,edc-postgresql-0,0.09879246731494092
2026-10-07T15:20:54Z,postgresql,customer,edc-postgresql-0,0.09648773773197966
2026-10-07T15:21:09Z,postgresql,customer,edc-postgresql-0,0.09438985185353815
2026-10-07T15:21:24Z,postgresql,customer,edc-postgresql-0,0.09361813577280237
2026-10-07T15:21:39Z,postgresql,customer,edc-postgresql-0,0.09301501315202405
2026-10-07T15:21:54Z,postgresql,customer,edc-postgresql-0,0.09364572713310287
2026-10-07T15:22:09Z,postgresql,customer,edc-postgresql-0,0.09431872262993715
2026-10-07T15:22:24Z,postgresql,customer,edc-postgresql-0,0.09968282022773278
2026-10-07T15:22:39Z,postgresql,customer,edc-postgresql-0,0.101269944291189
2026-10-07T15:22:54Z,postgresql,customer,edc-postgresql-0,0.0942966385125449
2026-10-07T15:23:09Z,postgresql,customer,edc-postgresql-0,0.09963357324894426
2026-10-07T15:23:24Z,postgresql,customer,edc-postgresql-0,0.10565349850259095
2026-10-07T15:23:39Z,postgresql,customer,edc-postgresql-0,0.10471821738967217
2026-10-07T15:23:54Z,postgresql,customer,edc-postgresql-0,0.09847296384239475
2026-10-07T15:24:09Z,postgresql,customer,edc-postgresql-0,0.09636341575666735
2026-10-07T15:24:24Z,postgresql,customer,edc-postgresql-0,0.09163246004769932
2026-10-07T15:24:39Z,postgresql,customer,edc-postgresql-0,0.09349791797852025
2026-10-07T15:24:54Z,postgresql,customer,edc-postgresql-0,0.09415756278208182
2026-10-07T15:25:09Z,postgresql,customer,edc-postgresql-0,0.09634142529695576
2026-10-07T15:25:24Z,postgresql,customer,edc-postgresql-0,0.08989465825639073
2026-10-07T15:25:39Z,postgresql,customer,edc-postgresql-0,0.06103569999997944
2026-10-07T15:25:54Z,postgresql,customer,edc-postgresql-0,0.09232196759000659
2026-10-07T15:26:09Z,postgresql,customer,edc-postgresql-0,0.0999228698719155
2026-10-07T15:26:24Z,postgresql,customer,edc-postgresql-0,0.09628777289148628
2026-10-07T15:26:39Z,postgresql,customer,edc-postgresql-0,0.097587234213752
2026-10-07T15:26:54Z,postgresql,customer,edc-postgresql-0,0.09037209302323967
2026-10-07T15:27:09Z,postgresql,customer,edc-postgresql-0,0.09128512415348188
2026-10-07T15:27:24Z,postgresql,customer,edc-postgresql-0,0.09432996081383847
2026-10-07T15:27:39Z,postgresql,customer,edc-postgresql-0,0.09546931187788517
2026-10-07T15:27:54Z,postgresql,customer,edc-postgresql-0,0.10160008914146297
2026-10-07T15:28:09Z,postgresql,customer,edc-postgresql-0,0.09747841229582284
2026-10-07T15:28:24Z,postgresql,customer,edc-postgresql-0,0.09791031892662418
2026-10-07T15:28:39Z,postgresql,customer,edc-postgresql-0,0.08763427322538006
2026-10-07T15:28:54Z,postgresql,customer,edc-postgresql-0,0.08971481552702763
2026-10-07T15:29:09Z,postgresql,customer,edc-postgresql-0,0.08844697271309816
2026-10-07T15:29:24Z,postgresql,customer,edc-postgresql-0,0.09540671031096809
2026-10-07T15:29:39Z,postgresql,customer,edc-postgresql-0,0.09746054445210897
2026-10-07T15:29:54Z,postgresql,customer,edc-postgresql-0,0.10126135945789097
2026-10-07T15:30:09Z,postgresql,customer,edc-postgresql-0,0.09455848052389372
2026-10-07T15:30:24Z,postgresql,customer,edc-postgresql-0,0.09319411831755123
2026-10-07T15:30:39Z,postgresql,customer,edc-postgresql-0,0.07843836247769337
2026-10-07T15:30:54Z,postgresql,customer,edc-postgresql-0,0.09109316879681775
2026-10-07T15:31:09Z,postgresql,customer,edc-postgresql-0,0.09465900312295326
2026-10-07T15:31:24Z,postgresql,customer,edc-postgresql-0,0.09641735223389335
2026-10-07T15:31:39Z,postgresql,customer,edc-postgresql-0,0.0990501526384686
2026-10-07T15:31:54Z,postgresql,customer,edc-postgresql-0,0.09181929479009768
2026-10-07T15:32:09Z,postgresql,customer,edc-postgresql-0,0.09143908165927309
2026-10-07T15:32:24Z,postgresql,customer,edc-postgresql-0,0.08987007479828507
2026-10-07T15:32:39Z,postgresql,customer,edc-postgresql-0,0.09675528911308252
2026-10-07T15:32:54Z,postgresql,customer,edc-postgresql-0,0.09398342897538209
2026-10-07T15:33:09Z,postgresql,customer,edc-postgresql-0,0.13052283554471394
2026-10-07T15:33:24Z,postgresql,customer,edc-postgresql-0,0.14104528842911948
2026-10-07T15:33:39Z,postgresql,customer,edc-postgresql-0,0.19578611695414838
2026-10-07T15:33:54Z,postgresql,customer,edc-postgresql-0,0.1976904672546203
2026-10-07T15:34:09Z,postgresql,customer,edc-postgresql-0,0.19788606998852115
2026-10-07T15:34:24Z,postgresql,customer,edc-postgresql-0,0.19686616948570934
2026-10-07T15:34:39Z,postgresql,customer,edc-postgresql-0,0.1953419737977234
2026-10-07T15:34:54Z,postgresql,customer,edc-postgresql-0,0.19337583813391135
2026-10-07T15:35:09Z,postgresql,customer,edc-postgresql-0,0.19314279064571488
2026-10-07T15:35:24Z,postgresql,customer,edc-postgresql-0,0.1870652836579187
2026-10-07T15:35:39Z,postgresql,customer,edc-postgresql-0,0.1796185067007104
2026-10-07T15:35:54Z,postgresql,customer,edc-postgresql-0,0.17480007656409136
2026-10-07T15:36:09Z,postgresql,customer,edc-postgresql-0,0.16845884934944344
2026-10-07T15:36:24Z,postgresql,customer,edc-postgresql-0,0.14285665125987873
2026-10-07T15:36:39Z,postgresql,customer,edc-postgresql-0,0.15216954982038935
2026-10-07T15:36:54Z,postgresql,customer,edc-postgresql-0,0.15414170584283363
2026-10-07T15:37:09Z,postgresql,customer,edc-postgresql-0,0.16495561347311738
2026-10-07T15:37:24Z,postgresql,customer,edc-postgresql-0,0.1697038570045901
2026-10-07T15:37:39Z,postgresql,customer,edc-postgresql-0,0.17034567685589747
2026-10-07T15:37:54Z,postgresql,customer,edc-postgresql-0,0.1641356278286577
2026-10-07T15:38:09Z,postgresql,customer,edc-postgresql-0,0.165893575028855
2026-10-07T15:38:24Z,postgresql,customer,edc-postgresql-0,0.17347730082352267
2026-10-07T15:38:39Z,postgresql,customer,edc-postgresql-0,0.1763645377482559
2026-10-07T15:38:54Z,postgresql,customer,edc-postgresql-0,0.14902654356605188
2026-10-07T15:39:09Z,postgresql,customer,edc-postgresql-0,0.12357718662622616
2026-10-07T15:39:24Z,postgresql,customer,edc-postgresql-0,0.06067834469788122
2026-10-07T15:39:39Z,postgresql,customer,edc-postgresql-0,0.055003491046499486
2026-10-07T15:39:54Z,postgresql,customer,edc-postgresql-0,0.03750320657575159
2026-10-07T15:05:39Z,postgresql,customer,puris-postgresql-0,0.02219798476708355
2026-10-07T15:05:54Z,postgresql,customer,puris-postgresql-0,0.02438789272715155
2026-10-07T15:06:09Z,postgresql,customer,puris-postgresql-0,0.024066766579246866
2026-10-07T15:06:24Z,postgresql,customer,puris-postgresql-0,0.026192064218949478
2026-10-07T15:06:39Z,postgresql,customer,puris-postgresql-0,0.022477348753987686
2026-10-07T15:06:54Z,postgresql,customer,puris-postgresql-0,0.02151776216870947
2026-10-07T15:07:09Z,postgresql,customer,puris-postgresql-0,0.020898349369605506
2026-10-07T15:07:24Z,postgresql,customer,puris-postgresql-0,0.02303452134272823
2026-10-07T15:07:39Z,postgresql,customer,puris-postgresql-0,0.026522530664944484
2026-10-07T15:07:54Z,postgresql,customer,puris-postgresql-0,0.023114881273295824
2026-10-07T15:08:09Z,postgresql,customer,puris-postgresql-0,0.02539764943399046
2026-10-07T15:08:24Z,postgresql,customer,puris-postgresql-0,0.02219619226109872
2026-10-07T15:08:39Z,postgresql,customer,puris-postgresql-0,0.019722131919136087
2026-10-07T15:08:54Z,postgresql,customer,puris-postgresql-0,0.02187234679677803
2026-10-07T15:09:09Z,postgresql,customer,puris-postgresql-0,0.01903495065993047
2026-10-07T15:09:24Z,postgresql,customer,puris-postgresql-0,0.02287249177631859
2026-10-07T15:09:39Z,postgresql,customer,puris-postgresql-0,0.0221100528807548
2026-10-07T15:09:54Z,postgresql,customer,puris-postgresql-0,0.01720237980349426
2026-10-07T15:10:09Z,postgresql,customer,puris-postgresql-0,0.02408328908581484
2026-10-07T15:10:24Z,postgresql,customer,puris-postgresql-0,0.02433521206945567
2026-10-07T15:10:39Z,postgresql,customer,puris-postgresql-0,0.023693997561263478
2026-10-07T15:10:54Z,postgresql,customer,puris-postgresql-0,0.021452438876047565
2026-10-07T15:11:09Z,postgresql,customer,puris-postgresql-0,0.02363604390617877
2026-10-07T15:11:24Z,postgresql,customer,puris-postgresql-0,0.023044194406148535
2026-10-07T15:11:39Z,postgresql,customer,puris-postgresql-0,0.02416746595050865
2026-10-07T15:11:54Z,postgresql,customer,puris-postgresql-0,0.02306631232599333
2026-10-07T15:12:09Z,postgresql,customer,puris-postgresql-0,0.023940203460426676
2026-10-07T15:12:24Z,postgresql,customer,puris-postgresql-0,0.023296434407340662
2026-10-07T15:12:39Z,postgresql,customer,puris-postgresql-0,0.023485515510947692
2026-10-07T15:12:54Z,postgresql,customer,puris-postgresql-0,0.024207678386764575
2026-10-07T15:13:09Z,postgresql,customer,puris-postgresql-0,0.024793942892879364
2026-10-07T15:13:24Z,postgresql,customer,puris-postgresql-0,0.024656789739260814
2026-10-07T15:13:39Z,postgresql,customer,puris-postgresql-0,0.024250070347844828
2026-10-07T15:13:54Z,postgresql,customer,puris-postgresql-0,0.0237323430929753
2026-10-07T15:14:09Z,postgresql,customer,puris-postgresql-0,0.021520460603474983
2026-10-07T15:14:24Z,postgresql,customer,puris-postgresql-0,0.023186325833517256
2026-10-07T15:14:39Z,postgresql,customer,puris-postgresql-0,0.022650640091693115
2026-10-07T15:14:54Z,postgresql,customer,puris-postgresql-0,0.025670599608901383
2026-10-07T15:15:09Z,postgresql,customer,puris-postgresql-0,0.019797861959155838
2026-10-07T15:15:24Z,postgresql,customer,puris-postgresql-0,0.02618214597902149
2026-10-07T15:15:39Z,postgresql,customer,puris-postgresql-0,0.027496299202299367
2026-10-07T15:15:54Z,postgresql,customer,puris-postgresql-0,0.02503554238083834
2026-10-07T15:16:09Z,postgresql,customer,puris-postgresql-0,0.025155648267008644
2026-10-07T15:16:24Z,postgresql,customer,puris-postgresql-0,0.025000880227633217
2026-10-07T15:16:39Z,postgresql,customer,puris-postgresql-0,0.024363809028753486
2026-10-07T15:16:54Z,postgresql,customer,puris-postgresql-0,0.026576787144809384
2026-10-07T15:17:09Z,postgresql,customer,puris-postgresql-0,0.023514011736687324
2026-10-07T15:17:24Z,postgresql,customer,puris-postgresql-0,0.026895426287743964
2026-10-07T15:17:39Z,postgresql,customer,puris-postgresql-0,0.024643213391680914
2026-10-07T15:17:54Z,postgresql,customer,puris-postgresql-0,0.025793718149149557
2026-10-07T15:18:09Z,postgresql,customer,puris-postgresql-0,0.02392996970402785
2026-10-07T15:18:24Z,postgresql,customer,puris-postgresql-0,0.027965980787813604
2026-10-07T15:18:39Z,postgresql,customer,puris-postgresql-0,0.032211250897512915
2026-10-07T15:18:54Z,postgresql,customer,puris-postgresql-0,0.02438834950451497
2026-10-07T15:19:09Z,postgresql,customer,puris-postgresql-0,0.02929729553032286
2026-10-07T15:19:24Z,postgresql,customer,puris-postgresql-0,0.029317558284541627
2026-10-07T15:19:39Z,postgresql,customer,puris-postgresql-0,0.0290825543535309
2026-10-07T15:19:54Z,postgresql,customer,puris-postgresql-0,0.028147424090454738
2026-10-07T15:20:09Z,postgresql,customer,puris-postgresql-0,0.02281333739586354
2026-10-07T15:20:24Z,postgresql,customer,puris-postgresql-0,0.027657759356334775
2026-10-07T15:20:39Z,postgresql,customer,puris-postgresql-0,0.02901348264186352
2026-10-07T15:20:54Z,postgresql,customer,puris-postgresql-0,0.023158025206335316
2026-10-07T15:21:09Z,postgresql,customer,puris-postgresql-0,0.029838472938948587
2026-10-07T15:21:24Z,postgresql,customer,puris-postgresql-0,0.02478704051672991
2026-10-07T15:21:39Z,postgresql,customer,puris-postgresql-0,0.03069919027596903
2026-10-07T15:21:54Z,postgresql,customer,puris-postgresql-0,0.02787434880785305
2026-10-07T15:22:09Z,postgresql,customer,puris-postgresql-0,0.017614200000002713
2026-10-07T15:22:24Z,postgresql,customer,puris-postgresql-0,0.029859719307452712
2026-10-07T15:22:39Z,postgresql,customer,puris-postgresql-0,0.03263506101938345
2026-10-07T15:22:54Z,postgresql,customer,puris-postgresql-0,0.023967807539981175
2026-10-07T15:23:09Z,postgresql,customer,puris-postgresql-0,0.029890783736760344
2026-10-07T15:23:24Z,postgresql,customer,puris-postgresql-0,0.02806681482977706
2026-10-07T15:23:39Z,postgresql,customer,puris-postgresql-0,0.028192905490096485
2026-10-07T15:23:54Z,postgresql,customer,puris-postgresql-0,0.029000110107909243
2026-10-07T15:24:09Z,postgresql,customer,puris-postgresql-0,0.029648013408264267
2026-10-07T15:24:24Z,postgresql,customer,puris-postgresql-0,0.028211296784914415
2026-10-07T15:24:39Z,postgresql,customer,puris-postgresql-0,0.0280728659342314
2026-10-07T15:24:54Z,postgresql,customer,puris-postgresql-0,0.02337553704799823
2026-10-07T15:25:09Z,postgresql,customer,puris-postgresql-0,0.031127494169469624
2026-10-07T15:25:24Z,postgresql,customer,puris-postgresql-0,0.028819669501044854
2026-10-07T15:25:39Z,postgresql,customer,puris-postgresql-0,0.030670958643734803
2026-10-07T15:25:54Z,postgresql,customer,puris-postgresql-0,0.027129898478917072
2026-10-07T15:26:09Z,postgresql,customer,puris-postgresql-0,0.022638636822223945
2026-10-07T15:26:24Z,postgresql,customer,puris-postgresql-0,0.025891448036276646
2026-10-07T15:26:39Z,postgresql,customer,puris-postgresql-0,0.029619370313446865
2026-10-07T15:26:54Z,postgresql,customer,puris-postgresql-0,0.023091075257842944
2026-10-07T15:27:09Z,postgresql,customer,puris-postgresql-0,0.027675726941116308
2026-10-07T15:27:24Z,postgresql,customer,puris-postgresql-0,0.027357203969883347
2026-10-07T15:27:39Z,postgresql,customer,puris-postgresql-0,0.026620511731603878
2026-10-07T15:27:54Z,postgresql,customer,puris-postgresql-0,0.023258547165756656
2026-10-07T15:28:09Z,postgresql,customer,puris-postgresql-0,0.028208763766755095
2026-10-07T15:28:24Z,postgresql,customer,puris-postgresql-0,0.029359739132369403
2026-10-07T15:28:39Z,postgresql,customer,puris-postgresql-0,0.030534797588286592
2026-10-07T15:28:54Z,postgresql,customer,puris-postgresql-0,0.028710591158079064
2026-10-07T15:29:09Z,postgresql,customer,puris-postgresql-0,0.02971572576302969
2026-10-07T15:29:24Z,postgresql,customer,puris-postgresql-0,0.02766222020806815
2026-10-07T15:29:39Z,postgresql,customer,puris-postgresql-0,0.029847767802742075
2026-10-07T15:29:54Z,postgresql,customer,puris-postgresql-0,0.02893243647234739
2026-10-07T15:30:09Z,postgresql,customer,puris-postgresql-0,0.0283663192515401
2026-10-07T15:30:24Z,postgresql,customer,puris-postgresql-0,0.027683244867784767
2026-10-07T15:30:39Z,postgresql,customer,puris-postgresql-0,0.030497182868573985
2026-10-07T15:30:54Z,postgresql,customer,puris-postgresql-0,0.02946843350112211
2026-10-07T15:31:09Z,postgresql,customer,puris-postgresql-0,0.0293210940507233
2026-10-07T15:31:24Z,postgresql,customer,puris-postgresql-0,0.026401009684229017
2026-10-07T15:31:39Z,postgresql,customer,puris-postgresql-0,0.02941589251823145
2026-10-07T15:31:54Z,postgresql,customer,puris-postgresql-0,0.03219088831623336
2026-10-07T15:32:09Z,postgresql,customer,puris-postgresql-0,0.03281416388412717
2026-10-07T15:32:24Z,postgresql,customer,puris-postgresql-0,0.03180600303183299
2026-10-07T15:32:39Z,postgresql,customer,puris-postgresql-0,0.02858191599420807
2026-10-07T15:32:54Z,postgresql,customer,puris-postgresql-0,0.03096379190957742
2026-10-07T15:33:09Z,postgresql,customer,puris-postgresql-0,0.03162649779422079
2026-10-07T15:33:24Z,postgresql,customer,puris-postgresql-0,0.03092942892871902
2026-10-07T15:33:39Z,postgresql,customer,puris-postgresql-0,0.030634785372347463
2026-10-07T15:33:54Z,postgresql,customer,puris-postgresql-0,0.02721002894305562
2026-10-07T15:34:09Z,postgresql,customer,puris-postgresql-0,0.02985271165906474
2026-10-07T15:34:24Z,postgresql,customer,puris-postgresql-0,0.026990927529278463
2026-10-07T15:34:39Z,postgresql,customer,puris-postgresql-0,0.030930433413552436
2026-10-07T15:34:54Z,postgresql,customer,puris-postgresql-0,0.027320098850630307
2026-10-07T15:35:09Z,postgresql,customer,puris-postgresql-0,0.030571896460642393
2026-10-07T15:35:24Z,postgresql,customer,puris-postgresql-0,0.026786315850490527
2026-10-07T15:35:39Z,postgresql,customer,puris-postgresql-0,0.030879455511611302
2026-10-07T15:35:54Z,postgresql,customer,puris-postgresql-0,0.026977982254354233
2026-10-07T15:36:09Z,postgresql,customer,puris-postgresql-0,0.025340653205545335
2026-10-07T15:36:24Z,postgresql,customer,puris-postgresql-0,0.02427215561536189
2026-10-07T15:36:39Z,postgresql,customer,puris-postgresql-0,0.028442184406528303
2026-10-07T15:36:54Z,postgresql,customer,puris-postgresql-0,0.027821555142621864
2026-10-07T15:37:09Z,postgresql,customer,puris-postgresql-0,0.026544534297404394
2026-10-07T15:37:24Z,postgresql,customer,puris-postgresql-0,0.02569388514644828
2026-10-07T15:37:39Z,postgresql,customer,puris-postgresql-0,0.02701933727413295
2026-10-07T15:37:54Z,postgresql,customer,puris-postgresql-0,0.02691117123443443
2026-10-07T15:38:09Z,postgresql,customer,puris-postgresql-0,0.025288780749944374
2026-10-07T15:38:24Z,postgresql,customer,puris-postgresql-0,0.025765990042130475
2026-10-07T15:38:39Z,postgresql,customer,puris-postgresql-0,0.030905378834220655
2026-10-07T15:38:54Z,postgresql,customer,puris-postgresql-0,0.025940885228626764
2026-10-07T15:39:09Z,postgresql,customer,puris-postgresql-0,0.029847967833079705
2026-10-07T15:39:24Z,postgresql,customer,puris-postgresql-0,0.026521173910617677
2026-10-07T15:39:39Z,postgresql,customer,puris-postgresql-0,0.020856307396012783
2026-10-07T15:39:54Z,postgresql,customer,puris-postgresql-0,0.021527142196483634
2026-10-07T15:05:39Z,postgresql,identity,wallet-postgres-0,0.02009381967358576
2026-10-07T15:05:54Z,postgresql,identity,wallet-postgres-0,0.02142324148907549
2026-10-07T15:06:09Z,postgresql,identity,wallet-postgres-0,0.02359247452964951
2026-10-07T15:06:24Z,postgresql,identity,wallet-postgres-0,0.024533596409448015
2026-10-07T15:06:39Z,postgresql,identity,wallet-postgres-0,0.025717759353451303
2026-10-07T15:06:54Z,postgresql,identity,wallet-postgres-0,0.025914956248239005
2026-10-07T15:07:09Z,postgresql,identity,wallet-postgres-0,0.02641242496505462
2026-10-07T15:07:24Z,postgresql,identity,wallet-postgres-0,0.026091899081425014
2026-10-07T15:07:39Z,postgresql,identity,wallet-postgres-0,0.02610359317382746
2026-10-07T15:07:54Z,postgresql,identity,wallet-postgres-0,0.024678966149098903
2026-10-07T15:08:09Z,postgresql,identity,wallet-postgres-0,0.024701398333894124
2026-10-07T15:08:24Z,postgresql,identity,wallet-postgres-0,0.023172049625756863
2026-10-07T15:08:39Z,postgresql,identity,wallet-postgres-0,0.023137221544581667
2026-10-07T15:08:54Z,postgresql,identity,wallet-postgres-0,0.022175029358393085
2026-10-07T15:09:09Z,postgresql,identity,wallet-postgres-0,0.023297605723445056
2026-10-07T15:09:24Z,postgresql,identity,wallet-postgres-0,0.020209921445164956
2026-10-07T15:09:39Z,postgresql,identity,wallet-postgres-0,0.020061954739042796
2026-10-07T15:09:54Z,postgresql,identity,wallet-postgres-0,0.02427395828268764
2026-10-07T15:10:09Z,postgresql,identity,wallet-postgres-0,0.024072746202518196
2026-10-07T15:10:24Z,postgresql,identity,wallet-postgres-0,0.024632935051054593
2026-10-07T15:10:39Z,postgresql,identity,wallet-postgres-0,0.025379695957409406
2026-10-07T15:10:54Z,postgresql,identity,wallet-postgres-0,0.025575581161107187
2026-10-07T15:11:09Z,postgresql,identity,wallet-postgres-0,0.02575440576755381
2026-10-07T15:11:24Z,postgresql,identity,wallet-postgres-0,0.025021375757098646
2026-10-07T15:11:39Z,postgresql,identity,wallet-postgres-0,0.025727523320177244
2026-10-07T15:11:54Z,postgresql,identity,wallet-postgres-0,0.024863440933595347
2026-10-07T15:12:09Z,postgresql,identity,wallet-postgres-0,0.026007107988318966
2026-10-07T15:12:24Z,postgresql,identity,wallet-postgres-0,0.024812186413388188
2026-10-07T15:12:39Z,postgresql,identity,wallet-postgres-0,0.024728289709577796
2026-10-07T15:12:54Z,postgresql,identity,wallet-postgres-0,0.024562146043778554
2026-10-07T15:13:09Z,postgresql,identity,wallet-postgres-0,0.025011940544326077
2026-10-07T15:13:24Z,postgresql,identity,wallet-postgres-0,0.026062586125330398
2026-10-07T15:13:39Z,postgresql,identity,wallet-postgres-0,0.02533064500030066
2026-10-07T15:13:54Z,postgresql,identity,wallet-postgres-0,0.02599014238773604
2026-10-07T15:14:09Z,postgresql,identity,wallet-postgres-0,0.024836472334291537
2026-10-07T15:14:24Z,postgresql,identity,wallet-postgres-0,0.025391708536611993
2026-10-07T15:14:39Z,postgresql,identity,wallet-postgres-0,0.020662123327169532
2026-10-07T15:14:54Z,postgresql,identity,wallet-postgres-0,0.025313922617419056
2026-10-07T15:15:09Z,postgresql,identity,wallet-postgres-0,0.0239144543472058
2026-10-07T15:15:24Z,postgresql,identity,wallet-postgres-0,0.02700804446394719
2026-10-07T15:15:39Z,postgresql,identity,wallet-postgres-0,0.02698597443015143
2026-10-07T15:15:54Z,postgresql,identity,wallet-postgres-0,0.026998928548923894
2026-10-07T15:16:09Z,postgresql,identity,wallet-postgres-0,0.025099433336891915
2026-10-07T15:16:24Z,postgresql,identity,wallet-postgres-0,0.02558119974119234
2026-10-07T15:16:39Z,postgresql,identity,wallet-postgres-0,0.027670695620500046
2026-10-07T15:16:54Z,postgresql,identity,wallet-postgres-0,0.02659307339861408
2026-10-07T15:17:09Z,postgresql,identity,wallet-postgres-0,0.02647960786652714
2026-10-07T15:17:24Z,postgresql,identity,wallet-postgres-0,0.02509476091005942
2026-10-07T15:17:39Z,postgresql,identity,wallet-postgres-0,0.026330547280158486
2026-10-07T15:17:54Z,postgresql,identity,wallet-postgres-0,0.0258477302836208
2026-10-07T15:18:09Z,postgresql,identity,wallet-postgres-0,0.025098132136122168
2026-10-07T15:18:24Z,postgresql,identity,wallet-postgres-0,0.026485370604650435
2026-10-07T15:18:39Z,postgresql,identity,wallet-postgres-0,0.02641208508648365
2026-10-07T15:18:54Z,postgresql,identity,wallet-postgres-0,0.027156827810109942
2026-10-07T15:19:09Z,postgresql,identity,wallet-postgres-0,0.027836555286183385
2026-10-07T15:19:24Z,postgresql,identity,wallet-postgres-0,0.02650874659625353
2026-10-07T15:19:39Z,postgresql,identity,wallet-postgres-0,0.027476833045086895
2026-10-07T15:19:54Z,postgresql,identity,wallet-postgres-0,0.024574151388636844
2026-10-07T15:20:09Z,postgresql,identity,wallet-postgres-0,0.0269755066575856
2026-10-07T15:20:24Z,postgresql,identity,wallet-postgres-0,0.026411971517584367
2026-10-07T15:20:39Z,postgresql,identity,wallet-postgres-0,0.02844430614696102
2026-10-07T15:20:54Z,postgresql,identity,wallet-postgres-0,0.02777762994307312
2026-10-07T15:21:09Z,postgresql,identity,wallet-postgres-0,0.02754272813793456
2026-10-07T15:21:24Z,postgresql,identity,wallet-postgres-0,0.027771263698965033
2026-10-07T15:21:39Z,postgresql,identity,wallet-postgres-0,0.02771806586319139
2026-10-07T15:21:54Z,postgresql,identity,wallet-postgres-0,0.026574972470960384
2026-10-07T15:22:09Z,postgresql,identity,wallet-postgres-0,0.025241413836094018
2026-10-07T15:22:24Z,postgresql,identity,wallet-postgres-0,0.026871627322853062
2026-10-07T15:22:39Z,postgresql,identity,wallet-postgres-0,0.028980430471299702
2026-10-07T15:22:54Z,postgresql,identity,wallet-postgres-0,0.030394775778115342
2026-10-07T15:23:09Z,postgresql,identity,wallet-postgres-0,0.02740362733387689
2026-10-07T15:23:24Z,postgresql,identity,wallet-postgres-0,0.021403510664907945
2026-10-07T15:23:39Z,postgresql,identity,wallet-postgres-0,0.025869944879058908
2026-10-07T15:23:54Z,postgresql,identity,wallet-postgres-0,0.02165987793675924
2026-10-07T15:24:09Z,postgresql,identity,wallet-postgres-0,0.026040662615804868
2026-10-07T15:24:24Z,postgresql,identity,wallet-postgres-0,0.028657183538995608
2026-10-07T15:24:39Z,postgresql,identity,wallet-postgres-0,0.0278457887184006
2026-10-07T15:24:54Z,postgresql,identity,wallet-postgres-0,0.02834144405689492
2026-10-07T15:25:09Z,postgresql,identity,wallet-postgres-0,0.027186308202907593
2026-10-07T15:25:24Z,postgresql,identity,wallet-postgres-0,0.02728587704723665
2026-10-07T15:25:39Z,postgresql,identity,wallet-postgres-0,0.025647680808970598
2026-10-07T15:25:54Z,postgresql,identity,wallet-postgres-0,0.025401446071657792
2026-10-07T15:26:09Z,postgresql,identity,wallet-postgres-0,0.027670158379062556
2026-10-07T15:26:24Z,postgresql,identity,wallet-postgres-0,0.027858113931978866
2026-10-07T15:26:39Z,postgresql,identity,wallet-postgres-0,0.028522473305188794
2026-10-07T15:26:54Z,postgresql,identity,wallet-postgres-0,0.026962883443816536
2026-10-07T15:27:09Z,postgresql,identity,wallet-postgres-0,0.028062298483198304
2026-10-07T15:27:24Z,postgresql,identity,wallet-postgres-0,0.029762988839222577
2026-10-07T15:27:39Z,postgresql,identity,wallet-postgres-0,0.02882533656435023
2026-10-07T15:27:54Z,postgresql,identity,wallet-postgres-0,0.027027025365735702
2026-10-07T15:28:09Z,postgresql,identity,wallet-postgres-0,0.025491673026871373
2026-10-07T15:28:24Z,postgresql,identity,wallet-postgres-0,0.024772288572565346
2026-10-07T15:28:39Z,postgresql,identity,wallet-postgres-0,0.02669163704787532
2026-10-07T15:28:54Z,postgresql,identity,wallet-postgres-0,0.026285961315181718
2026-10-07T15:29:09Z,postgresql,identity,wallet-postgres-0,0.027468222256561863
2026-10-07T15:29:24Z,postgresql,identity,wallet-postgres-0,0.026564568068326223
2026-10-07T15:29:39Z,postgresql,identity,wallet-postgres-0,0.026462953707007332
2026-10-07T15:29:54Z,postgresql,identity,wallet-postgres-0,0.022335446780448447
2026-10-07T15:30:09Z,postgresql,identity,wallet-postgres-0,0.026799515360271236
2026-10-07T15:30:24Z,postgresql,identity,wallet-postgres-0,0.0260110122829304
2026-10-07T15:30:39Z,postgresql,identity,wallet-postgres-0,0.026819575745662863
2026-10-07T15:30:54Z,postgresql,identity,wallet-postgres-0,0.027129519036945902
2026-10-07T15:31:09Z,postgresql,identity,wallet-postgres-0,0.029476502573072286
2026-10-07T15:31:24Z,postgresql,identity,wallet-postgres-0,0.027860010925967727
2026-10-07T15:31:39Z,postgresql,identity,wallet-postgres-0,0.02852091237977852
2026-10-07T15:31:54Z,postgresql,identity,wallet-postgres-0,0.02625068906969699
2026-10-07T15:32:09Z,postgresql,identity,wallet-postgres-0,0.027269947857053178
2026-10-07T15:32:24Z,postgresql,identity,wallet-postgres-0,0.02575551843189417
2026-10-07T15:32:39Z,postgresql,identity,wallet-postgres-0,0.026719189402826374
2026-10-07T15:32:54Z,postgresql,identity,wallet-postgres-0,0.02627627239216194
2026-10-07T15:33:09Z,postgresql,identity,wallet-postgres-0,0.02550001105289439
2026-10-07T15:33:24Z,postgresql,identity,wallet-postgres-0,0.025360980165438852
2026-10-07T15:33:39Z,postgresql,identity,wallet-postgres-0,0.023395096396632065
2026-10-07T15:33:54Z,postgresql,identity,wallet-postgres-0,0.02043673132816542
2026-10-07T15:34:09Z,postgresql,identity,wallet-postgres-0,0.025691985460353783
2026-10-07T15:34:24Z,postgresql,identity,wallet-postgres-0,0.028257942918683308
2026-10-07T15:34:39Z,postgresql,identity,wallet-postgres-0,0.026902429588358933
2026-10-07T15:34:54Z,postgresql,identity,wallet-postgres-0,0.027114891186849364
2026-10-07T15:35:09Z,postgresql,identity,wallet-postgres-0,0.025599326321010668
2026-10-07T15:35:24Z,postgresql,identity,wallet-postgres-0,0.026206044901054333
2026-10-07T15:35:39Z,postgresql,identity,wallet-postgres-0,0.02435144824002237
2026-10-07T15:35:54Z,postgresql,identity,wallet-postgres-0,0.024946132667107542
2026-10-07T15:36:09Z,postgresql,identity,wallet-postgres-0,0.027231500469554644
2026-10-07T15:36:24Z,postgresql,identity,wallet-postgres-0,0.02345242587663871
2026-10-07T15:36:39Z,postgresql,identity,wallet-postgres-0,0.02819904653701736
2026-10-07T15:36:54Z,postgresql,identity,wallet-postgres-0,0.028802968476750044
2026-10-07T15:37:09Z,postgresql,identity,wallet-postgres-0,0.022181974893765815
2026-10-07T15:37:24Z,postgresql,identity,wallet-postgres-0,0.028191377034756503
2026-10-07T15:37:39Z,postgresql,identity,wallet-postgres-0,0.02404872933653694
2026-10-07T15:37:54Z,postgresql,identity,wallet-postgres-0,0.027218749469176465
2026-10-07T15:38:09Z,postgresql,identity,wallet-postgres-0,0.024336491677332338
2026-10-07T15:38:24Z,postgresql,identity,wallet-postgres-0,0.0230088226526684
2026-10-07T15:38:39Z,postgresql,identity,wallet-postgres-0,0.028539495733578557
2026-10-07T15:38:54Z,postgresql,identity,wallet-postgres-0,0.030557421152507647
2026-10-07T15:39:09Z,postgresql,identity,wallet-postgres-0,0.02810199939104667
2026-10-07T15:39:24Z,postgresql,identity,wallet-postgres-0,0.02546112708068143
2026-10-07T15:39:39Z,postgresql,identity,wallet-postgres-0,0.024252423713491674
2026-10-07T15:39:54Z,postgresql,identity,wallet-postgres-0,0.02497277867528371
2026-10-07T15:05:39Z,postgresql,supplier,dtr-postgresql-0,0.013644454641219833
2026-10-07T15:05:54Z,postgresql,supplier,dtr-postgresql-0,0.015804263824117704
2026-10-07T15:06:09Z,postgresql,supplier,dtr-postgresql-0,0.014215367483296002
2026-10-07T15:06:24Z,postgresql,supplier,dtr-postgresql-0,0.01606067204019537
2026-10-07T15:06:39Z,postgresql,supplier,dtr-postgresql-0,0.015831183329197356
2026-10-07T15:06:54Z,postgresql,supplier,dtr-postgresql-0,0.01282327608223136
2026-10-07T15:07:09Z,postgresql,supplier,dtr-postgresql-0,0.016730913460544537
2026-10-07T15:07:24Z,postgresql,supplier,dtr-postgresql-0,0.017819731656555766
2026-10-07T15:07:39Z,postgresql,supplier,dtr-postgresql-0,0.014221274999999879
2026-10-07T15:07:54Z,postgresql,supplier,dtr-postgresql-0,0.018199242080261635
2026-10-07T15:08:09Z,postgresql,supplier,dtr-postgresql-0,0.015695004905514696
2026-10-07T15:08:24Z,postgresql,supplier,dtr-postgresql-0,0.014226276144998369
2026-10-07T15:08:39Z,postgresql,supplier,dtr-postgresql-0,0.013323355068167321
2026-10-07T15:08:54Z,postgresql,supplier,dtr-postgresql-0,0.015449821273015153
2026-10-07T15:09:09Z,postgresql,supplier,dtr-postgresql-0,0.013727737082510166
2026-10-07T15:09:24Z,postgresql,supplier,dtr-postgresql-0,0.01694776281494514
2026-10-07T15:09:39Z,postgresql,supplier,dtr-postgresql-0,0.014993101735076448
2026-10-07T15:09:54Z,postgresql,supplier,dtr-postgresql-0,0.01732238907119488
2026-10-07T15:10:09Z,postgresql,supplier,dtr-postgresql-0,0.015939153802396775
2026-10-07T15:10:24Z,postgresql,supplier,dtr-postgresql-0,0.01641960152257975
2026-10-07T15:10:39Z,postgresql,supplier,dtr-postgresql-0,0.014935994577455234
2026-10-07T15:10:54Z,postgresql,supplier,dtr-postgresql-0,0.01578087115443312
2026-10-07T15:11:09Z,postgresql,supplier,dtr-postgresql-0,0.01548320464594939
2026-10-07T15:11:24Z,postgresql,supplier,dtr-postgresql-0,0.016215242612652697
2026-10-07T15:11:39Z,postgresql,supplier,dtr-postgresql-0,0.01574954818093206
2026-10-07T15:11:54Z,postgresql,supplier,dtr-postgresql-0,0.011061169408654262
2026-10-07T15:12:09Z,postgresql,supplier,dtr-postgresql-0,0.014084253651586042
2026-10-07T15:12:24Z,postgresql,supplier,dtr-postgresql-0,0.013768968309047476
2026-10-07T15:12:39Z,postgresql,supplier,dtr-postgresql-0,0.016454815411329392
2026-10-07T15:12:54Z,postgresql,supplier,dtr-postgresql-0,0.01646482626527523
2026-10-07T15:13:09Z,postgresql,supplier,dtr-postgresql-0,0.01376605994442367
2026-10-07T15:13:24Z,postgresql,supplier,dtr-postgresql-0,0.013887047261770992
2026-10-07T15:13:39Z,postgresql,supplier,dtr-postgresql-0,0.016145055992374643
2026-10-07T15:13:54Z,postgresql,supplier,dtr-postgresql-0,0.017651049135235474
2026-10-07T15:14:09Z,postgresql,supplier,dtr-postgresql-0,0.017913327037716364
2026-10-07T15:14:24Z,postgresql,supplier,dtr-postgresql-0,0.016766625160922182
2026-10-07T15:14:39Z,postgresql,supplier,dtr-postgresql-0,0.01580778615311047
2026-10-07T15:14:54Z,postgresql,supplier,dtr-postgresql-0,0.01614811864198868
2026-10-07T15:15:09Z,postgresql,supplier,dtr-postgresql-0,0.018464172195322037
2026-10-07T15:15:24Z,postgresql,supplier,dtr-postgresql-0,0.01772146109758969
2026-10-07T15:15:39Z,postgresql,supplier,dtr-postgresql-0,0.014444946731839063
2026-10-07T15:15:54Z,postgresql,supplier,dtr-postgresql-0,0.015721975582686346
2026-10-07T15:16:09Z,postgresql,supplier,dtr-postgresql-0,0.016377594621411844
2026-10-07T15:16:24Z,postgresql,supplier,dtr-postgresql-0,0.015073981632325116
2026-10-07T15:16:39Z,postgresql,supplier,dtr-postgresql-0,0.01712164799969679
2026-10-07T15:16:54Z,postgresql,supplier,dtr-postgresql-0,0.017247825410275405
2026-10-07T15:17:09Z,postgresql,supplier,dtr-postgresql-0,0.016354466621351635
2026-10-07T15:17:24Z,postgresql,supplier,dtr-postgresql-0,0.01669266541882653
2026-10-07T15:17:39Z,postgresql,supplier,dtr-postgresql-0,0.017366802078046743
2026-10-07T15:17:54Z,postgresql,supplier,dtr-postgresql-0,0.017430193720773986
2026-10-07T15:18:09Z,postgresql,supplier,dtr-postgresql-0,0.016226026577865642
2026-10-07T15:18:24Z,postgresql,supplier,dtr-postgresql-0,0.021499325198994206
2026-10-07T15:18:39Z,postgresql,supplier,dtr-postgresql-0,0.021688954351914702
2026-10-07T15:18:54Z,postgresql,supplier,dtr-postgresql-0,0.02142384720707638
2026-10-07T15:19:09Z,postgresql,supplier,dtr-postgresql-0,0.019868782106844906
2026-10-07T15:19:24Z,postgresql,supplier,dtr-postgresql-0,0.020265997288791724
2026-10-07T15:19:39Z,postgresql,supplier,dtr-postgresql-0,0.018378437413776757
2026-10-07T15:19:54Z,postgresql,supplier,dtr-postgresql-0,0.01912536645406651
2026-10-07T15:20:09Z,postgresql,supplier,dtr-postgresql-0,0.018983784901758085
2026-10-07T15:20:24Z,postgresql,supplier,dtr-postgresql-0,0.02035701345755585
2026-10-07T15:20:39Z,postgresql,supplier,dtr-postgresql-0,0.020580769479191432
2026-10-07T15:20:54Z,postgresql,supplier,dtr-postgresql-0,0.01914734702911248
2026-10-07T15:21:09Z,postgresql,supplier,dtr-postgresql-0,0.019405445668953598
2026-10-07T15:21:24Z,postgresql,supplier,dtr-postgresql-0,0.018756895480456316
2026-10-07T15:21:39Z,postgresql,supplier,dtr-postgresql-0,0.018964206422269776
2026-10-07T15:21:54Z,postgresql,supplier,dtr-postgresql-0,0.01966591908910417
2026-10-07T15:22:09Z,postgresql,supplier,dtr-postgresql-0,0.01663984144341407
2026-10-07T15:22:24Z,postgresql,supplier,dtr-postgresql-0,0.020506942788485843
2026-10-07T15:22:39Z,postgresql,supplier,dtr-postgresql-0,0.019201380087313313
2026-10-07T15:22:54Z,postgresql,supplier,dtr-postgresql-0,0.01987393600851047
2026-10-07T15:23:09Z,postgresql,supplier,dtr-postgresql-0,0.01853037148057158
2026-10-07T15:23:24Z,postgresql,supplier,dtr-postgresql-0,0.01899601315936084
2026-10-07T15:23:39Z,postgresql,supplier,dtr-postgresql-0,0.01900719505025524
2026-10-07T15:23:54Z,postgresql,supplier,dtr-postgresql-0,0.02119446894471393
2026-10-07T15:24:09Z,postgresql,supplier,dtr-postgresql-0,0.016327022020297656
2026-10-07T15:24:24Z,postgresql,supplier,dtr-postgresql-0,0.015653509591223785
2026-10-07T15:24:39Z,postgresql,supplier,dtr-postgresql-0,0.019133227201445224
2026-10-07T15:24:54Z,postgresql,supplier,dtr-postgresql-0,0.020185673675850203
2026-10-07T15:25:09Z,postgresql,supplier,dtr-postgresql-0,0.022227793495615263
2026-10-07T15:25:24Z,postgresql,supplier,dtr-postgresql-0,0.02027499749272876
2026-10-07T15:25:39Z,postgresql,supplier,dtr-postgresql-0,0.02059031154330773
2026-10-07T15:25:54Z,postgresql,supplier,dtr-postgresql-0,0.01980652452807282
2026-10-07T15:26:09Z,postgresql,supplier,dtr-postgresql-0,0.02044107582175631
2026-10-07T15:26:24Z,postgresql,supplier,dtr-postgresql-0,0.021672860464637112
2026-10-07T15:26:39Z,postgresql,supplier,dtr-postgresql-0,0.021014513855184415
2026-10-07T15:26:54Z,postgresql,supplier,dtr-postgresql-0,0.022654453422494798
2026-10-07T15:27:09Z,postgresql,supplier,dtr-postgresql-0,0.018752019065275974
2026-10-07T15:27:24Z,postgresql,supplier,dtr-postgresql-0,0.019940858505564294
2026-10-07T15:27:39Z,postgresql,supplier,dtr-postgresql-0,0.01869704880456035
2026-10-07T15:27:54Z,postgresql,supplier,dtr-postgresql-0,0.02077820267686403
2026-10-07T15:28:09Z,postgresql,supplier,dtr-postgresql-0,0.01944750283768507
2026-10-07T15:28:24Z,postgresql,supplier,dtr-postgresql-0,0.0166280322692724
2026-10-07T15:28:39Z,postgresql,supplier,dtr-postgresql-0,0.01965220139818263
2026-10-07T15:28:54Z,postgresql,supplier,dtr-postgresql-0,0.02009140393043861
2026-10-07T15:29:09Z,postgresql,supplier,dtr-postgresql-0,0.018667381054438374
2026-10-07T15:29:24Z,postgresql,supplier,dtr-postgresql-0,0.020702075846419345
2026-10-07T15:29:39Z,postgresql,supplier,dtr-postgresql-0,0.019823512336722707
2026-10-07T15:29:54Z,postgresql,supplier,dtr-postgresql-0,0.017690162756262895
2026-10-07T15:30:09Z,postgresql,supplier,dtr-postgresql-0,0.0209357727901273
2026-10-07T15:30:24Z,postgresql,supplier,dtr-postgresql-0,0.021514469854470187
2026-10-07T15:30:39Z,postgresql,supplier,dtr-postgresql-0,0.02151050194987111
2026-10-07T15:30:54Z,postgresql,supplier,dtr-postgresql-0,0.02151050194987111
2026-10-07T15:31:09Z,postgresql,supplier,dtr-postgresql-0,0.020226940990061053
2026-10-07T15:31:24Z,postgresql,supplier,dtr-postgresql-0,0.016090843401906526
2026-10-07T15:31:39Z,postgresql,supplier,dtr-postgresql-0,0.02149597737907424
2026-10-07T15:31:54Z,postgresql,supplier,dtr-postgresql-0,0.021582003601794512
2026-10-07T15:32:09Z,postgresql,supplier,dtr-postgresql-0,0.020923578270881003
2026-10-07T15:32:24Z,postgresql,supplier,dtr-postgresql-0,0.02119885302167944
2026-10-07T15:32:39Z,postgresql,supplier,dtr-postgresql-0,0.020635151697595007
2026-10-07T15:32:54Z,postgresql,supplier,dtr-postgresql-0,0.01964216616438014
2026-10-07T15:33:09Z,postgresql,supplier,dtr-postgresql-0,0.018803143230458765
2026-10-07T15:33:24Z,postgresql,supplier,dtr-postgresql-0,0.022347762961828124
2026-10-07T15:33:39Z,postgresql,supplier,dtr-postgresql-0,0.021337533033089755
2026-10-07T15:33:54Z,postgresql,supplier,dtr-postgresql-0,0.023101574821683804
2026-10-07T15:34:09Z,postgresql,supplier,dtr-postgresql-0,0.018759884187734097
2026-10-07T15:34:24Z,postgresql,supplier,dtr-postgresql-0,0.021624174798281364
2026-10-07T15:34:39Z,postgresql,supplier,dtr-postgresql-0,0.022404851222629026
2026-10-07T15:34:54Z,postgresql,supplier,dtr-postgresql-0,0.022035208209986713
2026-10-07T15:35:09Z,postgresql,supplier,dtr-postgresql-0,0.019680667446530808
2026-10-07T15:35:24Z,postgresql,supplier,dtr-postgresql-0,0.018896490531672642
2026-10-07T15:35:39Z,postgresql,supplier,dtr-postgresql-0,0.02082671447781359
2026-10-07T15:35:54Z,postgresql,supplier,dtr-postgresql-0,0.02122514111106472
2026-10-07T15:36:09Z,postgresql,supplier,dtr-postgresql-0,0.018918511692200636
2026-10-07T15:36:24Z,postgresql,supplier,dtr-postgresql-0,0.01697929314112851
2026-10-07T15:36:39Z,postgresql,supplier,dtr-postgresql-0,0.01645557003257636
2026-10-07T15:36:54Z,postgresql,supplier,dtr-postgresql-0,0.01755319821338401
2026-10-07T15:37:09Z,postgresql,supplier,dtr-postgresql-0,0.016660740705948543
2026-10-07T15:37:24Z,postgresql,supplier,dtr-postgresql-0,0.009555175000002691
2026-10-07T15:37:39Z,postgresql,supplier,dtr-postgresql-0,0.019665374533910648
2026-10-07T15:37:54Z,postgresql,supplier,dtr-postgresql-0,0.021475176093917397
2026-10-07T15:38:09Z,postgresql,supplier,dtr-postgresql-0,0.012017274999999474
2026-10-07T15:38:24Z,postgresql,supplier,dtr-postgresql-0,0.01774586536221373
2026-10-07T15:38:39Z,postgresql,supplier,dtr-postgresql-0,0.017251686180616208
2026-10-07T15:38:54Z,postgresql,supplier,dtr-postgresql-0,0.015149855800639789
2026-10-07T15:39:09Z,postgresql,supplier,dtr-postgresql-0,0.017421463289847557
2026-10-07T15:39:24Z,postgresql,supplier,dtr-postgresql-0,0.01708587767761819
2026-10-07T15:39:39Z,postgresql,supplier,dtr-postgresql-0,0.015618547966633126
2026-10-07T15:39:54Z,postgresql,supplier,dtr-postgresql-0,0.01426636924287839
2026-10-07T15:05:39Z,postgresql,supplier,edc-postgresql-0,0.038356603242635574
2026-10-07T15:05:54Z,postgresql,supplier,edc-postgresql-0,0.036955330147277546
2026-10-07T15:06:09Z,postgresql,supplier,edc-postgresql-0,0.037843633400521576
2026-10-07T15:06:24Z,postgresql,supplier,edc-postgresql-0,0.03630946423455472
2026-10-07T15:06:39Z,postgresql,supplier,edc-postgresql-0,0.036026849910115386
2026-10-07T15:06:54Z,postgresql,supplier,edc-postgresql-0,0.0359293880295969
2026-10-07T15:07:09Z,postgresql,supplier,edc-postgresql-0,0.036726279709217685
2026-10-07T15:07:24Z,postgresql,supplier,edc-postgresql-0,0.03854861058434874
2026-10-07T15:07:39Z,postgresql,supplier,edc-postgresql-0,0.040242545752125006
2026-10-07T15:07:54Z,postgresql,supplier,edc-postgresql-0,0.05181614217551454
2026-10-07T15:08:09Z,postgresql,supplier,edc-postgresql-0,0.04487941769787842
2026-10-07T15:08:24Z,postgresql,supplier,edc-postgresql-0,0.05054950050407091
2026-10-07T15:08:39Z,postgresql,supplier,edc-postgresql-0,0.04906565482766565
2026-10-07T15:08:54Z,postgresql,supplier,edc-postgresql-0,0.05032077250761929
2026-10-07T15:09:09Z,postgresql,supplier,edc-postgresql-0,0.043303346740104734
2026-10-07T15:09:24Z,postgresql,supplier,edc-postgresql-0,0.051735574302958234
2026-10-07T15:09:39Z,postgresql,supplier,edc-postgresql-0,0.053091593614063924
2026-10-07T15:09:54Z,postgresql,supplier,edc-postgresql-0,0.045194447922094975
2026-10-07T15:10:09Z,postgresql,supplier,edc-postgresql-0,0.05233385430233167
2026-10-07T15:10:24Z,postgresql,supplier,edc-postgresql-0,0.051791714522277515
2026-10-07T15:10:39Z,postgresql,supplier,edc-postgresql-0,0.05148680412372115
2026-10-07T15:10:54Z,postgresql,supplier,edc-postgresql-0,0.052757980319756176
2026-10-07T15:11:09Z,postgresql,supplier,edc-postgresql-0,0.051691249857156625
2026-10-07T15:11:24Z,postgresql,supplier,edc-postgresql-0,0.05265645638465533
2026-10-07T15:11:39Z,postgresql,supplier,edc-postgresql-0,0.04981349922504228
2026-10-07T15:11:54Z,postgresql,supplier,edc-postgresql-0,0.04963997000726303
2026-10-07T15:12:09Z,postgresql,supplier,edc-postgresql-0,0.039659209294141524
2026-10-07T15:12:24Z,postgresql,supplier,edc-postgresql-0,0.04999398752127057
2026-10-07T15:12:39Z,postgresql,supplier,edc-postgresql-0,0.04992686363848953
2026-10-07T15:12:54Z,postgresql,supplier,edc-postgresql-0,0.05089235059061199
2026-10-07T15:13:09Z,postgresql,supplier,edc-postgresql-0,0.054825112976126265
2026-10-07T15:13:24Z,postgresql,supplier,edc-postgresql-0,0.06265512814837698
2026-10-07T15:13:39Z,postgresql,supplier,edc-postgresql-0,0.06759353570230357
2026-10-07T15:13:54Z,postgresql,supplier,edc-postgresql-0,0.06803631313131417
2026-10-07T15:14:09Z,postgresql,supplier,edc-postgresql-0,0.06748615232445107
2026-10-07T15:14:24Z,postgresql,supplier,edc-postgresql-0,0.06584339150954215
2026-10-07T15:14:39Z,postgresql,supplier,edc-postgresql-0,0.06790527944520808
2026-10-07T15:14:54Z,postgresql,supplier,edc-postgresql-0,0.06508091733637095
2026-10-07T15:15:09Z,postgresql,supplier,edc-postgresql-0,0.06565683867254478
2026-10-07T15:15:24Z,postgresql,supplier,edc-postgresql-0,0.06721715817695119
2026-10-07T15:15:39Z,postgresql,supplier,edc-postgresql-0,0.06495420831204592
2026-10-07T15:15:54Z,postgresql,supplier,edc-postgresql-0,0.06676971337187765
2026-10-07T15:16:09Z,postgresql,supplier,edc-postgresql-0,0.06380289507389293
2026-10-07T15:16:24Z,postgresql,supplier,edc-postgresql-0,0.06554332923185434
2026-10-07T15:16:39Z,postgresql,supplier,edc-postgresql-0,0.06551892095201935
2026-10-07T15:16:54Z,postgresql,supplier,edc-postgresql-0,0.06538031114512305
2026-10-07T15:17:09Z,postgresql,supplier,edc-postgresql-0,0.06578712822288778
2026-10-07T15:17:24Z,postgresql,supplier,edc-postgresql-0,0.06494274082185936
2026-10-07T15:17:39Z,postgresql,supplier,edc-postgresql-0,0.06505543570764385
2026-10-07T15:17:54Z,postgresql,supplier,edc-postgresql-0,0.0658942693244852
2026-10-07T15:18:09Z,postgresql,supplier,edc-postgresql-0,0.0662411378436486
2026-10-07T15:18:24Z,postgresql,supplier,edc-postgresql-0,0.08688460286939173
2026-10-07T15:18:39Z,postgresql,supplier,edc-postgresql-0,0.09943922018347807
2026-10-07T15:18:54Z,postgresql,supplier,edc-postgresql-0,0.09441726013570627
2026-10-07T15:19:09Z,postgresql,supplier,edc-postgresql-0,0.09488026481831116
2026-10-07T15:19:24Z,postgresql,supplier,edc-postgresql-0,0.09391570327553452
2026-10-07T15:19:39Z,postgresql,supplier,edc-postgresql-0,0.09719609776057853
2026-10-07T15:19:54Z,postgresql,supplier,edc-postgresql-0,0.09485194949949326
2026-10-07T15:20:09Z,postgresql,supplier,edc-postgresql-0,0.09379784612198953
2026-10-07T15:20:24Z,postgresql,supplier,edc-postgresql-0,0.09196793196270676
2026-10-07T15:20:39Z,postgresql,supplier,edc-postgresql-0,0.09577656383420843
2026-10-07T15:20:54Z,postgresql,supplier,edc-postgresql-0,0.09993898260699365
2026-10-07T15:21:09Z,postgresql,supplier,edc-postgresql-0,0.10345528630150881
2026-10-07T15:21:24Z,postgresql,supplier,edc-postgresql-0,0.09976428280634013
2026-10-07T15:21:39Z,postgresql,supplier,edc-postgresql-0,0.09818471624461177
2026-10-07T15:21:54Z,postgresql,supplier,edc-postgresql-0,0.09616559213442484
2026-10-07T15:22:09Z,postgresql,supplier,edc-postgresql-0,0.09424752912817766
2026-10-07T15:22:24Z,postgresql,supplier,edc-postgresql-0,0.09515030326745248
2026-10-07T15:22:39Z,postgresql,supplier,edc-postgresql-0,0.09398818300085547
2026-10-07T15:22:54Z,postgresql,supplier,edc-postgresql-0,0.09846621934288416
2026-10-07T15:23:09Z,postgresql,supplier,edc-postgresql-0,0.09960283520689131
2026-10-07T15:23:24Z,postgresql,supplier,edc-postgresql-0,0.0976929864367583
2026-10-07T15:23:39Z,postgresql,supplier,edc-postgresql-0,0.09862364366529386
2026-10-07T15:23:54Z,postgresql,supplier,edc-postgresql-0,0.0968928361714571
2026-10-07T15:24:09Z,postgresql,supplier,edc-postgresql-0,0.09736108927454307
2026-10-07T15:24:24Z,postgresql,supplier,edc-postgresql-0,0.09590137685485359
2026-10-07T15:24:39Z,postgresql,supplier,edc-postgresql-0,0.09320140469533227
2026-10-07T15:24:54Z,postgresql,supplier,edc-postgresql-0,0.1021600883967514
2026-10-07T15:25:09Z,postgresql,supplier,edc-postgresql-0,0.1004109733347949
2026-10-07T15:25:24Z,postgresql,supplier,edc-postgresql-0,0.10133544973543476
2026-10-07T15:25:39Z,postgresql,supplier,edc-postgresql-0,0.09572334414308026
2026-10-07T15:25:54Z,postgresql,supplier,edc-postgresql-0,0.09979660408331223
2026-10-07T15:26:09Z,postgresql,supplier,edc-postgresql-0,0.10254159841988891
2026-10-07T15:26:24Z,postgresql,supplier,edc-postgresql-0,0.09800104860596448
2026-10-07T15:26:39Z,postgresql,supplier,edc-postgresql-0,0.09606470552506685
2026-10-07T15:26:54Z,postgresql,supplier,edc-postgresql-0,0.09405523846755295
2026-10-07T15:27:09Z,postgresql,supplier,edc-postgresql-0,0.09636500659063242
2026-10-07T15:27:24Z,postgresql,supplier,edc-postgresql-0,0.09555073232858788
2026-10-07T15:27:39Z,postgresql,supplier,edc-postgresql-0,0.09550817506855495
2026-10-07T15:27:54Z,postgresql,supplier,edc-postgresql-0,0.09579722928070504
2026-10-07T15:28:09Z,postgresql,supplier,edc-postgresql-0,0.08123945830033784
2026-10-07T15:28:24Z,postgresql,supplier,edc-postgresql-0,0.09994073796516714
2026-10-07T15:28:39Z,postgresql,supplier,edc-postgresql-0,0.10143604865461503
2026-10-07T15:28:54Z,postgresql,supplier,edc-postgresql-0,0.10163462799850566
2026-10-07T15:29:09Z,postgresql,supplier,edc-postgresql-0,0.09914460436369402
2026-10-07T15:29:24Z,postgresql,supplier,edc-postgresql-0,0.09898216108182016
2026-10-07T15:29:39Z,postgresql,supplier,edc-postgresql-0,0.09918266579934379
2026-10-07T15:29:54Z,postgresql,supplier,edc-postgresql-0,0.09560582163747239
2026-10-07T15:30:09Z,postgresql,supplier,edc-postgresql-0,0.09029432735990629
2026-10-07T15:30:24Z,postgresql,supplier,edc-postgresql-0,0.08826218530681507
2026-10-07T15:30:39Z,postgresql,supplier,edc-postgresql-0,0.08958432268214198
2026-10-07T15:30:54Z,postgresql,supplier,edc-postgresql-0,0.08172531997917021
2026-10-07T15:31:09Z,postgresql,supplier,edc-postgresql-0,0.09668281859070402
2026-10-07T15:31:24Z,postgresql,supplier,edc-postgresql-0,0.09809525419906963
2026-10-07T15:31:39Z,postgresql,supplier,edc-postgresql-0,0.09554797547898426
2026-10-07T15:31:54Z,postgresql,supplier,edc-postgresql-0,0.09518141487761016
2026-10-07T15:32:09Z,postgresql,supplier,edc-postgresql-0,0.09376469770673017
2026-10-07T15:32:24Z,postgresql,supplier,edc-postgresql-0,0.09241977306200613
2026-10-07T15:32:39Z,postgresql,supplier,edc-postgresql-0,0.09222389684057877
2026-10-07T15:32:54Z,postgresql,supplier,edc-postgresql-0,0.09454199052891851
2026-10-07T15:33:09Z,postgresql,supplier,edc-postgresql-0,0.09620424514587658
2026-10-07T15:33:24Z,postgresql,supplier,edc-postgresql-0,0.09231474559717696
2026-10-07T15:33:39Z,postgresql,supplier,edc-postgresql-0,0.09660600635163993
2026-10-07T15:33:54Z,postgresql,supplier,edc-postgresql-0,0.109313016405247
2026-10-07T15:34:09Z,postgresql,supplier,edc-postgresql-0,0.10503900342933876
2026-10-07T15:34:24Z,postgresql,supplier,edc-postgresql-0,0.12317021653892843
2026-10-07T15:34:39Z,postgresql,supplier,edc-postgresql-0,0.11654879397625253
2026-10-07T15:34:54Z,postgresql,supplier,edc-postgresql-0,0.1416863403881834
2026-10-07T15:35:09Z,postgresql,supplier,edc-postgresql-0,0.1277919090302183
2026-10-07T15:35:24Z,postgresql,supplier,edc-postgresql-0,0.12376235410391068
2026-10-07T15:35:39Z,postgresql,supplier,edc-postgresql-0,0.12129236722711707
2026-10-07T15:35:54Z,postgresql,supplier,edc-postgresql-0,0.11411932691227314
2026-10-07T15:36:09Z,postgresql,supplier,edc-postgresql-0,0.10632299707754085
2026-10-07T15:36:24Z,postgresql,supplier,edc-postgresql-0,0.10516883060678292
2026-10-07T15:36:39Z,postgresql,supplier,edc-postgresql-0,0.10428592073812898
2026-10-07T15:36:54Z,postgresql,supplier,edc-postgresql-0,0.10432852531749488
2026-10-07T15:37:09Z,postgresql,supplier,edc-postgresql-0,0.10468351060640903
2026-10-07T15:37:24Z,postgresql,supplier,edc-postgresql-0,0.1337782879259429
2026-10-07T15:37:39Z,postgresql,supplier,edc-postgresql-0,0.1428103118257106
2026-10-07T15:37:54Z,postgresql,supplier,edc-postgresql-0,0.14144927376927396
2026-10-07T15:38:09Z,postgresql,supplier,edc-postgresql-0,0.1572477104975261
2026-10-07T15:38:24Z,postgresql,supplier,edc-postgresql-0,0.1578909631507051
2026-10-07T15:38:39Z,postgresql,supplier,edc-postgresql-0,0.15055130495449048
2026-10-07T15:38:54Z,postgresql,supplier,edc-postgresql-0,0.16964141140816136
2026-10-07T15:39:09Z,postgresql,supplier,edc-postgresql-0,0.13650719723759722
2026-10-07T15:39:24Z,postgresql,supplier,edc-postgresql-0,0.08701763502550194
2026-10-07T15:39:39Z,postgresql,supplier,edc-postgresql-0,0.05398363904609007
2026-10-07T15:39:54Z,postgresql,supplier,edc-postgresql-0,0.052842008931844986
2026-10-07T15:05:39Z,postgresql,supplier,puris-postgresql-0,0.027435887619897133
2026-10-07T15:05:54Z,postgresql,supplier,puris-postgresql-0,0.024358245362305988
2026-10-07T15:06:09Z,postgresql,supplier,puris-postgresql-0,0.022675495608824106
2026-10-07T15:06:24Z,postgresql,supplier,puris-postgresql-0,0.02235497482818645
2026-10-07T15:06:39Z,postgresql,supplier,puris-postgresql-0,0.021996459528747157
2026-10-07T15:06:54Z,postgresql,supplier,puris-postgresql-0,0.022144862710359686
2026-10-07T15:07:09Z,postgresql,supplier,puris-postgresql-0,0.02322757703594805
2026-10-07T15:07:24Z,postgresql,supplier,puris-postgresql-0,0.025959671502616875
2026-10-07T15:07:39Z,postgresql,supplier,puris-postgresql-0,0.027783914196852555
2026-10-07T15:07:54Z,postgresql,supplier,puris-postgresql-0,0.025935274785469798
2026-10-07T15:08:09Z,postgresql,supplier,puris-postgresql-0,0.02474782212976496
2026-10-07T15:08:24Z,postgresql,supplier,puris-postgresql-0,0.022671737555626167
2026-10-07T15:08:39Z,postgresql,supplier,puris-postgresql-0,0.02324909416517306
2026-10-07T15:08:54Z,postgresql,supplier,puris-postgresql-0,0.022428966477291683
2026-10-07T15:09:09Z,postgresql,supplier,puris-postgresql-0,0.023311795743158496
2026-10-07T15:09:24Z,postgresql,supplier,puris-postgresql-0,0.025232287349514524
2026-10-07T15:09:39Z,postgresql,supplier,puris-postgresql-0,0.020245154400957123
2026-10-07T15:09:54Z,postgresql,supplier,puris-postgresql-0,0.02326717012692937
2026-10-07T15:10:09Z,postgresql,supplier,puris-postgresql-0,0.023095106668656794
2026-10-07T15:10:24Z,postgresql,supplier,puris-postgresql-0,0.02453583061889427
2026-10-07T15:10:39Z,postgresql,supplier,puris-postgresql-0,0.02405812981707075
2026-10-07T15:10:54Z,postgresql,supplier,puris-postgresql-0,0.02511636692272847
2026-10-07T15:11:09Z,postgresql,supplier,puris-postgresql-0,0.02513929108396818
2026-10-07T15:11:24Z,postgresql,supplier,puris-postgresql-0,0.02477845747606879
2026-10-07T15:11:39Z,postgresql,supplier,puris-postgresql-0,0.023296619957720695
2026-10-07T15:11:54Z,postgresql,supplier,puris-postgresql-0,0.022630790251768573
2026-10-07T15:12:09Z,postgresql,supplier,puris-postgresql-0,0.023386933661481972
2026-10-07T15:12:24Z,postgresql,supplier,puris-postgresql-0,0.018969593803667913
2026-10-07T15:12:39Z,postgresql,supplier,puris-postgresql-0,0.023601862521457805
2026-10-07T15:12:54Z,postgresql,supplier,puris-postgresql-0,0.024483247584390418
2026-10-07T15:13:09Z,postgresql,supplier,puris-postgresql-0,0.026081887843954456
2026-10-07T15:13:24Z,postgresql,supplier,puris-postgresql-0,0.024496835335927326
2026-10-07T15:13:39Z,postgresql,supplier,puris-postgresql-0,0.024018925179521745
2026-10-07T15:13:54Z,postgresql,supplier,puris-postgresql-0,0.01634117499999661
2026-10-07T15:14:09Z,postgresql,supplier,puris-postgresql-0,0.023729452214993015
2026-10-07T15:14:24Z,postgresql,supplier,puris-postgresql-0,0.023664410518121178
2026-10-07T15:14:39Z,postgresql,supplier,puris-postgresql-0,0.021678018996763512
2026-10-07T15:14:54Z,postgresql,supplier,puris-postgresql-0,0.02470850475630741
2026-10-07T15:15:09Z,postgresql,supplier,puris-postgresql-0,0.02575828740992223
2026-10-07T15:15:24Z,postgresql,supplier,puris-postgresql-0,0.022704192127327653
2026-10-07T15:15:39Z,postgresql,supplier,puris-postgresql-0,0.02567423365487774
2026-10-07T15:15:54Z,postgresql,supplier,puris-postgresql-0,0.02450484243462845
2026-10-07T15:16:09Z,postgresql,supplier,puris-postgresql-0,0.02209259805724498
2026-10-07T15:16:24Z,postgresql,supplier,puris-postgresql-0,0.024114407751911263
2026-10-07T15:16:39Z,postgresql,supplier,puris-postgresql-0,0.025671873376510522
2026-10-07T15:16:54Z,postgresql,supplier,puris-postgresql-0,0.023468082222722647
2026-10-07T15:17:09Z,postgresql,supplier,puris-postgresql-0,0.023468082222722647
2026-10-07T15:17:24Z,postgresql,supplier,puris-postgresql-0,0.02385505080693296
2026-10-07T15:17:39Z,postgresql,supplier,puris-postgresql-0,0.023513812854024055
2026-10-07T15:17:54Z,postgresql,supplier,puris-postgresql-0,0.017955274456800667
2026-10-07T15:18:09Z,postgresql,supplier,puris-postgresql-0,0.024644203135803136
2026-10-07T15:18:24Z,postgresql,supplier,puris-postgresql-0,0.02448729363420092
2026-10-07T15:18:39Z,postgresql,supplier,puris-postgresql-0,0.02496307134078524
2026-10-07T15:18:54Z,postgresql,supplier,puris-postgresql-0,0.02435702969285292
2026-10-07T15:19:09Z,postgresql,supplier,puris-postgresql-0,0.02482040707729463
2026-10-07T15:19:24Z,postgresql,supplier,puris-postgresql-0,0.02666630977873011
2026-10-07T15:19:39Z,postgresql,supplier,puris-postgresql-0,0.025029344901658885
2026-10-07T15:19:54Z,postgresql,supplier,puris-postgresql-0,0.025650572671960706
2026-10-07T15:20:09Z,postgresql,supplier,puris-postgresql-0,0.02379676468306255
2026-10-07T15:20:24Z,postgresql,supplier,puris-postgresql-0,0.025224916950292255
2026-10-07T15:20:39Z,postgresql,supplier,puris-postgresql-0,0.025255637711354348
2026-10-07T15:20:54Z,postgresql,supplier,puris-postgresql-0,0.025034186284547767
2026-10-07T15:21:09Z,postgresql,supplier,puris-postgresql-0,0.025619710552892378
2026-10-07T15:21:24Z,postgresql,supplier,puris-postgresql-0,0.02655475163900414
2026-10-07T15:21:39Z,postgresql,supplier,puris-postgresql-0,0.02739460400347853
2026-10-07T15:21:54Z,postgresql,supplier,puris-postgresql-0,0.024275950249912134
2026-10-07T15:22:09Z,postgresql,supplier,puris-postgresql-0,0.024992207550681354
2026-10-07T15:22:24Z,postgresql,supplier,puris-postgresql-0,0.02307282269257498
2026-10-07T15:22:39Z,postgresql,supplier,puris-postgresql-0,0.024056133930640777
2026-10-07T15:22:54Z,postgresql,supplier,puris-postgresql-0,0.023681782683394065
2026-10-07T15:23:09Z,postgresql,supplier,puris-postgresql-0,0.023963549221163068
2026-10-07T15:23:24Z,postgresql,supplier,puris-postgresql-0,0.02652392571798355
2026-10-07T15:23:39Z,postgresql,supplier,puris-postgresql-0,0.02584911542203548
2026-10-07T15:23:54Z,postgresql,supplier,puris-postgresql-0,0.02616079429292456
2026-10-07T15:24:09Z,postgresql,supplier,puris-postgresql-0,0.02430206352128007
2026-10-07T15:24:24Z,postgresql,supplier,puris-postgresql-0,0.024276264479043144
2026-10-07T15:24:39Z,postgresql,supplier,puris-postgresql-0,0.02440349276353952
2026-10-07T15:24:54Z,postgresql,supplier,puris-postgresql-0,0.02321493833408643
2026-10-07T15:25:09Z,postgresql,supplier,puris-postgresql-0,0.023250846559288846
2026-10-07T15:25:24Z,postgresql,supplier,puris-postgresql-0,0.023325963295135747
2026-10-07T15:25:39Z,postgresql,supplier,puris-postgresql-0,0.02505004058531007
2026-10-07T15:25:54Z,postgresql,supplier,puris-postgresql-0,0.02617953100573351
2026-10-07T15:26:09Z,postgresql,supplier,puris-postgresql-0,0.02628297165125671
2026-10-07T15:26:24Z,postgresql,supplier,puris-postgresql-0,0.02457127007181155
2026-10-07T15:26:39Z,postgresql,supplier,puris-postgresql-0,0.02426770486625636
2026-10-07T15:26:54Z,postgresql,supplier,puris-postgresql-0,0.022852046253862085
2026-10-07T15:27:09Z,postgresql,supplier,puris-postgresql-0,0.024662265265147414
2026-10-07T15:27:24Z,postgresql,supplier,puris-postgresql-0,0.02495707158603018
2026-10-07T15:27:39Z,postgresql,supplier,puris-postgresql-0,0.02615563420700368
2026-10-07T15:27:54Z,postgresql,supplier,puris-postgresql-0,0.024099416433242718
2026-10-07T15:28:09Z,postgresql,supplier,puris-postgresql-0,0.02478825667906868
2026-10-07T15:28:24Z,postgresql,supplier,puris-postgresql-0,0.02351786117323457
2026-10-07T15:28:39Z,postgresql,supplier,puris-postgresql-0,0.025750783511565258
2026-10-07T15:28:54Z,postgresql,supplier,puris-postgresql-0,0.023906011887361536
2026-10-07T15:29:09Z,postgresql,supplier,puris-postgresql-0,0.026029304628986737
2026-10-07T15:29:24Z,postgresql,supplier,puris-postgresql-0,0.026200761843446066
2026-10-07T15:29:39Z,postgresql,supplier,puris-postgresql-0,0.02284031480866257
2026-10-07T15:29:54Z,postgresql,supplier,puris-postgresql-0,0.025991417329071332
2026-10-07T15:30:09Z,postgresql,supplier,puris-postgresql-0,0.02601105587933073
2026-10-07T15:30:24Z,postgresql,supplier,puris-postgresql-0,0.020086230186683082
2026-10-07T15:30:39Z,postgresql,supplier,puris-postgresql-0,0.02518838271946774
2026-10-07T15:30:54Z,postgresql,supplier,puris-postgresql-0,0.02383296648009472
2026-10-07T15:31:09Z,postgresql,supplier,puris-postgresql-0,0.025377079937837565
2026-10-07T15:31:24Z,postgresql,supplier,puris-postgresql-0,0.026150037480538596
2026-10-07T15:31:39Z,postgresql,supplier,puris-postgresql-0,0.025775227929732043
2026-10-07T15:31:54Z,postgresql,supplier,puris-postgresql-0,0.026168332091761334
2026-10-07T15:32:09Z,postgresql,supplier,puris-postgresql-0,0.024780572690398742
2026-10-07T15:32:24Z,postgresql,supplier,puris-postgresql-0,0.024192178153115123
2026-10-07T15:32:39Z,postgresql,supplier,puris-postgresql-0,0.024695807470326025
2026-10-07T15:32:54Z,postgresql,supplier,puris-postgresql-0,0.023873234396775075
2026-10-07T15:33:09Z,postgresql,supplier,puris-postgresql-0,0.025986144871174236
2026-10-07T15:33:24Z,postgresql,supplier,puris-postgresql-0,0.02127918243705034
2026-10-07T15:33:39Z,postgresql,supplier,puris-postgresql-0,0.025252071656224697
2026-10-07T15:33:54Z,postgresql,supplier,puris-postgresql-0,0.02409617302417931
2026-10-07T15:34:09Z,postgresql,supplier,puris-postgresql-0,0.025218897108268752
2026-10-07T15:34:24Z,postgresql,supplier,puris-postgresql-0,0.024414969450103043
2026-10-07T15:34:39Z,postgresql,supplier,puris-postgresql-0,0.024822186204915487
2026-10-07T15:34:54Z,postgresql,supplier,puris-postgresql-0,0.024373687862310915
2026-10-07T15:35:09Z,postgresql,supplier,puris-postgresql-0,0.025601487892220866
2026-10-07T15:35:24Z,postgresql,supplier,puris-postgresql-0,0.02469720661763378
2026-10-07T15:35:39Z,postgresql,supplier,puris-postgresql-0,0.02524550989056514
2026-10-07T15:35:54Z,postgresql,supplier,puris-postgresql-0,0.02476386116655575
2026-10-07T15:36:09Z,postgresql,supplier,puris-postgresql-0,0.02361614261651229
2026-10-07T15:36:24Z,postgresql,supplier,puris-postgresql-0,0.02282587570909075
2026-10-07T15:36:39Z,postgresql,supplier,puris-postgresql-0,0.02510703231061153
2026-10-07T15:36:54Z,postgresql,supplier,puris-postgresql-0,0.024057964920708816
2026-10-07T15:37:09Z,postgresql,supplier,puris-postgresql-0,0.025057044747291524
2026-10-07T15:37:24Z,postgresql,supplier,puris-postgresql-0,0.023388039537975212
2026-10-07T15:37:39Z,postgresql,supplier,puris-postgresql-0,0.024841836851371632
2026-10-07T15:37:54Z,postgresql,supplier,puris-postgresql-0,0.024026033067198107
2026-10-07T15:38:09Z,postgresql,supplier,puris-postgresql-0,0.02449598226655433
2026-10-07T15:38:24Z,postgresql,supplier,puris-postgresql-0,0.02417341911012765
2026-10-07T15:38:39Z,postgresql,supplier,puris-postgresql-0,0.02557841917225056
2026-10-07T15:38:54Z,postgresql,supplier,puris-postgresql-0,0.021005189315054282
2026-10-07T15:39:09Z,postgresql,supplier,puris-postgresql-0,0.025450797770824776
2026-10-07T15:39:24Z,postgresql,supplier,puris-postgresql-0,0.024150650960944126
2026-10-07T15:39:39Z,postgresql,supplier,puris-postgresql-0,0.0199941226714253
2026-10-07T15:39:54Z,postgresql,supplier,puris-postgresql-0,0.023423618003711694
2026-10-07T15:05:39Z,prometheus,monitoring,prometheus-monitoring-kube-prometheus-prometheus-0,0.03075405971018785
2026-10-07T15:05:54Z,prometheus,monitoring,prometheus-monitoring-kube-prometheus-prometheus-0,0.032718422300677424
2026-10-07T15:06:09Z,prometheus,monitoring,prometheus-monitoring-kube-prometheus-prometheus-0,0.031907990801955784
2026-10-07T15:06:24Z,prometheus,monitoring,prometheus-monitoring-kube-prometheus-prometheus-0,0.03251870859382409
2026-10-07T15:06:39Z,prometheus,monitoring,prometheus-monitoring-kube-prometheus-prometheus-0,0.03215861390037157
2026-10-07T15:06:54Z,prometheus,monitoring,prometheus-monitoring-kube-prometheus-prometheus-0,0.03450964944423711
2026-10-07T15:07:09Z,prometheus,monitoring,prometheus-monitoring-kube-prometheus-prometheus-0,0.0302983691696321
2026-10-07T15:07:24Z,prometheus,monitoring,prometheus-monitoring-kube-prometheus-prometheus-0,0.030610916264798217
2026-10-07T15:07:39Z,prometheus,monitoring,prometheus-monitoring-kube-prometheus-prometheus-0,0.030215921924614336
2026-10-07T15:07:54Z,prometheus,monitoring,prometheus-monitoring-kube-prometheus-prometheus-0,0.03176013579682563
2026-10-07T15:08:09Z,prometheus,monitoring,prometheus-monitoring-kube-prometheus-prometheus-0,0.030278206410438126
2026-10-07T15:08:24Z,prometheus,monitoring,prometheus-monitoring-kube-prometheus-prometheus-0,0.036787179202314085
2026-10-07T15:08:39Z,prometheus,monitoring,prometheus-monitoring-kube-prometheus-prometheus-0,0.033971374045805185
2026-10-07T15:08:54Z,prometheus,monitoring,prometheus-monitoring-kube-prometheus-prometheus-0,0.03834123691446835
2026-10-07T15:09:09Z,prometheus,monitoring,prometheus-monitoring-kube-prometheus-prometheus-0,0.03142696330437819
2026-10-07T15:09:24Z,prometheus,monitoring,prometheus-monitoring-kube-prometheus-prometheus-0,0.0318557443479335
2026-10-07T15:09:39Z,prometheus,monitoring,prometheus-monitoring-kube-prometheus-prometheus-0,0.02845660094299807
2026-10-07T15:09:54Z,prometheus,monitoring,prometheus-monitoring-kube-prometheus-prometheus-0,0.030033144510060675
2026-10-07T15:10:09Z,prometheus,monitoring,prometheus-monitoring-kube-prometheus-prometheus-0,0.03863531955140958
2026-10-07T15:10:24Z,prometheus,monitoring,prometheus-monitoring-kube-prometheus-prometheus-0,0.03322001180318741
2026-10-07T15:10:39Z,prometheus,monitoring,prometheus-monitoring-kube-prometheus-prometheus-0,0.03621588130389278
2026-10-07T15:10:54Z,prometheus,monitoring,prometheus-monitoring-kube-prometheus-prometheus-0,0.02659734334881933
2026-10-07T15:11:09Z,prometheus,monitoring,prometheus-monitoring-kube-prometheus-prometheus-0,0.026377285513353135
2026-10-07T15:11:24Z,prometheus,monitoring,prometheus-monitoring-kube-prometheus-prometheus-0,0.02697085880807101
2026-10-07T15:11:39Z,prometheus,monitoring,prometheus-monitoring-kube-prometheus-prometheus-0,0.02867049304826143
2026-10-07T15:11:54Z,prometheus,monitoring,prometheus-monitoring-kube-prometheus-prometheus-0,0.033032655830548964
2026-10-07T15:12:09Z,prometheus,monitoring,prometheus-monitoring-kube-prometheus-prometheus-0,0.031033791835824324
2026-10-07T15:12:24Z,prometheus,monitoring,prometheus-monitoring-kube-prometheus-prometheus-0,0.037710047295417735
2026-10-07T15:12:39Z,prometheus,monitoring,prometheus-monitoring-kube-prometheus-prometheus-0,0.03407453284407998
2026-10-07T15:12:54Z,prometheus,monitoring,prometheus-monitoring-kube-prometheus-prometheus-0,0.035483685545221154
2026-10-07T15:13:09Z,prometheus,monitoring,prometheus-monitoring-kube-prometheus-prometheus-0,0.0261142536100194
2026-10-07T15:13:24Z,prometheus,monitoring,prometheus-monitoring-kube-prometheus-prometheus-0,0.0306099357639318
2026-10-07T15:13:39Z,prometheus,monitoring,prometheus-monitoring-kube-prometheus-prometheus-0,0.027640644275313125
2026-10-07T15:13:54Z,prometheus,monitoring,prometheus-monitoring-kube-prometheus-prometheus-0,0.029724580643610318
2026-10-07T15:14:09Z,prometheus,monitoring,prometheus-monitoring-kube-prometheus-prometheus-0,0.025907956429082578
2026-10-07T15:14:24Z,prometheus,monitoring,prometheus-monitoring-kube-prometheus-prometheus-0,0.03320023208449047
2026-10-07T15:14:39Z,prometheus,monitoring,prometheus-monitoring-kube-prometheus-prometheus-0,0.036816355148487266
2026-10-07T15:14:54Z,prometheus,monitoring,prometheus-monitoring-kube-prometheus-prometheus-0,0.03295854404176775
2026-10-07T15:15:09Z,prometheus,monitoring,prometheus-monitoring-kube-prometheus-prometheus-0,0.03324774354766706
2026-10-07T15:15:24Z,prometheus,monitoring,prometheus-monitoring-kube-prometheus-prometheus-0,0.028136968592194264
2026-10-07T15:15:39Z,prometheus,monitoring,prometheus-monitoring-kube-prometheus-prometheus-0,0.028573534165104223
2026-10-07T15:15:54Z,prometheus,monitoring,prometheus-monitoring-kube-prometheus-prometheus-0,0.03025609053497553
2026-10-07T15:16:09Z,prometheus,monitoring,prometheus-monitoring-kube-prometheus-prometheus-0,0.032426676392716416
2026-10-07T15:16:24Z,prometheus,monitoring,prometheus-monitoring-kube-prometheus-prometheus-0,0.034252878412349294
2026-10-07T15:16:39Z,prometheus,monitoring,prometheus-monitoring-kube-prometheus-prometheus-0,0.034725418716708464
2026-10-07T15:16:54Z,prometheus,monitoring,prometheus-monitoring-kube-prometheus-prometheus-0,0.037801835896608904
2026-10-07T15:17:09Z,prometheus,monitoring,prometheus-monitoring-kube-prometheus-prometheus-0,0.0329403632420695
2026-10-07T15:17:24Z,prometheus,monitoring,prometheus-monitoring-kube-prometheus-prometheus-0,0.031153560796881957
2026-10-07T15:17:39Z,prometheus,monitoring,prometheus-monitoring-kube-prometheus-prometheus-0,0.031153560796881957
2026-10-07T15:17:54Z,prometheus,monitoring,prometheus-monitoring-kube-prometheus-prometheus-0,0.036332007180624994
2026-10-07T15:18:09Z,prometheus,monitoring,prometheus-monitoring-kube-prometheus-prometheus-0,0.0342147368421087
2026-10-07T15:18:24Z,prometheus,monitoring,prometheus-monitoring-kube-prometheus-prometheus-0,0.03788021717000964
2026-10-07T15:18:39Z,prometheus,monitoring,prometheus-monitoring-kube-prometheus-prometheus-0,0.03466982277751862
2026-10-07T15:18:54Z,prometheus,monitoring,prometheus-monitoring-kube-prometheus-prometheus-0,0.035890211274100435
2026-10-07T15:19:09Z,prometheus,monitoring,prometheus-monitoring-kube-prometheus-prometheus-0,0.027777552483867065
2026-10-07T15:19:24Z,prometheus,monitoring,prometheus-monitoring-kube-prometheus-prometheus-0,0.030544726452343313
2026-10-07T15:19:39Z,prometheus,monitoring,prometheus-monitoring-kube-prometheus-prometheus-0,0.03258650258039118
2026-10-07T15:19:54Z,prometheus,monitoring,prometheus-monitoring-kube-prometheus-prometheus-0,0.0322391579864551
2026-10-07T15:20:09Z,prometheus,monitoring,prometheus-monitoring-kube-prometheus-prometheus-0,0.03747641217185015
2026-10-07T15:20:24Z,prometheus,monitoring,prometheus-monitoring-kube-prometheus-prometheus-0,0.037378165862983044
2026-10-07T15:20:39Z,prometheus,monitoring,prometheus-monitoring-kube-prometheus-prometheus-0,0.04127114527629298
2026-10-07T15:20:54Z,prometheus,monitoring,prometheus-monitoring-kube-prometheus-prometheus-0,0.034392896987725005
2026-10-07T15:21:09Z,prometheus,monitoring,prometheus-monitoring-kube-prometheus-prometheus-0,0.034647440519099744
2026-10-07T15:21:24Z,prometheus,monitoring,prometheus-monitoring-kube-prometheus-prometheus-0,0.030803413357600944
2026-10-07T15:21:39Z,prometheus,monitoring,prometheus-monitoring-kube-prometheus-prometheus-0,0.02845503976991699
2026-10-07T15:21:54Z,prometheus,monitoring,prometheus-monitoring-kube-prometheus-prometheus-0,0.026125602113229836
2026-10-07T15:22:09Z,prometheus,monitoring,prometheus-monitoring-kube-prometheus-prometheus-0,0.03050481178102566
2026-10-07T15:22:24Z,prometheus,monitoring,prometheus-monitoring-kube-prometheus-prometheus-0,0.03254517262766377
2026-10-07T15:22:39Z,prometheus,monitoring,prometheus-monitoring-kube-prometheus-prometheus-0,0.035329120868356365
2026-10-07T15:22:54Z,prometheus,monitoring,prometheus-monitoring-kube-prometheus-prometheus-0,0.030721126997127354
2026-10-07T15:23:09Z,prometheus,monitoring,prometheus-monitoring-kube-prometheus-prometheus-0,0.032418080492575545
2026-10-07T15:23:24Z,prometheus,monitoring,prometheus-monitoring-kube-prometheus-prometheus-0,0.03025622656464234
2026-10-07T15:23:39Z,prometheus,monitoring,prometheus-monitoring-kube-prometheus-prometheus-0,0.029340076575803842
2026-10-07T15:23:54Z,prometheus,monitoring,prometheus-monitoring-kube-prometheus-prometheus-0,0.03185094599607576
2026-10-07T15:24:09Z,prometheus,monitoring,prometheus-monitoring-kube-prometheus-prometheus-0,0.036953368339406864
2026-10-07T15:24:24Z,prometheus,monitoring,prometheus-monitoring-kube-prometheus-prometheus-0,0.04154739369133837
2026-10-07T15:24:39Z,prometheus,monitoring,prometheus-monitoring-kube-prometheus-prometheus-0,0.03852636054422073
2026-10-07T15:24:54Z,prometheus,monitoring,prometheus-monitoring-kube-prometheus-prometheus-0,0.038275307374902146
2026-10-07T15:25:09Z,prometheus,monitoring,prometheus-monitoring-kube-prometheus-prometheus-0,0.0270095386034278
2026-10-07T15:25:24Z,prometheus,monitoring,prometheus-monitoring-kube-prometheus-prometheus-0,0.030172082536880345
2026-10-07T15:25:39Z,prometheus,monitoring,prometheus-monitoring-kube-prometheus-prometheus-0,0.029667998928697117
2026-10-07T15:25:54Z,prometheus,monitoring,prometheus-monitoring-kube-prometheus-prometheus-0,0.03004624019160874
2026-10-07T15:26:09Z,prometheus,monitoring,prometheus-monitoring-kube-prometheus-prometheus-0,0.02920836719766063
2026-10-07T15:26:24Z,prometheus,monitoring,prometheus-monitoring-kube-prometheus-prometheus-0,0.0317647836141359
2026-10-07T15:26:39Z,prometheus,monitoring,prometheus-monitoring-kube-prometheus-prometheus-0,0.0376426234924885
2026-10-07T15:26:54Z,prometheus,monitoring,prometheus-monitoring-kube-prometheus-prometheus-0,0.03868530182263752
2026-10-07T15:27:09Z,prometheus,monitoring,prometheus-monitoring-kube-prometheus-prometheus-0,0.03473545022526992
2026-10-07T15:27:24Z,prometheus,monitoring,prometheus-monitoring-kube-prometheus-prometheus-0,0.031109278481820154
2026-10-07T15:27:39Z,prometheus,monitoring,prometheus-monitoring-kube-prometheus-prometheus-0,0.02938650542688898
2026-10-07T15:27:54Z,prometheus,monitoring,prometheus-monitoring-kube-prometheus-prometheus-0,0.03427830289800825
2026-10-07T15:28:09Z,prometheus,monitoring,prometheus-monitoring-kube-prometheus-prometheus-0,0.031797257235482455
2026-10-07T15:28:24Z,prometheus,monitoring,prometheus-monitoring-kube-prometheus-prometheus-0,0.038077934194430015
2026-10-07T15:28:39Z,prometheus,monitoring,prometheus-monitoring-kube-prometheus-prometheus-0,0.034097799991278724
2026-10-07T15:28:54Z,prometheus,monitoring,prometheus-monitoring-kube-prometheus-prometheus-0,0.03390027621886723
2026-10-07T15:29:09Z,prometheus,monitoring,prometheus-monitoring-kube-prometheus-prometheus-0,0.02551688254449424
2026-10-07T15:29:24Z,prometheus,monitoring,prometheus-monitoring-kube-prometheus-prometheus-0,0.02600595386377615
2026-10-07T15:29:39Z,prometheus,monitoring,prometheus-monitoring-kube-prometheus-prometheus-0,0.026660670235051188
2026-10-07T15:29:54Z,prometheus,monitoring,prometheus-monitoring-kube-prometheus-prometheus-0,0.03513191082803304
2026-10-07T15:30:09Z,prometheus,monitoring,prometheus-monitoring-kube-prometheus-prometheus-0,0.035298595911625444
2026-10-07T15:30:24Z,prometheus,monitoring,prometheus-monitoring-kube-prometheus-prometheus-0,0.04029992300288028
2026-10-07T15:30:39Z,prometheus,monitoring,prometheus-monitoring-kube-prometheus-prometheus-0,0.03439389073391308
2026-10-07T15:30:54Z,prometheus,monitoring,prometheus-monitoring-kube-prometheus-prometheus-0,0.03242917784166523
2026-10-07T15:31:09Z,prometheus,monitoring,prometheus-monitoring-kube-prometheus-prometheus-0,0.0307424711941431
2026-10-07T15:31:24Z,prometheus,monitoring,prometheus-monitoring-kube-prometheus-prometheus-0,0.030685655965857938
2026-10-07T15:31:39Z,prometheus,monitoring,prometheus-monitoring-kube-prometheus-prometheus-0,0.03686130314344806
2026-10-07T15:31:54Z,prometheus,monitoring,prometheus-monitoring-kube-prometheus-prometheus-0,0.03406725916662812
2026-10-07T15:32:09Z,prometheus,monitoring,prometheus-monitoring-kube-prometheus-prometheus-0,0.0364884811416914
2026-10-07T15:32:24Z,prometheus,monitoring,prometheus-monitoring-kube-prometheus-prometheus-0,0.0388664699815323
2026-10-07T15:32:39Z,prometheus,monitoring,prometheus-monitoring-kube-prometheus-prometheus-0,0.03634262160357567
2026-10-07T15:32:54Z,prometheus,monitoring,prometheus-monitoring-kube-prometheus-prometheus-0,0.038202958319585194
2026-10-07T15:33:09Z,prometheus,monitoring,prometheus-monitoring-kube-prometheus-prometheus-0,0.03582899075751239
2026-10-07T15:33:24Z,prometheus,monitoring,prometheus-monitoring-kube-prometheus-prometheus-0,0.03452380079885418
2026-10-07T15:33:39Z,prometheus,monitoring,prometheus-monitoring-kube-prometheus-prometheus-0,0.032984208752587556
2026-10-07T15:33:54Z,prometheus,monitoring,prometheus-monitoring-kube-prometheus-prometheus-0,0.030959778212060612
2026-10-07T15:34:09Z,prometheus,monitoring,prometheus-monitoring-kube-prometheus-prometheus-0,0.032238928149544356
2026-10-07T15:34:24Z,prometheus,monitoring,prometheus-monitoring-kube-prometheus-prometheus-0,0.03540615736042583
2026-10-07T15:34:39Z,prometheus,monitoring,prometheus-monitoring-kube-prometheus-prometheus-0,0.04074396793587262
2026-10-07T15:34:54Z,prometheus,monitoring,prometheus-monitoring-kube-prometheus-prometheus-0,0.04216008298222443
2026-10-07T15:35:09Z,prometheus,monitoring,prometheus-monitoring-kube-prometheus-prometheus-0,0.03138263524347311
2026-10-07T15:35:24Z,prometheus,monitoring,prometheus-monitoring-kube-prometheus-prometheus-0,0.032089630090437214
2026-10-07T15:35:39Z,prometheus,monitoring,prometheus-monitoring-kube-prometheus-prometheus-0,0.033487642489659644
2026-10-07T15:35:54Z,prometheus,monitoring,prometheus-monitoring-kube-prometheus-prometheus-0,0.032860256863440726
2026-10-07T15:36:09Z,prometheus,monitoring,prometheus-monitoring-kube-prometheus-prometheus-0,0.03570625468165155
2026-10-07T15:36:24Z,prometheus,monitoring,prometheus-monitoring-kube-prometheus-prometheus-0,0.035849828945415725
2026-10-07T15:36:39Z,prometheus,monitoring,prometheus-monitoring-kube-prometheus-prometheus-0,0.035833056636634046
2026-10-07T15:36:54Z,prometheus,monitoring,prometheus-monitoring-kube-prometheus-prometheus-0,0.030806697299670595
2026-10-07T15:37:09Z,prometheus,monitoring,prometheus-monitoring-kube-prometheus-prometheus-0,0.023108280963507234
2026-10-07T15:37:24Z,prometheus,monitoring,prometheus-monitoring-kube-prometheus-prometheus-0,0.031739418735895204
2026-10-07T15:37:39Z,prometheus,monitoring,prometheus-monitoring-kube-prometheus-prometheus-0,0.031696237269529186
2026-10-07T15:37:54Z,prometheus,monitoring,prometheus-monitoring-kube-prometheus-prometheus-0,0.03574084782262313
2026-10-07T15:38:09Z,prometheus,monitoring,prometheus-monitoring-kube-prometheus-prometheus-0,0.030092187400131122
2026-10-07T15:38:24Z,prometheus,monitoring,prometheus-monitoring-kube-prometheus-prometheus-0,0.038083038947278915
2026-10-07T15:38:39Z,prometheus,monitoring,prometheus-monitoring-kube-prometheus-prometheus-0,0.03950692301445342
2026-10-07T15:38:54Z,prometheus,monitoring,prometheus-monitoring-kube-prometheus-prometheus-0,0.04477439898431635
2026-10-07T15:39:09Z,prometheus,monitoring,prometheus-monitoring-kube-prometheus-prometheus-0,0.03560497150428129
2026-10-07T15:39:24Z,prometheus,monitoring,prometheus-monitoring-kube-prometheus-prometheus-0,0.029240880443088247
2026-10-07T15:39:39Z,prometheus,monitoring,prometheus-monitoring-kube-prometheus-prometheus-0,0.026951654003507654
2026-10-07T15:39:54Z,prometheus,monitoring,prometheus-monitoring-kube-prometheus-prometheus-0,0.02718371588443576
2026-10-07T15:05:39Z,puris-backend,customer,puris-backend-6f46958fb-4rjrm,0.4531511061379584
2026-10-07T15:05:54Z,puris-backend,customer,puris-backend-6f46958fb-4rjrm,0.07847972674538442
2026-10-07T15:06:09Z,puris-backend,customer,puris-backend-6f46958fb-4rjrm,0.05932137419739183
2026-10-07T15:06:24Z,puris-backend,customer,puris-backend-6f46958fb-4rjrm,0.0038992012561441893
2026-10-07T15:06:39Z,puris-backend,customer,puris-backend-6f46958fb-4rjrm,0.020683369782257273
2026-10-07T15:06:54Z,puris-backend,customer,puris-backend-6f46958fb-4rjrm,0.022514926095968765
2026-10-07T15:07:09Z,puris-backend,customer,puris-backend-6f46958fb-4rjrm,0.026380995342201317
2026-10-07T15:07:24Z,puris-backend,customer,puris-backend-6f46958fb-4rjrm,0.03737935131582268
2026-10-07T15:07:39Z,puris-backend,customer,puris-backend-6f46958fb-4rjrm,0.054341452461400236
2026-10-07T15:07:54Z,puris-backend,customer,puris-backend-6f46958fb-4rjrm,0.0624371865369508
2026-10-07T15:08:09Z,puris-backend,customer,puris-backend-6f46958fb-4rjrm,0.054481379190045594
2026-10-07T15:08:24Z,puris-backend,customer,puris-backend-6f46958fb-4rjrm,0.03742319504159916
2026-10-07T15:08:39Z,puris-backend,customer,puris-backend-6f46958fb-4rjrm,0.03619076311181038
2026-10-07T15:08:54Z,puris-backend,customer,puris-backend-6f46958fb-4rjrm,0.03720743915095933
2026-10-07T15:09:09Z,puris-backend,customer,puris-backend-6f46958fb-4rjrm,0.032855414638223224
2026-10-07T15:09:24Z,puris-backend,customer,puris-backend-6f46958fb-4rjrm,0.027211533751577845
2026-10-07T15:09:39Z,puris-backend,customer,puris-backend-6f46958fb-4rjrm,0.02478727616623352
2026-10-07T15:09:54Z,puris-backend,customer,puris-backend-6f46958fb-4rjrm,0.02300387986213689
2026-10-07T15:10:09Z,puris-backend,customer,puris-backend-6f46958fb-4rjrm,0.025028588085418767
2026-10-07T15:10:24Z,puris-backend,customer,puris-backend-6f46958fb-4rjrm,0.022747436451998646
2026-10-07T15:10:39Z,puris-backend,customer,puris-backend-6f46958fb-4rjrm,0.023549480900594267
2026-10-07T15:10:54Z,puris-backend,customer,puris-backend-6f46958fb-4rjrm,0.02472823861974845
2026-10-07T15:11:09Z,puris-backend,customer,puris-backend-6f46958fb-4rjrm,0.025900520235449316
2026-10-07T15:11:24Z,puris-backend,customer,puris-backend-6f46958fb-4rjrm,0.025087412132257216
2026-10-07T15:11:39Z,puris-backend,customer,puris-backend-6f46958fb-4rjrm,0.020782290820471144
2026-10-07T15:11:54Z,puris-backend,customer,puris-backend-6f46958fb-4rjrm,0.02576331603630591
2026-10-07T15:12:09Z,puris-backend,customer,puris-backend-6f46958fb-4rjrm,0.027008588617113916
2026-10-07T15:12:24Z,puris-backend,customer,puris-backend-6f46958fb-4rjrm,0.026892049572401787
2026-10-07T15:12:39Z,puris-backend,customer,puris-backend-6f46958fb-4rjrm,0.023646062658763813
2026-10-07T15:12:54Z,puris-backend,customer,puris-backend-6f46958fb-4rjrm,0.022786919783938972
2026-10-07T15:13:09Z,puris-backend,customer,puris-backend-6f46958fb-4rjrm,0.019069640200047287
2026-10-07T15:13:24Z,puris-backend,customer,puris-backend-6f46958fb-4rjrm,0.029619293394777146
2026-10-07T15:13:39Z,puris-backend,customer,puris-backend-6f46958fb-4rjrm,0.04124889215264236
2026-10-07T15:13:54Z,puris-backend,customer,puris-backend-6f46958fb-4rjrm,0.04221751708007641
2026-10-07T15:14:09Z,puris-backend,customer,puris-backend-6f46958fb-4rjrm,0.04518786017667351
2026-10-07T15:14:24Z,puris-backend,customer,puris-backend-6f46958fb-4rjrm,0.03840166558463366
2026-10-07T15:14:39Z,puris-backend,customer,puris-backend-6f46958fb-4rjrm,0.03863012898199447
2026-10-07T15:14:54Z,puris-backend,customer,puris-backend-6f46958fb-4rjrm,0.0352317957420549
2026-10-07T15:15:09Z,puris-backend,customer,puris-backend-6f46958fb-4rjrm,0.030438472273124365
2026-10-07T15:15:24Z,puris-backend,customer,puris-backend-6f46958fb-4rjrm,0.035841886783701524
2026-10-07T15:15:39Z,puris-backend,customer,puris-backend-6f46958fb-4rjrm,0.041019852908987374
2026-10-07T15:15:54Z,puris-backend,customer,puris-backend-6f46958fb-4rjrm,0.039119843295542384
2026-10-07T15:16:09Z,puris-backend,customer,puris-backend-6f46958fb-4rjrm,0.038386641325007034
2026-10-07T15:16:24Z,puris-backend,customer,puris-backend-6f46958fb-4rjrm,0.032021498916862484
2026-10-07T15:16:39Z,puris-backend,customer,puris-backend-6f46958fb-4rjrm,0.031048981767779007
2026-10-07T15:16:54Z,puris-backend,customer,puris-backend-6f46958fb-4rjrm,0.028913916487180977
2026-10-07T15:17:09Z,puris-backend,customer,puris-backend-6f46958fb-4rjrm,0.027738108690647974
2026-10-07T15:17:24Z,puris-backend,customer,puris-backend-6f46958fb-4rjrm,0.025481348586873148
2026-10-07T15:17:39Z,puris-backend,customer,puris-backend-6f46958fb-4rjrm,0.025422575976845274
2026-10-07T15:17:54Z,puris-backend,customer,puris-backend-6f46958fb-4rjrm,0.025501796782673863
2026-10-07T15:18:09Z,puris-backend,customer,puris-backend-6f46958fb-4rjrm,0.03827208787193714
2026-10-07T15:18:24Z,puris-backend,customer,puris-backend-6f46958fb-4rjrm,0.08402368581907094
2026-10-07T15:18:39Z,puris-backend,customer,puris-backend-6f46958fb-4rjrm,0.08988038350585437
2026-10-07T15:18:54Z,puris-backend,customer,puris-backend-6f46958fb-4rjrm,0.0961714423397709
2026-10-07T15:19:09Z,puris-backend,customer,puris-backend-6f46958fb-4rjrm,0.09388833571700128
2026-10-07T15:19:24Z,puris-backend,customer,puris-backend-6f46958fb-4rjrm,0.060357488164043
2026-10-07T15:19:39Z,puris-backend,customer,puris-backend-6f46958fb-4rjrm,0.06351005908991135
2026-10-07T15:19:54Z,puris-backend,customer,puris-backend-6f46958fb-4rjrm,0.07116582626359161
2026-10-07T15:20:09Z,puris-backend,customer,puris-backend-6f46958fb-4rjrm,0.06387030544809776
2026-10-07T15:20:24Z,puris-backend,customer,puris-backend-6f46958fb-4rjrm,0.05649060399983919
2026-10-07T15:20:39Z,puris-backend,customer,puris-backend-6f46958fb-4rjrm,0.045700541878824864
2026-10-07T15:20:54Z,puris-backend,customer,puris-backend-6f46958fb-4rjrm,0.05033857383492421
2026-10-07T15:21:09Z,puris-backend,customer,puris-backend-6f46958fb-4rjrm,0.0516448150771673
2026-10-07T15:21:24Z,puris-backend,customer,puris-backend-6f46958fb-4rjrm,0.04058567006582231
2026-10-07T15:21:39Z,puris-backend,customer,puris-backend-6f46958fb-4rjrm,0.055440050667894966
2026-10-07T15:21:54Z,puris-backend,customer,puris-backend-6f46958fb-4rjrm,0.06974203029617919
2026-10-07T15:22:09Z,puris-backend,customer,puris-backend-6f46958fb-4rjrm,0.060761733590507815
2026-10-07T15:22:24Z,puris-backend,customer,puris-backend-6f46958fb-4rjrm,0.053609804273657705
2026-10-07T15:22:39Z,puris-backend,customer,puris-backend-6f46958fb-4rjrm,0.04436676402072249
2026-10-07T15:22:54Z,puris-backend,customer,puris-backend-6f46958fb-4rjrm,0.04467917636014855
2026-10-07T15:23:09Z,puris-backend,customer,puris-backend-6f46958fb-4rjrm,0.042177142753989406
2026-10-07T15:23:24Z,puris-backend,customer,puris-backend-6f46958fb-4rjrm,0.04657756429687297
2026-10-07T15:23:39Z,puris-backend,customer,puris-backend-6f46958fb-4rjrm,0.046302496604056394
2026-10-07T15:23:54Z,puris-backend,customer,puris-backend-6f46958fb-4rjrm,0.04432311965136483
2026-10-07T15:24:09Z,puris-backend,customer,puris-backend-6f46958fb-4rjrm,0.0408926902350129
2026-10-07T15:24:24Z,puris-backend,customer,puris-backend-6f46958fb-4rjrm,0.042160682599010735
2026-10-07T15:24:39Z,puris-backend,customer,puris-backend-6f46958fb-4rjrm,0.0512249731347059
2026-10-07T15:24:54Z,puris-backend,customer,puris-backend-6f46958fb-4rjrm,0.05462650394954891
2026-10-07T15:25:09Z,puris-backend,customer,puris-backend-6f46958fb-4rjrm,0.04378909895128318
2026-10-07T15:25:24Z,puris-backend,customer,puris-backend-6f46958fb-4rjrm,0.04559514664015543
2026-10-07T15:25:39Z,puris-backend,customer,puris-backend-6f46958fb-4rjrm,0.03966421623784169
2026-10-07T15:25:54Z,puris-backend,customer,puris-backend-6f46958fb-4rjrm,0.03890034121374599
2026-10-07T15:26:09Z,puris-backend,customer,puris-backend-6f46958fb-4rjrm,0.025644577777777674
2026-10-07T15:26:24Z,puris-backend,customer,puris-backend-6f46958fb-4rjrm,0.03435822082875119
2026-10-07T15:26:39Z,puris-backend,customer,puris-backend-6f46958fb-4rjrm,0.034018468754580804
2026-10-07T15:26:54Z,puris-backend,customer,puris-backend-6f46958fb-4rjrm,0.034378108821975895
2026-10-07T15:27:09Z,puris-backend,customer,puris-backend-6f46958fb-4rjrm,0.03499087363199165
2026-10-07T15:27:24Z,puris-backend,customer,puris-backend-6f46958fb-4rjrm,0.04177733918128634
2026-10-07T15:27:39Z,puris-backend,customer,puris-backend-6f46958fb-4rjrm,0.046381607380319094
2026-10-07T15:27:54Z,puris-backend,customer,puris-backend-6f46958fb-4rjrm,0.06504031913985825
2026-10-07T15:28:09Z,puris-backend,customer,puris-backend-6f46958fb-4rjrm,0.08066701112095284
2026-10-07T15:28:24Z,puris-backend,customer,puris-backend-6f46958fb-4rjrm,0.07873175083566725
2026-10-07T15:28:39Z,puris-backend,customer,puris-backend-6f46958fb-4rjrm,0.06710008497585461
2026-10-07T15:28:54Z,puris-backend,customer,puris-backend-6f46958fb-4rjrm,0.06081266003442055
2026-10-07T15:29:09Z,puris-backend,customer,puris-backend-6f46958fb-4rjrm,0.0615764593599656
2026-10-07T15:29:24Z,puris-backend,customer,puris-backend-6f46958fb-4rjrm,0.05968375925616594
2026-10-07T15:29:39Z,puris-backend,customer,puris-backend-6f46958fb-4rjrm,0.0487627343306191
2026-10-07T15:29:54Z,puris-backend,customer,puris-backend-6f46958fb-4rjrm,0.039892958263422734
2026-10-07T15:30:09Z,puris-backend,customer,puris-backend-6f46958fb-4rjrm,0.03635121562375441
2026-10-07T15:30:24Z,puris-backend,customer,puris-backend-6f46958fb-4rjrm,0.035403179131009856
2026-10-07T15:30:39Z,puris-backend,customer,puris-backend-6f46958fb-4rjrm,0.03687541582414712
2026-10-07T15:30:54Z,puris-backend,customer,puris-backend-6f46958fb-4rjrm,0.040402480792372616
2026-10-07T15:31:09Z,puris-backend,customer,puris-backend-6f46958fb-4rjrm,0.046933976508422244
2026-10-07T15:31:24Z,puris-backend,customer,puris-backend-6f46958fb-4rjrm,0.04047276474440488
2026-10-07T15:31:39Z,puris-backend,customer,puris-backend-6f46958fb-4rjrm,0.03766505369088689
2026-10-07T15:31:54Z,puris-backend,customer,puris-backend-6f46958fb-4rjrm,0.028835047836127302
2026-10-07T15:32:09Z,puris-backend,customer,puris-backend-6f46958fb-4rjrm,0.04107719949691545
2026-10-07T15:32:24Z,puris-backend,customer,puris-backend-6f46958fb-4rjrm,0.03912642631706719
2026-10-07T15:32:39Z,puris-backend,customer,puris-backend-6f46958fb-4rjrm,0.02914251826779844
2026-10-07T15:32:54Z,puris-backend,customer,puris-backend-6f46958fb-4rjrm,0.03510327380314297
2026-10-07T15:33:09Z,puris-backend,customer,puris-backend-6f46958fb-4rjrm,0.05806952008840495
2026-10-07T15:33:24Z,puris-backend,customer,puris-backend-6f46958fb-4rjrm,0.06811548721748792
2026-10-07T15:33:39Z,puris-backend,customer,puris-backend-6f46958fb-4rjrm,0.0855213082681183
2026-10-07T15:33:54Z,puris-backend,customer,puris-backend-6f46958fb-4rjrm,0.08547225252249803
2026-10-07T15:34:09Z,puris-backend,customer,puris-backend-6f46958fb-4rjrm,0.08730171020386888
2026-10-07T15:34:24Z,puris-backend,customer,puris-backend-6f46958fb-4rjrm,0.09488095136700456
2026-10-07T15:34:39Z,puris-backend,customer,puris-backend-6f46958fb-4rjrm,0.09090631427623562
2026-10-07T15:34:54Z,puris-backend,customer,puris-backend-6f46958fb-4rjrm,0.09220227959351833
2026-10-07T15:35:09Z,puris-backend,customer,puris-backend-6f46958fb-4rjrm,0.07666996651973872
2026-10-07T15:35:24Z,puris-backend,customer,puris-backend-6f46958fb-4rjrm,0.09081202772421673
2026-10-07T15:35:39Z,puris-backend,customer,puris-backend-6f46958fb-4rjrm,0.09506657384245025
2026-10-07T15:35:54Z,puris-backend,customer,puris-backend-6f46958fb-4rjrm,0.09815400140400157
2026-10-07T15:36:09Z,puris-backend,customer,puris-backend-6f46958fb-4rjrm,0.0864315607265721
2026-10-07T15:36:24Z,puris-backend,customer,puris-backend-6f46958fb-4rjrm,0.08432556950072799
2026-10-07T15:36:39Z,puris-backend,customer,puris-backend-6f46958fb-4rjrm,0.08995153383166707
2026-10-07T15:36:54Z,puris-backend,customer,puris-backend-6f46958fb-4rjrm,0.1023352450899484
2026-10-07T15:37:09Z,puris-backend,customer,puris-backend-6f46958fb-4rjrm,0.10312231699967551
2026-10-07T15:37:24Z,puris-backend,customer,puris-backend-6f46958fb-4rjrm,0.09587157138656704
2026-10-07T15:37:39Z,puris-backend,customer,puris-backend-6f46958fb-4rjrm,0.08616747037901777
2026-10-07T15:37:54Z,puris-backend,customer,puris-backend-6f46958fb-4rjrm,0.0811568848278793
2026-10-07T15:38:09Z,puris-backend,customer,puris-backend-6f46958fb-4rjrm,0.08220522272792784
2026-10-07T15:38:24Z,puris-backend,customer,puris-backend-6f46958fb-4rjrm,0.08007414482851599
2026-10-07T15:38:39Z,puris-backend,customer,puris-backend-6f46958fb-4rjrm,0.0871880918318689
2026-10-07T15:38:54Z,puris-backend,customer,puris-backend-6f46958fb-4rjrm,0.0784582109536971
2026-10-07T15:39:09Z,puris-backend,customer,puris-backend-6f46958fb-4rjrm,0.054416682021989245
2026-10-07T15:39:24Z,puris-backend,customer,puris-backend-6f46958fb-4rjrm,0.026258897365553046
2026-10-07T15:39:39Z,puris-backend,customer,puris-backend-6f46958fb-4rjrm,0.006829825115585051
2026-10-07T15:39:54Z,puris-backend,customer,puris-backend-6f46958fb-4rjrm,0.0036390614074774293
2026-10-07T15:05:39Z,puris-backend,supplier,puris-backend-848f5f45fc-kdctn,0.33328874956865495
2026-10-07T15:05:54Z,puris-backend,supplier,puris-backend-848f5f45fc-kdctn,0.4000063773795118
2026-10-07T15:06:09Z,puris-backend,supplier,puris-backend-848f5f45fc-kdctn,0.3997962428440853
2026-10-07T15:06:24Z,puris-backend,supplier,puris-backend-848f5f45fc-kdctn,0.37004206253624156
2026-10-07T15:06:39Z,puris-backend,supplier,puris-backend-848f5f45fc-kdctn,0.2520751486422982
2026-10-07T15:06:54Z,puris-backend,supplier,puris-backend-848f5f45fc-kdctn,0.12565097363570796
2026-10-07T15:07:09Z,puris-backend,supplier,puris-backend-848f5f45fc-kdctn,0.022880892166123337
2026-10-07T15:07:24Z,puris-backend,supplier,puris-backend-848f5f45fc-kdctn,0.007527187907061304
2026-10-07T15:07:39Z,puris-backend,supplier,puris-backend-848f5f45fc-kdctn,0.022178216653689114
2026-10-07T15:07:54Z,puris-backend,supplier,puris-backend-848f5f45fc-kdctn,0.01947160525664942
2026-10-07T15:08:09Z,puris-backend,supplier,puris-backend-848f5f45fc-kdctn,0.019148099199253674
2026-10-07T15:08:24Z,puris-backend,supplier,puris-backend-848f5f45fc-kdctn,0.019499439214900886
2026-10-07T15:08:39Z,puris-backend,supplier,puris-backend-848f5f45fc-kdctn,0.01598892002867756
2026-10-07T15:08:54Z,puris-backend,supplier,puris-backend-848f5f45fc-kdctn,0.017336146057072725
2026-10-07T15:09:09Z,puris-backend,supplier,puris-backend-848f5f45fc-kdctn,0.01579443234763881
2026-10-07T15:09:24Z,puris-backend,supplier,puris-backend-848f5f45fc-kdctn,0.010422786547700883
2026-10-07T15:09:39Z,puris-backend,supplier,puris-backend-848f5f45fc-kdctn,0.010514685630896276
2026-10-07T15:09:54Z,puris-backend,supplier,puris-backend-848f5f45fc-kdctn,0.010623307907695159
2026-10-07T15:10:09Z,puris-backend,supplier,puris-backend-848f5f45fc-kdctn,0.011111023154561597
2026-10-07T15:10:24Z,puris-backend,supplier,puris-backend-848f5f45fc-kdctn,0.012616604127579784
2026-10-07T15:10:39Z,puris-backend,supplier,puris-backend-848f5f45fc-kdctn,0.012210412621359308
2026-10-07T15:10:54Z,puris-backend,supplier,puris-backend-848f5f45fc-kdctn,0.012677457098283943
2026-10-07T15:11:09Z,puris-backend,supplier,puris-backend-848f5f45fc-kdctn,0.012585792875520328
2026-10-07T15:11:24Z,puris-backend,supplier,puris-backend-848f5f45fc-kdctn,0.012958589497591762
2026-10-07T15:11:39Z,puris-backend,supplier,puris-backend-848f5f45fc-kdctn,0.013784720202733549
2026-10-07T15:11:54Z,puris-backend,supplier,puris-backend-848f5f45fc-kdctn,0.01059576323106652
2026-10-07T15:12:09Z,puris-backend,supplier,puris-backend-848f5f45fc-kdctn,0.012509384000743235
2026-10-07T15:12:24Z,puris-backend,supplier,puris-backend-848f5f45fc-kdctn,0.01030680432889663
2026-10-07T15:12:39Z,puris-backend,supplier,puris-backend-848f5f45fc-kdctn,0.01147732311548091
2026-10-07T15:12:54Z,puris-backend,supplier,puris-backend-848f5f45fc-kdctn,0.010244522864284608
2026-10-07T15:13:09Z,puris-backend,supplier,puris-backend-848f5f45fc-kdctn,0.01331284773419834
2026-10-07T15:13:24Z,puris-backend,supplier,puris-backend-848f5f45fc-kdctn,0.012611771078486354
2026-10-07T15:13:39Z,puris-backend,supplier,puris-backend-848f5f45fc-kdctn,0.011636441991615284
2026-10-07T15:13:54Z,puris-backend,supplier,puris-backend-848f5f45fc-kdctn,0.01095430077062555
2026-10-07T15:14:09Z,puris-backend,supplier,puris-backend-848f5f45fc-kdctn,0.020134466860482248
2026-10-07T15:14:24Z,puris-backend,supplier,puris-backend-848f5f45fc-kdctn,0.017616188253751372
2026-10-07T15:14:39Z,puris-backend,supplier,puris-backend-848f5f45fc-kdctn,0.022547892158914836
2026-10-07T15:14:54Z,puris-backend,supplier,puris-backend-848f5f45fc-kdctn,0.019028687752988882
2026-10-07T15:15:09Z,puris-backend,supplier,puris-backend-848f5f45fc-kdctn,0.02060745710284849
2026-10-07T15:15:24Z,puris-backend,supplier,puris-backend-848f5f45fc-kdctn,0.016511077935003678
2026-10-07T15:15:39Z,puris-backend,supplier,puris-backend-848f5f45fc-kdctn,0.014767035379548864
2026-10-07T15:15:54Z,puris-backend,supplier,puris-backend-848f5f45fc-kdctn,0.011645852485680187
2026-10-07T15:16:09Z,puris-backend,supplier,puris-backend-848f5f45fc-kdctn,0.011178638534851794
2026-10-07T15:16:24Z,puris-backend,supplier,puris-backend-848f5f45fc-kdctn,0.01217663204584877
2026-10-07T15:16:39Z,puris-backend,supplier,puris-backend-848f5f45fc-kdctn,0.013987994975598713
2026-10-07T15:16:54Z,puris-backend,supplier,puris-backend-848f5f45fc-kdctn,0.011576581712257018
2026-10-07T15:17:09Z,puris-backend,supplier,puris-backend-848f5f45fc-kdctn,0.011678507950233213
2026-10-07T15:17:24Z,puris-backend,supplier,puris-backend-848f5f45fc-kdctn,0.00940553909226612
2026-10-07T15:17:39Z,puris-backend,supplier,puris-backend-848f5f45fc-kdctn,0.012249498449753605
2026-10-07T15:17:54Z,puris-backend,supplier,puris-backend-848f5f45fc-kdctn,0.012745270111797215
2026-10-07T15:18:09Z,puris-backend,supplier,puris-backend-848f5f45fc-kdctn,0.01678966092496931
2026-10-07T15:18:24Z,puris-backend,supplier,puris-backend-848f5f45fc-kdctn,0.01696498471555053
2026-10-07T15:18:39Z,puris-backend,supplier,puris-backend-848f5f45fc-kdctn,0.02266147679079786
2026-10-07T15:18:54Z,puris-backend,supplier,puris-backend-848f5f45fc-kdctn,0.020953058264163053
2026-10-07T15:19:09Z,puris-backend,supplier,puris-backend-848f5f45fc-kdctn,0.02164304169113323
2026-10-07T15:19:24Z,puris-backend,supplier,puris-backend-848f5f45fc-kdctn,0.01989219450713687
2026-10-07T15:19:39Z,puris-backend,supplier,puris-backend-848f5f45fc-kdctn,0.02040387976232099
2026-10-07T15:19:54Z,puris-backend,supplier,puris-backend-848f5f45fc-kdctn,0.013951703540369896
2026-10-07T15:20:09Z,puris-backend,supplier,puris-backend-848f5f45fc-kdctn,0.016822080497588803
2026-10-07T15:20:24Z,puris-backend,supplier,puris-backend-848f5f45fc-kdctn,0.01692133616206983
2026-10-07T15:20:39Z,puris-backend,supplier,puris-backend-848f5f45fc-kdctn,0.01834699912091437
2026-10-07T15:20:54Z,puris-backend,supplier,puris-backend-848f5f45fc-kdctn,0.01930278137503131
2026-10-07T15:21:09Z,puris-backend,supplier,puris-backend-848f5f45fc-kdctn,0.02194038994819325
2026-10-07T15:21:24Z,puris-backend,supplier,puris-backend-848f5f45fc-kdctn,0.02254676833862214
2026-10-07T15:21:39Z,puris-backend,supplier,puris-backend-848f5f45fc-kdctn,0.02104226686049096
2026-10-07T15:21:54Z,puris-backend,supplier,puris-backend-848f5f45fc-kdctn,0.02387711523890454
2026-10-07T15:22:09Z,puris-backend,supplier,puris-backend-848f5f45fc-kdctn,0.021806291789981575
2026-10-07T15:22:24Z,puris-backend,supplier,puris-backend-848f5f45fc-kdctn,0.021349413905462914
2026-10-07T15:22:39Z,puris-backend,supplier,puris-backend-848f5f45fc-kdctn,0.016487869262080224
2026-10-07T15:22:54Z,puris-backend,supplier,puris-backend-848f5f45fc-kdctn,0.013605617081338527
2026-10-07T15:23:09Z,puris-backend,supplier,puris-backend-848f5f45fc-kdctn,0.03456793570219964
2026-10-07T15:23:24Z,puris-backend,supplier,puris-backend-848f5f45fc-kdctn,0.034009639926593185
2026-10-07T15:23:39Z,puris-backend,supplier,puris-backend-848f5f45fc-kdctn,0.029705711070445784
2026-10-07T15:23:54Z,puris-backend,supplier,puris-backend-848f5f45fc-kdctn,0.029520416606705947
2026-10-07T15:24:09Z,puris-backend,supplier,puris-backend-848f5f45fc-kdctn,0.020790761531477683
2026-10-07T15:24:24Z,puris-backend,supplier,puris-backend-848f5f45fc-kdctn,0.018651698169881385
2026-10-07T15:24:39Z,puris-backend,supplier,puris-backend-848f5f45fc-kdctn,0.018041594781745683
2026-10-07T15:24:54Z,puris-backend,supplier,puris-backend-848f5f45fc-kdctn,0.013629533015022666
2026-10-07T15:25:09Z,puris-backend,supplier,puris-backend-848f5f45fc-kdctn,0.014648450437662719
2026-10-07T15:25:24Z,puris-backend,supplier,puris-backend-848f5f45fc-kdctn,0.021327781225601014
2026-10-07T15:25:39Z,puris-backend,supplier,puris-backend-848f5f45fc-kdctn,0.020880511938051297
2026-10-07T15:25:54Z,puris-backend,supplier,puris-backend-848f5f45fc-kdctn,0.021242155372787303
2026-10-07T15:26:09Z,puris-backend,supplier,puris-backend-848f5f45fc-kdctn,0.01446253558357081
2026-10-07T15:26:24Z,puris-backend,supplier,puris-backend-848f5f45fc-kdctn,0.012086263354848326
2026-10-07T15:26:39Z,puris-backend,supplier,puris-backend-848f5f45fc-kdctn,0.013217846028263702
2026-10-07T15:26:54Z,puris-backend,supplier,puris-backend-848f5f45fc-kdctn,0.012050861122931186
2026-10-07T15:27:09Z,puris-backend,supplier,puris-backend-848f5f45fc-kdctn,0.01366348819782704
2026-10-07T15:27:24Z,puris-backend,supplier,puris-backend-848f5f45fc-kdctn,0.012353518852692574
2026-10-07T15:27:39Z,puris-backend,supplier,puris-backend-848f5f45fc-kdctn,0.015615847026951962
2026-10-07T15:27:54Z,puris-backend,supplier,puris-backend-848f5f45fc-kdctn,0.01402643162702267
2026-10-07T15:28:09Z,puris-backend,supplier,puris-backend-848f5f45fc-kdctn,0.016702953028207266
2026-10-07T15:28:24Z,puris-backend,supplier,puris-backend-848f5f45fc-kdctn,0.012043946238358295
2026-10-07T15:28:39Z,puris-backend,supplier,puris-backend-848f5f45fc-kdctn,0.02687904195127673
2026-10-07T15:28:54Z,puris-backend,supplier,puris-backend-848f5f45fc-kdctn,0.024318122598438408
2026-10-07T15:29:09Z,puris-backend,supplier,puris-backend-848f5f45fc-kdctn,0.023443843215714823
2026-10-07T15:29:24Z,puris-backend,supplier,puris-backend-848f5f45fc-kdctn,0.013093257482244691
2026-10-07T15:29:39Z,puris-backend,supplier,puris-backend-848f5f45fc-kdctn,0.012798595343467396
2026-10-07T15:29:54Z,puris-backend,supplier,puris-backend-848f5f45fc-kdctn,0.013628176003914387
2026-10-07T15:30:09Z,puris-backend,supplier,puris-backend-848f5f45fc-kdctn,0.011979476642577312
2026-10-07T15:30:24Z,puris-backend,supplier,puris-backend-848f5f45fc-kdctn,0.03167047382682922
2026-10-07T15:30:39Z,puris-backend,supplier,puris-backend-848f5f45fc-kdctn,0.0322299302507203
2026-10-07T15:30:54Z,puris-backend,supplier,puris-backend-848f5f45fc-kdctn,0.04264681785347045
2026-10-07T15:31:09Z,puris-backend,supplier,puris-backend-848f5f45fc-kdctn,0.04100910408019433
2026-10-07T15:31:24Z,puris-backend,supplier,puris-backend-848f5f45fc-kdctn,0.04520909640185836
2026-10-07T15:31:39Z,puris-backend,supplier,puris-backend-848f5f45fc-kdctn,0.02744689139767831
2026-10-07T15:31:54Z,puris-backend,supplier,puris-backend-848f5f45fc-kdctn,0.03195699117691009
2026-10-07T15:32:09Z,puris-backend,supplier,puris-backend-848f5f45fc-kdctn,0.026559311521166144
2026-10-07T15:32:24Z,puris-backend,supplier,puris-backend-848f5f45fc-kdctn,0.012806618658467755
2026-10-07T15:32:39Z,puris-backend,supplier,puris-backend-848f5f45fc-kdctn,0.01024932062198142
2026-10-07T15:32:54Z,puris-backend,supplier,puris-backend-848f5f45fc-kdctn,0.012214114669521913
2026-10-07T15:33:09Z,puris-backend,supplier,puris-backend-848f5f45fc-kdctn,0.010473726347855051
2026-10-07T15:33:24Z,puris-backend,supplier,puris-backend-848f5f45fc-kdctn,0.009118662554536094
2026-10-07T15:33:39Z,puris-backend,supplier,puris-backend-848f5f45fc-kdctn,0.009192652235314236
2026-10-07T15:33:54Z,puris-backend,supplier,puris-backend-848f5f45fc-kdctn,0.008247787738166347
2026-10-07T15:34:09Z,puris-backend,supplier,puris-backend-848f5f45fc-kdctn,0.010319692558518475
2026-10-07T15:34:24Z,puris-backend,supplier,puris-backend-848f5f45fc-kdctn,0.007525221490328102
2026-10-07T15:34:39Z,puris-backend,supplier,puris-backend-848f5f45fc-kdctn,0.011291434071222075
2026-10-07T15:34:54Z,puris-backend,supplier,puris-backend-848f5f45fc-kdctn,0.022071207043690012
2026-10-07T15:35:09Z,puris-backend,supplier,puris-backend-848f5f45fc-kdctn,0.025095134327429186
2026-10-07T15:35:24Z,puris-backend,supplier,puris-backend-848f5f45fc-kdctn,0.018387656427758813
2026-10-07T15:35:39Z,puris-backend,supplier,puris-backend-848f5f45fc-kdctn,0.005285361040443129
2026-10-07T15:35:54Z,puris-backend,supplier,puris-backend-848f5f45fc-kdctn,0.006200640245277023
2026-10-07T15:36:09Z,puris-backend,supplier,puris-backend-848f5f45fc-kdctn,0.006163585554600295
2026-10-07T15:36:24Z,puris-backend,supplier,puris-backend-848f5f45fc-kdctn,0.005196449191686001
2026-10-07T15:36:39Z,puris-backend,supplier,puris-backend-848f5f45fc-kdctn,0.006882577930770568
2026-10-07T15:36:54Z,puris-backend,supplier,puris-backend-848f5f45fc-kdctn,0.009403361344537809
2026-10-07T15:37:09Z,puris-backend,supplier,puris-backend-848f5f45fc-kdctn,0.00958078185616232
2026-10-07T15:37:24Z,puris-backend,supplier,puris-backend-848f5f45fc-kdctn,0.007082279782094883
2026-10-07T15:37:39Z,puris-backend,supplier,puris-backend-848f5f45fc-kdctn,0.006446065181942157
2026-10-07T15:37:54Z,puris-backend,supplier,puris-backend-848f5f45fc-kdctn,0.005462118338706526
2026-10-07T15:38:09Z,puris-backend,supplier,puris-backend-848f5f45fc-kdctn,0.005020098238991063
2026-10-07T15:38:24Z,puris-backend,supplier,puris-backend-848f5f45fc-kdctn,0.006332918040796294
2026-10-07T15:38:39Z,puris-backend,supplier,puris-backend-848f5f45fc-kdctn,0.015541005590813074
2026-10-07T15:38:54Z,puris-backend,supplier,puris-backend-848f5f45fc-kdctn,0.019502794439781316
2026-10-07T15:39:09Z,puris-backend,supplier,puris-backend-848f5f45fc-kdctn,0.016599013091641437
2026-10-07T15:39:24Z,puris-backend,supplier,puris-backend-848f5f45fc-kdctn,0.013214798110728348
2026-10-07T15:39:39Z,puris-backend,supplier,puris-backend-848f5f45fc-kdctn,0.003519236163555994
2026-10-07T15:39:54Z,puris-backend,supplier,puris-backend-848f5f45fc-kdctn,0.0030770930419410864
2026-10-07T15:05:39Z,ssi-dim-wallet-stub,identity,ssi-dim-wallet-stub-b4d7c6fb8-xnmjq,0.0014800296772589905
2026-10-07T15:05:54Z,ssi-dim-wallet-stub,identity,ssi-dim-wallet-stub-b4d7c6fb8-xnmjq,0.0015057559133021445
2026-10-07T15:06:09Z,ssi-dim-wallet-stub,identity,ssi-dim-wallet-stub-b4d7c6fb8-xnmjq,0.0015914874378345995
2026-10-07T15:06:24Z,ssi-dim-wallet-stub,identity,ssi-dim-wallet-stub-b4d7c6fb8-xnmjq,0.0016191230850509343
2026-10-07T15:06:39Z,ssi-dim-wallet-stub,identity,ssi-dim-wallet-stub-b4d7c6fb8-xnmjq,0.0016492727325938398
2026-10-07T15:06:54Z,ssi-dim-wallet-stub,identity,ssi-dim-wallet-stub-b4d7c6fb8-xnmjq,0.002099327289881361
2026-10-07T15:07:09Z,ssi-dim-wallet-stub,identity,ssi-dim-wallet-stub-b4d7c6fb8-xnmjq,0.002260717624537989
2026-10-07T15:07:24Z,ssi-dim-wallet-stub,identity,ssi-dim-wallet-stub-b4d7c6fb8-xnmjq,0.0013809000000009066
2026-10-07T15:07:39Z,ssi-dim-wallet-stub,identity,ssi-dim-wallet-stub-b4d7c6fb8-xnmjq,0.00433381557568682
2026-10-07T15:07:54Z,ssi-dim-wallet-stub,identity,ssi-dim-wallet-stub-b4d7c6fb8-xnmjq,0.006768571178581137
2026-10-07T15:08:09Z,ssi-dim-wallet-stub,identity,ssi-dim-wallet-stub-b4d7c6fb8-xnmjq,0.004880537296369619
2026-10-07T15:08:24Z,ssi-dim-wallet-stub,identity,ssi-dim-wallet-stub-b4d7c6fb8-xnmjq,0.005421806842667255
2026-10-07T15:08:39Z,ssi-dim-wallet-stub,identity,ssi-dim-wallet-stub-b4d7c6fb8-xnmjq,0.004343476035071781
2026-10-07T15:08:54Z,ssi-dim-wallet-stub,identity,ssi-dim-wallet-stub-b4d7c6fb8-xnmjq,0.005608481796145363
2026-10-07T15:09:09Z,ssi-dim-wallet-stub,identity,ssi-dim-wallet-stub-b4d7c6fb8-xnmjq,0.0051842403007409405
2026-10-07T15:09:24Z,ssi-dim-wallet-stub,identity,ssi-dim-wallet-stub-b4d7c6fb8-xnmjq,0.004267783171468297
2026-10-07T15:09:39Z,ssi-dim-wallet-stub,identity,ssi-dim-wallet-stub-b4d7c6fb8-xnmjq,0.005300649322351516
2026-10-07T15:09:54Z,ssi-dim-wallet-stub,identity,ssi-dim-wallet-stub-b4d7c6fb8-xnmjq,0.0050987118509706235
2026-10-07T15:10:09Z,ssi-dim-wallet-stub,identity,ssi-dim-wallet-stub-b4d7c6fb8-xnmjq,0.0053789871144907415
2026-10-07T15:10:24Z,ssi-dim-wallet-stub,identity,ssi-dim-wallet-stub-b4d7c6fb8-xnmjq,0.005122706333972779
2026-10-07T15:10:39Z,ssi-dim-wallet-stub,identity,ssi-dim-wallet-stub-b4d7c6fb8-xnmjq,0.00527156298003061
2026-10-07T15:10:54Z,ssi-dim-wallet-stub,identity,ssi-dim-wallet-stub-b4d7c6fb8-xnmjq,0.0053453993648755775
2026-10-07T15:11:09Z,ssi-dim-wallet-stub,identity,ssi-dim-wallet-stub-b4d7c6fb8-xnmjq,0.005293226809070276
2026-10-07T15:11:24Z,ssi-dim-wallet-stub,identity,ssi-dim-wallet-stub-b4d7c6fb8-xnmjq,0.005255398410257017
2026-10-07T15:11:39Z,ssi-dim-wallet-stub,identity,ssi-dim-wallet-stub-b4d7c6fb8-xnmjq,0.004813431289007465
2026-10-07T15:11:54Z,ssi-dim-wallet-stub,identity,ssi-dim-wallet-stub-b4d7c6fb8-xnmjq,0.00499212979779585
2026-10-07T15:12:09Z,ssi-dim-wallet-stub,identity,ssi-dim-wallet-stub-b4d7c6fb8-xnmjq,0.005443047898437664
2026-10-07T15:12:24Z,ssi-dim-wallet-stub,identity,ssi-dim-wallet-stub-b4d7c6fb8-xnmjq,0.00548765925438366
2026-10-07T15:12:39Z,ssi-dim-wallet-stub,identity,ssi-dim-wallet-stub-b4d7c6fb8-xnmjq,0.005951663405088787
2026-10-07T15:12:54Z,ssi-dim-wallet-stub,identity,ssi-dim-wallet-stub-b4d7c6fb8-xnmjq,0.005097768285240834
2026-10-07T15:13:09Z,ssi-dim-wallet-stub,identity,ssi-dim-wallet-stub-b4d7c6fb8-xnmjq,0.0064302136527055066
2026-10-07T15:13:24Z,ssi-dim-wallet-stub,identity,ssi-dim-wallet-stub-b4d7c6fb8-xnmjq,0.006866737951957045
2026-10-07T15:13:39Z,ssi-dim-wallet-stub,identity,ssi-dim-wallet-stub-b4d7c6fb8-xnmjq,0.008442530365938963
2026-10-07T15:13:54Z,ssi-dim-wallet-stub,identity,ssi-dim-wallet-stub-b4d7c6fb8-xnmjq,0.008725835158817447
2026-10-07T15:14:09Z,ssi-dim-wallet-stub,identity,ssi-dim-wallet-stub-b4d7c6fb8-xnmjq,0.008789245550605384
2026-10-07T15:14:24Z,ssi-dim-wallet-stub,identity,ssi-dim-wallet-stub-b4d7c6fb8-xnmjq,0.008973563500839861
2026-10-07T15:14:39Z,ssi-dim-wallet-stub,identity,ssi-dim-wallet-stub-b4d7c6fb8-xnmjq,0.008310340502916276
2026-10-07T15:14:54Z,ssi-dim-wallet-stub,identity,ssi-dim-wallet-stub-b4d7c6fb8-xnmjq,0.008085892300845717
2026-10-07T15:15:09Z,ssi-dim-wallet-stub,identity,ssi-dim-wallet-stub-b4d7c6fb8-xnmjq,0.008019655214773507
2026-10-07T15:15:24Z,ssi-dim-wallet-stub,identity,ssi-dim-wallet-stub-b4d7c6fb8-xnmjq,0.008499179761698207
2026-10-07T15:15:39Z,ssi-dim-wallet-stub,identity,ssi-dim-wallet-stub-b4d7c6fb8-xnmjq,0.008503281301271442
2026-10-07T15:15:54Z,ssi-dim-wallet-stub,identity,ssi-dim-wallet-stub-b4d7c6fb8-xnmjq,0.008390835339217594
2026-10-07T15:16:09Z,ssi-dim-wallet-stub,identity,ssi-dim-wallet-stub-b4d7c6fb8-xnmjq,0.007774473057588945
2026-10-07T15:16:24Z,ssi-dim-wallet-stub,identity,ssi-dim-wallet-stub-b4d7c6fb8-xnmjq,0.008001161511186147
2026-10-07T15:16:39Z,ssi-dim-wallet-stub,identity,ssi-dim-wallet-stub-b4d7c6fb8-xnmjq,0.008073581980275399
2026-10-07T15:16:54Z,ssi-dim-wallet-stub,identity,ssi-dim-wallet-stub-b4d7c6fb8-xnmjq,0.007917265776560944
2026-10-07T15:17:09Z,ssi-dim-wallet-stub,identity,ssi-dim-wallet-stub-b4d7c6fb8-xnmjq,0.007796126992491433
2026-10-07T15:17:24Z,ssi-dim-wallet-stub,identity,ssi-dim-wallet-stub-b4d7c6fb8-xnmjq,0.008208908984341496
2026-10-07T15:17:39Z,ssi-dim-wallet-stub,identity,ssi-dim-wallet-stub-b4d7c6fb8-xnmjq,0.010044645269025269
2026-10-07T15:17:54Z,ssi-dim-wallet-stub,identity,ssi-dim-wallet-stub-b4d7c6fb8-xnmjq,0.009943637572265797
2026-10-07T15:18:09Z,ssi-dim-wallet-stub,identity,ssi-dim-wallet-stub-b4d7c6fb8-xnmjq,0.01339148054082304
2026-10-07T15:18:24Z,ssi-dim-wallet-stub,identity,ssi-dim-wallet-stub-b4d7c6fb8-xnmjq,0.015572885109583448
2026-10-07T15:18:39Z,ssi-dim-wallet-stub,identity,ssi-dim-wallet-stub-b4d7c6fb8-xnmjq,0.020445542716599787
2026-10-07T15:18:54Z,ssi-dim-wallet-stub,identity,ssi-dim-wallet-stub-b4d7c6fb8-xnmjq,0.01972773239984409
2026-10-07T15:19:09Z,ssi-dim-wallet-stub,identity,ssi-dim-wallet-stub-b4d7c6fb8-xnmjq,0.019765376235964523
2026-10-07T15:19:24Z,ssi-dim-wallet-stub,identity,ssi-dim-wallet-stub-b4d7c6fb8-xnmjq,0.01924316708335058
2026-10-07T15:19:39Z,ssi-dim-wallet-stub,identity,ssi-dim-wallet-stub-b4d7c6fb8-xnmjq,0.019255769809486907
2026-10-07T15:19:54Z,ssi-dim-wallet-stub,identity,ssi-dim-wallet-stub-b4d7c6fb8-xnmjq,0.019083492326835493
2026-10-07T15:20:09Z,ssi-dim-wallet-stub,identity,ssi-dim-wallet-stub-b4d7c6fb8-xnmjq,0.019692907869945393
2026-10-07T15:20:24Z,ssi-dim-wallet-stub,identity,ssi-dim-wallet-stub-b4d7c6fb8-xnmjq,0.01916930869524418
2026-10-07T15:20:39Z,ssi-dim-wallet-stub,identity,ssi-dim-wallet-stub-b4d7c6fb8-xnmjq,0.01896552397907181
2026-10-07T15:20:54Z,ssi-dim-wallet-stub,identity,ssi-dim-wallet-stub-b4d7c6fb8-xnmjq,0.01803114194722566
2026-10-07T15:21:09Z,ssi-dim-wallet-stub,identity,ssi-dim-wallet-stub-b4d7c6fb8-xnmjq,0.017971538943412056
2026-10-07T15:21:24Z,ssi-dim-wallet-stub,identity,ssi-dim-wallet-stub-b4d7c6fb8-xnmjq,0.017718104393287103
2026-10-07T15:21:39Z,ssi-dim-wallet-stub,identity,ssi-dim-wallet-stub-b4d7c6fb8-xnmjq,0.01787011776344549
2026-10-07T15:21:54Z,ssi-dim-wallet-stub,identity,ssi-dim-wallet-stub-b4d7c6fb8-xnmjq,0.018389342645202023
2026-10-07T15:22:09Z,ssi-dim-wallet-stub,identity,ssi-dim-wallet-stub-b4d7c6fb8-xnmjq,0.018918513950979522
2026-10-07T15:22:24Z,ssi-dim-wallet-stub,identity,ssi-dim-wallet-stub-b4d7c6fb8-xnmjq,0.02016966478213749
2026-10-07T15:22:39Z,ssi-dim-wallet-stub,identity,ssi-dim-wallet-stub-b4d7c6fb8-xnmjq,0.02067937835476174
2026-10-07T15:22:54Z,ssi-dim-wallet-stub,identity,ssi-dim-wallet-stub-b4d7c6fb8-xnmjq,0.015620108671105002
2026-10-07T15:23:09Z,ssi-dim-wallet-stub,identity,ssi-dim-wallet-stub-b4d7c6fb8-xnmjq,0.0191566758687173
2026-10-07T15:23:24Z,ssi-dim-wallet-stub,identity,ssi-dim-wallet-stub-b4d7c6fb8-xnmjq,0.018796627502176214
2026-10-07T15:23:39Z,ssi-dim-wallet-stub,identity,ssi-dim-wallet-stub-b4d7c6fb8-xnmjq,0.018616498334118305
2026-10-07T15:23:54Z,ssi-dim-wallet-stub,identity,ssi-dim-wallet-stub-b4d7c6fb8-xnmjq,0.018789976881783178
2026-10-07T15:24:09Z,ssi-dim-wallet-stub,identity,ssi-dim-wallet-stub-b4d7c6fb8-xnmjq,0.018816077387741662
2026-10-07T15:24:24Z,ssi-dim-wallet-stub,identity,ssi-dim-wallet-stub-b4d7c6fb8-xnmjq,0.01846849422929448
2026-10-07T15:24:39Z,ssi-dim-wallet-stub,identity,ssi-dim-wallet-stub-b4d7c6fb8-xnmjq,0.018110322024821216
2026-10-07T15:24:54Z,ssi-dim-wallet-stub,identity,ssi-dim-wallet-stub-b4d7c6fb8-xnmjq,0.018628822867121555
2026-10-07T15:25:09Z,ssi-dim-wallet-stub,identity,ssi-dim-wallet-stub-b4d7c6fb8-xnmjq,0.018394704042518025
2026-10-07T15:25:24Z,ssi-dim-wallet-stub,identity,ssi-dim-wallet-stub-b4d7c6fb8-xnmjq,0.01851410479329472
2026-10-07T15:25:39Z,ssi-dim-wallet-stub,identity,ssi-dim-wallet-stub-b4d7c6fb8-xnmjq,0.017434737782664928
2026-10-07T15:25:54Z,ssi-dim-wallet-stub,identity,ssi-dim-wallet-stub-b4d7c6fb8-xnmjq,0.01762193182096232
2026-10-07T15:26:09Z,ssi-dim-wallet-stub,identity,ssi-dim-wallet-stub-b4d7c6fb8-xnmjq,0.01848595897231572
2026-10-07T15:26:24Z,ssi-dim-wallet-stub,identity,ssi-dim-wallet-stub-b4d7c6fb8-xnmjq,0.01824156467788535
2026-10-07T15:26:39Z,ssi-dim-wallet-stub,identity,ssi-dim-wallet-stub-b4d7c6fb8-xnmjq,0.018899569638573085
2026-10-07T15:26:54Z,ssi-dim-wallet-stub,identity,ssi-dim-wallet-stub-b4d7c6fb8-xnmjq,0.018553330236239618
2026-10-07T15:27:09Z,ssi-dim-wallet-stub,identity,ssi-dim-wallet-stub-b4d7c6fb8-xnmjq,0.016663940320483447
2026-10-07T15:27:24Z,ssi-dim-wallet-stub,identity,ssi-dim-wallet-stub-b4d7c6fb8-xnmjq,0.01929121514232036
2026-10-07T15:27:39Z,ssi-dim-wallet-stub,identity,ssi-dim-wallet-stub-b4d7c6fb8-xnmjq,0.01961245388283987
2026-10-07T15:27:54Z,ssi-dim-wallet-stub,identity,ssi-dim-wallet-stub-b4d7c6fb8-xnmjq,0.011575075000000368
2026-10-07T15:28:09Z,ssi-dim-wallet-stub,identity,ssi-dim-wallet-stub-b4d7c6fb8-xnmjq,0.020093320643288344
2026-10-07T15:28:24Z,ssi-dim-wallet-stub,identity,ssi-dim-wallet-stub-b4d7c6fb8-xnmjq,0.01879711816617318
2026-10-07T15:28:39Z,ssi-dim-wallet-stub,identity,ssi-dim-wallet-stub-b4d7c6fb8-xnmjq,0.015294140244975434
2026-10-07T15:28:54Z,ssi-dim-wallet-stub,identity,ssi-dim-wallet-stub-b4d7c6fb8-xnmjq,0.01759414270500478
2026-10-07T15:29:09Z,ssi-dim-wallet-stub,identity,ssi-dim-wallet-stub-b4d7c6fb8-xnmjq,0.014161726648793692
2026-10-07T15:29:24Z,ssi-dim-wallet-stub,identity,ssi-dim-wallet-stub-b4d7c6fb8-xnmjq,0.017783581424369643
2026-10-07T15:29:39Z,ssi-dim-wallet-stub,identity,ssi-dim-wallet-stub-b4d7c6fb8-xnmjq,0.01853629739206656
2026-10-07T15:29:54Z,ssi-dim-wallet-stub,identity,ssi-dim-wallet-stub-b4d7c6fb8-xnmjq,0.018557138334915617
2026-10-07T15:30:09Z,ssi-dim-wallet-stub,identity,ssi-dim-wallet-stub-b4d7c6fb8-xnmjq,0.018172549711730893
2026-10-07T15:30:24Z,ssi-dim-wallet-stub,identity,ssi-dim-wallet-stub-b4d7c6fb8-xnmjq,0.022181222622786177
2026-10-07T15:30:39Z,ssi-dim-wallet-stub,identity,ssi-dim-wallet-stub-b4d7c6fb8-xnmjq,0.022265074689670122
2026-10-07T15:30:54Z,ssi-dim-wallet-stub,identity,ssi-dim-wallet-stub-b4d7c6fb8-xnmjq,0.022277824961159175
2026-10-07T15:31:09Z,ssi-dim-wallet-stub,identity,ssi-dim-wallet-stub-b4d7c6fb8-xnmjq,0.018834867280244715
2026-10-07T15:31:24Z,ssi-dim-wallet-stub,identity,ssi-dim-wallet-stub-b4d7c6fb8-xnmjq,0.019349534188784965
2026-10-07T15:31:39Z,ssi-dim-wallet-stub,identity,ssi-dim-wallet-stub-b4d7c6fb8-xnmjq,0.02011531714066935
2026-10-07T15:31:54Z,ssi-dim-wallet-stub,identity,ssi-dim-wallet-stub-b4d7c6fb8-xnmjq,0.01916697145909936
2026-10-07T15:32:09Z,ssi-dim-wallet-stub,identity,ssi-dim-wallet-stub-b4d7c6fb8-xnmjq,0.015688980239091294
2026-10-07T15:32:24Z,ssi-dim-wallet-stub,identity,ssi-dim-wallet-stub-b4d7c6fb8-xnmjq,0.01881557694167751
2026-10-07T15:32:39Z,ssi-dim-wallet-stub,identity,ssi-dim-wallet-stub-b4d7c6fb8-xnmjq,0.019070007651109458
2026-10-07T15:32:54Z,ssi-dim-wallet-stub,identity,ssi-dim-wallet-stub-b4d7c6fb8-xnmjq,0.01648003223165588
2026-10-07T15:33:09Z,ssi-dim-wallet-stub,identity,ssi-dim-wallet-stub-b4d7c6fb8-xnmjq,0.0195618907318488
2026-10-07T15:33:24Z,ssi-dim-wallet-stub,identity,ssi-dim-wallet-stub-b4d7c6fb8-xnmjq,0.019696620196704366
2026-10-07T15:33:39Z,ssi-dim-wallet-stub,identity,ssi-dim-wallet-stub-b4d7c6fb8-xnmjq,0.01649322856076755
2026-10-07T15:33:54Z,ssi-dim-wallet-stub,identity,ssi-dim-wallet-stub-b4d7c6fb8-xnmjq,0.01361243389655661
2026-10-07T15:34:09Z,ssi-dim-wallet-stub,identity,ssi-dim-wallet-stub-b4d7c6fb8-xnmjq,0.011919804942923341
2026-10-07T15:34:24Z,ssi-dim-wallet-stub,identity,ssi-dim-wallet-stub-b4d7c6fb8-xnmjq,0.011413879899316397
2026-10-07T15:34:39Z,ssi-dim-wallet-stub,identity,ssi-dim-wallet-stub-b4d7c6fb8-xnmjq,0.013052083961031953
2026-10-07T15:34:54Z,ssi-dim-wallet-stub,identity,ssi-dim-wallet-stub-b4d7c6fb8-xnmjq,0.016328146353017936
2026-10-07T15:35:09Z,ssi-dim-wallet-stub,identity,ssi-dim-wallet-stub-b4d7c6fb8-xnmjq,0.01122030919681865
2026-10-07T15:35:24Z,ssi-dim-wallet-stub,identity,ssi-dim-wallet-stub-b4d7c6fb8-xnmjq,0.008052729244487949
2026-10-07T15:35:39Z,ssi-dim-wallet-stub,identity,ssi-dim-wallet-stub-b4d7c6fb8-xnmjq,0.009831101569244143
2026-10-07T15:35:54Z,ssi-dim-wallet-stub,identity,ssi-dim-wallet-stub-b4d7c6fb8-xnmjq,0.010377428115347632
2026-10-07T15:36:09Z,ssi-dim-wallet-stub,identity,ssi-dim-wallet-stub-b4d7c6fb8-xnmjq,0.009559168995641182
2026-10-07T15:36:24Z,ssi-dim-wallet-stub,identity,ssi-dim-wallet-stub-b4d7c6fb8-xnmjq,0.007437702115388217
2026-10-07T15:36:39Z,ssi-dim-wallet-stub,identity,ssi-dim-wallet-stub-b4d7c6fb8-xnmjq,0.008920856686986002
2026-10-07T15:36:54Z,ssi-dim-wallet-stub,identity,ssi-dim-wallet-stub-b4d7c6fb8-xnmjq,0.011778944540224084
2026-10-07T15:37:09Z,ssi-dim-wallet-stub,identity,ssi-dim-wallet-stub-b4d7c6fb8-xnmjq,0.013589615487554838
2026-10-07T15:37:24Z,ssi-dim-wallet-stub,identity,ssi-dim-wallet-stub-b4d7c6fb8-xnmjq,0.01673007182124496
2026-10-07T15:37:39Z,ssi-dim-wallet-stub,identity,ssi-dim-wallet-stub-b4d7c6fb8-xnmjq,0.01768538026089037
2026-10-07T15:37:54Z,ssi-dim-wallet-stub,identity,ssi-dim-wallet-stub-b4d7c6fb8-xnmjq,0.012685455544669823
2026-10-07T15:38:09Z,ssi-dim-wallet-stub,identity,ssi-dim-wallet-stub-b4d7c6fb8-xnmjq,0.011169215269226537
2026-10-07T15:38:24Z,ssi-dim-wallet-stub,identity,ssi-dim-wallet-stub-b4d7c6fb8-xnmjq,0.019379363057325443
2026-10-07T15:38:39Z,ssi-dim-wallet-stub,identity,ssi-dim-wallet-stub-b4d7c6fb8-xnmjq,0.028643426697513796
2026-10-07T15:38:54Z,ssi-dim-wallet-stub,identity,ssi-dim-wallet-stub-b4d7c6fb8-xnmjq,0.03275635767022072
2026-10-07T15:39:09Z,ssi-dim-wallet-stub,identity,ssi-dim-wallet-stub-b4d7c6fb8-xnmjq,0.023848759530135655
2026-10-07T15:39:24Z,ssi-dim-wallet-stub,identity,ssi-dim-wallet-stub-b4d7c6fb8-xnmjq,0.010600467736791139
2026-10-07T15:39:39Z,ssi-dim-wallet-stub,identity,ssi-dim-wallet-stub-b4d7c6fb8-xnmjq,0.0029639461607716606
2026-10-07T15:39:54Z,ssi-dim-wallet-stub,identity,ssi-dim-wallet-stub-b4d7c6fb8-xnmjq,0.0019017511766613513
2026-10-07T15:05:39Z,tractusx-connector,customer,edc-controlplane-587996b7b5-5mp7v,0.06616042462650719
2026-10-07T15:05:54Z,tractusx-connector,customer,edc-controlplane-587996b7b5-5mp7v,0.05742824720023471
2026-10-07T15:06:09Z,tractusx-connector,customer,edc-controlplane-587996b7b5-5mp7v,0.06026506091531556
2026-10-07T15:06:24Z,tractusx-connector,customer,edc-controlplane-587996b7b5-5mp7v,0.032826185013041555
2026-10-07T15:06:39Z,tractusx-connector,customer,edc-controlplane-587996b7b5-5mp7v,0.02530806555962909
2026-10-07T15:06:54Z,tractusx-connector,customer,edc-controlplane-587996b7b5-5mp7v,0.021149490257337818
2026-10-07T15:07:09Z,tractusx-connector,customer,edc-controlplane-587996b7b5-5mp7v,0.022566338197995913
2026-10-07T15:07:24Z,tractusx-connector,customer,edc-controlplane-587996b7b5-5mp7v,0.09634131035684934
2026-10-07T15:07:39Z,tractusx-connector,customer,edc-controlplane-587996b7b5-5mp7v,0.1721155777777778
2026-10-07T15:07:54Z,tractusx-connector,customer,edc-controlplane-587996b7b5-5mp7v,0.3149053467208806
2026-10-07T15:08:09Z,tractusx-connector,customer,edc-controlplane-587996b7b5-5mp7v,0.2370027835923931
2026-10-07T15:08:24Z,tractusx-connector,customer,edc-controlplane-587996b7b5-5mp7v,0.16144999804832344
2026-10-07T15:08:39Z,tractusx-connector,customer,edc-controlplane-587996b7b5-5mp7v,0.12046714041656066
2026-10-07T15:08:54Z,tractusx-connector,customer,edc-controlplane-587996b7b5-5mp7v,0.12249314665938998
2026-10-07T15:09:09Z,tractusx-connector,customer,edc-controlplane-587996b7b5-5mp7v,0.12072890769637667
2026-10-07T15:09:24Z,tractusx-connector,customer,edc-controlplane-587996b7b5-5mp7v,0.11222898829834002
2026-10-07T15:09:39Z,tractusx-connector,customer,edc-controlplane-587996b7b5-5mp7v,0.08854687916702124
2026-10-07T15:09:54Z,tractusx-connector,customer,edc-controlplane-587996b7b5-5mp7v,0.1263156109380408
2026-10-07T15:10:09Z,tractusx-connector,customer,edc-controlplane-587996b7b5-5mp7v,0.12257060755336617
2026-10-07T15:10:24Z,tractusx-connector,customer,edc-controlplane-587996b7b5-5mp7v,0.07231494856734948
2026-10-07T15:10:39Z,tractusx-connector,customer,edc-controlplane-587996b7b5-5mp7v,0.08793600745265955
2026-10-07T15:10:54Z,tractusx-connector,customer,edc-controlplane-587996b7b5-5mp7v,0.0841181859617137
2026-10-07T15:11:09Z,tractusx-connector,customer,edc-controlplane-587996b7b5-5mp7v,0.0852808280828084
2026-10-07T15:11:24Z,tractusx-connector,customer,edc-controlplane-587996b7b5-5mp7v,0.09196888873940544
2026-10-07T15:11:39Z,tractusx-connector,customer,edc-controlplane-587996b7b5-5mp7v,0.07886976248900408
2026-10-07T15:11:54Z,tractusx-connector,customer,edc-controlplane-587996b7b5-5mp7v,0.08020070051903751
2026-10-07T15:12:09Z,tractusx-connector,customer,edc-controlplane-587996b7b5-5mp7v,0.06696916188866311
2026-10-07T15:12:24Z,tractusx-connector,customer,edc-controlplane-587996b7b5-5mp7v,0.0747267668336116
2026-10-07T15:12:39Z,tractusx-connector,customer,edc-controlplane-587996b7b5-5mp7v,0.07024587048992731
2026-10-07T15:12:54Z,tractusx-connector,customer,edc-controlplane-587996b7b5-5mp7v,0.062051064988138886
2026-10-07T15:13:09Z,tractusx-connector,customer,edc-controlplane-587996b7b5-5mp7v,0.07384986790953424
2026-10-07T15:13:24Z,tractusx-connector,customer,edc-controlplane-587996b7b5-5mp7v,0.08526004186837614
2026-10-07T15:13:39Z,tractusx-connector,customer,edc-controlplane-587996b7b5-5mp7v,0.09784249924539701
2026-10-07T15:13:54Z,tractusx-connector,customer,edc-controlplane-587996b7b5-5mp7v,0.10907419010943566
2026-10-07T15:14:09Z,tractusx-connector,customer,edc-controlplane-587996b7b5-5mp7v,0.10351147075280852
2026-10-07T15:14:24Z,tractusx-connector,customer,edc-controlplane-587996b7b5-5mp7v,0.0685951329059529
2026-10-07T15:14:39Z,tractusx-connector,customer,edc-controlplane-587996b7b5-5mp7v,0.08166477093206966
2026-10-07T15:14:54Z,tractusx-connector,customer,edc-controlplane-587996b7b5-5mp7v,0.08161575875486358
2026-10-07T15:15:09Z,tractusx-connector,customer,edc-controlplane-587996b7b5-5mp7v,0.10250821740916813
2026-10-07T15:15:24Z,tractusx-connector,customer,edc-controlplane-587996b7b5-5mp7v,0.10859662007093662
2026-10-07T15:15:39Z,tractusx-connector,customer,edc-controlplane-587996b7b5-5mp7v,0.10962588372135304
2026-10-07T15:15:54Z,tractusx-connector,customer,edc-controlplane-587996b7b5-5mp7v,0.08764182083106258
2026-10-07T15:16:09Z,tractusx-connector,customer,edc-controlplane-587996b7b5-5mp7v,0.08756157244254723
2026-10-07T15:16:24Z,tractusx-connector,customer,edc-controlplane-587996b7b5-5mp7v,0.08076034767249995
2026-10-07T15:16:39Z,tractusx-connector,customer,edc-controlplane-587996b7b5-5mp7v,0.07656737425011541
2026-10-07T15:16:54Z,tractusx-connector,customer,edc-controlplane-587996b7b5-5mp7v,0.08471472103606591
2026-10-07T15:17:09Z,tractusx-connector,customer,edc-controlplane-587996b7b5-5mp7v,0.08340437647144729
2026-10-07T15:17:24Z,tractusx-connector,customer,edc-controlplane-587996b7b5-5mp7v,0.08211143804936559
2026-10-07T15:17:39Z,tractusx-connector,customer,edc-controlplane-587996b7b5-5mp7v,0.07413634496116457
2026-10-07T15:17:54Z,tractusx-connector,customer,edc-controlplane-587996b7b5-5mp7v,0.08338360345642915
2026-10-07T15:18:09Z,tractusx-connector,customer,edc-controlplane-587996b7b5-5mp7v,0.14605821082200499
2026-10-07T15:18:24Z,tractusx-connector,customer,edc-controlplane-587996b7b5-5mp7v,0.184689247585155
2026-10-07T15:18:39Z,tractusx-connector,customer,edc-controlplane-587996b7b5-5mp7v,0.21505906702412875
2026-10-07T15:18:54Z,tractusx-connector,customer,edc-controlplane-587996b7b5-5mp7v,0.1614467497633003
2026-10-07T15:19:09Z,tractusx-connector,customer,edc-controlplane-587996b7b5-5mp7v,0.19838130832653772
2026-10-07T15:19:24Z,tractusx-connector,customer,edc-controlplane-587996b7b5-5mp7v,0.2011408173051306
2026-10-07T15:19:39Z,tractusx-connector,customer,edc-controlplane-587996b7b5-5mp7v,0.11357959999999992
2026-10-07T15:19:54Z,tractusx-connector,customer,edc-controlplane-587996b7b5-5mp7v,0.18638373181704002
2026-10-07T15:20:09Z,tractusx-connector,customer,edc-controlplane-587996b7b5-5mp7v,0.18797352978859708
2026-10-07T15:20:24Z,tractusx-connector,customer,edc-controlplane-587996b7b5-5mp7v,0.20590631968078876
2026-10-07T15:20:39Z,tractusx-connector,customer,edc-controlplane-587996b7b5-5mp7v,0.20373545877879917
2026-10-07T15:20:54Z,tractusx-connector,customer,edc-controlplane-587996b7b5-5mp7v,0.197399916112181
2026-10-07T15:21:09Z,tractusx-connector,customer,edc-controlplane-587996b7b5-5mp7v,0.15252228466926587
2026-10-07T15:21:24Z,tractusx-connector,customer,edc-controlplane-587996b7b5-5mp7v,0.1717425006880105
2026-10-07T15:21:39Z,tractusx-connector,customer,edc-controlplane-587996b7b5-5mp7v,0.15291551516771384
2026-10-07T15:21:54Z,tractusx-connector,customer,edc-controlplane-587996b7b5-5mp7v,0.15145175816805528
2026-10-07T15:22:09Z,tractusx-connector,customer,edc-controlplane-587996b7b5-5mp7v,0.14173084804018773
2026-10-07T15:22:24Z,tractusx-connector,customer,edc-controlplane-587996b7b5-5mp7v,0.14212646041686094
2026-10-07T15:22:39Z,tractusx-connector,customer,edc-controlplane-587996b7b5-5mp7v,0.13852411575562715
2026-10-07T15:22:54Z,tractusx-connector,customer,edc-controlplane-587996b7b5-5mp7v,0.14453212199870177
2026-10-07T15:23:09Z,tractusx-connector,customer,edc-controlplane-587996b7b5-5mp7v,0.14920616238098838
2026-10-07T15:23:24Z,tractusx-connector,customer,edc-controlplane-587996b7b5-5mp7v,0.1499928342447669
2026-10-07T15:23:39Z,tractusx-connector,customer,edc-controlplane-587996b7b5-5mp7v,0.09237307499999971
2026-10-07T15:23:54Z,tractusx-connector,customer,edc-controlplane-587996b7b5-5mp7v,0.1477649574973266
2026-10-07T15:24:09Z,tractusx-connector,customer,edc-controlplane-587996b7b5-5mp7v,0.12083829201753551
2026-10-07T15:24:24Z,tractusx-connector,customer,edc-controlplane-587996b7b5-5mp7v,0.12645496719464516
2026-10-07T15:24:39Z,tractusx-connector,customer,edc-controlplane-587996b7b5-5mp7v,0.12781557257018517
2026-10-07T15:24:54Z,tractusx-connector,customer,edc-controlplane-587996b7b5-5mp7v,0.1395278512974955
2026-10-07T15:25:09Z,tractusx-connector,customer,edc-controlplane-587996b7b5-5mp7v,0.13116840580944653
2026-10-07T15:25:24Z,tractusx-connector,customer,edc-controlplane-587996b7b5-5mp7v,0.1321597368312501
2026-10-07T15:25:39Z,tractusx-connector,customer,edc-controlplane-587996b7b5-5mp7v,0.12909389351556888
2026-10-07T15:25:54Z,tractusx-connector,customer,edc-controlplane-587996b7b5-5mp7v,0.13551602520336295
2026-10-07T15:26:09Z,tractusx-connector,customer,edc-controlplane-587996b7b5-5mp7v,0.1298878741350774
2026-10-07T15:26:24Z,tractusx-connector,customer,edc-controlplane-587996b7b5-5mp7v,0.12550415797671471
2026-10-07T15:26:39Z,tractusx-connector,customer,edc-controlplane-587996b7b5-5mp7v,0.11749667510757007
2026-10-07T15:26:54Z,tractusx-connector,customer,edc-controlplane-587996b7b5-5mp7v,0.11771777341382458
2026-10-07T15:27:09Z,tractusx-connector,customer,edc-controlplane-587996b7b5-5mp7v,0.09567206950809452
2026-10-07T15:27:24Z,tractusx-connector,customer,edc-controlplane-587996b7b5-5mp7v,0.11030844353482563
2026-10-07T15:27:39Z,tractusx-connector,customer,edc-controlplane-587996b7b5-5mp7v,0.13499132764577282
2026-10-07T15:27:54Z,tractusx-connector,customer,edc-controlplane-587996b7b5-5mp7v,0.13610943066967252
2026-10-07T15:28:09Z,tractusx-connector,customer,edc-controlplane-587996b7b5-5mp7v,0.12990608524167924
2026-10-07T15:28:24Z,tractusx-connector,customer,edc-controlplane-587996b7b5-5mp7v,0.1243521853364784
2026-10-07T15:28:39Z,tractusx-connector,customer,edc-controlplane-587996b7b5-5mp7v,0.10638273906058753
2026-10-07T15:28:54Z,tractusx-connector,customer,edc-controlplane-587996b7b5-5mp7v,0.11633513116932036
2026-10-07T15:29:09Z,tractusx-connector,customer,edc-controlplane-587996b7b5-5mp7v,0.09503225574825724
2026-10-07T15:29:24Z,tractusx-connector,customer,edc-controlplane-587996b7b5-5mp7v,0.13214165545087533
2026-10-07T15:29:39Z,tractusx-connector,customer,edc-controlplane-587996b7b5-5mp7v,0.12595505381769276
2026-10-07T15:29:54Z,tractusx-connector,customer,edc-controlplane-587996b7b5-5mp7v,0.1345118707630169
2026-10-07T15:30:09Z,tractusx-connector,customer,edc-controlplane-587996b7b5-5mp7v,0.12701566840107956
2026-10-07T15:30:24Z,tractusx-connector,customer,edc-controlplane-587996b7b5-5mp7v,0.1277765971066447
2026-10-07T15:30:39Z,tractusx-connector,customer,edc-controlplane-587996b7b5-5mp7v,0.11869913029375405
2026-10-07T15:30:54Z,tractusx-connector,customer,edc-controlplane-587996b7b5-5mp7v,0.12535586549484146
2026-10-07T15:31:09Z,tractusx-connector,customer,edc-controlplane-587996b7b5-5mp7v,0.12794700456392383
2026-10-07T15:31:24Z,tractusx-connector,customer,edc-controlplane-587996b7b5-5mp7v,0.12371574516855724
2026-10-07T15:31:39Z,tractusx-connector,customer,edc-controlplane-587996b7b5-5mp7v,0.11850024115403168
2026-10-07T15:31:54Z,tractusx-connector,customer,edc-controlplane-587996b7b5-5mp7v,0.11602297043135042
2026-10-07T15:32:09Z,tractusx-connector,customer,edc-controlplane-587996b7b5-5mp7v,0.12335767448738154
2026-10-07T15:32:24Z,tractusx-connector,customer,edc-controlplane-587996b7b5-5mp7v,0.14164112047120067
2026-10-07T15:32:39Z,tractusx-connector,customer,edc-controlplane-587996b7b5-5mp7v,0.15417649315192103
2026-10-07T15:32:54Z,tractusx-connector,customer,edc-controlplane-587996b7b5-5mp7v,0.16994110480012878
2026-10-07T15:33:09Z,tractusx-connector,customer,edc-controlplane-587996b7b5-5mp7v,0.1482051344002304
2026-10-07T15:33:24Z,tractusx-connector,customer,edc-controlplane-587996b7b5-5mp7v,0.4123717797919696
2026-10-07T15:33:39Z,tractusx-connector,customer,edc-controlplane-587996b7b5-5mp7v,0.47787344274641513
2026-10-07T15:33:54Z,tractusx-connector,customer,edc-controlplane-587996b7b5-5mp7v,0.47859385589156705
2026-10-07T15:34:09Z,tractusx-connector,customer,edc-controlplane-587996b7b5-5mp7v,0.4687922846339213
2026-10-07T15:34:24Z,tractusx-connector,customer,edc-controlplane-587996b7b5-5mp7v,0.4554489769853632
2026-10-07T15:34:39Z,tractusx-connector,customer,edc-controlplane-587996b7b5-5mp7v,0.4645877910381456
2026-10-07T15:34:54Z,tractusx-connector,customer,edc-controlplane-587996b7b5-5mp7v,0.4724635223880606
2026-10-07T15:35:09Z,tractusx-connector,customer,edc-controlplane-587996b7b5-5mp7v,0.40584519183545004
2026-10-07T15:35:24Z,tractusx-connector,customer,edc-controlplane-587996b7b5-5mp7v,0.47707654551549034
2026-10-07T15:35:39Z,tractusx-connector,customer,edc-controlplane-587996b7b5-5mp7v,0.4857625115991338
2026-10-07T15:35:54Z,tractusx-connector,customer,edc-controlplane-587996b7b5-5mp7v,0.49630485243727235
2026-10-07T15:36:09Z,tractusx-connector,customer,edc-controlplane-587996b7b5-5mp7v,0.49695260908281375
2026-10-07T15:36:24Z,tractusx-connector,customer,edc-controlplane-587996b7b5-5mp7v,0.4969069100461018
2026-10-07T15:36:39Z,tractusx-connector,customer,edc-controlplane-587996b7b5-5mp7v,0.49941128584643796
2026-10-07T15:36:54Z,tractusx-connector,customer,edc-controlplane-587996b7b5-5mp7v,0.4981364414377712
2026-10-07T15:37:09Z,tractusx-connector,customer,edc-controlplane-587996b7b5-5mp7v,0.48669124103818157
2026-10-07T15:37:24Z,tractusx-connector,customer,edc-controlplane-587996b7b5-5mp7v,0.490820088319954
2026-10-07T15:37:39Z,tractusx-connector,customer,edc-controlplane-587996b7b5-5mp7v,0.4912121655604568
2026-10-07T15:37:54Z,tractusx-connector,customer,edc-controlplane-587996b7b5-5mp7v,0.49803334200052
2026-10-07T15:38:09Z,tractusx-connector,customer,edc-controlplane-587996b7b5-5mp7v,0.4978770049916808
2026-10-07T15:38:24Z,tractusx-connector,customer,edc-controlplane-587996b7b5-5mp7v,0.48845233205426025
2026-10-07T15:38:39Z,tractusx-connector,customer,edc-controlplane-587996b7b5-5mp7v,0.4098199289222904
2026-10-07T15:38:54Z,tractusx-connector,customer,edc-controlplane-587996b7b5-5mp7v,0.23505117500000097
2026-10-07T15:39:09Z,tractusx-connector,customer,edc-controlplane-587996b7b5-5mp7v,0.21769690462473204
2026-10-07T15:39:24Z,tractusx-connector,customer,edc-controlplane-587996b7b5-5mp7v,0.1250419933230804
2026-10-07T15:39:39Z,tractusx-connector,customer,edc-controlplane-587996b7b5-5mp7v,0.012361784078041907
2026-10-07T15:39:54Z,tractusx-connector,customer,edc-controlplane-587996b7b5-5mp7v,0.01477775813295693
2026-10-07T15:05:39Z,tractusx-connector,customer,edc-dataplane-7bd7b6bd97-rplwg,0.01792880169475912
2026-10-07T15:05:54Z,tractusx-connector,customer,edc-dataplane-7bd7b6bd97-rplwg,0.021669705445630016
2026-10-07T15:06:09Z,tractusx-connector,customer,edc-dataplane-7bd7b6bd97-rplwg,0.022847858115290685
2026-10-07T15:06:24Z,tractusx-connector,customer,edc-dataplane-7bd7b6bd97-rplwg,0.02197094074854406
2026-10-07T15:06:39Z,tractusx-connector,customer,edc-dataplane-7bd7b6bd97-rplwg,0.01526397405660381
2026-10-07T15:06:54Z,tractusx-connector,customer,edc-dataplane-7bd7b6bd97-rplwg,0.009749340550955369
2026-10-07T15:07:09Z,tractusx-connector,customer,edc-dataplane-7bd7b6bd97-rplwg,0.009935815675786927
2026-10-07T15:07:24Z,tractusx-connector,customer,edc-dataplane-7bd7b6bd97-rplwg,0.010437053552101767
2026-10-07T15:07:39Z,tractusx-connector,customer,edc-dataplane-7bd7b6bd97-rplwg,0.007661531597116201
2026-10-07T15:07:54Z,tractusx-connector,customer,edc-dataplane-7bd7b6bd97-rplwg,0.007346389965572816
2026-10-07T15:08:09Z,tractusx-connector,customer,edc-dataplane-7bd7b6bd97-rplwg,0.007863153577911008
2026-10-07T15:08:24Z,tractusx-connector,customer,edc-dataplane-7bd7b6bd97-rplwg,0.00787665155490208
2026-10-07T15:08:39Z,tractusx-connector,customer,edc-dataplane-7bd7b6bd97-rplwg,0.009108593490679795
2026-10-07T15:08:54Z,tractusx-connector,customer,edc-dataplane-7bd7b6bd97-rplwg,0.008089001992332033
2026-10-07T15:09:09Z,tractusx-connector,customer,edc-dataplane-7bd7b6bd97-rplwg,0.008451125947719799
2026-10-07T15:09:24Z,tractusx-connector,customer,edc-dataplane-7bd7b6bd97-rplwg,0.008935001059995767
2026-10-07T15:09:39Z,tractusx-connector,customer,edc-dataplane-7bd7b6bd97-rplwg,0.011459628603672964
2026-10-07T15:09:54Z,tractusx-connector,customer,edc-dataplane-7bd7b6bd97-rplwg,0.012857128210385947
2026-10-07T15:10:09Z,tractusx-connector,customer,edc-dataplane-7bd7b6bd97-rplwg,0.01173336111216334
2026-10-07T15:10:24Z,tractusx-connector,customer,edc-dataplane-7bd7b6bd97-rplwg,0.011009454850098785
2026-10-07T15:10:39Z,tractusx-connector,customer,edc-dataplane-7bd7b6bd97-rplwg,0.007959795367522438
2026-10-07T15:10:54Z,tractusx-connector,customer,edc-dataplane-7bd7b6bd97-rplwg,0.008054200181111124
2026-10-07T15:11:09Z,tractusx-connector,customer,edc-dataplane-7bd7b6bd97-rplwg,0.008164103882746234
2026-10-07T15:11:24Z,tractusx-connector,customer,edc-dataplane-7bd7b6bd97-rplwg,0.0076640127987954556
2026-10-07T15:11:39Z,tractusx-connector,customer,edc-dataplane-7bd7b6bd97-rplwg,0.011676005929690824
2026-10-07T15:11:54Z,tractusx-connector,customer,edc-dataplane-7bd7b6bd97-rplwg,0.012297607128554242
2026-10-07T15:12:09Z,tractusx-connector,customer,edc-dataplane-7bd7b6bd97-rplwg,0.011478902904756396
2026-10-07T15:12:24Z,tractusx-connector,customer,edc-dataplane-7bd7b6bd97-rplwg,0.007562944675120588
2026-10-07T15:12:39Z,tractusx-connector,customer,edc-dataplane-7bd7b6bd97-rplwg,0.007362241984172343
2026-10-07T15:12:54Z,tractusx-connector,customer,edc-dataplane-7bd7b6bd97-rplwg,0.007808288843888016
2026-10-07T15:13:09Z,tractusx-connector,customer,edc-dataplane-7bd7b6bd97-rplwg,0.0065595160472361495
2026-10-07T15:13:24Z,tractusx-connector,customer,edc-dataplane-7bd7b6bd97-rplwg,0.007681562599192822
2026-10-07T15:13:39Z,tractusx-connector,customer,edc-dataplane-7bd7b6bd97-rplwg,0.007910703829488247
2026-10-07T15:13:54Z,tractusx-connector,customer,edc-dataplane-7bd7b6bd97-rplwg,0.00796768479152682
2026-10-07T15:14:09Z,tractusx-connector,customer,edc-dataplane-7bd7b6bd97-rplwg,0.00717454249695
2026-10-07T15:14:24Z,tractusx-connector,customer,edc-dataplane-7bd7b6bd97-rplwg,0.006988799931862708
2026-10-07T15:14:39Z,tractusx-connector,customer,edc-dataplane-7bd7b6bd97-rplwg,0.007611956673981011
2026-10-07T15:14:54Z,tractusx-connector,customer,edc-dataplane-7bd7b6bd97-rplwg,0.007189893453660631
2026-10-07T15:15:09Z,tractusx-connector,customer,edc-dataplane-7bd7b6bd97-rplwg,0.025527257553815526
2026-10-07T15:15:24Z,tractusx-connector,customer,edc-dataplane-7bd7b6bd97-rplwg,0.02640112381921554
2026-10-07T15:15:39Z,tractusx-connector,customer,edc-dataplane-7bd7b6bd97-rplwg,0.025540851781991458
2026-10-07T15:15:54Z,tractusx-connector,customer,edc-dataplane-7bd7b6bd97-rplwg,0.011513747893633653
2026-10-07T15:16:09Z,tractusx-connector,customer,edc-dataplane-7bd7b6bd97-rplwg,0.008167291047668274
2026-10-07T15:16:24Z,tractusx-connector,customer,edc-dataplane-7bd7b6bd97-rplwg,0.0063430950514778645
2026-10-07T15:16:39Z,tractusx-connector,customer,edc-dataplane-7bd7b6bd97-rplwg,0.005912392169017037
2026-10-07T15:16:54Z,tractusx-connector,customer,edc-dataplane-7bd7b6bd97-rplwg,0.0064214891349673574
2026-10-07T15:17:09Z,tractusx-connector,customer,edc-dataplane-7bd7b6bd97-rplwg,0.006788577432400273
2026-10-07T15:17:24Z,tractusx-connector,customer,edc-dataplane-7bd7b6bd97-rplwg,0.00869808586324367
2026-10-07T15:17:39Z,tractusx-connector,customer,edc-dataplane-7bd7b6bd97-rplwg,0.009555738076356625
2026-10-07T15:17:54Z,tractusx-connector,customer,edc-dataplane-7bd7b6bd97-rplwg,0.0077653574190697456
2026-10-07T15:18:09Z,tractusx-connector,customer,edc-dataplane-7bd7b6bd97-rplwg,0.005504332909408175
2026-10-07T15:18:24Z,tractusx-connector,customer,edc-dataplane-7bd7b6bd97-rplwg,0.006741989780583065
2026-10-07T15:18:39Z,tractusx-connector,customer,edc-dataplane-7bd7b6bd97-rplwg,0.006508352144469499
2026-10-07T15:18:54Z,tractusx-connector,customer,edc-dataplane-7bd7b6bd97-rplwg,0.0060410608424337296
2026-10-07T15:19:09Z,tractusx-connector,customer,edc-dataplane-7bd7b6bd97-rplwg,0.0057828131148899035
2026-10-07T15:19:24Z,tractusx-connector,customer,edc-dataplane-7bd7b6bd97-rplwg,0.006036605078468706
2026-10-07T15:19:39Z,tractusx-connector,customer,edc-dataplane-7bd7b6bd97-rplwg,0.00627395033860038
2026-10-07T15:19:54Z,tractusx-connector,customer,edc-dataplane-7bd7b6bd97-rplwg,0.006393901450983268
2026-10-07T15:20:09Z,tractusx-connector,customer,edc-dataplane-7bd7b6bd97-rplwg,0.00639222017220167
2026-10-07T15:20:24Z,tractusx-connector,customer,edc-dataplane-7bd7b6bd97-rplwg,0.006463788959375903
2026-10-07T15:20:39Z,tractusx-connector,customer,edc-dataplane-7bd7b6bd97-rplwg,0.00825955078513221
2026-10-07T15:20:54Z,tractusx-connector,customer,edc-dataplane-7bd7b6bd97-rplwg,0.00829230291193183
2026-10-07T15:21:09Z,tractusx-connector,customer,edc-dataplane-7bd7b6bd97-rplwg,0.008166548618840416
2026-10-07T15:21:24Z,tractusx-connector,customer,edc-dataplane-7bd7b6bd97-rplwg,0.005597095987585902
2026-10-07T15:21:39Z,tractusx-connector,customer,edc-dataplane-7bd7b6bd97-rplwg,0.005276703700463699
2026-10-07T15:21:54Z,tractusx-connector,customer,edc-dataplane-7bd7b6bd97-rplwg,0.005400607314175099
2026-10-07T15:22:09Z,tractusx-connector,customer,edc-dataplane-7bd7b6bd97-rplwg,0.004874466059703641
2026-10-07T15:22:24Z,tractusx-connector,customer,edc-dataplane-7bd7b6bd97-rplwg,0.012572763569655762
2026-10-07T15:22:39Z,tractusx-connector,customer,edc-dataplane-7bd7b6bd97-rplwg,0.013039488176981969
2026-10-07T15:22:54Z,tractusx-connector,customer,edc-dataplane-7bd7b6bd97-rplwg,0.013585374219661097
2026-10-07T15:23:09Z,tractusx-connector,customer,edc-dataplane-7bd7b6bd97-rplwg,0.005945392655096325
2026-10-07T15:23:24Z,tractusx-connector,customer,edc-dataplane-7bd7b6bd97-rplwg,0.006567309636459268
2026-10-07T15:23:39Z,tractusx-connector,customer,edc-dataplane-7bd7b6bd97-rplwg,0.006880655533658349
2026-10-07T15:23:54Z,tractusx-connector,customer,edc-dataplane-7bd7b6bd97-rplwg,0.006235937850915724
2026-10-07T15:24:09Z,tractusx-connector,customer,edc-dataplane-7bd7b6bd97-rplwg,0.005178017876436452
2026-10-07T15:24:24Z,tractusx-connector,customer,edc-dataplane-7bd7b6bd97-rplwg,0.0047362744474816094
2026-10-07T15:24:39Z,tractusx-connector,customer,edc-dataplane-7bd7b6bd97-rplwg,0.005949973340751574
2026-10-07T15:24:54Z,tractusx-connector,customer,edc-dataplane-7bd7b6bd97-rplwg,0.0056396347489113255
2026-10-07T15:25:09Z,tractusx-connector,customer,edc-dataplane-7bd7b6bd97-rplwg,0.005843910423331613
2026-10-07T15:25:24Z,tractusx-connector,customer,edc-dataplane-7bd7b6bd97-rplwg,0.006368738570197339
2026-10-07T15:25:39Z,tractusx-connector,customer,edc-dataplane-7bd7b6bd97-rplwg,0.0064890816371006785
2026-10-07T15:25:54Z,tractusx-connector,customer,edc-dataplane-7bd7b6bd97-rplwg,0.007370544957927647
2026-10-07T15:26:09Z,tractusx-connector,customer,edc-dataplane-7bd7b6bd97-rplwg,0.0063108805922405834
2026-10-07T15:26:24Z,tractusx-connector,customer,edc-dataplane-7bd7b6bd97-rplwg,0.00602055681450309
2026-10-07T15:26:39Z,tractusx-connector,customer,edc-dataplane-7bd7b6bd97-rplwg,0.007085076975418942
2026-10-07T15:26:54Z,tractusx-connector,customer,edc-dataplane-7bd7b6bd97-rplwg,0.00817353516493287
2026-10-07T15:27:09Z,tractusx-connector,customer,edc-dataplane-7bd7b6bd97-rplwg,0.00863116175377756
2026-10-07T15:27:24Z,tractusx-connector,customer,edc-dataplane-7bd7b6bd97-rplwg,0.006367486512892369
2026-10-07T15:27:39Z,tractusx-connector,customer,edc-dataplane-7bd7b6bd97-rplwg,0.005210391822827922
2026-10-07T15:27:54Z,tractusx-connector,customer,edc-dataplane-7bd7b6bd97-rplwg,0.0048840615454666175
2026-10-07T15:28:09Z,tractusx-connector,customer,edc-dataplane-7bd7b6bd97-rplwg,0.005089581190301309
2026-10-07T15:28:24Z,tractusx-connector,customer,edc-dataplane-7bd7b6bd97-rplwg,0.004932489986310381
2026-10-07T15:28:39Z,tractusx-connector,customer,edc-dataplane-7bd7b6bd97-rplwg,0.004409520437896491
2026-10-07T15:28:54Z,tractusx-connector,customer,edc-dataplane-7bd7b6bd97-rplwg,0.006089291953146349
2026-10-07T15:29:09Z,tractusx-connector,customer,edc-dataplane-7bd7b6bd97-rplwg,0.007086595984126041
2026-10-07T15:29:24Z,tractusx-connector,customer,edc-dataplane-7bd7b6bd97-rplwg,0.007620978272503516
2026-10-07T15:29:39Z,tractusx-connector,customer,edc-dataplane-7bd7b6bd97-rplwg,0.0076091606472926555
2026-10-07T15:29:54Z,tractusx-connector,customer,edc-dataplane-7bd7b6bd97-rplwg,0.004827554889539794
2026-10-07T15:30:09Z,tractusx-connector,customer,edc-dataplane-7bd7b6bd97-rplwg,0.005689679730662967
2026-10-07T15:30:24Z,tractusx-connector,customer,edc-dataplane-7bd7b6bd97-rplwg,0.0052907400371024725
2026-10-07T15:30:39Z,tractusx-connector,customer,edc-dataplane-7bd7b6bd97-rplwg,0.0053789697830054556
2026-10-07T15:30:54Z,tractusx-connector,customer,edc-dataplane-7bd7b6bd97-rplwg,0.004658754699352646
2026-10-07T15:31:09Z,tractusx-connector,customer,edc-dataplane-7bd7b6bd97-rplwg,0.005457424481807227
2026-10-07T15:31:24Z,tractusx-connector,customer,edc-dataplane-7bd7b6bd97-rplwg,0.004899281897725811
2026-10-07T15:31:39Z,tractusx-connector,customer,edc-dataplane-7bd7b6bd97-rplwg,0.005488831870976593
2026-10-07T15:31:54Z,tractusx-connector,customer,edc-dataplane-7bd7b6bd97-rplwg,0.004786219224831402
2026-10-07T15:32:09Z,tractusx-connector,customer,edc-dataplane-7bd7b6bd97-rplwg,0.005789466148496621
2026-10-07T15:32:24Z,tractusx-connector,customer,edc-dataplane-7bd7b6bd97-rplwg,0.006088145613667596
2026-10-07T15:32:39Z,tractusx-connector,customer,edc-dataplane-7bd7b6bd97-rplwg,0.005837370321283335
2026-10-07T15:32:54Z,tractusx-connector,customer,edc-dataplane-7bd7b6bd97-rplwg,0.004794066849537729
2026-10-07T15:33:09Z,tractusx-connector,customer,edc-dataplane-7bd7b6bd97-rplwg,0.004645904343045663
2026-10-07T15:33:24Z,tractusx-connector,customer,edc-dataplane-7bd7b6bd97-rplwg,0.004712207536801918
2026-10-07T15:33:39Z,tractusx-connector,customer,edc-dataplane-7bd7b6bd97-rplwg,0.005497381897692646
2026-10-07T15:33:54Z,tractusx-connector,customer,edc-dataplane-7bd7b6bd97-rplwg,0.006573298044405194
2026-10-07T15:34:09Z,tractusx-connector,customer,edc-dataplane-7bd7b6bd97-rplwg,0.005907786924384457
2026-10-07T15:34:24Z,tractusx-connector,customer,edc-dataplane-7bd7b6bd97-rplwg,0.0055638789021826155
2026-10-07T15:34:39Z,tractusx-connector,customer,edc-dataplane-7bd7b6bd97-rplwg,0.005081255645889778
2026-10-07T15:34:54Z,tractusx-connector,customer,edc-dataplane-7bd7b6bd97-rplwg,0.0060677911939923815
2026-10-07T15:35:09Z,tractusx-connector,customer,edc-dataplane-7bd7b6bd97-rplwg,0.00791052098570951
2026-10-07T15:35:24Z,tractusx-connector,customer,edc-dataplane-7bd7b6bd97-rplwg,0.00793726479301785
2026-10-07T15:35:39Z,tractusx-connector,customer,edc-dataplane-7bd7b6bd97-rplwg,0.007627279669391817
2026-10-07T15:35:54Z,tractusx-connector,customer,edc-dataplane-7bd7b6bd97-rplwg,0.005966496498294007
2026-10-07T15:36:09Z,tractusx-connector,customer,edc-dataplane-7bd7b6bd97-rplwg,0.00778780224695453
2026-10-07T15:36:24Z,tractusx-connector,customer,edc-dataplane-7bd7b6bd97-rplwg,0.007532147937411122
2026-10-07T15:36:39Z,tractusx-connector,customer,edc-dataplane-7bd7b6bd97-rplwg,0.007108473915585726
2026-10-07T15:36:54Z,tractusx-connector,customer,edc-dataplane-7bd7b6bd97-rplwg,0.005494129119566941
2026-10-07T15:37:09Z,tractusx-connector,customer,edc-dataplane-7bd7b6bd97-rplwg,0.005510843632455629
2026-10-07T15:37:24Z,tractusx-connector,customer,edc-dataplane-7bd7b6bd97-rplwg,0.006509701256618905
2026-10-07T15:37:39Z,tractusx-connector,customer,edc-dataplane-7bd7b6bd97-rplwg,0.007066182816790867
2026-10-07T15:37:54Z,tractusx-connector,customer,edc-dataplane-7bd7b6bd97-rplwg,0.00722724443468076
2026-10-07T15:38:09Z,tractusx-connector,customer,edc-dataplane-7bd7b6bd97-rplwg,0.006887518746875619
2026-10-07T15:38:24Z,tractusx-connector,customer,edc-dataplane-7bd7b6bd97-rplwg,0.005199600104320701
2026-10-07T15:38:39Z,tractusx-connector,customer,edc-dataplane-7bd7b6bd97-rplwg,0.004887566175418393
2026-10-07T15:38:54Z,tractusx-connector,customer,edc-dataplane-7bd7b6bd97-rplwg,0.004655240513019525
2026-10-07T15:39:09Z,tractusx-connector,customer,edc-dataplane-7bd7b6bd97-rplwg,0.004796916647120293
2026-10-07T15:39:24Z,tractusx-connector,customer,edc-dataplane-7bd7b6bd97-rplwg,0.004330388729564015
2026-10-07T15:39:39Z,tractusx-connector,customer,edc-dataplane-7bd7b6bd97-rplwg,0.00399260280568141
2026-10-07T15:39:54Z,tractusx-connector,customer,edc-dataplane-7bd7b6bd97-rplwg,0.004447915949808392
2026-10-07T15:05:39Z,tractusx-connector,supplier,edc-controlplane-dcc6896cd-w7cwr,0.02769314099103936
2026-10-07T15:05:54Z,tractusx-connector,supplier,edc-controlplane-dcc6896cd-w7cwr,0.03443425692695212
2026-10-07T15:06:09Z,tractusx-connector,supplier,edc-controlplane-dcc6896cd-w7cwr,0.03509608499826768
2026-10-07T15:06:24Z,tractusx-connector,supplier,edc-controlplane-dcc6896cd-w7cwr,0.04267363650509612
2026-10-07T15:06:39Z,tractusx-connector,supplier,edc-controlplane-dcc6896cd-w7cwr,0.05436612707325326
2026-10-07T15:06:54Z,tractusx-connector,supplier,edc-controlplane-dcc6896cd-w7cwr,0.05265053705110124
2026-10-07T15:07:09Z,tractusx-connector,supplier,edc-controlplane-dcc6896cd-w7cwr,0.04731483409788086
2026-10-07T15:07:24Z,tractusx-connector,supplier,edc-controlplane-dcc6896cd-w7cwr,0.07313221437793588
2026-10-07T15:07:39Z,tractusx-connector,supplier,edc-controlplane-dcc6896cd-w7cwr,0.1776199528398008
2026-10-07T15:07:54Z,tractusx-connector,supplier,edc-controlplane-dcc6896cd-w7cwr,0.2060371969111331
2026-10-07T15:08:09Z,tractusx-connector,supplier,edc-controlplane-dcc6896cd-w7cwr,0.19988466020978182
2026-10-07T15:08:24Z,tractusx-connector,supplier,edc-controlplane-dcc6896cd-w7cwr,0.14858560181230743
2026-10-07T15:08:39Z,tractusx-connector,supplier,edc-controlplane-dcc6896cd-w7cwr,0.10565939630766776
2026-10-07T15:08:54Z,tractusx-connector,supplier,edc-controlplane-dcc6896cd-w7cwr,0.09199015089030127
2026-10-07T15:09:09Z,tractusx-connector,supplier,edc-controlplane-dcc6896cd-w7cwr,0.09265404427882501
2026-10-07T15:09:24Z,tractusx-connector,supplier,edc-controlplane-dcc6896cd-w7cwr,0.08889878031349761
2026-10-07T15:09:39Z,tractusx-connector,supplier,edc-controlplane-dcc6896cd-w7cwr,0.09627621180189669
2026-10-07T15:09:54Z,tractusx-connector,supplier,edc-controlplane-dcc6896cd-w7cwr,0.08205689882292953
2026-10-07T15:10:09Z,tractusx-connector,supplier,edc-controlplane-dcc6896cd-w7cwr,0.07927971118194234
2026-10-07T15:10:24Z,tractusx-connector,supplier,edc-controlplane-dcc6896cd-w7cwr,0.06517656833421312
2026-10-07T15:10:39Z,tractusx-connector,supplier,edc-controlplane-dcc6896cd-w7cwr,0.06579108827364054
2026-10-07T15:10:54Z,tractusx-connector,supplier,edc-controlplane-dcc6896cd-w7cwr,0.06401788863158342
2026-10-07T15:11:09Z,tractusx-connector,supplier,edc-controlplane-dcc6896cd-w7cwr,0.0662202599634761
2026-10-07T15:11:24Z,tractusx-connector,supplier,edc-controlplane-dcc6896cd-w7cwr,0.06743780416585554
2026-10-07T15:11:39Z,tractusx-connector,supplier,edc-controlplane-dcc6896cd-w7cwr,0.06931523056983989
2026-10-07T15:11:54Z,tractusx-connector,supplier,edc-controlplane-dcc6896cd-w7cwr,0.0753447522654038
2026-10-07T15:12:09Z,tractusx-connector,supplier,edc-controlplane-dcc6896cd-w7cwr,0.07136032157448495
2026-10-07T15:12:24Z,tractusx-connector,supplier,edc-controlplane-dcc6896cd-w7cwr,0.0707575619117243
2026-10-07T15:12:39Z,tractusx-connector,supplier,edc-controlplane-dcc6896cd-w7cwr,0.0793976603241719
2026-10-07T15:12:54Z,tractusx-connector,supplier,edc-controlplane-dcc6896cd-w7cwr,0.10139550929008045
2026-10-07T15:13:09Z,tractusx-connector,supplier,edc-controlplane-dcc6896cd-w7cwr,0.06947832936460811
2026-10-07T15:13:24Z,tractusx-connector,supplier,edc-controlplane-dcc6896cd-w7cwr,0.08401612746053393
2026-10-07T15:13:39Z,tractusx-connector,supplier,edc-controlplane-dcc6896cd-w7cwr,0.09366079345753603
2026-10-07T15:13:54Z,tractusx-connector,supplier,edc-controlplane-dcc6896cd-w7cwr,0.104517009300049
2026-10-07T15:14:09Z,tractusx-connector,supplier,edc-controlplane-dcc6896cd-w7cwr,0.10405638962718188
2026-10-07T15:14:24Z,tractusx-connector,supplier,edc-controlplane-dcc6896cd-w7cwr,0.09300889841405921
2026-10-07T15:14:39Z,tractusx-connector,supplier,edc-controlplane-dcc6896cd-w7cwr,0.08499190589659192
2026-10-07T15:14:54Z,tractusx-connector,supplier,edc-controlplane-dcc6896cd-w7cwr,0.08324984511525575
2026-10-07T15:15:09Z,tractusx-connector,supplier,edc-controlplane-dcc6896cd-w7cwr,0.06391329445022942
2026-10-07T15:15:24Z,tractusx-connector,supplier,edc-controlplane-dcc6896cd-w7cwr,0.08664048833256104
2026-10-07T15:15:39Z,tractusx-connector,supplier,edc-controlplane-dcc6896cd-w7cwr,0.08232883421275086
2026-10-07T15:15:54Z,tractusx-connector,supplier,edc-controlplane-dcc6896cd-w7cwr,0.05459134186424064
2026-10-07T15:16:09Z,tractusx-connector,supplier,edc-controlplane-dcc6896cd-w7cwr,0.06731652031500447
2026-10-07T15:16:24Z,tractusx-connector,supplier,edc-controlplane-dcc6896cd-w7cwr,0.06977884124777874
2026-10-07T15:16:39Z,tractusx-connector,supplier,edc-controlplane-dcc6896cd-w7cwr,0.07334703718092274
2026-10-07T15:16:54Z,tractusx-connector,supplier,edc-controlplane-dcc6896cd-w7cwr,0.06781732433367947
2026-10-07T15:17:09Z,tractusx-connector,supplier,edc-controlplane-dcc6896cd-w7cwr,0.06066945358593521
2026-10-07T15:17:24Z,tractusx-connector,supplier,edc-controlplane-dcc6896cd-w7cwr,0.05783211577822516
2026-10-07T15:17:39Z,tractusx-connector,supplier,edc-controlplane-dcc6896cd-w7cwr,0.07152336430431915
2026-10-07T15:17:54Z,tractusx-connector,supplier,edc-controlplane-dcc6896cd-w7cwr,0.07349442593911863
2026-10-07T15:18:09Z,tractusx-connector,supplier,edc-controlplane-dcc6896cd-w7cwr,0.08812280225252149
2026-10-07T15:18:24Z,tractusx-connector,supplier,edc-controlplane-dcc6896cd-w7cwr,0.10370694111131643
2026-10-07T15:18:39Z,tractusx-connector,supplier,edc-controlplane-dcc6896cd-w7cwr,0.13867092161705422
2026-10-07T15:18:54Z,tractusx-connector,supplier,edc-controlplane-dcc6896cd-w7cwr,0.1567148406142372
2026-10-07T15:19:09Z,tractusx-connector,supplier,edc-controlplane-dcc6896cd-w7cwr,0.1491810932206616
2026-10-07T15:19:24Z,tractusx-connector,supplier,edc-controlplane-dcc6896cd-w7cwr,0.14208853455912301
2026-10-07T15:19:39Z,tractusx-connector,supplier,edc-controlplane-dcc6896cd-w7cwr,0.12497420551666265
2026-10-07T15:19:54Z,tractusx-connector,supplier,edc-controlplane-dcc6896cd-w7cwr,0.12474693089750223
2026-10-07T15:20:09Z,tractusx-connector,supplier,edc-controlplane-dcc6896cd-w7cwr,0.11321069655607932
2026-10-07T15:20:24Z,tractusx-connector,supplier,edc-controlplane-dcc6896cd-w7cwr,0.13386379633727408
2026-10-07T15:20:39Z,tractusx-connector,supplier,edc-controlplane-dcc6896cd-w7cwr,0.13073460044395116
2026-10-07T15:20:54Z,tractusx-connector,supplier,edc-controlplane-dcc6896cd-w7cwr,0.11970590119818021
2026-10-07T15:21:09Z,tractusx-connector,supplier,edc-controlplane-dcc6896cd-w7cwr,0.118778234409037
2026-10-07T15:21:24Z,tractusx-connector,supplier,edc-controlplane-dcc6896cd-w7cwr,0.11899818645230836
2026-10-07T15:21:39Z,tractusx-connector,supplier,edc-controlplane-dcc6896cd-w7cwr,0.1119294589993138
2026-10-07T15:21:54Z,tractusx-connector,supplier,edc-controlplane-dcc6896cd-w7cwr,0.10560293648260453
2026-10-07T15:22:09Z,tractusx-connector,supplier,edc-controlplane-dcc6896cd-w7cwr,0.10943377539384232
2026-10-07T15:22:24Z,tractusx-connector,supplier,edc-controlplane-dcc6896cd-w7cwr,0.11255580810309847
2026-10-07T15:22:39Z,tractusx-connector,supplier,edc-controlplane-dcc6896cd-w7cwr,0.11184732877789609
2026-10-07T15:22:54Z,tractusx-connector,supplier,edc-controlplane-dcc6896cd-w7cwr,0.0886537605473455
2026-10-07T15:23:09Z,tractusx-connector,supplier,edc-controlplane-dcc6896cd-w7cwr,0.11296360226031628
2026-10-07T15:23:24Z,tractusx-connector,supplier,edc-controlplane-dcc6896cd-w7cwr,0.1201901120244166
2026-10-07T15:23:39Z,tractusx-connector,supplier,edc-controlplane-dcc6896cd-w7cwr,0.1269167981165393
2026-10-07T15:23:54Z,tractusx-connector,supplier,edc-controlplane-dcc6896cd-w7cwr,0.12086384120714973
2026-10-07T15:24:09Z,tractusx-connector,supplier,edc-controlplane-dcc6896cd-w7cwr,0.12181392182138386
2026-10-07T15:24:24Z,tractusx-connector,supplier,edc-controlplane-dcc6896cd-w7cwr,0.11681998142156969
2026-10-07T15:24:39Z,tractusx-connector,supplier,edc-controlplane-dcc6896cd-w7cwr,0.11506296082437564
2026-10-07T15:24:54Z,tractusx-connector,supplier,edc-controlplane-dcc6896cd-w7cwr,0.1080435891566658
2026-10-07T15:25:09Z,tractusx-connector,supplier,edc-controlplane-dcc6896cd-w7cwr,0.08321381052063642
2026-10-07T15:25:24Z,tractusx-connector,supplier,edc-controlplane-dcc6896cd-w7cwr,0.09821516558341063
2026-10-07T15:25:39Z,tractusx-connector,supplier,edc-controlplane-dcc6896cd-w7cwr,0.09961636287824631
2026-10-07T15:25:54Z,tractusx-connector,supplier,edc-controlplane-dcc6896cd-w7cwr,0.11911091385577814
2026-10-07T15:26:09Z,tractusx-connector,supplier,edc-controlplane-dcc6896cd-w7cwr,0.13294168749544955
2026-10-07T15:26:24Z,tractusx-connector,supplier,edc-controlplane-dcc6896cd-w7cwr,0.13769951538647945
2026-10-07T15:26:39Z,tractusx-connector,supplier,edc-controlplane-dcc6896cd-w7cwr,0.11106816608996554
2026-10-07T15:26:54Z,tractusx-connector,supplier,edc-controlplane-dcc6896cd-w7cwr,0.10101821917189696
2026-10-07T15:27:09Z,tractusx-connector,supplier,edc-controlplane-dcc6896cd-w7cwr,0.09094967221943659
2026-10-07T15:27:24Z,tractusx-connector,supplier,edc-controlplane-dcc6896cd-w7cwr,0.09268350296521849
2026-10-07T15:27:39Z,tractusx-connector,supplier,edc-controlplane-dcc6896cd-w7cwr,0.09632975866018909
2026-10-07T15:27:54Z,tractusx-connector,supplier,edc-controlplane-dcc6896cd-w7cwr,0.09716950103833404
2026-10-07T15:28:09Z,tractusx-connector,supplier,edc-controlplane-dcc6896cd-w7cwr,0.09830012939599794
2026-10-07T15:28:24Z,tractusx-connector,supplier,edc-controlplane-dcc6896cd-w7cwr,0.10169703219315904
2026-10-07T15:28:39Z,tractusx-connector,supplier,edc-controlplane-dcc6896cd-w7cwr,0.09515947709692879
2026-10-07T15:28:54Z,tractusx-connector,supplier,edc-controlplane-dcc6896cd-w7cwr,0.07674252113767654
2026-10-07T15:29:09Z,tractusx-connector,supplier,edc-controlplane-dcc6896cd-w7cwr,0.08623044113215374
2026-10-07T15:29:24Z,tractusx-connector,supplier,edc-controlplane-dcc6896cd-w7cwr,0.089811852190825
2026-10-07T15:29:39Z,tractusx-connector,supplier,edc-controlplane-dcc6896cd-w7cwr,0.09864235435075691
2026-10-07T15:29:54Z,tractusx-connector,supplier,edc-controlplane-dcc6896cd-w7cwr,0.09586382748428464
2026-10-07T15:30:09Z,tractusx-connector,supplier,edc-controlplane-dcc6896cd-w7cwr,0.09389159322705191
2026-10-07T15:30:24Z,tractusx-connector,supplier,edc-controlplane-dcc6896cd-w7cwr,0.0874943353959714
2026-10-07T15:30:39Z,tractusx-connector,supplier,edc-controlplane-dcc6896cd-w7cwr,0.08716044484291287
2026-10-07T15:30:54Z,tractusx-connector,supplier,edc-controlplane-dcc6896cd-w7cwr,0.08621446951491851
2026-10-07T15:31:09Z,tractusx-connector,supplier,edc-controlplane-dcc6896cd-w7cwr,0.10073785625025192
2026-10-07T15:31:24Z,tractusx-connector,supplier,edc-controlplane-dcc6896cd-w7cwr,0.10634259284230935
2026-10-07T15:31:39Z,tractusx-connector,supplier,edc-controlplane-dcc6896cd-w7cwr,0.10511363090952744
2026-10-07T15:31:54Z,tractusx-connector,supplier,edc-controlplane-dcc6896cd-w7cwr,0.08947184547646962
2026-10-07T15:32:09Z,tractusx-connector,supplier,edc-controlplane-dcc6896cd-w7cwr,0.08655135705380235
2026-10-07T15:32:24Z,tractusx-connector,supplier,edc-controlplane-dcc6896cd-w7cwr,0.08668996554951498
2026-10-07T15:32:39Z,tractusx-connector,supplier,edc-controlplane-dcc6896cd-w7cwr,0.09808280384490072
2026-10-07T15:32:54Z,tractusx-connector,supplier,edc-controlplane-dcc6896cd-w7cwr,0.1251184896385134
2026-10-07T15:33:09Z,tractusx-connector,supplier,edc-controlplane-dcc6896cd-w7cwr,0.13167296204670254
2026-10-07T15:33:24Z,tractusx-connector,supplier,edc-controlplane-dcc6896cd-w7cwr,0.13447204259030943
2026-10-07T15:33:39Z,tractusx-connector,supplier,edc-controlplane-dcc6896cd-w7cwr,0.12218792641325533
2026-10-07T15:33:54Z,tractusx-connector,supplier,edc-controlplane-dcc6896cd-w7cwr,0.11325999384563695
2026-10-07T15:34:09Z,tractusx-connector,supplier,edc-controlplane-dcc6896cd-w7cwr,0.07842130812468111
2026-10-07T15:34:24Z,tractusx-connector,supplier,edc-controlplane-dcc6896cd-w7cwr,0.11217454588253761
2026-10-07T15:34:39Z,tractusx-connector,supplier,edc-controlplane-dcc6896cd-w7cwr,0.09941706673067702
2026-10-07T15:34:54Z,tractusx-connector,supplier,edc-controlplane-dcc6896cd-w7cwr,0.13882548854562402
2026-10-07T15:35:09Z,tractusx-connector,supplier,edc-controlplane-dcc6896cd-w7cwr,0.10527193310869871
2026-10-07T15:35:24Z,tractusx-connector,supplier,edc-controlplane-dcc6896cd-w7cwr,0.09597235203338636
2026-10-07T15:35:39Z,tractusx-connector,supplier,edc-controlplane-dcc6896cd-w7cwr,0.08081572471495373
2026-10-07T15:35:54Z,tractusx-connector,supplier,edc-controlplane-dcc6896cd-w7cwr,0.07606664732617704
2026-10-07T15:36:09Z,tractusx-connector,supplier,edc-controlplane-dcc6896cd-w7cwr,0.0788609177380579
2026-10-07T15:36:24Z,tractusx-connector,supplier,edc-controlplane-dcc6896cd-w7cwr,0.05048089239214579
2026-10-07T15:36:39Z,tractusx-connector,supplier,edc-controlplane-dcc6896cd-w7cwr,0.059341738103019306
2026-10-07T15:36:54Z,tractusx-connector,supplier,edc-controlplane-dcc6896cd-w7cwr,0.07918724168912863
2026-10-07T15:37:09Z,tractusx-connector,supplier,edc-controlplane-dcc6896cd-w7cwr,0.09557498784637816
2026-10-07T15:37:24Z,tractusx-connector,supplier,edc-controlplane-dcc6896cd-w7cwr,0.10051565328287008
2026-10-07T15:37:39Z,tractusx-connector,supplier,edc-controlplane-dcc6896cd-w7cwr,0.10626724998914387
2026-10-07T15:37:54Z,tractusx-connector,supplier,edc-controlplane-dcc6896cd-w7cwr,0.10325238215170235
2026-10-07T15:38:09Z,tractusx-connector,supplier,edc-controlplane-dcc6896cd-w7cwr,0.083572207548777
2026-10-07T15:38:24Z,tractusx-connector,supplier,edc-controlplane-dcc6896cd-w7cwr,0.11596906800814075
2026-10-07T15:38:39Z,tractusx-connector,supplier,edc-controlplane-dcc6896cd-w7cwr,0.13074021435912422
2026-10-07T15:38:54Z,tractusx-connector,supplier,edc-controlplane-dcc6896cd-w7cwr,0.1775058508352925
2026-10-07T15:39:09Z,tractusx-connector,supplier,edc-controlplane-dcc6896cd-w7cwr,0.11422497647533313
2026-10-07T15:39:24Z,tractusx-connector,supplier,edc-controlplane-dcc6896cd-w7cwr,0.025576174078368957
2026-10-07T15:39:39Z,tractusx-connector,supplier,edc-controlplane-dcc6896cd-w7cwr,0.028333409340602144
2026-10-07T15:39:54Z,tractusx-connector,supplier,edc-controlplane-dcc6896cd-w7cwr,0.014881988154686148
2026-10-07T15:05:39Z,tractusx-connector,supplier,edc-dataplane-85b5556596-hlrlv,0.015297669937985425
2026-10-07T15:05:54Z,tractusx-connector,supplier,edc-dataplane-85b5556596-hlrlv,0.01287795523266432
2026-10-07T15:06:09Z,tractusx-connector,supplier,edc-dataplane-85b5556596-hlrlv,0.011339275381670916
2026-10-07T15:06:24Z,tractusx-connector,supplier,edc-dataplane-85b5556596-hlrlv,0.012098365677029772
2026-10-07T15:06:39Z,tractusx-connector,supplier,edc-dataplane-85b5556596-hlrlv,0.013532281205164955
2026-10-07T15:06:54Z,tractusx-connector,supplier,edc-dataplane-85b5556596-hlrlv,0.0098857653490328
2026-10-07T15:07:09Z,tractusx-connector,supplier,edc-dataplane-85b5556596-hlrlv,0.010020951224765555
2026-10-07T15:07:24Z,tractusx-connector,supplier,edc-dataplane-85b5556596-hlrlv,0.03125724474320618
2026-10-07T15:07:39Z,tractusx-connector,supplier,edc-dataplane-85b5556596-hlrlv,0.07874643627638768
2026-10-07T15:07:54Z,tractusx-connector,supplier,edc-dataplane-85b5556596-hlrlv,0.104582917957699
2026-10-07T15:08:09Z,tractusx-connector,supplier,edc-dataplane-85b5556596-hlrlv,0.10625060833549056
2026-10-07T15:08:24Z,tractusx-connector,supplier,edc-dataplane-85b5556596-hlrlv,0.07319644076476609
2026-10-07T15:08:39Z,tractusx-connector,supplier,edc-dataplane-85b5556596-hlrlv,0.06627696029026403
2026-10-07T15:08:54Z,tractusx-connector,supplier,edc-dataplane-85b5556596-hlrlv,0.06824846829416341
2026-10-07T15:09:09Z,tractusx-connector,supplier,edc-dataplane-85b5556596-hlrlv,0.05981302360327992
2026-10-07T15:09:24Z,tractusx-connector,supplier,edc-dataplane-85b5556596-hlrlv,0.05106725179016366
2026-10-07T15:09:39Z,tractusx-connector,supplier,edc-dataplane-85b5556596-hlrlv,0.039282462801889684
2026-10-07T15:09:54Z,tractusx-connector,supplier,edc-dataplane-85b5556596-hlrlv,0.04197993188192863
2026-10-07T15:10:09Z,tractusx-connector,supplier,edc-dataplane-85b5556596-hlrlv,0.04202930600503421
2026-10-07T15:10:24Z,tractusx-connector,supplier,edc-dataplane-85b5556596-hlrlv,0.04447540500736378
2026-10-07T15:10:39Z,tractusx-connector,supplier,edc-dataplane-85b5556596-hlrlv,0.03918664724193933
2026-10-07T15:10:54Z,tractusx-connector,supplier,edc-dataplane-85b5556596-hlrlv,0.04856550263575884
2026-10-07T15:11:09Z,tractusx-connector,supplier,edc-dataplane-85b5556596-hlrlv,0.04072493573264777
2026-10-07T15:11:24Z,tractusx-connector,supplier,edc-dataplane-85b5556596-hlrlv,0.03621834377447141
2026-10-07T15:11:39Z,tractusx-connector,supplier,edc-dataplane-85b5556596-hlrlv,0.03524467809410978
2026-10-07T15:11:54Z,tractusx-connector,supplier,edc-dataplane-85b5556596-hlrlv,0.03515727183766925
2026-10-07T15:12:09Z,tractusx-connector,supplier,edc-dataplane-85b5556596-hlrlv,0.03380839400786675
2026-10-07T15:12:24Z,tractusx-connector,supplier,edc-dataplane-85b5556596-hlrlv,0.02947642753283873
2026-10-07T15:12:39Z,tractusx-connector,supplier,edc-dataplane-85b5556596-hlrlv,0.029717069368667127
2026-10-07T15:12:54Z,tractusx-connector,supplier,edc-dataplane-85b5556596-hlrlv,0.028472738759608388
2026-10-07T15:13:09Z,tractusx-connector,supplier,edc-dataplane-85b5556596-hlrlv,0.047232189917082806
2026-10-07T15:13:24Z,tractusx-connector,supplier,edc-dataplane-85b5556596-hlrlv,0.06343764241809158
2026-10-07T15:13:39Z,tractusx-connector,supplier,edc-dataplane-85b5556596-hlrlv,0.08395330500579416
2026-10-07T15:13:54Z,tractusx-connector,supplier,edc-dataplane-85b5556596-hlrlv,0.0764703036115167
2026-10-07T15:14:09Z,tractusx-connector,supplier,edc-dataplane-85b5556596-hlrlv,0.0692999224720346
2026-10-07T15:14:24Z,tractusx-connector,supplier,edc-dataplane-85b5556596-hlrlv,0.05484148073869809
2026-10-07T15:14:39Z,tractusx-connector,supplier,edc-dataplane-85b5556596-hlrlv,0.04900266855590978
2026-10-07T15:14:54Z,tractusx-connector,supplier,edc-dataplane-85b5556596-hlrlv,0.05165909367618775
2026-10-07T15:15:09Z,tractusx-connector,supplier,edc-dataplane-85b5556596-hlrlv,0.05436494659921307
2026-10-07T15:15:24Z,tractusx-connector,supplier,edc-dataplane-85b5556596-hlrlv,0.0539478995443291
2026-10-07T15:15:39Z,tractusx-connector,supplier,edc-dataplane-85b5556596-hlrlv,0.051515678091719704
2026-10-07T15:15:54Z,tractusx-connector,supplier,edc-dataplane-85b5556596-hlrlv,0.04926124310799148
2026-10-07T15:16:09Z,tractusx-connector,supplier,edc-dataplane-85b5556596-hlrlv,0.04424061340910571
2026-10-07T15:16:24Z,tractusx-connector,supplier,edc-dataplane-85b5556596-hlrlv,0.037548334315072956
2026-10-07T15:16:39Z,tractusx-connector,supplier,edc-dataplane-85b5556596-hlrlv,0.037881364769893414
2026-10-07T15:16:54Z,tractusx-connector,supplier,edc-dataplane-85b5556596-hlrlv,0.04134932874994192
2026-10-07T15:17:09Z,tractusx-connector,supplier,edc-dataplane-85b5556596-hlrlv,0.03879621601834181
2026-10-07T15:17:24Z,tractusx-connector,supplier,edc-dataplane-85b5556596-hlrlv,0.03785148316025009
2026-10-07T15:17:39Z,tractusx-connector,supplier,edc-dataplane-85b5556596-hlrlv,0.0383355981557875
2026-10-07T15:17:54Z,tractusx-connector,supplier,edc-dataplane-85b5556596-hlrlv,0.04022458027057188
2026-10-07T15:18:09Z,tractusx-connector,supplier,edc-dataplane-85b5556596-hlrlv,0.052769980774512455
2026-10-07T15:18:24Z,tractusx-connector,supplier,edc-dataplane-85b5556596-hlrlv,0.07694041504006568
2026-10-07T15:18:39Z,tractusx-connector,supplier,edc-dataplane-85b5556596-hlrlv,0.09456580677419954
2026-10-07T15:18:54Z,tractusx-connector,supplier,edc-dataplane-85b5556596-hlrlv,0.10743536778873401
2026-10-07T15:19:09Z,tractusx-connector,supplier,edc-dataplane-85b5556596-hlrlv,0.08693668268353512
2026-10-07T15:19:24Z,tractusx-connector,supplier,edc-dataplane-85b5556596-hlrlv,0.0864680980807497
2026-10-07T15:19:39Z,tractusx-connector,supplier,edc-dataplane-85b5556596-hlrlv,0.05948031345668128
2026-10-07T15:19:54Z,tractusx-connector,supplier,edc-dataplane-85b5556596-hlrlv,0.05705840424569888
2026-10-07T15:20:09Z,tractusx-connector,supplier,edc-dataplane-85b5556596-hlrlv,0.056356168775206786
2026-10-07T15:20:24Z,tractusx-connector,supplier,edc-dataplane-85b5556596-hlrlv,0.06185583683723856
2026-10-07T15:20:39Z,tractusx-connector,supplier,edc-dataplane-85b5556596-hlrlv,0.050418140664906935
2026-10-07T15:20:54Z,tractusx-connector,supplier,edc-dataplane-85b5556596-hlrlv,0.05909281524075039
2026-10-07T15:21:09Z,tractusx-connector,supplier,edc-dataplane-85b5556596-hlrlv,0.061597993421961546
2026-10-07T15:21:24Z,tractusx-connector,supplier,edc-dataplane-85b5556596-hlrlv,0.06455320922478489
2026-10-07T15:21:39Z,tractusx-connector,supplier,edc-dataplane-85b5556596-hlrlv,0.06613510799545284
2026-10-07T15:21:54Z,tractusx-connector,supplier,edc-dataplane-85b5556596-hlrlv,0.0560356031106473
2026-10-07T15:22:09Z,tractusx-connector,supplier,edc-dataplane-85b5556596-hlrlv,0.0724277307767978
2026-10-07T15:22:24Z,tractusx-connector,supplier,edc-dataplane-85b5556596-hlrlv,0.06726190031036142
2026-10-07T15:22:39Z,tractusx-connector,supplier,edc-dataplane-85b5556596-hlrlv,0.06262493191487065
2026-10-07T15:22:54Z,tractusx-connector,supplier,edc-dataplane-85b5556596-hlrlv,0.0713199279220247
2026-10-07T15:23:09Z,tractusx-connector,supplier,edc-dataplane-85b5556596-hlrlv,0.05680275911585202
2026-10-07T15:23:24Z,tractusx-connector,supplier,edc-dataplane-85b5556596-hlrlv,0.06973758392060371
2026-10-07T15:23:39Z,tractusx-connector,supplier,edc-dataplane-85b5556596-hlrlv,0.06849920981877133
2026-10-07T15:23:54Z,tractusx-connector,supplier,edc-dataplane-85b5556596-hlrlv,0.07147893981303184
2026-10-07T15:24:09Z,tractusx-connector,supplier,edc-dataplane-85b5556596-hlrlv,0.065456130504733
2026-10-07T15:24:24Z,tractusx-connector,supplier,edc-dataplane-85b5556596-hlrlv,0.049531683919804795
2026-10-07T15:24:39Z,tractusx-connector,supplier,edc-dataplane-85b5556596-hlrlv,0.056219554463244704
2026-10-07T15:24:54Z,tractusx-connector,supplier,edc-dataplane-85b5556596-hlrlv,0.06357893423533331
2026-10-07T15:25:09Z,tractusx-connector,supplier,edc-dataplane-85b5556596-hlrlv,0.05505945235749088
2026-10-07T15:25:24Z,tractusx-connector,supplier,edc-dataplane-85b5556596-hlrlv,0.05602753451997881
2026-10-07T15:25:39Z,tractusx-connector,supplier,edc-dataplane-85b5556596-hlrlv,0.05883421564286688
2026-10-07T15:25:54Z,tractusx-connector,supplier,edc-dataplane-85b5556596-hlrlv,0.06055208603265076
2026-10-07T15:26:09Z,tractusx-connector,supplier,edc-dataplane-85b5556596-hlrlv,0.056228203397457766
2026-10-07T15:26:24Z,tractusx-connector,supplier,edc-dataplane-85b5556596-hlrlv,0.04665219922380344
2026-10-07T15:26:39Z,tractusx-connector,supplier,edc-dataplane-85b5556596-hlrlv,0.04526350550752614
2026-10-07T15:26:54Z,tractusx-connector,supplier,edc-dataplane-85b5556596-hlrlv,0.0603709220340518
2026-10-07T15:27:09Z,tractusx-connector,supplier,edc-dataplane-85b5556596-hlrlv,0.06610717603067594
2026-10-07T15:27:24Z,tractusx-connector,supplier,edc-dataplane-85b5556596-hlrlv,0.0752505152989159
2026-10-07T15:27:39Z,tractusx-connector,supplier,edc-dataplane-85b5556596-hlrlv,0.09516340060706098
2026-10-07T15:27:54Z,tractusx-connector,supplier,edc-dataplane-85b5556596-hlrlv,0.08134327459483925
2026-10-07T15:28:09Z,tractusx-connector,supplier,edc-dataplane-85b5556596-hlrlv,0.07828895913115709
2026-10-07T15:28:24Z,tractusx-connector,supplier,edc-dataplane-85b5556596-hlrlv,0.05197551032803742
2026-10-07T15:28:39Z,tractusx-connector,supplier,edc-dataplane-85b5556596-hlrlv,0.0556736180513914
2026-10-07T15:28:54Z,tractusx-connector,supplier,edc-dataplane-85b5556596-hlrlv,0.04160265423242454
2026-10-07T15:29:09Z,tractusx-connector,supplier,edc-dataplane-85b5556596-hlrlv,0.028460474999999978
2026-10-07T15:29:24Z,tractusx-connector,supplier,edc-dataplane-85b5556596-hlrlv,0.04323629546629904
2026-10-07T15:29:39Z,tractusx-connector,supplier,edc-dataplane-85b5556596-hlrlv,0.042862968061124614
2026-10-07T15:29:54Z,tractusx-connector,supplier,edc-dataplane-85b5556596-hlrlv,0.049821202150710155
2026-10-07T15:30:09Z,tractusx-connector,supplier,edc-dataplane-85b5556596-hlrlv,0.047510786444498104
2026-10-07T15:30:24Z,tractusx-connector,supplier,edc-dataplane-85b5556596-hlrlv,0.047995637714335154
2026-10-07T15:30:39Z,tractusx-connector,supplier,edc-dataplane-85b5556596-hlrlv,0.0415354810086022
2026-10-07T15:30:54Z,tractusx-connector,supplier,edc-dataplane-85b5556596-hlrlv,0.04649208456957879
2026-10-07T15:31:09Z,tractusx-connector,supplier,edc-dataplane-85b5556596-hlrlv,0.04914528467943937
2026-10-07T15:31:24Z,tractusx-connector,supplier,edc-dataplane-85b5556596-hlrlv,0.05204082119363239
2026-10-07T15:31:39Z,tractusx-connector,supplier,edc-dataplane-85b5556596-hlrlv,0.07156745625266751
2026-10-07T15:31:54Z,tractusx-connector,supplier,edc-dataplane-85b5556596-hlrlv,0.08039453804815543
2026-10-07T15:32:09Z,tractusx-connector,supplier,edc-dataplane-85b5556596-hlrlv,0.09441169965075648
2026-10-07T15:32:24Z,tractusx-connector,supplier,edc-dataplane-85b5556596-hlrlv,0.07176924231958949
2026-10-07T15:32:39Z,tractusx-connector,supplier,edc-dataplane-85b5556596-hlrlv,0.04972592496682123
2026-10-07T15:32:54Z,tractusx-connector,supplier,edc-dataplane-85b5556596-hlrlv,0.039054787319146994
2026-10-07T15:33:09Z,tractusx-connector,supplier,edc-dataplane-85b5556596-hlrlv,0.033241373741171636
2026-10-07T15:33:24Z,tractusx-connector,supplier,edc-dataplane-85b5556596-hlrlv,0.05582470328517402
2026-10-07T15:33:39Z,tractusx-connector,supplier,edc-dataplane-85b5556596-hlrlv,0.06607963112833819
2026-10-07T15:33:54Z,tractusx-connector,supplier,edc-dataplane-85b5556596-hlrlv,0.05722025881540125
2026-10-07T15:34:09Z,tractusx-connector,supplier,edc-dataplane-85b5556596-hlrlv,0.05621193935565366
2026-10-07T15:34:24Z,tractusx-connector,supplier,edc-dataplane-85b5556596-hlrlv,0.04529594403878035
2026-10-07T15:34:39Z,tractusx-connector,supplier,edc-dataplane-85b5556596-hlrlv,0.044223023626866004
2026-10-07T15:34:54Z,tractusx-connector,supplier,edc-dataplane-85b5556596-hlrlv,0.05239983507833798
2026-10-07T15:35:09Z,tractusx-connector,supplier,edc-dataplane-85b5556596-hlrlv,0.04729826857257882
2026-10-07T15:35:24Z,tractusx-connector,supplier,edc-dataplane-85b5556596-hlrlv,0.03992421359559187
2026-10-07T15:35:39Z,tractusx-connector,supplier,edc-dataplane-85b5556596-hlrlv,0.037254426312141486
2026-10-07T15:35:54Z,tractusx-connector,supplier,edc-dataplane-85b5556596-hlrlv,0.03790258596915521
2026-10-07T15:36:09Z,tractusx-connector,supplier,edc-dataplane-85b5556596-hlrlv,0.039372557242304596
2026-10-07T15:36:24Z,tractusx-connector,supplier,edc-dataplane-85b5556596-hlrlv,0.039412248787248874
2026-10-07T15:36:39Z,tractusx-connector,supplier,edc-dataplane-85b5556596-hlrlv,0.05228718614718607
2026-10-07T15:36:54Z,tractusx-connector,supplier,edc-dataplane-85b5556596-hlrlv,0.05497790977888643
2026-10-07T15:37:09Z,tractusx-connector,supplier,edc-dataplane-85b5556596-hlrlv,0.051996522379510676
2026-10-07T15:37:24Z,tractusx-connector,supplier,edc-dataplane-85b5556596-hlrlv,0.05279824920232348
2026-10-07T15:37:39Z,tractusx-connector,supplier,edc-dataplane-85b5556596-hlrlv,0.07310435836923831
2026-10-07T15:37:54Z,tractusx-connector,supplier,edc-dataplane-85b5556596-hlrlv,0.07532129189077363
2026-10-07T15:38:09Z,tractusx-connector,supplier,edc-dataplane-85b5556596-hlrlv,0.05692632005917311
2026-10-07T15:38:24Z,tractusx-connector,supplier,edc-dataplane-85b5556596-hlrlv,0.04477421967190354
2026-10-07T15:38:39Z,tractusx-connector,supplier,edc-dataplane-85b5556596-hlrlv,0.06592138226348654
2026-10-07T15:38:54Z,tractusx-connector,supplier,edc-dataplane-85b5556596-hlrlv,0.07451855981238324
2026-10-07T15:39:09Z,tractusx-connector,supplier,edc-dataplane-85b5556596-hlrlv,0.06391159718856025
2026-10-07T15:39:24Z,tractusx-connector,supplier,edc-dataplane-85b5556596-hlrlv,0.03206185920075357
2026-10-07T15:39:39Z,tractusx-connector,supplier,edc-dataplane-85b5556596-hlrlv,0.012846128792301827
2026-10-07T15:39:54Z,tractusx-connector,supplier,edc-dataplane-85b5556596-hlrlv,0.014224854716137525
2026-10-07T15:05:39Z,vault,customer,edc-vault-0,0.007503253753576624
2026-10-07T15:05:54Z,vault,customer,edc-vault-0,0.007298833919823703
2026-10-07T15:06:09Z,vault,customer,edc-vault-0,0.007510007271056552
2026-10-07T15:06:24Z,vault,customer,edc-vault-0,0.007624134132910637
2026-10-07T15:06:39Z,vault,customer,edc-vault-0,0.007507249885668117
2026-10-07T15:06:54Z,vault,customer,edc-vault-0,0.007999283271557961
2026-10-07T15:07:09Z,vault,customer,edc-vault-0,0.008717470650210505
2026-10-07T15:07:24Z,vault,customer,edc-vault-0,0.008651187673871547
2026-10-07T15:07:39Z,vault,customer,edc-vault-0,0.008516620759915255
2026-10-07T15:07:54Z,vault,customer,edc-vault-0,0.00797843092923383
2026-10-07T15:08:09Z,vault,customer,edc-vault-0,0.008537758485299649
2026-10-07T15:08:24Z,vault,customer,edc-vault-0,0.00884671134978033
2026-10-07T15:08:39Z,vault,customer,edc-vault-0,0.009207309630903018
2026-10-07T15:08:54Z,vault,customer,edc-vault-0,0.009111224443537971
2026-10-07T15:09:09Z,vault,customer,edc-vault-0,0.010118407793079064
2026-10-07T15:09:24Z,vault,customer,edc-vault-0,0.010012288824309264
2026-10-07T15:09:39Z,vault,customer,edc-vault-0,0.0101520359019262
2026-10-07T15:09:54Z,vault,customer,edc-vault-0,0.007855809625857078
2026-10-07T15:10:09Z,vault,customer,edc-vault-0,0.008829035527975851
2026-10-07T15:10:24Z,vault,customer,edc-vault-0,0.009231831669813525
2026-10-07T15:10:39Z,vault,customer,edc-vault-0,0.009121566813718972
2026-10-07T15:10:54Z,vault,customer,edc-vault-0,0.009305678146425456
2026-10-07T15:11:09Z,vault,customer,edc-vault-0,0.009805568707433057
2026-10-07T15:11:24Z,vault,customer,edc-vault-0,0.010351630603122716
2026-10-07T15:11:39Z,vault,customer,edc-vault-0,0.010240517378194256
2026-10-07T15:11:54Z,vault,customer,edc-vault-0,0.009503832556392809
2026-10-07T15:12:09Z,vault,customer,edc-vault-0,0.009412224213239048
2026-10-07T15:12:24Z,vault,customer,edc-vault-0,0.00971187165294013
2026-10-07T15:12:39Z,vault,customer,edc-vault-0,0.007544640646354756
2026-10-07T15:12:54Z,vault,customer,edc-vault-0,0.009653245204877127
2026-10-07T15:13:09Z,vault,customer,edc-vault-0,0.010524151211108668
2026-10-07T15:13:24Z,vault,customer,edc-vault-0,0.011229508196721213
2026-10-07T15:13:39Z,vault,customer,edc-vault-0,0.011131075724915071
2026-10-07T15:13:54Z,vault,customer,edc-vault-0,0.010338004337359055
2026-10-07T15:14:09Z,vault,customer,edc-vault-0,0.01030397984393775
2026-10-07T15:14:24Z,vault,customer,edc-vault-0,0.01068065807436914
2026-10-07T15:14:39Z,vault,customer,edc-vault-0,0.01070133981318537
2026-10-07T15:14:54Z,vault,customer,edc-vault-0,0.010663730590367761
2026-10-07T15:15:09Z,vault,customer,edc-vault-0,0.011352460087760158
2026-10-07T15:15:24Z,vault,customer,edc-vault-0,0.011422073818151655
2026-10-07T15:15:39Z,vault,customer,edc-vault-0,0.011483426668683246
2026-10-07T15:15:54Z,vault,customer,edc-vault-0,0.010655420666290343
2026-10-07T15:16:09Z,vault,customer,edc-vault-0,0.010501500663083915
2026-10-07T15:16:24Z,vault,customer,edc-vault-0,0.010536153489501768
2026-10-07T15:16:39Z,vault,customer,edc-vault-0,0.010405842483672465
2026-10-07T15:16:54Z,vault,customer,edc-vault-0,0.010974275221906901
2026-10-07T15:17:09Z,vault,customer,edc-vault-0,0.01133180067105875
2026-10-07T15:17:24Z,vault,customer,edc-vault-0,0.010020654426498622
2026-10-07T15:17:39Z,vault,customer,edc-vault-0,0.011241657797535222
2026-10-07T15:17:54Z,vault,customer,edc-vault-0,0.010463864403232452
2026-10-07T15:18:09Z,vault,customer,edc-vault-0,0.012327056611782197
2026-10-07T15:18:24Z,vault,customer,edc-vault-0,0.01291374786307755
2026-10-07T15:18:39Z,vault,customer,edc-vault-0,0.014683953983105473
2026-10-07T15:18:54Z,vault,customer,edc-vault-0,0.014588170841748684
2026-10-07T15:19:09Z,vault,customer,edc-vault-0,0.015989162878267432
2026-10-07T15:19:24Z,vault,customer,edc-vault-0,0.016167455974987827
2026-10-07T15:19:39Z,vault,customer,edc-vault-0,0.01567993528138875
2026-10-07T15:19:54Z,vault,customer,edc-vault-0,0.014654731122352558
2026-10-07T15:20:09Z,vault,customer,edc-vault-0,0.014070708436340977
2026-10-07T15:20:24Z,vault,customer,edc-vault-0,0.01420718094560947
2026-10-07T15:20:39Z,vault,customer,edc-vault-0,0.014235760959367409
2026-10-07T15:20:54Z,vault,customer,edc-vault-0,0.013057394419233074
2026-10-07T15:21:09Z,vault,customer,edc-vault-0,0.016176977468100436
2026-10-07T15:21:24Z,vault,customer,edc-vault-0,0.01606479377104242
2026-10-07T15:21:39Z,vault,customer,edc-vault-0,0.0157986228068291
2026-10-07T15:21:54Z,vault,customer,edc-vault-0,0.014733504810897963
2026-10-07T15:22:09Z,vault,customer,edc-vault-0,0.015182657557884198
2026-10-07T15:22:24Z,vault,customer,edc-vault-0,0.015160331231925046
2026-10-07T15:22:39Z,vault,customer,edc-vault-0,0.014936331611591663
2026-10-07T15:22:54Z,vault,customer,edc-vault-0,0.01453189441259345
2026-10-07T15:23:09Z,vault,customer,edc-vault-0,0.015645730432586206
2026-10-07T15:23:24Z,vault,customer,edc-vault-0,0.015515348376966127
2026-10-07T15:23:39Z,vault,customer,edc-vault-0,0.015746324990069414
2026-10-07T15:23:54Z,vault,customer,edc-vault-0,0.014372000088313066
2026-10-07T15:24:09Z,vault,customer,edc-vault-0,0.014287216505145249
2026-10-07T15:24:24Z,vault,customer,edc-vault-0,0.014272045072002975
2026-10-07T15:24:39Z,vault,customer,edc-vault-0,0.014523728921142552
2026-10-07T15:24:54Z,vault,customer,edc-vault-0,0.014502533014570877
2026-10-07T15:25:09Z,vault,customer,edc-vault-0,0.016297680583167225
2026-10-07T15:25:24Z,vault,customer,edc-vault-0,0.016531520297163448
2026-10-07T15:25:39Z,vault,customer,edc-vault-0,0.014992340282257068
2026-10-07T15:25:54Z,vault,customer,edc-vault-0,0.014781127572833673
2026-10-07T15:26:09Z,vault,customer,edc-vault-0,0.014872594374537059
2026-10-07T15:26:24Z,vault,customer,edc-vault-0,0.014373252820749317
2026-10-07T15:26:39Z,vault,customer,edc-vault-0,0.014613244379613774
2026-10-07T15:26:54Z,vault,customer,edc-vault-0,0.014098561886996194
2026-10-07T15:27:09Z,vault,customer,edc-vault-0,0.015358704647012545
2026-10-07T15:27:24Z,vault,customer,edc-vault-0,0.015296937216158641
2026-10-07T15:27:39Z,vault,customer,edc-vault-0,0.015559673136787211
2026-10-07T15:27:54Z,vault,customer,edc-vault-0,0.014514811869378573
2026-10-07T15:28:09Z,vault,customer,edc-vault-0,0.014737047203569309
2026-10-07T15:28:24Z,vault,customer,edc-vault-0,0.014731871040938654
2026-10-07T15:28:39Z,vault,customer,edc-vault-0,0.014356038350300358
2026-10-07T15:28:54Z,vault,customer,edc-vault-0,0.01420188590839832
2026-10-07T15:29:09Z,vault,customer,edc-vault-0,0.014969974754790068
2026-10-07T15:29:24Z,vault,customer,edc-vault-0,0.015271266752077677
2026-10-07T15:29:39Z,vault,customer,edc-vault-0,0.015608439320099619
2026-10-07T15:29:54Z,vault,customer,edc-vault-0,0.014555895515573812
2026-10-07T15:30:09Z,vault,customer,edc-vault-0,0.01435554155037365
2026-10-07T15:30:24Z,vault,customer,edc-vault-0,0.014154908644128612
2026-10-07T15:30:39Z,vault,customer,edc-vault-0,0.014271121782045437
2026-10-07T15:30:54Z,vault,customer,edc-vault-0,0.014653600165052497
2026-10-07T15:31:09Z,vault,customer,edc-vault-0,0.015629664391353288
2026-10-07T15:31:24Z,vault,customer,edc-vault-0,0.015446971919251496
2026-10-07T15:31:39Z,vault,customer,edc-vault-0,0.01536988134534732
2026-10-07T15:31:54Z,vault,customer,edc-vault-0,0.014794002047081898
2026-10-07T15:32:09Z,vault,customer,edc-vault-0,0.014686343724746238
2026-10-07T15:32:24Z,vault,customer,edc-vault-0,0.016850671394899965
2026-10-07T15:32:39Z,vault,customer,edc-vault-0,0.022505240122069073
2026-10-07T15:32:54Z,vault,customer,edc-vault-0,0.024353798605022386
2026-10-07T15:33:09Z,vault,customer,edc-vault-0,0.023063525129900245
2026-10-07T15:33:24Z,vault,customer,edc-vault-0,0.01544835236870789
2026-10-07T15:33:39Z,vault,customer,edc-vault-0,0.01347482611854887
2026-10-07T15:33:54Z,vault,customer,edc-vault-0,0.017240461950917458
2026-10-07T15:34:09Z,vault,customer,edc-vault-0,0.024213313846976215
2026-10-07T15:34:24Z,vault,customer,edc-vault-0,0.028065284718132924
2026-10-07T15:34:39Z,vault,customer,edc-vault-0,0.03328764494869524
2026-10-07T15:34:54Z,vault,customer,edc-vault-0,0.0306281016103437
2026-10-07T15:35:09Z,vault,customer,edc-vault-0,0.04747440977187857
2026-10-07T15:35:24Z,vault,customer,edc-vault-0,0.06129489084466715
2026-10-07T15:35:39Z,vault,customer,edc-vault-0,0.07709085674067408
2026-10-07T15:35:54Z,vault,customer,edc-vault-0,0.0808433169061346
2026-10-07T15:36:09Z,vault,customer,edc-vault-0,0.08536306943042139
2026-10-07T15:36:24Z,vault,customer,edc-vault-0,0.06735248888888791
2026-10-07T15:36:39Z,vault,customer,edc-vault-0,0.09771081825229191
2026-10-07T15:36:54Z,vault,customer,edc-vault-0,0.09821025348361626
2026-10-07T15:37:09Z,vault,customer,edc-vault-0,0.0977708173275813
2026-10-07T15:37:24Z,vault,customer,edc-vault-0,0.09782132710016841
2026-10-07T15:37:39Z,vault,customer,edc-vault-0,0.09808778246833923
2026-10-07T15:37:54Z,vault,customer,edc-vault-0,0.09725125792595513
2026-10-07T15:38:09Z,vault,customer,edc-vault-0,0.09754266410130198
2026-10-07T15:38:24Z,vault,customer,edc-vault-0,0.09720999176502927
2026-10-07T15:38:39Z,vault,customer,edc-vault-0,0.09438161381314722
2026-10-07T15:38:54Z,vault,customer,edc-vault-0,0.06605799076387257
2026-10-07T15:39:09Z,vault,customer,edc-vault-0,0.046696594612969135
2026-10-07T15:39:24Z,vault,customer,edc-vault-0,0.010607995881180592
2026-10-07T15:39:39Z,vault,customer,edc-vault-0,0.009254223533750317
2026-10-07T15:39:54Z,vault,customer,edc-vault-0,0.008932040337917103
2026-10-07T15:05:39Z,vault,supplier,edc-vault-0,0.007260932364823581
2026-10-07T15:05:54Z,vault,supplier,edc-vault-0,0.007528013265624084
2026-10-07T15:06:09Z,vault,supplier,edc-vault-0,0.0071155428404363905
2026-10-07T15:06:24Z,vault,supplier,edc-vault-0,0.007178378497563411
2026-10-07T15:06:39Z,vault,supplier,edc-vault-0,0.007221312584574144
2026-10-07T15:06:54Z,vault,supplier,edc-vault-0,0.007254972130046101
2026-10-07T15:07:09Z,vault,supplier,edc-vault-0,0.007935974242980209
2026-10-07T15:07:24Z,vault,supplier,edc-vault-0,0.008008625612949502
2026-10-07T15:07:39Z,vault,supplier,edc-vault-0,0.008634541111333544
2026-10-07T15:07:54Z,vault,supplier,edc-vault-0,0.008021406065852346
2026-10-07T15:08:09Z,vault,supplier,edc-vault-0,0.008628661284266476
2026-10-07T15:08:24Z,vault,supplier,edc-vault-0,0.006741336993733663
2026-10-07T15:08:39Z,vault,supplier,edc-vault-0,0.008966069028479151
2026-10-07T15:08:54Z,vault,supplier,edc-vault-0,0.009095883090456973
2026-10-07T15:09:09Z,vault,supplier,edc-vault-0,0.009028654991122268
2026-10-07T15:09:24Z,vault,supplier,edc-vault-0,0.009841288045876364
2026-10-07T15:09:39Z,vault,supplier,edc-vault-0,0.009794777517984169
2026-10-07T15:09:54Z,vault,supplier,edc-vault-0,0.007569167387780749
2026-10-07T15:10:09Z,vault,supplier,edc-vault-0,0.009067035608249658
2026-10-07T15:10:24Z,vault,supplier,edc-vault-0,0.008339905077792125
2026-10-07T15:10:39Z,vault,supplier,edc-vault-0,0.009458555240130706
2026-10-07T15:10:54Z,vault,supplier,edc-vault-0,0.009573112299465156
2026-10-07T15:11:09Z,vault,supplier,edc-vault-0,0.009451394259199483
2026-10-07T15:11:24Z,vault,supplier,edc-vault-0,0.010343803440296628
2026-10-07T15:11:39Z,vault,supplier,edc-vault-0,0.009684214710149342
2026-10-07T15:11:54Z,vault,supplier,edc-vault-0,0.009863947435121891
2026-10-07T15:12:09Z,vault,supplier,edc-vault-0,0.009056292394558718
2026-10-07T15:12:24Z,vault,supplier,edc-vault-0,0.009439872772499198
2026-10-07T15:12:39Z,vault,supplier,edc-vault-0,0.008837033664533412
2026-10-07T15:12:54Z,vault,supplier,edc-vault-0,0.008939519388578454
2026-10-07T15:13:09Z,vault,supplier,edc-vault-0,0.009344525119508722
2026-10-07T15:13:24Z,vault,supplier,edc-vault-0,0.010967476327707365
2026-10-07T15:13:39Z,vault,supplier,edc-vault-0,0.011444125670211039
2026-10-07T15:13:54Z,vault,supplier,edc-vault-0,0.01176668894480354
2026-10-07T15:14:09Z,vault,supplier,edc-vault-0,0.010919817429146909
2026-10-07T15:14:24Z,vault,supplier,edc-vault-0,0.010877127590813775
2026-10-07T15:14:39Z,vault,supplier,edc-vault-0,0.010676083461092126
2026-10-07T15:14:54Z,vault,supplier,edc-vault-0,0.01051533131317351
2026-10-07T15:15:09Z,vault,supplier,edc-vault-0,0.011613792094927548
2026-10-07T15:15:24Z,vault,supplier,edc-vault-0,0.011779255147486907
2026-10-07T15:15:39Z,vault,supplier,edc-vault-0,0.010295444426293779
2026-10-07T15:15:54Z,vault,supplier,edc-vault-0,0.010799152211498584
2026-10-07T15:16:09Z,vault,supplier,edc-vault-0,0.010847977774905088
2026-10-07T15:16:24Z,vault,supplier,edc-vault-0,0.01100385173101408
2026-10-07T15:16:39Z,vault,supplier,edc-vault-0,0.010948892793154941
2026-10-07T15:16:54Z,vault,supplier,edc-vault-0,0.0106369471108609
2026-10-07T15:17:09Z,vault,supplier,edc-vault-0,0.00910050587293685
2026-10-07T15:17:24Z,vault,supplier,edc-vault-0,0.011976270729404007
2026-10-07T15:17:39Z,vault,supplier,edc-vault-0,0.011955984591186342
2026-10-07T15:17:54Z,vault,supplier,edc-vault-0,0.011982816732492095
2026-10-07T15:18:09Z,vault,supplier,edc-vault-0,0.012697645525275721
2026-10-07T15:18:24Z,vault,supplier,edc-vault-0,0.014391971779589266
2026-10-07T15:18:39Z,vault,supplier,edc-vault-0,0.015699209280195036
2026-10-07T15:18:54Z,vault,supplier,edc-vault-0,0.015784921698350832
2026-10-07T15:19:09Z,vault,supplier,edc-vault-0,0.016777491486333857
2026-10-07T15:19:24Z,vault,supplier,edc-vault-0,0.017562433472527932
2026-10-07T15:19:39Z,vault,supplier,edc-vault-0,0.01728532229449974
2026-10-07T15:19:54Z,vault,supplier,edc-vault-0,0.015588794567061004
2026-10-07T15:20:09Z,vault,supplier,edc-vault-0,0.015183574651014742
2026-10-07T15:20:24Z,vault,supplier,edc-vault-0,0.015038553796503535
2026-10-07T15:20:39Z,vault,supplier,edc-vault-0,0.015353773259425465
2026-10-07T15:20:54Z,vault,supplier,edc-vault-0,0.016002188004825925
2026-10-07T15:21:09Z,vault,supplier,edc-vault-0,0.01654443208131332
2026-10-07T15:21:24Z,vault,supplier,edc-vault-0,0.017052361834800397
2026-10-07T15:21:39Z,vault,supplier,edc-vault-0,0.01620618140907293
2026-10-07T15:21:54Z,vault,supplier,edc-vault-0,0.015520038584322212
2026-10-07T15:22:09Z,vault,supplier,edc-vault-0,0.015520038584322212
2026-10-07T15:22:24Z,vault,supplier,edc-vault-0,0.016318730402219477
2026-10-07T15:22:39Z,vault,supplier,edc-vault-0,0.016245760150451233
2026-10-07T15:22:54Z,vault,supplier,edc-vault-0,0.012869839225940767
2026-10-07T15:23:09Z,vault,supplier,edc-vault-0,0.01593638370855025
2026-10-07T15:23:24Z,vault,supplier,edc-vault-0,0.014211227864128453
2026-10-07T15:23:39Z,vault,supplier,edc-vault-0,0.016679244855407258
2026-10-07T15:23:54Z,vault,supplier,edc-vault-0,0.015766503817545314
2026-10-07T15:24:09Z,vault,supplier,edc-vault-0,0.01545533790164371
2026-10-07T15:24:24Z,vault,supplier,edc-vault-0,0.015639240371733337
2026-10-07T15:24:39Z,vault,supplier,edc-vault-0,0.015696010952531758
2026-10-07T15:24:54Z,vault,supplier,edc-vault-0,0.015648190519773213
2026-10-07T15:25:09Z,vault,supplier,edc-vault-0,0.015258254155540938
2026-10-07T15:25:24Z,vault,supplier,edc-vault-0,0.015864553465276706
2026-10-07T15:25:39Z,vault,supplier,edc-vault-0,0.015739608206793595
2026-10-07T15:25:54Z,vault,supplier,edc-vault-0,0.016113861903270067
2026-10-07T15:26:09Z,vault,supplier,edc-vault-0,0.015351077282813146
2026-10-07T15:26:24Z,vault,supplier,edc-vault-0,0.015485656022616952
2026-10-07T15:26:39Z,vault,supplier,edc-vault-0,0.015242433074750133
2026-10-07T15:26:54Z,vault,supplier,edc-vault-0,0.01521376945032866
2026-10-07T15:27:09Z,vault,supplier,edc-vault-0,0.015208824347155285
2026-10-07T15:27:24Z,vault,supplier,edc-vault-0,0.01597932925543054
2026-10-07T15:27:39Z,vault,supplier,edc-vault-0,0.016222843861199453
2026-10-07T15:27:54Z,vault,supplier,edc-vault-0,0.016026644857197958
2026-10-07T15:28:09Z,vault,supplier,edc-vault-0,0.015159673011342667
2026-10-07T15:28:24Z,vault,supplier,edc-vault-0,0.015074988533863364
2026-10-07T15:28:39Z,vault,supplier,edc-vault-0,0.015199518527684336
2026-10-07T15:28:54Z,vault,supplier,edc-vault-0,0.015345934841345643
2026-10-07T15:29:09Z,vault,supplier,edc-vault-0,0.01522958009466407
2026-10-07T15:29:24Z,vault,supplier,edc-vault-0,0.01622102893890666
2026-10-07T15:29:39Z,vault,supplier,edc-vault-0,0.01626447317220939
2026-10-07T15:29:54Z,vault,supplier,edc-vault-0,0.01613397129186667
2026-10-07T15:30:09Z,vault,supplier,edc-vault-0,0.015282509905757784
2026-10-07T15:30:24Z,vault,supplier,edc-vault-0,0.015212596660314019
2026-10-07T15:30:39Z,vault,supplier,edc-vault-0,0.015561085301967113
2026-10-07T15:30:54Z,vault,supplier,edc-vault-0,0.015987610715643953
2026-10-07T15:31:09Z,vault,supplier,edc-vault-0,0.016223149599628242
2026-10-07T15:31:24Z,vault,supplier,edc-vault-0,0.012946629768721142
2026-10-07T15:31:39Z,vault,supplier,edc-vault-0,0.016079541867699314
2026-10-07T15:31:54Z,vault,supplier,edc-vault-0,0.01632468911440857
2026-10-07T15:32:09Z,vault,supplier,edc-vault-0,0.01287977227372183
2026-10-07T15:32:24Z,vault,supplier,edc-vault-0,0.01494582516494914
2026-10-07T15:32:39Z,vault,supplier,edc-vault-0,0.01536667977798201
2026-10-07T15:32:54Z,vault,supplier,edc-vault-0,0.015494425435393198
2026-10-07T15:33:09Z,vault,supplier,edc-vault-0,0.015172663312107648
2026-10-07T15:33:24Z,vault,supplier,edc-vault-0,0.01509045633265903
2026-10-07T15:33:39Z,vault,supplier,edc-vault-0,0.013550803880965284
2026-10-07T15:33:54Z,vault,supplier,edc-vault-0,0.013947334782053674
2026-10-07T15:34:09Z,vault,supplier,edc-vault-0,0.011465714480657209
2026-10-07T15:34:24Z,vault,supplier,edc-vault-0,0.013310749915930068
2026-10-07T15:34:39Z,vault,supplier,edc-vault-0,0.012004930400594754
2026-10-07T15:34:54Z,vault,supplier,edc-vault-0,0.01380868081880094
2026-10-07T15:35:09Z,vault,supplier,edc-vault-0,0.011400936103522118
2026-10-07T15:35:24Z,vault,supplier,edc-vault-0,0.012079897361072633
2026-10-07T15:35:39Z,vault,supplier,edc-vault-0,0.012301392832994727
2026-10-07T15:35:54Z,vault,supplier,edc-vault-0,0.012610858037235278
2026-10-07T15:36:09Z,vault,supplier,edc-vault-0,0.010879752138582886
2026-10-07T15:36:24Z,vault,supplier,edc-vault-0,0.009570472462252162
2026-10-07T15:36:39Z,vault,supplier,edc-vault-0,0.009082536972267014
2026-10-07T15:36:54Z,vault,supplier,edc-vault-0,0.011240135347560746
2026-10-07T15:37:09Z,vault,supplier,edc-vault-0,0.010408234238277683
2026-10-07T15:37:24Z,vault,supplier,edc-vault-0,0.013398722338927242
2026-10-07T15:37:39Z,vault,supplier,edc-vault-0,0.014266202372585765
2026-10-07T15:37:54Z,vault,supplier,edc-vault-0,0.013541665909380782
2026-10-07T15:38:09Z,vault,supplier,edc-vault-0,0.009383892762810701
2026-10-07T15:38:24Z,vault,supplier,edc-vault-0,0.009586698224851845
2026-10-07T15:38:39Z,vault,supplier,edc-vault-0,0.013402725001574889
2026-10-07T15:38:54Z,vault,supplier,edc-vault-0,0.019625258044931922
2026-10-07T15:39:09Z,vault,supplier,edc-vault-0,0.016097955358664415
2026-10-07T15:39:24Z,vault,supplier,edc-vault-0,0.013419656693289449
2026-10-07T15:39:39Z,vault,supplier,edc-vault-0,0.010121907024502295
2026-10-07T15:39:54Z,vault,supplier,edc-vault-0,0.009180792722070133
