id,type,state,state_count,counterparty_id,agreement_id,created_at,state_timestamp,updated_at,error_detail
07bcd3bb-2d55-4635-bc26-af8998e46399,CONSUMER,1200,1,did:web:ssi-dim-wallet-service.identity:BPNL00000003AYRE,e068b041-5010-491d-9c67-d4a5bb0144e8,1791329100060,1791329103519,1791329103519,
52c3d7f3-5054-4ac3-9e97-2b4459ab1a15,CONSUMER,1200,1,did:web:ssi-dim-wallet-service.identity:BPNL00000003AYRE,88d04116-94e9-416a-a2cb-1e00cd60be00,1791329114088,1791329115969,1791329115969,
f1996e51-c0d6-4d4f-baff-1ac797f7f987,CONSUMER,1200,1,did:web:ssi-dim-wallet-service.identity:BPNL00000003AYRE,8871d364-a84f-49cc-a55b-92850567d678,1791329918818,1791329921214,1791329921214,
99213cc1-ca6b-4b3c-932a-7508ff576c70,CONSUMER,1200,1,did:web:ssi-dim-wallet-service.identity:BPNL00000003AYRE,84e7ebe8-b69b-4b90-b18d-43e074da81a1,1791525968357,1791526312726,1791526312726,
1fdbf423-146d-4ff8-90a5-f20e209ae133,CONSUMER,1200,1,did:web:ssi-dim-wallet-service.identity:BPNL00000003AYRE,f2e2b5db-d26f-4b1f-a13a-dc5edd56678e,1791525969067,1791526333324,1791526333324,
e1d713fb-6aa4-4ab0-a34f-e59975ce1828,CONSUMER,1200,1,did:web:ssi-dim-wallet-service.identity:BPNL00000003AYRE,2af9c430-b567-40c4-bc96-e950f9523692,1791525969349,1791526341749,1791526341749,
2071f3a9-4b25-4f3e-a0cd-e0696b1c8836,CONSUMER,1200,1,did:web:ssi-dim-wallet-service.identity:BPNL00000003AYRE,8ca8adb1-9dc9-49c4-b164-81f427417ba9,1791525969350,1791526323518,1791526323518,
1020692c-37da-448e-ac45-fc4f9953cd25,CONSUMER,1200,1,did:web:ssi-dim-wallet-service.identity:BPNL00000003AYRE,42cbb42f-ed57-4bd9-869c-3ad8c08dd5ad,1791525969357,1791526313319,1791526313319,
9e921ad6-bdb9-4c20-95f8-53697ef64da1,CONSUMER,1200,1,did:web:ssi-dim-wallet-service.identity:BPNL00000003AYRE,7e5f4b16-737d-4f96-a66d-e8dffb9458bd,1791525969655,1791526337118,1791526337118,
bd1c2cf4-ad91-4d32-9eda-9117c2de8ede,CONSUMER,1200,1,did:web:ssi-dim-wallet-service.identity:BPNL00000003AYRE,3486c510-b81a-4ee8-a484-f465824d18ee,1791525970062,1791526341820,1791526341820,
8c01edf0-56f8-4eda-a262-90d07b44f745,CONSUMER,1100,1,did:web:ssi-dim-wallet-service.identity:BPNL00000003AYRE,d2441b01-afab-43d8-b84c-ceced0aab595,1791525972068,1791526045832,1791526045832,
c2f7d015-ba57-46e2-a54e-203ea769c433,CONSUMER,1100,1,did:web:ssi-dim-wallet-service.identity:BPNL00000003AYRE,4d58c47d-7cf0-4016-9868-99de62b2757b,1791525972953,1791526054393,1791526054393,
c0d9d508-bf08-4a16-bb4e-fc93a65906b7,CONSUMER,1100,1,did:web:ssi-dim-wallet-service.identity:BPNL00000003AYRE,cdc4813f-d77c-4537-9c2a-331f242a24be,1791525973432,1791526054365,1791526054365,
f9426fd6-a9ce-4467-8303-58a7b639e12c,CONSUMER,1100,1,did:web:ssi-dim-wallet-service.identity:BPNL00000003AYRE,6a3dcf9d-4a9e-426b-a3d6-22ffd27de40c,1791525973450,1791526052333,1791526052333,
3fce1442-ec7d-4abd-a681-a0926957529c,CONSUMER,1100,1,did:web:ssi-dim-wallet-service.identity:BPNL00000003AYRE,9665cb88-0bc9-4392-b30c-8dabdd8c0e94,1791525973671,1791526054535,1791526054535,
57d75ca0-11e1-44e6-a8ba-bba3e3225798,CONSUMER,1100,1,did:web:ssi-dim-wallet-service.identity:BPNL00000003AYRE,f2bdc582-8e9d-43c8-a599-21a5b4acf9ed,1791525973764,1791526055802,1791526055802,
7051938b-e329-4656-aa2d-bc1f37f244d3,CONSUMER,1100,1,did:web:ssi-dim-wallet-service.identity:BPNL00000003AYRE,a39a0e93-3a07-4f1b-91ee-5e70694b9524,1791525974052,1791526057502,1791526057502,
d7dfcbb6-6af3-47ba-b474-2fa03c9e3400,CONSUMER,1100,1,did:web:ssi-dim-wallet-service.identity:BPNL00000003AYRE,f418befa-ea88-440c-a952-5917871be93f,1791525974263,1791526057632,1791526057632,
48590a2f-4792-4576-924a-a256c67e3734,CONSUMER,1100,1,did:web:ssi-dim-wallet-service.identity:BPNL00000003AYRE,688cf4ca-2b7a-4df5-a2c2-9550afba0618,1791525974867,1791526058691,1791526058691,
723ccb3b-e8af-4a48-873c-c1c1c21a666f,CONSUMER,1100,1,did:web:ssi-dim-wallet-service.identity:BPNL00000003AYRE,7390af06-c639-4a85-8e37-0427afdc9546,1791525974958,1791526063192,1791526063192,
828fa7c9-7bd2-4501-9f53-02336618a5dd,CONSUMER,1100,1,did:web:ssi-dim-wallet-service.identity:BPNL00000003AYRE,b1bbaa85-ba39-4ec0-9a08-ef51a9d6916e,1791525976048,1791526064395,1791526064395,
71f53a83-30f5-4239-9267-ca460730da64,CONSUMER,1100,1,did:web:ssi-dim-wallet-service.identity:BPNL00000003AYRE,621a229d-6d89-42c4-b7b8-f21f78ca96c4,1791525976449,1791526070402,1791526070402,
aa592955-90fa-418c-973c-a00980cde92d,CONSUMER,1100,1,did:web:ssi-dim-wallet-service.identity:BPNL00000003AYRE,ed94c721-1bf8-4066-b0bf-b8777d227467,1791525976556,1791526065765,1791526065765,
8c358963-ee34-499e-b710-7d48f7ff9586,CONSUMER,1100,1,did:web:ssi-dim-wallet-service.identity:BPNL00000003AYRE,0e370d4b-1be8-4447-bfea-dbdbe0241c4d,1791525977632,1791526073092,1791526073092,
a9fe024d-6aa9-4215-8a98-b969da654bda,CONSUMER,1100,1,did:web:ssi-dim-wallet-service.identity:BPNL00000003AYRE,65986660-ca3f-4211-b977-1ff74ee5a44d,1791525977958,1791526068146,1791526068146,
dededc19-c14d-49e7-8e88-04ef57f4997a,CONSUMER,1100,1,did:web:ssi-dim-wallet-service.identity:BPNL00000003AYRE,674ca79c-8523-4eb4-8e47-6fe1ca1f6131,1791525978062,1791526071506,1791526071506,
ad55daf5-3eb4-48cd-8d2e-8a184ecdba49,CONSUMER,1100,1,did:web:ssi-dim-wallet-service.identity:BPNL00000003AYRE,454415f2-557e-4abe-a326-1b855c31b73e,1791525979056,1791526069219,1791526069219,
053722db-fd41-4b4b-9879-024f88285162,CONSUMER,1100,1,did:web:ssi-dim-wallet-service.identity:BPNL00000003AYRE,de237d69-61ef-4eb6-a2d4-3933243916af,1791525979763,1791526069195,1791526069195,
9c91a2f2-3d4e-46cb-9788-746b1c3c1fde,CONSUMER,1100,1,did:web:ssi-dim-wallet-service.identity:BPNL00000003AYRE,2dd5dcb2-eff2-422d-9d40-8adf5f141922,1791525979955,1791526069253,1791526069253,
4c06bab9-f96d-4d62-a554-0a735055de6e,CONSUMER,1100,1,did:web:ssi-dim-wallet-service.identity:BPNL00000003AYRE,8c7a3b9d-3bda-41cc-b0cf-e9d47f7e9285,1791525980257,1791526073067,1791526073067,
f543d60a-8b44-4dfc-85d9-9f540265ce04,CONSUMER,1100,1,did:web:ssi-dim-wallet-service.identity:BPNL00000003AYRE,789cc766-ecee-489a-8de5-044350947391,1791525980357,1791526073229,1791526073229,
324ea584-7162-48c9-b1ed-371eafb7217d,CONSUMER,1100,1,did:web:ssi-dim-wallet-service.identity:BPNL00000003AYRE,51bf06d8-629d-41fa-997e-58e6687b6c46,1791525983147,1791526084126,1791526084126,
7992f202-67f0-4d15-ab48-3e04eb76d228,CONSUMER,1100,1,did:web:ssi-dim-wallet-service.identity:BPNL00000003AYRE,e720be04-3ad7-4a9c-ad74-adca9aa19fbf,1791525983354,1791526087068,1791526087068,
4a76ff36-5200-4f76-aea3-71f9513a36f1,CONSUMER,1100,1,did:web:ssi-dim-wallet-service.identity:BPNL00000003AYRE,862d8393-acbc-475f-a9b4-8e0cb9010a2b,1791525984054,1791526085216,1791526085216,
18277862-e196-40e6-a868-9f8b6eb9cdf8,CONSUMER,1100,1,did:web:ssi-dim-wallet-service.identity:BPNL00000003AYRE,81ea5dbb-3a2f-4f95-a0e0-c15b82c7ad66,1791525984158,1791526087143,1791526087143,
61abad19-a532-4335-a3f5-ba018a9fa672,CONSUMER,1100,1,did:web:ssi-dim-wallet-service.identity:BPNL00000003AYRE,420a6c80-0123-4c14-9a0d-99fba7abb924,1791525984548,1791526089316,1791526089316,
71e3d4e6-4303-4442-bc61-5cea81c143e7,CONSUMER,1100,1,did:web:ssi-dim-wallet-service.identity:BPNL00000003AYRE,556c33d4-e24e-43cb-bbb6-a435c4007242,1791525984653,1791526089324,1791526089324,
52a92c0a-196e-4fba-8791-51364521631b,CONSUMER,1100,1,did:web:ssi-dim-wallet-service.identity:BPNL00000003AYRE,480f29cd-b204-4680-8a56-1a5db64ca5e6,1791525985248,1791526093357,1791526093357,
e44987e3-51c4-4845-8c02-9313cc13b337,CONSUMER,1100,1,did:web:ssi-dim-wallet-service.identity:BPNL00000003AYRE,4ef99630-accf-488f-8a73-e92564b53fa8,1791525985357,1791526090628,1791526090628,
266b5951-403a-4de9-bda5-5071beb6ff8a,CONSUMER,1100,1,did:web:ssi-dim-wallet-service.identity:BPNL00000003AYRE,21899b5f-2523-4235-ad77-b4bd82facd7d,1791525985652,1791526091819,1791526091819,
91d95307-221e-4f26-aa85-e96b829f82be,CONSUMER,1100,1,did:web:ssi-dim-wallet-service.identity:BPNL00000003AYRE,3effc02b-a3b0-4619-887f-c9e2a03adc07,1791525987555,1791526094592,1791526094592,
cb8f4b8e-038c-4e08-9fc2-b940869b567e,CONSUMER,1100,1,did:web:ssi-dim-wallet-service.identity:BPNL00000003AYRE,a8f7de7f-00aa-4fba-a669-faa25f4410d4,1791525987560,1791526094619,1791526094619,
1cd3fea6-272f-4bc0-9e6a-0885a984c428,CONSUMER,1100,1,did:web:ssi-dim-wallet-service.identity:BPNL00000003AYRE,332c3b6f-8d34-4f9e-aad1-51b2649617ee,1791525987948,1791526096304,1791526096304,
d33c4eb9-6b5d-46f6-b8bf-e036f29ad40d,CONSUMER,1100,1,did:web:ssi-dim-wallet-service.identity:BPNL00000003AYRE,8ede55f8-5f3d-4a6c-a132-3437e64f7c63,1791525987955,1791526094632,1791526094632,
c474faf9-b288-40d3-8588-53abec09fd40,CONSUMER,1100,1,did:web:ssi-dim-wallet-service.identity:BPNL00000003AYRE,77484156-ca02-45ee-9813-e253c3ce5f2a,1791525988350,1791526096447,1791526096447,
f28219e9-b30d-4efa-96d0-8e4b5e02ccca,CONSUMER,1100,1,did:web:ssi-dim-wallet-service.identity:BPNL00000003AYRE,d74dbaeb-a28a-40d0-b247-7808f3ed4074,1791525988850,1791526096605,1791526096605,
691491fb-4c81-4314-9820-edc97ad572f4,CONSUMER,1100,1,did:web:ssi-dim-wallet-service.identity:BPNL00000003AYRE,5d2361bf-a421-4ba6-8f60-bddbbf01dabf,1791525989063,1791526096453,1791526096453,
29c3ab10-98b1-45c8-a0a5-4861b31bb9c3,CONSUMER,1100,1,did:web:ssi-dim-wallet-service.identity:BPNL00000003AYRE,4555df93-03b3-46b7-80a3-4806357b63ce,1791525989655,1791526096612,1791526096612,
4839eaef-286a-40db-a3b3-7c5dca79dd17,CONSUMER,1100,1,did:web:ssi-dim-wallet-service.identity:BPNL00000003AYRE,22065815-9f3c-4464-bb60-bf6121a5bf4f,1791525991841,1791526096696,1791526096696,
b4a94c32-9e10-48b0-941d-a50712e17850,CONSUMER,1100,1,did:web:ssi-dim-wallet-service.identity:BPNL00000003AYRE,95992b2d-077b-4276-b42c-79ca6d389820,1791525992858,1791526103593,1791526103593,
c642e907-dd38-439b-beb5-5a25c6fa4b0c,CONSUMER,200,1,did:web:ssi-dim-wallet-service.identity:BPNL00000003AYRE,,1791525995052,1791525996349,1791525996349,
052e92d4-241f-416e-aaaf-f93c936e806b,CONSUMER,1100,1,did:web:ssi-dim-wallet-service.identity:BPNL00000003AYRE,db37dae4-1625-40a8-b22c-08b8a1b6476f,1791525995130,1791526109132,1791526109132,
d6c4e1e9-c869-45f4-ae29-3527273fecc0,CONSUMER,1100,1,did:web:ssi-dim-wallet-service.identity:BPNL00000003AYRE,6ca3b789-ecc5-4f7b-8a06-31eda25add5e,1791525995157,1791526107815,1791526107815,
3908fc8a-b7ea-4362-b24f-6ec43c3231cf,CONSUMER,1100,1,did:web:ssi-dim-wallet-service.identity:BPNL00000003AYRE,7132c094-ad8e-4ce8-8357-ba7429221402,1791525995365,1791526108125,1791526108125,
394fc135-82fa-4ff6-be3f-3ae18086d196,CONSUMER,1100,1,did:web:ssi-dim-wallet-service.identity:BPNL00000003AYRE,eb04afa2-1a1d-46b8-b103-66820de7b748,1791525995376,1791526263055,1791526263055,
c6387cf7-12a4-41a7-8251-9ea6e3969804,CONSUMER,1100,1,did:web:ssi-dim-wallet-service.identity:BPNL00000003AYRE,20bd6658-8814-4606-ad91-8acb409e6c5c,1791525995551,1791526269864,1791526269864,
91e9b382-dd4c-46e9-ba2f-2c831c63a5da,CONSUMER,1100,1,did:web:ssi-dim-wallet-service.identity:BPNL00000003AYRE,f83c3736-e831-4a1f-ae96-84cf8407bf94,1791525995755,1791526271047,1791526271047,
76b276b6-037c-444e-8d78-caf58bc7dc1f,CONSUMER,1100,1,did:web:ssi-dim-wallet-service.identity:BPNL00000003AYRE,41a61d76-9fb9-4f22-9ec7-f9c9b2f20339,1791525996378,1791526263948,1791526263948,
4b11cde8-aedf-4f46-a2d7-1ef95bf6ab4d,CONSUMER,1100,1,did:web:ssi-dim-wallet-service.identity:BPNL00000003AYRE,f766c15f-651a-4723-abcb-53177ceaa262,1791525996632,1791526270851,1791526270851,
f51d5a04-01f4-423e-9f32-e928a8954f51,CONSUMER,1100,1,did:web:ssi-dim-wallet-service.identity:BPNL00000003AYRE,64607f2d-a58c-4a49-a06a-1a6244bac688,1791525996752,1791526264448,1791526264448,
b4ebf250-e24f-4f17-94e1-a22d186abd9f,CONSUMER,1100,1,did:web:ssi-dim-wallet-service.identity:BPNL00000003AYRE,df5c52d2-4ca1-421c-8d3e-4326c4e57065,1791525998545,1791526265556,1791526265556,
8fbf824e-2f9a-4744-b13a-bbfbd02d62fa,CONSUMER,1100,1,did:web:ssi-dim-wallet-service.identity:BPNL00000003AYRE,f0defae0-bcd2-4cbb-8b6f-0d2c0cd10ddf,1791525998656,1791526269358,1791526269358,
4da2e0a7-6735-4aaa-a94c-e5459ff69494,CONSUMER,1100,1,did:web:ssi-dim-wallet-service.identity:BPNL00000003AYRE,aaf21a01-2088-4f26-935a-826133f531a4,1791525998931,1791526270948,1791526270948,
3a9fe7cd-8f43-46db-a159-a78b6c4aaab7,CONSUMER,1100,1,did:web:ssi-dim-wallet-service.identity:BPNL00000003AYRE,fd55a332-6d22-4b37-836c-803981f54b20,1791526000234,1791526271218,1791526271218,
8e6592fa-75af-486b-8d99-efef02534b82,CONSUMER,1100,1,did:web:ssi-dim-wallet-service.identity:BPNL00000003AYRE,903d004f-3da5-4b0f-9365-a09569b05d7c,1791526002335,1791526132619,1791526132619,
4941414c-12e0-4424-bd16-f51f84946e58,CONSUMER,1100,1,did:web:ssi-dim-wallet-service.identity:BPNL00000003AYRE,6299866b-97cd-4646-ac3c-1a024b67fbd2,1791526003042,1791526132655,1791526132655,
16c85bea-477e-4ddb-b96d-af0dc606b26b,CONSUMER,1100,1,did:web:ssi-dim-wallet-service.identity:BPNL00000003AYRE,f9e41efa-7e15-48de-8338-efc0580efe44,1791526003249,1791526133104,1791526133104,
aed3aa84-31e4-4f36-9b4a-ace48d4f70b7,CONSUMER,1100,1,did:web:ssi-dim-wallet-service.identity:BPNL00000003AYRE,9a90c095-887d-4300-83a1-e9fd4ab99ea7,1791526003444,1791526132718,1791526132718,
e2de0b0c-13d0-45e4-b7f0-de13f3342af0,CONSUMER,1100,1,did:web:ssi-dim-wallet-service.identity:BPNL00000003AYRE,8e63e693-5366-4fc5-a954-7cad542aaf0f,1791526003633,1791526132818,1791526132818,
843afbd3-653e-4590-b88d-52b4b70ba08f,CONSUMER,1100,1,did:web:ssi-dim-wallet-service.identity:BPNL00000003AYRE,abb6331d-bb28-46c7-8302-aa89d60fd082,1791526004530,1791526133015,1791526133015,
ad92cc71-343b-4eda-bbce-de8ddd56617c,CONSUMER,1100,1,did:web:ssi-dim-wallet-service.identity:BPNL00000003AYRE,ca3acb99-7150-4b2e-970d-30584f5688de,1791526004539,1791526132919,1791526132919,
6b292cd2-4cf5-41bc-9b58-ff6170e9962d,CONSUMER,1100,1,did:web:ssi-dim-wallet-service.identity:BPNL00000003AYRE,d72bab14-13d0-4d7f-9030-e630964c970b,1791526004548,1791526132947,1791526132947,
8d6a78b2-ec9b-465a-ab3e-0485a4c99ece,CONSUMER,1100,1,did:web:ssi-dim-wallet-service.identity:BPNL00000003AYRE,0ff571d7-d339-49ba-9b57-1d68584aef87,1791526004961,1791526133172,1791526133172,
51f3eb01-5aa7-407f-a8b5-253b9567ffa4,CONSUMER,200,1,did:web:ssi-dim-wallet-service.identity:BPNL00000003AYRE,,1791526005438,1791526006512,1791526006512,
a0e7d97d-dacb-40a7-af54-3a0f1820b5f7,CONSUMER,200,1,did:web:ssi-dim-wallet-service.identity:BPNL00000003AYRE,,1791526005935,1791526006712,1791526006712,
47e37e75-57fe-4483-9902-d04d8e7f837a,CONSUMER,200,1,did:web:ssi-dim-wallet-service.identity:BPNL00000003AYRE,,1791526006138,1791526006840,1791526006840,
6dc158df-fa44-46eb-a800-10a12bb3aab4,CONSUMER,200,1,did:web:ssi-dim-wallet-service.identity:BPNL00000003AYRE,,1791526006950,1791526008339,1791526008339,
ed50aa2b-d18b-4d25-a528-d789f97d3468,CONSUMER,200,1,did:web:ssi-dim-wallet-service.identity:BPNL00000003AYRE,,1791526007429,1791526008412,1791526008412,
1a60f29f-0ad7-4dd5-bec3-049723563c83,CONSUMER,200,1,did:web:ssi-dim-wallet-service.identity:BPNL00000003AYRE,,1791526008053,1791526008450,1791526008450,
f6f2bfb9-239c-4a50-9ef2-ff7d5c11c9c5,CONSUMER,200,1,did:web:ssi-dim-wallet-service.identity:BPNL00000003AYRE,,1791526009857,1791526011144,1791526011144,
6bf03886-3b25-43ad-8fab-cf8544deacee,CONSUMER,200,1,did:web:ssi-dim-wallet-service.identity:BPNL00000003AYRE,,1791526010132,1791526011201,1791526011201,
0970ea8a-f2aa-4ac9-acfc-2ee77750f4d7,CONSUMER,200,1,did:web:ssi-dim-wallet-service.identity:BPNL00000003AYRE,,1791526010159,1791526011245,1791526011245,
44ff7237-6383-45d1-908b-710f70516d86,CONSUMER,200,1,did:web:ssi-dim-wallet-service.identity:BPNL00000003AYRE,,1791526010552,1791526011258,1791526011258,
2a33496d-2e4e-4eb0-9d61-f71fd418f26c,CONSUMER,200,1,did:web:ssi-dim-wallet-service.identity:BPNL00000003AYRE,,1791526010831,1791526011376,1791526011376,
bcbe8150-5fab-46f7-8cd0-fabead571530,CONSUMER,200,1,did:web:ssi-dim-wallet-service.identity:BPNL00000003AYRE,,1791526010876,1791526011435,1791526011435,
484ee004-7faf-4ea3-b789-cad82d09c620,CONSUMER,200,1,did:web:ssi-dim-wallet-service.identity:BPNL00000003AYRE,,1791526012129,1791526012528,1791526012528,
6e82709d-e953-459f-9b5c-b340f61983a6,CONSUMER,200,1,did:web:ssi-dim-wallet-service.identity:BPNL00000003AYRE,,1791526012133,1791526012622,1791526012622,
52c7e994-8b91-40ed-9569-8affa8477e01,CONSUMER,200,1,did:web:ssi-dim-wallet-service.identity:BPNL00000003AYRE,,1791526013640,1791526014797,1791526014797,
381c66bf-a406-4f97-8964-71c34909f6ed,CONSUMER,200,1,did:web:ssi-dim-wallet-service.identity:BPNL00000003AYRE,,1791526013835,1791526014813,1791526014813,
87ed069e-28a8-4c62-a417-aabfb8fbd560,CONSUMER,200,1,did:web:ssi-dim-wallet-service.identity:BPNL00000003AYRE,,1791526014046,1791526014831,1791526014831,
26e38889-c3ef-4ea9-9b72-ea59305d4b74,CONSUMER,200,1,did:web:ssi-dim-wallet-service.identity:BPNL00000003AYRE,,1791526015032,1791526016838,1791526016838,
ba88de06-63d1-469c-a2c0-73a56f4b478a,CONSUMER,200,1,did:web:ssi-dim-wallet-service.identity:BPNL00000003AYRE,,1791526015567,1791526017051,1791526017051,
8f1b7fa1-9c47-41e8-aab9-7b3c86f19e98,CONSUMER,200,1,did:web:ssi-dim-wallet-service.identity:BPNL00000003AYRE,,1791526016659,1791526017262,1791526017262,
70997822-7256-4d75-b576-92b97d9c1381,CONSUMER,200,1,did:web:ssi-dim-wallet-service.identity:BPNL00000003AYRE,,1791526017631,1791526019351,1791526019351,
c7c17d8c-6f53-444f-8ea3-44244bbb517a,CONSUMER,200,1,did:web:ssi-dim-wallet-service.identity:BPNL00000003AYRE,,1791526018129,1791526019436,1791526019436,
b99c086c-6b5d-420d-8360-f5514bdc5a38,CONSUMER,200,1,did:web:ssi-dim-wallet-service.identity:BPNL00000003AYRE,,1791526018963,1791526019617,1791526019617,
61fea50b-7c47-4caf-bd91-03e6101d406d,CONSUMER,200,1,did:web:ssi-dim-wallet-service.identity:BPNL00000003AYRE,,1791526019154,1791526019559,1791526019559,
c5222d39-4087-490a-bbd8-c1acdb318c0e,CONSUMER,200,1,did:web:ssi-dim-wallet-service.identity:BPNL00000003AYRE,,1791526019263,1791526019604,1791526019604,
808836b2-7651-4999-988f-2f437b7d2f97,CONSUMER,200,1,did:web:ssi-dim-wallet-service.identity:BPNL00000003AYRE,,1791526019438,1791526019662,1791526019662,
4f2aa1c1-4a8a-45f9-b665-6258eace0fcc,CONSUMER,200,1,did:web:ssi-dim-wallet-service.identity:BPNL00000003AYRE,,1791526019860,1791526020716,1791526020716,
a601eb59-3a49-454c-b290-24a04d289029,CONSUMER,200,1,did:web:ssi-dim-wallet-service.identity:BPNL00000003AYRE,,1791526019942,1791526020738,1791526020738,
75180137-51c6-416d-a58f-b4b883572100,CONSUMER,200,1,did:web:ssi-dim-wallet-service.identity:BPNL00000003AYRE,,1791526020033,1791526020928,1791526020928,
4f4814aa-29dc-4b84-8d5d-1ce94a751a2a,CONSUMER,200,1,did:web:ssi-dim-wallet-service.identity:BPNL00000003AYRE,,1791526020759,1791526022010,1791526022010,
3b774fd0-f19e-4804-8008-0346793d4f63,CONSUMER,200,1,did:web:ssi-dim-wallet-service.identity:BPNL00000003AYRE,,1791526020829,1791526022066,1791526022066,
7120ffae-929b-4e82-b945-cf7a2b45a58c,CONSUMER,200,1,did:web:ssi-dim-wallet-service.identity:BPNL00000003AYRE,,1791526020835,1791526022311,1791526022311,
6f977b98-d47c-4872-91d3-7b1e2dcee365,CONSUMER,200,1,did:web:ssi-dim-wallet-service.identity:BPNL00000003AYRE,,1791526020835,1791526022181,1791526022181,
4d694cd9-a10e-4083-bc76-2e02b272820a,CONSUMER,200,1,did:web:ssi-dim-wallet-service.identity:BPNL00000003AYRE,,1791526021072,1791526022342,1791526022342,
bbd04f36-68bf-4370-b3a1-a9b388fdba56,CONSUMER,200,1,did:web:ssi-dim-wallet-service.identity:BPNL00000003AYRE,,1791526021231,1791526022370,1791526022370,
ab5cc84f-f306-466e-8d4a-fb1761472cb5,CONSUMER,200,1,did:web:ssi-dim-wallet-service.identity:BPNL00000003AYRE,,1791526022048,1791526022506,1791526022506,
60042b4c-d120-485f-ab61-aac3e7ee5937,CONSUMER,200,1,did:web:ssi-dim-wallet-service.identity:BPNL00000003AYRE,,1791526025435,1791526025657,1791526025657,
c7b14f92-35b8-4d19-976a-3c4e1ea79189,CONSUMER,1100,1,did:web:ssi-dim-wallet-service.identity:BPNL00000003AYRE,4cfd82af-a2b9-49dc-b77b-9f3523dcbe8a,1791526026029,1791526271247,1791526271247,
636462d5-a703-4f44-bc8b-e1a52f110b02,CONSUMER,1100,1,did:web:ssi-dim-wallet-service.identity:BPNL00000003AYRE,cbeb82b0-c476-4182-b40c-527f23c515f1,1791526026633,1791526271762,1791526271762,
ce1c7d6d-211c-4601-85d4-1c01fb08a57a,CONSUMER,1100,1,did:web:ssi-dim-wallet-service.identity:BPNL00000003AYRE,82d33609-f6a5-498c-ae6e-a2affb1d3fb3,1791526027034,1791526271250,1791526271250,
aca635f8-a3f3-4a40-a349-106a1513f40c,CONSUMER,1100,1,did:web:ssi-dim-wallet-service.identity:BPNL00000003AYRE,747b0cd5-dbb3-46a0-badd-31fc753b4e6f,1791526027162,1791526271821,1791526271821,
9c7d12bb-cd64-4668-bc48-111baec56e34,CONSUMER,1100,1,did:web:ssi-dim-wallet-service.identity:BPNL00000003AYRE,23751e22-c53a-40f4-8e33-f66f585abb20,1791526028429,1791526271917,1791526271917,
9ebaa0ec-0708-4020-8ffa-2725d6f08588,CONSUMER,1100,1,did:web:ssi-dim-wallet-service.identity:BPNL00000003AYRE,bccfeae8-886f-40e6-95b7-5b6b6b7ebb8b,1791526028831,1791526272117,1791526272117,
45b45711-a2fb-486e-8be9-1a7639ddbc0e,CONSUMER,1100,1,did:web:ssi-dim-wallet-service.identity:BPNL00000003AYRE,5d1cde00-3b18-4abc-8e49-43d248824889,1791526028949,1791526273860,1791526273860,
679f76b2-e3f8-478d-905d-f2ca5cb05574,CONSUMER,1100,1,did:web:ssi-dim-wallet-service.identity:BPNL00000003AYRE,7ddab33f-6121-494d-b299-7698ec02daae,1791526029936,1791526292547,1791526292547,
b438639e-4993-4e58-a4d8-f52c7327cec4,CONSUMER,1100,1,did:web:ssi-dim-wallet-service.identity:BPNL00000003AYRE,b2b0900b-c613-41c1-8be2-5e1627028127,1791526030055,1791526292518,1791526292518,
f1467063-8d04-449a-b114-0cf6c67d9b77,CONSUMER,1100,1,did:web:ssi-dim-wallet-service.identity:BPNL00000003AYRE,07055118-d214-40d6-bf41-5b7333ea99f4,1791526030337,1791526292948,1791526292948,
5c3788db-7175-4a8c-9055-a0c27c0b6d83,CONSUMER,1100,1,did:web:ssi-dim-wallet-service.identity:BPNL00000003AYRE,d9c3b309-1d48-45a7-a760-555652e4267c,1791526030339,1791526293718,1791526293718,
b3d2c4c1-f676-4e60-8c67-794447dbf8f0,CONSUMER,1100,1,did:web:ssi-dim-wallet-service.identity:BPNL00000003AYRE,05e89fc7-37e6-426e-b6ca-ffe239686a1a,1791526030438,1791526293457,1791526293457,
eb363476-70e3-4b05-bdf4-72721d1c0be6,CONSUMER,1100,1,did:web:ssi-dim-wallet-service.identity:BPNL00000003AYRE,38a5b70e-433d-497f-b191-479f7fc27c1a,1791526030534,1791526294059,1791526294059,
5a3d10a6-c050-4039-aec5-0108690a9335,CONSUMER,1100,1,did:web:ssi-dim-wallet-service.identity:BPNL00000003AYRE,f9ca4258-15dd-4e33-bac8-afc7a1b27540,1791526031030,1791526292847,1791526292847,
a1297037-ea18-494a-8b93-a5f3a161a5f3,CONSUMER,1100,1,did:web:ssi-dim-wallet-service.identity:BPNL00000003AYRE,daa1a628-9bf0-490c-8e0c-a26e44b56b39,1791526031037,1791526294248,1791526294248,
e73c04b4-dc90-402e-8f17-16c2ff311f2e,CONSUMER,1100,1,did:web:ssi-dim-wallet-service.identity:BPNL00000003AYRE,08ce6a4f-5d56-4dff-afbf-659953f0a56a,1791526031840,1791526295187,1791526295187,
25c80247-a5c6-4502-9082-4c3ffe3a8826,CONSUMER,1100,1,did:web:ssi-dim-wallet-service.identity:BPNL00000003AYRE,66c4a989-2917-495e-943d-b746a3bae329,1791526032459,1791526294847,1791526294847,
d9927204-8d60-473d-821e-e23dc7ee98ab,CONSUMER,1100,1,did:web:ssi-dim-wallet-service.identity:BPNL00000003AYRE,40ee2763-b9ee-4e8d-9c23-32cc53952550,1791526032638,1791526296318,1791526296318,
829a7a44-0165-4a4a-8e76-c99b5cf438ba,CONSUMER,1100,1,did:web:ssi-dim-wallet-service.identity:BPNL00000003AYRE,a8a98550-5133-43d4-8acf-3d0eb90c26b1,1791526033456,1791526304948,1791526304948,
7f8848e7-eee7-4891-99af-4a2f307082c5,CONSUMER,1100,1,did:web:ssi-dim-wallet-service.identity:BPNL00000003AYRE,852a7b2d-17b2-4ee8-b775-eb0907797d60,1791526035864,1791526305019,1791526305019,
586a1124-4b19-499f-8e30-68397af3a50b,CONSUMER,1100,1,did:web:ssi-dim-wallet-service.identity:BPNL00000003AYRE,bd15185b-89c4-43a8-8a6f-6b3dbd7e3405,1791526036034,1791526305111,1791526305111,
839aea4c-a207-48e5-8342-954a2b684a87,CONSUMER,1100,1,did:web:ssi-dim-wallet-service.identity:BPNL00000003AYRE,ee7c392c-8b3b-470a-97d3-c32cffe3f7b5,1791526036929,1791526305312,1791526305312,
a31545bd-32a6-4071-8d1c-64b5bc788e3c,CONSUMER,1100,1,did:web:ssi-dim-wallet-service.identity:BPNL00000003AYRE,015bc208-2902-459f-bd64-fffd193f8583,1791526037555,1791526308053,1791526308053,
251be39d-453b-42b6-ab13-3836863c5373,CONSUMER,1100,1,did:web:ssi-dim-wallet-service.identity:BPNL00000003AYRE,cc19960a-ba0f-4fde-82e9-5d044f41a7ba,1791526038142,1791526309820,1791526309820,
71346b8b-1372-4fdd-8837-75f814f4d73b,CONSUMER,1100,1,did:web:ssi-dim-wallet-service.identity:BPNL00000003AYRE,153e5d11-afc5-45af-8d6f-cc11f47dc449,1791526038532,1791526309319,1791526309319,
595e153c-f5ec-44e3-aa04-1b74a39ed089,CONSUMER,1100,1,did:web:ssi-dim-wallet-service.identity:BPNL00000003AYRE,2f5c6d02-ef6e-4186-8764-1ddc3f74720a,1791526038631,1791526308420,1791526308420,
a1b32a17-54d9-41a2-876b-d20e354676c2,CONSUMER,1100,1,did:web:ssi-dim-wallet-service.identity:BPNL00000003AYRE,1d856556-c844-4a04-8dad-5aa28f28aee8,1791526039129,1791526311924,1791526311924,
a55a1f8d-40ec-433d-adb5-0225b44715f4,CONSUMER,1100,1,did:web:ssi-dim-wallet-service.identity:BPNL00000003AYRE,61c3377a-9c30-4770-b1b6-8adee9ee5b00,1791526039175,1791526312218,1791526312218,
86d50f8c-267c-4bfd-b8ad-79adc9fe07ab,CONSUMER,1100,1,did:web:ssi-dim-wallet-service.identity:BPNL00000003AYRE,cae8168e-31f2-48b2-8349-a4205a2bf4d5,1791526039342,1791526313320,1791526313320,
9a1c5326-4af7-4ca7-b230-36f72a1f69a4,CONSUMER,1100,1,did:web:ssi-dim-wallet-service.identity:BPNL00000003AYRE,04051e41-28ac-435f-96ef-99acf9e4cf7d,1791526039735,1791526313304,1791526313304,
84c43858-4992-4daf-be4d-1822e8ab0450,CONSUMER,1100,1,did:web:ssi-dim-wallet-service.identity:BPNL00000003AYRE,6a035f08-62f2-4e86-a642-1659a5814d25,1791526039847,1791526314545,1791526314545,
dd3b2d94-6103-4857-805a-e9dc48426ae6,CONSUMER,1100,1,did:web:ssi-dim-wallet-service.identity:BPNL00000003AYRE,86c8cff4-af9c-40f1-9769-6f4d5d62843f,1791526039858,1791526314906,1791526314906,
cb4a888e-578f-47cf-9bec-ee94b15a6ace,CONSUMER,1100,1,did:web:ssi-dim-wallet-service.identity:BPNL00000003AYRE,e1a98d51-b606-472c-a5bf-d1a9afe5f8f9,1791526041286,1791526326647,1791526326647,
019fe5e1-024d-45ae-80e7-590187965151,CONSUMER,1100,1,did:web:ssi-dim-wallet-service.identity:BPNL00000003AYRE,b7d35d27-4a03-48f4-b4ba-9703e8695390,1791526041435,1791526326825,1791526326825,
c947b718-107a-4974-bfab-df9fb2685360,CONSUMER,1100,1,did:web:ssi-dim-wallet-service.identity:BPNL00000003AYRE,673cd0d7-f609-4791-8de3-1e4b8d339a6e,1791526041753,1791526337675,1791526337675,
f6637dc3-6495-46f8-a7b7-c901d67fc9ca,CONSUMER,1100,1,did:web:ssi-dim-wallet-service.identity:BPNL00000003AYRE,7c9ac823-3973-47ce-b25d-2afc3beede5d,1791526041934,1791526337623,1791526337623,
5fe1dd7c-1b73-47b2-8039-281edb085155,CONSUMER,1100,1,did:web:ssi-dim-wallet-service.identity:BPNL00000003AYRE,45837c56-f03d-4e53-951c-a00d66ceb43f,1791526042442,1791526337720,1791526337720,
cb772255-5d48-4a92-a8e7-6c795c3b9b58,CONSUMER,1100,1,did:web:ssi-dim-wallet-service.identity:BPNL00000003AYRE,0814cab2-151f-418b-86ea-90baa2becea9,1791526042842,1791526337763,1791526337763,
8d8cd4d1-e8f8-442e-bb4f-a314884c650a,CONSUMER,1100,1,did:web:ssi-dim-wallet-service.identity:BPNL00000003AYRE,bec712f9-fe07-4c50-9feb-3f51049cc88f,1791526043450,1791526337861,1791526337861,
57ba64be-4333-4926-96d6-4ad6f6be231c,CONSUMER,1100,1,did:web:ssi-dim-wallet-service.identity:BPNL00000003AYRE,ed433826-bd35-4935-9bb9-03a3d523259b,1791526043755,1791526353356,1791526353356,
86182bd0-8fe1-4bd5-bd85-3098ec1d4096,CONSUMER,1100,1,did:web:ssi-dim-wallet-service.identity:BPNL00000003AYRE,74669164-33a3-4a03-9499-b481bdd42607,1791526044034,1791526338147,1791526338147,
7b284e70-94bb-41a8-9b47-d091d8b9de4d,CONSUMER,200,1,did:web:ssi-dim-wallet-service.identity:BPNL00000003AYRE,,1791526047171,1791526048019,1791526048019,
fbb7d157-4025-45cd-a1ea-5565add453f6,CONSUMER,200,1,did:web:ssi-dim-wallet-service.identity:BPNL00000003AYRE,,1791526048330,1791526049274,1791526049274,
4f811124-8046-4bed-9f58-5e1e88ad011d,CONSUMER,200,1,did:web:ssi-dim-wallet-service.identity:BPNL00000003AYRE,,1791526048357,1791526049333,1791526049333,
1c7c5ae1-01c4-4e1a-8d5a-5822a56dfcbd,CONSUMER,200,1,did:web:ssi-dim-wallet-service.identity:BPNL00000003AYRE,,1791526048640,1791526049338,1791526049338,
47725bf9-e799-4395-b903-7cd9d2fc2a2f,CONSUMER,200,1,did:web:ssi-dim-wallet-service.identity:BPNL00000003AYRE,,1791526049061,1791526049434,1791526049434,
213a262f-7052-48b0-9706-fd2f037b514b,CONSUMER,200,1,did:web:ssi-dim-wallet-service.identity:BPNL00000003AYRE,,1791526049252,1791526049535,1791526049535,
4e596acd-01c5-4f34-9e27-8752637409a4,CONSUMER,200,1,did:web:ssi-dim-wallet-service.identity:BPNL00000003AYRE,,1791526050114,1791526050600,1791526050600,
8f9025c5-e786-4066-8c5a-97c70f84b23f,CONSUMER,200,1,did:web:ssi-dim-wallet-service.identity:BPNL00000003AYRE,,1791526050844,1791526051838,1791526051838,
02811c62-d897-4562-8de0-8f06ba3af140,CONSUMER,200,1,did:web:ssi-dim-wallet-service.identity:BPNL00000003AYRE,,1791526051228,1791526051885,1791526051885,
88214d0c-a6e3-4133-a2d0-41da75d6864f,CONSUMER,200,1,did:web:ssi-dim-wallet-service.identity:BPNL00000003AYRE,,1791526051228,1791526051925,1791526051925,
62e2b6c7-afb0-4c5f-a4d8-58f09e1c6105,CONSUMER,200,1,did:web:ssi-dim-wallet-service.identity:BPNL00000003AYRE,,1791526051243,1791526051953,1791526051953,
09dbe087-fbf4-4a77-8a85-96b1bedc5e29,CONSUMER,200,1,did:web:ssi-dim-wallet-service.identity:BPNL00000003AYRE,,1791526052076,1791526052351,1791526052351,
959c5c2d-36f9-400c-8289-5406451ce254,CONSUMER,200,1,did:web:ssi-dim-wallet-service.identity:BPNL00000003AYRE,,1791526052485,1791526053909,1791526053909,
a8dee835-8d3c-46df-833e-20a0b3070991,CONSUMER,200,1,did:web:ssi-dim-wallet-service.identity:BPNL00000003AYRE,,1791526052552,1791526054010,1791526054010,
0d6f8dbe-5eb2-407d-a11b-6f0b578cd88d,CONSUMER,200,1,did:web:ssi-dim-wallet-service.identity:BPNL00000003AYRE,,1791526053248,1791526054022,1791526054022,
1e2230f0-241e-42f6-b2a1-f04b243b10f5,CONSUMER,200,1,did:web:ssi-dim-wallet-service.identity:BPNL00000003AYRE,,1791526053351,1791526054036,1791526054036,
2ee003f9-da65-4e2f-9ace-47b96f7ee67a,CONSUMER,200,1,did:web:ssi-dim-wallet-service.identity:BPNL00000003AYRE,,1791526053758,1791526054536,1791526054536,
4299dc79-e482-4dcb-8553-9723e9dc60e4,CONSUMER,200,1,did:web:ssi-dim-wallet-service.identity:BPNL00000003AYRE,,1791526054043,1791526054537,1791526054537,
2abd6cf9-57e8-4bca-b5a7-fde2b94d85ad,CONSUMER,200,1,did:web:ssi-dim-wallet-service.identity:BPNL00000003AYRE,,1791526055559,1791526056017,1791526056017,
64d02dc9-32a5-4ad1-926c-513386117f4b,CONSUMER,200,1,did:web:ssi-dim-wallet-service.identity:BPNL00000003AYRE,,1791526055752,1791526056017,1791526056017,
d991a390-5333-401f-b5ae-e77d4cded1cb,CONSUMER,200,1,did:web:ssi-dim-wallet-service.identity:BPNL00000003AYRE,,1791526055758,1791526056160,1791526056160,
c886b266-c367-4a9f-bc74-54a32089ab0a,CONSUMER,200,1,did:web:ssi-dim-wallet-service.identity:BPNL00000003AYRE,,1791526056544,1791526057354,1791526057354,
a8fb5b86-8370-4b72-9a90-b2cbe44a412d,CONSUMER,200,1,did:web:ssi-dim-wallet-service.identity:BPNL00000003AYRE,,1791526056642,1791526057455,1791526057455,
87ade24e-784e-47b7-997a-f6336845fcda,CONSUMER,200,1,did:web:ssi-dim-wallet-service.identity:BPNL00000003AYRE,,1791526057733,1791526058648,1791526058648,
cfbef3b5-64fb-4e6b-95f4-62c9864be28d,CONSUMER,200,1,did:web:ssi-dim-wallet-service.identity:BPNL00000003AYRE,,1791526059039,1791526059759,1791526059759,
4c228544-c7b3-4466-a3fe-b2d09a8deb68,CONSUMER,200,1,did:web:ssi-dim-wallet-service.identity:BPNL00000003AYRE,,1791526060239,1791526060876,1791526060876,
e1189b53-6345-4ba2-8f91-13ecaa238266,CONSUMER,200,1,did:web:ssi-dim-wallet-service.identity:BPNL00000003AYRE,,1791526060844,1791526062133,1791526062133,
7031d199-ea85-4674-b38e-59505535a6a2,CONSUMER,200,1,did:web:ssi-dim-wallet-service.identity:BPNL00000003AYRE,,1791526061442,1791526062208,1791526062208,
f1066f83-6434-474f-b693-fc8ff8a08ada,CONSUMER,200,1,did:web:ssi-dim-wallet-service.identity:BPNL00000003AYRE,,1791526061843,1791526062234,1791526062234,
c700a936-a97e-445d-b9a3-183e65bed697,CONSUMER,200,1,did:web:ssi-dim-wallet-service.identity:BPNL00000003AYRE,,1791526062033,1791526062707,1791526062707,
ceca01af-6fd5-49f3-8d64-b10a49844126,CONSUMER,200,1,did:web:ssi-dim-wallet-service.identity:BPNL00000003AYRE,,1791526062035,1791526062806,1791526062806,
b6b46b06-5321-4a7c-89d5-c1e421566c8a,CONSUMER,200,1,did:web:ssi-dim-wallet-service.identity:BPNL00000003AYRE,,1791526062156,1791526062856,1791526062856,
58d6b060-ed17-46bd-bc14-420e5d1d8008,CONSUMER,200,1,did:web:ssi-dim-wallet-service.identity:BPNL00000003AYRE,,1791526062260,1791526062965,1791526062965,
8e212077-7f3c-4133-a398-e1e2693342f7,CONSUMER,200,1,did:web:ssi-dim-wallet-service.identity:BPNL00000003AYRE,,1791526062863,1791526063235,1791526063235,
bef4712e-27c6-4409-b0c3-14e56440207f,CONSUMER,200,1,did:web:ssi-dim-wallet-service.identity:BPNL00000003AYRE,,1791526063340,1791526064220,1791526064220,
beadff5b-9113-4016-a0ee-eeaa1b09c569,CONSUMER,200,1,did:web:ssi-dim-wallet-service.identity:BPNL00000003AYRE,,1791526063543,1791526064219,1791526064219,
b7c61d6c-3c42-48cf-9aa9-f42b2c3f4822,CONSUMER,200,1,did:web:ssi-dim-wallet-service.identity:BPNL00000003AYRE,,1791526064168,1791526064434,1791526064434,
7a13d781-6887-473b-8cc3-9e78364bb76a,CONSUMER,200,1,did:web:ssi-dim-wallet-service.identity:BPNL00000003AYRE,,1791526064451,1791526065698,1791526065698,
96d045e7-3dd8-488b-b7cc-11053cbf0ba4,CONSUMER,200,1,did:web:ssi-dim-wallet-service.identity:BPNL00000003AYRE,,1791526065460,1791526065865,1791526065865,
ec4419a6-b690-4419-954f-724dc8426adb,CONSUMER,200,1,did:web:ssi-dim-wallet-service.identity:BPNL00000003AYRE,,1791526065739,1791526065909,1791526065909,
9bad9966-1155-4a79-acef-32a51e253d04,CONSUMER,200,1,did:web:ssi-dim-wallet-service.identity:BPNL00000003AYRE,,1791526065840,1791526066153,1791526066153,
3ae05558-5297-43cb-a2e8-7fda0c4248b0,CONSUMER,200,1,did:web:ssi-dim-wallet-service.identity:BPNL00000003AYRE,,1791526065840,1791526066054,1791526066054,
b2dcd23b-2189-4161-9846-8bbada77f75d,CONSUMER,200,1,did:web:ssi-dim-wallet-service.identity:BPNL00000003AYRE,,1791526065963,1791526066316,1791526066316,
c350df7f-ad49-4867-98b4-bdaeccd68314,CONSUMER,200,1,did:web:ssi-dim-wallet-service.identity:BPNL00000003AYRE,,1791526066435,1791526068119,1791526068119,
20601602-f2ad-45cc-bc9c-e5de4275d2b3,CONSUMER,200,1,did:web:ssi-dim-wallet-service.identity:BPNL00000003AYRE,,1791526066732,1791526067813,1791526067813,
f167351c-23bf-4b40-b030-5a88b3c4cec4,CONSUMER,200,1,did:web:ssi-dim-wallet-service.identity:BPNL00000003AYRE,,1791526066835,1791526068107,1791526068107,
221588df-8280-4f5d-b861-68225f82c54d,CONSUMER,200,1,did:web:ssi-dim-wallet-service.identity:BPNL00000003AYRE,,1791526067243,1791526068024,1791526068024,
e09f4929-fb27-4f4b-a11b-c7b2688b8c3c,CONSUMER,200,1,did:web:ssi-dim-wallet-service.identity:BPNL00000003AYRE,,1791526068005,1791526068924,1791526068924,
d55f9e55-9c3d-4183-963c-244161fec026,CONSUMER,200,1,did:web:ssi-dim-wallet-service.identity:BPNL00000003AYRE,,1791526068029,1791526069412,1791526069412,
0b1a5d3f-7bbb-46d8-8779-8cf395b1fc69,CONSUMER,200,1,did:web:ssi-dim-wallet-service.identity:BPNL00000003AYRE,,1791526069451,1791526070257,1791526070257,
0869dfd5-296a-4831-a371-7fc705257be1,CONSUMER,200,1,did:web:ssi-dim-wallet-service.identity:BPNL00000003AYRE,,1791526072347,1791526072691,1791526072691,
81a9f7c2-4a94-41ee-97e8-26c96dde5acb,CONSUMER,200,1,did:web:ssi-dim-wallet-service.identity:BPNL00000003AYRE,,1791526072450,1791526073224,1791526073224,
b612a61d-6a1a-4915-bf28-12d4a667b308,CONSUMER,200,1,did:web:ssi-dim-wallet-service.identity:BPNL00000003AYRE,,1791526073132,1791526074598,1791526074598,
f9691b5b-b8ab-43be-84f6-f73dfba2812f,CONSUMER,200,1,did:web:ssi-dim-wallet-service.identity:BPNL00000003AYRE,,1791526073548,1791526074657,1791526074657,
90924001-d6e2-4d8f-9cd6-fe6cf74d69ea,CONSUMER,200,1,did:web:ssi-dim-wallet-service.identity:BPNL00000003AYRE,,1791526073630,1791526074724,1791526074724,
80bb2d70-d7fc-451b-9f7b-d7a55d694d7c,CONSUMER,200,1,did:web:ssi-dim-wallet-service.identity:BPNL00000003AYRE,,1791526073949,1791526074700,1791526074700,
9fe6ccae-63a5-490c-8762-807d4c3cb134,CONSUMER,200,1,did:web:ssi-dim-wallet-service.identity:BPNL00000003AYRE,,1791526074049,1791526074809,1791526074809,
21179b0e-b723-45b1-90b6-ddb964c8eb0d,CONSUMER,200,1,did:web:ssi-dim-wallet-service.identity:BPNL00000003AYRE,,1791526074141,1791526074738,1791526074738,
05cad35d-558e-4ef8-802a-d6422a37443d,CONSUMER,200,1,did:web:ssi-dim-wallet-service.identity:BPNL00000003AYRE,,1791526074438,1791526074802,1791526074802,
56a73586-afb6-41c8-9984-0f7d1d308655,CONSUMER,200,1,did:web:ssi-dim-wallet-service.identity:BPNL00000003AYRE,,1791526074844,1791526075712,1791526075712,
e3e14428-a881-4673-ac68-147706eea54c,CONSUMER,200,1,did:web:ssi-dim-wallet-service.identity:BPNL00000003AYRE,,1791526074947,1791526075744,1791526075744,
c80a38e3-17ea-4f2d-a17e-0cd684f4b91f,CONSUMER,200,1,did:web:ssi-dim-wallet-service.identity:BPNL00000003AYRE,,1791526075743,1791526077234,1791526077234,
90fc7604-ae0f-420b-815f-faf9373520ca,CONSUMER,200,1,did:web:ssi-dim-wallet-service.identity:BPNL00000003AYRE,,1791526076032,1791526077354,1791526077354,
2711f401-68b1-4985-be00-e4bb7c12c478,CONSUMER,200,1,did:web:ssi-dim-wallet-service.identity:BPNL00000003AYRE,,1791526076752,1791526077714,1791526077714,
6cb17719-2f39-4ace-a8a4-2c93d423a277,CONSUMER,200,1,did:web:ssi-dim-wallet-service.identity:BPNL00000003AYRE,,1791526079828,1791526079916,1791526079916,
f452b9a0-d478-458d-8eb8-000f398f3501,CONSUMER,200,1,did:web:ssi-dim-wallet-service.identity:BPNL00000003AYRE,,1791526080752,1791526081067,1791526081067,
ab4cc359-e02b-457f-a8c2-5743005761aa,CONSUMER,200,1,did:web:ssi-dim-wallet-service.identity:BPNL00000003AYRE,,1791526080845,1791526081074,1791526081074,
97999cd0-fc23-4390-97f2-1f9f3fd0a223,CONSUMER,200,1,did:web:ssi-dim-wallet-service.identity:BPNL00000003AYRE,,1791526081073,1791526082634,1791526082634,
6ffefa92-9004-48f3-8302-4f3ea4aee45d,CONSUMER,200,1,did:web:ssi-dim-wallet-service.identity:BPNL00000003AYRE,,1791526081535,1791526082648,1791526082648,
fe57498c-8ad0-4b77-813b-ad06cf57112f,CONSUMER,200,1,did:web:ssi-dim-wallet-service.identity:BPNL00000003AYRE,,1791526081850,1791526082861,1791526082861,
d8e54468-d51c-4bc8-bc78-5f5f2c9a8f48,CONSUMER,200,1,did:web:ssi-dim-wallet-service.identity:BPNL00000003AYRE,,1791526082239,1791526082959,1791526082959,
876a95ba-b6ef-4636-894c-f9b325fb6936,CONSUMER,200,1,did:web:ssi-dim-wallet-service.identity:BPNL00000003AYRE,,1791526082656,1791526083024,1791526083024,
c4ed5876-af9e-413d-99e6-3e55f24b26c2,CONSUMER,200,1,did:web:ssi-dim-wallet-service.identity:BPNL00000003AYRE,,1791526083650,1791526084095,1791526084095,
beec2745-e501-41a4-af44-d9d203efc651,CONSUMER,200,1,did:web:ssi-dim-wallet-service.identity:BPNL00000003AYRE,,1791526085340,1791526086590,1791526086590,
9eb7cfcd-9ce8-4a13-a1c3-7e14dd642449,CONSUMER,200,1,did:web:ssi-dim-wallet-service.identity:BPNL00000003AYRE,,1791526085669,1791526086602,1791526086602,
88f5a579-ca2d-4361-8713-46afc8412bba,CONSUMER,200,1,did:web:ssi-dim-wallet-service.identity:BPNL00000003AYRE,,1791526085745,1791526086608,1791526086608,
6741a839-5e38-4f83-9d31-387c1b91cfc1,CONSUMER,200,1,did:web:ssi-dim-wallet-service.identity:BPNL00000003AYRE,,1791526086253,1791526087310,1791526087310,
e245b5d7-7ea6-482e-9791-73c376970df3,CONSUMER,200,1,did:web:ssi-dim-wallet-service.identity:BPNL00000003AYRE,,1791526086258,1791526087410,1791526087410,
60b4d6bd-6b19-4e50-9aeb-d6a8a112e12a,CONSUMER,200,1,did:web:ssi-dim-wallet-service.identity:BPNL00000003AYRE,,1791526087345,1791526089114,1791526089114,
ff9c10cc-4b4d-4c8e-97d0-caa5c71f92f7,CONSUMER,200,1,did:web:ssi-dim-wallet-service.identity:BPNL00000003AYRE,,1791526087629,1791526089312,1791526089312,
e845f5bf-eb7f-4a3e-a9de-31318cc417a7,CONSUMER,200,1,did:web:ssi-dim-wallet-service.identity:BPNL00000003AYRE,,1791526087844,1791526089213,1791526089213,
76c1373e-bd1e-427a-966a-5bc481bced62,CONSUMER,200,1,did:web:ssi-dim-wallet-service.identity:BPNL00000003AYRE,,1791526087934,1791526089309,1791526089309,
2f51ee30-6e8f-410d-ac17-ca971465f9ca,CONSUMER,200,1,did:web:ssi-dim-wallet-service.identity:BPNL00000003AYRE,,1791526088932,1791526089506,1791526089506,
4a563a90-d6fc-461a-9862-fafa0692fd16,CONSUMER,200,1,did:web:ssi-dim-wallet-service.identity:BPNL00000003AYRE,,1791526089055,1791526089507,1791526089507,
481f7d88-4931-4355-b794-bb280f1e0ec3,CONSUMER,200,1,did:web:ssi-dim-wallet-service.identity:BPNL00000003AYRE,,1791526089542,1791526090539,1791526090539,
2b12864b-07bb-466a-b2d7-6ad19c2ea063,CONSUMER,200,1,did:web:ssi-dim-wallet-service.identity:BPNL00000003AYRE,,1791526090356,1791526090598,1791526090598,
da05fecd-7fd4-425d-895e-1fe8f945c840,CONSUMER,200,1,did:web:ssi-dim-wallet-service.identity:BPNL00000003AYRE,,1791526090368,1791526090619,1791526090619,
b7ae5d43-efb0-476a-9a27-4aee2adad5ec,CONSUMER,200,1,did:web:ssi-dim-wallet-service.identity:BPNL00000003AYRE,,1791526090632,1791526091731,1791526091731,
87f44c2d-bd97-48dd-9d06-039b21ed8ae9,CONSUMER,200,1,did:web:ssi-dim-wallet-service.identity:BPNL00000003AYRE,,1791526090650,1791526091732,1791526091732,
fb97f299-793f-4c90-b726-870cd2029185,CONSUMER,200,1,did:web:ssi-dim-wallet-service.identity:BPNL00000003AYRE,,1791526090938,1791526091797,1791526091797,
b880ab1c-04c1-43e1-9fa3-dcdfb5f9eb42,CONSUMER,200,1,did:web:ssi-dim-wallet-service.identity:BPNL00000003AYRE,,1791526091937,1791526093015,1791526093015,
23849fea-15a2-4348-9770-bca39c2ea2c8,CONSUMER,200,1,did:web:ssi-dim-wallet-service.identity:BPNL00000003AYRE,,1791526092041,1791526093016,1791526093016,
c3380e00-965d-42a5-a35c-3d08612e4d2c,CONSUMER,200,1,did:web:ssi-dim-wallet-service.identity:BPNL00000003AYRE,,1791526092355,1791526093196,1791526093196,
fe315a66-299f-48f2-9a75-36800b0b3384,CONSUMER,200,1,did:web:ssi-dim-wallet-service.identity:BPNL00000003AYRE,,1791526092547,1791526093350,1791526093350,
4be0c451-1c13-4c15-be5c-1aaf39eb3074,CONSUMER,200,1,did:web:ssi-dim-wallet-service.identity:BPNL00000003AYRE,,1791526092647,1791526093407,1791526093407,
3f00bc87-b2af-402b-8e58-cff7dfb53f21,CONSUMER,200,1,did:web:ssi-dim-wallet-service.identity:BPNL00000003AYRE,,1791526092950,1791526093399,1791526093399,
03b3e759-a12b-4273-94fe-df52ee51b6dc,CONSUMER,200,1,did:web:ssi-dim-wallet-service.identity:BPNL00000003AYRE,,1791526093445,1791526094452,1791526094452,
20fef1df-0bbb-4f50-9a16-cf21cc87c689,CONSUMER,200,1,did:web:ssi-dim-wallet-service.identity:BPNL00000003AYRE,,1791526093849,1791526094521,1791526094521,
c2aa8688-4240-46c8-a4d9-b2ba767d0100,CONSUMER,200,1,did:web:ssi-dim-wallet-service.identity:BPNL00000003AYRE,,1791526094038,1791526094519,1791526094519,
b24fbd7c-d7da-43f6-bd84-6eb05d72b7c9,CONSUMER,200,1,did:web:ssi-dim-wallet-service.identity:BPNL00000003AYRE,,1791526094644,1791526096161,1791526096161,
e39baaae-c358-41d6-a327-2188157b0abf,CONSUMER,200,1,did:web:ssi-dim-wallet-service.identity:BPNL00000003AYRE,,1791526094828,1791526096031,1791526096031,
d154e298-4731-4d2c-9644-e613533d2406,CONSUMER,200,1,did:web:ssi-dim-wallet-service.identity:BPNL00000003AYRE,,1791526095006,1791526096028,1791526096028,
32c36484-4c8b-4c39-8d56-fa9cdb50adc0,CONSUMER,200,1,did:web:ssi-dim-wallet-service.identity:BPNL00000003AYRE,,1791526095032,1791526096161,1791526096161,
66800fa7-ff73-4326-850d-5846db5531c0,CONSUMER,200,1,did:web:ssi-dim-wallet-service.identity:BPNL00000003AYRE,,1791526095068,1791526096213,1791526096213,
fd76029f-0be5-4c2f-95cc-71b7a2620a55,CONSUMER,200,1,did:web:ssi-dim-wallet-service.identity:BPNL00000003AYRE,,1791526095774,1791526096740,1791526096740,
fde8447c-ba7c-4d66-ad5b-e027c1098bf6,CONSUMER,200,1,did:web:ssi-dim-wallet-service.identity:BPNL00000003AYRE,,1791526096555,1791526099850,1791526099850,
a0393000-4c05-45fc-8e0c-58117a410b35,CONSUMER,200,1,did:web:ssi-dim-wallet-service.identity:BPNL00000003AYRE,,1791526096634,1791526099648,1791526099648,
4b35f19d-1f97-43c5-99d8-aa01ae835f0a,CONSUMER,200,1,did:web:ssi-dim-wallet-service.identity:BPNL00000003AYRE,,1791526096636,1791526099751,1791526099751,
29f9e366-09a8-418f-9caa-fc5fb620ccfd,CONSUMER,200,1,did:web:ssi-dim-wallet-service.identity:BPNL00000003AYRE,,1791526097141,1791526100839,1791526100839,
8b4f4c4f-da8a-421d-85a8-be909425e3c4,CONSUMER,200,1,did:web:ssi-dim-wallet-service.identity:BPNL00000003AYRE,,1791526097340,1791526105106,1791526105106,
551086a7-4add-4221-bcc1-bcac03a92042,CONSUMER,200,1,did:web:ssi-dim-wallet-service.identity:BPNL00000003AYRE,,1791526097441,1791526105317,1791526105317,
6cf8ee55-0378-4462-8cd9-6cc8b2ba903e,CONSUMER,200,1,did:web:ssi-dim-wallet-service.identity:BPNL00000003AYRE,,1791526097448,1791526105618,1791526105618,
8b7d7f09-20fb-42ff-b5ac-4418c236d4ab,CONSUMER,200,1,did:web:ssi-dim-wallet-service.identity:BPNL00000003AYRE,,1791526097740,1791526105737,1791526105737,
89144b35-9db6-4c86-b70a-f53df387c90d,CONSUMER,200,1,did:web:ssi-dim-wallet-service.identity:BPNL00000003AYRE,,1791526097748,1791526105750,1791526105750,
e5b5e56e-1fe4-49e3-ba20-fdcf618af4d7,CONSUMER,200,1,did:web:ssi-dim-wallet-service.identity:BPNL00000003AYRE,,1791526097847,1791526106528,1791526106528,
1742c437-7a0c-474b-a9f8-07ac4e2dd384,CONSUMER,200,1,did:web:ssi-dim-wallet-service.identity:BPNL00000003AYRE,,1791526097949,1791526106339,1791526106339,
3796ff1f-7a13-475d-a336-28f03a765d17,CONSUMER,200,1,did:web:ssi-dim-wallet-service.identity:BPNL00000003AYRE,,1791526097959,1791526106611,1791526106611,
cae65660-da39-4bbd-92dd-98d6410e381c,CONSUMER,200,1,did:web:ssi-dim-wallet-service.identity:BPNL00000003AYRE,,1791526098057,1791526106926,1791526106926,
2fce0377-8af8-4123-85b0-624d28094326,CONSUMER,200,1,did:web:ssi-dim-wallet-service.identity:BPNL00000003AYRE,,1791526098747,1791526196447,1791526196447,
0b827a19-51f4-4157-90ec-5a6e40f5477c,CONSUMER,200,1,did:web:ssi-dim-wallet-service.identity:BPNL00000003AYRE,,1791526098859,1791526210748,1791526210748,
9762fcad-c712-4b8a-a409-ff6ccb7c664d,CONSUMER,200,1,did:web:ssi-dim-wallet-service.identity:BPNL00000003AYRE,,1791526099358,1791526217259,1791526217259,
b0e82ccc-d2e0-43a4-aa7e-abce34b19d76,CONSUMER,200,1,did:web:ssi-dim-wallet-service.identity:BPNL00000003AYRE,,1791526099369,1791526221951,1791526221951,
f9ea005d-3f34-4140-9528-b9e2cb226301,CONSUMER,200,1,did:web:ssi-dim-wallet-service.identity:BPNL00000003AYRE,,1791526099835,1791526225155,1791526225155,
b8ea834e-595c-4a3a-ba57-e029d9cd0dce,CONSUMER,200,1,did:web:ssi-dim-wallet-service.identity:BPNL00000003AYRE,,1791526100336,1791526231562,1791526231562,
ab3375a8-131e-416d-99fa-21cc7e46f759,CONSUMER,200,1,did:web:ssi-dim-wallet-service.identity:BPNL00000003AYRE,,1791526100557,1791526231770,1791526231770,
ce2298e1-9947-4490-b049-d7066f2ff131,CONSUMER,200,1,did:web:ssi-dim-wallet-service.identity:BPNL00000003AYRE,,1791526100858,1791526232461,1791526232461,
2052070d-82d2-40df-9766-74443608c21d,CONSUMER,200,1,did:web:ssi-dim-wallet-service.identity:BPNL00000003AYRE,,1791526101354,1791526234958,1791526234958,
2e57cb77-7e81-4dfd-9fc1-130dee51b1b4,CONSUMER,200,1,did:web:ssi-dim-wallet-service.identity:BPNL00000003AYRE,,1791526101655,1791526242348,1791526242348,
1c2be5dd-1a3a-4231-858b-05e91a55eafd,CONSUMER,200,1,did:web:ssi-dim-wallet-service.identity:BPNL00000003AYRE,,1791526101741,1791526243057,1791526243057,
293559df-721e-40a7-8ee1-f19013448f17,CONSUMER,200,1,did:web:ssi-dim-wallet-service.identity:BPNL00000003AYRE,,1791526101853,1791526243951,1791526243951,
75959f1e-50f2-4c36-997f-540b9ef6cedf,CONSUMER,200,1,did:web:ssi-dim-wallet-service.identity:BPNL00000003AYRE,,1791526102048,1791526244662,1791526244662,
232b631f-bf8f-42fd-b29a-4f20144e3eea,CONSUMER,200,1,did:web:ssi-dim-wallet-service.identity:BPNL00000003AYRE,,1791526102259,1791526250260,1791526250260,
2f4cce37-fd26-4237-8e67-e816a3f057d6,CONSUMER,200,1,did:web:ssi-dim-wallet-service.identity:BPNL00000003AYRE,,1791526102352,1791526277664,1791526277664,
3cc19199-4db5-4e48-b68d-0fd0a121e224,CONSUMER,200,1,did:web:ssi-dim-wallet-service.identity:BPNL00000003AYRE,,1791526102450,1791526277760,1791526277760,
ab637fb1-0b01-4db7-b33d-24ca6a579802,CONSUMER,200,1,did:web:ssi-dim-wallet-service.identity:BPNL00000003AYRE,,1791526103438,1791526278667,1791526278667,
cb54c3fc-cf8a-4b99-a3ed-50ebc5bf0e30,CONSUMER,200,1,did:web:ssi-dim-wallet-service.identity:BPNL00000003AYRE,,1791526103439,1791526279952,1791526279952,
345c571e-dfc5-4251-b577-5937e51f8115,CONSUMER,200,1,did:web:ssi-dim-wallet-service.identity:BPNL00000003AYRE,,1791526104033,1791526280452,1791526280452,
bb81b468-236f-4ceb-b300-e1230174e4b5,CONSUMER,200,1,did:web:ssi-dim-wallet-service.identity:BPNL00000003AYRE,,1791526104046,1791526280655,1791526280655,
71da5105-68e5-405a-8623-96da3ae299ad,CONSUMER,200,1,did:web:ssi-dim-wallet-service.identity:BPNL00000003AYRE,,1791526104130,1791526280877,1791526280877,
7b8769bc-0ff3-4312-af6e-d3d1fdac7eda,CONSUMER,200,1,did:web:ssi-dim-wallet-service.identity:BPNL00000003AYRE,,1791526105533,1791526281254,1791526281254,
eee3d026-816c-4826-b527-9c431a8201a8,CONSUMER,200,1,did:web:ssi-dim-wallet-service.identity:BPNL00000003AYRE,,1791526105647,1791526282255,1791526282255,
6367dd13-98ab-4e14-99ee-a22b195084e2,CONSUMER,200,1,did:web:ssi-dim-wallet-service.identity:BPNL00000003AYRE,,1791526105654,1791526284062,1791526284062,
48c07e95-6c3f-437f-b03e-70255b5c5c77,CONSUMER,200,1,did:web:ssi-dim-wallet-service.identity:BPNL00000003AYRE,,1791526105660,1791526284950,1791526284950,
be244178-e949-442e-b344-71d9ff93aa7d,CONSUMER,200,1,did:web:ssi-dim-wallet-service.identity:BPNL00000003AYRE,,1791526105751,1791526286151,1791526286151,
5b528061-6651-43db-b8ce-c4776d8919e0,CONSUMER,200,1,did:web:ssi-dim-wallet-service.identity:BPNL00000003AYRE,,1791526105751,1791526284818,1791526284818,
449c7ac8-4881-4eb1-b823-a7b22e0af21b,CONSUMER,200,1,did:web:ssi-dim-wallet-service.identity:BPNL00000003AYRE,,1791526105758,1791526288048,1791526288048,
1034112b-da39-4bc9-98da-cfeed040a2c8,CONSUMER,200,1,did:web:ssi-dim-wallet-service.identity:BPNL00000003AYRE,,1791526105935,1791526288947,1791526288947,
452005ea-01e2-4c35-9189-286f1c3765af,CONSUMER,200,1,did:web:ssi-dim-wallet-service.identity:BPNL00000003AYRE,,1791526106055,1791526289647,1791526289647,
625a2b0d-113f-448a-894d-c47ec5b26b84,CONSUMER,200,1,did:web:ssi-dim-wallet-service.identity:BPNL00000003AYRE,,1791526106247,1791526290466,1791526290466,
7d9148f9-6884-47a9-b688-b4a5dfe4acdb,CONSUMER,200,1,did:web:ssi-dim-wallet-service.identity:BPNL00000003AYRE,,1791526106334,1791526290654,1791526290654,
7fc121ac-9a0e-49ca-bd01-c74f13456c98,CONSUMER,200,1,did:web:ssi-dim-wallet-service.identity:BPNL00000003AYRE,,1791526106539,1791526290822,1791526290822,
bd4d9987-ff59-42d6-89c4-a190fceab73f,CONSUMER,200,1,did:web:ssi-dim-wallet-service.identity:BPNL00000003AYRE,,1791526106930,1791526291385,1791526291385,
7ed668fa-1ff2-4f0c-96d6-04eff9692565,CONSUMER,200,1,did:web:ssi-dim-wallet-service.identity:BPNL00000003AYRE,,1791526107032,1791526297119,1791526297119,
0a104fbc-a8e7-4560-ae3a-2982b05e1795,CONSUMER,200,1,did:web:ssi-dim-wallet-service.identity:BPNL00000003AYRE,,1791526107087,1791526297349,1791526297349,
064b37fd-7f1b-4b16-9704-d0563fcdfea8,CONSUMER,200,1,did:web:ssi-dim-wallet-service.identity:BPNL00000003AYRE,,1791526107335,1791526297860,1791526297860,
6301dace-1c64-4685-b4e1-ac9111787f6b,CONSUMER,200,1,did:web:ssi-dim-wallet-service.identity:BPNL00000003AYRE,,1791526107338,1791526298254,1791526298254,
976ae906-dc24-4ddf-98dd-923c36b4f364,CONSUMER,200,1,did:web:ssi-dim-wallet-service.identity:BPNL00000003AYRE,,1791526107347,1791526298520,1791526298520,
8b984387-c69a-4073-ab8d-1e9fafab68db,CONSUMER,200,1,did:web:ssi-dim-wallet-service.identity:BPNL00000003AYRE,,1791526107366,1791526299219,1791526299219,
d652ae4b-e361-40ef-8cc5-4f4e283ff76b,CONSUMER,200,1,did:web:ssi-dim-wallet-service.identity:BPNL00000003AYRE,,1791526107443,1791526299347,1791526299347,
d4c24c7e-ae3a-479c-90a4-39f65c3b4101,CONSUMER,200,1,did:web:ssi-dim-wallet-service.identity:BPNL00000003AYRE,,1791526107586,1791526299456,1791526299456,
c9824ec0-483d-41a6-ad06-bfc9c0a77eeb,CONSUMER,200,1,did:web:ssi-dim-wallet-service.identity:BPNL00000003AYRE,,1791526107597,1791526300018,1791526300018,
9f3c707e-60b8-462f-be49-3eb2914491a0,CONSUMER,200,1,did:web:ssi-dim-wallet-service.identity:BPNL00000003AYRE,,1791526107902,1791526300360,1791526300360,
5077cd58-c0ae-40df-a3aa-ea1e7b1089e7,CONSUMER,200,1,did:web:ssi-dim-wallet-service.identity:BPNL00000003AYRE,,1791526108245,1791526129852,1791526129852,
3d5ba2cd-854f-4b5f-98fd-cd9c7904be64,CONSUMER,200,1,did:web:ssi-dim-wallet-service.identity:BPNL00000003AYRE,,1791526108245,1791526129852,1791526129852,
9be18cd4-dd68-4be0-bea1-97f5c8636ba2,CONSUMER,200,1,did:web:ssi-dim-wallet-service.identity:BPNL00000003AYRE,,1791526108329,1791526129955,1791526129955,
32b4f56c-b24a-4929-b1f3-c536a6adf5c0,CONSUMER,200,1,did:web:ssi-dim-wallet-service.identity:BPNL00000003AYRE,,1791526108427,1791526129868,1791526129868,
0938923b-9ac5-4d92-8a35-ef82c0184e35,CONSUMER,200,1,did:web:ssi-dim-wallet-service.identity:BPNL00000003AYRE,,1791526108461,1791526129950,1791526129950,
f8f159e8-1ccf-4a27-bd60-d438eb35bc48,CONSUMER,200,1,did:web:ssi-dim-wallet-service.identity:BPNL00000003AYRE,,1791526108651,1791526130223,1791526130223,
fcbfdd3b-f15d-432a-8b7a-78392f65f64e,CONSUMER,200,1,did:web:ssi-dim-wallet-service.identity:BPNL00000003AYRE,,1791526108652,1791526130325,1791526130325,
f84d1ab2-1383-4529-8862-2f8a24f330c8,CONSUMER,200,1,did:web:ssi-dim-wallet-service.identity:BPNL00000003AYRE,,1791526108654,1791526130460,1791526130460,
15686289-8d46-40dc-88a2-e4e599c9425c,CONSUMER,200,1,did:web:ssi-dim-wallet-service.identity:BPNL00000003AYRE,,1791526108749,1791526130566,1791526130566,
3df5565c-7274-4d46-a29f-8dbf6f39010e,CONSUMER,200,1,did:web:ssi-dim-wallet-service.identity:BPNL00000003AYRE,,1791526108750,1791526130753,1791526130753,
722ba4d5-9f80-46a3-9ca5-7a08e2861dab,CONSUMER,200,1,did:web:ssi-dim-wallet-service.identity:BPNL00000003AYRE,,1791526109040,1791526130849,1791526130849,
a0a697b6-57ee-4941-872f-e85c444e9f62,CONSUMER,200,1,did:web:ssi-dim-wallet-service.identity:BPNL00000003AYRE,,1791526109050,1791526130950,1791526130950,
bc084e2d-6b78-4cdd-a483-113449c1b030,CONSUMER,200,1,did:web:ssi-dim-wallet-service.identity:BPNL00000003AYRE,,1791526109052,1791526131066,1791526131066,
5b3f88eb-a2dd-4329-aaaf-16c016fce1eb,CONSUMER,200,1,did:web:ssi-dim-wallet-service.identity:BPNL00000003AYRE,,1791526109075,1791526131147,1791526131147,
ae39c20f-ce45-48e1-bd41-edaea163e50f,CONSUMER,200,1,did:web:ssi-dim-wallet-service.identity:BPNL00000003AYRE,,1791526109230,1791526131254,1791526131254,
fe88f887-b533-4630-ba7b-b5d597b8a5b5,CONSUMER,200,1,did:web:ssi-dim-wallet-service.identity:BPNL00000003AYRE,,1791526109348,1791526131420,1791526131420,
1952dfc0-cd7d-434c-bdb4-c311bd29c21f,CONSUMER,200,1,did:web:ssi-dim-wallet-service.identity:BPNL00000003AYRE,,1791526109370,1791526131552,1791526131552,
f10c98a5-cc36-4fef-98c6-21272e3a0f3c,CONSUMER,200,1,did:web:ssi-dim-wallet-service.identity:BPNL00000003AYRE,,1791526109543,1791526131671,1791526131671,
eafd8b9c-cf30-4b65-af91-0e568d44977f,CONSUMER,200,1,did:web:ssi-dim-wallet-service.identity:BPNL00000003AYRE,,1791526109545,1791526131847,1791526131847,
c919e8c4-97cb-40fe-8330-a400def2ce8e,CONSUMER,200,1,did:web:ssi-dim-wallet-service.identity:BPNL00000003AYRE,,1791526109631,1791526131948,1791526131948,
60d5d0e9-e298-4924-aebc-2886a2dcc5b9,CONSUMER,200,1,did:web:ssi-dim-wallet-service.identity:BPNL00000003AYRE,,1791526109666,1791526133459,1791526133459,
11c0056e-2781-44aa-873a-4a110850afa3,CONSUMER,200,1,did:web:ssi-dim-wallet-service.identity:BPNL00000003AYRE,,1791526109977,1791526133528,1791526133528,
28814324-51ee-40d6-a54e-5edf39246bac,CONSUMER,200,1,did:web:ssi-dim-wallet-service.identity:BPNL00000003AYRE,,1791526148154,1791526177118,1791526177118,
5d586a19-8889-4626-860b-9353383e7e96,CONSUMER,200,1,did:web:ssi-dim-wallet-service.identity:BPNL00000003AYRE,,1791526148163,1791526177051,1791526177051,
f6d8cf0e-f45d-41cf-80fa-d3f6e75fc27e,CONSUMER,200,1,did:web:ssi-dim-wallet-service.identity:BPNL00000003AYRE,,1791526150282,1791526300267,1791526300267,
5d6433ca-6fc6-4181-b3fa-8315c7ae2e00,CONSUMER,200,1,did:web:ssi-dim-wallet-service.identity:BPNL00000003AYRE,,1791526150419,1791526300852,1791526300852,
286ab3e1-6cc2-4538-9018-405daae2f779,CONSUMER,200,1,did:web:ssi-dim-wallet-service.identity:BPNL00000003AYRE,,1791526150650,1791526302049,1791526302049,
bee0d8ae-ff8f-44e8-b78a-3bef2db74e6f,CONSUMER,200,1,did:web:ssi-dim-wallet-service.identity:BPNL00000003AYRE,,1791526150719,1791526301956,1791526301956,
06ea3120-340b-4ed6-9e61-c16ce72c5bf3,CONSUMER,200,1,did:web:ssi-dim-wallet-service.identity:BPNL00000003AYRE,,1791526151555,1791526303219,1791526303219,
a5fcab44-fb4a-44ee-ab80-ba645f40b74b,CONSUMER,200,1,did:web:ssi-dim-wallet-service.identity:BPNL00000003AYRE,,1791526151976,1791526303756,1791526303756,
3d0ebe62-eb69-4a57-8c65-302f99b5f446,CONSUMER,200,1,did:web:ssi-dim-wallet-service.identity:BPNL00000003AYRE,,1791526153753,1791526304450,1791526304450,
1c62a920-511a-4f24-a03c-f302a6240776,CONSUMER,200,1,did:web:ssi-dim-wallet-service.identity:BPNL00000003AYRE,,1791526154457,1791526304568,1791526304568,
7f13a833-d87c-4dc5-b9e4-b728d2e770bd,CONSUMER,200,1,did:web:ssi-dim-wallet-service.identity:BPNL00000003AYRE,,1791526154655,1791526304864,1791526304864,
be820474-5aa5-41c6-aa42-705e5657c7cf,CONSUMER,200,1,did:web:ssi-dim-wallet-service.identity:BPNL00000003AYRE,,1791526155680,1791526304924,1791526304924,
a2ffbe99-f1ff-46cf-b916-9a5475ba395e,CONSUMER,200,1,did:web:ssi-dim-wallet-service.identity:BPNL00000003AYRE,,1791526155847,1791526305331,1791526305331,
7e0a414f-5024-427f-85eb-fb023a5ce32b,CONSUMER,200,1,did:web:ssi-dim-wallet-service.identity:BPNL00000003AYRE,,1791526155848,1791526305399,1791526305399,
e0d91e3f-4ba4-4ac1-8706-88fadfd22033,CONSUMER,200,1,did:web:ssi-dim-wallet-service.identity:BPNL00000003AYRE,,1791526157918,1791526305420,1791526305420,
cd9c0e9c-8714-463b-b9b8-e93325a212e4,CONSUMER,200,1,did:web:ssi-dim-wallet-service.identity:BPNL00000003AYRE,,1791526159348,1791526305651,1791526305651,
563d073e-0b3f-4c71-85de-eb4a6f44ffb0,CONSUMER,200,1,did:web:ssi-dim-wallet-service.identity:BPNL00000003AYRE,,1791526159456,1791526305957,1791526305957,
18408ea5-89b1-4260-93a6-0229e80f42e1,CONSUMER,200,1,did:web:ssi-dim-wallet-service.identity:BPNL00000003AYRE,,1791526159564,1791526305819,1791526305819,
bcb135cd-6513-49a3-b7c9-a37ffe9ce095,CONSUMER,200,1,did:web:ssi-dim-wallet-service.identity:BPNL00000003AYRE,,1791526159759,1791526305965,1791526305965,
904627d5-3baa-485f-9599-213eb93afb50,CONSUMER,200,1,did:web:ssi-dim-wallet-service.identity:BPNL00000003AYRE,,1791526160148,1791526305852,1791526305852,
ff6a310e-9027-4d69-94fa-3e28ecdf6eed,CONSUMER,200,1,did:web:ssi-dim-wallet-service.identity:BPNL00000003AYRE,,1791526161354,1791526306356,1791526306356,
1afea971-76a8-4523-8f72-9c224fb29b72,CONSUMER,200,1,did:web:ssi-dim-wallet-service.identity:BPNL00000003AYRE,,1791526162448,1791526306621,1791526306621,
020cc226-8523-4349-bbc7-988c7f3fbbdd,CONSUMER,200,1,did:web:ssi-dim-wallet-service.identity:BPNL00000003AYRE,,1791526314819,1791526317252,1791526317252,
40cbabf0-c55a-4f27-8ad4-c34eeb4d433b,CONSUMER,200,1,did:web:ssi-dim-wallet-service.identity:BPNL00000003AYRE,,1791526315160,1791526317253,1791526317253,
795ff750-d129-4cfc-af4b-ba37f4c19a50,CONSUMER,200,1,did:web:ssi-dim-wallet-service.identity:BPNL00000003AYRE,,1791526315258,1791526317450,1791526317450,
6e8dab04-8998-403c-bce4-bcdf8be73d78,CONSUMER,200,1,did:web:ssi-dim-wallet-service.identity:BPNL00000003AYRE,,1791526315463,1791526317331,1791526317331,
28ac9cd4-1883-4391-bb81-0705fbb78559,CONSUMER,200,1,did:web:ssi-dim-wallet-service.identity:BPNL00000003AYRE,,1791526315464,1791526317448,1791526317448,
7781ba78-2fd3-49c1-92fe-0645b1e9ecb9,CONSUMER,200,1,did:web:ssi-dim-wallet-service.identity:BPNL00000003AYRE,,1791526315658,1791526317662,1791526317662,
ad5ca1af-d369-4f42-8bb0-9b4f9d8ca12b,CONSUMER,200,1,did:web:ssi-dim-wallet-service.identity:BPNL00000003AYRE,,1791526316220,1791526317953,1791526317953,
5a5bcdb6-a57f-4fc5-ac94-d1448175ff6e,CONSUMER,200,1,did:web:ssi-dim-wallet-service.identity:BPNL00000003AYRE,,1791526316253,1791526318098,1791526318098,
174589e5-4a99-4605-aafd-68c51606ec31,CONSUMER,200,1,did:web:ssi-dim-wallet-service.identity:BPNL00000003AYRE,,1791526316724,1791526318252,1791526318252,
ea2299f9-ecde-4c64-9011-592a2bf7c4ad,CONSUMER,200,1,did:web:ssi-dim-wallet-service.identity:BPNL00000003AYRE,,1791526316760,1791526318224,1791526318224,
5ef246c6-b7a6-48ad-9f51-7d338e3f4158,CONSUMER,200,1,did:web:ssi-dim-wallet-service.identity:BPNL00000003AYRE,,1791526317919,1791526323748,1791526323748,
275f771f-b91f-48b4-8f1f-cbd024e2b137,CONSUMER,200,1,did:web:ssi-dim-wallet-service.identity:BPNL00000003AYRE,,1791526318157,1791526324256,1791526324256,
38cce68e-44fc-4312-83b9-10a78a0cc34c,CONSUMER,200,1,did:web:ssi-dim-wallet-service.identity:BPNL00000003AYRE,,1791526318164,1791526325149,1791526325149,
682b928a-6dc5-4b85-8540-ab15e4deb0ce,CONSUMER,200,1,did:web:ssi-dim-wallet-service.identity:BPNL00000003AYRE,,1791526318322,1791526325150,1791526325150,
ba6a5d2c-030b-4420-9c35-0aa213e0f95e,CONSUMER,200,1,did:web:ssi-dim-wallet-service.identity:BPNL00000003AYRE,,1791526318459,1791526325158,1791526325158,
600e1855-640c-4854-9d72-5eed7ecf1a3c,CONSUMER,200,1,did:web:ssi-dim-wallet-service.identity:BPNL00000003AYRE,,1791526318623,1791526325656,1791526325656,
67b41939-21c3-4b92-86e8-a2eeec6ac974,CONSUMER,200,1,did:web:ssi-dim-wallet-service.identity:BPNL00000003AYRE,,1791526318753,1791526325352,1791526325352,
cf7a56bb-c4b9-4ad3-ac5b-7c199e79c4e0,CONSUMER,200,1,did:web:ssi-dim-wallet-service.identity:BPNL00000003AYRE,,1791526318948,1791526325757,1791526325757,
4ade151a-9267-438d-a667-599b19f1c8ea,CONSUMER,200,1,did:web:ssi-dim-wallet-service.identity:BPNL00000003AYRE,,1791526319359,1791526329656,1791526329656,
7e6f9491-b7e7-4c5d-9eb9-f1655e3a783f,CONSUMER,200,1,did:web:ssi-dim-wallet-service.identity:BPNL00000003AYRE,,1791526319548,1791526329854,1791526329854,
215c3807-100c-4c94-a80b-85986abf0099,CONSUMER,200,1,did:web:ssi-dim-wallet-service.identity:BPNL00000003AYRE,,1791526319551,1791526329957,1791526329957,
58b743d1-61a1-4442-a3fd-4000c85c71b5,CONSUMER,200,1,did:web:ssi-dim-wallet-service.identity:BPNL00000003AYRE,,1791526319648,1791526330253,1791526330253,
81d941ba-8129-4071-aaea-8b6aff9c671d,CONSUMER,200,1,did:web:ssi-dim-wallet-service.identity:BPNL00000003AYRE,,1791526319650,1791526330472,1791526330472,
78f11c75-dca0-43bb-8876-e99c348ce6bb,CONSUMER,200,1,did:web:ssi-dim-wallet-service.identity:BPNL00000003AYRE,,1791526319652,1791526333587,1791526333587,
e94f1e5e-fc6c-496c-9698-ffa693ab53d4,CONSUMER,200,1,did:web:ssi-dim-wallet-service.identity:BPNL00000003AYRE,,1791526319652,1791526331649,1791526331649,
fc2a7aa5-d95e-482a-9ea4-483a90c04efe,CONSUMER,200,1,did:web:ssi-dim-wallet-service.identity:BPNL00000003AYRE,,1791526320149,1791526333561,1791526333561,
2b387a79-51dd-4cfa-bcb4-18bc5a3a1446,CONSUMER,200,1,did:web:ssi-dim-wallet-service.identity:BPNL00000003AYRE,,1791526320225,1791526334148,1791526334148,
56b9fdda-014a-4285-bf63-2656d4ff0a98,CONSUMER,200,1,did:web:ssi-dim-wallet-service.identity:BPNL00000003AYRE,,1791526320319,1791526335219,1791526335219,
f358540e-b7e3-4b73-b050-703e1dc104ed,CONSUMER,200,1,did:web:ssi-dim-wallet-service.identity:BPNL00000003AYRE,,1791526320360,1791526335663,1791526335663,
b27832c9-342e-47ce-920e-416ddb4fd387,CONSUMER,200,1,did:web:ssi-dim-wallet-service.identity:BPNL00000003AYRE,,1791526320450,1791526336323,1791526336323,
0d76bf09-09be-403d-93f1-b52606107ba2,CONSUMER,200,1,did:web:ssi-dim-wallet-service.identity:BPNL00000003AYRE,,1791526320554,1791526336681,1791526336681,
bb882884-164d-4ecc-a0ea-9d99fd73cc00,CONSUMER,200,1,did:web:ssi-dim-wallet-service.identity:BPNL00000003AYRE,,1791526320656,1791526336748,1791526336748,
b2012c46-c0af-4b23-8fec-3ae2134f562e,CONSUMER,200,1,did:web:ssi-dim-wallet-service.identity:BPNL00000003AYRE,,1791526320752,1791526336961,1791526336961,
21ad22a7-4b58-4de5-a9b7-ff31ad4d8b3e,CONSUMER,200,1,did:web:ssi-dim-wallet-service.identity:BPNL00000003AYRE,,1791526320759,1791526337150,1791526337150,
f7f208e5-a58f-4838-94f5-64970b4c3f6e,CONSUMER,200,1,did:web:ssi-dim-wallet-service.identity:BPNL00000003AYRE,,1791526320759,1791526336960,1791526336960,
b3cd47a2-20f7-4394-a765-1f96bddd242c,CONSUMER,200,1,did:web:ssi-dim-wallet-service.identity:BPNL00000003AYRE,,1791526320762,1791526337054,1791526337054,
b2801b5f-b9cb-40cc-8110-6bdc3c176c26,CONSUMER,200,1,did:web:ssi-dim-wallet-service.identity:BPNL00000003AYRE,,1791526320824,1791526337065,1791526337065,
de3b9f17-330d-4d3a-8b9b-b49ef9a3977b,CONSUMER,200,1,did:web:ssi-dim-wallet-service.identity:BPNL00000003AYRE,,1791526320919,1791526337258,1791526337258,
7409d1e1-8f15-4301-83af-b442ac07a4a1,CONSUMER,200,1,did:web:ssi-dim-wallet-service.identity:BPNL00000003AYRE,,1791526320948,1791526344158,1791526344158,
7d664000-d5d1-4344-a979-599b9d552336,CONSUMER,200,1,did:web:ssi-dim-wallet-service.identity:BPNL00000003AYRE,,1791526321022,1791526344849,1791526344849,
290ca6e4-e0b9-443a-a94d-7cf14c908dea,CONSUMER,200,1,did:web:ssi-dim-wallet-service.identity:BPNL00000003AYRE,,1791526321119,1791526346155,1791526346155,
96ce2409-3448-4622-858a-377c2922ed2a,CONSUMER,200,1,did:web:ssi-dim-wallet-service.identity:BPNL00000003AYRE,,1791526321148,1791526346949,1791526346949,
983a3b06-dcd7-4398-bfa3-4dafe2de0e81,CONSUMER,200,1,did:web:ssi-dim-wallet-service.identity:BPNL00000003AYRE,,1791526321255,1791526347054,1791526347054,
a03d8216-2d99-4248-85cd-0bf695a6783f,CONSUMER,200,1,did:web:ssi-dim-wallet-service.identity:BPNL00000003AYRE,,1791526321420,1791526347358,1791526347358,
82e64f48-3f49-4c65-a45d-869ab529211e,CONSUMER,200,1,did:web:ssi-dim-wallet-service.identity:BPNL00000003AYRE,,1791526321621,1791526347459,1791526347459,
d0b76388-16be-44aa-921f-86f59fbf6d74,CONSUMER,200,1,did:web:ssi-dim-wallet-service.identity:BPNL00000003AYRE,,1791526321719,1791526347467,1791526347467,
c43f6370-9d16-4f63-93cf-37c81ad5e7ad,CONSUMER,200,1,did:web:ssi-dim-wallet-service.identity:BPNL00000003AYRE,,1791526321820,1791526347576,1791526347576,
c863af8c-dd88-411f-ad35-72b5983d34a9,CONSUMER,200,1,did:web:ssi-dim-wallet-service.identity:BPNL00000003AYRE,,1791526322250,1791526347671,1791526347671,
d8726274-be31-4b4b-aa93-be1e2ec73429,CONSUMER,200,1,did:web:ssi-dim-wallet-service.identity:BPNL00000003AYRE,,1791526322353,1791526347765,1791526347765,
b1d15ae5-0529-4340-9af0-80f0de6c71d9,CONSUMER,200,1,did:web:ssi-dim-wallet-service.identity:BPNL00000003AYRE,,1791526322354,1791526347855,1791526347855,
73db9bae-2de6-47e5-abe5-b9ce58734a91,CONSUMER,200,1,did:web:ssi-dim-wallet-service.identity:BPNL00000003AYRE,,1791526322624,1791526347975,1791526347975,
c50eedcd-f932-47f2-9c73-0f9bb64d96b6,CONSUMER,200,1,did:web:ssi-dim-wallet-service.identity:BPNL00000003AYRE,,1791526322656,1791526348155,1791526348155,
77fbfade-295c-42d0-be20-9156ad00dee2,CONSUMER,200,1,did:web:ssi-dim-wallet-service.identity:BPNL00000003AYRE,,1791526323122,1791526348761,1791526348761,
0ae98fc9-a03e-412f-a222-7f3f30500609,CONSUMER,200,1,did:web:ssi-dim-wallet-service.identity:BPNL00000003AYRE,,1791526323564,1791526348954,1791526348954,
bcad6e6a-bb7f-45e3-aa1d-d45386464567,CONSUMER,200,1,did:web:ssi-dim-wallet-service.identity:BPNL00000003AYRE,,1791526323766,1791526349522,1791526349522,
7b887332-85ee-486b-a7eb-5d14a0c5446c,CONSUMER,200,1,did:web:ssi-dim-wallet-service.identity:BPNL00000003AYRE,,1791526324249,1791526350558,1791526350558,
e8bdd7b0-7a58-4b59-9fb0-ee13794887be,CONSUMER,200,1,did:web:ssi-dim-wallet-service.identity:BPNL00000003AYRE,,1791526324547,1791526352249,1791526352249,
530eb20f-7325-45e6-9fce-8dfcfdae7dea,CONSUMER,200,1,did:web:ssi-dim-wallet-service.identity:BPNL00000003AYRE,,1791526324622,1791526352258,1791526352258,
35171f83-23e2-4ec2-92a1-0161bb7b7dc6,CONSUMER,200,1,did:web:ssi-dim-wallet-service.identity:BPNL00000003AYRE,,1791526324655,1791526358553,1791526358553,
13468750-3973-46ab-a373-c0ddbcf79fa0,CONSUMER,200,1,did:web:ssi-dim-wallet-service.identity:BPNL00000003AYRE,,1791526325620,1791526358663,1791526358663,
05d29a0e-d7cf-4963-8752-93b37a2ee977,CONSUMER,200,1,did:web:ssi-dim-wallet-service.identity:BPNL00000003AYRE,,1791526326018,1791526358819,1791526358819,
de387c42-9a15-4598-8aeb-5df334af5c6c,CONSUMER,200,1,did:web:ssi-dim-wallet-service.identity:BPNL00000003AYRE,,1791526326359,1791526358767,1791526358767,
6336725e-56bf-4e45-9582-fb454d0674c6,CONSUMER,200,1,did:web:ssi-dim-wallet-service.identity:BPNL00000003AYRE,,1791526327120,1791526358970,1791526358970,
6bb4136e-3761-4d23-98a5-4d96e9ca0610,CONSUMER,200,1,did:web:ssi-dim-wallet-service.identity:BPNL00000003AYRE,,1791526327169,1791526359547,1791526359547,
38609e74-3dcf-4258-91f4-632c6fb7de6f,CONSUMER,200,1,did:web:ssi-dim-wallet-service.identity:BPNL00000003AYRE,,1791526327449,1791526360659,1791526360659,
9529f7c5-12e2-412c-9ac7-60dbe9cc4736,CONSUMER,200,1,did:web:ssi-dim-wallet-service.identity:BPNL00000003AYRE,,1791526327661,1791526361150,1791526361150,
1a6d1cb0-1eb3-40c1-8476-a16812ddecde,CONSUMER,200,1,did:web:ssi-dim-wallet-service.identity:BPNL00000003AYRE,,1791526327824,1791526362949,1791526362949,
7c1b5fa5-78eb-4e69-99a3-89a8ccc50de6,CONSUMER,200,1,did:web:ssi-dim-wallet-service.identity:BPNL00000003AYRE,,1791526327947,1791526364450,1791526364450,
04422db3-892e-4581-a4fc-b574063095ce,CONSUMER,200,1,did:web:ssi-dim-wallet-service.identity:BPNL00000003AYRE,,1791526328123,1791526365764,1791526365764,
c5eb191a-849f-43ae-98e8-0addfc0ca97e,CONSUMER,200,1,did:web:ssi-dim-wallet-service.identity:BPNL00000003AYRE,,1791526328159,1791526367451,1791526367451,
364a6018-f346-46e6-a272-f947211996c2,CONSUMER,200,1,did:web:ssi-dim-wallet-service.identity:BPNL00000003AYRE,,1791526328247,1791526368359,1791526368359,
160eae89-63d2-4d98-af4d-32a5dc45ce4e,CONSUMER,200,1,did:web:ssi-dim-wallet-service.identity:BPNL00000003AYRE,,1791526328949,1791526369263,1791526369263,
6be5c651-9de0-41c6-a660-8aa4fb0e2a53,CONSUMER,200,1,did:web:ssi-dim-wallet-service.identity:BPNL00000003AYRE,,1791526329048,1791526371764,1791526371764,
02b22faa-c392-434f-9071-576f7f197a5a,CONSUMER,200,1,did:web:ssi-dim-wallet-service.identity:BPNL00000003AYRE,,1791526329052,1791526372058,1791526372058,
e1def10a-d29f-4d8b-b929-0d9a81d25be4,CONSUMER,200,1,did:web:ssi-dim-wallet-service.identity:BPNL00000003AYRE,,1791526330348,1791526375555,1791526375555,
3c00f3f6-d0d8-432e-a87d-29cc09ab837c,CONSUMER,200,1,did:web:ssi-dim-wallet-service.identity:BPNL00000003AYRE,,1791526330519,1791526376848,1791526376848,
0cf57b02-cc2d-4b00-9757-a8015f7b9d62,CONSUMER,200,1,did:web:ssi-dim-wallet-service.identity:BPNL00000003AYRE,,1791526330564,1791526377947,1791526377947,
7dddecc6-03ba-4966-844d-3b642eead721,CONSUMER,200,1,did:web:ssi-dim-wallet-service.identity:BPNL00000003AYRE,,1791526330847,1791526378058,1791526378058,
2e210f98-238a-4c0b-8a3b-c1cb69e48762,CONSUMER,200,1,did:web:ssi-dim-wallet-service.identity:BPNL00000003AYRE,,1791526330949,1791526391150,1791526391150,
e519341a-5daa-4f6f-99eb-a7d9e7094cca,CONSUMER,200,1,did:web:ssi-dim-wallet-service.identity:BPNL00000003AYRE,,1791526331424,1791526392663,1791526392663,
783c3b6f-a3a7-4908-9f38-c5a3268064a7,CONSUMER,200,1,did:web:ssi-dim-wallet-service.identity:BPNL00000003AYRE,,1791526332351,1791526393294,1791526393294,
9bdfd290-6a75-47ad-918e-9bef6d639d46,CONSUMER,200,1,did:web:ssi-dim-wallet-service.identity:BPNL00000003AYRE,,1791526332648,1791526394149,1791526394149,
0f26456a-36c6-4240-9302-dd0c9d580aaa,CONSUMER,200,1,did:web:ssi-dim-wallet-service.identity:BPNL00000003AYRE,,1791526332651,1791526394652,1791526394652,
2bca2362-3726-4b8b-889b-aa6ada8b9a9f,CONSUMER,200,1,did:web:ssi-dim-wallet-service.identity:BPNL00000003AYRE,,1791526333263,1791526395659,1791526395659,
0771fbeb-11be-494e-a4ea-279bbb0cbb59,CONSUMER,200,1,did:web:ssi-dim-wallet-service.identity:BPNL00000003AYRE,,1791526333369,1791526396553,1791526396553,
fc2135c0-b253-4c96-9896-b5f3612e8c08,CONSUMER,200,1,did:web:ssi-dim-wallet-service.identity:BPNL00000003AYRE,,1791526334163,1791526398353,1791526398353,
98db131f-ed3b-4814-b498-ac431f8c43bc,CONSUMER,200,1,did:web:ssi-dim-wallet-service.identity:BPNL00000003AYRE,,1791526334453,1791526399054,1791526399054,
a48191ff-9333-4082-8f64-1ccee69c404b,CONSUMER,200,1,did:web:ssi-dim-wallet-service.identity:BPNL00000003AYRE,,1791526335554,1791526399464,1791526399464,
da2e76bf-3ae7-4549-a753-be7513ecbd1d,CONSUMER,200,1,did:web:ssi-dim-wallet-service.identity:BPNL00000003AYRE,,1791526335656,1791526400452,1791526400452,
99b27fc7-9886-4519-a77e-a6b4fab046a4,CONSUMER,200,1,did:web:ssi-dim-wallet-service.identity:BPNL00000003AYRE,,1791526335861,1791526402451,1791526402451,
0fae0554-1fae-4602-9857-aac72c2aac9d,CONSUMER,200,1,did:web:ssi-dim-wallet-service.identity:BPNL00000003AYRE,,1791526335923,1791526402654,1791526402654,
8109dfcb-437f-4692-9a93-e4aa71fab6f9,CONSUMER,200,1,did:web:ssi-dim-wallet-service.identity:BPNL00000003AYRE,,1791526335959,1791526402653,1791526402653,
4dfcc2be-b39c-47b7-883a-89e553bc714b,CONSUMER,200,1,did:web:ssi-dim-wallet-service.identity:BPNL00000003AYRE,,1791526336250,1791526403253,1791526403253,
aa83d5bd-0ba0-4a69-8033-e237274cf21a,CONSUMER,200,1,did:web:ssi-dim-wallet-service.identity:BPNL00000003AYRE,,1791526336547,1791526404553,1791526404553,
be7b0ba1-a2fc-4f0c-ab3b-0a0f0f1e2b05,CONSUMER,200,1,did:web:ssi-dim-wallet-service.identity:BPNL00000003AYRE,,1791526336551,1791526406462,1791526406462,
a783f8d0-0a78-4e57-b362-0c811209d332,CONSUMER,200,1,did:web:ssi-dim-wallet-service.identity:BPNL00000003AYRE,,1791526336561,1791526406749,1791526406749,
47383c2e-c4c9-4483-90a4-21767289c595,CONSUMER,200,1,did:web:ssi-dim-wallet-service.identity:BPNL00000003AYRE,,1791526338724,1791526407552,1791526407552,
5b9c0f01-34a1-4fad-a80b-8d6462d8c7b4,CONSUMER,200,1,did:web:ssi-dim-wallet-service.identity:BPNL00000003AYRE,,1791526339354,1791526408721,1791526408721,
2914c166-5ddd-4a5a-bebd-811df6a78787,CONSUMER,200,1,did:web:ssi-dim-wallet-service.identity:BPNL00000003AYRE,,1791526339556,1791526517560,1791526517560,
d93ba237-921f-4cd7-bc64-ce303c4513de,CONSUMER,200,1,did:web:ssi-dim-wallet-service.identity:BPNL00000003AYRE,,1791526339661,1791526517560,1791526517560,
068ddb50-8167-4024-a050-911731ec1003,CONSUMER,200,1,did:web:ssi-dim-wallet-service.identity:BPNL00000003AYRE,,1791526339851,1791526517860,1791526517860,
c6c5955e-0e05-462b-bd92-d2530c162587,CONSUMER,200,1,did:web:ssi-dim-wallet-service.identity:BPNL00000003AYRE,,1791526340018,1791526517954,1791526517954,
44db586b-d76a-4bbf-bd9c-451cd411b268,CONSUMER,200,1,did:web:ssi-dim-wallet-service.identity:BPNL00000003AYRE,,1791526340053,1791526518059,1791526518059,
88465ca1-f7e9-4f26-ade3-fd2c6687a47a,CONSUMER,200,1,did:web:ssi-dim-wallet-service.identity:BPNL00000003AYRE,,1791526340059,1791526518172,1791526518172,
417ec9a9-ccb4-4724-9d7f-aaeb09be356a,CONSUMER,200,1,did:web:ssi-dim-wallet-service.identity:BPNL00000003AYRE,,1791526340247,1791526518352,1791526518352,
7f68e295-e293-4f11-ab86-a53dfbaae4e9,CONSUMER,200,1,did:web:ssi-dim-wallet-service.identity:BPNL00000003AYRE,,1791526340348,1791526518471,1791526518471,
4f16b894-9c43-4282-bbcd-b607eafa89f1,CONSUMER,200,1,did:web:ssi-dim-wallet-service.identity:BPNL00000003AYRE,,1791526340354,1791526518556,1791526518556,
14245422-5b87-41be-bbbb-6445c9bfabeb,CONSUMER,200,1,did:web:ssi-dim-wallet-service.identity:BPNL00000003AYRE,,1791526340357,1791526518651,1791526518651,
55bd5da5-c128-4891-a5d1-9479a92ee680,CONSUMER,200,1,did:web:ssi-dim-wallet-service.identity:BPNL00000003AYRE,,1791526340856,1791526518765,1791526518765,
33d13620-64e2-4286-acb9-8634faf035dc,CONSUMER,200,1,did:web:ssi-dim-wallet-service.identity:BPNL00000003AYRE,,1791526340947,1791526518862,1791526518862,
1593fb4a-57b6-495d-a577-a70bc0f4c195,CONSUMER,200,1,did:web:ssi-dim-wallet-service.identity:BPNL00000003AYRE,,1791526341363,1791526518963,1791526518963,
b7e48f85-3354-4e7e-9248-b3ecf53824fb,CONSUMER,200,1,did:web:ssi-dim-wallet-service.identity:BPNL00000003AYRE,,1791526342362,1791526519154,1791526519154,
ba4eee96-605b-4674-8601-b5292ad429e5,CONSUMER,200,1,did:web:ssi-dim-wallet-service.identity:BPNL00000003AYRE,,1791526342573,1791526519254,1791526519254,
72e9efe1-faf1-4a1b-b10a-4f886fd008c0,CONSUMER,200,1,did:web:ssi-dim-wallet-service.identity:BPNL00000003AYRE,,1791526343021,1791526519371,1791526519371,
7f65e53e-f5eb-43a5-af52-a1d286fb3d38,CONSUMER,200,1,did:web:ssi-dim-wallet-service.identity:BPNL00000003AYRE,,1791526343519,1791526519455,1791526519455,
336984ff-6549-46d1-9b1e-005a31f4cc85,CONSUMER,200,1,did:web:ssi-dim-wallet-service.identity:BPNL00000003AYRE,,1791526343849,1791526519556,1791526519556,
367f7cbc-663b-439e-bf02-0786e6788d45,CONSUMER,200,1,did:web:ssi-dim-wallet-service.identity:BPNL00000003AYRE,,1791526344849,1791526519656,1791526519656,
3bf03b09-c647-4a25-97cc-6c24a92e530b,CONSUMER,200,1,did:web:ssi-dim-wallet-service.identity:BPNL00000003AYRE,,1791526344849,1791526519768,1791526519768,
b1acb5da-7926-445b-8574-3886e443a690,CONSUMER,200,1,did:web:ssi-dim-wallet-service.identity:BPNL00000003AYRE,,1791526345119,1791526520583,1791526520583,
41cc1d0b-12b2-4d90-93fe-754230ae6390,CONSUMER,200,1,did:web:ssi-dim-wallet-service.identity:BPNL00000003AYRE,,1791526345760,1791526520675,1791526520675,
112b659a-b6fb-4b9d-aee9-7f1b25d7d64d,CONSUMER,200,1,did:web:ssi-dim-wallet-service.identity:BPNL00000003AYRE,,1791526345861,1791526520751,1791526520751,
7c09b58d-a528-441f-87e6-0f252e21fa78,CONSUMER,200,1,did:web:ssi-dim-wallet-service.identity:BPNL00000003AYRE,,1791526345967,1791526520773,1791526520773,
2ded7b73-1866-4b1e-929c-da217607d0a7,CONSUMER,200,1,did:web:ssi-dim-wallet-service.identity:BPNL00000003AYRE,,1791526346551,1791526520851,1791526520851,
f22821f7-fff1-4a83-a025-93a484623f1a,CONSUMER,200,1,did:web:ssi-dim-wallet-service.identity:BPNL00000003AYRE,,1791526348519,1791526520983,1791526520983,
3813c547-7a7a-474b-93b2-ce0beb8736ef,CONSUMER,200,1,did:web:ssi-dim-wallet-service.identity:BPNL00000003AYRE,,1791526348567,1791526521053,1791526521053,
3090e0d6-9d09-483c-90f1-c25c0515b38b,CONSUMER,200,1,did:web:ssi-dim-wallet-service.identity:BPNL00000003AYRE,,1791526348948,1791526521058,1791526521058,
049f8d35-6f35-4f36-9b50-db65427bd8aa,CONSUMER,200,1,did:web:ssi-dim-wallet-service.identity:BPNL00000003AYRE,,1791526349063,1791526521252,1791526521252,
cc1f45b7-af6e-4d80-ba75-10d6b9d9d26f,CONSUMER,200,1,did:web:ssi-dim-wallet-service.identity:BPNL00000003AYRE,,1791526349155,1791526521354,1791526521354,
3797db46-9141-479d-bdf6-1c192c5d582c,CONSUMER,200,1,did:web:ssi-dim-wallet-service.identity:BPNL00000003AYRE,,1791526350249,1791526521463,1791526521463,
c4522e74-830c-48c1-b52d-f0b974c30e85,CONSUMER,200,1,did:web:ssi-dim-wallet-service.identity:BPNL00000003AYRE,,1791526350949,1791526521555,1791526521555,
3b76db05-2203-4b53-b2f0-6bf84ce85290,CONSUMER,200,1,did:web:ssi-dim-wallet-service.identity:BPNL00000003AYRE,,1791526351460,1791526521655,1791526521655,
f790cbc0-b0e6-47f8-a829-4407a38d498d,CONSUMER,200,1,did:web:ssi-dim-wallet-service.identity:BPNL00000003AYRE,,1791526351548,1791526521756,1791526521756,
838dba14-d57c-4881-bec4-af690747aecf,CONSUMER,200,1,did:web:ssi-dim-wallet-service.identity:BPNL00000003AYRE,,1791526352318,1791526521855,1791526521855,
92e6e271-5de0-43f2-96d7-6cead8566af2,CONSUMER,200,1,did:web:ssi-dim-wallet-service.identity:BPNL00000003AYRE,,1791526352859,1791526521969,1791526521969,
a908bb30-a188-4a21-8a05-fb9869f6a417,CONSUMER,200,1,did:web:ssi-dim-wallet-service.identity:BPNL00000003AYRE,,1791526353250,1791526521981,1791526521981,
d9e5cae6-ec49-48f3-a538-581d601859a2,CONSUMER,200,1,did:web:ssi-dim-wallet-service.identity:BPNL00000003AYRE,,1791526353256,1791526522142,1791526522142,
ec8a3f5e-4e50-4488-8e49-ff012e0e2dea,CONSUMER,200,1,did:web:ssi-dim-wallet-service.identity:BPNL00000003AYRE,,1791526353647,1791526522252,1791526522252,
ee35cae4-0d6b-4117-ab41-23fdd2d5c392,CONSUMER,200,1,did:web:ssi-dim-wallet-service.identity:BPNL00000003AYRE,,1791526353650,1791526522250,1791526522250,
a93a442b-e800-48ea-93a7-0c2f2f072b16,CONSUMER,200,1,did:web:ssi-dim-wallet-service.identity:BPNL00000003AYRE,,1791526353652,1791526522863,1791526522863,
2afce6f8-5dd8-4095-8f22-3d62b4252260,CONSUMER,200,1,did:web:ssi-dim-wallet-service.identity:BPNL00000003AYRE,,1791526353955,1791526522947,1791526522947,
9c714fd4-67c8-42c9-adfb-57aa5da52016,CONSUMER,200,1,did:web:ssi-dim-wallet-service.identity:BPNL00000003AYRE,,1791526354420,1791526522951,1791526522951,
9b718757-e0d7-45d5-b7d0-539dd53583fe,CONSUMER,200,1,did:web:ssi-dim-wallet-service.identity:BPNL00000003AYRE,,1791526356158,1791526523052,1791526523052,
1673a1ef-c0a9-47fe-98e6-5a1ebbb763fe,CONSUMER,200,1,did:web:ssi-dim-wallet-service.identity:BPNL00000003AYRE,,1791526356264,1791526523052,1791526523052,
f457c90f-9ac1-4f56-93c5-863b5c6f0474,CONSUMER,200,1,did:web:ssi-dim-wallet-service.identity:BPNL00000003AYRE,,1791526356355,1791526523150,1791526523150,
c30919d6-672f-4b33-bd27-31069831fe84,CONSUMER,200,1,did:web:ssi-dim-wallet-service.identity:BPNL00000003AYRE,,1791526356358,1791526523251,1791526523251,
a5740bb0-06cb-47e7-b8e3-aad641afbf7e,CONSUMER,200,1,did:web:ssi-dim-wallet-service.identity:BPNL00000003AYRE,,1791526356618,1791526523252,1791526523252,
322aa847-9d81-4cd4-8f56-e75b61f9eaa2,CONSUMER,200,1,did:web:ssi-dim-wallet-service.identity:BPNL00000003AYRE,,1791526356819,1791526523350,1791526523350,
2ce91ee3-5d8f-4f88-89a1-442764266e65,CONSUMER,200,1,did:web:ssi-dim-wallet-service.identity:BPNL00000003AYRE,,1791526356961,1791526523394,1791526523394,
09612224-54fe-4772-9003-19ddda60a5d1,CONSUMER,200,1,did:web:ssi-dim-wallet-service.identity:BPNL00000003AYRE,,1791526357150,1791526523451,1791526523451,
b13f25c6-94c1-4aa3-89ad-fc10dbdab3f4,CONSUMER,200,1,did:web:ssi-dim-wallet-service.identity:BPNL00000003AYRE,,1791526357760,1791526523556,1791526523556,
32a40adc-5828-433b-a9be-aa1ff41e8fe4,CONSUMER,200,1,did:web:ssi-dim-wallet-service.identity:BPNL00000003AYRE,,1791526358863,1791526523668,1791526523668,
fdcb9566-74a7-407e-8172-2ab6dbc70887,CONSUMER,200,1,did:web:ssi-dim-wallet-service.identity:BPNL00000003AYRE,,1791526359051,1791526523771,1791526523771,
e418fcd8-d453-4914-a724-9da5fc175994,CONSUMER,200,1,did:web:ssi-dim-wallet-service.identity:BPNL00000003AYRE,,1791526359251,1791526523863,1791526523863,
91e7d728-05b7-41a8-8d15-1ab4303321a7,CONSUMER,200,1,did:web:ssi-dim-wallet-service.identity:BPNL00000003AYRE,,1791526359319,1791526523965,1791526523965,
c3b6e05a-d822-409a-a8f3-8e1938d13ecb,CONSUMER,200,1,did:web:ssi-dim-wallet-service.identity:BPNL00000003AYRE,,1791526359454,1791526523956,1791526523956,
cf1eaebc-5a96-4889-83b6-97e05bc8f926,CONSUMER,200,1,did:web:ssi-dim-wallet-service.identity:BPNL00000003AYRE,,1791526360054,1791526523959,1791526523959,
d3441615-44f9-4690-afc0-474f5f232c3a,CONSUMER,200,1,did:web:ssi-dim-wallet-service.identity:BPNL00000003AYRE,,1791526360663,1791526524054,1791526524054,
f4f12f7d-12ff-4054-a5e8-fcb7a2de5cf2,CONSUMER,200,1,did:web:ssi-dim-wallet-service.identity:BPNL00000003AYRE,,1791526360718,1791526524154,1791526524154,
271cdf6a-6d69-4a80-bf03-e736225cfebe,CONSUMER,200,1,did:web:ssi-dim-wallet-service.identity:BPNL00000003AYRE,,1791526360852,1791526524763,1791526524763,
4e97140f-aa40-4b4a-8bf1-d3f6e814f1ff,CONSUMER,200,1,did:web:ssi-dim-wallet-service.identity:BPNL00000003AYRE,,1791526361047,1791526524751,1791526524751,
05621f94-fa7a-4d51-bc97-585cbe1dec2d,CONSUMER,200,1,did:web:ssi-dim-wallet-service.identity:BPNL00000003AYRE,,1791526361047,1791526524762,1791526524762,
e702e157-18f0-4cbf-b600-c43ee5f27f56,CONSUMER,200,1,did:web:ssi-dim-wallet-service.identity:BPNL00000003AYRE,,1791526361048,1791526524973,1791526524973,
01624ed0-b43b-45f8-9c5d-a734bce597b4,CONSUMER,200,1,did:web:ssi-dim-wallet-service.identity:BPNL00000003AYRE,,1791526361055,1791526524854,1791526524854,
869104ee-d0ea-47c4-a0bd-9ee55d4a4e2c,CONSUMER,200,1,did:web:ssi-dim-wallet-service.identity:BPNL00000003AYRE,,1791526361063,1791526525052,1791526525052,
c6633578-bb91-498e-9b3b-ba8458627f46,CONSUMER,200,1,did:web:ssi-dim-wallet-service.identity:BPNL00000003AYRE,,1791526361356,1791526525367,1791526525367,
142f3784-3dab-4c1c-a68d-5d3a6a65aa9d,CONSUMER,200,1,did:web:ssi-dim-wallet-service.identity:BPNL00000003AYRE,,1791526363571,1791526525369,1791526525369,
8eea9830-7037-480e-bd7b-ed5273feffbe,CONSUMER,200,1,did:web:ssi-dim-wallet-service.identity:BPNL00000003AYRE,,1791526363746,1791526525554,1791526525554,
9cc9656e-7f56-4364-b2a8-2688533e6ace,CONSUMER,200,1,did:web:ssi-dim-wallet-service.identity:BPNL00000003AYRE,,1791526364762,1791526525552,1791526525552,
4801f5af-00c0-49a0-9e74-9762ee39e274,CONSUMER,200,1,did:web:ssi-dim-wallet-service.identity:BPNL00000003AYRE,,1791526364849,1791526525368,1791526525368,
cb47d6d8-35c2-4499-a86e-7077cb47b32e,CONSUMER,200,1,did:web:ssi-dim-wallet-service.identity:BPNL00000003AYRE,,1791526365050,1791526525551,1791526525551,
d5fe107f-1a6f-4dab-89d4-e9cd551c7f62,CONSUMER,200,1,did:web:ssi-dim-wallet-service.identity:BPNL00000003AYRE,,1791526365158,1791526525656,1791526525656,
07e5e60a-e9ba-473b-818e-ec5452568b92,CONSUMER,200,1,did:web:ssi-dim-wallet-service.identity:BPNL00000003AYRE,,1791526365256,1791526525656,1791526525656,
f4c275fb-dcc1-4eb9-90b5-490c865d5ae5,CONSUMER,200,1,did:web:ssi-dim-wallet-service.identity:BPNL00000003AYRE,,1791526365759,1791526525754,1791526525754,
bf34b6b0-02e5-458b-abab-e7a01a91a68c,CONSUMER,200,1,did:web:ssi-dim-wallet-service.identity:BPNL00000003AYRE,,1791526365858,1791526525752,1791526525752,
efd44d7c-f47e-437a-9241-b71478b0a441,CONSUMER,200,1,did:web:ssi-dim-wallet-service.identity:BPNL00000003AYRE,,1791526366119,1791526525754,1791526525754,
3e4f3bd0-6dbb-4946-b2ab-06d86eace5be,CONSUMER,200,1,did:web:ssi-dim-wallet-service.identity:BPNL00000003AYRE,,1791526366147,1791526525750,1791526525750,
0650d79f-0ce3-43c6-b905-928ccb809695,CONSUMER,200,1,did:web:ssi-dim-wallet-service.identity:BPNL00000003AYRE,,1791526366448,1791526525754,1791526525754,
3d73213e-29ab-4fac-8e18-0c12d60e5638,CONSUMER,200,1,did:web:ssi-dim-wallet-service.identity:BPNL00000003AYRE,,1791526367348,1791526525855,1791526525855,
0ece1745-1058-4c12-9b19-5709aa17c02d,CONSUMER,200,1,did:web:ssi-dim-wallet-service.identity:BPNL00000003AYRE,,1791526367456,1791526526349,1791526526349,
4bd8569f-5ec6-48fb-8fe8-935d97dbff96,CONSUMER,200,1,did:web:ssi-dim-wallet-service.identity:BPNL00000003AYRE,,1791526367661,1791526526347,1791526526347,
d5a239e4-08a2-4368-b53e-32d93cca17ad,CONSUMER,200,1,did:web:ssi-dim-wallet-service.identity:BPNL00000003AYRE,,1791526367755,1791526526450,1791526526450,
97fcc0c9-a4c2-4614-a013-2f7d9a130982,CONSUMER,200,1,did:web:ssi-dim-wallet-service.identity:BPNL00000003AYRE,,1791526367757,1791526526551,1791526526551,
8640089d-e2c9-42d4-bab5-eceecb83b0c5,CONSUMER,200,1,did:web:ssi-dim-wallet-service.identity:BPNL00000003AYRE,,1791526368171,1791526526651,1791526526651,
6c6f974d-fb71-4ce3-b9a6-60beab83b2e2,CONSUMER,200,1,did:web:ssi-dim-wallet-service.identity:BPNL00000003AYRE,,1791526369150,1791526526551,1791526526551,
b94ab491-d1ae-44eb-87b4-08cff173e34c,CONSUMER,200,1,did:web:ssi-dim-wallet-service.identity:BPNL00000003AYRE,,1791526369155,1791526526653,1791526526653,
7c354cdc-7a30-4df0-b78c-ad2c7d0fa6ba,CONSUMER,200,1,did:web:ssi-dim-wallet-service.identity:BPNL00000003AYRE,,1791526369163,1791526526751,1791526526751,
aa27249f-94cc-41ce-ba23-0e06f61df6c7,CONSUMER,200,1,did:web:ssi-dim-wallet-service.identity:BPNL00000003AYRE,,1791526369460,1791526526752,1791526526752,
510da72f-f16a-421b-84c5-b7fce3bebe4b,CONSUMER,200,1,did:web:ssi-dim-wallet-service.identity:BPNL00000003AYRE,,1791526369548,1791526526854,1791526526854,
817705ea-e5ca-499f-994f-db8f94ea8e6a,CONSUMER,200,1,did:web:ssi-dim-wallet-service.identity:BPNL00000003AYRE,,1791526371049,1791526526853,1791526526853,
6ac9902e-4ba1-4cd0-8947-d600aafb05e8,CONSUMER,200,1,did:web:ssi-dim-wallet-service.identity:BPNL00000003AYRE,,1791526371249,1791526526957,1791526526957,
25866fac-15a8-4857-883e-6e49d1d4a4bd,CONSUMER,200,1,did:web:ssi-dim-wallet-service.identity:BPNL00000003AYRE,,1791526371650,1791526527058,1791526527058,
9eea445b-90df-49e5-9064-ede3e76d4bae,CONSUMER,200,1,did:web:ssi-dim-wallet-service.identity:BPNL00000003AYRE,,1791526371751,1791526527054,1791526527054,
07d85c48-752d-41d9-87e7-97964cd41406,CONSUMER,200,1,did:web:ssi-dim-wallet-service.identity:BPNL00000003AYRE,,1791526371958,1791526527157,1791526527157,
94b2b895-0017-4707-a7da-ce82a8b68552,CONSUMER,200,1,did:web:ssi-dim-wallet-service.identity:BPNL00000003AYRE,,1791526372054,1791526527260,1791526527260,
4811e6f8-13f2-4232-9184-4aa93a35abac,CONSUMER,200,1,did:web:ssi-dim-wallet-service.identity:BPNL00000003AYRE,,1791526372148,1791526527365,1791526527365,
03aad64a-f564-4c54-abec-94a42a1847ed,CONSUMER,200,1,did:web:ssi-dim-wallet-service.identity:BPNL00000003AYRE,,1791526372160,1791526527456,1791526527456,
e8f82558-a103-45f0-a283-49b95c26cf53,CONSUMER,200,1,did:web:ssi-dim-wallet-service.identity:BPNL00000003AYRE,,1791526372469,1791526527552,1791526527552,
9aa29686-c262-4033-b80b-ff5ad5a4b67b,CONSUMER,200,1,did:web:ssi-dim-wallet-service.identity:BPNL00000003AYRE,,1791526372555,1791526527549,1791526527549,
7a1d7347-861d-4f54-a46a-abe7c891af98,CONSUMER,200,1,did:web:ssi-dim-wallet-service.identity:BPNL00000003AYRE,,1791526372847,1791526527985,1791526527985,
629c53b0-ae86-4e6f-a5d6-6fb345624eb5,CONSUMER,200,1,did:web:ssi-dim-wallet-service.identity:BPNL00000003AYRE,,1791526373060,1791526528005,1791526528005,
4dc78ef5-1dec-4d7d-84fa-8b9bb4cc702a,CONSUMER,200,1,did:web:ssi-dim-wallet-service.identity:BPNL00000003AYRE,,1791526373248,1791526528051,1791526528051,
a90cd7c5-f97d-4f9e-aa87-d4ede9285183,CONSUMER,200,1,did:web:ssi-dim-wallet-service.identity:BPNL00000003AYRE,,1791526373252,1791526528143,1791526528143,
dc1f3e0b-8723-4910-8dc2-13f489cd573d,CONSUMER,200,1,did:web:ssi-dim-wallet-service.identity:BPNL00000003AYRE,,1791526373252,1791526528147,1791526528147,
5071ab47-f91c-4913-b70b-5a62e3bbd934,CONSUMER,200,1,did:web:ssi-dim-wallet-service.identity:BPNL00000003AYRE,,1791526373462,1791526528245,1791526528245,
7aa4c19a-e184-4e6a-b8dd-4b74331a4e09,CONSUMER,200,1,did:web:ssi-dim-wallet-service.identity:BPNL00000003AYRE,,1791526373946,1791526528287,1791526528287,
cd6a9f59-3a20-42b6-96c8-bf4fd774503e,CONSUMER,200,1,did:web:ssi-dim-wallet-service.identity:BPNL00000003AYRE,,1791526374047,1791526528344,1791526528344,
d4e77d69-59bd-43e3-a441-f54c9cd6dcea,CONSUMER,200,1,did:web:ssi-dim-wallet-service.identity:BPNL00000003AYRE,,1791526374058,1791526528371,1791526528371,
02c5b80d-8a67-4e12-a6a3-0a5bfb36dd12,CONSUMER,200,1,did:web:ssi-dim-wallet-service.identity:BPNL00000003AYRE,,1791526374554,1791526528450,1791526528450,
2a125ac2-e965-44fb-a6df-22bdab5f4fc3,CONSUMER,200,1,did:web:ssi-dim-wallet-service.identity:BPNL00000003AYRE,,1791526375452,1791526528446,1791526528446,
fbf8b660-17c2-45c3-a91a-371f6f335cce,CONSUMER,200,1,did:web:ssi-dim-wallet-service.identity:BPNL00000003AYRE,,1791526375958,1791526528452,1791526528452,
87c43f01-5295-4789-9e25-3088b0c9885b,CONSUMER,200,1,did:web:ssi-dim-wallet-service.identity:BPNL00000003AYRE,,1791526376149,1791526528452,1791526528452,
0b9e715e-9674-485f-b4ce-3be028da623d,CONSUMER,200,1,did:web:ssi-dim-wallet-service.identity:BPNL00000003AYRE,,1791526376253,1791526528560,1791526528560,
bc3d59c0-d661-4f49-a695-261fc06c7936,CONSUMER,200,1,did:web:ssi-dim-wallet-service.identity:BPNL00000003AYRE,,1791526376351,1791526528650,1791526528650,
9b391714-7b92-4759-82aa-d13f399d3f15,CONSUMER,200,1,did:web:ssi-dim-wallet-service.identity:BPNL00000003AYRE,,1791526376453,1791526528752,1791526528752,
a7512614-39e2-40ed-bf36-cb77bad85552,CONSUMER,200,1,did:web:ssi-dim-wallet-service.identity:BPNL00000003AYRE,,1791526377558,1791526528753,1791526528753,
d870282c-4e06-49ca-948b-dbcae87c1f03,CONSUMER,200,1,did:web:ssi-dim-wallet-service.identity:BPNL00000003AYRE,,1791526377852,1791526528950,1791526528950,
4c0132f7-2af7-4132-bc46-12283bdb2541,CONSUMER,200,1,did:web:ssi-dim-wallet-service.identity:BPNL00000003AYRE,,1791526377959,1791526529146,1791526529146,
dd8ecdbc-e656-444a-b749-ca62c76bd217,CONSUMER,200,1,did:web:ssi-dim-wallet-service.identity:BPNL00000003AYRE,,1791526377959,1791526528947,1791526528947,
1c0de0df-db69-4da0-b34e-b9e383854960,CONSUMER,200,1,did:web:ssi-dim-wallet-service.identity:BPNL00000003AYRE,,1791526378051,1791526529652,1791526529652,
cffbea0c-61fa-4eeb-874a-1ae6dda0f2fc,CONSUMER,200,1,did:web:ssi-dim-wallet-service.identity:BPNL00000003AYRE,,1791526378055,1791526529684,1791526529684,
486064f1-0575-4053-92f5-a702986a870a,CONSUMER,200,1,did:web:ssi-dim-wallet-service.identity:BPNL00000003AYRE,,1791526378250,1791526529848,1791526529848,
0851eb92-3635-4291-b2fa-eee350d254d4,CONSUMER,200,1,did:web:ssi-dim-wallet-service.identity:BPNL00000003AYRE,,1791526378449,1791526529848,1791526529848,
b7fc1cbc-c576-4452-a9fe-8aff06cc6b3c,CONSUMER,200,1,did:web:ssi-dim-wallet-service.identity:BPNL00000003AYRE,,1791526378452,1791526529948,1791526529948,
b3982075-e8be-44c1-92e6-1a28f675c317,CONSUMER,200,1,did:web:ssi-dim-wallet-service.identity:BPNL00000003AYRE,,1791526378894,1791526530050,1791526530050,
74483bc1-20a0-4e2d-9567-08dcf132f2c5,CONSUMER,200,1,did:web:ssi-dim-wallet-service.identity:BPNL00000003AYRE,,1791526379148,1791526530159,1791526530159,
47984087-d4ee-460d-8191-65dba57c8548,CONSUMER,200,1,did:web:ssi-dim-wallet-service.identity:BPNL00000003AYRE,,1791526379148,1791526530158,1791526530158,
26fc3689-41b1-45d8-b5bc-0f0702015a95,CONSUMER,200,1,did:web:ssi-dim-wallet-service.identity:BPNL00000003AYRE,,1791526379160,1791526530348,1791526530348,
617dc0c9-6868-4dd2-8485-c897d86fa2f6,CONSUMER,200,1,did:web:ssi-dim-wallet-service.identity:BPNL00000003AYRE,,1791526379363,1791526530350,1791526530350,
2edd0b13-aaae-420b-89b2-bbadf8af3ee5,CONSUMER,200,1,did:web:ssi-dim-wallet-service.identity:BPNL00000003AYRE,,1791526379448,1791526530456,1791526530456,
c88449a8-9c2e-494c-ad53-4e48d5110a36,CONSUMER,200,1,did:web:ssi-dim-wallet-service.identity:BPNL00000003AYRE,,1791526379450,1791526530476,1791526530476,
7ee641e1-71fa-4260-8e21-7c475ebc9ea6,CONSUMER,200,1,did:web:ssi-dim-wallet-service.identity:BPNL00000003AYRE,,1791526379664,1791526530561,1791526530561,
32637d74-9157-4128-bfb9-ea16ab80bdfb,CONSUMER,200,1,did:web:ssi-dim-wallet-service.identity:BPNL00000003AYRE,,1791526379757,1791526530556,1791526530556,
4827f166-76ae-4824-b1c3-9d26c415ab42,CONSUMER,200,1,did:web:ssi-dim-wallet-service.identity:BPNL00000003AYRE,,1791526380059,1791526530649,1791526530649,
4224821c-7acd-4bf7-81db-16c83e0d3c44,CONSUMER,200,1,did:web:ssi-dim-wallet-service.identity:BPNL00000003AYRE,,1791526380160,1791526530649,1791526530649,
66e96cbe-d6b6-49b1-947d-fe6905fdfd82,CONSUMER,200,1,did:web:ssi-dim-wallet-service.identity:BPNL00000003AYRE,,1791526380319,1791526530747,1791526530747,
9ffade43-f3eb-468d-9a8b-52fa23a31523,CONSUMER,200,1,did:web:ssi-dim-wallet-service.identity:BPNL00000003AYRE,,1791526381157,1791526530855,1791526530855,
6bd5712b-f4ef-4830-947d-0a3dd7716b5c,CONSUMER,200,1,did:web:ssi-dim-wallet-service.identity:BPNL00000003AYRE,,1791526381247,1791526530854,1791526530854,
4afcdbb3-b718-4ea2-b92e-1d68ef1a9ca7,CONSUMER,200,1,did:web:ssi-dim-wallet-service.identity:BPNL00000003AYRE,,1791526381253,1791526530957,1791526530957,
6f687c0d-414c-4e70-882b-b244e7a34d99,CONSUMER,200,1,did:web:ssi-dim-wallet-service.identity:BPNL00000003AYRE,,1791526381547,1791526531305,1791526531305,
b887e969-a42c-42ba-9637-52a648830190,CONSUMER,200,1,did:web:ssi-dim-wallet-service.identity:BPNL00000003AYRE,,1791526381549,1791526531346,1791526531346,
fa760756-30ec-4ed8-bbbc-14a3249bdbbd,CONSUMER,200,1,did:web:ssi-dim-wallet-service.identity:BPNL00000003AYRE,,1791526381750,1791526531447,1791526531447,
a3c4e1e1-a693-4cfd-8ee1-a5e3eaf6c2fb,CONSUMER,200,1,did:web:ssi-dim-wallet-service.identity:BPNL00000003AYRE,,1791526381752,1791526531558,1791526531558,
b3bde2a7-73fb-423f-919a-abe3d2d46c78,CONSUMER,200,1,did:web:ssi-dim-wallet-service.identity:BPNL00000003AYRE,,1791526381851,1791526531567,1791526531567,
43b3ab20-3fe8-4429-9ddd-9bb99608bcac,CONSUMER,200,1,did:web:ssi-dim-wallet-service.identity:BPNL00000003AYRE,,1791526381858,1791526531655,1791526531655,
d12c40f1-a92f-47bd-9b85-1145776de13d,CONSUMER,200,1,did:web:ssi-dim-wallet-service.identity:BPNL00000003AYRE,,1791526381950,1791526531773,1791526531773,
d351f897-0203-4cba-9190-2a619d5a714d,CONSUMER,200,1,did:web:ssi-dim-wallet-service.identity:BPNL00000003AYRE,,1791526382152,1791526531863,1791526531863,
4b627cbe-c69b-44ab-8daf-b5f5f2978eb9,CONSUMER,200,1,did:web:ssi-dim-wallet-service.identity:BPNL00000003AYRE,,1791526382256,1791526531957,1791526531957,
0d4617bc-e284-4bf1-9740-958d6f671e46,CONSUMER,200,1,did:web:ssi-dim-wallet-service.identity:BPNL00000003AYRE,,1791526382551,1791526531948,1791526531948,
770c0d19-ca1c-41e8-90d7-af45960ddb13,CONSUMER,200,1,did:web:ssi-dim-wallet-service.identity:BPNL00000003AYRE,,1791526382558,1791526531956,1791526531956,
d9b1f4a4-7164-4c54-b086-121adc682128,CONSUMER,200,1,did:web:ssi-dim-wallet-service.identity:BPNL00000003AYRE,,1791526382948,1791526532149,1791526532149,
2e006702-1d19-4ba1-9724-986e89a60bba,CONSUMER,200,1,did:web:ssi-dim-wallet-service.identity:BPNL00000003AYRE,,1791526383058,1791526532251,1791526532251,
2cd32342-1af8-4c5a-90fd-a8270e150c25,CONSUMER,200,1,did:web:ssi-dim-wallet-service.identity:BPNL00000003AYRE,,1791526383165,1791526532350,1791526532350,
ce01e418-bfa8-4269-b293-35aa0a606ff7,CONSUMER,200,1,did:web:ssi-dim-wallet-service.identity:BPNL00000003AYRE,,1791526383467,1791526532449,1791526532449,
90937def-ad20-4903-a286-c8dd3981ec09,CONSUMER,200,1,did:web:ssi-dim-wallet-service.identity:BPNL00000003AYRE,,1791526383558,1791526532458,1791526532458,
40e8775e-91e0-46b1-82a4-df7319e5503e,CONSUMER,200,1,did:web:ssi-dim-wallet-service.identity:BPNL00000003AYRE,,1791526383760,1791526532662,1791526532662,
f306e3f6-0490-45ac-a4c2-6813be15a366,CONSUMER,200,1,did:web:ssi-dim-wallet-service.identity:BPNL00000003AYRE,,1791526384048,1791526532657,1791526532657,
2635dbbd-7416-4be6-addd-56628a80c1e0,CONSUMER,200,1,did:web:ssi-dim-wallet-service.identity:BPNL00000003AYRE,,1791526384351,1791526532756,1791526532756,
1ed27316-6b94-400e-a6a0-4b262a7d9f8a,CONSUMER,200,1,did:web:ssi-dim-wallet-service.identity:BPNL00000003AYRE,,1791526384365,1791526532947,1791526532947,
5a54ec6d-1adf-444a-8aa3-e5c2211c0cfc,CONSUMER,200,1,did:web:ssi-dim-wallet-service.identity:BPNL00000003AYRE,,1791526384918,1791526537947,1791526537947,
25881a14-ace9-43db-9599-335e62c8eac1,CONSUMER,200,1,did:web:ssi-dim-wallet-service.identity:BPNL00000003AYRE,,1791526385050,1791526542148,1791526542148,
17f195d7-dc43-4bf9-9910-063a41a1e05f,CONSUMER,200,1,did:web:ssi-dim-wallet-service.identity:BPNL00000003AYRE,,1791526385051,1791526539462,1791526539462,
0599d8f4-c1c8-4887-90dd-4b7f1f344545,CONSUMER,200,1,did:web:ssi-dim-wallet-service.identity:BPNL00000003AYRE,,1791526385159,1791526539647,1791526539647,
ef1baa50-fb09-4117-8ad9-8030b6cbb7fd,CONSUMER,200,1,did:web:ssi-dim-wallet-service.identity:BPNL00000003AYRE,,1791526386251,1791526542352,1791526542352,
95c6a82c-e7c6-48f9-bc7d-35524b37da04,CONSUMER,200,1,did:web:ssi-dim-wallet-service.identity:BPNL00000003AYRE,,1791526386258,1791526544676,1791526544676,
a727208b-f4a3-4f4b-b2a0-871da7a84bfa,CONSUMER,200,1,did:web:ssi-dim-wallet-service.identity:BPNL00000003AYRE,,1791526386265,1791526547355,1791526547355,
c4fddc1e-e5ff-4c03-9003-9218351ed7bc,CONSUMER,200,1,did:web:ssi-dim-wallet-service.identity:BPNL00000003AYRE,,1791526386562,1791526547958,1791526547958,
910ff6e4-45f3-43f3-ad68-ffe002ffaa85,CONSUMER,200,1,did:web:ssi-dim-wallet-service.identity:BPNL00000003AYRE,,1791526386856,1791526550156,1791526550156,
7248ac8f-afbb-4013-8d66-6b2ca740b449,CONSUMER,200,1,did:web:ssi-dim-wallet-service.identity:BPNL00000003AYRE,,1791526387350,1791526551568,1791526551568,
1551eeeb-7eb0-45e0-9a70-9eed3fe60743,CONSUMER,200,1,did:web:ssi-dim-wallet-service.identity:BPNL00000003AYRE,,1791526387555,1791526560052,1791526560052,
5f866c62-7e7d-4125-88c3-8f4d0346c863,CONSUMER,200,1,did:web:ssi-dim-wallet-service.identity:BPNL00000003AYRE,,1791526387820,1791526567947,1791526567947,
808265f3-7495-4082-acaf-2a826b871163,CONSUMER,200,1,did:web:ssi-dim-wallet-service.identity:BPNL00000003AYRE,,1791526387849,1791526574063,1791526574063,
10a84888-d509-41a1-84d5-03a68e083087,CONSUMER,200,1,did:web:ssi-dim-wallet-service.identity:BPNL00000003AYRE,,1791526388062,1791526579450,1791526579450,
3d5fdf08-1fd8-49e4-865a-994e2cce3a74,CONSUMER,200,1,did:web:ssi-dim-wallet-service.identity:BPNL00000003AYRE,,1791526388752,1791526581358,1791526581358,
ffe77de1-3cfe-4ff2-8d87-6ad9abfe0ad6,CONSUMER,200,1,did:web:ssi-dim-wallet-service.identity:BPNL00000003AYRE,,1791526388849,1791526580468,1791526580468,
f57a07b0-e1bb-4e9a-8002-9e20526e08e6,CONSUMER,200,1,did:web:ssi-dim-wallet-service.identity:BPNL00000003AYRE,,1791526388859,1791526582056,1791526582056,
16ca9fc8-3d7c-4e6b-aff5-8dc9abfce5b4,CONSUMER,200,1,did:web:ssi-dim-wallet-service.identity:BPNL00000003AYRE,,1791526389151,1791526583369,1791526583369,
86b8e25b-1e1e-4611-aea0-32bb91e6560b,CONSUMER,200,1,did:web:ssi-dim-wallet-service.identity:BPNL00000003AYRE,,1791526389762,1791526583860,1791526583860,
3c4ddfc9-46c5-44be-a6cf-a97ee3b7498a,CONSUMER,200,1,did:web:ssi-dim-wallet-service.identity:BPNL00000003AYRE,,1791526389951,1791526584550,1791526584550,
d381a2d6-26be-4121-afbe-f6ebafe04c95,CONSUMER,200,1,did:web:ssi-dim-wallet-service.identity:BPNL00000003AYRE,,1791526390061,1791526603257,1791526603257,
693b37a1-d7d8-41fb-b614-bf4748dcdd98,CONSUMER,200,1,did:web:ssi-dim-wallet-service.identity:BPNL00000003AYRE,,1791526390255,1791526604056,1791526604056,
50b8b388-3a47-4380-834c-af185274b8b3,CONSUMER,200,1,did:web:ssi-dim-wallet-service.identity:BPNL00000003AYRE,,1791526390619,1791526605263,1791526605263,
4019b165-3b1e-4ee0-b751-61ba13af3973,CONSUMER,200,1,did:web:ssi-dim-wallet-service.identity:BPNL00000003AYRE,,1791526391151,1791526607359,1791526607359,
bdc044a8-96de-4c3a-9173-5989a541fe6f,CONSUMER,200,1,did:web:ssi-dim-wallet-service.identity:BPNL00000003AYRE,,1791526391551,1791526606848,1791526606848,
e50632dd-534a-4707-b9bc-abc323c539e8,CONSUMER,200,1,did:web:ssi-dim-wallet-service.identity:BPNL00000003AYRE,,1791526391563,1791526609960,1791526609960,
880fc333-0c80-4cb5-af1d-f2021082a895,CONSUMER,200,1,did:web:ssi-dim-wallet-service.identity:BPNL00000003AYRE,,1791526392454,1791526610264,1791526610264,
ddec47e1-156d-451c-9f4c-cda70df9ae20,CONSUMER,200,1,did:web:ssi-dim-wallet-service.identity:BPNL00000003AYRE,,1791526392554,1791526611262,1791526611262,
c42752a2-edf2-480c-a4cc-a8587d218408,CONSUMER,200,1,did:web:ssi-dim-wallet-service.identity:BPNL00000003AYRE,,1791526393265,1791526611263,1791526611263,
573e951f-2043-4c2c-b4c3-850c0b13e449,CONSUMER,200,1,did:web:ssi-dim-wallet-service.identity:BPNL00000003AYRE,,1791526393269,1791526612147,1791526612147,
40680a0a-d022-4979-abc6-c56b51489762,CONSUMER,200,1,did:web:ssi-dim-wallet-service.identity:BPNL00000003AYRE,,1791526393950,1791526611849,1791526611849,
b96541d3-7c70-4290-8c68-585ae9f535d4,CONSUMER,200,1,did:web:ssi-dim-wallet-service.identity:BPNL00000003AYRE,,1791526393959,1791526614476,1791526614476,
0e519c08-2afb-4ce3-a679-bfa83520fc50,CONSUMER,200,1,did:web:ssi-dim-wallet-service.identity:BPNL00000003AYRE,,1791526394048,1791526615050,1791526615050,
da3ff02e-ae77-452b-b44a-38adc8524588,CONSUMER,200,1,did:web:ssi-dim-wallet-service.identity:BPNL00000003AYRE,,1791526394063,1791526615652,1791526615652,
5ec8de1a-757c-45af-ad5e-792b370148b5,CONSUMER,200,1,did:web:ssi-dim-wallet-service.identity:BPNL00000003AYRE,,1791526394163,1791526615765,1791526615765,
40d3e2a6-b9be-42d6-b554-8a84e1765102,CONSUMER,200,1,did:web:ssi-dim-wallet-service.identity:BPNL00000003AYRE,,1791526395460,1791526615652,1791526615652,
84c54b2b-9f55-4cd3-8be2-5c8983524e6e,CONSUMER,200,1,did:web:ssi-dim-wallet-service.identity:BPNL00000003AYRE,,1791526395547,1791526615758,1791526615758,
8d70bf75-9cc1-4fb3-b736-70299c0aa4e9,CONSUMER,200,1,did:web:ssi-dim-wallet-service.identity:BPNL00000003AYRE,,1791526396055,1791526615861,1791526615861,
41813af9-d729-4d50-8154-38b2b0fe5216,CONSUMER,200,1,did:web:ssi-dim-wallet-service.identity:BPNL00000003AYRE,,1791526396218,1791526616147,1791526616147,
5a98bebb-61c1-4235-8ef4-8719b2578cc6,CONSUMER,200,1,did:web:ssi-dim-wallet-service.identity:BPNL00000003AYRE,,1791526396254,1791526616350,1791526616350,
4ca2dc34-f99c-47ec-9f54-126085bd90a3,CONSUMER,200,1,did:web:ssi-dim-wallet-service.identity:BPNL00000003AYRE,,1791526396649,1791526619465,1791526619465,
9c719d36-50b5-45f7-9c5d-fe6bd07a1a40,CONSUMER,200,1,did:web:ssi-dim-wallet-service.identity:BPNL00000003AYRE,,1791526397056,1791526619750,1791526619750,
b90a5a95-fd6f-4722-9f3e-e5fe53264b57,CONSUMER,200,1,did:web:ssi-dim-wallet-service.identity:BPNL00000003AYRE,,1791526397665,1791526621558,1791526621558,
fd5c3071-4eca-4422-ac2d-dd6d00ce9c76,CONSUMER,200,1,did:web:ssi-dim-wallet-service.identity:BPNL00000003AYRE,,1791526397860,1791526620560,1791526620560,
9259ea34-f401-47f8-88a6-5036da9cf23d,CONSUMER,200,1,did:web:ssi-dim-wallet-service.identity:BPNL00000003AYRE,,1791526398166,1791526621657,1791526621657,
9ab588f7-aef8-4eff-b650-aa02009db565,CONSUMER,200,1,did:web:ssi-dim-wallet-service.identity:BPNL00000003AYRE,,1791526398364,1791526620856,1791526620856,
b5c9429e-dcee-4f88-88f5-e59f0bc8bf1d,CONSUMER,200,1,did:web:ssi-dim-wallet-service.identity:BPNL00000003AYRE,,1791526398856,1791526623450,1791526623450,
45ae20c1-f3f3-4a2d-b13f-bc860b92b36f,CONSUMER,200,1,did:web:ssi-dim-wallet-service.identity:BPNL00000003AYRE,,1791526399462,1791526623361,1791526623361,
cc4ba026-91cf-4c74-aece-b4c431b07e96,CONSUMER,200,1,did:web:ssi-dim-wallet-service.identity:BPNL00000003AYRE,,1791526400359,1791526623664,1791526623664,
6e15fd85-38ef-46df-837a-b247612f8062,CONSUMER,200,1,did:web:ssi-dim-wallet-service.identity:BPNL00000003AYRE,,1791526401062,1791526622568,1791526622568,
a314c061-1ce0-4f1d-8993-2f32db68343f,CONSUMER,200,1,did:web:ssi-dim-wallet-service.identity:BPNL00000003AYRE,,1791526401952,1791526623149,1791526623149,
a56814c8-5404-43fc-8074-f1f7eaaadde4,CONSUMER,200,1,did:web:ssi-dim-wallet-service.identity:BPNL00000003AYRE,,1791526402349,1791526623753,1791526623753,
a6fb95b5-0612-4890-b62d-e42c0b2c7ea4,CONSUMER,200,1,did:web:ssi-dim-wallet-service.identity:BPNL00000003AYRE,,1791526402356,1791526624262,1791526624262,
e84a986e-dd0c-4c8c-89b2-c2a25ad02928,CONSUMER,200,1,did:web:ssi-dim-wallet-service.identity:BPNL00000003AYRE,,1791526402547,1791526623869,1791526623869,
b0d2d70c-aec5-460a-a1aa-5b2f2e339549,CONSUMER,200,1,did:web:ssi-dim-wallet-service.identity:BPNL00000003AYRE,,1791526403449,1791526624653,1791526624653,
1a218361-9ce4-49ed-89b3-f474c43d611c,CONSUMER,200,1,did:web:ssi-dim-wallet-service.identity:BPNL00000003AYRE,,1791526403550,1791526624762,1791526624763,
e7ca4504-472a-46ac-99de-6cdadb083236,CONSUMER,200,1,did:web:ssi-dim-wallet-service.identity:BPNL00000003AYRE,,1791526403753,1791526624558,1791526624558,
3c45f29c-8404-4cac-af77-b5105aaddc3f,CONSUMER,200,1,did:web:ssi-dim-wallet-service.identity:BPNL00000003AYRE,,1791526403881,1791526625170,1791526625170,
6f2f4e6a-67e6-4aa5-96b0-28f99acb6f92,CONSUMER,200,1,did:web:ssi-dim-wallet-service.identity:BPNL00000003AYRE,,1791526403957,1791526625073,1791526625073,
2a2153ba-985a-4d8d-8f11-b3b5136f7864,CONSUMER,200,1,did:web:ssi-dim-wallet-service.identity:BPNL00000003AYRE,,1791526403963,1791526625156,1791526625156,
2af1603e-0c7e-4244-9459-ef1589d704e2,CONSUMER,200,1,did:web:ssi-dim-wallet-service.identity:BPNL00000003AYRE,,1791526403965,1791526627259,1791526627259,
7fdfa43f-b199-4e46-8de4-8951901c9be0,CONSUMER,200,1,did:web:ssi-dim-wallet-service.identity:BPNL00000003AYRE,,1791526404554,1791526627261,1791526627261,
63662660-9fbe-4658-b6da-bedb19dab511,CONSUMER,200,1,did:web:ssi-dim-wallet-service.identity:BPNL00000003AYRE,,1791526404867,1791526627454,1791526627454,
98d3851e-0a44-42ec-b026-d66d6a6563a6,CONSUMER,200,1,did:web:ssi-dim-wallet-service.identity:BPNL00000003AYRE,,1791526405155,1791526627666,1791526627666,
8dafd714-cb47-45a8-93f1-e9dc61eda44c,CONSUMER,200,1,did:web:ssi-dim-wallet-service.identity:BPNL00000003AYRE,,1791526405648,1791526628147,1791526628147,
6d9b9b2c-3da3-402c-9d36-45de207f8555,CONSUMER,200,1,did:web:ssi-dim-wallet-service.identity:BPNL00000003AYRE,,1791526405752,1791526628064,1791526628064,
143dd5fa-7feb-4863-ad24-3da95387d96b,CONSUMER,200,1,did:web:ssi-dim-wallet-service.identity:BPNL00000003AYRE,,1791526405819,1791526628052,1791526628052,
05b3b105-1fa5-417e-817a-bcca7e4f8233,CONSUMER,200,1,did:web:ssi-dim-wallet-service.identity:BPNL00000003AYRE,,1791526406156,1791526627894,1791526627894,
9d0308e6-5853-472f-b786-035f80640c38,CONSUMER,200,1,did:web:ssi-dim-wallet-service.identity:BPNL00000003AYRE,,1791526406265,1791526628471,1791526628471,
8f92b098-77f9-4b5c-83aa-7cb3329a9c2b,CONSUMER,200,1,did:web:ssi-dim-wallet-service.identity:BPNL00000003AYRE,,1791526406364,1791526628748,1791526628748,
2740a591-00bb-4d02-a37d-634de8d3b920,CONSUMER,200,1,did:web:ssi-dim-wallet-service.identity:BPNL00000003AYRE,,1791526406459,1791526629048,1791526629048,
5b602706-ccee-41b7-9a1c-84850c6d1e2a,CONSUMER,200,1,did:web:ssi-dim-wallet-service.identity:BPNL00000003AYRE,,1791526406656,1791526629547,1791526629547,
99571476-3ce7-4603-933b-156565af08a0,CONSUMER,200,1,did:web:ssi-dim-wallet-service.identity:BPNL00000003AYRE,,1791526406859,1791526630560,1791526630560,
f8f66ca3-21cc-430f-8ecd-5ad95f07cce4,CONSUMER,200,1,did:web:ssi-dim-wallet-service.identity:BPNL00000003AYRE,,1791526407353,1791526630552,1791526630552,
d2f80570-4a9d-44fe-95d9-1033eed17601,CONSUMER,200,1,did:web:ssi-dim-wallet-service.identity:BPNL00000003AYRE,,1791526407448,1791526629763,1791526629763,
ba651a0b-15e8-45d4-a088-e67f261356aa,CONSUMER,200,1,did:web:ssi-dim-wallet-service.identity:BPNL00000003AYRE,,1791526407549,1791526632067,1791526632067,
ac1c9bfe-5b62-48d8-9a42-ebf63d48ea9b,CONSUMER,200,1,did:web:ssi-dim-wallet-service.identity:BPNL00000003AYRE,,1791526408158,1791526631550,1791526631550,
9583aa21-8588-4d0a-a338-95396e32ea37,CONSUMER,200,1,did:web:ssi-dim-wallet-service.identity:BPNL00000003AYRE,,1791526408456,1791526631948,1791526631948,
bc9787dd-aa2e-4680-940d-44f9d5085def,CONSUMER,200,1,did:web:ssi-dim-wallet-service.identity:BPNL00000003AYRE,,1791526408469,1791526631656,1791526631656,
3858f052-aed6-49f7-9457-47cc9d242801,CONSUMER,200,1,did:web:ssi-dim-wallet-service.identity:BPNL00000003AYRE,,1791526408963,1791526637258,1791526637258,
120f8f01-0636-4a76-a1cd-5165fd43a38a,CONSUMER,200,1,did:web:ssi-dim-wallet-service.identity:BPNL00000003AYRE,,1791526408963,1791526632763,1791526632763,
14941e96-aa0f-4c60-9f7e-d5a18031d1b2,CONSUMER,200,1,did:web:ssi-dim-wallet-service.identity:BPNL00000003AYRE,,1791526409057,1791526637249,1791526637250,
40d58826-c4d5-4b83-ab98-ded65b359f8a,CONSUMER,200,1,did:web:ssi-dim-wallet-service.identity:BPNL00000003AYRE,,1791526409462,1791526637957,1791526637957,
afccab18-d048-4e63-98fe-a18e87b5c62c,CONSUMER,200,1,did:web:ssi-dim-wallet-service.identity:BPNL00000003AYRE,,1791526409573,1791526638261,1791526638261,
13e94750-c888-44ba-ac1c-ce655b7c3ad6,CONSUMER,200,1,did:web:ssi-dim-wallet-service.identity:BPNL00000003AYRE,,1791526409650,1791526641652,1791526641652,
94a04178-b9cb-4d5a-ae25-37f541510454,CONSUMER,200,1,did:web:ssi-dim-wallet-service.identity:BPNL00000003AYRE,,1791526409848,1791526642264,1791526642264,
73ca75af-8cad-41d6-88fd-b0174487f9d2,CONSUMER,200,1,did:web:ssi-dim-wallet-service.identity:BPNL00000003AYRE,,1791526410064,1791526643758,1791526643758,
c4f6fff1-2079-478d-8451-83e0cb732290,CONSUMER,200,1,did:web:ssi-dim-wallet-service.identity:BPNL00000003AYRE,,1791526410355,1791526643961,1791526643961,
02d1e95e-bc33-442c-bb8e-28e3af180d11,CONSUMER,200,1,did:web:ssi-dim-wallet-service.identity:BPNL00000003AYRE,,1791526410652,1791526644261,1791526644261,
5cf9ecdf-5ba4-45da-8455-26841880248e,CONSUMER,200,1,did:web:ssi-dim-wallet-service.identity:BPNL00000003AYRE,,1791526410751,1791526644356,1791526644356,
f0cab1aa-d069-458c-985a-5091b98bb04b,CONSUMER,200,1,did:web:ssi-dim-wallet-service.identity:BPNL00000003AYRE,,1791526410952,1791526644458,1791526644458,
90c6d3b8-4799-4606-a5e8-ff7ef4d454d4,CONSUMER,200,1,did:web:ssi-dim-wallet-service.identity:BPNL00000003AYRE,,1791526411348,1791526644459,1791526644459,
3cbecc9e-d904-4ae8-af1f-1d4738f017d6,CONSUMER,200,1,did:web:ssi-dim-wallet-service.identity:BPNL00000003AYRE,,1791526411549,1791526644555,1791526644555,
53c487c5-2b5c-4941-a5d4-acb9ec2f8b7f,CONSUMER,200,1,did:web:ssi-dim-wallet-service.identity:BPNL00000003AYRE,,1791526411656,1791526644573,1791526644573,
f4bf88e5-712e-4371-b20d-55630c545240,CONSUMER,200,1,did:web:ssi-dim-wallet-service.identity:BPNL00000003AYRE,,1791526411948,1791526644559,1791526644559,
58a4e9ea-ec63-410e-847c-4b5fa0b8afab,CONSUMER,200,1,did:web:ssi-dim-wallet-service.identity:BPNL00000003AYRE,,1791526412749,1791526644752,1791526644752,
66fc5438-ec1d-48cd-aaa1-e3fa1619ad7d,CONSUMER,200,1,did:web:ssi-dim-wallet-service.identity:BPNL00000003AYRE,,1791526412861,1791526644761,1791526644761,
be8a7862-f46e-4935-948a-8fda7c6a3f7d,CONSUMER,200,1,did:web:ssi-dim-wallet-service.identity:BPNL00000003AYRE,,1791526413769,1791526644856,1791526644856,
83f4e4a2-9771-40a1-a6fc-bd9bf1c43fc5,CONSUMER,200,1,did:web:ssi-dim-wallet-service.identity:BPNL00000003AYRE,,1791526414050,1791526645356,1791526645356,
c614e10e-5820-4cf2-993e-aeb4400f8d40,CONSUMER,200,1,did:web:ssi-dim-wallet-service.identity:BPNL00000003AYRE,,1791526414395,1791526646347,1791526646347,
5dcd209c-7f2c-48cb-b059-4218df64b6c5,CONSUMER,200,1,did:web:ssi-dim-wallet-service.identity:BPNL00000003AYRE,,1791526414462,1791526655662,1791526655662,
2ddb9585-3170-4827-9aec-e80ed93cc45c,CONSUMER,200,1,did:web:ssi-dim-wallet-service.identity:BPNL00000003AYRE,,1791526414759,1791526656054,1791526656054,
e84d03a4-840b-4a2d-9e4a-1c8790ee3745,CONSUMER,200,1,did:web:ssi-dim-wallet-service.identity:BPNL00000003AYRE,,1791526414954,1791526656362,1791526656362,
b20fabe1-d1c6-4b61-b8ee-b6350e91bf98,CONSUMER,200,1,did:web:ssi-dim-wallet-service.identity:BPNL00000003AYRE,,1791526415348,1791526657155,1791526657155,
8fa68511-b986-4fdc-aa63-40ebd3c888a6,CONSUMER,200,1,did:web:ssi-dim-wallet-service.identity:BPNL00000003AYRE,,1791526415654,1791526659949,1791526659949,
c3ff013e-a712-44df-940d-22f6a4e53173,CONSUMER,200,1,did:web:ssi-dim-wallet-service.identity:BPNL00000003AYRE,,1791526415664,1791526661160,1791526661160,
2791ee2a-3940-41f2-8ff8-34a8ac9f6fa8,CONSUMER,200,1,did:web:ssi-dim-wallet-service.identity:BPNL00000003AYRE,,1791526416660,1791526662059,1791526662059,
95c1ee78-5fba-4eda-9059-7d0bca7588a9,CONSUMER,200,1,did:web:ssi-dim-wallet-service.identity:BPNL00000003AYRE,,1791526416955,1791526662859,1791526662859,
95a11f29-f318-4ad7-ad31-a1f29b010ccc,CONSUMER,200,1,did:web:ssi-dim-wallet-service.identity:BPNL00000003AYRE,,1791526416962,1791526663850,1791526663850,
71d57977-2de5-4a4f-852d-ccf11f33d79e,CONSUMER,200,1,did:web:ssi-dim-wallet-service.identity:BPNL00000003AYRE,,1791526418262,1791526665352,1791526665352,
a5f9ed78-0f8b-4d07-bd69-44a8322d8383,CONSUMER,200,1,did:web:ssi-dim-wallet-service.identity:BPNL00000003AYRE,,1791526418456,1791526666149,1791526666149,
4dcfbc29-fba3-4977-b668-2892b0b0a505,CONSUMER,200,1,did:web:ssi-dim-wallet-service.identity:BPNL00000003AYRE,,1791526418858,1791526667360,1791526667360,
ceb87d51-c7c0-4153-981c-2bbba15a3f74,CONSUMER,200,1,did:web:ssi-dim-wallet-service.identity:BPNL00000003AYRE,,1791526418950,1791526667550,1791526667550,
4bf3f852-c3eb-41c2-a0bf-07fa5b9f2cb3,CONSUMER,200,1,did:web:ssi-dim-wallet-service.identity:BPNL00000003AYRE,,1791526419057,1791526668257,1791526668257,
e31f8e99-3513-4883-b2c1-2ae5244c03ba,CONSUMER,200,1,did:web:ssi-dim-wallet-service.identity:BPNL00000003AYRE,,1791526420260,1791526669166,1791526669166,
6052ba00-c1a0-4d96-858a-4df6eedd4676,CONSUMER,200,1,did:web:ssi-dim-wallet-service.identity:BPNL00000003AYRE,,1791526420367,1791526669854,1791526669854,
9cafe3f3-74fd-419b-8bbe-24e3ba5507ef,CONSUMER,200,1,did:web:ssi-dim-wallet-service.identity:BPNL00000003AYRE,,1791526420467,1791526671154,1791526671154,
e0ae3f35-d39f-4057-9645-0fc99b02194d,CONSUMER,200,1,did:web:ssi-dim-wallet-service.identity:BPNL00000003AYRE,,1791526420655,1791526671459,1791526671459,
ba723f05-f93d-4ca8-a0fa-d7ec8d1161cc,CONSUMER,200,1,did:web:ssi-dim-wallet-service.identity:BPNL00000003AYRE,,1791526420852,1791526673363,1791526673363,
f44c3bd4-fd18-4ef2-a4fc-2094de4b25ac,CONSUMER,200,1,did:web:ssi-dim-wallet-service.identity:BPNL00000003AYRE,,1791526420860,1791526673556,1791526673556,
b6ad084c-c60b-4852-b015-8063d27850a2,CONSUMER,200,1,did:web:ssi-dim-wallet-service.identity:BPNL00000003AYRE,,1791526420954,1791526689969,1791526689969,
638ebb86-42c4-46ee-be9a-b98b100d6f80,CONSUMER,200,1,did:web:ssi-dim-wallet-service.identity:BPNL00000003AYRE,,1791526420965,1791526690757,1791526690757,
76bde953-deba-46c5-9e39-a32040e23a4f,CONSUMER,200,1,did:web:ssi-dim-wallet-service.identity:BPNL00000003AYRE,,1791526421054,1791526693251,1791526693251,
838336c6-86db-4147-a315-516149320837,CONSUMER,200,1,did:web:ssi-dim-wallet-service.identity:BPNL00000003AYRE,,1791526422163,1791526693359,1791526693359,
aa14771a-8212-42d9-b463-b014f8570f05,CONSUMER,200,1,did:web:ssi-dim-wallet-service.identity:BPNL00000003AYRE,,1791526422557,1791526693847,1791526693847,
b8180fa4-92e3-4b7b-b89b-d5d88e9864d9,CONSUMER,200,1,did:web:ssi-dim-wallet-service.identity:BPNL00000003AYRE,,1791526422851,1791526694651,1791526694651,
6697226f-117c-47f4-b0ce-f7dfed409422,CONSUMER,200,1,did:web:ssi-dim-wallet-service.identity:BPNL00000003AYRE,,1791526423349,1791526695056,1791526695056,
a3f08d6c-2ce5-4a12-a24c-00df1d1e2ced,CONSUMER,200,1,did:web:ssi-dim-wallet-service.identity:BPNL00000003AYRE,,1791526423360,1791526695052,1791526695052,
af4774ab-265c-4c28-9d4b-c9d43d1b4046,CONSUMER,200,1,did:web:ssi-dim-wallet-service.identity:BPNL00000003AYRE,,1791526423648,1791526695254,1791526695254,
4ffcaa86-2c3e-465a-98a2-395c1ce5957b,CONSUMER,200,1,did:web:ssi-dim-wallet-service.identity:BPNL00000003AYRE,,1791526423859,1791526696462,1791526696462,
69ecd839-dcdb-4f9a-baf3-0be15b5966e7,CONSUMER,200,1,did:web:ssi-dim-wallet-service.identity:BPNL00000003AYRE,,1791526424055,1791526696962,1791526696962,
488a6c5d-06fa-4219-9bac-8101dc5d22e0,CONSUMER,200,1,did:web:ssi-dim-wallet-service.identity:BPNL00000003AYRE,,1791526424159,1791526697951,1791526697951,
6f4f333b-903b-4c2d-b687-6a4c335dcd23,CONSUMER,200,1,did:web:ssi-dim-wallet-service.identity:BPNL00000003AYRE,,1791526424361,1791526698448,1791526698448,
de78dde2-2baa-4de0-b631-9f4c467a323e,CONSUMER,200,1,did:web:ssi-dim-wallet-service.identity:BPNL00000003AYRE,,1791526424371,1791526698652,1791526698652,
eeb35acc-20ec-4be6-a645-015b5cc77965,CONSUMER,200,1,did:web:ssi-dim-wallet-service.identity:BPNL00000003AYRE,,1791526424451,1791526699748,1791526699748,
09fc6843-1df5-422f-817f-e7f378b82e11,CONSUMER,200,1,did:web:ssi-dim-wallet-service.identity:BPNL00000003AYRE,,1791526424569,1791526700551,1791526700551,
d79ac7a9-00de-4a0f-b686-3a3dac8fa67c,CONSUMER,200,1,did:web:ssi-dim-wallet-service.identity:BPNL00000003AYRE,,1791526424650,1791526701254,1791526701254,
04e576b1-f5a2-41e4-80aa-14ad2ef741d3,CONSUMER,200,1,did:web:ssi-dim-wallet-service.identity:BPNL00000003AYRE,,1791526424665,1791526702748,1791526702748,
26ea4629-5d24-4095-a7e2-ca36d2d178b2,CONSUMER,200,1,did:web:ssi-dim-wallet-service.identity:BPNL00000003AYRE,,1791526424765,1791526703263,1791526703263,
ab88abd4-2cea-4c84-b852-ae8b8f98c9c3,CONSUMER,200,1,did:web:ssi-dim-wallet-service.identity:BPNL00000003AYRE,,1791526425248,1791526704252,1791526704252,
acf0b779-8718-4887-9327-318d2e8cc319,CONSUMER,200,1,did:web:ssi-dim-wallet-service.identity:BPNL00000003AYRE,,1791526425248,1791526809909,1791526809909,
4e4970bc-3b12-4eea-bcef-31a17d6fd9bf,CONSUMER,200,1,did:web:ssi-dim-wallet-service.identity:BPNL00000003AYRE,,1791526426148,1791526810062,1791526810062,
4c5c05a4-edf8-401c-a43d-089f0eee313d,CONSUMER,200,1,did:web:ssi-dim-wallet-service.identity:BPNL00000003AYRE,,1791526426248,1791526810156,1791526810156,
9abf9519-2360-4b14-9bdc-bb6f329464dd,CONSUMER,200,1,did:web:ssi-dim-wallet-service.identity:BPNL00000003AYRE,,1791526426265,1791526810405,1791526810405,
f3a8c7a5-3400-4597-8e62-d84916646673,CONSUMER,200,1,did:web:ssi-dim-wallet-service.identity:BPNL00000003AYRE,,1791526426354,1791526810563,1791526810563,
3e7dff5d-0a1e-4694-9cee-c22019d34e88,CONSUMER,200,1,did:web:ssi-dim-wallet-service.identity:BPNL00000003AYRE,,1791526426818,1791526810663,1791526810663,
128953fd-dfbb-4ce7-8a41-8afc094c070b,CONSUMER,200,1,did:web:ssi-dim-wallet-service.identity:BPNL00000003AYRE,,1791526426819,1791526810848,1791526810848,
62c2642b-8165-43c8-b5be-737d37c5a1c3,CONSUMER,200,1,did:web:ssi-dim-wallet-service.identity:BPNL00000003AYRE,,1791526426848,1791526810861,1791526810861,
bc4b6475-e92b-45bd-8571-a2e760636fa0,CONSUMER,200,1,did:web:ssi-dim-wallet-service.identity:BPNL00000003AYRE,,1791526427150,1791526811059,1791526811059,
71d58efb-0f10-44de-a0ec-ec7d436a4a52,CONSUMER,200,1,did:web:ssi-dim-wallet-service.identity:BPNL00000003AYRE,,1791526427258,1791526811110,1791526811110,
9bfff8a6-e53d-4ee5-966c-125b3079ed70,CONSUMER,200,1,did:web:ssi-dim-wallet-service.identity:BPNL00000003AYRE,,1791526427648,1791526811358,1791526811358,
59a76993-3b83-4141-9baf-febbe54357bb,CONSUMER,200,1,did:web:ssi-dim-wallet-service.identity:BPNL00000003AYRE,,1791526427819,1791526811559,1791526811559,
0c9de0ad-1945-4b9c-a2f2-20365fb249b7,CONSUMER,200,1,did:web:ssi-dim-wallet-service.identity:BPNL00000003AYRE,,1791526427852,1791526811605,1791526811605,
6f730674-52ee-4f08-8ba1-84c5e899ef51,CONSUMER,200,1,did:web:ssi-dim-wallet-service.identity:BPNL00000003AYRE,,1791526427868,1791526811712,1791526811712,
25ced6d9-7224-41c0-8550-b960471310d9,CONSUMER,200,1,did:web:ssi-dim-wallet-service.identity:BPNL00000003AYRE,,1791526427948,1791526811853,1791526811853,
dc560339-089a-4633-964c-9a39b7330f48,CONSUMER,200,1,did:web:ssi-dim-wallet-service.identity:BPNL00000003AYRE,,1791526428449,1791526811955,1791526811955,
2b7cb2e1-6847-497f-a8b5-e379adf156bd,CONSUMER,200,1,did:web:ssi-dim-wallet-service.identity:BPNL00000003AYRE,,1791526428547,1791526812110,1791526812110,
77f64459-fda9-49ab-ae57-51ecdb72f73e,CONSUMER,200,1,did:web:ssi-dim-wallet-service.identity:BPNL00000003AYRE,,1791526428959,1791526812158,1791526812158,
9dba39f8-c2ba-4c58-8fe9-4bd67422be5f,CONSUMER,200,1,did:web:ssi-dim-wallet-service.identity:BPNL00000003AYRE,,1791526429056,1791526812259,1791526812259,
67191be0-b566-496b-ba6a-c7e053bc9998,CONSUMER,200,1,did:web:ssi-dim-wallet-service.identity:BPNL00000003AYRE,,1791526429063,1791526812469,1791526812469,
2f054fab-c00e-4c4c-9d29-73899841c7b6,CONSUMER,200,1,did:web:ssi-dim-wallet-service.identity:BPNL00000003AYRE,,1791526429159,1791526813154,1791526813154,
d727f057-4e26-4df3-aa79-c6d35cf063ce,CONSUMER,200,1,did:web:ssi-dim-wallet-service.identity:BPNL00000003AYRE,,1791526429355,1791526813313,1791526813313,
497bae93-6f2c-4d2f-89a2-8d59df9209e4,CONSUMER,200,1,did:web:ssi-dim-wallet-service.identity:BPNL00000003AYRE,,1791526429719,1791526813405,1791526813405,
df95a760-536e-410a-ba8f-dd25738fec2a,CONSUMER,200,1,did:web:ssi-dim-wallet-service.identity:BPNL00000003AYRE,,1791526429866,1791526813453,1791526813453,
f02df6ae-1dba-462e-8835-c535a13ea8c3,CONSUMER,200,1,did:web:ssi-dim-wallet-service.identity:BPNL00000003AYRE,,1791526430654,1791526813557,1791526813557,
6e6e65df-d186-473e-8be9-99addcf9e975,CONSUMER,200,1,did:web:ssi-dim-wallet-service.identity:BPNL00000003AYRE,,1791526430665,1791526813658,1791526813658,
a7b1c5a7-adf6-465e-8aa7-f71395730794,CONSUMER,200,1,did:web:ssi-dim-wallet-service.identity:BPNL00000003AYRE,,1791526430748,1791526813820,1791526813820,
2cca2a76-9b91-4575-9113-6f4d1815aec6,CONSUMER,200,1,did:web:ssi-dim-wallet-service.identity:BPNL00000003AYRE,,1791526430849,1791526813855,1791526813855,
d3fc32b9-5bde-405d-b303-cbf8d77b1ed4,CONSUMER,200,1,did:web:ssi-dim-wallet-service.identity:BPNL00000003AYRE,,1791526430857,1791526814009,1791526814009,
080af351-c48d-45d0-a95e-68b9574172f2,CONSUMER,200,1,did:web:ssi-dim-wallet-service.identity:BPNL00000003AYRE,,1791526430948,1791526814156,1791526814156,
64e4bced-3eea-4cb9-a269-8888e481b06b,CONSUMER,200,1,did:web:ssi-dim-wallet-service.identity:BPNL00000003AYRE,,1791526430950,1791526814318,1791526814318,
5671cb71-29e0-4736-b9e4-2a3360f64502,CONSUMER,200,1,did:web:ssi-dim-wallet-service.identity:BPNL00000003AYRE,,1791526431148,1791526814447,1791526814447,
15dbb5c3-7cef-4659-8476-4f76cddfbd14,CONSUMER,200,1,did:web:ssi-dim-wallet-service.identity:BPNL00000003AYRE,,1791526432547,1791526814464,1791526814464,
0564db3f-b82a-4f61-b397-6339ef4487c5,CONSUMER,200,1,did:web:ssi-dim-wallet-service.identity:BPNL00000003AYRE,,1791526432561,1791526814605,1791526814605,
620ae103-d5e7-444c-a665-58e37b13e021,CONSUMER,200,1,did:web:ssi-dim-wallet-service.identity:BPNL00000003AYRE,,1791526432747,1791526814611,1791526814611,
df4ee29b-54cf-43ab-95ba-56d2c100d98d,CONSUMER,200,1,did:web:ssi-dim-wallet-service.identity:BPNL00000003AYRE,,1791526432956,1791526814748,1791526814748,
77ad231c-9ccf-4f56-adf1-f9ac3012c85f,CONSUMER,200,1,did:web:ssi-dim-wallet-service.identity:BPNL00000003AYRE,,1791526433151,1791526814811,1791526814811,
f1bf2ed1-94bb-4451-939c-4f7676d59efb,CONSUMER,200,1,did:web:ssi-dim-wallet-service.identity:BPNL00000003AYRE,,1791526433157,1791526814919,1791526814919,
76741ff7-9fb3-4335-8b11-15d18d7bf77a,CONSUMER,200,1,did:web:ssi-dim-wallet-service.identity:BPNL00000003AYRE,,1791526433364,1791526814915,1791526814915,
b9fbb2fd-6993-4fd5-a6ff-def003f1065b,CONSUMER,200,1,did:web:ssi-dim-wallet-service.identity:BPNL00000003AYRE,,1791526434251,1791526815007,1791526815007,
c7573734-7b60-4363-aa12-389987250b69,CONSUMER,200,1,did:web:ssi-dim-wallet-service.identity:BPNL00000003AYRE,,1791526435249,1791526816053,1791526816053,
c0ae4fa9-d09c-424d-bfcc-c1ecb51bf69c,CONSUMER,200,1,did:web:ssi-dim-wallet-service.identity:BPNL00000003AYRE,,1791526435461,1791526816253,1791526816253,
ed45c88a-488d-4a4d-82db-228344aa7d8a,CONSUMER,200,1,did:web:ssi-dim-wallet-service.identity:BPNL00000003AYRE,,1791526435759,1791526816126,1791526816126,
d08be591-c280-45b9-a928-b7c6ba36c9d3,CONSUMER,200,1,did:web:ssi-dim-wallet-service.identity:BPNL00000003AYRE,,1791526435764,1791526816247,1791526816247,
db7adeb0-f57f-4d0d-8d9e-ff8d68502bda,CONSUMER,200,1,did:web:ssi-dim-wallet-service.identity:BPNL00000003AYRE,,1791526435870,1791526816306,1791526816306,
475143de-f3a4-4613-8e52-bf7fd2b42199,CONSUMER,200,1,did:web:ssi-dim-wallet-service.identity:BPNL00000003AYRE,,1791526435955,1791526816316,1791526816316,
17cf2d2a-6830-4caa-8fe2-471287c94f00,CONSUMER,200,1,did:web:ssi-dim-wallet-service.identity:BPNL00000003AYRE,,1791526436357,1791526816515,1791526816515,
a1554f38-9a4a-4fd3-9cbb-43a4a024a76e,CONSUMER,200,1,did:web:ssi-dim-wallet-service.identity:BPNL00000003AYRE,,1791526436358,1791526816559,1791526816559,
7e076e08-1525-4afb-84db-a2e8b0157c50,CONSUMER,200,1,did:web:ssi-dim-wallet-service.identity:BPNL00000003AYRE,,1791526436854,1791526816606,1791526816606,
51dee115-3e87-4fc0-a062-67e09d012e55,CONSUMER,200,1,did:web:ssi-dim-wallet-service.identity:BPNL00000003AYRE,,1791526436958,1791526816649,1791526816649,
36782a5b-d63c-436f-b6b1-d1b053ae1b5e,CONSUMER,200,1,did:web:ssi-dim-wallet-service.identity:BPNL00000003AYRE,,1791526437049,1791526816708,1791526816708,
36339d31-6654-4fda-b82b-6a9e80836668,CONSUMER,200,1,did:web:ssi-dim-wallet-service.identity:BPNL00000003AYRE,,1791526437049,1791526816756,1791526816756,
d1dddfb0-5f6b-48ae-8c78-2c6cdb3dae7e,CONSUMER,200,1,did:web:ssi-dim-wallet-service.identity:BPNL00000003AYRE,,1791526437219,1791526816814,1791526816814,
921d3a29-fd20-4b04-ae70-a6a7574d6e89,CONSUMER,200,1,did:web:ssi-dim-wallet-service.identity:BPNL00000003AYRE,,1791526437452,1791526816913,1791526816913,
e88ed3ea-2204-461b-9297-4a7407e2e5bf,CONSUMER,200,1,did:web:ssi-dim-wallet-service.identity:BPNL00000003AYRE,,1791526437457,1791526816968,1791526816968,
d490e48e-308c-4a97-be07-4dd4fec0cc20,CONSUMER,200,1,did:web:ssi-dim-wallet-service.identity:BPNL00000003AYRE,,1791526437550,1791526817108,1791526817108,
aab7d022-04ec-4942-8fa8-d4c426761811,CONSUMER,200,1,did:web:ssi-dim-wallet-service.identity:BPNL00000003AYRE,,1791526437563,1791526817150,1791526817150,
3817af2c-c790-4eda-8282-8539796bb387,CONSUMER,200,1,did:web:ssi-dim-wallet-service.identity:BPNL00000003AYRE,,1791526437755,1791526817208,1791526817208,
0108c8d7-47eb-4285-83fb-519957b5d33e,CONSUMER,200,1,did:web:ssi-dim-wallet-service.identity:BPNL00000003AYRE,,1791526438056,1791526817323,1791526817323,
5d775a87-b41b-428f-851e-8a63f36dfbdb,CONSUMER,200,1,did:web:ssi-dim-wallet-service.identity:BPNL00000003AYRE,,1791526438147,1791526817449,1791526817449,
900dafe2-40d8-4261-9d35-5701084cd58c,CONSUMER,200,1,did:web:ssi-dim-wallet-service.identity:BPNL00000003AYRE,,1791526438150,1791526818252,1791526818252,
f0f1d8c3-b052-4f5b-b946-816381aac798,CONSUMER,200,1,did:web:ssi-dim-wallet-service.identity:BPNL00000003AYRE,,1791526438255,1791526818365,1791526818365,
0f930710-2e13-413d-9e2c-6b957a8554f2,CONSUMER,200,1,did:web:ssi-dim-wallet-service.identity:BPNL00000003AYRE,,1791526438279,1791526818412,1791526818412,
e99ad7b1-5a0d-4716-a4c8-7ba035431ee2,CONSUMER,200,1,did:web:ssi-dim-wallet-service.identity:BPNL00000003AYRE,,1791526438352,1791526818453,1791526818453,
a6e05321-a87f-4b00-821c-2254abe7a85e,CONSUMER,200,1,did:web:ssi-dim-wallet-service.identity:BPNL00000003AYRE,,1791526438666,1791526818612,1791526818612,
a89b727a-b7ab-4078-a877-9a49a3102222,CONSUMER,200,1,did:web:ssi-dim-wallet-service.identity:BPNL00000003AYRE,,1791526438861,1791526818620,1791526818620,
fb9f34c7-09c8-4832-a065-a4a8b136da90,CONSUMER,200,1,did:web:ssi-dim-wallet-service.identity:BPNL00000003AYRE,,1791526439054,1791526818661,1791526818661,
b6bf4c94-25d6-4a88-bf80-bcb7f1c4d7fd,CONSUMER,200,1,did:web:ssi-dim-wallet-service.identity:BPNL00000003AYRE,,1791526439164,1791526818757,1791526818757,
e1de916a-7f19-44c0-b471-815072775111,CONSUMER,200,1,did:web:ssi-dim-wallet-service.identity:BPNL00000003AYRE,,1791526439259,1791526818809,1791526818809,
4bdf5cef-e211-4319-afbf-3809cf5a97cf,CONSUMER,200,1,did:web:ssi-dim-wallet-service.identity:BPNL00000003AYRE,,1791526439568,1791526818905,1791526818905,
61a396d6-4fa7-43e5-a59f-4e6cd545c4ad,CONSUMER,200,1,did:web:ssi-dim-wallet-service.identity:BPNL00000003AYRE,,1791526439656,1791526819022,1791526819022,
e55cb825-4fab-4e90-8b81-4cb48fc6f476,CONSUMER,200,1,did:web:ssi-dim-wallet-service.identity:BPNL00000003AYRE,,1791526439656,1791526818953,1791526818953,
d6b3fd6f-3aa8-4cad-bd0e-289050a96cb2,CONSUMER,200,1,did:web:ssi-dim-wallet-service.identity:BPNL00000003AYRE,,1791526439873,1791526819051,1791526819051,
63e4eb52-ff78-447d-8b53-6c4a9c8d6fe7,CONSUMER,200,1,did:web:ssi-dim-wallet-service.identity:BPNL00000003AYRE,,1791526440054,1791526819216,1791526819216,
95fdeeec-88e7-492d-b023-0e06c133f72c,CONSUMER,200,1,did:web:ssi-dim-wallet-service.identity:BPNL00000003AYRE,,1791526440167,1791526819452,1791526819452,
d7341921-2be1-45ec-b8a0-0dfb2090e3e5,CONSUMER,200,1,did:web:ssi-dim-wallet-service.identity:BPNL00000003AYRE,,1791526440247,1791526819447,1791526819447,
1ff47b74-c054-4e43-ae30-7dec11c23e54,CONSUMER,200,1,did:web:ssi-dim-wallet-service.identity:BPNL00000003AYRE,,1791526440959,1791526819352,1791526819352,
4b8b2577-8cf0-455f-a544-edaccf39d2a0,CONSUMER,200,1,did:web:ssi-dim-wallet-service.identity:BPNL00000003AYRE,,1791526440966,1791526819409,1791526819409,
ecfdde4e-7ac4-4c14-94c9-78bd5f32796d,CONSUMER,200,1,did:web:ssi-dim-wallet-service.identity:BPNL00000003AYRE,,1791526441055,1791526819449,1791526819449,
3082058f-9bde-426d-9396-49bb7e1392ce,CONSUMER,200,1,did:web:ssi-dim-wallet-service.identity:BPNL00000003AYRE,,1791526441056,1791526819551,1791526819551,
1120a222-9e1d-4948-87b0-3a4146618933,CONSUMER,200,1,did:web:ssi-dim-wallet-service.identity:BPNL00000003AYRE,,1791526441265,1791526820123,1791526820123,
4d7e59c1-91dc-4564-95d0-7d1f138a9641,CONSUMER,200,1,did:web:ssi-dim-wallet-service.identity:BPNL00000003AYRE,,1791526441470,1791526820249,1791526820249,
7c8b229b-f2ae-4d77-8b1a-5220392b844b,CONSUMER,200,1,did:web:ssi-dim-wallet-service.identity:BPNL00000003AYRE,,1791526441652,1791526820349,1791526820349,
d7871340-1ceb-4079-a1de-c5bdd337b009,CONSUMER,200,1,did:web:ssi-dim-wallet-service.identity:BPNL00000003AYRE,,1791526441951,1791526820414,1791526820414,
1b4f7e1e-5d88-438e-bc77-e8ce0c75734b,CONSUMER,200,1,did:web:ssi-dim-wallet-service.identity:BPNL00000003AYRE,,1791526442556,1791526820514,1791526820514,
8fd1ff30-d893-4c8a-9256-0e75c9549430,CONSUMER,200,1,did:web:ssi-dim-wallet-service.identity:BPNL00000003AYRE,,1791526442765,1791526820624,1791526820624,
9dfc3381-c42f-4340-8d0c-b54c3ff2e093,CONSUMER,200,1,did:web:ssi-dim-wallet-service.identity:BPNL00000003AYRE,,1791526442950,1791526820720,1791526820720,
a6307ad6-4c35-4d5c-bca8-d004360989cc,CONSUMER,200,1,did:web:ssi-dim-wallet-service.identity:BPNL00000003AYRE,,1791526443051,1791526820717,1791526820717,
8ba554a8-53a8-46ba-9872-33e43f8d283a,CONSUMER,200,1,did:web:ssi-dim-wallet-service.identity:BPNL00000003AYRE,,1791526443052,1791526820816,1791526820816,
1594b626-2365-4ca3-8c7c-85593b5717e4,CONSUMER,200,1,did:web:ssi-dim-wallet-service.identity:BPNL00000003AYRE,,1791526443156,1791526820853,1791526820853,
03fc7b90-b4cb-49da-84b3-79aee812a8a4,CONSUMER,200,1,did:web:ssi-dim-wallet-service.identity:BPNL00000003AYRE,,1791526443257,1791526820918,1791526820918,
5393f0cf-791f-4003-b9ad-77936a643e06,CONSUMER,200,1,did:web:ssi-dim-wallet-service.identity:BPNL00000003AYRE,,1791526443548,1791526820951,1791526820951,
8239bbd0-4019-42e6-8dc5-04c5e9a91581,CONSUMER,200,1,did:web:ssi-dim-wallet-service.identity:BPNL00000003AYRE,,1791526443760,1791526821016,1791526821016,
b1ce0c4f-5073-49e0-b927-719699cc1d65,CONSUMER,200,1,did:web:ssi-dim-wallet-service.identity:BPNL00000003AYRE,,1791526443760,1791526821149,1791526821149,
56207dc9-5eb4-44c7-b8f2-fc050c1c9b24,CONSUMER,200,1,did:web:ssi-dim-wallet-service.identity:BPNL00000003AYRE,,1791526443948,1791526821114,1791526821114,
94818061-834a-4967-a907-5a7df7a117b0,CONSUMER,200,1,did:web:ssi-dim-wallet-service.identity:BPNL00000003AYRE,,1791526444063,1791526821235,1791526821235,
d0b72ab2-d5c9-4332-b6ee-13beaf2e81bb,CONSUMER,200,1,did:web:ssi-dim-wallet-service.identity:BPNL00000003AYRE,,1791526444263,1791526821247,1791526821247,
94524f2f-d689-4ba1-8465-847dae984091,CONSUMER,200,1,did:web:ssi-dim-wallet-service.identity:BPNL00000003AYRE,,1791526444348,1791526821358,1791526821358,
237a29a3-6ccd-4531-8d13-1c277cec43ff,CONSUMER,200,1,did:web:ssi-dim-wallet-service.identity:BPNL00000003AYRE,,1791526444356,1791526821506,1791526821506,
71e31309-bbaf-4b45-a883-7119fba64c6a,CONSUMER,200,1,did:web:ssi-dim-wallet-service.identity:BPNL00000003AYRE,,1791526444460,1791526821505,1791526821505,
330a9936-7b29-417c-b4d5-6d70ae930570,CONSUMER,200,1,did:web:ssi-dim-wallet-service.identity:BPNL00000003AYRE,,1791526444765,1791526823852,1791526823852,
617e45be-d787-44ff-b3fe-c88709568ed7,CONSUMER,200,1,did:web:ssi-dim-wallet-service.identity:BPNL00000003AYRE,,1791526444861,1791526824806,1791526824806,
003b22f3-fbc4-46a1-a225-6867e3f5c9e3,CONSUMER,200,1,did:web:ssi-dim-wallet-service.identity:BPNL00000003AYRE,,1791526444963,1791526824950,1791526824950,
7a653f9f-911f-417a-8566-552de186b30e,CONSUMER,200,1,did:web:ssi-dim-wallet-service.identity:BPNL00000003AYRE,,1791526445053,1791526826049,1791526826049,
1dbe2a07-5eab-47e0-aa86-63492f25382b,CONSUMER,200,1,did:web:ssi-dim-wallet-service.identity:BPNL00000003AYRE,,1791526445058,1791526825913,1791526825913,
e5e29f56-1578-4ddb-a78e-314e3a03dc95,CONSUMER,200,1,did:web:ssi-dim-wallet-service.identity:BPNL00000003AYRE,,1791526445060,1791526826450,1791526826450,
22701100-ef88-4797-a879-93bc0e6f9878,CONSUMER,200,1,did:web:ssi-dim-wallet-service.identity:BPNL00000003AYRE,,1791526445068,1791526826952,1791526826952,
929e548b-b8b9-4c49-8050-504669ea7aa9,CONSUMER,200,1,did:web:ssi-dim-wallet-service.identity:BPNL00000003AYRE,,1791526445251,1791526828349,1791526828349,
edb30392-2137-47a8-a263-c35769ae53eb,CONSUMER,200,1,did:web:ssi-dim-wallet-service.identity:BPNL00000003AYRE,,1791526445751,1791526829907,1791526829907,
7a5da6b9-6d1b-4242-9b06-a9dc44971f9f,CONSUMER,200,1,did:web:ssi-dim-wallet-service.identity:BPNL00000003AYRE,,1791526445959,1791526833254,1791526833254,
2b059c5b-454b-4aa6-a8c2-e8a9bbdd94df,CONSUMER,200,1,did:web:ssi-dim-wallet-service.identity:BPNL00000003AYRE,,1791526446064,1791526835006,1791526835006,
24acabb8-841f-40a5-a76e-076ab308d914,CONSUMER,200,1,did:web:ssi-dim-wallet-service.identity:BPNL00000003AYRE,,1791526446747,1791526835210,1791526835210,
8c866d97-31c7-46cd-aebc-4eb0e0a34b7d,CONSUMER,200,1,did:web:ssi-dim-wallet-service.identity:BPNL00000003AYRE,,1791526446865,1791526839548,1791526839548,
f610f15a-3b0c-43de-8468-a68f8909e40a,CONSUMER,200,1,did:web:ssi-dim-wallet-service.identity:BPNL00000003AYRE,,1791526447660,1791526842452,1791526842452,
5ae93225-ad91-4e4e-89ec-1a92b8e5b0b1,CONSUMER,200,1,did:web:ssi-dim-wallet-service.identity:BPNL00000003AYRE,,1791526447763,1791526850151,1791526850151,
077daddd-17f7-46e5-a92b-80e35dc9976a,CONSUMER,200,1,did:web:ssi-dim-wallet-service.identity:BPNL00000003AYRE,,1791526448058,1791526853006,1791526853006,
aadee690-49ff-4328-ad83-07154dbb78ab,CONSUMER,200,1,did:web:ssi-dim-wallet-service.identity:BPNL00000003AYRE,,1791526448161,1791526853052,1791526853052,
2529969d-2191-4096-b32c-319fe331d094,CONSUMER,200,1,did:web:ssi-dim-wallet-service.identity:BPNL00000003AYRE,,1791526448251,1791526857208,1791526857208,
ba1e4195-109b-4583-8111-251920691087,CONSUMER,200,1,did:web:ssi-dim-wallet-service.identity:BPNL00000003AYRE,,1791526448460,1791526859712,1791526859712,
218f5f8d-a340-421e-a19c-3fd10aee75a0,CONSUMER,200,1,did:web:ssi-dim-wallet-service.identity:BPNL00000003AYRE,,1791526448650,1791526860150,1791526860150,
1e287ec2-968e-4c67-a47e-9d11864ee57c,CONSUMER,200,1,did:web:ssi-dim-wallet-service.identity:BPNL00000003AYRE,,1791526448974,1791526901154,1791526901154,
2de7026b-62e0-49b0-a46a-b6f37c6455f6,CONSUMER,200,1,did:web:ssi-dim-wallet-service.identity:BPNL00000003AYRE,,1791526449256,1791526902847,1791526902847,
86fc5e78-dc8a-4071-a71f-df6980d7d39b,CONSUMER,200,1,did:web:ssi-dim-wallet-service.identity:BPNL00000003AYRE,,1791526449356,1791526902450,1791526902450,
25c0a81c-d539-4554-a2d1-041d4f61d101,CONSUMER,200,1,did:web:ssi-dim-wallet-service.identity:BPNL00000003AYRE,,1791526449451,1791526903456,1791526903456,
29572466-920a-4f34-a269-578a5c70b1ec,CONSUMER,200,1,did:web:ssi-dim-wallet-service.identity:BPNL00000003AYRE,,1791526449651,1791526903449,1791526903449,
8c6d0bf2-3dfe-4358-86d0-1b6c9a0b215e,CONSUMER,200,1,did:web:ssi-dim-wallet-service.identity:BPNL00000003AYRE,,1791526449849,1791526903554,1791526903554,
8f80f55e-71d7-43b0-b7bd-0e2bede63e87,CONSUMER,200,1,did:web:ssi-dim-wallet-service.identity:BPNL00000003AYRE,,1791526449950,1791526903961,1791526903961,
4acfca95-3fae-4b20-9e72-618e521ba2ab,CONSUMER,200,1,did:web:ssi-dim-wallet-service.identity:BPNL00000003AYRE,,1791526450068,1791526905162,1791526905162,
3f0117aa-0ee1-4473-a5fc-0944a967157d,CONSUMER,200,1,did:web:ssi-dim-wallet-service.identity:BPNL00000003AYRE,,1791526450360,1791526905905,1791526905905,
781066db-96b3-429b-b8a9-e0cdf3f1368a,CONSUMER,200,1,did:web:ssi-dim-wallet-service.identity:BPNL00000003AYRE,,1791526450665,1791526906559,1791526906559,
23a48fd7-09ec-48ba-b200-38b2601d264b,CONSUMER,200,1,did:web:ssi-dim-wallet-service.identity:BPNL00000003AYRE,,1791526451567,1791526910346,1791526910346,
9cf7008f-c204-4cd1-ab05-d5bf191505cd,CONSUMER,200,1,did:web:ssi-dim-wallet-service.identity:BPNL00000003AYRE,,1791526451847,1791526913956,1791526913956,
97c98e93-82b4-49d7-9f0a-2a4e3c936abc,CONSUMER,200,1,did:web:ssi-dim-wallet-service.identity:BPNL00000003AYRE,,1791526452058,1791526915063,1791526915063,
739f0bd6-7d28-4b68-a67e-93b0a39207b8,CONSUMER,200,1,did:web:ssi-dim-wallet-service.identity:BPNL00000003AYRE,,1791526452447,1791526915157,1791526915157,
f632b437-a47c-4402-80bc-85b59f38d055,CONSUMER,200,1,did:web:ssi-dim-wallet-service.identity:BPNL00000003AYRE,,1791526452766,1791526916054,1791526916054,
c33d4fbf-2dd3-4cf9-a980-0fe620b335ae,CONSUMER,200,1,did:web:ssi-dim-wallet-service.identity:BPNL00000003AYRE,,1791526452863,1791526917652,1791526917652,
5c5b2ae5-2c7a-417b-83fc-13c049e5a8c6,CONSUMER,200,1,did:web:ssi-dim-wallet-service.identity:BPNL00000003AYRE,,1791526453048,1791526916857,1791526916857,
f9081060-bdca-45ad-97dd-3fc60033c7d5,CONSUMER,200,1,did:web:ssi-dim-wallet-service.identity:BPNL00000003AYRE,,1791526453255,1791526918552,1791526918552,
a8341110-065d-4186-a1c0-d6ef72e6954e,CONSUMER,200,1,did:web:ssi-dim-wallet-service.identity:BPNL00000003AYRE,,1791526453257,1791526918858,1791526918858,
0d2238dd-a090-4557-8c96-f36aac658884,CONSUMER,200,1,did:web:ssi-dim-wallet-service.identity:BPNL00000003AYRE,,1791526453350,1791526920149,1791526920149,
0028f043-53fc-48c5-be3e-cadd1fa1753d,CONSUMER,200,1,did:web:ssi-dim-wallet-service.identity:BPNL00000003AYRE,,1791526453360,1791526927060,1791526927060,
36e544ce-21d2-4d2c-99c5-ee955f28fd8c,CONSUMER,200,1,did:web:ssi-dim-wallet-service.identity:BPNL00000003AYRE,,1791526453460,1791526927147,1791526927147,
74e052e0-ebc1-4f10-9c3b-31766ce6808b,CONSUMER,200,1,did:web:ssi-dim-wallet-service.identity:BPNL00000003AYRE,,1791526453564,1791526927952,1791526927952,
9f2abb62-fd4b-4b3b-a24b-0fa4127c63fd,CONSUMER,200,1,did:web:ssi-dim-wallet-service.identity:BPNL00000003AYRE,,1791526453571,1791526928348,1791526928348,
0329a9e4-7caf-4b37-a9cb-71f1a5cb8436,CONSUMER,200,1,did:web:ssi-dim-wallet-service.identity:BPNL00000003AYRE,,1791526453763,1791526929050,1791526929050,
0d868c0a-a6d8-459c-a7f8-80dd141e2447,CONSUMER,200,1,did:web:ssi-dim-wallet-service.identity:BPNL00000003AYRE,,1791526454456,1791526930247,1791526930247,
a92df108-1479-4c5b-986b-5cf3bc7d8672,CONSUMER,200,1,did:web:ssi-dim-wallet-service.identity:BPNL00000003AYRE,,1791526454547,1791526931705,1791526931705,
81a080b4-4a7e-4b27-8d24-da5e4b06912a,CONSUMER,200,1,did:web:ssi-dim-wallet-service.identity:BPNL00000003AYRE,,1791526454660,1791526931905,1791526931905,
0b89b939-c0c1-4eb0-9718-c0c59f608656,CONSUMER,200,1,did:web:ssi-dim-wallet-service.identity:BPNL00000003AYRE,,1791526454848,1791526932358,1791526932358,
9e231a35-426e-453c-ac1e-f158c49e07fa,CONSUMER,200,1,did:web:ssi-dim-wallet-service.identity:BPNL00000003AYRE,,1791526455052,1791526932768,1791526932768,
f3e2026c-ea12-4cf7-a083-da692462d4f2,CONSUMER,200,1,did:web:ssi-dim-wallet-service.identity:BPNL00000003AYRE,,1791526455148,1791526932770,1791526932770,
0af2d91b-b098-4f3f-8c76-43745d2faa6d,CONSUMER,200,1,did:web:ssi-dim-wallet-service.identity:BPNL00000003AYRE,,1791526455351,1791526933149,1791526933149,
45a52c3e-c5da-4af2-9a66-75dda7e0c9e7,CONSUMER,200,1,did:web:ssi-dim-wallet-service.identity:BPNL00000003AYRE,,1791526455351,1791526933258,1791526933258,
6f8d35db-2099-4011-a1a0-a463dee39daa,CONSUMER,200,1,did:web:ssi-dim-wallet-service.identity:BPNL00000003AYRE,,1791526455452,1791526933406,1791526933406,
c3ea1920-4228-4d14-ad90-f7639de6ad81,CONSUMER,200,1,did:web:ssi-dim-wallet-service.identity:BPNL00000003AYRE,,1791526455653,1791526933568,1791526933568,
a0bda9f6-a450-43ed-a642-7c52c6daca10,CONSUMER,200,1,did:web:ssi-dim-wallet-service.identity:BPNL00000003AYRE,,1791526455657,1791526933611,1791526933611,
a0561d23-bb59-47dc-8382-f504c262a0c2,CONSUMER,200,1,did:web:ssi-dim-wallet-service.identity:BPNL00000003AYRE,,1791526455966,1791526934206,1791526934206,
d7987902-e7ef-4c86-899a-5b26023d89c4,CONSUMER,200,1,did:web:ssi-dim-wallet-service.identity:BPNL00000003AYRE,,1791526456151,1791526934055,1791526934055,
14a0bd63-44d6-4f9b-b66b-ce181df1d264,CONSUMER,200,1,did:web:ssi-dim-wallet-service.identity:BPNL00000003AYRE,,1791526456252,1791526934508,1791526934508,
4e9d6784-c777-4791-9dba-56b3f87dcbee,CONSUMER,200,1,did:web:ssi-dim-wallet-service.identity:BPNL00000003AYRE,,1791526456958,1791526934651,1791526934651,
2bfc8b0f-9e9e-494d-87c8-bb60d5d12db1,CONSUMER,200,1,did:web:ssi-dim-wallet-service.identity:BPNL00000003AYRE,,1791526457056,1791526940450,1791526940450,
579f318f-ce2e-4b46-b687-b44295d0d5c4,CONSUMER,200,1,did:web:ssi-dim-wallet-service.identity:BPNL00000003AYRE,,1791526457155,1791526939591,1791526939591,
bb870120-25b7-4edd-b689-6af7bf9208fd,CONSUMER,200,1,did:web:ssi-dim-wallet-service.identity:BPNL00000003AYRE,,1791526457855,1791526940050,1791526940050,
bb788ac5-bdfb-4836-8da3-6e4e654901d9,CONSUMER,200,1,did:web:ssi-dim-wallet-service.identity:BPNL00000003AYRE,,1791526457863,1791526940654,1791526940654,
471594e5-8b8c-4864-ab34-c076f11a1a75,CONSUMER,200,1,did:web:ssi-dim-wallet-service.identity:BPNL00000003AYRE,,1791526457963,1791526940305,1791526940305,
2824edd3-3dab-43d8-89ae-ce2ce1251ccc,CONSUMER,200,1,did:web:ssi-dim-wallet-service.identity:BPNL00000003AYRE,,1791526458419,1791526940309,1791526940309,
7acbfeb8-2f0a-41fa-9cbe-2a9fac29a077,CONSUMER,200,1,did:web:ssi-dim-wallet-service.identity:BPNL00000003AYRE,,1791526458450,1791526941407,1791526941407,
4e1d90c0-adb9-40dd-880a-7588d92b4356,CONSUMER,200,1,did:web:ssi-dim-wallet-service.identity:BPNL00000003AYRE,,1791526458780,1791526941449,1791526941449,
9f831a1a-d731-4eb9-ba09-b95da04a84a1,CONSUMER,200,1,did:web:ssi-dim-wallet-service.identity:BPNL00000003AYRE,,1791526458862,1791526941753,1791526941753,
4de05683-84ab-4aff-9519-34bdd4c0aa39,CONSUMER,200,1,did:web:ssi-dim-wallet-service.identity:BPNL00000003AYRE,,1791526459447,1791526941857,1791526941857,
1b6864a8-ee34-446b-97d1-431decb972ea,CONSUMER,200,1,did:web:ssi-dim-wallet-service.identity:BPNL00000003AYRE,,1791526459460,1791526942510,1791526942510,
63539383-69a0-4c89-a929-e8216648c77e,CONSUMER,200,1,did:web:ssi-dim-wallet-service.identity:BPNL00000003AYRE,,1791526459948,1791526942353,1791526942353,
2ecdcd7b-84ee-4f9d-81a6-7a079489ca41,CONSUMER,200,1,did:web:ssi-dim-wallet-service.identity:BPNL00000003AYRE,,1791526460151,1791526942357,1791526942357,
cd54a474-49fb-417c-ab65-9fc9d4b2d7b5,CONSUMER,200,1,did:web:ssi-dim-wallet-service.identity:BPNL00000003AYRE,,1791526460265,1791526942308,1791526942308,
d9d750e0-9318-40bf-a232-cd9e52f086e1,CONSUMER,200,1,did:web:ssi-dim-wallet-service.identity:BPNL00000003AYRE,,1791526460266,1791526943106,1791526943106,
187b39a2-47c4-41a7-bafc-469e7f78035c,CONSUMER,200,1,did:web:ssi-dim-wallet-service.identity:BPNL00000003AYRE,,1791526460661,1791526942910,1791526942910,
e2215330-f999-47b5-9c3b-6dbea7340c0f,CONSUMER,200,1,did:web:ssi-dim-wallet-service.identity:BPNL00000003AYRE,,1791526460751,1791526943348,1791526943348,
a59396fa-ae12-4a53-817c-13629acc6e8c,CONSUMER,200,1,did:web:ssi-dim-wallet-service.identity:BPNL00000003AYRE,,1791526460855,1791526943356,1791526943356,
f70fa4e6-a626-4f37-bce8-49cb243e768e,CONSUMER,200,1,did:web:ssi-dim-wallet-service.identity:BPNL00000003AYRE,,1791526461818,1791526943665,1791526943665,
6da59aad-0f16-4c54-b5ec-686dc469932f,CONSUMER,200,1,did:web:ssi-dim-wallet-service.identity:BPNL00000003AYRE,,1791526461965,1791526944178,1791526944178,
243398d8-8251-4b11-8492-e1467d7841c3,CONSUMER,200,1,did:web:ssi-dim-wallet-service.identity:BPNL00000003AYRE,,1791526462463,1791526944257,1791526944257,
ab9d5bcb-a390-4150-8c0d-5b568e39d230,CONSUMER,200,1,did:web:ssi-dim-wallet-service.identity:BPNL00000003AYRE,,1791526462548,1791526944264,1791526944264,
099d1312-2fcb-4a19-9756-494f22ee7ebc,CONSUMER,200,1,did:web:ssi-dim-wallet-service.identity:BPNL00000003AYRE,,1791526462553,1791526944751,1791526944751,
1121f29e-48c0-419f-9c3a-a25f70163ada,CONSUMER,200,1,did:web:ssi-dim-wallet-service.identity:BPNL00000003AYRE,,1791526462651,1791526944866,1791526944866,
b6775298-3694-4d71-ac19-86cbcf56bd6a,CONSUMER,200,1,did:web:ssi-dim-wallet-service.identity:BPNL00000003AYRE,,1791526462760,1791526944621,1791526944621,
0974418a-4874-4dc2-908d-763c8ab73a5d,CONSUMER,200,1,did:web:ssi-dim-wallet-service.identity:BPNL00000003AYRE,,1791526462764,1791526944854,1791526944854,
5a599439-df90-4871-8c5a-e5e084dd9cc3,CONSUMER,200,1,did:web:ssi-dim-wallet-service.identity:BPNL00000003AYRE,,1791526462847,1791526945248,1791526945248,
cbf29561-88ef-4c55-8ea3-0486b894c4da,CONSUMER,200,1,did:web:ssi-dim-wallet-service.identity:BPNL00000003AYRE,,1791526462860,1791526945505,1791526945505,
66b87b11-246e-4d84-9fd2-70c7f4185930,CONSUMER,200,1,did:web:ssi-dim-wallet-service.identity:BPNL00000003AYRE,,1791526463258,1791526945658,1791526945658,
5b4e4994-095a-4b42-a9bd-e4d25fc0a30e,CONSUMER,200,1,did:web:ssi-dim-wallet-service.identity:BPNL00000003AYRE,,1791526463619,1791526946053,1791526946053,
b0e57141-2c2c-4672-8786-a3c0eda64cb4,CONSUMER,200,1,did:web:ssi-dim-wallet-service.identity:BPNL00000003AYRE,,1791526463656,1791526946406,1791526946406,
766b8e34-95f7-44f0-85d4-c265281c2e1c,CONSUMER,200,1,did:web:ssi-dim-wallet-service.identity:BPNL00000003AYRE,,1791526463758,1791526946654,1791526946654,
ae3fd20f-53c8-4dea-95f3-b606a1a305cb,CONSUMER,200,1,did:web:ssi-dim-wallet-service.identity:BPNL00000003AYRE,,1791526464120,1791526946314,1791526946314,
187fecc7-26e9-4916-8d6c-d016ee9abce6,CONSUMER,200,1,did:web:ssi-dim-wallet-service.identity:BPNL00000003AYRE,,1791526464261,1791526947360,1791526947360,
76de0460-c42e-4f79-b0b1-55c72e8d08ef,CONSUMER,200,1,did:web:ssi-dim-wallet-service.identity:BPNL00000003AYRE,,1791526464648,1791526947949,1791526947949,
3c731de4-f694-4ea7-8dc5-2034992bc42e,CONSUMER,200,1,did:web:ssi-dim-wallet-service.identity:BPNL00000003AYRE,,1791526464854,1791526948468,1791526948468,
dc812caf-515d-450d-95c4-09556fef9dd0,CONSUMER,200,1,did:web:ssi-dim-wallet-service.identity:BPNL00000003AYRE,,1791526464854,1791526949111,1791526949111,
c165ca30-cc26-4a0b-9c12-4597a7923a81,CONSUMER,200,1,did:web:ssi-dim-wallet-service.identity:BPNL00000003AYRE,,1791526464855,1791526949250,1791526949250,
226c04c3-cf0d-4ead-b8f6-78e3e54ef6cb,CONSUMER,200,1,did:web:ssi-dim-wallet-service.identity:BPNL00000003AYRE,,1791526464972,1791526949407,1791526949407,
353795cd-15c2-4745-91cd-2722847844d7,CONSUMER,200,1,did:web:ssi-dim-wallet-service.identity:BPNL00000003AYRE,,1791526465054,1791526950108,1791526950108,
4107423c-420c-4e69-8637-9efb0d5f6b3c,CONSUMER,200,1,did:web:ssi-dim-wallet-service.identity:BPNL00000003AYRE,,1791526465063,1791526951011,1791526951011,
69006b9c-8db4-42f9-a52c-509388fddb18,CONSUMER,200,1,did:web:ssi-dim-wallet-service.identity:BPNL00000003AYRE,,1791526465221,1791526950906,1791526950906,
203fc517-aa06-4b6f-99dc-86fd024be375,CONSUMER,200,1,did:web:ssi-dim-wallet-service.identity:BPNL00000003AYRE,,1791526465248,1791526951155,1791526951155,
b2a9437b-420f-445a-be2e-49e23fc94c09,CONSUMER,200,1,did:web:ssi-dim-wallet-service.identity:BPNL00000003AYRE,,1791526465260,1791526951212,1791526951212,
8a43e35c-5ac0-44ce-8ea1-5801ff9b0ff4,CONSUMER,200,1,did:web:ssi-dim-wallet-service.identity:BPNL00000003AYRE,,1791526465460,1791526951259,1791526951259,
6a84bf82-c6bf-47d1-a732-5a3c893c2103,CONSUMER,200,1,did:web:ssi-dim-wallet-service.identity:BPNL00000003AYRE,,1791526465718,1791526951647,1791526951647,
6c932b94-5198-457c-be26-8570bdad378f,CONSUMER,200,1,did:web:ssi-dim-wallet-service.identity:BPNL00000003AYRE,,1791526466269,1791526951867,1791526951867,
53287f49-d3e6-4362-9b8a-395cf38f2ee5,CONSUMER,200,1,did:web:ssi-dim-wallet-service.identity:BPNL00000003AYRE,,1791526466358,1791526951805,1791526951805,
9c3de01e-a52b-4e25-943e-647102afb468,CONSUMER,200,1,did:web:ssi-dim-wallet-service.identity:BPNL00000003AYRE,,1791526466868,1791526951908,1791526951908,
3a8d7bbd-e3ed-497b-9cd2-68747872c7bd,CONSUMER,200,1,did:web:ssi-dim-wallet-service.identity:BPNL00000003AYRE,,1791526467160,1791526951911,1791526951911,
9c23287d-9958-44e3-a755-c807f673cade,CONSUMER,200,1,did:web:ssi-dim-wallet-service.identity:BPNL00000003AYRE,,1791526467319,1791526952505,1791526952505,
5965f24d-b0b7-457d-90c7-c29a3c86ad21,CONSUMER,200,1,did:web:ssi-dim-wallet-service.identity:BPNL00000003AYRE,,1791526467557,1791526952447,1791526952447,
0fed38c7-adc0-4658-8b6a-744cbb8d2a03,CONSUMER,200,1,did:web:ssi-dim-wallet-service.identity:BPNL00000003AYRE,,1791526467856,1791526952506,1791526952506,
d15d8806-fb95-41dc-a700-68572b95cbe7,CONSUMER,200,1,did:web:ssi-dim-wallet-service.identity:BPNL00000003AYRE,,1791526468260,1791526952662,1791526952662,
78051a37-ff50-4892-b5d5-8d86de3df6d8,CONSUMER,200,1,did:web:ssi-dim-wallet-service.identity:BPNL00000003AYRE,,1791526468563,1791526953050,1791526953050,
56feac1a-5daf-4cde-80a3-35b6e66e1438,CONSUMER,200,1,did:web:ssi-dim-wallet-service.identity:BPNL00000003AYRE,,1791526468747,1791526953106,1791526953106,
b64d9bd7-e593-43d3-b992-87eb73d64b27,CONSUMER,200,1,did:web:ssi-dim-wallet-service.identity:BPNL00000003AYRE,,1791526468758,1791526953149,1791526953149,
06d9d266-a0e6-43e4-87ca-d35b58371190,CONSUMER,200,1,did:web:ssi-dim-wallet-service.identity:BPNL00000003AYRE,,1791526468848,1791526953250,1791526953250,
77fcf4f6-56c2-419c-840a-528ae47968e6,CONSUMER,200,1,did:web:ssi-dim-wallet-service.identity:BPNL00000003AYRE,,1791526469153,1791526953608,1791526953608,
f92d3cc0-7384-4694-950e-da0d4fc75dc8,CONSUMER,200,1,did:web:ssi-dim-wallet-service.identity:BPNL00000003AYRE,,1791526469658,1791526953860,1791526953860,
807ae599-68ae-45f2-9ec4-7383fa809b4f,CONSUMER,200,1,did:web:ssi-dim-wallet-service.identity:BPNL00000003AYRE,,1791526469659,1791526955048,1791526955048,
32435760-1f79-4c0b-874b-ee0cec3d3b48,CONSUMER,200,1,did:web:ssi-dim-wallet-service.identity:BPNL00000003AYRE,,1791526469751,1791526955248,1791526955248,
a6d0921f-14cf-4b5c-a430-8d2096334df6,CONSUMER,200,1,did:web:ssi-dim-wallet-service.identity:BPNL00000003AYRE,,1791526469751,1791526955166,1791526955166,
0d38a635-b9ce-44c1-a442-f63bfa08d301,CONSUMER,200,1,did:web:ssi-dim-wallet-service.identity:BPNL00000003AYRE,,1791526470054,1791526955256,1791526955256,
1f6cb779-090a-4336-a7ab-9e1618773c85,CONSUMER,200,1,did:web:ssi-dim-wallet-service.identity:BPNL00000003AYRE,,1791526470853,1791526955350,1791526955350,
d6464967-34a9-406b-8701-4e92850e8b8e,CONSUMER,200,1,did:web:ssi-dim-wallet-service.identity:BPNL00000003AYRE,,1791526471568,1791526955372,1791526955372,
a7149b4b-8a20-427d-9d28-8fc56d10f174,CONSUMER,200,1,did:web:ssi-dim-wallet-service.identity:BPNL00000003AYRE,,1791526472553,1791526955363,1791526955363,
14948164-aa44-438b-8e6e-ea95989570b2,CONSUMER,200,1,did:web:ssi-dim-wallet-service.identity:BPNL00000003AYRE,,1791526474250,1791526955661,1791526955661,
1847999d-5b22-4250-b3bc-3a686b051ecf,CONSUMER,200,1,did:web:ssi-dim-wallet-service.identity:BPNL00000003AYRE,,1791526474453,1791526955618,1791526955618,
aaa56e96-a5b3-4858-9afb-0b4eb0da244d,CONSUMER,200,1,did:web:ssi-dim-wallet-service.identity:BPNL00000003AYRE,,1791526474464,1791526956047,1791526956047,
e7422f91-a550-4618-9181-d500d2895a5c,CONSUMER,200,1,did:web:ssi-dim-wallet-service.identity:BPNL00000003AYRE,,1791526474948,1791526956059,1791526956059,
cff8979c-da9c-4642-b903-85276af6d83d,CONSUMER,200,1,did:web:ssi-dim-wallet-service.identity:BPNL00000003AYRE,,1791526474969,1791526956205,1791526956205,
5b247f1c-1bf1-469e-8014-1bdd9913265b,CONSUMER,200,1,did:web:ssi-dim-wallet-service.identity:BPNL00000003AYRE,,1791526475170,1791526956407,1791526956407,
f9ed5a07-d5bc-49ca-a3ec-ef1b674dda9d,CONSUMER,200,1,did:web:ssi-dim-wallet-service.identity:BPNL00000003AYRE,,1791526475782,1791526956408,1791526956408,
fc5cff31-2ffb-4cfe-ab7c-089466bac383,CONSUMER,200,1,did:web:ssi-dim-wallet-service.identity:BPNL00000003AYRE,,1791526476078,1791526957309,1791526957309,
ff432fe5-c7c0-44d0-b0d6-fbf3e6886597,CONSUMER,200,1,did:web:ssi-dim-wallet-service.identity:BPNL00000003AYRE,,1791526476083,1791526957552,1791526957552,
f7a1e26d-d2d3-4af1-a57b-8d207feb140e,CONSUMER,200,1,did:web:ssi-dim-wallet-service.identity:BPNL00000003AYRE,,1791526476219,1791526957847,1791526957847,
4f7d193b-88ae-4dc5-b3a6-5cee2a16c928,CONSUMER,200,1,did:web:ssi-dim-wallet-service.identity:BPNL00000003AYRE,,1791526476247,1791526958249,1791526958249,
421cbeda-6b83-4006-b787-dae01674ab26,CONSUMER,200,1,did:web:ssi-dim-wallet-service.identity:BPNL00000003AYRE,,1791526476452,1791526958308,1791526958308,
56a1ba33-6630-4fac-8b17-d946a7d83bcc,CONSUMER,200,1,did:web:ssi-dim-wallet-service.identity:BPNL00000003AYRE,,1791526476763,1791526958654,1791526958654,
2451a961-f79d-4752-92ff-d5ddc8f0e560,CONSUMER,200,1,did:web:ssi-dim-wallet-service.identity:BPNL00000003AYRE,,1791526477448,1791526958455,1791526958455,
ead523ab-d411-4488-9ae1-58e6a0f59af3,CONSUMER,200,1,did:web:ssi-dim-wallet-service.identity:BPNL00000003AYRE,,1791526477450,1791526958611,1791526958611,
abab5e3b-f071-43ce-8562-f810b819195a,CONSUMER,200,1,did:web:ssi-dim-wallet-service.identity:BPNL00000003AYRE,,1791526477852,1791526958812,1791526958812,
17bf0998-28a5-4e25-8747-da338ca6de0d,CONSUMER,200,1,did:web:ssi-dim-wallet-service.identity:BPNL00000003AYRE,,1791526477855,1791526958776,1791526958776,
018b8ed3-6209-4d09-8903-f6c1bec980ae,CONSUMER,200,1,did:web:ssi-dim-wallet-service.identity:BPNL00000003AYRE,,1791526478761,1791526958780,1791526958780,
e09c2a06-b02c-40d0-992e-2b42253163ee,CONSUMER,200,1,did:web:ssi-dim-wallet-service.identity:BPNL00000003AYRE,,1791526478949,1791526958872,1791526958872,
9797e8a6-1f74-4262-8a9f-8b9a32ad62a0,CONSUMER,200,1,did:web:ssi-dim-wallet-service.identity:BPNL00000003AYRE,,1791526479649,1791526959312,1791526959312,
87ceb9ea-be59-4652-873f-6a7d56589b71,CONSUMER,200,1,did:web:ssi-dim-wallet-service.identity:BPNL00000003AYRE,,1791526479653,1791526959121,1791526959121,
40417ef8-c180-4357-b0f9-0a317f892db7,CONSUMER,200,1,did:web:ssi-dim-wallet-service.identity:BPNL00000003AYRE,,1791526480065,1791526959450,1791526959450,
d4afe1ce-c52a-431b-80cb-f121956a7f6f,CONSUMER,200,1,did:web:ssi-dim-wallet-service.identity:BPNL00000003AYRE,,1791526480218,1791526959263,1791526959263,
068269a0-c5a2-4705-9ab1-d3ee305e520d,CONSUMER,200,1,did:web:ssi-dim-wallet-service.identity:BPNL00000003AYRE,,1791526480258,1791526959762,1791526959762,
c243279d-643e-4e26-acc0-40a32abc97bf,CONSUMER,200,1,did:web:ssi-dim-wallet-service.identity:BPNL00000003AYRE,,1791526480356,1791526960249,1791526960249,
b224050b-a475-49af-acdc-ed7fa7881763,CONSUMER,200,1,did:web:ssi-dim-wallet-service.identity:BPNL00000003AYRE,,1791526480420,1791526960562,1791526960562,
a03ad85f-93ef-4677-b7b2-fc802e0c869b,CONSUMER,200,1,did:web:ssi-dim-wallet-service.identity:BPNL00000003AYRE,,1791526480751,1791526961451,1791526961451,
6660c605-3640-4341-b175-b9899dde7285,CONSUMER,200,1,did:web:ssi-dim-wallet-service.identity:BPNL00000003AYRE,,1791526481047,1791526961849,1791526961849,
2b08f0f3-de3a-4106-ac05-5aeffd5887b7,CONSUMER,200,1,did:web:ssi-dim-wallet-service.identity:BPNL00000003AYRE,,1791526481259,1791526962950,1791526962950,
ee5d8101-b541-4ba7-934f-1a9167e7e3cc,CONSUMER,200,1,did:web:ssi-dim-wallet-service.identity:BPNL00000003AYRE,,1791526481318,1791526963150,1791526963150,
08164e3a-2a24-40bf-97e5-5e22d92f5201,CONSUMER,200,1,did:web:ssi-dim-wallet-service.identity:BPNL00000003AYRE,,1791526481346,1791526963754,1791526963754,
8a6209d2-fcbe-4065-a660-8d0ed01b8bfa,CONSUMER,200,1,did:web:ssi-dim-wallet-service.identity:BPNL00000003AYRE,,1791526481648,1791526963768,1791526963768,
e828dc94-7961-41fd-9f51-23d85bfdf282,CONSUMER,200,1,did:web:ssi-dim-wallet-service.identity:BPNL00000003AYRE,,1791526481952,1791526963487,1791526963487,
8306db75-d0a9-4c76-83df-1a748db38f73,CONSUMER,200,1,did:web:ssi-dim-wallet-service.identity:BPNL00000003AYRE,,1791526482049,1791526964356,1791526964356,
4ee3e830-7ff2-4cc9-8bca-8146d4074b12,CONSUMER,200,1,did:web:ssi-dim-wallet-service.identity:BPNL00000003AYRE,,1791526482059,1791526964851,1791526964851,
107c446e-a8bc-4e0d-bbfc-a6a8a253cb68,CONSUMER,200,1,did:web:ssi-dim-wallet-service.identity:BPNL00000003AYRE,,1791526482248,1791526965164,1791526965164,
66386c56-859a-41a3-9ada-35fe4a5ea022,CONSUMER,200,1,did:web:ssi-dim-wallet-service.identity:BPNL00000003AYRE,,1791526482256,1791526965649,1791526965649,
36b0dc78-4a12-470a-ad76-425f03889a83,CONSUMER,200,1,did:web:ssi-dim-wallet-service.identity:BPNL00000003AYRE,,1791526482919,1791526965962,1791526965962,
114d40ce-1414-4410-bf6a-086d00db8b69,CONSUMER,200,1,did:web:ssi-dim-wallet-service.identity:BPNL00000003AYRE,,1791526483559,1791526966647,1791526966647,
c2e6c1cb-5e7d-42be-8c9a-69fc31fbe755,CONSUMER,200,1,did:web:ssi-dim-wallet-service.identity:BPNL00000003AYRE,,1791526483650,1791526966857,1791526966857,
71c9a5b7-bfed-4d68-9cf1-69b469b861ea,CONSUMER,200,1,did:web:ssi-dim-wallet-service.identity:BPNL00000003AYRE,,1791526483847,1791526966864,1791526966864,
b557a4db-523b-4d74-bb96-56d845e146e1,CONSUMER,200,1,did:web:ssi-dim-wallet-service.identity:BPNL00000003AYRE,,1791526484324,1791526967454,1791526967454,
d00126e6-5c5f-4dc4-adb8-8a27b451ed36,CONSUMER,200,1,did:web:ssi-dim-wallet-service.identity:BPNL00000003AYRE,,1791526484355,1791526967007,1791526967007,
8748bb92-6bad-47ba-8bd7-420dd9a28325,CONSUMER,200,1,did:web:ssi-dim-wallet-service.identity:BPNL00000003AYRE,,1791526484464,1791526967350,1791526967350,
f4c908f0-f03a-4bee-a1e4-0a24f4e0cedb,CONSUMER,200,1,did:web:ssi-dim-wallet-service.identity:BPNL00000003AYRE,,1791526484567,1791526967751,1791526967751,
7f6f210d-ed09-4e3d-9c4c-17a86723c36c,CONSUMER,200,1,did:web:ssi-dim-wallet-service.identity:BPNL00000003AYRE,,1791526484862,1791526968256,1791526968256,
1e56e402-888f-422f-a6fd-8178e8e18db2,CONSUMER,200,1,did:web:ssi-dim-wallet-service.identity:BPNL00000003AYRE,,1791526484923,1791526968249,1791526968249,
3b27c3ef-da57-4a18-b443-515a9a236bbe,CONSUMER,200,1,did:web:ssi-dim-wallet-service.identity:BPNL00000003AYRE,,1791526485059,1791526968962,1791526968962,
65dbca80-fad1-4861-b677-bc8973f180cd,CONSUMER,200,1,did:web:ssi-dim-wallet-service.identity:BPNL00000003AYRE,,1791526485923,1791526968852,1791526968852,
b410db3c-e4f8-4c33-a3f5-b868c22991a3,CONSUMER,200,1,did:web:ssi-dim-wallet-service.identity:BPNL00000003AYRE,,1791526485958,1791526968479,1791526968479,
cd11940b-9ec6-4c8c-89db-b2820de6a1ad,CONSUMER,200,1,did:web:ssi-dim-wallet-service.identity:BPNL00000003AYRE,,1791526486119,1791526969348,1791526969348,
93d54bea-569b-448e-9db7-30dd1b3fc074,CONSUMER,200,1,did:web:ssi-dim-wallet-service.identity:BPNL00000003AYRE,,1791526486459,1791526969457,1791526969457,
78c3615a-4957-43f9-b20e-beca57e94a2f,CONSUMER,200,1,did:web:ssi-dim-wallet-service.identity:BPNL00000003AYRE,,1791526486518,1791526969556,1791526969556,
c0277652-c691-4388-955e-74b41ad38a80,CONSUMER,200,1,did:web:ssi-dim-wallet-service.identity:BPNL00000003AYRE,,1791526487120,1791526974166,1791526974166,
84033ad5-8d97-420c-877f-b71be4505196,CONSUMER,200,1,did:web:ssi-dim-wallet-service.identity:BPNL00000003AYRE,,1791526487150,1791526974751,1791526974751,
9db16843-40b7-44ee-925b-858dd714ee95,CONSUMER,200,1,did:web:ssi-dim-wallet-service.identity:BPNL00000003AYRE,,1791526487248,1791526974414,1791526974414,
56ffce45-0cd1-469a-88c6-eba1fa100690,CONSUMER,200,1,did:web:ssi-dim-wallet-service.identity:BPNL00000003AYRE,,1791526487553,1791526974750,1791526974750,
c1e860c3-6014-487f-8ca5-bb660f89ec25,CONSUMER,200,1,did:web:ssi-dim-wallet-service.identity:BPNL00000003AYRE,,1791526489065,1791526975010,1791526975010,
7a1a0062-201a-42fa-8ef8-36be47293c21,CONSUMER,200,1,did:web:ssi-dim-wallet-service.identity:BPNL00000003AYRE,,1791526489348,1791526974848,1791526974848,
19e9b36f-7dbe-4849-89db-ac4164155579,CONSUMER,200,1,did:web:ssi-dim-wallet-service.identity:BPNL00000003AYRE,,1791526489556,1791526975149,1791526975149,
5920043b-643d-4a9b-bcef-bd36fe885ae3,CONSUMER,200,1,did:web:ssi-dim-wallet-service.identity:BPNL00000003AYRE,,1791526490056,1791526975214,1791526975214,
e44d04bd-11ed-43b5-b4c4-77e9c91ce2ce,CONSUMER,200,1,did:web:ssi-dim-wallet-service.identity:BPNL00000003AYRE,,1791526491024,1791526975417,1791526975417,
cb27642b-f4ba-43d1-bb54-7ffd004cdc61,CONSUMER,200,1,did:web:ssi-dim-wallet-service.identity:BPNL00000003AYRE,,1791526491166,1791526975518,1791526975518,
bd2a5693-3b12-4c2c-b0f7-6e3a6e9eff55,CONSUMER,200,1,did:web:ssi-dim-wallet-service.identity:BPNL00000003AYRE,,1791526491557,1791526975658,1791526975658,
70a57851-c631-4fb2-8900-f4c9d0c17b0e,CONSUMER,200,1,did:web:ssi-dim-wallet-service.identity:BPNL00000003AYRE,,1791526491656,1791526975706,1791526975706,
42417faf-34cd-436c-812c-e3dbb6bed8d5,CONSUMER,200,1,did:web:ssi-dim-wallet-service.identity:BPNL00000003AYRE,,1791526491950,1791526975756,1791526975756,
d0185767-9243-493d-8ea4-b8634e35505e,CONSUMER,200,1,did:web:ssi-dim-wallet-service.identity:BPNL00000003AYRE,,1791526492149,1791526975762,1791526975762,
22a68bc9-0cdb-44d4-a354-86cf1c876783,CONSUMER,200,1,did:web:ssi-dim-wallet-service.identity:BPNL00000003AYRE,,1791526492153,1791526975859,1791526975859,
b092e9a4-67e8-460b-a219-645cbe480a35,CONSUMER,200,1,did:web:ssi-dim-wallet-service.identity:BPNL00000003AYRE,,1791526492160,1791526975908,1791526975908,
f87af592-4de6-4e03-93c6-1952ce00789d,CONSUMER,200,1,did:web:ssi-dim-wallet-service.identity:BPNL00000003AYRE,,1791526493659,1791526976105,1791526976105,
2195d47e-f6dd-46ac-98c3-a7bb581e8354,CONSUMER,200,1,did:web:ssi-dim-wallet-service.identity:BPNL00000003AYRE,,1791526493674,1791526976153,1791526976153,
92f41523-0ac7-4cb3-8d47-9f49657f9938,CONSUMER,200,1,did:web:ssi-dim-wallet-service.identity:BPNL00000003AYRE,,1791526494122,1791526976406,1791526976406,
17583d9e-3fff-47f8-ac9b-37d4e7003c85,CONSUMER,200,1,did:web:ssi-dim-wallet-service.identity:BPNL00000003AYRE,,1791526494460,1791526976915,1791526976915,
8ec71e07-e31b-48d1-81d5-ccf47f2bcc6a,CONSUMER,200,1,did:web:ssi-dim-wallet-service.identity:BPNL00000003AYRE,,1791526494618,1791526979852,1791526979852,
e22c2d3e-b8b5-4e0c-a227-eb3f8248293e,CONSUMER,200,1,did:web:ssi-dim-wallet-service.identity:BPNL00000003AYRE,,1791526494619,1791526979948,1791526979948,
3887b7ab-3aa1-49d6-8f24-eafae57112b2,CONSUMER,200,1,did:web:ssi-dim-wallet-service.identity:BPNL00000003AYRE,,1791526494656,1791526980008,1791526980008,
03bde73c-dbc8-4747-9c3a-ad31245539c7,CONSUMER,200,1,did:web:ssi-dim-wallet-service.identity:BPNL00000003AYRE,,1791526494948,1791526980108,1791526980108,
7bad1763-cc07-4c2e-ad91-00790c44d18d,CONSUMER,200,1,did:web:ssi-dim-wallet-service.identity:BPNL00000003AYRE,,1791526495150,1791526980151,1791526980151,
1dd235ea-ba5c-4543-ad54-d93be56c05e1,CONSUMER,200,1,did:web:ssi-dim-wallet-service.identity:BPNL00000003AYRE,,1791526495655,1791526980115,1791526980115,
e817a9d7-249d-42d0-aaea-c5b52208a1b0,CONSUMER,200,1,did:web:ssi-dim-wallet-service.identity:BPNL00000003AYRE,,1791526495923,1791526980250,1791526980250,
9cfa00e2-b6d4-41cd-998c-20bf76106a38,CONSUMER,200,1,did:web:ssi-dim-wallet-service.identity:BPNL00000003AYRE,,1791526496956,1791526980160,1791526980160,
c4471ce3-72bd-4904-b20f-3f22e11a6def,CONSUMER,200,1,did:web:ssi-dim-wallet-service.identity:BPNL00000003AYRE,,1791526497259,1791526980218,1791526980218,
c7d08cb3-9de2-4152-97fe-da4078dbd79b,CONSUMER,200,1,did:web:ssi-dim-wallet-service.identity:BPNL00000003AYRE,,1791526497457,1791526980450,1791526980450,
e1cf170a-b076-4666-b692-12d66353eacd,CONSUMER,200,1,did:web:ssi-dim-wallet-service.identity:BPNL00000003AYRE,,1791526497551,1791526980504,1791526980504,
568e7762-8382-47b8-9294-d22e741f9d18,CONSUMER,200,1,did:web:ssi-dim-wallet-service.identity:BPNL00000003AYRE,,1791526498461,1791526980455,1791526980455,
12e92a30-7786-4752-ba60-71b1f175f761,CONSUMER,200,1,did:web:ssi-dim-wallet-service.identity:BPNL00000003AYRE,,1791526498464,1791526980850,1791526980850,
22f7cb4a-4a5b-47a2-8fb6-3745d15cfcc2,CONSUMER,200,1,did:web:ssi-dim-wallet-service.identity:BPNL00000003AYRE,,1791526498560,1791526980617,1791526980617,
16689540-bc8f-4953-a576-a5f00c11ae4b,CONSUMER,200,1,did:web:ssi-dim-wallet-service.identity:BPNL00000003AYRE,,1791526499363,1791526980810,1791526980810,
a66ece9c-1c4e-4cf3-a5fc-e3f321d3a84d,CONSUMER,200,1,did:web:ssi-dim-wallet-service.identity:BPNL00000003AYRE,,1791526499447,1791526980754,1791526980754,
e8e6f0c5-f2cd-401c-95ad-c9af8d591287,CONSUMER,200,1,did:web:ssi-dim-wallet-service.identity:BPNL00000003AYRE,,1791526499922,1791526980861,1791526980861,
cfad6397-6e8d-4ffb-9a9e-29c4a7e77245,CONSUMER,200,1,did:web:ssi-dim-wallet-service.identity:BPNL00000003AYRE,,1791526540455,1791526980972,1791526980972,
8f461ff7-64cf-4079-83ba-55448cc469ca,CONSUMER,200,1,did:web:ssi-dim-wallet-service.identity:BPNL00000003AYRE,,1791526543166,1791526981022,1791526981022,
fcfd1219-20b2-4205-baf2-d174b37f4db9,CONSUMER,200,1,did:web:ssi-dim-wallet-service.identity:BPNL00000003AYRE,,1791526543451,1791526981059,1791526981059,
430b8070-8fe0-4f43-bbff-63ecd7d497ff,CONSUMER,200,1,did:web:ssi-dim-wallet-service.identity:BPNL00000003AYRE,,1791526543452,1791526981560,1791526981560,
24e71fb9-4cb1-46cd-a4eb-cacbe8187088,CONSUMER,200,1,did:web:ssi-dim-wallet-service.identity:BPNL00000003AYRE,,1791526544347,1791526981560,1791526981560,
2d470c03-7fd5-4936-af86-1bdede44c23f,CONSUMER,200,1,did:web:ssi-dim-wallet-service.identity:BPNL00000003AYRE,,1791526544548,1791526981571,1791526981571,
7a31c22b-b250-4eea-b10c-2c1686c9ea51,CONSUMER,200,1,did:web:ssi-dim-wallet-service.identity:BPNL00000003AYRE,,1791526544849,1791526981653,1791526981653,
a855b1e3-9af8-41ce-a2de-575d621b96c0,CONSUMER,200,1,did:web:ssi-dim-wallet-service.identity:BPNL00000003AYRE,,1791526544955,1791526981661,1791526981661,
08b55c6b-a3f4-4b86-ba18-7d535f04fefb,CONSUMER,200,1,did:web:ssi-dim-wallet-service.identity:BPNL00000003AYRE,,1791526545153,1791526981770,1791526981770,
583dbd75-9da8-4c85-aac8-2efb3bc8fbcb,CONSUMER,200,1,did:web:ssi-dim-wallet-service.identity:BPNL00000003AYRE,,1791526545249,1791526981807,1791526981807,
d97a55ff-a447-4809-9236-b55849f6ba50,CONSUMER,200,1,did:web:ssi-dim-wallet-service.identity:BPNL00000003AYRE,,1791526545657,1791526981868,1791526981868,
9529f01e-a5ff-4f2a-90eb-df357e908a7a,CONSUMER,200,1,did:web:ssi-dim-wallet-service.identity:BPNL00000003AYRE,,1791526545754,1791526981958,1791526981958,
767741f5-7428-4479-aca4-96766e1dbac3,CONSUMER,200,1,did:web:ssi-dim-wallet-service.identity:BPNL00000003AYRE,,1791526546652,1791526982073,1791526982073,
fbbf2521-74a6-4165-a5c5-8a95ad3046f2,CONSUMER,200,1,did:web:ssi-dim-wallet-service.identity:BPNL00000003AYRE,,1791526546657,1791526982119,1791526982119,
36455751-5616-4e61-9d2d-63f8c9a683f9,CONSUMER,200,1,did:web:ssi-dim-wallet-service.identity:BPNL00000003AYRE,,1791526549057,1791526982170,1791526982170,
6f81c03a-aed8-4f83-ad7a-cfc1ff3952ad,CONSUMER,200,1,did:web:ssi-dim-wallet-service.identity:BPNL00000003AYRE,,1791526549161,1791526982248,1791526982248,
8b20e06b-870b-49aa-9807-8446439c2cb1,CONSUMER,200,1,did:web:ssi-dim-wallet-service.identity:BPNL00000003AYRE,,1791526549254,1791526982308,1791526982308,
107c8d1e-4c68-4a33-a3ad-dfbce8beebb6,CONSUMER,200,1,did:web:ssi-dim-wallet-service.identity:BPNL00000003AYRE,,1791526550262,1791526982354,1791526982354,
3fe7bf1d-a4f2-4b9f-ba88-8214e777e7b6,CONSUMER,200,1,did:web:ssi-dim-wallet-service.identity:BPNL00000003AYRE,,1791526550547,1791526982363,1791526982363,
1dc18ebc-157f-4a0b-9cb3-3df47293a312,CONSUMER,200,1,did:web:ssi-dim-wallet-service.identity:BPNL00000003AYRE,,1791526555956,1791526982505,1791526982505,
38caf9ac-ec52-4859-8ad5-0277ec95c8ed,CONSUMER,200,1,did:web:ssi-dim-wallet-service.identity:BPNL00000003AYRE,,1791526569456,1791526982510,1791526982510,
9583f1f9-b5ba-45be-8123-2bf861ae4962,CONSUMER,200,1,did:web:ssi-dim-wallet-service.identity:BPNL00000003AYRE,,1791526575162,1791526982658,1791526982658,
7bd85a20-5326-4671-8eb4-b11f7d9328f3,CONSUMER,200,1,did:web:ssi-dim-wallet-service.identity:BPNL00000003AYRE,,1791526617861,1791526982752,1791526982752,
e2dd19d1-ab6e-4b32-913a-45eb7821ea41,CONSUMER,200,1,did:web:ssi-dim-wallet-service.identity:BPNL00000003AYRE,,1791526619058,1791526983354,1791526983354,
9fd71287-c94c-47f5-9304-a30c40b75fb7,CONSUMER,200,1,did:web:ssi-dim-wallet-service.identity:BPNL00000003AYRE,,1791526619452,1791526983361,1791526983361,
dc45a254-ab3d-4d4e-82b4-2cc7f20c9423,CONSUMER,200,1,did:web:ssi-dim-wallet-service.identity:BPNL00000003AYRE,,1791526619460,1791526983413,1791526983413,
f08fe32e-6cf9-4651-9d26-5e8f5b9f04ed,CONSUMER,200,1,did:web:ssi-dim-wallet-service.identity:BPNL00000003AYRE,,1791526619547,1791526983458,1791526983458,
454fd07c-582c-44f4-8b93-9a844234e2e2,CONSUMER,200,1,did:web:ssi-dim-wallet-service.identity:BPNL00000003AYRE,,1791526619560,1791526983583,1791526983583,
8121ef60-3784-4de3-a491-8e8daf14a365,CONSUMER,200,1,did:web:ssi-dim-wallet-service.identity:BPNL00000003AYRE,,1791526619953,1791526983583,1791526983583,
3c3b85df-4f98-4265-a474-f0ad86de7c82,CONSUMER,200,1,did:web:ssi-dim-wallet-service.identity:BPNL00000003AYRE,,1791526619966,1791526983620,1791526983620,
f6b9b905-bdca-4ed6-a1f0-41ade672ddcd,CONSUMER,200,1,did:web:ssi-dim-wallet-service.identity:BPNL00000003AYRE,,1791526620653,1791526983649,1791526983649,
6d02ca4f-0c71-430e-9694-4c7dd7ec492d,CONSUMER,200,1,did:web:ssi-dim-wallet-service.identity:BPNL00000003AYRE,,1791526621047,1791526983847,1791526983847,
98c5e050-0f30-4559-bc65-63c12cb73e6e,CONSUMER,200,1,did:web:ssi-dim-wallet-service.identity:BPNL00000003AYRE,,1791526622078,1791526983760,1791526983760,
740836a4-d2b9-4881-8ffd-44abfc863263,CONSUMER,200,1,did:web:ssi-dim-wallet-service.identity:BPNL00000003AYRE,,1791526622359,1791526983948,1791526983948,
a6f55b5e-5d84-4f3d-8851-1996a17c89be,CONSUMER,200,1,did:web:ssi-dim-wallet-service.identity:BPNL00000003AYRE,,1791526622463,1791526984058,1791526984058,
7dcd7fc4-911d-4567-9c91-73add8baacfc,CONSUMER,200,1,did:web:ssi-dim-wallet-service.identity:BPNL00000003AYRE,,1791526622549,1791526984162,1791526984162,
50dc7539-ec4d-4351-82f0-924ddb88822b,CONSUMER,200,1,did:web:ssi-dim-wallet-service.identity:BPNL00000003AYRE,,1791526622749,1791526984154,1791526984154,
043cf597-0aa9-466a-98a3-1f736571c157,CONSUMER,200,1,did:web:ssi-dim-wallet-service.identity:BPNL00000003AYRE,,1791526623464,1791526984157,1791526984157,
2291d2ae-91a7-45c0-94ba-7b3f346db29c,CONSUMER,200,1,did:web:ssi-dim-wallet-service.identity:BPNL00000003AYRE,,1791526623852,1791526984317,1791526984317,
4caa1ccd-18d2-405e-bd9b-310a48aca9eb,CONSUMER,200,1,did:web:ssi-dim-wallet-service.identity:BPNL00000003AYRE,,1791526624157,1791526984317,1791526984317,
fdc2fb94-1e21-461f-8b28-ec9dbea6b820,CONSUMER,200,1,did:web:ssi-dim-wallet-service.identity:BPNL00000003AYRE,,1791526625164,1791526984355,1791526984355,
07879d83-496d-4107-9853-ee0b95339dc2,CONSUMER,200,1,did:web:ssi-dim-wallet-service.identity:BPNL00000003AYRE,,1791526626051,1791526984513,1791526984513,
2c28b3fd-5e9d-4d0e-b9b8-04f44eafeb7b,CONSUMER,200,1,did:web:ssi-dim-wallet-service.identity:BPNL00000003AYRE,,1791526627066,1791526984521,1791526984521,
28cc462b-63f7-45ce-8eea-180ec6b5c737,CONSUMER,200,1,did:web:ssi-dim-wallet-service.identity:BPNL00000003AYRE,,1791526627160,1791526984761,1791526984761,
a2ae0e15-4213-40bc-ac6a-a298fa2723e3,CONSUMER,200,1,did:web:ssi-dim-wallet-service.identity:BPNL00000003AYRE,,1791526628364,1791526984862,1791526984862,
6105fd9d-2fad-4021-91a4-652cc757f6a5,CONSUMER,200,1,did:web:ssi-dim-wallet-service.identity:BPNL00000003AYRE,,1791526628549,1791526985068,1791526985068,
53defc95-4e0e-481a-a8f6-999845b9e356,CONSUMER,200,1,did:web:ssi-dim-wallet-service.identity:BPNL00000003AYRE,,1791526628866,1791526985207,1791526985207,
6870e777-c7cf-46f9-913f-9cfa71922464,CONSUMER,200,1,did:web:ssi-dim-wallet-service.identity:BPNL00000003AYRE,,1791526629052,1791526985155,1791526985155,
33943b0c-6f55-4c89-b776-fb10bb8d1c2e,CONSUMER,200,1,did:web:ssi-dim-wallet-service.identity:BPNL00000003AYRE,,1791526629053,1791526985154,1791526985154,
19a761fb-fb00-4f44-9d7d-553d0b142d35,CONSUMER,200,1,did:web:ssi-dim-wallet-service.identity:BPNL00000003AYRE,,1791526629160,1791526985248,1791526985248,
cca75b8c-cb7e-432a-90e8-e5d157d49c4d,CONSUMER,200,1,did:web:ssi-dim-wallet-service.identity:BPNL00000003AYRE,,1791526629362,1791526985348,1791526985348,
615d7a20-ec9c-4021-9d4e-abddbadd66d2,CONSUMER,200,1,did:web:ssi-dim-wallet-service.identity:BPNL00000003AYRE,,1791526629501,1791526985353,1791526985353,
aebc33c1-cf77-49a5-8c6a-a90e7ef1cf38,CONSUMER,200,1,did:web:ssi-dim-wallet-service.identity:BPNL00000003AYRE,,1791526629564,1791526985419,1791526985419,
7d7d76ad-2641-4c7c-ad7e-63a71186295c,CONSUMER,200,1,did:web:ssi-dim-wallet-service.identity:BPNL00000003AYRE,,1791526629662,1791526985548,1791526985548,
46e5dfa1-d51e-4962-a521-cd4b5cd3af5a,CONSUMER,200,1,did:web:ssi-dim-wallet-service.identity:BPNL00000003AYRE,,1791526629755,1791526985451,1791526985451,
8da00a84-e92a-48dd-a5f7-e28b374f8b0e,CONSUMER,200,1,did:web:ssi-dim-wallet-service.identity:BPNL00000003AYRE,,1791526629759,1791526985504,1791526985504,
105fd8d5-8848-4476-9369-1186e22e287f,CONSUMER,200,1,did:web:ssi-dim-wallet-service.identity:BPNL00000003AYRE,,1791526629870,1791526985613,1791526985613,
7add122a-d1af-4131-b113-f09f02932928,CONSUMER,200,1,did:web:ssi-dim-wallet-service.identity:BPNL00000003AYRE,,1791526629949,1791526985653,1791526985653,
36d74dfb-d809-4961-950f-443e6d1c6905,CONSUMER,200,1,did:web:ssi-dim-wallet-service.identity:BPNL00000003AYRE,,1791526629951,1791526985654,1791526985654,
3a2f39d4-d5b5-4173-ae0e-d012c8b6baac,CONSUMER,200,1,did:web:ssi-dim-wallet-service.identity:BPNL00000003AYRE,,1791526630046,1791526985728,1791526985728,
ff5fa25d-509e-44b9-981f-63cba009dee7,CONSUMER,200,1,did:web:ssi-dim-wallet-service.identity:BPNL00000003AYRE,,1791526630057,1791526985755,1791526985755,
2c8aca44-310e-48e3-8a86-2908e1e24c80,CONSUMER,200,1,did:web:ssi-dim-wallet-service.identity:BPNL00000003AYRE,,1791526630059,1791526985823,1791526985823,
d5e4235a-3fc8-4c78-bfe2-a0801dba4d86,CONSUMER,200,1,did:web:ssi-dim-wallet-service.identity:BPNL00000003AYRE,,1791526630147,1791526985810,1791526985810,
66981c1a-9e03-4495-b794-bb546077608a,CONSUMER,200,1,did:web:ssi-dim-wallet-service.identity:BPNL00000003AYRE,,1791526630148,1791526986080,1791526986080,
307bf89d-75b9-405f-bc5d-6b7e6a3d059b,CONSUMER,200,1,did:web:ssi-dim-wallet-service.identity:BPNL00000003AYRE,,1791526630253,1791526986248,1791526986248,
3ae67582-cf6d-4f05-a95a-bdea179ced86,CONSUMER,200,1,did:web:ssi-dim-wallet-service.identity:BPNL00000003AYRE,,1791526630257,1791526986319,1791526986319,
eac25a6a-8b63-439a-8d3b-8bfcfdb3e9a7,CONSUMER,200,1,did:web:ssi-dim-wallet-service.identity:BPNL00000003AYRE,,1791526630263,1791526986356,1791526986356,
5ce3eac4-6471-434a-acbf-6c8c61763f2d,CONSUMER,200,1,did:web:ssi-dim-wallet-service.identity:BPNL00000003AYRE,,1791526630447,1791526986350,1791526986350,
e2fc1fd7-7375-424c-b11a-27069dd838ba,CONSUMER,200,1,did:web:ssi-dim-wallet-service.identity:BPNL00000003AYRE,,1791526630449,1791526986547,1791526986547,
ba13a53c-63d2-41dc-8671-4cc228d4496d,CONSUMER,200,1,did:web:ssi-dim-wallet-service.identity:BPNL00000003AYRE,,1791526630455,1791526986611,1791526986611,
8fa0c80d-3a8a-4b46-bf23-454f1bb99764,CONSUMER,200,1,did:web:ssi-dim-wallet-service.identity:BPNL00000003AYRE,,1791526630653,1791526986658,1791526986658,
bd738f55-7615-4d82-8667-aaee6586e78f,CONSUMER,200,1,did:web:ssi-dim-wallet-service.identity:BPNL00000003AYRE,,1791526630664,1791526986750,1791526986750,
b63fde57-acde-4cd2-85ee-c0d908d43230,CONSUMER,200,1,did:web:ssi-dim-wallet-service.identity:BPNL00000003AYRE,,1791526630751,1791526986821,1791526986821,
e57497c6-35ed-4278-9499-214ef4aaafef,CONSUMER,200,1,did:web:ssi-dim-wallet-service.identity:BPNL00000003AYRE,,1791526630766,1791526986910,1791526986910,
b42f7cbc-fdb3-423b-b945-c9016328e968,CONSUMER,200,1,did:web:ssi-dim-wallet-service.identity:BPNL00000003AYRE,,1791526630851,1791526986962,1791526986962,
8cc2fcc8-1037-4e22-bb16-5b5ca916fc16,CONSUMER,200,1,did:web:ssi-dim-wallet-service.identity:BPNL00000003AYRE,,1791526632350,1791526987110,1791526987110,
9093dd99-0cff-489d-9509-21491e6c583c,CONSUMER,200,1,did:web:ssi-dim-wallet-service.identity:BPNL00000003AYRE,,1791526632648,1791526987206,1791526987206,
0b84583d-e2d7-4dd8-80ba-7679c9829aca,CONSUMER,200,1,did:web:ssi-dim-wallet-service.identity:BPNL00000003AYRE,,1791526633349,1791526987314,1791526987314,
5c811831-fd9e-4ed2-af03-16b8d7bf65c1,CONSUMER,200,1,did:web:ssi-dim-wallet-service.identity:BPNL00000003AYRE,,1791526633553,1791526987456,1791526987456,
8f2a870c-a441-499e-b165-bd87f28e919d,CONSUMER,200,1,did:web:ssi-dim-wallet-service.identity:BPNL00000003AYRE,,1791526633748,1791526987548,1791526987548,
0ef8012b-2516-45a9-a76e-b8213f1afbc0,CONSUMER,200,1,did:web:ssi-dim-wallet-service.identity:BPNL00000003AYRE,,1791526634948,1791526987620,1791526987620,
951f43bb-093c-47f2-8e83-49d2b0c90253,CONSUMER,200,1,did:web:ssi-dim-wallet-service.identity:BPNL00000003AYRE,,1791526635254,1791526987648,1791526987648,
b42c4deb-73e2-4d38-a926-d7351d24b053,CONSUMER,200,1,did:web:ssi-dim-wallet-service.identity:BPNL00000003AYRE,,1791526635261,1791526987710,1791526987710,
15a7d3a3-f61c-4f2f-a3cc-dc0951648c96,CONSUMER,200,1,did:web:ssi-dim-wallet-service.identity:BPNL00000003AYRE,,1791526635865,1791526988158,1791526988158,
96c316f5-6a62-4de9-bb8e-0d67af359fb4,CONSUMER,200,1,did:web:ssi-dim-wallet-service.identity:BPNL00000003AYRE,,1791526636362,1791526988212,1791526988212,
6ca45170-fcae-4ec0-a21b-5bfa925de4d9,CONSUMER,200,1,did:web:ssi-dim-wallet-service.identity:BPNL00000003AYRE,,1791526637052,1791526988262,1791526988262,
a2093b30-b62f-49f6-a006-c1f2aa6ef445,CONSUMER,200,1,did:web:ssi-dim-wallet-service.identity:BPNL00000003AYRE,,1791526637248,1791526988413,1791526988413,
81e1bf8a-881f-4e5f-8b69-bff84635b1bc,CONSUMER,200,1,did:web:ssi-dim-wallet-service.identity:BPNL00000003AYRE,,1791526637650,1791526988460,1791526988460,
9bf8d646-9b0a-4955-b745-5e25835503b9,CONSUMER,200,1,did:web:ssi-dim-wallet-service.identity:BPNL00000003AYRE,,1791526637659,1791526988515,1791526988515,
5388fbbf-3e76-4ec7-a16f-96842c99c455,CONSUMER,200,1,did:web:ssi-dim-wallet-service.identity:BPNL00000003AYRE,,1791526637962,1791526988550,1791526988550,
a71352b6-ea63-4abc-9c00-db7d0b4264e3,CONSUMER,200,1,did:web:ssi-dim-wallet-service.identity:BPNL00000003AYRE,,1791526638254,1791526988611,1791526988611,
bafc17f7-169f-48ef-97fd-643a776e306e,CONSUMER,200,1,did:web:ssi-dim-wallet-service.identity:BPNL00000003AYRE,,1791526638550,1791526988656,1791526988656,
c470dc9b-a2a5-4e2b-8294-838f7bd22b49,CONSUMER,200,1,did:web:ssi-dim-wallet-service.identity:BPNL00000003AYRE,,1791526638553,1791526988748,1791526988748,
a7cf71e4-0673-4f0d-b932-5405ce9d3e39,CONSUMER,200,1,did:web:ssi-dim-wallet-service.identity:BPNL00000003AYRE,,1791526639260,1791526988781,1791526988781,
5d6141ba-af22-4464-a4ca-6e1275beb678,CONSUMER,200,1,did:web:ssi-dim-wallet-service.identity:BPNL00000003AYRE,,1791526639362,1791526988821,1791526988821,
49e2e87d-5251-4f4c-876e-802cd621e9d9,CONSUMER,200,1,did:web:ssi-dim-wallet-service.identity:BPNL00000003AYRE,,1791526639555,1791526988956,1791526988956,
ef43a436-e94b-4490-86ff-c0f40aed24da,CONSUMER,200,1,did:web:ssi-dim-wallet-service.identity:BPNL00000003AYRE,,1791526639658,1791526988955,1791526988955,
809144cc-07a9-4198-aa07-b679551ae203,CONSUMER,200,1,did:web:ssi-dim-wallet-service.identity:BPNL00000003AYRE,,1791526639759,1791526989027,1791526989027,
01607e8c-d72a-43a4-b6ec-55f62230f4e3,CONSUMER,200,1,did:web:ssi-dim-wallet-service.identity:BPNL00000003AYRE,,1791526639856,1791526989050,1791526989050,
55cda337-ded2-4caf-bd5a-69811d78c6aa,CONSUMER,200,1,did:web:ssi-dim-wallet-service.identity:BPNL00000003AYRE,,1791526640149,1791526989148,1791526989148,
9f1302c0-8778-4a99-93e6-084896757389,CONSUMER,200,1,did:web:ssi-dim-wallet-service.identity:BPNL00000003AYRE,,1791526640158,1791526989228,1791526989228,
2733733a-686a-4854-81aa-e5fe03733283,CONSUMER,200,1,did:web:ssi-dim-wallet-service.identity:BPNL00000003AYRE,,1791526640162,1791526989319,1791526989319,
7b3a5a09-2f3a-4bc1-ac28-4d530c7316f3,CONSUMER,200,1,did:web:ssi-dim-wallet-service.identity:BPNL00000003AYRE,,1791526640451,1791526989347,1791526989347,
fe81522c-62f8-46bf-8131-62a9aff0ecea,CONSUMER,200,1,did:web:ssi-dim-wallet-service.identity:BPNL00000003AYRE,,1791526641154,1791526989639,1791526989639,
353829de-9590-49c9-b9c8-cfcd031e4702,CONSUMER,200,1,did:web:ssi-dim-wallet-service.identity:BPNL00000003AYRE,,1791526641455,1791526989655,1791526989655,
51a62b57-133b-45d1-8bde-c0693f3826d6,CONSUMER,200,1,did:web:ssi-dim-wallet-service.identity:BPNL00000003AYRE,,1791526641651,1791526989760,1791526989760,
83862777-e603-4d95-9562-886b3e2e718f,CONSUMER,200,1,did:web:ssi-dim-wallet-service.identity:BPNL00000003AYRE,,1791526642348,1791526989767,1791526989767,
a3918ec3-e36c-44cb-9bbf-38f9fd28d066,CONSUMER,200,1,did:web:ssi-dim-wallet-service.identity:BPNL00000003AYRE,,1791526642354,1791526990006,1791526990006,
0a49f86f-a2b6-48cb-bf34-e16e2ac65736,CONSUMER,200,1,did:web:ssi-dim-wallet-service.identity:BPNL00000003AYRE,,1791526642655,1791526989853,1791526989853,
e0cf629a-2155-47e2-ac60-f185bb02712f,CONSUMER,200,1,did:web:ssi-dim-wallet-service.identity:BPNL00000003AYRE,,1791526642655,1791526989964,1791526989964,
1bb314e8-1409-4825-9928-97d76f9c8059,CONSUMER,200,1,did:web:ssi-dim-wallet-service.identity:BPNL00000003AYRE,,1791526643051,1791526990008,1791526990008,
5c136882-0442-4c33-8973-0f25a49d2f0b,CONSUMER,200,1,did:web:ssi-dim-wallet-service.identity:BPNL00000003AYRE,,1791526643147,1791526990067,1791526990067,
93ba98ef-dc35-454e-9500-f8bc92758c9d,CONSUMER,200,1,did:web:ssi-dim-wallet-service.identity:BPNL00000003AYRE,,1791526644166,1791526990109,1791526990109,
4fd99ba6-abc8-4742-9924-e38184eb1882,CONSUMER,200,1,did:web:ssi-dim-wallet-service.identity:BPNL00000003AYRE,,1791526645763,1791526990166,1791526990166,
99bcf157-1fd3-4a16-b3d9-5170d29d95fa,CONSUMER,200,1,did:web:ssi-dim-wallet-service.identity:BPNL00000003AYRE,,1791526645858,1791526990208,1791526990208,
975b245f-2b41-46ba-9807-be3c67bf53b2,CONSUMER,200,1,did:web:ssi-dim-wallet-service.identity:BPNL00000003AYRE,,1791526646148,1791526990255,1791526990255,
4fa2182b-223d-4d84-8874-666cedeb0fc4,CONSUMER,200,1,did:web:ssi-dim-wallet-service.identity:BPNL00000003AYRE,,1791526646549,1791526990264,1791526990264,
f62ed9fd-0f48-46b4-ad40-7b3277c05dad,CONSUMER,200,1,did:web:ssi-dim-wallet-service.identity:BPNL00000003AYRE,,1791526647054,1791526990347,1791526990347,
110b9bda-53f0-4441-8ce1-f6e175f888c5,CONSUMER,200,1,did:web:ssi-dim-wallet-service.identity:BPNL00000003AYRE,,1791526647163,1791526990349,1791526990349,
1fb69aa0-351e-4183-8588-a9c4643f26e0,CONSUMER,200,1,did:web:ssi-dim-wallet-service.identity:BPNL00000003AYRE,,1791526647347,1791526990450,1791526990450,
60f87bee-3202-410e-abc3-e51fc58c6765,CONSUMER,200,1,did:web:ssi-dim-wallet-service.identity:BPNL00000003AYRE,,1791526647550,1791526990522,1791526990522,
16b6fa5d-decf-4dd1-87d2-ecaa024bd42b,CONSUMER,200,1,did:web:ssi-dim-wallet-service.identity:BPNL00000003AYRE,,1791526647755,1791526990615,1791526990615,
a1de6d37-6a4a-4537-a09c-aa7d26dc7dc7,CONSUMER,200,1,did:web:ssi-dim-wallet-service.identity:BPNL00000003AYRE,,1791526647859,1791526990718,1791526990718,
a4be090a-a78b-4865-a18a-1e31c112c7ec,CONSUMER,200,1,did:web:ssi-dim-wallet-service.identity:BPNL00000003AYRE,,1791526648056,1791526991018,1791526991018,
363c585f-2f53-411c-9c50-4ec805b304bb,CONSUMER,200,1,did:web:ssi-dim-wallet-service.identity:BPNL00000003AYRE,,1791526649254,1791526991054,1791526991054,
17612a29-5928-40ba-adc2-32520d89f3f9,CONSUMER,200,1,did:web:ssi-dim-wallet-service.identity:BPNL00000003AYRE,,1791526649652,1791526991116,1791526991116,
bc6ac19a-bc64-4ad7-b65d-8ceb5a9e45ad,CONSUMER,200,1,did:web:ssi-dim-wallet-service.identity:BPNL00000003AYRE,,1791526649657,1791526991179,1791526991179,
bbc7959c-fd9b-4249-8f9a-1b3c6da91c9a,CONSUMER,200,1,did:web:ssi-dim-wallet-service.identity:BPNL00000003AYRE,,1791526650262,1791526991221,1791526991221,
24e6e28a-2604-4468-8757-e60af1ef02e9,CONSUMER,200,1,did:web:ssi-dim-wallet-service.identity:BPNL00000003AYRE,,1791526651552,1791526991349,1791526991349,
dca2c8f7-0a2f-4839-a18b-18a57a0073bf,CONSUMER,200,1,did:web:ssi-dim-wallet-service.identity:BPNL00000003AYRE,,1791526651881,1791526991448,1791526991448,
45c0dd4d-0d3e-45c4-8b77-a26167a28943,CONSUMER,200,1,did:web:ssi-dim-wallet-service.identity:BPNL00000003AYRE,,1791526652053,1791526991516,1791526991516,
8710c0f1-c967-49e7-85da-97e08b5fb53a,CONSUMER,200,1,did:web:ssi-dim-wallet-service.identity:BPNL00000003AYRE,,1791526652054,1791526991647,1791526991647,
dfdace32-9f53-4a61-a66f-4ce4355d56ab,CONSUMER,200,1,did:web:ssi-dim-wallet-service.identity:BPNL00000003AYRE,,1791526652849,1791526991714,1791526991714,
f7d81a58-2332-4155-85d5-b3179982c573,CONSUMER,200,1,did:web:ssi-dim-wallet-service.identity:BPNL00000003AYRE,,1791526653062,1791526991760,1791526991760,
38de16bb-2208-46b9-a24a-03563f854b5f,CONSUMER,200,1,did:web:ssi-dim-wallet-service.identity:BPNL00000003AYRE,,1791526653360,1791526991819,1791526991819,
11190092-94bc-4d1d-a096-7e7db0a1a814,CONSUMER,200,1,did:web:ssi-dim-wallet-service.identity:BPNL00000003AYRE,,1791526653463,1791526991857,1791526991857,
756001b5-a112-4113-8d8a-90502a218665,CONSUMER,200,1,did:web:ssi-dim-wallet-service.identity:BPNL00000003AYRE,,1791526654154,1791526991868,1791526991868,
255fac61-074c-4866-b38e-62b55d698358,CONSUMER,200,1,did:web:ssi-dim-wallet-service.identity:BPNL00000003AYRE,,1791526654655,1791526991952,1791526991952,
f146a9b4-1b9c-49dd-8665-7a6831354ca2,CONSUMER,200,1,did:web:ssi-dim-wallet-service.identity:BPNL00000003AYRE,,1791526655654,1791526991964,1791526991964,
ae5c0790-ce46-4fd0-b97f-d5360f7f95e2,CONSUMER,200,1,did:web:ssi-dim-wallet-service.identity:BPNL00000003AYRE,,1791526655766,1791526992051,1791526992051,
869e5f94-7a67-42bf-b452-b4bbcb6432a4,CONSUMER,200,1,did:web:ssi-dim-wallet-service.identity:BPNL00000003AYRE,,1791526656264,1791526992119,1791526992119,
256d95f5-d578-46e7-bc08-e7ccf4756521,CONSUMER,200,1,did:web:ssi-dim-wallet-service.identity:BPNL00000003AYRE,,1791526656656,1791526992249,1791526992249,
337a2d56-9e9a-4ab8-b4a9-c09b2db0f507,CONSUMER,200,1,did:web:ssi-dim-wallet-service.identity:BPNL00000003AYRE,,1791526656766,1791526992263,1791526992263,
99f61877-99ff-4137-ba0a-6453f4e53dd2,CONSUMER,200,1,did:web:ssi-dim-wallet-service.identity:BPNL00000003AYRE,,1791526656852,1791526992610,1791526992610,
3e204f72-62c2-43fc-bc03-5e247f406edd,CONSUMER,200,1,did:web:ssi-dim-wallet-service.identity:BPNL00000003AYRE,,1791526656947,1791526992667,1791526992667,
c9cd318d-b74c-48c1-9256-d63afff51a29,CONSUMER,200,1,did:web:ssi-dim-wallet-service.identity:BPNL00000003AYRE,,1791526657959,1791526992772,1791526992772,
73ba05fc-ef5c-4292-a93a-bc9e2ab2845b,CONSUMER,200,1,did:web:ssi-dim-wallet-service.identity:BPNL00000003AYRE,,1791526657961,1791526992810,1791526992810,
49c6518b-b841-4f40-8d9c-77029c62bc62,CONSUMER,200,1,did:web:ssi-dim-wallet-service.identity:BPNL00000003AYRE,,1791526658147,1791526992852,1791526992852,
b370ac53-8bf7-4907-b00e-8d7c8f3059ed,CONSUMER,200,1,did:web:ssi-dim-wallet-service.identity:BPNL00000003AYRE,,1791526658268,1791526992950,1791526992950,
0085220a-62d0-4c25-a523-fcf66e3acc2c,CONSUMER,200,1,did:web:ssi-dim-wallet-service.identity:BPNL00000003AYRE,,1791526658677,1791526992961,1791526992961,
2fcbb42c-e5f9-4d9d-bfb7-bcc7cb9f43c0,CONSUMER,200,1,did:web:ssi-dim-wallet-service.identity:BPNL00000003AYRE,,1791526658949,1791526993051,1791526993051,
1e385559-b341-4498-b78d-e4279ef235b7,CONSUMER,200,1,did:web:ssi-dim-wallet-service.identity:BPNL00000003AYRE,,1791526659260,1791526993121,1791526993121,
d817d3c5-0cce-4343-b94f-517d32c5b838,CONSUMER,200,1,did:web:ssi-dim-wallet-service.identity:BPNL00000003AYRE,,1791526660155,1791526993184,1791526993184,
9d849450-6a35-431b-996e-6c96ad7b6ed6,CONSUMER,200,1,did:web:ssi-dim-wallet-service.identity:BPNL00000003AYRE,,1791526660449,1791526993310,1791526993310,
bfc2be27-5c54-4ccc-9096-e83ff400e81e,CONSUMER,200,1,did:web:ssi-dim-wallet-service.identity:BPNL00000003AYRE,,1791526661047,1791526993415,1791526993415,
7008a2d9-0046-43f8-b896-294f72eefabc,CONSUMER,200,1,did:web:ssi-dim-wallet-service.identity:BPNL00000003AYRE,,1791526661047,1791526993366,1791526993366,
eddfa602-a50f-41a0-a6e1-350d9f544720,CONSUMER,200,1,did:web:ssi-dim-wallet-service.identity:BPNL00000003AYRE,,1791526661451,1791526993420,1791526993420,
040a953c-916e-4a10-bf5c-855d9c77afdf,CONSUMER,200,1,did:web:ssi-dim-wallet-service.identity:BPNL00000003AYRE,,1791526662049,1791526993448,1791526993448,
3f81cefe-400f-44a0-b8b9-d0a7ff127a94,CONSUMER,200,1,did:web:ssi-dim-wallet-service.identity:BPNL00000003AYRE,,1791526662155,1791526993506,1791526993506,
736f126f-59bd-4e30-8cf3-0973fb2f6303,CONSUMER,200,1,did:web:ssi-dim-wallet-service.identity:BPNL00000003AYRE,,1791526662161,1791526993509,1791526993509,
1b3d660d-be42-4a13-8325-cdf229545342,CONSUMER,200,1,did:web:ssi-dim-wallet-service.identity:BPNL00000003AYRE,,1791526662654,1791526993561,1791526993561,
3a86fb52-c56e-4deb-ad15-80c0921c3098,CONSUMER,200,1,did:web:ssi-dim-wallet-service.identity:BPNL00000003AYRE,,1791526663053,1791526993620,1791526993620,
54578f1f-2072-4caf-8f3f-cea14d864dfb,CONSUMER,200,1,did:web:ssi-dim-wallet-service.identity:BPNL00000003AYRE,,1791526663156,1791526993709,1791526993709,
2b645bcb-a0f7-4046-86cf-f0f5d6b6386b,CONSUMER,200,1,did:web:ssi-dim-wallet-service.identity:BPNL00000003AYRE,,1791526663674,1791526994020,1791526994020,
b6f476a8-294b-4be1-9696-7ed51811e7b4,CONSUMER,200,1,did:web:ssi-dim-wallet-service.identity:BPNL00000003AYRE,,1791526665050,1791526994116,1791526994116,
20a33458-382a-4d3e-9cb1-3871991d7005,CONSUMER,200,1,did:web:ssi-dim-wallet-service.identity:BPNL00000003AYRE,,1791526666052,1791526994257,1791526994257,
e6b663a7-cfe4-4dae-a2a9-3e7671e94c24,CONSUMER,200,1,did:web:ssi-dim-wallet-service.identity:BPNL00000003AYRE,,1791526666268,1791526994262,1791526994262,
d3735e72-c821-49c4-aaa4-64674d5dee1e,CONSUMER,200,1,did:web:ssi-dim-wallet-service.identity:BPNL00000003AYRE,,1791526666363,1791526994218,1791526994218,
e08cf3b4-7cf7-4903-a8ce-f8acfa294a12,CONSUMER,200,1,did:web:ssi-dim-wallet-service.identity:BPNL00000003AYRE,,1791526666448,1791526994354,1791526994354,
3a79c957-482c-49cf-af6b-cb8af6bb253d,CONSUMER,200,1,did:web:ssi-dim-wallet-service.identity:BPNL00000003AYRE,,1791526666971,1791526994352,1791526994352,
86cd73e2-347a-41f1-b1ac-a5ba58395d7c,CONSUMER,200,1,did:web:ssi-dim-wallet-service.identity:BPNL00000003AYRE,,1791526667066,1791526994515,1791526994515,
adcb9a7d-cc24-4759-9c2b-bf2809f2f40b,CONSUMER,200,1,did:web:ssi-dim-wallet-service.identity:BPNL00000003AYRE,,1791526667147,1791526994452,1791526994452,
647f4ac6-ad98-4211-9c78-cc20184d1212,CONSUMER,200,1,did:web:ssi-dim-wallet-service.identity:BPNL00000003AYRE,,1791526667447,1791526994606,1791526994606,
0e009a19-9b5b-4b20-8da9-0d52583fe75d,CONSUMER,200,1,did:web:ssi-dim-wallet-service.identity:BPNL00000003AYRE,,1791526668857,1791526994452,1791526994452,
b46698b8-5e2c-47bd-bebc-fd5c773177f1,CONSUMER,200,1,did:web:ssi-dim-wallet-service.identity:BPNL00000003AYRE,,1791526668861,1791526994548,1791526994548,
ce1e7276-d7b9-4103-9253-9e4214907a7d,CONSUMER,200,1,did:web:ssi-dim-wallet-service.identity:BPNL00000003AYRE,,1791526669147,1791526994656,1791526994656,
ddacea5f-d928-4eea-aa9c-db690d0ea66f,CONSUMER,200,1,did:web:ssi-dim-wallet-service.identity:BPNL00000003AYRE,,1791526669751,1791526994647,1791526994647,
c481fa0b-ddf2-498f-a6e8-e48436d0e021,CONSUMER,200,1,did:web:ssi-dim-wallet-service.identity:BPNL00000003AYRE,,1791526669953,1791526994819,1791526994819,
d7fcbfa4-b434-4b27-b0fb-a01001ea8ca0,CONSUMER,200,1,did:web:ssi-dim-wallet-service.identity:BPNL00000003AYRE,,1791526670251,1791526994667,1791526994667,
a8ba28eb-7144-4598-884f-4e9be730380a,CONSUMER,200,1,did:web:ssi-dim-wallet-service.identity:BPNL00000003AYRE,,1791526670642,1791526994817,1791526994817,
437c8517-e479-44cd-aea6-19c9601b728f,CONSUMER,200,1,did:web:ssi-dim-wallet-service.identity:BPNL00000003AYRE,,1791526670750,1791526994852,1791526994852,
e81bf3b7-4214-4f0d-b2d0-808708eb74dd,CONSUMER,200,1,did:web:ssi-dim-wallet-service.identity:BPNL00000003AYRE,,1791526670955,1791526994815,1791526994815,
6a39c878-d5b2-4028-96fd-c0d7760c9564,CONSUMER,200,1,did:web:ssi-dim-wallet-service.identity:BPNL00000003AYRE,,1791526672243,1791526994858,1791526994858,
fe22e1c7-6aef-4fb5-b4f3-5f97d676297a,CONSUMER,200,1,did:web:ssi-dim-wallet-service.identity:BPNL00000003AYRE,,1791526672747,1791526995156,1791526995156,
d31ba024-dbd2-4b9e-bc5f-afa6a45468c6,CONSUMER,200,1,did:web:ssi-dim-wallet-service.identity:BPNL00000003AYRE,,1791526672849,1791526995156,1791526995156,
c729e537-e94a-4550-ae14-a2b87bdef6c5,CONSUMER,200,1,did:web:ssi-dim-wallet-service.identity:BPNL00000003AYRE,,1791526673054,1791526995211,1791526995211,
de3b926c-8f76-49d9-81f2-56d51d94c0d8,CONSUMER,200,1,did:web:ssi-dim-wallet-service.identity:BPNL00000003AYRE,,1791526673059,1791526995254,1791526995254,
00fe7e6b-928b-40f4-b82c-abb85a5356a5,CONSUMER,200,1,did:web:ssi-dim-wallet-service.identity:BPNL00000003AYRE,,1791526673256,1791526995310,1791526995310,
82a6e25d-599d-454c-92e6-3f17648ab8d1,CONSUMER,200,1,did:web:ssi-dim-wallet-service.identity:BPNL00000003AYRE,,1791526673355,1791526995421,1791526995421,
ef2c8cbc-0257-463c-b38a-d5a4ee4b048b,CONSUMER,200,1,did:web:ssi-dim-wallet-service.identity:BPNL00000003AYRE,,1791526673454,1791526995548,1791526995548,
6457aeb1-54ee-4d14-bf87-36dc6c037486,CONSUMER,200,1,did:web:ssi-dim-wallet-service.identity:BPNL00000003AYRE,,1791526673651,1791526995631,1791526995631,
7a6da5b8-3ded-4a91-ae7b-6400a8d305e3,CONSUMER,200,1,did:web:ssi-dim-wallet-service.identity:BPNL00000003AYRE,,1791526673760,1791526995648,1791526995648,
0d4b73fd-ff51-4506-965d-ed745b3c6d34,CONSUMER,200,1,did:web:ssi-dim-wallet-service.identity:BPNL00000003AYRE,,1791526674059,1791526995654,1791526995654,
2b834437-b470-4a07-aa2f-2e2171a227a3,CONSUMER,200,1,did:web:ssi-dim-wallet-service.identity:BPNL00000003AYRE,,1791526676051,1791526995752,1791526995752,
f0584866-0a96-4d35-9870-c804ef543673,CONSUMER,200,1,did:web:ssi-dim-wallet-service.identity:BPNL00000003AYRE,,1791526676056,1791526995810,1791526995810,
0211deb4-1007-4590-8323-3603249c9bb2,CONSUMER,200,1,did:web:ssi-dim-wallet-service.identity:BPNL00000003AYRE,,1791526676150,1791526995915,1791526995915,
5301e40c-b841-4214-a867-d369037d17c9,CONSUMER,200,1,did:web:ssi-dim-wallet-service.identity:BPNL00000003AYRE,,1791526676358,1791526995952,1791526995952,
56a4b3b5-20a5-43fe-9798-29eddc73e571,CONSUMER,200,1,did:web:ssi-dim-wallet-service.identity:BPNL00000003AYRE,,1791526676360,1791526996068,1791526996068,
b62563d4-7e38-4c75-9e63-46a9301274a0,CONSUMER,200,1,did:web:ssi-dim-wallet-service.identity:BPNL00000003AYRE,,1791526676750,1791526996119,1791526996119,
ed7f9ed0-3187-4c1b-9d8f-b8c35869e8ab,CONSUMER,200,1,did:web:ssi-dim-wallet-service.identity:BPNL00000003AYRE,,1791526676963,1791526996320,1791526996320,
75c01643-3051-409e-9416-f00a13ebba46,CONSUMER,200,1,did:web:ssi-dim-wallet-service.identity:BPNL00000003AYRE,,1791526677449,1791526996262,1791526996262,
9f86382c-ec54-4b1d-bebd-01e15cb4c9b4,CONSUMER,200,1,did:web:ssi-dim-wallet-service.identity:BPNL00000003AYRE,,1791526677555,1791526996456,1791526996456,
bfb689a0-0e9e-49bb-9d94-0684e70cb14a,CONSUMER,200,1,did:web:ssi-dim-wallet-service.identity:BPNL00000003AYRE,,1791526677658,1791526996522,1791526996522,
7f2bb06e-4688-4d5b-82e0-3ac5e4f60dac,CONSUMER,200,1,did:web:ssi-dim-wallet-service.identity:BPNL00000003AYRE,,1791526678061,1791526997261,1791526997261,
6d6a4f21-66b0-4299-a3e0-5399241b05ce,CONSUMER,200,1,did:web:ssi-dim-wallet-service.identity:BPNL00000003AYRE,,1791526678062,1791526997155,1791526997155,
670f800a-8c19-41f0-9a9e-ee3a5d85c10a,CONSUMER,200,1,did:web:ssi-dim-wallet-service.identity:BPNL00000003AYRE,,1791526678256,1791526997357,1791526997357,
2b636d91-a220-44bc-8bfc-4785134a4d64,CONSUMER,200,1,did:web:ssi-dim-wallet-service.identity:BPNL00000003AYRE,,1791526678449,1791526997413,1791526997413,
200497e5-dc49-4050-8379-4860527e6ffd,CONSUMER,200,1,did:web:ssi-dim-wallet-service.identity:BPNL00000003AYRE,,1791526678549,1791526997478,1791526997478,
4e9fb400-4cc2-44c2-897d-903352a91ddf,CONSUMER,200,1,did:web:ssi-dim-wallet-service.identity:BPNL00000003AYRE,,1791526680864,1791526997518,1791526997518,
bd55e9a9-6c47-4a2d-aa13-a18203deda65,CONSUMER,200,1,did:web:ssi-dim-wallet-service.identity:BPNL00000003AYRE,,1791526681449,1791526997582,1791526997582,
2a84695a-530c-4602-a9e2-ac33bab544ea,CONSUMER,200,1,did:web:ssi-dim-wallet-service.identity:BPNL00000003AYRE,,1791526681558,1791526997664,1791526997664,
56a7ce0d-8c8b-412a-a057-1cc121f41cc3,CONSUMER,200,1,did:web:ssi-dim-wallet-service.identity:BPNL00000003AYRE,,1791526681943,1791526997710,1791526997710,
31ba523b-77cc-4f6c-a4e8-df67faeecab2,CONSUMER,200,1,did:web:ssi-dim-wallet-service.identity:BPNL00000003AYRE,,1791526681953,1791526997809,1791526997809,
7a5de66f-8a63-4ac2-ad5d-574b60acbc1c,CONSUMER,200,1,did:web:ssi-dim-wallet-service.identity:BPNL00000003AYRE,,1791526682055,1791526997913,1791526997913,
93197b00-c9b6-4102-bf64-011eff0655e3,CONSUMER,200,1,did:web:ssi-dim-wallet-service.identity:BPNL00000003AYRE,,1791526682259,1791526997915,1791526997915,
6f6c549a-3346-432e-8c09-307d2eee026e,CONSUMER,200,1,did:web:ssi-dim-wallet-service.identity:BPNL00000003AYRE,,1791526683847,1791526997952,1791526997952,
c43ec684-fdd9-4ff0-bfba-b8701eb68d88,CONSUMER,200,1,did:web:ssi-dim-wallet-service.identity:BPNL00000003AYRE,,1791526684150,1791526998072,1791526998072,
a703ca2b-d8a0-48a0-8c57-454c732066be,CONSUMER,200,1,did:web:ssi-dim-wallet-service.identity:BPNL00000003AYRE,,1791526684851,1791526998118,1791526998118,
ea18f82b-dd85-4d34-a7d0-2a6152351f6e,CONSUMER,200,1,did:web:ssi-dim-wallet-service.identity:BPNL00000003AYRE,,1791526684856,1791526998151,1791526998151,
66be81a8-052a-40e7-8183-6df89ba7cebb,CONSUMER,200,1,did:web:ssi-dim-wallet-service.identity:BPNL00000003AYRE,,1791526685142,1791526998261,1791526998261,
74eae8a9-0a3b-4254-a7f3-acf2328d53e4,CONSUMER,200,1,did:web:ssi-dim-wallet-service.identity:BPNL00000003AYRE,,1791526686072,1791526998350,1791526998350,
78c9f709-5335-4c43-9f27-c76c42f9a67d,CONSUMER,200,1,did:web:ssi-dim-wallet-service.identity:BPNL00000003AYRE,,1791526686553,1791526998454,1791526998454,
6b357e2f-1ed8-4711-a8ae-54958377c1c9,CONSUMER,200,1,did:web:ssi-dim-wallet-service.identity:BPNL00000003AYRE,,1791526687057,1791526998513,1791526998513,
ea5b6860-d8d3-42e4-beef-2f5bf08a714c,CONSUMER,200,1,did:web:ssi-dim-wallet-service.identity:BPNL00000003AYRE,,1791526687159,1791526999053,1791526999053,
0d72eeaf-ee7a-4206-bb8f-5e139fc63af4,CONSUMER,200,1,did:web:ssi-dim-wallet-service.identity:BPNL00000003AYRE,,1791526687456,1791526999105,1791526999105,
a73de582-7b09-4bfd-afa2-0068eea81665,CONSUMER,200,1,did:web:ssi-dim-wallet-service.identity:BPNL00000003AYRE,,1791526687566,1791526999155,1791526999155,
8daa9774-1cc7-497a-b9c3-32a719b70b4a,CONSUMER,200,1,did:web:ssi-dim-wallet-service.identity:BPNL00000003AYRE,,1791526687947,1791526999171,1791526999171,
da0cf536-1f8e-4207-896f-66ee5989457e,CONSUMER,200,1,did:web:ssi-dim-wallet-service.identity:BPNL00000003AYRE,,1791526688156,1791526999253,1791526999253,
7678bbca-63db-4abd-bd80-cd3a3d08ecce,CONSUMER,200,1,did:web:ssi-dim-wallet-service.identity:BPNL00000003AYRE,,1791526688454,1791526999360,1791526999360,
3ae7a78a-c9a2-48c0-bb68-53db9399d0f0,CONSUMER,200,1,did:web:ssi-dim-wallet-service.identity:BPNL00000003AYRE,,1791526688653,1791526999360,1791526999360,
ca83f259-56d9-4e09-99e1-738090995028,CONSUMER,200,1,did:web:ssi-dim-wallet-service.identity:BPNL00000003AYRE,,1791526689056,1791526999558,1791526999558,
ba92ea0b-09c1-4f70-af4d-6ed6e6ba5b91,CONSUMER,200,1,did:web:ssi-dim-wallet-service.identity:BPNL00000003AYRE,,1791526689148,1791526999553,1791526999553,
c20b01c7-5549-4e6b-a08e-c65822d5e48e,CONSUMER,200,1,did:web:ssi-dim-wallet-service.identity:BPNL00000003AYRE,,1791526689878,1791526999858,1791526999858,
5f9366c4-2e04-4e51-a264-706bd62502db,CONSUMER,200,1,did:web:ssi-dim-wallet-service.identity:BPNL00000003AYRE,,1791526690951,1791526999948,1791526999948,
a8e979ad-8a0a-4545-af5e-6961f363fcdb,CONSUMER,200,1,did:web:ssi-dim-wallet-service.identity:BPNL00000003AYRE,,1791526691769,1791527000172,1791527000172,
4712bb67-50a3-4aff-a7f4-0d1b11355c02,CONSUMER,200,1,did:web:ssi-dim-wallet-service.identity:BPNL00000003AYRE,,1791526692151,1791527000458,1791527000458,
c41c6ca1-f87d-4f76-b1aa-61ade4d1f434,CONSUMER,200,1,did:web:ssi-dim-wallet-service.identity:BPNL00000003AYRE,,1791526692950,1791527000850,1791527000850,
0f8c57a9-7115-4205-891b-7155a5c1f7fd,CONSUMER,200,1,did:web:ssi-dim-wallet-service.identity:BPNL00000003AYRE,,1791526693349,1791527000856,1791527000856,
3d01e6a3-e8e0-4621-964d-efc58c7e540f,CONSUMER,200,1,did:web:ssi-dim-wallet-service.identity:BPNL00000003AYRE,,1791526693552,1791527002451,1791527002451,
2e7d55aa-30fe-4ad7-9246-6475e87d4dd2,CONSUMER,200,1,did:web:ssi-dim-wallet-service.identity:BPNL00000003AYRE,,1791526693556,1791527002410,1791527002410,
159bc1f1-25a2-4427-b755-9aade208d82e,CONSUMER,200,1,did:web:ssi-dim-wallet-service.identity:BPNL00000003AYRE,,1791526693967,1791527003852,1791527003852,
cfa12e3e-03b6-4298-af69-5f9f56e8805b,CONSUMER,200,1,did:web:ssi-dim-wallet-service.identity:BPNL00000003AYRE,,1791526694064,1791527005317,1791527005317,
d09f2b4d-12af-413c-ac72-0185121f4cf9,CONSUMER,200,1,did:web:ssi-dim-wallet-service.identity:BPNL00000003AYRE,,1791526694158,1791527005909,1791527005909,
bf05544d-990b-4a7d-bda6-0465731fc87e,CONSUMER,200,1,did:web:ssi-dim-wallet-service.identity:BPNL00000003AYRE,,1791526695467,1791527008053,1791527008053,
d2daeb37-0392-43c4-a811-d49112e05d78,CONSUMER,200,1,did:web:ssi-dim-wallet-service.identity:BPNL00000003AYRE,,1791526695659,1791527008115,1791527008115,
c1d9f42d-be4b-4f16-b1ef-bf8ce6c124a6,CONSUMER,200,1,did:web:ssi-dim-wallet-service.identity:BPNL00000003AYRE,,1791526695852,1791527008760,1791527008760,
29c91d0b-0946-40b2-a669-052df39b5c45,CONSUMER,200,1,did:web:ssi-dim-wallet-service.identity:BPNL00000003AYRE,,1791526695854,1791527009520,1791527009520,
0b85dfe4-b458-4351-bce3-7dddea55e473,CONSUMER,200,1,did:web:ssi-dim-wallet-service.identity:BPNL00000003AYRE,,1791526695958,1791527009952,1791527009952,
56bb6ae6-aafd-442d-92a3-ff026e34b017,CONSUMER,200,1,did:web:ssi-dim-wallet-service.identity:BPNL00000003AYRE,,1791526696664,1791527010610,1791527010610,
f105f597-2f74-4845-861e-54ba277d948b,CONSUMER,200,1,did:web:ssi-dim-wallet-service.identity:BPNL00000003AYRE,,1791526696752,1791527010909,1791527010909,
9d3b7e50-6de6-4290-8bcf-7867b7c90de6,CONSUMER,200,1,did:web:ssi-dim-wallet-service.identity:BPNL00000003AYRE,,1791526696868,1791527010914,1791527010914,
fd0fbe25-c771-4eb7-887e-3831b4579535,CONSUMER,200,1,did:web:ssi-dim-wallet-service.identity:BPNL00000003AYRE,,1791526697047,1791527010952,1791527010952,
168b4fee-af1f-4e96-b1d1-cd6009fff73d,CONSUMER,200,1,did:web:ssi-dim-wallet-service.identity:BPNL00000003AYRE,,1791526697460,1791527011105,1791527011105,
6b4efb61-efea-416b-a71c-2f5bd98759d0,CONSUMER,200,1,did:web:ssi-dim-wallet-service.identity:BPNL00000003AYRE,,1791526697952,1791527011208,1791527011208,
4756f7bc-0095-4c3d-9679-45821e2cfb1b,CONSUMER,200,1,did:web:ssi-dim-wallet-service.identity:BPNL00000003AYRE,,1791526697961,1791527011153,1791527011153,
2fa638d4-acfc-4255-8656-58a6f67227c1,CONSUMER,200,1,did:web:ssi-dim-wallet-service.identity:BPNL00000003AYRE,,1791526698348,1791527011252,1791527011252,
e971c1f4-b894-4dce-a28f-4dabc04b8691,CONSUMER,200,1,did:web:ssi-dim-wallet-service.identity:BPNL00000003AYRE,,1791526698359,1791527011404,1791527011404,
b4f49604-b952-45ff-a964-b3b2be84a730,CONSUMER,200,1,did:web:ssi-dim-wallet-service.identity:BPNL00000003AYRE,,1791526699054,1791527011606,1791527011606,
e7884dce-c003-484e-8422-5578697b148c,CONSUMER,200,1,did:web:ssi-dim-wallet-service.identity:BPNL00000003AYRE,,1791526699147,1791527011762,1791527011762,
13364773-b1e9-407a-8375-95fe29f30c4b,CONSUMER,200,1,did:web:ssi-dim-wallet-service.identity:BPNL00000003AYRE,,1791526699147,1791527011849,1791527011849,
2ef271cc-ffb0-44fe-9319-d9ac1cc92cb8,CONSUMER,200,1,did:web:ssi-dim-wallet-service.identity:BPNL00000003AYRE,,1791526699569,1791527011852,1791527011852,
9f342639-acf4-4d38-9de1-5cd34a0a4877,CONSUMER,200,1,did:web:ssi-dim-wallet-service.identity:BPNL00000003AYRE,,1791526700350,1791527012153,1791527012153,
84e810b2-9a40-4f6d-b9f1-183d1abeba02,CONSUMER,200,1,did:web:ssi-dim-wallet-service.identity:BPNL00000003AYRE,,1791526700355,1791527012113,1791527012113,
3903334b-abca-4dd7-9693-e1250c04e325,CONSUMER,200,1,did:web:ssi-dim-wallet-service.identity:BPNL00000003AYRE,,1791526701347,1791527012411,1791527012411,
a6f1b660-a61c-49a5-858a-712b7983f973,CONSUMER,200,1,did:web:ssi-dim-wallet-service.identity:BPNL00000003AYRE,,1791526701460,1791527013108,1791527013108,
67644554-e384-4052-87c9-2fd0b31cc67a,CONSUMER,200,1,did:web:ssi-dim-wallet-service.identity:BPNL00000003AYRE,,1791526701763,1791527013454,1791527013454,
fdd8183a-e21c-4cdc-b9d4-0fa59d496da4,CONSUMER,200,1,did:web:ssi-dim-wallet-service.identity:BPNL00000003AYRE,,1791526702159,1791527013452,1791527013452,
bfbd92cf-3217-4e67-9f92-d50956f97ed5,CONSUMER,200,1,did:web:ssi-dim-wallet-service.identity:BPNL00000003AYRE,,1791526702463,1791527014153,1791527014153,
7bb24723-ea8b-4c37-bebd-43c98ef0c4d6,CONSUMER,200,1,did:web:ssi-dim-wallet-service.identity:BPNL00000003AYRE,,1791526703063,1791527014257,1791527014257,
c032867f-362b-4d46-858d-96244d0ddef1,CONSUMER,200,1,did:web:ssi-dim-wallet-service.identity:BPNL00000003AYRE,,1791526703149,1791527014010,1791527014010,
efdad816-7339-4376-b334-c3e549c1dfcc,CONSUMER,200,1,did:web:ssi-dim-wallet-service.identity:BPNL00000003AYRE,,1791526703249,1791527014056,1791527014056,
5d6c4764-7913-4816-9257-8e10e10dcd29,CONSUMER,200,1,did:web:ssi-dim-wallet-service.identity:BPNL00000003AYRE,,1791526704053,1791527014511,1791527014511,
bbbe3c8d-5f44-426c-8303-7bc2ce75fe0c,CONSUMER,200,1,did:web:ssi-dim-wallet-service.identity:BPNL00000003AYRE,,1791526704356,1791527015516,1791527015516,
144fe04e-347e-433e-83e2-9198a3ec520e,CONSUMER,200,1,did:web:ssi-dim-wallet-service.identity:BPNL00000003AYRE,,1791526704356,1791527015017,1791527015017,
4683cdeb-c090-4fd7-916e-51a302915d53,CONSUMER,200,1,did:web:ssi-dim-wallet-service.identity:BPNL00000003AYRE,,1791526704554,1791527015409,1791527015409,
477bcdf1-2ce0-420a-8028-fb67a2b938c1,CONSUMER,200,1,did:web:ssi-dim-wallet-service.identity:BPNL00000003AYRE,,1791526705659,1791527015611,1791527015611,
8c6c18c8-be72-443c-90f4-e8e9ea8be46b,CONSUMER,200,1,did:web:ssi-dim-wallet-service.identity:BPNL00000003AYRE,,1791526705771,1791527015921,1791527015921,
34ef68ca-55e1-4632-a582-efb8b2077f38,CONSUMER,200,1,did:web:ssi-dim-wallet-service.identity:BPNL00000003AYRE,,1791526707550,1791527016213,1791527016213,
6e9cf32a-ddde-4db8-970b-3887daadb7fa,CONSUMER,200,1,did:web:ssi-dim-wallet-service.identity:BPNL00000003AYRE,,1791526707753,1791527016213,1791527016213,
016a279d-5454-4cd0-8942-60330a166f47,CONSUMER,200,1,did:web:ssi-dim-wallet-service.identity:BPNL00000003AYRE,,1791526707767,1791527016959,1791527016959,
d4cf71eb-da04-4c73-ad01-24765409d519,CONSUMER,200,1,did:web:ssi-dim-wallet-service.identity:BPNL00000003AYRE,,1791526707952,1791527017250,1791527017250,
00e22ab5-9dc1-4bf3-a521-23ba4ef17f7e,CONSUMER,200,1,did:web:ssi-dim-wallet-service.identity:BPNL00000003AYRE,,1791526707954,1791527017606,1791527017606,
1effc707-5d99-41fb-abe0-963522842b05,CONSUMER,200,1,did:web:ssi-dim-wallet-service.identity:BPNL00000003AYRE,,1791526708462,1791527017668,1791527017668,
04fb41b8-ac0d-4f62-b9f3-1380b2c9dc67,CONSUMER,200,1,did:web:ssi-dim-wallet-service.identity:BPNL00000003AYRE,,1791526709567,1791527018806,1791527018806,
68127cc8-dc07-4ee2-81b5-85cb4a2aac5d,CONSUMER,200,1,did:web:ssi-dim-wallet-service.identity:BPNL00000003AYRE,,1791526709755,1791527019622,1791527019622,
93f6df3a-8a7f-4dab-b1bf-363a51d86e6c,CONSUMER,200,1,did:web:ssi-dim-wallet-service.identity:BPNL00000003AYRE,,1791526709763,1791527020217,1791527020217,
b38d6682-6eed-4de3-8031-57467d4fbdbd,CONSUMER,200,1,did:web:ssi-dim-wallet-service.identity:BPNL00000003AYRE,,1791526710055,1791527020416,1791527020416,
a53768ab-08fc-4d6b-a822-cc49563c8a64,CONSUMER,200,1,did:web:ssi-dim-wallet-service.identity:BPNL00000003AYRE,,1791526710348,1791527020319,1791527020319,
87a99f30-f00b-45f3-a2c0-34d6cff71bb1,CONSUMER,200,1,did:web:ssi-dim-wallet-service.identity:BPNL00000003AYRE,,1791526710354,1791527020612,1791527020612,
afac5cf5-4bbf-4dae-94a6-dfc4896529d6,CONSUMER,200,1,did:web:ssi-dim-wallet-service.identity:BPNL00000003AYRE,,1791526710355,1791527020416,1791527020416,
634328d5-058a-43dc-90b2-120e167646ff,CONSUMER,200,1,did:web:ssi-dim-wallet-service.identity:BPNL00000003AYRE,,1791526710448,1791527020707,1791527020707,
35458f29-f8ec-408a-ace1-ed95d3f47733,CONSUMER,200,1,did:web:ssi-dim-wallet-service.identity:BPNL00000003AYRE,,1791526710454,1791527020852,1791527020852,
5ff1b214-a1f4-485e-b83f-430b11fcc8b0,CONSUMER,200,1,did:web:ssi-dim-wallet-service.identity:BPNL00000003AYRE,,1791526710458,1791527020852,1791527020852,
6ecd4cf6-40a7-48d5-918a-076f4d3dfdf4,CONSUMER,200,1,did:web:ssi-dim-wallet-service.identity:BPNL00000003AYRE,,1791526710767,1791527021121,1791527021121,
4c2c8511-73e7-4521-b180-ed776134fc45,CONSUMER,200,1,did:web:ssi-dim-wallet-service.identity:BPNL00000003AYRE,,1791526710851,1791527021150,1791527021150,
2f2af240-79c2-46e6-aa9c-c0ee0728646c,CONSUMER,200,1,did:web:ssi-dim-wallet-service.identity:BPNL00000003AYRE,,1791526711467,1791527021148,1791527021148,
5a320eea-7eab-443c-90ed-2ed87beb9573,CONSUMER,200,1,did:web:ssi-dim-wallet-service.identity:BPNL00000003AYRE,,1791526711956,1791527021511,1791527021511,
ed9b0a23-418d-423c-b61f-fbc196715bf3,CONSUMER,200,1,did:web:ssi-dim-wallet-service.identity:BPNL00000003AYRE,,1791526712847,1791527021954,1791527021954,
d32dea98-4356-4a28-af1f-06cca84173b0,CONSUMER,200,1,did:web:ssi-dim-wallet-service.identity:BPNL00000003AYRE,,1791526712848,1791527021615,1791527021615,
7085fec8-a75c-458d-ae45-ef75c839eb6a,CONSUMER,200,1,did:web:ssi-dim-wallet-service.identity:BPNL00000003AYRE,,1791526713352,1791527021851,1791527021851,
fb630d17-5637-4ed1-b54c-f8ad84782354,CONSUMER,200,1,did:web:ssi-dim-wallet-service.identity:BPNL00000003AYRE,,1791526713448,1791527022007,1791527022007,
dfed89a5-a91c-4c34-82f8-c391db2687e2,CONSUMER,200,1,did:web:ssi-dim-wallet-service.identity:BPNL00000003AYRE,,1791526713752,1791527021808,1791527021808,
ac64dabe-84cb-4372-a36e-cbec1164b5b6,CONSUMER,200,1,did:web:ssi-dim-wallet-service.identity:BPNL00000003AYRE,,1791526714347,1791527022057,1791527022057,
6203c9fa-af82-49c4-96a5-d218f9a2b812,CONSUMER,200,1,did:web:ssi-dim-wallet-service.identity:BPNL00000003AYRE,,1791526714368,1791527022258,1791527022258,
9a021c1b-74b2-4c79-b4fd-fca338ffcfef,CONSUMER,200,1,did:web:ssi-dim-wallet-service.identity:BPNL00000003AYRE,,1791526714675,1791527022451,1791527022451,
14e03845-2988-4d72-aefb-7efa8c6dbebc,CONSUMER,200,1,did:web:ssi-dim-wallet-service.identity:BPNL00000003AYRE,,1791526714756,1791527022347,1791527022347,
d82b82ef-5b40-4041-a889-f7834cdcc187,CONSUMER,200,1,did:web:ssi-dim-wallet-service.identity:BPNL00000003AYRE,,1791526714959,1791527022452,1791527022452,
7a1fe876-9622-43b4-9ad0-8fc2e1cef0c8,CONSUMER,200,1,did:web:ssi-dim-wallet-service.identity:BPNL00000003AYRE,,1791526715369,1791527022457,1791527022457,
4501ccc2-de9f-4a5b-ba81-6e8381612807,CONSUMER,200,1,did:web:ssi-dim-wallet-service.identity:BPNL00000003AYRE,,1791526715565,1791527022850,1791527022850,
2b124b3d-28c6-451f-a6af-5b850e4a12ae,CONSUMER,200,1,did:web:ssi-dim-wallet-service.identity:BPNL00000003AYRE,,1791526716160,1791527022921,1791527022921,
ff6b8c49-9734-4a74-b5ae-0def3153ed90,CONSUMER,200,1,did:web:ssi-dim-wallet-service.identity:BPNL00000003AYRE,,1791526716163,1791527023318,1791527023318,
f15365d5-ebb6-40e2-beb4-146bb6bbf243,CONSUMER,200,1,did:web:ssi-dim-wallet-service.identity:BPNL00000003AYRE,,1791526716361,1791527023412,1791527023412,
37b6d12b-948f-4eb1-adc1-edd4c6eceec1,CONSUMER,200,1,did:web:ssi-dim-wallet-service.identity:BPNL00000003AYRE,,1791526716453,1791527023414,1791527023414,
920328eb-8f56-4035-a801-0a7a5204dfa6,CONSUMER,200,1,did:web:ssi-dim-wallet-service.identity:BPNL00000003AYRE,,1791526716463,1791527023413,1791527023413,
e7db3b70-4414-454d-9396-032e6513f864,CONSUMER,200,1,did:web:ssi-dim-wallet-service.identity:BPNL00000003AYRE,,1791526716547,1791527023461,1791527023461,
c29aa45f-7d86-4c0c-8cb3-a981bd6f0c25,CONSUMER,200,1,did:web:ssi-dim-wallet-service.identity:BPNL00000003AYRE,,1791526716650,1791527023947,1791527023947,
b6e455cc-f427-4452-8f9c-d50f085e923f,CONSUMER,200,1,did:web:ssi-dim-wallet-service.identity:BPNL00000003AYRE,,1791526717555,1791527023629,1791527023629,
c60e20a8-6630-4776-8ae2-3e6d9ace7070,CONSUMER,200,1,did:web:ssi-dim-wallet-service.identity:BPNL00000003AYRE,,1791526718058,1791527023810,1791527023810,
edf20872-5035-4fcd-b090-9a69947de2de,CONSUMER,200,1,did:web:ssi-dim-wallet-service.identity:BPNL00000003AYRE,,1791526719257,1791527023947,1791527023947,
81b14396-236b-4aae-a512-0c646c5b51c6,CONSUMER,200,1,did:web:ssi-dim-wallet-service.identity:BPNL00000003AYRE,,1791526719353,1791527023956,1791527023956,
07a10410-c953-4180-b882-d3ee4d1cfbd7,CONSUMER,200,1,did:web:ssi-dim-wallet-service.identity:BPNL00000003AYRE,,1791526719647,1791527024056,1791527024056,
4d1c9c9d-f4c4-4e83-b8e4-a3144119af71,CONSUMER,200,1,did:web:ssi-dim-wallet-service.identity:BPNL00000003AYRE,,1791526719760,1791527024147,1791527024147,
73a6fc45-9161-4132-b5a4-984cb9867ff9,CONSUMER,200,1,did:web:ssi-dim-wallet-service.identity:BPNL00000003AYRE,,1791526719957,1791527024355,1791527024355,
0d75499f-87e5-4402-8560-a6a9c12c3bf0,CONSUMER,200,1,did:web:ssi-dim-wallet-service.identity:BPNL00000003AYRE,,1791526720054,1791527024607,1791527024607,
0dc2ace6-b78b-42d5-bce5-bec6e78acf98,CONSUMER,200,1,did:web:ssi-dim-wallet-service.identity:BPNL00000003AYRE,,1791526720147,1791527024621,1791527024621,
666ae618-cc27-4c85-a58a-f72f57c2d67c,CONSUMER,200,1,did:web:ssi-dim-wallet-service.identity:BPNL00000003AYRE,,1791526721351,1791527024630,1791527024630,
4db1892f-d7c5-4148-96bc-2250b0101e9f,CONSUMER,200,1,did:web:ssi-dim-wallet-service.identity:BPNL00000003AYRE,,1791526721356,1791527024629,1791527024629,
0cc3fce7-38ec-4633-8033-1ec6abbbbd49,CONSUMER,200,1,did:web:ssi-dim-wallet-service.identity:BPNL00000003AYRE,,1791526721655,1791527025020,1791527025020,
771d1193-687f-4dcc-a9f0-35f445457597,CONSUMER,200,1,did:web:ssi-dim-wallet-service.identity:BPNL00000003AYRE,,1791526721750,1791527024913,1791527024913,
b42769b0-b933-4a88-a70d-bd2152922a75,CONSUMER,200,1,did:web:ssi-dim-wallet-service.identity:BPNL00000003AYRE,,1791526722471,1791527025011,1791527025011,
0d717055-6cc7-43fd-93d3-85c740e16ecf,CONSUMER,200,1,did:web:ssi-dim-wallet-service.identity:BPNL00000003AYRE,,1791526722860,1791527024905,1791527024905,
a55ad699-cf84-4066-b7f3-142883b7caa2,CONSUMER,200,1,did:web:ssi-dim-wallet-service.identity:BPNL00000003AYRE,,1791526723464,1791527025315,1791527025315,
49886329-2932-4a71-9708-df3daa571e7b,CONSUMER,200,1,did:web:ssi-dim-wallet-service.identity:BPNL00000003AYRE,,1791526724251,1791527025348,1791527025348,
0894269a-6e56-4497-8ce4-920af078979c,CONSUMER,200,1,did:web:ssi-dim-wallet-service.identity:BPNL00000003AYRE,,1791526724365,1791527025407,1791527025407,
c9ec97a3-6896-4cbd-b7a1-fcee9b49a4e0,CONSUMER,200,1,did:web:ssi-dim-wallet-service.identity:BPNL00000003AYRE,,1791526724548,1791527025212,1791527025212,
a00db13a-f344-40b7-b764-fa082dfa8df2,CONSUMER,200,1,did:web:ssi-dim-wallet-service.identity:BPNL00000003AYRE,,1791526724550,1791527025419,1791527025419,
5dd80e89-8433-4494-ad8a-c80de9e7b509,CONSUMER,200,1,did:web:ssi-dim-wallet-service.identity:BPNL00000003AYRE,,1791526724855,1791527025455,1791527025455,
7a7f7019-914b-482f-a955-e0d348b6645a,CONSUMER,200,1,did:web:ssi-dim-wallet-service.identity:BPNL00000003AYRE,,1791526725347,1791527025710,1791527025710,
e894cbe2-e22f-4047-a76a-a0822d2d8f72,CONSUMER,200,1,did:web:ssi-dim-wallet-service.identity:BPNL00000003AYRE,,1791526725374,1791527025816,1791527025816,
e27b3f86-1220-4977-b1c6-3301035b22d1,CONSUMER,200,1,did:web:ssi-dim-wallet-service.identity:BPNL00000003AYRE,,1791526725661,1791527025710,1791527025710,
ebf92897-5983-4d11-8ddb-be48a65a0a74,CONSUMER,200,1,did:web:ssi-dim-wallet-service.identity:BPNL00000003AYRE,,1791526725662,1791527025912,1791527025912,
efb72f20-2fd5-47e8-a7cf-ace6f9d3085a,CONSUMER,200,1,did:web:ssi-dim-wallet-service.identity:BPNL00000003AYRE,,1791526725766,1791527025718,1791527025719,
0ec5b153-e552-470f-8e33-3c89f9716bc2,CONSUMER,200,1,did:web:ssi-dim-wallet-service.identity:BPNL00000003AYRE,,1791526726254,1791527025853,1791527025853,
5a3dadbe-36b8-46a8-aa6e-687dde02a0a5,CONSUMER,200,1,did:web:ssi-dim-wallet-service.identity:BPNL00000003AYRE,,1791526726566,1791527026111,1791527026111,
9f5ecd49-cdab-43a3-a29e-03392ef97ba4,CONSUMER,200,1,did:web:ssi-dim-wallet-service.identity:BPNL00000003AYRE,,1791526726856,1791527026159,1791527026159,
34030600-0ebe-4b91-97c7-519fcbc76ae1,CONSUMER,200,1,did:web:ssi-dim-wallet-service.identity:BPNL00000003AYRE,,1791526727048,1791527026318,1791527026318,
109bbebf-aa25-4621-be04-960d4e8ffbbe,CONSUMER,200,1,did:web:ssi-dim-wallet-service.identity:BPNL00000003AYRE,,1791526727064,1791527026451,1791527026451,
23cd24f1-0ead-4263-b950-2760cc6f1b4c,CONSUMER,200,1,did:web:ssi-dim-wallet-service.identity:BPNL00000003AYRE,,1791526727359,1791527026359,1791527026359,
7f88846b-9539-474e-a103-70b5933920a6,CONSUMER,200,1,did:web:ssi-dim-wallet-service.identity:BPNL00000003AYRE,,1791526727954,1791527026357,1791527026357,
da08d0c6-45bf-48f3-a60a-9833b9500903,CONSUMER,200,1,did:web:ssi-dim-wallet-service.identity:BPNL00000003AYRE,,1791526728347,1791527026515,1791527026515,
1f4c1955-8cda-4fa1-8609-830f350f5d29,CONSUMER,200,1,did:web:ssi-dim-wallet-service.identity:BPNL00000003AYRE,,1791526728367,1791527026618,1791527026618,
e430f74d-6532-4621-a651-be3fb33f550f,CONSUMER,200,1,did:web:ssi-dim-wallet-service.identity:BPNL00000003AYRE,,1791526728757,1791527026716,1791527026716,
6cb2e376-f711-4a44-9ec7-f21ac082a07a,CONSUMER,200,1,did:web:ssi-dim-wallet-service.identity:BPNL00000003AYRE,,1791526729447,1791527026723,1791527026723,
6409e905-d5d1-4358-b769-cdf78d812f55,CONSUMER,200,1,did:web:ssi-dim-wallet-service.identity:BPNL00000003AYRE,,1791526729948,1791527026755,1791527026755,
9d9607d1-cf57-4f77-b75e-bc2667f7c937,CONSUMER,200,1,did:web:ssi-dim-wallet-service.identity:BPNL00000003AYRE,,1791526730157,1791527026996,1791527026996,
b9670c90-a117-4e1c-a9b7-da12ac1d8609,CONSUMER,200,1,did:web:ssi-dim-wallet-service.identity:BPNL00000003AYRE,,1791526730358,1791527027107,1791527027107,
a3aaff6e-7981-4456-b1cf-87c621592b88,CONSUMER,200,1,did:web:ssi-dim-wallet-service.identity:BPNL00000003AYRE,,1791526730759,1791527027047,1791527027047,
4a27dc06-233e-49fe-8a79-ddce7aa29ccc,CONSUMER,200,1,did:web:ssi-dim-wallet-service.identity:BPNL00000003AYRE,,1791526730874,1791527027007,1791527027007,
ef4c9da6-89e7-4bb1-a563-51d984b5017c,CONSUMER,200,1,did:web:ssi-dim-wallet-service.identity:BPNL00000003AYRE,,1791526731147,1791527027115,1791527027115,
cfe12552-eefc-49f9-9bc5-9c9537fd2c1f,CONSUMER,200,1,did:web:ssi-dim-wallet-service.identity:BPNL00000003AYRE,,1791526731253,1791527027247,1791527027247,
a2eb3ab9-108f-4479-8ade-05d5345d7ae3,CONSUMER,200,1,did:web:ssi-dim-wallet-service.identity:BPNL00000003AYRE,,1791526731260,1791527027212,1791527027212,
da892440-ef8f-4565-9aed-a9a5d04e2338,CONSUMER,200,1,did:web:ssi-dim-wallet-service.identity:BPNL00000003AYRE,,1791526731355,1791527027147,1791527027147,
9d66bb33-b1db-46d2-866d-797f87b24fe1,CONSUMER,200,1,did:web:ssi-dim-wallet-service.identity:BPNL00000003AYRE,,1791526731358,1791527027355,1791527027355,
81b005db-dbc2-4ad8-b5e4-afb4d3946f30,CONSUMER,200,1,did:web:ssi-dim-wallet-service.identity:BPNL00000003AYRE,,1791526731666,1791527027250,1791527027250,
2adf72f0-c2eb-4494-9b6c-436ad7669f92,CONSUMER,200,1,did:web:ssi-dim-wallet-service.identity:BPNL00000003AYRE,,1791526732175,1791527027352,1791527027352,
220e5025-774b-43db-a5eb-cc19a0714db8,CONSUMER,200,1,did:web:ssi-dim-wallet-service.identity:BPNL00000003AYRE,,1791526732247,1791527027410,1791527027410,
6835ef29-0668-4b28-af93-fe121b753701,CONSUMER,200,1,did:web:ssi-dim-wallet-service.identity:BPNL00000003AYRE,,1791526732348,1791527027449,1791527027449,
1fe9ed24-5b36-410b-a092-c0540ca22dc9,CONSUMER,200,1,did:web:ssi-dim-wallet-service.identity:BPNL00000003AYRE,,1791526732348,1791527027519,1791527027519,
fee1d807-bbaf-463f-9563-0165bccf79ef,CONSUMER,200,1,did:web:ssi-dim-wallet-service.identity:BPNL00000003AYRE,,1791526732462,1791527027655,1791527027655,
1d04538f-fdb7-47d0-a8fc-c978f09a1ca7,CONSUMER,200,1,did:web:ssi-dim-wallet-service.identity:BPNL00000003AYRE,,1791526732849,1791527027658,1791527027658,
e6d359ad-84fa-4dd0-94b0-58be9b6cb868,CONSUMER,200,1,did:web:ssi-dim-wallet-service.identity:BPNL00000003AYRE,,1791526732860,1791527027709,1791527027709,
53539f39-7cd3-4720-9de9-50958ff19eb4,CONSUMER,200,1,did:web:ssi-dim-wallet-service.identity:BPNL00000003AYRE,,1791526733047,1791527027608,1791527027608,
e61dacde-d5f5-4933-a150-fc6192d114ba,CONSUMER,200,1,did:web:ssi-dim-wallet-service.identity:BPNL00000003AYRE,,1791526733063,1791527027955,1791527027955,
8ba1df2a-5dc8-4bf6-b5a3-805d5c98fffd,CONSUMER,200,1,did:web:ssi-dim-wallet-service.identity:BPNL00000003AYRE,,1791526733361,1791527027810,1791527027810,
c474ca4c-5b48-46c9-bb9a-f1473f422aaa,CONSUMER,200,1,did:web:ssi-dim-wallet-service.identity:BPNL00000003AYRE,,1791526733553,1791527027906,1791527027906,
11c8a6b4-b996-41d4-a217-e9ea37358f26,CONSUMER,200,1,did:web:ssi-dim-wallet-service.identity:BPNL00000003AYRE,,1791526733553,1791527027952,1791527027952,
3f155efa-a318-48ef-a11b-bcabbbd180df,CONSUMER,200,1,did:web:ssi-dim-wallet-service.identity:BPNL00000003AYRE,,1791526733660,1791527028007,1791527028007,
d1d41caf-cac3-4879-b8b6-2fed1965d814,CONSUMER,200,1,did:web:ssi-dim-wallet-service.identity:BPNL00000003AYRE,,1791526733754,1791527027950,1791527027950,
1fd88ab1-5217-4a73-a64b-ebcf1ca0a09a,CONSUMER,200,1,did:web:ssi-dim-wallet-service.identity:BPNL00000003AYRE,,1791526733855,1791527028210,1791527028210,
cd638122-d202-491a-809e-e52b260da10f,CONSUMER,200,1,did:web:ssi-dim-wallet-service.identity:BPNL00000003AYRE,,1791526734157,1791527028166,1791527028166,
15c17b0d-79dc-4d1b-af66-ec57643cee37,CONSUMER,200,1,did:web:ssi-dim-wallet-service.identity:BPNL00000003AYRE,,1791526734249,1791527028166,1791527028166,
eb9cb468-ca48-4e2c-b317-bbb3a5ca93cd,CONSUMER,200,1,did:web:ssi-dim-wallet-service.identity:BPNL00000003AYRE,,1791526734258,1791527028208,1791527028208,
eac582b5-575a-472c-bc94-f54e4c163998,CONSUMER,200,1,did:web:ssi-dim-wallet-service.identity:BPNL00000003AYRE,,1791526734362,1791527028266,1791527028266,
4f8c3863-78a0-43da-8892-ae125f4421c6,CONSUMER,200,1,did:web:ssi-dim-wallet-service.identity:BPNL00000003AYRE,,1791526734555,1791527028309,1791527028309,
462eacb6-982b-4116-a59c-f1f01189afbb,CONSUMER,200,1,did:web:ssi-dim-wallet-service.identity:BPNL00000003AYRE,,1791526734569,1791527028409,1791527028409,
3f151a04-ae99-4e93-bd83-93de46be05c1,CONSUMER,200,1,did:web:ssi-dim-wallet-service.identity:BPNL00000003AYRE,,1791526734649,1791527028461,1791527028461,
0ce40e33-1dff-4be6-beab-933e73a6d1d2,CONSUMER,200,1,did:web:ssi-dim-wallet-service.identity:BPNL00000003AYRE,,1791526734652,1791527028565,1791527028565,
f2eac418-aaf4-4d1f-9254-1fc24d3b857e,CONSUMER,200,1,did:web:ssi-dim-wallet-service.identity:BPNL00000003AYRE,,1791526734652,1791527028407,1791527028407,
ff292699-943d-4d78-bd64-a4b27404e8c8,CONSUMER,200,1,did:web:ssi-dim-wallet-service.identity:BPNL00000003AYRE,,1791526734749,1791527028572,1791527028572,
d9407254-2288-4550-a853-7b46a1abac41,CONSUMER,200,1,did:web:ssi-dim-wallet-service.identity:BPNL00000003AYRE,,1791526734753,1791527028624,1791527028624,
2a5b591a-019a-475e-b843-472282392756,CONSUMER,200,1,did:web:ssi-dim-wallet-service.identity:BPNL00000003AYRE,,1791526734871,1791527028607,1791527028607,
50ad52d4-42cc-4d2d-922e-5f80b220873d,CONSUMER,200,1,did:web:ssi-dim-wallet-service.identity:BPNL00000003AYRE,,1791526734881,1791527028616,1791527028616,
e5bc34a7-3ca2-4ee8-aaa2-3e18cb45232d,CONSUMER,200,1,did:web:ssi-dim-wallet-service.identity:BPNL00000003AYRE,,1791526734955,1791527028857,1791527028857,
d534896b-e9d9-4550-a883-f30574058763,CONSUMER,200,1,did:web:ssi-dim-wallet-service.identity:BPNL00000003AYRE,,1791526735055,1791527028719,1791527028719,
6c803f58-a737-4b77-bf01-3ad980434817,CONSUMER,200,1,did:web:ssi-dim-wallet-service.identity:BPNL00000003AYRE,,1791526735155,1791527028811,1791527028811,
2e7aa661-7002-4a6b-891e-cedb122a016a,CONSUMER,200,1,did:web:ssi-dim-wallet-service.identity:BPNL00000003AYRE,,1791526735158,1791527028856,1791527028856,
2df5bc03-de0c-4d91-805a-f1de2cf1eca7,CONSUMER,200,1,did:web:ssi-dim-wallet-service.identity:BPNL00000003AYRE,,1791526735160,1791527028852,1791527028852,
aada4514-8c0b-4b8d-b710-f9b1298b6cb1,CONSUMER,200,1,did:web:ssi-dim-wallet-service.identity:BPNL00000003AYRE,,1791526735358,1791527028847,1791527028847,
3782c7ad-299c-4be5-a5d3-702565ec73ad,CONSUMER,200,1,did:web:ssi-dim-wallet-service.identity:BPNL00000003AYRE,,1791526735360,1791527029349,1791527029349,
eb5c0b8b-971a-416b-9bdd-845085bbdb62,CONSUMER,200,1,did:web:ssi-dim-wallet-service.identity:BPNL00000003AYRE,,1791526735760,1791527029260,1791527029260,
987f5e29-8f71-4bab-b3ce-9cc3d446a447,CONSUMER,200,1,did:web:ssi-dim-wallet-service.identity:BPNL00000003AYRE,,1791526735852,1791527029057,1791527029057,
7c131d52-5942-4b19-ab73-b86947cfa475,CONSUMER,200,1,did:web:ssi-dim-wallet-service.identity:BPNL00000003AYRE,,1791526735853,1791527029016,1791527029016,
61c57e48-a716-48a5-a9f5-897070f78e80,CONSUMER,200,1,did:web:ssi-dim-wallet-service.identity:BPNL00000003AYRE,,1791526736148,1791527029209,1791527029209,
88c5be5b-e3cb-4a1f-85dc-2e6f63081dc3,CONSUMER,200,1,did:web:ssi-dim-wallet-service.identity:BPNL00000003AYRE,,1791526736252,1791527029314,1791527029314,
84ab78c5-f757-4835-ade1-78bc68879e17,CONSUMER,200,1,did:web:ssi-dim-wallet-service.identity:BPNL00000003AYRE,,1791526736352,1791527029351,1791527029351,
fde958e6-d8f2-4981-82e2-531e25fe062e,CONSUMER,200,1,did:web:ssi-dim-wallet-service.identity:BPNL00000003AYRE,,1791526736863,1791527029354,1791527029354,
da46c12e-0a7d-446c-a234-60e5a7de2d9a,CONSUMER,200,1,did:web:ssi-dim-wallet-service.identity:BPNL00000003AYRE,,1791526736963,1791527029516,1791527029516,
9d74f9b3-a767-449f-ba54-2a209c9c2b3b,CONSUMER,200,1,did:web:ssi-dim-wallet-service.identity:BPNL00000003AYRE,,1791526737347,1791527029416,1791527029416,
f1ae736a-a12b-4f47-827d-ae52f8c6f7f3,CONSUMER,200,1,did:web:ssi-dim-wallet-service.identity:BPNL00000003AYRE,,1791526737351,1791527029609,1791527029609,
13598806-3d08-4f04-a7bc-a25b5bb946e3,CONSUMER,200,1,did:web:ssi-dim-wallet-service.identity:BPNL00000003AYRE,,1791526737453,1791527029655,1791527029655,
328e4c65-a0ae-420d-b26c-25bbb0ebdbf7,CONSUMER,200,1,did:web:ssi-dim-wallet-service.identity:BPNL00000003AYRE,,1791526737454,1791527029647,1791527029647,
4eb383d4-9a2f-4ff7-ae16-21f0ca9e4956,CONSUMER,200,1,did:web:ssi-dim-wallet-service.identity:BPNL00000003AYRE,,1791526737459,1791527029615,1791527029615,
fc5f563d-ac6c-4648-9b2e-da31ba179221,CONSUMER,200,1,did:web:ssi-dim-wallet-service.identity:BPNL00000003AYRE,,1791526737654,1791527029657,1791527029657,
3d5caf8d-24f4-4c57-b935-b0c23055c95d,CONSUMER,200,1,did:web:ssi-dim-wallet-service.identity:BPNL00000003AYRE,,1791526737755,1791527029851,1791527029851,
06394f1f-76a1-486f-b9da-2987fb2ebf5d,CONSUMER,200,1,did:web:ssi-dim-wallet-service.identity:BPNL00000003AYRE,,1791526737854,1791527029848,1791527029848,
96c0008e-2680-44bd-88d7-f339c884e2c6,CONSUMER,200,1,did:web:ssi-dim-wallet-service.identity:BPNL00000003AYRE,,1791526737949,1791527029948,1791527029948,
55a8ac23-edad-479a-b86a-751bd62687f1,CONSUMER,200,1,did:web:ssi-dim-wallet-service.identity:BPNL00000003AYRE,,1791526737951,1791527029954,1791527029954,
9f2271ad-3a94-4cfe-bc0a-fdd1a9b98a51,CONSUMER,200,1,did:web:ssi-dim-wallet-service.identity:BPNL00000003AYRE,,1791526738049,1791527030006,1791527030006,
48a27c0f-072e-44a6-b8e1-f5e35ddbe0a9,CONSUMER,200,1,did:web:ssi-dim-wallet-service.identity:BPNL00000003AYRE,,1791526738450,1791527030019,1791527030019,
e045b2bc-df7e-4494-b484-d20e6f6af436,CONSUMER,200,1,did:web:ssi-dim-wallet-service.identity:BPNL00000003AYRE,,1791526738458,1791527030127,1791527030127,
c5fbaccb-0241-4007-9b2e-abce0e9f11d7,CONSUMER,200,1,did:web:ssi-dim-wallet-service.identity:BPNL00000003AYRE,,1791526738569,1791527030209,1791527030209,
ed22aa14-6ffd-4e84-a984-ce3dfff717aa,CONSUMER,200,1,did:web:ssi-dim-wallet-service.identity:BPNL00000003AYRE,,1791526738855,1791527030149,1791527030149,
48117558-e998-48a1-87c0-14fbca720455,CONSUMER,200,1,did:web:ssi-dim-wallet-service.identity:BPNL00000003AYRE,,1791526739149,1791527030313,1791527030313,
f7bd72e5-98f2-4bb7-ada6-1823989dc309,CONSUMER,200,1,did:web:ssi-dim-wallet-service.identity:BPNL00000003AYRE,,1791526739149,1791527030315,1791527030315,
b0fa9ab2-5a42-4419-b766-7cdeb162d6dd,CONSUMER,200,1,did:web:ssi-dim-wallet-service.identity:BPNL00000003AYRE,,1791526739252,1791527030423,1791527030423,
ce2427b1-703d-499d-a4e1-5864c640fd4e,CONSUMER,200,1,did:web:ssi-dim-wallet-service.identity:BPNL00000003AYRE,,1791526739260,1791527030449,1791527030449,
9aa5888a-83e2-4697-b2f5-176702c79ae5,CONSUMER,200,1,did:web:ssi-dim-wallet-service.identity:BPNL00000003AYRE,,1791526739449,1791527030408,1791527030408,
88b935b1-4673-4d73-9498-a3861c2ab82f,CONSUMER,200,1,did:web:ssi-dim-wallet-service.identity:BPNL00000003AYRE,,1791526739547,1791527030614,1791527030614,
d2b63124-5d4c-461d-b0f1-cb6ab4d0397d,CONSUMER,200,1,did:web:ssi-dim-wallet-service.identity:BPNL00000003AYRE,,1791526739860,1791527030649,1791527030649,
5be88b96-d259-42ce-a763-16ef3b473f5e,CONSUMER,200,1,did:web:ssi-dim-wallet-service.identity:BPNL00000003AYRE,,1791526740163,1791527030923,1791527030923,
3bddbe04-60af-48c6-b366-d270c91cd062,CONSUMER,200,1,did:web:ssi-dim-wallet-service.identity:BPNL00000003AYRE,,1791526740264,1791527030816,1791527030816,
21aa5738-9206-4e26-baa2-f9828dc2a6c4,CONSUMER,200,1,did:web:ssi-dim-wallet-service.identity:BPNL00000003AYRE,,1791526740348,1791527030820,1791527030820,
35a6e817-f9db-4c95-bf17-0a1ae599ff4f,CONSUMER,200,1,did:web:ssi-dim-wallet-service.identity:BPNL00000003AYRE,,1791526740356,1791527030949,1791527030949,
49781590-b861-4761-9051-088d2d2d89c0,CONSUMER,200,1,did:web:ssi-dim-wallet-service.identity:BPNL00000003AYRE,,1791526740860,1791527030947,1791527030947,
4702d790-24ec-49e4-a705-195dca967c7b,CONSUMER,200,1,did:web:ssi-dim-wallet-service.identity:BPNL00000003AYRE,,1791526741263,1791527031015,1791527031015,
ffb50c58-966e-465f-968e-682314cfc7ec,CONSUMER,200,1,did:web:ssi-dim-wallet-service.identity:BPNL00000003AYRE,,1791526741665,1791527031127,1791527031127,
56768b80-41c4-4d21-86c6-ea9646fdda43,CONSUMER,200,1,did:web:ssi-dim-wallet-service.identity:BPNL00000003AYRE,,1791526742856,1791527031209,1791527031209,
cde565ed-653a-478c-8096-efda7ef9e181,CONSUMER,200,1,did:web:ssi-dim-wallet-service.identity:BPNL00000003AYRE,,1791526742962,1791527031215,1791527031215,
2b3291da-7fbc-41e4-bf8c-7ab5c6d62fe5,CONSUMER,200,1,did:web:ssi-dim-wallet-service.identity:BPNL00000003AYRE,,1791526743149,1791527031247,1791527031247,
82b1f6cb-be7a-46e4-9626-4fc2bae30bec,CONSUMER,200,1,did:web:ssi-dim-wallet-service.identity:BPNL00000003AYRE,,1791526743758,1791527031207,1791527031207,
399eba3f-e5f8-41f2-b23d-79ff7816130e,CONSUMER,200,1,did:web:ssi-dim-wallet-service.identity:BPNL00000003AYRE,,1791526743760,1791527031249,1791527031249,
3795e342-c698-41ec-926f-f0168f72ab84,CONSUMER,200,1,did:web:ssi-dim-wallet-service.identity:BPNL00000003AYRE,,1791526743847,1791527031396,1791527031396,
666963c7-5e7d-4a94-be66-fa8fb67fb64e,CONSUMER,200,1,did:web:ssi-dim-wallet-service.identity:BPNL00000003AYRE,,1791526743955,1791527031324,1791527031324,
e52c7147-ebdb-49fe-a3aa-c0abec038ea5,CONSUMER,200,1,did:web:ssi-dim-wallet-service.identity:BPNL00000003AYRE,,1791526743958,1791527031430,1791527031430,
624e513c-1943-46d1-95b4-98c42df7347e,CONSUMER,200,1,did:web:ssi-dim-wallet-service.identity:BPNL00000003AYRE,,1791526744350,1791527031447,1791527031447,
f587d894-d230-4673-a361-b13e0db55da0,CONSUMER,200,1,did:web:ssi-dim-wallet-service.identity:BPNL00000003AYRE,,1791526744350,1791527031405,1791527031405,
b07963ee-76c8-455e-affd-d47976153665,CONSUMER,200,1,did:web:ssi-dim-wallet-service.identity:BPNL00000003AYRE,,1791526744361,1791527031510,1791527031510,
1946f746-2482-4080-a8c6-8861b0be274d,CONSUMER,200,1,did:web:ssi-dim-wallet-service.identity:BPNL00000003AYRE,,1791526744365,1791527031512,1791527031512,
f47c7c20-0dec-4a24-bd17-fa0a10571235,CONSUMER,200,1,did:web:ssi-dim-wallet-service.identity:BPNL00000003AYRE,,1791526744455,1791527031527,1791527031527,
2b7240bf-3c99-475d-b813-3ed2a40d00a1,CONSUMER,200,1,did:web:ssi-dim-wallet-service.identity:BPNL00000003AYRE,,1791526744548,1791527031710,1791527031710,
49a49d8c-51be-4d1d-b378-981c7aa374b0,CONSUMER,200,1,did:web:ssi-dim-wallet-service.identity:BPNL00000003AYRE,,1791526744762,1791527031649,1791527031649,
c97232ba-3a21-4923-a59b-5623b12331d0,CONSUMER,200,1,did:web:ssi-dim-wallet-service.identity:BPNL00000003AYRE,,1791526744857,1791527031808,1791527031808,
36677419-47fb-4de9-9de7-4e61ab690799,CONSUMER,200,1,did:web:ssi-dim-wallet-service.identity:BPNL00000003AYRE,,1791526745051,1791527031812,1791527031812,
e299267d-22b5-41cf-951a-ac2f40f99744,CONSUMER,200,1,did:web:ssi-dim-wallet-service.identity:BPNL00000003AYRE,,1791526745448,1791527031808,1791527031808,
047c3181-f6e2-4d1a-bc7a-833800904bbe,CONSUMER,200,1,did:web:ssi-dim-wallet-service.identity:BPNL00000003AYRE,,1791526745560,1791527031805,1791527031805,
a47ba497-7b9c-46cb-90f2-16f0d1396a4e,CONSUMER,200,1,did:web:ssi-dim-wallet-service.identity:BPNL00000003AYRE,,1791526745775,1791527031909,1791527031909,
2f3f8a1f-7c1a-4ab5-b46b-5b07d1cfa844,CONSUMER,200,1,did:web:ssi-dim-wallet-service.identity:BPNL00000003AYRE,,1791526746065,1791527031913,1791527031913,
ead9aee9-3fbc-436e-80c7-c675fd36a3ff,CONSUMER,200,1,did:web:ssi-dim-wallet-service.identity:BPNL00000003AYRE,,1791526746554,1791527032109,1791527032109,
941e9282-4b77-48b1-bb26-b951f7f42298,CONSUMER,200,1,did:web:ssi-dim-wallet-service.identity:BPNL00000003AYRE,,1791526746643,1791527032113,1791527032113,
567f1c57-6190-4d27-ac42-f936cadc7a7d,CONSUMER,200,1,did:web:ssi-dim-wallet-service.identity:BPNL00000003AYRE,,1791526746649,1791527032147,1791527032147,
84f51c12-78c8-4300-a4c5-b929a1e9a33f,CONSUMER,200,1,did:web:ssi-dim-wallet-service.identity:BPNL00000003AYRE,,1791526746955,1791527032124,1791527032124,
65986457-57b3-44e4-af2b-c3596ad5f975,CONSUMER,200,1,did:web:ssi-dim-wallet-service.identity:BPNL00000003AYRE,,1791526746957,1791527032151,1791527032151,
5668dea4-1411-4682-af0c-7619f9b55f16,CONSUMER,200,1,did:web:ssi-dim-wallet-service.identity:BPNL00000003AYRE,,1791526746959,1791527032216,1791527032216,
610fcd67-2026-4253-9f16-fc41e6f8aac2,CONSUMER,200,1,did:web:ssi-dim-wallet-service.identity:BPNL00000003AYRE,,1791526747060,1791527032308,1791527032308,
3923015d-fe90-4eb6-8948-62c8bb6607e5,CONSUMER,200,1,did:web:ssi-dim-wallet-service.identity:BPNL00000003AYRE,,1791526747550,1791527032350,1791527032350,
2398233e-906c-46b3-bc87-5980c2e341ac,CONSUMER,200,1,did:web:ssi-dim-wallet-service.identity:BPNL00000003AYRE,,1791526747652,1791527032348,1791527032348,
a8a2571e-7523-4b4b-ae79-82073e83aa59,CONSUMER,200,1,did:web:ssi-dim-wallet-service.identity:BPNL00000003AYRE,,1791526747954,1791527032333,1791527032333,
ce00725a-de6d-48f6-b614-694164a7ae1f,CONSUMER,200,1,did:web:ssi-dim-wallet-service.identity:BPNL00000003AYRE,,1791526748047,1791527032549,1791527032549,
3de73f01-e3e8-41ca-8140-58ace8341bda,CONSUMER,200,1,did:web:ssi-dim-wallet-service.identity:BPNL00000003AYRE,,1791526748152,1791527032551,1791527032551,
feae7272-b07a-45ad-983d-a0ffa21cf6ae,CONSUMER,200,1,did:web:ssi-dim-wallet-service.identity:BPNL00000003AYRE,,1791526748257,1791527032557,1791527032557,
5341ad35-dd08-491a-ad10-0305b0f90156,CONSUMER,200,1,did:web:ssi-dim-wallet-service.identity:BPNL00000003AYRE,,1791526748448,1791527032547,1791527032547,
75650df0-52f9-4769-9ab0-bfdc21519345,CONSUMER,200,1,did:web:ssi-dim-wallet-service.identity:BPNL00000003AYRE,,1791526748654,1791527032524,1791527032524,
db09e5b0-7886-483b-bebe-9fc699ef2f74,CONSUMER,200,1,did:web:ssi-dim-wallet-service.identity:BPNL00000003AYRE,,1791526749360,1791527032711,1791527032711,
dac8fe9f-cd6b-418d-bee4-1cb09192a991,CONSUMER,200,1,did:web:ssi-dim-wallet-service.identity:BPNL00000003AYRE,,1791526749363,1791527032650,1791527032650,
be7c4f87-6549-4bc3-8d10-eaa285698a9d,CONSUMER,200,1,did:web:ssi-dim-wallet-service.identity:BPNL00000003AYRE,,1791526749852,1791527032713,1791527032713,
7fa9b4f1-7642-4c56-8b5c-416a08ea7241,CONSUMER,200,1,did:web:ssi-dim-wallet-service.identity:BPNL00000003AYRE,,1791526750348,1791527032754,1791527032754,
5334dd03-cde0-4b6d-9bfa-9e063964c0c1,CONSUMER,200,1,did:web:ssi-dim-wallet-service.identity:BPNL00000003AYRE,,1791526750544,1791527032820,1791527032820,
449a6a3d-4352-4bce-8f11-40dbdf81bcfa,CONSUMER,200,1,did:web:ssi-dim-wallet-service.identity:BPNL00000003AYRE,,1791526750547,1791527032818,1791527032818,
cf765e85-f028-479a-82d1-87ef18427c67,CONSUMER,200,1,did:web:ssi-dim-wallet-service.identity:BPNL00000003AYRE,,1791526751084,1791527032947,1791527032947,
506f7d22-1602-4d52-8c18-404db939b2ac,CONSUMER,200,1,did:web:ssi-dim-wallet-service.identity:BPNL00000003AYRE,,1791526751460,1791527032954,1791527032954,
8466ad50-cea1-440c-93ba-5f7c769014f6,CONSUMER,200,1,did:web:ssi-dim-wallet-service.identity:BPNL00000003AYRE,,1791526751555,1791527033016,1791527033016,
3d1e421b-33b4-4f32-a226-34694c2fc743,CONSUMER,200,1,did:web:ssi-dim-wallet-service.identity:BPNL00000003AYRE,,1791526751953,1791527033051,1791527033051,
7b6f90d4-ca82-49ee-ab48-6fe6c46c3b51,CONSUMER,200,1,did:web:ssi-dim-wallet-service.identity:BPNL00000003AYRE,,1791526752151,1791527033110,1791527033110,
c1c044ea-2f46-4512-99d3-2cd0b9905336,CONSUMER,200,1,did:web:ssi-dim-wallet-service.identity:BPNL00000003AYRE,,1791526752161,1791527033210,1791527033210,
90affdde-5c44-4f1c-830d-45eae9cc2c76,CONSUMER,200,1,did:web:ssi-dim-wallet-service.identity:BPNL00000003AYRE,,1791526752449,1791527033122,1791527033122,
ef42d0d3-5cd3-4e2b-a659-5816c764acd5,CONSUMER,200,1,did:web:ssi-dim-wallet-service.identity:BPNL00000003AYRE,,1791526752552,1791527033208,1791527033208,
d24e38d5-81c2-4629-9a7f-9d39b0975408,CONSUMER,200,1,did:web:ssi-dim-wallet-service.identity:BPNL00000003AYRE,,1791526752653,1791527033227,1791527033227,
a1defb79-d319-46f0-accd-6f4f9f69ee36,CONSUMER,200,1,did:web:ssi-dim-wallet-service.identity:BPNL00000003AYRE,,1791526753166,1791527033309,1791527033309,
7a59fded-80b9-432d-9a8d-0fa4354a24f4,CONSUMER,200,1,did:web:ssi-dim-wallet-service.identity:BPNL00000003AYRE,,1791526753249,1791527033428,1791527033428,
d03187b2-3e7f-4a7e-8ee4-f50a5ae1623a,CONSUMER,200,1,did:web:ssi-dim-wallet-service.identity:BPNL00000003AYRE,,1791526753451,1791527033325,1791527033325,
d29732e8-6bfb-4471-b1af-9d443e28fce5,CONSUMER,200,1,did:web:ssi-dim-wallet-service.identity:BPNL00000003AYRE,,1791526753469,1791527033447,1791527033447,
1311445a-3256-46aa-866e-a38b153bd6e0,CONSUMER,200,1,did:web:ssi-dim-wallet-service.identity:BPNL00000003AYRE,,1791526753553,1791527033353,1791527033353,
703ee145-e4b7-4662-b61f-976e872e26e8,CONSUMER,200,1,did:web:ssi-dim-wallet-service.identity:BPNL00000003AYRE,,1791526753555,1791527033519,1791527033519,
a5719180-e9ff-43e3-b496-6b7d785a719d,CONSUMER,200,1,did:web:ssi-dim-wallet-service.identity:BPNL00000003AYRE,,1791526753665,1791527033520,1791527033520,
a4d88af8-5cde-4daf-a724-9c82dd58529f,CONSUMER,200,1,did:web:ssi-dim-wallet-service.identity:BPNL00000003AYRE,,1791526754065,1791527033621,1791527033621,
4e02cb34-c26d-4b70-91d2-ebd06f4fd817,CONSUMER,200,1,did:web:ssi-dim-wallet-service.identity:BPNL00000003AYRE,,1791526754155,1791527033616,1791527033616,
9d78d395-c74a-4af9-86a0-b2fd68d1afd0,CONSUMER,200,1,did:web:ssi-dim-wallet-service.identity:BPNL00000003AYRE,,1791526754365,1791527033609,1791527033609,
a8af098b-d536-4312-af9e-55ed741f101c,CONSUMER,200,1,did:web:ssi-dim-wallet-service.identity:BPNL00000003AYRE,,1791526754852,1791527033825,1791527033825,
3e9e873c-c933-4568-acf1-f6cac506cd02,CONSUMER,200,1,did:web:ssi-dim-wallet-service.identity:BPNL00000003AYRE,,1791526755063,1791527033809,1791527033809,
f864feb6-7219-4ea6-b6e8-315cac3c951b,CONSUMER,200,1,did:web:ssi-dim-wallet-service.identity:BPNL00000003AYRE,,1791526755649,1791527034009,1791527034009,
85f688d5-26c3-4c88-be8e-71e738fcdca9,CONSUMER,200,1,did:web:ssi-dim-wallet-service.identity:BPNL00000003AYRE,,1791526755855,1791527033950,1791527033950,
90d2def7-0c53-4af1-9a17-7525aa27fd83,CONSUMER,200,1,did:web:ssi-dim-wallet-service.identity:BPNL00000003AYRE,,1791526756065,1791527033926,1791527033926,
14842357-b7cb-4440-aca3-a9c7a55ce7c1,CONSUMER,200,1,did:web:ssi-dim-wallet-service.identity:BPNL00000003AYRE,,1791526756254,1791527034050,1791527034050,
9bfca96c-f473-4225-ac51-2169f909bca5,CONSUMER,200,1,did:web:ssi-dim-wallet-service.identity:BPNL00000003AYRE,,1791526756356,1791527034217,1791527034217,
14b049d2-2928-4156-a373-3d4b90d0963b,CONSUMER,200,1,did:web:ssi-dim-wallet-service.identity:BPNL00000003AYRE,,1791526756358,1791527034306,1791527034306,
9e305bba-d0d6-415e-81d5-32f04db67a1d,CONSUMER,200,1,did:web:ssi-dim-wallet-service.identity:BPNL00000003AYRE,,1791526756656,1791527034223,1791527034223,
e858c9b7-26f1-444f-9054-90c4adb9f911,CONSUMER,200,1,did:web:ssi-dim-wallet-service.identity:BPNL00000003AYRE,,1791526756665,1791527034406,1791527034406,
d0bbee97-fec9-4abb-bce5-dec0fea1a1c5,CONSUMER,200,1,did:web:ssi-dim-wallet-service.identity:BPNL00000003AYRE,,1791526756849,1791527034410,1791527034410,
f300225f-c9dc-44e5-a4e8-3a5fe5e33037,CONSUMER,200,1,did:web:ssi-dim-wallet-service.identity:BPNL00000003AYRE,,1791526756859,1791527034449,1791527034449,
59718399-8234-440c-bba1-cb34ad018b5d,CONSUMER,200,1,did:web:ssi-dim-wallet-service.identity:BPNL00000003AYRE,,1791526756860,1791527034450,1791527034450,
b030425b-510c-435e-8e71-3141ccf1a447,CONSUMER,200,1,did:web:ssi-dim-wallet-service.identity:BPNL00000003AYRE,,1791526757158,1791527034613,1791527034613,
8bd44239-732c-4f7e-8319-fcc66d8fa904,CONSUMER,200,1,did:web:ssi-dim-wallet-service.identity:BPNL00000003AYRE,,1791526757452,1791527034653,1791527034653,
76475fa5-fd6f-44f1-b693-480056db9e7a,CONSUMER,200,1,did:web:ssi-dim-wallet-service.identity:BPNL00000003AYRE,,1791526757757,1791527034720,1791527034720,
e9dde6fa-a315-4c4d-9fca-98758b9c4ede,CONSUMER,200,1,did:web:ssi-dim-wallet-service.identity:BPNL00000003AYRE,,1791526758061,1791527034831,1791527034831,
390d7cff-5b47-4246-9e9e-7ace87e1f983,CONSUMER,200,1,did:web:ssi-dim-wallet-service.identity:BPNL00000003AYRE,,1791526758154,1791527034629,1791527034629,
e222a747-601b-44d3-884f-3daff7ad8e43,CONSUMER,200,1,did:web:ssi-dim-wallet-service.identity:BPNL00000003AYRE,,1791526758249,1791527034908,1791527034908,
4ae82642-2b49-4824-b0f6-2dfdd9ee4c0c,CONSUMER,200,1,did:web:ssi-dim-wallet-service.identity:BPNL00000003AYRE,,1791526758447,1791527034906,1791527034906,
b1fc1c38-437e-4be8-b438-59bdf3312fc0,CONSUMER,200,1,did:web:ssi-dim-wallet-service.identity:BPNL00000003AYRE,,1791526758448,1791527034912,1791527034912,
de3e5140-56fb-43b1-b719-d8eb304debe0,CONSUMER,200,1,did:web:ssi-dim-wallet-service.identity:BPNL00000003AYRE,,1791526758857,1791527034965,1791527034965,
5c181285-51e8-4844-97af-044d3a3b93e9,CONSUMER,200,1,did:web:ssi-dim-wallet-service.identity:BPNL00000003AYRE,,1791526759053,1791527034951,1791527034951,
b3b9d4c2-205f-4347-a20d-7b8c7e40ea74,CONSUMER,200,1,did:web:ssi-dim-wallet-service.identity:BPNL00000003AYRE,,1791526759261,1791527035047,1791527035047,
9c1f31c0-8dfa-4c88-8d4c-a3cae0920c6e,CONSUMER,200,1,did:web:ssi-dim-wallet-service.identity:BPNL00000003AYRE,,1791526759569,1791527035115,1791527035115,
cf3fdec6-8156-4d78-875e-4bf0edafb352,CONSUMER,200,1,did:web:ssi-dim-wallet-service.identity:BPNL00000003AYRE,,1791526759647,1791527035159,1791527035159,
31bf8a79-8f9a-48cd-9acb-a2453f2514d0,CONSUMER,200,1,did:web:ssi-dim-wallet-service.identity:BPNL00000003AYRE,,1791526759648,1791527035227,1791527035227,
213585c3-84bd-485a-9aa2-239001e9beba,CONSUMER,200,1,did:web:ssi-dim-wallet-service.identity:BPNL00000003AYRE,,1791526759649,1791527035310,1791527035310,
36dfcd99-a1bc-43ce-a47b-b23b27da95ca,CONSUMER,200,1,did:web:ssi-dim-wallet-service.identity:BPNL00000003AYRE,,1791526759652,1791527035352,1791527035352,
cd520049-4a33-4f35-95b2-9bf3de9cceb8,CONSUMER,200,1,did:web:ssi-dim-wallet-service.identity:BPNL00000003AYRE,,1791526759743,1791527035411,1791527035411,
b7943370-bc65-4852-84dd-1b4fd5ae4388,CONSUMER,200,1,did:web:ssi-dim-wallet-service.identity:BPNL00000003AYRE,,1791526759760,1791527035456,1791527035456,
327a8cad-232f-4a48-b104-2c621b5db38f,CONSUMER,200,1,did:web:ssi-dim-wallet-service.identity:BPNL00000003AYRE,,1791526759858,1791527035617,1791527035617,
9921a9f0-35f4-4d25-a8ed-acfc1ff88434,CONSUMER,200,1,did:web:ssi-dim-wallet-service.identity:BPNL00000003AYRE,,1791526759858,1791527035610,1791527035610,
a02eb9b6-8d91-4476-b964-e26f71009397,CONSUMER,200,1,did:web:ssi-dim-wallet-service.identity:BPNL00000003AYRE,,1791526759948,1791527035651,1791527035651,
1deb5881-5fd6-4eff-96f6-ebd82229faad,CONSUMER,200,1,did:web:ssi-dim-wallet-service.identity:BPNL00000003AYRE,,1791526760160,1791527035806,1791527035806,
a468260b-1c7d-4e5b-9ce3-49727cc135a1,CONSUMER,200,1,did:web:ssi-dim-wallet-service.identity:BPNL00000003AYRE,,1791526760359,1791527035808,1791527035808,
38c5bf99-bb6a-42be-ae16-101fa559de5d,CONSUMER,200,1,did:web:ssi-dim-wallet-service.identity:BPNL00000003AYRE,,1791526760665,1791527035808,1791527035808,
04782295-7f45-4a70-b818-6e93500aaa33,CONSUMER,200,1,did:web:ssi-dim-wallet-service.identity:BPNL00000003AYRE,,1791526761155,1791527035907,1791527035907,
d358978f-c10d-41d3-9603-67366284f4e9,CONSUMER,200,1,did:web:ssi-dim-wallet-service.identity:BPNL00000003AYRE,,1791526761161,1791527035854,1791527035854,
9f9f1cb1-5747-4dfe-ae20-c783bc4efc96,CONSUMER,200,1,did:web:ssi-dim-wallet-service.identity:BPNL00000003AYRE,,1791526761663,1791527036021,1791527036021,
b32bfd28-d54f-46ad-aed8-da7f77967116,CONSUMER,200,1,did:web:ssi-dim-wallet-service.identity:BPNL00000003AYRE,,1791526761760,1791527036051,1791527036051,
715a7f0d-5d4e-41ff-8cd5-b81c1e72b43a,CONSUMER,200,1,did:web:ssi-dim-wallet-service.identity:BPNL00000003AYRE,,1791526761862,1791527036019,1791527036019,
0bdd70a5-bd02-40ff-b956-e982e1b00439,CONSUMER,200,1,did:web:ssi-dim-wallet-service.identity:BPNL00000003AYRE,,1791526761949,1791527036020,1791527036020,
566d08f2-bf0d-4fb6-b225-d7e65f4c1ea1,CONSUMER,200,1,did:web:ssi-dim-wallet-service.identity:BPNL00000003AYRE,,1791526762102,1791527036153,1791527036153,
bc758ef8-9d80-469d-b9a0-cad032181dda,CONSUMER,200,1,did:web:ssi-dim-wallet-service.identity:BPNL00000003AYRE,,1791526762453,1791527036214,1791527036214,
022246fc-f312-4ef1-a12d-6668c8111fdf,CONSUMER,200,1,did:web:ssi-dim-wallet-service.identity:BPNL00000003AYRE,,1791526762558,1791527036208,1791527036208,
e96aabd5-a255-4228-9264-42545d0e1cdd,CONSUMER,200,1,did:web:ssi-dim-wallet-service.identity:BPNL00000003AYRE,,1791526762848,1791527036359,1791527036359,
6ba6ba18-2033-44bb-91b9-77290f98c635,CONSUMER,200,1,did:web:ssi-dim-wallet-service.identity:BPNL00000003AYRE,,1791526762848,1791527036415,1791527036415,
a8cc27f4-43fd-4908-b1ef-676d97eca538,CONSUMER,200,1,did:web:ssi-dim-wallet-service.identity:BPNL00000003AYRE,,1791526762951,1791527036452,1791527036452,
4cf21b46-6fdb-45d9-a591-75256a856e59,CONSUMER,200,1,did:web:ssi-dim-wallet-service.identity:BPNL00000003AYRE,,1791526762956,1791527036467,1791527036467,
426ea9df-22ea-44fa-9164-c76cb85ddbee,CONSUMER,200,1,did:web:ssi-dim-wallet-service.identity:BPNL00000003AYRE,,1791526763152,1791527036530,1791527036530,
db21da56-1476-44e4-97fe-21a63ea36a36,CONSUMER,200,1,did:web:ssi-dim-wallet-service.identity:BPNL00000003AYRE,,1791526763348,1791527036530,1791527036530,
5a288c3f-7d40-47f1-a115-a68c5ba3f4d7,CONSUMER,200,1,did:web:ssi-dim-wallet-service.identity:BPNL00000003AYRE,,1791526763357,1791527036611,1791527036611,
8c01a4b3-3e14-49b8-bfb4-50b843855fc9,CONSUMER,200,1,did:web:ssi-dim-wallet-service.identity:BPNL00000003AYRE,,1791526763365,1791527036616,1791527036616,
04218d54-8541-4fbf-adba-8278c2669608,CONSUMER,200,1,did:web:ssi-dim-wallet-service.identity:BPNL00000003AYRE,,1791526763644,1791527036729,1791527036729,
62661cc6-ac87-457d-b23b-c2d3f3b697d5,CONSUMER,200,1,did:web:ssi-dim-wallet-service.identity:BPNL00000003AYRE,,1791526763960,1791527036748,1791527036748,
dd0a93f3-fa5f-44f9-bfaf-b0829b0edb17,CONSUMER,200,1,did:web:ssi-dim-wallet-service.identity:BPNL00000003AYRE,,1791526764249,1791527036807,1791527036807,
5cf8da57-e218-4a43-a58b-84a6517c543c,CONSUMER,200,1,did:web:ssi-dim-wallet-service.identity:BPNL00000003AYRE,,1791526764455,1791527036817,1791527036817,
9fe70366-92be-4682-b2f4-6a6a76449caa,CONSUMER,200,1,did:web:ssi-dim-wallet-service.identity:BPNL00000003AYRE,,1791526764550,1791527036849,1791527036849,
60a3c7d2-6353-4708-bf16-2089dddb9940,CONSUMER,200,1,did:web:ssi-dim-wallet-service.identity:BPNL00000003AYRE,,1791526764952,1791527036915,1791527036915,
9ab9dc73-f775-48de-9a50-39ebc68a94bb,CONSUMER,200,1,did:web:ssi-dim-wallet-service.identity:BPNL00000003AYRE,,1791526765251,1791527036912,1791527036912,
895a3483-c61e-4daa-8a07-c3b5e93e2e05,CONSUMER,200,1,did:web:ssi-dim-wallet-service.identity:BPNL00000003AYRE,,1791526765256,1791527037021,1791527037021,
f1a1f15b-922e-4b77-b338-97472674ff0e,CONSUMER,200,1,did:web:ssi-dim-wallet-service.identity:BPNL00000003AYRE,,1791526765265,1791527037021,1791527037021,
e73e7200-44fa-465e-8d1a-52d6e50dca6f,CONSUMER,200,1,did:web:ssi-dim-wallet-service.identity:BPNL00000003AYRE,,1791526765347,1791527037015,1791527037015,
898faa47-713b-487c-881a-a8323647deea,CONSUMER,200,1,did:web:ssi-dim-wallet-service.identity:BPNL00000003AYRE,,1791526765587,1791527037107,1791527037107,
ecdb72c5-dc9b-4cd2-9d65-e37e283c263d,CONSUMER,200,1,did:web:ssi-dim-wallet-service.identity:BPNL00000003AYRE,,1791526766061,1791527037126,1791527037126,
f47f8023-e12d-45e9-a662-a4e8cce91d6d,CONSUMER,200,1,did:web:ssi-dim-wallet-service.identity:BPNL00000003AYRE,,1791526766451,1791527037446,1791527037446,
6465647f-e457-416f-a49d-9fb3b79e1374,CONSUMER,200,1,did:web:ssi-dim-wallet-service.identity:BPNL00000003AYRE,,1791526766566,1791527037506,1791527037506,
717ae712-5bd4-49f6-bcb3-a66b5c09614f,CONSUMER,200,1,did:web:ssi-dim-wallet-service.identity:BPNL00000003AYRE,,1791526767351,1791527037613,1791527037613,
82ff4d5f-eee2-4a43-a129-6a7531d7ad04,CONSUMER,200,1,did:web:ssi-dim-wallet-service.identity:BPNL00000003AYRE,,1791526767855,1791527037905,1791527037905,
81a0828d-a0c2-4c60-b104-5a00dd83a179,CONSUMER,200,1,did:web:ssi-dim-wallet-service.identity:BPNL00000003AYRE,,1791526768052,1791527038806,1791527038806,
8f1f9d14-60c0-4c37-90f7-3f422788e071,CONSUMER,200,1,did:web:ssi-dim-wallet-service.identity:BPNL00000003AYRE,,1791526768351,1791527038758,1791527038758,
b43917c4-4816-43ef-baad-2d1010c0b3f6,CONSUMER,200,1,did:web:ssi-dim-wallet-service.identity:BPNL00000003AYRE,,1791526768372,1791527039213,1791527039213,
487b86a8-1d1a-45ef-b45d-b8c89f2f1817,CONSUMER,200,1,did:web:ssi-dim-wallet-service.identity:BPNL00000003AYRE,,1791526768557,1791527039259,1791527039259,
a6d4785e-2e2c-4972-9c13-16dfbccf6045,CONSUMER,200,1,did:web:ssi-dim-wallet-service.identity:BPNL00000003AYRE,,1791526768948,1791527039449,1791527039449,
ef8389a5-fb72-401b-9176-f67aa0ba8e5d,CONSUMER,200,1,did:web:ssi-dim-wallet-service.identity:BPNL00000003AYRE,,1791526769049,1791527039407,1791527039407,
272274f8-4b27-45dc-a262-f09bcc700202,CONSUMER,200,1,did:web:ssi-dim-wallet-service.identity:BPNL00000003AYRE,,1791526769151,1791527039451,1791527039451,
47e097ca-cf92-4ad4-952a-d4767af37848,CONSUMER,200,1,did:web:ssi-dim-wallet-service.identity:BPNL00000003AYRE,,1791526769162,1791527039548,1791527039548,
b2838d41-ab09-43ab-b20a-77b0ddcae831,CONSUMER,200,1,did:web:ssi-dim-wallet-service.identity:BPNL00000003AYRE,,1791526769447,1791527039460,1791527039460,
3f5b978a-920c-420f-b750-0617a723a7b0,CONSUMER,200,1,did:web:ssi-dim-wallet-service.identity:BPNL00000003AYRE,,1791526769460,1791527039621,1791527039621,
5c4f0203-1524-41f9-a496-40bb4ac83842,CONSUMER,200,1,did:web:ssi-dim-wallet-service.identity:BPNL00000003AYRE,,1791526769647,1791527039714,1791527039714,
662b4873-7178-47be-8afb-0a786595c12b,CONSUMER,200,1,did:web:ssi-dim-wallet-service.identity:BPNL00000003AYRE,,1791526769848,1791527039752,1791527039752,
3e566b6a-43e6-4b70-9d0a-f87431811aab,CONSUMER,200,1,did:web:ssi-dim-wallet-service.identity:BPNL00000003AYRE,,1791526769960,1791527039810,1791527039810,
93230759-2d87-4a5f-b5e4-4b1cc27542ab,CONSUMER,200,1,did:web:ssi-dim-wallet-service.identity:BPNL00000003AYRE,,1791526770249,1791527039759,1791527039759,
71d658a5-d31c-4ff2-b1d4-7bc328a931f1,CONSUMER,200,1,did:web:ssi-dim-wallet-service.identity:BPNL00000003AYRE,,1791526770255,1791527039852,1791527039852,
076811ca-663c-41a3-b947-b6f91ee59a42,CONSUMER,200,1,did:web:ssi-dim-wallet-service.identity:BPNL00000003AYRE,,1791526770351,1791527039910,1791527039910,
741cab9e-dfa7-4b16-bca8-135ccb49e73a,CONSUMER,200,1,did:web:ssi-dim-wallet-service.identity:BPNL00000003AYRE,,1791526770355,1791527040608,1791527040608,
c2903a01-f7d2-4a6a-918f-5004024079fd,CONSUMER,200,1,did:web:ssi-dim-wallet-service.identity:BPNL00000003AYRE,,1791526770459,1791527040658,1791527040658,
9bfa4e51-999e-46db-8299-8f9b4bc4d55e,CONSUMER,200,1,did:web:ssi-dim-wallet-service.identity:BPNL00000003AYRE,,1791526770549,1791527040815,1791527040815,
8fee7e25-7439-42f3-af99-8137032960bd,CONSUMER,200,1,did:web:ssi-dim-wallet-service.identity:BPNL00000003AYRE,,1791526770654,1791527040851,1791527040851,
35f2d54f-14fc-4d1c-8f1a-ea30eeaef9de,CONSUMER,200,1,did:web:ssi-dim-wallet-service.identity:BPNL00000003AYRE,,1791526770669,1791527040934,1791527040934,
f5fd3adc-dca1-4b9d-ab4d-1806c5594db0,CONSUMER,200,1,did:web:ssi-dim-wallet-service.identity:BPNL00000003AYRE,,1791526770761,1791527041011,1791527041011,
2d46e9cd-3b5e-44af-8650-22d74aa04333,CONSUMER,200,1,did:web:ssi-dim-wallet-service.identity:BPNL00000003AYRE,,1791526770958,1791527041108,1791527041108,
11e98e0a-24af-4793-9838-f17a278018b7,CONSUMER,200,1,did:web:ssi-dim-wallet-service.identity:BPNL00000003AYRE,,1791526770962,1791527041108,1791527041108,
2e9a3471-3cff-4f64-a3e6-23071bb2fdb4,CONSUMER,200,1,did:web:ssi-dim-wallet-service.identity:BPNL00000003AYRE,,1791526771357,1791527041148,1791527041148,
a12d4283-4131-4547-81dc-6b131295eab0,CONSUMER,200,1,did:web:ssi-dim-wallet-service.identity:BPNL00000003AYRE,,1791526771454,1791527041149,1791527041149,
a07fc6e5-dc86-4435-91d9-138b92e5c835,CONSUMER,200,1,did:web:ssi-dim-wallet-service.identity:BPNL00000003AYRE,,1791526771548,1791527041307,1791527041307,
58e843ba-5e60-4a3e-9c46-33863bdd153b,CONSUMER,200,1,did:web:ssi-dim-wallet-service.identity:BPNL00000003AYRE,,1791526771552,1791527041410,1791527041410,
c254bd89-4d85-4dd5-845d-deb54de847f1,CONSUMER,200,1,did:web:ssi-dim-wallet-service.identity:BPNL00000003AYRE,,1791526771561,1791527041410,1791527041410,
04298f4c-12e1-4c4d-a414-e55b9572f072,CONSUMER,200,1,did:web:ssi-dim-wallet-service.identity:BPNL00000003AYRE,,1791526771962,1791527041407,1791527041407,
4d145a26-243f-49b1-904d-2c500d36f7a9,CONSUMER,200,1,did:web:ssi-dim-wallet-service.identity:BPNL00000003AYRE,,1791526772062,1791527041411,1791527041411,
a1557831-ab6b-4c72-96a4-ac26ad658961,CONSUMER,200,1,did:web:ssi-dim-wallet-service.identity:BPNL00000003AYRE,,1791526772154,1791527041449,1791527041449,
96e257e8-51e3-4cdd-b8b1-389df29805e1,CONSUMER,200,1,did:web:ssi-dim-wallet-service.identity:BPNL00000003AYRE,,1791526772261,1791527041738,1791527041738,
339de083-8fa5-442f-9706-245fc7c0634b,CONSUMER,200,1,did:web:ssi-dim-wallet-service.identity:BPNL00000003AYRE,,1791526772451,1791527041548,1791527041548,
80e49b9e-af9f-4b44-9551-d7a6c1796a40,CONSUMER,200,1,did:web:ssi-dim-wallet-service.identity:BPNL00000003AYRE,,1791526772562,1791527041547,1791527041547,
5f55e4a0-9870-45b8-b568-17f40f4647f4,CONSUMER,200,1,did:web:ssi-dim-wallet-service.identity:BPNL00000003AYRE,,1791526773258,1791527041548,1791527041548,
654b09e0-4965-418d-bf1d-414287bec5d0,CONSUMER,200,1,did:web:ssi-dim-wallet-service.identity:BPNL00000003AYRE,,1791526773364,1791527042309,1791527042309,
fb16e502-3e9d-4b4c-87ab-fdfcf4be0628,CONSUMER,200,1,did:web:ssi-dim-wallet-service.identity:BPNL00000003AYRE,,1791526773374,1791527042363,1791527042363,
36635290-09c6-43eb-986f-f0fe3b6e5205,CONSUMER,200,1,did:web:ssi-dim-wallet-service.identity:BPNL00000003AYRE,,1791526773656,1791527042451,1791527042451,
eaed9d3d-2a7d-4a23-adc4-26dd34ab124d,CONSUMER,200,1,did:web:ssi-dim-wallet-service.identity:BPNL00000003AYRE,,1791526774054,1791527042554,1791527042554,
36bb4976-1442-4461-85ca-de069ade057d,CONSUMER,200,1,did:web:ssi-dim-wallet-service.identity:BPNL00000003AYRE,,1791526774261,1791527042624,1791527042624,
7accb6c4-6704-4bfc-bc77-650073f227d4,CONSUMER,200,1,did:web:ssi-dim-wallet-service.identity:BPNL00000003AYRE,,1791526774370,1791527042665,1791527042665,
be780d3d-c842-4eae-aabb-d0e473840438,CONSUMER,200,1,did:web:ssi-dim-wallet-service.identity:BPNL00000003AYRE,,1791526774570,1791527042849,1791527042849,
6635a39a-7eea-4136-ad51-e351194596d3,CONSUMER,200,1,did:web:ssi-dim-wallet-service.identity:BPNL00000003AYRE,,1791526774649,1791527042855,1791527042855,
ed26a4b9-e8ec-48a5-beed-3b4d74c62914,CONSUMER,200,1,did:web:ssi-dim-wallet-service.identity:BPNL00000003AYRE,,1791526774870,1791527042964,1791527042964,
8905b10b-be80-4e8c-ade4-f4a0fbc68d5d,CONSUMER,200,1,did:web:ssi-dim-wallet-service.identity:BPNL00000003AYRE,,1791526775460,1791527043110,1791527043110,
db0e5ae3-de56-4ac3-886a-958a7012878e,CONSUMER,200,1,did:web:ssi-dim-wallet-service.identity:BPNL00000003AYRE,,1791526775959,1791527043123,1791527043123,
87db1b0b-a51c-4971-9f57-6d482c7f9ab9,CONSUMER,200,1,did:web:ssi-dim-wallet-service.identity:BPNL00000003AYRE,,1791526776765,1791527043228,1791527043228,
9864a63a-b1b6-4620-9a35-aec51d608201,CONSUMER,200,1,did:web:ssi-dim-wallet-service.identity:BPNL00000003AYRE,,1791526776867,1791527043309,1791527043309,
590ca4b5-81b1-4fe3-b745-d1205cf1ac6f,CONSUMER,200,1,did:web:ssi-dim-wallet-service.identity:BPNL00000003AYRE,,1791526776959,1791527043352,1791527043352,
c4f0bc7a-5e10-44cd-9732-471752bd9456,CONSUMER,200,1,did:web:ssi-dim-wallet-service.identity:BPNL00000003AYRE,,1791526777056,1791527043416,1791527043416,
14861dc9-bca9-494b-93c9-c9335ccad12a,CONSUMER,200,1,did:web:ssi-dim-wallet-service.identity:BPNL00000003AYRE,,1791526777061,1791527043508,1791527043508,
1d5a5b31-bf29-4e42-93ed-e87e5dda94ff,CONSUMER,200,1,did:web:ssi-dim-wallet-service.identity:BPNL00000003AYRE,,1791526777653,1791527043563,1791527043563,
c1590ed4-a4cf-4288-8b1a-dfb762f35c9b,CONSUMER,200,1,did:web:ssi-dim-wallet-service.identity:BPNL00000003AYRE,,1791526778164,1791527043648,1791527043648,
aa4b6061-fb82-45d0-b74a-7d089b9f0798,CONSUMER,200,1,did:web:ssi-dim-wallet-service.identity:BPNL00000003AYRE,,1791526778954,1791527043811,1791527043811,
d5b578aa-db7d-4b13-9ca7-741375401b47,CONSUMER,200,1,did:web:ssi-dim-wallet-service.identity:BPNL00000003AYRE,,1791526779868,1791527043767,1791527043767,
a65823e9-6c0b-4d75-bd8d-3b870e65468b,CONSUMER,200,1,did:web:ssi-dim-wallet-service.identity:BPNL00000003AYRE,,1791526779951,1791527044516,1791527044516,
09cc1434-8467-4085-8a0c-98580c7ae9b0,CONSUMER,200,1,did:web:ssi-dim-wallet-service.identity:BPNL00000003AYRE,,1791526780162,1791527044553,1791527044553,
4baf69f2-5bf4-436c-b8cd-c780c3e5c6df,CONSUMER,200,1,did:web:ssi-dim-wallet-service.identity:BPNL00000003AYRE,,1791526780257,1791527044655,1791527044655,
dde9e2ee-3aa8-4f42-90dd-07b2492b901d,CONSUMER,200,1,did:web:ssi-dim-wallet-service.identity:BPNL00000003AYRE,,1791526780352,1791527044757,1791527044757,
3a72c6ca-2fc0-4a76-9b6f-e786868efdbb,CONSUMER,200,1,did:web:ssi-dim-wallet-service.identity:BPNL00000003AYRE,,1791526781168,1791527044651,1791527044651,
f4e694d7-50f3-4776-8cb3-64b9d5519354,CONSUMER,200,1,did:web:ssi-dim-wallet-service.identity:BPNL00000003AYRE,,1791526781258,1791527044709,1791527044709,
540f41ff-204b-4dd5-bd91-3585fd85c180,CONSUMER,200,1,did:web:ssi-dim-wallet-service.identity:BPNL00000003AYRE,,1791526781561,1791527044823,1791527044823,
eef7cb1f-dfe3-435b-9025-bf149439a6db,CONSUMER,200,1,did:web:ssi-dim-wallet-service.identity:BPNL00000003AYRE,,1791526781663,1791527044908,1791527044908,
b6ea7796-d269-4aad-ba1c-ada54f6f98f0,CONSUMER,200,1,did:web:ssi-dim-wallet-service.identity:BPNL00000003AYRE,,1791526781853,1791527045012,1791527045012,
797c9772-5280-4254-a2b6-c50a80fb26b6,CONSUMER,200,1,did:web:ssi-dim-wallet-service.identity:BPNL00000003AYRE,,1791526782265,1791527045115,1791527045115,
e313dc5f-8032-4c59-aa4c-ed0d705308e8,CONSUMER,200,1,did:web:ssi-dim-wallet-service.identity:BPNL00000003AYRE,,1791526782355,1791527045152,1791527045152,
75823fea-6995-4ee1-a073-e0386c61956e,CONSUMER,200,1,did:web:ssi-dim-wallet-service.identity:BPNL00000003AYRE,,1791526782656,1791527045110,1791527045110,
072dd0a3-34ef-4dae-b993-200cac31a526,CONSUMER,200,1,did:web:ssi-dim-wallet-service.identity:BPNL00000003AYRE,,1791526782848,1791527045448,1791527045448,
79c08323-12f0-4415-b603-cbe9616468bb,CONSUMER,200,1,did:web:ssi-dim-wallet-service.identity:BPNL00000003AYRE,,1791526783050,1791527045348,1791527045348,
255f4cb3-365a-493a-8318-63dae29b2d06,CONSUMER,200,1,did:web:ssi-dim-wallet-service.identity:BPNL00000003AYRE,,1791526784366,1791527045648,1791527045648,
0d39902f-f5d0-47b8-8870-4774e8349fe0,CONSUMER,200,1,did:web:ssi-dim-wallet-service.identity:BPNL00000003AYRE,,1791526784449,1791527045622,1791527045622,
d9e45eac-c3c0-45c3-ab5b-76ce92f35aae,CONSUMER,200,1,did:web:ssi-dim-wallet-service.identity:BPNL00000003AYRE,,1791526784465,1791527045729,1791527045729,
b4b22ac3-1c6e-40c2-ac09-cd068644cba3,CONSUMER,200,1,did:web:ssi-dim-wallet-service.identity:BPNL00000003AYRE,,1791526784670,1791527045620,1791527045620,
21d7cbe7-4cf2-4ea0-bd47-dcc46623a833,CONSUMER,200,1,did:web:ssi-dim-wallet-service.identity:BPNL00000003AYRE,,1791526785056,1791527045647,1791527045647,
92ca7055-66a6-443b-9b67-ff9b92cb2def,CONSUMER,200,1,did:web:ssi-dim-wallet-service.identity:BPNL00000003AYRE,,1791526785149,1791527045817,1791527045817,
9b454f50-ed7e-4987-8f3d-00ea26816edf,CONSUMER,200,1,did:web:ssi-dim-wallet-service.identity:BPNL00000003AYRE,,1791526785460,1791527046216,1791527046216,
46e19bc3-d682-46cd-bc10-ac5b7367298f,CONSUMER,200,1,did:web:ssi-dim-wallet-service.identity:BPNL00000003AYRE,,1791526786048,1791527046512,1791527046512,
287d4afe-e9a6-488a-a245-ff201010c459,CONSUMER,200,1,did:web:ssi-dim-wallet-service.identity:BPNL00000003AYRE,,1791526786162,1791527046614,1791527046614,
7b57f6a6-eba8-4880-9b2b-896a665c9d4c,CONSUMER,200,1,did:web:ssi-dim-wallet-service.identity:BPNL00000003AYRE,,1791526786360,1791527046220,1791527046220,
9c173b9c-0215-4638-bdf0-88694e84c3f1,CONSUMER,200,1,did:web:ssi-dim-wallet-service.identity:BPNL00000003AYRE,,1791526786560,1791527046524,1791527046524,
3b666a9c-cdf5-4bb7-b3bf-971bc1dd66d0,CONSUMER,200,1,did:web:ssi-dim-wallet-service.identity:BPNL00000003AYRE,,1791526786649,1791527046715,1791527046715,
807070ac-159b-4cfb-bbd5-e4f0b85caef7,CONSUMER,200,1,did:web:ssi-dim-wallet-service.identity:BPNL00000003AYRE,,1791526786857,1791527046526,1791527046526,
d259a58b-183e-4aed-99a1-3906e9486367,CONSUMER,200,1,did:web:ssi-dim-wallet-service.identity:BPNL00000003AYRE,,1791526787360,1791527046818,1791527046818,
3295c498-0c20-48f4-86a5-d840e391ce4e,CONSUMER,200,1,did:web:ssi-dim-wallet-service.identity:BPNL00000003AYRE,,1791526787461,1791527046915,1791527046915,
eb79c648-6173-4c09-bb6a-738656c1fa79,CONSUMER,200,1,did:web:ssi-dim-wallet-service.identity:BPNL00000003AYRE,,1791526788752,1791527046917,1791527046917,
69641592-a382-4a70-b3ae-df80949940d0,CONSUMER,200,1,did:web:ssi-dim-wallet-service.identity:BPNL00000003AYRE,,1791526789459,1791527046920,1791527046920,
316fabf9-aa2e-4642-9d36-fd407b8e6a0e,CONSUMER,200,1,did:web:ssi-dim-wallet-service.identity:BPNL00000003AYRE,,1791526789558,1791527046950,1791527046950,
45a96385-7b46-4026-8eb1-ebc42f3a3d5f,CONSUMER,200,1,did:web:ssi-dim-wallet-service.identity:BPNL00000003AYRE,,1791526789650,1791527047012,1791527047012,
21a09004-1197-4ec1-8377-ea65a35e48c2,CONSUMER,200,1,did:web:ssi-dim-wallet-service.identity:BPNL00000003AYRE,,1791526825710,1791527047050,1791527047050,
97bcbce9-4186-479d-85fa-9bef15423802,CONSUMER,200,1,did:web:ssi-dim-wallet-service.identity:BPNL00000003AYRE,,1791526825805,1791527047207,1791527047207,
fbb50f09-0dfb-4ac3-8f35-1134b2c82f35,CONSUMER,200,1,did:web:ssi-dim-wallet-service.identity:BPNL00000003AYRE,,1791526825806,1791527047250,1791527047250,
ef24c87a-c031-415d-892f-0721ffc96176,CONSUMER,200,1,did:web:ssi-dim-wallet-service.identity:BPNL00000003AYRE,,1791526825807,1791527047349,1791527047349,
f7219755-76f5-46d3-8f6a-9d2588b24f3a,CONSUMER,200,1,did:web:ssi-dim-wallet-service.identity:BPNL00000003AYRE,,1791526825807,1791527047419,1791527047419,
f3f8f5f7-21c0-4a79-860b-e9f8290871b8,CONSUMER,200,1,did:web:ssi-dim-wallet-service.identity:BPNL00000003AYRE,,1791526826256,1791527047313,1791527047313,
e3456ed5-b965-4463-b711-22c4474fda36,CONSUMER,200,1,did:web:ssi-dim-wallet-service.identity:BPNL00000003AYRE,,1791526826308,1791527047412,1791527047412,
498ffb56-3132-4256-b2c9-fc7090727be9,CONSUMER,200,1,did:web:ssi-dim-wallet-service.identity:BPNL00000003AYRE,,1791526827753,1791527047450,1791527047450,
9cd79cfe-8d82-40ef-95e5-d80f6a10ec0e,CONSUMER,200,1,did:web:ssi-dim-wallet-service.identity:BPNL00000003AYRE,,1791526828107,1791527047520,1791527047520,
5a337ee5-dde3-48e4-a0b5-b3fd25095732,CONSUMER,200,1,did:web:ssi-dim-wallet-service.identity:BPNL00000003AYRE,,1791526828704,1791527047555,1791527047555,
f65d120b-e587-4551-b344-fe52d174cbff,CONSUMER,200,1,did:web:ssi-dim-wallet-service.identity:BPNL00000003AYRE,,1791526828752,1791527047624,1791527047624,
4fed567b-e885-4de6-a0ae-9fa31812c1b1,CONSUMER,200,1,did:web:ssi-dim-wallet-service.identity:BPNL00000003AYRE,,1791526830157,1791527047670,1791527047670,
c0307bb9-4a63-4273-b521-7321693ab1e4,CONSUMER,200,1,did:web:ssi-dim-wallet-service.identity:BPNL00000003AYRE,,1791526830811,1791527047860,1791527047860,
c5758548-8d38-46ef-8dfd-68af68376cb9,CONSUMER,200,1,did:web:ssi-dim-wallet-service.identity:BPNL00000003AYRE,,1791526830960,1791527047907,1791527047907,
a187f27b-d1b0-4699-a07f-98ae885925ec,CONSUMER,200,1,did:web:ssi-dim-wallet-service.identity:BPNL00000003AYRE,,1791526831411,1791527048005,1791527048005,
5ceb05d1-23c8-41b0-830f-02921786e9ff,CONSUMER,200,1,did:web:ssi-dim-wallet-service.identity:BPNL00000003AYRE,,1791526832255,1791527048104,1791527048104,
dcf37cc0-706f-478f-ac02-2c0b65b79c96,CONSUMER,200,1,did:web:ssi-dim-wallet-service.identity:BPNL00000003AYRE,,1791526832348,1791527048107,1791527048107,
5ef1d1a2-97e8-49e7-b5d5-7b0a75e2abe5,CONSUMER,200,1,did:web:ssi-dim-wallet-service.identity:BPNL00000003AYRE,,1791526832353,1791527048151,1791527048151,
74f118e5-1d06-471e-947d-33e9dce84341,CONSUMER,200,1,did:web:ssi-dim-wallet-service.identity:BPNL00000003AYRE,,1791526833455,1791527048210,1791527048210,
38e33392-290d-41b3-bb57-a1cddabcba2c,CONSUMER,200,1,did:web:ssi-dim-wallet-service.identity:BPNL00000003AYRE,,1791526833647,1791527048409,1791527048409,
fa36c3b2-d60d-41c9-a168-2f183886704d,CONSUMER,200,1,did:web:ssi-dim-wallet-service.identity:BPNL00000003AYRE,,1791526833648,1791527048357,1791527048357,
999f6556-de1d-4ab3-905a-77d758b79fd9,CONSUMER,200,1,did:web:ssi-dim-wallet-service.identity:BPNL00000003AYRE,,1791526835509,1791527048448,1791527048448,
bfec911d-a897-4a05-8603-8673ec413969,CONSUMER,200,1,did:web:ssi-dim-wallet-service.identity:BPNL00000003AYRE,,1791526835805,1791527048654,1791527048654,
501e38b1-70e3-4a38-b2ec-ea87d83ad29e,CONSUMER,200,1,did:web:ssi-dim-wallet-service.identity:BPNL00000003AYRE,,1791526835810,1791527048650,1791527048650,
61bc11ff-5d8f-41ab-bd39-baad068bd627,CONSUMER,200,1,did:web:ssi-dim-wallet-service.identity:BPNL00000003AYRE,,1791526836205,1791527048618,1791527048618,
b159a000-2aa5-4d81-b7b7-f6879e9cda40,CONSUMER,200,1,did:web:ssi-dim-wallet-service.identity:BPNL00000003AYRE,,1791526836452,1791527048612,1791527048612,
79b2ae99-626d-4a20-b2e3-bbd048f16f2b,CONSUMER,200,1,did:web:ssi-dim-wallet-service.identity:BPNL00000003AYRE,,1791526837049,1791527048651,1791527048651,
05aac94e-46b0-4652-87dd-bb0b0e1e9b10,CONSUMER,200,1,did:web:ssi-dim-wallet-service.identity:BPNL00000003AYRE,,1791526837052,1791527049453,1791527049453,
656d62d5-0d71-418d-92ee-6d20d364977d,CONSUMER,200,1,did:web:ssi-dim-wallet-service.identity:BPNL00000003AYRE,,1791526837054,1791527049425,1791527049425,
1a6df8df-ac03-41a1-9a30-8a8a02e5ad72,CONSUMER,200,1,did:web:ssi-dim-wallet-service.identity:BPNL00000003AYRE,,1791526837208,1791527049420,1791527049420,
54ca9bc6-6c2e-4873-97f1-73656504671e,CONSUMER,200,1,did:web:ssi-dim-wallet-service.identity:BPNL00000003AYRE,,1791526838148,1791527049519,1791527049519,
8ea273ec-ba7b-4974-ae52-8f59aa84518e,CONSUMER,200,1,did:web:ssi-dim-wallet-service.identity:BPNL00000003AYRE,,1791526838153,1791527049710,1791527049710,
60b7222d-3511-4a07-95e1-9c34f09f533f,CONSUMER,200,1,did:web:ssi-dim-wallet-service.identity:BPNL00000003AYRE,,1791526838211,1791527049714,1791527049714,
3bcb404e-6a3d-42c3-9712-540dc7afd8ab,CONSUMER,200,1,did:web:ssi-dim-wallet-service.identity:BPNL00000003AYRE,,1791526838352,1791527049811,1791527049811,
4297827c-0db1-42de-8af5-c5e72e83027a,CONSUMER,200,1,did:web:ssi-dim-wallet-service.identity:BPNL00000003AYRE,,1791526838908,1791527049818,1791527049818,
524bcf7c-a645-4e94-9194-50780449dc4e,CONSUMER,200,1,did:web:ssi-dim-wallet-service.identity:BPNL00000003AYRE,,1791526839158,1791527049848,1791527049848,
3d215a0f-54fb-4ac5-8d6b-69d1c4e21c3e,CONSUMER,200,1,did:web:ssi-dim-wallet-service.identity:BPNL00000003AYRE,,1791526839947,1791527050047,1791527050047,
09c837f2-f318-4ce9-b436-8a1eb951501c,CONSUMER,200,1,did:web:ssi-dim-wallet-service.identity:BPNL00000003AYRE,,1791526840355,1791527050021,1791527050021,
14d2f3d6-2f40-4ca9-82d6-11e2ca4f1f45,CONSUMER,200,1,did:web:ssi-dim-wallet-service.identity:BPNL00000003AYRE,,1791526841047,1791527050409,1791527050409,
0310c50b-2355-438b-88a0-4257c9f7575c,CONSUMER,200,1,did:web:ssi-dim-wallet-service.identity:BPNL00000003AYRE,,1791526841650,1791527050322,1791527050322,
6665d21d-cf2c-490a-a6fa-701a795ca743,CONSUMER,200,1,did:web:ssi-dim-wallet-service.identity:BPNL00000003AYRE,,1791526841910,1791527050312,1791527050312,
679ff5fc-b3d2-43ee-a647-973735f88e31,CONSUMER,200,1,did:web:ssi-dim-wallet-service.identity:BPNL00000003AYRE,,1791526842105,1791527050315,1791527050315,
1cba8f61-4a82-47f3-b173-0fbdac3fccbc,CONSUMER,200,1,did:web:ssi-dim-wallet-service.identity:BPNL00000003AYRE,,1791526843358,1791527050349,1791527050349,
b9b1a338-d97c-4827-9a57-3de439cf2ebc,CONSUMER,200,1,did:web:ssi-dim-wallet-service.identity:BPNL00000003AYRE,,1791526844006,1791527050656,1791527050656,
1039a51c-e9f9-4c4d-b443-0417e2b06922,CONSUMER,200,1,did:web:ssi-dim-wallet-service.identity:BPNL00000003AYRE,,1791526848180,1791527050609,1791527050609,
ce83b6aa-4e8e-476e-8499-9281d8ab9032,CONSUMER,200,1,did:web:ssi-dim-wallet-service.identity:BPNL00000003AYRE,,1791526849352,1791527050607,1791527050607,
65351958-b9f4-4edc-bbf2-b4d5f69d639f,CONSUMER,200,1,did:web:ssi-dim-wallet-service.identity:BPNL00000003AYRE,,1791526849452,1791527050657,1791527050657,
31cfac83-1cc8-4825-8f3f-daa63846e1f6,CONSUMER,200,1,did:web:ssi-dim-wallet-service.identity:BPNL00000003AYRE,,1791526849557,1791527050718,1791527050718,
6e11fa9f-6fbf-41ed-a305-6643844502c0,CONSUMER,200,1,did:web:ssi-dim-wallet-service.identity:BPNL00000003AYRE,,1791526849613,1791527050912,1791527050912,
a91e9dce-a0c2-482f-93d0-c4d7b762323c,CONSUMER,200,1,did:web:ssi-dim-wallet-service.identity:BPNL00000003AYRE,,1791526850149,1791527050909,1791527050909,
47a20c8f-7a90-482c-83f4-51220a2c8c2c,CONSUMER,200,1,did:web:ssi-dim-wallet-service.identity:BPNL00000003AYRE,,1791526850451,1791527050908,1791527050908,
4a2dead8-94d6-4e18-a5ce-d04ece8fe658,CONSUMER,200,1,did:web:ssi-dim-wallet-service.identity:BPNL00000003AYRE,,1791526850509,1791527050925,1791527050925,
e84d76b6-746e-463e-807b-ef044496326e,CONSUMER,200,1,did:web:ssi-dim-wallet-service.identity:BPNL00000003AYRE,,1791526850554,1791527051050,1791527051050,
2c864b36-0fb1-4931-8e74-cf3b591735b3,CONSUMER,200,1,did:web:ssi-dim-wallet-service.identity:BPNL00000003AYRE,,1791526851048,1791527051119,1791527051119,
97b509ef-3e6a-41d1-827b-a6498b4c6b9d,CONSUMER,200,1,did:web:ssi-dim-wallet-service.identity:BPNL00000003AYRE,,1791526853606,1791527051212,1791527051212,
28d4b00a-ee2a-4b19-909f-d0d89443e2bb,CONSUMER,200,1,did:web:ssi-dim-wallet-service.identity:BPNL00000003AYRE,,1791526854110,1791527051217,1791527051217,
ceafff84-24d8-4a13-b92b-bf8100fd16b1,CONSUMER,200,1,did:web:ssi-dim-wallet-service.identity:BPNL00000003AYRE,,1791526855751,1791527051313,1791527051313,
135c4aa7-61ad-4211-9980-33c275f93cf2,CONSUMER,200,1,did:web:ssi-dim-wallet-service.identity:BPNL00000003AYRE,,1791526857606,1791527051418,1791527051418,
2ffca5c4-01f6-4a4c-9a7b-9fff965408c0,CONSUMER,200,1,did:web:ssi-dim-wallet-service.identity:BPNL00000003AYRE,,1791526867010,1791527051557,1791527051557,
452ac9a3-ff71-4d4a-a7c2-65b4af34f400,CONSUMER,200,1,did:web:ssi-dim-wallet-service.identity:BPNL00000003AYRE,,1791526871055,1791527051607,1791527051607,
c87f225d-6915-4c0e-b3b0-d2b6f8a1ec50,CONSUMER,200,1,did:web:ssi-dim-wallet-service.identity:BPNL00000003AYRE,,1791526941007,1791527051517,1791527051517,
d1ecdf2b-3339-4048-a9d7-42f180d47636,CONSUMER,200,1,did:web:ssi-dim-wallet-service.identity:BPNL00000003AYRE,,1791526942553,1791527051612,1791527051612,
48c1547b-63cb-4daa-98f8-7c2b47f368f4,CONSUMER,200,1,did:web:ssi-dim-wallet-service.identity:BPNL00000003AYRE,,1791526949811,1791527051807,1791527051807,
60ac9c26-5b90-4ab6-b89e-00207674ecae,CONSUMER,200,1,did:web:ssi-dim-wallet-service.identity:BPNL00000003AYRE,,1791526952048,1791527051806,1791527051806,
129ce637-817a-4efb-98d1-d18c38169d3c,CONSUMER,200,1,did:web:ssi-dim-wallet-service.identity:BPNL00000003AYRE,,1791526952353,1791527051847,1791527051847,
65dbb52a-1189-4e99-8656-bd8a4bf70e87,CONSUMER,200,1,did:web:ssi-dim-wallet-service.identity:BPNL00000003AYRE,,1791526952355,1791527051910,1791527051910,
e4f006a4-085f-4bd6-8847-1e6ee7696e83,CONSUMER,200,1,did:web:ssi-dim-wallet-service.identity:BPNL00000003AYRE,,1791526952507,1791527051907,1791527051907,
98ddf092-ea27-456d-a3bd-10e230e9ceda,CONSUMER,200,1,did:web:ssi-dim-wallet-service.identity:BPNL00000003AYRE,,1791526952905,1791527051911,1791527051911,
09d0242b-9c08-43e3-91df-ea3556ecffa5,CONSUMER,200,1,did:web:ssi-dim-wallet-service.identity:BPNL00000003AYRE,,1791526953408,1791527051950,1791527051950,
52830a79-33e0-4c6c-9d0a-3cb172598f10,CONSUMER,200,1,did:web:ssi-dim-wallet-service.identity:BPNL00000003AYRE,,1791526953662,1791527052152,1791527052152,
6a1f1019-a153-450a-a224-932ce1660997,CONSUMER,200,1,did:web:ssi-dim-wallet-service.identity:BPNL00000003AYRE,,1791526953958,1791527052325,1791527052325,
083f66cf-e6e2-47da-9a50-889a5edd56de,CONSUMER,200,1,did:web:ssi-dim-wallet-service.identity:BPNL00000003AYRE,,1791526954352,1791527052612,1791527052612,
956f9530-7c55-498a-873e-2dcfaa35574b,CONSUMER,200,1,did:web:ssi-dim-wallet-service.identity:BPNL00000003AYRE,,1791526955049,1791527052512,1791527052512,
2ed92bfc-21d0-4127-8d4c-25d2dc679b96,CONSUMER,200,1,did:web:ssi-dim-wallet-service.identity:BPNL00000003AYRE,,1791526956359,1791527052510,1791527052510,
170ed3f6-81cb-4683-90ef-365f6277a2d7,CONSUMER,200,1,did:web:ssi-dim-wallet-service.identity:BPNL00000003AYRE,,1791526957006,1791527052711,1791527052711,
e41cae11-0605-4bb1-bef5-3c255861468b,CONSUMER,200,1,did:web:ssi-dim-wallet-service.identity:BPNL00000003AYRE,,1791526957253,1791527052716,1791527052716,
4a6beec9-8411-4970-8e41-3a8ab9ae8281,CONSUMER,200,1,did:web:ssi-dim-wallet-service.identity:BPNL00000003AYRE,,1791526957458,1791527052813,1791527052813,
ac4791a6-25bb-4a36-b9ab-f1a870c90cb5,CONSUMER,200,1,did:web:ssi-dim-wallet-service.identity:BPNL00000003AYRE,,1791526957706,1791527052815,1791527052815,
6ecc0ced-e82d-47c7-98e0-d55b7ae05b44,CONSUMER,200,1,did:web:ssi-dim-wallet-service.identity:BPNL00000003AYRE,,1791526957754,1791527052852,1791527052852,
fb5969e8-ee84-4539-b38b-3aa7ec432b16,CONSUMER,200,1,did:web:ssi-dim-wallet-service.identity:BPNL00000003AYRE,,1791526957851,1791527052953,1791527052953,
8658bab2-c303-4422-a7d6-8b547d1c4a9b,CONSUMER,200,1,did:web:ssi-dim-wallet-service.identity:BPNL00000003AYRE,,1791526957908,1791527052950,1791527052950,
75468957-8235-4076-8dfc-0289d59ccbf0,CONSUMER,200,1,did:web:ssi-dim-wallet-service.identity:BPNL00000003AYRE,,1791526957962,1791527053097,1791527053097,
6c6c6b63-12e6-4a2b-af48-ae29db7a797f,CONSUMER,200,1,did:web:ssi-dim-wallet-service.identity:BPNL00000003AYRE,,1791526958053,1791527053106,1791527053106,
dbd9d556-c685-400e-a171-156038c98c17,CONSUMER,200,1,did:web:ssi-dim-wallet-service.identity:BPNL00000003AYRE,,1791526958466,1791527053154,1791527053154,
80e9c84f-52ce-4a01-bb41-99479d256ae4,CONSUMER,200,1,did:web:ssi-dim-wallet-service.identity:BPNL00000003AYRE,,1791526959210,1791527053256,1791527053256,
e6c60de2-428e-4307-bc03-eeb7def9f863,CONSUMER,200,1,did:web:ssi-dim-wallet-service.identity:BPNL00000003AYRE,,1791526959264,1791527053317,1791527053317,
23ea0028-91e7-442a-89ca-c86d6934e60c,CONSUMER,200,1,did:web:ssi-dim-wallet-service.identity:BPNL00000003AYRE,,1791526959505,1791527053352,1791527053352,
554ef4b8-fd8d-4423-b845-1356242ee5b3,CONSUMER,200,1,did:web:ssi-dim-wallet-service.identity:BPNL00000003AYRE,,1791526959862,1791527053855,1791527053855,
8ced48be-a89e-45be-98c4-f309dff78b80,CONSUMER,200,1,did:web:ssi-dim-wallet-service.identity:BPNL00000003AYRE,,1791526960383,1791527053950,1791527053950,
ff20a088-8b85-43c2-bf42-4785e20958ac,CONSUMER,200,1,did:web:ssi-dim-wallet-service.identity:BPNL00000003AYRE,,1791526960749,1791527053953,1791527053953,
ae2ee4c1-e0da-425f-898c-dd06f6e0421b,CONSUMER,200,1,did:web:ssi-dim-wallet-service.identity:BPNL00000003AYRE,,1791526960905,1791527054015,1791527054015,
06eb0efa-f507-421f-803e-982882df0042,CONSUMER,200,1,did:web:ssi-dim-wallet-service.identity:BPNL00000003AYRE,,1791526961251,1791527054150,1791527054150,
31a405df-ce83-4dda-afe4-3861d0265da6,CONSUMER,200,1,did:web:ssi-dim-wallet-service.identity:BPNL00000003AYRE,,1791526961258,1791527054056,1791527054056,
44d7faf7-777d-4d8e-8308-e48ebda57d47,CONSUMER,200,1,did:web:ssi-dim-wallet-service.identity:BPNL00000003AYRE,,1791526961314,1791527054208,1791527054208,
27652330-6f7a-4331-8f50-5fbb1d8879b8,CONSUMER,200,1,did:web:ssi-dim-wallet-service.identity:BPNL00000003AYRE,,1791526961655,1791527054217,1791527054217,
d0c6cbed-0cdb-468b-85b5-5109e28b8487,CONSUMER,200,1,did:web:ssi-dim-wallet-service.identity:BPNL00000003AYRE,,1791526962249,1791527054449,1791527054449,
ff1172f5-b919-4c0a-a2e0-cc51dd7912e8,CONSUMER,200,1,did:web:ssi-dim-wallet-service.identity:BPNL00000003AYRE,,1791526962754,1791527054407,1791527054407,
25e7a90b-1924-4ede-9320-a87f901b2a91,CONSUMER,200,1,did:web:ssi-dim-wallet-service.identity:BPNL00000003AYRE,,1791526962848,1791527054410,1791527054410,
c2d511a5-f661-4c7e-b376-cbdf700e19f0,CONSUMER,200,1,did:web:ssi-dim-wallet-service.identity:BPNL00000003AYRE,,1791526963056,1791527054519,1791527054519,
8b061bd1-0920-403a-a87e-74c30c90cc56,CONSUMER,200,1,did:web:ssi-dim-wallet-service.identity:BPNL00000003AYRE,,1791526963152,1791527054606,1791527054606,
df6dac7b-972f-4bca-b59c-d7ff46c8029f,CONSUMER,200,1,did:web:ssi-dim-wallet-service.identity:BPNL00000003AYRE,,1791526963262,1791527054651,1791527054651,
ff092605-0c8e-4ed9-8eab-9425e717ba89,CONSUMER,200,1,did:web:ssi-dim-wallet-service.identity:BPNL00000003AYRE,,1791526963487,1791527054815,1791527054815,
ed94d526-607b-49f1-8ebd-938b63f850b8,CONSUMER,200,1,did:web:ssi-dim-wallet-service.identity:BPNL00000003AYRE,,1791526963648,1791527055014,1791527055014,
cce4ace8-a1c9-48e5-902c-c4cea35ec485,CONSUMER,200,1,did:web:ssi-dim-wallet-service.identity:BPNL00000003AYRE,,1791526963757,1791527054920,1791527054920,
8066d693-1c85-4a14-b62a-98bc57ebec81,CONSUMER,200,1,did:web:ssi-dim-wallet-service.identity:BPNL00000003AYRE,,1791526964148,1791527055112,1791527055112,
65ddbcc2-4165-4817-b39a-66148dda7e4f,CONSUMER,200,1,did:web:ssi-dim-wallet-service.identity:BPNL00000003AYRE,,1791526964148,1791527055012,1791527055012,
d5efa6de-3b19-40de-a6c9-f13947245830,CONSUMER,200,1,did:web:ssi-dim-wallet-service.identity:BPNL00000003AYRE,,1791526964350,1791527055165,1791527055165,
76d9566d-ce25-4a8b-83bd-3d1761f215f7,CONSUMER,200,1,did:web:ssi-dim-wallet-service.identity:BPNL00000003AYRE,,1791526964665,1791527055524,1791527055524,
6e28d649-fcfa-4085-8922-7040ae6c453a,CONSUMER,200,1,did:web:ssi-dim-wallet-service.identity:BPNL00000003AYRE,,1791526964856,1791527055709,1791527055709,
7b6c3669-6287-4b72-8de8-eb447bf53028,CONSUMER,200,1,did:web:ssi-dim-wallet-service.identity:BPNL00000003AYRE,,1791526965163,1791527055709,1791527055709,
8e854417-3951-4f3a-ac51-c2a0f634b5b6,CONSUMER,200,1,did:web:ssi-dim-wallet-service.identity:BPNL00000003AYRE,,1791526965461,1791527055808,1791527055808,
f6beb5b0-657b-45b2-8cb4-9a3e4e847ed2,CONSUMER,200,1,did:web:ssi-dim-wallet-service.identity:BPNL00000003AYRE,,1791526965762,1791527055831,1791527055831,
0588acdd-2b54-4028-96fc-8c0f171a4d6e,CONSUMER,200,1,did:web:ssi-dim-wallet-service.identity:BPNL00000003AYRE,,1791526966061,1791527055912,1791527055912,
067b6263-a36a-45c2-9966-27ddd31f2f1d,CONSUMER,200,1,did:web:ssi-dim-wallet-service.identity:BPNL00000003AYRE,,1791526966907,1791527055969,1791527055969,
41be955b-7959-470f-96d6-898f18fd80b1,CONSUMER,200,1,did:web:ssi-dim-wallet-service.identity:BPNL00000003AYRE,,1791526966954,1791527055962,1791527055962,
1b8bb19b-bf70-41ca-a29a-1eec6e5eae76,CONSUMER,200,1,did:web:ssi-dim-wallet-service.identity:BPNL00000003AYRE,,1791526967260,1791527056104,1791527056104,
dc33b53c-625d-4ec7-a6bb-f86a193f5c90,CONSUMER,200,1,did:web:ssi-dim-wallet-service.identity:BPNL00000003AYRE,,1791526967605,1791527056317,1791527056317,
229eb896-211a-42e1-b23f-093b88643166,CONSUMER,200,1,did:web:ssi-dim-wallet-service.identity:BPNL00000003AYRE,,1791526967653,1791527056329,1791527056329,
560f7d05-9ff2-4783-b4b1-5cf79d7a8810,CONSUMER,200,1,did:web:ssi-dim-wallet-service.identity:BPNL00000003AYRE,,1791526967909,1791527056433,1791527056433,
b9febde4-dd10-462a-8c7e-42b73fe86985,CONSUMER,200,1,did:web:ssi-dim-wallet-service.identity:BPNL00000003AYRE,,1791526968658,1791527056536,1791527056536,
edee57f9-0f87-4c36-83ba-970e17915d3e,CONSUMER,200,1,did:web:ssi-dim-wallet-service.identity:BPNL00000003AYRE,,1791526968662,1791527056607,1791527056607,
59902a67-b174-43b7-8dc9-757454eec76c,CONSUMER,200,1,did:web:ssi-dim-wallet-service.identity:BPNL00000003AYRE,,1791526968757,1791527056615,1791527056615,
e4058220-d026-4eed-85a6-5157decfb7e3,CONSUMER,200,1,did:web:ssi-dim-wallet-service.identity:BPNL00000003AYRE,,1791526968807,1791527056710,1791527056710,
dc733932-1932-4385-afbb-931c3b2f4db8,CONSUMER,200,1,did:web:ssi-dim-wallet-service.identity:BPNL00000003AYRE,,1791526968850,1791527056808,1791527056808,
410e6f45-8f64-4c5b-86ee-34f2828e1d18,CONSUMER,200,1,did:web:ssi-dim-wallet-service.identity:BPNL00000003AYRE,,1791526968956,1791527056919,1791527056919,
c8d5ca26-ce48-46a0-8304-747049427ca5,CONSUMER,200,1,did:web:ssi-dim-wallet-service.identity:BPNL00000003AYRE,,1791526969055,1791527056927,1791527056927,
4e2ec291-ec7f-4619-87a8-90600e71ba3b,CONSUMER,200,1,did:web:ssi-dim-wallet-service.identity:BPNL00000003AYRE,,1791526969262,1791527057028,1791527057028,
4cb31afc-3794-4acb-b525-be6c44691d71,CONSUMER,200,1,did:web:ssi-dim-wallet-service.identity:BPNL00000003AYRE,,1791526969451,1791527057126,1791527057126,
ad37a830-8833-4e76-916d-c3b117f79666,CONSUMER,200,1,did:web:ssi-dim-wallet-service.identity:BPNL00000003AYRE,,1791526969464,1791527057207,1791527057207,
0dc5df14-522c-467e-954c-8055fc8de031,CONSUMER,200,1,did:web:ssi-dim-wallet-service.identity:BPNL00000003AYRE,,1791526969469,1791527057194,1791527057194,
b37f9099-9ea4-4be5-91bf-1cf65bf97a47,CONSUMER,200,1,did:web:ssi-dim-wallet-service.identity:BPNL00000003AYRE,,1791526969753,1791527057227,1791527057227,
3569ffc8-a16c-4ae4-a295-659a8738621f,CONSUMER,200,1,did:web:ssi-dim-wallet-service.identity:BPNL00000003AYRE,,1791526970256,1791527057223,1791527057223,
a6d149ec-59fc-4490-9d57-dde766021575,CONSUMER,200,1,did:web:ssi-dim-wallet-service.identity:BPNL00000003AYRE,,1791526970257,1791527057268,1791527057268,
0a304f78-f698-4b87-b870-0a94e18676d0,CONSUMER,200,1,did:web:ssi-dim-wallet-service.identity:BPNL00000003AYRE,,1791526970357,1791527057364,1791527057364,
d63a8fbd-b87c-4ad2-8294-a58c7423bd58,CONSUMER,200,1,did:web:ssi-dim-wallet-service.identity:BPNL00000003AYRE,,1791526971848,1791527057448,1791527057448,
db623aa9-e7ab-4d71-a9ce-89732f10a101,CONSUMER,200,1,did:web:ssi-dim-wallet-service.identity:BPNL00000003AYRE,,1791526972250,1791527057549,1791527057549,
799d933c-aecf-4513-a023-b170c4c9a1e7,CONSUMER,200,1,did:web:ssi-dim-wallet-service.identity:BPNL00000003AYRE,,1791526972252,1791527057609,1791527057609,
8dffd907-7818-490e-9841-da83c4530df4,CONSUMER,200,1,did:web:ssi-dim-wallet-service.identity:BPNL00000003AYRE,,1791526972308,1791527057715,1791527057715,
00334668-2e30-40ee-9db6-6f932bb378fa,CONSUMER,200,1,did:web:ssi-dim-wallet-service.identity:BPNL00000003AYRE,,1791526972504,1791527057922,1791527057922,
8ff65d59-9ef2-4af4-b8b8-f0f43503057b,CONSUMER,200,1,did:web:ssi-dim-wallet-service.identity:BPNL00000003AYRE,,1791526972756,1791527058006,1791527058006,
c9af6ee9-76d4-40fc-a7f1-c8fcc8f4937e,CONSUMER,200,1,did:web:ssi-dim-wallet-service.identity:BPNL00000003AYRE,,1791526972849,1791527058007,1791527058007,
5d180915-1fcd-4770-b02f-d614342c815f,CONSUMER,200,1,did:web:ssi-dim-wallet-service.identity:BPNL00000003AYRE,,1791526972911,1791527058110,1791527058110,
69906d01-5250-4918-b01b-c318fb375e04,CONSUMER,200,1,did:web:ssi-dim-wallet-service.identity:BPNL00000003AYRE,,1791526973051,1791527058209,1791527058209,
26d8f3e8-1d8a-4e5e-9ff2-e682552ee416,CONSUMER,200,1,did:web:ssi-dim-wallet-service.identity:BPNL00000003AYRE,,1791526973204,1791527058419,1791527058419,
c7b9e561-1a08-43ae-999f-429969ec7433,CONSUMER,200,1,did:web:ssi-dim-wallet-service.identity:BPNL00000003AYRE,,1791526973260,1791527058818,1791527058818,
1ddaa742-5954-43f2-8f28-e058e8cc4450,CONSUMER,200,1,did:web:ssi-dim-wallet-service.identity:BPNL00000003AYRE,,1791526973346,1791527058812,1791527058812,
44ecc8f6-c0a1-4def-ba2d-f2fa1f07178e,CONSUMER,200,1,did:web:ssi-dim-wallet-service.identity:BPNL00000003AYRE,,1791526973511,1791527059119,1791527059119,
1c5d1f40-7565-4f28-9efe-dace7b789efd,CONSUMER,200,1,did:web:ssi-dim-wallet-service.identity:BPNL00000003AYRE,,1791526973607,1791527059123,1791527059123,
4f41cf63-ca41-4075-86eb-dbfe175ffd12,CONSUMER,200,1,did:web:ssi-dim-wallet-service.identity:BPNL00000003AYRE,,1791526973759,1791527059420,1791527059420,
ff206806-1188-41ea-9722-83faff472c50,CONSUMER,200,1,did:web:ssi-dim-wallet-service.identity:BPNL00000003AYRE,,1791526973854,1791527059353,1791527059353,
264d2e8f-9b51-4bbf-a0a2-d9faed40d4b7,CONSUMER,200,1,did:web:ssi-dim-wallet-service.identity:BPNL00000003AYRE,,1791526974513,1791527059456,1791527059456,
baddf5d1-922e-4279-bc35-bdc45538c340,CONSUMER,200,1,did:web:ssi-dim-wallet-service.identity:BPNL00000003AYRE,,1791526974655,1791527059652,1791527059652,
2219fefc-3ff4-4c33-9bef-24090cf2c667,CONSUMER,200,1,did:web:ssi-dim-wallet-service.identity:BPNL00000003AYRE,,1791526974754,1791527059653,1791527059653,
61d95446-4fa3-4fc3-b51d-1a5d31dca3a4,CONSUMER,200,1,did:web:ssi-dim-wallet-service.identity:BPNL00000003AYRE,,1791526974855,1791527059809,1791527059809,
ef899e17-5c65-460c-bb22-186cb97a2114,CONSUMER,200,1,did:web:ssi-dim-wallet-service.identity:BPNL00000003AYRE,,1791526975307,1791527059654,1791527059654,
7186783e-acdb-4424-9e93-72887c92f3e8,CONSUMER,200,1,did:web:ssi-dim-wallet-service.identity:BPNL00000003AYRE,,1791526976255,1791527059652,1791527059652,
a75675f2-b7ab-4721-878b-c8c9bd7bc726,CONSUMER,200,1,did:web:ssi-dim-wallet-service.identity:BPNL00000003AYRE,,1791526976806,1791527060020,1791527060020,
960f53d8-f2c7-4107-b7f1-1a81478c6d1f,CONSUMER,200,1,did:web:ssi-dim-wallet-service.identity:BPNL00000003AYRE,,1791526977209,1791527059913,1791527059913,
3ec93a49-31c9-47a0-92c1-b1c1c2e7c14e,CONSUMER,200,1,did:web:ssi-dim-wallet-service.identity:BPNL00000003AYRE,,1791526977314,1791527059848,1791527059848,
10b99b5f-eef1-49c0-a787-72282d0039c0,CONSUMER,200,1,did:web:ssi-dim-wallet-service.identity:BPNL00000003AYRE,,1791526977750,1791527059909,1791527059909,
cd1af390-0b96-4181-8565-1f3b0b6eb37c,CONSUMER,200,1,did:web:ssi-dim-wallet-service.identity:BPNL00000003AYRE,,1791526977953,1791527060025,1791527060025,
92537b10-a03f-450a-806d-7fa35c25d892,CONSUMER,200,1,did:web:ssi-dim-wallet-service.identity:BPNL00000003AYRE,,1791526978007,1791527060157,1791527060157,
605bd2b1-6eba-4658-be5c-96333111f980,CONSUMER,200,1,did:web:ssi-dim-wallet-service.identity:BPNL00000003AYRE,,1791526978305,1791527060306,1791527060306,
54d4b976-f4b8-433c-8da6-9e853f77e6eb,CONSUMER,200,1,did:web:ssi-dim-wallet-service.identity:BPNL00000003AYRE,,1791526978348,1791527060260,1791527060260,
ef7d5a91-ba17-4dba-827a-e073c0fd61e4,CONSUMER,200,1,did:web:ssi-dim-wallet-service.identity:BPNL00000003AYRE,,1791526978560,1791527060354,1791527060354,
7b7a580c-bb4e-4d3f-aee7-b6e4bdf2664c,CONSUMER,200,1,did:web:ssi-dim-wallet-service.identity:BPNL00000003AYRE,,1791526996054,1791527060358,1791527060358,
c66147a2-27a1-461c-96b8-f45666446747,CONSUMER,200,1,did:web:ssi-dim-wallet-service.identity:BPNL00000003AYRE,,1791526996752,1791527060411,1791527060411,
308b39a8-3c8d-4c49-b505-7b5edd64ff02,CONSUMER,200,1,did:web:ssi-dim-wallet-service.identity:BPNL00000003AYRE,,1791526999547,1791527153557,1791527153557,
f11f1ca7-b73e-4a03-9d44-0ff3ec4e7a15,CONSUMER,200,1,did:web:ssi-dim-wallet-service.identity:BPNL00000003AYRE,,1791526999606,1791527155792,1791527155792,
06ea5754-5211-4fa5-9d0d-2c991e57f609,CONSUMER,200,1,did:web:ssi-dim-wallet-service.identity:BPNL00000003AYRE,,1791527000163,1791527163652,1791527163652,
6c12f336-edb2-40be-8f8b-eeafd695ec89,CONSUMER,200,1,did:web:ssi-dim-wallet-service.identity:BPNL00000003AYRE,,1791527000806,1791527166049,1791527166049,
7bf50c7a-707e-4724-9959-c312f7cbf07a,CONSUMER,200,1,did:web:ssi-dim-wallet-service.identity:BPNL00000003AYRE,,1791527000847,1791527174698,1791527174698,
af13a5e9-ac27-478f-a4ef-e107fec8d2fe,CONSUMER,200,1,did:web:ssi-dim-wallet-service.identity:BPNL00000003AYRE,,1791527000847,1791527168455,1791527168455,
979cfa01-23bc-42ee-8c51-3a32a24dbc48,CONSUMER,200,1,did:web:ssi-dim-wallet-service.identity:BPNL00000003AYRE,,1791527000906,1791527177047,1791527177047,
773892c2-499f-425a-9148-fbe6f51303fa,CONSUMER,200,1,did:web:ssi-dim-wallet-service.identity:BPNL00000003AYRE,,1791527001055,1791527184948,1791527184948,
c07be957-d5e8-4b57-a6ff-d69c12b2c8c9,CONSUMER,200,1,did:web:ssi-dim-wallet-service.identity:BPNL00000003AYRE,,1791527001057,1791527188052,1791527188052,
794c4346-6687-4cd4-80a9-fdf83841b4ff,CONSUMER,200,1,did:web:ssi-dim-wallet-service.identity:BPNL00000003AYRE,,1791527001061,1791527191160,1791527191160,
0456e7d4-dc45-48e7-8d44-ba4b690efc3f,CONSUMER,200,1,did:web:ssi-dim-wallet-service.identity:BPNL00000003AYRE,,1791527001067,1791527197564,1791527197564,
46e8a3a9-a402-4488-9c60-53edb086cc04,CONSUMER,200,1,did:web:ssi-dim-wallet-service.identity:BPNL00000003AYRE,,1791527020253,1791527198657,1791527198657,
8c465af2-3732-4157-8fd2-e27353a4a6c0,CONSUMER,200,1,did:web:ssi-dim-wallet-service.identity:BPNL00000003AYRE,,1791527037951,1791527199352,1791527199352,
11d5e3f0-2017-4678-a691-c4fa2ce6d9b2,CONSUMER,200,1,did:web:ssi-dim-wallet-service.identity:BPNL00000003AYRE,,1791527038051,1791527230060,1791527230060,
7ee8c649-d7bd-4733-8864-a00ec8324e92,CONSUMER,200,1,did:web:ssi-dim-wallet-service.identity:BPNL00000003AYRE,,1791527038055,1791527230860,1791527230860,
ff184cd2-635c-4364-89b3-5c1442f7e793,CONSUMER,200,1,did:web:ssi-dim-wallet-service.identity:BPNL00000003AYRE,,1791527038106,1791527231219,1791527231219,
23eefd82-1aab-4c3c-be75-870ab06d903f,CONSUMER,200,1,did:web:ssi-dim-wallet-service.identity:BPNL00000003AYRE,,1791527038149,1791527231349,1791527231349,
6a078824-9865-43c1-b8ea-ceed5bb0aa49,CONSUMER,200,1,did:web:ssi-dim-wallet-service.identity:BPNL00000003AYRE,,1791527038254,1791527231664,1791527231664,
6ae04916-0521-4db1-992e-2a4c83584a88,CONSUMER,200,1,did:web:ssi-dim-wallet-service.identity:BPNL00000003AYRE,,1791527038306,1791527232350,1791527232350,
3a454d8a-1b11-4b05-a838-01c1bc85cb66,CONSUMER,200,1,did:web:ssi-dim-wallet-service.identity:BPNL00000003AYRE,,1791527038351,1791527232552,1791527232552,
dcc0e322-5988-48b5-af3d-7c7ae1f24c7e,CONSUMER,200,1,did:web:ssi-dim-wallet-service.identity:BPNL00000003AYRE,,1791527038411,1791527077865,1791527077865,
3892c1e3-1507-4657-bd49-bfe0227ffd5f,CONSUMER,200,1,did:web:ssi-dim-wallet-service.identity:BPNL00000003AYRE,,1791527038612,1791527077865,1791527077865,
12d63ce2-08f1-4d74-9799-c970783e60e0,CONSUMER,200,1,did:web:ssi-dim-wallet-service.identity:BPNL00000003AYRE,,1791527038747,1791527078151,1791527078151,
77ed46bc-4900-4237-8038-a8ea95703bf7,CONSUMER,200,1,did:web:ssi-dim-wallet-service.identity:BPNL00000003AYRE,,1791527054311,1791527078355,1791527078355,
ab538fcd-8a31-42b1-8818-0917b1aea6d1,CONSUMER,200,1,did:web:ssi-dim-wallet-service.identity:BPNL00000003AYRE,,1791527054348,1791527078565,1791527078565,
281a7098-0c5b-4d14-955a-e59eeb79647c,CONSUMER,200,1,did:web:ssi-dim-wallet-service.identity:BPNL00000003AYRE,,1791527054414,1791527078670,1791527078670,
7dbb713f-0ece-4475-9699-5998d6d9c4bb,CONSUMER,200,1,did:web:ssi-dim-wallet-service.identity:BPNL00000003AYRE,,1791527054720,1791527078855,1791527078855,
8d5aa9ad-9359-4ed8-aa33-95f58362a50e,CONSUMER,200,1,did:web:ssi-dim-wallet-service.identity:BPNL00000003AYRE,,1791527054758,1791527079139,1791527079139,
8408e028-c04e-4eb0-869e-92440ad811ec,CONSUMER,200,1,did:web:ssi-dim-wallet-service.identity:BPNL00000003AYRE,,1791527055364,1791527079176,1791527079176,
ced605dd-adb3-4732-8b6b-e14c2ea2f499,CONSUMER,200,1,did:web:ssi-dim-wallet-service.identity:BPNL00000003AYRE,,1791527056013,1791527079259,1791527079259,
fb430b86-6bda-4767-badd-b880533dfc4b,CONSUMER,200,1,did:web:ssi-dim-wallet-service.identity:BPNL00000003AYRE,,1791527056057,1791527079454,1791527079454,
ab959c0d-e2d4-471f-9179-819b92b573b0,CONSUMER,200,1,did:web:ssi-dim-wallet-service.identity:BPNL00000003AYRE,,1791527058118,1791527079557,1791527079557,
4ca48826-9a2c-4524-a523-14d226d23804,CONSUMER,200,1,did:web:ssi-dim-wallet-service.identity:BPNL00000003AYRE,,1791527058154,1791527079666,1791527079666,
8209618a-f964-44ae-86be-ad4393497d62,CONSUMER,200,1,did:web:ssi-dim-wallet-service.identity:BPNL00000003AYRE,,1791527098361,1791527114647,1791527114647,
ec28eda0-18cd-452e-bd7c-d587ef83c2c8,CONSUMER,200,1,did:web:ssi-dim-wallet-service.identity:BPNL00000003AYRE,,1791527098447,1791527118956,1791527118956,
7df57523-7885-4542-82cb-e04a242cfcc3,CONSUMER,200,1,did:web:ssi-dim-wallet-service.identity:BPNL00000003AYRE,,1791527098449,1791527212059,1791527212059,
10a93aff-c206-4b0c-b4f9-fee39d4d7580,CONSUMER,200,1,did:web:ssi-dim-wallet-service.identity:BPNL00000003AYRE,,1791527098861,1791527212358,1791527212358,
da1699f4-2f82-4207-b529-e85389014916,CONSUMER,200,1,did:web:ssi-dim-wallet-service.identity:BPNL00000003AYRE,,1791527099059,1791527122350,1791527122350,
9340ba47-6e9d-448a-aacd-ea44d4db10c7,CONSUMER,200,1,did:web:ssi-dim-wallet-service.identity:BPNL00000003AYRE,,1791527099954,1791527213848,1791527213848,
40c2947d-0d7c-4299-8a5f-6ec2c32cf9c7,CONSUMER,200,1,did:web:ssi-dim-wallet-service.identity:BPNL00000003AYRE,,1791527100358,1791527218171,1791527218171,
f7b94113-edb3-489e-9d4d-0767ffdae1c9,CONSUMER,200,1,did:web:ssi-dim-wallet-service.identity:BPNL00000003AYRE,,1791527101149,1791527219981,1791527219981,
a4773a10-4548-42f3-992f-569c19773547,CONSUMER,200,1,did:web:ssi-dim-wallet-service.identity:BPNL00000003AYRE,,1791527102258,1791527220357,1791527220357,
7889c94e-a849-4d47-9034-a2f62421dacf,CONSUMER,200,1,did:web:ssi-dim-wallet-service.identity:BPNL00000003AYRE,,1791527103562,1791527220952,1791527220952,
26caad28-624c-425d-8a3a-d7ff1555860f,CONSUMER,200,1,did:web:ssi-dim-wallet-service.identity:BPNL00000003AYRE,,1791527103751,1791527221356,1791527221356,
d3d93ab4-fa29-4462-b3b3-605ef3982f44,CONSUMER,200,1,did:web:ssi-dim-wallet-service.identity:BPNL00000003AYRE,,1791527105163,1791527222256,1791527222256,
bfaf4dec-9589-4950-bdb2-de70260a6240,CONSUMER,200,1,did:web:ssi-dim-wallet-service.identity:BPNL00000003AYRE,,1791527105456,1791527222999,1791527222999,
bee32203-82c0-48a3-a4ac-849a6413795e,CONSUMER,200,1,did:web:ssi-dim-wallet-service.identity:BPNL00000003AYRE,,1791527105981,1791527225847,1791527225847,
89abc19f-558b-42c9-ad0f-0a73a5a2f391,CONSUMER,200,1,did:web:ssi-dim-wallet-service.identity:BPNL00000003AYRE,,1791527107356,1791527226259,1791527226259,
42d1ce53-c2aa-4c3d-8f3b-1ad553bb04ee,CONSUMER,200,1,did:web:ssi-dim-wallet-service.identity:BPNL00000003AYRE,,1791527107852,1791527226459,1791527226459,
13b78186-c4b2-49ce-a21b-b52afa17dfb3,CONSUMER,200,1,did:web:ssi-dim-wallet-service.identity:BPNL00000003AYRE,,1791527108356,1791527227347,1791527227347,
ce2be27e-3252-4ff9-a6f6-c397dd6c9f98,CONSUMER,200,1,did:web:ssi-dim-wallet-service.identity:BPNL00000003AYRE,,1791527108763,1791527227158,1791527227158,
25ca8a7a-4c5e-4dd6-97c4-1b110b57e42a,CONSUMER,200,1,did:web:ssi-dim-wallet-service.identity:BPNL00000003AYRE,,1791527108955,1791527228266,1791527228266,
1dacd91c-6c71-4c1d-b401-c27e4d08fcfc,CONSUMER,200,1,did:web:ssi-dim-wallet-service.identity:BPNL00000003AYRE,,1791527110257,1791527227958,1791527227958,
7ea1f0e6-1084-4d6b-a480-2586be728c8d,CONSUMER,200,1,did:web:ssi-dim-wallet-service.identity:BPNL00000003AYRE,,1791527111074,1791527228960,1791527228960,
e163b163-044c-43b8-9b3f-70c9f1d3ee7f,CONSUMER,200,1,did:web:ssi-dim-wallet-service.identity:BPNL00000003AYRE,,1791527111079,1791527229369,1791527229369,
c2e7c256-2c7f-40a2-b89d-9d24ce23977b,CONSUMER,200,1,did:web:ssi-dim-wallet-service.identity:BPNL00000003AYRE,,1791527111548,1791527229448,1791527229448,
ca1d1479-87a6-4323-bda7-dc6b58556add,CONSUMER,200,1,did:web:ssi-dim-wallet-service.identity:BPNL00000003AYRE,,1791527116147,1791527233350,1791527233350,
9fbfd6e7-689c-4ca8-b112-777cd5c1eea1,CONSUMER,200,1,did:web:ssi-dim-wallet-service.identity:BPNL00000003AYRE,,1791527249854,1791527255262,1791527255262,
fa2baf14-f9e6-4686-b52b-dc6de21b876c,CONSUMER,200,1,did:web:ssi-dim-wallet-service.identity:BPNL00000003AYRE,,1791527250248,1791527255758,1791527255758,
b9c6a4c7-d875-4b55-931f-c440800be8f3,CONSUMER,200,1,did:web:ssi-dim-wallet-service.identity:BPNL00000003AYRE,,1791527250551,1791527256348,1791527256348,
7496917a-ed7b-493b-85bb-0bfc488e1c6e,CONSUMER,200,1,did:web:ssi-dim-wallet-service.identity:BPNL00000003AYRE,,1791527250560,1791527259963,1791527259963,
7448720a-5744-465d-951b-42f3c04e44fa,CONSUMER,200,1,did:web:ssi-dim-wallet-service.identity:BPNL00000003AYRE,,1791527250757,1791527260167,1791527260167,
eac0c368-5f17-468e-a950-30cc086b934b,CONSUMER,200,1,did:web:ssi-dim-wallet-service.identity:BPNL00000003AYRE,,1791527250848,1791527260248,1791527260248,
74fd1562-b00e-4624-8ce0-2076ac30631a,CONSUMER,200,1,did:web:ssi-dim-wallet-service.identity:BPNL00000003AYRE,,1791527250862,1791527260248,1791527260248,
418cae56-92da-4aa8-a82b-3b5e0e35e180,CONSUMER,200,1,did:web:ssi-dim-wallet-service.identity:BPNL00000003AYRE,,1791527250949,1791527260360,1791527260360,
007db507-6370-430a-b2cb-d0c8505e75ba,CONSUMER,200,1,did:web:ssi-dim-wallet-service.identity:BPNL00000003AYRE,,1791527251059,1791527261056,1791527261056,
7f1960e6-a9f0-4329-bd2f-f55f75ef2845,CONSUMER,200,1,did:web:ssi-dim-wallet-service.identity:BPNL00000003AYRE,,1791527251249,1791527261761,1791527261761,
838217ca-ef39-4aa7-8050-7801b8f0818d,CONSUMER,200,1,did:web:ssi-dim-wallet-service.identity:BPNL00000003AYRE,,1791527251263,1791527262765,1791527262765,
ef7045f4-be69-43dd-aae2-2468cc87fc09,CONSUMER,200,1,did:web:ssi-dim-wallet-service.identity:BPNL00000003AYRE,,1791527251449,1791527265252,1791527265252,
612b3aab-7f00-4eb1-ad4f-0120222809ff,CONSUMER,200,1,did:web:ssi-dim-wallet-service.identity:BPNL00000003AYRE,,1791527251449,1791527265268,1791527265268,
08e7e718-59b4-419e-a320-59b40dcd0a1f,CONSUMER,200,1,did:web:ssi-dim-wallet-service.identity:BPNL00000003AYRE,,1791527251452,1791527265365,1791527265365,
657a3d99-22d5-4b58-a36c-86bb83b35321,CONSUMER,200,1,did:web:ssi-dim-wallet-service.identity:BPNL00000003AYRE,,1791527251454,1791527266659,1791527266659,
c76f1363-5104-4e39-90f8-af77f646fd33,CONSUMER,200,1,did:web:ssi-dim-wallet-service.identity:BPNL00000003AYRE,,1791527251539,1791527265768,1791527265768,
5ae0cc9d-1b2b-4b85-b357-a6774cc8d6f9,CONSUMER,200,1,did:web:ssi-dim-wallet-service.identity:BPNL00000003AYRE,,1791527251564,1791527266147,1791527266147,
5143091e-224b-4560-afa3-deaac3225d1d,CONSUMER,200,1,did:web:ssi-dim-wallet-service.identity:BPNL00000003AYRE,,1791527251639,1791527266354,1791527266354,
9387eea7-265d-49f9-9204-e81d855456c4,CONSUMER,200,1,did:web:ssi-dim-wallet-service.identity:BPNL00000003AYRE,,1791527251639,1791527267160,1791527267160,
54855a8a-ec2a-4d8e-a1fd-52333e58f7ba,CONSUMER,200,1,did:web:ssi-dim-wallet-service.identity:BPNL00000003AYRE,,1791527251656,1791527267048,1791527267048,
5bbd00f6-3edd-4db8-89f3-7318df59248e,CONSUMER,200,1,did:web:ssi-dim-wallet-service.identity:BPNL00000003AYRE,,1791527251752,1791527267057,1791527267057,
28159327-6c20-4e21-a9cf-dd7871ad9165,CONSUMER,200,1,did:web:ssi-dim-wallet-service.identity:BPNL00000003AYRE,,1791527251761,1791527267950,1791527267950,
90296ad1-8257-44d7-ba22-14aa877c5e9c,CONSUMER,200,1,did:web:ssi-dim-wallet-service.identity:BPNL00000003AYRE,,1791527251847,1791527278762,1791527278762,
1da5d20f-d126-43d2-9665-bcdb237ad1a7,CONSUMER,200,1,did:web:ssi-dim-wallet-service.identity:BPNL00000003AYRE,,1791527251847,1791527278656,1791527278656,
f7b948fe-b833-4f69-8f89-d79caeffce69,CONSUMER,200,1,did:web:ssi-dim-wallet-service.identity:BPNL00000003AYRE,,1791527251847,1791527268348,1791527268348,
a49c7c7b-3d16-4956-a610-631677dab005,CONSUMER,200,1,did:web:ssi-dim-wallet-service.identity:BPNL00000003AYRE,,1791527251848,1791527278758,1791527278758,
960afe05-f631-48a9-8873-930548584d43,CONSUMER,200,1,did:web:ssi-dim-wallet-service.identity:BPNL00000003AYRE,,1791527251853,1791527278856,1791527278856,
67b3f880-3a91-494a-b35d-de56fdff3f69,CONSUMER,200,1,did:web:ssi-dim-wallet-service.identity:BPNL00000003AYRE,,1791527252250,1791527279160,1791527279160,
76b464ee-b635-4567-9c4a-19d7150e4658,CONSUMER,200,1,did:web:ssi-dim-wallet-service.identity:BPNL00000003AYRE,,1791527252250,1791527278853,1791527278853,
d4e91095-bfb0-48fd-b87e-6b9b10f3f6b3,CONSUMER,200,1,did:web:ssi-dim-wallet-service.identity:BPNL00000003AYRE,,1791527252347,1791527279158,1791527279158,
0a497753-34ec-477f-8f97-f33bac693923,CONSUMER,200,1,did:web:ssi-dim-wallet-service.identity:BPNL00000003AYRE,,1791527252351,1791527278965,1791527278965,
d50bb028-bb3d-4f26-946b-f6fdaa11de4a,CONSUMER,200,1,did:web:ssi-dim-wallet-service.identity:BPNL00000003AYRE,,1791527252351,1791527279061,1791527279061,
728a56d3-a7d5-4ddf-854c-a35771593b97,CONSUMER,200,1,did:web:ssi-dim-wallet-service.identity:BPNL00000003AYRE,,1791527252358,1791527279400,1791527279400,
3b5f8af2-4751-49b9-9f0e-9f269d50b2fa,CONSUMER,200,1,did:web:ssi-dim-wallet-service.identity:BPNL00000003AYRE,,1791527252361,1791527279400,1791527279400,
b41fb315-5496-4587-981c-8ee1ec045799,CONSUMER,200,1,did:web:ssi-dim-wallet-service.identity:BPNL00000003AYRE,,1791527252446,1791527279466,1791527279466,
06dbff9f-92f5-4047-8823-a1b7480d294f,CONSUMER,200,1,did:web:ssi-dim-wallet-service.identity:BPNL00000003AYRE,,1791527252547,1791527279648,1791527279648,
3eca5bc3-1c18-4c84-af2a-57c4900fae40,CONSUMER,200,1,did:web:ssi-dim-wallet-service.identity:BPNL00000003AYRE,,1791527252746,1791527279580,1791527279580,
060ca0bc-abf3-4945-acb1-8ce9b8b0a469,CONSUMER,200,1,did:web:ssi-dim-wallet-service.identity:BPNL00000003AYRE,,1791527252839,1791527279749,1791527279749,
7c27d76a-0415-4c02-b9b8-17d9dbf0ba27,CONSUMER,200,1,did:web:ssi-dim-wallet-service.identity:BPNL00000003AYRE,,1791527252861,1791527280058,1791527280058,
91df0ee3-259b-4844-9e9a-60c88414e11c,CONSUMER,200,1,did:web:ssi-dim-wallet-service.identity:BPNL00000003AYRE,,1791527253160,1791527280862,1791527280862,
d7bcd2ac-767c-4577-878a-e4c5edbfa095,CONSUMER,200,1,did:web:ssi-dim-wallet-service.identity:BPNL00000003AYRE,,1791527253350,1791527282156,1791527282156,
19f38e8b-66f4-4616-964f-b0f4f656f873,CONSUMER,200,1,did:web:ssi-dim-wallet-service.identity:BPNL00000003AYRE,,1791527253351,1791527281953,1791527281953,
4f5c5dba-7efa-49b2-adef-1c7ab563b0aa,CONSUMER,200,1,did:web:ssi-dim-wallet-service.identity:BPNL00000003AYRE,,1791527253364,1791527283357,1791527283357,
6415d012-0ef9-472f-bbc8-ebdb0e75afb0,CONSUMER,200,1,did:web:ssi-dim-wallet-service.identity:BPNL00000003AYRE,,1791527253855,1791527288761,1791527288761,
97b1616d-9656-48c0-9b1f-7b805eb699b4,CONSUMER,200,1,did:web:ssi-dim-wallet-service.identity:BPNL00000003AYRE,,1791527254050,1791527290153,1791527290153,
96ef8a7b-40e4-4556-b728-37a81ae77e8a,CONSUMER,200,1,did:web:ssi-dim-wallet-service.identity:BPNL00000003AYRE,,1791527254149,1791527289947,1791527289947,
527aa947-6890-42fa-a6d0-aaa010b48916,CONSUMER,200,1,did:web:ssi-dim-wallet-service.identity:BPNL00000003AYRE,,1791527254358,1791527290857,1791527290857,
d3f2e047-4f31-44a4-b693-d1090c3139a9,CONSUMER,200,1,did:web:ssi-dim-wallet-service.identity:BPNL00000003AYRE,,1791527254956,1791527291860,1791527291860,
17102ae4-6585-4924-9c3f-4752ecd316ae,CONSUMER,200,1,did:web:ssi-dim-wallet-service.identity:BPNL00000003AYRE,,1791527255058,1791527293149,1791527293149,
78578077-5867-47ff-9d44-6e3c61a524ef,CONSUMER,200,1,did:web:ssi-dim-wallet-service.identity:BPNL00000003AYRE,,1791527255157,1791527294849,1791527294849,
bb92fa99-55c0-4b5d-9723-f60a6bb02334,CONSUMER,200,1,did:web:ssi-dim-wallet-service.identity:BPNL00000003AYRE,,1791527255658,1791527295251,1791527295251,
abed7cde-5b18-4ce0-aee9-facf36a3a7b4,CONSUMER,200,1,did:web:ssi-dim-wallet-service.identity:BPNL00000003AYRE,,1791527255862,1791527296261,1791527296261,
9addce0d-5ce5-4565-be44-0d5fc0dfb3ae,CONSUMER,200,1,did:web:ssi-dim-wallet-service.identity:BPNL00000003AYRE,,1791527256348,1791527296949,1791527296949,
abfd9e42-38c9-4934-b360-07b57a77e243,CONSUMER,200,1,did:web:ssi-dim-wallet-service.identity:BPNL00000003AYRE,,1791527256354,1791527297151,1791527297151,
4180e6eb-4627-48be-baa4-5494b3a7b4d0,CONSUMER,200,1,did:web:ssi-dim-wallet-service.identity:BPNL00000003AYRE,,1791527256356,1791527297572,1791527297572,
9c92159f-b82f-4ae0-8fd4-71d4fe556a9a,CONSUMER,200,1,did:web:ssi-dim-wallet-service.identity:BPNL00000003AYRE,,1791527256360,1791527297966,1791527297966,
7ea8bf95-9e4a-4f85-b3e4-3580d582c805,CONSUMER,200,1,did:web:ssi-dim-wallet-service.identity:BPNL00000003AYRE,,1791527256448,1791527298947,1791527298947,
32cb8a4e-3a8c-4983-b992-084b16135314,CONSUMER,200,1,did:web:ssi-dim-wallet-service.identity:BPNL00000003AYRE,,1791527256461,1791527299847,1791527299847,
238c328d-3bef-45b5-b1b6-885e6db36f0d,CONSUMER,200,1,did:web:ssi-dim-wallet-service.identity:BPNL00000003AYRE,,1791527256462,1791527301850,1791527301850,
362932f9-e2d0-40ae-a4f4-7ab5a5345e87,CONSUMER,200,1,did:web:ssi-dim-wallet-service.identity:BPNL00000003AYRE,,1791527256539,1791527303456,1791527303456,
bffdce3f-fbf8-4bd3-92b2-4d09e5ae8116,CONSUMER,200,1,did:web:ssi-dim-wallet-service.identity:BPNL00000003AYRE,,1791527256547,1791527303867,1791527303867,
ed64b124-6a46-4ef0-8b21-0df3dba0b78d,CONSUMER,200,1,did:web:ssi-dim-wallet-service.identity:BPNL00000003AYRE,,1791527257351,1791527304971,1791527304971,
b60a2a02-1c68-4f23-87a9-39c48f6dcb3b,CONSUMER,200,1,did:web:ssi-dim-wallet-service.identity:BPNL00000003AYRE,,1791527257464,1791527305259,1791527305259,
f11dfa45-a634-4f71-a375-f1ffa5b9a841,CONSUMER,200,1,did:web:ssi-dim-wallet-service.identity:BPNL00000003AYRE,,1791527257768,1791527321590,1791527321590,
1c0821c8-412f-43bf-a75c-faa28b424c3c,CONSUMER,200,1,did:web:ssi-dim-wallet-service.identity:BPNL00000003AYRE,,1791527257960,1791527323452,1791527323452,
5220c315-dba3-497d-afc1-c20a5a97382b,CONSUMER,200,1,did:web:ssi-dim-wallet-service.identity:BPNL00000003AYRE,,1791527258262,1791527323858,1791527323858,
436d44a8-28e9-4b2c-988b-0e791713917a,CONSUMER,200,1,did:web:ssi-dim-wallet-service.identity:BPNL00000003AYRE,,1791527258667,1791527324863,1791527324863,
648ab91c-7b6d-4097-ad43-2b2a330d2f69,CONSUMER,200,1,did:web:ssi-dim-wallet-service.identity:BPNL00000003AYRE,,1791527258960,1791527325063,1791527325063,
f6f06a78-f06b-4551-a092-e35106c20612,CONSUMER,200,1,did:web:ssi-dim-wallet-service.identity:BPNL00000003AYRE,,1791527259075,1791527325460,1791527325460,
4d8d5e5f-f25b-43f6-84f4-cf98ae030d98,CONSUMER,200,1,did:web:ssi-dim-wallet-service.identity:BPNL00000003AYRE,,1791527259353,1791527325748,1791527325748,
76b56777-38c7-402a-bed1-650aa164ee45,CONSUMER,200,1,did:web:ssi-dim-wallet-service.identity:BPNL00000003AYRE,,1791527259661,1791527326266,1791527326266,
9caea32b-fd67-41ed-a49f-06984f3861be,CONSUMER,200,1,did:web:ssi-dim-wallet-service.identity:BPNL00000003AYRE,,1791527259759,1791527327155,1791527327155,
2f366631-5f91-4e2b-8c44-bad46ecd47ab,CONSUMER,200,1,did:web:ssi-dim-wallet-service.identity:BPNL00000003AYRE,,1791527259765,1791527328448,1791527328448,
ccc5d811-9bfd-40f6-84e6-baf1c2bee639,CONSUMER,200,1,did:web:ssi-dim-wallet-service.identity:BPNL00000003AYRE,,1791527260640,1791527329259,1791527329259,
a6e34152-f254-41a1-94e6-b56d22b2c187,CONSUMER,200,1,did:web:ssi-dim-wallet-service.identity:BPNL00000003AYRE,,1791527261464,1791527329666,1791527329666,
d40b807d-03a1-48f4-9f20-6f4fbbdddbfc,CONSUMER,200,1,did:web:ssi-dim-wallet-service.identity:BPNL00000003AYRE,,1791527261758,1791527332140,1791527332140,
67f96845-5c9a-4397-9788-d350661716eb,CONSUMER,200,1,did:web:ssi-dim-wallet-service.identity:BPNL00000003AYRE,,1791527262350,1791527332259,1791527332259,
2dc6a0bf-4c2c-4513-a4ff-f7c886da83b9,CONSUMER,200,1,did:web:ssi-dim-wallet-service.identity:BPNL00000003AYRE,,1791527262548,1791527335239,1791527335239,
0a1df203-b4f7-42da-906d-00de33bc76a9,CONSUMER,200,1,did:web:ssi-dim-wallet-service.identity:BPNL00000003AYRE,,1791527262654,1791527336764,1791527336764,
b6b81537-e86f-4149-869e-003e1ea7487a,CONSUMER,200,1,did:web:ssi-dim-wallet-service.identity:BPNL00000003AYRE,,1791527263052,1791527337849,1791527337849,
0e448c03-282d-41db-a1b8-e6e131a63d25,CONSUMER,200,1,did:web:ssi-dim-wallet-service.identity:BPNL00000003AYRE,,1791527263349,1791527338448,1791527338448,
892f12af-1356-448f-bf7a-9e63fb60363a,CONSUMER,200,1,did:web:ssi-dim-wallet-service.identity:BPNL00000003AYRE,,1791527263354,1791527410555,1791527410555,
acb52682-c0ec-4518-8ac2-2d6213df6bba,CONSUMER,200,1,did:web:ssi-dim-wallet-service.identity:BPNL00000003AYRE,,1791527263548,1791527412557,1791527412557,
dff0988f-d16a-45fe-a5ae-16d4c979a4ba,CONSUMER,200,1,did:web:ssi-dim-wallet-service.identity:BPNL00000003AYRE,,1791527263565,1791527359355,1791527359355,
16a93e06-dd66-4e32-a0cd-66083cff1b23,CONSUMER,200,1,did:web:ssi-dim-wallet-service.identity:BPNL00000003AYRE,,1791527264455,1791527359357,1791527359357,
996d9f7d-62ac-4ee3-9960-1bd559c643b2,CONSUMER,200,1,did:web:ssi-dim-wallet-service.identity:BPNL00000003AYRE,,1791527265767,1791527359560,1791527359560,
b5a3510b-4557-4a0b-a2f0-2de3b7a9bc8f,CONSUMER,200,1,did:web:ssi-dim-wallet-service.identity:BPNL00000003AYRE,,1791527267299,1791527359668,1791527359668,
b319a63b-3fa1-472a-aa8a-3fc855b8fccd,CONSUMER,200,1,did:web:ssi-dim-wallet-service.identity:BPNL00000003AYRE,,1791527267449,1791527414225,1791527414225,
356c1b5f-4c14-4d68-9bef-31a042b33522,CONSUMER,200,1,did:web:ssi-dim-wallet-service.identity:BPNL00000003AYRE,,1791527267651,1791527414564,1791527414564,
393708ac-4ab2-4f7a-b679-cc7ed38e7322,CONSUMER,200,1,did:web:ssi-dim-wallet-service.identity:BPNL00000003AYRE,,1791527267849,1791527415057,1791527415057,
f196af59-f374-49ed-b450-8eeeb3e58add,CONSUMER,200,1,did:web:ssi-dim-wallet-service.identity:BPNL00000003AYRE,,1791527268065,1791527415663,1791527415663,
99f7434f-da0d-432f-8e75-c1221af20daa,CONSUMER,200,1,did:web:ssi-dim-wallet-service.identity:BPNL00000003AYRE,,1791527268249,1791527416864,1791527416864,
8521fe54-2d8c-401d-bf62-7497fe041e18,CONSUMER,200,1,did:web:ssi-dim-wallet-service.identity:BPNL00000003AYRE,,1791527268648,1791527416758,1791527416758,
fdee8215-b077-493e-a7f5-363f52fe9102,CONSUMER,200,1,did:web:ssi-dim-wallet-service.identity:BPNL00000003AYRE,,1791527268848,1791527417148,1791527417148,
05909314-1e3d-4782-b1ad-dae871afef7c,CONSUMER,200,1,did:web:ssi-dim-wallet-service.identity:BPNL00000003AYRE,,1791527269068,1791527417753,1791527417753,
d42cc14b-dc19-4138-bb81-0f1c131faf92,CONSUMER,200,1,did:web:ssi-dim-wallet-service.identity:BPNL00000003AYRE,,1791527269152,1791527417856,1791527417856,
a629d96e-890a-4965-8303-db9d22832284,CONSUMER,200,1,did:web:ssi-dim-wallet-service.identity:BPNL00000003AYRE,,1791527269246,1791527418559,1791527418559,
2760203b-f2c1-44ed-bec3-e2d76d335897,CONSUMER,200,1,did:web:ssi-dim-wallet-service.identity:BPNL00000003AYRE,,1791527270148,1791527418666,1791527418666,
159ae749-2a86-4e46-b9ef-58b90a39b88e,CONSUMER,200,1,did:web:ssi-dim-wallet-service.identity:BPNL00000003AYRE,,1791527270365,1791527419057,1791527419057,
edb35328-8ef8-477c-8a35-3b759fc01459,CONSUMER,200,1,did:web:ssi-dim-wallet-service.identity:BPNL00000003AYRE,,1791527270950,1791527419458,1791527419458,
ab228fbb-59a8-48a4-90e8-02457dd1652a,CONSUMER,200,1,did:web:ssi-dim-wallet-service.identity:BPNL00000003AYRE,,1791527271353,1791527419549,1791527419549,
5c5dafdb-1fa5-4c46-b761-79fa9b8595a3,CONSUMER,200,1,did:web:ssi-dim-wallet-service.identity:BPNL00000003AYRE,,1791527271460,1791527427058,1791527427058,
a9bb47a1-e3f8-4692-807a-46689f3d740c,CONSUMER,200,1,did:web:ssi-dim-wallet-service.identity:BPNL00000003AYRE,,1791527271552,1791527427151,1791527427151,
0e55b9b2-31ee-4168-a435-23f64f1153e5,CONSUMER,200,1,did:web:ssi-dim-wallet-service.identity:BPNL00000003AYRE,,1791527271657,1791527359934,1791527359934,
e30f0825-aab0-4de7-8ad3-f3dee8c4c358,CONSUMER,200,1,did:web:ssi-dim-wallet-service.identity:BPNL00000003AYRE,,1791527271750,1791527360252,1791527360252,
56442efa-6226-43e3-86fc-e8589afd3b28,CONSUMER,200,1,did:web:ssi-dim-wallet-service.identity:BPNL00000003AYRE,,1791527272146,1791527360347,1791527360347,
de148074-d023-4071-bb46-ee0d1cf18ec9,CONSUMER,200,1,did:web:ssi-dim-wallet-service.identity:BPNL00000003AYRE,,1791527272552,1791527360553,1791527360553,
7ff59662-d6a9-4b78-afc8-4e4d38948f70,CONSUMER,200,1,did:web:ssi-dim-wallet-service.identity:BPNL00000003AYRE,,1791527272757,1791527360657,1791527360657,
14b5c63e-b9d9-4d20-9fd6-856944d400e3,CONSUMER,200,1,did:web:ssi-dim-wallet-service.identity:BPNL00000003AYRE,,1791527273247,1791527360849,1791527360849,
b36f7e99-6326-4da1-ba72-43d733d70803,CONSUMER,200,1,did:web:ssi-dim-wallet-service.identity:BPNL00000003AYRE,,1791527273450,1791527361247,1791527361247,
84686fa8-a087-47a6-850e-7825ba533f33,CONSUMER,200,1,did:web:ssi-dim-wallet-service.identity:BPNL00000003AYRE,,1791527273664,1791527361256,1791527361256,
61271506-28af-42cf-abd5-ef2a03c3edfd,CONSUMER,200,1,did:web:ssi-dim-wallet-service.identity:BPNL00000003AYRE,,1791527274156,1791527361453,1791527361453,
6334e4ae-fe6b-495c-8b26-d8b3927570fe,CONSUMER,200,1,did:web:ssi-dim-wallet-service.identity:BPNL00000003AYRE,,1791527274639,1791527361649,1791527361649,
224c775f-5146-454f-a921-ac13c4533fa8,CONSUMER,200,1,did:web:ssi-dim-wallet-service.identity:BPNL00000003AYRE,,1791527275248,1791527361857,1791527361857,
ac43cb2d-79dd-4f7c-8973-2c14623a1d8d,CONSUMER,200,1,did:web:ssi-dim-wallet-service.identity:BPNL00000003AYRE,,1791527275447,1791527361950,1791527361950,
ff8adf5d-7f45-4790-bd23-29d6b0cace11,CONSUMER,200,1,did:web:ssi-dim-wallet-service.identity:BPNL00000003AYRE,,1791527275961,1791527362053,1791527362053,
498c0070-4d61-429d-afc4-d54a0ae1822f,CONSUMER,200,1,did:web:ssi-dim-wallet-service.identity:BPNL00000003AYRE,,1791527276052,1791527362071,1791527362071,
2c847c79-4702-42e0-8081-5131207c1f4d,CONSUMER,200,1,did:web:ssi-dim-wallet-service.identity:BPNL00000003AYRE,,1791527276240,1791527362171,1791527362171,
bb4984c8-3e8e-4d8f-b76b-b26d5b94420c,CONSUMER,200,1,did:web:ssi-dim-wallet-service.identity:BPNL00000003AYRE,,1791527277161,1791527362357,1791527362357,
e7d6ae76-5c3b-49c1-8ea5-1ccfe21ac89e,CONSUMER,200,1,did:web:ssi-dim-wallet-service.identity:BPNL00000003AYRE,,1791527277357,1791527363225,1791527363225,
4af70c81-e433-42a7-8095-2123b5b545c9,CONSUMER,200,1,did:web:ssi-dim-wallet-service.identity:BPNL00000003AYRE,,1791527277364,1791527363252,1791527363252,
994b4b2d-22fa-47bc-9c69-edb3607bce56,CONSUMER,200,1,did:web:ssi-dim-wallet-service.identity:BPNL00000003AYRE,,1791527277456,1791527363459,1791527363459,
339fd010-8459-4683-b3f8-164c446672a0,CONSUMER,200,1,did:web:ssi-dim-wallet-service.identity:BPNL00000003AYRE,,1791527277457,1791527363463,1791527363463,
5e6ef0c6-90bc-48e3-85b4-e52f2d804151,CONSUMER,200,1,did:web:ssi-dim-wallet-service.identity:BPNL00000003AYRE,,1791527278354,1791527363679,1791527363679,
e8abdb01-f70b-464a-8ec0-ee5fe9b53e61,CONSUMER,200,1,did:web:ssi-dim-wallet-service.identity:BPNL00000003AYRE,,1791527278469,1791527363825,1791527363825,
63c5fba9-74b2-41d3-9a35-1f924e17edec,CONSUMER,200,1,did:web:ssi-dim-wallet-service.identity:BPNL00000003AYRE,,1791527279851,1791527363871,1791527363871,
a2f1a5d0-3d06-4baa-882c-dfcf126f412d,CONSUMER,200,1,did:web:ssi-dim-wallet-service.identity:BPNL00000003AYRE,,1791527280051,1791527363949,1791527363949,
2bdfa5be-7bd7-437e-9488-9bcab21a08ea,CONSUMER,200,1,did:web:ssi-dim-wallet-service.identity:BPNL00000003AYRE,,1791527280247,1791527364075,1791527364075,
fb701c1d-32d9-4a2e-84a9-7011fe7ca614,CONSUMER,200,1,did:web:ssi-dim-wallet-service.identity:BPNL00000003AYRE,,1791527280856,1791527364150,1791527364150,
2b48069e-8682-4744-a3af-614290216894,CONSUMER,200,1,did:web:ssi-dim-wallet-service.identity:BPNL00000003AYRE,,1791527281258,1791527364257,1791527364257,
db96e562-6f37-462c-8a86-b89e7a2d9744,CONSUMER,200,1,did:web:ssi-dim-wallet-service.identity:BPNL00000003AYRE,,1791527281561,1791527364553,1791527364553,
aa53678a-df46-4c51-bcfc-f6dbc834d95c,CONSUMER,200,1,did:web:ssi-dim-wallet-service.identity:BPNL00000003AYRE,,1791527281857,1791527364754,1791527364754,
9eb58a37-695b-4cdc-aa71-35ec667dd099,CONSUMER,200,1,did:web:ssi-dim-wallet-service.identity:BPNL00000003AYRE,,1791527282239,1791527364929,1791527364929,
f94dc9dd-9d41-41c6-849c-051dae881745,CONSUMER,200,1,did:web:ssi-dim-wallet-service.identity:BPNL00000003AYRE,,1791527282249,1791527365048,1791527365048,
497309a4-9d02-4f58-9095-23295a1767bf,CONSUMER,200,1,did:web:ssi-dim-wallet-service.identity:BPNL00000003AYRE,,1791527282558,1791527364958,1791527364958,
73d3c9c1-d17e-4a45-ac2e-b3477d34c681,CONSUMER,200,1,did:web:ssi-dim-wallet-service.identity:BPNL00000003AYRE,,1791527282753,1791527364832,1791527364832,
add759e9-6a5b-4974-a785-6832fefd8b34,CONSUMER,200,1,did:web:ssi-dim-wallet-service.identity:BPNL00000003AYRE,,1791527283647,1791527365131,1791527365131,
5046258a-d390-41f8-b8c1-5b61f57074ad,CONSUMER,200,1,did:web:ssi-dim-wallet-service.identity:BPNL00000003AYRE,,1791527284063,1791527365230,1791527365230,
1071bc64-0972-4ab5-92ce-eb545186612f,CONSUMER,200,1,did:web:ssi-dim-wallet-service.identity:BPNL00000003AYRE,,1791527284063,1791527365054,1791527365054,
d4f73e82-e9b2-42e8-a2fd-1279fe15a8bf,CONSUMER,200,1,did:web:ssi-dim-wallet-service.identity:BPNL00000003AYRE,,1791527284149,1791527365749,1791527365749,
01290fa2-8c15-431e-95b7-15a94984863f,CONSUMER,200,1,did:web:ssi-dim-wallet-service.identity:BPNL00000003AYRE,,1791527284256,1791527365831,1791527365831,
0b6de4bd-e639-493a-b4bc-af2b65a3db64,CONSUMER,200,1,did:web:ssi-dim-wallet-service.identity:BPNL00000003AYRE,,1791527284358,1791527365864,1791527365864,
409aff13-2c7d-4950-9da6-fc5ea0a9f22e,CONSUMER,200,1,did:web:ssi-dim-wallet-service.identity:BPNL00000003AYRE,,1791527284555,1791527366049,1791527366049,
0f18dbd4-6299-4452-a35f-b5c1cb51aad6,CONSUMER,200,1,did:web:ssi-dim-wallet-service.identity:BPNL00000003AYRE,,1791527285558,1791527366131,1791527366131,
89f349d6-cff2-4c1f-9757-ae584515285d,CONSUMER,200,1,did:web:ssi-dim-wallet-service.identity:BPNL00000003AYRE,,1791527285561,1791527366232,1791527366232,
024f3e7c-fc58-4e48-ba08-879a1b1a03d6,CONSUMER,200,1,did:web:ssi-dim-wallet-service.identity:BPNL00000003AYRE,,1791527285764,1791527366252,1791527366252,
9c7c2a0e-7fe7-4c45-bf66-98da2a837ba6,CONSUMER,200,1,did:web:ssi-dim-wallet-service.identity:BPNL00000003AYRE,,1791527285954,1791527366331,1791527366331,
598cf015-7c51-42e5-a10b-4ce81db85d80,CONSUMER,200,1,did:web:ssi-dim-wallet-service.identity:BPNL00000003AYRE,,1791527286055,1791527366452,1791527366452,
3971e7ba-d543-49ef-a36b-ffd9041f403d,CONSUMER,200,1,did:web:ssi-dim-wallet-service.identity:BPNL00000003AYRE,,1791527286058,1791527366449,1791527366449,
1979fe21-3fc3-4a87-8b87-41080e349168,CONSUMER,200,1,did:web:ssi-dim-wallet-service.identity:BPNL00000003AYRE,,1791527286066,1791527366553,1791527366553,
6ef2e2a1-9ade-4283-86b8-ffe7aa18f2e9,CONSUMER,200,1,did:web:ssi-dim-wallet-service.identity:BPNL00000003AYRE,,1791527286073,1791527366650,1791527366650,
053ed8ea-c077-4de1-a468-215ecefa7149,CONSUMER,200,1,did:web:ssi-dim-wallet-service.identity:BPNL00000003AYRE,,1791527286254,1791527366655,1791527366655,
d984e125-2656-4b54-8ad9-df5ee536acfa,CONSUMER,200,1,did:web:ssi-dim-wallet-service.identity:BPNL00000003AYRE,,1791527287364,1791527366828,1791527366828,
a06192e1-abde-4f81-be20-3911e9d04283,CONSUMER,200,1,did:web:ssi-dim-wallet-service.identity:BPNL00000003AYRE,,1791527287747,1791527366947,1791527366947,
fa7a6463-4a0d-4d63-92d0-34b826b5a746,CONSUMER,200,1,did:web:ssi-dim-wallet-service.identity:BPNL00000003AYRE,,1791527287749,1791527367051,1791527367051,
b0ac637c-8bcf-43d7-bb11-6512fff61b37,CONSUMER,200,1,did:web:ssi-dim-wallet-service.identity:BPNL00000003AYRE,,1791527288666,1791527367034,1791527367034,
06261a8f-ebf2-4cc0-a480-5fffeeaa67c7,CONSUMER,200,1,did:web:ssi-dim-wallet-service.identity:BPNL00000003AYRE,,1791527289361,1791527367030,1791527367030,
b4347fb8-f9b7-4c41-95ab-1411eb0e28c6,CONSUMER,200,1,did:web:ssi-dim-wallet-service.identity:BPNL00000003AYRE,,1791527289552,1791527367125,1791527367125,
b29a7ee6-a068-4fb4-8b89-c267fbe7fd76,CONSUMER,200,1,did:web:ssi-dim-wallet-service.identity:BPNL00000003AYRE,,1791527289763,1791527367228,1791527367228,
02ced011-1561-422a-8708-111a6438068d,CONSUMER,200,1,did:web:ssi-dim-wallet-service.identity:BPNL00000003AYRE,,1791527290855,1791527367828,1791527367828,
5f925d80-4f53-411c-a262-b5dcde9c3ca9,CONSUMER,200,1,did:web:ssi-dim-wallet-service.identity:BPNL00000003AYRE,,1791527291150,1791527367970,1791527367970,
d7c03864-77b4-4905-8caf-d676d229f3db,CONSUMER,200,1,did:web:ssi-dim-wallet-service.identity:BPNL00000003AYRE,,1791527291250,1791527368064,1791527368064,
c3d211de-0f43-42c1-b817-a003cee4b934,CONSUMER,200,1,did:web:ssi-dim-wallet-service.identity:BPNL00000003AYRE,,1791527291251,1791527368037,1791527368037,
0715c91c-3bef-42b1-98c9-2193687abd25,CONSUMER,200,1,did:web:ssi-dim-wallet-service.identity:BPNL00000003AYRE,,1791527291547,1791527368130,1791527368130,
879a3616-895f-469e-8901-154e149c21d4,CONSUMER,200,1,did:web:ssi-dim-wallet-service.identity:BPNL00000003AYRE,,1791527292348,1791527368229,1791527368229,
1801b020-c5a7-492e-a9b0-2ce286cef7f4,CONSUMER,200,1,did:web:ssi-dim-wallet-service.identity:BPNL00000003AYRE,,1791527292451,1791527368326,1791527368326,
6e1311fa-d3e0-4aa4-9822-91ad8d891ab1,CONSUMER,200,1,did:web:ssi-dim-wallet-service.identity:BPNL00000003AYRE,,1791527292657,1791527368378,1791527368378,
97861ec7-5276-4860-9444-5ea6f3b94094,CONSUMER,200,1,did:web:ssi-dim-wallet-service.identity:BPNL00000003AYRE,,1791527293057,1791527368428,1791527368428,
0f7d649a-07c0-4eb7-8339-101d0d94fde6,CONSUMER,200,1,did:web:ssi-dim-wallet-service.identity:BPNL00000003AYRE,,1791527293060,1791527368536,1791527368536,
18ce897d-947a-4c6b-aa93-ce42fc180fe5,CONSUMER,200,1,did:web:ssi-dim-wallet-service.identity:BPNL00000003AYRE,,1791527293362,1791527368630,1791527368630,
e269f591-5f88-48a1-bcdc-9086a6bd327a,CONSUMER,200,1,did:web:ssi-dim-wallet-service.identity:BPNL00000003AYRE,,1791527293652,1791527368728,1791527368728,
dae61fb4-ca70-4017-b662-4e4139fceca2,CONSUMER,200,1,did:web:ssi-dim-wallet-service.identity:BPNL00000003AYRE,,1791527293768,1791527368750,1791527368750,
3e78069f-0ede-43bf-a41e-31fd43acfe60,CONSUMER,200,1,did:web:ssi-dim-wallet-service.identity:BPNL00000003AYRE,,1791527293967,1791527368830,1791527368830,
93733934-6fbc-4021-bbb7-2e5f392aa56c,CONSUMER,200,1,did:web:ssi-dim-wallet-service.identity:BPNL00000003AYRE,,1791527294570,1791527368831,1791527368831,
919fb303-61c7-4bf7-950b-eba00032e337,CONSUMER,200,1,did:web:ssi-dim-wallet-service.identity:BPNL00000003AYRE,,1791527294752,1791527369031,1791527369031,
8ad5be86-a07c-45b3-9483-b6998da39b86,CONSUMER,200,1,did:web:ssi-dim-wallet-service.identity:BPNL00000003AYRE,,1791527294855,1791527369031,1791527369031,
41621a51-ceac-4cec-9217-fd07e2c74d31,CONSUMER,200,1,did:web:ssi-dim-wallet-service.identity:BPNL00000003AYRE,,1791527295059,1791527369050,1791527369050,
3539ef12-09be-42fb-94d0-aa12b3deaf04,CONSUMER,200,1,did:web:ssi-dim-wallet-service.identity:BPNL00000003AYRE,,1791527295156,1791527369150,1791527369150,
d43a380a-7d28-4182-81e9-2c7602771617,CONSUMER,200,1,did:web:ssi-dim-wallet-service.identity:BPNL00000003AYRE,,1791527295361,1791527369133,1791527369133,
5c85c22f-f02f-44c2-9b9a-fdd790a5987e,CONSUMER,200,1,did:web:ssi-dim-wallet-service.identity:BPNL00000003AYRE,,1791527295471,1791527369531,1791527369531,
ea0c50be-c57d-4a12-b425-1178d45499cc,CONSUMER,200,1,did:web:ssi-dim-wallet-service.identity:BPNL00000003AYRE,,1791527295654,1791527369628,1791527369628,
7c43054d-ce08-4f09-a477-dcaef882b9d1,CONSUMER,200,1,did:web:ssi-dim-wallet-service.identity:BPNL00000003AYRE,,1791527296252,1791527369628,1791527369628,
9ffa1d6a-ddcc-42ce-b625-f90b56350458,CONSUMER,200,1,did:web:ssi-dim-wallet-service.identity:BPNL00000003AYRE,,1791527296269,1791527369685,1791527369685,
4c4fa07b-30cd-4c20-9d1c-1821c7377207,CONSUMER,200,1,did:web:ssi-dim-wallet-service.identity:BPNL00000003AYRE,,1791527297359,1791527369684,1791527369684,
d05d3b77-0c39-4a29-8cb4-27673dbfd950,CONSUMER,200,1,did:web:ssi-dim-wallet-service.identity:BPNL00000003AYRE,,1791527297550,1791527369751,1791527369751,
d70486e2-9652-41bd-8a21-4bd0ca733293,CONSUMER,200,1,did:web:ssi-dim-wallet-service.identity:BPNL00000003AYRE,,1791527297655,1791527369731,1791527369731,
71f2f143-2fb0-425c-aa3a-5c1cd2eeb0c3,CONSUMER,200,1,did:web:ssi-dim-wallet-service.identity:BPNL00000003AYRE,,1791527297956,1791527369785,1791527369785,
758fd0a2-9282-4d52-8b4c-59399d3622fc,CONSUMER,200,1,did:web:ssi-dim-wallet-service.identity:BPNL00000003AYRE,,1791527298256,1791527369848,1791527369848,
d575f34b-65f2-4b89-8cb4-15fd320ed9ef,CONSUMER,200,1,did:web:ssi-dim-wallet-service.identity:BPNL00000003AYRE,,1791527298261,1791527369947,1791527369947,
2ba6e6ac-edbf-4eb8-9925-2dc11e92cef2,CONSUMER,200,1,did:web:ssi-dim-wallet-service.identity:BPNL00000003AYRE,,1791527298948,1791527369951,1791527369951,
7bb073db-a4dc-4487-aa64-8fd1f1ed00f7,CONSUMER,200,1,did:web:ssi-dim-wallet-service.identity:BPNL00000003AYRE,,1791527299355,1791527369947,1791527369947,
e25653e5-3e35-44b5-a8f3-0147d60a2771,CONSUMER,200,1,did:web:ssi-dim-wallet-service.identity:BPNL00000003AYRE,,1791527299455,1791527370131,1791527370131,
4fdd69af-807f-434c-9ba3-9d4978355dc8,CONSUMER,200,1,did:web:ssi-dim-wallet-service.identity:BPNL00000003AYRE,,1791527300251,1791527370048,1791527370048,
40548eb3-52ae-4f84-a506-aff49e9fbb90,CONSUMER,200,1,did:web:ssi-dim-wallet-service.identity:BPNL00000003AYRE,,1791527300456,1791527370249,1791527370249,
eed9d6f2-4386-4944-8180-f0de849e49b9,CONSUMER,200,1,did:web:ssi-dim-wallet-service.identity:BPNL00000003AYRE,,1791527300649,1791527370227,1791527370227,
72175f1c-293d-40fa-a004-449017dc513c,CONSUMER,200,1,did:web:ssi-dim-wallet-service.identity:BPNL00000003AYRE,,1791527301151,1791527370330,1791527370330,
081ef7a7-995a-4fb5-8f6e-aa744d60f2e5,CONSUMER,200,1,did:web:ssi-dim-wallet-service.identity:BPNL00000003AYRE,,1791527302247,1791527370350,1791527370350,
87519da2-7796-424d-a734-570eca2022b6,CONSUMER,200,1,did:web:ssi-dim-wallet-service.identity:BPNL00000003AYRE,,1791527302347,1791527370329,1791527370329,
11276cec-9bba-4957-9f81-6f8a13039edf,CONSUMER,200,1,did:web:ssi-dim-wallet-service.identity:BPNL00000003AYRE,,1791527304454,1791527370413,1791527370413,
73717871-45d4-42fd-a80f-7db51b130583,CONSUMER,200,1,did:web:ssi-dim-wallet-service.identity:BPNL00000003AYRE,,1791527304652,1791527370725,1791527370725,
c57d3084-b417-435d-a2c5-2a8de1b8a06a,CONSUMER,200,1,did:web:ssi-dim-wallet-service.identity:BPNL00000003AYRE,,1791527304748,1791527370748,1791527370748,
6d387e1c-9400-45dd-8168-9c2bf236b5c8,CONSUMER,200,1,did:web:ssi-dim-wallet-service.identity:BPNL00000003AYRE,,1791527305165,1791527370856,1791527370856,
182962d6-15ae-4840-8acf-e3a613362b39,CONSUMER,200,1,did:web:ssi-dim-wallet-service.identity:BPNL00000003AYRE,,1791527306857,1791527370854,1791527370854,
8fa971a2-57f9-4284-900b-01fced1e974c,CONSUMER,200,1,did:web:ssi-dim-wallet-service.identity:BPNL00000003AYRE,,1791527307153,1791527370853,1791527370853,
32446ae4-8eb8-4a57-88d6-c40af35ce1a9,CONSUMER,200,1,did:web:ssi-dim-wallet-service.identity:BPNL00000003AYRE,,1791527307468,1791527370991,1791527370991,
77a288b0-344a-4c06-bd49-b8e970af3878,CONSUMER,200,1,did:web:ssi-dim-wallet-service.identity:BPNL00000003AYRE,,1791527307551,1791527370927,1791527370927,
67ec99a6-2cae-46cd-9902-0410fd0ceed4,CONSUMER,200,1,did:web:ssi-dim-wallet-service.identity:BPNL00000003AYRE,,1791527307848,1791527371048,1791527371048,
bfab22a9-27e0-4ecb-92f1-69b8f043bdb9,CONSUMER,200,1,did:web:ssi-dim-wallet-service.identity:BPNL00000003AYRE,,1791527308047,1791527371105,1791527371105,
827b4836-a82b-4cc1-8e51-7e6e2c11080c,CONSUMER,200,1,did:web:ssi-dim-wallet-service.identity:BPNL00000003AYRE,,1791527308165,1791527371152,1791527371152,
bfa54116-38da-4c98-aed5-0595c4979617,CONSUMER,200,1,did:web:ssi-dim-wallet-service.identity:BPNL00000003AYRE,,1791527308252,1791527371224,1791527371224,
939110b0-7382-4dae-bc3f-f76f947b7cd4,CONSUMER,200,1,did:web:ssi-dim-wallet-service.identity:BPNL00000003AYRE,,1791527308454,1791527371227,1791527371227,
8235c8d4-82fa-4c0a-b9e0-3e77432f5f97,CONSUMER,200,1,did:web:ssi-dim-wallet-service.identity:BPNL00000003AYRE,,1791527308460,1791527371259,1791527371259,
1432d9ce-d7fe-488c-93df-937aa797c7ef,CONSUMER,200,1,did:web:ssi-dim-wallet-service.identity:BPNL00000003AYRE,,1791527308558,1791527371347,1791527371347,
aaa96072-8186-40d0-a5fa-daf468dc96c5,CONSUMER,200,1,did:web:ssi-dim-wallet-service.identity:BPNL00000003AYRE,,1791527308647,1791527371362,1791527371362,
25db3359-b5f0-46ad-a712-feaa51c3de62,CONSUMER,200,1,did:web:ssi-dim-wallet-service.identity:BPNL00000003AYRE,,1791527308649,1791527371428,1791527371428,
1cdf201a-9e84-4044-84f2-2a0f3f4a9bca,CONSUMER,200,1,did:web:ssi-dim-wallet-service.identity:BPNL00000003AYRE,,1791527308758,1791527371627,1791527371627,
6a2e8a4d-fa7c-41d0-951f-c932ffdde1a7,CONSUMER,200,1,did:web:ssi-dim-wallet-service.identity:BPNL00000003AYRE,,1791527308849,1791527371729,1791527371729,
11849a8a-79ce-4728-83c9-15856d61cf88,CONSUMER,200,1,did:web:ssi-dim-wallet-service.identity:BPNL00000003AYRE,,1791527309656,1791527371755,1791527371755,
898df76d-5044-477d-abb1-147262ed332a,CONSUMER,200,1,did:web:ssi-dim-wallet-service.identity:BPNL00000003AYRE,,1791527309667,1791527371827,1791527371827,
66a9bf93-0909-406d-9b4b-20a433410285,CONSUMER,200,1,did:web:ssi-dim-wallet-service.identity:BPNL00000003AYRE,,1791527309760,1791527372260,1791527372260,
46f60575-a249-445c-b5b5-4dfdc4dc66eb,CONSUMER,200,1,did:web:ssi-dim-wallet-service.identity:BPNL00000003AYRE,,1791527309861,1791527372361,1791527372361,
55b961ff-93e8-477c-a9c4-63260c1e04b9,CONSUMER,200,1,did:web:ssi-dim-wallet-service.identity:BPNL00000003AYRE,,1791527310550,1791527372447,1791527372447,
d827961f-8a1b-40fd-b429-8ff756f3dfef,CONSUMER,200,1,did:web:ssi-dim-wallet-service.identity:BPNL00000003AYRE,,1791527310761,1791527372465,1791527372465,
ace74680-82a0-4d4a-b2f0-6de2adaf9e1c,CONSUMER,200,1,did:web:ssi-dim-wallet-service.identity:BPNL00000003AYRE,,1791527311372,1791527372571,1791527372571,
6f9daf85-15bd-4dee-a560-64cf3247f155,CONSUMER,200,1,did:web:ssi-dim-wallet-service.identity:BPNL00000003AYRE,,1791527311553,1791527372750,1791527372750,
2ac3d172-7fa5-422d-b7bf-a598a00544aa,CONSUMER,200,1,did:web:ssi-dim-wallet-service.identity:BPNL00000003AYRE,,1791527311651,1791527372731,1791527372731,
0b5911e1-2037-422e-94ab-8196d39dd587,CONSUMER,200,1,did:web:ssi-dim-wallet-service.identity:BPNL00000003AYRE,,1791527312161,1791527372855,1791527372855,
815188f9-73c5-4d2b-8438-612d7831da9a,CONSUMER,200,1,did:web:ssi-dim-wallet-service.identity:BPNL00000003AYRE,,1791527312468,1791527373050,1791527373050,
7c2c16fd-c911-41e6-a382-c4d597f7629e,CONSUMER,200,1,did:web:ssi-dim-wallet-service.identity:BPNL00000003AYRE,,1791527312547,1791527373054,1791527373054,
29cfe2ab-a24a-4bc5-a13f-b87cea4636b9,CONSUMER,200,1,did:web:ssi-dim-wallet-service.identity:BPNL00000003AYRE,,1791527312754,1791527373147,1791527373147,
65bcce92-8c6f-456c-9f65-d19c4126c7cc,CONSUMER,200,1,did:web:ssi-dim-wallet-service.identity:BPNL00000003AYRE,,1791527313554,1791527373187,1791527373187,
c63934be-7931-4b02-b972-83934901b958,CONSUMER,200,1,did:web:ssi-dim-wallet-service.identity:BPNL00000003AYRE,,1791527313754,1791527373262,1791527373262,
c131ca20-7e4d-4888-b028-088a5e8428a4,CONSUMER,200,1,did:web:ssi-dim-wallet-service.identity:BPNL00000003AYRE,,1791527313868,1791527373326,1791527373326,
de80a56e-c4c2-40e0-ba71-1454539bb806,CONSUMER,200,1,did:web:ssi-dim-wallet-service.identity:BPNL00000003AYRE,,1791527314062,1791527373447,1791527373447,
39892ace-c057-4ea9-ad30-8b5ec2c7787f,CONSUMER,200,1,did:web:ssi-dim-wallet-service.identity:BPNL00000003AYRE,,1791527314248,1791527373649,1791527373649,
fe2e18e9-db6e-40b8-8f4a-781c7cf2eb10,CONSUMER,200,1,did:web:ssi-dim-wallet-service.identity:BPNL00000003AYRE,,1791527314567,1791527373651,1791527373651,
3aa72e2d-d8a0-491d-991a-7b457ee02267,CONSUMER,200,1,did:web:ssi-dim-wallet-service.identity:BPNL00000003AYRE,,1791527314762,1791527373760,1791527373760,
2f55d3a9-20ee-4b8a-b407-b40b0136c371,CONSUMER,200,1,did:web:ssi-dim-wallet-service.identity:BPNL00000003AYRE,,1791527314762,1791527373854,1791527373854,
95aee96b-d927-41f1-a957-ceb5703e9d2e,CONSUMER,200,1,did:web:ssi-dim-wallet-service.identity:BPNL00000003AYRE,,1791527314850,1791527373834,1791527373834,
884a9692-4a0b-4ed6-b93d-4328f7996e0a,CONSUMER,200,1,did:web:ssi-dim-wallet-service.identity:BPNL00000003AYRE,,1791527315548,1791527377763,1791527377763,
4d651dec-e10e-422d-9fcc-b3fe858583bd,CONSUMER,200,1,did:web:ssi-dim-wallet-service.identity:BPNL00000003AYRE,,1791527315759,1791527379347,1791527379347,
fbe48cb2-c28f-44d5-b1b0-ae86350ff29b,CONSUMER,200,1,did:web:ssi-dim-wallet-service.identity:BPNL00000003AYRE,,1791527315760,1791527381561,1791527381561,
3be20218-0a13-4db9-8536-2a1bef6358c2,CONSUMER,200,1,did:web:ssi-dim-wallet-service.identity:BPNL00000003AYRE,,1791527315855,1791527382949,1791527382949,
2f546fdc-a771-42ed-b38b-f8fe9381d0d3,CONSUMER,200,1,did:web:ssi-dim-wallet-service.identity:BPNL00000003AYRE,,1791527316761,1791527384447,1791527384447,
fca6d5a5-2423-4eec-be58-4e1e95486fce,CONSUMER,200,1,did:web:ssi-dim-wallet-service.identity:BPNL00000003AYRE,,1791527316863,1791527386549,1791527386549,
58a983ed-1770-4852-b4ff-041136f75111,CONSUMER,200,1,did:web:ssi-dim-wallet-service.identity:BPNL00000003AYRE,,1791527317051,1791527387352,1791527387352,
4c88feb4-00ec-47db-b849-f33dbdcc66c8,CONSUMER,200,1,did:web:ssi-dim-wallet-service.identity:BPNL00000003AYRE,,1791527317056,1791527389347,1791527389347,
dd4bc448-5453-48a9-8c4d-67487a02922d,CONSUMER,200,1,did:web:ssi-dim-wallet-service.identity:BPNL00000003AYRE,,1791527317547,1791527391547,1791527391547,
73409e01-e25f-4434-a7d3-cf7782fa6009,CONSUMER,200,1,did:web:ssi-dim-wallet-service.identity:BPNL00000003AYRE,,1791527317856,1791527391928,1791527391928,
a94ea9b6-b9b6-466f-840f-952b64a29f57,CONSUMER,200,1,did:web:ssi-dim-wallet-service.identity:BPNL00000003AYRE,,1791527318047,1791527394124,1791527394124,
1d4b2890-5220-4f6b-b1ac-876fd692ec7f,CONSUMER,200,1,did:web:ssi-dim-wallet-service.identity:BPNL00000003AYRE,,1791527318558,1791527392947,1791527392947,
23292c5e-6b30-463c-9246-f56c24aca92e,CONSUMER,200,1,did:web:ssi-dim-wallet-service.identity:BPNL00000003AYRE,,1791527318662,1791527393053,1791527393053,
f224d178-d72b-41bd-809d-2707c443ef6a,CONSUMER,200,1,did:web:ssi-dim-wallet-service.identity:BPNL00000003AYRE,,1791527318847,1791527394650,1791527394650,
5c17abc8-8e81-4af9-b3e4-d8ac1904add2,CONSUMER,200,1,did:web:ssi-dim-wallet-service.identity:BPNL00000003AYRE,,1791527319154,1791527397148,1791527397148,
7ac68765-4777-42f0-91cc-b24ebe5959bd,CONSUMER,200,1,did:web:ssi-dim-wallet-service.identity:BPNL00000003AYRE,,1791527319154,1791527395659,1791527395659,
62594e98-3575-4c78-acca-8e1c4666da31,CONSUMER,200,1,did:web:ssi-dim-wallet-service.identity:BPNL00000003AYRE,,1791527319155,1791527398524,1791527398524,
b8afd0aa-c183-4d44-99ec-75f5c0d30d4e,CONSUMER,200,1,did:web:ssi-dim-wallet-service.identity:BPNL00000003AYRE,,1791527319166,1791527399525,1791527399525,
6c923fed-6379-4f0d-a428-7b7735a42c4d,CONSUMER,200,1,did:web:ssi-dim-wallet-service.identity:BPNL00000003AYRE,,1791527319247,1791527400162,1791527400162,
05b4cf65-38d9-4f3a-9f35-e9fd414d8aeb,CONSUMER,200,1,did:web:ssi-dim-wallet-service.identity:BPNL00000003AYRE,,1791527319547,1791527400948,1791527400948,
719a0fb5-4117-4f7f-a2df-6ee3f6d20db1,CONSUMER,200,1,did:web:ssi-dim-wallet-service.identity:BPNL00000003AYRE,,1791527319956,1791527413351,1791527413351,
b3ca628f-0b07-4836-aac7-8b51a9ed952c,CONSUMER,200,1,did:web:ssi-dim-wallet-service.identity:BPNL00000003AYRE,,1791527320648,1791527413463,1791527413463,
f96c2a6b-767a-4a09-a79b-e6fb244fb2bc,CONSUMER,200,1,did:web:ssi-dim-wallet-service.identity:BPNL00000003AYRE,,1791527321148,1791527413653,1791527413653,
80f36bf6-1509-47e1-ab91-ac6a083cb60b,CONSUMER,200,1,did:web:ssi-dim-wallet-service.identity:BPNL00000003AYRE,,1791527321366,1791527413975,1791527413975,
943b164e-8845-4154-bef0-10d6e168cbed,CONSUMER,200,1,did:web:ssi-dim-wallet-service.identity:BPNL00000003AYRE,,1791527321590,1791527427456,1791527427456,
34a8177d-7485-4319-beb8-54b7dd01334e,CONSUMER,200,1,did:web:ssi-dim-wallet-service.identity:BPNL00000003AYRE,,1791527321756,1791527427748,1791527427748,
744ce77b-62fa-4415-bedc-e2c721abab65,CONSUMER,200,1,did:web:ssi-dim-wallet-service.identity:BPNL00000003AYRE,,1791527321761,1791527428051,1791527428051,
acf4c16c-2a7a-480d-a2da-48923e028f59,CONSUMER,200,1,did:web:ssi-dim-wallet-service.identity:BPNL00000003AYRE,,1791527322956,1791527429257,1791527429257,
e7148524-dd5c-4cec-90cf-d504ac0ba147,CONSUMER,200,1,did:web:ssi-dim-wallet-service.identity:BPNL00000003AYRE,,1791527323651,1791527429464,1791527429464,
f86f96e7-6dcf-4a69-a6de-20ba09e8458f,CONSUMER,200,1,did:web:ssi-dim-wallet-service.identity:BPNL00000003AYRE,,1791527323847,1791527430156,1791527430156,
c9451b5f-eacf-4db6-9094-e7c198f686fc,CONSUMER,200,1,did:web:ssi-dim-wallet-service.identity:BPNL00000003AYRE,,1791527324247,1791527430965,1791527430965,
4d2f78b1-fbf5-4e92-be94-e49a37fd235e,CONSUMER,200,1,did:web:ssi-dim-wallet-service.identity:BPNL00000003AYRE,,1791527324650,1791527431756,1791527431756,
6c90b2a3-a0fa-404d-a296-28e10a40a601,CONSUMER,200,1,did:web:ssi-dim-wallet-service.identity:BPNL00000003AYRE,,1791527324756,1791527432147,1791527432147,
d3727719-82cd-441b-802a-23ca536e1114,CONSUMER,200,1,did:web:ssi-dim-wallet-service.identity:BPNL00000003AYRE,,1791527325552,1791527433461,1791527433461,
56b94a22-66cb-4533-8c47-930bccfc99d1,CONSUMER,200,1,did:web:ssi-dim-wallet-service.identity:BPNL00000003AYRE,,1791527325557,1791527433459,1791527433459,
3e3e63ec-8bfb-4129-ad6a-18003fb85887,CONSUMER,200,1,did:web:ssi-dim-wallet-service.identity:BPNL00000003AYRE,,1791527325688,1791527434255,1791527434255,
56720560-cda9-4098-83d0-f842ea4d4889,CONSUMER,200,1,did:web:ssi-dim-wallet-service.identity:BPNL00000003AYRE,,1791527325764,1791527434164,1791527434164,
3ce9cf4a-bffd-40ed-82b1-e80ae4b17b05,CONSUMER,200,1,did:web:ssi-dim-wallet-service.identity:BPNL00000003AYRE,,1791527325854,1791527434551,1791527434551,
bcac3b71-3394-4823-99b5-145700a7d68c,CONSUMER,200,1,did:web:ssi-dim-wallet-service.identity:BPNL00000003AYRE,,1791527326069,1791527434865,1791527434865,
b9aba590-59c5-4764-978e-d0edf3e1b52b,CONSUMER,200,1,did:web:ssi-dim-wallet-service.identity:BPNL00000003AYRE,,1791527326258,1791527435058,1791527435058,
5465034b-b90c-4900-8017-0f73c8cff744,CONSUMER,200,1,did:web:ssi-dim-wallet-service.identity:BPNL00000003AYRE,,1791527327053,1791527435158,1791527435158,
f461750a-6b64-4362-a55c-6e82f80a4bc8,CONSUMER,200,1,did:web:ssi-dim-wallet-service.identity:BPNL00000003AYRE,,1791527327156,1791527435255,1791527435255,
4fe44d92-64d5-4a26-a846-13beb896f592,CONSUMER,200,1,did:web:ssi-dim-wallet-service.identity:BPNL00000003AYRE,,1791527327560,1791527437454,1791527437454,
aee0c5be-171e-4220-9437-33659e211549,CONSUMER,200,1,did:web:ssi-dim-wallet-service.identity:BPNL00000003AYRE,,1791527327661,1791527437648,1791527437648,
e21caf5f-2510-4168-9a8c-1cc0fe39bb4a,CONSUMER,200,1,did:web:ssi-dim-wallet-service.identity:BPNL00000003AYRE,,1791527328154,1791527438348,1791527438348,
fbea3fa4-e53f-4f7d-88a3-7f42764b1930,CONSUMER,200,1,did:web:ssi-dim-wallet-service.identity:BPNL00000003AYRE,,1791527328466,1791527439165,1791527439165,
b8c717a0-a9fb-4eaa-bcba-e9ca2906c3f9,CONSUMER,200,1,did:web:ssi-dim-wallet-service.identity:BPNL00000003AYRE,,1791527328473,1791527439674,1791527439674,
0711b307-5403-4fe4-b45c-30d7a463254c,CONSUMER,200,1,did:web:ssi-dim-wallet-service.identity:BPNL00000003AYRE,,1791527329066,1791527439460,1791527439460,
bdc35d6e-cb8e-416e-82d5-04b9ff2e6809,CONSUMER,200,1,did:web:ssi-dim-wallet-service.identity:BPNL00000003AYRE,,1791527329350,1791527439755,1791527439755,
191b0048-b446-4712-bb8b-55920e09ff77,CONSUMER,200,1,did:web:ssi-dim-wallet-service.identity:BPNL00000003AYRE,,1791527329550,1791527439867,1791527439867,
79bb4c65-96af-417e-9b8f-e9dc72ca8a16,CONSUMER,200,1,did:web:ssi-dim-wallet-service.identity:BPNL00000003AYRE,,1791527329762,1791527440359,1791527440359,
15d2ff32-9b59-414e-8cb7-98aa9c3513d2,CONSUMER,200,1,did:web:ssi-dim-wallet-service.identity:BPNL00000003AYRE,,1791527330248,1791527441359,1791527441359,
e9b54d7b-282a-4411-9319-f7f863d9c254,CONSUMER,200,1,did:web:ssi-dim-wallet-service.identity:BPNL00000003AYRE,,1791527330351,1791527441459,1791527441459,
9bad5501-5d32-461e-ac4c-640899cd0614,CONSUMER,200,1,did:web:ssi-dim-wallet-service.identity:BPNL00000003AYRE,,1791527330694,1791527441667,1791527441667,
fb7107ec-7912-42c3-b4b8-b40b2c87502d,CONSUMER,200,1,did:web:ssi-dim-wallet-service.identity:BPNL00000003AYRE,,1791527330754,1791527441950,1791527441950,
115e1262-76b2-45da-a9fe-5cbf08c2e8a1,CONSUMER,200,1,did:web:ssi-dim-wallet-service.identity:BPNL00000003AYRE,,1791527330765,1791527442051,1791527442051,
b65b46a3-dbfc-4a6c-b8da-03dd9be5492d,CONSUMER,200,1,did:web:ssi-dim-wallet-service.identity:BPNL00000003AYRE,,1791527331048,1791527442360,1791527442360,
80703ed1-046f-4c2d-be00-158bff739aa9,CONSUMER,200,1,did:web:ssi-dim-wallet-service.identity:BPNL00000003AYRE,,1791527331159,1791527442751,1791527442751,
e8233bea-5654-487d-b263-82c57ba8fcc7,CONSUMER,200,1,did:web:ssi-dim-wallet-service.identity:BPNL00000003AYRE,,1791527331248,1791527443053,1791527443053,
20e3ac9a-11a6-4e8b-8cf1-5c76d7783485,CONSUMER,200,1,did:web:ssi-dim-wallet-service.identity:BPNL00000003AYRE,,1791527331756,1791527443162,1791527443162,
d15195d0-c9cc-4b15-8d4b-802790f95ce3,CONSUMER,200,1,did:web:ssi-dim-wallet-service.identity:BPNL00000003AYRE,,1791527332147,1791527443355,1791527443355,
5d18d8a6-f22e-4289-bdda-10d9f3cfb2fe,CONSUMER,200,1,did:web:ssi-dim-wallet-service.identity:BPNL00000003AYRE,,1791527332553,1791527443458,1791527443458,
c7292854-f072-48e7-ab40-80a6a7cbed87,CONSUMER,200,1,did:web:ssi-dim-wallet-service.identity:BPNL00000003AYRE,,1791527332755,1791527444578,1791527444578,
e7e8b983-9a97-43b9-816f-0c92a5e705a6,CONSUMER,200,1,did:web:ssi-dim-wallet-service.identity:BPNL00000003AYRE,,1791527333761,1791527444575,1791527444575,
d6c5addb-8cee-4bb9-80df-74d4f8b6b817,CONSUMER,200,1,did:web:ssi-dim-wallet-service.identity:BPNL00000003AYRE,,1791527334461,1791527445063,1791527445063,
34c2b579-2c92-4ed7-b1c9-aaba95c85eff,CONSUMER,200,1,did:web:ssi-dim-wallet-service.identity:BPNL00000003AYRE,,1791527334564,1791527444752,1791527444752,
24b6998a-bd31-4944-92f6-28996b10c270,CONSUMER,200,1,did:web:ssi-dim-wallet-service.identity:BPNL00000003AYRE,,1791527334751,1791527444957,1791527444957,
9345b8c0-965e-4735-acf1-00ddcd5b9880,CONSUMER,200,1,did:web:ssi-dim-wallet-service.identity:BPNL00000003AYRE,,1791527334956,1791527445053,1791527445053,
82e7c33a-a0b0-430d-adfc-6a799b608513,CONSUMER,200,1,did:web:ssi-dim-wallet-service.identity:BPNL00000003AYRE,,1791527335451,1791527445151,1791527445151,
59259d40-f5dc-4e4c-b6a0-3d08ae22a407,CONSUMER,200,1,did:web:ssi-dim-wallet-service.identity:BPNL00000003AYRE,,1791527335750,1791527445154,1791527445154,
bfb4aa28-dc05-457c-860c-9dc1242d5fba,CONSUMER,200,1,did:web:ssi-dim-wallet-service.identity:BPNL00000003AYRE,,1791527336547,1791527445655,1791527445655,
51c2493a-64c6-4f12-b755-70b1f91fe2be,CONSUMER,200,1,did:web:ssi-dim-wallet-service.identity:BPNL00000003AYRE,,1791527336948,1791527445963,1791527445963,
e0fa6376-8e07-4335-b6f2-e8ee21fe7125,CONSUMER,200,1,did:web:ssi-dim-wallet-service.identity:BPNL00000003AYRE,,1791527336951,1791527446447,1791527446447,
c3a5c661-3d17-44d9-a377-7372abf39fff,CONSUMER,200,1,did:web:ssi-dim-wallet-service.identity:BPNL00000003AYRE,,1791527337254,1791527446650,1791527446650,
9fd3d35d-84f4-42a6-ba51-3d56dcf2ae82,CONSUMER,200,1,did:web:ssi-dim-wallet-service.identity:BPNL00000003AYRE,,1791527337257,1791527446868,1791527446868,
5b555539-0577-4025-a9fe-233be83dca43,CONSUMER,200,1,did:web:ssi-dim-wallet-service.identity:BPNL00000003AYRE,,1791527337849,1791527446959,1791527446959,
c63164e7-711c-4c3c-a594-7841ab98b664,CONSUMER,200,1,did:web:ssi-dim-wallet-service.identity:BPNL00000003AYRE,,1791527338148,1791527447149,1791527447149,
6f27b472-08d2-4161-ba74-a1a955bb0e40,CONSUMER,200,1,did:web:ssi-dim-wallet-service.identity:BPNL00000003AYRE,,1791527338152,1791527447059,1791527447059,
a6fb1df9-51ff-4ee3-bc58-514ae349b571,CONSUMER,200,1,did:web:ssi-dim-wallet-service.identity:BPNL00000003AYRE,,1791527338347,1791527447162,1791527447162,
2b8a8e99-e8a3-47ee-a9f0-b4b10af871ec,CONSUMER,200,1,did:web:ssi-dim-wallet-service.identity:BPNL00000003AYRE,,1791527338454,1791527447461,1791527447461,
00267d35-9332-43fd-941e-0c99526b97c1,CONSUMER,200,1,did:web:ssi-dim-wallet-service.identity:BPNL00000003AYRE,,1791527338461,1791527447861,1791527447861,
85e692c6-b82a-4dfb-88b3-bfe97ebdf573,CONSUMER,200,1,did:web:ssi-dim-wallet-service.identity:BPNL00000003AYRE,,1791527338639,1791527448750,1791527448750,
86c16296-a261-46c3-a49a-86e467662c3d,CONSUMER,200,1,did:web:ssi-dim-wallet-service.identity:BPNL00000003AYRE,,1791527338852,1791527453052,1791527453052,
bdc38cef-51ee-4455-8aa8-891e5c9827e7,CONSUMER,200,1,did:web:ssi-dim-wallet-service.identity:BPNL00000003AYRE,,1791527338969,1791527453457,1791527453457,
503be9de-af4b-40d2-a5d9-87bef38043c0,CONSUMER,200,1,did:web:ssi-dim-wallet-service.identity:BPNL00000003AYRE,,1791527339256,1791527453549,1791527453549,
17243d52-ef09-4b22-9ba3-5e89dc483fe3,CONSUMER,200,1,did:web:ssi-dim-wallet-service.identity:BPNL00000003AYRE,,1791527339548,1791527453466,1791527453466,
d5286cbc-307a-49b7-8ff7-af9bd97b7047,CONSUMER,200,1,did:web:ssi-dim-wallet-service.identity:BPNL00000003AYRE,,1791527339753,1791527453655,1791527453655,
f0669c3b-ddea-487c-a122-6cb9a6d18ca2,CONSUMER,200,1,did:web:ssi-dim-wallet-service.identity:BPNL00000003AYRE,,1791527339848,1791527453462,1791527453462,
1976219e-dd1d-45e5-81c0-90ed0aafc1e4,CONSUMER,200,1,did:web:ssi-dim-wallet-service.identity:BPNL00000003AYRE,,1791527339854,1791527453775,1791527453775,
0cabeb71-2918-4523-928b-918769ae8f16,CONSUMER,200,1,did:web:ssi-dim-wallet-service.identity:BPNL00000003AYRE,,1791527339862,1791527453957,1791527453957,
00f4722a-b908-47cd-bd87-c730efe5034f,CONSUMER,200,1,did:web:ssi-dim-wallet-service.identity:BPNL00000003AYRE,,1791527340059,1791527454156,1791527454156,
cae7a3b9-7f3e-43d3-91b8-012f6ec9630b,CONSUMER,200,1,did:web:ssi-dim-wallet-service.identity:BPNL00000003AYRE,,1791527340154,1791527454070,1791527454070,
af81d21e-bf06-4a93-a4f6-2e957a0683e0,CONSUMER,200,1,did:web:ssi-dim-wallet-service.identity:BPNL00000003AYRE,,1791527378150,1791527454462,1791527454462,
54140b5e-ce4e-47f9-9f3d-4e813a581cd6,CONSUMER,200,1,did:web:ssi-dim-wallet-service.identity:BPNL00000003AYRE,,1791527382726,1791527454561,1791527454561,
0c7ee426-2094-4575-9450-687477de47ad,CONSUMER,200,1,did:web:ssi-dim-wallet-service.identity:BPNL00000003AYRE,,1791527382951,1791527454461,1791527454461,
01112f65-c739-40e7-a508-ecc73a7f4cb7,CONSUMER,200,1,did:web:ssi-dim-wallet-service.identity:BPNL00000003AYRE,,1791527387475,1791527454766,1791527454766,
1895f15c-0360-4e4c-afa1-c9bc4307ed3b,CONSUMER,200,1,did:web:ssi-dim-wallet-service.identity:BPNL00000003AYRE,,1791527388049,1791527454661,1791527454661,
dd4114e3-b3d9-4f44-bb05-43e68c7b8d5b,CONSUMER,200,1,did:web:ssi-dim-wallet-service.identity:BPNL00000003AYRE,,1791527389326,1791527454949,1791527454949,
baf7a28a-7416-4670-8781-da0a5c914551,CONSUMER,200,1,did:web:ssi-dim-wallet-service.identity:BPNL00000003AYRE,,1791527398726,1791527454856,1791527454856,
d4d5a0af-e23e-4691-af69-dc69b6e92970,CONSUMER,200,1,did:web:ssi-dim-wallet-service.identity:BPNL00000003AYRE,,1791527399230,1791527455068,1791527455068,
972197b6-31d6-4d27-8e78-03e4bd55c4aa,CONSUMER,200,1,did:web:ssi-dim-wallet-service.identity:BPNL00000003AYRE,,1791527400150,1791527454963,1791527454963,
1b0246aa-a7fc-47a3-a5b3-a015930148a7,CONSUMER,200,1,did:web:ssi-dim-wallet-service.identity:BPNL00000003AYRE,,1791527400548,1791527455147,1791527455147,
64dc8f8b-f135-4206-aa13-3d6e1be9e574,CONSUMER,200,1,did:web:ssi-dim-wallet-service.identity:BPNL00000003AYRE,,1791527404259,1791527457961,1791527457961,
b1ff310d-4cbb-411a-977a-c2ca850e56a7,CONSUMER,200,1,did:web:ssi-dim-wallet-service.identity:BPNL00000003AYRE,,1791527405149,1791527458060,1791527458060,
69df558a-3e70-4147-857a-ce42c83635ae,CONSUMER,200,1,did:web:ssi-dim-wallet-service.identity:BPNL00000003AYRE,,1791527407858,1791527458765,1791527458765,
abe30a26-f069-4695-8238-a9ae1879f7c0,CONSUMER,200,1,did:web:ssi-dim-wallet-service.identity:BPNL00000003AYRE,,1791527408058,1791527458863,1791527458863,
8bd5f7af-30ab-4b6a-8402-78ac24852413,CONSUMER,200,1,did:web:ssi-dim-wallet-service.identity:BPNL00000003AYRE,,1791527412505,1791527459347,1791527459347,
4cda24fc-5ff4-4fd3-a775-1a18f617e91b,CONSUMER,200,1,did:web:ssi-dim-wallet-service.identity:BPNL00000003AYRE,,1791527414061,1791527459563,1791527459563,
1006474a-f318-4142-8a0f-d602acedfcc7,CONSUMER,200,1,did:web:ssi-dim-wallet-service.identity:BPNL00000003AYRE,,1791527417551,1791527459667,1791527459667,
2850df94-420b-45f6-9f89-065b47308697,CONSUMER,200,1,did:web:ssi-dim-wallet-service.identity:BPNL00000003AYRE,,1791527419352,1791527459660,1791527459660,
61f45b15-625c-47ce-a526-8cf42caabf1a,CONSUMER,200,1,did:web:ssi-dim-wallet-service.identity:BPNL00000003AYRE,,1791527420449,1791527459861,1791527459861,
26cd66f0-baea-4a26-88da-2c630055e6f6,CONSUMER,200,1,did:web:ssi-dim-wallet-service.identity:BPNL00000003AYRE,,1791527421052,1791527460054,1791527460054,
ae8361a3-b162-4a59-8ec9-54e7eec2fbad,CONSUMER,200,1,did:web:ssi-dim-wallet-service.identity:BPNL00000003AYRE,,1791527421126,1791527460352,1791527460352,
c8563ca3-88a7-46cc-93fb-a52bb9c55054,CONSUMER,200,1,did:web:ssi-dim-wallet-service.identity:BPNL00000003AYRE,,1791527422149,1791527460560,1791527460560,
d8ef6e8d-deb4-4376-bb0e-0d6a4dcd64d3,CONSUMER,200,1,did:web:ssi-dim-wallet-service.identity:BPNL00000003AYRE,,1791527422153,1791527460655,1791527460655,
5cc30a4a-8707-470a-bda2-693c3cb2cb03,CONSUMER,200,1,did:web:ssi-dim-wallet-service.identity:BPNL00000003AYRE,,1791527423953,1791527460660,1791527460660,
7db271e1-6d25-4496-93a1-f98ff50d24f7,CONSUMER,200,1,did:web:ssi-dim-wallet-service.identity:BPNL00000003AYRE,,1791527426357,1791527460755,1791527460755,
009010f0-0403-4edb-aa12-3a1038eafe50,CONSUMER,200,1,did:web:ssi-dim-wallet-service.identity:BPNL00000003AYRE,,1791527427766,1791527460757,1791527460757,
b4e6345b-f88a-466a-8563-bb6367fc5f57,CONSUMER,200,1,did:web:ssi-dim-wallet-service.identity:BPNL00000003AYRE,,1791527430955,1791527461157,1791527461157,
d285a4b8-64bf-4272-9839-aed8cc31d208,CONSUMER,200,1,did:web:ssi-dim-wallet-service.identity:BPNL00000003AYRE,,1791527432348,1791527461068,1791527461068,
9c66cfd9-16ca-413c-a311-5671eeaed221,CONSUMER,200,1,did:web:ssi-dim-wallet-service.identity:BPNL00000003AYRE,,1791527432548,1791527461348,1791527461348,
ff365c28-2cee-4207-b07b-d5a48f15de6a,CONSUMER,200,1,did:web:ssi-dim-wallet-service.identity:BPNL00000003AYRE,,1791527434559,1791527461353,1791527461353,
8f136101-563d-4805-a5dc-e222a1f6a188,CONSUMER,200,1,did:web:ssi-dim-wallet-service.identity:BPNL00000003AYRE,,1791527437957,1791527461956,1791527461956,
76ad5d02-d1ec-4780-b1e0-b7f0de7f8d08,CONSUMER,200,1,did:web:ssi-dim-wallet-service.identity:BPNL00000003AYRE,,1791527437957,1791527461867,1791527461867,
5333adde-172e-4e17-8526-41783796eba7,CONSUMER,200,1,did:web:ssi-dim-wallet-service.identity:BPNL00000003AYRE,,1791527438449,1791527461962,1791527461962,
b3e9ea63-f8b5-4c24-b590-ed90137df47c,CONSUMER,200,1,did:web:ssi-dim-wallet-service.identity:BPNL00000003AYRE,,1791527439360,1791527461953,1791527461953,
3bdefc6c-35e8-4ada-841b-b75098ad5b99,CONSUMER,200,1,did:web:ssi-dim-wallet-service.identity:BPNL00000003AYRE,,1791527443362,1791527462063,1791527462063,
fe3f10a3-8e5c-4214-b557-71880b51ea3b,CONSUMER,200,1,did:web:ssi-dim-wallet-service.identity:BPNL00000003AYRE,,1791527444947,1791527462159,1791527462159,
0a554af0-90ce-4539-aec9-a34a7973d766,CONSUMER,200,1,did:web:ssi-dim-wallet-service.identity:BPNL00000003AYRE,,1791527446084,1791527462259,1791527462259,
6a1665e8-85c9-4301-aa46-de90a5823808,CONSUMER,200,1,did:web:ssi-dim-wallet-service.identity:BPNL00000003AYRE,,1791527447465,1791527462625,1791527462625,
ae5049c9-7169-48be-aa37-8a31483e0b9a,CONSUMER,200,1,did:web:ssi-dim-wallet-service.identity:BPNL00000003AYRE,,1791527449072,1791527462849,1791527462849,
dafa8277-f58d-4a81-bcd7-09ca27ff4a7c,CONSUMER,200,1,did:web:ssi-dim-wallet-service.identity:BPNL00000003AYRE,,1791527450052,1791527462971,1791527462971,
95a3882a-8def-4295-ae59-0b6aaa62460c,CONSUMER,200,1,did:web:ssi-dim-wallet-service.identity:BPNL00000003AYRE,,1791527452060,1791527463859,1791527463859,
2e56cdf7-5fc2-4498-8088-c1a575dbcfcd,CONSUMER,200,1,did:web:ssi-dim-wallet-service.identity:BPNL00000003AYRE,,1791527453661,1791527463971,1791527463971,
fea70516-d881-4247-9338-92c377474fa0,CONSUMER,200,1,did:web:ssi-dim-wallet-service.identity:BPNL00000003AYRE,,1791527455050,1791527464349,1791527464349,
862ff635-ad27-4d4f-a9ee-6c69eade93e8,CONSUMER,200,1,did:web:ssi-dim-wallet-service.identity:BPNL00000003AYRE,,1791527455955,1791527464355,1791527464355,
0a74ef16-53bb-4f07-999a-6a5c0d0044b6,CONSUMER,200,1,did:web:ssi-dim-wallet-service.identity:BPNL00000003AYRE,,1791527459449,1791527464651,1791527464651,
37a52154-ead8-4dc3-a518-a189f74b85ec,CONSUMER,200,1,did:web:ssi-dim-wallet-service.identity:BPNL00000003AYRE,,1791527459456,1791527465168,1791527465168,
31e92d28-0fb6-42d6-9cba-848629a1baf2,CONSUMER,200,1,did:web:ssi-dim-wallet-service.identity:BPNL00000003AYRE,,1791527459462,1791527465648,1791527465648,
a25844d9-afdb-495b-9827-ed9ccd2bbe69,CONSUMER,200,1,did:web:ssi-dim-wallet-service.identity:BPNL00000003AYRE,,1791527459466,1791527465770,1791527465770,
36df8d3c-4701-4649-b8a4-dfca0ae5745c,CONSUMER,200,1,did:web:ssi-dim-wallet-service.identity:BPNL00000003AYRE,,1791527462460,1791527466270,1791527466270,
4c9d81ec-8afe-4b56-850a-73be1a541448,CONSUMER,200,1,did:web:ssi-dim-wallet-service.identity:BPNL00000003AYRE,,1791527462848,1791527466352,1791527466352,
b8ef4065-ddcd-42d7-8602-27983ffd7003,CONSUMER,200,1,did:web:ssi-dim-wallet-service.identity:BPNL00000003AYRE,,1791527463564,1791527466468,1791527466468,
b5aaf3fa-c5bc-4b68-b23b-df4b10ee05fb,CONSUMER,200,1,did:web:ssi-dim-wallet-service.identity:BPNL00000003AYRE,,1791527464750,1791527466468,1791527466468,
c6c1e306-c1cc-4238-af60-894dacea66b5,CONSUMER,200,1,did:web:ssi-dim-wallet-service.identity:BPNL00000003AYRE,,1791527467447,1791527469048,1791527469048,
5f4931e0-b2fe-441e-aaf5-6a40c5b7c218,CONSUMER,200,1,did:web:ssi-dim-wallet-service.identity:BPNL00000003AYRE,,1791527467956,1791527472355,1791527472355,
73b04184-6fe7-4682-8153-2fb878db9387,CONSUMER,200,1,did:web:ssi-dim-wallet-service.identity:BPNL00000003AYRE,,1791527468457,1791527472463,1791527472463,
0931019b-b031-4b70-a366-165c619dac2c,CONSUMER,200,1,did:web:ssi-dim-wallet-service.identity:BPNL00000003AYRE,,1791527468460,1791527472769,1791527472769,
da9fda03-fbbc-46ff-98bd-285115ad0137,CONSUMER,200,1,did:web:ssi-dim-wallet-service.identity:BPNL00000003AYRE,,1791527468662,1791527472963,1791527472963,
64d120de-8e4e-46ef-bc2b-ff301bde847f,CONSUMER,200,1,did:web:ssi-dim-wallet-service.identity:BPNL00000003AYRE,,1791527469863,1791527473350,1791527473350,
0a846ab9-69c0-4387-9f1f-fc9e0afb11a8,CONSUMER,200,1,did:web:ssi-dim-wallet-service.identity:BPNL00000003AYRE,,1791527470161,1791527473371,1791527473371,
88425986-154e-42fb-b4db-539c9d72aba7,CONSUMER,200,1,did:web:ssi-dim-wallet-service.identity:BPNL00000003AYRE,,1791527471252,1791527473451,1791527473451,
172b40e6-4aca-43a5-81a6-8a5f4a379335,CONSUMER,200,1,did:web:ssi-dim-wallet-service.identity:BPNL00000003AYRE,,1791527474533,1791527476359,1791527476359,
1909f36f-0bab-4257-ae2e-4af9ce83cef6,CONSUMER,200,1,did:web:ssi-dim-wallet-service.identity:BPNL00000003AYRE,,1791527476327,1791527477825,1791527477825,
da8ca95a-3af5-4ae8-8d09-b4a040a6445e,CONSUMER,200,1,did:web:ssi-dim-wallet-service.identity:BPNL00000003AYRE,,1791527476333,1791527479129,1791527479129,
63214c3f-b378-4269-b988-4a309ca9dbea,CONSUMER,200,1,did:web:ssi-dim-wallet-service.identity:BPNL00000003AYRE,,1791527476424,1791527479555,1791527479555,
af0b7da4-f4da-4d58-9f78-390e2db9a764,CONSUMER,200,1,did:web:ssi-dim-wallet-service.identity:BPNL00000003AYRE,,1791527476425,1791527479168,1791527479168,
78b2c564-8084-45ea-8e62-a3dfc0717406,CONSUMER,200,1,did:web:ssi-dim-wallet-service.identity:BPNL00000003AYRE,,1791527476747,1791527479259,1791527479259,
fcb6a572-e2cf-4bad-921b-3593117d4149,CONSUMER,200,1,did:web:ssi-dim-wallet-service.identity:BPNL00000003AYRE,,1791527477125,1791527479452,1791527479452,
a07d3087-aa19-43ed-8df9-e165c140f1b9,CONSUMER,200,1,did:web:ssi-dim-wallet-service.identity:BPNL00000003AYRE,,1791527480451,1791527481656,1791527481656,
8ffecda0-02a1-40c2-a8de-6dfed058dd58,CONSUMER,200,1,did:web:ssi-dim-wallet-service.identity:BPNL00000003AYRE,,1791527480659,1791527482261,1791527482261,
241a0248-4b38-4f75-b337-83d0a18a16f7,CONSUMER,200,1,did:web:ssi-dim-wallet-service.identity:BPNL00000003AYRE,,1791527482862,1791527483396,1791527483396,
bd9f5edf-a260-4512-be7f-0c8622bcfd09,CONSUMER,200,1,did:web:ssi-dim-wallet-service.identity:BPNL00000003AYRE,,1791527485056,1791527487555,1791527487555,
464f1e1d-d48d-496e-a4b1-f4a19ed1cd97,CONSUMER,200,1,did:web:ssi-dim-wallet-service.identity:BPNL00000003AYRE,,1791527485447,1791527487647,1791527487647,
02ae228c-3b15-4b0b-95f1-a5ceedf887bb,CONSUMER,200,1,did:web:ssi-dim-wallet-service.identity:BPNL00000003AYRE,,1791527485449,1791527487661,1791527487661,
23cd20c8-0235-4266-baa0-d7cf6e191574,CONSUMER,200,1,did:web:ssi-dim-wallet-service.identity:BPNL00000003AYRE,,1791527485464,1791527487748,1791527487748,
b9458d9c-bc2c-4ab9-b5df-6a74b035ab85,CONSUMER,200,1,did:web:ssi-dim-wallet-service.identity:BPNL00000003AYRE,,1791527486952,1791527488067,1791527488067,
0a52517c-d50d-4c48-91be-8985cc8fd088,CONSUMER,200,1,did:web:ssi-dim-wallet-service.identity:BPNL00000003AYRE,,1791527487158,1791527488082,1791527488082,
14dbb288-faae-4a81-b388-fb35974cf95b,CONSUMER,200,1,did:web:ssi-dim-wallet-service.identity:BPNL00000003AYRE,,1791527490263,1791527490855,1791527490855,
6be9cd2b-b843-4127-a4f6-be1802faf77f,CONSUMER,200,1,did:web:ssi-dim-wallet-service.identity:BPNL00000003AYRE,,1791527492552,1791527493062,1791527493062,
9816445a-1961-4116-9e19-edfe7ee80fa0,CONSUMER,200,1,did:web:ssi-dim-wallet-service.identity:BPNL00000003AYRE,,1791527493350,1791527494563,1791527494563,
84f6c1c0-c0b7-4852-b84e-20ee46f53672,CONSUMER,200,1,did:web:ssi-dim-wallet-service.identity:BPNL00000003AYRE,,1791527493672,1791527494461,1791527494461,
b3ec1cb7-e040-4215-921e-c0a0e6b51950,CONSUMER,200,1,did:web:ssi-dim-wallet-service.identity:BPNL00000003AYRE,,1791527493757,1791527494654,1791527494654,
663082f8-fd30-4c60-a90b-240d131954e3,CONSUMER,200,1,did:web:ssi-dim-wallet-service.identity:BPNL00000003AYRE,,1791527495559,1791527497252,1791527497252,
f09ff801-9565-42e3-90a9-cca01f85c41d,CONSUMER,200,1,did:web:ssi-dim-wallet-service.identity:BPNL00000003AYRE,,1791527495668,1791527497257,1791527497257,
5391cd5b-b8c4-4068-bc0c-784f29c0edb9,CONSUMER,200,1,did:web:ssi-dim-wallet-service.identity:BPNL00000003AYRE,,1791527497359,1791527499658,1791527499658,
b730ee9e-e4bf-4a2f-af7f-eabf9f46f7a9,CONSUMER,200,1,did:web:ssi-dim-wallet-service.identity:BPNL00000003AYRE,,1791527497549,1791527499863,1791527499863,
cbe97546-b0d7-490d-99b2-7c0465e8546e,CONSUMER,200,1,did:web:ssi-dim-wallet-service.identity:BPNL00000003AYRE,,1791527498855,1791527500436,1791527500436,
180fa85e-9a84-44f7-a196-aa851a8bde5c,CONSUMER,200,1,did:web:ssi-dim-wallet-service.identity:BPNL00000003AYRE,,1791527498949,1791527500463,1791527500463,
c6a7b359-af87-46a2-a1f0-93e65c6a31f3,CONSUMER,200,1,did:web:ssi-dim-wallet-service.identity:BPNL00000003AYRE,,1791527499060,1791527500549,1791527500549,
2cfe4543-c3bb-4bc9-8921-262c998ba6b4,CONSUMER,200,1,did:web:ssi-dim-wallet-service.identity:BPNL00000003AYRE,,1791527499360,1791527500647,1791527500647,
597c4b8a-1835-4903-9481-83db8e46d334,CONSUMER,200,1,did:web:ssi-dim-wallet-service.identity:BPNL00000003AYRE,,1791527499363,1791527500657,1791527500657,
d61533f8-e5bf-4a9e-8391-a0e27635c307,CONSUMER,200,1,did:web:ssi-dim-wallet-service.identity:BPNL00000003AYRE,,1791527500655,1791527502169,1791527502169,
991f8dea-2625-4fbc-b76a-5022c71a4d58,CONSUMER,200,1,did:web:ssi-dim-wallet-service.identity:BPNL00000003AYRE,,1791527501078,1791527502377,1791527502377,
8bf31d11-f243-4919-ac66-6529baf1bbc8,CONSUMER,200,1,did:web:ssi-dim-wallet-service.identity:BPNL00000003AYRE,,1791527503555,1791527504967,1791527504967,
a7bd1b15-552a-4a96-a910-f30654c65763,CONSUMER,200,1,did:web:ssi-dim-wallet-service.identity:BPNL00000003AYRE,,1791527503760,1791527505035,1791527505035,
c93b3239-b676-4b14-a664-8baf640f02b6,CONSUMER,200,1,did:web:ssi-dim-wallet-service.identity:BPNL00000003AYRE,,1791527504650,1791527505143,1791527505143,
3ae6150b-b357-4b16-93c1-5ecf188d4ba2,CONSUMER,200,1,did:web:ssi-dim-wallet-service.identity:BPNL00000003AYRE,,1791527505855,1791527508370,1791527508370,
e5a3998a-10f9-42e0-a01e-8f8d879a3458,CONSUMER,200,1,did:web:ssi-dim-wallet-service.identity:BPNL00000003AYRE,,1791527508167,1791527508607,1791527508607,
03ba3c8b-185a-49e2-a06d-10dbd2895d92,CONSUMER,200,1,did:web:ssi-dim-wallet-service.identity:BPNL00000003AYRE,,1791527511247,1791527513052,1791527513052,
a4d3819d-76bf-4672-8869-4612f1eac1dd,CONSUMER,200,1,did:web:ssi-dim-wallet-service.identity:BPNL00000003AYRE,,1791527511348,1791527513161,1791527513161,
9ee0bc5e-b057-4e73-a0d9-9a62a514fcd6,CONSUMER,200,1,did:web:ssi-dim-wallet-service.identity:BPNL00000003AYRE,,1791527512147,1791527513229,1791527513229,
2d41a0d2-8d7e-4eaf-8b5e-bd2dec482810,CONSUMER,200,1,did:web:ssi-dim-wallet-service.identity:BPNL00000003AYRE,,1791527512348,1791527513286,1791527513286,
b81ffe76-c04c-41b1-b789-1952af009338,CONSUMER,200,1,did:web:ssi-dim-wallet-service.identity:BPNL00000003AYRE,,1791527512352,1791527513348,1791527513348,
52ad544f-e41f-4225-a8f6-61d738c83188,CONSUMER,200,1,did:web:ssi-dim-wallet-service.identity:BPNL00000003AYRE,,1791527514634,1791527516156,1791527516156,
9e4bfe30-30ad-4a2b-b7d4-79065f5d5351,CONSUMER,200,1,did:web:ssi-dim-wallet-service.identity:BPNL00000003AYRE,,1791527516160,1791527517399,1791527517399,
f6111a2d-dd23-4e8d-9873-ed495587761d,CONSUMER,200,1,did:web:ssi-dim-wallet-service.identity:BPNL00000003AYRE,,1791527517625,1791527518553,1791527518553,
d4c7d27f-fc19-4390-9c75-d1f3528b8afa,CONSUMER,200,1,did:web:ssi-dim-wallet-service.identity:BPNL00000003AYRE,,1791527517964,1791527518547,1791527518547,
5dd85db9-db8d-4adb-9553-33aa76cf53e6,CONSUMER,200,1,did:web:ssi-dim-wallet-service.identity:BPNL00000003AYRE,,1791527519126,1791527519827,1791527519827,
6157543d-b015-4f53-bc4e-7adf32eba8f2,CONSUMER,200,1,did:web:ssi-dim-wallet-service.identity:BPNL00000003AYRE,,1791527519460,1791527519847,1791527519847,
4092ba9c-7445-4cdf-8935-dddb08825124,CONSUMER,200,1,did:web:ssi-dim-wallet-service.identity:BPNL00000003AYRE,,1791527521125,1791527522330,1791527522330,
aee6c7dc-ba33-4d56-b374-90e24bc01d91,CONSUMER,200,1,did:web:ssi-dim-wallet-service.identity:BPNL00000003AYRE,,1791527521932,1791527522547,1791527522547,
c4edde19-764e-43d2-bb27-25287e841f3d,CONSUMER,200,1,did:web:ssi-dim-wallet-service.identity:BPNL00000003AYRE,,1791527524654,1791527526049,1791527526049,
7d84136d-af90-483e-bc63-66c7ab51f127,CONSUMER,200,1,did:web:ssi-dim-wallet-service.identity:BPNL00000003AYRE,,1791527524665,1791527526008,1791527526008,
365e83ba-7d0e-400b-938d-76c2f0c90764,CONSUMER,200,1,did:web:ssi-dim-wallet-service.identity:BPNL00000003AYRE,,1791527526130,1791527528250,1791527528250,
ba08e77c-4595-4878-bf6a-3d83255ab368,CONSUMER,200,1,did:web:ssi-dim-wallet-service.identity:BPNL00000003AYRE,,1791527528053,1791527528704,1791527528704,
b1b304f9-8975-4e35-b149-7fe297dee43b,CONSUMER,200,1,did:web:ssi-dim-wallet-service.identity:BPNL00000003AYRE,,1791527528951,1791527529825,1791527529825,
fc445b43-3957-488d-942f-ad5916a58478,CONSUMER,200,1,did:web:ssi-dim-wallet-service.identity:BPNL00000003AYRE,,1791527528959,1791527529861,1791527529861,
510127e3-48f6-4aa7-adae-a29484c7ec71,CONSUMER,200,1,did:web:ssi-dim-wallet-service.identity:BPNL00000003AYRE,,1791527528959,1791527530379,1791527530379,
d9b04087-781f-4559-9995-119e7d88f6fb,CONSUMER,200,1,did:web:ssi-dim-wallet-service.identity:BPNL00000003AYRE,,1791527528972,1791527530559,1791527530559,
6ca485f8-ce68-4907-a9b3-08f65ee1149e,CONSUMER,200,1,did:web:ssi-dim-wallet-service.identity:BPNL00000003AYRE,,1791527529953,1791527531051,1791527531051,
42417ba6-eaf5-4ff8-9e25-f0f46c9860f9,CONSUMER,200,1,did:web:ssi-dim-wallet-service.identity:BPNL00000003AYRE,,1791527530862,1791527531158,1791527531158,
2cc20cc8-9453-49a3-9a41-f0fae96c18d8,CONSUMER,200,1,did:web:ssi-dim-wallet-service.identity:BPNL00000003AYRE,,1791527531051,1791527531257,1791527531257,
0c5f73dc-b177-4804-88b2-96cc06816797,CONSUMER,200,1,did:web:ssi-dim-wallet-service.identity:BPNL00000003AYRE,,1791527532048,1791527532349,1791527532349,
ddbb7234-585d-4957-81e5-93167acc1f26,CONSUMER,200,1,did:web:ssi-dim-wallet-service.identity:BPNL00000003AYRE,,1791527533431,1791527534666,1791527534666,
0103787d-ef3d-421e-94b4-13d20ac1b6dd,CONSUMER,200,1,did:web:ssi-dim-wallet-service.identity:BPNL00000003AYRE,,1791527534378,1791527534830,1791527534830,
f9f089a3-e69e-485c-a26c-0a34a83e1098,CONSUMER,200,1,did:web:ssi-dim-wallet-service.identity:BPNL00000003AYRE,,1791527536264,1791527537158,1791527537158,
35f2e321-e854-48c9-a2e5-8dbdcb5c83b5,CONSUMER,200,1,did:web:ssi-dim-wallet-service.identity:BPNL00000003AYRE,,1791527539154,1791527540254,1791527540254,
115d10ad-83b3-49c4-98e2-99e4fd9b6ff0,CONSUMER,200,1,did:web:ssi-dim-wallet-service.identity:BPNL00000003AYRE,,1791527539647,1791527540828,1791527540828,
b994fc01-53d1-4524-a4f5-1e42465ca378,CONSUMER,200,1,did:web:ssi-dim-wallet-service.identity:BPNL00000003AYRE,,1791527539660,1791527540808,1791527540808,
43fb10a6-4744-4a90-ae7e-f49363899801,CONSUMER,200,1,did:web:ssi-dim-wallet-service.identity:BPNL00000003AYRE,,1791527540254,1791527540852,1791527540852,
149ccfa1-e3e4-48c1-9e35-2c172775ba19,CONSUMER,200,1,did:web:ssi-dim-wallet-service.identity:BPNL00000003AYRE,,1791527540359,1791527540961,1791527540961,
2b2f0951-37e1-49e6-8137-f4b977394b1e,CONSUMER,200,1,did:web:ssi-dim-wallet-service.identity:BPNL00000003AYRE,,1791527541258,1791527541931,1791527541931,
8a5389da-2c6d-4dbc-997d-9a2f57aa515b,CONSUMER,200,1,did:web:ssi-dim-wallet-service.identity:BPNL00000003AYRE,,1791527543263,1791527545851,1791527545851,
ce29d59b-bdd6-4faf-a44a-753acc9a1c6b,CONSUMER,200,1,did:web:ssi-dim-wallet-service.identity:BPNL00000003AYRE,,1791527543425,1791527546027,1791527546027,
37cdcf0e-1f71-41d2-9c65-5ce57e5d3569,CONSUMER,200,1,did:web:ssi-dim-wallet-service.identity:BPNL00000003AYRE,,1791527544356,1791527546349,1791527546349,
46218a36-14bf-40df-91ae-e16686833766,CONSUMER,200,1,did:web:ssi-dim-wallet-service.identity:BPNL00000003AYRE,,1791527545552,1791527546332,1791527546332,
c1f68b82-0157-458b-8c26-7bb84e0189db,CONSUMER,200,1,did:web:ssi-dim-wallet-service.identity:BPNL00000003AYRE,,1791527548555,1791527550252,1791527550252,
5f911446-795f-4dad-b9f0-c808ed11848c,CONSUMER,200,1,did:web:ssi-dim-wallet-service.identity:BPNL00000003AYRE,,1791527548961,1791527550427,1791527550427,
a832240d-705d-48de-9367-839528a88402,CONSUMER,200,1,did:web:ssi-dim-wallet-service.identity:BPNL00000003AYRE,,1791527548961,1791527550347,1791527550347,
f9baf672-d1ea-490d-8a35-972a7f77c53f,CONSUMER,200,1,did:web:ssi-dim-wallet-service.identity:BPNL00000003AYRE,,1791527549363,1791527550497,1791527550497,
ea3b9b93-6542-4b9c-adf3-c90ba872aec3,CONSUMER,200,1,did:web:ssi-dim-wallet-service.identity:BPNL00000003AYRE,,1791527550617,1791527551568,1791527551568,
db0f156c-1c3f-4662-a994-03f5384504eb,CONSUMER,200,1,did:web:ssi-dim-wallet-service.identity:BPNL00000003AYRE,,1791527551349,1791527551575,1791527551575,
2abf805d-4d22-49d0-911c-4aa32e07e977,CONSUMER,200,1,did:web:ssi-dim-wallet-service.identity:BPNL00000003AYRE,,1791527552348,1791527553554,1791527553554,
e86268fe-840e-4a71-988c-e8c5a78e75da,CONSUMER,200,1,did:web:ssi-dim-wallet-service.identity:BPNL00000003AYRE,,1791527552353,1791527553630,1791527553630,
1fedc3e7-a4cd-4cde-920e-902c37cf457d,CONSUMER,200,1,did:web:ssi-dim-wallet-service.identity:BPNL00000003AYRE,,1791527552754,1791527553929,1791527553929,
d8dba90f-9dd4-4a5f-a6ba-c59f134d148d,CONSUMER,200,1,did:web:ssi-dim-wallet-service.identity:BPNL00000003AYRE,,1791527553225,1791527554010,1791527554010,
8aa1e7c2-f369-4182-96df-c05321095a6d,CONSUMER,200,1,did:web:ssi-dim-wallet-service.identity:BPNL00000003AYRE,,1791527553651,1791527554055,1791527554055,
88803943-20ec-44e5-83e2-baf452a44af2,CONSUMER,200,1,did:web:ssi-dim-wallet-service.identity:BPNL00000003AYRE,,1791527555655,1791527556216,1791527556216,
cf4a5c69-fdba-4f6e-b7a8-acb62dc71d10,CONSUMER,200,1,did:web:ssi-dim-wallet-service.identity:BPNL00000003AYRE,,1791527555661,1791527556325,1791527556325,
86a349be-9ebb-44df-a197-2a37a55145f1,CONSUMER,200,1,did:web:ssi-dim-wallet-service.identity:BPNL00000003AYRE,,1791527556530,1791527557635,1791527557635,
a7f00702-2718-4b32-baa7-5cba4576b1e9,CONSUMER,200,1,did:web:ssi-dim-wallet-service.identity:BPNL00000003AYRE,,1791527559647,1791527561027,1791527561027,
161875d4-ffef-4801-a61e-b2269c8f67b4,CONSUMER,200,1,did:web:ssi-dim-wallet-service.identity:BPNL00000003AYRE,,1791527559869,1791527561047,1791527561047,
e08b8eb0-bcb0-4748-8899-2d00f8f77c03,CONSUMER,200,1,did:web:ssi-dim-wallet-service.identity:BPNL00000003AYRE,,1791527560164,1791527561062,1791527561062,
674ef5dc-9e8f-4e80-8b1d-a1647f0d44c1,CONSUMER,200,1,did:web:ssi-dim-wallet-service.identity:BPNL00000003AYRE,,1791527561738,1791527562155,1791527562155,
4946ab23-f028-473e-bce5-490b820432de,CONSUMER,200,1,did:web:ssi-dim-wallet-service.identity:BPNL00000003AYRE,,1791527561828,1791527562181,1791527562181,
02c5ee12-ccab-4693-933b-7b02757be7e0,CONSUMER,200,1,did:web:ssi-dim-wallet-service.identity:BPNL00000003AYRE,,1791527562233,1791527563628,1791527563628,
82e0fadf-a3c3-4a26-b222-242b73273dea,CONSUMER,200,1,did:web:ssi-dim-wallet-service.identity:BPNL00000003AYRE,,1791527562247,1791527563634,1791527563634,
7b39cd9b-9ad7-4245-b7aa-8284c7f42ef1,CONSUMER,200,1,did:web:ssi-dim-wallet-service.identity:BPNL00000003AYRE,,1791527564029,1791527564747,1791527564747,
207fd247-bea3-4573-a6bf-aa95b615d352,CONSUMER,200,1,did:web:ssi-dim-wallet-service.identity:BPNL00000003AYRE,,1791527564545,1791527564850,1791527564850,
0da37b85-ad86-4b27-a2c4-f15b90844b4b,CONSUMER,200,1,did:web:ssi-dim-wallet-service.identity:BPNL00000003AYRE,,1791527565848,1791527567451,1791527567451,
7cb0213b-8604-4d44-9864-127722dbd9aa,CONSUMER,200,1,did:web:ssi-dim-wallet-service.identity:BPNL00000003AYRE,,1791527565854,1791527567455,1791527567455,
ce448a99-b243-498b-a0f1-efe88b579e20,CONSUMER,200,1,did:web:ssi-dim-wallet-service.identity:BPNL00000003AYRE,,1791527566351,1791527567764,1791527567764,
48a70ebd-4220-49f7-b813-882291197c9d,CONSUMER,200,1,did:web:ssi-dim-wallet-service.identity:BPNL00000003AYRE,,1791527568119,1791527568929,1791527568929,
da61eef1-fbad-44d9-baaf-60e0d27d3b9c,CONSUMER,200,1,did:web:ssi-dim-wallet-service.identity:BPNL00000003AYRE,,1791527572227,1791527572674,1791527572674,
01a0a991-ea77-40bf-a198-97c986b08fc1,CONSUMER,200,1,did:web:ssi-dim-wallet-service.identity:BPNL00000003AYRE,,1791527574236,1791527574953,1791527574953,
96479fc4-11f7-427b-b464-f5d0d764a142,CONSUMER,200,1,did:web:ssi-dim-wallet-service.identity:BPNL00000003AYRE,,1791527575748,1791527576370,1791527576370,
94364619-dbcd-42da-b5cc-e286edf96bb5,CONSUMER,200,1,did:web:ssi-dim-wallet-service.identity:BPNL00000003AYRE,,1791527577218,1791527577663,1791527577663,
9953f3f1-5eb1-4e28-8478-0749ecafe4b9,CONSUMER,200,1,did:web:ssi-dim-wallet-service.identity:BPNL00000003AYRE,,1791527578242,1791527579031,1791527579031,
037d7bc3-e347-482b-a098-f4225e062ad3,CONSUMER,200,1,did:web:ssi-dim-wallet-service.identity:BPNL00000003AYRE,,1791527578434,1791527579031,1791527579031,
2b1048b8-4e4f-4b89-a077-395efe549a7c,CONSUMER,200,1,did:web:ssi-dim-wallet-service.identity:BPNL00000003AYRE,,1791527579230,1791527580129,1791527580129,
21ec860d-61b4-4015-a448-d44d4da4ccd0,CONSUMER,200,1,did:web:ssi-dim-wallet-service.identity:BPNL00000003AYRE,,1791527580063,1791527581268,1791527581268,
d5a97f8b-ecef-49ff-a240-9d409620f1fc,CONSUMER,200,1,did:web:ssi-dim-wallet-service.identity:BPNL00000003AYRE,,1791527580420,1791527581433,1791527581433,
a84c03f1-f345-4c8d-9adc-8ddea0825a5d,CONSUMER,200,1,did:web:ssi-dim-wallet-service.identity:BPNL00000003AYRE,,1791527581831,1791527582465,1791527582465,
0e37960f-e5c3-449e-9b4a-57300686f001,CONSUMER,200,1,did:web:ssi-dim-wallet-service.identity:BPNL00000003AYRE,,1791527581964,1791527582552,1791527582552,
8affa74d-3d76-4a1c-ac74-925e54288587,CONSUMER,200,1,did:web:ssi-dim-wallet-service.identity:BPNL00000003AYRE,,1791527584330,1791527584759,1791527584759,
9d577b9b-5a53-46c7-9d50-412bec9b3fea,CONSUMER,200,1,did:web:ssi-dim-wallet-service.identity:BPNL00000003AYRE,,1791527585217,1791527585757,1791527585757,
9a134cc5-c02e-42f7-a1e8-ce3c111ebb46,CONSUMER,200,1,did:web:ssi-dim-wallet-service.identity:BPNL00000003AYRE,,1791527586841,1791527588632,1791527588632,
8843aac2-83f8-4a4a-9c48-b6c7a3c2f5ff,CONSUMER,200,1,did:web:ssi-dim-wallet-service.identity:BPNL00000003AYRE,,1791527588252,1791527588949,1791527588949,
d60ea4ef-a8d0-4ee4-b256-c1238cbce934,CONSUMER,200,1,did:web:ssi-dim-wallet-service.identity:BPNL00000003AYRE,,1791527588331,1791527588947,1791527588947,
88c36831-c503-4df2-a147-e64d7fd1b8e4,CONSUMER,200,1,did:web:ssi-dim-wallet-service.identity:BPNL00000003AYRE,,1791527589538,1791527590399,1791527590399,
abb03258-2fc1-4fc8-ac81-799414cc1fe9,CONSUMER,200,1,did:web:ssi-dim-wallet-service.identity:BPNL00000003AYRE,,1791527589649,1791527590451,1791527590451,
2b4eaf1d-a250-4b29-9b82-3797e0bb67f4,CONSUMER,200,1,did:web:ssi-dim-wallet-service.identity:BPNL00000003AYRE,,1791527589834,1791527590727,1791527590727,
fb387907-7662-440a-a44c-e2a8a4291914,CONSUMER,200,1,did:web:ssi-dim-wallet-service.identity:BPNL00000003AYRE,,1791527590028,1791527590795,1791527590795,
951d1809-0d38-426a-8270-7b905652c70c,CONSUMER,200,1,did:web:ssi-dim-wallet-service.identity:BPNL00000003AYRE,,1791527590047,1791527590831,1791527590831,
639ddea0-3769-428e-8dd9-6c2ac04a50fb,CONSUMER,200,1,did:web:ssi-dim-wallet-service.identity:BPNL00000003AYRE,,1791527590436,1791527590965,1791527590965,
9ee9509a-ed82-416c-ab1e-1711398fb07d,CONSUMER,200,1,did:web:ssi-dim-wallet-service.identity:BPNL00000003AYRE,,1791527592520,1791527593049,1791527593049,
4f4d528d-f515-4401-a077-737954d92cb3,CONSUMER,200,1,did:web:ssi-dim-wallet-service.identity:BPNL00000003AYRE,,1791527592832,1791527593552,1791527593552,
8e3694f1-4c73-44b0-8453-5073e1f17fa6,CONSUMER,200,1,did:web:ssi-dim-wallet-service.identity:BPNL00000003AYRE,,1791527593459,1791527593929,1791527593929,
756e96e0-5e37-4824-9310-2907afffa0f5,CONSUMER,200,1,did:web:ssi-dim-wallet-service.identity:BPNL00000003AYRE,,1791527594543,1791527594930,1791527594930,
20d29209-7788-4dfe-a56a-e601d3fbe756,CONSUMER,200,1,did:web:ssi-dim-wallet-service.identity:BPNL00000003AYRE,,1791527595843,1791527597009,1791527597009,
5298b07e-6ea1-4931-a0cb-f7521f273374,CONSUMER,200,1,did:web:ssi-dim-wallet-service.identity:BPNL00000003AYRE,,1791527598939,1791527600227,1791527600227,
2a8d20fe-6cd4-4342-a4f4-e0033aef7889,CONSUMER,200,1,did:web:ssi-dim-wallet-service.identity:BPNL00000003AYRE,,1791527599055,1791527600359,1791527600359,
f3720a38-c5eb-4cf5-b0d0-6992d1fdd012,CONSUMER,200,1,did:web:ssi-dim-wallet-service.identity:BPNL00000003AYRE,,1791527599237,1791527600608,1791527600608,
1281c235-2335-4d5d-bb3e-91f9248ab5aa,CONSUMER,200,1,did:web:ssi-dim-wallet-service.identity:BPNL00000003AYRE,,1791527599255,1791527600710,1791527600710,
c5079663-0a92-49c8-8ecc-f6c9f1065d3e,CONSUMER,200,1,did:web:ssi-dim-wallet-service.identity:BPNL00000003AYRE,,1791527599348,1791527600843,1791527600843,
c216059f-c8c4-481b-a567-e8fdd80baf3d,CONSUMER,200,1,did:web:ssi-dim-wallet-service.identity:BPNL00000003AYRE,,1791527599773,1791527600822,1791527600822,
6a112a04-2958-4ac8-adb6-79b671e13fc0,CONSUMER,200,1,did:web:ssi-dim-wallet-service.identity:BPNL00000003AYRE,,1791527600928,1791527601753,1791527601753,
cfa4da3a-c0c2-477f-b9e5-eac13139f85f,CONSUMER,200,1,did:web:ssi-dim-wallet-service.identity:BPNL00000003AYRE,,1791527602631,1791527603032,1791527603032,
9ebb2d1d-cc18-4485-b2bf-4d64076c2fa1,CONSUMER,200,1,did:web:ssi-dim-wallet-service.identity:BPNL00000003AYRE,,1791527602741,1791527603231,1791527603231,
02a03399-79b9-40eb-9547-049b14bcfcc4,CONSUMER,200,1,did:web:ssi-dim-wallet-service.identity:BPNL00000003AYRE,,1791527602746,1791527603279,1791527603279,
ec8564a4-da42-43ee-9658-869116ce9ea0,CONSUMER,200,1,did:web:ssi-dim-wallet-service.identity:BPNL00000003AYRE,,1791527607428,1791527608404,1791527608404,
9ac24345-6523-4450-a71f-36d1f44f0a6d,CONSUMER,200,1,did:web:ssi-dim-wallet-service.identity:BPNL00000003AYRE,,1791527607727,1791527608807,1791527608807,
a7f61737-47e6-4f43-bca5-c345b07ed131,CONSUMER,200,1,did:web:ssi-dim-wallet-service.identity:BPNL00000003AYRE,,1791527607952,1791527608807,1791527608807,
36f899e4-5de5-46b1-bd31-d1f195890115,CONSUMER,200,1,did:web:ssi-dim-wallet-service.identity:BPNL00000003AYRE,,1791527610529,1791527611147,1791527611147,
fed85ce8-57d7-4005-ad94-796c8b6173fe,CONSUMER,200,1,did:web:ssi-dim-wallet-service.identity:BPNL00000003AYRE,,1791527610664,1791527611222,1791527611222,
0eed1699-8615-4679-b8db-32a0723586bb,CONSUMER,200,1,did:web:ssi-dim-wallet-service.identity:BPNL00000003AYRE,,1791527612928,1791527613735,1791527613735,
5cd3f144-26c3-420d-b350-f4ff530db50c,CONSUMER,200,1,did:web:ssi-dim-wallet-service.identity:BPNL00000003AYRE,,1791527613159,1791527613796,1791527613796,
0826b75f-834a-4aaa-b445-5243a0a8f82d,CONSUMER,200,1,did:web:ssi-dim-wallet-service.identity:BPNL00000003AYRE,,1791527613251,1791527613910,1791527613910,
77e9b0e2-cd4d-45a7-b431-44b0367bb6ea,CONSUMER,200,1,did:web:ssi-dim-wallet-service.identity:BPNL00000003AYRE,,1791527613465,1791527613911,1791527613911,
1b608958-233f-4b17-bce5-7ffe1fb81e5d,CONSUMER,200,1,did:web:ssi-dim-wallet-service.identity:BPNL00000003AYRE,,1791527613569,1791527613910,1791527613910,
8bc08268-02c8-44b4-8843-3f99b827a376,CONSUMER,200,1,did:web:ssi-dim-wallet-service.identity:BPNL00000003AYRE,,1791527614328,1791527614945,1791527614945,
9823e590-1867-44dc-b665-71a2a59eafe1,CONSUMER,200,1,did:web:ssi-dim-wallet-service.identity:BPNL00000003AYRE,,1791527615315,1791527616108,1791527616108,
f6a48ec5-046d-48ad-ab78-7ee9d24292b8,CONSUMER,200,1,did:web:ssi-dim-wallet-service.identity:BPNL00000003AYRE,,1791527615557,1791527616161,1791527616161,
a6ed8fad-e564-4853-9c69-1080998c7227,CONSUMER,200,1,did:web:ssi-dim-wallet-service.identity:BPNL00000003AYRE,,1791527615558,1791527616196,1791527616196,
9e2b27c9-a1c9-4931-89d0-7a4009bab147,CONSUMER,200,1,did:web:ssi-dim-wallet-service.identity:BPNL00000003AYRE,,1791527616438,1791527617216,1791527617216,
e02228cf-58c7-4af2-b27a-021556161732,CONSUMER,200,1,did:web:ssi-dim-wallet-service.identity:BPNL00000003AYRE,,1791527616634,1791527617310,1791527617310,
893d8a5e-778c-47c2-b3a1-3d2a6a695ef2,CONSUMER,200,1,did:web:ssi-dim-wallet-service.identity:BPNL00000003AYRE,,1791527618725,1791527620026,1791527620026,
6fc34c3d-62a2-4b2d-80a5-dd24a23e47e4,CONSUMER,200,1,did:web:ssi-dim-wallet-service.identity:BPNL00000003AYRE,,1791527619333,1791527620045,1791527620045,
5ff1c4d5-4bfa-4c77-8be6-616769504905,CONSUMER,200,1,did:web:ssi-dim-wallet-service.identity:BPNL00000003AYRE,,1791527619644,1791527620210,1791527620210,
1629805a-3395-4623-874d-98424ed37561,CONSUMER,200,1,did:web:ssi-dim-wallet-service.identity:BPNL00000003AYRE,,1791527619829,1791527620219,1791527620219,
7a5c943c-e48c-4bdd-b648-49efce1d38e9,CONSUMER,200,1,did:web:ssi-dim-wallet-service.identity:BPNL00000003AYRE,,1791527622857,1791527624239,1791527624239,
752f50ad-180e-4543-8d18-d5be6439b3c0,CONSUMER,200,1,did:web:ssi-dim-wallet-service.identity:BPNL00000003AYRE,,1791527623230,1791527624366,1791527624366,
ee7e901f-0df9-4814-b19c-47416dbf98eb,CONSUMER,200,1,did:web:ssi-dim-wallet-service.identity:BPNL00000003AYRE,,1791527623627,1791527624447,1791527624447,
8baf23fc-c5d0-4a48-a6c6-cf5905c22cab,CONSUMER,200,1,did:web:ssi-dim-wallet-service.identity:BPNL00000003AYRE,,1791527624951,1791527625807,1791527625807,
21c42ff9-e5ee-46d3-95ab-288122aaa712,CONSUMER,200,1,did:web:ssi-dim-wallet-service.identity:BPNL00000003AYRE,,1791527625737,1791527626855,1791527626855,
c3eecdde-565d-42bf-91c3-5a9d3a7fce95,CONSUMER,200,1,did:web:ssi-dim-wallet-service.identity:BPNL00000003AYRE,,1791527628143,1791527629430,1791527629430,
6dacf887-10b2-4412-8449-99d017d1781c,CONSUMER,200,1,did:web:ssi-dim-wallet-service.identity:BPNL00000003AYRE,,1791527629354,1791527629589,1791527629589,
1d04b90a-cec6-4cbf-8da3-4b7bf88a62f2,CONSUMER,200,1,did:web:ssi-dim-wallet-service.identity:BPNL00000003AYRE,,1791527629931,1791527630973,1791527630973,
b0745549-f551-46a4-8fec-5aaa25c2ae37,CONSUMER,200,1,did:web:ssi-dim-wallet-service.identity:BPNL00000003AYRE,,1791527629957,1791527631133,1791527631133,
f5ab5e6b-1287-4fea-bd51-15de16c12973,CONSUMER,200,1,did:web:ssi-dim-wallet-service.identity:BPNL00000003AYRE,,1791527631439,1791527632327,1791527632327,
a539aac7-b032-4adc-8f74-d59c31e43e01,CONSUMER,200,1,did:web:ssi-dim-wallet-service.identity:BPNL00000003AYRE,,1791527632729,1791527634042,1791527634042,
ee62dc0d-ffc2-4c68-b8df-5f8824c83ce9,CONSUMER,200,1,did:web:ssi-dim-wallet-service.identity:BPNL00000003AYRE,,1791527633271,1791527634150,1791527634150,
e67957d3-41f8-4362-abbe-27debf293598,CONSUMER,200,1,did:web:ssi-dim-wallet-service.identity:BPNL00000003AYRE,,1791527633731,1791527634247,1791527634247,
c53b39db-18be-4f3c-8997-0844e094c44b,CONSUMER,200,1,did:web:ssi-dim-wallet-service.identity:BPNL00000003AYRE,,1791527635624,1791527637458,1791527637458,
c625be28-5742-4f48-b5f4-960b10ea092a,CONSUMER,200,1,did:web:ssi-dim-wallet-service.identity:BPNL00000003AYRE,,1791527635979,1791527637727,1791527637727,
b1c2dbf6-b6dd-4de7-ba6a-9e1f76977b14,CONSUMER,200,1,did:web:ssi-dim-wallet-service.identity:BPNL00000003AYRE,,1791527636624,1791527637757,1791527637757,
20defc5f-7b7c-42d1-918e-814dc4b791c9,CONSUMER,200,1,did:web:ssi-dim-wallet-service.identity:BPNL00000003AYRE,,1791527637053,1791527637953,1791527637953,
9e0db588-e8c0-4045-ae14-dd36bf0788e1,CONSUMER,200,1,did:web:ssi-dim-wallet-service.identity:BPNL00000003AYRE,,1791527637949,1791527639432,1791527639432,
02d1d7de-5998-493f-9096-4c5d7ebb86d0,CONSUMER,200,1,did:web:ssi-dim-wallet-service.identity:BPNL00000003AYRE,,1791527639555,1791527640154,1791527640154,
0192e8a9-7605-4543-b3c4-31132eb8e894,CONSUMER,200,1,did:web:ssi-dim-wallet-service.identity:BPNL00000003AYRE,,1791527640456,1791527642225,1791527642225,
69aa6107-2d5b-4234-ab76-c1da120b4099,CONSUMER,200,1,did:web:ssi-dim-wallet-service.identity:BPNL00000003AYRE,,1791527640651,1791527642354,1791527642354,
c660571b-0e86-4430-981b-37e6e71d6b9b,CONSUMER,200,1,did:web:ssi-dim-wallet-service.identity:BPNL00000003AYRE,,1791527640654,1791527642731,1791527642731,
11fa2d88-b422-44e5-a742-effe2ee870e1,CONSUMER,200,1,did:web:ssi-dim-wallet-service.identity:BPNL00000003AYRE,,1791527641725,1791527642875,1791527642875,
1e948403-6d3d-4661-ab08-9f69e19cc688,CONSUMER,200,1,did:web:ssi-dim-wallet-service.identity:BPNL00000003AYRE,,1791527642157,1791527642923,1791527642923,
84336209-f8b6-4cc8-8832-22da7c8f925c,CONSUMER,200,1,did:web:ssi-dim-wallet-service.identity:BPNL00000003AYRE,,1791527643038,1791527644134,1791527644134,
1e29602c-e171-44d5-a004-4719bf7c7b29,CONSUMER,200,1,did:web:ssi-dim-wallet-service.identity:BPNL00000003AYRE,,1791527645035,1791527645748,1791527645748,
dd5bb367-89fe-4d62-bb14-cde551fdd28c,CONSUMER,200,1,did:web:ssi-dim-wallet-service.identity:BPNL00000003AYRE,,1791527645370,1791527646420,1791527646420,
b74ba8fc-73e5-463a-b29f-5e6733a628c6,CONSUMER,200,1,did:web:ssi-dim-wallet-service.identity:BPNL00000003AYRE,,1791527645453,1791527646407,1791527646407,
c4d7d120-0fd6-449c-ac16-c62b633f6328,CONSUMER,200,1,did:web:ssi-dim-wallet-service.identity:BPNL00000003AYRE,,1791527646737,1791527648649,1791527648649,
5aac272f-4603-49c4-a25f-8a7e585486ae,CONSUMER,200,1,did:web:ssi-dim-wallet-service.identity:BPNL00000003AYRE,,1791527646777,1791527648856,1791527648856,
aa57988e-8ddd-4358-9d44-1174095d65fa,CONSUMER,200,1,did:web:ssi-dim-wallet-service.identity:BPNL00000003AYRE,,1791527646928,1791527648862,1791527648862,
1c72afcb-c9d9-465a-8879-a0f1910695f8,CONSUMER,200,1,did:web:ssi-dim-wallet-service.identity:BPNL00000003AYRE,,1791527647054,1791527648930,1791527648930,
234f6bd5-f55b-4d76-ab9b-4c226973b864,CONSUMER,200,1,did:web:ssi-dim-wallet-service.identity:BPNL00000003AYRE,,1791527647332,1791527649232,1791527649232,
91014dfb-e562-4916-9931-ddd99f7e400f,CONSUMER,200,1,did:web:ssi-dim-wallet-service.identity:BPNL00000003AYRE,,1791527647653,1791527649241,1791527649241,
f85687df-bb9e-4b95-805f-b620381bf498,CONSUMER,200,1,did:web:ssi-dim-wallet-service.identity:BPNL00000003AYRE,,1791527650434,1791527651670,1791527651670,
6b02b45b-5218-4156-8d68-1cd44393c202,CONSUMER,200,1,did:web:ssi-dim-wallet-service.identity:BPNL00000003AYRE,,1791527650516,1791527651778,1791527651778,
32bd5e85-0cba-42e6-b939-c6b4a56a6bd4,CONSUMER,200,1,did:web:ssi-dim-wallet-service.identity:BPNL00000003AYRE,,1791527652657,1791527654347,1791527654347,
997a1d6c-1bd2-45e2-9e41-860adfdf2994,CONSUMER,200,1,did:web:ssi-dim-wallet-service.identity:BPNL00000003AYRE,,1791527653955,1791527654682,1791527654682,
84b37724-f045-4dad-8d3f-0bb37a764e4e,CONSUMER,200,1,did:web:ssi-dim-wallet-service.identity:BPNL00000003AYRE,,1791527655451,1791527656836,1791527656836,
001b3405-baa4-421c-a7dd-030b5b0b03d3,CONSUMER,200,1,did:web:ssi-dim-wallet-service.identity:BPNL00000003AYRE,,1791527655455,1791527656930,1791527656930,
1df85b0a-1b4c-4405-ade9-f4d4d3321840,CONSUMER,200,1,did:web:ssi-dim-wallet-service.identity:BPNL00000003AYRE,,1791527655932,1791527656950,1791527656950,
8eb5dbeb-4bd9-4e09-b981-e5e271410150,CONSUMER,200,1,did:web:ssi-dim-wallet-service.identity:BPNL00000003AYRE,,1791527657230,1791527663342,1791527663342,
2c0b6d49-ed2c-4c73-af16-1ac0e707d3b8,CONSUMER,200,1,did:web:ssi-dim-wallet-service.identity:BPNL00000003AYRE,,1791527657552,1791527663628,1791527663628,
fbf8f263-5732-4f0f-826a-7b79ef2a467f,CONSUMER,200,1,did:web:ssi-dim-wallet-service.identity:BPNL00000003AYRE,,1791527658217,1791527663726,1791527663726,
b946787f-f2ce-4fa2-98d0-58b3453c860b,CONSUMER,200,1,did:web:ssi-dim-wallet-service.identity:BPNL00000003AYRE,,1791527659436,1791527665434,1791527665434,
cb4f9986-29f3-4d6f-8fea-b1fa05011d9b,CONSUMER,200,1,did:web:ssi-dim-wallet-service.identity:BPNL00000003AYRE,,1791527660535,1791527665547,1791527665547,
d87caba3-1288-4761-abe9-21cbd35c3aa6,CONSUMER,200,1,did:web:ssi-dim-wallet-service.identity:BPNL00000003AYRE,,1791527660915,1791527665555,1791527665555,
1fd3ee33-e556-4c2e-a79e-c326d9b83047,CONSUMER,200,1,did:web:ssi-dim-wallet-service.identity:BPNL00000003AYRE,,1791527660916,1791527665741,1791527665741,
e59655cb-d52c-413f-b268-157ba0833a9a,CONSUMER,200,1,did:web:ssi-dim-wallet-service.identity:BPNL00000003AYRE,,1791527664632,1791527668129,1791527668129,
30923e8c-96e4-44f3-b16c-cc3d9ea5b847,CONSUMER,200,1,did:web:ssi-dim-wallet-service.identity:BPNL00000003AYRE,,1791527664634,1791527668217,1791527668217,
a50b352f-7f93-4d00-92d4-c37158df0d5b,CONSUMER,200,1,did:web:ssi-dim-wallet-service.identity:BPNL00000003AYRE,,1791527665854,1791527668240,1791527668240,
fcfc28a3-f5cf-4a25-b7d9-04e25575346e,CONSUMER,200,1,did:web:ssi-dim-wallet-service.identity:BPNL00000003AYRE,,1791527666440,1791527668332,1791527668332,
bf5aba0e-3627-49b0-8eb5-baba01bbe753,CONSUMER,200,1,did:web:ssi-dim-wallet-service.identity:BPNL00000003AYRE,,1791527666739,1791527668409,1791527668409,
2d73d3a8-9b7c-4e5b-8a4e-6c8d8c52f145,CONSUMER,200,1,did:web:ssi-dim-wallet-service.identity:BPNL00000003AYRE,,1791527666959,1791527668653,1791527668653,
3fe34496-44d1-4de8-ade9-391dccbbd1c3,CONSUMER,200,1,did:web:ssi-dim-wallet-service.identity:BPNL00000003AYRE,,1791527667130,1791527668416,1791527668416,
985430d0-4e91-45fb-8d75-ba91f65dd5fd,CONSUMER,200,1,did:web:ssi-dim-wallet-service.identity:BPNL00000003AYRE,,1791527667528,1791527668723,1791527668723,
93c12e35-452a-4462-9a8e-1d6934424a38,CONSUMER,200,1,did:web:ssi-dim-wallet-service.identity:BPNL00000003AYRE,,1791527669649,1791527671071,1791527671071,
a6357dcf-fce9-45d3-9139-e6d3b373ad37,CONSUMER,200,1,did:web:ssi-dim-wallet-service.identity:BPNL00000003AYRE,,1791527669850,1791527671211,1791527671211,
431fd553-0927-4b3a-95cd-40dcba3066d4,CONSUMER,200,1,did:web:ssi-dim-wallet-service.identity:BPNL00000003AYRE,,1791527670438,1791527671210,1791527671210,
23b5cf5c-26e3-43cf-9ee7-67a09d9c2710,CONSUMER,200,1,did:web:ssi-dim-wallet-service.identity:BPNL00000003AYRE,,1791527673262,1791527674398,1791527674398,
232849ad-6e44-402a-bfdf-25c04d1c6faf,CONSUMER,200,1,did:web:ssi-dim-wallet-service.identity:BPNL00000003AYRE,,1791527673538,1791527674416,1791527674416,
6d235ddc-991b-4bb5-9134-91c55ea9b63d,CONSUMER,200,1,did:web:ssi-dim-wallet-service.identity:BPNL00000003AYRE,,1791527674816,1791527676331,1791527676331,
eb7ff25a-2fd0-4998-85e4-2495b4c98b8d,CONSUMER,200,1,did:web:ssi-dim-wallet-service.identity:BPNL00000003AYRE,,1791527675352,1791527676609,1791527676609,
da051240-b364-4a5e-bbe3-85774de446b8,CONSUMER,200,1,did:web:ssi-dim-wallet-service.identity:BPNL00000003AYRE,,1791527676063,1791527677244,1791527677244,
ae4fc754-fa68-4065-9f1b-37726fa193cf,CONSUMER,200,1,did:web:ssi-dim-wallet-service.identity:BPNL00000003AYRE,,1791527676359,1791527677261,1791527677261,
ab477be6-b4e8-477a-a83a-c5b589bbeba4,CONSUMER,200,1,did:web:ssi-dim-wallet-service.identity:BPNL00000003AYRE,,1791527676849,1791527677363,1791527677363,
feb221fb-1b5e-47ee-accb-ddf216bd8285,CONSUMER,200,1,did:web:ssi-dim-wallet-service.identity:BPNL00000003AYRE,,1791527676984,1791527677548,1791527677548,
95c45e5c-4113-4870-a881-3ad91aa336ee,CONSUMER,200,1,did:web:ssi-dim-wallet-service.identity:BPNL00000003AYRE,,1791527677648,1791527679250,1791527679250,
0d5ecde0-26b9-4610-94c1-0dae192e7130,CONSUMER,200,1,did:web:ssi-dim-wallet-service.identity:BPNL00000003AYRE,,1791527677864,1791527679425,1791527679425,
86483de7-2edc-4d41-99e7-316d9e46e1b0,CONSUMER,200,1,did:web:ssi-dim-wallet-service.identity:BPNL00000003AYRE,,1791527678254,1791527679549,1791527679549,
eff77559-7b91-4ec4-8402-6a9973b451ec,CONSUMER,200,1,did:web:ssi-dim-wallet-service.identity:BPNL00000003AYRE,,1791527679057,1791527680733,1791527680733,
424a434c-07bf-4f92-8bb0-072a7b50e793,CONSUMER,200,1,did:web:ssi-dim-wallet-service.identity:BPNL00000003AYRE,,1791527679350,1791527680850,1791527680850,
d0527481-9436-4a01-ba92-886684f31be9,CONSUMER,200,1,did:web:ssi-dim-wallet-service.identity:BPNL00000003AYRE,,1791527681317,1791527682652,1791527682652,
90ae16f1-6b5a-4a81-b7d5-7d8f1a3f8ef8,CONSUMER,200,1,did:web:ssi-dim-wallet-service.identity:BPNL00000003AYRE,,1791527681972,1791527683150,1791527683150,
ec7cff56-06b4-4d65-8458-36ec085908bd,CONSUMER,200,1,did:web:ssi-dim-wallet-service.identity:BPNL00000003AYRE,,1791527682847,1791527684502,1791527684502,
d4e3c30d-00b0-4ca0-92fd-195106a906a7,CONSUMER,200,1,did:web:ssi-dim-wallet-service.identity:BPNL00000003AYRE,,1791527683261,1791527684428,1791527684428,
bd317c32-5d45-4a01-8c50-76725c1740a4,CONSUMER,200,1,did:web:ssi-dim-wallet-service.identity:BPNL00000003AYRE,,1791527685325,1791527686663,1791527686663,
704761c2-3616-45b5-9e21-1d7bcd6091cd,CONSUMER,200,1,did:web:ssi-dim-wallet-service.identity:BPNL00000003AYRE,,1791527687335,1791527688295,1791527688295,
6412d066-b003-4d84-966d-cd3fca118496,CONSUMER,200,1,did:web:ssi-dim-wallet-service.identity:BPNL00000003AYRE,,1791527688758,1791527689928,1791527689928,
b55a4119-230e-4064-8059-f7a5067aca83,CONSUMER,200,1,did:web:ssi-dim-wallet-service.identity:BPNL00000003AYRE,,1791527688917,1791527689999,1791527689999,
7fdf7c80-84ee-4201-a6e9-beaa8d912361,CONSUMER,200,1,did:web:ssi-dim-wallet-service.identity:BPNL00000003AYRE,,1791527690259,1791527692257,1791527692257,
ad891d03-32e4-49ee-978e-a17c9d926a29,CONSUMER,200,1,did:web:ssi-dim-wallet-service.identity:BPNL00000003AYRE,,1791527690755,1791527692553,1791527692553,
c687ab67-dddd-46f3-9678-5de5e4502445,CONSUMER,200,1,did:web:ssi-dim-wallet-service.identity:BPNL00000003AYRE,,1791527690847,1791527692662,1791527692662,
f87f5e04-b3d7-4574-a003-47d7d4addc69,CONSUMER,200,1,did:web:ssi-dim-wallet-service.identity:BPNL00000003AYRE,,1791527691139,1791527693057,1791527693057,
aa923181-b288-4059-a27c-022d349f3623,CONSUMER,200,1,did:web:ssi-dim-wallet-service.identity:BPNL00000003AYRE,,1791527691734,1791527693351,1791527693351,
cdf670cd-ef69-4d8f-b757-1e906b1675f7,CONSUMER,200,1,did:web:ssi-dim-wallet-service.identity:BPNL00000003AYRE,,1791527692864,1791527694448,1791527694448,
7d5b75b5-96e6-46b1-94d5-c0a9427e7bb3,CONSUMER,200,1,did:web:ssi-dim-wallet-service.identity:BPNL00000003AYRE,,1791527692954,1791527694672,1791527694672,
de6f2c7f-9b85-426d-90f2-0816bd99264a,CONSUMER,200,1,did:web:ssi-dim-wallet-service.identity:BPNL00000003AYRE,,1791527692958,1791527694850,1791527694850,
19742d12-2794-4075-87b8-9480f8639f0d,CONSUMER,200,1,did:web:ssi-dim-wallet-service.identity:BPNL00000003AYRE,,1791527693058,1791527694855,1791527694855,
a4e42784-c37e-42d7-8f59-624781f9026d,CONSUMER,200,1,did:web:ssi-dim-wallet-service.identity:BPNL00000003AYRE,,1791527693063,1791527695514,1791527695514,
6e6dbe88-5467-426c-adf3-68eeb0313136,CONSUMER,200,1,did:web:ssi-dim-wallet-service.identity:BPNL00000003AYRE,,1791527693628,1791527695650,1791527695650,
a6348083-990c-4db2-be20-55a86a2426c6,CONSUMER,200,1,did:web:ssi-dim-wallet-service.identity:BPNL00000003AYRE,,1791527693649,1791527695515,1791527695515,
0ae6d0ec-a1bd-45c0-93d3-010beb5ac42f,CONSUMER,200,1,did:web:ssi-dim-wallet-service.identity:BPNL00000003AYRE,,1791527694076,1791527695519,1791527695519,
30bb7f54-e2ff-4127-ada5-eeb1dd975171,CONSUMER,200,1,did:web:ssi-dim-wallet-service.identity:BPNL00000003AYRE,,1791527694150,1791527695633,1791527695633,
c719d98f-e038-4d5e-99c4-92b308a36484,CONSUMER,200,1,did:web:ssi-dim-wallet-service.identity:BPNL00000003AYRE,,1791527694155,1791527695700,1791527695700,
3d36a74a-6e85-48b7-831b-ea7bd462a09f,CONSUMER,200,1,did:web:ssi-dim-wallet-service.identity:BPNL00000003AYRE,,1791527695372,1791527696810,1791527696810,
4ffa59d6-a82a-4791-aa5c-fef4edc5a25d,CONSUMER,200,1,did:web:ssi-dim-wallet-service.identity:BPNL00000003AYRE,,1791527697141,1791527698753,1791527698753,
1fa45c84-d5bf-4da2-99a3-1903e599792d,CONSUMER,200,1,did:web:ssi-dim-wallet-service.identity:BPNL00000003AYRE,,1791527697928,1791527698832,1791527698832,
aba2f455-4025-435a-ad4d-4728e7a3816b,CONSUMER,200,1,did:web:ssi-dim-wallet-service.identity:BPNL00000003AYRE,,1791527698947,1791527702363,1791527702363,
4d9986ad-d823-4379-9f8c-da23de7c1cda,CONSUMER,200,1,did:web:ssi-dim-wallet-service.identity:BPNL00000003AYRE,,1791527699354,1791527702463,1791527702463,
e8685af6-b80d-4804-8c33-ac13457610cc,CONSUMER,200,1,did:web:ssi-dim-wallet-service.identity:BPNL00000003AYRE,,1791527699443,1791527702649,1791527702649,
5fb98c53-1bc6-41e0-b773-3c3c82f63237,CONSUMER,200,1,did:web:ssi-dim-wallet-service.identity:BPNL00000003AYRE,,1791527699847,1791527702672,1791527702672,
96a6f80e-c9b8-464c-a84e-d5ba2259492e,CONSUMER,200,1,did:web:ssi-dim-wallet-service.identity:BPNL00000003AYRE,,1791527700264,1791527702847,1791527702847,
bd1d0d51-26db-4af3-9cfe-1b6da08af380,CONSUMER,200,1,did:web:ssi-dim-wallet-service.identity:BPNL00000003AYRE,,1791527700552,1791527702929,1791527702929,
2388094a-c679-4b63-9303-fd315ffaf8cd,CONSUMER,200,1,did:web:ssi-dim-wallet-service.identity:BPNL00000003AYRE,,1791527701628,1791527703255,1791527703255,
a8da5710-5aca-40fb-9d8c-8d03a3c04d8a,CONSUMER,200,1,did:web:ssi-dim-wallet-service.identity:BPNL00000003AYRE,,1791527703549,1791527705567,1791527705567,
c374f3b6-e746-4930-ae45-801b804fc4c2,CONSUMER,200,1,did:web:ssi-dim-wallet-service.identity:BPNL00000003AYRE,,1791527703766,1791527705655,1791527705655,
2fda5792-7188-4659-9988-88033ebfee3b,CONSUMER,200,1,did:web:ssi-dim-wallet-service.identity:BPNL00000003AYRE,,1791527704954,1791527706380,1791527706380,
d1f129fd-43a0-4305-a014-66bf56c3f360,CONSUMER,200,1,did:web:ssi-dim-wallet-service.identity:BPNL00000003AYRE,,1791527707537,1791527709207,1791527709207,
7c69a356-b560-46e3-827d-b2cf82682b84,CONSUMER,200,1,did:web:ssi-dim-wallet-service.identity:BPNL00000003AYRE,,1791527708028,1791527710828,1791527710828,
de960228-7729-44fe-86e4-6cec9bc370ae,CONSUMER,200,1,did:web:ssi-dim-wallet-service.identity:BPNL00000003AYRE,,1791527708065,1791527710897,1791527710897,
97b7cd4f-e96c-43aa-9cf8-db5bbb2f3725,CONSUMER,200,1,did:web:ssi-dim-wallet-service.identity:BPNL00000003AYRE,,1791527708848,1791527710908,1791527710908,
437e0dc7-0573-4021-b19c-63aa76750bb2,CONSUMER,200,1,did:web:ssi-dim-wallet-service.identity:BPNL00000003AYRE,,1791527708856,1791527710925,1791527710925,
19fbe894-fad6-4c35-908f-c13d29e76537,CONSUMER,200,1,did:web:ssi-dim-wallet-service.identity:BPNL00000003AYRE,,1791527709052,1791527710931,1791527710931,
15380960-8318-4df5-9f89-151f48e9ecda,CONSUMER,200,1,did:web:ssi-dim-wallet-service.identity:BPNL00000003AYRE,,1791527711915,1791527717932,1791527717932,
0ab464d8-b1bd-4c01-8477-1a7284484eda,CONSUMER,200,1,did:web:ssi-dim-wallet-service.identity:BPNL00000003AYRE,,1791527713833,1791527718127,1791527718127,
1cc854b4-598b-4c33-a39a-61f22dc7bc5e,CONSUMER,200,1,did:web:ssi-dim-wallet-service.identity:BPNL00000003AYRE,,1791527714549,1791527718227,1791527718227,
d4e7d9d5-f3a1-458a-a838-2a046a045881,CONSUMER,200,1,did:web:ssi-dim-wallet-service.identity:BPNL00000003AYRE,,1791527714553,1791527719219,1791527719219,
c1f4bd7d-8b6c-41ab-851e-352ceaa6c14a,CONSUMER,200,1,did:web:ssi-dim-wallet-service.identity:BPNL00000003AYRE,,1791527714828,1791527718233,1791527718233,
2b267d90-bd73-4d81-a5c5-9e43923b2094,CONSUMER,200,1,did:web:ssi-dim-wallet-service.identity:BPNL00000003AYRE,,1791527715158,1791527718427,1791527718427,
12ccf8d2-832a-4db2-9056-589f3738f35e,CONSUMER,200,1,did:web:ssi-dim-wallet-service.identity:BPNL00000003AYRE,,1791527715350,1791527718485,1791527718485,
7645b825-360e-4411-974e-5cfe78c3bbff,CONSUMER,200,1,did:web:ssi-dim-wallet-service.identity:BPNL00000003AYRE,,1791527715760,1791527719430,1791527719430,
4e98c7c8-2165-4e27-8ca9-09d6ca19fa43,CONSUMER,200,1,did:web:ssi-dim-wallet-service.identity:BPNL00000003AYRE,,1791527716451,1791527719343,1791527719343,
da8bc187-35ac-4f93-b8a2-e3942aab86ea,CONSUMER,200,1,did:web:ssi-dim-wallet-service.identity:BPNL00000003AYRE,,1791527717843,1791527719449,1791527719449,
bce720c5-31d0-4ed1-89cf-841cc0441e1d,CONSUMER,200,1,did:web:ssi-dim-wallet-service.identity:BPNL00000003AYRE,,1791527717929,1791527719455,1791527719455,
8048953b-0bbc-43f4-a53c-4d368e2c50bb,CONSUMER,200,1,did:web:ssi-dim-wallet-service.identity:BPNL00000003AYRE,,1791527717952,1791527719455,1791527719455,
2131ee51-0b9d-43a3-aff6-354e44fead98,CONSUMER,200,1,did:web:ssi-dim-wallet-service.identity:BPNL00000003AYRE,,1791527718025,1791527719559,1791527719559,
20e9ad6f-005c-4be6-8899-27b6b7b00f4b,CONSUMER,200,1,did:web:ssi-dim-wallet-service.identity:BPNL00000003AYRE,,1791527718151,1791527719720,1791527719720,
0bbf681b-9921-4f93-a710-a06a067a511b,CONSUMER,200,1,did:web:ssi-dim-wallet-service.identity:BPNL00000003AYRE,,1791527718679,1791527719754,1791527719754,
f78e519e-037b-48fc-b00f-d05cb008008e,CONSUMER,200,1,did:web:ssi-dim-wallet-service.identity:BPNL00000003AYRE,,1791527718936,1791527719710,1791527719710,
2cba02b9-6e9a-493d-840e-91bd0e930ff3,CONSUMER,200,1,did:web:ssi-dim-wallet-service.identity:BPNL00000003AYRE,,1791527719744,1791527721166,1791527721166,
390440de-432b-489c-aa93-560bd1eb3818,CONSUMER,200,1,did:web:ssi-dim-wallet-service.identity:BPNL00000003AYRE,,1791527719763,1791527721209,1791527721209,
578032ad-dc78-4595-affb-f54cdf6fb46c,CONSUMER,200,1,did:web:ssi-dim-wallet-service.identity:BPNL00000003AYRE,,1791527720050,1791527721258,1791527721258,
6656be4d-0af6-4447-92bb-97cf0e028085,CONSUMER,200,1,did:web:ssi-dim-wallet-service.identity:BPNL00000003AYRE,,1791527723233,1791527725452,1791527725452,
920184ae-6674-4f7f-bc88-9983fc3065f7,CONSUMER,200,1,did:web:ssi-dim-wallet-service.identity:BPNL00000003AYRE,,1791527723352,1791527725352,1791527725352,
185bba80-f3ae-4f45-8150-a1c29ff690a9,CONSUMER,200,1,did:web:ssi-dim-wallet-service.identity:BPNL00000003AYRE,,1791527723877,1791527725684,1791527725684,
ae514a6e-8bed-4aca-8f7a-f9de218d025f,CONSUMER,200,1,did:web:ssi-dim-wallet-service.identity:BPNL00000003AYRE,,1791527723954,1791527725863,1791527725863,
9b3466de-2e9b-440e-8a90-14107581f733,CONSUMER,200,1,did:web:ssi-dim-wallet-service.identity:BPNL00000003AYRE,,1791527725763,1791527726565,1791527726565,
9fe55d15-12f9-466e-8503-b433591521b9,CONSUMER,200,1,did:web:ssi-dim-wallet-service.identity:BPNL00000003AYRE,,1791527726360,1791527731549,1791527731549,
c657e863-b387-4a3f-85bb-67b786675ed3,CONSUMER,200,1,did:web:ssi-dim-wallet-service.identity:BPNL00000003AYRE,,1791527726461,1791527731692,1791527731692,
b9515490-6754-49d2-ad32-b239e975311a,CONSUMER,200,1,did:web:ssi-dim-wallet-service.identity:BPNL00000003AYRE,,1791527726658,1791527728672,1791527728672,
3701695b-68a2-4cf3-b5ba-83aa560d18bd,CONSUMER,200,1,did:web:ssi-dim-wallet-service.identity:BPNL00000003AYRE,,1791527726661,1791527728961,1791527728961,
335062cd-debd-4bf3-b981-bd1fe6e9ea66,CONSUMER,200,1,did:web:ssi-dim-wallet-service.identity:BPNL00000003AYRE,,1791527726957,1791527729049,1791527729049,
185fbcb4-929b-4567-adf7-00503c1e1188,CONSUMER,200,1,did:web:ssi-dim-wallet-service.identity:BPNL00000003AYRE,,1791527727026,1791527729156,1791527729156,
3b1f3556-b281-4896-9316-cfa50cc997b6,CONSUMER,200,1,did:web:ssi-dim-wallet-service.identity:BPNL00000003AYRE,,1791527727159,1791527732049,1791527732049,
655fb5e5-c198-482d-8c8d-e64934a78fcc,CONSUMER,200,1,did:web:ssi-dim-wallet-service.identity:BPNL00000003AYRE,,1791527727958,1791527732151,1791527732151,
a554c589-4d42-4b34-9a9c-323e21a5781d,CONSUMER,200,1,did:web:ssi-dim-wallet-service.identity:BPNL00000003AYRE,,1791527727958,1791527732064,1791527732064,
444abe0e-62a1-4304-a5a1-40f36e3c7dc4,CONSUMER,200,1,did:web:ssi-dim-wallet-service.identity:BPNL00000003AYRE,,1791527728649,1791527732405,1791527732405,
2631d340-315f-4161-9c77-6a36e8acb078,CONSUMER,200,1,did:web:ssi-dim-wallet-service.identity:BPNL00000003AYRE,,1791527728950,1791527732735,1791527732735,
cd45c106-90ac-44f0-94a5-01f67a87ecbb,CONSUMER,200,1,did:web:ssi-dim-wallet-service.identity:BPNL00000003AYRE,,1791527729050,1791527732936,1791527732936,
06b35b48-1caa-4599-a75c-c6fbaa2c158b,CONSUMER,200,1,did:web:ssi-dim-wallet-service.identity:BPNL00000003AYRE,,1791527729457,1791527732826,1791527732826,
bd924e04-5662-46f0-893a-2398e0af3d4d,CONSUMER,200,1,did:web:ssi-dim-wallet-service.identity:BPNL00000003AYRE,,1791527729555,1791527732934,1791527732934,
50d7cc43-dc09-48fd-98c1-8aab26d36cb1,CONSUMER,200,1,did:web:ssi-dim-wallet-service.identity:BPNL00000003AYRE,,1791527729628,1791527736436,1791527736436,
cfd01334-c7a9-4e20-9f20-9bcc1ac3b312,CONSUMER,200,1,did:web:ssi-dim-wallet-service.identity:BPNL00000003AYRE,,1791527730647,1791527736453,1791527736453,
c4a0dc82-b4fc-453a-9dcc-d71880ae75cd,CONSUMER,200,1,did:web:ssi-dim-wallet-service.identity:BPNL00000003AYRE,,1791527730654,1791527736555,1791527736555,
b9033837-7c93-4714-9b8e-5a3fb14eb7e5,CONSUMER,200,1,did:web:ssi-dim-wallet-service.identity:BPNL00000003AYRE,,1791527731065,1791527736750,1791527736750,
c01b4a19-5eee-4ef8-a870-f482870b2cd2,CONSUMER,200,1,did:web:ssi-dim-wallet-service.identity:BPNL00000003AYRE,,1791527731332,1791527736856,1791527736856,
2f0d658f-58a0-4531-8217-9f5b9e79ef59,CONSUMER,200,1,did:web:ssi-dim-wallet-service.identity:BPNL00000003AYRE,,1791527731363,1791527736949,1791527736949,
c6c27d0c-de4c-4216-ae4f-9cbd7d44120d,CONSUMER,200,1,did:web:ssi-dim-wallet-service.identity:BPNL00000003AYRE,,1791527731454,1791527737131,1791527737131,
a6e497f7-09d8-4b83-9238-4dcd3d0b88aa,CONSUMER,200,1,did:web:ssi-dim-wallet-service.identity:BPNL00000003AYRE,,1791527731824,1791527737327,1791527737327,
72755387-6d5f-4ca9-90fb-11454a85f53d,CONSUMER,200,1,did:web:ssi-dim-wallet-service.identity:BPNL00000003AYRE,,1791527732174,1791527737535,1791527737535,
b972ae10-8cf9-40a4-95af-26b2c871407a,CONSUMER,200,1,did:web:ssi-dim-wallet-service.identity:BPNL00000003AYRE,,1791527732231,1791527737831,1791527737831,
4f7197af-8df4-4a80-9f84-c450df6b4ba9,CONSUMER,200,1,did:web:ssi-dim-wallet-service.identity:BPNL00000003AYRE,,1791527732855,1791527745246,1791527745246,
7630bd1e-56ff-486a-b21c-1554787878a3,CONSUMER,200,1,did:web:ssi-dim-wallet-service.identity:BPNL00000003AYRE,,1791527733252,1791527745425,1791527745425,
20bef60a-f54f-4f27-978c-784179d7c2be,CONSUMER,200,1,did:web:ssi-dim-wallet-service.identity:BPNL00000003AYRE,,1791527734034,1791527745441,1791527745441,
559bc678-f5d1-4c13-bd5c-7d6d91833f87,CONSUMER,200,1,did:web:ssi-dim-wallet-service.identity:BPNL00000003AYRE,,1791527734052,1791527745853,1791527745853,
21ac8418-4b13-4fdd-9ff7-9d7713230af0,CONSUMER,200,1,did:web:ssi-dim-wallet-service.identity:BPNL00000003AYRE,,1791527734055,1791527745935,1791527745935,
4daaae64-b5fa-40be-8bf8-e1c10a77050f,CONSUMER,200,1,did:web:ssi-dim-wallet-service.identity:BPNL00000003AYRE,,1791527734140,1791527746028,1791527746028,
bdc9620e-1cfb-45da-a210-5effb0f89835,CONSUMER,200,1,did:web:ssi-dim-wallet-service.identity:BPNL00000003AYRE,,1791527734224,1791527746133,1791527746133,
ec992778-eded-4fd3-9f8f-07ed5bdfc2f5,CONSUMER,200,1,did:web:ssi-dim-wallet-service.identity:BPNL00000003AYRE,,1791527734227,1791527746257,1791527746257,
1b6cdada-e500-4447-bae3-b967f5fc180e,CONSUMER,200,1,did:web:ssi-dim-wallet-service.identity:BPNL00000003AYRE,,1791527734326,1791527746456,1791527746456,
dddfd4e8-9578-412c-9ad0-3897fa6fd45a,CONSUMER,200,1,did:web:ssi-dim-wallet-service.identity:BPNL00000003AYRE,,1791527735552,1791527746526,1791527746526,
0314f876-eb8a-44d6-941f-4aef6f31202b,CONSUMER,200,1,did:web:ssi-dim-wallet-service.identity:BPNL00000003AYRE,,1791527736756,1791527746700,1791527746700,
bb3b5008-bc5b-42dc-a2a6-1138d50ba9d9,CONSUMER,200,1,did:web:ssi-dim-wallet-service.identity:BPNL00000003AYRE,,1791527737028,1791527747052,1791527747052,
ca7929ff-a3aa-4a6c-b727-83e389bd5706,CONSUMER,200,1,did:web:ssi-dim-wallet-service.identity:BPNL00000003AYRE,,1791527737330,1791527754557,1791527754557,
a3785b48-3cfe-4382-8438-6612260d5f40,CONSUMER,200,1,did:web:ssi-dim-wallet-service.identity:BPNL00000003AYRE,,1791527737825,1791527754850,1791527754850,
a09cdd3e-f7a2-4bf1-9f74-92611eab1926,CONSUMER,200,1,did:web:ssi-dim-wallet-service.identity:BPNL00000003AYRE,,1791527737930,1791527747031,1791527747031,
ff6eb698-81b8-4e4d-bf6f-50a506f7a088,CONSUMER,200,1,did:web:ssi-dim-wallet-service.identity:BPNL00000003AYRE,,1791527737952,1791527754758,1791527754758,
594cb586-aa91-4855-9625-6fb6ae5b0e6e,CONSUMER,200,1,did:web:ssi-dim-wallet-service.identity:BPNL00000003AYRE,,1791527738054,1791527755130,1791527755130,
8f35b0c5-5078-4bce-a428-7d1c17981113,CONSUMER,200,1,did:web:ssi-dim-wallet-service.identity:BPNL00000003AYRE,,1791527739147,1791527755250,1791527755250,
8f77d03c-d7ad-47a0-be23-9e0f3eb7947e,CONSUMER,200,1,did:web:ssi-dim-wallet-service.identity:BPNL00000003AYRE,,1791527739261,1791527755360,1791527755360,
4d02b1b5-be4d-4317-b175-ab35afae1c78,CONSUMER,200,1,did:web:ssi-dim-wallet-service.identity:BPNL00000003AYRE,,1791527739330,1791527755447,1791527755447,
653c75e6-78c9-4100-83de-c86287f5c379,CONSUMER,200,1,did:web:ssi-dim-wallet-service.identity:BPNL00000003AYRE,,1791527739433,1791527755453,1791527755453,
e516c84c-33ef-42d5-8f9d-625533572a7e,CONSUMER,200,1,did:web:ssi-dim-wallet-service.identity:BPNL00000003AYRE,,1791527739449,1791527755659,1791527755659,
75cfdbb0-f126-4249-975c-0de3f77910df,CONSUMER,200,1,did:web:ssi-dim-wallet-service.identity:BPNL00000003AYRE,,1791527739651,1791527755751,1791527755751,
b54313f3-2ef4-45ed-b12c-2980f0e72010,CONSUMER,200,1,did:web:ssi-dim-wallet-service.identity:BPNL00000003AYRE,,1791527740533,1791527756249,1791527756249,
25a49b35-71a2-4d9b-a7fb-9b1f710b2217,CONSUMER,200,1,did:web:ssi-dim-wallet-service.identity:BPNL00000003AYRE,,1791527740725,1791527756463,1791527756463,
43dc7705-1adc-4fbf-9145-6d560357776d,CONSUMER,200,1,did:web:ssi-dim-wallet-service.identity:BPNL00000003AYRE,,1791527741526,1791527756578,1791527756578,
16be593f-06d2-48d4-a855-5c8613fe43b2,CONSUMER,200,1,did:web:ssi-dim-wallet-service.identity:BPNL00000003AYRE,,1791527741630,1791527756907,1791527756907,
475afa03-52a8-4e6e-89a1-961a393f0229,CONSUMER,200,1,did:web:ssi-dim-wallet-service.identity:BPNL00000003AYRE,,1791527742126,1791527756981,1791527756981,
2439a623-a9c3-4baa-9e03-742003676c7f,CONSUMER,200,1,did:web:ssi-dim-wallet-service.identity:BPNL00000003AYRE,,1791527742261,1791527757259,1791527757259,
22f67f2a-0421-4b9a-8d8a-50bc2621e34e,CONSUMER,200,1,did:web:ssi-dim-wallet-service.identity:BPNL00000003AYRE,,1791527742263,1791527757424,1791527757424,
8c15afe2-af50-4293-aaf1-c4233cf3d799,CONSUMER,200,1,did:web:ssi-dim-wallet-service.identity:BPNL00000003AYRE,,1791527742370,1791527757550,1791527757550,
f7f07d17-4f89-4b55-a466-180fc904606d,CONSUMER,200,1,did:web:ssi-dim-wallet-service.identity:BPNL00000003AYRE,,1791527744144,1791527757553,1791527757553,
5a80129b-6e3b-4b5f-a0b8-9d3745037149,CONSUMER,200,1,did:web:ssi-dim-wallet-service.identity:BPNL00000003AYRE,,1791527744625,1791527757753,1791527757753,
2ca1333f-6044-4bbe-a46f-6bc0e891ca67,CONSUMER,200,1,did:web:ssi-dim-wallet-service.identity:BPNL00000003AYRE,,1791527744950,1791527761259,1791527761259,
64aed8bb-b40f-4f10-b3f8-bf2734d491ff,CONSUMER,200,1,did:web:ssi-dim-wallet-service.identity:BPNL00000003AYRE,,1791527745048,1791527761662,1791527761662,
192df663-dce6-4228-9387-a725a8bf2265,CONSUMER,200,1,did:web:ssi-dim-wallet-service.identity:BPNL00000003AYRE,,1791527745058,1791527761754,1791527761754,
748a11de-9f19-445a-baa0-0c2801570a66,CONSUMER,200,1,did:web:ssi-dim-wallet-service.identity:BPNL00000003AYRE,,1791527745354,1791527761933,1791527761933,
22020658-b8af-4e2d-ad3b-51dabdf378a6,CONSUMER,200,1,did:web:ssi-dim-wallet-service.identity:BPNL00000003AYRE,,1791527745533,1791527762252,1791527762252,
3138277f-0fae-487f-88d5-460f9c2d9083,CONSUMER,200,1,did:web:ssi-dim-wallet-service.identity:BPNL00000003AYRE,,1791527745754,1791527762628,1791527762628,
2337ca52-9280-4cde-985f-472d197d57e2,CONSUMER,200,1,did:web:ssi-dim-wallet-service.identity:BPNL00000003AYRE,,1791527746158,1791527762758,1791527762758,
8d8a2723-ce84-4fea-af29-e1dbfc200c95,CONSUMER,200,1,did:web:ssi-dim-wallet-service.identity:BPNL00000003AYRE,,1791527746254,1791527762757,1791527762757,
3297c381-563d-4978-bade-032e3557513c,CONSUMER,200,1,did:web:ssi-dim-wallet-service.identity:BPNL00000003AYRE,,1791527746532,1791527762834,1791527762834,
2d38140a-3f34-4c2e-b3bd-1c95e12e2e4d,CONSUMER,200,1,did:web:ssi-dim-wallet-service.identity:BPNL00000003AYRE,,1791527746741,1791527763149,1791527763149,
befe26af-a2ee-4b79-adb9-d6ca6b52d260,CONSUMER,200,1,did:web:ssi-dim-wallet-service.identity:BPNL00000003AYRE,,1791527746763,1791527763132,1791527763132,
93bd11d8-027e-4d50-a53b-eff92d5d1df8,CONSUMER,200,1,did:web:ssi-dim-wallet-service.identity:BPNL00000003AYRE,,1791527746859,1791527763265,1791527763265,
e4cce6d5-6d76-457e-a61c-41cd4142b1f6,CONSUMER,200,1,did:web:ssi-dim-wallet-service.identity:BPNL00000003AYRE,,1791527747130,1791527763848,1791527763848,
c9d4bb9d-411f-49f3-9d2b-6d102c30304d,CONSUMER,200,1,did:web:ssi-dim-wallet-service.identity:BPNL00000003AYRE,,1791527747154,1791527764162,1791527764162,
32bd9c29-5cfb-473c-9b61-9d904a71fa1f,CONSUMER,200,1,did:web:ssi-dim-wallet-service.identity:BPNL00000003AYRE,,1791527747325,1791527765228,1791527765228,
acf802f5-8ea8-4f67-887b-9d1bdc6b76ce,CONSUMER,200,1,did:web:ssi-dim-wallet-service.identity:BPNL00000003AYRE,,1791527747543,1791527765155,1791527765155,
76f6bf2c-e92c-4ea2-98b9-c012d97d3cab,CONSUMER,200,1,did:web:ssi-dim-wallet-service.identity:BPNL00000003AYRE,,1791527748749,1791527765662,1791527765662,
47390f98-f270-4006-b742-6905815a9bf8,CONSUMER,200,1,did:web:ssi-dim-wallet-service.identity:BPNL00000003AYRE,,1791527748870,1791527765861,1791527765861,
7a0ec8e0-f839-4324-9de6-603cea1d568e,CONSUMER,200,1,did:web:ssi-dim-wallet-service.identity:BPNL00000003AYRE,,1791527749159,1791527766513,1791527766513,
11e0d380-9b7e-4e70-ad77-6b3cb5855218,CONSUMER,200,1,did:web:ssi-dim-wallet-service.identity:BPNL00000003AYRE,,1791527749171,1791527766547,1791527766547,
c5f14117-0355-4f35-a878-3da993f52e9c,CONSUMER,200,1,did:web:ssi-dim-wallet-service.identity:BPNL00000003AYRE,,1791527749325,1791527779792,1791527779792,
185e15ad-bc4e-4153-8975-e2ac585cf6c5,CONSUMER,200,1,did:web:ssi-dim-wallet-service.identity:BPNL00000003AYRE,,1791527749430,1791527779853,1791527779853,
c4670f22-462c-4b08-b806-aea471a4f53d,CONSUMER,200,1,did:web:ssi-dim-wallet-service.identity:BPNL00000003AYRE,,1791527749852,1791527779856,1791527779856,
de6d2344-ac9d-46fd-a7ca-65e67589d525,CONSUMER,200,1,did:web:ssi-dim-wallet-service.identity:BPNL00000003AYRE,,1791527750167,1791527780252,1791527780252,
8b233e2e-847f-4723-9d3b-7475c11728a1,CONSUMER,200,1,did:web:ssi-dim-wallet-service.identity:BPNL00000003AYRE,,1791527750258,1791527780348,1791527780348,
150f5aaa-2455-454d-924e-d9d2d1488289,CONSUMER,200,1,did:web:ssi-dim-wallet-service.identity:BPNL00000003AYRE,,1791527750475,1791527780455,1791527780455,
2e4b3615-ea8e-4ab7-ba47-699a1a8b9df2,CONSUMER,200,1,did:web:ssi-dim-wallet-service.identity:BPNL00000003AYRE,,1791527750958,1791527780847,1791527780847,
eaed13a1-0432-48c5-b132-6b02394bd60c,CONSUMER,200,1,did:web:ssi-dim-wallet-service.identity:BPNL00000003AYRE,,1791527751655,1791527781565,1791527781565,
19f38f3b-2270-47bd-bc0d-a61547a2c238,CONSUMER,200,1,did:web:ssi-dim-wallet-service.identity:BPNL00000003AYRE,,1791527751670,1791527781951,1791527781951,
8736bcdd-c271-4c7d-94d5-0745b5985e23,CONSUMER,200,1,did:web:ssi-dim-wallet-service.identity:BPNL00000003AYRE,,1791527751761,1791527781957,1791527781957,
1e19f709-6da1-440f-a3a4-4266b575d273,CONSUMER,200,1,did:web:ssi-dim-wallet-service.identity:BPNL00000003AYRE,,1791527751953,1791527782157,1791527782157,
5243caf0-7bb9-4e81-bac0-1bb400b2712c,CONSUMER,200,1,did:web:ssi-dim-wallet-service.identity:BPNL00000003AYRE,,1791527752074,1791527783550,1791527783550,
67dd976d-1a89-4a5e-8d4f-f196be382cb5,CONSUMER,200,1,did:web:ssi-dim-wallet-service.identity:BPNL00000003AYRE,,1791527752362,1791527783763,1791527783763,
494fadfa-a7b4-4044-b70b-6f3f0942a262,CONSUMER,200,1,did:web:ssi-dim-wallet-service.identity:BPNL00000003AYRE,,1791527752464,1791527784162,1791527784162,
f73a66ff-34c1-4955-947e-4db6993e202f,CONSUMER,200,1,did:web:ssi-dim-wallet-service.identity:BPNL00000003AYRE,,1791527752858,1791527784461,1791527784461,
43c0cd21-e91a-4f28-9034-cb91bb2747e8,CONSUMER,200,1,did:web:ssi-dim-wallet-service.identity:BPNL00000003AYRE,,1791527753059,1791527784550,1791527784550,
c8729b5e-c4ad-4c48-80da-4b4ef1a3f31c,CONSUMER,200,1,did:web:ssi-dim-wallet-service.identity:BPNL00000003AYRE,,1791527753252,1791527784855,1791527784855,
2e077f3a-bda0-460e-b04f-d22f1ab4bd5f,CONSUMER,200,1,did:web:ssi-dim-wallet-service.identity:BPNL00000003AYRE,,1791527753269,1791527785250,1791527785250,
18318087-ad5d-418c-8397-d4000722ea1b,CONSUMER,200,1,did:web:ssi-dim-wallet-service.identity:BPNL00000003AYRE,,1791527753548,1791527785647,1791527785647,
717d45ab-fdfa-46fe-a4a9-dcf0792f8e2e,CONSUMER,200,1,did:web:ssi-dim-wallet-service.identity:BPNL00000003AYRE,,1791527753559,1791527785653,1791527785653,
a30e9d3b-f51a-4eb4-b77d-cd5558f67815,CONSUMER,200,1,did:web:ssi-dim-wallet-service.identity:BPNL00000003AYRE,,1791527753647,1791527795947,1791527795947,
591e921e-1191-40b8-b598-4d603c4ca464,CONSUMER,200,1,did:web:ssi-dim-wallet-service.identity:BPNL00000003AYRE,,1791527753647,1791527796227,1791527796227,
90e3395a-2ce7-4e77-9ca5-73d207a93671,CONSUMER,200,1,did:web:ssi-dim-wallet-service.identity:BPNL00000003AYRE,,1791527754067,1791527796434,1791527796434,
25cfafe0-98df-4838-ad7d-77731a839f66,CONSUMER,200,1,did:web:ssi-dim-wallet-service.identity:BPNL00000003AYRE,,1791527754361,1791527796431,1791527796431,
d2bfcc7e-fdce-4afc-9748-688d0b7b9507,CONSUMER,200,1,did:web:ssi-dim-wallet-service.identity:BPNL00000003AYRE,,1791527754450,1791527796610,1791527796610,
ea0feaa8-3fb3-4eef-a71d-26167e8d659d,CONSUMER,200,1,did:web:ssi-dim-wallet-service.identity:BPNL00000003AYRE,,1791527754450,1791527796610,1791527796610,
958b67a0-3a89-45c1-9f4e-32bfe31297fa,CONSUMER,200,1,did:web:ssi-dim-wallet-service.identity:BPNL00000003AYRE,,1791527754756,1791527796713,1791527796713,
525cec24-5df2-45b6-9d67-c7f574788877,CONSUMER,200,1,did:web:ssi-dim-wallet-service.identity:BPNL00000003AYRE,,1791527754861,1791527796711,1791527796711,
9acaf76d-a5c0-4845-acbf-a4e91f6e1b62,CONSUMER,200,1,did:web:ssi-dim-wallet-service.identity:BPNL00000003AYRE,,1791527754865,1791527796821,1791527796821,
e685eab0-d88f-4d50-9291-56254db6273b,CONSUMER,200,1,did:web:ssi-dim-wallet-service.identity:BPNL00000003AYRE,,1791527755152,1791527797029,1791527797029,
c5b29eb8-b292-461a-b727-c535c4888be3,CONSUMER,200,1,did:web:ssi-dim-wallet-service.identity:BPNL00000003AYRE,,1791527756028,1791527797731,1791527797731,
75eae105-5e36-4790-80a9-53d7561bbf44,CONSUMER,200,1,did:web:ssi-dim-wallet-service.identity:BPNL00000003AYRE,,1791527756273,1791527797852,1791527797852,
be10365e-b58e-4398-808e-8b0d82ce87c7,CONSUMER,200,1,did:web:ssi-dim-wallet-service.identity:BPNL00000003AYRE,,1791527756456,1791527798452,1791527798452,
4372e855-271c-4fdb-9640-d7deca930f9b,CONSUMER,200,1,did:web:ssi-dim-wallet-service.identity:BPNL00000003AYRE,,1791527756628,1791527799031,1791527799031,
8c1a03ce-a531-4f57-a2cf-bb04060f4aa1,CONSUMER,200,1,did:web:ssi-dim-wallet-service.identity:BPNL00000003AYRE,,1791527756848,1791527799326,1791527799326,
cdfcecdd-664a-48fc-8629-bd4dc41b8601,CONSUMER,200,1,did:web:ssi-dim-wallet-service.identity:BPNL00000003AYRE,,1791527756967,1791527799468,1791527799468,
12bd56bb-f6d1-4edd-b641-98d875d317d4,CONSUMER,200,1,did:web:ssi-dim-wallet-service.identity:BPNL00000003AYRE,,1791527757247,1791527799550,1791527799550,
5b88de6f-cb53-4f2e-b806-7faa4a808ae5,CONSUMER,200,1,did:web:ssi-dim-wallet-service.identity:BPNL00000003AYRE,,1791527757463,1791527799752,1791527799752,
080c9852-8011-4025-a5ff-c1275e3c142b,CONSUMER,200,1,did:web:ssi-dim-wallet-service.identity:BPNL00000003AYRE,,1791527757950,1791527799850,1791527799850,
745bfdb4-c414-4cef-91a8-e6a8ed30bb06,CONSUMER,200,1,did:web:ssi-dim-wallet-service.identity:BPNL00000003AYRE,,1791527758134,1791527800396,1791527800396,
f052b218-b12b-43d7-9a12-65948c21c071,CONSUMER,200,1,did:web:ssi-dim-wallet-service.identity:BPNL00000003AYRE,,1791527758255,1791527806559,1791527806559,
ad61aea8-9af4-41dd-8470-d05fe42a893e,CONSUMER,200,1,did:web:ssi-dim-wallet-service.identity:BPNL00000003AYRE,,1791527758350,1791527806728,1791527806728,
78de422d-6fae-44c1-9bd8-6fbe3f36b740,CONSUMER,200,1,did:web:ssi-dim-wallet-service.identity:BPNL00000003AYRE,,1791527758462,1791527806853,1791527806853,
7beba630-8f82-4edc-a658-5c3f27f972ed,CONSUMER,200,1,did:web:ssi-dim-wallet-service.identity:BPNL00000003AYRE,,1791527758625,1791527806949,1791527806949,
667e513d-41cd-458f-9a7e-cff58bd4bd23,CONSUMER,200,1,did:web:ssi-dim-wallet-service.identity:BPNL00000003AYRE,,1791527758726,1791527807128,1791527807128,
77473712-f1c3-4135-baf0-ccbfd70e348a,CONSUMER,200,1,did:web:ssi-dim-wallet-service.identity:BPNL00000003AYRE,,1791527758959,1791527807269,1791527807269,
c6c9df0e-0baa-483d-a086-09c1027cdfd2,CONSUMER,200,1,did:web:ssi-dim-wallet-service.identity:BPNL00000003AYRE,,1791527759327,1791527807351,1791527807351,
95c6cbc2-6e9e-464b-aeb2-2c9204280158,CONSUMER,200,1,did:web:ssi-dim-wallet-service.identity:BPNL00000003AYRE,,1791527759334,1791527807471,1791527807471,
04eafb4c-005b-4da9-ab18-4f952c15f123,CONSUMER,200,1,did:web:ssi-dim-wallet-service.identity:BPNL00000003AYRE,,1791527759356,1791527807627,1791527807627,
0a34938a-9c62-4d63-b6c4-608b44857bf3,CONSUMER,200,1,did:web:ssi-dim-wallet-service.identity:BPNL00000003AYRE,,1791527759359,1791527807960,1791527807960,
55b80573-3c14-440d-93aa-91a5828b4838,CONSUMER,200,1,did:web:ssi-dim-wallet-service.identity:BPNL00000003AYRE,,1791527759431,1791527807955,1791527807955,
af1f42b4-471b-43d6-837f-25352aaad3e9,CONSUMER,200,1,did:web:ssi-dim-wallet-service.identity:BPNL00000003AYRE,,1791527759647,1791527808224,1791527808224,
d43dc4b5-d678-47f1-a008-1643da519275,CONSUMER,200,1,did:web:ssi-dim-wallet-service.identity:BPNL00000003AYRE,,1791527759752,1791527808180,1791527808180,
6a8eacb2-918d-4cbe-b4f1-6588b81973e7,CONSUMER,200,1,did:web:ssi-dim-wallet-service.identity:BPNL00000003AYRE,,1791527760060,1791527808182,1791527808182,
02b411d5-253d-490a-9749-1460a56fac43,CONSUMER,200,1,did:web:ssi-dim-wallet-service.identity:BPNL00000003AYRE,,1791527760168,1791527808926,1791527808926,
1edb9254-c13e-4a23-8ff2-63f371767f99,CONSUMER,200,1,did:web:ssi-dim-wallet-service.identity:BPNL00000003AYRE,,1791527760651,1791527809047,1791527809047,
a5376d0a-af82-4da0-828c-2c9d3beeb2ff,CONSUMER,200,1,did:web:ssi-dim-wallet-service.identity:BPNL00000003AYRE,,1791527761153,1791527809042,1791527809042,
eb55a055-0a76-4988-a0cc-865fa5863706,CONSUMER,200,1,did:web:ssi-dim-wallet-service.identity:BPNL00000003AYRE,,1791527761358,1791527809137,1791527809137,
ea5e9043-d98a-40f1-92cb-57f91558019f,CONSUMER,200,1,did:web:ssi-dim-wallet-service.identity:BPNL00000003AYRE,,1791527761929,1791527809327,1791527809327,
41ef20bd-cc96-4656-93e5-c65c05af363e,CONSUMER,200,1,did:web:ssi-dim-wallet-service.identity:BPNL00000003AYRE,,1791527762158,1791527809648,1791527809648,
5536f90d-8132-4e76-a1b5-c177f42e3b83,CONSUMER,200,1,did:web:ssi-dim-wallet-service.identity:BPNL00000003AYRE,,1791527762854,1791527816728,1791527816728,
8d1514b0-4f25-46f8-8ad1-3d0348ee9eaf,CONSUMER,200,1,did:web:ssi-dim-wallet-service.identity:BPNL00000003AYRE,,1791527762865,1791527816630,1791527816630,
cd173bf6-6f26-458a-ae02-dbdaa04d6ad7,CONSUMER,200,1,did:web:ssi-dim-wallet-service.identity:BPNL00000003AYRE,,1791527763057,1791527816949,1791527816949,
3bebdac0-19d4-4326-abf5-915c4f1fa78b,CONSUMER,200,1,did:web:ssi-dim-wallet-service.identity:BPNL00000003AYRE,,1791527763348,1791527816870,1791527816870,
280a5504-be61-4f71-b6d4-ee38b372be8c,CONSUMER,200,1,did:web:ssi-dim-wallet-service.identity:BPNL00000003AYRE,,1791527763472,1791527816731,1791527816731,
c39466e1-c138-4122-99d0-61502d6e49a0,CONSUMER,200,1,did:web:ssi-dim-wallet-service.identity:BPNL00000003AYRE,,1791527763760,1791527817379,1791527817379,
4a124ccf-e320-41b6-b131-66a70fb37f2c,CONSUMER,200,1,did:web:ssi-dim-wallet-service.identity:BPNL00000003AYRE,,1791527763854,1791527817424,1791527817424,
20a08b1e-fbfd-43e9-9f19-361e7fa301c4,CONSUMER,200,1,did:web:ssi-dim-wallet-service.identity:BPNL00000003AYRE,,1791527764048,1791527817648,1791527817648,
0c084286-e575-4bd1-8168-ca2c8046e47e,CONSUMER,200,1,did:web:ssi-dim-wallet-service.identity:BPNL00000003AYRE,,1791527764564,1791527817729,1791527817729,
e6f73f20-ce48-4321-950e-ff0523b1e817,CONSUMER,200,1,did:web:ssi-dim-wallet-service.identity:BPNL00000003AYRE,,1791527764663,1791527817859,1791527817859,
c4568cf2-0da3-4726-8a27-9528942c228d,CONSUMER,200,1,did:web:ssi-dim-wallet-service.identity:BPNL00000003AYRE,,1791527765358,1791527818049,1791527818049,
101ae6ed-93b9-4dfd-95b3-3500f47f8516,CONSUMER,200,1,did:web:ssi-dim-wallet-service.identity:BPNL00000003AYRE,,1791527765626,1791527818130,1791527818130,
5fd7b882-6b50-4a9a-a3e2-8d3817e5683d,CONSUMER,200,1,did:web:ssi-dim-wallet-service.identity:BPNL00000003AYRE,,1791527766247,1791527818218,1791527818218,
0a17a414-1b9e-43eb-8e6b-ad55de9fa0a6,CONSUMER,200,1,did:web:ssi-dim-wallet-service.identity:BPNL00000003AYRE,,1791527767353,1791527818321,1791527818321,
0c8ac909-f83d-42fb-90dc-85755e4b79f3,CONSUMER,200,1,did:web:ssi-dim-wallet-service.identity:BPNL00000003AYRE,,1791527767955,1791527818549,1791527818549,
e03a05ef-8943-449d-aafd-26f4e2fa8a1f,CONSUMER,200,1,did:web:ssi-dim-wallet-service.identity:BPNL00000003AYRE,,1791527768349,1791527818931,1791527818931,
9b3715a0-a8c8-4bad-81f0-7ba38ddb7a8b,CONSUMER,200,1,did:web:ssi-dim-wallet-service.identity:BPNL00000003AYRE,,1791527768451,1791527819048,1791527819048,
77290dc2-d506-4c28-a7d4-1912542cc858,CONSUMER,200,1,did:web:ssi-dim-wallet-service.identity:BPNL00000003AYRE,,1791527768456,1791527819208,1791527819208,
f227ec2d-691d-4299-bcf2-af7021070de5,CONSUMER,200,1,did:web:ssi-dim-wallet-service.identity:BPNL00000003AYRE,,1791527768655,1791527819429,1791527819429,
40eb1ac0-9584-45cd-bc21-0928669bcaed,CONSUMER,200,1,did:web:ssi-dim-wallet-service.identity:BPNL00000003AYRE,,1791527768749,1791527819554,1791527819554,
6815bcbb-2494-4f38-a50e-7607b0aab2c7,CONSUMER,200,1,did:web:ssi-dim-wallet-service.identity:BPNL00000003AYRE,,1791527768851,1791527841848,1791527841848,
fbf0b602-d051-41d0-9f2f-41faa84eedf5,CONSUMER,200,1,did:web:ssi-dim-wallet-service.identity:BPNL00000003AYRE,,1791527769026,1791527841956,1791527841956,
dc5e9fe9-bd3f-499e-9516-502339425a51,CONSUMER,200,1,did:web:ssi-dim-wallet-service.identity:BPNL00000003AYRE,,1791527769050,1791527841952,1791527841952,
e8f51338-8763-4f86-b082-9af1d19eb4cd,CONSUMER,200,1,did:web:ssi-dim-wallet-service.identity:BPNL00000003AYRE,,1791527769054,1791527841934,1791527841934,
2a0b2fb7-bdb9-44ca-9155-379e1cfd06ea,CONSUMER,200,1,did:web:ssi-dim-wallet-service.identity:BPNL00000003AYRE,,1791527769054,1791527842148,1791527842148,
30bf7061-ec8d-4812-b16e-93d59876c49a,CONSUMER,200,1,did:web:ssi-dim-wallet-service.identity:BPNL00000003AYRE,,1791527769447,1791527842052,1791527842052,
9cb49a00-a697-455f-8fba-2506beb7244e,CONSUMER,200,1,did:web:ssi-dim-wallet-service.identity:BPNL00000003AYRE,,1791527769463,1791527842157,1791527842157,
94da8c95-307d-4e4d-9c33-39c25f457d09,CONSUMER,200,1,did:web:ssi-dim-wallet-service.identity:BPNL00000003AYRE,,1791527769525,1791527842371,1791527842371,
edcd4927-16cc-402a-a457-952881632f35,CONSUMER,200,1,did:web:ssi-dim-wallet-service.identity:BPNL00000003AYRE,,1791527769648,1791527842529,1791527842529,
1dc968bf-77fa-4ee4-aa0e-8ce589f5bcf6,CONSUMER,200,1,did:web:ssi-dim-wallet-service.identity:BPNL00000003AYRE,,1791527769672,1791527842729,1791527842729,
a44c1167-14e3-41b7-9476-4c68d4db91a7,CONSUMER,200,1,did:web:ssi-dim-wallet-service.identity:BPNL00000003AYRE,,1791527769724,1791527842956,1791527842956,
db9f9580-5524-442f-bfb5-9fa8a5c86340,CONSUMER,200,1,did:web:ssi-dim-wallet-service.identity:BPNL00000003AYRE,,1791527769829,1791527843272,1791527843272,
30b352c1-7368-4d05-9e6f-1cf243dd7fcb,CONSUMER,200,1,did:web:ssi-dim-wallet-service.identity:BPNL00000003AYRE,,1791527769875,1791527843249,1791527843249,
97b13950-a704-4d91-b6ee-b08dc9dfc31e,CONSUMER,200,1,did:web:ssi-dim-wallet-service.identity:BPNL00000003AYRE,,1791527769969,1791527843461,1791527843461,
c825d869-ada9-4242-8f6e-6df84eb62c6a,CONSUMER,200,1,did:web:ssi-dim-wallet-service.identity:BPNL00000003AYRE,,1791527771450,1791527843750,1791527843750,
35781d19-a058-43c1-b8c7-47d1a16f2d8d,CONSUMER,200,1,did:web:ssi-dim-wallet-service.identity:BPNL00000003AYRE,,1791527771560,1791527843949,1791527843949,
dd84f83d-fe26-460f-8c02-4c59352f0079,CONSUMER,200,1,did:web:ssi-dim-wallet-service.identity:BPNL00000003AYRE,,1791527771660,1791527843954,1791527843954,
da3a1330-eaaa-4712-84a0-939ddf522a28,CONSUMER,200,1,did:web:ssi-dim-wallet-service.identity:BPNL00000003AYRE,,1791527771850,1791527844265,1791527844265,
325910ec-9ebc-4884-ae4b-58234b63f92c,CONSUMER,200,1,did:web:ssi-dim-wallet-service.identity:BPNL00000003AYRE,,1791527772365,1791527844617,1791527844617,
92a6b00b-289a-452f-bae6-ceaeea7e7e69,CONSUMER,200,1,did:web:ssi-dim-wallet-service.identity:BPNL00000003AYRE,,1791527772565,1791527844910,1791527844910,
fb15bced-11d7-42da-bfbd-124726a6bce8,CONSUMER,200,1,did:web:ssi-dim-wallet-service.identity:BPNL00000003AYRE,,1791527772846,1791527847956,1791527847956,
c2353f90-f5d3-4ed2-94b5-cc7ad5f9dc07,CONSUMER,200,1,did:web:ssi-dim-wallet-service.identity:BPNL00000003AYRE,,1791527773033,1791527847930,1791527847930,
ad1b1462-8b0f-45ae-ac26-8a970ba4817f,CONSUMER,200,1,did:web:ssi-dim-wallet-service.identity:BPNL00000003AYRE,,1791527773055,1791527848033,1791527848033,
9633051d-4250-44f7-a113-39744566d4a5,CONSUMER,200,1,did:web:ssi-dim-wallet-service.identity:BPNL00000003AYRE,,1791527773126,1791527848160,1791527848160,
80bde9d2-a0c0-4814-9b9d-c7130cb21575,CONSUMER,200,1,did:web:ssi-dim-wallet-service.identity:BPNL00000003AYRE,,1791527773225,1791527848412,1791527848412,
24fb91ce-ab4f-4d95-aa26-8df7389c259e,CONSUMER,200,1,did:web:ssi-dim-wallet-service.identity:BPNL00000003AYRE,,1791527773349,1791527848732,1791527848732,
ec5170e0-9f18-4252-b19e-0681a3c57662,CONSUMER,200,1,did:web:ssi-dim-wallet-service.identity:BPNL00000003AYRE,,1791527773551,1791527848925,1791527848925,
77ad54d6-02b7-4727-9c98-61d51bc476dc,CONSUMER,200,1,did:web:ssi-dim-wallet-service.identity:BPNL00000003AYRE,,1791527773554,1791527849150,1791527849150,
48df8aba-0eed-46a3-9210-1c424e95f721,CONSUMER,200,1,did:web:ssi-dim-wallet-service.identity:BPNL00000003AYRE,,1791527773655,1791527849147,1791527849147,
8f85c666-b10d-46fd-86d0-50bc396e4092,CONSUMER,200,1,did:web:ssi-dim-wallet-service.identity:BPNL00000003AYRE,,1791527773658,1791527849448,1791527849448,
93fc73a9-8c11-48cd-a647-8b0b2ee30c15,CONSUMER,200,1,did:web:ssi-dim-wallet-service.identity:BPNL00000003AYRE,,1791527773834,1791527849448,1791527849448,
ee36af7a-35e6-4874-889f-1283eab0d887,CONSUMER,200,1,did:web:ssi-dim-wallet-service.identity:BPNL00000003AYRE,,1791527773853,1791527849426,1791527849426,
01bb979f-394d-4045-a769-a6ab645b4c17,CONSUMER,200,1,did:web:ssi-dim-wallet-service.identity:BPNL00000003AYRE,,1791527774025,1791527849658,1791527849658,
c896abe0-8e3d-4598-bd08-f408f56165f8,CONSUMER,200,1,did:web:ssi-dim-wallet-service.identity:BPNL00000003AYRE,,1791527774028,1791527849732,1791527849732,
d0960234-f7ff-4ced-9d90-c18ee4d733cc,CONSUMER,200,1,did:web:ssi-dim-wallet-service.identity:BPNL00000003AYRE,,1791527774051,1791527849660,1791527849660,
8cf7f215-7a1b-44a0-af39-005e715750bd,CONSUMER,200,1,did:web:ssi-dim-wallet-service.identity:BPNL00000003AYRE,,1791527774228,1791527849854,1791527849854,
6c766ff8-c3f3-426c-8b58-e4302bb13b0d,CONSUMER,200,1,did:web:ssi-dim-wallet-service.identity:BPNL00000003AYRE,,1791527774430,1791527850026,1791527850026,
8f900c43-12bb-4d8b-8eac-7adb4856b129,CONSUMER,200,1,did:web:ssi-dim-wallet-service.identity:BPNL00000003AYRE,,1791527774436,1791527850649,1791527850649,
14a37d54-1664-49eb-aa50-4cd2a340d4dc,CONSUMER,200,1,did:web:ssi-dim-wallet-service.identity:BPNL00000003AYRE,,1791527774552,1791527851376,1791527851376,
0e0654e3-1754-4e72-9e2e-6e08b6ac7bca,CONSUMER,200,1,did:web:ssi-dim-wallet-service.identity:BPNL00000003AYRE,,1791527774554,1791527851551,1791527851551,
f3d04a91-9904-4d38-9975-9e35c77b85c4,CONSUMER,200,1,did:web:ssi-dim-wallet-service.identity:BPNL00000003AYRE,,1791527774633,1791527854960,1791527854960,
5734f3d4-dbfa-4228-b646-a8141130ce8a,CONSUMER,200,1,did:web:ssi-dim-wallet-service.identity:BPNL00000003AYRE,,1791527774753,1791527855063,1791527855063,
776a2c6e-4f8a-4a94-8b7e-e6a5ff636262,CONSUMER,200,1,did:web:ssi-dim-wallet-service.identity:BPNL00000003AYRE,,1791527774825,1791527855329,1791527855329,
381c8316-f914-40c4-a7dc-45e9cdbc9037,CONSUMER,200,1,did:web:ssi-dim-wallet-service.identity:BPNL00000003AYRE,,1791527774949,1791527855459,1791527855459,
323b2ff2-8805-4ca5-a49d-70a460c64a7e,CONSUMER,200,1,did:web:ssi-dim-wallet-service.identity:BPNL00000003AYRE,,1791527775148,1791527855747,1791527855747,
e3731c4c-5f59-4ce6-867c-815c4acce0a9,CONSUMER,200,1,did:web:ssi-dim-wallet-service.identity:BPNL00000003AYRE,,1791527775250,1791527856152,1791527856152,
9fbfed70-3ba2-41ac-b6f8-edec84fd91a7,CONSUMER,200,1,did:web:ssi-dim-wallet-service.identity:BPNL00000003AYRE,,1791527775554,1791527856353,1791527856353,
681e5c39-28e0-4fc0-8469-34f434682a41,CONSUMER,200,1,did:web:ssi-dim-wallet-service.identity:BPNL00000003AYRE,,1791527775655,1791527856354,1791527856354,
36062a75-1926-491a-9647-010d00955d8d,CONSUMER,200,1,did:web:ssi-dim-wallet-service.identity:BPNL00000003AYRE,,1791527776250,1791527856438,1791527856438,
99118af9-a50b-4a55-8b64-47c62edfc540,CONSUMER,200,1,did:web:ssi-dim-wallet-service.identity:BPNL00000003AYRE,,1791527776350,1791527856645,1791527856645,
13d9fcb7-56d6-4780-9aee-acac335c0f75,CONSUMER,200,1,did:web:ssi-dim-wallet-service.identity:BPNL00000003AYRE,,1791527776353,1791527856752,1791527856752,
f758b9b1-0931-4344-9953-ca1d26a60f63,CONSUMER,200,1,did:web:ssi-dim-wallet-service.identity:BPNL00000003AYRE,,1791527776574,1791527857087,1791527857087,
94e80e3c-0dcb-4111-b738-48ec3e418e25,CONSUMER,200,1,did:web:ssi-dim-wallet-service.identity:BPNL00000003AYRE,,1791527776748,1791527857319,1791527857319,
d6391b07-8f16-4869-9c82-efa5673d4e39,CONSUMER,200,1,did:web:ssi-dim-wallet-service.identity:BPNL00000003AYRE,,1791527777062,1791527857851,1791527857851,
e1f997aa-046c-471c-91b9-4b9f28d9c866,CONSUMER,200,1,did:web:ssi-dim-wallet-service.identity:BPNL00000003AYRE,,1791527777367,1791527858150,1791527858150,
948b7445-1ad2-4b28-b66a-b51f5892a86a,CONSUMER,200,1,did:web:ssi-dim-wallet-service.identity:BPNL00000003AYRE,,1791527777555,1791527858561,1791527858561,
bac0b24c-c35f-4c9c-bcc3-a066f17b8fd9,CONSUMER,200,1,did:web:ssi-dim-wallet-service.identity:BPNL00000003AYRE,,1791527777757,1791527858666,1791527858666,
d68d1f22-1af4-45cd-9c0f-979eb4435234,CONSUMER,200,1,did:web:ssi-dim-wallet-service.identity:BPNL00000003AYRE,,1791527778257,1791527858832,1791527858832,
396ff45c-6f01-49bb-9a3c-0fd26648adc3,CONSUMER,200,1,did:web:ssi-dim-wallet-service.identity:BPNL00000003AYRE,,1791527778361,1791527859822,1791527859822,
669aa39d-822f-4387-8ae1-80da8ae3b615,CONSUMER,200,1,did:web:ssi-dim-wallet-service.identity:BPNL00000003AYRE,,1791527778657,1791527860030,1791527860030,
0116f465-42ce-4c5a-a190-b8b5fae9f3d9,CONSUMER,200,1,did:web:ssi-dim-wallet-service.identity:BPNL00000003AYRE,,1791527778729,1791527864665,1791527864665,
3b5768c6-de9e-4516-8758-dd908d183a13,CONSUMER,200,1,did:web:ssi-dim-wallet-service.identity:BPNL00000003AYRE,,1791527778731,1791527864952,1791527864952,
03f836dd-9fe4-497c-a5b9-4573cfd0cc7b,CONSUMER,200,1,did:web:ssi-dim-wallet-service.identity:BPNL00000003AYRE,,1791527778931,1791527864960,1791527864960,
bf799e9b-7133-4b75-916a-ce5b4c1ede73,CONSUMER,200,1,did:web:ssi-dim-wallet-service.identity:BPNL00000003AYRE,,1791527779167,1791527865151,1791527865151,
de1dea6b-b8bc-4d6d-ac1c-6e6f8911c7dc,CONSUMER,200,1,did:web:ssi-dim-wallet-service.identity:BPNL00000003AYRE,,1791527779254,1791527865386,1791527865386,
5232ed29-3157-4b50-874b-53ea9baba40b,CONSUMER,200,1,did:web:ssi-dim-wallet-service.identity:BPNL00000003AYRE,,1791527779525,1791527865557,1791527865557,
81e3e478-f194-41ed-84a8-97ac43150525,CONSUMER,200,1,did:web:ssi-dim-wallet-service.identity:BPNL00000003AYRE,,1791527779860,1791527865848,1791527865848,
4f0154e7-6a85-4b8a-8078-04f487c276f6,CONSUMER,200,1,did:web:ssi-dim-wallet-service.identity:BPNL00000003AYRE,,1791527780052,1791527866056,1791527866056,
e110fa95-2895-4d04-b880-ed58971a765e,CONSUMER,200,1,did:web:ssi-dim-wallet-service.identity:BPNL00000003AYRE,,1791527780360,1791527866453,1791527866453,
05a949ac-6197-439f-bd9d-50a77eeef1cf,CONSUMER,200,1,did:web:ssi-dim-wallet-service.identity:BPNL00000003AYRE,,1791527780567,1791527866411,1791527866411,
141d25e3-9055-4aaa-a84c-1d1e0a03077d,CONSUMER,200,1,did:web:ssi-dim-wallet-service.identity:BPNL00000003AYRE,,1791527780859,1791527867010,1791527867010,
90d07d8d-b752-46f4-b53c-926a2ed9a4e3,CONSUMER,200,1,did:web:ssi-dim-wallet-service.identity:BPNL00000003AYRE,,1791527781047,1791527867250,1791527867250,
57144894-b109-4341-9ab8-26356a40a628,CONSUMER,200,1,did:web:ssi-dim-wallet-service.identity:BPNL00000003AYRE,,1791527781047,1791527867112,1791527867112,
8731e775-3d61-4ea9-9a41-655e417edac1,CONSUMER,200,1,did:web:ssi-dim-wallet-service.identity:BPNL00000003AYRE,,1791527781075,1791527867248,1791527867248,
d549b967-4085-4189-b881-798df76e162c,CONSUMER,200,1,did:web:ssi-dim-wallet-service.identity:BPNL00000003AYRE,,1791527781153,1791527867312,1791527867312,
e7df481a-f5d5-42ab-b036-391f5a7fa7c4,CONSUMER,200,1,did:web:ssi-dim-wallet-service.identity:BPNL00000003AYRE,,1791527781251,1791527868362,1791527868362,
8e9f3c20-628c-46e7-977c-7ec338617e1b,CONSUMER,200,1,did:web:ssi-dim-wallet-service.identity:BPNL00000003AYRE,,1791527781251,1791527867455,1791527867455,
dc879466-6e1e-4c19-930e-2bb2db809925,CONSUMER,200,1,did:web:ssi-dim-wallet-service.identity:BPNL00000003AYRE,,1791527781254,1791527869049,1791527869049,
ca883b33-fab7-4a2c-ae71-7538ef6eff00,CONSUMER,200,1,did:web:ssi-dim-wallet-service.identity:BPNL00000003AYRE,,1791527781254,1791527869029,1791527869029,
71de908e-5ba8-46fb-a5be-08a359de1324,CONSUMER,200,1,did:web:ssi-dim-wallet-service.identity:BPNL00000003AYRE,,1791527781347,1791527869147,1791527869147,
c30e7bab-d718-4a59-925f-17ce40889c84,CONSUMER,200,1,did:web:ssi-dim-wallet-service.identity:BPNL00000003AYRE,,1791527781464,1791527870549,1791527870549,
66955063-7e27-4437-a2d7-faf1ad24d611,CONSUMER,200,1,did:web:ssi-dim-wallet-service.identity:BPNL00000003AYRE,,1791527781848,1791527871549,1791527871549,
0786e2b8-16f6-405e-a849-e057fa4d3fba,CONSUMER,200,1,did:web:ssi-dim-wallet-service.identity:BPNL00000003AYRE,,1791527782561,1791527871552,1791527871552,
830a6e32-4e85-4ff3-a2b7-d3857a0e1f21,CONSUMER,200,1,did:web:ssi-dim-wallet-service.identity:BPNL00000003AYRE,,1791527782961,1791527871729,1791527871729,
c9e164b4-f6e0-4f0d-857a-84c1ff6b0800,CONSUMER,200,1,did:web:ssi-dim-wallet-service.identity:BPNL00000003AYRE,,1791527783652,1791527871868,1791527871868,
beb53e5c-e7bb-4e69-807f-08054bf15a41,CONSUMER,200,1,did:web:ssi-dim-wallet-service.identity:BPNL00000003AYRE,,1791527785748,1791527872051,1791527872051,
f2366997-3711-404d-873f-2b3a72240fea,CONSUMER,200,1,did:web:ssi-dim-wallet-service.identity:BPNL00000003AYRE,,1791527786357,1791527872358,1791527872358,
64afb04d-5713-4d98-b068-286d3fdb22d5,CONSUMER,200,1,did:web:ssi-dim-wallet-service.identity:BPNL00000003AYRE,,1791527786658,1791527872358,1791527872358,
8c0f3862-e1e9-4759-b0c8-53380a8d37d3,CONSUMER,200,1,did:web:ssi-dim-wallet-service.identity:BPNL00000003AYRE,,1791527786758,1791527872652,1791527872652,
b84d6544-b97f-4dfc-a49a-da7c50a11037,CONSUMER,200,1,did:web:ssi-dim-wallet-service.identity:BPNL00000003AYRE,,1791527786852,1791527872803,1791527872803,
40142ca8-0233-4070-958c-1b1719559955,CONSUMER,200,1,did:web:ssi-dim-wallet-service.identity:BPNL00000003AYRE,,1791527786959,1791527872948,1791527872948,
3b6f9c88-948d-4f3d-b2e0-bb7ab649ab6e,CONSUMER,200,1,did:web:ssi-dim-wallet-service.identity:BPNL00000003AYRE,,1791527787256,1791527873529,1791527873529,
3ce494f4-e6ee-49c0-8103-34e53f115312,CONSUMER,200,1,did:web:ssi-dim-wallet-service.identity:BPNL00000003AYRE,,1791527787467,1791527873630,1791527873630,
b699478c-7e0f-498a-a43b-9d0261f36384,CONSUMER,200,1,did:web:ssi-dim-wallet-service.identity:BPNL00000003AYRE,,1791527787569,1791527873951,1791527873951,
b4550daa-7dc6-41c0-9a39-d5e4a1feb657,CONSUMER,200,1,did:web:ssi-dim-wallet-service.identity:BPNL00000003AYRE,,1791527787624,1791527874061,1791527874061,
8201e3da-4a72-44e6-a5f8-f2006aa38124,CONSUMER,200,1,did:web:ssi-dim-wallet-service.identity:BPNL00000003AYRE,,1791527787850,1791527874460,1791527874460,
66f42ca9-1a82-4d06-8d9e-684db44a4004,CONSUMER,200,1,did:web:ssi-dim-wallet-service.identity:BPNL00000003AYRE,,1791527787850,1791527874157,1791527874157,
e2391d23-e46d-4b76-8c34-af368c8e7998,CONSUMER,200,1,did:web:ssi-dim-wallet-service.identity:BPNL00000003AYRE,,1791527787859,1791527874728,1791527874728,
1a1d9428-eead-4e9a-9c8c-a579cae567e2,CONSUMER,200,1,did:web:ssi-dim-wallet-service.identity:BPNL00000003AYRE,,1791527788265,1791527874925,1791527874925,
98b6e6c3-ac64-463c-b818-c6232a7e705b,CONSUMER,200,1,did:web:ssi-dim-wallet-service.identity:BPNL00000003AYRE,,1791527788364,1791527875147,1791527875147,
049f1ba6-70fe-41e7-b2a6-90ba760388e2,CONSUMER,200,1,did:web:ssi-dim-wallet-service.identity:BPNL00000003AYRE,,1791527788425,1791527881824,1791527881824,
43355c5c-fa48-49d9-9e37-f73e0ff02ad8,CONSUMER,200,1,did:web:ssi-dim-wallet-service.identity:BPNL00000003AYRE,,1791527788452,1791527881934,1791527881934,
1795f873-661c-4ec1-9c82-189ace5ff563,CONSUMER,200,1,did:web:ssi-dim-wallet-service.identity:BPNL00000003AYRE,,1791527788454,1791527882047,1791527882047,
267e4e96-c035-421a-bed9-c7cbd54d4b7f,CONSUMER,200,1,did:web:ssi-dim-wallet-service.identity:BPNL00000003AYRE,,1791527788653,1791527882247,1791527882247,
4f71c727-4040-486e-9444-4450bc4895b3,CONSUMER,200,1,did:web:ssi-dim-wallet-service.identity:BPNL00000003AYRE,,1791527788657,1791527882426,1791527882426,
ee5e516e-b793-42fb-adaa-72bc7b794f84,CONSUMER,200,1,did:web:ssi-dim-wallet-service.identity:BPNL00000003AYRE,,1791527788857,1791527882547,1791527882547,
341e28bc-8f9f-4147-a7ab-f24d23521fa5,CONSUMER,200,1,did:web:ssi-dim-wallet-service.identity:BPNL00000003AYRE,,1791527789054,1791527882848,1791527882848,
9772d1e6-7b04-49f4-8e20-26d22cc4c658,CONSUMER,200,1,did:web:ssi-dim-wallet-service.identity:BPNL00000003AYRE,,1791527789126,1791527883435,1791527883435,
4be39009-4514-4a7e-a878-345012cea26e,CONSUMER,200,1,did:web:ssi-dim-wallet-service.identity:BPNL00000003AYRE,,1791527789252,1791527884040,1791527884040,
8320970f-41b7-48e0-925c-9e159ba2b80a,CONSUMER,200,1,did:web:ssi-dim-wallet-service.identity:BPNL00000003AYRE,,1791527789255,1791527884456,1791527884456,
3d8e5c77-8e0f-43cd-9c03-cf1d0c4be2c5,CONSUMER,200,1,did:web:ssi-dim-wallet-service.identity:BPNL00000003AYRE,,1791527789260,1791527885357,1791527885357,
71f6a075-3754-4bbd-8291-42f9b918c0ef,CONSUMER,200,1,did:web:ssi-dim-wallet-service.identity:BPNL00000003AYRE,,1791527789328,1791527885865,1791527885865,
e4ed1739-1b22-4b6a-9a0d-870cebaf7a4b,CONSUMER,200,1,did:web:ssi-dim-wallet-service.identity:BPNL00000003AYRE,,1791527789329,1791527886029,1791527886029,
5248afaf-d915-4380-8fbf-e4bf9c698c86,CONSUMER,200,1,did:web:ssi-dim-wallet-service.identity:BPNL00000003AYRE,,1791527789449,1791527886153,1791527886153,
53af63f4-d296-416f-9042-151af95717c5,CONSUMER,200,1,did:web:ssi-dim-wallet-service.identity:BPNL00000003AYRE,,1791527789460,1791527886309,1791527886309,
c3f0e7c8-b63e-4049-9ccf-85e5a6145bc9,CONSUMER,200,1,did:web:ssi-dim-wallet-service.identity:BPNL00000003AYRE,,1791527789547,1791527886465,1791527886465,
5762be74-f48e-4e64-8f1b-c29940b5bc16,CONSUMER,200,1,did:web:ssi-dim-wallet-service.identity:BPNL00000003AYRE,,1791527789850,1791527886854,1791527886854,
612c4a15-89ee-4d1a-af20-09170d3835bf,CONSUMER,200,1,did:web:ssi-dim-wallet-service.identity:BPNL00000003AYRE,,1791527789950,1791527887134,1791527887134,
def27d11-12e2-4de4-9e00-3d227f65cd74,CONSUMER,200,1,did:web:ssi-dim-wallet-service.identity:BPNL00000003AYRE,,1791527789961,1791527887213,1791527887213,
a39de5d1-8eae-4330-99d7-b037151a8e2b,CONSUMER,200,1,did:web:ssi-dim-wallet-service.identity:BPNL00000003AYRE,,1791527790325,1791527887449,1791527887449,
c9898ceb-1477-4c28-8359-00fbf0fbea1e,CONSUMER,200,1,did:web:ssi-dim-wallet-service.identity:BPNL00000003AYRE,,1791527790330,1791527894830,1791527894830,
4b9fc4b5-a797-49c7-9a51-c995655d0bfe,CONSUMER,200,1,did:web:ssi-dim-wallet-service.identity:BPNL00000003AYRE,,1791527790362,1791527894853,1791527894853,
d00b5514-500c-4d26-80fe-e553a1a0e057,CONSUMER,200,1,did:web:ssi-dim-wallet-service.identity:BPNL00000003AYRE,,1791527790365,1791527894860,1791527894860,
6f64cde2-3322-4c3b-a53a-9e1142704f11,CONSUMER,200,1,did:web:ssi-dim-wallet-service.identity:BPNL00000003AYRE,,1791527790446,1791527895061,1791527895061,
54b1e1dc-e0b7-425f-80a2-20eed8e1de22,CONSUMER,200,1,did:web:ssi-dim-wallet-service.identity:BPNL00000003AYRE,,1791527790447,1791527895347,1791527895347,
0142db99-94b9-479e-b80b-23b2cc2f3771,CONSUMER,200,1,did:web:ssi-dim-wallet-service.identity:BPNL00000003AYRE,,1791527790554,1791527895334,1791527895334,
ea74a666-d017-436f-beab-fd80fd17bc4f,CONSUMER,200,1,did:web:ssi-dim-wallet-service.identity:BPNL00000003AYRE,,1791527790652,1791527895457,1791527895457,
e1b40b66-b57a-4c9e-9aee-72c2d0a433bd,CONSUMER,200,1,did:web:ssi-dim-wallet-service.identity:BPNL00000003AYRE,,1791527790850,1791527895430,1791527895430,
65e0534d-73fe-4ba5-98ed-8532507040fb,CONSUMER,200,1,did:web:ssi-dim-wallet-service.identity:BPNL00000003AYRE,,1791527790958,1791527895656,1791527895656,
a1253ce8-52f5-445e-aebe-c16bd970401a,CONSUMER,200,1,did:web:ssi-dim-wallet-service.identity:BPNL00000003AYRE,,1791527791030,1791527895749,1791527895749,
732478f3-8f15-48d0-9eaa-a52144880e23,CONSUMER,200,1,did:web:ssi-dim-wallet-service.identity:BPNL00000003AYRE,,1791527791058,1791527895859,1791527895859,
2b314630-fd74-45b0-946d-a793367b9315,CONSUMER,200,1,did:web:ssi-dim-wallet-service.identity:BPNL00000003AYRE,,1791527791132,1791527895964,1791527895964,
a97eff79-808e-4376-9ac4-48a99a791341,CONSUMER,200,1,did:web:ssi-dim-wallet-service.identity:BPNL00000003AYRE,,1791527791160,1791527896047,1791527896047,
58e7fd99-e95c-4271-bf69-788e21ecca12,CONSUMER,200,1,did:web:ssi-dim-wallet-service.identity:BPNL00000003AYRE,,1791527791368,1791527896369,1791527896369,
367396c6-d292-42ec-bbc2-4e3395df870b,CONSUMER,200,1,did:web:ssi-dim-wallet-service.identity:BPNL00000003AYRE,,1791527791428,1791527896371,1791527896371,
36ac0cc7-a0de-4fad-ada4-b975f2c17828,CONSUMER,200,1,did:web:ssi-dim-wallet-service.identity:BPNL00000003AYRE,,1791527791447,1791527896408,1791527896408,
fe376fb8-3bad-496c-8e94-e3ea9bc64108,CONSUMER,200,1,did:web:ssi-dim-wallet-service.identity:BPNL00000003AYRE,,1791527791531,1791527896513,1791527896513,
c3ec5bdb-af41-4ac7-939e-b2f256fe4cea,CONSUMER,200,1,did:web:ssi-dim-wallet-service.identity:BPNL00000003AYRE,,1791527791959,1791527896747,1791527896747,
531699b9-9e9e-4f7f-aa6c-c64a11a7dff5,CONSUMER,200,1,did:web:ssi-dim-wallet-service.identity:BPNL00000003AYRE,,1791527791969,1791527897328,1791527897328,
f5db386e-b49a-4df2-ba22-c7ab44f0d8dc,CONSUMER,200,1,did:web:ssi-dim-wallet-service.identity:BPNL00000003AYRE,,1791527792151,1791527897436,1791527897436,
e8fc0798-7672-4b53-bcbd-3741c27b2ea0,CONSUMER,200,1,did:web:ssi-dim-wallet-service.identity:BPNL00000003AYRE,,1791527792752,1791527904861,1791527904861,
3e6d7241-927b-4926-9891-6aa6ff086037,CONSUMER,200,1,did:web:ssi-dim-wallet-service.identity:BPNL00000003AYRE,,1791527792766,1791527904848,1791527904848,
7ade7106-5e8b-4751-be07-eaebc58b1e84,CONSUMER,200,1,did:web:ssi-dim-wallet-service.identity:BPNL00000003AYRE,,1791527792935,1791527904937,1791527904937,
871cd92c-353b-4214-8d6c-aa7387f8d10e,CONSUMER,200,1,did:web:ssi-dim-wallet-service.identity:BPNL00000003AYRE,,1791527792961,1791527905057,1791527905057,
745619bb-40af-4bcd-a32d-b24d173afe67,CONSUMER,200,1,did:web:ssi-dim-wallet-service.identity:BPNL00000003AYRE,,1791527793364,1791527905155,1791527905155,
f5219dfa-054d-4e22-bd79-598e6aa45842,CONSUMER,200,1,did:web:ssi-dim-wallet-service.identity:BPNL00000003AYRE,,1791527793647,1791527905261,1791527905261,
5f06c970-35cc-4810-8777-59a51d5ea935,CONSUMER,200,1,did:web:ssi-dim-wallet-service.identity:BPNL00000003AYRE,,1791527793761,1791527905457,1791527905457,
0eec88df-b347-46a4-8e4c-4d6e33c0a11a,CONSUMER,200,1,did:web:ssi-dim-wallet-service.identity:BPNL00000003AYRE,,1791527794361,1791527905547,1791527905547,
2460b701-c5f7-43fb-8a5f-cf6de31f2b83,CONSUMER,200,1,did:web:ssi-dim-wallet-service.identity:BPNL00000003AYRE,,1791527794431,1791527905659,1791527905659,
93802bbf-6ec2-4100-ba93-0e980f4109f4,CONSUMER,200,1,did:web:ssi-dim-wallet-service.identity:BPNL00000003AYRE,,1791527794464,1791527906830,1791527906830,
d5e103cf-7d51-4621-a02d-1be69ad79a20,CONSUMER,200,1,did:web:ssi-dim-wallet-service.identity:BPNL00000003AYRE,,1791527794859,1791527907031,1791527907031,
f1357335-edf9-42c6-9e9f-03c05fc69f96,CONSUMER,200,1,did:web:ssi-dim-wallet-service.identity:BPNL00000003AYRE,,1791527794868,1791527907232,1791527907232,
2cbe5bc4-9850-4a95-b1a7-da8a7b9eb16c,CONSUMER,200,1,did:web:ssi-dim-wallet-service.identity:BPNL00000003AYRE,,1791527795054,1791527907263,1791527907263,
2077f277-48c9-43e9-bbff-3bf825f9b3dd,CONSUMER,200,1,did:web:ssi-dim-wallet-service.identity:BPNL00000003AYRE,,1791527795056,1791527907456,1791527907456,
df8cd16c-e897-4664-92c8-18543fee8460,CONSUMER,200,1,did:web:ssi-dim-wallet-service.identity:BPNL00000003AYRE,,1791527795064,1791527907461,1791527907461,
2ef01a4e-47d2-4781-a19e-db622c02e28d,CONSUMER,200,1,did:web:ssi-dim-wallet-service.identity:BPNL00000003AYRE,,1791527795251,1791527907556,1791527907556,
56bf6e1a-e6e7-4d49-b152-2fb2561cf82a,CONSUMER,200,1,did:web:ssi-dim-wallet-service.identity:BPNL00000003AYRE,,1791527795364,1791527907727,1791527907727,
1049e068-1ea6-45d6-b6cb-396eea13eade,CONSUMER,200,1,did:web:ssi-dim-wallet-service.identity:BPNL00000003AYRE,,1791527795531,1791527909167,1791527909167,
dfd2815c-f113-4694-91f6-9acb2da036a9,CONSUMER,200,1,did:web:ssi-dim-wallet-service.identity:BPNL00000003AYRE,,1791527795663,1791527909225,1791527909225,
e2ea1383-bbd3-441b-8464-0736d7e220db,CONSUMER,200,1,did:web:ssi-dim-wallet-service.identity:BPNL00000003AYRE,,1791527795866,1791527909348,1791527909348,
59c086f7-9770-4e23-8d0e-82ebb9a05d06,CONSUMER,200,1,did:web:ssi-dim-wallet-service.identity:BPNL00000003AYRE,,1791527796557,1791527924371,1791527924371,
67b076c5-1351-49d9-83cc-83655397d2f7,CONSUMER,200,1,did:web:ssi-dim-wallet-service.identity:BPNL00000003AYRE,,1791527796775,1791527924468,1791527924468,
5f4ac618-8450-49ee-8634-34fe1b8ea9b4,CONSUMER,200,1,did:web:ssi-dim-wallet-service.identity:BPNL00000003AYRE,,1791527797231,1791527924630,1791527924630,
b5145ddc-4054-4c14-b74a-7e56c36c2422,CONSUMER,200,1,did:web:ssi-dim-wallet-service.identity:BPNL00000003AYRE,,1791527797951,1791527924630,1791527924630,
be7b3a6f-22b7-46f5-8100-cc2c5ef3ded8,CONSUMER,200,1,did:web:ssi-dim-wallet-service.identity:BPNL00000003AYRE,,1791527798426,1791527924683,1791527924683,
7672701e-62b2-4138-a5e8-74c9d43fa3ef,CONSUMER,200,1,did:web:ssi-dim-wallet-service.identity:BPNL00000003AYRE,,1791527802454,1791527924961,1791527924961,
f057ed67-7a28-4996-9cdd-32e8f8350c18,CONSUMER,200,1,did:web:ssi-dim-wallet-service.identity:BPNL00000003AYRE,,1791527802631,1791527925056,1791527925056,
2084b962-a4d5-4195-bf26-0d8c57a80da1,CONSUMER,200,1,did:web:ssi-dim-wallet-service.identity:BPNL00000003AYRE,,1791527802652,1791527925655,1791527925655,
47f4841a-ae72-4c43-ba4a-618835702587,CONSUMER,200,1,did:web:ssi-dim-wallet-service.identity:BPNL00000003AYRE,,1791527802656,1791527925548,1791527925548,
048c8247-245e-4856-8aa8-6e89422f34ab,CONSUMER,200,1,did:web:ssi-dim-wallet-service.identity:BPNL00000003AYRE,,1791527802928,1791527926177,1791527926177,
cfe49320-ef3f-4384-b0f5-81e55f2ed983,CONSUMER,200,1,did:web:ssi-dim-wallet-service.identity:BPNL00000003AYRE,,1791527803060,1791527926272,1791527926272,
52e8c9bf-d84b-46a3-a676-7eb86903cc76,CONSUMER,200,1,did:web:ssi-dim-wallet-service.identity:BPNL00000003AYRE,,1791527803154,1791527926715,1791527926715,
26662254-283c-428c-a24d-c60254a49fa2,CONSUMER,200,1,did:web:ssi-dim-wallet-service.identity:BPNL00000003AYRE,,1791527803228,1791527926836,1791527926836,
e540325f-f0de-4710-97d6-450338012eb4,CONSUMER,200,1,did:web:ssi-dim-wallet-service.identity:BPNL00000003AYRE,,1791527803250,1791527926936,1791527926936,
edaa0ef1-ec12-488f-9e01-a1d2babaabaf,CONSUMER,200,1,did:web:ssi-dim-wallet-service.identity:BPNL00000003AYRE,,1791527803271,1791527927073,1791527927073,
ec9b635c-f166-495d-a2d5-b7ef23290bfe,CONSUMER,200,1,did:web:ssi-dim-wallet-service.identity:BPNL00000003AYRE,,1791527803326,1791527928079,1791527928079,
3fad33ba-500e-4e29-ad9d-44592a3dcf37,CONSUMER,200,1,did:web:ssi-dim-wallet-service.identity:BPNL00000003AYRE,,1791527803453,1791527929758,1791527929758,
e9f25a1e-dc3c-4544-a117-51631c3f969b,CONSUMER,200,1,did:web:ssi-dim-wallet-service.identity:BPNL00000003AYRE,,1791527803549,1791527929848,1791527929848,
1ee667f5-b9dd-42bc-a7e7-25489a5bd948,CONSUMER,200,1,did:web:ssi-dim-wallet-service.identity:BPNL00000003AYRE,,1791527803550,1791527929968,1791527929968,
066cd651-82ea-4b2e-86cf-2283860e3c30,CONSUMER,200,1,did:web:ssi-dim-wallet-service.identity:BPNL00000003AYRE,,1791527803634,1791527930129,1791527930129,
7b905090-77d9-460a-9028-0d1c69584d85,CONSUMER,200,1,did:web:ssi-dim-wallet-service.identity:BPNL00000003AYRE,,1791527803660,1791527938751,1791527938751,
c583ec0e-8ed8-4a72-a32d-281dbda02d90,CONSUMER,200,1,did:web:ssi-dim-wallet-service.identity:BPNL00000003AYRE,,1791527804053,1791527938830,1791527938830,
080c7772-bdfb-49bf-8676-cecd7b95620e,CONSUMER,200,1,did:web:ssi-dim-wallet-service.identity:BPNL00000003AYRE,,1791527804126,1791527938856,1791527938856,
29cc95cf-91d1-467d-b45f-3ae0ea320dac,CONSUMER,200,1,did:web:ssi-dim-wallet-service.identity:BPNL00000003AYRE,,1791527804159,1791527938963,1791527938963,
ad01807c-d9c9-433d-9178-d74912ea198c,CONSUMER,200,1,did:web:ssi-dim-wallet-service.identity:BPNL00000003AYRE,,1791527804506,1791527939028,1791527939028,
a0935d71-01af-4912-ad53-446512867f0e,CONSUMER,200,1,did:web:ssi-dim-wallet-service.identity:BPNL00000003AYRE,,1791527804556,1791527939131,1791527939131,
38768a10-0dd9-4c1b-be42-3240d8731704,CONSUMER,200,1,did:web:ssi-dim-wallet-service.identity:BPNL00000003AYRE,,1791527804663,1791527939352,1791527939352,
04bc8066-1851-4332-a6c6-1f90208747d2,CONSUMER,200,1,did:web:ssi-dim-wallet-service.identity:BPNL00000003AYRE,,1791527805250,1791527940048,1791527940048,
3e8c4093-1dbe-4e56-a2f4-df427fd039e3,CONSUMER,200,1,did:web:ssi-dim-wallet-service.identity:BPNL00000003AYRE,,1791527805250,1791527939653,1791527939653,
74f4a22b-3351-4755-86f3-bfb925e3f860,CONSUMER,200,1,did:web:ssi-dim-wallet-service.identity:BPNL00000003AYRE,,1791527805263,1791527940249,1791527940249,
31dd90f9-af4b-45ca-8367-8587429ffa08,CONSUMER,200,1,did:web:ssi-dim-wallet-service.identity:BPNL00000003AYRE,,1791527805453,1791527940452,1791527940452,
9d3adf10-d36b-43d2-99f2-23bcf707bcee,CONSUMER,200,1,did:web:ssi-dim-wallet-service.identity:BPNL00000003AYRE,,1791527805625,1791527940527,1791527940527,
5478a59b-496f-43b4-9a59-831164a1dad5,CONSUMER,200,1,did:web:ssi-dim-wallet-service.identity:BPNL00000003AYRE,,1791527805654,1791527940835,1791527940835,
57c30884-b114-447b-853d-ee8c1fc1665f,CONSUMER,200,1,did:web:ssi-dim-wallet-service.identity:BPNL00000003AYRE,,1791527805959,1791527940949,1791527940949,
c9240da9-9fed-40af-b68e-caae5037a9ca,CONSUMER,200,1,did:web:ssi-dim-wallet-service.identity:BPNL00000003AYRE,,1791527806062,1791527941360,1791527941360,
40aae169-1944-4c50-b164-1348382f40fe,CONSUMER,200,1,did:web:ssi-dim-wallet-service.identity:BPNL00000003AYRE,,1791527806374,1791527941351,1791527941351,
cbf11286-40ad-40ba-994e-0b89af4f96f7,CONSUMER,200,1,did:web:ssi-dim-wallet-service.identity:BPNL00000003AYRE,,1791527806838,1791527941251,1791527941251,
42c53db8-6ce9-4bf2-a588-84d85e968521,CONSUMER,200,1,did:web:ssi-dim-wallet-service.identity:BPNL00000003AYRE,,1791527807261,1791527941531,1791527941531,
31b80abc-0569-41de-ab32-5a172b271c93,CONSUMER,200,1,did:web:ssi-dim-wallet-service.identity:BPNL00000003AYRE,,1791527807653,1791527941525,1791527941525,
476ba684-8a14-47c6-b5f4-afd3bfb3a9ac,CONSUMER,200,1,did:web:ssi-dim-wallet-service.identity:BPNL00000003AYRE,,1791527807755,1791527941626,1791527941626,
aa310e7e-765c-49fa-a536-b7601097f187,CONSUMER,200,1,did:web:ssi-dim-wallet-service.identity:BPNL00000003AYRE,,1791527807946,1791527950755,1791527950755,
f1fc985d-8399-4403-b378-fe7d4a5a2947,CONSUMER,200,1,did:web:ssi-dim-wallet-service.identity:BPNL00000003AYRE,,1791527808336,1791527950759,1791527950759,
c77c6a40-39b5-4ebd-83ae-3e3bc3b508cc,CONSUMER,200,1,did:web:ssi-dim-wallet-service.identity:BPNL00000003AYRE,,1791527809030,1791527950954,1791527950954,
f3642b38-776c-46e6-9a78-0ec3de50b9f5,CONSUMER,200,1,did:web:ssi-dim-wallet-service.identity:BPNL00000003AYRE,,1791527809281,1791527950955,1791527950955,
1c5f16a8-8ab3-4f6f-9ab8-7765cd8ed37d,CONSUMER,200,1,did:web:ssi-dim-wallet-service.identity:BPNL00000003AYRE,,1791527809362,1791527951047,1791527951047,
fb989ddf-d20d-47f3-98a1-2e6df7ffbe07,CONSUMER,200,1,did:web:ssi-dim-wallet-service.identity:BPNL00000003AYRE,,1791527811429,1791527951236,1791527951236,
349abf6b-9d77-497f-9696-a1f2ec9b3f90,CONSUMER,200,1,did:web:ssi-dim-wallet-service.identity:BPNL00000003AYRE,,1791527811740,1791527951364,1791527951364,
d7135249-6e33-4913-88bf-56cb83f01718,CONSUMER,200,1,did:web:ssi-dim-wallet-service.identity:BPNL00000003AYRE,,1791527811830,1791527951434,1791527951434,
1cd4364f-1e34-4fa9-ab5e-98633f9968c6,CONSUMER,200,1,did:web:ssi-dim-wallet-service.identity:BPNL00000003AYRE,,1791527811839,1791527951648,1791527951648,
ebdd3af2-d4c2-4570-be8c-e4df7f6a7e5b,CONSUMER,200,1,did:web:ssi-dim-wallet-service.identity:BPNL00000003AYRE,,1791527811932,1791527951656,1791527951656,
ff9562b5-240e-4b0e-a38c-413eac3a9649,CONSUMER,200,1,did:web:ssi-dim-wallet-service.identity:BPNL00000003AYRE,,1791527811944,1791527951932,1791527951932,
9ee59ab8-0cdb-40b6-a6c7-38da454317a1,CONSUMER,200,1,did:web:ssi-dim-wallet-service.identity:BPNL00000003AYRE,,1791527812931,1791527952236,1791527952236,
a349799d-7cd3-4be7-aed9-c47e5383a8d6,CONSUMER,200,1,did:web:ssi-dim-wallet-service.identity:BPNL00000003AYRE,,1791527813036,1791527952430,1791527952430,
78d778d9-1549-4021-9795-a76c1a75da3e,CONSUMER,200,1,did:web:ssi-dim-wallet-service.identity:BPNL00000003AYRE,,1791527813049,1791527952496,1791527952496,
fd0f726c-4f0f-47d2-94be-25b0bf324476,CONSUMER,200,1,did:web:ssi-dim-wallet-service.identity:BPNL00000003AYRE,,1791527813532,1791527952948,1791527952948,
908e2e4a-ff71-494f-a9e0-3eef7c783b6f,CONSUMER,200,1,did:web:ssi-dim-wallet-service.identity:BPNL00000003AYRE,,1791527813927,1791527953160,1791527953160,
29c9b856-3d56-49a6-8b0e-7c955c500cff,CONSUMER,200,1,did:web:ssi-dim-wallet-service.identity:BPNL00000003AYRE,,1791527814025,1791527953328,1791527953328,
2fa0a282-0f4d-4e61-b1d2-8064bc76a81a,CONSUMER,200,1,did:web:ssi-dim-wallet-service.identity:BPNL00000003AYRE,,1791527814647,1791527953325,1791527953325,
13a470ca-90d4-4a37-ac7f-fd4860bfac39,CONSUMER,200,1,did:web:ssi-dim-wallet-service.identity:BPNL00000003AYRE,,1791527815553,1791527953424,1791527953424,
a151f7a4-406f-4c73-b674-e6f535da6644,CONSUMER,200,1,did:web:ssi-dim-wallet-service.identity:BPNL00000003AYRE,,1791527815727,1791527953532,1791527953532,
7301ad17-8c03-47a4-9f7a-d7bc0b3db291,CONSUMER,200,1,did:web:ssi-dim-wallet-service.identity:BPNL00000003AYRE,,1791527815737,1791527964071,1791527964071,
7847a790-add6-4f4f-a872-df026d69063f,CONSUMER,200,1,did:web:ssi-dim-wallet-service.identity:BPNL00000003AYRE,,1791527816258,1791527964253,1791527964253,
a5b4733a-e78f-41fa-98ab-857ac03c20de,CONSUMER,200,1,did:web:ssi-dim-wallet-service.identity:BPNL00000003AYRE,,1791527817827,1791527964433,1791527964433,
745df492-9d1a-407b-9127-b1e3767ea72c,CONSUMER,200,1,did:web:ssi-dim-wallet-service.identity:BPNL00000003AYRE,,1791527817855,1791527964548,1791527964548,
40fea881-00dc-4614-95a6-5070fab60f66,CONSUMER,200,1,did:web:ssi-dim-wallet-service.identity:BPNL00000003AYRE,,1791527817950,1791527964750,1791527964750,
d8bab64c-0379-4ab0-9b91-444413a571ca,CONSUMER,200,1,did:web:ssi-dim-wallet-service.identity:BPNL00000003AYRE,,1791527817956,1791527964975,1791527964975,
06a08b02-bbf8-417b-910c-bc65b6816944,CONSUMER,200,1,did:web:ssi-dim-wallet-service.identity:BPNL00000003AYRE,,1791527818126,1791527965049,1791527965049,
985c619a-c391-4b4c-aeec-38d9cfddb0f7,CONSUMER,200,1,did:web:ssi-dim-wallet-service.identity:BPNL00000003AYRE,,1791527819257,1791527965258,1791527965258,
ae51dcd2-5c72-4a9e-a4a9-84bdc6c38f0a,CONSUMER,200,1,did:web:ssi-dim-wallet-service.identity:BPNL00000003AYRE,,1791527819427,1791527965548,1791527965548,
0268ce59-44fb-4cda-b09d-7c1fbdfdc234,CONSUMER,200,1,did:web:ssi-dim-wallet-service.identity:BPNL00000003AYRE,,1791527821534,1791527965527,1791527965527,
ff6b6fc9-3a4f-4ef8-9ec7-d24f1fc6e4b4,CONSUMER,200,1,did:web:ssi-dim-wallet-service.identity:BPNL00000003AYRE,,1791527821824,1791527965654,1791527965654,
e629731c-80ad-4d06-b8f9-3fd0a6fb7a21,CONSUMER,200,1,did:web:ssi-dim-wallet-service.identity:BPNL00000003AYRE,,1791527824224,1791527965732,1791527965732,
711b88e7-13fd-4489-b0ac-3eac867f8a45,CONSUMER,200,1,did:web:ssi-dim-wallet-service.identity:BPNL00000003AYRE,,1791527824329,1791527965947,1791527965947,
abfd34fe-1994-498e-bbfd-315321b62d74,CONSUMER,200,1,did:web:ssi-dim-wallet-service.identity:BPNL00000003AYRE,,1791527825552,1791527966152,1791527966152,
87ad79c9-6413-4a6e-b2b1-25fafe4de9bc,CONSUMER,200,1,did:web:ssi-dim-wallet-service.identity:BPNL00000003AYRE,,1791527827555,1791527966456,1791527966456,
6e5c3b85-2af1-4b90-a9e7-bf85fe383041,CONSUMER,200,1,did:web:ssi-dim-wallet-service.identity:BPNL00000003AYRE,,1791527828961,1791527966553,1791527966553,
e0b97c23-d3a8-49ec-97ac-2da3cc577da0,CONSUMER,200,1,did:web:ssi-dim-wallet-service.identity:BPNL00000003AYRE,,1791527830148,1791527966628,1791527966628,
972ed5c8-1772-4ad4-bda4-2087189a7dc2,CONSUMER,200,1,did:web:ssi-dim-wallet-service.identity:BPNL00000003AYRE,,1791527833349,1791527966919,1791527966919,
e7237d44-2be2-48c7-af29-c682bd01bbce,CONSUMER,200,1,did:web:ssi-dim-wallet-service.identity:BPNL00000003AYRE,,1791527841628,1791527967047,1791527967047,
bff332e5-fbf2-4b0c-a318-b467f9faffea,CONSUMER,200,1,did:web:ssi-dim-wallet-service.identity:BPNL00000003AYRE,,1791527841746,1791527966952,1791527966952,
074c3d0c-0425-46f8-a5f8-552288984d10,CONSUMER,200,1,did:web:ssi-dim-wallet-service.identity:BPNL00000003AYRE,,1791527841926,1791527975752,1791527975752,
9bd308d7-65f8-49a5-b1a8-896b6c34c3e2,CONSUMER,200,1,did:web:ssi-dim-wallet-service.identity:BPNL00000003AYRE,,1791527842153,1791527975758,1791527975758,
e965f60b-c0fa-4bd8-b20b-36025d4977a4,CONSUMER,200,1,did:web:ssi-dim-wallet-service.identity:BPNL00000003AYRE,,1791527842252,1791527975929,1791527975929,
8346721a-473e-4214-9661-72f8178b3541,CONSUMER,200,1,did:web:ssi-dim-wallet-service.identity:BPNL00000003AYRE,,1791527842426,1791527976155,1791527976155,
f9d26084-747b-4939-8575-be845c4f77f2,CONSUMER,200,1,did:web:ssi-dim-wallet-service.identity:BPNL00000003AYRE,,1791527842662,1791527976176,1791527976176,
278f3d17-d63f-4944-b94d-f1a959cab7eb,CONSUMER,200,1,did:web:ssi-dim-wallet-service.identity:BPNL00000003AYRE,,1791527842662,1791527976358,1791527976358,
9ecbc5be-86b1-430b-9c33-4479d4c019d8,CONSUMER,200,1,did:web:ssi-dim-wallet-service.identity:BPNL00000003AYRE,,1791527842663,1791527976347,1791527976347,
d9f7d7aa-81b2-4981-b0cf-872a67c3350c,CONSUMER,200,1,did:web:ssi-dim-wallet-service.identity:BPNL00000003AYRE,,1791527843049,1791527976555,1791527976555,
4e5e5192-a218-47aa-81c1-e9d52b44c0c8,CONSUMER,200,1,did:web:ssi-dim-wallet-service.identity:BPNL00000003AYRE,,1791527843855,1791527976651,1791527976651,
81e26982-e822-4ab7-868d-a2d633ccbe9e,CONSUMER,200,1,did:web:ssi-dim-wallet-service.identity:BPNL00000003AYRE,,1791527844357,1791527976754,1791527976754,
fd48b440-85a0-4b19-9db9-88e293dce7d5,CONSUMER,200,1,did:web:ssi-dim-wallet-service.identity:BPNL00000003AYRE,,1791527844458,1791527977555,1791527977555,
950e00cb-19c6-45da-834a-063ef03560e9,CONSUMER,200,1,did:web:ssi-dim-wallet-service.identity:BPNL00000003AYRE,,1791527844761,1791527977781,1791527977781,
2c6d5729-b9a9-4e91-8de8-4221d90cb9b3,CONSUMER,200,1,did:web:ssi-dim-wallet-service.identity:BPNL00000003AYRE,,1791527845062,1791527977876,1791527977876,
8808b61b-2a99-4f7a-a8c1-71af9c48437f,CONSUMER,200,1,did:web:ssi-dim-wallet-service.identity:BPNL00000003AYRE,,1791527845529,1791527978075,1791527978075,
ab16feb0-eb13-4a92-86d9-8b28c02672c4,CONSUMER,200,1,did:web:ssi-dim-wallet-service.identity:BPNL00000003AYRE,,1791527845655,1791527978334,1791527978334,
ac7a3ef6-2d7a-4d10-a3e2-f9df35880cbd,CONSUMER,200,1,did:web:ssi-dim-wallet-service.identity:BPNL00000003AYRE,,1791527847792,1791527978446,1791527978446,
a455b521-caa2-438d-9168-f7e8574d44c3,CONSUMER,200,1,did:web:ssi-dim-wallet-service.identity:BPNL00000003AYRE,,1791527848349,1791527978663,1791527978663,
559e9e5f-4145-4ad4-947e-5864ea3c1413,CONSUMER,200,1,did:web:ssi-dim-wallet-service.identity:BPNL00000003AYRE,,1791527848428,1791527978655,1791527978655,
4b582fe0-4b91-4e1b-92a1-4baccdfc03fb,CONSUMER,200,1,did:web:ssi-dim-wallet-service.identity:BPNL00000003AYRE,,1791527848441,1791527979096,1791527979096,
06eef96a-4b7f-4207-be28-954e3c156146,CONSUMER,200,1,did:web:ssi-dim-wallet-service.identity:BPNL00000003AYRE,,1791527848449,1791527979325,1791527979325,
7e0bb748-952e-46f2-a6fd-95f188d63ca1,CONSUMER,200,1,did:web:ssi-dim-wallet-service.identity:BPNL00000003AYRE,,1791527848575,1791527987934,1791527987934,
c5088dfe-4c3b-45ab-90ed-519e008e0bf1,CONSUMER,200,1,did:web:ssi-dim-wallet-service.identity:BPNL00000003AYRE,,1791527848677,1791527988028,1791527988028,
35312da4-5b6a-418e-bc85-9c10fe5ed56a,CONSUMER,200,1,did:web:ssi-dim-wallet-service.identity:BPNL00000003AYRE,,1791527849863,1791527988159,1791527988159,
26cbbff7-b388-4681-bc3d-f3f095b1a632,CONSUMER,200,1,did:web:ssi-dim-wallet-service.identity:BPNL00000003AYRE,,1791527850261,1791527988452,1791527988452,
325987b3-1837-4e9b-bc5c-2a4e94d316e2,CONSUMER,200,1,did:web:ssi-dim-wallet-service.identity:BPNL00000003AYRE,,1791527850758,1791527988366,1791527988366,
285a4a42-8fda-48d1-a064-8429f703b338,CONSUMER,200,1,did:web:ssi-dim-wallet-service.identity:BPNL00000003AYRE,,1791527852558,1791527988727,1791527988727,
592b864b-c99b-4019-a852-68d4a069d511,CONSUMER,200,1,did:web:ssi-dim-wallet-service.identity:BPNL00000003AYRE,,1791527852665,1791527989132,1791527989132,
95195f9d-5fd3-4a4b-b334-2d2b9b9ebe81,CONSUMER,200,1,did:web:ssi-dim-wallet-service.identity:BPNL00000003AYRE,,1791527853329,1791527989447,1791527989447,
0a494c2e-dfa8-48b4-bbd5-2e09f1c25e26,CONSUMER,200,1,did:web:ssi-dim-wallet-service.identity:BPNL00000003AYRE,,1791527853462,1791527989949,1791527989949,
daee5ec0-bedb-4aa3-84ee-0b7355592c9b,CONSUMER,200,1,did:web:ssi-dim-wallet-service.identity:BPNL00000003AYRE,,1791527853632,1791527990151,1791527990151,
818e688b-0fe3-4f7c-a002-0f70ebd90c68,CONSUMER,200,1,did:web:ssi-dim-wallet-service.identity:BPNL00000003AYRE,,1791527853857,1791527990031,1791527990031,
6ff389cf-4b1d-4f61-9e61-65f5884a0894,CONSUMER,200,1,did:web:ssi-dim-wallet-service.identity:BPNL00000003AYRE,,1791527853947,1791527990449,1791527990449,
6f030cf0-e82f-4258-b454-2d212289ffa8,CONSUMER,200,1,did:web:ssi-dim-wallet-service.identity:BPNL00000003AYRE,,1791527853956,1791527990456,1791527990456,
f2e73c7c-f50d-419f-9645-815668b7a82f,CONSUMER,200,1,did:web:ssi-dim-wallet-service.identity:BPNL00000003AYRE,,1791527854229,1791527991054,1791527991054,
4dd885e9-3493-4e80-b340-a2e6cd23a962,CONSUMER,200,1,did:web:ssi-dim-wallet-service.identity:BPNL00000003AYRE,,1791527854367,1791527991329,1791527991329,
2e3392ce-7749-424e-9f0b-c77c79d1caab,CONSUMER,200,1,did:web:ssi-dim-wallet-service.identity:BPNL00000003AYRE,,1791527854648,1791527991534,1791527991534,
a9321b7b-7fe3-4cb6-966c-3c1b08ff6df2,CONSUMER,200,1,did:web:ssi-dim-wallet-service.identity:BPNL00000003AYRE,,1791527854760,1791527991632,1791527991632,
1c3eed82-5b6c-4487-ba95-ca9061449ddd,CONSUMER,200,1,did:web:ssi-dim-wallet-service.identity:BPNL00000003AYRE,,1791527855026,1791527991656,1791527991656,
ac894d65-05d9-411e-accc-b7c1e07032b1,CONSUMER,200,1,did:web:ssi-dim-wallet-service.identity:BPNL00000003AYRE,,1791527855357,1791527991727,1791527991727,
2bd52a2b-7612-4e2d-bb54-753ecc745d24,CONSUMER,200,1,did:web:ssi-dim-wallet-service.identity:BPNL00000003AYRE,,1791527855765,1791527991829,1791527991829,
c86463cf-3e0b-4fa5-9c03-ea3a63a75e89,CONSUMER,200,1,did:web:ssi-dim-wallet-service.identity:BPNL00000003AYRE,,1791527855954,1791527996577,1791527996577,
804cf9ea-4995-43b0-b0c0-3e1ddf44f104,CONSUMER,200,1,did:web:ssi-dim-wallet-service.identity:BPNL00000003AYRE,,1791527856057,1791527996757,1791527996757,
cc3f7488-091f-4d1b-ab9c-4ab7703c0415,CONSUMER,200,1,did:web:ssi-dim-wallet-service.identity:BPNL00000003AYRE,,1791527856859,1791527996926,1791527996926,
17b04cca-4e42-4646-b4f6-27cf7faefe8d,CONSUMER,200,1,did:web:ssi-dim-wallet-service.identity:BPNL00000003AYRE,,1791527856961,1791527997028,1791527997028,
020d8ec4-13cc-488e-8a60-013d5b5ecb98,CONSUMER,200,1,did:web:ssi-dim-wallet-service.identity:BPNL00000003AYRE,,1791527858586,1791527997351,1791527997351,
2ae90069-cad8-4569-9c05-bd7c2ab8ea08,CONSUMER,200,1,did:web:ssi-dim-wallet-service.identity:BPNL00000003AYRE,,1791527863563,1791527997327,1791527997327,
20132945-c432-45f1-9505-54d349019141,CONSUMER,200,1,did:web:ssi-dim-wallet-service.identity:BPNL00000003AYRE,,1791527864926,1791527997348,1791527997348,
3bc63bb4-0d05-47a1-b4f2-fc7ef1b61c85,CONSUMER,200,1,did:web:ssi-dim-wallet-service.identity:BPNL00000003AYRE,,1791527865670,1791527997650,1791527997650,
bfbfc5c1-21c1-4302-b6ba-32c9e2c5eda4,CONSUMER,200,1,did:web:ssi-dim-wallet-service.identity:BPNL00000003AYRE,,1791527865725,1791527997755,1791527997755,
e721c589-d832-4674-9e70-51a4f7d47993,CONSUMER,200,1,did:web:ssi-dim-wallet-service.identity:BPNL00000003AYRE,,1791527866052,1791527997755,1791527997755,
70129a33-19f4-4626-b3b8-289eb7e52499,CONSUMER,200,1,did:web:ssi-dim-wallet-service.identity:BPNL00000003AYRE,,1791527867978,1791527997752,1791527997752,
afa35c23-2f17-4a91-8593-5a608f00c573,CONSUMER,200,1,did:web:ssi-dim-wallet-service.identity:BPNL00000003AYRE,,1791527871866,1791527997931,1791527997931,
29c6e7fe-efb1-474c-946d-b5beca4819c8,CONSUMER,200,1,did:web:ssi-dim-wallet-service.identity:BPNL00000003AYRE,,1791527873030,1791527997961,1791527997961,
6c4bad3a-e25b-4cd0-8e8a-ea222575963a,CONSUMER,200,1,did:web:ssi-dim-wallet-service.identity:BPNL00000003AYRE,,1791527874862,1791527998426,1791527998426,
eed55946-d016-4b92-a7f4-1bccadf10375,CONSUMER,200,1,did:web:ssi-dim-wallet-service.identity:BPNL00000003AYRE,,1791527875527,1791527998428,1791527998428,
2e1c1aa3-a22e-4e5c-b72c-9f2587943997,CONSUMER,200,1,did:web:ssi-dim-wallet-service.identity:BPNL00000003AYRE,,1791527877427,1791527998434,1791527998434,
38498c16-504a-4b5a-9781-06b7a467a97d,CONSUMER,200,1,did:web:ssi-dim-wallet-service.identity:BPNL00000003AYRE,,1791527879453,1791527998566,1791527998566,
e7870556-35ca-4f60-a2da-73c538f73fab,CONSUMER,200,1,did:web:ssi-dim-wallet-service.identity:BPNL00000003AYRE,,1791527881854,1791527998729,1791527998729,
7e89038e-dbbd-4688-a454-61813c37fcec,CONSUMER,200,1,did:web:ssi-dim-wallet-service.identity:BPNL00000003AYRE,,1791527881966,1791527998833,1791527998833,
ed9a03e5-355c-4537-b10c-5a1527e25cb9,CONSUMER,200,1,did:web:ssi-dim-wallet-service.identity:BPNL00000003AYRE,,1791527882349,1791527999353,1791527999353,
92d7b6a4-cd1a-4db5-9709-6988c444210e,CONSUMER,200,1,did:web:ssi-dim-wallet-service.identity:BPNL00000003AYRE,,1791527882859,1791528006457,1791528006457,
22eacc08-9266-4239-b61e-b1816783a298,CONSUMER,200,1,did:web:ssi-dim-wallet-service.identity:BPNL00000003AYRE,,1791527885225,1791528006632,1791528006632,
2447061a-918a-456c-a21c-7e8ec7800c3e,CONSUMER,200,1,did:web:ssi-dim-wallet-service.identity:BPNL00000003AYRE,,1791527886348,1791528007026,1791528007026,
b124ec3a-8b83-47a6-8e36-e08847b9c237,CONSUMER,200,1,did:web:ssi-dim-wallet-service.identity:BPNL00000003AYRE,,1791527888775,1791528007156,1791528007156,
8c770ed8-1e13-4ab0-bc7e-945ba28420bc,CONSUMER,200,1,did:web:ssi-dim-wallet-service.identity:BPNL00000003AYRE,,1791527888847,1791528007347,1791528007347,
391332b5-1b36-4e3c-8150-d5f7432a22ad,CONSUMER,200,1,did:web:ssi-dim-wallet-service.identity:BPNL00000003AYRE,,1791527890464,1791528007730,1791528007730,
8adaec0c-be62-4845-8f7d-afac174bd946,CONSUMER,200,1,did:web:ssi-dim-wallet-service.identity:BPNL00000003AYRE,,1791527891530,1791528007637,1791528007637,
70d9e77f-fb7f-413f-b7d4-6d55d7444159,CONSUMER,200,1,did:web:ssi-dim-wallet-service.identity:BPNL00000003AYRE,,1791527892527,1791528007935,1791528007935,
a5d5c363-00a9-41b1-ae88-b950a30e121c,CONSUMER,200,1,did:web:ssi-dim-wallet-service.identity:BPNL00000003AYRE,,1791527893167,1791528007965,1791528007965,
435dc53a-eb74-4f00-8342-f7b65c8a387a,CONSUMER,200,1,did:web:ssi-dim-wallet-service.identity:BPNL00000003AYRE,,1791527896438,1791528008027,1791528008027,
0c1933bd-13ab-4b0f-9862-2ffc8bf81720,CONSUMER,200,1,did:web:ssi-dim-wallet-service.identity:BPNL00000003AYRE,,1791527899979,1791528008194,1791528008194,
e4a820dd-1884-4ce2-95a7-30ec46e4abc2,CONSUMER,200,1,did:web:ssi-dim-wallet-service.identity:BPNL00000003AYRE,,1791527900037,1791528008307,1791528008307,
394dc2de-25ca-4415-95ae-c63a322da72f,CONSUMER,200,1,did:web:ssi-dim-wallet-service.identity:BPNL00000003AYRE,,1791527900334,1791528008537,1791528008537,
14e0bb1e-a582-43ce-aab7-357e8f30fc48,CONSUMER,200,1,did:web:ssi-dim-wallet-service.identity:BPNL00000003AYRE,,1791527905951,1791528008631,1791528008631,
1d0ccc57-8408-466b-9fc2-f1fa1e346cdf,CONSUMER,200,1,did:web:ssi-dim-wallet-service.identity:BPNL00000003AYRE,,1791527911055,1791528008842,1791528008842,
a57f3bd2-63ce-42f2-b96c-67b39454bbe5,CONSUMER,200,1,did:web:ssi-dim-wallet-service.identity:BPNL00000003AYRE,,1791527912330,1791528008949,1791528008949,
75aca412-9e81-4394-8cb1-3c2bf5f90704,CONSUMER,200,1,did:web:ssi-dim-wallet-service.identity:BPNL00000003AYRE,,1791527913749,1791528009062,1791528009062,
455d4809-4487-4b45-8da1-f08355f0e21d,CONSUMER,200,1,did:web:ssi-dim-wallet-service.identity:BPNL00000003AYRE,,1791527917449,1791528009131,1791528009131,
2403931d-1f02-4b99-821e-efc0f9e1c984,CONSUMER,200,1,did:web:ssi-dim-wallet-service.identity:BPNL00000003AYRE,,1791527921632,1791528009528,1791528009528,
cb2236b0-5ad5-4762-b60a-2cc329d3b89d,CONSUMER,200,1,did:web:ssi-dim-wallet-service.identity:BPNL00000003AYRE,,1791527922256,1791528009629,1791528009629,
a0bc0190-9c4c-48b2-880e-876aee69baae,CONSUMER,200,1,did:web:ssi-dim-wallet-service.identity:BPNL00000003AYRE,,1791527922552,1791528016919,1791528016919,
c859dc91-8eb8-4b20-addc-94dfcfb92e6c,CONSUMER,200,1,did:web:ssi-dim-wallet-service.identity:BPNL00000003AYRE,,1791527923260,1791528016949,1791528016949,
648151f4-c739-4d3c-a887-42ddebb34601,CONSUMER,200,1,did:web:ssi-dim-wallet-service.identity:BPNL00000003AYRE,,1791527923373,1791528017047,1791528017047,
ee5e00b4-a756-400f-921e-dd275dd06a84,CONSUMER,200,1,did:web:ssi-dim-wallet-service.identity:BPNL00000003AYRE,,1791527923626,1791528017263,1791528017263,
064556d4-6226-44e6-9ea1-b1b470de2a5e,CONSUMER,200,1,did:web:ssi-dim-wallet-service.identity:BPNL00000003AYRE,,1791527923763,1791528017352,1791528017352,
cf9a448a-209b-4a90-b57c-beba44bd87c9,CONSUMER,200,1,did:web:ssi-dim-wallet-service.identity:BPNL00000003AYRE,,1791527923949,1791528017763,1791528017763,
4b31271a-1489-45e8-a9a6-f09ff7133567,CONSUMER,200,1,did:web:ssi-dim-wallet-service.identity:BPNL00000003AYRE,,1791527924171,1791528017847,1791528017847,
10c6998d-7aa2-45e2-b76c-39a09bd535f3,CONSUMER,200,1,did:web:ssi-dim-wallet-service.identity:BPNL00000003AYRE,,1791527924429,1791528017869,1791528017869,
622021fe-d705-4760-a5fd-ba764040b156,CONSUMER,200,1,did:web:ssi-dim-wallet-service.identity:BPNL00000003AYRE,,1791527924526,1791528017951,1791528017951,
a0f7be59-a0ef-4258-b273-94f6cc00f8fd,CONSUMER,200,1,did:web:ssi-dim-wallet-service.identity:BPNL00000003AYRE,,1791527927476,1791528018330,1791528018330,
511d2cd1-5091-47d4-842b-285007b3a672,CONSUMER,200,1,did:web:ssi-dim-wallet-service.identity:BPNL00000003AYRE,,1791527930730,1791528018448,1791528018448,
1352adf8-c613-4c17-9c74-6e40e5e87a25,CONSUMER,200,1,did:web:ssi-dim-wallet-service.identity:BPNL00000003AYRE,,1791527930846,1791528018463,1791528018463,
d72b6565-df3a-41d8-a0ae-55b61b5d52a7,CONSUMER,200,1,did:web:ssi-dim-wallet-service.identity:BPNL00000003AYRE,,1791527931035,1791528018556,1791528018556,
ce4cdc3d-1434-40be-a949-72074195380a,CONSUMER,200,1,did:web:ssi-dim-wallet-service.identity:BPNL00000003AYRE,,1791527931131,1791528018758,1791528018758,
fecc7ef2-cd47-43f5-a213-5b5a7f9fa4db,CONSUMER,200,1,did:web:ssi-dim-wallet-service.identity:BPNL00000003AYRE,,1791527931461,1791528019029,1791528019029,
569324ac-7834-4360-9b62-b04deaaf7f2d,CONSUMER,200,1,did:web:ssi-dim-wallet-service.identity:BPNL00000003AYRE,,1791527931950,1791528019948,1791528019948,
64332d78-f312-4933-abf0-7ef7e3afad7f,CONSUMER,200,1,did:web:ssi-dim-wallet-service.identity:BPNL00000003AYRE,,1791527937636,1791528020064,1791528020064,
70de21fe-ebd3-4e69-859a-8b0d3793d4fc,CONSUMER,200,1,did:web:ssi-dim-wallet-service.identity:BPNL00000003AYRE,,1791527942748,1791528020061,1791528020061,
a8a484f2-5e44-4a2b-adad-6929da9636d3,CONSUMER,200,1,did:web:ssi-dim-wallet-service.identity:BPNL00000003AYRE,,1791527944849,1791528019959,1791528019959,
3bbed32e-b030-44ac-a5c6-a909559f97cc,CONSUMER,200,1,did:web:ssi-dim-wallet-service.identity:BPNL00000003AYRE,,1791527954247,1791528020153,1791528020153,
e4c17527-fbb3-4fba-a73a-ace999591cb6,CONSUMER,200,1,did:web:ssi-dim-wallet-service.identity:BPNL00000003AYRE,,1791527955233,1791528025061,1791528025061,
cbf9dd40-4c69-4a75-81e6-1656929a498c,CONSUMER,200,1,did:web:ssi-dim-wallet-service.identity:BPNL00000003AYRE,,1791527956752,1791528025250,1791528025250,
32020a57-468b-439e-a873-1f3836b90959,CONSUMER,200,1,did:web:ssi-dim-wallet-service.identity:BPNL00000003AYRE,,1791527956823,1791528025254,1791528025254,
0d8d904c-af65-4209-9c26-bc6294e066cc,CONSUMER,200,1,did:web:ssi-dim-wallet-service.identity:BPNL00000003AYRE,,1791527957055,1791528025450,1791528025450,
720b2d52-7842-4276-9a03-74afc6e675d0,CONSUMER,200,1,did:web:ssi-dim-wallet-service.identity:BPNL00000003AYRE,,1791527957825,1791528025548,1791528025548,
466a393e-10f7-47ac-a35e-4aecb082fc3e,CONSUMER,200,1,did:web:ssi-dim-wallet-service.identity:BPNL00000003AYRE,,1791527961133,1791528025856,1791528025856,
44ea6b95-8e7a-46b9-aa65-ef0c2159f651,CONSUMER,200,1,did:web:ssi-dim-wallet-service.identity:BPNL00000003AYRE,,1791527962526,1791528026150,1791528026150,
5267ddb9-7a7a-4ebd-ba01-ddc52f71f783,CONSUMER,200,1,did:web:ssi-dim-wallet-service.identity:BPNL00000003AYRE,,1791527962953,1791528026279,1791528026279,
01e7dc74-5b6a-46bc-9206-404e28e326a6,CONSUMER,200,1,did:web:ssi-dim-wallet-service.identity:BPNL00000003AYRE,,1791527964337,1791528026429,1791528026429,
395c1a1d-adfb-4daa-bfc7-484f4269ea88,CONSUMER,200,1,did:web:ssi-dim-wallet-service.identity:BPNL00000003AYRE,,1791527967463,1791528026528,1791528026528,
bce52db8-1091-4687-8501-fbc587ff7bfb,CONSUMER,200,1,did:web:ssi-dim-wallet-service.identity:BPNL00000003AYRE,,1791527969650,1791528026765,1791528026765,
b08c5aa2-db61-4f00-b824-04f267ea2b56,CONSUMER,200,1,did:web:ssi-dim-wallet-service.identity:BPNL00000003AYRE,,1791527970472,1791528026904,1791528026904,
5913abca-6f10-4fc0-8297-2cc5e37e5a3c,CONSUMER,200,1,did:web:ssi-dim-wallet-service.identity:BPNL00000003AYRE,,1791527970526,1791528027059,1791528027059,
47359d38-b8d4-468b-9b80-18882357b23b,CONSUMER,200,1,did:web:ssi-dim-wallet-service.identity:BPNL00000003AYRE,,1791527971856,1791528027055,1791528027055,
89334ac9-710d-48b6-8fff-9e38c3ef510a,CONSUMER,200,1,did:web:ssi-dim-wallet-service.identity:BPNL00000003AYRE,,1791527975161,1791528027261,1791528027261,
15ec4e1b-d15e-4b53-acfb-e401034986c6,CONSUMER,200,1,did:web:ssi-dim-wallet-service.identity:BPNL00000003AYRE,,1791527975424,1791528027256,1791528027256,
64c8f294-cbdf-48cc-9b3f-05ce75d5c870,CONSUMER,200,1,did:web:ssi-dim-wallet-service.identity:BPNL00000003AYRE,,1791527979554,1791528027450,1791528027450,
9ae84d6f-19fd-4b8a-9b23-cbc3dd93823c,CONSUMER,200,1,did:web:ssi-dim-wallet-service.identity:BPNL00000003AYRE,,1791527980327,1791528027759,1791528027759,
7ebecc05-e429-4172-ac74-5cc20ad98c4f,CONSUMER,200,1,did:web:ssi-dim-wallet-service.identity:BPNL00000003AYRE,,1791527980559,1791528027757,1791528027757,
b29a39ef-d163-4465-8de0-49700911300b,CONSUMER,200,1,did:web:ssi-dim-wallet-service.identity:BPNL00000003AYRE,,1791527980726,1791528027865,1791528027865,
9e6976fe-3c68-4677-b03b-e34fd437f4dd,CONSUMER,200,1,did:web:ssi-dim-wallet-service.identity:BPNL00000003AYRE,,1791527981427,1791528034152,1791528034152,
9dfad1b5-4be5-4e4a-8f3a-bf5af032318a,CONSUMER,200,1,did:web:ssi-dim-wallet-service.identity:BPNL00000003AYRE,,1791527981760,1791528034455,1791528034455,
29e5460d-aef2-4529-a603-1effcb042cab,CONSUMER,200,1,did:web:ssi-dim-wallet-service.identity:BPNL00000003AYRE,,1791527984256,1791528034950,1791528034950,
7ef53dc8-ec5f-497e-939b-9102589a912f,CONSUMER,200,1,did:web:ssi-dim-wallet-service.identity:BPNL00000003AYRE,,1791527985749,1791528034756,1791528034756,
f13cad95-f848-4426-9f85-da262770fd09,CONSUMER,200,1,did:web:ssi-dim-wallet-service.identity:BPNL00000003AYRE,,1791527986053,1791528034955,1791528034955,
32fef36b-895f-45e1-b475-96113075851b,CONSUMER,200,1,did:web:ssi-dim-wallet-service.identity:BPNL00000003AYRE,,1791527986312,1791528034961,1791528034961,
2024d044-28df-4c2f-ad08-e18574fb2444,CONSUMER,200,1,did:web:ssi-dim-wallet-service.identity:BPNL00000003AYRE,,1791527988629,1791528035062,1791528035062,
cb9a8834-da60-4847-8c5a-3c839a14acef,CONSUMER,200,1,did:web:ssi-dim-wallet-service.identity:BPNL00000003AYRE,,1791527992032,1791528035426,1791528035426,
ca419d25-17ce-45a6-abce-4a11d6637a44,CONSUMER,200,1,did:web:ssi-dim-wallet-service.identity:BPNL00000003AYRE,,1791527992035,1791528035447,1791528035447,
b8b5c0d4-9c5c-46ed-9453-71dca8d31750,CONSUMER,200,1,did:web:ssi-dim-wallet-service.identity:BPNL00000003AYRE,,1791527992251,1791528035450,1791528035450,
b12f68d5-c13b-4dcf-87c2-eb77b41eb2dc,CONSUMER,200,1,did:web:ssi-dim-wallet-service.identity:BPNL00000003AYRE,,1791527992252,1791528035760,1791528035760,
44809909-00b3-4e49-999f-b76fec0b161f,CONSUMER,200,1,did:web:ssi-dim-wallet-service.identity:BPNL00000003AYRE,,1791527992352,1791528036052,1791528036052,
8813e680-6964-403e-9e3e-650ea0aa0389,CONSUMER,200,1,did:web:ssi-dim-wallet-service.identity:BPNL00000003AYRE,,1791527993148,1791528035955,1791528035955,
c9ec9307-fb8c-4908-84a7-18d866403469,CONSUMER,200,1,did:web:ssi-dim-wallet-service.identity:BPNL00000003AYRE,,1791527993633,1791528035872,1791528035872,
efc5366c-011c-47ba-80ec-bfd539c16abe,CONSUMER,200,1,did:web:ssi-dim-wallet-service.identity:BPNL00000003AYRE,,1791527993753,1791528036260,1791528036260,
95c755d7-766f-4fd4-a4b0-21bb7c07f185,CONSUMER,200,1,did:web:ssi-dim-wallet-service.identity:BPNL00000003AYRE,,1791527993853,1791528036357,1791528036357,
94de18bd-78a7-43c1-a868-d7fca64a42f3,CONSUMER,200,1,did:web:ssi-dim-wallet-service.identity:BPNL00000003AYRE,,1791527994034,1791528036752,1791528036752,
afbcb504-3e0f-494b-af47-98cc6522c14b,CONSUMER,200,1,did:web:ssi-dim-wallet-service.identity:BPNL00000003AYRE,,1791527994552,1791528037067,1791528037067,
f6d24a51-7ff3-4d19-a6ff-4c69effdc286,CONSUMER,200,1,did:web:ssi-dim-wallet-service.identity:BPNL00000003AYRE,,1791527995639,1791528037248,1791528037248,
c84612af-8f8c-456e-8555-f8c7533084e2,CONSUMER,200,1,did:web:ssi-dim-wallet-service.identity:BPNL00000003AYRE,,1791527996635,1791528037359,1791528037359,
c56b9bcc-9981-456c-85be-d2758b0fd54e,CONSUMER,200,1,did:web:ssi-dim-wallet-service.identity:BPNL00000003AYRE,,1791527998329,1791528039750,1791528039750,
ade8cba2-cffe-42f0-931c-0317ddd6a545,CONSUMER,200,1,did:web:ssi-dim-wallet-service.identity:BPNL00000003AYRE,,1791527998562,1791528039955,1791528039955,
193b454a-c5b8-43d7-9956-fc4e56036720,CONSUMER,200,1,did:web:ssi-dim-wallet-service.identity:BPNL00000003AYRE,,1791527999336,1791528040231,1791528040231,
cedf5f71-a04a-4003-a2ce-39f6fc2133dd,CONSUMER,200,1,did:web:ssi-dim-wallet-service.identity:BPNL00000003AYRE,,1791527999726,1791528040255,1791528040255,
4894f3c9-8bb8-4a4e-87f7-777cd5c490ac,CONSUMER,200,1,did:web:ssi-dim-wallet-service.identity:BPNL00000003AYRE,,1791527999926,1791528040657,1791528040657,
07a826d8-c462-41be-a0ab-616bc87f7dcd,CONSUMER,200,1,did:web:ssi-dim-wallet-service.identity:BPNL00000003AYRE,,1791527999953,1791528040626,1791528040626,
9ee29fae-6cbe-4ea4-97f6-affb24cce826,CONSUMER,200,1,did:web:ssi-dim-wallet-service.identity:BPNL00000003AYRE,,1791528000325,1791528040648,1791528040648,
f3f19f93-1c4c-40ab-9ea6-1f83ab265802,CONSUMER,200,1,did:web:ssi-dim-wallet-service.identity:BPNL00000003AYRE,,1791528000635,1791528040659,1791528040659,
8180519e-c2ae-4f27-9ca9-1620e3c2ce1f,CONSUMER,200,1,did:web:ssi-dim-wallet-service.identity:BPNL00000003AYRE,,1791528000831,1791528040849,1791528040849,
c22ef816-7cd3-49a0-8485-eb4b78dfe6bb,CONSUMER,200,1,did:web:ssi-dim-wallet-service.identity:BPNL00000003AYRE,,1791528001153,1791528040831,1791528040831,
b8ca04fe-af52-4a1e-958c-8374075b4d29,CONSUMER,200,1,did:web:ssi-dim-wallet-service.identity:BPNL00000003AYRE,,1791528001362,1791528041053,1791528041053,
ce86fedc-7fa4-42d4-972b-b65abf9d2339,CONSUMER,200,1,did:web:ssi-dim-wallet-service.identity:BPNL00000003AYRE,,1791528001625,1791528040953,1791528040953,
a8e840b2-fc31-48ae-a9e1-a8c2b427e3d6,CONSUMER,200,1,did:web:ssi-dim-wallet-service.identity:BPNL00000003AYRE,,1791528002161,1791528041060,1791528041060,
46bac069-d79d-4e6a-992f-e79cb21f0586,CONSUMER,200,1,did:web:ssi-dim-wallet-service.identity:BPNL00000003AYRE,,1791528002253,1791528041416,1791528041416,
6e7b1487-c435-4679-a9ad-5ba94b19a517,CONSUMER,200,1,did:web:ssi-dim-wallet-service.identity:BPNL00000003AYRE,,1791528003560,1791528041632,1791528041632,
f93dc54b-a8a1-4344-a9d8-89ed58f8754d,CONSUMER,200,1,did:web:ssi-dim-wallet-service.identity:BPNL00000003AYRE,,1791528003852,1791528041825,1791528041825,
f21968ac-7143-41e1-b5a3-6ae8a2c5ad1e,CONSUMER,200,1,did:web:ssi-dim-wallet-service.identity:BPNL00000003AYRE,,1791528004031,1791528041934,1791528041934,
6f3cf401-6eb1-49bd-9b1c-93ef1b157a55,CONSUMER,200,1,did:web:ssi-dim-wallet-service.identity:BPNL00000003AYRE,,1791528004429,1791528042025,1791528042025,
8dac81c4-c4de-4146-8e1b-e61678a8e611,CONSUMER,200,1,did:web:ssi-dim-wallet-service.identity:BPNL00000003AYRE,,1791528005127,1791528042125,1791528042125,
eb285bf2-940c-48fd-946b-4ee50b286c93,CONSUMER,200,1,did:web:ssi-dim-wallet-service.identity:BPNL00000003AYRE,,1791528005558,1791528042126,1791528042126,
491291d2-18fa-461a-a96f-c3bf1f744133,CONSUMER,200,1,did:web:ssi-dim-wallet-service.identity:BPNL00000003AYRE,,1791528006753,1791528044525,1791528044525,
dae81c71-997e-4f27-b97e-0f1a5f62605b,CONSUMER,200,1,did:web:ssi-dim-wallet-service.identity:BPNL00000003AYRE,,1791528006930,1791528044525,1791528044525,
f8bb9d3c-fa09-4790-859a-f796a0c219a9,CONSUMER,200,1,did:web:ssi-dim-wallet-service.identity:BPNL00000003AYRE,,1791528008560,1791528044734,1791528044734,
d18f4f29-0e59-42a2-8876-246756d71fb2,CONSUMER,200,1,did:web:ssi-dim-wallet-service.identity:BPNL00000003AYRE,,1791528008749,1791528044735,1791528044735,
3b11abbc-3269-4767-8216-09cd2eab45ba,CONSUMER,200,1,did:web:ssi-dim-wallet-service.identity:BPNL00000003AYRE,,1791528009363,1791528044832,1791528044832,
6052aff1-35ee-4248-a871-09108462a80b,CONSUMER,200,1,did:web:ssi-dim-wallet-service.identity:BPNL00000003AYRE,,1791528009859,1791528044667,1791528044667,
7dfe0127-10a0-44c3-82ab-f5db80683e54,CONSUMER,200,1,did:web:ssi-dim-wallet-service.identity:BPNL00000003AYRE,,1791528010328,1791528044853,1791528044853,
e654b646-0009-48cb-8be2-c6af4b87d84b,CONSUMER,200,1,did:web:ssi-dim-wallet-service.identity:BPNL00000003AYRE,,1791528010335,1791528044969,1791528044969,
8d0eaf26-d05b-409f-a879-0f6a4be751ba,CONSUMER,200,1,did:web:ssi-dim-wallet-service.identity:BPNL00000003AYRE,,1791528010351,1791528045026,1791528045026,
5347b00d-0655-486d-af01-ab4d240572cb,CONSUMER,200,1,did:web:ssi-dim-wallet-service.identity:BPNL00000003AYRE,,1791528010448,1791528045360,1791528045360,
7576fd82-a949-4f83-a38a-672fc6971ab0,CONSUMER,200,1,did:web:ssi-dim-wallet-service.identity:BPNL00000003AYRE,,1791528011659,1791528045366,1791528045366,
de49f40c-eab8-44d0-b297-94055e356221,CONSUMER,200,1,did:web:ssi-dim-wallet-service.identity:BPNL00000003AYRE,,1791528011660,1791528045448,1791528045448,
e9c24402-cf13-4ce2-94da-b1ebafdb820e,CONSUMER,200,1,did:web:ssi-dim-wallet-service.identity:BPNL00000003AYRE,,1791528012649,1791528045554,1791528045554,
349eb583-7934-47df-a689-a8f58227589d,CONSUMER,200,1,did:web:ssi-dim-wallet-service.identity:BPNL00000003AYRE,,1791528013367,1791528045667,1791528045667,
766758a9-7180-4232-b46c-bccadd8f44f6,CONSUMER,200,1,did:web:ssi-dim-wallet-service.identity:BPNL00000003AYRE,,1791528013760,1791528045749,1791528045749,
cbbcd2fb-4461-4fee-895b-8091f5c455c0,CONSUMER,200,1,did:web:ssi-dim-wallet-service.identity:BPNL00000003AYRE,,1791528018258,1791528046057,1791528046057,
2de186f4-099e-4f89-8391-3d6b722c68c4,CONSUMER,200,1,did:web:ssi-dim-wallet-service.identity:BPNL00000003AYRE,,1791528019651,1791528046233,1791528046233,
ff1ac65f-e5dd-459b-a3cb-16a099bd21b2,CONSUMER,200,1,did:web:ssi-dim-wallet-service.identity:BPNL00000003AYRE,,1791528020347,1791528046428,1791528046428,
b07d3b1c-1b5f-4db9-83d6-c6084f8ef621,CONSUMER,200,1,did:web:ssi-dim-wallet-service.identity:BPNL00000003AYRE,,1791528020355,1791528046754,1791528046754,
c9d6779a-38ad-4656-8bec-2663c986c5ab,CONSUMER,200,1,did:web:ssi-dim-wallet-service.identity:BPNL00000003AYRE,,1791528020849,1791528046754,1791528046754,
8c6a30e9-f483-4938-949e-6a54b8655f85,CONSUMER,200,1,did:web:ssi-dim-wallet-service.identity:BPNL00000003AYRE,,1791528021153,1791528051278,1791528051278,
ea392db1-3787-425f-ab9f-8575c7981c79,CONSUMER,200,1,did:web:ssi-dim-wallet-service.identity:BPNL00000003AYRE,,1791528021952,1791528051428,1791528051428,
e3bc2d02-1340-40c7-bcd5-a64003c31042,CONSUMER,200,1,did:web:ssi-dim-wallet-service.identity:BPNL00000003AYRE,,1791528022264,1791528051527,1791528051527,
d470e0d8-fdcc-48ca-8380-8b413be65170,CONSUMER,200,1,did:web:ssi-dim-wallet-service.identity:BPNL00000003AYRE,,1791528024659,1791528051628,1791528051628,
84c555fd-6fa7-45a2-b8fc-835ab0ce6d2b,CONSUMER,200,1,did:web:ssi-dim-wallet-service.identity:BPNL00000003AYRE,,1791528027575,1791528051760,1791528051760,
79d7d596-4006-4ac4-87c9-1847defceb00,CONSUMER,200,1,did:web:ssi-dim-wallet-service.identity:BPNL00000003AYRE,,1791528027977,1791528051870,1791528051870,
5e2de686-3f8e-4199-925a-de0c417202ff,CONSUMER,200,1,did:web:ssi-dim-wallet-service.identity:BPNL00000003AYRE,,1791528028055,1791528052049,1791528052049,
2daa9572-03c8-476b-bd72-55bfa0942ee3,CONSUMER,200,1,did:web:ssi-dim-wallet-service.identity:BPNL00000003AYRE,,1791528029967,1791528052126,1791528052126,
aeee445f-2e39-48a6-a216-c38b886899ca,CONSUMER,200,1,did:web:ssi-dim-wallet-service.identity:BPNL00000003AYRE,,1791528031047,1791528052129,1791528052129,
2a17c33f-df6a-4e7c-8248-738824bf2cb1,CONSUMER,200,1,did:web:ssi-dim-wallet-service.identity:BPNL00000003AYRE,,1791528031848,1791528052257,1791528052257,
d9482498-9469-4fde-9f63-cc03f0e9eae8,CONSUMER,200,1,did:web:ssi-dim-wallet-service.identity:BPNL00000003AYRE,,1791528032250,1791528052353,1791528052353,
36595dbf-a1cf-4d40-97d2-48fba3d00401,CONSUMER,200,1,did:web:ssi-dim-wallet-service.identity:BPNL00000003AYRE,,1791528034363,1791528052428,1791528052428,
78949abb-fe25-46b1-8b04-b3d7b162e6f3,CONSUMER,200,1,did:web:ssi-dim-wallet-service.identity:BPNL00000003AYRE,,1791528034860,1791528052547,1791528052547,
163b8be4-a10e-451a-8d4d-1336ab666e84,CONSUMER,200,1,did:web:ssi-dim-wallet-service.identity:BPNL00000003AYRE,,1791528035662,1791528052652,1791528052652,
2e33e68f-6bb0-4b06-a7ae-07b78a4ff09b,CONSUMER,200,1,did:web:ssi-dim-wallet-service.identity:BPNL00000003AYRE,,1791528036959,1791528052829,1791528052829,
623b71ff-323e-41f5-918a-8d47f6e86362,CONSUMER,200,1,did:web:ssi-dim-wallet-service.identity:BPNL00000003AYRE,,1791528039264,1791528052857,1791528052857,
ea26be08-bbdc-48c8-9465-4eb75ad5d18d,CONSUMER,200,1,did:web:ssi-dim-wallet-service.identity:BPNL00000003AYRE,,1791528041650,1791528053128,1791528053128,
283a516a-92eb-4167-bf45-263510a3cb50,CONSUMER,200,1,did:web:ssi-dim-wallet-service.identity:BPNL00000003AYRE,,1791528042730,1791528053126,1791528053126,
7a851d41-0edc-4610-95a7-d571da00e81a,CONSUMER,200,1,did:web:ssi-dim-wallet-service.identity:BPNL00000003AYRE,,1791528043255,1791528053153,1791528053153,
f399c756-c308-45b2-ab7e-48c2342f8917,CONSUMER,200,1,did:web:ssi-dim-wallet-service.identity:BPNL00000003AYRE,,1791528043432,1791528053225,1791528053225,
a2d49fe2-a0e2-459f-abb3-98284302a7df,CONSUMER,200,1,did:web:ssi-dim-wallet-service.identity:BPNL00000003AYRE,,1791528043958,1791528055124,1791528055124,
90828897-9964-4127-bd1f-3fb0e2d2b60f,CONSUMER,200,1,did:web:ssi-dim-wallet-service.identity:BPNL00000003AYRE,,1791528044533,1791528055154,1791528055154,
9893acc0-a715-414f-a2d7-7a222855ab56,CONSUMER,200,1,did:web:ssi-dim-wallet-service.identity:BPNL00000003AYRE,,1791528045053,1791528055058,1791528055058,
9d2785f9-6c7c-41be-bea6-b2556b60def7,CONSUMER,200,1,did:web:ssi-dim-wallet-service.identity:BPNL00000003AYRE,,1791528045453,1791528055163,1791528055163,
e94b5633-977a-49a8-8b97-64b5e2fe32ec,CONSUMER,200,1,did:web:ssi-dim-wallet-service.identity:BPNL00000003AYRE,,1791528045661,1791528055447,1791528055447,
51e222ab-6040-4d7e-b729-a32106534b30,CONSUMER,200,1,did:web:ssi-dim-wallet-service.identity:BPNL00000003AYRE,,1791528046657,1791528055431,1791528055431,
43d3b67c-37d6-408e-adbf-f1c7977d47a6,CONSUMER,200,1,did:web:ssi-dim-wallet-service.identity:BPNL00000003AYRE,,1791528048836,1791528055629,1791528055629,
e961626b-c30f-473c-91f6-f3207f4b7dfb,CONSUMER,200,1,did:web:ssi-dim-wallet-service.identity:BPNL00000003AYRE,,1791528049727,1791528055725,1791528055725,
c24f7da8-a5fe-49b6-a8cd-6ff253a7f169,CONSUMER,200,1,did:web:ssi-dim-wallet-service.identity:BPNL00000003AYRE,,1791528050428,1791528056348,1791528056348,
b1facb95-14fb-4877-87a8-94c482f729da,CONSUMER,200,1,did:web:ssi-dim-wallet-service.identity:BPNL00000003AYRE,,1791528050517,1791528056703,1791528056703,
0da05581-863a-4cd8-875e-a01f09e24d52,CONSUMER,200,1,did:web:ssi-dim-wallet-service.identity:BPNL00000003AYRE,,1791528051449,1791528056715,1791528056715,
ca7ed244-9776-4155-a282-031761c6ad34,CONSUMER,200,1,did:web:ssi-dim-wallet-service.identity:BPNL00000003AYRE,,1791528052955,1791528056938,1791528056938,
19409191-9ce7-47f3-bf1e-99bf89fba6ec,CONSUMER,200,1,did:web:ssi-dim-wallet-service.identity:BPNL00000003AYRE,,1791528053248,1791528056941,1791528056941,
da6283c4-a8c6-4613-a8cf-52c95eff73a5,CONSUMER,200,1,did:web:ssi-dim-wallet-service.identity:BPNL00000003AYRE,,1791528053427,1791528057328,1791528057328,
9e5f979e-86b9-49e1-9518-2d2098715ce1,CONSUMER,200,1,did:web:ssi-dim-wallet-service.identity:BPNL00000003AYRE,,1791528053951,1791528057529,1791528057529,
46203833-b305-41f2-9cd0-44e541a5f6b0,CONSUMER,200,1,did:web:ssi-dim-wallet-service.identity:BPNL00000003AYRE,,1791528054052,1791528057527,1791528057527,
af6506ed-a891-48ab-a6ab-a5da1423f3b7,CONSUMER,200,1,did:web:ssi-dim-wallet-service.identity:BPNL00000003AYRE,,1791528054627,1791528057548,1791528057548,
c72109ff-a7d2-49b1-825b-eade58b4ab6c,CONSUMER,200,1,did:web:ssi-dim-wallet-service.identity:BPNL00000003AYRE,,1791528057555,1791528059648,1791528059648,
22219344-c4cd-4d5f-9524-278367b2b933,CONSUMER,200,1,did:web:ssi-dim-wallet-service.identity:BPNL00000003AYRE,,1791528059155,1791528060349,1791528060349,
261de55f-74ab-4895-ade8-a6e9ae578275,CONSUMER,200,1,did:web:ssi-dim-wallet-service.identity:BPNL00000003AYRE,,1791528061258,1791528062232,1791528062232,
eb38482b-9016-4a0b-84fa-ee1183648179,CONSUMER,200,1,did:web:ssi-dim-wallet-service.identity:BPNL00000003AYRE,,1791528063952,1791528066225,1791528066225,
e3ec5f76-bc8d-46b6-ad90-a084e3cce70c,CONSUMER,200,1,did:web:ssi-dim-wallet-service.identity:BPNL00000003AYRE,,1791528064053,1791528066556,1791528066556,
a285e4b9-8bd6-48f6-aa31-88c329c8fb29,CONSUMER,200,1,did:web:ssi-dim-wallet-service.identity:BPNL00000003AYRE,,1791528066639,1791528069116,1791528069116,
9ca1dc66-10f3-423e-925c-fa0c47adb9a4,CONSUMER,200,1,did:web:ssi-dim-wallet-service.identity:BPNL00000003AYRE,,1791528067052,1791528069402,1791528069402,
5d952355-39cf-4ede-8c48-c6a503f97642,CONSUMER,200,1,did:web:ssi-dim-wallet-service.identity:BPNL00000003AYRE,,1791528068146,1791528070032,1791528070032,
7e7a1c86-3897-4a68-bee1-271ffe73dba1,CONSUMER,200,1,did:web:ssi-dim-wallet-service.identity:BPNL00000003AYRE,,1791528068332,1791528070332,1791528070332,
3773fd86-c771-46de-b05f-38d6881a1974,CONSUMER,200,1,did:web:ssi-dim-wallet-service.identity:BPNL00000003AYRE,,1791528069431,1791528071153,1791528071153,
389ad94d-bf06-4ad6-8e20-ba4eba07b90a,CONSUMER,200,1,did:web:ssi-dim-wallet-service.identity:BPNL00000003AYRE,,1791528070863,1791528071737,1791528071737,
a328f3c0-6cf0-47b8-b97f-b82b91ea17da,CONSUMER,200,1,did:web:ssi-dim-wallet-service.identity:BPNL00000003AYRE,,1791528071131,1791528072349,1791528072349,
07a93f97-6a1b-4fee-94de-0eebb7374f4f,CONSUMER,200,1,did:web:ssi-dim-wallet-service.identity:BPNL00000003AYRE,,1791528071434,1791528072459,1791528072459,
c4fcfffb-1b26-4f50-9700-f7a62a51a756,CONSUMER,200,1,did:web:ssi-dim-wallet-service.identity:BPNL00000003AYRE,,1791528072530,1791528073325,1791528073325,
7508b689-bb58-4d00-af0c-67b28576ee3d,CONSUMER,200,1,did:web:ssi-dim-wallet-service.identity:BPNL00000003AYRE,,1791528072863,1791528073951,1791528073951,
35250a77-6c55-426f-89ba-9c8d16a71878,CONSUMER,200,1,did:web:ssi-dim-wallet-service.identity:BPNL00000003AYRE,,1791528073328,1791528074314,1791528074314,
d5a69728-4f9c-4da7-9c4e-08974f797ea5,CONSUMER,200,1,did:web:ssi-dim-wallet-service.identity:BPNL00000003AYRE,,1791528074961,1791528076331,1791528076331,
d73a453f-7934-406b-83c5-6fbc6fbbde52,CONSUMER,200,1,did:web:ssi-dim-wallet-service.identity:BPNL00000003AYRE,,1791528075232,1791528076310,1791528076310,
e78d8119-81e4-4a81-8ab5-34acd6f6e819,CONSUMER,200,1,did:web:ssi-dim-wallet-service.identity:BPNL00000003AYRE,,1791528075928,1791528076830,1791528076830,
b625fd69-862f-4a76-b969-f45976564187,CONSUMER,200,1,did:web:ssi-dim-wallet-service.identity:BPNL00000003AYRE,,1791528076349,1791528079430,1791528079430,
c5528a47-ac63-4559-bf39-5b929e2790da,CONSUMER,200,1,did:web:ssi-dim-wallet-service.identity:BPNL00000003AYRE,,1791528077087,1791528079560,1791528079560,
afd5c9b6-f39b-481e-91e5-5a69d2dde10b,CONSUMER,200,1,did:web:ssi-dim-wallet-service.identity:BPNL00000003AYRE,,1791528077317,1791528079750,1791528079750,
aa514d1d-82f4-4e24-ad82-e48c71154380,CONSUMER,200,1,did:web:ssi-dim-wallet-service.identity:BPNL00000003AYRE,,1791528077431,1791528079955,1791528079955,
bca63788-f462-44d3-8bb6-6b007fe37399,CONSUMER,200,1,did:web:ssi-dim-wallet-service.identity:BPNL00000003AYRE,,1791528078027,1791528080160,1791528080160,
1a093485-6314-48a5-8420-2141e2e1b5e2,CONSUMER,200,1,did:web:ssi-dim-wallet-service.identity:BPNL00000003AYRE,,1791528079255,1791528080425,1791528080425,
fc7d9a5b-918d-4677-9221-9a152b2f8704,CONSUMER,200,1,did:web:ssi-dim-wallet-service.identity:BPNL00000003AYRE,,1791528079825,1791528080538,1791528080538,
90090f25-2913-4d60-ae73-31874ffb43f4,CONSUMER,200,1,did:web:ssi-dim-wallet-service.identity:BPNL00000003AYRE,,1791528079961,1791528080959,1791528080959,
bb7581f4-be5a-4bfb-b5b1-a33281ff9677,CONSUMER,200,1,did:web:ssi-dim-wallet-service.identity:BPNL00000003AYRE,,1791528080356,1791528081054,1791528081054,
