timestamp_utc,mode,value
2026-10-08T17:07:42.494Z,idle,6.310666666661078
2026-10-08T17:07:57.494Z,idle,6.289777777776018
2026-10-08T17:08:12.494Z,idle,6.358888888889406
2026-10-08T17:08:27.494Z,idle,6.572222222224808
2026-10-08T17:08:42.494Z,idle,6.6724444444446505
2026-10-08T17:08:57.494Z,idle,6.7517777777794326
2026-10-08T17:09:12.494Z,idle,6.7573333333298145
2026-10-08T17:09:27.494Z,idle,6.795111111114318
2026-10-08T17:09:42.494Z,idle,6.758888888889405
2026-10-08T17:09:57.494Z,idle,6.796444444443719
2026-10-08T17:10:12.494Z,idle,6.7526666666665625
2026-10-08T17:10:27.494Z,idle,6.803999999998551
2026-10-08T17:10:42.494Z,idle,6.754222222226153
2026-10-08T17:10:57.494Z,idle,6.819555555553071
2026-10-08T17:11:12.494Z,idle,6.83577777778264
2026-10-08T17:11:27.494Z,idle,6.8475555555506915
2026-10-08T17:11:42.494Z,idle,6.868666666663354
2026-10-08T17:11:57.494Z,idle,6.81999999999793
2026-10-08T17:12:12.494Z,idle,6.842222222222739
2026-10-08T17:12:27.494Z,idle,6.7513333333397485
2026-10-08T17:12:42.494Z,idle,6.774666666666356
2026-10-08T17:12:57.494Z,idle,6.7819999999987575
2026-10-08T17:13:12.494Z,idle,6.849999999997412
2026-10-08T17:13:27.494Z,idle,6.881777777776328
2026-10-08T17:13:42.494Z,idle,6.896666666668735
2026-10-08T17:13:57.494Z,idle,6.861555555555968
2026-10-08T17:14:12.494Z,idle,6.870222222225532
2026-10-08T17:14:27.494Z,idle,6.917555555556382
2026-10-08T17:14:42.494Z,idle,6.865333333329504
2026-10-08T17:14:57.494Z,idle,6.86377777778026
2026-10-08T17:15:12.494Z,idle,6.742444444445168
2026-10-08T17:15:27.494Z,idle,6.829555555562385
2026-10-08T17:15:42.494Z,idle,6.829111111107178
2026-10-08T17:15:57.494Z,idle,6.902222222221704
2026-10-08T17:16:12.494Z,idle,6.9271111111079025
2026-10-08T17:16:27.494Z,idle,6.977555555552761
2026-10-08T17:16:42.494Z,idle,6.956444444445271
2026-10-08T17:16:57.494Z,idle,6.843777777774569
2026-10-08T17:17:12.494Z,idle,6.769777777778088
2026-10-08T17:17:27.494Z,idle,6.913777777775087
2026-10-08T17:17:42.494Z,idle,6.993111111115042
2026-10-08T17:17:57.494Z,idle,6.854222222223567
2026-10-08T17:18:12.494Z,idle,6.632666666671219
2026-10-08T17:18:27.494Z,idle,6.460222222221393
2026-10-08T17:18:42.494Z,idle,6.522289317112983
2026-10-08T17:18:57.494Z,idle,6.4884444444440295
2026-10-08T17:19:12.494Z,idle,6.571333333332505
2026-10-08T17:19:27.494Z,idle,6.577320046268809
2026-10-08T17:19:42.494Z,idle,6.599111111107695
2026-10-08T17:19:57.494Z,idle,6.582888888893648
2026-10-08T17:20:12.494Z,idle,6.508888888889405
2026-10-08T17:20:27.494Z,idle,6.513555555557831
2026-10-08T17:20:42.494Z,idle,6.487555555549139
2026-10-08T17:20:57.494Z,idle,6.581111111106454
2026-10-08T17:21:12.494Z,idle,6.550222222219841
2026-10-08T17:21:27.494Z,idle,6.559333333334264
2026-10-08T17:21:42.494Z,idle,6.519555555558245
2026-10-08T17:21:57.494Z,idle,6.605777777780571
2026-10-08T17:22:12.494Z,idle,6.592444444445168
2026-10-08T17:22:27.494Z,idle,6.582444444443616
2026-10-08T17:22:42.494Z,idle,6.574888888888784
2026-10-08T17:22:57.494Z,idle,6.563555555557832
2026-10-08T17:23:12.494Z,idle,6.574222222221497
2026-10-08T17:23:27.494Z,idle,6.509555555556693
2026-10-08T17:23:42.494Z,idle,6.595555555551416
2026-10-08T17:23:57.494Z,idle,6.543777777779743
2026-10-08T17:24:12.494Z,idle,6.551333333331987
2026-10-08T17:24:27.494Z,idle,6.587555555559487
2026-10-08T17:24:42.494Z,idle,6.56288888888537
2026-10-08T17:24:57.494Z,idle,6.582888888885887
2026-10-08T17:25:12.494Z,idle,6.5226666666644935
2026-10-08T17:25:27.494Z,idle,6.633555555558349
2026-10-08T17:25:42.494Z,idle,6.631555555559073
2026-10-08T17:25:57.494Z,idle,6.624666666668943
2026-10-08T17:26:12.494Z,idle,6.593111111109868
2026-10-08T17:26:27.494Z,idle,6.6148888888846455
2026-10-08T17:26:42.494Z,idle,6.650444444442271
2026-10-08T17:26:57.494Z,idle,6.651999999996688
2026-10-08T17:27:12.494Z,idle,6.581555555556486
2026-10-08T17:27:27.494Z,idle,6.5686666666659415
2026-10-08T17:27:42.494Z,idle,6.561111111113697
2026-10-08T17:27:57.494Z,idle,6.575333333333643
2026-10-08T17:28:12.494Z,idle,6.550222222225015
2026-10-08T17:28:27.494Z,idle,6.617111111111524
2026-10-08T17:28:42.494Z,idle,6.472444444442064
2026-10-08T17:28:57.494Z,idle,6.335333333332608
2026-10-08T17:29:12.494Z,idle,6.281333333336644
2026-10-08T17:29:27.494Z,idle,6.518000000003828
2026-10-08T17:29:42.494Z,idle,6.669777777778087
2026-10-08T17:29:57.494Z,idle,6.740666666665734
2026-10-08T17:30:12.494Z,idle,6.685555555557625
2026-10-08T17:30:27.494Z,idle,6.681777777778915
2026-10-08T17:30:42.494Z,idle,6.651111111109558
2026-10-08T17:30:57.494Z,idle,6.674000000001655
2026-10-08T17:31:12.494Z,idle,6.740666666665734
2026-10-08T17:31:27.494Z,idle,6.768000000001241
2026-10-08T17:31:42.494Z,idle,6.751333333326813
2026-10-08T17:31:57.494Z,idle,6.715999999996791
2026-10-08T17:32:12.494Z,idle,6.69977777777757
2026-10-08T17:32:27.494Z,idle,6.739111111111317
2026-10-08T17:32:42.494Z,idle,6.745111111114318
2026-10-08T17:32:57.494Z,idle,6.7179999999986535
2026-10-08T17:33:12.494Z,idle,6.769777777778088
2026-10-08T17:33:27.494Z,idle,6.803555555553692
2026-10-08T17:33:42.494Z,idle,6.798888888887853
2026-10-08T17:33:57.494Z,idle,6.724888888893958
2026-10-08T17:34:12.494Z,idle,6.684888888892924
2026-10-08T17:34:27.494Z,idle,6.738000000001758
2026-10-08T17:34:42.494Z,idle,6.79422222221684
2026-10-08T17:34:57.494Z,idle,6.777999999992445
2026-10-08T17:35:12.494Z,idle,6.720222222225533
2026-10-08T17:35:27.494Z,idle,6.7602222222265675
2026-10-08T17:35:42.494Z,idle,6.735333333337782
2026-10-08T17:35:57.494Z,idle,6.783555555553175
2026-10-08T17:36:12.494Z,idle,6.721111111104902
2026-10-08T17:36:27.494Z,idle,6.747333333333437
2026-10-08T17:36:42.494Z,idle,6.772666666664493
2026-10-08T17:36:57.494Z,idle,6.789111111111318
2026-10-08T17:37:12.494Z,idle,6.782222222223774
2026-10-08T17:37:27.494Z,idle,6.717555555556382
2026-10-08T17:37:42.494Z,idle,6.721111111112663
2026-10-08T17:37:57.494Z,idle,6.727777777777777
2026-10-08T17:38:12.494Z,idle,6.695777777776431
2026-10-08T17:38:27.494Z,idle,6.655555555555555
2026-10-08T17:38:42.494Z,idle,6.581333333334057
2026-10-08T17:38:57.494Z,idle,6.508444444447134
2026-10-08T17:39:12.494Z,idle,6.532666666668632
2026-10-08T17:39:27.494Z,idle,6.555777777775397
2026-10-08T17:39:42.494Z,idle,6.641111111110593
2026-10-08T17:39:57.494Z,idle,6.586444444444754
2026-10-08T17:40:12.494Z,idle,6.621555555560108
2026-10-08T17:40:27.494Z,idle,6.614000000002689
2026-10-08T17:40:42.494Z,idle,6.609777777779122
2026-10-08T17:40:57.494Z,idle,6.596444444441133
2026-10-08T17:41:12.494Z,idle,6.607999999991928
2026-10-08T17:41:27.494Z,idle,6.626222222220773
2026-10-08T17:41:42.494Z,idle,6.6437777777771565
2026-10-08T17:41:57.494Z,idle,6.581555555556486
2026-10-08T17:42:12.494Z,idle,6.6144444444449615
2026-10-08T17:42:27.494Z,idle,6.607111111109972
2026-10-08T17:42:42.494Z,idle,6.632222222223774
2026-10-08T17:42:57.494Z,idle,6.581777777776328
2026-10-08T17:43:12.494Z,idle,6.596888888888578
2026-10-08T17:43:27.494Z,idle,6.570222222220359
2026-10-08T17:43:42.494Z,idle,6.616222222221808
2026-10-08T17:43:57.494Z,idle,6.578888888889923
2026-10-08T17:44:12.494Z,idle,6.636222222227499
2026-10-08T17:44:27.494Z,idle,6.623555555556797
2026-10-08T17:44:42.494Z,idle,6.604666666665838
2026-10-08T17:44:57.494Z,idle,6.568444444440925
2026-10-08T17:45:12.494Z,idle,6.581999999998757
2026-10-08T17:45:27.494Z,idle,6.624000000001654
2026-10-08T17:45:42.494Z,idle,6.654444444445996
2026-10-08T17:45:57.494Z,idle,6.61222222222843
2026-10-08T17:46:12.494Z,idle,6.602444444444133
2026-10-08T17:46:27.494Z,idle,6.628444444445065
2026-10-08T17:46:42.494Z,idle,6.611777777775811
2026-10-08T17:46:57.494Z,idle,6.649777777777571
2026-10-08T17:47:12.494Z,idle,6.60777777777726
2026-10-08T17:47:27.494Z,idle,6.607555555549657
2026-10-08T17:47:42.494Z,idle,6.654444444445996
2026-10-08T17:47:57.494Z,idle,6.565999999996792
2026-10-08T17:48:12.494Z,idle,6.547111111111007
2026-10-08T17:48:27.494Z,idle,6.422666666664493
2026-10-08T17:48:42.494Z,idle,6.518666666671115
2026-10-08T17:48:57.494Z,idle,6.485555555560212
2026-10-08T17:49:12.494Z,idle,6.503111111111421
2026-10-08T17:49:27.494Z,idle,6.458444444447134
2026-10-08T17:49:42.494Z,idle,6.498666666665424
2026-10-08T17:49:57.494Z,idle,6.521555555554934
2026-10-08T17:50:12.494Z,idle,6.43844444444403
2026-10-08T17:50:27.494Z,idle,6.419555555555658
2026-10-08T17:50:42.494Z,idle,6.412444444443098
2026-10-08T17:50:57.494Z,idle,6.488666666663872
2026-10-08T17:51:12.494Z,idle,6.466000000001966
2026-10-08T17:51:27.494Z,idle,6.44977777777757
2026-10-08T17:51:42.494Z,idle,6.567111111111524
2026-10-08T17:51:57.494Z,idle,6.537777777776743
2026-10-08T17:52:12.494Z,idle,6.511565895607788
2026-10-08T17:52:27.494Z,idle,6.399333333330125
2026-10-08T17:52:42.494Z,idle,6.468222222221083
2026-10-08T17:52:57.494Z,idle,6.457763850922464
2026-10-08T17:53:12.494Z,idle,6.469555555558245
2026-10-08T17:53:27.494Z,idle,6.491111111110593
2026-10-08T17:53:42.494Z,idle,6.486888888892199
2026-10-08T17:53:57.494Z,idle,6.482444444443615
2026-10-08T17:54:12.494Z,idle,6.466888888891682
2026-10-08T17:54:27.494Z,idle,6.503333333331263
2026-10-08T17:54:42.494Z,idle,6.520222222225533
2026-10-08T17:54:57.494Z,idle,6.544444444444443
2026-10-08T17:55:12.494Z,idle,6.466444444444237
2026-10-08T17:55:27.494Z,idle,6.446222222216116
2026-10-08T17:55:42.494Z,idle,6.481777777776328
2026-10-08T17:55:57.494Z,idle,6.483777777775604
2026-10-08T17:56:12.494Z,idle,6.538666666666459
2026-10-08T17:56:27.494Z,idle,6.40711111111256
2026-10-08T17:56:42.494Z,idle,6.502000000001862
2026-10-08T17:56:57.494Z,idle,6.491555555560625
2026-10-08T17:57:12.494Z,idle,6.543555555554727
2026-10-08T17:57:27.494Z,idle,6.475111111113801
2026-10-08T17:57:42.494Z,idle,6.447333333330849
2026-10-08T17:57:57.494Z,idle,6.4006666666647
2026-10-08T17:58:12.494Z,idle,6.4099999999989645
2026-10-08T17:58:27.494Z,idle,6.39444444444703
2026-10-08T17:58:42.494Z,idle,6.428222222222636
2026-10-08T17:58:57.494Z,idle,6.3439999999995855
2026-10-08T17:59:12.494Z,idle,6.291111111105419
2026-10-08T17:59:27.494Z,idle,6.278666666664907
2026-10-08T17:59:42.494Z,idle,6.384444444448065
2026-10-08T17:59:57.494Z,idle,6.394000000002173
2026-10-08T18:00:12.494Z,idle,6.338444444446617
2026-10-08T18:00:27.494Z,idle,6.3202222222177715
2026-10-08T18:00:42.494Z,idle,6.290666666665735
2026-10-08T18:00:57.494Z,idle,6.382000000001344
2026-10-08T18:01:12.494Z,idle,6.344000000002172
2026-10-08T18:01:27.494Z,idle,6.357333333334989
2026-10-08T18:01:42.494Z,idle,6.348666666662837
2026-10-08T18:01:57.494Z,idle,6.3644444444449615
2026-10-08T18:02:12.494Z,idle,6.433333333330745
2026-10-08T18:02:27.494Z,idle,6.3653333333320905
2026-10-08T18:02:42.494Z,idle,6.334444444442892
2026-10-08T18:02:57.494Z,idle,6.254222222226153
2026-10-08T18:03:12.494Z,idle,6.314888888889819
2026-10-08T18:03:27.494Z,idle,6.361555555558556
2026-10-08T18:03:42.494Z,idle,6.413555555557831
2026-10-08T18:03:57.494Z,idle,6.389777777783779
2026-10-08T18:04:12.494Z,idle,6.3204444444427885
2026-10-08T18:04:27.494Z,idle,6.347777777778294
2026-10-08T18:04:42.494Z,idle,6.332666666663458
2026-10-08T18:04:57.494Z,idle,6.371999999999792
2026-10-08T18:05:12.494Z,idle,6.308666666661802
2026-10-08T18:05:27.494Z,idle,6.327333333330332
2026-10-08T18:05:42.494Z,idle,6.313999999997516
2026-10-08T18:05:57.494Z,idle,6.379111111109765
2026-10-08T18:06:12.494Z,idle,6.35422222222874
2026-10-08T18:06:27.494Z,idle,6.440888888893338
2026-10-08T18:06:42.494Z,idle,6.322222222224808
2026-10-08T18:06:57.494Z,idle,6.433555555550588
2026-10-08T18:07:12.494Z,idle,6.3688888888831965
2026-10-08T18:07:27.494Z,idle,6.376222222220773
2026-10-08T18:07:42.494Z,idle,6.294222222224602
2026-10-08T18:07:57.494Z,idle,6.244222222227188
2026-10-08T18:08:12.494Z,idle,6.288000000004345
2026-10-08T18:08:27.494Z,idle,6.265111111107075
2026-10-08T18:08:42.494Z,idle,6.22355555555421
2026-10-08T18:08:57.494Z,idle,6.230888888889199
2026-10-08T18:09:12.494Z,idle,6.163777777780261
2026-10-08T18:09:27.494Z,idle,6.27066666666263
2026-10-08T18:09:42.494Z,idle,6.243999999996998
2026-10-08T18:09:57.494Z,idle,6.276888888890648
2026-10-08T18:10:12.494Z,idle,6.180888888889199
2026-10-08T18:10:27.494Z,idle,6.182888888891061
2026-10-08T18:10:42.494Z,idle,6.213777777777674
2026-10-08T18:10:57.494Z,idle,6.299333333335299
2026-10-08T18:11:12.494Z,idle,6.2573333333298145
2026-10-08T18:11:27.494Z,idle,6.248444444442995
2026-10-08T18:11:42.494Z,idle,6.194222222222015
2026-10-08T18:11:57.494Z,idle,6.279333333337369
2026-10-08T18:12:12.494Z,idle,6.23244444444879
2026-10-08T18:12:27.494Z,idle,6.227111111113077
2026-10-08T18:12:42.494Z,idle,6.213777777772499
2026-10-08T18:12:57.494Z,idle,6.218888888888371
2026-10-08T18:13:12.494Z,idle,6.263333333330229
2026-10-08T18:13:27.494Z,idle,6.24466666666946
2026-10-08T18:13:42.494Z,idle,6.312222222218082
2026-10-08T18:13:57.494Z,idle,6.247111111113593
2026-10-08T18:14:12.494Z,idle,6.2120000000008275
2026-10-08T18:14:27.494Z,idle,6.1175555555563825
2026-10-08T18:14:42.494Z,idle,6.1731111111093515
2026-10-08T18:14:57.494Z,idle,6.178666666670081
2026-10-08T18:15:12.494Z,idle,6.199333333332712
2026-10-08T18:15:27.494Z,idle,6.1900000000036215
2026-10-08T18:15:42.494Z,idle,6.247111111105832
2026-10-08T18:15:57.494Z,idle,6.273111111109351
2026-10-08T18:16:12.494Z,idle,6.217111111108937
2026-10-08T18:16:27.494Z,idle,6.248888888885267
2026-10-08T18:16:42.494Z,idle,6.2286666666700805
2026-10-08T18:16:57.494Z,idle,6.265333333332091
2026-10-08T18:17:12.494Z,idle,6.230666666669356
2026-10-08T18:17:27.494Z,idle,6.263333333335402
2026-10-08T18:17:42.494Z,idle,6.2711111111126625
2026-10-08T18:17:57.494Z,idle,6.226000000003517
2026-10-08T18:18:12.494Z,idle,6.207555555549656
2026-10-08T18:18:27.494Z,idle,6.132444444443616
2026-10-08T18:18:42.494Z,idle,6.137999999999171
2026-10-08T18:18:57.494Z,idle,6.055555555558142
2026-10-08T18:19:12.494Z,idle,6.105777777777984
2026-10-08T18:19:27.494Z,idle,6.039555555553589
2026-10-08T18:19:42.494Z,idle,6.085555555560211
2026-10-08T18:19:57.494Z,idle,6.052888888891578
2026-10-08T18:20:12.494Z,idle,5.982666666666045
2026-10-08T18:20:27.494Z,idle,5.977555555552761
2026-10-08T18:20:42.494Z,idle,5.943777777771982
2026-10-08T18:20:57.494Z,idle,6.018888888890958
2026-10-08T18:21:12.494Z,idle,6.042444444439994
2026-10-08T18:21:27.494Z,idle,6.048000000000723
2026-10-08T18:21:42.494Z,idle,6.081999999998757
2026-10-08T18:21:57.494Z,idle,6.029999999999482
2026-10-08T18:22:12.494Z,idle,6.037333333331884
2026-10-08T18:22:27.494Z,idle,5.939111111111317
2026-10-08T18:22:42.494Z,idle,6.014000000007864
2026-10-08T18:22:57.494Z,idle,5.985111111112766
2026-10-08T18:23:12.494Z,idle,6.011333333330953
2026-10-08T18:23:27.494Z,idle,5.791111111108006
2026-10-08T18:23:42.494Z,idle,5.817999999998654
2026-10-08T18:23:57.494Z,idle,5.765555555559694
2026-10-08T18:24:12.494Z,idle,5.8255555555534855
2026-10-08T18:24:27.494Z,idle,5.7417777777804675
2026-10-08T18:24:42.494Z,idle,5.729777777777053
2026-10-08T18:24:57.494Z,idle,5.675555555556072
2026-10-08T18:25:12.494Z,idle,5.56222222222067
2026-10-08T18:25:27.494Z,idle,5.497555555553278
2026-10-08T18:25:42.494Z,idle,5.558222222219531
2026-10-08T18:25:57.494Z,idle,5.667777777778812
2026-10-08T18:26:12.494Z,idle,5.701111111114733
2026-10-08T18:26:27.494Z,idle,5.679777777782227
2026-10-08T18:26:42.494Z,idle,5.663333333335403
2026-10-08T18:26:57.494Z,idle,5.6719999999972055
2026-10-08T18:27:12.494Z,idle,5.653111111111421
2026-10-08T18:27:27.494Z,idle,5.589777777776018
2026-10-08T18:27:42.494Z,idle,5.510222222221394
2026-10-08T18:27:57.494Z,idle,5.495333333328986
2026-10-08T18:28:12.494Z,idle,5.5411111111105935
2026-10-08T18:28:27.494Z,idle,5.607333333334989
2026-10-08T18:28:42.494Z,idle,5.729111111112352
2026-10-08T18:28:57.494Z,idle,5.747333333336023
2026-10-08T18:29:12.494Z,idle,5.763999999997516
2026-10-08T18:29:27.494Z,idle,5.744444444444444
2026-10-08T18:29:42.494Z,idle,5.650222222222428
2026-10-08T18:29:57.494Z,idle,5.694222222224601
2026-10-08T18:30:12.494Z,idle,5.5526666666691495
2026-10-08T18:30:27.494Z,idle,5.601777777774259
2026-10-08T18:30:42.494Z,idle,5.535111111112766
2026-10-08T18:30:57.494Z,idle,5.61466666666739
2026-10-08T18:31:12.494Z,idle,5.642888888887439
2026-10-08T18:31:27.494Z,idle,5.646666666663561
2026-10-08T18:31:42.494Z,idle,5.571111111104901
2026-10-08T18:31:57.494Z,idle,5.479111111112353
2026-10-08T18:32:12.494Z,idle,5.570444444447962
2026-10-08T18:32:27.494Z,idle,5.648222222230914
2026-10-08T18:32:42.494Z,idle,5.75955555555928
2026-10-08T18:32:57.494Z,idle,5.684666666660147
2026-10-08T18:33:12.494Z,idle,5.630444444441753
2026-10-08T18:33:27.494Z,idle,5.667555555556382
2026-10-08T18:33:42.494Z,idle,5.570000000005691
2026-10-08T18:33:57.494Z,idle,5.617555555553796
2026-10-08T18:34:12.494Z,idle,5.631111111111628
2026-10-08T18:34:27.494Z,idle,5.742222222222739
2026-10-08T18:34:42.494Z,idle,5.806444444442684
2026-10-08T18:34:57.494Z,idle,5.803555555551105
2026-10-08T18:35:12.494Z,idle,5.753333333331263
2026-10-08T18:35:27.494Z,idle,5.736444444447341
2026-10-08T18:35:42.494Z,idle,5.695777777779019
2026-10-08T18:35:57.494Z,idle,5.803555555556279
2026-10-08T18:36:12.494Z,idle,5.80422222222098
2026-10-08T18:36:27.494Z,idle,5.877111111113077
2026-10-08T18:36:42.494Z,idle,5.8255555555534855
2026-10-08T18:36:57.494Z,idle,5.795777777776432
2026-10-08T18:37:12.494Z,idle,5.831999999998757
2026-10-08T18:37:27.494Z,idle,5.840888888890751
2026-10-08T18:37:42.494Z,idle,5.892666666670184
2026-10-08T18:37:57.494Z,idle,5.860222222226568
2026-10-08T18:38:12.494Z,idle,5.859333333331677
2026-10-08T18:38:27.494Z,idle,5.874222222216323
2026-10-08T18:38:42.494Z,idle,5.7513333333294
2026-10-08T18:38:57.494Z,idle,5.800888888889716
2026-10-08T18:39:12.494Z,idle,5.75955555555928
2026-10-08T18:39:27.494Z,idle,5.887777777776742
2026-10-08T18:39:42.494Z,idle,5.8575555555574175
2026-10-08T18:39:57.494Z,idle,5.866666666664079
2026-10-08T18:40:12.494Z,idle,5.859555555554106
2026-10-08T18:40:27.494Z,idle,5.796444444446307
2026-10-08T18:40:42.494Z,idle,5.834222222225637
2026-10-08T18:40:57.494Z,idle,5.754444444448583
2026-10-08T18:41:12.494Z,idle,5.795777777773845
2026-10-08T18:41:27.494Z,idle,5.7506666666672865
2026-10-08T18:41:42.494Z,idle,5.817111111108938
2026-10-08T18:41:57.494Z,idle,5.854666666668425
2026-10-08T18:42:12.494Z,idle,5.866666666666666
2026-10-08T18:42:27.494Z,idle,5.8359999999998955
2026-10-08T18:42:42.494Z,idle,5.823111111111938
2026-10-08T18:42:57.494Z,idle,5.780888888889199
2026-10-08T18:43:12.494Z,idle,5.788444444441443
2026-10-08T18:43:27.494Z,idle,5.799111111110283
2026-10-08T18:43:42.494Z,idle,5.854888888888267
2026-10-08T18:43:57.494Z,idle,5.802222222221705
2026-10-08T18:44:12.494Z,idle,5.804444444445996
2026-10-08T18:44:27.494Z,idle,5.692666666667598
2026-10-08T18:44:42.494Z,idle,5.789555555556175
2026-10-08T18:44:57.494Z,idle,5.705333333330539
2026-10-08T18:45:12.494Z,idle,5.724888888891372
2026-10-08T18:45:27.494Z,idle,5.598000000005897
2026-10-08T18:45:42.494Z,idle,5.590888888890751
2026-10-08T18:45:57.494Z,idle,5.6404444444407185
2026-10-08T18:46:12.494Z,idle,5.707999999997102
2026-10-08T18:46:27.494Z,idle,5.826666666665631
2026-10-08T18:46:42.494Z,idle,5.776000000000931
2026-10-08T18:46:57.494Z,idle,5.810444444443823
2026-10-08T18:47:12.494Z,idle,5.793777777777156
2026-10-08T18:47:27.494Z,idle,5.827555555555348
2026-10-08T18:47:42.494Z,idle,5.811111111113697
2026-10-08T18:47:57.494Z,idle,5.786666666672358
2026-10-08T18:48:12.494Z,idle,5.890444444445892
2026-10-08T18:48:27.494Z,idle,5.880222222221911
2026-10-08T18:48:42.494Z,idle,5.884888888885163
2026-10-08T18:48:57.494Z,idle,5.835777777774879
2026-10-08T18:49:12.494Z,idle,5.888888888883714
2026-10-08T18:49:27.494Z,idle,5.913111111112973
2026-10-08T18:49:42.494Z,idle,5.8704444444427875
2026-10-08T18:49:57.494Z,idle,5.815777777782123
2026-10-08T18:50:12.494Z,idle,5.7448888888841285
2026-10-08T18:50:27.494Z,idle,5.828444444445065
2026-10-08T18:50:42.494Z,idle,5.852222222219117
2026-10-08T18:50:57.494Z,idle,5.865555555557107
2026-10-08T18:51:12.494Z,idle,5.82866666666232
2026-10-08T18:51:27.494Z,idle,5.894444444449618
2026-10-08T18:51:42.494Z,idle,5.900444444447444
2026-10-08T18:51:57.494Z,idle,5.8608888888938555
2026-10-08T18:52:12.494Z,idle,5.788888888881127
2026-10-08T18:52:27.494Z,idle,5.829555555554624
2026-10-08T18:52:42.494Z,idle,5.854666666668425
2026-10-08T18:52:57.494Z,idle,5.883111111116078
2026-10-08T18:53:12.494Z,idle,5.864888888889819
2026-10-08T18:53:27.494Z,idle,5.7962222222212905
2026-10-08T18:53:42.494Z,idle,5.768666666665942
2026-10-08T18:53:57.494Z,idle,5.730444444441753
2026-10-08T18:54:12.494Z,idle,5.802666666663976
2026-10-08T18:54:27.494Z,idle,5.823111111109351
2026-10-08T18:54:42.494Z,idle,5.865111111109662
2026-10-08T18:54:57.494Z,idle,5.80333333333385
2026-10-08T18:55:12.494Z,idle,5.786666666667183
2026-10-08T18:55:27.494Z,idle,5.7311111111090405
2026-10-08T18:55:42.494Z,idle,5.8140000000026895
2026-10-08T18:55:57.494Z,idle,5.751333333334575
2026-10-08T18:56:12.494Z,idle,5.806000000000413
2026-10-08T18:56:27.494Z,idle,5.769555555555659
2026-10-08T18:56:42.494Z,idle,5.773111111109351
2026-10-08T18:56:57.494Z,idle,5.740000000001034
2026-10-08T18:57:12.494Z,idle,5.706222222217669
2026-10-08T18:57:27.494Z,idle,5.764888888887232
2026-10-08T18:57:42.494Z,idle,5.764222222222532
2026-10-08T18:57:57.494Z,idle,5.736222222222326
2026-10-08T18:58:12.494Z,idle,5.71044444444641
2026-10-08T18:58:27.494Z,idle,5.729111111114939
2026-10-08T18:58:42.494Z,idle,5.767555555556383
2026-10-08T18:58:57.494Z,idle,5.623111111114525
2026-10-08T18:59:12.494Z,idle,5.667111111111524
2026-10-08T18:59:27.494Z,idle,5.739111111116491
2026-10-08T18:59:42.494Z,idle,5.96711111110635
2026-10-08T17:07:42.494Z,iowait,0.06955555555554786
2026-10-08T17:07:57.494Z,iowait,0.10244444444443715
2026-10-08T17:08:12.494Z,iowait,0.11222222222222625
2026-10-08T17:08:27.494Z,iowait,0.10577777777778262
2026-10-08T17:08:42.494Z,iowait,0.08733333333332968
2026-10-08T17:08:57.494Z,iowait,0.09177777777777009
2026-10-08T17:09:12.494Z,iowait,0.09866666666666787
2026-10-08T17:09:27.494Z,iowait,0.10133333333334221
2026-10-08T17:09:42.494Z,iowait,0.09488888888889857
2026-10-08T17:09:57.494Z,iowait,0.08822222222223797
2026-10-08T17:10:12.494Z,iowait,0.08822222222221776
2026-10-08T17:10:27.494Z,iowait,0.08599999999998746
2026-10-08T17:10:42.494Z,iowait,0.08466666666666545
2026-10-08T17:10:57.494Z,iowait,0.07955555555554382
2026-10-08T17:11:12.494Z,iowait,0.08266666666667231
2026-10-08T17:11:27.494Z,iowait,0.08155555555555716
2026-10-08T17:11:42.494Z,iowait,0.08733333333332968
2026-10-08T17:11:57.494Z,iowait,0.08266666666667231
2026-10-08T17:12:12.494Z,iowait,0.0804444444444319
2026-10-08T17:12:27.494Z,iowait,0.07533333333335071
2026-10-08T17:12:42.494Z,iowait,0.08377777777777737
2026-10-08T17:12:57.494Z,iowait,0.0864444444444517
2026-10-08T17:13:12.494Z,iowait,0.09444444444443433
2026-10-08T17:13:27.494Z,iowait,0.08977777777776685
2026-10-08T17:13:42.494Z,iowait,0.09444444444443433
2026-10-08T17:13:57.494Z,iowait,0.0842222222222113
2026-10-08T17:14:12.494Z,iowait,0.0902222222222311
2026-10-08T17:14:27.494Z,iowait,0.08066666666666908
2026-10-08T17:14:42.494Z,iowait,0.09066666666669536
2026-10-08T17:14:57.494Z,iowait,0.07955555555556403
2026-10-08T17:15:12.494Z,iowait,0.08511111111110949
2026-10-08T17:15:27.494Z,iowait,0.07911111111109978
2026-10-08T17:15:42.494Z,iowait,0.08888888888886867
2026-10-08T17:15:57.494Z,iowait,0.08266666666668242
2026-10-08T17:16:12.494Z,iowait,0.08266666666668242
2026-10-08T17:16:27.494Z,iowait,0.08088888888891636
2026-10-08T17:16:42.494Z,iowait,0.09399999999999029
2026-10-08T17:16:57.494Z,iowait,0.09111111111109897
2026-10-08T17:17:12.494Z,iowait,0.09111111111108887
2026-10-08T17:17:27.494Z,iowait,0.08288888888888929
2026-10-08T17:17:42.494Z,iowait,0.09133333333332605
2026-10-08T17:17:57.494Z,iowait,0.11288888888888726
2026-10-08T17:18:12.494Z,iowait,0.141555555555543
2026-10-08T17:18:27.494Z,iowait,0.16511111111110746
2026-10-08T17:18:42.494Z,iowait,0.17405203800728497
2026-10-08T17:18:57.494Z,iowait,0.17866666666668604
2026-10-08T17:19:12.494Z,iowait,0.1922222222222242
2026-10-08T17:19:27.494Z,iowait,0.1966367114512101
2026-10-08T17:19:42.494Z,iowait,0.1959999999999935
2026-10-08T17:19:57.494Z,iowait,0.18244444444444524
2026-10-08T17:20:12.494Z,iowait,0.1693333333333208
2026-10-08T17:20:27.494Z,iowait,0.1693333333333208
2026-10-08T17:20:42.494Z,iowait,0.17422222222222544
2026-10-08T17:20:57.494Z,iowait,0.18622222222221452
2026-10-08T17:21:12.494Z,iowait,0.18311111111113657
2026-10-08T17:21:27.494Z,iowait,0.17977777777778098
2026-10-08T17:21:42.494Z,iowait,0.17644444444444563
2026-10-08T17:21:57.494Z,iowait,0.17777777777776765
2026-10-08T17:22:12.494Z,iowait,0.18088888888888605
2026-10-08T17:22:27.494Z,iowait,0.1788888888888929
2026-10-08T17:22:42.494Z,iowait,0.18444444444441815
2026-10-08T17:22:57.494Z,iowait,0.17622222222221856
2026-10-08T17:23:12.494Z,iowait,0.1917777777777903
2026-10-08T17:23:27.494Z,iowait,0.2004444444444541
2026-10-08T17:23:42.494Z,iowait,0.2133333333333313
2026-10-08T17:23:57.494Z,iowait,0.19955555555554583
2026-10-08T17:24:12.494Z,iowait,0.1917777777777903
2026-10-08T17:24:27.494Z,iowait,0.19711111111111876
2026-10-08T17:24:42.494Z,iowait,0.20644444444444363
2026-10-08T17:24:57.494Z,iowait,0.19933333333333897
2026-10-08T17:25:12.494Z,iowait,0.18644444444442138
2026-10-08T17:25:27.494Z,iowait,0.17955555555556402
2026-10-08T17:25:42.494Z,iowait,0.18355555555555028
2026-10-08T17:25:57.494Z,iowait,0.18400000000002464
2026-10-08T17:26:12.494Z,iowait,0.1826666666666622
2026-10-08T17:26:27.494Z,iowait,0.17533333333332038
2026-10-08T17:26:42.494Z,iowait,0.18444444444444846
2026-10-08T17:26:57.494Z,iowait,0.1937777777777935
2026-10-08T17:27:12.494Z,iowait,0.1991111111111119
2026-10-08T17:27:27.494Z,iowait,0.18977777777777693
2026-10-08T17:27:42.494Z,iowait,0.17799999999998461
2026-10-08T17:27:57.494Z,iowait,0.1724444444444594
2026-10-08T17:28:12.494Z,iowait,0.16133333333333816
2026-10-08T17:28:27.494Z,iowait,0.13999999999999393
2026-10-08T17:28:42.494Z,iowait,0.13333333333334343
2026-10-08T17:28:57.494Z,iowait,0.15777777777775553
2026-10-08T17:29:12.494Z,iowait,0.1646666666666634
2026-10-08T17:29:27.494Z,iowait,0.17199999999999513
2026-10-08T17:29:42.494Z,iowait,0.15355555555557251
2026-10-08T17:29:57.494Z,iowait,0.15911111111111798
2026-10-08T17:30:12.494Z,iowait,0.14888888888888482
2026-10-08T17:30:27.494Z,iowait,0.1466666666666646
2026-10-08T17:30:42.494Z,iowait,0.15466666666666745
2026-10-08T17:30:57.494Z,iowait,0.1513333333333321
2026-10-08T17:31:12.494Z,iowait,0.15333333333332522
2026-10-08T17:31:27.494Z,iowait,0.1399999999999939
2026-10-08T17:31:42.494Z,iowait,0.1415555555555632
2026-10-08T17:31:57.494Z,iowait,0.13222222222221816
2026-10-08T17:32:12.494Z,iowait,0.13111111111112322
2026-10-08T17:32:27.494Z,iowait,0.12466666666664927
2026-10-08T17:32:42.494Z,iowait,0.13088888888888606
2026-10-08T17:32:57.494Z,iowait,0.12777777777777777
2026-10-08T17:33:12.494Z,iowait,0.13888888888889897
2026-10-08T17:33:27.494Z,iowait,0.13155555555555715
2026-10-08T17:33:42.494Z,iowait,0.13444444444442827
2026-10-08T17:33:57.494Z,iowait,0.13022222222220484
2026-10-08T17:34:12.494Z,iowait,0.13822222222223796
2026-10-08T17:34:27.494Z,iowait,0.14088888888890222
2026-10-08T17:34:42.494Z,iowait,0.1453333333333426
2026-10-08T17:34:57.494Z,iowait,0.1351111111111095
2026-10-08T17:35:12.494Z,iowait,0.13599999999999757
2026-10-08T17:35:27.494Z,iowait,0.12777777777778787
2026-10-08T17:35:42.494Z,iowait,0.13622222222222463
2026-10-08T17:35:57.494Z,iowait,0.13533333333334666
2026-10-08T17:36:12.494Z,iowait,0.14244444444444118
2026-10-08T17:36:27.494Z,iowait,0.1351111111111095
2026-10-08T17:36:42.494Z,iowait,0.1333333333333131
2026-10-08T17:36:57.494Z,iowait,0.13622222222221453
2026-10-08T17:37:12.494Z,iowait,0.15311111111109815
2026-10-08T17:37:27.494Z,iowait,0.15155555555555916
2026-10-08T17:37:42.494Z,iowait,0.15111111111110503
2026-10-08T17:37:57.494Z,iowait,0.14266666666666827
2026-10-08T17:38:12.494Z,iowait,0.17177777777777817
2026-10-08T17:38:27.494Z,iowait,0.18888888888888886
2026-10-08T17:38:42.494Z,iowait,0.20244444444444726
2026-10-08T17:38:57.494Z,iowait,0.18599999999999756
2026-10-08T17:39:12.494Z,iowait,0.1811111111111232
2026-10-08T17:39:27.494Z,iowait,0.18444444444445857
2026-10-08T17:39:42.494Z,iowait,0.189333333333343
2026-10-08T17:39:57.494Z,iowait,0.18466666666666542
2026-10-08T17:40:12.494Z,iowait,0.18022222222221493
2026-10-08T17:40:27.494Z,iowait,0.17800000000000482
2026-10-08T17:40:42.494Z,iowait,0.1984444444444408
2026-10-08T17:40:57.494Z,iowait,0.19444444444445452
2026-10-08T17:41:12.494Z,iowait,0.19288888888888522
2026-10-08T17:41:27.494Z,iowait,0.17133333333335432
2026-10-08T17:41:42.494Z,iowait,0.17666666666665248
2026-10-08T17:41:57.494Z,iowait,0.17266666666666625
2026-10-08T17:42:12.494Z,iowait,0.1788888888888525
2026-10-08T17:42:27.494Z,iowait,0.17822222222221168
2026-10-08T17:42:42.494Z,iowait,0.1842222222222214
2026-10-08T17:42:57.494Z,iowait,0.18444444444447877
2026-10-08T17:43:12.494Z,iowait,0.1848888888888925
2026-10-08T17:43:27.494Z,iowait,0.1893333333333329
2026-10-08T17:43:42.494Z,iowait,0.1877777777777636
2026-10-08T17:43:57.494Z,iowait,0.1917777777777903
2026-10-08T17:44:12.494Z,iowait,0.20599999999998947
2026-10-08T17:44:27.494Z,iowait,0.21155555555554503
2026-10-08T17:44:42.494Z,iowait,0.202666666666644
2026-10-08T17:44:57.494Z,iowait,0.18222222222222825
2026-10-08T17:45:12.494Z,iowait,0.1773333333333337
2026-10-08T17:45:27.494Z,iowait,0.17488888888888643
2026-10-08T17:45:42.494Z,iowait,0.18311111111110623
2026-10-08T17:45:57.494Z,iowait,0.1788888888888929
2026-10-08T17:46:12.494Z,iowait,0.18000000000002828
2026-10-08T17:46:27.494Z,iowait,0.17488888888889653
2026-10-08T17:46:42.494Z,iowait,0.17822222222223189
2026-10-08T17:46:57.494Z,iowait,0.17644444444443552
2026-10-08T17:47:12.494Z,iowait,0.1811111111111131
2026-10-08T17:47:27.494Z,iowait,0.1744444444444424
2026-10-08T17:47:42.494Z,iowait,0.18577777777777046
2026-10-08T17:47:57.494Z,iowait,0.18844444444442462
2026-10-08T17:48:12.494Z,iowait,0.2086666666666638
2026-10-08T17:48:27.494Z,iowait,0.21866666666666987
2026-10-08T17:48:42.494Z,iowait,0.2193333333333511
2026-10-08T17:48:57.494Z,iowait,0.2231111111111103
2026-10-08T17:49:12.494Z,iowait,0.2244444444444525
2026-10-08T17:49:27.494Z,iowait,0.2311111111111131
2026-10-08T17:49:42.494Z,iowait,0.2424444444444513
2026-10-08T17:49:57.494Z,iowait,0.24933333333331875
2026-10-08T17:50:12.494Z,iowait,0.2546666666666573
2026-10-08T17:50:27.494Z,iowait,0.2393333333333228
2026-10-08T17:50:42.494Z,iowait,0.239333333333343
2026-10-08T17:50:57.494Z,iowait,0.23733333333333978
2026-10-08T17:51:12.494Z,iowait,0.24022222222222098
2026-10-08T17:51:27.494Z,iowait,0.23022222222221492
2026-10-08T17:51:42.494Z,iowait,0.22266666666667634
2026-10-08T17:51:57.494Z,iowait,0.21355555555554825
2026-10-08T17:52:12.494Z,iowait,0.215541186143142
2026-10-08T17:52:27.494Z,iowait,0.21355555555553815
2026-10-08T17:52:42.494Z,iowait,0.2213333333333543
2026-10-08T17:52:57.494Z,iowait,0.22045914172056078
2026-10-08T17:53:12.494Z,iowait,0.23955555555555996
2026-10-08T17:53:27.494Z,iowait,0.24177777777775997
2026-10-08T17:53:42.494Z,iowait,0.23444444444445856
2026-10-08T17:53:57.494Z,iowait,0.22422222222222543
2026-10-08T17:54:12.494Z,iowait,0.22222222222224242
2026-10-08T17:54:27.494Z,iowait,0.2260000000000117
2026-10-08T17:54:42.494Z,iowait,0.22377777777778138
2026-10-08T17:54:57.494Z,iowait,0.22888888888886258
2026-10-08T17:55:12.494Z,iowait,0.23066666666666907
2026-10-08T17:55:27.494Z,iowait,0.22533333333332037
2026-10-08T17:55:42.494Z,iowait,0.22333333333332725
2026-10-08T17:55:57.494Z,iowait,0.22377777777776117
2026-10-08T17:56:12.494Z,iowait,0.23222222222222824
2026-10-08T17:56:27.494Z,iowait,0.2342222222222315
2026-10-08T17:56:42.494Z,iowait,0.24044444444443794
2026-10-08T17:56:57.494Z,iowait,0.23311111111110622
2026-10-08T17:57:12.494Z,iowait,0.22711111111111673
2026-10-08T17:57:27.494Z,iowait,0.21244444444445332
2026-10-08T17:57:42.494Z,iowait,0.21377777777777532
2026-10-08T17:57:57.494Z,iowait,0.2168888888888937
2026-10-08T17:58:12.494Z,iowait,0.22999999999998785
2026-10-08T17:58:27.494Z,iowait,0.23288888888888926
2026-10-08T17:58:42.494Z,iowait,0.24355555555556646
2026-10-08T17:58:57.494Z,iowait,0.25400000000000644
2026-10-08T17:59:12.494Z,iowait,0.27244444444443916
2026-10-08T17:59:27.494Z,iowait,0.26955555555556804
2026-10-08T17:59:42.494Z,iowait,0.27088888888889007
2026-10-08T17:59:57.494Z,iowait,0.25466666666667753
2026-10-08T18:00:12.494Z,iowait,0.25511111111108115
2026-10-08T18:00:27.494Z,iowait,0.25155555555554904
2026-10-08T18:00:42.494Z,iowait,0.25822222222225005
2026-10-08T18:00:57.494Z,iowait,0.24999999999999997
2026-10-08T18:01:12.494Z,iowait,0.26066666666666705
2026-10-08T18:01:27.494Z,iowait,0.2517777777777559
2026-10-08T18:01:42.494Z,iowait,0.27866666666666584
2026-10-08T18:01:57.494Z,iowait,0.28288888888890945
2026-10-08T18:02:12.494Z,iowait,0.29666666666665453
2026-10-08T18:02:27.494Z,iowait,0.27866666666667594
2026-10-08T18:02:42.494Z,iowait,0.2737777777777612
2026-10-08T18:02:57.494Z,iowait,0.27400000000000846
2026-10-08T18:03:12.494Z,iowait,0.27711111111110664
2026-10-08T18:03:27.494Z,iowait,0.2620000000000194
2026-10-08T18:03:42.494Z,iowait,0.2551111111111115
2026-10-08T18:03:57.494Z,iowait,0.24866666666666784
2026-10-08T18:04:12.494Z,iowait,0.24933333333331875
2026-10-08T18:04:27.494Z,iowait,0.2551111111111115
2026-10-08T18:04:42.494Z,iowait,0.2615555555555551
2026-10-08T18:04:57.494Z,iowait,0.27044444444444604
2026-10-08T18:05:12.494Z,iowait,0.2820000000000012
2026-10-08T18:05:27.494Z,iowait,0.2726666666666662
2026-10-08T18:05:42.494Z,iowait,0.27155555555555105
2026-10-08T18:05:57.494Z,iowait,0.2566666666666808
2026-10-08T18:06:12.494Z,iowait,0.2542222222222032
2026-10-08T18:06:27.494Z,iowait,0.2537777777777794
2026-10-08T18:06:42.494Z,iowait,0.25444444444442016
2026-10-08T18:06:57.494Z,iowait,0.2600000000000262
2026-10-08T18:07:12.494Z,iowait,0.24666666666666462
2026-10-08T18:07:27.494Z,iowait,0.24377777777778342
2026-10-08T18:07:42.494Z,iowait,0.2562222222222165
2026-10-08T18:07:57.494Z,iowait,0.27355555555555433
2026-10-08T18:08:12.494Z,iowait,0.30755555555556885
2026-10-08T18:08:27.494Z,iowait,0.30666666666667064
2026-10-08T18:08:42.494Z,iowait,0.3140000000000024
2026-10-08T18:08:57.494Z,iowait,0.29422222222221733
2026-10-08T18:09:12.494Z,iowait,0.2991111111111018
2026-10-08T18:09:27.494Z,iowait,0.2975555555555527
2026-10-08T18:09:42.494Z,iowait,0.299111111111122
2026-10-08T18:09:57.494Z,iowait,0.29866666666666786
2026-10-08T18:10:12.494Z,iowait,0.290666666666665
2026-10-08T18:10:27.494Z,iowait,0.2866666666666484
2026-10-08T18:10:42.494Z,iowait,0.2855555555555636
2026-10-08T18:10:57.494Z,iowait,0.29555555555555957
2026-10-08T18:11:12.494Z,iowait,0.2908888888888921
2026-10-08T18:11:27.494Z,iowait,0.2882222222222177
2026-10-08T18:11:42.494Z,iowait,0.28177777777777413
2026-10-08T18:11:57.494Z,iowait,0.29199999999998705
2026-10-08T18:12:12.494Z,iowait,0.29777777777777975
2026-10-08T18:12:27.494Z,iowait,0.30177777777779635
2026-10-08T18:12:42.494Z,iowait,0.3035555555555725
2026-10-08T18:12:57.494Z,iowait,0.29622222222221045
2026-10-08T18:13:12.494Z,iowait,0.3006666666666509
2026-10-08T18:13:27.494Z,iowait,0.3155555555555515
2026-10-08T18:13:42.494Z,iowait,0.3355555555555737
2026-10-08T18:13:57.494Z,iowait,0.32599999999999146
2026-10-08T18:14:12.494Z,iowait,0.30844444444444685
2026-10-08T18:14:27.494Z,iowait,0.3097777777777587
2026-10-08T18:14:42.494Z,iowait,0.3171111111111208
2026-10-08T18:14:57.494Z,iowait,0.310222222222223
2026-10-08T18:15:12.494Z,iowait,0.28888888888889896
2026-10-08T18:15:27.494Z,iowait,0.2857777777777806
2026-10-08T18:15:42.494Z,iowait,0.29044444444443795
2026-10-08T18:15:57.494Z,iowait,0.29555555555555957
2026-10-08T18:16:12.494Z,iowait,0.291333333333326
2026-10-08T18:16:27.494Z,iowait,0.30666666666667064
2026-10-08T18:16:42.494Z,iowait,0.3219999999999951
2026-10-08T18:16:57.494Z,iowait,0.3211111111111171
2026-10-08T18:17:12.494Z,iowait,0.3095555555555519
2026-10-08T18:17:27.494Z,iowait,0.2842222222222214
2026-10-08T18:17:42.494Z,iowait,0.2922222222222141
2026-10-08T18:17:57.494Z,iowait,0.2922222222222242
2026-10-08T18:18:12.494Z,iowait,0.30955555555556197
2026-10-08T18:18:27.494Z,iowait,0.3088888888888909
2026-10-08T18:18:42.494Z,iowait,0.3111111111111111
2026-10-08T18:18:57.494Z,iowait,0.32133333333332403
2026-10-08T18:19:12.494Z,iowait,0.3288888888888929
2026-10-08T18:19:27.494Z,iowait,0.3497777777777628
2026-10-08T18:19:42.494Z,iowait,0.340000000000004
2026-10-08T18:19:57.494Z,iowait,0.32711111111110663
2026-10-08T18:20:12.494Z,iowait,0.30400000000000643
2026-10-08T18:20:27.494Z,iowait,0.3020000000000032
2026-10-08T18:20:42.494Z,iowait,0.31800000000000883
2026-10-08T18:20:57.494Z,iowait,0.32022222222221897
2026-10-08T18:21:12.494Z,iowait,0.3086666666666739
2026-10-08T18:21:27.494Z,iowait,0.29511111111110544
2026-10-08T18:21:42.494Z,iowait,0.29822222222222383
2026-10-08T18:21:57.494Z,iowait,0.30444444444444035
2026-10-08T18:22:12.494Z,iowait,0.30244444444443713
2026-10-08T18:22:27.494Z,iowait,0.29355555555556645
2026-10-08T18:22:42.494Z,iowait,0.2691111111111139
2026-10-08T18:22:57.494Z,iowait,0.2311111111111131
2026-10-08T18:23:12.494Z,iowait,0.18644444444443148
2026-10-08T18:23:27.494Z,iowait,0.19355555555553614
2026-10-08T18:23:42.494Z,iowait,0.1760000000000016
2026-10-08T18:23:57.494Z,iowait,0.20400000000000645
2026-10-08T18:24:12.494Z,iowait,0.20177777777778624
2026-10-08T18:24:27.494Z,iowait,0.20622222222221653
2026-10-08T18:24:42.494Z,iowait,0.16644444444445977
2026-10-08T18:24:57.494Z,iowait,0.14288888888889534
2026-10-08T18:25:12.494Z,iowait,0.18533333333335675
2026-10-08T18:25:27.494Z,iowait,0.2117777777777721
2026-10-08T18:25:42.494Z,iowait,0.2066666666666707
2026-10-08T18:25:57.494Z,iowait,0.16644444444442946
2026-10-08T18:26:12.494Z,iowait,0.14422222222221737
2026-10-08T18:26:27.494Z,iowait,0.13799999999999069
2026-10-08T18:26:42.494Z,iowait,0.14244444444445128
2026-10-08T18:26:57.494Z,iowait,0.14244444444443108
2026-10-08T18:27:12.494Z,iowait,0.14666666666668485
2026-10-08T18:27:27.494Z,iowait,0.15222222222221007
2026-10-08T18:27:42.494Z,iowait,0.17688888888890988
2026-10-08T18:27:57.494Z,iowait,0.20022222222220684
2026-10-08T18:28:12.494Z,iowait,0.23311111111112645
2026-10-08T18:28:27.494Z,iowait,0.2415555555555531
2026-10-08T18:28:42.494Z,iowait,0.26066666666666705
2026-10-08T18:28:57.494Z,iowait,0.24711111111108844
2026-10-08T18:29:12.494Z,iowait,0.26199999999997897
2026-10-08T18:29:27.494Z,iowait,0.2655555555555616
2026-10-08T18:29:42.494Z,iowait,0.31422222222223956
2026-10-08T18:29:57.494Z,iowait,0.3433333333333495
2026-10-08T18:30:12.494Z,iowait,0.31355555555555836
2026-10-08T18:30:27.494Z,iowait,0.26066666666666705
2026-10-08T18:30:42.494Z,iowait,0.24511111111110542
2026-10-08T18:30:57.494Z,iowait,0.2751111111111034
2026-10-08T18:31:12.494Z,iowait,0.3088888888888808
2026-10-08T18:31:27.494Z,iowait,0.30800000000000277
2026-10-08T18:31:42.494Z,iowait,0.3102222222222129
2026-10-08T18:31:57.494Z,iowait,0.3077777777777959
2026-10-08T18:32:12.494Z,iowait,0.2737777777777713
2026-10-08T18:32:27.494Z,iowait,0.2362222222222246
2026-10-08T18:32:42.494Z,iowait,0.21599999999998543
2026-10-08T18:32:57.494Z,iowait,0.20777777777779594
2026-10-08T18:33:12.494Z,iowait,0.2295555555555438
2026-10-08T18:33:27.494Z,iowait,0.22466666666667956
2026-10-08T18:33:42.494Z,iowait,0.24733333333332563
2026-10-08T18:33:57.494Z,iowait,0.26022222222225333
2026-10-08T18:34:12.494Z,iowait,0.26177777777778216
2026-10-08T18:34:27.494Z,iowait,0.25399999999999634
2026-10-08T18:34:42.494Z,iowait,0.24355555555551592
2026-10-08T18:34:57.494Z,iowait,0.2459999999999834
2026-10-08T18:35:12.494Z,iowait,0.23888888888889898
2026-10-08T18:35:27.494Z,iowait,0.22400000000002868
2026-10-08T18:35:42.494Z,iowait,0.21866666666666987
2026-10-08T18:35:57.494Z,iowait,0.22888888888888279
2026-10-08T18:36:12.494Z,iowait,0.24422222222221734
2026-10-08T18:36:27.494Z,iowait,0.2326666666666521
2026-10-08T18:36:42.494Z,iowait,0.22088888888890018
2026-10-08T18:36:57.494Z,iowait,0.21266666666666018
2026-10-08T18:37:12.494Z,iowait,0.2184444444444529
2026-10-08T18:37:27.494Z,iowait,0.2086666666666638
2026-10-08T18:37:42.494Z,iowait,0.20933333333334503
2026-10-08T18:37:57.494Z,iowait,0.2028888888889014
2026-10-08T18:38:12.494Z,iowait,0.23422222222220118
2026-10-08T18:38:27.494Z,iowait,0.22977777777778097
2026-10-08T18:38:42.494Z,iowait,0.24577777777776644
2026-10-08T18:38:57.494Z,iowait,0.2228888888889034
2026-10-08T18:39:12.494Z,iowait,0.22799999999999473
2026-10-08T18:39:27.494Z,iowait,0.20755555555555877
2026-10-08T18:39:42.494Z,iowait,0.2088888888888808
2026-10-08T18:39:57.494Z,iowait,0.20688888888887755
2026-10-08T18:40:12.494Z,iowait,0.2086666666666537
2026-10-08T18:40:27.494Z,iowait,0.21511111111110745
2026-10-08T18:40:42.494Z,iowait,0.2051111111111418
2026-10-08T18:40:57.494Z,iowait,0.2328888888889095
2026-10-08T18:41:12.494Z,iowait,0.2333333333333434
2026-10-08T18:41:27.494Z,iowait,0.2286666666666254
2026-10-08T18:41:42.494Z,iowait,0.20888888888887067
2026-10-08T18:41:57.494Z,iowait,0.20466666666665737
2026-10-08T18:42:12.494Z,iowait,0.20600000000002988
2026-10-08T18:42:27.494Z,iowait,0.20155555555556928
2026-10-08T18:42:42.494Z,iowait,0.20844444444445695
2026-10-08T18:42:57.494Z,iowait,0.20933333333331472
2026-10-08T18:43:12.494Z,iowait,0.2133333333333313
2026-10-08T18:43:27.494Z,iowait,0.1988888888888848
2026-10-08T18:43:42.494Z,iowait,0.2131111111111244
2026-10-08T18:43:57.494Z,iowait,0.22311111111109005
2026-10-08T18:44:12.494Z,iowait,0.22888888888888279
2026-10-08T18:44:27.494Z,iowait,0.21599999999998543
2026-10-08T18:44:42.494Z,iowait,0.21666666666668685
2026-10-08T18:44:57.494Z,iowait,0.2131111111111244
2026-10-08T18:45:12.494Z,iowait,0.21533333333334462
2026-10-08T18:45:27.494Z,iowait,0.20022222222221694
2026-10-08T18:45:42.494Z,iowait,0.21199999999999916
2026-10-08T18:45:57.494Z,iowait,0.2282222222222117
2026-10-08T18:46:12.494Z,iowait,0.23822222222222786
2026-10-08T18:46:27.494Z,iowait,0.2215555555555511
2026-10-08T18:46:42.494Z,iowait,0.21444444444445654
2026-10-08T18:46:57.494Z,iowait,0.21422222222222947
2026-10-08T18:47:12.494Z,iowait,0.23133333333334016
2026-10-08T18:47:27.494Z,iowait,0.22044444444443592
2026-10-08T18:47:42.494Z,iowait,0.2171111111111006
2026-10-08T18:47:57.494Z,iowait,0.20688888888887755
2026-10-08T18:48:12.494Z,iowait,0.19888888888890502
2026-10-08T18:48:27.494Z,iowait,0.1937777777777632
2026-10-08T18:48:42.494Z,iowait,0.1931111111111123
2026-10-08T18:48:57.494Z,iowait,0.20244444444441692
2026-10-08T18:49:12.494Z,iowait,0.21088888888890422
2026-10-08T18:49:27.494Z,iowait,0.209555555555562
2026-10-08T18:49:42.494Z,iowait,0.20933333333335513
2026-10-08T18:49:57.494Z,iowait,0.2064444444444234
2026-10-08T18:50:12.494Z,iowait,0.21066666666666706
2026-10-08T18:50:27.494Z,iowait,0.20466666666665734
2026-10-08T18:50:42.494Z,iowait,0.2064444444444638
2026-10-08T18:50:57.494Z,iowait,0.2086666666666537
2026-10-08T18:51:12.494Z,iowait,0.21600000000000563
2026-10-08T18:51:27.494Z,iowait,0.2051111111111115
2026-10-08T18:51:42.494Z,iowait,0.2064444444444436
2026-10-08T18:51:57.494Z,iowait,0.20555555555554542
2026-10-08T18:52:12.494Z,iowait,0.24111111111111916
2026-10-08T18:52:27.494Z,iowait,0.2437777777777935
2026-10-08T18:52:42.494Z,iowait,0.2515555555555592
2026-10-08T18:52:57.494Z,iowait,0.22200000000000522
2026-10-08T18:53:12.494Z,iowait,0.22044444444442582
2026-10-08T18:53:27.494Z,iowait,0.21000000000000604
2026-10-08T18:53:42.494Z,iowait,0.231777777777764
2026-10-08T18:53:57.494Z,iowait,0.22577777777779473
2026-10-08T18:54:12.494Z,iowait,0.2357777777777907
2026-10-08T18:54:27.494Z,iowait,0.21777777777776158
2026-10-08T18:54:42.494Z,iowait,0.2297777777777709
2026-10-08T18:54:57.494Z,iowait,0.22377777777777128
2026-10-08T18:55:12.494Z,iowait,0.2222222222222323
2026-10-08T18:55:27.494Z,iowait,0.20599999999999957
2026-10-08T18:55:42.494Z,iowait,0.2184444444444428
2026-10-08T18:55:57.494Z,iowait,0.21155555555555514
2026-10-08T18:56:12.494Z,iowait,0.21488888888888039
2026-10-08T18:56:27.494Z,iowait,0.200444444444444
2026-10-08T18:56:42.494Z,iowait,0.2168888888888937
2026-10-08T18:56:57.494Z,iowait,0.23244444444446544
2026-10-08T18:57:12.494Z,iowait,0.23599999999999755
2026-10-08T18:57:27.494Z,iowait,0.23088888888888603
2026-10-08T18:57:42.494Z,iowait,0.2244444444444323
2026-10-08T18:57:57.494Z,iowait,0.23955555555553976
2026-10-08T18:58:12.494Z,iowait,0.23022222222222502
2026-10-08T18:58:27.494Z,iowait,0.22688888888888967
2026-10-08T18:58:42.494Z,iowait,0.2408888888889123
2026-10-08T18:58:57.494Z,iowait,0.2773333333333337
2026-10-08T18:59:12.494Z,iowait,0.2842222222222214
2026-10-08T18:59:27.494Z,iowait,0.2599999999999757
2026-10-08T18:59:42.494Z,iowait,0.26111111111111107
2026-10-08T17:07:42.494Z,irq,0
2026-10-08T17:07:57.494Z,irq,0
2026-10-08T17:08:12.494Z,irq,0
2026-10-08T17:08:27.494Z,irq,0
2026-10-08T17:08:42.494Z,irq,0
2026-10-08T17:08:57.494Z,irq,0
2026-10-08T17:09:12.494Z,irq,0
2026-10-08T17:09:27.494Z,irq,0
2026-10-08T17:09:42.494Z,irq,0
2026-10-08T17:09:57.494Z,irq,0
2026-10-08T17:10:12.494Z,irq,0
2026-10-08T17:10:27.494Z,irq,0
2026-10-08T17:10:42.494Z,irq,0
2026-10-08T17:10:57.494Z,irq,0
2026-10-08T17:11:12.494Z,irq,0
2026-10-08T17:11:27.494Z,irq,0
2026-10-08T17:11:42.494Z,irq,0
2026-10-08T17:11:57.494Z,irq,0
2026-10-08T17:12:12.494Z,irq,0
2026-10-08T17:12:27.494Z,irq,0
2026-10-08T17:12:42.494Z,irq,0
2026-10-08T17:12:57.494Z,irq,0
2026-10-08T17:13:12.494Z,irq,0
2026-10-08T17:13:27.494Z,irq,0
2026-10-08T17:13:42.494Z,irq,0
2026-10-08T17:13:57.494Z,irq,0
2026-10-08T17:14:12.494Z,irq,0
2026-10-08T17:14:27.494Z,irq,0
2026-10-08T17:14:42.494Z,irq,0
2026-10-08T17:14:57.494Z,irq,0
2026-10-08T17:15:12.494Z,irq,0
2026-10-08T17:15:27.494Z,irq,0
2026-10-08T17:15:42.494Z,irq,0
2026-10-08T17:15:57.494Z,irq,0
2026-10-08T17:16:12.494Z,irq,0
2026-10-08T17:16:27.494Z,irq,0
2026-10-08T17:16:42.494Z,irq,0
2026-10-08T17:16:57.494Z,irq,0
2026-10-08T17:17:12.494Z,irq,0
2026-10-08T17:17:27.494Z,irq,0
2026-10-08T17:17:42.494Z,irq,0
2026-10-08T17:17:57.494Z,irq,0
2026-10-08T17:18:12.494Z,irq,0
2026-10-08T17:18:27.494Z,irq,0
2026-10-08T17:18:42.494Z,irq,0
2026-10-08T17:18:57.494Z,irq,0
2026-10-08T17:19:12.494Z,irq,0
2026-10-08T17:19:27.494Z,irq,0
2026-10-08T17:19:42.494Z,irq,0
2026-10-08T17:19:57.494Z,irq,0
2026-10-08T17:20:12.494Z,irq,0
2026-10-08T17:20:27.494Z,irq,0
2026-10-08T17:20:42.494Z,irq,0
2026-10-08T17:20:57.494Z,irq,0
2026-10-08T17:21:12.494Z,irq,0
2026-10-08T17:21:27.494Z,irq,0
2026-10-08T17:21:42.494Z,irq,0
2026-10-08T17:21:57.494Z,irq,0
2026-10-08T17:22:12.494Z,irq,0
2026-10-08T17:22:27.494Z,irq,0
2026-10-08T17:22:42.494Z,irq,0
2026-10-08T17:22:57.494Z,irq,0
2026-10-08T17:23:12.494Z,irq,0
2026-10-08T17:23:27.494Z,irq,0
2026-10-08T17:23:42.494Z,irq,0
2026-10-08T17:23:57.494Z,irq,0
2026-10-08T17:24:12.494Z,irq,0
2026-10-08T17:24:27.494Z,irq,0
2026-10-08T17:24:42.494Z,irq,0
2026-10-08T17:24:57.494Z,irq,0
2026-10-08T17:25:12.494Z,irq,0
2026-10-08T17:25:27.494Z,irq,0
2026-10-08T17:25:42.494Z,irq,0
2026-10-08T17:25:57.494Z,irq,0
2026-10-08T17:26:12.494Z,irq,0
2026-10-08T17:26:27.494Z,irq,0
2026-10-08T17:26:42.494Z,irq,0
2026-10-08T17:26:57.494Z,irq,0
2026-10-08T17:27:12.494Z,irq,0
2026-10-08T17:27:27.494Z,irq,0
2026-10-08T17:27:42.494Z,irq,0
2026-10-08T17:27:57.494Z,irq,0
2026-10-08T17:28:12.494Z,irq,0
2026-10-08T17:28:27.494Z,irq,0
2026-10-08T17:28:42.494Z,irq,0
2026-10-08T17:28:57.494Z,irq,0
2026-10-08T17:29:12.494Z,irq,0
2026-10-08T17:29:27.494Z,irq,0
2026-10-08T17:29:42.494Z,irq,0
2026-10-08T17:29:57.494Z,irq,0
2026-10-08T17:30:12.494Z,irq,0
2026-10-08T17:30:27.494Z,irq,0
2026-10-08T17:30:42.494Z,irq,0
2026-10-08T17:30:57.494Z,irq,0
2026-10-08T17:31:12.494Z,irq,0
2026-10-08T17:31:27.494Z,irq,0
2026-10-08T17:31:42.494Z,irq,0
2026-10-08T17:31:57.494Z,irq,0
2026-10-08T17:32:12.494Z,irq,0
2026-10-08T17:32:27.494Z,irq,0
2026-10-08T17:32:42.494Z,irq,0
2026-10-08T17:32:57.494Z,irq,0
2026-10-08T17:33:12.494Z,irq,0
2026-10-08T17:33:27.494Z,irq,0
2026-10-08T17:33:42.494Z,irq,0
2026-10-08T17:33:57.494Z,irq,0
2026-10-08T17:34:12.494Z,irq,0
2026-10-08T17:34:27.494Z,irq,0
2026-10-08T17:34:42.494Z,irq,0
2026-10-08T17:34:57.494Z,irq,0
2026-10-08T17:35:12.494Z,irq,0
2026-10-08T17:35:27.494Z,irq,0
2026-10-08T17:35:42.494Z,irq,0
2026-10-08T17:35:57.494Z,irq,0
2026-10-08T17:36:12.494Z,irq,0
2026-10-08T17:36:27.494Z,irq,0
2026-10-08T17:36:42.494Z,irq,0
2026-10-08T17:36:57.494Z,irq,0
2026-10-08T17:37:12.494Z,irq,0
2026-10-08T17:37:27.494Z,irq,0
2026-10-08T17:37:42.494Z,irq,0
2026-10-08T17:37:57.494Z,irq,0
2026-10-08T17:38:12.494Z,irq,0
2026-10-08T17:38:27.494Z,irq,0
2026-10-08T17:38:42.494Z,irq,0
2026-10-08T17:38:57.494Z,irq,0
2026-10-08T17:39:12.494Z,irq,0
2026-10-08T17:39:27.494Z,irq,0
2026-10-08T17:39:42.494Z,irq,0
2026-10-08T17:39:57.494Z,irq,0
2026-10-08T17:40:12.494Z,irq,0
2026-10-08T17:40:27.494Z,irq,0
2026-10-08T17:40:42.494Z,irq,0
2026-10-08T17:40:57.494Z,irq,0
2026-10-08T17:41:12.494Z,irq,0
2026-10-08T17:41:27.494Z,irq,0
2026-10-08T17:41:42.494Z,irq,0
2026-10-08T17:41:57.494Z,irq,0
2026-10-08T17:42:12.494Z,irq,0
2026-10-08T17:42:27.494Z,irq,0
2026-10-08T17:42:42.494Z,irq,0
2026-10-08T17:42:57.494Z,irq,0
2026-10-08T17:43:12.494Z,irq,0
2026-10-08T17:43:27.494Z,irq,0
2026-10-08T17:43:42.494Z,irq,0
2026-10-08T17:43:57.494Z,irq,0
2026-10-08T17:44:12.494Z,irq,0
2026-10-08T17:44:27.494Z,irq,0
2026-10-08T17:44:42.494Z,irq,0
2026-10-08T17:44:57.494Z,irq,0
2026-10-08T17:45:12.494Z,irq,0
2026-10-08T17:45:27.494Z,irq,0
2026-10-08T17:45:42.494Z,irq,0
2026-10-08T17:45:57.494Z,irq,0
2026-10-08T17:46:12.494Z,irq,0
2026-10-08T17:46:27.494Z,irq,0
2026-10-08T17:46:42.494Z,irq,0
2026-10-08T17:46:57.494Z,irq,0
2026-10-08T17:47:12.494Z,irq,0
2026-10-08T17:47:27.494Z,irq,0
2026-10-08T17:47:42.494Z,irq,0
2026-10-08T17:47:57.494Z,irq,0
2026-10-08T17:48:12.494Z,irq,0
2026-10-08T17:48:27.494Z,irq,0
2026-10-08T17:48:42.494Z,irq,0
2026-10-08T17:48:57.494Z,irq,0
2026-10-08T17:49:12.494Z,irq,0
2026-10-08T17:49:27.494Z,irq,0
2026-10-08T17:49:42.494Z,irq,0
2026-10-08T17:49:57.494Z,irq,0
2026-10-08T17:50:12.494Z,irq,0
2026-10-08T17:50:27.494Z,irq,0
2026-10-08T17:50:42.494Z,irq,0
2026-10-08T17:50:57.494Z,irq,0
2026-10-08T17:51:12.494Z,irq,0
2026-10-08T17:51:27.494Z,irq,0
2026-10-08T17:51:42.494Z,irq,0
2026-10-08T17:51:57.494Z,irq,0
2026-10-08T17:52:12.494Z,irq,0
2026-10-08T17:52:27.494Z,irq,0
2026-10-08T17:52:42.494Z,irq,0
2026-10-08T17:52:57.494Z,irq,0
2026-10-08T17:53:12.494Z,irq,0
2026-10-08T17:53:27.494Z,irq,0
2026-10-08T17:53:42.494Z,irq,0
2026-10-08T17:53:57.494Z,irq,0
2026-10-08T17:54:12.494Z,irq,0
2026-10-08T17:54:27.494Z,irq,0
2026-10-08T17:54:42.494Z,irq,0
2026-10-08T17:54:57.494Z,irq,0
2026-10-08T17:55:12.494Z,irq,0
2026-10-08T17:55:27.494Z,irq,0
2026-10-08T17:55:42.494Z,irq,0
2026-10-08T17:55:57.494Z,irq,0
2026-10-08T17:56:12.494Z,irq,0
2026-10-08T17:56:27.494Z,irq,0
2026-10-08T17:56:42.494Z,irq,0
2026-10-08T17:56:57.494Z,irq,0
2026-10-08T17:57:12.494Z,irq,0
2026-10-08T17:57:27.494Z,irq,0
2026-10-08T17:57:42.494Z,irq,0
2026-10-08T17:57:57.494Z,irq,0
2026-10-08T17:58:12.494Z,irq,0
2026-10-08T17:58:27.494Z,irq,0
2026-10-08T17:58:42.494Z,irq,0
2026-10-08T17:58:57.494Z,irq,0
2026-10-08T17:59:12.494Z,irq,0
2026-10-08T17:59:27.494Z,irq,0
2026-10-08T17:59:42.494Z,irq,0
2026-10-08T17:59:57.494Z,irq,0
2026-10-08T18:00:12.494Z,irq,0
2026-10-08T18:00:27.494Z,irq,0
2026-10-08T18:00:42.494Z,irq,0
2026-10-08T18:00:57.494Z,irq,0
2026-10-08T18:01:12.494Z,irq,0
2026-10-08T18:01:27.494Z,irq,0
2026-10-08T18:01:42.494Z,irq,0
2026-10-08T18:01:57.494Z,irq,0
2026-10-08T18:02:12.494Z,irq,0
2026-10-08T18:02:27.494Z,irq,0
2026-10-08T18:02:42.494Z,irq,0
2026-10-08T18:02:57.494Z,irq,0
2026-10-08T18:03:12.494Z,irq,0
2026-10-08T18:03:27.494Z,irq,0
2026-10-08T18:03:42.494Z,irq,0
2026-10-08T18:03:57.494Z,irq,0
2026-10-08T18:04:12.494Z,irq,0
2026-10-08T18:04:27.494Z,irq,0
2026-10-08T18:04:42.494Z,irq,0
2026-10-08T18:04:57.494Z,irq,0
2026-10-08T18:05:12.494Z,irq,0
2026-10-08T18:05:27.494Z,irq,0
2026-10-08T18:05:42.494Z,irq,0
2026-10-08T18:05:57.494Z,irq,0
2026-10-08T18:06:12.494Z,irq,0
2026-10-08T18:06:27.494Z,irq,0
2026-10-08T18:06:42.494Z,irq,0
2026-10-08T18:06:57.494Z,irq,0
2026-10-08T18:07:12.494Z,irq,0
2026-10-08T18:07:27.494Z,irq,0
2026-10-08T18:07:42.494Z,irq,0
2026-10-08T18:07:57.494Z,irq,0
2026-10-08T18:08:12.494Z,irq,0
2026-10-08T18:08:27.494Z,irq,0
2026-10-08T18:08:42.494Z,irq,0
2026-10-08T18:08:57.494Z,irq,0
2026-10-08T18:09:12.494Z,irq,0
2026-10-08T18:09:27.494Z,irq,0
2026-10-08T18:09:42.494Z,irq,0
2026-10-08T18:09:57.494Z,irq,0
2026-10-08T18:10:12.494Z,irq,0
2026-10-08T18:10:27.494Z,irq,0
2026-10-08T18:10:42.494Z,irq,0
2026-10-08T18:10:57.494Z,irq,0
2026-10-08T18:11:12.494Z,irq,0
2026-10-08T18:11:27.494Z,irq,0
2026-10-08T18:11:42.494Z,irq,0
2026-10-08T18:11:57.494Z,irq,0
2026-10-08T18:12:12.494Z,irq,0
2026-10-08T18:12:27.494Z,irq,0
2026-10-08T18:12:42.494Z,irq,0
2026-10-08T18:12:57.494Z,irq,0
2026-10-08T18:13:12.494Z,irq,0
2026-10-08T18:13:27.494Z,irq,0
2026-10-08T18:13:42.494Z,irq,0
2026-10-08T18:13:57.494Z,irq,0
2026-10-08T18:14:12.494Z,irq,0
2026-10-08T18:14:27.494Z,irq,0
2026-10-08T18:14:42.494Z,irq,0
2026-10-08T18:14:57.494Z,irq,0
2026-10-08T18:15:12.494Z,irq,0
2026-10-08T18:15:27.494Z,irq,0
2026-10-08T18:15:42.494Z,irq,0
2026-10-08T18:15:57.494Z,irq,0
2026-10-08T18:16:12.494Z,irq,0
2026-10-08T18:16:27.494Z,irq,0
2026-10-08T18:16:42.494Z,irq,0
2026-10-08T18:16:57.494Z,irq,0
2026-10-08T18:17:12.494Z,irq,0
2026-10-08T18:17:27.494Z,irq,0
2026-10-08T18:17:42.494Z,irq,0
2026-10-08T18:17:57.494Z,irq,0
2026-10-08T18:18:12.494Z,irq,0
2026-10-08T18:18:27.494Z,irq,0
2026-10-08T18:18:42.494Z,irq,0
2026-10-08T18:18:57.494Z,irq,0
2026-10-08T18:19:12.494Z,irq,0
2026-10-08T18:19:27.494Z,irq,0
2026-10-08T18:19:42.494Z,irq,0
2026-10-08T18:19:57.494Z,irq,0
2026-10-08T18:20:12.494Z,irq,0
2026-10-08T18:20:27.494Z,irq,0
2026-10-08T18:20:42.494Z,irq,0
2026-10-08T18:20:57.494Z,irq,0
2026-10-08T18:21:12.494Z,irq,0
2026-10-08T18:21:27.494Z,irq,0
2026-10-08T18:21:42.494Z,irq,0
2026-10-08T18:21:57.494Z,irq,0
2026-10-08T18:22:12.494Z,irq,0
2026-10-08T18:22:27.494Z,irq,0
2026-10-08T18:22:42.494Z,irq,0
2026-10-08T18:22:57.494Z,irq,0
2026-10-08T18:23:12.494Z,irq,0
2026-10-08T18:23:27.494Z,irq,0
2026-10-08T18:23:42.494Z,irq,0
2026-10-08T18:23:57.494Z,irq,0
2026-10-08T18:24:12.494Z,irq,0
2026-10-08T18:24:27.494Z,irq,0
2026-10-08T18:24:42.494Z,irq,0
2026-10-08T18:24:57.494Z,irq,0
2026-10-08T18:25:12.494Z,irq,0
2026-10-08T18:25:27.494Z,irq,0
2026-10-08T18:25:42.494Z,irq,0
2026-10-08T18:25:57.494Z,irq,0
2026-10-08T18:26:12.494Z,irq,0
2026-10-08T18:26:27.494Z,irq,0
2026-10-08T18:26:42.494Z,irq,0
2026-10-08T18:26:57.494Z,irq,0
2026-10-08T18:27:12.494Z,irq,0
2026-10-08T18:27:27.494Z,irq,0
2026-10-08T18:27:42.494Z,irq,0
2026-10-08T18:27:57.494Z,irq,0
2026-10-08T18:28:12.494Z,irq,0
2026-10-08T18:28:27.494Z,irq,0
2026-10-08T18:28:42.494Z,irq,0
2026-10-08T18:28:57.494Z,irq,0
2026-10-08T18:29:12.494Z,irq,0
2026-10-08T18:29:27.494Z,irq,0
2026-10-08T18:29:42.494Z,irq,0
2026-10-08T18:29:57.494Z,irq,0
2026-10-08T18:30:12.494Z,irq,0
2026-10-08T18:30:27.494Z,irq,0
2026-10-08T18:30:42.494Z,irq,0
2026-10-08T18:30:57.494Z,irq,0
2026-10-08T18:31:12.494Z,irq,0
2026-10-08T18:31:27.494Z,irq,0
2026-10-08T18:31:42.494Z,irq,0
2026-10-08T18:31:57.494Z,irq,0
2026-10-08T18:32:12.494Z,irq,0
2026-10-08T18:32:27.494Z,irq,0
2026-10-08T18:32:42.494Z,irq,0
2026-10-08T18:32:57.494Z,irq,0
2026-10-08T18:33:12.494Z,irq,0
2026-10-08T18:33:27.494Z,irq,0
2026-10-08T18:33:42.494Z,irq,0
2026-10-08T18:33:57.494Z,irq,0
2026-10-08T18:34:12.494Z,irq,0
2026-10-08T18:34:27.494Z,irq,0
2026-10-08T18:34:42.494Z,irq,0
2026-10-08T18:34:57.494Z,irq,0
2026-10-08T18:35:12.494Z,irq,0
2026-10-08T18:35:27.494Z,irq,0
2026-10-08T18:35:42.494Z,irq,0
2026-10-08T18:35:57.494Z,irq,0
2026-10-08T18:36:12.494Z,irq,0
2026-10-08T18:36:27.494Z,irq,0
2026-10-08T18:36:42.494Z,irq,0
2026-10-08T18:36:57.494Z,irq,0
2026-10-08T18:37:12.494Z,irq,0
2026-10-08T18:37:27.494Z,irq,0
2026-10-08T18:37:42.494Z,irq,0
2026-10-08T18:37:57.494Z,irq,0
2026-10-08T18:38:12.494Z,irq,0
2026-10-08T18:38:27.494Z,irq,0
2026-10-08T18:38:42.494Z,irq,0
2026-10-08T18:38:57.494Z,irq,0
2026-10-08T18:39:12.494Z,irq,0
2026-10-08T18:39:27.494Z,irq,0
2026-10-08T18:39:42.494Z,irq,0
2026-10-08T18:39:57.494Z,irq,0
2026-10-08T18:40:12.494Z,irq,0
2026-10-08T18:40:27.494Z,irq,0
2026-10-08T18:40:42.494Z,irq,0
2026-10-08T18:40:57.494Z,irq,0
2026-10-08T18:41:12.494Z,irq,0
2026-10-08T18:41:27.494Z,irq,0
2026-10-08T18:41:42.494Z,irq,0
2026-10-08T18:41:57.494Z,irq,0
2026-10-08T18:42:12.494Z,irq,0
2026-10-08T18:42:27.494Z,irq,0
2026-10-08T18:42:42.494Z,irq,0
2026-10-08T18:42:57.494Z,irq,0
2026-10-08T18:43:12.494Z,irq,0
2026-10-08T18:43:27.494Z,irq,0
2026-10-08T18:43:42.494Z,irq,0
2026-10-08T18:43:57.494Z,irq,0
2026-10-08T18:44:12.494Z,irq,0
2026-10-08T18:44:27.494Z,irq,0
2026-10-08T18:44:42.494Z,irq,0
2026-10-08T18:44:57.494Z,irq,0
2026-10-08T18:45:12.494Z,irq,0
2026-10-08T18:45:27.494Z,irq,0
2026-10-08T18:45:42.494Z,irq,0
2026-10-08T18:45:57.494Z,irq,0
2026-10-08T18:46:12.494Z,irq,0
2026-10-08T18:46:27.494Z,irq,0
2026-10-08T18:46:42.494Z,irq,0
2026-10-08T18:46:57.494Z,irq,0
2026-10-08T18:47:12.494Z,irq,0
2026-10-08T18:47:27.494Z,irq,0
2026-10-08T18:47:42.494Z,irq,0
2026-10-08T18:47:57.494Z,irq,0
2026-10-08T18:48:12.494Z,irq,0
2026-10-08T18:48:27.494Z,irq,0
2026-10-08T18:48:42.494Z,irq,0
2026-10-08T18:48:57.494Z,irq,0
2026-10-08T18:49:12.494Z,irq,0
2026-10-08T18:49:27.494Z,irq,0
2026-10-08T18:49:42.494Z,irq,0
2026-10-08T18:49:57.494Z,irq,0
2026-10-08T18:50:12.494Z,irq,0
2026-10-08T18:50:27.494Z,irq,0
2026-10-08T18:50:42.494Z,irq,0
2026-10-08T18:50:57.494Z,irq,0
2026-10-08T18:51:12.494Z,irq,0
2026-10-08T18:51:27.494Z,irq,0
2026-10-08T18:51:42.494Z,irq,0
2026-10-08T18:51:57.494Z,irq,0
2026-10-08T18:52:12.494Z,irq,0
2026-10-08T18:52:27.494Z,irq,0
2026-10-08T18:52:42.494Z,irq,0
2026-10-08T18:52:57.494Z,irq,0
2026-10-08T18:53:12.494Z,irq,0
2026-10-08T18:53:27.494Z,irq,0
2026-10-08T18:53:42.494Z,irq,0
2026-10-08T18:53:57.494Z,irq,0
2026-10-08T18:54:12.494Z,irq,0
2026-10-08T18:54:27.494Z,irq,0
2026-10-08T18:54:42.494Z,irq,0
2026-10-08T18:54:57.494Z,irq,0
2026-10-08T18:55:12.494Z,irq,0
2026-10-08T18:55:27.494Z,irq,0
2026-10-08T18:55:42.494Z,irq,0
2026-10-08T18:55:57.494Z,irq,0
2026-10-08T18:56:12.494Z,irq,0
2026-10-08T18:56:27.494Z,irq,0
2026-10-08T18:56:42.494Z,irq,0
2026-10-08T18:56:57.494Z,irq,0
2026-10-08T18:57:12.494Z,irq,0
2026-10-08T18:57:27.494Z,irq,0
2026-10-08T18:57:42.494Z,irq,0
2026-10-08T18:57:57.494Z,irq,0
2026-10-08T18:58:12.494Z,irq,0
2026-10-08T18:58:27.494Z,irq,0
2026-10-08T18:58:42.494Z,irq,0
2026-10-08T18:58:57.494Z,irq,0
2026-10-08T18:59:12.494Z,irq,0
2026-10-08T18:59:27.494Z,irq,0
2026-10-08T18:59:42.494Z,irq,0
2026-10-08T17:07:42.494Z,nice,0
2026-10-08T17:07:57.494Z,nice,0
2026-10-08T17:08:12.494Z,nice,0
2026-10-08T17:08:27.494Z,nice,0
2026-10-08T17:08:42.494Z,nice,0
2026-10-08T17:08:57.494Z,nice,0
2026-10-08T17:09:12.494Z,nice,0
2026-10-08T17:09:27.494Z,nice,0
2026-10-08T17:09:42.494Z,nice,0
2026-10-08T17:09:57.494Z,nice,0
2026-10-08T17:10:12.494Z,nice,0
2026-10-08T17:10:27.494Z,nice,0
2026-10-08T17:10:42.494Z,nice,0
2026-10-08T17:10:57.494Z,nice,0
2026-10-08T17:11:12.494Z,nice,0
2026-10-08T17:11:27.494Z,nice,0
2026-10-08T17:11:42.494Z,nice,0
2026-10-08T17:11:57.494Z,nice,0
2026-10-08T17:12:12.494Z,nice,0
2026-10-08T17:12:27.494Z,nice,0
2026-10-08T17:12:42.494Z,nice,0
2026-10-08T17:12:57.494Z,nice,0
2026-10-08T17:13:12.494Z,nice,0
2026-10-08T17:13:27.494Z,nice,0
2026-10-08T17:13:42.494Z,nice,0
2026-10-08T17:13:57.494Z,nice,0
2026-10-08T17:14:12.494Z,nice,0
2026-10-08T17:14:27.494Z,nice,0
2026-10-08T17:14:42.494Z,nice,0
2026-10-08T17:14:57.494Z,nice,0
2026-10-08T17:15:12.494Z,nice,0
2026-10-08T17:15:27.494Z,nice,0
2026-10-08T17:15:42.494Z,nice,0
2026-10-08T17:15:57.494Z,nice,0
2026-10-08T17:16:12.494Z,nice,0
2026-10-08T17:16:27.494Z,nice,0
2026-10-08T17:16:42.494Z,nice,0
2026-10-08T17:16:57.494Z,nice,0
2026-10-08T17:17:12.494Z,nice,0
2026-10-08T17:17:27.494Z,nice,0
2026-10-08T17:17:42.494Z,nice,0
2026-10-08T17:17:57.494Z,nice,0
2026-10-08T17:18:12.494Z,nice,0
2026-10-08T17:18:27.494Z,nice,0
2026-10-08T17:18:42.494Z,nice,0
2026-10-08T17:18:57.494Z,nice,0
2026-10-08T17:19:12.494Z,nice,0
2026-10-08T17:19:27.494Z,nice,0
2026-10-08T17:19:42.494Z,nice,0
2026-10-08T17:19:57.494Z,nice,0
2026-10-08T17:20:12.494Z,nice,0
2026-10-08T17:20:27.494Z,nice,0
2026-10-08T17:20:42.494Z,nice,0
2026-10-08T17:20:57.494Z,nice,0
2026-10-08T17:21:12.494Z,nice,0
2026-10-08T17:21:27.494Z,nice,0
2026-10-08T17:21:42.494Z,nice,0
2026-10-08T17:21:57.494Z,nice,0
2026-10-08T17:22:12.494Z,nice,0
2026-10-08T17:22:27.494Z,nice,0
2026-10-08T17:22:42.494Z,nice,0
2026-10-08T17:22:57.494Z,nice,0
2026-10-08T17:23:12.494Z,nice,0
2026-10-08T17:23:27.494Z,nice,0
2026-10-08T17:23:42.494Z,nice,0
2026-10-08T17:23:57.494Z,nice,0
2026-10-08T17:24:12.494Z,nice,0
2026-10-08T17:24:27.494Z,nice,0
2026-10-08T17:24:42.494Z,nice,0
2026-10-08T17:24:57.494Z,nice,0
2026-10-08T17:25:12.494Z,nice,0
2026-10-08T17:25:27.494Z,nice,0
2026-10-08T17:25:42.494Z,nice,0
2026-10-08T17:25:57.494Z,nice,0
2026-10-08T17:26:12.494Z,nice,0
2026-10-08T17:26:27.494Z,nice,0
2026-10-08T17:26:42.494Z,nice,0
2026-10-08T17:26:57.494Z,nice,0
2026-10-08T17:27:12.494Z,nice,0
2026-10-08T17:27:27.494Z,nice,0
2026-10-08T17:27:42.494Z,nice,0
2026-10-08T17:27:57.494Z,nice,0
2026-10-08T17:28:12.494Z,nice,0
2026-10-08T17:28:27.494Z,nice,0
2026-10-08T17:28:42.494Z,nice,0
2026-10-08T17:28:57.494Z,nice,0
2026-10-08T17:29:12.494Z,nice,0
2026-10-08T17:29:27.494Z,nice,0
2026-10-08T17:29:42.494Z,nice,0
2026-10-08T17:29:57.494Z,nice,0
2026-10-08T17:30:12.494Z,nice,0
2026-10-08T17:30:27.494Z,nice,0
2026-10-08T17:30:42.494Z,nice,0
2026-10-08T17:30:57.494Z,nice,0
2026-10-08T17:31:12.494Z,nice,0
2026-10-08T17:31:27.494Z,nice,0
2026-10-08T17:31:42.494Z,nice,0
2026-10-08T17:31:57.494Z,nice,0
2026-10-08T17:32:12.494Z,nice,0
2026-10-08T17:32:27.494Z,nice,0
2026-10-08T17:32:42.494Z,nice,0
2026-10-08T17:32:57.494Z,nice,0
2026-10-08T17:33:12.494Z,nice,0
2026-10-08T17:33:27.494Z,nice,0
2026-10-08T17:33:42.494Z,nice,0
2026-10-08T17:33:57.494Z,nice,0
2026-10-08T17:34:12.494Z,nice,0
2026-10-08T17:34:27.494Z,nice,0
2026-10-08T17:34:42.494Z,nice,0
2026-10-08T17:34:57.494Z,nice,0
2026-10-08T17:35:12.494Z,nice,0
2026-10-08T17:35:27.494Z,nice,0
2026-10-08T17:35:42.494Z,nice,0
2026-10-08T17:35:57.494Z,nice,0
2026-10-08T17:36:12.494Z,nice,0
2026-10-08T17:36:27.494Z,nice,0
2026-10-08T17:36:42.494Z,nice,0
2026-10-08T17:36:57.494Z,nice,0
2026-10-08T17:37:12.494Z,nice,0
2026-10-08T17:37:27.494Z,nice,0
2026-10-08T17:37:42.494Z,nice,0
2026-10-08T17:37:57.494Z,nice,0
2026-10-08T17:38:12.494Z,nice,0
2026-10-08T17:38:27.494Z,nice,0
2026-10-08T17:38:42.494Z,nice,0
2026-10-08T17:38:57.494Z,nice,0
2026-10-08T17:39:12.494Z,nice,0
2026-10-08T17:39:27.494Z,nice,0
2026-10-08T17:39:42.494Z,nice,0
2026-10-08T17:39:57.494Z,nice,0
2026-10-08T17:40:12.494Z,nice,0
2026-10-08T17:40:27.494Z,nice,0
2026-10-08T17:40:42.494Z,nice,0
2026-10-08T17:40:57.494Z,nice,0
2026-10-08T17:41:12.494Z,nice,0
2026-10-08T17:41:27.494Z,nice,0
2026-10-08T17:41:42.494Z,nice,0
2026-10-08T17:41:57.494Z,nice,0
2026-10-08T17:42:12.494Z,nice,0
2026-10-08T17:42:27.494Z,nice,0
2026-10-08T17:42:42.494Z,nice,0
2026-10-08T17:42:57.494Z,nice,0
2026-10-08T17:43:12.494Z,nice,0
2026-10-08T17:43:27.494Z,nice,0
2026-10-08T17:43:42.494Z,nice,0
2026-10-08T17:43:57.494Z,nice,0
2026-10-08T17:44:12.494Z,nice,0
2026-10-08T17:44:27.494Z,nice,0
2026-10-08T17:44:42.494Z,nice,0
2026-10-08T17:44:57.494Z,nice,0
2026-10-08T17:45:12.494Z,nice,0
2026-10-08T17:45:27.494Z,nice,0
2026-10-08T17:45:42.494Z,nice,0
2026-10-08T17:45:57.494Z,nice,0
2026-10-08T17:46:12.494Z,nice,0
2026-10-08T17:46:27.494Z,nice,0
2026-10-08T17:46:42.494Z,nice,0
2026-10-08T17:46:57.494Z,nice,0
2026-10-08T17:47:12.494Z,nice,0
2026-10-08T17:47:27.494Z,nice,0
2026-10-08T17:47:42.494Z,nice,0
2026-10-08T17:47:57.494Z,nice,0
2026-10-08T17:48:12.494Z,nice,0
2026-10-08T17:48:27.494Z,nice,0
2026-10-08T17:48:42.494Z,nice,0
2026-10-08T17:48:57.494Z,nice,0
2026-10-08T17:49:12.494Z,nice,0
2026-10-08T17:49:27.494Z,nice,0
2026-10-08T17:49:42.494Z,nice,0
2026-10-08T17:49:57.494Z,nice,0
2026-10-08T17:50:12.494Z,nice,0
2026-10-08T17:50:27.494Z,nice,0
2026-10-08T17:50:42.494Z,nice,0
2026-10-08T17:50:57.494Z,nice,0
2026-10-08T17:51:12.494Z,nice,0
2026-10-08T17:51:27.494Z,nice,0
2026-10-08T17:51:42.494Z,nice,0
2026-10-08T17:51:57.494Z,nice,0
2026-10-08T17:52:12.494Z,nice,0
2026-10-08T17:52:27.494Z,nice,0
2026-10-08T17:52:42.494Z,nice,0
2026-10-08T17:52:57.494Z,nice,0
2026-10-08T17:53:12.494Z,nice,0
2026-10-08T17:53:27.494Z,nice,0
2026-10-08T17:53:42.494Z,nice,0
2026-10-08T17:53:57.494Z,nice,0
2026-10-08T17:54:12.494Z,nice,0
2026-10-08T17:54:27.494Z,nice,0
2026-10-08T17:54:42.494Z,nice,0
2026-10-08T17:54:57.494Z,nice,0
2026-10-08T17:55:12.494Z,nice,0
2026-10-08T17:55:27.494Z,nice,0
2026-10-08T17:55:42.494Z,nice,0
2026-10-08T17:55:57.494Z,nice,0
2026-10-08T17:56:12.494Z,nice,0
2026-10-08T17:56:27.494Z,nice,0
2026-10-08T17:56:42.494Z,nice,0
2026-10-08T17:56:57.494Z,nice,0
2026-10-08T17:57:12.494Z,nice,0
2026-10-08T17:57:27.494Z,nice,0
2026-10-08T17:57:42.494Z,nice,0
2026-10-08T17:57:57.494Z,nice,0
2026-10-08T17:58:12.494Z,nice,0
2026-10-08T17:58:27.494Z,nice,0
2026-10-08T17:58:42.494Z,nice,0
2026-10-08T17:58:57.494Z,nice,0
2026-10-08T17:59:12.494Z,nice,0
2026-10-08T17:59:27.494Z,nice,0
2026-10-08T17:59:42.494Z,nice,0
2026-10-08T17:59:57.494Z,nice,0
2026-10-08T18:00:12.494Z,nice,0
2026-10-08T18:00:27.494Z,nice,0
2026-10-08T18:00:42.494Z,nice,0
2026-10-08T18:00:57.494Z,nice,0
2026-10-08T18:01:12.494Z,nice,0
2026-10-08T18:01:27.494Z,nice,0
2026-10-08T18:01:42.494Z,nice,0
2026-10-08T18:01:57.494Z,nice,0
2026-10-08T18:02:12.494Z,nice,0
2026-10-08T18:02:27.494Z,nice,0
2026-10-08T18:02:42.494Z,nice,0
2026-10-08T18:02:57.494Z,nice,0
2026-10-08T18:03:12.494Z,nice,0
2026-10-08T18:03:27.494Z,nice,0
2026-10-08T18:03:42.494Z,nice,0
2026-10-08T18:03:57.494Z,nice,0
2026-10-08T18:04:12.494Z,nice,0
2026-10-08T18:04:27.494Z,nice,0
2026-10-08T18:04:42.494Z,nice,0
2026-10-08T18:04:57.494Z,nice,0
2026-10-08T18:05:12.494Z,nice,0
2026-10-08T18:05:27.494Z,nice,0
2026-10-08T18:05:42.494Z,nice,0
2026-10-08T18:05:57.494Z,nice,0
2026-10-08T18:06:12.494Z,nice,0
2026-10-08T18:06:27.494Z,nice,0
2026-10-08T18:06:42.494Z,nice,0
2026-10-08T18:06:57.494Z,nice,0
2026-10-08T18:07:12.494Z,nice,0
2026-10-08T18:07:27.494Z,nice,0
2026-10-08T18:07:42.494Z,nice,0
2026-10-08T18:07:57.494Z,nice,0
2026-10-08T18:08:12.494Z,nice,0
2026-10-08T18:08:27.494Z,nice,0
2026-10-08T18:08:42.494Z,nice,0
2026-10-08T18:08:57.494Z,nice,0
2026-10-08T18:09:12.494Z,nice,0
2026-10-08T18:09:27.494Z,nice,0
2026-10-08T18:09:42.494Z,nice,0
2026-10-08T18:09:57.494Z,nice,0
2026-10-08T18:10:12.494Z,nice,0
2026-10-08T18:10:27.494Z,nice,0
2026-10-08T18:10:42.494Z,nice,0
2026-10-08T18:10:57.494Z,nice,0
2026-10-08T18:11:12.494Z,nice,0
2026-10-08T18:11:27.494Z,nice,0
2026-10-08T18:11:42.494Z,nice,0
2026-10-08T18:11:57.494Z,nice,0
2026-10-08T18:12:12.494Z,nice,0
2026-10-08T18:12:27.494Z,nice,0
2026-10-08T18:12:42.494Z,nice,0
2026-10-08T18:12:57.494Z,nice,0
2026-10-08T18:13:12.494Z,nice,0
2026-10-08T18:13:27.494Z,nice,0
2026-10-08T18:13:42.494Z,nice,0
2026-10-08T18:13:57.494Z,nice,0
2026-10-08T18:14:12.494Z,nice,0
2026-10-08T18:14:27.494Z,nice,0
2026-10-08T18:14:42.494Z,nice,0
2026-10-08T18:14:57.494Z,nice,0
2026-10-08T18:15:12.494Z,nice,0
2026-10-08T18:15:27.494Z,nice,0
2026-10-08T18:15:42.494Z,nice,0
2026-10-08T18:15:57.494Z,nice,0
2026-10-08T18:16:12.494Z,nice,0
2026-10-08T18:16:27.494Z,nice,0
2026-10-08T18:16:42.494Z,nice,0
2026-10-08T18:16:57.494Z,nice,0
2026-10-08T18:17:12.494Z,nice,0
2026-10-08T18:17:27.494Z,nice,0
2026-10-08T18:17:42.494Z,nice,0
2026-10-08T18:17:57.494Z,nice,0
2026-10-08T18:18:12.494Z,nice,0
2026-10-08T18:18:27.494Z,nice,0
2026-10-08T18:18:42.494Z,nice,0
2026-10-08T18:18:57.494Z,nice,0
2026-10-08T18:19:12.494Z,nice,0
2026-10-08T18:19:27.494Z,nice,0
2026-10-08T18:19:42.494Z,nice,0
2026-10-08T18:19:57.494Z,nice,0
2026-10-08T18:20:12.494Z,nice,0
2026-10-08T18:20:27.494Z,nice,0
2026-10-08T18:20:42.494Z,nice,0
2026-10-08T18:20:57.494Z,nice,0
2026-10-08T18:21:12.494Z,nice,0
2026-10-08T18:21:27.494Z,nice,0
2026-10-08T18:21:42.494Z,nice,0
2026-10-08T18:21:57.494Z,nice,0
2026-10-08T18:22:12.494Z,nice,0
2026-10-08T18:22:27.494Z,nice,0
2026-10-08T18:22:42.494Z,nice,0
2026-10-08T18:22:57.494Z,nice,0
2026-10-08T18:23:12.494Z,nice,0
2026-10-08T18:23:27.494Z,nice,0
2026-10-08T18:23:42.494Z,nice,0
2026-10-08T18:23:57.494Z,nice,0
2026-10-08T18:24:12.494Z,nice,0
2026-10-08T18:24:27.494Z,nice,0
2026-10-08T18:24:42.494Z,nice,0
2026-10-08T18:24:57.494Z,nice,0
2026-10-08T18:25:12.494Z,nice,0
2026-10-08T18:25:27.494Z,nice,0
2026-10-08T18:25:42.494Z,nice,0
2026-10-08T18:25:57.494Z,nice,0
2026-10-08T18:26:12.494Z,nice,0
2026-10-08T18:26:27.494Z,nice,0
2026-10-08T18:26:42.494Z,nice,0
2026-10-08T18:26:57.494Z,nice,0
2026-10-08T18:27:12.494Z,nice,0
2026-10-08T18:27:27.494Z,nice,0
2026-10-08T18:27:42.494Z,nice,0
2026-10-08T18:27:57.494Z,nice,0
2026-10-08T18:28:12.494Z,nice,0
2026-10-08T18:28:27.494Z,nice,0
2026-10-08T18:28:42.494Z,nice,0
2026-10-08T18:28:57.494Z,nice,0
2026-10-08T18:29:12.494Z,nice,0
2026-10-08T18:29:27.494Z,nice,0
2026-10-08T18:29:42.494Z,nice,0
2026-10-08T18:29:57.494Z,nice,0
2026-10-08T18:30:12.494Z,nice,0
2026-10-08T18:30:27.494Z,nice,0
2026-10-08T18:30:42.494Z,nice,0
2026-10-08T18:30:57.494Z,nice,0
2026-10-08T18:31:12.494Z,nice,0
2026-10-08T18:31:27.494Z,nice,0
2026-10-08T18:31:42.494Z,nice,0
2026-10-08T18:31:57.494Z,nice,0
2026-10-08T18:32:12.494Z,nice,0
2026-10-08T18:32:27.494Z,nice,0
2026-10-08T18:32:42.494Z,nice,0
2026-10-08T18:32:57.494Z,nice,0
2026-10-08T18:33:12.494Z,nice,0
2026-10-08T18:33:27.494Z,nice,0
2026-10-08T18:33:42.494Z,nice,0
2026-10-08T18:33:57.494Z,nice,0
2026-10-08T18:34:12.494Z,nice,0
2026-10-08T18:34:27.494Z,nice,0
2026-10-08T18:34:42.494Z,nice,0
2026-10-08T18:34:57.494Z,nice,0
2026-10-08T18:35:12.494Z,nice,0
2026-10-08T18:35:27.494Z,nice,0
2026-10-08T18:35:42.494Z,nice,0
2026-10-08T18:35:57.494Z,nice,0
2026-10-08T18:36:12.494Z,nice,0
2026-10-08T18:36:27.494Z,nice,0
2026-10-08T18:36:42.494Z,nice,0
2026-10-08T18:36:57.494Z,nice,0
2026-10-08T18:37:12.494Z,nice,0
2026-10-08T18:37:27.494Z,nice,0
2026-10-08T18:37:42.494Z,nice,0
2026-10-08T18:37:57.494Z,nice,0
2026-10-08T18:38:12.494Z,nice,0
2026-10-08T18:38:27.494Z,nice,0
2026-10-08T18:38:42.494Z,nice,0
2026-10-08T18:38:57.494Z,nice,0
2026-10-08T18:39:12.494Z,nice,0
2026-10-08T18:39:27.494Z,nice,0
2026-10-08T18:39:42.494Z,nice,0
2026-10-08T18:39:57.494Z,nice,0
2026-10-08T18:40:12.494Z,nice,0
2026-10-08T18:40:27.494Z,nice,0
2026-10-08T18:40:42.494Z,nice,0
2026-10-08T18:40:57.494Z,nice,0
2026-10-08T18:41:12.494Z,nice,0
2026-10-08T18:41:27.494Z,nice,0
2026-10-08T18:41:42.494Z,nice,0
2026-10-08T18:41:57.494Z,nice,0
2026-10-08T18:42:12.494Z,nice,0
2026-10-08T18:42:27.494Z,nice,0
2026-10-08T18:42:42.494Z,nice,0
2026-10-08T18:42:57.494Z,nice,0
2026-10-08T18:43:12.494Z,nice,0
2026-10-08T18:43:27.494Z,nice,0
2026-10-08T18:43:42.494Z,nice,0
2026-10-08T18:43:57.494Z,nice,0
2026-10-08T18:44:12.494Z,nice,0
2026-10-08T18:44:27.494Z,nice,0
2026-10-08T18:44:42.494Z,nice,0
2026-10-08T18:44:57.494Z,nice,0
2026-10-08T18:45:12.494Z,nice,0
2026-10-08T18:45:27.494Z,nice,0
2026-10-08T18:45:42.494Z,nice,0
2026-10-08T18:45:57.494Z,nice,0
2026-10-08T18:46:12.494Z,nice,0
2026-10-08T18:46:27.494Z,nice,0
2026-10-08T18:46:42.494Z,nice,0
2026-10-08T18:46:57.494Z,nice,0
2026-10-08T18:47:12.494Z,nice,0
2026-10-08T18:47:27.494Z,nice,0
2026-10-08T18:47:42.494Z,nice,0
2026-10-08T18:47:57.494Z,nice,0
2026-10-08T18:48:12.494Z,nice,0
2026-10-08T18:48:27.494Z,nice,0
2026-10-08T18:48:42.494Z,nice,0
2026-10-08T18:48:57.494Z,nice,0
2026-10-08T18:49:12.494Z,nice,0
2026-10-08T18:49:27.494Z,nice,0
2026-10-08T18:49:42.494Z,nice,0
2026-10-08T18:49:57.494Z,nice,0
2026-10-08T18:50:12.494Z,nice,0
2026-10-08T18:50:27.494Z,nice,0
2026-10-08T18:50:42.494Z,nice,0
2026-10-08T18:50:57.494Z,nice,0
2026-10-08T18:51:12.494Z,nice,0
2026-10-08T18:51:27.494Z,nice,0
2026-10-08T18:51:42.494Z,nice,0
2026-10-08T18:51:57.494Z,nice,0
2026-10-08T18:52:12.494Z,nice,0
2026-10-08T18:52:27.494Z,nice,0
2026-10-08T18:52:42.494Z,nice,0
2026-10-08T18:52:57.494Z,nice,0
2026-10-08T18:53:12.494Z,nice,0
2026-10-08T18:53:27.494Z,nice,0
2026-10-08T18:53:42.494Z,nice,0
2026-10-08T18:53:57.494Z,nice,0
2026-10-08T18:54:12.494Z,nice,0
2026-10-08T18:54:27.494Z,nice,0
2026-10-08T18:54:42.494Z,nice,0
2026-10-08T18:54:57.494Z,nice,0
2026-10-08T18:55:12.494Z,nice,0
2026-10-08T18:55:27.494Z,nice,0
2026-10-08T18:55:42.494Z,nice,0
2026-10-08T18:55:57.494Z,nice,0
2026-10-08T18:56:12.494Z,nice,0
2026-10-08T18:56:27.494Z,nice,0
2026-10-08T18:56:42.494Z,nice,0
2026-10-08T18:56:57.494Z,nice,0
2026-10-08T18:57:12.494Z,nice,0
2026-10-08T18:57:27.494Z,nice,0
2026-10-08T18:57:42.494Z,nice,0
2026-10-08T18:57:57.494Z,nice,0
2026-10-08T18:58:12.494Z,nice,0
2026-10-08T18:58:27.494Z,nice,0
2026-10-08T18:58:42.494Z,nice,0
2026-10-08T18:58:57.494Z,nice,0
2026-10-08T18:59:12.494Z,nice,0
2026-10-08T18:59:27.494Z,nice,0
2026-10-08T18:59:42.494Z,nice,0
2026-10-08T17:07:42.494Z,softirq,0.08777777777779393
2026-10-08T17:07:57.494Z,softirq,0.09066666666667514
2026-10-08T17:08:12.494Z,softirq,0.08555555555555353
2026-10-08T17:08:27.494Z,softirq,0.07955555555554887
2026-10-08T17:08:42.494Z,softirq,0.07822222222221675
2026-10-08T17:08:57.494Z,softirq,0.07933333333333696
2026-10-08T17:09:12.494Z,softirq,0.08133333333334525
2026-10-08T17:09:27.494Z,softirq,0.08088888888887089
2026-10-08T17:09:42.494Z,softirq,0.07977777777777595
2026-10-08T17:09:57.494Z,softirq,0.07644444444444565
2026-10-08T17:10:12.494Z,softirq,0.07888888888890808
2026-10-08T17:10:27.494Z,softirq,0.07866666666665574
2026-10-08T17:10:42.494Z,softirq,0.08111111111108281
2026-10-08T17:10:57.494Z,softirq,0.08044444444445212
2026-10-08T17:11:12.494Z,softirq,0.08266666666667231
2026-10-08T17:11:27.494Z,softirq,0.08422222222223151
2026-10-08T17:11:42.494Z,softirq,0.08511111111110443
2026-10-08T17:11:57.494Z,softirq,0.08177777777777918
2026-10-08T17:12:12.494Z,softirq,0.07866666666666584
2026-10-08T17:12:27.494Z,softirq,0.0775555555555507
2026-10-08T17:12:42.494Z,softirq,0.08000000000000808
2026-10-08T17:12:57.494Z,softirq,0.07777777777778282
2026-10-08T17:13:12.494Z,softirq,0.07711111111110666
2026-10-08T17:13:27.494Z,softirq,0.07511111111109837
2026-10-08T17:13:42.494Z,softirq,0.08000000000000303
2026-10-08T17:13:57.494Z,softirq,0.07688888888889474
2026-10-08T17:14:12.494Z,softirq,0.07866666666667091
2026-10-08T17:14:27.494Z,softirq,0.07555555555556262
2026-10-08T17:14:42.494Z,softirq,0.0808888888888911
2026-10-08T17:14:57.494Z,softirq,0.07777777777777271
2026-10-08T17:15:12.494Z,softirq,0.07911111111110483
2026-10-08T17:15:27.494Z,softirq,0.07711111111111676
2026-10-08T17:15:42.494Z,softirq,0.08022222222223009
2026-10-08T17:15:57.494Z,softirq,0.07777777777777777
2026-10-08T17:16:12.494Z,softirq,0.07622222222221352
2026-10-08T17:16:27.494Z,softirq,0.07511111111110343
2026-10-08T17:16:42.494Z,softirq,0.07955555555555394
2026-10-08T17:16:57.494Z,softirq,0.07799999999999979
2026-10-08T17:17:12.494Z,softirq,0.08044444444444707
2026-10-08T17:17:27.494Z,softirq,0.07577777777779475
2026-10-08T17:17:42.494Z,softirq,0.07666666666667273
2026-10-08T17:17:57.494Z,softirq,0.08311111111110625
2026-10-08T17:18:12.494Z,softirq,0.09466666666665635
2026-10-08T17:18:27.494Z,softirq,0.1044444444444404
2026-10-08T17:18:42.494Z,softirq,0.10412041559364801
2026-10-08T17:18:57.494Z,softirq,0.10599999999999958
2026-10-08T17:19:12.494Z,softirq,0.110000000000001
2026-10-08T17:19:27.494Z,softirq,0.1123320580122625
2026-10-08T17:19:42.494Z,softirq,0.10911111111110282
2026-10-08T17:19:57.494Z,softirq,0.108888888888901
2026-10-08T17:20:12.494Z,softirq,0.10511111111112666
2026-10-08T17:20:27.494Z,softirq,0.10755555555554867
2026-10-08T17:20:42.494Z,softirq,0.10488888888888442
2026-10-08T17:20:57.494Z,softirq,0.10999999999999595
2026-10-08T17:21:12.494Z,softirq,0.10644444444446889
2026-10-08T17:21:27.494Z,softirq,0.10933333333331978
2026-10-08T17:21:42.494Z,softirq,0.10644444444444362
2026-10-08T17:21:57.494Z,softirq,0.10866666666665371
2026-10-08T17:22:12.494Z,softirq,0.10311111111111332
2026-10-08T17:22:27.494Z,softirq,0.1033333333333303
2026-10-08T17:22:42.494Z,softirq,0.10133333333332706
2026-10-08T17:22:57.494Z,softirq,0.10133333333334221
2026-10-08T17:23:12.494Z,softirq,0.10044444444444908
2026-10-08T17:23:27.494Z,softirq,0.10311111111110827
2026-10-08T17:23:42.494Z,softirq,0.10800000000000787
2026-10-08T17:23:57.494Z,softirq,0.10977777777777897
2026-10-08T17:24:12.494Z,softirq,0.10933333333335009
2026-10-08T17:24:27.494Z,softirq,0.10777777777776563
2026-10-08T17:24:42.494Z,softirq,0.10466666666666746
2026-10-08T17:24:57.494Z,softirq,0.10155555555553897
2026-10-08T17:25:12.494Z,softirq,0.10066666666666099
2026-10-08T17:25:27.494Z,softirq,0.1051111111111014
2026-10-08T17:25:42.494Z,softirq,0.10799999999999776
2026-10-08T17:25:57.494Z,softirq,0.10866666666665878
2026-10-08T17:26:12.494Z,softirq,0.10755555555555373
2026-10-08T17:26:27.494Z,softirq,0.10577777777778262
2026-10-08T17:26:42.494Z,softirq,0.10533333333333351
2026-10-08T17:26:57.494Z,softirq,0.10488888888889454
2026-10-08T17:27:12.494Z,softirq,0.10444444444444038
2026-10-08T17:27:27.494Z,softirq,0.10533333333334868
2026-10-08T17:27:42.494Z,softirq,0.10022222222222706
2026-10-08T17:27:57.494Z,softirq,0.10355555555555736
2026-10-08T17:28:12.494Z,softirq,0.10044444444445413
2026-10-08T17:28:27.494Z,softirq,0.09933333333331877
2026-10-08T17:28:42.494Z,softirq,0.10155555555555412
2026-10-08T17:28:57.494Z,softirq,0.10311111111108806
2026-10-08T17:29:12.494Z,softirq,0.10266666666668949
2026-10-08T17:29:27.494Z,softirq,0.09488888888888847
2026-10-08T17:29:42.494Z,softirq,0.09266666666667332
2026-10-08T17:29:57.494Z,softirq,0.100222222222222
2026-10-08T17:30:12.494Z,softirq,0.10044444444444908
2026-10-08T17:30:27.494Z,softirq,0.09866666666666787
2026-10-08T17:30:42.494Z,softirq,0.09422222222222242
2026-10-08T17:30:57.494Z,softirq,0.09311111111110726
2026-10-08T17:31:12.494Z,softirq,0.09733333333333574
2026-10-08T17:31:27.494Z,softirq,0.09511111111110039
2026-10-08T17:31:42.494Z,softirq,0.09822222222222887
2026-10-08T17:31:57.494Z,softirq,0.09377777777778343
2026-10-08T17:32:12.494Z,softirq,0.09422222222223252
2026-10-08T17:32:27.494Z,softirq,0.08977777777777696
2026-10-08T17:32:42.494Z,softirq,0.091333333333321
2026-10-08T17:32:57.494Z,softirq,0.09222222222220908
2026-10-08T17:33:12.494Z,softirq,0.09622222222221555
2026-10-08T17:33:27.494Z,softirq,0.09555555555557979
2026-10-08T17:33:42.494Z,softirq,0.09555555555555453
2026-10-08T17:33:57.494Z,softirq,0.09311111111112746
2026-10-08T17:34:12.494Z,softirq,0.09488888888887836
2026-10-08T17:34:27.494Z,softirq,0.09555555555556464
2026-10-08T17:34:42.494Z,softirq,0.09933333333332382
2026-10-08T17:34:57.494Z,softirq,0.09800000000000181
2026-10-08T17:35:12.494Z,softirq,0.0977777777777798
2026-10-08T17:35:27.494Z,softirq,0.09444444444444443
2026-10-08T17:35:42.494Z,softirq,0.09533333333332746
2026-10-08T17:35:57.494Z,softirq,0.0962222222222206
2026-10-08T17:36:12.494Z,softirq,0.09799999999999676
2026-10-08T17:36:27.494Z,softirq,0.09800000000000181
2026-10-08T17:36:42.494Z,softirq,0.09666666666666969
2026-10-08T17:36:57.494Z,softirq,0.0928888888889004
2026-10-08T17:37:12.494Z,softirq,0.09333333333333434
2026-10-08T17:37:27.494Z,softirq,0.08999999999999898
2026-10-08T17:37:42.494Z,softirq,0.09155555555555817
2026-10-08T17:37:57.494Z,softirq,0.09355555555554625
2026-10-08T17:38:12.494Z,softirq,0.10311111111112342
2026-10-08T17:38:27.494Z,softirq,0.10888888888887574
2026-10-08T17:38:42.494Z,softirq,0.10933333333334504
2026-10-08T17:38:57.494Z,softirq,0.10711111111108441
2026-10-08T17:39:12.494Z,softirq,0.1077777777777707
2026-10-08T17:39:27.494Z,softirq,0.1088888888888909
2026-10-08T17:39:42.494Z,softirq,0.10844444444444686
2026-10-08T17:39:57.494Z,softirq,0.10577777777778767
2026-10-08T17:40:12.494Z,softirq,0.10755555555554362
2026-10-08T17:40:27.494Z,softirq,0.10933333333332988
2026-10-08T17:40:42.494Z,softirq,0.11133333333332301
2026-10-08T17:40:57.494Z,softirq,0.10955555555554686
2026-10-08T17:41:12.494Z,softirq,0.11022222222222808
2026-10-08T17:41:27.494Z,softirq,0.11311111111111433
2026-10-08T17:41:42.494Z,softirq,0.1137777777777905
2026-10-08T17:41:57.494Z,softirq,0.10888888888890605
2026-10-08T17:42:12.494Z,softirq,0.10644444444445372
2026-10-08T17:42:27.494Z,softirq,0.10555555555555554
2026-10-08T17:42:42.494Z,softirq,0.10799999999999271
2026-10-08T17:42:57.494Z,softirq,0.10777777777777069
2026-10-08T17:43:12.494Z,softirq,0.10933333333333493
2026-10-08T17:43:27.494Z,softirq,0.11022222222221292
2026-10-08T17:43:42.494Z,softirq,0.10844444444446201
2026-10-08T17:43:57.494Z,softirq,0.10711111111110463
2026-10-08T17:44:12.494Z,softirq,0.10600000000000968
2026-10-08T17:44:27.494Z,softirq,0.10644444444443857
2026-10-08T17:44:42.494Z,softirq,0.10488888888888442
2026-10-08T17:44:57.494Z,softirq,0.10644444444443857
2026-10-08T17:45:12.494Z,softirq,0.10977777777777897
2026-10-08T17:45:27.494Z,softirq,0.11000000000001615
2026-10-08T17:45:42.494Z,softirq,0.11044444444444504
2026-10-08T17:45:57.494Z,softirq,0.1073333333333216
2026-10-08T17:46:12.494Z,softirq,0.10866666666666888
2026-10-08T17:46:27.494Z,softirq,0.10955555555556201
2026-10-08T17:46:42.494Z,softirq,0.11111111111111616
2026-10-08T17:46:57.494Z,softirq,0.10955555555555191
2026-10-08T17:47:12.494Z,softirq,0.11088888888888908
2026-10-08T17:47:27.494Z,softirq,0.10955555555556706
2026-10-08T17:47:42.494Z,softirq,0.11155555555554503
2026-10-08T17:47:57.494Z,softirq,0.10977777777776382
2026-10-08T17:48:12.494Z,softirq,0.11688888888887858
2026-10-08T17:48:27.494Z,softirq,0.12177777777777817
2026-10-08T17:48:42.494Z,softirq,0.12044444444443594
2026-10-08T17:48:57.494Z,softirq,0.11933333333333594
2026-10-08T17:49:12.494Z,softirq,0.1175555555555699
2026-10-08T17:49:27.494Z,softirq,0.12511111111113374
2026-10-08T17:49:42.494Z,softirq,0.12311111111110018
2026-10-08T17:49:57.494Z,softirq,0.12488888888887634
2026-10-08T17:50:12.494Z,softirq,0.11955555555554281
2026-10-08T17:50:27.494Z,softirq,0.12288888888890342
2026-10-08T17:50:42.494Z,softirq,0.12422222222223554
2026-10-08T17:50:57.494Z,softirq,0.1271111111111218
2026-10-08T17:51:12.494Z,softirq,0.12466666666665938
2026-10-08T17:51:27.494Z,softirq,0.12511111111110848
2026-10-08T17:51:42.494Z,softirq,0.12666666666666768
2026-10-08T17:51:57.494Z,softirq,0.12555555555555756
2026-10-08T17:52:12.494Z,softirq,0.1219918672088479
2026-10-08T17:52:27.494Z,softirq,0.11933333333333089
2026-10-08T17:52:42.494Z,softirq,0.12022222222221897
2026-10-08T17:52:57.494Z,softirq,0.12511945240794073
2026-10-08T17:53:12.494Z,softirq,0.12200000000000524
2026-10-08T17:53:27.494Z,softirq,0.12755555555555576
2026-10-08T17:53:42.494Z,softirq,0.121111111111102
2026-10-08T17:53:57.494Z,softirq,0.12622222222222362
2026-10-08T17:54:12.494Z,softirq,0.12133333333332907
2026-10-08T17:54:27.494Z,softirq,0.12244444444443918
2026-10-08T17:54:42.494Z,softirq,0.12044444444442584
2026-10-08T17:54:57.494Z,softirq,0.12199999999999009
2026-10-08T17:55:12.494Z,softirq,0.12311111111112039
2026-10-08T17:55:27.494Z,softirq,0.12355555555555432
2026-10-08T17:55:42.494Z,softirq,0.11911111111113414
2026-10-08T17:55:57.494Z,softirq,0.11933333333333089
2026-10-08T17:56:12.494Z,softirq,0.11955555555556807
2026-10-08T17:56:27.494Z,softirq,0.12044444444442584
2026-10-08T17:56:42.494Z,softirq,0.12244444444443918
2026-10-08T17:56:57.494Z,softirq,0.1226666666666814
2026-10-08T17:57:12.494Z,softirq,0.12533333333333554
2026-10-08T17:57:27.494Z,softirq,0.12377777777778645
2026-10-08T17:57:42.494Z,softirq,0.12311111111109008
2026-10-08T17:57:57.494Z,softirq,0.12911111111110987
2026-10-08T17:58:12.494Z,softirq,0.1308888888889012
2026-10-08T17:58:27.494Z,softirq,0.13600000000001777
2026-10-08T17:58:42.494Z,softirq,0.1380000000000008
2026-10-08T17:58:57.494Z,softirq,0.1422222222221939
2026-10-08T17:59:12.494Z,softirq,0.14111111111109897
2026-10-08T17:59:27.494Z,softirq,0.13755555555556687
2026-10-08T17:59:42.494Z,softirq,0.1357777777778008
2026-10-08T17:59:57.494Z,softirq,0.13444444444444342
2026-10-08T18:00:12.494Z,softirq,0.13733333333331452
2026-10-08T18:00:27.494Z,softirq,0.13955555555554988
2026-10-08T18:00:42.494Z,softirq,0.14111111111110908
2026-10-08T18:00:57.494Z,softirq,0.1368888888889008
2026-10-08T18:01:12.494Z,softirq,0.13533333333331635
2026-10-08T18:01:27.494Z,softirq,0.1335555555555604
2026-10-08T18:01:42.494Z,softirq,0.13755555555556687
2026-10-08T18:01:57.494Z,softirq,0.13755555555557192
2026-10-08T18:02:12.494Z,softirq,0.13955555555556504
2026-10-08T18:02:27.494Z,softirq,0.14044444444442786
2026-10-08T18:02:42.494Z,softirq,0.14133333333333614
2026-10-08T18:02:57.494Z,softirq,0.1417777777777549
2026-10-08T18:03:12.494Z,softirq,0.13866666666668706
2026-10-08T18:03:27.494Z,softirq,0.1357777777777705
2026-10-08T18:03:42.494Z,softirq,0.1351111111111297
2026-10-08T18:03:57.494Z,softirq,0.13666666666664845
2026-10-08T18:04:12.494Z,softirq,0.1384444444444398
2026-10-08T18:04:27.494Z,softirq,0.13844444444443474
2026-10-08T18:04:42.494Z,softirq,0.1375555555555517
2026-10-08T18:04:57.494Z,softirq,0.1348888888889026
2026-10-08T18:05:12.494Z,softirq,0.1368888888889109
2026-10-08T18:05:27.494Z,softirq,0.13444444444443837
2026-10-08T18:05:42.494Z,softirq,0.13844444444444987
2026-10-08T18:05:57.494Z,softirq,0.13511111111109939
2026-10-08T18:06:12.494Z,softirq,0.13711111111112786
2026-10-08T18:06:27.494Z,softirq,0.13533333333332645
2026-10-08T18:06:42.494Z,softirq,0.13733333333331957
2026-10-08T18:06:57.494Z,softirq,0.13577777777777553
2026-10-08T18:07:12.494Z,softirq,0.1382222222222127
2026-10-08T18:07:27.494Z,softirq,0.13844444444445494
2026-10-08T18:07:42.494Z,softirq,0.13777777777776867
2026-10-08T18:07:57.494Z,softirq,0.13844444444445494
2026-10-08T18:08:12.494Z,softirq,0.1428888888888903
2026-10-08T18:08:27.494Z,softirq,0.1453333333333426
2026-10-08T18:08:42.494Z,softirq,0.14755555555554767
2026-10-08T18:08:57.494Z,softirq,0.14888888888887472
2026-10-08T18:09:12.494Z,softirq,0.14800000000000685
2026-10-08T18:09:27.494Z,softirq,0.1462222222222206
2026-10-08T18:09:42.494Z,softirq,0.14600000000000868
2026-10-08T18:09:57.494Z,softirq,0.14822222222221876
2026-10-08T18:10:12.494Z,softirq,0.14555555555555452
2026-10-08T18:10:27.494Z,softirq,0.1451111111111206
2026-10-08T18:10:42.494Z,softirq,0.14488888888887835
2026-10-08T18:10:57.494Z,softirq,0.14911111111112707
2026-10-08T18:11:12.494Z,softirq,0.14466666666665634
2026-10-08T18:11:27.494Z,softirq,0.1480000000000119
2026-10-08T18:11:42.494Z,softirq,0.14555555555553937
2026-10-08T18:11:57.494Z,softirq,0.1495555555555509
2026-10-08T18:12:12.494Z,softirq,0.14933333333332383
2026-10-08T18:12:27.494Z,softirq,0.15177777777776605
2026-10-08T18:12:42.494Z,softirq,0.14933333333333898
2026-10-08T18:12:57.494Z,softirq,0.14888888888889493
2026-10-08T18:13:12.494Z,softirq,0.14577777777778667
2026-10-08T18:13:27.494Z,softirq,0.14688888888887655
2026-10-08T18:13:42.494Z,softirq,0.14711111111110867
2026-10-08T18:13:57.494Z,softirq,0.1482222222222238
2026-10-08T18:14:12.494Z,softirq,0.14600000000000868
2026-10-08T18:14:27.494Z,softirq,0.14644444444444765
2026-10-08T18:14:42.494Z,softirq,0.14266666666667838
2026-10-08T18:14:57.494Z,softirq,0.14266666666667333
2026-10-08T18:15:12.494Z,softirq,0.13977777777776684
2026-10-08T18:15:27.494Z,softirq,0.14333333333332926
2026-10-08T18:15:42.494Z,softirq,0.14311111111110725
2026-10-08T18:15:57.494Z,softirq,0.1466666666666798
2026-10-08T18:16:12.494Z,softirq,0.1453333333333325
2026-10-08T18:16:27.494Z,softirq,0.1479999999999917
2026-10-08T18:16:42.494Z,softirq,0.14222222222222422
2026-10-08T18:16:57.494Z,softirq,0.14044444444445817
2026-10-08T18:17:12.494Z,softirq,0.13955555555555998
2026-10-08T18:17:27.494Z,softirq,0.14288888888888523
2026-10-08T18:17:42.494Z,softirq,0.14733333333331047
2026-10-08T18:17:57.494Z,softirq,0.15200000000000322
2026-10-08T18:18:12.494Z,softirq,0.15555555555554038
2026-10-08T18:18:27.494Z,softirq,0.16244444444445333
2026-10-08T18:18:42.494Z,softirq,0.16644444444444462
2026-10-08T18:18:57.494Z,softirq,0.16844444444446302
2026-10-08T18:19:12.494Z,softirq,0.16688888888888362
2026-10-08T18:19:27.494Z,softirq,0.16688888888890382
2026-10-08T18:19:42.494Z,softirq,0.1662222222222226
2026-10-08T18:19:57.494Z,softirq,0.1693333333333309
2026-10-08T18:20:12.494Z,softirq,0.17044444444444098
2026-10-08T18:20:27.494Z,softirq,0.17711111111110664
2026-10-08T18:20:42.494Z,softirq,0.17555555555555755
2026-10-08T18:20:57.494Z,softirq,0.17488888888886622
2026-10-08T18:21:12.494Z,softirq,0.16733333333332767
2026-10-08T18:21:27.494Z,softirq,0.1700000000000121
2026-10-08T18:21:42.494Z,softirq,0.1708888888889002
2026-10-08T18:21:57.494Z,softirq,0.1740000000000135
2026-10-08T18:22:12.494Z,softirq,0.1695555555555428
2026-10-08T18:22:27.494Z,softirq,0.17244444444445434
2026-10-08T18:22:42.494Z,softirq,0.1675555555555446
2026-10-08T18:22:57.494Z,softirq,0.16822222222222583
2026-10-08T18:23:12.494Z,softirq,0.16266666666665514
2026-10-08T18:23:27.494Z,softirq,0.17977777777778098
2026-10-08T18:23:42.494Z,softirq,0.18288888888888422
2026-10-08T18:23:57.494Z,softirq,0.19266666666666826
2026-10-08T18:24:12.494Z,softirq,0.18955555555556503
2026-10-08T18:24:27.494Z,softirq,0.1826666666666723
2026-10-08T18:24:42.494Z,softirq,0.1728888888889034
2026-10-08T18:24:57.494Z,softirq,0.17333333333332726
2026-10-08T18:25:12.494Z,softirq,0.18933333333332786
2026-10-08T18:25:27.494Z,softirq,0.19155555555554302
2026-10-08T18:25:42.494Z,softirq,0.17977777777777088
2026-10-08T18:25:57.494Z,softirq,0.16688888888888867
2026-10-08T18:26:12.494Z,softirq,0.16288888888888725
2026-10-08T18:26:27.494Z,softirq,0.16399999999999734
2026-10-08T18:26:42.494Z,softirq,0.16711111111112584
2026-10-08T18:26:57.494Z,softirq,0.16444444444444645
2026-10-08T18:27:12.494Z,softirq,0.16511111111110746
2026-10-08T18:27:27.494Z,softirq,0.16355555555554827
2026-10-08T18:27:42.494Z,softirq,0.16866666666667493
2026-10-08T18:27:57.494Z,softirq,0.16711111111111573
2026-10-08T18:28:12.494Z,softirq,0.17733333333332865
2026-10-08T18:28:27.494Z,softirq,0.17866666666666078
2026-10-08T18:28:42.494Z,softirq,0.1831111111111113
2026-10-08T18:28:57.494Z,softirq,0.17511111111111352
2026-10-08T18:29:12.494Z,softirq,0.17844444444444887
2026-10-08T18:29:27.494Z,softirq,0.1826666666666622
2026-10-08T18:29:42.494Z,softirq,0.18644444444444666
2026-10-08T18:29:57.494Z,softirq,0.1855555555555535
2026-10-08T18:30:12.494Z,softirq,0.18222222222223333
2026-10-08T18:30:27.494Z,softirq,0.17666666666666767
2026-10-08T18:30:42.494Z,softirq,0.18222222222220805
2026-10-08T18:30:57.494Z,softirq,0.18844444444443978
2026-10-08T18:31:12.494Z,softirq,0.19511111111111049
2026-10-08T18:31:27.494Z,softirq,0.18888888888889896
2026-10-08T18:31:42.494Z,softirq,0.18111111111111816
2026-10-08T18:31:57.494Z,softirq,0.17977777777777593
2026-10-08T18:32:12.494Z,softirq,0.17555555555555755
2026-10-08T18:32:27.494Z,softirq,0.1695555555555428
2026-10-08T18:32:42.494Z,softirq,0.17044444444444604
2026-10-08T18:32:57.494Z,softirq,0.17888888888887775
2026-10-08T18:33:12.494Z,softirq,0.1935555555555715
2026-10-08T18:33:27.494Z,softirq,0.2006666666666711
2026-10-08T18:33:42.494Z,softirq,0.20222222222223535
2026-10-08T18:33:57.494Z,softirq,0.20177777777777614
2026-10-08T18:34:12.494Z,softirq,0.1908888888888719
2026-10-08T18:34:27.494Z,softirq,0.19000000000000403
2026-10-08T18:34:42.494Z,softirq,0.19044444444444805
2026-10-08T18:34:57.494Z,softirq,0.19444444444445957
2026-10-08T18:35:12.494Z,softirq,0.1906666666666549
2026-10-08T18:35:27.494Z,softirq,0.18533333333332644
2026-10-08T18:35:42.494Z,softirq,0.1822222222222131
2026-10-08T18:35:57.494Z,softirq,0.1824444444444402
2026-10-08T18:36:12.494Z,softirq,0.1824444444444351
2026-10-08T18:36:27.494Z,softirq,0.17955555555555391
2026-10-08T18:36:42.494Z,softirq,0.17844444444444887
2026-10-08T18:36:57.494Z,softirq,0.18022222222222503
2026-10-08T18:37:12.494Z,softirq,0.18177777777778423
2026-10-08T18:37:27.494Z,softirq,0.18333333333334847
2026-10-08T18:37:42.494Z,softirq,0.18199999999999614
2026-10-08T18:37:57.494Z,softirq,0.18111111111110806
2026-10-08T18:38:12.494Z,softirq,0.18111111111108785
2026-10-08T18:38:27.494Z,softirq,0.18288888888887916
2026-10-08T18:38:42.494Z,softirq,0.18955555555557008
2026-10-08T18:38:57.494Z,softirq,0.19133333333333613
2026-10-08T18:39:12.494Z,softirq,0.19288888888890543
2026-10-08T18:39:27.494Z,softirq,0.18799999999999573
2026-10-08T18:39:42.494Z,softirq,0.18266666666666725
2026-10-08T18:39:57.494Z,softirq,0.18555555555553835
2026-10-08T18:40:12.494Z,softirq,0.18977777777777188
2026-10-08T18:40:27.494Z,softirq,0.1957777777777917
2026-10-08T18:40:42.494Z,softirq,0.18777777777778887
2026-10-08T18:40:57.494Z,softirq,0.189111111111121
2026-10-08T18:41:12.494Z,softirq,0.18577777777776544
2026-10-08T18:41:27.494Z,softirq,0.1842222222222214
2026-10-08T18:41:42.494Z,softirq,0.17844444444443372
2026-10-08T18:41:57.494Z,softirq,0.18355555555556544
2026-10-08T18:42:12.494Z,softirq,0.18533333333333654
2026-10-08T18:42:27.494Z,softirq,0.18799999999999573
2026-10-08T18:42:42.494Z,softirq,0.18511111111109935
2026-10-08T18:42:57.494Z,softirq,0.18755555555555675
2026-10-08T18:43:12.494Z,softirq,0.1908888888888921
2026-10-08T18:43:27.494Z,softirq,0.19133333333334623
2026-10-08T18:43:42.494Z,softirq,0.1922222222222242
2026-10-08T18:43:57.494Z,softirq,0.1935555555555614
2026-10-08T18:44:12.494Z,softirq,0.19599999999999856
2026-10-08T18:44:27.494Z,softirq,0.19288888888889028
2026-10-08T18:44:42.494Z,softirq,0.19044444444443795
2026-10-08T18:44:57.494Z,softirq,0.18288888888888422
2026-10-08T18:45:12.494Z,softirq,0.18177777777777412
2026-10-08T18:45:27.494Z,softirq,0.17733333333335394
2026-10-08T18:45:42.494Z,softirq,0.18622222222221957
2026-10-08T18:45:57.494Z,softirq,0.18466666666666542
2026-10-08T18:46:12.494Z,softirq,0.1859999999999824
2026-10-08T18:46:27.494Z,softirq,0.17822222222222178
2026-10-08T18:46:42.494Z,softirq,0.18333333333333837
2026-10-08T18:46:57.494Z,softirq,0.18511111111110948
2026-10-08T18:47:12.494Z,softirq,0.19111111111111412
2026-10-08T18:47:27.494Z,softirq,0.19155555555554804
2026-10-08T18:47:42.494Z,softirq,0.19355555555553614
2026-10-08T18:47:57.494Z,softirq,0.1906666666666549
2026-10-08T18:48:12.494Z,softirq,0.18622222222222462
2026-10-08T18:48:27.494Z,softirq,0.1868888888888907
2026-10-08T18:48:42.494Z,softirq,0.1857777777777907
2026-10-08T18:48:57.494Z,softirq,0.1886666666666719
2026-10-08T18:49:12.494Z,softirq,0.18266666666667736
2026-10-08T18:49:27.494Z,softirq,0.18311111111109613
2026-10-08T18:49:42.494Z,softirq,0.18622222222222967
2026-10-08T18:49:57.494Z,softirq,0.18822222222222282
2026-10-08T18:50:12.494Z,softirq,0.1851111111111398
2026-10-08T18:50:27.494Z,softirq,0.1762222222222034
2026-10-08T18:50:42.494Z,softirq,0.17511111111110847
2026-10-08T18:50:57.494Z,softirq,0.1759999999999915
2026-10-08T18:51:12.494Z,softirq,0.17977777777778603
2026-10-08T18:51:27.494Z,softirq,0.17066666666667818
2026-10-08T18:51:42.494Z,softirq,0.17088888888886988
2026-10-08T18:51:57.494Z,softirq,0.17044444444443593
2026-10-08T18:52:12.494Z,softirq,0.17755555555554564
2026-10-08T18:52:27.494Z,softirq,0.18311111111112643
2026-10-08T18:52:42.494Z,softirq,0.1815555555555723
2026-10-08T18:52:57.494Z,softirq,0.18577777777778565
2026-10-08T18:53:12.494Z,softirq,0.18044444444443694
2026-10-08T18:53:27.494Z,softirq,0.1859999999999925
2026-10-08T18:53:42.494Z,softirq,0.18688888888888563
2026-10-08T18:53:57.494Z,softirq,0.18355555555555533
2026-10-08T18:54:12.494Z,softirq,0.1791111111111099
2026-10-08T18:54:27.494Z,softirq,0.17399999999999835
2026-10-08T18:54:42.494Z,softirq,0.17333333333334242
2026-10-08T18:54:57.494Z,softirq,0.16866666666666483
2026-10-08T18:55:12.494Z,softirq,0.1651111111111125
2026-10-08T18:55:27.494Z,softirq,0.1617777777777721
2026-10-08T18:55:42.494Z,softirq,0.16511111111112262
2026-10-08T18:55:57.494Z,softirq,0.1675555555555699
2026-10-08T18:56:12.494Z,softirq,0.17133333333332906
2026-10-08T18:56:27.494Z,softirq,0.1695555555555428
2026-10-08T18:56:42.494Z,softirq,0.17244444444442905
2026-10-08T18:56:57.494Z,softirq,0.17200000000000018
2026-10-08T18:57:12.494Z,softirq,0.17422222222221534
2026-10-08T18:57:27.494Z,softirq,0.1726666666666713
2026-10-08T18:57:42.494Z,softirq,0.17688888888887958
2026-10-08T18:57:57.494Z,softirq,0.1742222222222406
2026-10-08T18:58:12.494Z,softirq,0.16822222222223596
2026-10-08T18:58:27.494Z,softirq,0.1655555555555616
2026-10-08T18:58:42.494Z,softirq,0.1695555555555529
2026-10-08T18:58:57.494Z,softirq,0.17911111111108965
2026-10-08T18:59:12.494Z,softirq,0.17511111111110342
2026-10-08T18:59:27.494Z,softirq,0.16311111111111432
2026-10-08T18:59:42.494Z,softirq,0.15422222222221837
2026-10-08T17:07:42.494Z,steal,0.05644444444444868
2026-10-08T17:07:57.494Z,steal,0.07066666666666302
2026-10-08T17:08:12.494Z,steal,0.06888888888889697
2026-10-08T17:08:27.494Z,steal,0.053111111111103226
2026-10-08T17:08:42.494Z,steal,0.03933333333332787
2026-10-08T17:08:57.494Z,steal,0.03844444444443979
2026-10-08T17:09:12.494Z,steal,0.042000000000002216
2026-10-08T17:09:27.494Z,steal,0.041111111111109086
2026-10-08T17:09:42.494Z,steal,0.04244444444445131
2026-10-08T17:09:57.494Z,steal,0.041555555555553125
2026-10-08T17:10:12.494Z,steal,0.04533333333333757
2026-10-08T17:10:27.494Z,steal,0.04355555555555131
2026-10-08T17:10:42.494Z,steal,0.041111111111109086
2026-10-08T17:10:57.494Z,steal,0.03444444444444848
2026-10-08T17:11:12.494Z,steal,0.03644444444444161
2026-10-08T17:11:27.494Z,steal,0.036444444444446666
2026-10-08T17:11:42.494Z,steal,0.037555555555551706
2026-10-08T17:11:57.494Z,steal,0.033777777777782424
2026-10-08T17:12:12.494Z,steal,0.03644444444444666
2026-10-08T17:12:27.494Z,steal,0.038222222222227875
2026-10-08T17:12:42.494Z,steal,0.042444444444441204
2026-10-08T17:12:57.494Z,steal,0.04022222222222101
2026-10-08T17:13:12.494Z,steal,0.03933333333333292
2026-10-08T17:13:27.494Z,steal,0.03688888888888565
2026-10-08T17:13:42.494Z,steal,0.03688888888889576
2026-10-08T17:13:57.494Z,steal,0.03599999999999757
2026-10-08T17:14:12.494Z,steal,0.037333333333334745
2026-10-08T17:14:27.494Z,steal,0.03444444444443838
2026-10-08T17:14:42.494Z,steal,0.03622222222222464
2026-10-08T17:14:57.494Z,steal,0.038888888888893934
2026-10-08T17:15:12.494Z,steal,0.041777777777775145
2026-10-08T17:15:27.494Z,steal,0.040222222222221
2026-10-08T17:15:42.494Z,steal,0.03977777777777696
2026-10-08T17:15:57.494Z,steal,0.03933333333333292
2026-10-08T17:16:12.494Z,steal,0.03844444444443979
2026-10-08T17:16:27.494Z,steal,0.03533333333333151
2026-10-08T17:16:42.494Z,steal,0.03555555555555858
2026-10-08T17:16:57.494Z,steal,0.0357777777777806
2026-10-08T17:17:12.494Z,steal,0.03622222222222464
2026-10-08T17:17:27.494Z,steal,0.0357777777777806
2026-10-08T17:17:42.494Z,steal,0.042666666666668275
2026-10-08T17:17:57.494Z,steal,0.0435555555555513
2026-10-08T17:18:12.494Z,steal,0.05222222222222525
2026-10-08T17:18:27.494Z,steal,0.04799999999999676
2026-10-08T17:18:42.494Z,steal,0.047509102211173514
2026-10-08T17:18:57.494Z,steal,0.042666666666663224
2026-10-08T17:19:12.494Z,steal,0.04666666666666464
2026-10-08T17:19:27.494Z,steal,0.05205089420767296
2026-10-08T17:19:42.494Z,steal,0.05244444444444222
2026-10-08T17:19:57.494Z,steal,0.05444444444444545
2026-10-08T17:20:12.494Z,steal,0.050888888888888074
2026-10-08T17:20:27.494Z,steal,0.049777777777777976
2026-10-08T17:20:42.494Z,steal,0.0462222222222206
2026-10-08T17:20:57.494Z,steal,0.04644444444444262
2026-10-08T17:21:12.494Z,steal,0.05133333333333717
2026-10-08T17:21:27.494Z,steal,0.05311111111111333
2026-10-08T17:21:42.494Z,steal,0.05622222222222161
2026-10-08T17:21:57.494Z,steal,0.053999999999996356
2026-10-08T17:22:12.494Z,steal,0.049999999999994944
2026-10-08T17:22:27.494Z,steal,0.04488888888889353
2026-10-08T17:22:42.494Z,steal,0.04488888888888848
2026-10-08T17:22:57.494Z,steal,0.046000000000003635
2026-10-08T17:23:12.494Z,steal,0.0517777777777711
2026-10-08T17:23:27.494Z,steal,0.04866666666666282
2026-10-08T17:23:42.494Z,steal,0.050222222222222015
2026-10-08T17:23:57.494Z,steal,0.04777777777777979
2026-10-08T17:24:12.494Z,steal,0.05577777777777757
2026-10-08T17:24:27.494Z,steal,0.05400000000000646
2026-10-08T17:24:42.494Z,steal,0.05311111111111333
2026-10-08T17:24:57.494Z,steal,0.045999999999993525
2026-10-08T17:25:12.494Z,steal,0.05177777777778626
2026-10-08T17:25:27.494Z,steal,0.05088888888888302
2026-10-08T17:25:42.494Z,steal,0.050444444444444035
2026-10-08T17:25:57.494Z,steal,0.0473333333333307
2026-10-08T17:26:12.494Z,steal,0.0495555555555509
2026-10-08T17:26:27.494Z,steal,0.04755555555556788
2026-10-08T17:26:42.494Z,steal,0.04644444444444262
2026-10-08T17:26:57.494Z,steal,0.0488888888888899
2026-10-08T17:27:12.494Z,steal,0.05022222222222707
2026-10-08T17:27:27.494Z,steal,0.049555555555550905
2026-10-08T17:27:42.494Z,steal,0.04466666666666646
2026-10-08T17:27:57.494Z,steal,0.05088888888889313
2026-10-08T17:28:12.494Z,steal,0.05755555555554868
2026-10-08T17:28:27.494Z,steal,0.056222222222231714
2026-10-08T17:28:42.494Z,steal,0.05733333333332161
2026-10-08T17:28:57.494Z,steal,0.07622222222222869
2026-10-08T17:29:12.494Z,steal,0.07755555555555069
2026-10-08T17:29:27.494Z,steal,0.07866666666667091
2026-10-08T17:29:42.494Z,steal,0.05377777777777434
2026-10-08T17:29:57.494Z,steal,0.05444444444444545
2026-10-08T17:30:12.494Z,steal,0.0488888888888899
2026-10-08T17:30:27.494Z,steal,0.04711111111111373
2026-10-08T17:30:42.494Z,steal,0.04644444444443757
2026-10-08T17:30:57.494Z,steal,0.04800000000000181
2026-10-08T17:31:12.494Z,steal,0.050444444444438984
2026-10-08T17:31:27.494Z,steal,0.04888888888890505
2026-10-08T17:31:42.494Z,steal,0.04444444444444444
2026-10-08T17:31:57.494Z,steal,0.04577777777777656
2026-10-08T17:32:12.494Z,steal,0.049555555555550905
2026-10-08T17:32:27.494Z,steal,0.05266666666666424
2026-10-08T17:32:42.494Z,steal,0.055333333333338584
2026-10-08T17:32:57.494Z,steal,0.05377777777777434
2026-10-08T17:33:12.494Z,steal,0.049999999999994944
2026-10-08T17:33:27.494Z,steal,0.04266666666666828
2026-10-08T17:33:42.494Z,steal,0.03999999999999898
2026-10-08T17:33:57.494Z,steal,0.04133333333333616
2026-10-08T17:34:12.494Z,steal,0.04555555555555454
2026-10-08T17:34:27.494Z,steal,0.04555555555555959
2026-10-08T17:34:42.494Z,steal,0.04733333333333575
2026-10-08T17:34:57.494Z,steal,0.04066666666666505
2026-10-08T17:35:12.494Z,steal,0.04422222222222242
2026-10-08T17:35:27.494Z,steal,0.040222222222215956
2026-10-08T17:35:42.494Z,steal,0.04466666666667151
2026-10-08T17:35:57.494Z,steal,0.04066666666666505
2026-10-08T17:36:12.494Z,steal,0.05155555555555413
2026-10-08T17:36:27.494Z,steal,0.049777777777777976
2026-10-08T17:36:42.494Z,steal,0.053999999999996356
2026-10-08T17:36:57.494Z,steal,0.04377777777777838
2026-10-08T17:37:12.494Z,steal,0.04488888888888848
2026-10-08T17:37:27.494Z,steal,0.04511111111111555
2026-10-08T17:37:42.494Z,steal,0.04444444444444444
2026-10-08T17:37:57.494Z,steal,0.049777777777777976
2026-10-08T17:38:12.494Z,steal,0.05244444444443717
2026-10-08T17:38:27.494Z,steal,0.05688888888889777
2026-10-08T17:38:42.494Z,steal,0.05400000000000141
2026-10-08T17:38:57.494Z,steal,0.05155555555555413
2026-10-08T17:39:12.494Z,steal,0.05755555555555373
2026-10-08T17:39:27.494Z,steal,0.05711111111109959
2026-10-08T17:39:42.494Z,steal,0.057777777777790904
2026-10-08T17:39:57.494Z,steal,0.049333333333328885
2026-10-08T17:40:12.494Z,steal,0.05177777777778121
2026-10-08T17:40:27.494Z,steal,0.05288888888888626
2026-10-08T17:40:42.494Z,steal,0.054888888888884435
2026-10-08T17:40:57.494Z,steal,0.05200000000000828
2026-10-08T17:41:12.494Z,steal,0.050222222222216964
2026-10-08T17:41:27.494Z,steal,0.05466666666666747
2026-10-08T17:41:42.494Z,steal,0.05377777777777939
2026-10-08T17:41:57.494Z,steal,0.06199999999999918
2026-10-08T17:42:12.494Z,steal,0.060666666666672114
2026-10-08T17:42:27.494Z,steal,0.06377777777777534
2026-10-08T17:42:42.494Z,steal,0.05711111111110969
2026-10-08T17:42:57.494Z,steal,0.0533333333333404
2026-10-08T17:43:12.494Z,steal,0.050666666666661
2026-10-08T17:43:27.494Z,steal,0.05288888888889636
2026-10-08T17:43:42.494Z,steal,0.054222222222218376
2026-10-08T17:43:57.494Z,steal,0.06400000000000747
2026-10-08T17:44:12.494Z,steal,0.05977777777776888
2026-10-08T17:44:27.494Z,steal,0.0626666666666602
2026-10-08T17:44:42.494Z,steal,0.054888888888884435
2026-10-08T17:44:57.494Z,steal,0.05599999999999959
2026-10-08T17:45:12.494Z,steal,0.05044444444445414
2026-10-08T17:45:27.494Z,steal,0.04755555555555272
2026-10-08T17:45:42.494Z,steal,0.046888888888891714
2026-10-08T17:45:57.494Z,steal,0.049555555555550905
2026-10-08T17:46:12.494Z,steal,0.054666666666662415
2026-10-08T17:46:27.494Z,steal,0.059777777777784036
2026-10-08T17:46:42.494Z,steal,0.0577777777777707
2026-10-08T17:46:57.494Z,steal,0.05355555555555737
2026-10-08T17:47:12.494Z,steal,0.053111111111103226
2026-10-08T17:47:27.494Z,steal,0.05444444444444545
2026-10-08T17:47:42.494Z,steal,0.060000000000006055
2026-10-08T17:47:57.494Z,steal,0.05244444444445232
2026-10-08T17:48:12.494Z,steal,0.0566666666666707
2026-10-08T17:48:27.494Z,steal,0.05088888888888302
2026-10-08T17:48:42.494Z,steal,0.055333333333333526
2026-10-08T17:48:57.494Z,steal,0.05199999999999817
2026-10-08T17:49:12.494Z,steal,0.06133333333333817
2026-10-08T17:49:27.494Z,steal,0.06088888888888908
2026-10-08T17:49:42.494Z,steal,0.05977777777777393
2026-10-08T17:49:57.494Z,steal,0.055777777777777565
2026-10-08T17:50:12.494Z,steal,0.06044444444443494
2026-10-08T17:50:27.494Z,steal,0.06222222222223131
2026-10-08T17:50:42.494Z,steal,0.06666666666666161
2026-10-08T17:50:57.494Z,steal,0.06400000000000242
2026-10-08T17:51:12.494Z,steal,0.0682222222222208
2026-10-08T17:51:27.494Z,steal,0.05844444444445192
2026-10-08T17:51:42.494Z,steal,0.05599999999999454
2026-10-08T17:51:57.494Z,steal,0.05177777777778121
2026-10-08T17:52:12.494Z,steal,0.05488522987355449
2026-10-08T17:52:27.494Z,steal,0.056666666666675754
2026-10-08T17:52:42.494Z,steal,0.05688888888888262
2026-10-08T17:52:57.494Z,steal,0.05689268173434169
2026-10-08T17:53:12.494Z,steal,0.059555555555556965
2026-10-08T17:53:27.494Z,steal,0.05644444444444363
2026-10-08T17:53:42.494Z,steal,0.0544444444444505
2026-10-08T17:53:57.494Z,steal,0.05377777777777939
2026-10-08T17:54:12.494Z,steal,0.0615555555555602
2026-10-08T17:54:27.494Z,steal,0.060222222222223024
2026-10-08T17:54:42.494Z,steal,0.05977777777776888
2026-10-08T17:54:57.494Z,steal,0.05177777777778121
2026-10-08T17:55:12.494Z,steal,0.06288888888887716
2026-10-08T17:55:27.494Z,steal,0.05911111111111798
2026-10-08T17:55:42.494Z,steal,0.06511111111110242
2026-10-08T17:55:57.494Z,steal,0.05355555555556747
2026-10-08T17:56:12.494Z,steal,0.05866666666666383
2026-10-08T17:56:27.494Z,steal,0.055555555555560604
2026-10-08T17:56:42.494Z,steal,0.05599999999999454
2026-10-08T17:56:57.494Z,steal,0.05311111111110828
2026-10-08T17:57:12.494Z,steal,0.05444444444444545
2026-10-08T17:57:27.494Z,steal,0.06088888888888403
2026-10-08T17:57:42.494Z,steal,0.05822222222222484
2026-10-08T17:57:57.494Z,steal,0.06466666666666343
2026-10-08T17:58:12.494Z,steal,0.06222222222223131
2026-10-08T17:58:27.494Z,steal,0.06844444444444787
2026-10-08T17:58:42.494Z,steal,0.07155555555555615
2026-10-08T17:58:57.494Z,steal,0.07488888888888645
2026-10-08T17:59:12.494Z,steal,0.07000000000000202
2026-10-08T17:59:27.494Z,steal,0.06799999999999878
2026-10-08T17:59:42.494Z,steal,0.06311111111110929
2026-10-08T17:59:57.494Z,steal,0.0715555555555511
2026-10-08T18:00:12.494Z,steal,0.07022222222222403
2026-10-08T18:00:27.494Z,steal,0.07955555555555394
2026-10-08T18:00:42.494Z,steal,0.07733333333333373
2026-10-08T18:00:57.494Z,steal,0.0731111111111103
2026-10-08T18:01:12.494Z,steal,0.06244444444444828
2026-10-08T18:01:27.494Z,steal,0.0599999999999909
2026-10-08T18:01:42.494Z,steal,0.055777777777782624
2026-10-08T18:01:57.494Z,steal,0.06511111111110242
2026-10-08T18:02:12.494Z,steal,0.06333333333334647
2026-10-08T18:02:27.494Z,steal,0.06933333333332585
2026-10-08T18:02:42.494Z,steal,0.06711111111112081
2026-10-08T18:02:57.494Z,steal,0.06999999999999695
2026-10-08T18:03:12.494Z,steal,0.06733333333334282
2026-10-08T18:03:27.494Z,steal,0.06733333333332767
2026-10-08T18:03:42.494Z,steal,0.06244444444443817
2026-10-08T18:03:57.494Z,steal,0.06622222222221251
2026-10-08T18:04:12.494Z,steal,0.0611111111111111
2026-10-08T18:04:27.494Z,steal,0.06577777777778362
2026-10-08T18:04:42.494Z,steal,0.06444444444444646
2026-10-08T18:04:57.494Z,steal,0.06311111111111939
2026-10-08T18:05:12.494Z,steal,0.06355555555555333
2026-10-08T18:05:27.494Z,steal,0.06222222222222626
2026-10-08T18:05:42.494Z,steal,0.070000000000002
2026-10-08T18:05:57.494Z,steal,0.06888888888889191
2026-10-08T18:06:12.494Z,steal,0.06577777777777352
2026-10-08T18:06:27.494Z,steal,0.06288888888888726
2026-10-08T18:06:42.494Z,steal,0.06177777777777717
2026-10-08T18:06:57.494Z,steal,0.06222222222222121
2026-10-08T18:07:12.494Z,steal,0.07022222222221898
2026-10-08T18:07:27.494Z,steal,0.07377777777777636
2026-10-08T18:07:42.494Z,steal,0.07577777777777958
2026-10-08T18:07:57.494Z,steal,0.070000000000002
2026-10-08T18:08:12.494Z,steal,0.07088888888888505
2026-10-08T18:08:27.494Z,steal,0.06844444444444787
2026-10-08T18:08:42.494Z,steal,0.07111111111110201
2026-10-08T18:08:57.494Z,steal,0.07222222222222727
2026-10-08T18:09:12.494Z,steal,0.07222222222221211
2026-10-08T18:09:27.494Z,steal,0.06800000000000889
2026-10-08T18:09:42.494Z,steal,0.06466666666665838
2026-10-08T18:09:57.494Z,steal,0.07088888888889515
2026-10-08T18:10:12.494Z,steal,0.0733333333333222
2026-10-08T18:10:27.494Z,steal,0.07088888888889515
2026-10-08T18:10:42.494Z,steal,0.06533333333332948
2026-10-08T18:10:57.494Z,steal,0.06711111111112081
2026-10-08T18:11:12.494Z,steal,0.0726666666666612
2026-10-08T18:11:27.494Z,steal,0.07911111111111493
2026-10-08T18:11:42.494Z,steal,0.07577777777776948
2026-10-08T18:11:57.494Z,steal,0.0742222222222305
2026-10-08T18:12:12.494Z,steal,0.07844444444445393
2026-10-08T18:12:27.494Z,steal,0.0742222222222305
2026-10-08T18:12:42.494Z,steal,0.06888888888888686
2026-10-08T18:12:57.494Z,steal,0.06466666666665838
2026-10-08T18:13:12.494Z,steal,0.06422222222221939
2026-10-08T18:13:27.494Z,steal,0.06377777777777534
2026-10-08T18:13:42.494Z,steal,0.06088888888888403
2026-10-08T18:13:57.494Z,steal,0.06311111111110929
2026-10-08T18:14:12.494Z,steal,0.06533333333333453
2026-10-08T18:14:27.494Z,steal,0.06799999999999878
2026-10-08T18:14:42.494Z,steal,0.06733333333333272
2026-10-08T18:14:57.494Z,steal,0.07400000000000848
2026-10-08T18:15:12.494Z,steal,0.07377777777778646
2026-10-08T18:15:27.494Z,steal,0.08044444444444707
2026-10-08T18:15:42.494Z,steal,0.06999999999999695
2026-10-08T18:15:57.494Z,steal,0.07399999999999332
2026-10-08T18:16:12.494Z,steal,0.06555555555555656
2026-10-08T18:16:27.494Z,steal,0.07511111111110343
2026-10-08T18:16:42.494Z,steal,0.06466666666667353
2026-10-08T18:16:57.494Z,steal,0.06666666666665655
2026-10-08T18:17:12.494Z,steal,0.06244444444445838
2026-10-08T18:17:27.494Z,steal,0.07088888888887998
2026-10-08T18:17:42.494Z,steal,0.07000000000001717
2026-10-08T18:17:57.494Z,steal,0.07288888888886806
2026-10-08T18:18:12.494Z,steal,0.07288888888889333
2026-10-08T18:18:27.494Z,steal,0.07955555555555394
2026-10-08T18:18:42.494Z,steal,0.08333333333333331
2026-10-08T18:18:57.494Z,steal,0.08244444444444524
2026-10-08T18:19:12.494Z,steal,0.07888888888887777
2026-10-08T18:19:27.494Z,steal,0.08311111111111635
2026-10-08T18:19:42.494Z,steal,0.08311111111111635
2026-10-08T18:19:57.494Z,steal,0.09511111111111555
2026-10-08T18:20:12.494Z,steal,0.09599999999999857
2026-10-08T18:20:27.494Z,steal,0.09844444444443574
2026-10-08T18:20:42.494Z,steal,0.08933333333333797
2026-10-08T18:20:57.494Z,steal,0.0842222222222214
2026-10-08T18:21:12.494Z,steal,0.08444444444444847
2026-10-08T18:21:27.494Z,steal,0.09577777777777656
2026-10-08T18:21:42.494Z,steal,0.0973333333333408
2026-10-08T18:21:57.494Z,steal,0.1035555555555523
2026-10-08T18:22:12.494Z,steal,0.09266666666666322
2026-10-08T18:22:27.494Z,steal,0.09400000000000039
2026-10-08T18:22:42.494Z,steal,0.09199999999999715
2026-10-08T18:22:57.494Z,steal,0.10666666666666565
2026-10-08T18:23:12.494Z,steal,0.12088888888888503
2026-10-08T18:23:27.494Z,steal,0.13999999999999896
2026-10-08T18:23:42.494Z,steal,0.13977777777777695
2026-10-08T18:23:57.494Z,steal,0.140222222222221
2026-10-08T18:24:12.494Z,steal,0.13533333333333655
2026-10-08T18:24:27.494Z,steal,0.13777777777777878
2026-10-08T18:24:42.494Z,steal,0.13777777777778383
2026-10-08T18:24:57.494Z,steal,0.14377777777778342
2026-10-08T18:25:12.494Z,steal,0.15955555555555695
2026-10-08T18:25:27.494Z,steal,0.15888888888888583
2026-10-08T18:25:42.494Z,steal,0.14822222222221876
2026-10-08T18:25:57.494Z,steal,0.1368888888888907
2026-10-08T18:26:12.494Z,steal,0.13666666666666868
2026-10-08T18:26:27.494Z,steal,0.14222222222221917
2026-10-08T18:26:42.494Z,steal,0.14511111111110545
2026-10-08T18:26:57.494Z,steal,0.14577777777777653
2026-10-08T18:27:12.494Z,steal,0.1484444444444509
2026-10-08T18:27:27.494Z,steal,0.15155555555555916
2026-10-08T18:27:42.494Z,steal,0.1564444444444436
2026-10-08T18:27:57.494Z,steal,0.14799999999999675
2026-10-08T18:28:12.494Z,steal,0.15377777777777432
2026-10-08T18:28:27.494Z,steal,0.1515555555555541
2026-10-08T18:28:42.494Z,steal,0.15199999999999816
2026-10-08T18:28:57.494Z,steal,0.1413333333333311
2026-10-08T18:29:12.494Z,steal,0.13933333333333292
2026-10-08T18:29:27.494Z,steal,0.14400000000000038
2026-10-08T18:29:42.494Z,steal,0.14088888888889212
2026-10-08T18:29:57.494Z,steal,0.13888888888889392
2026-10-08T18:30:12.494Z,steal,0.14577777777778667
2026-10-08T18:30:27.494Z,steal,0.14688888888889676
2026-10-08T18:30:42.494Z,steal,0.15355555555555736
2026-10-08T18:30:57.494Z,steal,0.14577777777777656
2026-10-08T18:31:12.494Z,steal,0.1453333333333325
2026-10-08T18:31:27.494Z,steal,0.1375555555555517
2026-10-08T18:31:42.494Z,steal,0.13066666666665896
2026-10-08T18:31:57.494Z,steal,0.13399999999999432
2026-10-08T18:32:12.494Z,steal,0.12911111111110987
2026-10-08T18:32:27.494Z,steal,0.13133333333333513
2026-10-08T18:32:42.494Z,steal,0.12355555555555937
2026-10-08T18:32:57.494Z,steal,0.14066666666666502
2026-10-08T18:33:12.494Z,steal,0.14955555555555594
2026-10-08T18:33:27.494Z,steal,0.16555555555554644
2026-10-08T18:33:42.494Z,steal,0.15111111111111009
2026-10-08T18:33:57.494Z,steal,0.15200000000000322
2026-10-08T18:34:12.494Z,steal,0.13288888888889433
2026-10-08T18:34:27.494Z,steal,0.14688888888889676
2026-10-08T18:34:42.494Z,steal,0.13266666666666727
2026-10-08T18:34:57.494Z,steal,0.14400000000000543
2026-10-08T18:35:12.494Z,steal,0.13733333333332967
2026-10-08T18:35:27.494Z,steal,0.15155555555554906
2026-10-08T18:35:42.494Z,steal,0.1466666666666596
2026-10-08T18:35:57.494Z,steal,0.14555555555555452
2026-10-08T18:36:12.494Z,steal,0.13755555555555676
2026-10-08T18:36:27.494Z,steal,0.13777777777777878
2026-10-08T18:36:42.494Z,steal,0.1308888888888911
2026-10-08T18:36:57.494Z,steal,0.13577777777777553
2026-10-08T18:37:12.494Z,steal,0.1368888888888907
2026-10-08T18:37:27.494Z,steal,0.13777777777777372
2026-10-08T18:37:42.494Z,steal,0.13088888888889108
2026-10-08T18:37:57.494Z,steal,0.12622222222222362
2026-10-08T18:38:12.494Z,steal,0.12622222222222867
2026-10-08T18:38:27.494Z,steal,0.13066666666666907
2026-10-08T18:38:42.494Z,steal,0.13066666666666907
2026-10-08T18:38:57.494Z,steal,0.1320000000000012
2026-10-08T18:39:12.494Z,steal,0.1253333333333305
2026-10-08T18:39:27.494Z,steal,0.13177777777776906
2026-10-08T18:39:42.494Z,steal,0.12399999999999836
2026-10-08T18:39:57.494Z,steal,0.1364444444444416
2026-10-08T18:40:12.494Z,steal,0.13888888888888887
2026-10-08T18:40:27.494Z,steal,0.14888888888888482
2026-10-08T18:40:42.494Z,steal,0.1371111111111127
2026-10-08T18:40:57.494Z,steal,0.13466666666666544
2026-10-08T18:41:12.494Z,steal,0.13422222222221636
2026-10-08T18:41:27.494Z,steal,0.1331111111111113
2026-10-08T18:41:42.494Z,steal,0.12777777777778282
2026-10-08T18:41:57.494Z,steal,0.13222222222222826
2026-10-08T18:42:12.494Z,steal,0.1346666666666705
2026-10-08T18:42:27.494Z,steal,0.13666666666666866
2026-10-08T18:42:42.494Z,steal,0.13577777777778058
2026-10-08T18:42:57.494Z,steal,0.1448888888888834
2026-10-08T18:43:12.494Z,steal,0.14644444444443755
2026-10-08T18:43:27.494Z,steal,0.13555555555555351
2026-10-08T18:43:42.494Z,steal,0.1220000000000103
2026-10-08T18:43:57.494Z,steal,0.12511111111111858
2026-10-08T18:44:12.494Z,steal,0.13311111111111634
2026-10-08T18:44:27.494Z,steal,0.13844444444443976
2026-10-08T18:44:42.494Z,steal,0.13133333333333008
2026-10-08T18:44:57.494Z,steal,0.13244444444443512
2026-10-08T18:45:12.494Z,steal,0.14066666666665997
2026-10-08T18:45:27.494Z,steal,0.15400000000000644
2026-10-08T18:45:42.494Z,steal,0.1617777777777822
2026-10-08T18:45:57.494Z,steal,0.15933333333334
2026-10-08T18:46:12.494Z,steal,0.15955555555555695
2026-10-08T18:46:27.494Z,steal,0.15111111111111514
2026-10-08T18:46:42.494Z,steal,0.1495555555555509
2026-10-08T18:46:57.494Z,steal,0.13777777777777372
2026-10-08T18:47:12.494Z,steal,0.1451111111111004
2026-10-08T18:47:27.494Z,steal,0.14177777777777512
2026-10-08T18:47:42.494Z,steal,0.14088888888888199
2026-10-08T18:47:57.494Z,steal,0.1353333333333416
2026-10-08T18:48:12.494Z,steal,0.1304444444444521
2026-10-08T18:48:27.494Z,steal,0.13600000000000262
2026-10-08T18:48:42.494Z,steal,0.12999999999999795
2026-10-08T18:48:57.494Z,steal,0.14511111111111047
2026-10-08T18:49:12.494Z,steal,0.13955555555555493
2026-10-08T18:49:27.494Z,steal,0.15133333333333715
2026-10-08T18:49:42.494Z,steal,0.14555555555555452
2026-10-08T18:49:57.494Z,steal,0.15399999999999633
2026-10-08T18:50:12.494Z,steal,0.15355555555555736
2026-10-08T18:50:27.494Z,steal,0.15222222222222523
2026-10-08T18:50:42.494Z,steal,0.1448888888888986
2026-10-08T18:50:57.494Z,steal,0.14022222222221595
2026-10-08T18:51:12.494Z,steal,0.13711111111110766
2026-10-08T18:51:27.494Z,steal,0.1364444444444416
2026-10-08T18:51:42.494Z,steal,0.1284444444444438
2026-10-08T18:51:57.494Z,steal,0.13444444444444342
2026-10-08T18:52:12.494Z,steal,0.13688888888888565
2026-10-08T18:52:27.494Z,steal,0.14422222222221737
2026-10-08T18:52:42.494Z,steal,0.13288888888888928
2026-10-08T18:52:57.494Z,steal,0.1317777777777842
2026-10-08T18:53:12.494Z,steal,0.12711111111111675
2026-10-08T18:53:27.494Z,steal,0.14311111111111735
2026-10-08T18:53:42.494Z,steal,0.1417777777777802
2026-10-08T18:53:57.494Z,steal,0.14600000000000363
2026-10-08T18:54:12.494Z,steal,0.1337777777777723
2026-10-08T18:54:27.494Z,steal,0.14355555555554625
2026-10-08T18:54:42.494Z,steal,0.1397777777777719
2026-10-08T18:54:57.494Z,steal,0.14488888888888848
2026-10-08T18:55:12.494Z,steal,0.13311111111110624
2026-10-08T18:55:27.494Z,steal,0.14222222222222422
2026-10-08T18:55:42.494Z,steal,0.13399999999999432
2026-10-08T18:55:57.494Z,steal,0.14244444444446142
2026-10-08T18:56:12.494Z,steal,0.1315555555555521
2026-10-08T18:56:27.494Z,steal,0.1384444444444499
2026-10-08T18:56:42.494Z,steal,0.1417777777777701
2026-10-08T18:56:57.494Z,steal,0.14777777777778484
2026-10-08T18:57:12.494Z,steal,0.15288888888889635
2026-10-08T18:57:27.494Z,steal,0.14533333333333756
2026-10-08T18:57:42.494Z,steal,0.14599999999999858
2026-10-08T18:57:57.494Z,steal,0.14599999999999858
2026-10-08T18:58:12.494Z,steal,0.14155555555555815
2026-10-08T18:58:27.494Z,steal,0.1308888888888911
2026-10-08T18:58:42.494Z,steal,0.12133333333331897
2026-10-08T18:58:57.494Z,steal,0.13422222222221636
2026-10-08T18:59:12.494Z,steal,0.14399999999999533
2026-10-08T18:59:27.494Z,steal,0.14555555555556463
2026-10-08T18:59:42.494Z,steal,0.1275555555555507
2026-10-08T17:07:42.494Z,system,0.32022222222221897
2026-10-08T17:07:57.494Z,system,0.35155555555550866
2026-10-08T17:08:12.494Z,system,0.32999999999998786
2026-10-08T17:08:27.494Z,system,0.28533333333333655
2026-10-08T17:08:42.494Z,system,0.23888888888892928
2026-10-08T17:08:57.494Z,system,0.23844444444449533
2026-10-08T17:09:12.494Z,system,0.2424444444444412
2026-10-08T17:09:27.494Z,system,0.24488888888887836
2026-10-08T17:09:42.494Z,system,0.24422222222215673
2026-10-08T17:09:57.494Z,system,0.24422222222219714
2026-10-08T17:10:12.494Z,system,0.24666666666665452
2026-10-08T17:10:27.494Z,system,0.24266666666668846
2026-10-08T17:10:42.494Z,system,0.24288888888891555
2026-10-08T17:10:57.494Z,system,0.23844444444445492
2026-10-08T17:11:12.494Z,system,0.24044444444443797
2026-10-08T17:11:27.494Z,system,0.24022222222221087
2026-10-08T17:11:42.494Z,system,0.24466666666665127
2026-10-08T17:11:57.494Z,system,0.24288888888891552
2026-10-08T17:12:12.494Z,system,0.23977777777777695
2026-10-08T17:12:27.494Z,system,0.2528888888888913
2026-10-08T17:12:42.494Z,system,0.2584444444444064
2026-10-08T17:12:57.494Z,system,0.25666666666667065
2026-10-08T17:13:12.494Z,system,0.24022222222223108
2026-10-08T17:13:27.494Z,system,0.23888888888890908
2026-10-08T17:13:42.494Z,system,0.24222222222223433
2026-10-08T17:13:57.494Z,system,0.24066666666666503
2026-10-08T17:14:12.494Z,system,0.2424444444444614
2026-10-08T17:14:27.494Z,system,0.2393333333333228
2026-10-08T17:14:42.494Z,system,0.24866666666669818
2026-10-08T17:14:57.494Z,system,0.24222222222221412
2026-10-08T17:15:12.494Z,system,0.24555555555555958
2026-10-08T17:15:27.494Z,system,0.2408888888888719
2026-10-08T17:15:42.494Z,system,0.24466666666663106
2026-10-08T17:15:57.494Z,system,0.24155555555553287
2026-10-08T17:16:12.494Z,system,0.23755555555554664
2026-10-08T17:16:27.494Z,system,0.2395555555556105
2026-10-08T17:16:42.494Z,system,0.2444444444444444
2026-10-08T17:16:57.494Z,system,0.24266666666668846
2026-10-08T17:17:12.494Z,system,0.24177777777775997
2026-10-08T17:17:27.494Z,system,0.23733333333333978
2026-10-08T17:17:42.494Z,system,0.24244444444440078
2026-10-08T17:17:57.494Z,system,0.24866666666663753
2026-10-08T17:18:12.494Z,system,0.2617777777778125
2026-10-08T17:18:27.494Z,system,0.2706666666666933
2026-10-08T17:18:42.494Z,system,0.2708462836337964
2026-10-08T17:18:57.494Z,system,0.27044444444440563
2026-10-08T17:19:12.494Z,system,0.26999999999999186
2026-10-08T17:19:27.494Z,system,0.2764925705134176
2026-10-08T17:19:42.494Z,system,0.27111111111114744
2026-10-08T17:19:57.494Z,system,0.2733333333333576
2026-10-08T17:20:12.494Z,system,0.26733333333332765
2026-10-08T17:20:27.494Z,system,0.2737777777777511
2026-10-08T17:20:42.494Z,system,0.27155555555556116
2026-10-08T17:20:57.494Z,system,0.2757777777777543
2026-10-08T17:21:12.494Z,system,0.2717777777777883
2026-10-08T17:21:27.494Z,system,0.272888888888863
2026-10-08T17:21:42.494Z,system,0.26800000000000884
2026-10-08T17:21:57.494Z,system,0.27311111111109004
2026-10-08T17:22:12.494Z,system,0.27044444444444604
2026-10-08T17:22:27.494Z,system,0.27399999999997815
2026-10-08T17:22:42.494Z,system,0.27155555555556116
2026-10-08T17:22:57.494Z,system,0.2717777777777276
2026-10-08T17:23:12.494Z,system,0.2753333333333608
2026-10-08T17:23:27.494Z,system,0.2760000000000016
2026-10-08T17:23:42.494Z,system,0.2780000000000654
2026-10-08T17:23:57.494Z,system,0.27333333333333737
2026-10-08T17:24:12.494Z,system,0.2682222222222561
2026-10-08T17:24:27.494Z,system,0.27155555555554095
2026-10-08T17:24:42.494Z,system,0.2655555555555515
2026-10-08T17:24:57.494Z,system,0.2675555555555345
2026-10-08T17:25:12.494Z,system,0.26355555555554827
2026-10-08T17:25:27.494Z,system,0.27088888888887996
2026-10-08T17:25:42.494Z,system,0.2666666666666666
2026-10-08T17:25:57.494Z,system,0.26666666666666666
2026-10-08T17:26:12.494Z,system,0.26111111111111107
2026-10-08T17:26:27.494Z,system,0.2646666666666836
2026-10-08T17:26:42.494Z,system,0.2659999999999854
2026-10-08T17:26:57.494Z,system,0.27044444444442584
2026-10-08T17:27:12.494Z,system,0.26999999999997165
2026-10-08T17:27:27.494Z,system,0.2728888888889034
2026-10-08T17:27:42.494Z,system,0.2697777777778052
2026-10-08T17:27:57.494Z,system,0.30488888888889454
2026-10-08T17:28:12.494Z,system,0.30377777777775916
2026-10-08T17:28:27.494Z,system,0.30688888888887755
2026-10-08T17:28:42.494Z,system,0.3359999999999975
2026-10-08T17:28:57.494Z,system,0.35222222222223026
2026-10-08T17:29:12.494Z,system,0.3488888888888848
2026-10-08T17:29:27.494Z,system,0.2862222222222246
2026-10-08T17:29:42.494Z,system,0.26355555555554827
2026-10-08T17:29:57.494Z,system,0.26377777777775513
2026-10-08T17:30:12.494Z,system,0.26333333333334136
2026-10-08T17:30:27.494Z,system,0.2620000000000194
2026-10-08T17:30:42.494Z,system,0.26488888888891066
2026-10-08T17:30:57.494Z,system,0.26066666666667715
2026-10-08T17:31:12.494Z,system,0.26666666666668687
2026-10-08T17:31:27.494Z,system,0.26333333333336156
2026-10-08T17:31:42.494Z,system,0.26355555555552806
2026-10-08T17:31:57.494Z,system,0.25911111111110785
2026-10-08T17:32:12.494Z,system,0.25822222222221974
2026-10-08T17:32:27.494Z,system,0.2620000000000194
2026-10-08T17:32:42.494Z,system,0.26355555555554827
2026-10-08T17:32:57.494Z,system,0.26133333333331793
2026-10-08T17:33:12.494Z,system,0.25977777777774863
2026-10-08T17:33:27.494Z,system,0.25911111111110785
2026-10-08T17:33:42.494Z,system,0.26177777777777206
2026-10-08T17:33:57.494Z,system,0.25911111111110785
2026-10-08T17:34:12.494Z,system,0.25822222222224
2026-10-08T17:34:27.494Z,system,0.2568888888888573
2026-10-08T17:34:42.494Z,system,0.260222222222223
2026-10-08T17:34:57.494Z,system,0.2564444444444234
2026-10-08T17:35:12.494Z,system,0.2604444444445107
2026-10-08T17:35:27.494Z,system,0.25777777777782623
2026-10-08T17:35:42.494Z,system,0.2599999999999757
2026-10-08T17:35:57.494Z,system,0.2602222222222028
2026-10-08T17:36:12.494Z,system,0.2631111111110739
2026-10-08T17:36:27.494Z,system,0.2655555555555919
2026-10-08T17:36:42.494Z,system,0.2579999999999725
2026-10-08T17:36:57.494Z,system,0.2537777777778198
2026-10-08T17:37:12.494Z,system,0.24999999999999997
2026-10-08T17:37:27.494Z,system,0.25244444444443714
2026-10-08T17:37:42.494Z,system,0.253333333333305
2026-10-08T17:37:57.494Z,system,0.26022222222222297
2026-10-08T17:38:12.494Z,system,0.27044444444448645
2026-10-08T17:38:27.494Z,system,0.28133333333335026
2026-10-08T17:38:42.494Z,system,0.28222222222221816
2026-10-08T17:38:57.494Z,system,0.2839999999999741
2026-10-08T17:39:12.494Z,system,0.28377777777776725
2026-10-08T17:39:27.494Z,system,0.2851111111111297
2026-10-08T17:39:42.494Z,system,0.28066666666666906
2026-10-08T17:39:57.494Z,system,0.2757777777777341
2026-10-08T17:40:12.494Z,system,0.2793333333333066
2026-10-08T17:40:27.494Z,system,0.28177777777778423
2026-10-08T17:40:42.494Z,system,0.2800000000000485
2026-10-08T17:40:57.494Z,system,0.2735555555555442
2026-10-08T17:41:12.494Z,system,0.269777777777785
2026-10-08T17:41:27.494Z,system,0.27711111111107634
2026-10-08T17:41:42.494Z,system,0.28133333333330984
2026-10-08T17:41:57.494Z,system,0.28133333333333005
2026-10-08T17:42:12.494Z,system,0.2766666666666828
2026-10-08T17:42:27.494Z,system,0.27666666666670303
2026-10-08T17:42:42.494Z,system,0.2735555555555442
2026-10-08T17:42:57.494Z,system,0.2711111111110868
2026-10-08T17:43:12.494Z,system,0.26733333333334786
2026-10-08T17:43:27.494Z,system,0.27155555555552074
2026-10-08T17:43:42.494Z,system,0.27200000000001534
2026-10-08T17:43:57.494Z,system,0.27244444444442906
2026-10-08T17:44:12.494Z,system,0.2706666666666933
2026-10-08T17:44:27.494Z,system,0.2757777777777745
2026-10-08T17:44:42.494Z,system,0.27355555555556443
2026-10-08T17:44:57.494Z,system,0.2753333333333406
2026-10-08T17:45:12.494Z,system,0.27044444444446625
2026-10-08T17:45:27.494Z,system,0.27333333333333737
2026-10-08T17:45:42.494Z,system,0.2726666666666561
2026-10-08T17:45:57.494Z,system,0.2748888888888662
2026-10-08T17:46:12.494Z,system,0.2748888888888662
2026-10-08T17:46:27.494Z,system,0.2815555555555773
2026-10-08T17:46:42.494Z,system,0.27555555555556766
2026-10-08T17:46:57.494Z,system,0.2742222222222456
2026-10-08T17:47:12.494Z,system,0.2668888888888735
2026-10-08T17:47:27.494Z,system,0.27244444444444926
2026-10-08T17:47:42.494Z,system,0.2757777777777745
2026-10-08T17:47:57.494Z,system,0.2764444444444153
2026-10-08T17:48:12.494Z,system,0.2826666666666723
2026-10-08T17:48:27.494Z,system,0.2855555555555434
2026-10-08T17:48:42.494Z,system,0.28488888888894304
2026-10-08T17:48:57.494Z,system,0.28533333333337696
2026-10-08T17:49:12.494Z,system,0.281111111111103
2026-10-08T17:49:27.494Z,system,0.28888888888886866
2026-10-08T17:49:42.494Z,system,0.28444444444440803
2026-10-08T17:49:57.494Z,system,0.29177777777776
2026-10-08T17:50:12.494Z,system,0.2886666666666618
2026-10-08T17:50:27.494Z,system,0.2944444444444242
2026-10-08T17:50:42.494Z,system,0.29111111111111915
2026-10-08T17:50:57.494Z,system,0.2924444444444412
2026-10-08T17:51:12.494Z,system,0.2913333333333462
2026-10-08T17:51:27.494Z,system,0.2933333333333697
2026-10-08T17:51:42.494Z,system,0.29511111111110544
2026-10-08T17:51:57.494Z,system,0.29555555555553936
2026-10-08T17:52:12.494Z,system,0.291536119814212
2026-10-08T17:52:27.494Z,system,0.289333333333343
2026-10-08T17:52:42.494Z,system,0.28644444444447187
2026-10-08T17:52:57.494Z,system,0.29201946796455847
2026-10-08T17:53:12.494Z,system,0.29311111111114263
2026-10-08T17:53:27.494Z,system,0.3004444444444339
2026-10-08T17:53:42.494Z,system,0.2951111111110852
2026-10-08T17:53:57.494Z,system,0.294444444444404
2026-10-08T17:54:12.494Z,system,0.28755555555556683
2026-10-08T17:54:27.494Z,system,0.28733333333336
2026-10-08T17:54:42.494Z,system,0.2855555555555838
2026-10-08T17:54:57.494Z,system,0.2871111111110925
2026-10-08T17:55:12.494Z,system,0.2922222222221939
2026-10-08T17:55:27.494Z,system,0.2973333333333357
2026-10-08T17:55:42.494Z,system,0.2944444444444444
2026-10-08T17:55:57.494Z,system,0.2917777777778004
2026-10-08T17:56:12.494Z,system,0.2928888888888549
2026-10-08T17:56:27.494Z,system,0.29177777777776
2026-10-08T17:56:42.494Z,system,0.2866666666666585
2026-10-08T17:56:57.494Z,system,0.2842222222222214
2026-10-08T17:57:12.494Z,system,0.29000000000002424
2026-10-08T17:57:27.494Z,system,0.2953333333333325
2026-10-08T17:57:42.494Z,system,0.2917777777777802
2026-10-08T17:57:57.494Z,system,0.29977777777779313
2026-10-08T17:58:12.494Z,system,0.30333333333330503
2026-10-08T17:58:27.494Z,system,0.3128888888889074
2026-10-08T17:58:42.494Z,system,0.31266666666663995
2026-10-08T17:58:57.494Z,system,0.3162222222222327
2026-10-08T17:59:12.494Z,system,0.3131111111110739
2026-10-08T17:59:27.494Z,system,0.3097777777778093
2026-10-08T17:59:42.494Z,system,0.30644444444444363
2026-10-08T17:59:57.494Z,system,0.30688888888893817
2026-10-08T18:00:12.494Z,system,0.31266666666663995
2026-10-08T18:00:27.494Z,system,0.31955555555557813
2026-10-08T18:00:42.494Z,system,0.31733333333330743
2026-10-08T18:00:57.494Z,system,0.311555555555545
2026-10-08T18:01:12.494Z,system,0.30688888888887755
2026-10-08T18:01:27.494Z,system,0.30955555555556197
2026-10-08T18:01:42.494Z,system,0.30600000000000965
2026-10-08T18:01:57.494Z,system,0.30177777777779635
2026-10-08T18:02:12.494Z,system,0.3048888888888743
2026-10-08T18:02:27.494Z,system,0.3071111111111046
2026-10-08T18:02:42.494Z,system,0.3095555555555418
2026-10-08T18:02:57.494Z,system,0.3062222222222569
2026-10-08T18:03:12.494Z,system,0.3086666666666941
2026-10-08T18:03:27.494Z,system,0.3122222222221858
2026-10-08T18:03:42.494Z,system,0.3144444444444363
2026-10-08T18:03:57.494Z,system,0.3153333333333042
2026-10-08T18:04:12.494Z,system,0.3113333333333786
2026-10-08T18:04:27.494Z,system,0.3077777777777858
2026-10-08T18:04:42.494Z,system,0.30688888888889776
2026-10-08T18:04:57.494Z,system,0.30755555555553854
2026-10-08T18:05:12.494Z,system,0.31333333333332114
2026-10-08T18:05:27.494Z,system,0.3086666666666739
2026-10-08T18:05:42.494Z,system,0.3139999999999822
2026-10-08T18:05:57.494Z,system,0.30799999999999267
2026-10-08T18:06:12.494Z,system,0.31177777777779225
2026-10-08T18:06:27.494Z,system,0.30800000000003314
2026-10-08T18:06:42.494Z,system,0.3102222222222432
2026-10-08T18:06:57.494Z,system,0.30733333333329127
2026-10-08T18:07:12.494Z,system,0.3102222222222432
2026-10-08T18:07:27.494Z,system,0.310888888888884
2026-10-08T18:07:42.494Z,system,0.3104444444444905
2026-10-08T18:07:57.494Z,system,0.31266666666666015
2026-10-08T18:08:12.494Z,system,0.32244444444440884
2026-10-08T18:08:27.494Z,system,0.32644444444443554
2026-10-08T18:08:42.494Z,system,0.32844444444439835
2026-10-08T18:08:57.494Z,system,0.3273333333333842
2026-10-08T18:09:12.494Z,system,0.3304444444444016
2026-10-08T18:09:27.494Z,system,0.32711111111113694
2026-10-08T18:09:42.494Z,system,0.3288888888888727
2026-10-08T18:09:57.494Z,system,0.33288888888891954
2026-10-08T18:10:12.494Z,system,0.33488888888888235
2026-10-08T18:10:27.494Z,system,0.3335555555555604
2026-10-08T18:10:42.494Z,system,0.32644444444443554
2026-10-08T18:10:57.494Z,system,0.32333333333329695
2026-10-08T18:11:12.494Z,system,0.3175555555555547
2026-10-08T18:11:27.494Z,system,0.3237777777778117
2026-10-08T18:11:42.494Z,system,0.327333333333364
2026-10-08T18:11:57.494Z,system,0.3295555555555337
2026-10-08T18:12:12.494Z,system,0.3288888888888727
2026-10-08T18:12:27.494Z,system,0.33022222222223513
2026-10-08T18:12:42.494Z,system,0.32333333333333736
2026-10-08T18:12:57.494Z,system,0.3226666666666561
2026-10-08T18:13:12.494Z,system,0.31466666666666343
2026-10-08T18:13:27.494Z,system,0.321555555555541
2026-10-08T18:13:42.494Z,system,0.32333333333335756
2026-10-08T18:13:57.494Z,system,0.33066666666664885
2026-10-08T18:14:12.494Z,system,0.3319999999999709
2026-10-08T18:14:27.494Z,system,0.33666666666663836
2026-10-08T18:14:42.494Z,system,0.32911111111109975
2026-10-08T18:14:57.494Z,system,0.3355555555555838
2026-10-08T18:15:12.494Z,system,0.33177777777780443
2026-10-08T18:15:27.494Z,system,0.3417777777778004
2026-10-08T18:15:42.494Z,system,0.32644444444445575
2026-10-08T18:15:57.494Z,system,0.3371111111110925
2026-10-08T18:16:12.494Z,system,0.3293333333333268
2026-10-08T18:16:27.494Z,system,0.3408888888889123
2026-10-08T18:16:42.494Z,system,0.31933333333331065
2026-10-08T18:16:57.494Z,system,0.31488888888889044
2026-10-08T18:17:12.494Z,system,0.3113333333333179
2026-10-08T18:17:27.494Z,system,0.32155555555558135
2026-10-08T18:17:42.494Z,system,0.32600000000000157
2026-10-08T18:17:57.494Z,system,0.32911111111109975
2026-10-08T18:18:12.494Z,system,0.330444444444442
2026-10-08T18:18:27.494Z,system,0.34399999999999026
2026-10-08T18:18:42.494Z,system,0.3500000000000202
2026-10-08T18:18:57.494Z,system,0.35377777777775915
2026-10-08T18:19:12.494Z,system,0.3482222222222238
2026-10-08T18:19:27.494Z,system,0.3542222222222133
2026-10-08T18:19:42.494Z,system,0.35622222222223676
2026-10-08T18:19:57.494Z,system,0.37488888888890665
2026-10-08T18:20:12.494Z,system,0.37844444444447917
2026-10-08T18:20:27.494Z,system,0.38733333333333975
2026-10-08T18:20:42.494Z,system,0.3720000000000153
2026-10-08T18:20:57.494Z,system,0.36777777777774134
2026-10-08T18:21:12.494Z,system,0.3551111111111014
2026-10-08T18:21:27.494Z,system,0.36577777777775833
2026-10-08T18:21:42.494Z,system,0.37177777777778825
2026-10-08T18:21:57.494Z,system,0.3837777777777672
2026-10-08T18:22:12.494Z,system,0.3808888888888961
2026-10-08T18:22:27.494Z,system,0.38733333333333975
2026-10-08T18:22:42.494Z,system,0.3862222222222246
2026-10-08T18:22:57.494Z,system,0.3944444444444646
2026-10-08T18:23:12.494Z,system,0.394666666666631
2026-10-08T18:23:27.494Z,system,0.4255555555555474
2026-10-08T18:23:42.494Z,system,0.4317777777777438
2026-10-08T18:23:57.494Z,system,0.45933333333335513
2026-10-08T18:24:12.494Z,system,0.4604444444444703
2026-10-08T18:24:27.494Z,system,0.4735555555555846
2026-10-08T18:24:42.494Z,system,0.4615555555555652
2026-10-08T18:24:57.494Z,system,0.4728888888889034
2026-10-08T18:25:12.494Z,system,0.4957777777777664
2026-10-08T18:25:27.494Z,system,0.4997777777777729
2026-10-08T18:25:42.494Z,system,0.48244444444442497
2026-10-08T18:25:57.494Z,system,0.45888888888888074
2026-10-08T18:26:12.494Z,system,0.4560000000000096
2026-10-08T18:26:27.494Z,system,0.45733333333331144
2026-10-08T18:26:42.494Z,system,0.4704444444444258
2026-10-08T18:26:57.494Z,system,0.4733333333333373
2026-10-08T18:27:12.494Z,system,0.4833333333333737
2026-10-08T18:27:27.494Z,system,0.4771111111111571
2026-10-08T18:27:42.494Z,system,0.480666666666669
2026-10-08T18:27:57.494Z,system,0.45933333333329446
2026-10-08T18:28:12.494Z,system,0.47111111111110704
2026-10-08T18:28:27.494Z,system,0.4599999999999757
2026-10-08T18:28:42.494Z,system,0.4542222222222537
2026-10-08T18:28:57.494Z,system,0.4199999999999716
2026-10-08T18:29:12.494Z,system,0.40888888888894137
2026-10-08T18:29:27.494Z,system,0.41866666666666985
2026-10-08T18:29:42.494Z,system,0.4264444444444355
2026-10-08T18:29:57.494Z,system,0.4277777777777373
2026-10-08T18:30:12.494Z,system,0.43933333333330254
2026-10-08T18:30:27.494Z,system,0.4435555555555563
2026-10-08T18:30:42.494Z,system,0.45266666666666416
2026-10-08T18:30:57.494Z,system,0.44644444444444764
2026-10-08T18:31:12.494Z,system,0.44288888888887507
2026-10-08T18:31:27.494Z,system,0.4362222222222246
2026-10-08T18:31:42.494Z,system,0.42911111111111994
2026-10-08T18:31:57.494Z,system,0.4297777777778012
2026-10-08T18:32:12.494Z,system,0.421555555555541
2026-10-08T18:32:27.494Z,system,0.40688888888889774
2026-10-08T18:32:42.494Z,system,0.4051111111111216
2026-10-08T18:32:57.494Z,system,0.4295555555555539
2026-10-08T18:33:12.494Z,system,0.4544444444444201
2026-10-08T18:33:27.494Z,system,0.47311111111111026
2026-10-08T18:33:42.494Z,system,0.459111111111128
2026-10-08T18:33:57.494Z,system,0.45777777777776557
2026-10-08T18:34:12.494Z,system,0.4308888888888961
2026-10-08T18:34:27.494Z,system,0.4375555555555466
2026-10-08T18:34:42.494Z,system,0.4262222222222488
2026-10-08T18:34:57.494Z,system,0.4384444444444549
2026-10-08T18:35:12.494Z,system,0.43311111111110623
2026-10-08T18:35:27.494Z,system,0.4362222222222044
2026-10-08T18:35:42.494Z,system,0.42888888888883225
2026-10-08T18:35:57.494Z,system,0.42755555555557084
2026-10-08T18:36:12.494Z,system,0.4235555555555644
2026-10-08T18:36:27.494Z,system,0.4215555555555612
2026-10-08T18:36:42.494Z,system,0.4166666666666262
2026-10-08T18:36:57.494Z,system,0.4206666666667135
2026-10-08T18:37:12.494Z,system,0.42688888888888965
2026-10-08T18:37:27.494Z,system,0.42244444444444923
2026-10-08T18:37:42.494Z,system,0.4146666666666432
2026-10-08T18:37:57.494Z,system,0.40733333333337207
2026-10-08T18:38:12.494Z,system,0.4148888888889107
2026-10-08T18:38:27.494Z,system,0.4204444444444258
2026-10-08T18:38:42.494Z,system,0.4255555555555272
2026-10-08T18:38:57.494Z,system,0.4239999999999781
2026-10-08T18:39:12.494Z,system,0.4220000000000153
2026-10-08T18:39:27.494Z,system,0.4200000000000323
2026-10-08T18:39:42.494Z,system,0.41511111111113774
2026-10-08T18:39:57.494Z,system,0.42066666666665287
2026-10-08T18:40:12.494Z,system,0.42377777777777126
2026-10-08T18:40:27.494Z,system,0.4286666666667062
2026-10-08T18:40:42.494Z,system,0.4191111111111038
2026-10-08T18:40:57.494Z,system,0.4215555555555612
2026-10-08T18:41:12.494Z,system,0.4193333333332904
2026-10-08T18:41:27.494Z,system,0.42488888888892684
2026-10-08T18:41:42.494Z,system,0.41644444444443957
2026-10-08T18:41:57.494Z,system,0.42400000000001853
2026-10-08T18:42:12.494Z,system,0.42022222222219874
2026-10-08T18:42:27.494Z,system,0.4282222222221915
2026-10-08T18:42:42.494Z,system,0.4262222222222286
2026-10-08T18:42:57.494Z,system,0.4328888888888791
2026-10-08T18:43:12.494Z,system,0.42688888888890986
2026-10-08T18:43:27.494Z,system,0.4233333333332767
2026-10-08T18:43:42.494Z,system,0.41666666666668684
2026-10-08T18:43:57.494Z,system,0.4239999999999983
2026-10-08T18:44:12.494Z,system,0.4271111111111369
2026-10-08T18:44:27.494Z,system,0.4637777777777349
2026-10-08T18:44:42.494Z,system,0.46355555555556843
2026-10-08T18:44:57.494Z,system,0.4544444444444403
2026-10-08T18:45:12.494Z,system,0.42488888888890664
2026-10-08T18:45:27.494Z,system,0.4324444444444452
2026-10-08T18:45:42.494Z,system,0.448888888888905
2026-10-08T18:45:57.494Z,system,0.43977777777779714
2026-10-08T18:46:12.494Z,system,0.4293333333333066
2026-10-08T18:46:27.494Z,system,0.4191111111111038
2026-10-08T18:46:42.494Z,system,0.4326666666666723
2026-10-08T18:46:57.494Z,system,0.4308888888888759
2026-10-08T18:47:12.494Z,system,0.4362222222222246
2026-10-08T18:47:27.494Z,system,0.4342222222222214
2026-10-08T18:47:42.494Z,system,0.4317777777778246
2026-10-08T18:47:57.494Z,system,0.43066666666666903
2026-10-08T18:48:12.494Z,system,0.41511111111111754
2026-10-08T18:48:27.494Z,system,0.4235555555554836
2026-10-08T18:48:42.494Z,system,0.4128888888888872
2026-10-08T18:48:57.494Z,system,0.42755555555553043
2026-10-08T18:49:12.494Z,system,0.41111111111115145
2026-10-08T18:49:27.494Z,system,0.41933333333331063
2026-10-08T18:49:42.494Z,system,0.4131111111111345
2026-10-08T18:49:57.494Z,system,0.422444444444429
2026-10-08T18:50:12.494Z,system,0.42377777777779146
2026-10-08T18:50:27.494Z,system,0.4257777777777543
2026-10-08T18:50:42.494Z,system,0.42644444444447593
2026-10-08T18:50:57.494Z,system,0.42911111111111994
2026-10-08T18:51:12.494Z,system,0.4239999999999983
2026-10-08T18:51:27.494Z,system,0.4239999999999983
2026-10-08T18:51:42.494Z,system,0.41488888888887027
2026-10-08T18:51:57.494Z,system,0.42333333333333734
2026-10-08T18:52:12.494Z,system,0.41866666666666985
2026-10-08T18:52:27.494Z,system,0.4262222222222084
2026-10-08T18:52:42.494Z,system,0.412222222222206
2026-10-08T18:52:57.494Z,system,0.42444444444443225
2026-10-08T18:53:12.494Z,system,0.4184444444444428
2026-10-08T18:53:27.494Z,system,0.4333333333333737
2026-10-08T18:53:42.494Z,system,0.4342222222222416
2026-10-08T18:53:57.494Z,system,0.43222222222225853
2026-10-08T18:54:12.494Z,system,0.42222222222220196
2026-10-08T18:54:27.494Z,system,0.42066666666665287
2026-10-08T18:54:42.494Z,system,0.42333333333331713
2026-10-08T18:54:57.494Z,system,0.4195555555555377
2026-10-08T18:55:12.494Z,system,0.412222222222206
2026-10-08T18:55:27.494Z,system,0.4231111111111507
2026-10-08T18:55:42.494Z,system,0.42755555555555064
2026-10-08T18:55:57.494Z,system,0.43044444444446217
2026-10-08T18:56:12.494Z,system,0.4193333333332702
2026-10-08T18:56:27.494Z,system,0.4271111111111571
2026-10-08T18:56:42.494Z,system,0.42622222222222866
2026-10-08T18:56:57.494Z,system,0.4302222222222755
2026-10-08T18:57:12.494Z,system,0.4275555555555102
2026-10-08T18:57:27.494Z,system,0.4271111111111167
2026-10-08T18:57:42.494Z,system,0.42377777777775105
2026-10-08T18:57:57.494Z,system,0.43822222222222784
2026-10-08T18:58:12.494Z,system,0.4344444444444484
2026-10-08T18:58:27.494Z,system,0.43733333333333974
2026-10-08T18:58:42.494Z,system,0.426666666666703
2026-10-08T18:58:57.494Z,system,0.43355555555551994
2026-10-08T18:59:12.494Z,system,0.4273333333333438
2026-10-08T18:59:27.494Z,system,0.4004444444444137
2026-10-08T18:59:42.494Z,system,0.38822222222222785
2026-10-08T17:07:42.494Z,user,1.04622222222218
2026-10-08T17:07:57.494Z,user,1.0675555555555345
2026-10-08T17:08:12.494Z,user,0.880444444444543
2026-10-08T17:08:27.494Z,user,0.7575555555555586
2026-10-08T17:08:42.494Z,user,0.6897777777777971
2026-10-08T17:08:57.494Z,user,0.6737777777777713
2026-10-08T17:09:12.494Z,user,0.6744444444444525
2026-10-08T17:09:27.494Z,user,0.6646666666667038
2026-10-08T17:09:42.494Z,user,0.6611111111110706
2026-10-08T17:09:57.494Z,user,0.6277777777778182
2026-10-08T17:10:12.494Z,user,0.6497777777777324
2026-10-08T17:10:27.494Z,user,0.6179999999999887
2026-10-08T17:10:42.494Z,user,0.6408888888888921
2026-10-08T17:10:57.494Z,user,0.5886666666666618
2026-10-08T17:11:12.494Z,user,0.6002222222222674
2026-10-08T17:11:27.494Z,user,0.5866666666666585
2026-10-08T17:11:42.494Z,user,0.6068888888888371
2026-10-08T17:11:57.494Z,user,0.5968888888889018
2026-10-08T17:12:12.494Z,user,0.5953333333332718
2026-10-08T17:12:27.494Z,user,0.6273333333333639
2026-10-08T17:12:42.494Z,user,0.657999999999932
2026-10-08T17:12:57.494Z,user,0.6337777777778278
2026-10-08T17:13:12.494Z,user,0.5871111111111127
2026-10-08T17:13:27.494Z,user,0.5624444444445139
2026-10-08T17:13:42.494Z,user,0.5715555555554601
2026-10-08T17:13:57.494Z,user,0.569111111111124
2026-10-08T17:14:12.494Z,user,0.5677777777776807
2026-10-08T17:14:27.494Z,user,0.5548888888889552
2026-10-08T17:14:42.494Z,user,0.568000000000029
2026-10-08T17:14:57.494Z,user,0.54777777777781
2026-10-08T17:15:12.494Z,user,0.5915555555555329
2026-10-08T17:15:27.494Z,user,0.5675555555555345
2026-10-08T17:15:42.494Z,user,0.5922222222222949
2026-10-08T17:15:57.494Z,user,0.5257777777778553
2026-10-08T17:16:12.494Z,user,0.5233333333333171
2026-10-08T17:16:27.494Z,user,0.5233333333333171
2026-10-08T17:16:42.494Z,user,0.5611111111110706
2026-10-08T17:16:57.494Z,user,0.5591111111111482
2026-10-08T17:17:12.494Z,user,0.5495555555555458
2026-10-08T17:17:27.494Z,user,0.5186666666666294
2026-10-08T17:17:42.494Z,user,0.5444444444443636
2026-10-08T17:17:57.494Z,user,0.596222222222261
2026-10-08T17:18:12.494Z,user,0.6644444444444767
2026-10-08T17:18:27.494Z,user,0.707111111111145
2026-10-08T17:18:42.494Z,user,0.7113045022643507
2026-10-08T17:18:57.494Z,user,0.7097777777777486
2026-10-08T17:19:12.494Z,user,0.6988888888889454
2026-10-08T17:19:27.494Z,user,0.7062461073049608
2026-10-08T17:19:42.494Z,user,0.7020000000000436
2026-10-08T17:19:57.494Z,user,0.7279999999999643
2026-10-08T17:20:12.494Z,user,0.7406666666667054
2026-10-08T17:20:27.494Z,user,0.7295555555555538
2026-10-08T17:20:42.494Z,user,0.7226666666666763
2026-10-08T17:20:57.494Z,user,0.7108888888888839
2026-10-08T17:21:12.494Z,user,0.7175555555555748
2026-10-08T17:21:27.494Z,user,0.7066666666666505
2026-10-08T17:21:42.494Z,user,0.68355555555552
2026-10-08T17:21:57.494Z,user,0.6917777777778004
2026-10-08T17:22:12.494Z,user,0.674888888888947
2026-10-08T17:22:27.494Z,user,0.7062222222222367
2026-10-08T17:22:42.494Z,user,0.7146666666665421
2026-10-08T17:22:57.494Z,user,0.7139999999999417
2026-10-08T17:23:12.494Z,user,0.6993333333333187
2026-10-08T17:23:27.494Z,user,0.6791111111111806
2026-10-08T17:23:42.494Z,user,0.6960000000000339
2026-10-08T17:23:57.494Z,user,0.6766666666666423
2026-10-08T17:24:12.494Z,user,0.6815555555555167
2026-10-08T17:24:27.494Z,user,0.6715555555555005
2026-10-08T17:24:42.494Z,user,0.6768888888889099
2026-10-08T17:24:57.494Z,user,0.6657777777777583
2026-10-08T17:25:12.494Z,user,0.6711111111110868
2026-10-08T17:25:27.494Z,user,0.6811111111111434
2026-10-08T17:25:42.494Z,user,0.6624444444445139
2026-10-08T17:25:57.494Z,user,0.6335555555556007
2026-10-08T17:26:12.494Z,user,0.6179999999999886
2026-10-08T17:26:27.494Z,user,0.6191111111111239
2026-10-08T17:26:42.494Z,user,0.6486666666666779
2026-10-08T17:26:57.494Z,user,0.6679999999999886
2026-10-08T17:27:12.494Z,user,0.6653333333333041
2026-10-08T17:27:27.494Z,user,0.6824444444444654
2026-10-08T17:27:42.494Z,user,0.6404444444444783
2026-10-08T17:27:57.494Z,user,0.6773333333332832
2026-10-08T17:28:12.494Z,user,0.6451111111110448
2026-10-08T17:28:27.494Z,user,0.6322222222221979
2026-10-08T17:28:42.494Z,user,0.8077777777778262
2026-10-08T17:28:57.494Z,user,0.9026666666666844
2026-10-08T17:29:12.494Z,user,0.913999999999982
2026-10-08T17:29:27.494Z,user,0.7157777777777987
2026-10-08T17:29:42.494Z,user,0.5944444444444443
2026-10-08T17:29:57.494Z,user,0.6037777777777389
2026-10-08T17:30:12.494Z,user,0.6055555555554747
2026-10-08T17:30:27.494Z,user,0.6295555555555943
2026-10-08T17:30:42.494Z,user,0.6362222222222852
2026-10-08T17:30:57.494Z,user,0.6228888888889438
2026-10-08T17:31:12.494Z,user,0.6271111111111369
2026-10-08T17:31:27.494Z,user,0.6022222222221898
2026-10-08T17:31:42.494Z,user,0.58133333333333
2026-10-08T17:31:57.494Z,user,0.5662222222221316
2026-10-08T17:32:12.494Z,user,0.5673333333333478
2026-10-08T17:32:27.494Z,user,0.6015555555555085
2026-10-08T17:32:42.494Z,user,0.6020000000000436
2026-10-08T17:32:57.494Z,user,0.5971111111110884
2026-10-08T17:33:12.494Z,user,0.5695555555555781
2026-10-08T17:33:27.494Z,user,0.5695555555555377
2026-10-08T17:33:42.494Z,user,0.5706666666667135
2026-10-08T17:33:57.494Z,user,0.5828888888889195
2026-10-08T17:34:12.494Z,user,0.5740000000000387
2026-10-08T17:34:27.494Z,user,0.5706666666665923
2026-10-08T17:34:42.494Z,user,0.5737777777777309
2026-10-08T17:34:57.494Z,user,0.5577777777777454
2026-10-08T17:35:12.494Z,user,0.5913333333333461
2026-10-08T17:35:27.494Z,user,0.5662222222223336
2026-10-08T17:35:42.494Z,user,0.5962222222222205
2026-10-08T17:35:57.494Z,user,0.565111111111158
2026-10-08T17:36:12.494Z,user,0.5904444444443975
2026-10-08T17:36:27.494Z,user,0.5682222222222157
2026-10-08T17:36:42.494Z,user,0.5664444444444395
2026-10-08T17:36:57.494Z,user,0.5500000000000403
2026-10-08T17:37:12.494Z,user,0.5584444444444265
2026-10-08T17:37:27.494Z,user,0.5755555555555878
2026-10-08T17:37:42.494Z,user,0.566222222222172
2026-10-08T17:37:57.494Z,user,0.5735555555555846
2026-10-08T17:38:12.494Z,user,0.6075555555555587
2026-10-08T17:38:27.494Z,user,0.6437777777777631
2026-10-08T17:38:42.494Z,user,0.6737777777777713
2026-10-08T17:38:57.494Z,user,0.7004444444444541
2026-10-08T17:39:12.494Z,user,0.6946666666666714
2026-10-08T17:39:27.494Z,user,0.6651111111111175
2026-10-08T17:39:42.494Z,user,0.6259999999999611
2026-10-08T17:39:57.494Z,user,0.6128888888888467
2026-10-08T17:40:12.494Z,user,0.6437777777778035
2026-10-08T17:40:27.494Z,user,0.6326666666666925
2026-10-08T17:40:42.494Z,user,0.6468888888889017
2026-10-08T17:40:57.494Z,user,0.6231111111111709
2026-10-08T17:41:12.494Z,user,0.618888888888816
2026-10-08T17:41:27.494Z,user,0.6313333333334109
2026-10-08T17:41:42.494Z,user,0.636444444444391
2026-10-08T17:41:57.494Z,user,0.6460000000001551
2026-10-08T17:42:12.494Z,user,0.6315555555554763
2026-10-08T17:42:27.494Z,user,0.6399999999999434
2026-10-08T17:42:42.494Z,user,0.6502222222221057
2026-10-08T17:42:57.494Z,user,0.6477777777777696
2026-10-08T17:43:12.494Z,user,0.6335555555556007
2026-10-08T17:43:27.494Z,user,0.6317777777777842
2026-10-08T17:43:42.494Z,user,0.6237777777777712
2026-10-08T17:43:57.494Z,user,0.6322222222222383
2026-10-08T17:44:12.494Z,user,0.619333333333351
2026-10-08T17:44:27.494Z,user,0.6362222222222852
2026-10-08T17:44:42.494Z,user,0.642222222222214
2026-10-08T17:44:57.494Z,user,0.6411111111109978
2026-10-08T17:45:12.494Z,user,0.6368888888888452
2026-10-08T17:45:27.494Z,user,0.612444444444433
2026-10-08T17:45:42.494Z,user,0.6260000000000824
2026-10-08T17:45:57.494Z,user,0.619555555555659
2026-10-08T17:46:12.494Z,user,0.6411111111111192
2026-10-08T17:46:27.494Z,user,0.6277777777777777
2026-10-08T17:46:42.494Z,user,0.621777777777768
2026-10-08T17:46:57.494Z,user,0.6253333333333203
2026-10-08T17:47:12.494Z,user,0.620666666666673
2026-10-08T17:47:27.494Z,user,0.6484444444444104
2026-10-08T17:47:42.494Z,user,0.648666666666597
2026-10-08T17:47:57.494Z,user,0.6482222222221833
2026-10-08T17:48:12.494Z,user,0.6697777777777647
2026-10-08T17:48:27.494Z,user,0.6751111111111741
2026-10-08T17:48:42.494Z,user,0.6813333333334108
2026-10-08T17:48:57.494Z,user,0.6768888888889099
2026-10-08T17:49:12.494Z,user,0.6619999999999789
2026-10-08T17:49:27.494Z,user,0.7015555555554682
2026-10-08T17:49:42.494Z,user,0.6751111111110932
2026-10-08T17:49:57.494Z,user,0.6877777777778343
2026-10-08T17:50:12.494Z,user,0.6860000000000177
2026-10-08T17:50:27.494Z,user,0.7113333333333381
2026-10-08T17:50:42.494Z,user,0.7084444444444266
2026-10-08T17:50:57.494Z,user,0.6962222222222609
2026-10-08T17:51:12.494Z,user,0.6815555555555167
2026-10-08T17:51:27.494Z,user,0.6857777777777906
2026-10-08T17:51:42.494Z,user,0.6660000000000258
2026-10-08T17:51:57.494Z,user,0.6673333333334286
2026-10-08T17:52:12.494Z,user,0.6637335288757897
2026-10-08T17:52:27.494Z,user,0.6902222222221704
2026-10-08T17:52:42.494Z,user,0.6726666666665955
2026-10-08T17:52:57.494Z,user,0.6922683734471915
2026-10-08T17:53:12.494Z,user,0.6824444444444654
2026-10-08T17:53:27.494Z,user,0.6971111111111288
2026-10-08T17:53:42.494Z,user,0.674222222222185
2026-10-08T17:53:57.494Z,user,0.682666666666652
2026-10-08T17:54:12.494Z,user,0.6699999999999514
2026-10-08T17:54:27.494Z,user,0.6753333333333204
2026-10-08T17:54:42.494Z,user,0.6542222222222335
2026-10-08T17:54:57.494Z,user,0.6626666666667409
2026-10-08T17:55:12.494Z,user,0.6966666666667555
2026-10-08T17:55:27.494Z,user,0.7148888888889713
2026-10-08T17:55:42.494Z,user,0.7037777777776985
2026-10-08T17:55:57.494Z,user,0.6733333333332362
2026-10-08T17:56:12.494Z,user,0.6779999999999239
2026-10-08T17:56:27.494Z,user,0.6904444444444379
2026-10-08T17:56:42.494Z,user,0.6795555555555943
2026-10-08T17:56:57.494Z,user,0.6646666666666229
2026-10-08T17:57:12.494Z,user,0.6815555555555571
2026-10-08T17:57:27.494Z,user,0.7
2026-10-08T17:57:42.494Z,user,0.6811111111111434
2026-10-08T17:57:57.494Z,user,0.7006666666667216
2026-10-08T17:58:12.494Z,user,0.713555555555528
2026-10-08T17:58:27.494Z,user,0.7559999999999691
2026-10-08T17:58:42.494Z,user,0.7482222222221834
2026-10-08T17:58:57.494Z,user,0.759777777777789
2026-10-08T17:59:12.494Z,user,0.7528888888889115
2026-10-08T17:59:27.494Z,user,0.7406666666667459
2026-10-08T17:59:42.494Z,user,0.7268888888888694
2026-10-08T17:59:57.494Z,user,0.7106666666666973
2026-10-08T18:00:12.494Z,user,0.7533333333332444
2026-10-08T18:00:27.494Z,user,0.7619999999999789
2026-10-08T18:00:42.494Z,user,0.786222222222164
2026-10-08T18:00:57.494Z,user,0.7460000000000743
2026-10-08T18:01:12.494Z,user,0.7344444444445091
2026-10-08T18:01:27.494Z,user,0.7508888888889891
2026-10-08T18:01:42.494Z,user,0.743111111111082
2026-10-08T18:01:57.494Z,user,0.7402222222222108
2026-10-08T18:02:12.494Z,user,0.7224444444443684
2026-10-08T18:02:27.494Z,user,0.7308888888888758
2026-10-08T18:02:42.494Z,user,0.7435555555555765
2026-10-08T18:02:57.494Z,user,0.7362222222222448
2026-10-08T18:03:12.494Z,user,0.7426666666666681
2026-10-08T18:03:27.494Z,user,0.7286666666666456
2026-10-08T18:03:42.494Z,user,0.7335555555555603
2026-10-08T18:03:57.494Z,user,0.7431111111111224
2026-10-08T18:04:12.494Z,user,0.7466666666665939
2026-10-08T18:04:27.494Z,user,0.732666666666652
2026-10-08T18:04:42.494Z,user,0.7239999999999175
2026-10-08T18:04:57.494Z,user,0.7140000000000225
2026-10-08T18:05:12.494Z,user,0.7402222222222512
2026-10-08T18:05:27.494Z,user,0.7224444444444896
2026-10-08T18:05:42.494Z,user,0.7555555555556364
2026-10-08T18:05:57.494Z,user,0.7293333333333267
2026-10-08T18:06:12.494Z,user,0.7506666666666811
2026-10-08T18:06:27.494Z,user,0.728888888888913
2026-10-08T18:06:42.494Z,user,0.7444444444444039
2026-10-08T18:06:57.494Z,user,0.7182222222221752
2026-10-08T18:07:12.494Z,user,0.7359999999999368
2026-10-08T18:07:27.494Z,user,0.7488888888889857
2026-10-08T18:07:42.494Z,user,0.754666666666728
2026-10-08T18:07:57.494Z,user,0.7704444444444459
2026-10-08T18:08:12.494Z,user,0.778222222222151
2026-10-08T18:08:27.494Z,user,0.7971111111111289
2026-10-08T18:08:42.494Z,user,0.8033333333333655
2026-10-08T18:08:57.494Z,user,0.8020000000000032
2026-10-08T18:09:12.494Z,user,0.8055555555555151
2026-10-08T18:09:27.494Z,user,0.7939999999999497
2026-10-08T18:09:42.494Z,user,0.7853333333333364
2026-10-08T18:09:57.494Z,user,0.7793333333333672
2026-10-08T18:10:12.494Z,user,0.7973333333333155
2026-10-08T18:10:27.494Z,user,0.8162222222222932
2026-10-08T18:10:42.494Z,user,0.8271111111111369
2026-10-08T18:10:57.494Z,user,0.7982222222222237
2026-10-08T18:11:12.494Z,user,0.7819999999999708
2026-10-08T18:11:27.494Z,user,0.7873333333332992
2026-10-08T18:11:42.494Z,user,0.79777777777781
2026-10-08T18:11:57.494Z,user,0.785111111111069
2026-10-08T18:12:12.494Z,user,0.7931111111111223
2026-10-08T18:12:27.494Z,user,0.7875555555555264
2026-10-08T18:12:42.494Z,user,0.7788888888889131
2026-10-08T18:12:57.494Z,user,0.7808888888888759
2026-10-08T18:13:12.494Z,user,0.769111111111124
2026-10-08T18:13:27.494Z,user,0.7764444444443748
2026-10-08T18:13:42.494Z,user,0.7788888888888322
2026-10-08T18:13:57.494Z,user,0.788222222222248
2026-10-08T18:14:12.494Z,user,0.795111111111166
2026-10-08T18:14:27.494Z,user,0.8215555555555814
2026-10-08T18:14:42.494Z,user,0.8055555555555151
2026-10-08T18:14:57.494Z,user,0.8633333333333413
2026-10-08T18:15:12.494Z,user,0.8386666666666617
2026-10-08T18:15:27.494Z,user,0.8522222222222706
2026-10-08T18:15:42.494Z,user,0.7775555555555506
2026-10-08T18:15:57.494Z,user,0.8175555555555749
2026-10-08T18:16:12.494Z,user,0.8020000000000436
2026-10-08T18:16:27.494Z,user,0.82311111111109
2026-10-08T18:16:42.494Z,user,0.7793333333333268
2026-10-08T18:16:57.494Z,user,0.7671111111110399
2026-10-08T18:17:12.494Z,user,0.7682222222222157
2026-10-08T18:17:27.494Z,user,0.7520000000000031
2026-10-08T18:17:42.494Z,user,0.7668888888888936
2026-10-08T18:17:57.494Z,user,0.7984444444444508
2026-10-08T18:18:12.494Z,user,0.8153333333333446
2026-10-08T18:18:27.494Z,user,0.8655555555555716
2026-10-08T18:18:42.494Z,user,0.8686666666666294
2026-10-08T18:18:57.494Z,user,0.863555555555528
2026-10-08T18:19:12.494Z,user,0.8360000000000176
2026-10-08T18:19:27.494Z,user,0.8391111111111563
2026-10-08T18:19:42.494Z,user,0.8440000000000306
2026-10-08T18:19:57.494Z,user,0.8888888888888887
2026-10-08T18:20:12.494Z,user,0.959333333333254
2026-10-08T18:20:27.494Z,user,1.000444444444454
2026-10-08T18:20:42.494Z,user,0.9775555555555102
2026-10-08T18:20:57.494Z,user,0.9100000000000161
2026-10-08T18:21:12.494Z,user,0.8788888888888726
2026-10-08T18:21:27.494Z,user,0.9131111111111142
2026-10-08T18:21:42.494Z,user,0.9171111111111612
2026-10-08T18:21:57.494Z,user,0.9464444444444475
2026-10-08T18:22:12.494Z,user,0.9091111111111482
2026-10-08T18:22:27.494Z,user,0.9591111111111078
2026-10-08T18:22:42.494Z,user,0.9737777777777712
2026-10-08T18:22:57.494Z,user,1.0559999999999692
2026-10-08T18:23:12.494Z,user,1.0508888888888273
2026-10-08T18:23:27.494Z,user,1.142666666666668
2026-10-08T18:23:42.494Z,user,1.1228888888888628
2026-10-08T18:23:57.494Z,user,1.1911111111111594
2026-10-08T18:24:12.494Z,user,1.1562222222221559
2026-10-08T18:24:27.494Z,user,1.2082222222221994
2026-10-08T18:24:42.494Z,user,1.1653333333333444
2026-10-08T18:24:57.494Z,user,1.2288888888889131
2026-10-08T18:25:12.494Z,user,1.2882222222222075
2026-10-08T18:25:27.494Z,user,1.3762222222222689
2026-10-08T18:25:42.494Z,user,1.362888888888968
2026-10-08T18:25:57.494Z,user,1.355111111111182
2026-10-08T18:26:12.494Z,user,1.3006666666666407
2026-10-08T18:26:27.494Z,user,1.3059999999999286
2026-10-08T18:26:42.494Z,user,1.342444444444441
2026-10-08T18:26:57.494Z,user,1.34399999999999
2026-10-08T18:27:12.494Z,user,1.3604444444445105
2026-10-08T18:27:27.494Z,user,1.3284444444444587
2026-10-08T18:27:42.494Z,user,1.4439999999999902
2026-10-08T18:27:57.494Z,user,1.4108888888888838
2026-10-08T18:28:12.494Z,user,1.3748888888889066
2026-10-08T18:28:27.494Z,user,1.2788888888888725
2026-10-08T18:28:42.494Z,user,1.2171111111110802
2026-10-08T18:28:57.494Z,user,1.1795555555555537
2026-10-08T18:29:12.494Z,user,1.1444444444444848
2026-10-08T18:29:27.494Z,user,1.189333333333343
2026-10-08T18:29:42.494Z,user,1.1906666666666246
2026-10-08T18:29:57.494Z,user,1.1786666666666454
2026-10-08T18:30:12.494Z,user,1.2482222222221833
2026-10-08T18:30:27.494Z,user,1.2771111111111773
2026-10-08T18:30:42.494Z,user,1.3040000000000467
2026-10-08T18:30:57.494Z,user,1.2102222222222432
2026-10-08T18:31:12.494Z,user,1.2068888888887965
2026-10-08T18:31:27.494Z,user,1.236222222222164
2026-10-08T18:31:42.494Z,user,1.326222222222188
2026-10-08T18:31:57.494Z,user,1.3800000000000079
2026-10-08T18:32:12.494Z,user,1.3373333333333397
2026-10-08T18:32:27.494Z,user,1.2535555555555926
2026-10-08T18:32:42.494Z,user,1.2
2026-10-08T18:32:57.494Z,user,1.2217777777777679
2026-10-08T18:33:12.494Z,user,1.2388888888888887
2026-10-08T18:33:27.494Z,user,1.275111111111093
2026-10-08T18:33:42.494Z,user,1.2577777777777452
2026-10-08T18:33:57.494Z,user,1.2344444444444684
2026-10-08T18:34:12.494Z,user,1.1566666666666907
2026-10-08T18:34:27.494Z,user,1.1720000000000355
2026-10-08T18:34:42.494Z,user,1.1439999999999901
2026-10-08T18:34:57.494Z,user,1.1486666666666374
2026-10-08T18:35:12.494Z,user,1.135111111111069
2026-10-08T18:35:27.494Z,user,1.1568888888888775
2026-10-08T18:35:42.494Z,user,1.16422222222229
2026-10-08T18:35:57.494Z,user,1.1344444444445494
2026-10-08T18:36:12.494Z,user,1.1482222222221428
2026-10-08T18:36:27.494Z,user,1.115111111111077
2026-10-08T18:36:42.494Z,user,1.122888888888782
2026-10-08T18:36:57.494Z,user,1.1024444444445785
2026-10-08T18:37:12.494Z,user,1.153333333333325
2026-10-08T18:37:27.494Z,user,1.1080000000000532
2026-10-08T18:37:42.494Z,user,1.0971111111110479
2026-10-08T18:37:57.494Z,user,1.0626666666667006
2026-10-08T18:38:12.494Z,user,1.1117777777778326
2026-10-08T18:38:27.494Z,user,1.1326666666667329
2026-10-08T18:38:42.494Z,user,1.1562222222222367
2026-10-08T18:38:57.494Z,user,1.1457777777776854
2026-10-08T18:39:12.494Z,user,1.128222222222151
2026-10-08T18:39:27.494Z,user,1.128222222222151
2026-10-08T18:39:42.494Z,user,1.0962222222222204
2026-10-08T18:39:57.494Z,user,1.112444444444433
2026-10-08T18:40:12.494Z,user,1.1262222222223095
2026-10-08T18:40:27.494Z,user,1.1673333333333074
2026-10-08T18:40:42.494Z,user,1.1497777777777727
2026-10-08T18:40:57.494Z,user,1.1439999999999497
2026-10-08T18:41:12.494Z,user,1.1202222222222997
2026-10-08T18:41:27.494Z,user,1.1475555555556234
2026-10-08T18:41:42.494Z,user,1.1053333333333284
2026-10-08T18:41:57.494Z,user,1.1477777777777696
2026-10-08T18:42:12.494Z,user,1.094888888888858
2026-10-08T18:42:27.494Z,user,1.1322222222221574
2026-10-08T18:42:42.494Z,user,1.1115555555554844
2026-10-08T18:42:57.494Z,user,1.1373333333333395
2026-10-08T18:43:12.494Z,user,1.124888888888947
2026-10-08T18:43:27.494Z,user,1.1171111111111611
2026-10-08T18:43:42.494Z,user,1.1199999999999917
2026-10-08T18:43:57.494Z,user,1.1388888888889293
2026-10-08T18:44:12.494Z,user,1.1551111111111416
2026-10-08T18:44:27.494Z,user,1.1862222222222043
2026-10-08T18:44:42.494Z,user,1.1988888888889049
2026-10-08T18:44:57.494Z,user,1.1846666666666552
2026-10-08T18:45:12.494Z,user,1.2717777777778083
2026-10-08T18:45:27.494Z,user,1.3128888888888468
2026-10-08T18:45:42.494Z,user,1.3426666666666276
2026-10-08T18:45:57.494Z,user,1.2231111111111304
2026-10-08T18:46:12.494Z,user,1.1573333333333315
2026-10-08T18:46:27.494Z,user,1.1146666666667038
2026-10-08T18:46:42.494Z,user,1.174666666666639
2026-10-08T18:46:57.494Z,user,1.1348888888888418
2026-10-08T18:47:12.494Z,user,1.1528888888889115
2026-10-08T18:47:27.494Z,user,1.1031111111110576
2026-10-08T18:47:42.494Z,user,1.129333333333367
2026-10-08T18:47:57.494Z,user,1.1375555555555263
2026-10-08T18:48:12.494Z,user,1.0931111111111627
2026-10-08T18:48:27.494Z,user,1.1024444444444572
2026-10-08T18:48:42.494Z,user,1.0671111111111207
2026-10-08T18:48:57.494Z,user,1.1159999999999854
2026-10-08T18:49:12.494Z,user,1.0648888888888903
2026-10-08T18:49:27.494Z,user,1.0928888888888952
2026-10-08T18:49:42.494Z,user,1.0915555555555327
2026-10-08T18:49:57.494Z,user,1.1280000000000048
2026-10-08T18:50:12.494Z,user,1.1462222222221397
2026-10-08T18:50:27.494Z,user,1.1264444444444153
2026-10-08T18:50:42.494Z,user,1.1471111111111287
2026-10-08T18:50:57.494Z,user,1.1060000000000905
2026-10-08T18:51:12.494Z,user,1.104888888888955
2026-10-08T18:51:27.494Z,user,1.0797777777778212
2026-10-08T18:51:42.494Z,user,1.0777777777777777
2026-10-08T18:51:57.494Z,user,1.1048888888888742
2026-10-08T18:52:12.494Z,user,1.0991111111110512
2026-10-08T18:52:27.494Z,user,1.1224444444444088
2026-10-08T18:52:42.494Z,user,1.1008888888889485
2026-10-08T18:52:57.494Z,user,1.1211111111111272
2026-10-08T18:53:12.494Z,user,1.0942222222222577
2026-10-08T18:53:27.494Z,user,1.117555555555494
2026-10-08T18:53:42.494Z,user,1.1353333333333364
2026-10-08T18:53:57.494Z,user,1.1531111111111385
2026-10-08T18:54:12.494Z,user,1.127111111111137
2026-10-08T18:54:27.494Z,user,1.1288888888888726
2026-10-08T18:54:42.494Z,user,1.1428888888888549
2026-10-08T18:54:57.494Z,user,1.1497777777777727
2026-10-08T18:55:12.494Z,user,1.150222222222227
2026-10-08T18:55:27.494Z,user,1.1739999999999982
2026-10-08T18:55:42.494Z,user,1.1731111111111303
2026-10-08T18:55:57.494Z,user,1.1753333333333202
2026-10-08T18:56:12.494Z,user,1.145999999999953
2026-10-08T18:56:27.494Z,user,1.1717777777777276
2026-10-08T18:56:42.494Z,user,1.1722222222221412
2026-10-08T18:56:57.494Z,user,1.1853333333333769
2026-10-08T18:57:12.494Z,user,1.1982222222222236
2026-10-08T18:57:27.494Z,user,1.1804444444445026
2026-10-08T18:57:42.494Z,user,1.2002222222222674
2026-10-08T18:57:57.494Z,user,1.221111111111208
2026-10-08T18:58:12.494Z,user,1.2146666666667036
2026-10-08T18:58:27.494Z,user,1.2133333333333007
2026-10-08T18:58:42.494Z,user,1.1844444444443878
2026-10-08T18:58:57.494Z,user,1.2562222222221961
2026-10-08T18:59:12.494Z,user,1.2177777777777614
2026-10-08T18:59:27.494Z,user,1.1248888888888258
2026-10-08T18:59:42.494Z,user,1.015111111111077
