timestamp_utc,mode,value
2026-10-08T05:47:36.270Z,idle,6.117777777773638
2026-10-08T05:47:51.270Z,idle,6.218222222218496
2026-10-08T05:48:06.270Z,idle,6.45866666667215
2026-10-08T05:48:21.270Z,idle,6.62888888889251
2026-10-08T05:48:36.270Z,idle,6.739333333333747
2026-10-08T05:48:51.270Z,idle,6.714888888889819
2026-10-08T05:49:06.270Z,idle,6.787111111109454
2026-10-08T05:49:21.270Z,idle,6.750222222225015
2026-10-08T05:49:36.270Z,idle,6.747555555550691
2026-10-08T05:49:51.270Z,idle,6.759333333334264
2026-10-08T05:50:06.270Z,idle,6.7751111111112134
2026-10-08T05:50:21.270Z,idle,6.8140000000026895
2026-10-08T05:50:36.270Z,idle,6.781333333334057
2026-10-08T05:50:51.270Z,idle,6.785333333337782
2026-10-08T05:51:06.270Z,idle,6.780222222221911
2026-10-08T05:51:21.270Z,idle,6.781555555556486
2026-10-08T05:51:36.270Z,idle,6.789999999993273
2026-10-08T05:51:51.270Z,idle,6.818888888890958
2026-10-08T05:52:06.270Z,idle,6.828444444442478
2026-10-08T05:52:21.270Z,idle,6.854888888890854
2026-10-08T05:52:36.270Z,idle,6.802444444444133
2026-10-08T05:52:51.270Z,idle,6.838444444446616
2026-10-08T05:53:06.270Z,idle,6.841999999997722
2026-10-08T05:53:21.270Z,idle,6.879111111104591
2026-10-08T05:53:36.270Z,idle,6.904444444443409
2026-10-08T05:53:51.270Z,idle,6.857999999999689
2026-10-08T05:54:06.270Z,idle,6.846222222229051
2026-10-08T05:54:21.270Z,idle,6.798666666665424
2026-10-08T05:54:36.270Z,idle,6.8277777777777775
2026-10-08T05:54:51.270Z,idle,6.884666666660147
2026-10-08T05:55:06.270Z,idle,6.840222222220876
2026-10-08T05:55:21.270Z,idle,6.820222222220359
2026-10-08T05:55:36.270Z,idle,6.84177777777788
2026-10-08T05:55:51.270Z,idle,6.8891111111139045
2026-10-08T05:56:06.270Z,idle,6.944444444449617
2026-10-08T05:56:21.270Z,idle,6.891333333335609
2026-10-08T05:56:36.270Z,idle,6.8868888888896125
2026-10-08T05:56:51.270Z,idle,6.890444444443306
2026-10-08T05:57:06.270Z,idle,6.918888888890958
2026-10-08T05:57:21.270Z,idle,6.877555555552761
2026-10-08T05:57:36.270Z,idle,6.879111111109765
2026-10-08T05:57:51.270Z,idle,6.734666666662734
2026-10-08T05:58:06.270Z,idle,6.72000000000569
2026-10-08T05:58:21.270Z,idle,6.584888888890337
2026-10-08T05:58:36.270Z,idle,6.561555555558556
2026-10-08T05:58:51.270Z,idle,6.536444444442167
2026-10-08T05:59:06.270Z,idle,6.508302992630153
2026-10-08T05:59:21.270Z,idle,6.576666666663044
2026-10-08T05:59:36.270Z,idle,6.571111111110076
2026-10-08T05:59:51.270Z,idle,6.553296556630252
2026-10-08T06:00:06.270Z,idle,6.5144444444501355
2026-10-08T06:00:21.270Z,idle,6.495111111109144
2026-10-08T06:00:36.270Z,idle,6.55755555555483
2026-10-08T06:00:51.270Z,idle,6.534666666667908
2026-10-08T06:01:06.270Z,idle,6.554666666665838
2026-10-08T06:01:21.270Z,idle,6.562666666668115
2026-10-08T06:01:36.270Z,idle,6.569111111108213
2026-10-08T06:01:51.270Z,idle,6.54111111111318
2026-10-08T06:02:06.270Z,idle,6.5026666666665625
2026-10-08T06:02:21.270Z,idle,6.549555555557728
2026-10-08T06:02:36.270Z,idle,6.585555555557624
2026-10-08T06:02:51.270Z,idle,6.552888888886405
2026-10-08T06:03:06.270Z,idle,6.566888888889095
2026-10-08T06:03:21.270Z,idle,6.535777777777467
2026-10-08T06:03:36.270Z,idle,6.614666666672564
2026-10-08T06:03:51.270Z,idle,6.63044444444434
2026-10-08T06:04:06.270Z,idle,6.68999999999586
2026-10-08T06:04:21.270Z,idle,6.606666666662527
2026-10-08T06:04:36.270Z,idle,6.583999999995446
2026-10-08T06:04:51.270Z,idle,6.560222222226567
2026-10-08T06:05:06.270Z,idle,6.605111111110697
2026-10-08T06:05:21.270Z,idle,6.662444444448273
2026-10-08T06:05:36.270Z,idle,6.6357777777774665
2026-10-08T06:05:51.270Z,idle,6.620444444445375
2026-10-08T06:06:06.270Z,idle,6.618222222221084
2026-10-08T06:06:21.270Z,idle,6.610666666663665
2026-10-08T06:06:36.270Z,idle,6.647777777778295
2026-10-08T06:06:51.270Z,idle,6.547333333333436
2026-10-08T06:07:06.270Z,idle,6.620444444447962
2026-10-08T06:07:21.270Z,idle,6.6291111111149394
2026-10-08T06:07:36.270Z,idle,6.6695555555582455
2026-10-08T06:07:51.270Z,idle,6.6635555555500705
2026-10-08T06:08:06.270Z,idle,6.673999999999068
2026-10-08T06:08:21.270Z,idle,6.768888888883197
2026-10-08T06:08:36.270Z,idle,6.7375555555569
2026-10-08T06:08:51.270Z,idle,6.742444444442581
2026-10-08T06:09:06.270Z,idle,6.737555555559487
2026-10-08T06:09:21.270Z,idle,6.80333333333385
2026-10-08T06:09:36.270Z,idle,6.8315555555539
2026-10-08T06:09:51.270Z,idle,6.7768888888880605
2026-10-08T06:10:06.270Z,idle,6.70866666667215
2026-10-08T06:10:21.270Z,idle,6.740444444440718
2026-10-08T06:10:36.270Z,idle,6.762444444445685
2026-10-08T06:10:51.270Z,idle,6.772666666661905
2026-10-08T06:11:06.270Z,idle,6.776444444448376
2026-10-08T06:11:21.270Z,idle,6.781111111109041
2026-10-08T06:11:36.270Z,idle,6.80755555555483
2026-10-08T06:11:51.270Z,idle,6.770444444445375
2026-10-08T06:12:06.270Z,idle,6.784444444445478
2026-10-08T06:12:21.270Z,idle,6.7831111111109035
2026-10-08T06:12:36.270Z,idle,6.792444444442581
2026-10-08T06:12:51.270Z,idle,6.813555555557832
2026-10-08T06:13:06.270Z,idle,6.806435126548362
2026-10-08T06:13:21.270Z,idle,6.807111111115146
2026-10-08T06:13:36.270Z,idle,6.78488888888775
2026-10-08T06:13:51.270Z,idle,6.845345245238986
2026-10-08T06:14:06.270Z,idle,6.74977777777757
2026-10-08T06:14:21.270Z,idle,6.749333333330124
2026-10-08T06:14:36.270Z,idle,6.726888888888061
2026-10-08T06:14:51.270Z,idle,6.826444444443202
2026-10-08T06:15:06.270Z,idle,6.813555555560418
2026-10-08T06:15:21.270Z,idle,6.841555555558038
2026-10-08T06:15:36.270Z,idle,6.7700000000005165
2026-10-08T06:15:51.270Z,idle,6.806888888884956
2026-10-08T06:16:06.270Z,idle,6.737111111106867
2026-10-08T06:16:21.270Z,idle,6.801777777774259
2026-10-08T06:16:36.270Z,idle,6.895999999998861
2026-10-08T06:16:51.270Z,idle,6.8375555555569
2026-10-08T06:17:06.270Z,idle,6.853111111114007
2026-10-08T06:17:21.270Z,idle,6.669333333335816
2026-10-08T06:17:36.270Z,idle,6.806444444442684
2026-10-08T06:17:51.270Z,idle,6.6731111111093515
2026-10-08T06:18:06.270Z,idle,6.710888888891268
2026-10-08T06:18:21.270Z,idle,6.620444444450549
2026-10-08T06:18:36.270Z,idle,6.679777777779639
2026-10-08T06:18:51.270Z,idle,6.625555555556073
2026-10-08T06:19:06.270Z,idle,6.602888888888992
2026-10-08T06:19:21.270Z,idle,6.581999999998757
2026-10-08T06:19:36.270Z,idle,6.670666666665217
2026-10-08T06:19:51.270Z,idle,6.714666666664804
2026-10-08T06:20:06.270Z,idle,6.678666666667493
2026-10-08T06:20:21.270Z,idle,6.617777777776225
2026-10-08T06:20:36.270Z,idle,6.574888888888784
2026-10-08T06:20:51.270Z,idle,6.6966666666661485
2026-10-08T06:21:06.270Z,idle,6.7311111111090405
2026-10-08T06:21:21.270Z,idle,6.702888888886404
2026-10-08T06:21:36.270Z,idle,6.666444444444236
2026-10-08T06:21:51.270Z,idle,6.632666666663458
2026-10-08T06:22:06.270Z,idle,6.685111111112766
2026-10-08T06:22:21.270Z,idle,6.646666666668736
2026-10-08T06:22:36.270Z,idle,6.670444444447962
2026-10-08T06:22:51.270Z,idle,6.676222222225947
2026-10-08T06:23:06.270Z,idle,6.687999999996585
2026-10-08T06:23:21.270Z,idle,6.6553333333357125
2026-10-08T06:23:36.270Z,idle,6.640444444443306
2026-10-08T06:23:51.270Z,idle,6.64466666666946
2026-10-08T06:24:06.270Z,idle,6.687999999999171
2026-10-08T06:24:21.270Z,idle,6.675777777773328
2026-10-08T06:24:36.270Z,idle,6.702000000001862
2026-10-08T06:24:51.270Z,idle,6.6468888888885775
2026-10-08T06:25:06.270Z,idle,6.697111111113594
2026-10-08T06:25:21.270Z,idle,6.69866666666025
2026-10-08T06:25:36.270Z,idle,6.669333333330642
2026-10-08T06:25:51.270Z,idle,6.671555555554934
2026-10-08T06:26:06.270Z,idle,6.656222222228016
2026-10-08T06:26:21.270Z,idle,6.681555555559073
2026-10-08T06:26:36.270Z,idle,6.642888888884853
2026-10-08T06:26:51.270Z,idle,6.67711111111049
2026-10-08T06:27:06.270Z,idle,6.648444444442995
2026-10-08T06:27:21.270Z,idle,6.660888888893855
2026-10-08T06:27:36.270Z,idle,6.634888888885163
2026-10-08T06:27:51.270Z,idle,6.60777777777726
2026-10-08T06:28:06.270Z,idle,6.5917777777752935
2026-10-08T06:28:21.270Z,idle,6.563777777777673
2026-10-08T06:28:36.270Z,idle,6.592222222225326
2026-10-08T06:28:51.270Z,idle,6.575111111111214
2026-10-08T06:29:06.270Z,idle,6.520222222220359
2026-10-08T06:29:21.270Z,idle,6.5624444444430985
2026-10-08T06:29:36.270Z,idle,6.590444444443305
2026-10-08T06:29:51.270Z,idle,6.535111111112766
2026-10-08T06:30:06.270Z,idle,6.519333333333229
2026-10-08T06:30:21.270Z,idle,6.493999999996999
2026-10-08T06:30:36.270Z,idle,6.543111111112456
2026-10-08T06:30:51.270Z,idle,6.521333333332504
2026-10-08T06:31:06.270Z,idle,6.472000000004966
2026-10-08T06:31:21.270Z,idle,6.552222222224291
2026-10-08T06:31:36.270Z,idle,6.56222222222067
2026-10-08T06:31:51.270Z,idle,6.547777777780881
2026-10-08T06:32:06.270Z,idle,6.5697777777780875
2026-10-08T06:32:21.270Z,idle,6.509111111111835
2026-10-08T06:32:36.270Z,idle,6.600222222219841
2026-10-08T06:32:51.270Z,idle,6.482888888891061
2026-10-08T06:33:06.270Z,idle,6.532888888888475
2026-10-08T06:33:21.270Z,idle,6.488888888888888
2026-10-08T06:33:36.270Z,idle,6.572444444439476
2026-10-08T06:33:51.270Z,idle,6.525111111113801
2026-10-08T06:34:06.270Z,idle,6.516444444444237
2026-10-08T06:34:21.270Z,idle,6.4844444444454785
2026-10-08T06:34:36.270Z,idle,6.5419999999977225
2026-10-08T06:34:51.270Z,idle,6.565333333334678
2026-10-08T06:35:06.270Z,idle,6.536444444444754
2026-10-08T06:35:21.270Z,idle,6.521777777777363
2026-10-08T06:35:36.270Z,idle,6.483555555550588
2026-10-08T06:35:51.270Z,idle,6.502444444441546
2026-10-08T06:36:06.270Z,idle,6.508888888891993
2026-10-08T06:36:21.270Z,idle,6.5368888888947865
2026-10-08T06:36:36.270Z,idle,6.574888888891372
2026-10-08T06:36:51.270Z,idle,6.544888888891889
2026-10-08T06:37:06.270Z,idle,6.523777777774051
2026-10-08T06:37:21.270Z,idle,6.489111111116491
2026-10-08T06:37:36.270Z,idle,6.566666666661492
2026-10-08T06:37:51.270Z,idle,6.499111111112869
2026-10-08T06:38:06.270Z,idle,6.46733333332878
2026-10-08T06:38:21.270Z,idle,6.4246666666689425
2026-10-08T06:38:36.270Z,idle,6.485333333335195
2026-10-08T06:38:51.270Z,idle,6.469777777775501
2026-10-08T06:39:06.270Z,idle,6.388666666663872
2026-10-08T06:39:21.270Z,idle,6.375555555553485
2026-10-08T06:39:36.270Z,idle,6.382888888888474
2026-10-08T06:39:51.270Z,idle,6.436222222224912
2026-10-08T06:40:06.270Z,idle,6.363111111107799
2026-10-08T06:40:21.270Z,idle,6.38844444444403
2026-10-08T06:40:36.270Z,idle,6.398888888885266
2026-10-08T06:40:51.270Z,idle,6.477333333335506
2026-10-08T06:41:06.270Z,idle,6.458000000002276
2026-10-08T06:41:21.270Z,idle,6.441333333335609
2026-10-08T06:41:36.270Z,idle,6.39622222222129
2026-10-08T06:41:51.270Z,idle,6.394222222222014
2026-10-08T06:42:06.270Z,idle,6.436222222227499
2026-10-08T06:42:21.270Z,idle,6.453555555553692
2026-10-08T06:42:36.270Z,idle,6.452666666663975
2026-10-08T06:42:51.270Z,idle,6.427777777772603
2026-10-08T06:43:06.270Z,idle,6.417333333336541
2026-10-08T06:43:21.270Z,idle,6.435777777782641
2026-10-08T06:43:36.270Z,idle,6.4006666666647
2026-10-08T06:43:51.270Z,idle,6.41377777778026
2026-10-08T06:44:06.270Z,idle,6.435555555555037
2026-10-08T06:44:21.270Z,idle,6.492222222225326
2026-10-08T06:44:36.270Z,idle,6.4988888888826795
2026-10-08T06:44:51.270Z,idle,6.449555555555141
2026-10-08T06:45:06.270Z,idle,6.380888888886611
2026-10-08T06:45:21.270Z,idle,6.378888888895097
2026-10-08T06:45:36.270Z,idle,6.397999999998136
2026-10-08T06:45:51.270Z,idle,6.426444444445789
2026-10-08T06:46:06.270Z,idle,6.394222222222014
2026-10-08T06:46:21.270Z,idle,6.431777777778915
2026-10-08T06:46:36.270Z,idle,6.44177777777788
2026-10-08T06:46:51.270Z,idle,6.4706666666626305
2026-10-08T06:47:06.270Z,idle,6.397777777778295
2026-10-08T06:47:21.270Z,idle,6.486444444442167
2026-10-08T06:47:36.270Z,idle,6.480222222224498
2026-10-08T06:47:51.270Z,idle,6.495999999998861
2026-10-08T06:48:06.270Z,idle,6.329111111117526
2026-10-08T06:48:21.270Z,idle,6.317555555556383
2026-10-08T06:48:36.270Z,idle,6.280666666664183
2026-10-08T06:48:51.270Z,idle,6.266444444439062
2026-10-08T06:49:06.270Z,idle,6.265777777779536
2026-10-08T06:49:21.270Z,idle,6.2417777777804675
2026-10-08T06:49:36.270Z,idle,6.335111111110179
2026-10-08T06:49:51.270Z,idle,6.319333333328055
2026-10-08T06:50:06.270Z,idle,6.325777777775914
2026-10-08T06:50:21.270Z,idle,6.290666666665735
2026-10-08T06:50:36.270Z,idle,6.2700000000005165
2026-10-08T06:50:51.270Z,idle,6.312444444448272
2026-10-08T06:51:06.270Z,idle,6.270888888890234
2026-10-08T06:51:21.270Z,idle,6.377555555557935
2026-10-08T06:51:36.270Z,idle,6.278888888887336
2026-10-08T06:51:51.270Z,idle,6.343111111109868
2026-10-08T06:52:06.270Z,idle,6.248666666670598
2026-10-08T06:52:21.270Z,idle,6.350666666667287
2026-10-08T06:52:36.270Z,idle,6.326444444445789
2026-10-08T06:52:51.270Z,idle,6.372666666659319
2026-10-08T06:53:06.270Z,idle,6.314888888889819
2026-10-08T06:53:21.270Z,idle,6.3220000000023795
2026-10-08T06:53:36.270Z,idle,6.306888888892717
2026-10-08T06:53:51.270Z,idle,6.26111111111111
2026-10-08T06:54:06.270Z,idle,6.225777777781088
2026-10-08T06:54:21.270Z,idle,6.282000000003932
2026-10-08T06:54:36.270Z,idle,6.3006666666647
2026-10-08T06:54:51.270Z,idle,6.2564717907655725
2026-10-08T06:55:06.270Z,idle,6.068666666663354
2026-10-08T06:55:21.270Z,idle,6.107777777779846
2026-10-08T06:55:36.270Z,idle,6.001733448900422
2026-10-08T06:55:51.270Z,idle,5.940222222220877
2026-10-08T06:56:06.270Z,idle,5.769555555558245
2026-10-08T06:56:21.270Z,idle,5.84711111110842
2026-10-08T06:56:36.270Z,idle,5.968222222221083
2026-10-08T06:56:51.270Z,idle,6.103555555551106
2026-10-08T06:57:06.270Z,idle,6.172444444439477
2026-10-08T06:57:21.270Z,idle,6.153777777776122
2026-10-08T06:57:36.270Z,idle,6.241555555552864
2026-10-08T06:57:51.270Z,idle,6.209111111114422
2026-10-08T06:58:06.270Z,idle,6.121333333335092
2026-10-08T06:58:21.270Z,idle,5.9640000000001026
2026-10-08T06:58:36.270Z,idle,5.953777777778709
2026-10-08T06:58:51.270Z,idle,5.958888888891993
2026-10-08T06:59:06.270Z,idle,5.990444444445893
2026-10-08T06:59:21.270Z,idle,5.878444444439891
2026-10-08T06:59:36.270Z,idle,6.107333333332401
2026-10-08T06:59:51.270Z,idle,5.9591111111118344
2026-10-08T07:00:06.270Z,idle,5.922666666669667
2026-10-08T07:00:21.270Z,idle,5.6966666666661485
2026-10-08T07:00:36.270Z,idle,5.745555555554002
2026-10-08T07:00:51.270Z,idle,5.80422222222098
2026-10-08T07:01:06.270Z,idle,5.865333333329504
2026-10-08T07:01:21.270Z,idle,5.959111111114422
2026-10-08T07:01:36.270Z,idle,5.9811111111090405
2026-10-08T07:01:51.270Z,idle,5.873111111114525
2026-10-08T07:02:06.270Z,idle,5.77444444444134
2026-10-08T07:02:21.270Z,idle,5.724666666668942
2026-10-08T07:02:36.270Z,idle,5.7875555555569
2026-10-08T07:02:51.270Z,idle,5.855555555558142
2026-10-08T07:03:06.270Z,idle,5.883777777780778
2026-10-08T07:03:21.270Z,idle,5.90955555555928
2026-10-08T07:03:36.270Z,idle,5.8502222222224285
2026-10-08T07:03:51.270Z,idle,5.901333333331987
2026-10-08T07:04:06.270Z,idle,5.7715555555523474
2026-10-08T07:04:21.270Z,idle,5.733777777778191
2026-10-08T07:04:36.270Z,idle,5.631777777776328
2026-10-08T07:04:51.270Z,idle,5.6086666666695635
2026-10-08T07:05:06.270Z,idle,5.553555555556279
2026-10-08T07:05:21.270Z,idle,5.55797520110207
2026-10-08T07:05:36.270Z,idle,5.6084444444367865
2026-10-08T07:05:51.270Z,idle,5.7402222222208765
2026-10-08T07:06:06.270Z,idle,5.72625450020094
2026-10-08T07:06:21.270Z,idle,5.709333333339438
2026-10-08T07:06:36.270Z,idle,5.68984289936092
2026-10-08T07:06:51.270Z,idle,5.679333333329607
2026-10-08T07:07:06.270Z,idle,5.675999999995756
2026-10-08T07:07:21.270Z,idle,5.594595195237618
2026-10-08T07:07:36.270Z,idle,5.568222222226257
2026-10-08T07:07:51.270Z,idle,5.576444444445789
2026-10-08T07:08:06.270Z,idle,5.568888888885784
2026-10-08T07:08:21.270Z,idle,5.583333333333333
2026-10-08T07:08:36.270Z,idle,5.530444444446927
2026-10-08T07:08:51.270Z,idle,5.543555555557314
2026-10-08T07:09:06.270Z,idle,5.460444444443823
2026-10-08T07:09:21.270Z,idle,5.488444444441443
2026-10-08T07:09:36.270Z,idle,5.409194942557937
2026-10-08T07:09:51.270Z,idle,5.524444444443926
2026-10-08T07:10:06.270Z,idle,5.419333333333229
2026-10-08T07:10:21.270Z,idle,5.40636042403127
2026-10-08T07:10:36.270Z,idle,5.344888888891889
2026-10-08T07:10:51.270Z,idle,5.46288888888537
2026-10-08T07:11:06.270Z,idle,5.587777777774155
2026-10-08T07:11:21.270Z,idle,5.599777777780157
2026-10-08T07:11:36.270Z,idle,5.620222222222946
2026-10-08T07:11:51.270Z,idle,5.615999999999378
2026-10-08T07:12:06.270Z,idle,5.67488888888361
2026-10-08T07:12:21.270Z,idle,5.65155555555959
2026-10-08T07:12:36.270Z,idle,5.659555555561867
2026-10-08T07:12:51.270Z,idle,5.587777777776743
2026-10-08T07:13:06.270Z,idle,5.612444444440511
2026-10-08T07:13:21.270Z,idle,5.59888888888268
2026-10-08T07:13:36.270Z,idle,5.646000000004035
2026-10-08T07:13:51.270Z,idle,5.643777777779743
2026-10-08T07:14:06.270Z,idle,5.625333333333644
2026-10-08T07:14:21.270Z,idle,5.629555555552036
2026-10-08T07:14:36.270Z,idle,5.636000000002483
2026-10-08T07:14:51.270Z,idle,5.659111111114422
2026-10-08T07:15:06.270Z,idle,5.618888888888371
2026-10-08T07:15:21.270Z,idle,5.638444444438855
2026-10-08T07:15:36.270Z,idle,5.568444444438338
2026-10-08T07:15:51.270Z,idle,5.653111111114008
2026-10-08T07:16:06.270Z,idle,5.603333333336437
2026-10-08T07:16:21.270Z,idle,5.708888888894579
2026-10-08T07:16:36.270Z,idle,5.658666666669563
2026-10-08T07:16:51.270Z,idle,5.682888888888474
2026-10-08T07:17:06.270Z,idle,5.6651111111096615
2026-10-08T07:17:21.270Z,idle,5.655555555552968
2026-10-08T07:17:36.270Z,idle,5.6804444444443405
2026-10-08T07:17:51.270Z,idle,5.666733328892186
2026-10-08T07:18:06.270Z,idle,5.708666666666977
2026-10-08T07:18:21.270Z,idle,5.6480000000007236
2026-10-08T07:18:36.270Z,idle,5.712603062424832
2026-10-08T07:18:51.270Z,idle,5.693111111107282
2026-10-08T07:19:06.270Z,idle,5.705555555555555
2026-10-08T07:19:21.270Z,idle,5.650666666667287
2026-10-08T07:19:36.270Z,idle,5.622888888889509
2026-10-08T07:19:51.270Z,idle,5.613999999997516
2026-10-08T07:20:06.270Z,idle,5.631999999998758
2026-10-08T07:20:21.270Z,idle,5.672000000002379
2026-10-08T07:20:36.270Z,idle,5.685111111117941
2026-10-08T07:20:51.270Z,idle,5.66555555555452
2026-10-08T07:21:06.270Z,idle,5.619777777778087
2026-10-08T07:21:21.270Z,idle,5.575555555548311
2026-10-08T07:21:36.270Z,idle,5.624888888888785
2026-10-08T07:21:51.270Z,idle,5.672444444442064
2026-10-08T07:22:06.270Z,idle,5.769333333335816
2026-10-08T07:22:21.270Z,idle,5.735999999999896
2026-10-08T07:22:36.270Z,idle,5.736666666667183
2026-10-08T07:22:51.270Z,idle,5.72333333333178
2026-10-08T07:23:06.270Z,idle,5.752888888888992
2026-10-08T07:23:21.270Z,idle,5.678000000002793
2026-10-08T07:23:36.270Z,idle,5.642222222222739
2026-10-08T07:23:51.270Z,idle,5.603555555556279
2026-10-08T07:24:06.270Z,idle,5.63133333333147
2026-10-08T07:24:21.270Z,idle,5.655555555555555
2026-10-08T07:24:36.270Z,idle,5.675555555553485
2026-10-08T07:24:51.270Z,idle,5.689333333333747
2026-10-08T07:25:06.270Z,idle,5.676666666668218
2026-10-08T07:25:21.270Z,idle,5.68333333333592
2026-10-08T07:25:36.270Z,idle,5.682666666663458
2026-10-08T07:25:51.270Z,idle,5.660888888888681
2026-10-08T07:26:06.270Z,idle,5.7108888888886815
2026-10-08T07:26:21.270Z,idle,5.676666666670805
2026-10-08T07:26:36.270Z,idle,5.743111111115042
2026-10-08T07:26:51.270Z,idle,5.649777777774983
2026-10-08T07:27:06.270Z,idle,5.7155555555519335
2026-10-08T07:27:21.270Z,idle,5.642888888884853
2026-10-08T07:27:36.270Z,idle,5.71199999999824
2026-10-08T07:27:51.270Z,idle,5.7255555555586595
2026-10-08T07:28:06.270Z,idle,5.7731706775142175
2026-10-08T07:28:21.270Z,idle,5.67088888889282
2026-10-08T07:28:36.270Z,idle,5.642222222222739
2026-10-08T07:28:51.270Z,idle,5.603484676753952
2026-10-08T07:29:06.270Z,idle,5.600666666667287
2026-10-08T07:29:21.270Z,idle,5.606000000000413
2026-10-08T07:29:36.270Z,idle,5.7384444444440295
2026-10-08T07:29:51.270Z,idle,5.767777777778812
2026-10-08T07:30:06.270Z,idle,5.715999999996791
2026-10-08T07:30:21.270Z,idle,5.760888888886094
2026-10-08T07:30:36.270Z,idle,5.766222222221808
2026-10-08T07:30:51.270Z,idle,5.856000000003
2026-10-08T07:31:06.270Z,idle,5.702666666669149
2026-10-08T07:31:21.270Z,idle,5.748666666665424
2026-10-08T07:31:36.270Z,idle,5.753777777776121
2026-10-08T07:31:51.270Z,idle,5.820222222220359
2026-10-08T07:32:06.270Z,idle,5.839111111111317
2026-10-08T07:32:21.270Z,idle,5.877111111113076
2026-10-08T07:32:36.270Z,idle,5.843555555554727
2026-10-08T07:32:51.270Z,idle,5.811555555553381
2026-10-08T07:33:06.270Z,idle,5.765111111109662
2026-10-08T07:33:21.270Z,idle,5.842222222225326
2026-10-08T07:33:36.270Z,idle,5.8240000000016545
2026-10-08T07:33:51.270Z,idle,5.926000000000931
2026-10-08T07:34:06.270Z,idle,5.8684444444461
2026-10-08T07:34:21.270Z,idle,5.891555555555452
2026-10-08T07:34:36.270Z,idle,5.73488888888775
2026-10-08T07:34:51.270Z,idle,5.776666666660457
2026-10-08T07:35:06.270Z,idle,5.743999999996999
2026-10-08T07:35:21.270Z,idle,5.803111111114008
2026-10-08T07:35:36.270Z,idle,5.812444444450859
2026-10-08T07:35:51.270Z,idle,5.849777777780157
2026-10-08T07:36:06.270Z,idle,5.831111111106454
2026-10-08T07:36:21.270Z,idle,5.836222222222325
2026-10-08T07:36:36.270Z,idle,5.8528888888941655
2026-10-08T07:36:51.270Z,idle,5.929555555557211
2026-10-08T07:37:06.270Z,idle,5.813555555552657
2026-10-08T07:37:21.270Z,idle,5.857111111107385
2026-10-08T07:37:36.270Z,idle,5.764444444444961
2026-10-08T07:37:51.270Z,idle,5.7191111111108
2026-10-08T07:38:06.270Z,idle,5.6662222222218075
2026-10-08T07:38:21.270Z,idle,5.630222222221911
2026-10-08T07:38:36.270Z,idle,5.703555555556279
2026-10-08T07:38:51.270Z,idle,5.578888888887336
2026-10-08T07:39:06.270Z,idle,5.614222222222532
2026-10-08T07:39:21.270Z,idle,5.613555555555244
2026-10-08T07:39:36.270Z,idle,5.742222222225326
2026-10-08T05:47:36.270Z,iowait,0.0824444444444503
2026-10-08T05:47:51.270Z,iowait,0.10288888888889636
2026-10-08T05:48:06.270Z,iowait,0.09866666666665777
2026-10-08T05:48:21.270Z,iowait,0.08688888888887554
2026-10-08T05:48:36.270Z,iowait,0.08133333333332504
2026-10-08T05:48:51.270Z,iowait,0.09044444444444302
2026-10-08T05:49:06.270Z,iowait,0.0862222222222297
2026-10-08T05:49:21.270Z,iowait,0.09222222222222423
2026-10-08T05:49:36.270Z,iowait,0.079777777777781
2026-10-08T05:49:51.270Z,iowait,0.08533333333333655
2026-10-08T05:50:06.270Z,iowait,0.07533333333333554
2026-10-08T05:50:21.270Z,iowait,0.0808888888888911
2026-10-08T05:50:36.270Z,iowait,0.0775555555555507
2026-10-08T05:50:51.270Z,iowait,0.08844444444444484
2026-10-08T05:51:06.270Z,iowait,0.08377777777777737
2026-10-08T05:51:21.270Z,iowait,0.08666666666665856
2026-10-08T05:51:36.270Z,iowait,0.07622222222221857
2026-10-08T05:51:51.270Z,iowait,0.08222222222221817
2026-10-08T05:52:06.270Z,iowait,0.07600000000001171
2026-10-08T05:52:21.270Z,iowait,0.08711111111112282
2026-10-08T05:52:36.270Z,iowait,0.08511111111110443
2026-10-08T05:52:51.270Z,iowait,0.09999999999999494
2026-10-08T05:53:06.270Z,iowait,0.09044444444443292
2026-10-08T05:53:21.270Z,iowait,0.09311111111111231
2026-10-08T05:53:36.270Z,iowait,0.07955555555554382
2026-10-08T05:53:51.270Z,iowait,0.09577777777777656
2026-10-08T05:54:06.270Z,iowait,0.08933333333333797
2026-10-08T05:54:21.270Z,iowait,0.1022222222222404
2026-10-08T05:54:36.270Z,iowait,0.0853333333333315
2026-10-08T05:54:51.270Z,iowait,0.0935555555555513
2026-10-08T05:55:06.270Z,iowait,0.07822222222222686
2026-10-08T05:55:21.270Z,iowait,0.08600000000000767
2026-10-08T05:55:36.270Z,iowait,0.07955555555556404
2026-10-08T05:55:51.270Z,iowait,0.08977777777777696
2026-10-08T05:56:06.270Z,iowait,0.07866666666667091
2026-10-08T05:56:21.270Z,iowait,0.08533333333333151
2026-10-08T05:56:36.270Z,iowait,0.07311111111110019
2026-10-08T05:56:51.270Z,iowait,0.08488888888888241
2026-10-08T05:57:06.270Z,iowait,0.079777777777781
2026-10-08T05:57:21.270Z,iowait,0.1006666666666711
2026-10-08T05:57:36.270Z,iowait,0.08911111111110585
2026-10-08T05:57:51.270Z,iowait,0.11933333333332079
2026-10-08T05:58:06.270Z,iowait,0.1357777777777806
2026-10-08T05:58:21.270Z,iowait,0.1748888888888915
2026-10-08T05:58:36.270Z,iowait,0.17533333333334564
2026-10-08T05:58:51.270Z,iowait,0.1804444444444319
2026-10-08T05:59:06.270Z,iowait,0.18115620282390735
2026-10-08T05:59:21.270Z,iowait,0.189777777777782
2026-10-08T05:59:36.270Z,iowait,0.18511111111112463
2026-10-08T05:59:51.270Z,iowait,0.17683957647477633
2026-10-08T06:00:06.270Z,iowait,0.1822222222222131
2026-10-08T06:00:21.270Z,iowait,0.18022222222221493
2026-10-08T06:00:36.270Z,iowait,0.1902222222222311
2026-10-08T06:00:51.270Z,iowait,0.19111111111111412
2026-10-08T06:01:06.270Z,iowait,0.19955555555556603
2026-10-08T06:01:21.270Z,iowait,0.19177777777775998
2026-10-08T06:01:36.270Z,iowait,0.17666666666666261
2026-10-08T06:01:51.270Z,iowait,0.17288888888887816
2026-10-08T06:02:06.270Z,iowait,0.1775555555555608
2026-10-08T06:02:21.270Z,iowait,0.180444444444442
2026-10-08T06:02:36.270Z,iowait,0.17755555555555574
2026-10-08T06:02:51.270Z,iowait,0.1760000000000117
2026-10-08T06:03:06.270Z,iowait,0.1782222222222319
2026-10-08T06:03:21.270Z,iowait,0.17800000000000482
2026-10-08T06:03:36.270Z,iowait,0.1788888888888828
2026-10-08T06:03:51.270Z,iowait,0.18666666666666362
2026-10-08T06:04:06.270Z,iowait,0.18911111111110585
2026-10-08T06:04:21.270Z,iowait,0.18933333333333796
2026-10-08T06:04:36.270Z,iowait,0.1771111111111117
2026-10-08T06:04:51.270Z,iowait,0.17955555555555897
2026-10-08T06:05:06.270Z,iowait,0.1826666666666622
2026-10-08T06:05:21.270Z,iowait,0.17866666666665068
2026-10-08T06:05:36.270Z,iowait,0.17399999999998828
2026-10-08T06:05:51.270Z,iowait,0.17533333333333048
2026-10-08T06:06:06.270Z,iowait,0.18377777777778745
2026-10-08T06:06:21.270Z,iowait,0.18444444444443836
2026-10-08T06:06:36.270Z,iowait,0.19488888888889352
2026-10-08T06:06:51.270Z,iowait,0.19311111111112747
2026-10-08T06:07:06.270Z,iowait,0.1988888888889101
2026-10-08T06:07:21.270Z,iowait,0.18644444444443653
2026-10-08T06:07:36.270Z,iowait,0.1893333333333127
2026-10-08T06:07:51.270Z,iowait,0.17533333333333553
2026-10-08T06:08:06.270Z,iowait,0.16222222222223634
2026-10-08T06:08:21.270Z,iowait,0.14399999999999533
2026-10-08T06:08:36.270Z,iowait,0.13288888888887918
2026-10-08T06:08:51.270Z,iowait,0.13444444444444342
2026-10-08T06:09:06.270Z,iowait,0.1384444444444499
2026-10-08T06:09:21.270Z,iowait,0.14266666666667333
2026-10-08T06:09:36.270Z,iowait,0.1355555555555434
2026-10-08T06:09:51.270Z,iowait,0.12533333333333554
2026-10-08T06:10:06.270Z,iowait,0.13133333333332503
2026-10-08T06:10:21.270Z,iowait,0.13088888888890626
2026-10-08T06:10:36.270Z,iowait,0.15422222222222848
2026-10-08T06:10:51.270Z,iowait,0.14911111111111697
2026-10-08T06:11:06.270Z,iowait,0.15711111111109452
2026-10-08T06:11:21.270Z,iowait,0.1371111111111127
2026-10-08T06:11:36.270Z,iowait,0.13488888888888745
2026-10-08T06:11:51.270Z,iowait,0.12911111111110482
2026-10-08T06:12:06.270Z,iowait,0.1293333333333319
2026-10-08T06:12:21.270Z,iowait,0.1282222222222117
2026-10-08T06:12:36.270Z,iowait,0.1293333333333319
2026-10-08T06:12:51.270Z,iowait,0.12711111111110665
2026-10-08T06:13:06.270Z,iowait,0.1333244450370026
2026-10-08T06:13:21.270Z,iowait,0.1366666666666737
2026-10-08T06:13:36.270Z,iowait,0.14355555555555635
2026-10-08T06:13:51.270Z,iowait,0.14023157099362565
2026-10-08T06:14:06.270Z,iowait,0.14066666666667008
2026-10-08T06:14:21.270Z,iowait,0.15066666666667614
2026-10-08T06:14:36.270Z,iowait,0.14866666666665776
2026-10-08T06:14:51.270Z,iowait,0.14777777777777473
2026-10-08T06:15:06.270Z,iowait,0.13422222222221636
2026-10-08T06:15:21.270Z,iowait,0.13844444444446
2026-10-08T06:15:36.270Z,iowait,0.13422222222222646
2026-10-08T06:15:51.270Z,iowait,0.13399999999999937
2026-10-08T06:16:06.270Z,iowait,0.1288888888888828
2026-10-08T06:16:21.270Z,iowait,0.13155555555554704
2026-10-08T06:16:36.270Z,iowait,0.1297777777777709
2026-10-08T06:16:51.270Z,iowait,0.13111111111111312
2026-10-08T06:17:06.270Z,iowait,0.12688888888890484
2026-10-08T06:17:21.270Z,iowait,0.12800000000000483
2026-10-08T06:17:36.270Z,iowait,0.13222222222221816
2026-10-08T06:17:51.270Z,iowait,0.14577777777776643
2026-10-08T06:18:06.270Z,iowait,0.16133333333332806
2026-10-08T06:18:21.270Z,iowait,0.1791111111111099
2026-10-08T06:18:36.270Z,iowait,0.18266666666666725
2026-10-08T06:18:51.270Z,iowait,0.18577777777777554
2026-10-08T06:19:06.270Z,iowait,0.18444444444445351
2026-10-08T06:19:21.270Z,iowait,0.18866666666666684
2026-10-08T06:19:36.270Z,iowait,0.19266666666668847
2026-10-08T06:19:51.270Z,iowait,0.18666666666665857
2026-10-08T06:20:06.270Z,iowait,0.18911111111111595
2026-10-08T06:20:21.270Z,iowait,0.19355555555553614
2026-10-08T06:20:36.270Z,iowait,0.20822222222221975
2026-10-08T06:20:51.270Z,iowait,0.20888888888887575
2026-10-08T06:21:06.270Z,iowait,0.1931111111111123
2026-10-08T06:21:21.270Z,iowait,0.18666666666667878
2026-10-08T06:21:36.270Z,iowait,0.17911111111111494
2026-10-08T06:21:51.270Z,iowait,0.19777777777777472
2026-10-08T06:22:06.270Z,iowait,0.19111111111110402
2026-10-08T06:22:21.270Z,iowait,0.1860000000000026
2026-10-08T06:22:36.270Z,iowait,0.17577777777779474
2026-10-08T06:22:51.270Z,iowait,0.1742222222222305
2026-10-08T06:23:06.270Z,iowait,0.1824444444444604
2026-10-08T06:23:21.270Z,iowait,0.17733333333332363
2026-10-08T06:23:36.270Z,iowait,0.1842222222222214
2026-10-08T06:23:51.270Z,iowait,0.18844444444443473
2026-10-08T06:24:06.270Z,iowait,0.20999999999998079
2026-10-08T06:24:21.270Z,iowait,0.2068888888888725
2026-10-08T06:24:36.270Z,iowait,0.2020000000000032
2026-10-08T06:24:51.270Z,iowait,0.17911111111112504
2026-10-08T06:25:06.270Z,iowait,0.1837777777777824
2026-10-08T06:25:21.270Z,iowait,0.17999999999999797
2026-10-08T06:25:36.270Z,iowait,0.18177777777778423
2026-10-08T06:25:51.270Z,iowait,0.17222222222221714
2026-10-08T06:26:06.270Z,iowait,0.18244444444445534
2026-10-08T06:26:21.270Z,iowait,0.18533333333332644
2026-10-08T06:26:36.270Z,iowait,0.1908888888889123
2026-10-08T06:26:51.270Z,iowait,0.19022222222221088
2026-10-08T06:27:06.270Z,iowait,0.1920000000000022
2026-10-08T06:27:21.270Z,iowait,0.192444444444421
2026-10-08T06:27:36.270Z,iowait,0.1957777777777816
2026-10-08T06:27:51.270Z,iowait,0.21377777777777535
2026-10-08T06:28:06.270Z,iowait,0.22888888888888786
2026-10-08T06:28:21.270Z,iowait,0.23222222222221311
2026-10-08T06:28:36.270Z,iowait,0.2217777777777832
2026-10-08T06:28:51.270Z,iowait,0.2184444444444529
2026-10-08T06:29:06.270Z,iowait,0.22355555555555937
2026-10-08T06:29:21.270Z,iowait,0.22711111111111673
2026-10-08T06:29:36.270Z,iowait,0.220222222222224
2026-10-08T06:29:51.270Z,iowait,0.21444444444443633
2026-10-08T06:30:06.270Z,iowait,0.21755555555554462
2026-10-08T06:30:21.270Z,iowait,0.22866666666666582
2026-10-08T06:30:36.270Z,iowait,0.23266666666666724
2026-10-08T06:30:51.270Z,iowait,0.23577777777778058
2026-10-08T06:31:06.270Z,iowait,0.2333333333333333
2026-10-08T06:31:21.270Z,iowait,0.23355555555556543
2026-10-08T06:31:36.270Z,iowait,0.22866666666667088
2026-10-08T06:31:51.270Z,iowait,0.2260000000000117
2026-10-08T06:32:06.270Z,iowait,0.22066666666664786
2026-10-08T06:32:21.270Z,iowait,0.22600000000000664
2026-10-08T06:32:36.270Z,iowait,0.22711111111109653
2026-10-08T06:32:51.270Z,iowait,0.23911111111112604
2026-10-08T06:33:06.270Z,iowait,0.24977777777776783
2026-10-08T06:33:21.270Z,iowait,0.2535555555555523
2026-10-08T06:33:36.270Z,iowait,0.25199999999999817
2026-10-08T06:33:51.270Z,iowait,0.23511111111110441
2026-10-08T06:34:06.270Z,iowait,0.23644444444444662
2026-10-08T06:34:21.270Z,iowait,0.25155555555554904
2026-10-08T06:34:36.270Z,iowait,0.2520000000000083
2026-10-08T06:34:51.270Z,iowait,0.24800000000000177
2026-10-08T06:35:06.270Z,iowait,0.22066666666666807
2026-10-08T06:35:21.270Z,iowait,0.22377777777777633
2026-10-08T06:35:36.270Z,iowait,0.22377777777777128
2026-10-08T06:35:51.270Z,iowait,0.22866666666667088
2026-10-08T06:36:06.270Z,iowait,0.2262222222222135
2026-10-08T06:36:21.270Z,iowait,0.23466666666667046
2026-10-08T06:36:36.270Z,iowait,0.24177777777778017
2026-10-08T06:36:51.270Z,iowait,0.24533333333333754
2026-10-08T06:37:06.270Z,iowait,0.23511111111112462
2026-10-08T06:37:21.270Z,iowait,0.22688888888889472
2026-10-08T06:37:36.270Z,iowait,0.22244444444445938
2026-10-08T06:37:51.270Z,iowait,0.23844444444443977
2026-10-08T06:38:06.270Z,iowait,0.251333333333327
2026-10-08T06:38:21.270Z,iowait,0.2617777777777721
2026-10-08T06:38:36.270Z,iowait,0.26066666666664684
2026-10-08T06:38:51.270Z,iowait,0.2682222222222258
2026-10-08T06:39:06.270Z,iowait,0.2782222222222066
2026-10-08T06:39:21.270Z,iowait,0.278888888888903
2026-10-08T06:39:36.270Z,iowait,0.2904444444444329
2026-10-08T06:39:51.270Z,iowait,0.2882222222222329
2026-10-08T06:40:06.270Z,iowait,0.2828888888888842
2026-10-08T06:40:21.270Z,iowait,0.2588888888888909
2026-10-08T06:40:36.270Z,iowait,0.2571111111111097
2026-10-08T06:40:51.270Z,iowait,0.25977777777778904
2026-10-08T06:41:06.270Z,iowait,0.25977777777778904
2026-10-08T06:41:21.270Z,iowait,0.25466666666666743
2026-10-08T06:41:36.270Z,iowait,0.25577777777776745
2026-10-08T06:41:51.270Z,iowait,0.25555555555554543
2026-10-08T06:42:06.270Z,iowait,0.2502222222222321
2026-10-08T06:42:21.270Z,iowait,0.2584444444444519
2026-10-08T06:42:36.270Z,iowait,0.26399999999999735
2026-10-08T06:42:51.270Z,iowait,0.26644444444443954
2026-10-08T06:43:06.270Z,iowait,0.24888888888888483
2026-10-08T06:43:21.270Z,iowait,0.2515555555555642
2026-10-08T06:43:36.270Z,iowait,0.2533333333333303
2026-10-08T06:43:51.270Z,iowait,0.26666666666667166
2026-10-08T06:44:06.270Z,iowait,0.2677777777777818
2026-10-08T06:44:21.270Z,iowait,0.27866666666666584
2026-10-08T06:44:36.270Z,iowait,0.2662222222222125
2026-10-08T06:44:51.270Z,iowait,0.28355555555556544
2026-10-08T06:45:06.270Z,iowait,0.2788888888888929
2026-10-08T06:45:21.270Z,iowait,0.29111111111112925
2026-10-08T06:45:36.270Z,iowait,0.2686666666666395
2026-10-08T06:45:51.270Z,iowait,0.2748888888888915
2026-10-08T06:46:06.270Z,iowait,0.28022222222220483
2026-10-08T06:46:21.270Z,iowait,0.2766666666666878
2026-10-08T06:46:36.270Z,iowait,0.26733333333332765
2026-10-08T06:46:51.270Z,iowait,0.2528888888889014
2026-10-08T06:47:06.270Z,iowait,0.25733333333330644
2026-10-08T06:47:21.270Z,iowait,0.2555555555555505
2026-10-08T06:47:36.270Z,iowait,0.26088888888887896
2026-10-08T06:47:51.270Z,iowait,0.2737777777777814
2026-10-08T06:48:06.270Z,iowait,0.30244444444443713
2026-10-08T06:48:21.270Z,iowait,0.3237777777777713
2026-10-08T06:48:36.270Z,iowait,0.3255555555555727
2026-10-08T06:48:51.270Z,iowait,0.3013333333333472
2026-10-08T06:49:06.270Z,iowait,0.288666666666682
2026-10-08T06:49:21.270Z,iowait,0.2840000000000145
2026-10-08T06:49:36.270Z,iowait,0.29777777777777975
2026-10-08T06:49:51.270Z,iowait,0.29333333333332423
2026-10-08T06:50:06.270Z,iowait,0.2908888888888668
2026-10-08T06:50:21.270Z,iowait,0.27955555555554884
2026-10-08T06:50:36.270Z,iowait,0.3028888888888862
2026-10-08T06:50:51.270Z,iowait,0.29999999999999494
2026-10-08T06:51:06.270Z,iowait,0.32400000000000845
2026-10-08T06:51:21.270Z,iowait,0.3177777777777868
2026-10-08T06:51:36.270Z,iowait,0.32266666666667126
2026-10-08T06:51:51.270Z,iowait,0.30044444444442886
2026-10-08T06:52:06.270Z,iowait,0.281999999999981
2026-10-08T06:52:21.270Z,iowait,0.2826666666666723
2026-10-08T06:52:36.270Z,iowait,0.2806666666666842
2026-10-08T06:52:51.270Z,iowait,0.2815555555555824
2026-10-08T06:53:06.270Z,iowait,0.27688888888889474
2026-10-08T06:53:21.270Z,iowait,0.280666666666664
2026-10-08T06:53:36.270Z,iowait,0.2839999999999842
2026-10-08T06:53:51.270Z,iowait,0.3002222222222018
2026-10-08T06:54:06.270Z,iowait,0.29711111111110866
2026-10-08T06:54:21.270Z,iowait,0.30511111111110645
2026-10-08T06:54:36.270Z,iowait,0.2773333333333438
2026-10-08T06:54:51.270Z,iowait,0.286425349421157
2026-10-08T06:55:06.270Z,iowait,0.28266666666666723
2026-10-08T06:55:21.270Z,iowait,0.29844444444443574
2026-10-08T06:55:36.270Z,iowait,0.27601840122674504
2026-10-08T06:55:51.270Z,iowait,0.26888888888888685
2026-10-08T06:56:06.270Z,iowait,0.2917777777777903
2026-10-08T06:56:21.270Z,iowait,0.33311111111111125
2026-10-08T06:56:36.270Z,iowait,0.34266666666667833
2026-10-08T06:56:51.270Z,iowait,0.331333333333325
2026-10-08T06:57:06.270Z,iowait,0.31399999999998723
2026-10-08T06:57:21.270Z,iowait,0.3388888888888838
2026-10-08T06:57:36.270Z,iowait,0.31777777777778177
2026-10-08T06:57:51.270Z,iowait,0.31422222222221935
2026-10-08T06:58:06.270Z,iowait,0.2877777777777939
2026-10-08T06:58:21.270Z,iowait,0.30133333333333207
2026-10-08T06:58:36.270Z,iowait,0.281333333333325
2026-10-08T06:58:51.270Z,iowait,0.2559999999999945
2026-10-08T06:59:06.270Z,iowait,0.2382222222222329
2026-10-08T06:59:21.270Z,iowait,0.2562222222222216
2026-10-08T06:59:36.270Z,iowait,0.2151111111111024
2026-10-08T06:59:51.270Z,iowait,0.19155555555554302
2026-10-08T07:00:06.270Z,iowait,0.1691111111111392
2026-10-08T07:00:21.270Z,iowait,0.1868888888888907
2026-10-08T07:00:36.270Z,iowait,0.22111111111110704
2026-10-08T07:00:51.270Z,iowait,0.21955555555555795
2026-10-08T07:01:06.270Z,iowait,0.20466666666667754
2026-10-08T07:01:21.270Z,iowait,0.14866666666668302
2026-10-08T07:01:36.270Z,iowait,0.14577777777776138
2026-10-08T07:01:51.270Z,iowait,0.19844444444443068
2026-10-08T07:02:06.270Z,iowait,0.2428888888888751
2026-10-08T07:02:21.270Z,iowait,0.24288888888889532
2026-10-08T07:02:36.270Z,iowait,0.19777777777777977
2026-10-08T07:02:51.270Z,iowait,0.16599999999999554
2026-10-08T07:03:06.270Z,iowait,0.13577777777778058
2026-10-08T07:03:21.270Z,iowait,0.14444444444444948
2026-10-08T07:03:36.270Z,iowait,0.15288888888889635
2026-10-08T07:03:51.270Z,iowait,0.17977777777777088
2026-10-08T07:04:06.270Z,iowait,0.2019999999999931
2026-10-08T07:04:21.270Z,iowait,0.21977777777779514
2026-10-08T07:04:36.270Z,iowait,0.2475555555555527
2026-10-08T07:04:51.270Z,iowait,0.2646666666666634
2026-10-08T07:05:06.270Z,iowait,0.2644444444444363
2026-10-08T07:05:21.270Z,iowait,0.25265543753612224
2026-10-08T07:05:36.270Z,iowait,0.2486666666666729
2026-10-08T07:05:51.270Z,iowait,0.24666666666666462
2026-10-08T07:06:06.270Z,iowait,0.24934441530733242
2026-10-08T07:06:21.270Z,iowait,0.24399999999999533
2026-10-08T07:06:36.270Z,iowait,0.27375952714261836
2026-10-08T07:06:51.270Z,iowait,0.27022222222223413
2026-10-08T07:07:06.270Z,iowait,0.31133333333332297
2026-10-08T07:07:21.270Z,iowait,0.34424517190035925
2026-10-08T07:07:36.270Z,iowait,0.38088888888888095
2026-10-08T07:07:51.270Z,iowait,0.35600000000000964
2026-10-08T07:08:06.270Z,iowait,0.3451111111111105
2026-10-08T07:08:21.270Z,iowait,0.3551111111111014
2026-10-08T07:08:36.270Z,iowait,0.3613333333333331
2026-10-08T07:08:51.270Z,iowait,0.3255555555555727
2026-10-08T07:09:06.270Z,iowait,0.30977777777778404
2026-10-08T07:09:21.270Z,iowait,0.31333333333335656
2026-10-08T07:09:36.270Z,iowait,0.32931137924136233
2026-10-08T07:09:51.270Z,iowait,0.28777777777778885
2026-10-08T07:10:06.270Z,iowait,0.2957777777777563
2026-10-08T07:10:21.270Z,iowait,0.2882414383181259
2026-10-08T07:10:36.270Z,iowait,0.3053333333333234
2026-10-08T07:10:51.270Z,iowait,0.2682222222222258
2026-10-08T07:11:06.270Z,iowait,0.28822222222221777
2026-10-08T07:11:21.270Z,iowait,0.3062222222222266
2026-10-08T07:11:36.270Z,iowait,0.36088888888888904
2026-10-08T07:11:51.270Z,iowait,0.33644444444445676
2026-10-08T07:12:06.270Z,iowait,0.310888888888884
2026-10-08T07:12:21.270Z,iowait,0.3015555555555541
2026-10-08T07:12:36.270Z,iowait,0.3197777777777648
2026-10-08T07:12:51.270Z,iowait,0.35955555555555696
2026-10-08T07:13:06.270Z,iowait,0.3517777777777913
2026-10-08T07:13:21.270Z,iowait,0.35844444444444684
2026-10-08T07:13:36.270Z,iowait,0.3240000000000034
2026-10-08T07:13:51.270Z,iowait,0.31622222222220236
2026-10-08T07:14:06.270Z,iowait,0.31844444444444786
2026-10-08T07:14:21.270Z,iowait,0.301555555555539
2026-10-08T07:14:36.270Z,iowait,0.3111111111111262
2026-10-08T07:14:51.270Z,iowait,0.2882222222222076
2026-10-08T07:15:06.270Z,iowait,0.35311111111111837
2026-10-08T07:15:21.270Z,iowait,0.35711111111110966
2026-10-08T07:15:36.270Z,iowait,0.3606666666666721
2026-10-08T07:15:51.270Z,iowait,0.329555555555564
2026-10-08T07:16:06.270Z,iowait,0.29866666666666786
2026-10-08T07:16:21.270Z,iowait,0.29222222222222927
2026-10-08T07:16:36.270Z,iowait,0.29333333333333933
2026-10-08T07:16:51.270Z,iowait,0.2817777777777741
2026-10-08T07:17:06.270Z,iowait,0.29044444444443795
2026-10-08T07:17:21.270Z,iowait,0.3071111111111046
2026-10-08T07:17:36.270Z,iowait,0.32644444444445064
2026-10-08T07:17:51.270Z,iowait,0.3090905050774361
2026-10-08T07:18:06.270Z,iowait,0.2888888888888939
2026-10-08T07:18:21.270Z,iowait,0.2897777777777668
2026-10-08T07:18:36.270Z,iowait,0.32891081627662455
2026-10-08T07:18:51.270Z,iowait,0.32133333333332903
2026-10-08T07:19:06.270Z,iowait,0.32577777777777955
2026-10-08T07:19:21.270Z,iowait,0.3035555555555826
2026-10-08T07:19:36.270Z,iowait,0.30733333333332663
2026-10-08T07:19:51.270Z,iowait,0.3039999999999913
2026-10-08T07:20:06.270Z,iowait,0.2862222222222145
2026-10-08T07:20:21.270Z,iowait,0.29177777777778524
2026-10-08T07:20:36.270Z,iowait,0.30088888888890825
2026-10-08T07:20:51.270Z,iowait,0.2966666666666596
2026-10-08T07:21:06.270Z,iowait,0.3044444444444454
2026-10-08T07:21:21.270Z,iowait,0.2891111111111058
2026-10-08T07:21:36.270Z,iowait,0.3046666666666775
2026-10-08T07:21:51.270Z,iowait,0.28644444444445166
2026-10-08T07:22:06.270Z,iowait,0.2691111111110937
2026-10-08T07:22:21.270Z,iowait,0.26355555555553817
2026-10-08T07:22:36.270Z,iowait,0.26666666666666666
2026-10-08T07:22:51.270Z,iowait,0.27466666666667955
2026-10-08T07:23:06.270Z,iowait,0.29155555555557333
2026-10-08T07:23:21.270Z,iowait,0.31111111111110096
2026-10-08T07:23:36.270Z,iowait,0.32466666666665933
2026-10-08T07:23:51.270Z,iowait,0.3088888888888808
2026-10-08T07:24:06.270Z,iowait,0.29555555555555957
2026-10-08T07:24:21.270Z,iowait,0.2846666666666654
2026-10-08T07:24:36.270Z,iowait,0.27755555555555067
2026-10-08T07:24:51.270Z,iowait,0.26266666666666016
2026-10-08T07:25:06.270Z,iowait,0.2662222222222327
2026-10-08T07:25:21.270Z,iowait,0.2744444444444626
2026-10-08T07:25:36.270Z,iowait,0.290666666666665
2026-10-08T07:25:51.270Z,iowait,0.2855555555555535
2026-10-08T07:26:06.270Z,iowait,0.2855555555555434
2026-10-08T07:26:21.270Z,iowait,0.26222222222221614
2026-10-08T07:26:36.270Z,iowait,0.271555555555541
2026-10-08T07:26:51.270Z,iowait,0.26266666666667027
2026-10-08T07:27:06.270Z,iowait,0.2751111111111135
2026-10-08T07:27:21.270Z,iowait,0.26511111111111757
2026-10-08T07:27:36.270Z,iowait,0.2697777777777749
2026-10-08T07:27:51.270Z,iowait,0.2660000000000056
2026-10-08T07:28:06.270Z,iowait,0.28864742350510497
2026-10-08T07:28:21.270Z,iowait,0.3035555555555523
2026-10-08T07:28:36.270Z,iowait,0.3215555555555612
2026-10-08T07:28:51.270Z,iowait,0.3240216014401045
2026-10-08T07:29:06.270Z,iowait,0.3362222222222246
2026-10-08T07:29:21.270Z,iowait,0.29266666666665814
2026-10-08T07:29:36.270Z,iowait,0.2848888888888723
2026-10-08T07:29:51.270Z,iowait,0.25088888888890826
2026-10-08T07:30:06.270Z,iowait,0.29733333333334583
2026-10-08T07:30:21.270Z,iowait,0.27822222222222176
2026-10-08T07:30:36.270Z,iowait,0.3057777777777422
2026-10-08T07:30:51.270Z,iowait,0.27244444444442906
2026-10-08T07:31:06.270Z,iowait,0.3057777777777927
2026-10-08T07:31:21.270Z,iowait,0.2780000000000149
2026-10-08T07:31:36.270Z,iowait,0.29311111111112237
2026-10-08T07:31:51.270Z,iowait,0.24799999999998662
2026-10-08T07:32:06.270Z,iowait,0.24466666666668158
2026-10-08T07:32:21.270Z,iowait,0.2348888888888824
2026-10-08T07:32:36.270Z,iowait,0.2615555555555652
2026-10-08T07:32:51.270Z,iowait,0.25955555555553167
2026-10-08T07:33:06.270Z,iowait,0.26577777777777856
2026-10-08T07:33:21.270Z,iowait,0.23511111111110947
2026-10-08T07:33:36.270Z,iowait,0.2453333333333527
2026-10-08T07:33:51.270Z,iowait,0.2444444444444545
2026-10-08T07:34:06.270Z,iowait,0.2593333333333349
2026-10-08T07:34:21.270Z,iowait,0.2604444444444501
2026-10-08T07:34:36.270Z,iowait,0.2608888888888739
2026-10-08T07:34:51.270Z,iowait,0.25822222222220964
2026-10-08T07:35:06.270Z,iowait,0.24422222222221734
2026-10-08T07:35:21.270Z,iowait,0.23577777777778058
2026-10-08T07:35:36.270Z,iowait,0.24355555555555633
2026-10-08T07:35:51.270Z,iowait,0.25244444444442704
2026-10-08T07:36:06.270Z,iowait,0.25666666666667065
2026-10-08T07:36:21.270Z,iowait,0.24044444444444804
2026-10-08T07:36:36.270Z,iowait,0.22711111111110663
2026-10-08T07:36:51.270Z,iowait,0.21866666666665976
2026-10-08T07:37:06.270Z,iowait,0.2171111111111208
2026-10-08T07:37:21.270Z,iowait,0.21888888888890706
2026-10-08T07:37:36.270Z,iowait,0.22644444444446585
2026-10-08T07:37:51.270Z,iowait,0.23844444444444482
2026-10-08T07:38:06.270Z,iowait,0.24133333333334625
2026-10-08T07:38:21.270Z,iowait,0.26688888888885326
2026-10-08T07:38:36.270Z,iowait,0.27977777777778096
2026-10-08T07:38:51.270Z,iowait,0.32688888888887957
2026-10-08T07:39:06.270Z,iowait,0.3200000000000323
2026-10-08T07:39:21.270Z,iowait,0.31822222222221574
2026-10-08T07:39:36.270Z,iowait,0.3062222222222165
2026-10-08T05:47:36.270Z,irq,0
2026-10-08T05:47:51.270Z,irq,0
2026-10-08T05:48:06.270Z,irq,0
2026-10-08T05:48:21.270Z,irq,0
2026-10-08T05:48:36.270Z,irq,0
2026-10-08T05:48:51.270Z,irq,0
2026-10-08T05:49:06.270Z,irq,0
2026-10-08T05:49:21.270Z,irq,0
2026-10-08T05:49:36.270Z,irq,0
2026-10-08T05:49:51.270Z,irq,0
2026-10-08T05:50:06.270Z,irq,0
2026-10-08T05:50:21.270Z,irq,0
2026-10-08T05:50:36.270Z,irq,0
2026-10-08T05:50:51.270Z,irq,0
2026-10-08T05:51:06.270Z,irq,0
2026-10-08T05:51:21.270Z,irq,0
2026-10-08T05:51:36.270Z,irq,0
2026-10-08T05:51:51.270Z,irq,0
2026-10-08T05:52:06.270Z,irq,0
2026-10-08T05:52:21.270Z,irq,0
2026-10-08T05:52:36.270Z,irq,0
2026-10-08T05:52:51.270Z,irq,0
2026-10-08T05:53:06.270Z,irq,0
2026-10-08T05:53:21.270Z,irq,0
2026-10-08T05:53:36.270Z,irq,0
2026-10-08T05:53:51.270Z,irq,0
2026-10-08T05:54:06.270Z,irq,0
2026-10-08T05:54:21.270Z,irq,0
2026-10-08T05:54:36.270Z,irq,0
2026-10-08T05:54:51.270Z,irq,0
2026-10-08T05:55:06.270Z,irq,0
2026-10-08T05:55:21.270Z,irq,0
2026-10-08T05:55:36.270Z,irq,0
2026-10-08T05:55:51.270Z,irq,0
2026-10-08T05:56:06.270Z,irq,0
2026-10-08T05:56:21.270Z,irq,0
2026-10-08T05:56:36.270Z,irq,0
2026-10-08T05:56:51.270Z,irq,0
2026-10-08T05:57:06.270Z,irq,0
2026-10-08T05:57:21.270Z,irq,0
2026-10-08T05:57:36.270Z,irq,0
2026-10-08T05:57:51.270Z,irq,0
2026-10-08T05:58:06.270Z,irq,0
2026-10-08T05:58:21.270Z,irq,0
2026-10-08T05:58:36.270Z,irq,0
2026-10-08T05:58:51.270Z,irq,0
2026-10-08T05:59:06.270Z,irq,0
2026-10-08T05:59:21.270Z,irq,0
2026-10-08T05:59:36.270Z,irq,0
2026-10-08T05:59:51.270Z,irq,0
2026-10-08T06:00:06.270Z,irq,0
2026-10-08T06:00:21.270Z,irq,0
2026-10-08T06:00:36.270Z,irq,0
2026-10-08T06:00:51.270Z,irq,0
2026-10-08T06:01:06.270Z,irq,0
2026-10-08T06:01:21.270Z,irq,0
2026-10-08T06:01:36.270Z,irq,0
2026-10-08T06:01:51.270Z,irq,0
2026-10-08T06:02:06.270Z,irq,0
2026-10-08T06:02:21.270Z,irq,0
2026-10-08T06:02:36.270Z,irq,0
2026-10-08T06:02:51.270Z,irq,0
2026-10-08T06:03:06.270Z,irq,0
2026-10-08T06:03:21.270Z,irq,0
2026-10-08T06:03:36.270Z,irq,0
2026-10-08T06:03:51.270Z,irq,0
2026-10-08T06:04:06.270Z,irq,0
2026-10-08T06:04:21.270Z,irq,0
2026-10-08T06:04:36.270Z,irq,0
2026-10-08T06:04:51.270Z,irq,0
2026-10-08T06:05:06.270Z,irq,0
2026-10-08T06:05:21.270Z,irq,0
2026-10-08T06:05:36.270Z,irq,0
2026-10-08T06:05:51.270Z,irq,0
2026-10-08T06:06:06.270Z,irq,0
2026-10-08T06:06:21.270Z,irq,0
2026-10-08T06:06:36.270Z,irq,0
2026-10-08T06:06:51.270Z,irq,0
2026-10-08T06:07:06.270Z,irq,0
2026-10-08T06:07:21.270Z,irq,0
2026-10-08T06:07:36.270Z,irq,0
2026-10-08T06:07:51.270Z,irq,0
2026-10-08T06:08:06.270Z,irq,0
2026-10-08T06:08:21.270Z,irq,0
2026-10-08T06:08:36.270Z,irq,0
2026-10-08T06:08:51.270Z,irq,0
2026-10-08T06:09:06.270Z,irq,0
2026-10-08T06:09:21.270Z,irq,0
2026-10-08T06:09:36.270Z,irq,0
2026-10-08T06:09:51.270Z,irq,0
2026-10-08T06:10:06.270Z,irq,0
2026-10-08T06:10:21.270Z,irq,0
2026-10-08T06:10:36.270Z,irq,0
2026-10-08T06:10:51.270Z,irq,0
2026-10-08T06:11:06.270Z,irq,0
2026-10-08T06:11:21.270Z,irq,0
2026-10-08T06:11:36.270Z,irq,0
2026-10-08T06:11:51.270Z,irq,0
2026-10-08T06:12:06.270Z,irq,0
2026-10-08T06:12:21.270Z,irq,0
2026-10-08T06:12:36.270Z,irq,0
2026-10-08T06:12:51.270Z,irq,0
2026-10-08T06:13:06.270Z,irq,0
2026-10-08T06:13:21.270Z,irq,0
2026-10-08T06:13:36.270Z,irq,0
2026-10-08T06:13:51.270Z,irq,0
2026-10-08T06:14:06.270Z,irq,0
2026-10-08T06:14:21.270Z,irq,0
2026-10-08T06:14:36.270Z,irq,0
2026-10-08T06:14:51.270Z,irq,0
2026-10-08T06:15:06.270Z,irq,0
2026-10-08T06:15:21.270Z,irq,0
2026-10-08T06:15:36.270Z,irq,0
2026-10-08T06:15:51.270Z,irq,0
2026-10-08T06:16:06.270Z,irq,0
2026-10-08T06:16:21.270Z,irq,0
2026-10-08T06:16:36.270Z,irq,0
2026-10-08T06:16:51.270Z,irq,0
2026-10-08T06:17:06.270Z,irq,0
2026-10-08T06:17:21.270Z,irq,0
2026-10-08T06:17:36.270Z,irq,0
2026-10-08T06:17:51.270Z,irq,0
2026-10-08T06:18:06.270Z,irq,0
2026-10-08T06:18:21.270Z,irq,0
2026-10-08T06:18:36.270Z,irq,0
2026-10-08T06:18:51.270Z,irq,0
2026-10-08T06:19:06.270Z,irq,0
2026-10-08T06:19:21.270Z,irq,0
2026-10-08T06:19:36.270Z,irq,0
2026-10-08T06:19:51.270Z,irq,0
2026-10-08T06:20:06.270Z,irq,0
2026-10-08T06:20:21.270Z,irq,0
2026-10-08T06:20:36.270Z,irq,0
2026-10-08T06:20:51.270Z,irq,0
2026-10-08T06:21:06.270Z,irq,0
2026-10-08T06:21:21.270Z,irq,0
2026-10-08T06:21:36.270Z,irq,0
2026-10-08T06:21:51.270Z,irq,0
2026-10-08T06:22:06.270Z,irq,0
2026-10-08T06:22:21.270Z,irq,0
2026-10-08T06:22:36.270Z,irq,0
2026-10-08T06:22:51.270Z,irq,0
2026-10-08T06:23:06.270Z,irq,0
2026-10-08T06:23:21.270Z,irq,0
2026-10-08T06:23:36.270Z,irq,0
2026-10-08T06:23:51.270Z,irq,0
2026-10-08T06:24:06.270Z,irq,0
2026-10-08T06:24:21.270Z,irq,0
2026-10-08T06:24:36.270Z,irq,0
2026-10-08T06:24:51.270Z,irq,0
2026-10-08T06:25:06.270Z,irq,0
2026-10-08T06:25:21.270Z,irq,0
2026-10-08T06:25:36.270Z,irq,0
2026-10-08T06:25:51.270Z,irq,0
2026-10-08T06:26:06.270Z,irq,0
2026-10-08T06:26:21.270Z,irq,0
2026-10-08T06:26:36.270Z,irq,0
2026-10-08T06:26:51.270Z,irq,0
2026-10-08T06:27:06.270Z,irq,0
2026-10-08T06:27:21.270Z,irq,0
2026-10-08T06:27:36.270Z,irq,0
2026-10-08T06:27:51.270Z,irq,0
2026-10-08T06:28:06.270Z,irq,0
2026-10-08T06:28:21.270Z,irq,0
2026-10-08T06:28:36.270Z,irq,0
2026-10-08T06:28:51.270Z,irq,0
2026-10-08T06:29:06.270Z,irq,0
2026-10-08T06:29:21.270Z,irq,0
2026-10-08T06:29:36.270Z,irq,0
2026-10-08T06:29:51.270Z,irq,0
2026-10-08T06:30:06.270Z,irq,0
2026-10-08T06:30:21.270Z,irq,0
2026-10-08T06:30:36.270Z,irq,0
2026-10-08T06:30:51.270Z,irq,0
2026-10-08T06:31:06.270Z,irq,0
2026-10-08T06:31:21.270Z,irq,0
2026-10-08T06:31:36.270Z,irq,0
2026-10-08T06:31:51.270Z,irq,0
2026-10-08T06:32:06.270Z,irq,0
2026-10-08T06:32:21.270Z,irq,0
2026-10-08T06:32:36.270Z,irq,0
2026-10-08T06:32:51.270Z,irq,0
2026-10-08T06:33:06.270Z,irq,0
2026-10-08T06:33:21.270Z,irq,0
2026-10-08T06:33:36.270Z,irq,0
2026-10-08T06:33:51.270Z,irq,0
2026-10-08T06:34:06.270Z,irq,0
2026-10-08T06:34:21.270Z,irq,0
2026-10-08T06:34:36.270Z,irq,0
2026-10-08T06:34:51.270Z,irq,0
2026-10-08T06:35:06.270Z,irq,0
2026-10-08T06:35:21.270Z,irq,0
2026-10-08T06:35:36.270Z,irq,0
2026-10-08T06:35:51.270Z,irq,0
2026-10-08T06:36:06.270Z,irq,0
2026-10-08T06:36:21.270Z,irq,0
2026-10-08T06:36:36.270Z,irq,0
2026-10-08T06:36:51.270Z,irq,0
2026-10-08T06:37:06.270Z,irq,0
2026-10-08T06:37:21.270Z,irq,0
2026-10-08T06:37:36.270Z,irq,0
2026-10-08T06:37:51.270Z,irq,0
2026-10-08T06:38:06.270Z,irq,0
2026-10-08T06:38:21.270Z,irq,0
2026-10-08T06:38:36.270Z,irq,0
2026-10-08T06:38:51.270Z,irq,0
2026-10-08T06:39:06.270Z,irq,0
2026-10-08T06:39:21.270Z,irq,0
2026-10-08T06:39:36.270Z,irq,0
2026-10-08T06:39:51.270Z,irq,0
2026-10-08T06:40:06.270Z,irq,0
2026-10-08T06:40:21.270Z,irq,0
2026-10-08T06:40:36.270Z,irq,0
2026-10-08T06:40:51.270Z,irq,0
2026-10-08T06:41:06.270Z,irq,0
2026-10-08T06:41:21.270Z,irq,0
2026-10-08T06:41:36.270Z,irq,0
2026-10-08T06:41:51.270Z,irq,0
2026-10-08T06:42:06.270Z,irq,0
2026-10-08T06:42:21.270Z,irq,0
2026-10-08T06:42:36.270Z,irq,0
2026-10-08T06:42:51.270Z,irq,0
2026-10-08T06:43:06.270Z,irq,0
2026-10-08T06:43:21.270Z,irq,0
2026-10-08T06:43:36.270Z,irq,0
2026-10-08T06:43:51.270Z,irq,0
2026-10-08T06:44:06.270Z,irq,0
2026-10-08T06:44:21.270Z,irq,0
2026-10-08T06:44:36.270Z,irq,0
2026-10-08T06:44:51.270Z,irq,0
2026-10-08T06:45:06.270Z,irq,0
2026-10-08T06:45:21.270Z,irq,0
2026-10-08T06:45:36.270Z,irq,0
2026-10-08T06:45:51.270Z,irq,0
2026-10-08T06:46:06.270Z,irq,0
2026-10-08T06:46:21.270Z,irq,0
2026-10-08T06:46:36.270Z,irq,0
2026-10-08T06:46:51.270Z,irq,0
2026-10-08T06:47:06.270Z,irq,0
2026-10-08T06:47:21.270Z,irq,0
2026-10-08T06:47:36.270Z,irq,0
2026-10-08T06:47:51.270Z,irq,0
2026-10-08T06:48:06.270Z,irq,0
2026-10-08T06:48:21.270Z,irq,0
2026-10-08T06:48:36.270Z,irq,0
2026-10-08T06:48:51.270Z,irq,0
2026-10-08T06:49:06.270Z,irq,0
2026-10-08T06:49:21.270Z,irq,0
2026-10-08T06:49:36.270Z,irq,0
2026-10-08T06:49:51.270Z,irq,0
2026-10-08T06:50:06.270Z,irq,0
2026-10-08T06:50:21.270Z,irq,0
2026-10-08T06:50:36.270Z,irq,0
2026-10-08T06:50:51.270Z,irq,0
2026-10-08T06:51:06.270Z,irq,0
2026-10-08T06:51:21.270Z,irq,0
2026-10-08T06:51:36.270Z,irq,0
2026-10-08T06:51:51.270Z,irq,0
2026-10-08T06:52:06.270Z,irq,0
2026-10-08T06:52:21.270Z,irq,0
2026-10-08T06:52:36.270Z,irq,0
2026-10-08T06:52:51.270Z,irq,0
2026-10-08T06:53:06.270Z,irq,0
2026-10-08T06:53:21.270Z,irq,0
2026-10-08T06:53:36.270Z,irq,0
2026-10-08T06:53:51.270Z,irq,0
2026-10-08T06:54:06.270Z,irq,0
2026-10-08T06:54:21.270Z,irq,0
2026-10-08T06:54:36.270Z,irq,0
2026-10-08T06:54:51.270Z,irq,0
2026-10-08T06:55:06.270Z,irq,0
2026-10-08T06:55:21.270Z,irq,0
2026-10-08T06:55:36.270Z,irq,0
2026-10-08T06:55:51.270Z,irq,0
2026-10-08T06:56:06.270Z,irq,0
2026-10-08T06:56:21.270Z,irq,0
2026-10-08T06:56:36.270Z,irq,0
2026-10-08T06:56:51.270Z,irq,0
2026-10-08T06:57:06.270Z,irq,0
2026-10-08T06:57:21.270Z,irq,0
2026-10-08T06:57:36.270Z,irq,0
2026-10-08T06:57:51.270Z,irq,0
2026-10-08T06:58:06.270Z,irq,0
2026-10-08T06:58:21.270Z,irq,0
2026-10-08T06:58:36.270Z,irq,0
2026-10-08T06:58:51.270Z,irq,0
2026-10-08T06:59:06.270Z,irq,0
2026-10-08T06:59:21.270Z,irq,0
2026-10-08T06:59:36.270Z,irq,0
2026-10-08T06:59:51.270Z,irq,0
2026-10-08T07:00:06.270Z,irq,0
2026-10-08T07:00:21.270Z,irq,0
2026-10-08T07:00:36.270Z,irq,0
2026-10-08T07:00:51.270Z,irq,0
2026-10-08T07:01:06.270Z,irq,0
2026-10-08T07:01:21.270Z,irq,0
2026-10-08T07:01:36.270Z,irq,0
2026-10-08T07:01:51.270Z,irq,0
2026-10-08T07:02:06.270Z,irq,0
2026-10-08T07:02:21.270Z,irq,0
2026-10-08T07:02:36.270Z,irq,0
2026-10-08T07:02:51.270Z,irq,0
2026-10-08T07:03:06.270Z,irq,0
2026-10-08T07:03:21.270Z,irq,0
2026-10-08T07:03:36.270Z,irq,0
2026-10-08T07:03:51.270Z,irq,0
2026-10-08T07:04:06.270Z,irq,0
2026-10-08T07:04:21.270Z,irq,0
2026-10-08T07:04:36.270Z,irq,0
2026-10-08T07:04:51.270Z,irq,0
2026-10-08T07:05:06.270Z,irq,0
2026-10-08T07:05:21.270Z,irq,0
2026-10-08T07:05:36.270Z,irq,0
2026-10-08T07:05:51.270Z,irq,0
2026-10-08T07:06:06.270Z,irq,0
2026-10-08T07:06:21.270Z,irq,0
2026-10-08T07:06:36.270Z,irq,0
2026-10-08T07:06:51.270Z,irq,0
2026-10-08T07:07:06.270Z,irq,0
2026-10-08T07:07:21.270Z,irq,0
2026-10-08T07:07:36.270Z,irq,0
2026-10-08T07:07:51.270Z,irq,0
2026-10-08T07:08:06.270Z,irq,0
2026-10-08T07:08:21.270Z,irq,0
2026-10-08T07:08:36.270Z,irq,0
2026-10-08T07:08:51.270Z,irq,0
2026-10-08T07:09:06.270Z,irq,0
2026-10-08T07:09:21.270Z,irq,0
2026-10-08T07:09:36.270Z,irq,0
2026-10-08T07:09:51.270Z,irq,0
2026-10-08T07:10:06.270Z,irq,0
2026-10-08T07:10:21.270Z,irq,0
2026-10-08T07:10:36.270Z,irq,0
2026-10-08T07:10:51.270Z,irq,0
2026-10-08T07:11:06.270Z,irq,0
2026-10-08T07:11:21.270Z,irq,0
2026-10-08T07:11:36.270Z,irq,0
2026-10-08T07:11:51.270Z,irq,0
2026-10-08T07:12:06.270Z,irq,0
2026-10-08T07:12:21.270Z,irq,0
2026-10-08T07:12:36.270Z,irq,0
2026-10-08T07:12:51.270Z,irq,0
2026-10-08T07:13:06.270Z,irq,0
2026-10-08T07:13:21.270Z,irq,0
2026-10-08T07:13:36.270Z,irq,0
2026-10-08T07:13:51.270Z,irq,0
2026-10-08T07:14:06.270Z,irq,0
2026-10-08T07:14:21.270Z,irq,0
2026-10-08T07:14:36.270Z,irq,0
2026-10-08T07:14:51.270Z,irq,0
2026-10-08T07:15:06.270Z,irq,0
2026-10-08T07:15:21.270Z,irq,0
2026-10-08T07:15:36.270Z,irq,0
2026-10-08T07:15:51.270Z,irq,0
2026-10-08T07:16:06.270Z,irq,0
2026-10-08T07:16:21.270Z,irq,0
2026-10-08T07:16:36.270Z,irq,0
2026-10-08T07:16:51.270Z,irq,0
2026-10-08T07:17:06.270Z,irq,0
2026-10-08T07:17:21.270Z,irq,0
2026-10-08T07:17:36.270Z,irq,0
2026-10-08T07:17:51.270Z,irq,0
2026-10-08T07:18:06.270Z,irq,0
2026-10-08T07:18:21.270Z,irq,0
2026-10-08T07:18:36.270Z,irq,0
2026-10-08T07:18:51.270Z,irq,0
2026-10-08T07:19:06.270Z,irq,0
2026-10-08T07:19:21.270Z,irq,0
2026-10-08T07:19:36.270Z,irq,0
2026-10-08T07:19:51.270Z,irq,0
2026-10-08T07:20:06.270Z,irq,0
2026-10-08T07:20:21.270Z,irq,0
2026-10-08T07:20:36.270Z,irq,0
2026-10-08T07:20:51.270Z,irq,0
2026-10-08T07:21:06.270Z,irq,0
2026-10-08T07:21:21.270Z,irq,0
2026-10-08T07:21:36.270Z,irq,0
2026-10-08T07:21:51.270Z,irq,0
2026-10-08T07:22:06.270Z,irq,0
2026-10-08T07:22:21.270Z,irq,0
2026-10-08T07:22:36.270Z,irq,0
2026-10-08T07:22:51.270Z,irq,0
2026-10-08T07:23:06.270Z,irq,0
2026-10-08T07:23:21.270Z,irq,0
2026-10-08T07:23:36.270Z,irq,0
2026-10-08T07:23:51.270Z,irq,0
2026-10-08T07:24:06.270Z,irq,0
2026-10-08T07:24:21.270Z,irq,0
2026-10-08T07:24:36.270Z,irq,0
2026-10-08T07:24:51.270Z,irq,0
2026-10-08T07:25:06.270Z,irq,0
2026-10-08T07:25:21.270Z,irq,0
2026-10-08T07:25:36.270Z,irq,0
2026-10-08T07:25:51.270Z,irq,0
2026-10-08T07:26:06.270Z,irq,0
2026-10-08T07:26:21.270Z,irq,0
2026-10-08T07:26:36.270Z,irq,0
2026-10-08T07:26:51.270Z,irq,0
2026-10-08T07:27:06.270Z,irq,0
2026-10-08T07:27:21.270Z,irq,0
2026-10-08T07:27:36.270Z,irq,0
2026-10-08T07:27:51.270Z,irq,0
2026-10-08T07:28:06.270Z,irq,0
2026-10-08T07:28:21.270Z,irq,0
2026-10-08T07:28:36.270Z,irq,0
2026-10-08T07:28:51.270Z,irq,0
2026-10-08T07:29:06.270Z,irq,0
2026-10-08T07:29:21.270Z,irq,0
2026-10-08T07:29:36.270Z,irq,0
2026-10-08T07:29:51.270Z,irq,0
2026-10-08T07:30:06.270Z,irq,0
2026-10-08T07:30:21.270Z,irq,0
2026-10-08T07:30:36.270Z,irq,0
2026-10-08T07:30:51.270Z,irq,0
2026-10-08T07:31:06.270Z,irq,0
2026-10-08T07:31:21.270Z,irq,0
2026-10-08T07:31:36.270Z,irq,0
2026-10-08T07:31:51.270Z,irq,0
2026-10-08T07:32:06.270Z,irq,0
2026-10-08T07:32:21.270Z,irq,0
2026-10-08T07:32:36.270Z,irq,0
2026-10-08T07:32:51.270Z,irq,0
2026-10-08T07:33:06.270Z,irq,0
2026-10-08T07:33:21.270Z,irq,0
2026-10-08T07:33:36.270Z,irq,0
2026-10-08T07:33:51.270Z,irq,0
2026-10-08T07:34:06.270Z,irq,0
2026-10-08T07:34:21.270Z,irq,0
2026-10-08T07:34:36.270Z,irq,0
2026-10-08T07:34:51.270Z,irq,0
2026-10-08T07:35:06.270Z,irq,0
2026-10-08T07:35:21.270Z,irq,0
2026-10-08T07:35:36.270Z,irq,0
2026-10-08T07:35:51.270Z,irq,0
2026-10-08T07:36:06.270Z,irq,0
2026-10-08T07:36:21.270Z,irq,0
2026-10-08T07:36:36.270Z,irq,0
2026-10-08T07:36:51.270Z,irq,0
2026-10-08T07:37:06.270Z,irq,0
2026-10-08T07:37:21.270Z,irq,0
2026-10-08T07:37:36.270Z,irq,0
2026-10-08T07:37:51.270Z,irq,0
2026-10-08T07:38:06.270Z,irq,0
2026-10-08T07:38:21.270Z,irq,0
2026-10-08T07:38:36.270Z,irq,0
2026-10-08T07:38:51.270Z,irq,0
2026-10-08T07:39:06.270Z,irq,0
2026-10-08T07:39:21.270Z,irq,0
2026-10-08T07:39:36.270Z,irq,0
2026-10-08T05:47:36.270Z,nice,0
2026-10-08T05:47:51.270Z,nice,0
2026-10-08T05:48:06.270Z,nice,0
2026-10-08T05:48:21.270Z,nice,0
2026-10-08T05:48:36.270Z,nice,0
2026-10-08T05:48:51.270Z,nice,0
2026-10-08T05:49:06.270Z,nice,0
2026-10-08T05:49:21.270Z,nice,0
2026-10-08T05:49:36.270Z,nice,0
2026-10-08T05:49:51.270Z,nice,0
2026-10-08T05:50:06.270Z,nice,0
2026-10-08T05:50:21.270Z,nice,0
2026-10-08T05:50:36.270Z,nice,0
2026-10-08T05:50:51.270Z,nice,0
2026-10-08T05:51:06.270Z,nice,0
2026-10-08T05:51:21.270Z,nice,0
2026-10-08T05:51:36.270Z,nice,0
2026-10-08T05:51:51.270Z,nice,0
2026-10-08T05:52:06.270Z,nice,0
2026-10-08T05:52:21.270Z,nice,0
2026-10-08T05:52:36.270Z,nice,0
2026-10-08T05:52:51.270Z,nice,0
2026-10-08T05:53:06.270Z,nice,0
2026-10-08T05:53:21.270Z,nice,0
2026-10-08T05:53:36.270Z,nice,0
2026-10-08T05:53:51.270Z,nice,0
2026-10-08T05:54:06.270Z,nice,0
2026-10-08T05:54:21.270Z,nice,0
2026-10-08T05:54:36.270Z,nice,0
2026-10-08T05:54:51.270Z,nice,0
2026-10-08T05:55:06.270Z,nice,0
2026-10-08T05:55:21.270Z,nice,0
2026-10-08T05:55:36.270Z,nice,0
2026-10-08T05:55:51.270Z,nice,0
2026-10-08T05:56:06.270Z,nice,0
2026-10-08T05:56:21.270Z,nice,0
2026-10-08T05:56:36.270Z,nice,0
2026-10-08T05:56:51.270Z,nice,0
2026-10-08T05:57:06.270Z,nice,0
2026-10-08T05:57:21.270Z,nice,0
2026-10-08T05:57:36.270Z,nice,0
2026-10-08T05:57:51.270Z,nice,0
2026-10-08T05:58:06.270Z,nice,0
2026-10-08T05:58:21.270Z,nice,0
2026-10-08T05:58:36.270Z,nice,0
2026-10-08T05:58:51.270Z,nice,0
2026-10-08T05:59:06.270Z,nice,0
2026-10-08T05:59:21.270Z,nice,0
2026-10-08T05:59:36.270Z,nice,0
2026-10-08T05:59:51.270Z,nice,0
2026-10-08T06:00:06.270Z,nice,0
2026-10-08T06:00:21.270Z,nice,0
2026-10-08T06:00:36.270Z,nice,0
2026-10-08T06:00:51.270Z,nice,0
2026-10-08T06:01:06.270Z,nice,0
2026-10-08T06:01:21.270Z,nice,0
2026-10-08T06:01:36.270Z,nice,0
2026-10-08T06:01:51.270Z,nice,0
2026-10-08T06:02:06.270Z,nice,0
2026-10-08T06:02:21.270Z,nice,0
2026-10-08T06:02:36.270Z,nice,0
2026-10-08T06:02:51.270Z,nice,0
2026-10-08T06:03:06.270Z,nice,0
2026-10-08T06:03:21.270Z,nice,0
2026-10-08T06:03:36.270Z,nice,0
2026-10-08T06:03:51.270Z,nice,0
2026-10-08T06:04:06.270Z,nice,0
2026-10-08T06:04:21.270Z,nice,0
2026-10-08T06:04:36.270Z,nice,0
2026-10-08T06:04:51.270Z,nice,0
2026-10-08T06:05:06.270Z,nice,0
2026-10-08T06:05:21.270Z,nice,0
2026-10-08T06:05:36.270Z,nice,0
2026-10-08T06:05:51.270Z,nice,0
2026-10-08T06:06:06.270Z,nice,0
2026-10-08T06:06:21.270Z,nice,0
2026-10-08T06:06:36.270Z,nice,0
2026-10-08T06:06:51.270Z,nice,0
2026-10-08T06:07:06.270Z,nice,0
2026-10-08T06:07:21.270Z,nice,0
2026-10-08T06:07:36.270Z,nice,0
2026-10-08T06:07:51.270Z,nice,0
2026-10-08T06:08:06.270Z,nice,0
2026-10-08T06:08:21.270Z,nice,0
2026-10-08T06:08:36.270Z,nice,0
2026-10-08T06:08:51.270Z,nice,0
2026-10-08T06:09:06.270Z,nice,0
2026-10-08T06:09:21.270Z,nice,0
2026-10-08T06:09:36.270Z,nice,0
2026-10-08T06:09:51.270Z,nice,0
2026-10-08T06:10:06.270Z,nice,0
2026-10-08T06:10:21.270Z,nice,0
2026-10-08T06:10:36.270Z,nice,0
2026-10-08T06:10:51.270Z,nice,0
2026-10-08T06:11:06.270Z,nice,0
2026-10-08T06:11:21.270Z,nice,0
2026-10-08T06:11:36.270Z,nice,0
2026-10-08T06:11:51.270Z,nice,0
2026-10-08T06:12:06.270Z,nice,0
2026-10-08T06:12:21.270Z,nice,0
2026-10-08T06:12:36.270Z,nice,0
2026-10-08T06:12:51.270Z,nice,0
2026-10-08T06:13:06.270Z,nice,0
2026-10-08T06:13:21.270Z,nice,0
2026-10-08T06:13:36.270Z,nice,0
2026-10-08T06:13:51.270Z,nice,0
2026-10-08T06:14:06.270Z,nice,0
2026-10-08T06:14:21.270Z,nice,0
2026-10-08T06:14:36.270Z,nice,0
2026-10-08T06:14:51.270Z,nice,0
2026-10-08T06:15:06.270Z,nice,0
2026-10-08T06:15:21.270Z,nice,0
2026-10-08T06:15:36.270Z,nice,0
2026-10-08T06:15:51.270Z,nice,0
2026-10-08T06:16:06.270Z,nice,0
2026-10-08T06:16:21.270Z,nice,0
2026-10-08T06:16:36.270Z,nice,0
2026-10-08T06:16:51.270Z,nice,0
2026-10-08T06:17:06.270Z,nice,0
2026-10-08T06:17:21.270Z,nice,0
2026-10-08T06:17:36.270Z,nice,0
2026-10-08T06:17:51.270Z,nice,0
2026-10-08T06:18:06.270Z,nice,0
2026-10-08T06:18:21.270Z,nice,0
2026-10-08T06:18:36.270Z,nice,0
2026-10-08T06:18:51.270Z,nice,0
2026-10-08T06:19:06.270Z,nice,0
2026-10-08T06:19:21.270Z,nice,0
2026-10-08T06:19:36.270Z,nice,0
2026-10-08T06:19:51.270Z,nice,0
2026-10-08T06:20:06.270Z,nice,0
2026-10-08T06:20:21.270Z,nice,0
2026-10-08T06:20:36.270Z,nice,0
2026-10-08T06:20:51.270Z,nice,0
2026-10-08T06:21:06.270Z,nice,0
2026-10-08T06:21:21.270Z,nice,0
2026-10-08T06:21:36.270Z,nice,0
2026-10-08T06:21:51.270Z,nice,0
2026-10-08T06:22:06.270Z,nice,0
2026-10-08T06:22:21.270Z,nice,0
2026-10-08T06:22:36.270Z,nice,0
2026-10-08T06:22:51.270Z,nice,0
2026-10-08T06:23:06.270Z,nice,0
2026-10-08T06:23:21.270Z,nice,0
2026-10-08T06:23:36.270Z,nice,0
2026-10-08T06:23:51.270Z,nice,0
2026-10-08T06:24:06.270Z,nice,0
2026-10-08T06:24:21.270Z,nice,0
2026-10-08T06:24:36.270Z,nice,0
2026-10-08T06:24:51.270Z,nice,0
2026-10-08T06:25:06.270Z,nice,0
2026-10-08T06:25:21.270Z,nice,0
2026-10-08T06:25:36.270Z,nice,0
2026-10-08T06:25:51.270Z,nice,0
2026-10-08T06:26:06.270Z,nice,0
2026-10-08T06:26:21.270Z,nice,0
2026-10-08T06:26:36.270Z,nice,0
2026-10-08T06:26:51.270Z,nice,0
2026-10-08T06:27:06.270Z,nice,0
2026-10-08T06:27:21.270Z,nice,0
2026-10-08T06:27:36.270Z,nice,0
2026-10-08T06:27:51.270Z,nice,0
2026-10-08T06:28:06.270Z,nice,0
2026-10-08T06:28:21.270Z,nice,0
2026-10-08T06:28:36.270Z,nice,0
2026-10-08T06:28:51.270Z,nice,0
2026-10-08T06:29:06.270Z,nice,0
2026-10-08T06:29:21.270Z,nice,0
2026-10-08T06:29:36.270Z,nice,0
2026-10-08T06:29:51.270Z,nice,0
2026-10-08T06:30:06.270Z,nice,0
2026-10-08T06:30:21.270Z,nice,0
2026-10-08T06:30:36.270Z,nice,0
2026-10-08T06:30:51.270Z,nice,0
2026-10-08T06:31:06.270Z,nice,0
2026-10-08T06:31:21.270Z,nice,0
2026-10-08T06:31:36.270Z,nice,0
2026-10-08T06:31:51.270Z,nice,0
2026-10-08T06:32:06.270Z,nice,0
2026-10-08T06:32:21.270Z,nice,0
2026-10-08T06:32:36.270Z,nice,0
2026-10-08T06:32:51.270Z,nice,0
2026-10-08T06:33:06.270Z,nice,0
2026-10-08T06:33:21.270Z,nice,0
2026-10-08T06:33:36.270Z,nice,0
2026-10-08T06:33:51.270Z,nice,0
2026-10-08T06:34:06.270Z,nice,0
2026-10-08T06:34:21.270Z,nice,0
2026-10-08T06:34:36.270Z,nice,0
2026-10-08T06:34:51.270Z,nice,0
2026-10-08T06:35:06.270Z,nice,0
2026-10-08T06:35:21.270Z,nice,0
2026-10-08T06:35:36.270Z,nice,0
2026-10-08T06:35:51.270Z,nice,0
2026-10-08T06:36:06.270Z,nice,0
2026-10-08T06:36:21.270Z,nice,0
2026-10-08T06:36:36.270Z,nice,0
2026-10-08T06:36:51.270Z,nice,0
2026-10-08T06:37:06.270Z,nice,0
2026-10-08T06:37:21.270Z,nice,0
2026-10-08T06:37:36.270Z,nice,0
2026-10-08T06:37:51.270Z,nice,0
2026-10-08T06:38:06.270Z,nice,0
2026-10-08T06:38:21.270Z,nice,0
2026-10-08T06:38:36.270Z,nice,0
2026-10-08T06:38:51.270Z,nice,0
2026-10-08T06:39:06.270Z,nice,0
2026-10-08T06:39:21.270Z,nice,0
2026-10-08T06:39:36.270Z,nice,0
2026-10-08T06:39:51.270Z,nice,0
2026-10-08T06:40:06.270Z,nice,0
2026-10-08T06:40:21.270Z,nice,0
2026-10-08T06:40:36.270Z,nice,0
2026-10-08T06:40:51.270Z,nice,0
2026-10-08T06:41:06.270Z,nice,0
2026-10-08T06:41:21.270Z,nice,0
2026-10-08T06:41:36.270Z,nice,0
2026-10-08T06:41:51.270Z,nice,0
2026-10-08T06:42:06.270Z,nice,0
2026-10-08T06:42:21.270Z,nice,0
2026-10-08T06:42:36.270Z,nice,0
2026-10-08T06:42:51.270Z,nice,0
2026-10-08T06:43:06.270Z,nice,0
2026-10-08T06:43:21.270Z,nice,0
2026-10-08T06:43:36.270Z,nice,0
2026-10-08T06:43:51.270Z,nice,0
2026-10-08T06:44:06.270Z,nice,0
2026-10-08T06:44:21.270Z,nice,0
2026-10-08T06:44:36.270Z,nice,0
2026-10-08T06:44:51.270Z,nice,0
2026-10-08T06:45:06.270Z,nice,0
2026-10-08T06:45:21.270Z,nice,0
2026-10-08T06:45:36.270Z,nice,0
2026-10-08T06:45:51.270Z,nice,0
2026-10-08T06:46:06.270Z,nice,0
2026-10-08T06:46:21.270Z,nice,0
2026-10-08T06:46:36.270Z,nice,0
2026-10-08T06:46:51.270Z,nice,0
2026-10-08T06:47:06.270Z,nice,0
2026-10-08T06:47:21.270Z,nice,0
2026-10-08T06:47:36.270Z,nice,0
2026-10-08T06:47:51.270Z,nice,0
2026-10-08T06:48:06.270Z,nice,0
2026-10-08T06:48:21.270Z,nice,0
2026-10-08T06:48:36.270Z,nice,0
2026-10-08T06:48:51.270Z,nice,0
2026-10-08T06:49:06.270Z,nice,0
2026-10-08T06:49:21.270Z,nice,0
2026-10-08T06:49:36.270Z,nice,0
2026-10-08T06:49:51.270Z,nice,0
2026-10-08T06:50:06.270Z,nice,0
2026-10-08T06:50:21.270Z,nice,0
2026-10-08T06:50:36.270Z,nice,0
2026-10-08T06:50:51.270Z,nice,0
2026-10-08T06:51:06.270Z,nice,0
2026-10-08T06:51:21.270Z,nice,0
2026-10-08T06:51:36.270Z,nice,0
2026-10-08T06:51:51.270Z,nice,0
2026-10-08T06:52:06.270Z,nice,0
2026-10-08T06:52:21.270Z,nice,0
2026-10-08T06:52:36.270Z,nice,0
2026-10-08T06:52:51.270Z,nice,0
2026-10-08T06:53:06.270Z,nice,0
2026-10-08T06:53:21.270Z,nice,0
2026-10-08T06:53:36.270Z,nice,0
2026-10-08T06:53:51.270Z,nice,0
2026-10-08T06:54:06.270Z,nice,0
2026-10-08T06:54:21.270Z,nice,0
2026-10-08T06:54:36.270Z,nice,0
2026-10-08T06:54:51.270Z,nice,0
2026-10-08T06:55:06.270Z,nice,0
2026-10-08T06:55:21.270Z,nice,0
2026-10-08T06:55:36.270Z,nice,0
2026-10-08T06:55:51.270Z,nice,0
2026-10-08T06:56:06.270Z,nice,0
2026-10-08T06:56:21.270Z,nice,0
2026-10-08T06:56:36.270Z,nice,0
2026-10-08T06:56:51.270Z,nice,0
2026-10-08T06:57:06.270Z,nice,0
2026-10-08T06:57:21.270Z,nice,0
2026-10-08T06:57:36.270Z,nice,0
2026-10-08T06:57:51.270Z,nice,0
2026-10-08T06:58:06.270Z,nice,0
2026-10-08T06:58:21.270Z,nice,0
2026-10-08T06:58:36.270Z,nice,0
2026-10-08T06:58:51.270Z,nice,0
2026-10-08T06:59:06.270Z,nice,0
2026-10-08T06:59:21.270Z,nice,0
2026-10-08T06:59:36.270Z,nice,0
2026-10-08T06:59:51.270Z,nice,0
2026-10-08T07:00:06.270Z,nice,0
2026-10-08T07:00:21.270Z,nice,0
2026-10-08T07:00:36.270Z,nice,0
2026-10-08T07:00:51.270Z,nice,0
2026-10-08T07:01:06.270Z,nice,0
2026-10-08T07:01:21.270Z,nice,0
2026-10-08T07:01:36.270Z,nice,0
2026-10-08T07:01:51.270Z,nice,0
2026-10-08T07:02:06.270Z,nice,0
2026-10-08T07:02:21.270Z,nice,0
2026-10-08T07:02:36.270Z,nice,0
2026-10-08T07:02:51.270Z,nice,0
2026-10-08T07:03:06.270Z,nice,0
2026-10-08T07:03:21.270Z,nice,0
2026-10-08T07:03:36.270Z,nice,0
2026-10-08T07:03:51.270Z,nice,0
2026-10-08T07:04:06.270Z,nice,0
2026-10-08T07:04:21.270Z,nice,0
2026-10-08T07:04:36.270Z,nice,0
2026-10-08T07:04:51.270Z,nice,0
2026-10-08T07:05:06.270Z,nice,0
2026-10-08T07:05:21.270Z,nice,0
2026-10-08T07:05:36.270Z,nice,0
2026-10-08T07:05:51.270Z,nice,0
2026-10-08T07:06:06.270Z,nice,0
2026-10-08T07:06:21.270Z,nice,0
2026-10-08T07:06:36.270Z,nice,0
2026-10-08T07:06:51.270Z,nice,0
2026-10-08T07:07:06.270Z,nice,0
2026-10-08T07:07:21.270Z,nice,0
2026-10-08T07:07:36.270Z,nice,0
2026-10-08T07:07:51.270Z,nice,0
2026-10-08T07:08:06.270Z,nice,0
2026-10-08T07:08:21.270Z,nice,0
2026-10-08T07:08:36.270Z,nice,0
2026-10-08T07:08:51.270Z,nice,0
2026-10-08T07:09:06.270Z,nice,0
2026-10-08T07:09:21.270Z,nice,0
2026-10-08T07:09:36.270Z,nice,0
2026-10-08T07:09:51.270Z,nice,0
2026-10-08T07:10:06.270Z,nice,0
2026-10-08T07:10:21.270Z,nice,0
2026-10-08T07:10:36.270Z,nice,0
2026-10-08T07:10:51.270Z,nice,0
2026-10-08T07:11:06.270Z,nice,0
2026-10-08T07:11:21.270Z,nice,0
2026-10-08T07:11:36.270Z,nice,0
2026-10-08T07:11:51.270Z,nice,0
2026-10-08T07:12:06.270Z,nice,0
2026-10-08T07:12:21.270Z,nice,0
2026-10-08T07:12:36.270Z,nice,0
2026-10-08T07:12:51.270Z,nice,0
2026-10-08T07:13:06.270Z,nice,0
2026-10-08T07:13:21.270Z,nice,0
2026-10-08T07:13:36.270Z,nice,0
2026-10-08T07:13:51.270Z,nice,0
2026-10-08T07:14:06.270Z,nice,0
2026-10-08T07:14:21.270Z,nice,0
2026-10-08T07:14:36.270Z,nice,0
2026-10-08T07:14:51.270Z,nice,0
2026-10-08T07:15:06.270Z,nice,0
2026-10-08T07:15:21.270Z,nice,0
2026-10-08T07:15:36.270Z,nice,0
2026-10-08T07:15:51.270Z,nice,0
2026-10-08T07:16:06.270Z,nice,0
2026-10-08T07:16:21.270Z,nice,0
2026-10-08T07:16:36.270Z,nice,0
2026-10-08T07:16:51.270Z,nice,0
2026-10-08T07:17:06.270Z,nice,0
2026-10-08T07:17:21.270Z,nice,0
2026-10-08T07:17:36.270Z,nice,0
2026-10-08T07:17:51.270Z,nice,0
2026-10-08T07:18:06.270Z,nice,0
2026-10-08T07:18:21.270Z,nice,0
2026-10-08T07:18:36.270Z,nice,0
2026-10-08T07:18:51.270Z,nice,0
2026-10-08T07:19:06.270Z,nice,0
2026-10-08T07:19:21.270Z,nice,0
2026-10-08T07:19:36.270Z,nice,0
2026-10-08T07:19:51.270Z,nice,0
2026-10-08T07:20:06.270Z,nice,0
2026-10-08T07:20:21.270Z,nice,0
2026-10-08T07:20:36.270Z,nice,0
2026-10-08T07:20:51.270Z,nice,0
2026-10-08T07:21:06.270Z,nice,0
2026-10-08T07:21:21.270Z,nice,0
2026-10-08T07:21:36.270Z,nice,0
2026-10-08T07:21:51.270Z,nice,0
2026-10-08T07:22:06.270Z,nice,0
2026-10-08T07:22:21.270Z,nice,0
2026-10-08T07:22:36.270Z,nice,0
2026-10-08T07:22:51.270Z,nice,0
2026-10-08T07:23:06.270Z,nice,0
2026-10-08T07:23:21.270Z,nice,0
2026-10-08T07:23:36.270Z,nice,0
2026-10-08T07:23:51.270Z,nice,0
2026-10-08T07:24:06.270Z,nice,0
2026-10-08T07:24:21.270Z,nice,0
2026-10-08T07:24:36.270Z,nice,0
2026-10-08T07:24:51.270Z,nice,0
2026-10-08T07:25:06.270Z,nice,0
2026-10-08T07:25:21.270Z,nice,0
2026-10-08T07:25:36.270Z,nice,0
2026-10-08T07:25:51.270Z,nice,0
2026-10-08T07:26:06.270Z,nice,0
2026-10-08T07:26:21.270Z,nice,0
2026-10-08T07:26:36.270Z,nice,0
2026-10-08T07:26:51.270Z,nice,0
2026-10-08T07:27:06.270Z,nice,0
2026-10-08T07:27:21.270Z,nice,0
2026-10-08T07:27:36.270Z,nice,0
2026-10-08T07:27:51.270Z,nice,0
2026-10-08T07:28:06.270Z,nice,0
2026-10-08T07:28:21.270Z,nice,0
2026-10-08T07:28:36.270Z,nice,0
2026-10-08T07:28:51.270Z,nice,0
2026-10-08T07:29:06.270Z,nice,0
2026-10-08T07:29:21.270Z,nice,0
2026-10-08T07:29:36.270Z,nice,0
2026-10-08T07:29:51.270Z,nice,0
2026-10-08T07:30:06.270Z,nice,0
2026-10-08T07:30:21.270Z,nice,0
2026-10-08T07:30:36.270Z,nice,0
2026-10-08T07:30:51.270Z,nice,0
2026-10-08T07:31:06.270Z,nice,0
2026-10-08T07:31:21.270Z,nice,0
2026-10-08T07:31:36.270Z,nice,0
2026-10-08T07:31:51.270Z,nice,0
2026-10-08T07:32:06.270Z,nice,0
2026-10-08T07:32:21.270Z,nice,0
2026-10-08T07:32:36.270Z,nice,0
2026-10-08T07:32:51.270Z,nice,0
2026-10-08T07:33:06.270Z,nice,0
2026-10-08T07:33:21.270Z,nice,0
2026-10-08T07:33:36.270Z,nice,0
2026-10-08T07:33:51.270Z,nice,0
2026-10-08T07:34:06.270Z,nice,0
2026-10-08T07:34:21.270Z,nice,0
2026-10-08T07:34:36.270Z,nice,0
2026-10-08T07:34:51.270Z,nice,0
2026-10-08T07:35:06.270Z,nice,0
2026-10-08T07:35:21.270Z,nice,0
2026-10-08T07:35:36.270Z,nice,0
2026-10-08T07:35:51.270Z,nice,0
2026-10-08T07:36:06.270Z,nice,0
2026-10-08T07:36:21.270Z,nice,0
2026-10-08T07:36:36.270Z,nice,0
2026-10-08T07:36:51.270Z,nice,0
2026-10-08T07:37:06.270Z,nice,0
2026-10-08T07:37:21.270Z,nice,0
2026-10-08T07:37:36.270Z,nice,0
2026-10-08T07:37:51.270Z,nice,0
2026-10-08T07:38:06.270Z,nice,0
2026-10-08T07:38:21.270Z,nice,0
2026-10-08T07:38:36.270Z,nice,0
2026-10-08T07:38:51.270Z,nice,0
2026-10-08T07:39:06.270Z,nice,0
2026-10-08T07:39:21.270Z,nice,0
2026-10-08T07:39:36.270Z,nice,0
2026-10-08T05:47:36.270Z,softirq,0.0913333333333412
2026-10-08T05:47:51.270Z,softirq,0.08866666666664665
2026-10-08T05:48:06.270Z,softirq,0.08511111111110443
2026-10-08T05:48:21.270Z,softirq,0.08666666666665605
2026-10-08T05:48:36.270Z,softirq,0.0860000000000102
2026-10-08T05:48:51.270Z,softirq,0.08644444444445928
2026-10-08T05:49:06.270Z,softirq,0.08422222222222141
2026-10-08T05:49:21.270Z,softirq,0.08622222222220442
2026-10-08T05:49:36.270Z,softirq,0.08133333333331999
2026-10-08T05:49:51.270Z,softirq,0.08400000000000443
2026-10-08T05:50:06.270Z,softirq,0.08133333333334525
2026-10-08T05:50:21.270Z,softirq,0.08644444444445676
2026-10-08T05:50:36.270Z,softirq,0.08422222222220878
2026-10-08T05:50:51.270Z,softirq,0.08666666666666363
2026-10-08T05:51:06.270Z,softirq,0.08177777777777666
2026-10-08T05:51:21.270Z,softirq,0.08288888888890192
2026-10-08T05:51:36.270Z,softirq,0.07888888888889545
2026-10-08T05:51:51.270Z,softirq,0.08244444444443766
2026-10-08T05:52:06.270Z,softirq,0.07955555555554636
2026-10-08T05:52:21.270Z,softirq,0.08133333333331746
2026-10-08T05:52:36.270Z,softirq,0.07822222222223696
2026-10-08T05:52:51.270Z,softirq,0.0782222222222395
2026-10-08T05:53:06.270Z,softirq,0.07288888888890091
2026-10-08T05:53:21.270Z,softirq,0.07511111111109332
2026-10-08T05:53:36.270Z,softirq,0.07399999999999585
2026-10-08T05:53:51.270Z,softirq,0.07911111111111747
2026-10-08T05:54:06.270Z,softirq,0.07733333333334383
2026-10-08T05:54:21.270Z,softirq,0.08022222222221494
2026-10-08T05:54:36.270Z,softirq,0.07911111111110736
2026-10-08T05:54:51.270Z,softirq,0.08044444444444454
2026-10-08T05:55:06.270Z,softirq,0.0773333333333413
2026-10-08T05:55:21.270Z,softirq,0.07622222222222363
2026-10-08T05:55:36.270Z,softirq,0.07488888888887887
2026-10-08T05:55:51.270Z,softirq,0.07577777777777958
2026-10-08T05:56:06.270Z,softirq,0.07311111111110019
2026-10-08T05:56:21.270Z,softirq,0.07200000000000778
2026-10-08T05:56:36.270Z,softirq,0.06733333333332514
2026-10-08T05:56:51.270Z,softirq,0.07000000000000453
2026-10-08T05:57:06.270Z,softirq,0.0702222222222215
2026-10-08T05:57:21.270Z,softirq,0.07577777777777958
2026-10-08T05:57:36.270Z,softirq,0.07400000000000342
2026-10-08T05:57:51.270Z,softirq,0.08622222222223475
2026-10-08T05:58:06.270Z,softirq,0.09422222222221736
2026-10-08T05:58:21.270Z,softirq,0.10866666666665876
2026-10-08T05:58:36.270Z,softirq,0.10755555555553604
2026-10-08T05:58:51.270Z,softirq,0.1084444444444519
2026-10-08T05:59:06.270Z,softirq,0.10611846194833174
2026-10-08T05:59:21.270Z,softirq,0.1097777777777714
2026-10-08T05:59:36.270Z,softirq,0.10999999999999847
2026-10-08T05:59:51.270Z,softirq,0.10944034166738698
2026-10-08T06:00:06.270Z,softirq,0.10711111111111726
2026-10-08T06:00:21.270Z,softirq,0.10799999999999776
2026-10-08T06:00:36.270Z,softirq,0.11044444444445009
2026-10-08T06:00:51.270Z,softirq,0.10844444444446201
2026-10-08T06:01:06.270Z,softirq,0.10844444444444433
2026-10-08T06:01:21.270Z,softirq,0.1060000000000021
2026-10-08T06:01:36.270Z,softirq,0.10533333333331837
2026-10-08T06:01:51.270Z,softirq,0.10511111111112666
2026-10-08T06:02:06.270Z,softirq,0.10355555555556241
2026-10-08T06:02:21.270Z,softirq,0.10844444444445443
2026-10-08T06:02:36.270Z,softirq,0.10755555555553604
2026-10-08T06:02:51.270Z,softirq,0.11066666666666201
2026-10-08T06:03:06.270Z,softirq,0.1093333333333122
2026-10-08T06:03:21.270Z,softirq,0.11022222222224574
2026-10-08T06:03:36.270Z,softirq,0.11177777777777968
2026-10-08T06:03:51.270Z,softirq,0.11133333333335332
2026-10-08T06:04:06.270Z,softirq,0.10533333333332089
2026-10-08T06:04:21.270Z,softirq,0.10133333333334221
2026-10-08T06:04:36.270Z,softirq,0.09999999999999999
2026-10-08T06:04:51.270Z,softirq,0.10466666666665231
2026-10-08T06:05:06.270Z,softirq,0.10622222222221149
2026-10-08T06:05:21.270Z,softirq,0.10355555555554978
2026-10-08T06:05:36.270Z,softirq,0.10422222222223605
2026-10-08T06:05:51.270Z,softirq,0.10511111111111403
2026-10-08T06:06:06.270Z,softirq,0.10866666666665876
2026-10-08T06:06:21.270Z,softirq,0.10822222222222232
2026-10-08T06:06:36.270Z,softirq,0.10733333333332919
2026-10-08T06:06:51.270Z,softirq,0.1077777777777909
2026-10-08T06:07:06.270Z,softirq,0.10844444444442917
2026-10-08T06:07:21.270Z,softirq,0.1084444444444519
2026-10-08T06:07:36.270Z,softirq,0.10711111111110716
2026-10-08T06:07:51.270Z,softirq,0.10244444444445737
2026-10-08T06:08:06.270Z,softirq,0.0968888888888917
2026-10-08T06:08:21.270Z,softirq,0.09222222222222423
2026-10-08T06:08:36.270Z,softirq,0.09177777777777767
2026-10-08T06:08:51.270Z,softirq,0.09400000000000039
2026-10-08T06:09:06.270Z,softirq,0.09311111111111736
2026-10-08T06:09:21.270Z,softirq,0.09488888888889858
2026-10-08T06:09:36.270Z,softirq,0.09066666666666756
2026-10-08T06:09:51.270Z,softirq,0.08933333333331776
2026-10-08T06:10:06.270Z,softirq,0.0886666666666517
2026-10-08T06:10:21.270Z,softirq,0.08688888888888059
2026-10-08T06:10:36.270Z,softirq,0.0868888888888907
2026-10-08T06:10:51.270Z,softirq,0.08288888888889687
2026-10-08T06:11:06.270Z,softirq,0.08577777777778817
2026-10-08T06:11:21.270Z,softirq,0.08600000000000767
2026-10-08T06:11:36.270Z,softirq,0.08844444444443221
2026-10-08T06:11:51.270Z,softirq,0.08799999999998565
2026-10-08T06:12:06.270Z,softirq,0.0868888888888907
2026-10-08T06:12:21.270Z,softirq,0.08533333333334162
2026-10-08T06:12:36.270Z,softirq,0.08555555555555858
2026-10-08T06:12:51.270Z,softirq,0.0897777777777719
2026-10-08T06:13:06.270Z,softirq,0.09354931893429155
2026-10-08T06:13:21.270Z,softirq,0.09577777777777402
2026-10-08T06:13:36.270Z,softirq,0.09599999999999352
2026-10-08T06:13:51.270Z,softirq,0.09311731893236691
2026-10-08T06:14:06.270Z,softirq,0.09044444444445313
2026-10-08T06:14:21.270Z,softirq,0.08844444444444989
2026-10-08T06:14:36.270Z,softirq,0.08644444444444918
2026-10-08T06:14:51.270Z,softirq,0.08888888888888383
2026-10-08T06:15:06.270Z,softirq,0.08755555555555676
2026-10-08T06:15:21.270Z,softirq,0.09133333333334626
2026-10-08T06:15:36.270Z,softirq,0.08933333333334807
2026-10-08T06:15:51.270Z,softirq,0.09111111111112677
2026-10-08T06:16:06.270Z,softirq,0.0902222222222109
2026-10-08T06:16:21.270Z,softirq,0.09066666666665746
2026-10-08T06:16:36.270Z,softirq,0.08955555555553725
2026-10-08T06:16:51.270Z,softirq,0.0882222222222203
2026-10-08T06:17:06.270Z,softirq,0.08888888888887878
2026-10-08T06:17:21.270Z,softirq,0.09088888888890474
2026-10-08T06:17:36.270Z,softirq,0.09244444444444878
2026-10-08T06:17:51.270Z,softirq,0.09533333333334768
2026-10-08T06:18:06.270Z,softirq,0.0986666666666527
2026-10-08T06:18:21.270Z,softirq,0.10466666666667757
2026-10-08T06:18:36.270Z,softirq,0.10555555555554291
2026-10-08T06:18:51.270Z,softirq,0.10733333333333424
2026-10-08T06:19:06.270Z,softirq,0.10488888888887432
2026-10-08T06:19:21.270Z,softirq,0.10622222222223424
2026-10-08T06:19:36.270Z,softirq,0.1082222222222223
2026-10-08T06:19:51.270Z,softirq,0.10977777777777645
2026-10-08T06:20:06.270Z,softirq,0.11044444444443241
2026-10-08T06:20:21.270Z,softirq,0.10866666666665878
2026-10-08T06:20:36.270Z,softirq,0.10866666666667393
2026-10-08T06:20:51.270Z,softirq,0.11022222222222049
2026-10-08T06:21:06.270Z,softirq,0.10733333333335444
2026-10-08T06:21:21.270Z,softirq,0.10688888888888513
2026-10-08T06:21:36.270Z,softirq,0.10422222222222342
2026-10-08T06:21:51.270Z,softirq,0.10644444444442594
2026-10-08T06:22:06.270Z,softirq,0.10822222222221725
2026-10-08T06:22:21.270Z,softirq,0.10733333333332917
2026-10-08T06:22:36.270Z,softirq,0.10666666666667322
2026-10-08T06:22:51.270Z,softirq,0.10311111111110069
2026-10-08T06:23:06.270Z,softirq,0.10733333333333928
2026-10-08T06:23:21.270Z,softirq,0.1042222222222209
2026-10-08T06:23:36.270Z,softirq,0.10511111111111655
2026-10-08T06:23:51.270Z,softirq,0.10000000000000757
2026-10-08T06:24:06.270Z,softirq,0.10533333333333857
2026-10-08T06:24:21.270Z,softirq,0.10333333333334038
2026-10-08T06:24:36.270Z,softirq,0.10466666666667251
2026-10-08T06:24:51.270Z,softirq,0.09955555555555595
2026-10-08T06:25:06.270Z,softirq,0.10066666666666857
2026-10-08T06:25:21.270Z,softirq,0.10022222222223211
2026-10-08T06:25:36.270Z,softirq,0.09955555555554836
2026-10-08T06:25:51.270Z,softirq,0.09622222222222565
2026-10-08T06:26:06.270Z,softirq,0.09777777777775705
2026-10-08T06:26:21.270Z,softirq,0.09888888888889746
2026-10-08T06:26:36.270Z,softirq,0.10355555555556242
2026-10-08T06:26:51.270Z,softirq,0.10688888888889778
2026-10-08T06:27:06.270Z,softirq,0.10844444444442665
2026-10-08T06:27:21.270Z,softirq,0.10311111111110069
2026-10-08T06:27:36.270Z,softirq,0.09933333333332635
2026-10-08T06:27:51.270Z,softirq,0.10733333333335192
2026-10-08T06:28:06.270Z,softirq,0.116444444444432
2026-10-08T06:28:21.270Z,softirq,0.11999999999999696
2026-10-08T06:28:36.270Z,softirq,0.11377777777776524
2026-10-08T06:28:51.270Z,softirq,0.11288888888889231
2026-10-08T06:29:06.270Z,softirq,0.1135555555555609
2026-10-08T06:29:21.270Z,softirq,0.11555555555555402
2026-10-08T06:29:36.270Z,softirq,0.11111111111111362
2026-10-08T06:29:51.270Z,softirq,0.10977777777778402
2026-10-08T06:30:06.270Z,softirq,0.1097777777777714
2026-10-08T06:30:21.270Z,softirq,0.1164444444444421
2026-10-08T06:30:36.270Z,softirq,0.11755555555554716
2026-10-08T06:30:51.270Z,softirq,0.12000000000002221
2026-10-08T06:31:06.270Z,softirq,0.11911111111112908
2026-10-08T06:31:21.270Z,softirq,0.1197777777777724
2026-10-08T06:31:36.270Z,softirq,0.1186666666666623
2026-10-08T06:31:51.270Z,softirq,0.11888888888889695
2026-10-08T06:32:06.270Z,softirq,0.11866666666666736
2026-10-08T06:32:21.270Z,softirq,0.11933333333332079
2026-10-08T06:32:36.270Z,softirq,0.11844444444443271
2026-10-08T06:32:51.270Z,softirq,0.1195555555555605
2026-10-08T06:33:06.270Z,softirq,0.12044444444443847
2026-10-08T06:33:21.270Z,softirq,0.12222222222222473
2026-10-08T06:33:36.270Z,softirq,0.12044444444443089
2026-10-08T06:33:51.270Z,softirq,0.11600000000002333
2026-10-08T06:34:06.270Z,softirq,0.1153333333333219
2026-10-08T06:34:21.270Z,softirq,0.11666666666668686
2026-10-08T06:34:36.270Z,softirq,0.11733333333331503
2026-10-08T06:34:51.270Z,softirq,0.11711111111111827
2026-10-08T06:35:06.270Z,softirq,0.11355555555554069
2026-10-08T06:35:21.270Z,softirq,0.11377777777777281
2026-10-08T06:35:36.270Z,softirq,0.11133333333332049
2026-10-08T06:35:51.270Z,softirq,0.11400000000000242
2026-10-08T06:36:06.270Z,softirq,0.11577777777779878
2026-10-08T06:36:21.270Z,softirq,0.11755555555556736
2026-10-08T06:36:36.270Z,softirq,0.11666666666665908
2026-10-08T06:36:51.270Z,softirq,0.11622222222220999
2026-10-08T06:37:06.270Z,softirq,0.11533333333333959
2026-10-08T06:37:21.270Z,softirq,0.1148888888888905
2026-10-08T06:37:36.270Z,softirq,0.11288888888890242
2026-10-08T06:37:51.270Z,softirq,0.1173333333333327
2026-10-08T06:38:06.270Z,softirq,0.12066666666667313
2026-10-08T06:38:21.270Z,softirq,0.12644444444443553
2026-10-08T06:38:36.270Z,softirq,0.12888888888887776
2026-10-08T06:38:51.270Z,softirq,0.13088888888889363
2026-10-08T06:39:06.270Z,softirq,0.1284444444444514
2026-10-08T06:39:21.270Z,softirq,0.1260000000000117
2026-10-08T06:39:36.270Z,softirq,0.1231111111111103
2026-10-08T06:39:51.270Z,softirq,0.12599999999998138
2026-10-08T06:40:06.270Z,softirq,0.12399999999998826
2026-10-08T06:40:21.270Z,softirq,0.12466666666666948
2026-10-08T06:40:36.270Z,softirq,0.12755555555557088
2026-10-08T06:40:51.270Z,softirq,0.1288888888889005
2026-10-08T06:41:06.270Z,softirq,0.12911111111109977
2026-10-08T06:41:21.270Z,softirq,0.12977777777776078
2026-10-08T06:41:36.270Z,softirq,0.1342222222222113
2026-10-08T06:41:51.270Z,softirq,0.13688888888889322
2026-10-08T06:42:06.270Z,softirq,0.134000000000012
2026-10-08T06:42:21.270Z,softirq,0.13066666666667917
2026-10-08T06:42:36.270Z,softirq,0.13266666666668242
2026-10-08T06:42:51.270Z,softirq,0.13288888888889686
2026-10-08T06:43:06.270Z,softirq,0.1331111111111037
2026-10-08T06:43:21.270Z,softirq,0.13288888888888423
2026-10-08T06:43:36.270Z,softirq,0.13288888888888423
2026-10-08T06:43:51.270Z,softirq,0.13333333333333838
2026-10-08T06:44:06.270Z,softirq,0.12822222222221422
2026-10-08T06:44:21.270Z,softirq,0.12511111111110593
2026-10-08T06:44:36.270Z,softirq,0.12422222222222797
2026-10-08T06:44:51.270Z,softirq,0.12577777777776694
2026-10-08T06:45:06.270Z,softirq,0.1282222222222117
2026-10-08T06:45:21.270Z,softirq,0.12822222222221927
2026-10-08T06:45:36.270Z,softirq,0.1300000000000207
2026-10-08T06:45:51.270Z,softirq,0.13244444444446546
2026-10-08T06:46:06.270Z,softirq,0.13333333333332573
2026-10-08T06:46:21.270Z,softirq,0.13133333333332756
2026-10-08T06:46:36.270Z,softirq,0.12866666666666332
2026-10-08T06:46:51.270Z,softirq,0.12799999999999473
2026-10-08T06:47:06.270Z,softirq,0.12911111111111492
2026-10-08T06:47:21.270Z,softirq,0.12733333333332109
2026-10-08T06:47:36.270Z,softirq,0.12733333333334382
2026-10-08T06:47:51.270Z,softirq,0.1326666666666546
2026-10-08T06:48:06.270Z,softirq,0.13888888888889644
2026-10-08T06:48:21.270Z,softirq,0.14133333333331846
2026-10-08T06:48:36.270Z,softirq,0.13800000000001847
2026-10-08T06:48:51.270Z,softirq,0.13622222222222968
2026-10-08T06:49:06.270Z,softirq,0.13800000000001342
2026-10-08T06:49:21.270Z,softirq,0.14111111111110655
2026-10-08T06:49:36.270Z,softirq,0.14466666666664876
2026-10-08T06:49:51.270Z,softirq,0.1453333333333325
2026-10-08T06:50:06.270Z,softirq,0.14533333333332998
2026-10-08T06:50:21.270Z,softirq,0.14222222222222927
2026-10-08T06:50:36.270Z,softirq,0.13822222222222028
2026-10-08T06:50:51.270Z,softirq,0.1317777777777817
2026-10-08T06:51:06.270Z,softirq,0.1331111111111214
2026-10-08T06:51:21.270Z,softirq,0.13688888888888565
2026-10-08T06:51:36.270Z,softirq,0.14044444444444049
2026-10-08T06:51:51.270Z,softirq,0.1391111111111033
2026-10-08T06:52:06.270Z,softirq,0.14177777777778525
2026-10-08T06:52:21.270Z,softirq,0.1428888888888827
2026-10-08T06:52:36.270Z,softirq,0.1462222222222231
2026-10-08T06:52:51.270Z,softirq,0.1417777777777625
2026-10-08T06:53:06.270Z,softirq,0.14266666666666575
2026-10-08T06:53:21.270Z,softirq,0.14111111111110655
2026-10-08T06:53:36.270Z,softirq,0.14288888888888776
2026-10-08T06:53:51.270Z,softirq,0.14622222222221806
2026-10-08T06:54:06.270Z,softirq,0.1464444444444628
2026-10-08T06:54:21.270Z,softirq,0.14666666666668232
2026-10-08T06:54:36.270Z,softirq,0.1431111111111123
2026-10-08T06:54:51.270Z,softirq,0.14687909694907744
2026-10-08T06:55:06.270Z,softirq,0.15333333333333535
2026-10-08T06:55:21.270Z,softirq,0.15688888888889524
2026-10-08T06:55:36.270Z,softirq,0.1544547414271997
2026-10-08T06:55:51.270Z,softirq,0.15933333333331726
2026-10-08T06:56:06.270Z,softirq,0.16622222222222008
2026-10-08T06:56:21.270Z,softirq,0.16977777777779263
2026-10-08T06:56:36.270Z,softirq,0.15733333333334684
2026-10-08T06:56:51.270Z,softirq,0.15355555555556494
2026-10-08T06:57:06.270Z,softirq,0.14777777777776463
2026-10-08T06:57:21.270Z,softirq,0.15199999999998554
2026-10-08T06:57:36.270Z,softirq,0.1437777777777632
2026-10-08T06:57:51.270Z,softirq,0.1488888888888924
2026-10-08T06:58:06.270Z,softirq,0.15266666666667938
2026-10-08T06:58:21.270Z,softirq,0.16355555555555332
2026-10-08T06:58:36.270Z,softirq,0.1646666666666634
2026-10-08T06:58:51.270Z,softirq,0.16688888888888614
2026-10-08T06:59:06.270Z,softirq,0.16844444444446807
2026-10-08T06:59:21.270Z,softirq,0.17755555555557595
2026-10-08T06:59:36.270Z,softirq,0.17355555555553917
2026-10-08T06:59:51.270Z,softirq,0.1784444444444312
2026-10-08T07:00:06.270Z,softirq,0.18466666666664774
2026-10-08T07:00:21.270Z,softirq,0.18800000000001088
2026-10-08T07:00:36.270Z,softirq,0.1882222222222228
2026-10-08T07:00:51.270Z,softirq,0.18955555555556503
2026-10-08T07:01:06.270Z,softirq,0.18822222222221524
2026-10-08T07:01:21.270Z,softirq,0.1819999999999835
2026-10-08T07:01:36.270Z,softirq,0.17577777777776693
2026-10-08T07:01:51.270Z,softirq,0.18555555555557626
2026-10-08T07:02:06.270Z,softirq,0.1942222222222426
2026-10-08T07:02:21.270Z,softirq,0.18777777777778382
2026-10-08T07:02:36.270Z,softirq,0.17511111111110594
2026-10-08T07:02:51.270Z,softirq,0.16599999999997786
2026-10-08T07:03:06.270Z,softirq,0.16133333333334068
2026-10-08T07:03:21.270Z,softirq,0.16533333333333453
2026-10-08T07:03:36.270Z,softirq,0.17044444444446372
2026-10-08T07:03:51.270Z,softirq,0.17933333333331675
2026-10-08T07:04:06.270Z,softirq,0.1846666666666629
2026-10-08T07:04:21.270Z,softirq,0.18777777777777624
2026-10-08T07:04:36.270Z,softirq,0.19711111111112128
2026-10-08T07:04:51.270Z,softirq,0.2022222222222227
2026-10-08T07:05:06.270Z,softirq,0.20577777777778009
2026-10-08T07:05:21.270Z,softirq,0.20310208435181132
2026-10-08T07:05:36.270Z,softirq,0.20644444444444615
2026-10-08T07:05:51.270Z,softirq,0.20444444444443532
2026-10-08T07:06:06.270Z,softirq,0.20667585226009438
2026-10-08T07:06:21.270Z,softirq,0.20733333333333676
2026-10-08T07:06:36.270Z,softirq,0.21265248983400967
2026-10-08T07:06:51.270Z,softirq,0.2111111111111035
2026-10-08T07:07:06.270Z,softirq,0.2173333333333327
2026-10-08T07:07:21.270Z,softirq,0.22001466764450914
2026-10-08T07:07:36.270Z,softirq,0.22488888888890665
2026-10-08T07:07:51.270Z,softirq,0.221111111111102
2026-10-08T07:08:06.270Z,softirq,0.22311111111112797
2026-10-08T07:08:21.270Z,softirq,0.22199999999999764
2026-10-08T07:08:36.270Z,softirq,0.22244444444445938
2026-10-08T07:08:51.270Z,softirq,0.22177777777776805
2026-10-08T07:09:06.270Z,softirq,0.22333333333331967
2026-10-08T07:09:21.270Z,softirq,0.2244444444444222
2026-10-08T07:09:36.270Z,softirq,0.2242072750705642
2026-10-08T07:09:51.270Z,softirq,0.2177777777777818
2026-10-08T07:10:06.270Z,softirq,0.210000000000001
2026-10-08T07:10:21.270Z,softirq,0.20534702313486577
2026-10-08T07:10:36.270Z,softirq,0.20755555555556887
2026-10-08T07:10:51.270Z,softirq,0.21266666666667533
2026-10-08T07:11:06.270Z,softirq,0.20755555555555877
2026-10-08T07:11:21.270Z,softirq,0.20844444444443674
2026-10-08T07:11:36.270Z,softirq,0.21244444444444827
2026-10-08T07:11:51.270Z,softirq,0.215333333333332
2026-10-08T07:12:06.270Z,softirq,0.21577777777776846
2026-10-08T07:12:21.270Z,softirq,0.2071111111111097
2026-10-08T07:12:36.270Z,softirq,0.20866666666665876
2026-10-08T07:12:51.270Z,softirq,0.20666666666666564
2026-10-08T07:13:06.270Z,softirq,0.2137777777777728
2026-10-08T07:13:21.270Z,softirq,0.21288888888888977
2026-10-08T07:13:36.270Z,softirq,0.2139999999999923
2026-10-08T07:13:51.270Z,softirq,0.20622222222222664
2026-10-08T07:14:06.270Z,softirq,0.21155555555554756
2026-10-08T07:14:21.270Z,softirq,0.20977777777777898
2026-10-08T07:14:36.270Z,softirq,0.2204444444444435
2026-10-08T07:14:51.270Z,softirq,0.21600000000001826
2026-10-08T07:15:06.270Z,softirq,0.22133333333335178
2026-10-08T07:15:21.270Z,softirq,0.21844444444445038
2026-10-08T07:15:36.270Z,softirq,0.22066666666665039
2026-10-08T07:15:51.270Z,softirq,0.22377777777776875
2026-10-08T07:16:06.270Z,softirq,0.2255555555555323
2026-10-08T07:16:21.270Z,softirq,0.22955555555555895
2026-10-08T07:16:36.270Z,softirq,0.22711111111110915
2026-10-08T07:16:51.270Z,softirq,0.22111111111112977
2026-10-08T07:17:06.270Z,softirq,0.219555555555563
2026-10-08T07:17:21.270Z,softirq,0.2168888888889038
2026-10-08T07:17:36.270Z,softirq,0.22066666666666807
2026-10-08T07:17:51.270Z,softirq,0.21220807501721503
2026-10-08T07:18:06.270Z,softirq,0.21488888888888796
2026-10-08T07:18:21.270Z,softirq,0.21155555555553995
2026-10-08T07:18:36.270Z,softirq,0.22490388248105947
2026-10-08T07:18:51.270Z,softirq,0.22177777777776805
2026-10-08T07:19:06.270Z,softirq,0.2228888888889034
2026-10-08T07:19:21.270Z,softirq,0.21355555555554068
2026-10-08T07:19:36.270Z,softirq,0.21311111111111936
2026-10-08T07:19:51.270Z,softirq,0.21799999999999117
2026-10-08T07:20:06.270Z,softirq,0.21555555555556918
2026-10-08T07:20:21.270Z,softirq,0.2162222222222226
2026-10-08T07:20:36.270Z,softirq,0.20888888888889595
2026-10-08T07:20:51.270Z,softirq,0.2115555555555526
2026-10-08T07:21:06.270Z,softirq,0.2166666666666515
2026-10-08T07:21:21.270Z,softirq,0.21866666666666734
2026-10-08T07:21:36.270Z,softirq,0.2188888888888919
2026-10-08T07:21:51.270Z,softirq,0.21222222222222625
2026-10-08T07:22:06.270Z,softirq,0.20911111111110028
2026-10-08T07:22:21.270Z,softirq,0.20755555555556382
2026-10-08T07:22:36.270Z,softirq,0.20266666666665917
2026-10-08T07:22:51.270Z,softirq,0.19822222222222383
2026-10-08T07:23:06.270Z,softirq,0.19933333333332634
2026-10-08T07:23:21.270Z,softirq,0.20311111111111838
2026-10-08T07:23:36.270Z,softirq,0.20577777777778766
2026-10-08T07:23:51.270Z,softirq,0.20644444444444868
2026-10-08T07:24:06.270Z,softirq,0.20644444444443605
2026-10-08T07:24:21.270Z,softirq,0.20844444444443927
2026-10-08T07:24:36.270Z,softirq,0.20399999999998117
2026-10-08T07:24:51.270Z,softirq,0.20533333333333856
2026-10-08T07:25:06.270Z,softirq,0.20711111111111724
2026-10-08T07:25:21.270Z,softirq,0.21066666666668474
2026-10-08T07:25:36.270Z,softirq,0.21222222222223383
2026-10-08T07:25:51.270Z,softirq,0.21244444444443816
2026-10-08T07:26:06.270Z,softirq,0.21444444444444896
2026-10-08T07:26:21.270Z,softirq,0.21111111111109845
2026-10-08T07:26:36.270Z,softirq,0.21199999999999916
2026-10-08T07:26:51.270Z,softirq,0.20999999999999594
2026-10-08T07:27:06.270Z,softirq,0.20977777777778403
2026-10-08T07:27:21.270Z,softirq,0.20755555555555877
2026-10-08T07:27:36.270Z,softirq,0.20399999999999383
2026-10-08T07:27:51.270Z,softirq,0.20466666666667
2026-10-08T07:28:06.270Z,softirq,0.20354198608981808
2026-10-08T07:28:21.270Z,softirq,0.20711111111109956
2026-10-08T07:28:36.270Z,softirq,0.20600000000000715
2026-10-08T07:28:51.270Z,softirq,0.2066804453630308
2026-10-08T07:29:06.270Z,softirq,0.20822222222222733
2026-10-08T07:29:21.270Z,softirq,0.20488888888887682
2026-10-08T07:29:36.270Z,softirq,0.19799999999997905
2026-10-08T07:29:51.270Z,softirq,0.1966666666666823
2026-10-08T07:30:06.270Z,softirq,0.19888888888890505
2026-10-08T07:30:21.270Z,softirq,0.1968888888888917
2026-10-08T07:30:36.270Z,softirq,0.19311111111109966
2026-10-08T07:30:51.270Z,softirq,0.19111111111109896
2026-10-08T07:31:06.270Z,softirq,0.19866666666666027
2026-10-08T07:31:21.270Z,softirq,0.1946666666666538
2026-10-08T07:31:36.270Z,softirq,0.1937777777777834
2026-10-08T07:31:51.270Z,softirq,0.18933333333333796
2026-10-08T07:32:06.270Z,softirq,0.18488888888890515
2026-10-08T07:32:21.270Z,softirq,0.17933333333332685
2026-10-08T07:32:36.270Z,softirq,0.17777777777778533
2026-10-08T07:32:51.270Z,softirq,0.1768888888888922
2026-10-08T07:33:06.270Z,softirq,0.1751111111111009
2026-10-08T07:33:21.270Z,softirq,0.1693333333333309
2026-10-08T07:33:36.270Z,softirq,0.16733333333333522
2026-10-08T07:33:51.270Z,softirq,0.16844444444444534
2026-10-08T07:34:06.270Z,softirq,0.16911111111111646
2026-10-08T07:34:21.270Z,softirq,0.1720000000000027
2026-10-08T07:34:36.270Z,softirq,0.17288888888889836
2026-10-08T07:34:51.270Z,softirq,0.1742222222222204
2026-10-08T07:35:06.270Z,softirq,0.17333333333330955
2026-10-08T07:35:21.270Z,softirq,0.1737777777777738
2026-10-08T07:35:36.270Z,softirq,0.1771111111111016
2026-10-08T07:35:51.270Z,softirq,0.17977777777778098
2026-10-08T07:36:06.270Z,softirq,0.1780000000000023
2026-10-08T07:36:21.270Z,softirq,0.17600000000001675
2026-10-08T07:36:36.270Z,softirq,0.17066666666666808
2026-10-08T07:36:51.270Z,softirq,0.17222222222222977
2026-10-08T07:37:06.270Z,softirq,0.1737777777777738
2026-10-08T07:37:21.270Z,softirq,0.18044444444445967
2026-10-08T07:37:36.270Z,softirq,0.18266666666665968
2026-10-08T07:37:51.270Z,softirq,0.18111111111111564
2026-10-08T07:38:06.270Z,softirq,0.17599999999998392
2026-10-08T07:38:21.270Z,softirq,0.17155555555556118
2026-10-08T07:38:36.270Z,softirq,0.1704444444444435
2026-10-08T07:38:51.270Z,softirq,0.17666666666668282
2026-10-08T07:39:06.270Z,softirq,0.17955555555555644
2026-10-08T07:39:21.270Z,softirq,0.17977777777777593
2026-10-08T07:39:36.270Z,softirq,0.17933333333333695
2026-10-08T05:47:36.270Z,steal,0.0633333333333313
2026-10-08T05:47:51.270Z,steal,0.06444444444444393
2026-10-08T05:48:06.270Z,steal,0.062444444444445746
2026-10-08T05:48:21.270Z,steal,0.05488888888888696
2026-10-08T05:48:36.270Z,steal,0.04755555555555525
2026-10-08T05:48:51.270Z,steal,0.03911111111110585
2026-10-08T05:49:06.270Z,steal,0.03711111111111525
2026-10-08T05:49:21.270Z,steal,0.04311111111111232
2026-10-08T05:49:36.270Z,steal,0.044666666666668985
2026-10-08T05:49:51.270Z,steal,0.04244444444444373
2026-10-08T05:50:06.270Z,steal,0.04044444444444303
2026-10-08T05:50:21.270Z,steal,0.042444444444446255
2026-10-08T05:50:36.270Z,steal,0.04488888888888848
2026-10-08T05:50:51.270Z,steal,0.04155555555555565
2026-10-08T05:51:06.270Z,steal,0.042444444444446255
2026-10-08T05:51:21.270Z,steal,0.04199999999999969
2026-10-08T05:51:36.270Z,steal,0.041555555555553125
2026-10-08T05:51:51.270Z,steal,0.037777777777778784
2026-10-08T05:52:06.270Z,steal,0.045111111111113024
2026-10-08T05:52:21.270Z,steal,0.04666666666666717
2026-10-08T05:52:36.270Z,steal,0.05266666666666424
2026-10-08T05:52:51.270Z,steal,0.042222222222219184
2026-10-08T05:53:06.270Z,steal,0.04333333333333687
2026-10-08T05:53:21.270Z,steal,0.03888888888888888
2026-10-08T05:53:36.270Z,steal,0.0391111111111109
2026-10-08T05:53:51.270Z,steal,0.03622222222221959
2026-10-08T05:54:06.270Z,steal,0.03888888888889141
2026-10-08T05:54:21.270Z,steal,0.03955555555555494
2026-10-08T05:54:36.270Z,steal,0.04733333333333575
2026-10-08T05:54:51.270Z,steal,0.04599999999999605
2026-10-08T05:55:06.270Z,steal,0.04822222222222383
2026-10-08T05:55:21.270Z,steal,0.04288888888888777
2026-10-08T05:55:36.270Z,steal,0.04066666666666757
2026-10-08T05:55:51.270Z,steal,0.03755555555555929
2026-10-08T05:56:06.270Z,steal,0.03844444444443979
2026-10-08T05:56:21.270Z,steal,0.03911111111111343
2026-10-08T05:56:36.270Z,steal,0.044222222222219894
2026-10-08T05:56:51.270Z,steal,0.04333333333333434
2026-10-08T05:57:06.270Z,steal,0.048444444444443326
2026-10-08T05:57:21.270Z,steal,0.043777777777775854
2026-10-08T05:57:36.270Z,steal,0.04088888888889212
2026-10-08T05:57:51.270Z,steal,0.03888888888888888
2026-10-08T05:58:06.270Z,steal,0.04333333333333181
2026-10-08T05:58:21.270Z,steal,0.04933333333333141
2026-10-08T05:58:36.270Z,steal,0.058222222222222314
2026-10-08T05:58:51.270Z,steal,0.055777777777782624
2026-10-08T05:59:06.270Z,steal,0.05772133913507349
2026-10-08T05:59:21.270Z,steal,0.052222222222222725
2026-10-08T05:59:36.270Z,steal,0.056222222222219086
2026-10-08T05:59:51.270Z,steal,0.052718213364173344
2026-10-08T06:00:06.270Z,steal,0.05777777777777322
2026-10-08T06:00:21.270Z,steal,0.052888888888888784
2026-10-08T06:00:36.270Z,steal,0.06066666666666706
2026-10-08T06:00:51.270Z,steal,0.05133333333333464
2026-10-08T06:01:06.270Z,steal,0.057555555555556255
2026-10-08T06:01:21.270Z,steal,0.04933333333333394
2026-10-08T06:01:36.270Z,steal,0.051333333333332114
2026-10-08T06:01:51.270Z,steal,0.05399999999999888
2026-10-08T06:02:06.270Z,steal,0.05622222222222414
2026-10-08T06:02:21.270Z,steal,0.05755555555555878
2026-10-08T06:02:36.270Z,steal,0.052444444444444745
2026-10-08T06:02:51.270Z,steal,0.05333333333333535
2026-10-08T06:03:06.270Z,steal,0.052222222222222725
2026-10-08T06:03:21.270Z,steal,0.05622222222222161
2026-10-08T06:03:36.270Z,steal,0.05466666666666494
2026-10-08T06:03:51.270Z,steal,0.054888888888884435
2026-10-08T06:04:06.270Z,steal,0.05044444444444656
2026-10-08T06:04:21.270Z,steal,0.05399999999999888
2026-10-08T06:04:36.270Z,steal,0.0566666666666707
2026-10-08T06:04:51.270Z,steal,0.057333333333334235
2026-10-08T06:05:06.270Z,steal,0.06088888888888908
2026-10-08T06:05:21.270Z,steal,0.05777777777777575
2026-10-08T06:05:36.270Z,steal,0.0602222222222205
2026-10-08T06:05:51.270Z,steal,0.05422222222222595
2026-10-08T06:06:06.270Z,steal,0.058888888888890906
2026-10-08T06:06:21.270Z,steal,0.05466666666666747
2026-10-08T06:06:36.270Z,steal,0.054888888888884435
2026-10-08T06:06:51.270Z,steal,0.048222222222221306
2026-10-08T06:07:06.270Z,steal,0.05155555555555413
2026-10-08T06:07:21.270Z,steal,0.051555555555559185
2026-10-08T06:07:36.270Z,steal,0.05377777777777686
2026-10-08T06:07:51.270Z,steal,0.05355555555555484
2026-10-08T06:08:06.270Z,steal,0.05088888888888555
2026-10-08T06:08:21.270Z,steal,0.04822222222222383
2026-10-08T06:08:36.270Z,steal,0.043999999999997874
2026-10-08T06:08:51.270Z,steal,0.043777777777775854
2026-10-08T06:09:06.270Z,steal,0.04444444444444444
2026-10-08T06:09:21.270Z,steal,0.04600000000000111
2026-10-08T06:09:36.270Z,steal,0.04555555555555707
2026-10-08T06:09:51.270Z,steal,0.042888888888887776
2026-10-08T06:10:06.270Z,steal,0.045333333333335044
2026-10-08T06:10:21.270Z,steal,0.04266666666666828
2026-10-08T06:10:36.270Z,steal,0.04866666666666787
2026-10-08T06:10:51.270Z,steal,0.03933333333333292
2026-10-08T06:11:06.270Z,steal,0.043333333333334334
2026-10-08T06:11:21.270Z,steal,0.035777777777778075
2026-10-08T06:11:36.270Z,steal,0.043333333333334334
2026-10-08T06:11:51.270Z,steal,0.03888888888888636
2026-10-08T06:12:06.270Z,steal,0.04577777777777656
2026-10-08T06:12:21.270Z,steal,0.03999999999999899
2026-10-08T06:12:36.270Z,steal,0.043333333333334334
2026-10-08T06:12:51.270Z,steal,0.03933333333333797
2026-10-08T06:13:06.270Z,steal,0.044219274270606915
2026-10-08T06:13:21.270Z,steal,0.04000000000000151
2026-10-08T06:13:36.270Z,steal,0.042666666666663224
2026-10-08T06:13:51.270Z,steal,0.040002666844452764
2026-10-08T06:14:06.270Z,steal,0.04555555555555454
2026-10-08T06:14:21.270Z,steal,0.041333333333331106
2026-10-08T06:14:36.270Z,steal,0.04288888888888777
2026-10-08T06:14:51.270Z,steal,0.037333333333334745
2026-10-08T06:15:06.270Z,steal,0.04688888888889424
2026-10-08T06:15:21.270Z,steal,0.045333333333335044
2026-10-08T06:15:36.270Z,steal,0.05222222222221767
2026-10-08T06:15:51.270Z,steal,0.043999999999997874
2026-10-08T06:16:06.270Z,steal,0.04288888888888777
2026-10-08T06:16:21.270Z,steal,0.041555555555553125
2026-10-08T06:16:36.270Z,steal,0.041777777777780196
2026-10-08T06:16:51.270Z,steal,0.04311111111111485
2026-10-08T06:17:06.270Z,steal,0.04155555555555818
2026-10-08T06:17:21.270Z,steal,0.043777777777775854
2026-10-08T06:17:36.270Z,steal,0.04555555555555454
2026-10-08T06:17:51.270Z,steal,0.04377777777777838
2026-10-08T06:18:06.270Z,steal,0.04466666666666393
2026-10-08T06:18:21.270Z,steal,0.04333333333333181
2026-10-08T06:18:36.270Z,steal,0.04555555555555707
2026-10-08T06:18:51.270Z,steal,0.04488888888888848
2026-10-08T06:19:06.270Z,steal,0.057555555555556255
2026-10-08T06:19:21.270Z,steal,0.05577777777777757
2026-10-08T06:19:36.270Z,steal,0.05577777777777757
2026-10-08T06:19:51.270Z,steal,0.03977777777777949
2026-10-08T06:20:06.270Z,steal,0.041333333333331106
2026-10-08T06:20:21.270Z,steal,0.03511111111111454
2026-10-08T06:20:36.270Z,steal,0.03888888888888636
2026-10-08T06:20:51.270Z,steal,0.039111111111108376
2026-10-08T06:21:06.270Z,steal,0.042666666666663224
2026-10-08T06:21:21.270Z,steal,0.04088888888888959
2026-10-08T06:21:36.270Z,steal,0.039333333333340506
2026-10-08T06:21:51.270Z,steal,0.0406666666666701
2026-10-08T06:22:06.270Z,steal,0.04555555555555454
2026-10-08T06:22:21.270Z,steal,0.044222222222219894
2026-10-08T06:22:36.270Z,steal,0.042888888888890295
2026-10-08T06:22:51.270Z,steal,0.04244444444445131
2026-10-08T06:23:06.270Z,steal,0.04244444444444373
2026-10-08T06:23:21.270Z,steal,0.043333333333331815
2026-10-08T06:23:36.270Z,steal,0.04111111111110656
2026-10-08T06:23:51.270Z,steal,0.042666666666668275
2026-10-08T06:24:06.270Z,steal,0.04422222222222242
2026-10-08T06:24:21.270Z,steal,0.042444444444441204
2026-10-08T06:24:36.270Z,steal,0.04311111111110979
2026-10-08T06:24:51.270Z,steal,0.04022222222222101
2026-10-08T06:25:06.270Z,steal,0.041777777777775145
2026-10-08T06:25:21.270Z,steal,0.04155555555555818
2026-10-08T06:25:36.270Z,steal,0.04577777777777908
2026-10-08T06:25:51.270Z,steal,0.044222222222224945
2026-10-08T06:26:06.270Z,steal,0.046444444444442616
2026-10-08T06:26:21.270Z,steal,0.042222222222219184
2026-10-08T06:26:36.270Z,steal,0.043555555555553835
2026-10-08T06:26:51.270Z,steal,0.04066666666666757
2026-10-08T06:27:06.270Z,steal,0.0451111111111105
2026-10-08T06:27:21.270Z,steal,0.04333333333333434
2026-10-08T06:27:36.270Z,steal,0.041999999999997165
2026-10-08T06:27:51.270Z,steal,0.0440000000000004
2026-10-08T06:28:06.270Z,steal,0.044888888888891004
2026-10-08T06:28:21.270Z,steal,0.04755555555555777
2026-10-08T06:28:36.270Z,steal,0.04066666666666757
2026-10-08T06:28:51.270Z,steal,0.04155555555555565
2026-10-08T06:29:06.270Z,steal,0.04711111111110868
2026-10-08T06:29:21.270Z,steal,0.05066666666666858
2026-10-08T06:29:36.270Z,steal,0.05022222222222454
2026-10-08T06:29:51.270Z,steal,0.04755555555555525
2026-10-08T06:30:06.270Z,steal,0.050444444444438984
2026-10-08T06:30:21.270Z,steal,0.04911111111110939
2026-10-08T06:30:36.270Z,steal,0.0460000000000011
2026-10-08T06:30:51.270Z,steal,0.04688888888888919
2026-10-08T06:31:06.270Z,steal,0.05222222222222525
2026-10-08T06:31:21.270Z,steal,0.050666666666666055
2026-10-08T06:31:36.270Z,steal,0.04666666666667222
2026-10-08T06:31:51.270Z,steal,0.043333333333331815
2026-10-08T06:32:06.270Z,steal,0.04577777777777908
2026-10-08T06:32:21.270Z,steal,0.044222222222219894
2026-10-08T06:32:36.270Z,steal,0.04288888888888777
2026-10-08T06:32:51.270Z,steal,0.03977777777777696
2026-10-08T06:33:06.270Z,steal,0.04555555555555706
2026-10-08T06:33:21.270Z,steal,0.045333333333335044
2026-10-08T06:33:36.270Z,steal,0.048666666666665345
2026-10-08T06:33:51.270Z,steal,0.04355555555555636
2026-10-08T06:34:06.270Z,steal,0.04533333333333252
2026-10-08T06:34:21.270Z,steal,0.045999999999998584
2026-10-08T06:34:36.270Z,steal,0.05088888888888555
2026-10-08T06:34:51.270Z,steal,0.050444444444444035
2026-10-08T06:35:06.270Z,steal,0.05622222222222666
2026-10-08T06:35:21.270Z,steal,0.052888888888893835
2026-10-08T06:35:36.270Z,steal,0.05755555555555373
2026-10-08T06:35:51.270Z,steal,0.049555555555550905
2026-10-08T06:36:06.270Z,steal,0.05155555555555161
2026-10-08T06:36:21.270Z,steal,0.045111111111113024
2026-10-08T06:36:36.270Z,steal,0.054000000000003934
2026-10-08T06:36:51.270Z,steal,0.04955555555555343
2026-10-08T06:37:06.270Z,steal,0.054222222222218376
2026-10-08T06:37:21.270Z,steal,0.04711111111111373
2026-10-08T06:37:36.270Z,steal,0.04933333333333646
2026-10-08T06:37:51.270Z,steal,0.05000000000000505
2026-10-08T06:38:06.270Z,steal,0.049555555555550905
2026-10-08T06:38:21.270Z,steal,0.04888888888888989
2026-10-08T06:38:36.270Z,steal,0.048666666666665345
2026-10-08T06:38:51.270Z,steal,0.04755555555555777
2026-10-08T06:39:06.270Z,steal,0.055333333333333526
2026-10-08T06:39:21.270Z,steal,0.0542222222222209
2026-10-08T06:39:36.270Z,steal,0.058888888888890906
2026-10-08T06:39:51.270Z,steal,0.05355555555555232
2026-10-08T06:40:06.270Z,steal,0.061555555555552616
2026-10-08T06:40:21.270Z,steal,0.05955555555555191
2026-10-08T06:40:36.270Z,steal,0.06111111111111363
2026-10-08T06:40:51.270Z,steal,0.05733333333333929
2026-10-08T06:41:06.270Z,steal,0.06044444444444757
2026-10-08T06:41:21.270Z,steal,0.06088888888888656
2026-10-08T06:41:36.270Z,steal,0.05822222222221979
2026-10-08T06:41:51.270Z,steal,0.05844444444444181
2026-10-08T06:42:06.270Z,steal,0.05444444444444545
2026-10-08T06:42:21.270Z,steal,0.05533333333333353
2026-10-08T06:42:36.270Z,steal,0.05244444444444727
2026-10-08T06:42:51.270Z,steal,0.05488888888888696
2026-10-08T06:43:06.270Z,steal,0.05355555555555484
2026-10-08T06:43:21.270Z,steal,0.05488888888888696
2026-10-08T06:43:36.270Z,steal,0.058222222222222314
2026-10-08T06:43:51.270Z,steal,0.06044444444444504
2026-10-08T06:44:06.270Z,steal,0.061333333333335655
2026-10-08T06:44:21.270Z,steal,0.059333333333334945
2026-10-08T06:44:36.270Z,steal,0.05244444444444221
2026-10-08T06:44:51.270Z,steal,0.0484444444444408
2026-10-08T06:45:06.270Z,steal,0.05044444444444656
2026-10-08T06:45:21.270Z,steal,0.05444444444444797
2026-10-08T06:45:36.270Z,steal,0.057777777777778275
2026-10-08T06:45:51.270Z,steal,0.058222222222222314
2026-10-08T06:46:06.270Z,steal,0.058444444444444334
2026-10-08T06:46:21.270Z,steal,0.06177777777777969
2026-10-08T06:46:36.270Z,steal,0.0622222222222212
2026-10-08T06:46:51.270Z,steal,0.059111111111107874
2026-10-08T06:47:06.270Z,steal,0.05488888888888696
2026-10-08T06:47:21.270Z,steal,0.04888888888888737
2026-10-08T06:47:36.270Z,steal,0.051333333333337165
2026-10-08T06:47:51.270Z,steal,0.04933333333333646
2026-10-08T06:48:06.270Z,steal,0.056666666666668176
2026-10-08T06:48:21.270Z,steal,0.05599999999999454
2026-10-08T06:48:36.270Z,steal,0.05844444444444181
2026-10-08T06:48:51.270Z,steal,0.05288888888888626
2026-10-08T06:49:06.270Z,steal,0.05711111111111474
2026-10-08T06:49:21.270Z,steal,0.05999999999999848
2026-10-08T06:49:36.270Z,steal,0.06088888888888908
2026-10-08T06:49:51.270Z,steal,0.05688888888888767
2026-10-08T06:50:06.270Z,steal,0.054666666666667474
2026-10-08T06:50:21.270Z,steal,0.05622222222222414
2026-10-08T06:50:36.270Z,steal,0.0557777777777801
2026-10-08T06:50:51.270Z,steal,0.055111111111111506
2026-10-08T06:51:06.270Z,steal,0.05399999999999888
2026-10-08T06:51:21.270Z,steal,0.05399999999999383
2026-10-08T06:51:36.270Z,steal,0.05777777777777322
2026-10-08T06:51:51.270Z,steal,0.05355555555555737
2026-10-08T06:52:06.270Z,steal,0.0675555555555598
2026-10-08T06:52:21.270Z,steal,0.06200000000000423
2026-10-08T06:52:36.270Z,steal,0.07066666666666807
2026-10-08T06:52:51.270Z,steal,0.05888888888888838
2026-10-08T06:53:06.270Z,steal,0.06266666666666777
2026-10-08T06:53:21.270Z,steal,0.058222222222222314
2026-10-08T06:53:36.270Z,steal,0.06466666666666848
2026-10-08T06:53:51.270Z,steal,0.05977777777777646
2026-10-08T06:54:06.270Z,steal,0.06777777777777423
2026-10-08T06:54:21.270Z,steal,0.0602222222222205
2026-10-08T06:54:36.270Z,steal,0.07088888888888757
2026-10-08T06:54:51.270Z,steal,0.06266248916738743
2026-10-08T06:55:06.270Z,steal,0.06844444444444535
2026-10-08T06:55:21.270Z,steal,0.06533333333333706
2026-10-08T06:55:36.270Z,steal,0.07444940773829417
2026-10-08T06:55:51.270Z,steal,0.07777777777777777
2026-10-08T06:56:06.270Z,steal,0.08022222222221999
2026-10-08T06:56:21.270Z,steal,0.08200000000000372
2026-10-08T06:56:36.270Z,steal,0.07155555555555362
2026-10-08T06:56:51.270Z,steal,0.07022222222222403
2026-10-08T06:57:06.270Z,steal,0.058888888888885854
2026-10-08T06:57:21.270Z,steal,0.06711111111111322
2026-10-08T06:57:36.270Z,steal,0.06133333333332807
2026-10-08T06:57:51.270Z,steal,0.06933333333333595
2026-10-08T06:58:06.270Z,steal,0.07222222222222222
2026-10-08T06:58:21.270Z,steal,0.0928888888888903
2026-10-08T06:58:36.270Z,steal,0.09333333333333181
2026-10-08T06:58:51.270Z,steal,0.09933333333333393
2026-10-08T06:59:06.270Z,steal,0.09111111111111414
2026-10-08T06:59:21.270Z,steal,0.11044444444444251
2026-10-08T06:59:36.270Z,steal,0.10911111111111292
2026-10-08T06:59:51.270Z,steal,0.11733333333333018
2026-10-08T07:00:06.270Z,steal,0.11155555555555513
2026-10-08T07:00:21.270Z,steal,0.12422222222222039
2026-10-08T07:00:36.270Z,steal,0.12644444444444816
2026-10-08T07:00:51.270Z,steal,0.1320000000000012
2026-10-08T07:01:06.270Z,steal,0.125111111111111
2026-10-08T07:01:21.270Z,steal,0.12977777777777846
2026-10-08T07:01:36.270Z,steal,0.1260000000000016
2026-10-08T07:01:51.270Z,steal,0.13844444444444481
2026-10-08T07:02:06.270Z,steal,0.13355555555555534
2026-10-08T07:02:21.270Z,steal,0.13933333333333542
2026-10-08T07:02:36.270Z,steal,0.13022222222222252
2026-10-08T07:02:51.270Z,steal,0.13911111111111088
2026-10-08T07:03:06.270Z,steal,0.13088888888888606
2026-10-08T07:03:21.270Z,steal,0.13399999999999937
2026-10-08T07:03:36.270Z,steal,0.1275555555555532
2026-10-08T07:03:51.270Z,steal,0.1293333333333294
2026-10-08T07:04:06.270Z,steal,0.1275555555555532
2026-10-08T07:04:21.270Z,steal,0.13666666666666866
2026-10-08T07:04:36.270Z,steal,0.14000000000000656
2026-10-08T07:04:51.270Z,steal,0.1440000000000029
2026-10-08T07:05:06.270Z,steal,0.1320000000000012
2026-10-08T07:05:21.270Z,steal,0.1322163459401764
2026-10-08T07:05:36.270Z,steal,0.13377777777777736
2026-10-08T07:05:51.270Z,steal,0.1360000000000001
2026-10-08T07:06:06.270Z,steal,0.13667274101071614
2026-10-08T07:06:21.270Z,steal,0.1360000000000001
2026-10-08T07:06:36.270Z,steal,0.1326578228118081
2026-10-08T07:06:51.270Z,steal,0.130888888888881
2026-10-08T07:07:06.270Z,steal,0.1282222222222218
2026-10-08T07:07:21.270Z,steal,0.13445340800498218
2026-10-08T07:07:36.270Z,steal,0.13222222222222826
2026-10-08T07:07:51.270Z,steal,0.1317777777777792
2026-10-08T07:08:06.270Z,steal,0.12866666666666585
2026-10-08T07:08:21.270Z,steal,0.14044444444444049
2026-10-08T07:08:36.270Z,steal,0.13666666666666613
2026-10-08T07:08:51.270Z,steal,0.14422222222222242
2026-10-08T07:09:06.270Z,steal,0.13155555555555967
2026-10-08T07:09:21.270Z,steal,0.14666666666666212
2026-10-08T07:09:36.270Z,steal,0.14110170433081787
2026-10-08T07:09:51.270Z,steal,0.14799999999999675
2026-10-08T07:10:06.270Z,steal,0.13733333333333472
2026-10-08T07:10:21.270Z,steal,0.15067671178079237
2026-10-08T07:10:36.270Z,steal,0.15333333333333282
2026-10-08T07:10:51.270Z,steal,0.15266666666666676
2026-10-08T07:11:06.270Z,steal,0.1306666666666615
2026-10-08T07:11:21.270Z,steal,0.12333333333333484
2026-10-08T07:11:36.270Z,steal,0.12377777777777887
2026-10-08T07:11:51.270Z,steal,0.13133333333333513
2026-10-08T07:12:06.270Z,steal,0.1362222222222221
2026-10-08T07:12:21.270Z,steal,0.1306666666666716
2026-10-08T07:12:36.270Z,steal,0.12377777777777635
2026-10-08T07:12:51.270Z,steal,0.12488888888888645
2026-10-08T07:13:06.270Z,steal,0.12733333333332866
2026-10-08T07:13:21.270Z,steal,0.14133333333333362
2026-10-08T07:13:36.270Z,steal,0.13311111111111634
2026-10-08T07:13:51.270Z,steal,0.1342222222222214
2026-10-08T07:14:06.270Z,steal,0.12533333333333302
2026-10-08T07:14:21.270Z,steal,0.13444444444444342
2026-10-08T07:14:36.270Z,steal,0.12977777777777846
2026-10-08T07:14:51.270Z,steal,0.1377777777777813
2026-10-08T07:15:06.270Z,steal,0.13422222222222138
2026-10-08T07:15:21.270Z,steal,0.15444444444444544
2026-10-08T07:15:36.270Z,steal,0.14799999999999927
2026-10-08T07:15:51.270Z,steal,0.14866666666666786
2026-10-08T07:16:06.270Z,steal,0.1313333333333326
2026-10-08T07:16:21.270Z,steal,0.1417777777777802
2026-10-08T07:16:36.270Z,steal,0.1337777777777723
2026-10-08T07:16:51.270Z,steal,0.13733333333332967
2026-10-08T07:17:06.270Z,steal,0.12822222222221927
2026-10-08T07:17:21.270Z,steal,0.13555555555556362
2026-10-08T07:17:36.270Z,steal,0.12888888888889038
2026-10-08T07:17:51.270Z,steal,0.12021420794169208
2026-10-08T07:18:06.270Z,steal,0.11711111111110564
2026-10-08T07:18:21.270Z,steal,0.12311111111111533
2026-10-08T07:18:36.270Z,steal,0.13289774873880775
2026-10-08T07:18:51.270Z,steal,0.13022222222222
2026-10-08T07:19:06.270Z,steal,0.12577777777777704
2026-10-08T07:19:21.270Z,steal,0.12822222222221927
2026-10-08T07:19:36.270Z,steal,0.1237777777777814
2026-10-08T07:19:51.270Z,steal,0.13355555555555534
2026-10-08T07:20:06.270Z,steal,0.12488888888888897
2026-10-08T07:20:21.270Z,steal,0.13755555555555676
2026-10-08T07:20:36.270Z,steal,0.1293333333333319
2026-10-08T07:20:51.270Z,steal,0.13777777777777625
2026-10-08T07:21:06.270Z,steal,0.13622222222221958
2026-10-08T07:21:21.270Z,steal,0.1531111111111108
2026-10-08T07:21:36.270Z,steal,0.14444444444444696
2026-10-08T07:21:51.270Z,steal,0.14066666666666502
2026-10-08T07:22:06.270Z,steal,0.12822222222222432
2026-10-08T07:22:21.270Z,steal,0.13799999999999826
2026-10-08T07:22:36.270Z,steal,0.13577777777778058
2026-10-08T07:22:51.270Z,steal,0.13355555555555282
2026-10-08T07:23:06.270Z,steal,0.1291111111111124
2026-10-08T07:23:21.270Z,steal,0.13466666666666796
2026-10-08T07:23:36.270Z,steal,0.1340000000000019
2026-10-08T07:23:51.270Z,steal,0.13466666666666796
2026-10-08T07:24:06.270Z,steal,0.1313333333333326
2026-10-08T07:24:21.270Z,steal,0.13955555555555493
2026-10-08T07:24:36.270Z,steal,0.13022222222222
2026-10-08T07:24:51.270Z,steal,0.13688888888888565
2026-10-08T07:25:06.270Z,steal,0.13244444444444017
2026-10-08T07:25:21.270Z,steal,0.13977777777777442
2026-10-08T07:25:36.270Z,steal,0.13311111111111382
2026-10-08T07:25:51.270Z,steal,0.1346666666666705
2026-10-08T07:26:06.270Z,steal,0.13511111111111707
2026-10-08T07:26:21.270Z,steal,0.13866666666666685
2026-10-08T07:26:36.270Z,steal,0.13311111111110624
2026-10-08T07:26:51.270Z,steal,0.1360000000000001
2026-10-08T07:27:06.270Z,steal,0.13666666666667118
2026-10-08T07:27:21.270Z,steal,0.1380000000000109
2026-10-08T07:27:36.270Z,steal,0.12799999999999725
2026-10-08T07:27:51.270Z,steal,0.12466666666666695
2026-10-08T07:28:06.270Z,steal,0.12043641535008182
2026-10-08T07:28:21.270Z,steal,0.13000000000000048
2026-10-08T07:28:36.270Z,steal,0.125777777777772
2026-10-08T07:28:51.270Z,steal,0.1273418227881863
2026-10-08T07:29:06.270Z,steal,0.12422222222221786
2026-10-08T07:29:21.270Z,steal,0.1284444444444413
2026-10-08T07:29:36.270Z,steal,0.12555555555555756
2026-10-08T07:29:51.270Z,steal,0.13200000000000373
2026-10-08T07:30:06.270Z,steal,0.12911111111111745
2026-10-08T07:30:21.270Z,steal,0.13066666666666907
2026-10-08T07:30:36.270Z,steal,0.12244444444444423
2026-10-08T07:30:51.270Z,steal,0.12555555555555503
2026-10-08T07:31:06.270Z,steal,0.12577777777777704
2026-10-08T07:31:21.270Z,steal,0.12866666666666837
2026-10-08T07:31:36.270Z,steal,0.12577777777777452
2026-10-08T07:31:51.270Z,steal,0.12999999999999542
2026-10-08T07:32:06.270Z,steal,0.13199999999999615
2026-10-08T07:32:21.270Z,steal,0.13044444444444453
2026-10-08T07:32:36.270Z,steal,0.125111111111111
2026-10-08T07:32:51.270Z,steal,0.11799999999999625
2026-10-08T07:33:06.270Z,steal,0.11577777777777605
2026-10-08T07:33:21.270Z,steal,0.12222222222221968
2026-10-08T07:33:36.270Z,steal,0.11866666666667242
2026-10-08T07:33:51.270Z,steal,0.11933333333333594
2026-10-08T07:34:06.270Z,steal,0.11444444444444898
2026-10-08T07:34:21.270Z,steal,0.12088888888888756
2026-10-08T07:34:36.270Z,steal,0.1188888888888919
2026-10-08T07:34:51.270Z,steal,0.11799999999999625
2026-10-08T07:35:06.270Z,steal,0.11933333333333847
2026-10-08T07:35:21.270Z,steal,0.12311111111110523
2026-10-08T07:35:36.270Z,steal,0.12488888888888898
2026-10-08T07:35:51.270Z,steal,0.12244444444443665
2026-10-08T07:36:06.270Z,steal,0.12266666666666877
2026-10-08T07:36:21.270Z,steal,0.12688888888889222
2026-10-08T07:36:36.270Z,steal,0.12666666666667017
2026-10-08T07:36:51.270Z,steal,0.1317777777777817
2026-10-08T07:37:06.270Z,steal,0.12866666666666332
2026-10-08T07:37:21.270Z,steal,0.14111111111111665
2026-10-08T07:37:36.270Z,steal,0.13333333333332573
2026-10-08T07:37:51.270Z,steal,0.13822222222222535
2026-10-08T07:38:06.270Z,steal,0.1255555555555424
2026-10-08T07:38:21.270Z,steal,0.1333333333333333
2026-10-08T07:38:36.270Z,steal,0.12622222222221857
2026-10-08T07:38:51.270Z,steal,0.13177777777778424
2026-10-08T07:39:06.270Z,steal,0.12733333333333624
2026-10-08T07:39:21.270Z,steal,0.13933333333333797
2026-10-08T07:39:36.270Z,steal,0.13444444444444847
2026-10-08T05:47:36.270Z,system,0.34666666666669493
2026-10-08T05:47:51.270Z,system,0.3484444444444105
2026-10-08T05:48:06.270Z,system,0.33022222222223513
2026-10-08T05:48:21.270Z,system,0.2713333333333139
2026-10-08T05:48:36.270Z,system,0.24977777777781332
2026-10-08T05:48:51.270Z,system,0.2488888888888848
2026-10-08T05:49:06.270Z,system,0.24688888888888158
2026-10-08T05:49:21.270Z,system,0.25399999999998624
2026-10-08T05:49:36.270Z,system,0.24777777777781007
2026-10-08T05:49:51.270Z,system,0.24933333333335916
2026-10-08T05:50:06.270Z,system,0.24399999999997005
2026-10-08T05:50:21.270Z,system,0.24799999999999672
2026-10-08T05:50:36.270Z,system,0.24244444444442098
2026-10-08T05:50:51.270Z,system,0.24866666666667794
2026-10-08T05:51:06.270Z,system,0.2444444444444444
2026-10-08T05:51:21.270Z,system,0.24933333333333896
2026-10-08T05:51:36.270Z,system,0.2408888888889123
2026-10-08T05:51:51.270Z,system,0.24733333333331553
2026-10-08T05:52:06.270Z,system,0.24666666666665452
2026-10-08T05:52:21.270Z,system,0.2475555555555426
2026-10-08T05:52:36.270Z,system,0.2437777777777834
2026-10-08T05:52:51.270Z,system,0.24444444444446461
2026-10-08T05:53:06.270Z,system,0.2428888888888549
2026-10-08T05:53:21.270Z,system,0.24133333333334622
2026-10-08T05:53:36.270Z,system,0.2362222222222044
2026-10-08T05:53:51.270Z,system,0.24711111111114908
2026-10-08T05:54:06.270Z,system,0.24711111111110864
2026-10-08T05:54:21.270Z,system,0.25000000000002015
2026-10-08T05:54:36.270Z,system,0.24266666666666825
2026-10-08T05:54:51.270Z,system,0.2468888888889018
2026-10-08T05:55:06.270Z,system,0.24466666666667147
2026-10-08T05:55:21.270Z,system,0.24466666666665127
2026-10-08T05:55:36.270Z,system,0.24199999999996682
2026-10-08T05:55:51.270Z,system,0.24466666666669168
2026-10-08T05:56:06.270Z,system,0.23844444444445492
2026-10-08T05:56:21.270Z,system,0.23844444444443472
2026-10-08T05:56:36.270Z,system,0.23488888888886217
2026-10-08T05:56:51.270Z,system,0.2424444444444412
2026-10-08T05:57:06.270Z,system,0.24288888888889532
2026-10-08T05:57:21.270Z,system,0.24355555555555633
2026-10-08T05:57:36.270Z,system,0.2377777777777939
2026-10-08T05:57:51.270Z,system,0.24844444444445088
2026-10-08T05:58:06.270Z,system,0.25866666666667393
2026-10-08T05:58:21.270Z,system,0.2744444444444323
2026-10-08T05:58:36.270Z,system,0.2753333333333406
2026-10-08T05:58:51.270Z,system,0.2773333333333236
2026-10-08T05:59:06.270Z,system,0.27772844329986923
2026-10-08T05:59:21.270Z,system,0.28133333333333005
2026-10-08T05:59:36.270Z,system,0.2815555555555167
2026-10-08T05:59:51.270Z,system,0.2798291662959524
2026-10-08T06:00:06.270Z,system,0.2826666666666521
2026-10-08T06:00:21.270Z,system,0.27977777777780116
2026-10-08T06:00:36.270Z,system,0.28377777777778745
2026-10-08T06:00:51.270Z,system,0.2795555555555943
2026-10-08T06:01:06.270Z,system,0.2826666666666521
2026-10-08T06:01:21.270Z,system,0.27555555555554745
2026-10-08T06:01:36.270Z,system,0.2706666666666529
2026-10-08T06:01:51.270Z,system,0.27511111111113373
2026-10-08T06:02:06.270Z,system,0.2717777777777478
2026-10-08T06:02:21.270Z,system,0.2782222222222117
2026-10-08T06:02:36.270Z,system,0.27111111111110703
2026-10-08T06:02:51.270Z,system,0.27711111111113695
2026-10-08T06:03:06.270Z,system,0.26888888888891715
2026-10-08T06:03:21.270Z,system,0.2675555555555749
2026-10-08T06:03:36.270Z,system,0.26422222222220926
2026-10-08T06:03:51.270Z,system,0.2662222222221923
2026-10-08T06:04:06.270Z,system,0.26533333333332443
2026-10-08T06:04:21.270Z,system,0.2660000000000258
2026-10-08T06:04:36.270Z,system,0.26288888888890743
2026-10-08T06:04:51.270Z,system,0.27044444444444604
2026-10-08T06:05:06.270Z,system,0.2742222222222254
2026-10-08T06:05:21.270Z,system,0.27977777777776075
2026-10-08T06:05:36.270Z,system,0.27466666666667955
2026-10-08T06:05:51.270Z,system,0.2728888888888832
2026-10-08T06:06:06.270Z,system,0.2744444444444727
2026-10-08T06:06:21.270Z,system,0.27044444444440563
2026-10-08T06:06:36.270Z,system,0.2686666666666497
2026-10-08T06:06:51.270Z,system,0.26733333333328724
2026-10-08T06:07:06.270Z,system,0.27044444444442584
2026-10-08T06:07:21.270Z,system,0.27200000000003555
2026-10-08T06:07:36.270Z,system,0.26822222222225617
2026-10-08T06:07:51.270Z,system,0.26888888888893736
2026-10-08T06:08:06.270Z,system,0.26266666666661975
2026-10-08T06:08:21.270Z,system,0.25955555555552157
2026-10-08T06:08:36.270Z,system,0.2495555555555256
2026-10-08T06:08:51.270Z,system,0.25444444444446057
2026-10-08T06:09:06.270Z,system,0.251999999999983
2026-10-08T06:09:21.270Z,system,0.2593333333333753
2026-10-08T06:09:36.270Z,system,0.2506666666666812
2026-10-08T06:09:51.270Z,system,0.2506666666667014
2026-10-08T06:10:06.270Z,system,0.2504444444444137
2026-10-08T06:10:21.270Z,system,0.25466666666666743
2026-10-08T06:10:36.270Z,system,0.2602222222222028
2026-10-08T06:10:51.270Z,system,0.25688888888889777
2026-10-08T06:11:06.270Z,system,0.2564444444444436
2026-10-08T06:11:21.270Z,system,0.25044444444447433
2026-10-08T06:11:36.270Z,system,0.2528888888888913
2026-10-08T06:11:51.270Z,system,0.25311111111109813
2026-10-08T06:12:06.270Z,system,0.2537777777777794
2026-10-08T06:12:21.270Z,system,0.2504444444444339
2026-10-08T06:12:36.270Z,system,0.2504444444444339
2026-10-08T06:12:51.270Z,system,0.2513333333333422
2026-10-08T06:13:06.270Z,system,0.25376086038708695
2026-10-08T06:13:21.270Z,system,0.2491111111110917
2026-10-08T06:13:36.270Z,system,0.25155555555552883
2026-10-08T06:13:51.270Z,system,0.25246127519611694
2026-10-08T06:14:06.270Z,system,0.25755555555557896
2026-10-08T06:14:21.270Z,system,0.2515555555555895
2026-10-08T06:14:36.270Z,system,0.24733333333333574
2026-10-08T06:14:51.270Z,system,0.24488888888889856
2026-10-08T06:15:06.270Z,system,0.2522222222221899
2026-10-08T06:15:21.270Z,system,0.25311111111111834
2026-10-08T06:15:36.270Z,system,0.2553333333333284
2026-10-08T06:15:51.270Z,system,0.24777777777778986
2026-10-08T06:16:06.270Z,system,0.25155555555556924
2026-10-08T06:16:21.270Z,system,0.24822222222222382
2026-10-08T06:16:36.270Z,system,0.2533333333333454
2026-10-08T06:16:51.270Z,system,0.24733333333329532
2026-10-08T06:17:06.270Z,system,0.2528888888888913
2026-10-08T06:17:21.270Z,system,0.24888888888888483
2026-10-08T06:17:36.270Z,system,0.2564444444444638
2026-10-08T06:17:51.270Z,system,0.252666666666644
2026-10-08T06:18:06.270Z,system,0.2599999999999555
2026-10-08T06:18:21.270Z,system,0.25911111111110785
2026-10-08T06:18:36.270Z,system,0.2675555555555749
2026-10-08T06:18:51.270Z,system,0.2664444444445002
2026-10-08T06:19:06.270Z,system,0.26799999999998864
2026-10-08T06:19:21.270Z,system,0.26600000000004603
2026-10-08T06:19:36.270Z,system,0.2671111111111006
2026-10-08T06:19:51.270Z,system,0.2635555555555685
2026-10-08T06:20:06.270Z,system,0.26066666666661653
2026-10-08T06:20:21.270Z,system,0.25599999999998946
2026-10-08T06:20:36.270Z,system,0.25600000000000966
2026-10-08T06:20:51.270Z,system,0.25555555555555554
2026-10-08T06:21:06.270Z,system,0.2615555555555652
2026-10-08T06:21:21.270Z,system,0.2586666666666537
2026-10-08T06:21:36.270Z,system,0.2617777777777721
2026-10-08T06:21:51.270Z,system,0.25977777777774863
2026-10-08T06:22:06.270Z,system,0.2644444444444161
2026-10-08T06:22:21.270Z,system,0.25822222222223995
2026-10-08T06:22:36.270Z,system,0.25488888888891476
2026-10-08T06:22:51.270Z,system,0.2548888888889147
2026-10-08T06:23:06.270Z,system,0.2593333333333147
2026-10-08T06:23:21.270Z,system,0.2584444444444468
2026-10-08T06:23:36.270Z,system,0.25911111111112806
2026-10-08T06:23:51.270Z,system,0.257777777777806
2026-10-08T06:24:06.270Z,system,0.26422222222220926
2026-10-08T06:24:21.270Z,system,0.26133333333335834
2026-10-08T06:24:36.270Z,system,0.26066666666663674
2026-10-08T06:24:51.270Z,system,0.2568888888888775
2026-10-08T06:25:06.270Z,system,0.2646666666666432
2026-10-08T06:25:21.270Z,system,0.26577777777781897
2026-10-08T06:25:36.270Z,system,0.26577777777777856
2026-10-08T06:25:51.270Z,system,0.2579999999999927
2026-10-08T06:26:06.270Z,system,0.26177777777773165
2026-10-08T06:26:21.270Z,system,0.261555555555545
2026-10-08T06:26:36.270Z,system,0.2633333333333414
2026-10-08T06:26:51.270Z,system,0.26688888888891393
2026-10-08T06:27:06.270Z,system,0.267777777777802
2026-10-08T06:27:21.270Z,system,0.2666666666666666
2026-10-08T06:27:36.270Z,system,0.25755555555553855
2026-10-08T06:27:51.270Z,system,0.269777777777785
2026-10-08T06:28:06.270Z,system,0.2793333333333268
2026-10-08T06:28:21.270Z,system,0.28755555555558704
2026-10-08T06:28:36.270Z,system,0.27466666666665934
2026-10-08T06:28:51.270Z,system,0.27822222222217124
2026-10-08T06:29:06.270Z,system,0.280444444444442
2026-10-08T06:29:21.270Z,system,0.28599999999997733
2026-10-08T06:29:36.270Z,system,0.27666666666670303
2026-10-08T06:29:51.270Z,system,0.27866666666666584
2026-10-08T06:30:06.270Z,system,0.2840000000000145
2026-10-08T06:30:21.270Z,system,0.2877777777778141
2026-10-08T06:30:36.270Z,system,0.2788888888888525
2026-10-08T06:30:51.270Z,system,0.2808888888888961
2026-10-08T06:31:06.270Z,system,0.28133333333330984
2026-10-08T06:31:21.270Z,system,0.2826666666666925
2026-10-08T06:31:36.270Z,system,0.2773333333333438
2026-10-08T06:31:51.270Z,system,0.27977777777774054
2026-10-08T06:32:06.270Z,system,0.2808888888888759
2026-10-08T06:32:21.270Z,system,0.2779999999999846
2026-10-08T06:32:36.270Z,system,0.2757777777777947
2026-10-08T06:32:51.270Z,system,0.28133333333333005
2026-10-08T06:33:06.270Z,system,0.2846666666666553
2026-10-08T06:33:21.270Z,system,0.2855555555555434
2026-10-08T06:33:36.270Z,system,0.2808888888888759
2026-10-08T06:33:51.270Z,system,0.2795555555555539
2026-10-08T06:34:06.270Z,system,0.27644444444447597
2026-10-08T06:34:21.270Z,system,0.27933333333336724
2026-10-08T06:34:36.270Z,system,0.2788888888888929
2026-10-08T06:34:51.270Z,system,0.2840000000000145
2026-10-08T06:35:06.270Z,system,0.2819999999999911
2026-10-08T06:35:21.270Z,system,0.2815555555555369
2026-10-08T06:35:36.270Z,system,0.27844444444441857
2026-10-08T06:35:51.270Z,system,0.28222222222221816
2026-10-08T06:36:06.270Z,system,0.28333333333335353
2026-10-08T06:36:21.270Z,system,0.27933333333338745
2026-10-08T06:36:36.270Z,system,0.2788888888888929
2026-10-08T06:36:51.270Z,system,0.27933333333334703
2026-10-08T06:37:06.270Z,system,0.2835555555554997
2026-10-08T06:37:21.270Z,system,0.2764444444444557
2026-10-08T06:37:36.270Z,system,0.2726666666666561
2026-10-08T06:37:51.270Z,system,0.2851111111111095
2026-10-08T06:38:06.270Z,system,0.29177777777778013
2026-10-08T06:38:21.270Z,system,0.30244444444445734
2026-10-08T06:38:36.270Z,system,0.2937777777777632
2026-10-08T06:38:51.270Z,system,0.29466666666661084
2026-10-08T06:39:06.270Z,system,0.2922222222221939
2026-10-08T06:39:21.270Z,system,0.2882222222222481
2026-10-08T06:39:36.270Z,system,0.2886666666667022
2026-10-08T06:39:51.270Z,system,0.29111111111113935
2026-10-08T06:40:06.270Z,system,0.2975555555555426
2026-10-08T06:40:21.270Z,system,0.2937777777777834
2026-10-08T06:40:36.270Z,system,0.29000000000000403
2026-10-08T06:40:51.270Z,system,0.2855555555555636
2026-10-08T06:41:06.270Z,system,0.29044444444447837
2026-10-08T06:41:21.270Z,system,0.2917777777777195
2026-10-08T06:41:36.270Z,system,0.2948888888888986
2026-10-08T06:41:51.270Z,system,0.2933333333332888
2026-10-08T06:42:06.270Z,system,0.2913333333333866
2026-10-08T06:42:21.270Z,system,0.28955555555552964
2026-10-08T06:42:36.270Z,system,0.29155555555557333
2026-10-08T06:42:51.270Z,system,0.29555555555553936
2026-10-08T06:43:06.270Z,system,0.29577777777780684
2026-10-08T06:43:21.270Z,system,0.2959999999999733
2026-10-08T06:43:36.270Z,system,0.29622222222220035
2026-10-08T06:43:51.270Z,system,0.2953333333333123
2026-10-08T06:44:06.270Z,system,0.2937777777778036
2026-10-08T06:44:21.270Z,system,0.28755555555556683
2026-10-08T06:44:36.270Z,system,0.28688888888888564
2026-10-08T06:44:51.270Z,system,0.2871111111111329
2026-10-08T06:45:06.270Z,system,0.293333333333309
2026-10-08T06:45:21.270Z,system,0.290666666666665
2026-10-08T06:45:36.270Z,system,0.2935555555555159
2026-10-08T06:45:51.270Z,system,0.29577777777780684
2026-10-08T06:46:06.270Z,system,0.29933333333333895
2026-10-08T06:46:21.270Z,system,0.29977777777777287
2026-10-08T06:46:36.270Z,system,0.29511111111110544
2026-10-08T06:46:51.270Z,system,0.2980000000000371
2026-10-08T06:47:06.270Z,system,0.2944444444444444
2026-10-08T06:47:21.270Z,system,0.2902222222222311
2026-10-08T06:47:36.270Z,system,0.2877777777777535
2026-10-08T06:47:51.270Z,system,0.29266666666664803
2026-10-08T06:48:06.270Z,system,0.30288888888889126
2026-10-08T06:48:21.270Z,system,0.30533333333330825
2026-10-08T06:48:36.270Z,system,0.30333333333336565
2026-10-08T06:48:51.270Z,system,0.3026666666666844
2026-10-08T06:49:06.270Z,system,0.31222222222224644
2026-10-08T06:49:21.270Z,system,0.3155555555555515
2026-10-08T06:49:36.270Z,system,0.3155555555555515
2026-10-08T06:49:51.270Z,system,0.3071111111111046
2026-10-08T06:50:06.270Z,system,0.30844444444444685
2026-10-08T06:50:21.270Z,system,0.30733333333329127
2026-10-08T06:50:36.270Z,system,0.3048888888888945
2026-10-08T06:50:51.270Z,system,0.30333333333336565
2026-10-08T06:51:06.270Z,system,0.3062222222222367
2026-10-08T06:51:21.270Z,system,0.31511111111111756
2026-10-08T06:51:36.270Z,system,0.3113333333333179
2026-10-08T06:51:51.270Z,system,0.30911111111114825
2026-10-08T06:52:06.270Z,system,0.31266666666663995
2026-10-08T06:52:21.270Z,system,0.3159999999999652
2026-10-08T06:52:36.270Z,system,0.32133333333333414
2026-10-08T06:52:51.270Z,system,0.31311111111115475
2026-10-08T06:53:06.270Z,system,0.31133333333337854
2026-10-08T06:53:21.270Z,system,0.31066666666665693
2026-10-08T06:53:36.270Z,system,0.3131111111110941
2026-10-08T06:53:51.270Z,system,0.3139999999999822
2026-10-08T06:54:06.270Z,system,0.31311111111111434
2026-10-08T06:54:21.270Z,system,0.31199999999997896
2026-10-08T06:54:36.270Z,system,0.32022222222221897
2026-10-08T06:54:51.270Z,system,0.33375552740927333
2026-10-08T06:55:06.270Z,system,0.35133333333332195
2026-10-08T06:55:21.270Z,system,0.3542222222222133
2026-10-08T06:55:36.270Z,system,0.3562459719537004
2026-10-08T06:55:51.270Z,system,0.3777777777778182
2026-10-08T06:56:06.270Z,system,0.38888888888888884
2026-10-08T06:56:21.270Z,system,0.38044444444442177
2026-10-08T06:56:36.270Z,system,0.33955555555554984
2026-10-08T06:56:51.270Z,system,0.336666666666699
2026-10-08T06:57:06.270Z,system,0.3260000000000218
2026-10-08T06:57:21.270Z,system,0.3328888888888589
2026-10-08T06:57:36.270Z,system,0.3139999999999822
2026-10-08T06:57:51.270Z,system,0.3362222222221842
2026-10-08T06:58:06.270Z,system,0.35022222222224725
2026-10-08T06:58:21.270Z,system,0.37844444444443875
2026-10-08T06:58:36.270Z,system,0.3777777777777979
2026-10-08T06:58:51.270Z,system,0.38622222222224484
2026-10-08T06:59:06.270Z,system,0.3813333333333098
2026-10-08T06:59:21.270Z,system,0.3928888888888953
2026-10-08T06:59:36.270Z,system,0.3882222222221874
2026-10-08T06:59:51.270Z,system,0.40733333333337207
2026-10-08T07:00:06.270Z,system,0.4175555555555547
2026-10-08T07:00:21.270Z,system,0.4311111111111232
2026-10-08T07:00:36.270Z,system,0.4313333333332896
2026-10-08T07:00:51.270Z,system,0.4348888888888622
2026-10-08T07:01:06.270Z,system,0.42911111111109973
2026-10-08T07:01:21.270Z,system,0.42288888888886295
2026-10-08T07:01:36.270Z,system,0.41666666666668684
2026-10-08T07:01:51.270Z,system,0.43355555555556036
2026-10-08T07:02:06.270Z,system,0.44244444444450176
2026-10-08T07:02:21.270Z,system,0.4395555555555701
2026-10-08T07:02:36.270Z,system,0.4193333333333511
2026-10-08T07:02:51.270Z,system,0.41644444444448
2026-10-08T07:03:06.270Z,system,0.4035555555555725
2026-10-08T07:03:21.270Z,system,0.41044444444445005
2026-10-08T07:03:36.270Z,system,0.4093333333333147
2026-10-08T07:03:51.270Z,system,0.4271111111110763
2026-10-08T07:04:06.270Z,system,0.43355555555558056
2026-10-08T07:04:21.270Z,system,0.43733333333331953
2026-10-08T07:04:36.270Z,system,0.4477777777778101
2026-10-08T07:04:51.270Z,system,0.4584444444444064
2026-10-08T07:05:06.270Z,system,0.46244444444447347
2026-10-08T07:05:21.270Z,system,0.45931291942578467
2026-10-08T07:05:36.270Z,system,0.4568888888888775
2026-10-08T07:05:51.270Z,system,0.45733333333329124
2026-10-08T07:06:06.270Z,system,0.4551313391705999
2026-10-08T07:06:21.270Z,system,0.44999999999999996
2026-10-08T07:06:36.270Z,system,0.44597026864879075
2026-10-08T07:06:51.270Z,system,0.44133333333336644
2026-10-08T07:07:06.270Z,system,0.4391111111110957
2026-10-08T07:07:21.270Z,system,0.44558526123960185
2026-10-08T07:07:36.270Z,system,0.4457777777777664
2026-10-08T07:07:51.270Z,system,0.45377777777777933
2026-10-08T07:08:06.270Z,system,0.44644444444444764
2026-10-08T07:08:21.270Z,system,0.45777777777778583
2026-10-08T07:08:36.270Z,system,0.45933333333335513
2026-10-08T07:08:51.270Z,system,0.4740000000000185
2026-10-08T07:09:06.270Z,system,0.47377777777775104
2026-10-08T07:09:21.270Z,system,0.48044444444448237
2026-10-08T07:09:36.270Z,system,0.4781903428660005
2026-10-08T07:09:51.270Z,system,0.4782222222222319
2026-10-08T07:10:06.270Z,system,0.4708888888888597
2026-10-08T07:10:21.270Z,system,0.47092028357449206
2026-10-08T07:10:36.270Z,system,0.47466666666667956
2026-10-08T07:10:51.270Z,system,0.47577777777777447
2026-10-08T07:11:06.270Z,system,0.45822222222219955
2026-10-08T07:11:21.270Z,system,0.44488888888891875
2026-10-08T07:11:36.270Z,system,0.4411111111111191
2026-10-08T07:11:51.270Z,system,0.4486666666666779
2026-10-08T07:12:06.270Z,system,0.45933333333327425
2026-10-08T07:12:21.270Z,system,0.44244444444442094
2026-10-08T07:12:36.270Z,system,0.4359999999999975
2026-10-08T07:12:51.270Z,system,0.42400000000001853
2026-10-08T07:13:06.270Z,system,0.4420000000000274
2026-10-08T07:13:21.270Z,system,0.4473333333333155
2026-10-08T07:13:36.270Z,system,0.4504444444444541
2026-10-08T07:13:51.270Z,system,0.44288888888885486
2026-10-08T07:14:06.270Z,system,0.4435555555555361
2026-10-08T07:14:21.270Z,system,0.44688888888890177
2026-10-08T07:14:36.270Z,system,0.4495555555555458
2026-10-08T07:14:51.270Z,system,0.45000000000004037
2026-10-08T07:15:06.270Z,system,0.4442222222221769
2026-10-08T07:15:21.270Z,system,0.4415555555555733
2026-10-08T07:15:36.270Z,system,0.43511111111112966
2026-10-08T07:15:51.270Z,system,0.44288888888893574
2026-10-08T07:16:06.270Z,system,0.4437777777778238
2026-10-08T07:16:21.270Z,system,0.45199999999996276
2026-10-08T07:16:36.270Z,system,0.443111111111082
2026-10-08T07:16:51.270Z,system,0.4439999999999498
2026-10-08T07:17:06.270Z,system,0.43511111111110945
2026-10-08T07:17:21.270Z,system,0.437555555555587
2026-10-08T07:17:36.270Z,system,0.4375555555555668
2026-10-08T07:17:51.270Z,system,0.43774859453813786
2026-10-08T07:18:06.270Z,system,0.43933333333330254
2026-10-08T07:18:21.270Z,system,0.4337777777778076
2026-10-08T07:18:36.270Z,system,0.4426961797453382
2026-10-08T07:18:51.270Z,system,0.43266666666669246
2026-10-08T07:19:06.270Z,system,0.4346666666666351
2026-10-08T07:19:21.270Z,system,0.42755555555555064
2026-10-08T07:19:36.270Z,system,0.4293333333333268
2026-10-08T07:19:51.270Z,system,0.440000000000004
2026-10-08T07:20:06.270Z,system,0.43555555555554337
2026-10-08T07:20:21.270Z,system,0.44377777777776317
2026-10-08T07:20:36.270Z,system,0.4353333333332961
2026-10-08T07:20:51.270Z,system,0.43933333333334296
2026-10-08T07:21:06.270Z,system,0.4457777777777664
2026-10-08T07:21:21.270Z,system,0.45155555555556925
2026-10-08T07:21:36.270Z,system,0.4497777777777931
2026-10-08T07:21:51.270Z,system,0.43733333333333974
2026-10-08T07:22:06.270Z,system,0.43000000000002825
2026-10-08T07:22:21.270Z,system,0.4368888888888654
2026-10-08T07:22:36.270Z,system,0.43311111111112643
2026-10-08T07:22:51.270Z,system,0.4355555555555636
2026-10-08T07:23:06.270Z,system,0.43866666666666176
2026-10-08T07:23:21.270Z,system,0.4451111111110852
2026-10-08T07:23:36.270Z,system,0.43888888888888883
2026-10-08T07:23:51.270Z,system,0.4340000000000347
2026-10-08T07:24:06.270Z,system,0.4355555555555838
2026-10-08T07:24:21.270Z,system,0.4493333333332985
2026-10-08T07:24:36.270Z,system,0.44244444444442094
2026-10-08T07:24:51.270Z,system,0.44844444444445086
2026-10-08T07:25:06.270Z,system,0.4428888888888953
2026-10-08T07:25:21.270Z,system,0.4459999999999935
2026-10-08T07:25:36.270Z,system,0.4388888888888686
2026-10-08T07:25:51.270Z,system,0.44333333333334946
2026-10-08T07:26:06.270Z,system,0.44688888888890177
2026-10-08T07:26:21.270Z,system,0.44177777777780036
2026-10-08T07:26:36.270Z,system,0.4333333333333333
2026-10-08T07:26:51.270Z,system,0.44133333333332603
2026-10-08T07:27:06.270Z,system,0.4426666666666682
2026-10-08T07:27:21.270Z,system,0.44488888888889855
2026-10-08T07:27:36.270Z,system,0.4244444444444525
2026-10-08T07:27:51.270Z,system,0.4355555555555636
2026-10-08T07:28:06.270Z,system,0.42819367597716684
2026-10-08T07:28:21.270Z,system,0.440000000000004
2026-10-08T07:28:36.270Z,system,0.4262222222221882
2026-10-08T07:28:51.270Z,system,0.4318065648820693
2026-10-08T07:29:06.270Z,system,0.4257777777777947
2026-10-08T07:29:21.270Z,system,0.4293333333333268
2026-10-08T07:29:36.270Z,system,0.4160000000000258
2026-10-08T07:29:51.270Z,system,0.4264444444444153
2026-10-08T07:30:06.270Z,system,0.4200000000000121
2026-10-08T07:30:21.270Z,system,0.42599999999998134
2026-10-08T07:30:36.270Z,system,0.41133333333333816
2026-10-08T07:30:51.270Z,system,0.42022222222221894
2026-10-08T07:31:06.270Z,system,0.4235555555555644
2026-10-08T07:31:21.270Z,system,0.43155555555555714
2026-10-08T07:31:36.270Z,system,0.4246666666666795
2026-10-08T07:31:51.270Z,system,0.4326666666666723
2026-10-08T07:32:06.270Z,system,0.4273333333333438
2026-10-08T07:32:21.270Z,system,0.4246666666666391
2026-10-08T07:32:36.270Z,system,0.41088888888886377
2026-10-08T07:32:51.270Z,system,0.40822222222221977
2026-10-08T07:33:06.270Z,system,0.40533333333334864
2026-10-08T07:33:21.270Z,system,0.4133333333333616
2026-10-08T07:33:36.270Z,system,0.40888888888890096
2026-10-08T07:33:51.270Z,system,0.41866666666666985
2026-10-08T07:34:06.270Z,system,0.40822222222219956
2026-10-08T07:34:21.270Z,system,0.4162222222222125
2026-10-08T07:34:36.270Z,system,0.40977777777774865
2026-10-08T07:34:51.270Z,system,0.4193333333333511
2026-10-08T07:35:06.270Z,system,0.4148888888888905
2026-10-08T07:35:21.270Z,system,0.4124444444444735
2026-10-08T07:35:36.270Z,system,0.4044444444444202
2026-10-08T07:35:51.270Z,system,0.4062222222222165
2026-10-08T07:36:06.270Z,system,0.40466666666666745
2026-10-08T07:36:21.270Z,system,0.4080000000000129
2026-10-08T07:36:36.270Z,system,0.3997777777777931
2026-10-08T07:36:51.270Z,system,0.4080000000000129
2026-10-08T07:37:06.270Z,system,0.4091111111111078
2026-10-08T07:37:21.270Z,system,0.423555555555524
2026-10-08T07:37:36.270Z,system,0.4262222222222084
2026-10-08T07:37:51.270Z,system,0.44488888888887834
2026-10-08T07:38:06.270Z,system,0.437555555555587
2026-10-08T07:38:21.270Z,system,0.4333333333333333
2026-10-08T07:38:36.270Z,system,0.41355555555556844
2026-10-08T07:38:51.270Z,system,0.4257777777777543
2026-10-08T07:39:06.270Z,system,0.4251111111111135
2026-10-08T07:39:21.270Z,system,0.42311111111111027
2026-10-08T07:39:36.270Z,system,0.4188888888889171
2026-10-08T05:47:36.270Z,user,1.1424444444444006
2026-10-08T05:47:51.270Z,user,1.0379999999999805
2026-10-08T05:48:06.270Z,user,0.8659999999999853
2026-10-08T05:48:21.270Z,user,0.7746666666666795
2026-10-08T05:48:36.270Z,user,0.696444444444488
2026-10-08T05:48:51.270Z,user,0.6842222222222416
2026-10-08T05:49:06.270Z,user,0.6708888888889405
2026-10-08T05:49:21.270Z,user,0.7084444444444266
2026-10-08T05:49:36.270Z,user,0.6780000000000048
2026-10-08T05:49:51.270Z,user,0.6571111111111045
2026-10-08T05:50:06.270Z,user,0.6066666666666101
2026-10-08T05:50:21.270Z,user,0.6391111111110754
2026-10-08T05:50:36.270Z,user,0.6106666666666165
2026-10-08T05:50:51.270Z,user,0.6446666666667119
2026-10-08T05:51:06.270Z,user,0.6062222222221962
2026-10-08T05:51:21.270Z,user,0.6484444444444912
2026-10-08T05:51:36.270Z,user,0.5913333333333461
2026-10-08T05:51:51.270Z,user,0.6057777777778635
2026-10-08T05:52:06.270Z,user,0.5828888888888791
2026-10-08T05:52:21.270Z,user,0.6075555555555183
2026-10-08T05:52:36.270Z,user,0.6148888888888904
2026-10-08T05:52:51.270Z,user,0.5839999999999741
2026-10-08T05:53:06.270Z,user,0.5620000000000194
2026-10-08T05:53:21.270Z,user,0.5548888888888742
2026-10-08T05:53:36.270Z,user,0.5524444444444573
2026-10-08T05:53:51.270Z,user,0.5893333333333429
2026-10-08T05:54:06.270Z,user,0.5722222222222222
2026-10-08T05:54:21.270Z,user,0.5815555555555166
2026-10-08T05:54:36.270Z,user,0.5548888888888743
2026-10-08T05:54:51.270Z,user,0.5762222222221882
2026-10-08T05:55:06.270Z,user,0.5726666666667167
2026-10-08T05:55:21.270Z,user,0.5693333333333106
2026-10-08T05:55:36.270Z,user,0.5373333333333398
2026-10-08T05:55:51.270Z,user,0.5453333333333527
2026-10-08T05:56:06.270Z,user,0.5259999999999612
2026-10-08T05:56:21.270Z,user,0.5380000000000614
2026-10-08T05:56:36.270Z,user,0.5262222222221882
2026-10-08T05:56:51.270Z,user,0.5342222222223224
2026-10-08T05:57:06.270Z,user,0.528222222222151
2026-10-08T05:57:21.270Z,user,0.5471111111111289
2026-10-08T05:57:36.270Z,user,0.5335555555555199
2026-10-08T05:57:51.270Z,user,0.6093333333332944
2026-10-08T05:58:06.270Z,user,0.6373333333332993
2026-10-08T05:58:21.270Z,user,0.7193333333333106
2026-10-08T05:58:36.270Z,user,0.7200000000000727
2026-10-08T05:58:51.270Z,user,0.7040000000000468
2026-10-08T05:59:06.270Z,user,0.7115265074149963
2026-10-08T05:59:21.270Z,user,0.709777777777789
2026-10-08T05:59:36.270Z,user,0.7184444444444832
2026-10-08T05:59:51.270Z,user,0.7175905329655711
2026-10-08T06:00:06.270Z,user,0.7264444444444152
2026-10-08T06:00:21.270Z,user,0.7373333333332993
2026-10-08T06:00:36.270Z,user,0.7439999999999902
2026-10-08T06:00:51.270Z,user,0.7184444444444832
2026-10-08T06:01:06.270Z,user,0.717555555555494
2026-10-08T06:01:21.270Z,user,0.6933333333333495
2026-10-08T06:01:36.270Z,user,0.6733333333332363
2026-10-08T06:01:51.270Z,user,0.7017777777778165
2026-10-08T06:02:06.270Z,user,0.704222222222193
2026-10-08T06:02:21.270Z,user,0.7488888888889453
2026-10-08T06:02:36.270Z,user,0.7437777777778035
2026-10-08T06:02:51.270Z,user,0.7366666666666989
2026-10-08T06:03:06.270Z,user,0.694666666666631
2026-10-08T06:03:21.270Z,user,0.6662222222221316
2026-10-08T06:03:36.270Z,user,0.6568888888888775
2026-10-08T06:03:51.270Z,user,0.6642222222222496
2026-10-08T06:04:06.270Z,user,0.6484444444445316
2026-10-08T06:04:21.270Z,user,0.6411111111111192
2026-10-08T06:04:36.270Z,user,0.6466666666666343
2026-10-08T06:04:51.270Z,user,0.6531111111110981
2026-10-08T06:05:06.270Z,user,0.6697777777777243
2026-10-08T06:05:21.270Z,user,0.6613333333333785
2026-10-08T06:05:36.270Z,user,0.6468888888889017
2026-10-08T06:05:51.270Z,user,0.6333333333334141
2026-10-08T06:06:06.270Z,user,0.6400000000000242
2026-10-08T06:06:21.270Z,user,0.6311111111110221
2026-10-08T06:06:36.270Z,user,0.657999999999932
2026-10-08T06:06:51.270Z,user,0.644444444444404
2026-10-08T06:07:06.270Z,user,0.6700000000000726
2026-10-08T06:07:21.270Z,user,0.6324444444444655
2026-10-08T06:07:36.270Z,user,0.6277777777778182
2026-10-08T06:07:51.270Z,user,0.6128888888889276
2026-10-08T06:08:06.270Z,user,0.5906666666666246
2026-10-08T06:08:21.270Z,user,0.574444444444412
2026-10-08T06:08:36.270Z,user,0.563555555555528
2026-10-08T06:08:51.270Z,user,0.5855555555556444
2026-10-08T06:09:06.270Z,user,0.5715555555555409
2026-10-08T06:09:21.270Z,user,0.5713333333333138
2026-10-08T06:09:36.270Z,user,0.5468888888888613
2026-10-08T06:09:51.270Z,user,0.5602222222222836
2026-10-08T06:10:06.270Z,user,0.5942222222222173
2026-10-08T06:10:21.270Z,user,0.593111111111082
2026-10-08T06:10:36.270Z,user,0.6108888888888435
2026-10-08T06:10:51.270Z,user,0.5622222222222868
2026-10-08T06:11:06.270Z,user,0.5842222222222819
2026-10-08T06:11:21.270Z,user,0.5524444444443765
2026-10-08T06:11:36.270Z,user,0.5715555555555005
2026-10-08T06:11:51.270Z,user,0.5479999999999967
2026-10-08T06:12:06.270Z,user,0.5693333333333915
2026-10-08T06:12:21.270Z,user,0.5624444444443927
2026-10-08T06:12:36.270Z,user,0.5637777777777147
2026-10-08T06:12:51.270Z,user,0.5422222222222545
2026-10-08T06:13:06.270Z,user,0.5581850098882879
2026-10-08T06:13:21.270Z,user,0.5464444444444476
2026-10-08T06:13:36.270Z,user,0.5726666666666763
2026-10-08T06:13:51.270Z,user,0.5498144320732445
2026-10-08T06:14:06.270Z,user,0.5673333333333882
2026-10-08T06:14:21.270Z,user,0.5366666666666585
2026-10-08T06:14:36.270Z,user,0.5442222222222577
2026-10-08T06:14:51.270Z,user,0.5379999999999805
2026-10-08T06:15:06.270Z,user,0.5671111111110804
2026-10-08T06:15:21.270Z,user,0.552888888888871
2026-10-08T06:15:36.270Z,user,0.570222222222219
2026-10-08T06:15:51.270Z,user,0.5419999999999465
2026-10-08T06:16:06.270Z,user,0.5457777777777664
2026-10-08T06:16:21.270Z,user,0.5344444444444686
2026-10-08T06:16:36.270Z,user,0.5444444444444848
2026-10-08T06:16:51.270Z,user,0.5364444444444718
2026-10-08T06:17:06.270Z,user,0.5559999999999288
2026-10-08T06:17:21.270Z,user,0.5644444444444767
2026-10-08T06:17:36.270Z,user,0.6035555555555119
2026-10-08T06:17:51.270Z,user,0.6051111111111418
2026-10-08T06:18:06.270Z,user,0.6100000000000161
2026-10-08T06:18:21.270Z,user,0.6064444444444234
2026-10-08T06:18:36.270Z,user,0.61644444444448
2026-10-08T06:18:51.270Z,user,0.6359999999999773
2026-10-08T06:19:06.270Z,user,0.6340000000000549
2026-10-08T06:19:21.270Z,user,0.634888888888842
2026-10-08T06:19:36.270Z,user,0.6093333333333348
2026-10-08T06:19:51.270Z,user,0.6051111111111014
2026-10-08T06:20:06.270Z,user,0.6075555555555991
2026-10-08T06:20:21.270Z,user,0.6042222222222334
2026-10-08T06:20:36.270Z,user,0.6091111111110674
2026-10-08T06:20:51.270Z,user,0.5873333333332993
2026-10-08T06:21:06.270Z,user,0.5933333333333091
2026-10-08T06:21:21.270Z,user,0.58355555555552
2026-10-08T06:21:36.270Z,user,0.5759999999999611
2026-10-08T06:21:51.270Z,user,0.5744444444444524
2026-10-08T06:22:06.270Z,user,0.5888888888889696
2026-10-08T06:22:21.270Z,user,0.6060000000000096
2026-10-08T06:22:36.270Z,user,0.6133333333333414
2026-10-08T06:22:51.270Z,user,0.6093333333332944
2026-10-08T06:23:06.270Z,user,0.6128888888889277
2026-10-08T06:23:21.270Z,user,0.604222222222193
2026-10-08T06:23:36.270Z,user,0.6128888888888467
2026-10-08T06:23:51.270Z,user,0.5962222222222205
2026-10-08T06:24:06.270Z,user,0.6246666666666795
2026-10-08T06:24:21.270Z,user,0.5973333333334367
2026-10-08T06:24:36.270Z,user,0.5893333333333025
2026-10-08T06:24:51.270Z,user,0.5728888888889033
2026-10-08T06:25:06.270Z,user,0.6111111111110706
2026-10-08T06:25:21.270Z,user,0.6182222222221753
2026-10-08T06:25:36.270Z,user,0.6062222222221558
2026-10-08T06:25:51.270Z,user,0.5886666666666213
2026-10-08T06:26:06.270Z,user,0.598000000000118
2026-10-08T06:26:21.270Z,user,0.6080000000000937
2026-10-08T06:26:36.270Z,user,0.5844444444444686
2026-10-08T06:26:51.270Z,user,0.5822222222221979
2026-10-08T06:27:06.270Z,user,0.5882222222221671
2026-10-08T06:27:21.270Z,user,0.5951111111110852
2026-10-08T06:27:36.270Z,user,0.5815555555555166
2026-10-08T06:27:51.270Z,user,0.617777777777802
2026-10-08T06:28:06.270Z,user,0.6377777777777939
2026-10-08T06:28:21.270Z,user,0.6591111111110673
2026-10-08T06:28:36.270Z,user,0.6335555555555603
2026-10-08T06:28:51.270Z,user,0.6320000000000112
2026-10-08T06:29:06.270Z,user,0.6493333333334804
2026-10-08T06:29:21.270Z,user,0.6617777777777922
2026-10-08T06:29:36.270Z,user,0.6546666666666472
2026-10-08T06:29:51.270Z,user,0.661999999999898
2026-10-08T06:30:06.270Z,user,0.6644444444443959
2026-10-08T06:30:21.270Z,user,0.6731111111111304
2026-10-08T06:30:36.270Z,user,0.6471111111111288
2026-10-08T06:30:51.270Z,user,0.6633333333334626
2026-10-08T06:31:06.270Z,user,0.6595555555555619
2026-10-08T06:31:21.270Z,user,0.6660000000000258
2026-10-08T06:31:36.270Z,user,0.6362222222220831
2026-10-08T06:31:51.270Z,user,0.6524444444444168
2026-10-08T06:32:06.270Z,user,0.6528888888888711
2026-10-08T06:32:21.270Z,user,0.6586666666667345
2026-10-08T06:32:36.270Z,user,0.6355555555555635
2026-10-08T06:32:51.270Z,user,0.6526666666666844
2026-10-08T06:33:06.270Z,user,0.6742222222221446
2026-10-08T06:33:21.270Z,user,0.6795555555555539
2026-10-08T06:33:36.270Z,user,0.6651111111110771
2026-10-08T06:33:51.270Z,user,0.6451111111111256
2026-10-08T06:34:06.270Z,user,0.6411111111111596
2026-10-08T06:34:21.270Z,user,0.6520000000000031
2026-10-08T06:34:36.270Z,user,0.6446666666667119
2026-10-08T06:34:51.270Z,user,0.6508888888888678
2026-10-08T06:35:06.270Z,user,0.657111111111145
2026-10-08T06:35:21.270Z,user,0.651555555555549
2026-10-08T06:35:36.270Z,user,0.6606666666666164
2026-10-08T06:35:51.270Z,user,0.6535555555555522
2026-10-08T06:36:06.270Z,user,0.6677777777777616
2026-10-08T06:36:21.270Z,user,0.6511111111111353
2026-10-08T06:36:36.270Z,user,0.6495555555555054
2026-10-08T06:36:51.270Z,user,0.6406666666666649
2026-10-08T06:37:06.270Z,user,0.6540000000000064
2026-10-08T06:37:21.270Z,user,0.6577777777777858
2026-10-08T06:37:36.270Z,user,0.6411111111110787
2026-10-08T06:37:51.270Z,user,0.6893333333333833
2026-10-08T06:38:06.270Z,user,0.6853333333333365
2026-10-08T06:38:21.270Z,user,0.7204444444444864
2026-10-08T06:38:36.270Z,user,0.7026666666666439
2026-10-08T06:38:51.270Z,user,0.7080000000000533
2026-10-08T06:39:06.270Z,user,0.7082222222221994
2026-10-08T06:39:21.270Z,user,0.6913333333333866
2026-10-08T06:39:36.270Z,user,0.6857777777777098
2026-10-08T06:39:51.270Z,user,0.7024444444444573
2026-10-08T06:40:06.270Z,user,0.7215555555555005
2026-10-08T06:40:21.270Z,user,0.7255555555555878
2026-10-08T06:40:36.270Z,user,0.7031111111110981
2026-10-08T06:40:51.270Z,user,0.6937777777778036
2026-10-08T06:41:06.270Z,user,0.6899999999999837
2026-10-08T06:41:21.270Z,user,0.7102222222222432
2026-10-08T06:41:36.270Z,user,0.720222222222138
2026-10-08T06:41:51.270Z,user,0.7233333333333575
2026-10-08T06:42:06.270Z,user,0.696444444444488
2026-10-08T06:42:21.270Z,user,0.6942222222222577
2026-10-08T06:42:36.270Z,user,0.7028888888888306
2026-10-08T06:42:51.270Z,user,0.7151111111110771
2026-10-08T06:43:06.270Z,user,0.7062222222222772
2026-10-08T06:43:21.270Z,user,0.705777777777823
2026-10-08T06:43:36.270Z,user,0.7146666666666633
2026-10-08T06:43:51.270Z,user,0.7017777777776952
2026-10-08T06:44:06.270Z,user,0.6986666666666779
2026-10-08T06:44:21.270Z,user,0.680222222222235
2026-10-08T06:44:36.270Z,user,0.6706666666667135
2026-10-08T06:44:51.270Z,user,0.6706666666666731
2026-10-08T06:45:06.270Z,user,0.6853333333333769
2026-10-08T06:45:21.270Z,user,0.6966666666666342
2026-10-08T06:45:36.270Z,user,0.7093333333333348
2026-10-08T06:45:51.270Z,user,0.7206666666665922
2026-10-08T06:46:06.270Z,user,0.7075555555555183
2026-10-08T06:46:21.270Z,user,0.7042222222221526
2026-10-08T06:46:36.270Z,user,0.6726666666667167
2026-10-08T06:46:51.270Z,user,0.693777777777844
2026-10-08T06:47:06.270Z,user,0.6833333333334141
2026-10-08T06:47:21.270Z,user,0.6919999999999465
2026-10-08T06:47:36.270Z,user,0.6933333333332685
2026-10-08T06:47:51.270Z,user,0.7117777777777115
2026-10-08T06:48:06.270Z,user,0.7268888888889502
2026-10-08T06:48:21.270Z,user,0.7491111111112129
2026-10-08T06:48:36.270Z,user,0.7468888888889826
2026-10-08T06:48:51.270Z,user,0.7568888888888775
2026-10-08T06:49:06.270Z,user,0.7504444444444136
2026-10-08T06:49:21.270Z,user,0.7588888888888403
2026-10-08T06:49:36.270Z,user,0.7642222222222497
2026-10-08T06:49:51.270Z,user,0.7486666666666375
2026-10-08T06:50:06.270Z,user,0.7631111111111547
2026-10-08T06:50:21.270Z,user,0.7644444444444363
2026-10-08T06:50:36.270Z,user,0.7622222222222463
2026-10-08T06:50:51.270Z,user,0.7575555555555182
2026-10-08T06:51:06.270Z,user,0.7393333333332621
2026-10-08T06:51:21.270Z,user,0.7524444444444978
2026-10-08T06:51:36.270Z,user,0.7435555555554957
2026-10-08T06:51:51.270Z,user,0.740888888888892
2026-10-08T06:52:06.270Z,user,0.7682222222221753
2026-10-08T06:52:21.270Z,user,0.749111111111132
2026-10-08T06:52:36.270Z,user,0.7768888888889502
2026-10-08T06:52:51.270Z,user,0.7340000000000548
2026-10-08T06:53:06.270Z,user,0.7468888888889017
2026-10-08T06:53:21.270Z,user,0.7475555555555021
2026-10-08T06:53:36.270Z,user,0.7646666666666229
2026-10-08T06:53:51.270Z,user,0.7793333333334076
2026-10-08T06:54:06.270Z,user,0.771999999999995
2026-10-08T06:54:21.270Z,user,0.7577777777777454
2026-10-08T06:54:36.270Z,user,0.7675555555554536
2026-10-08T06:54:51.270Z,user,0.8303890851721175
2026-10-08T06:55:06.270Z,user,0.9031111111111385
2026-10-08T06:55:21.270Z,user,0.9373333333333801
2026-10-08T06:55:36.270Z,user,1.0207347156477569
2026-10-08T06:55:51.270Z,user,1.1453333333333122
2026-10-08T06:56:06.270Z,user,1.2113333333332976
2026-10-08T06:56:21.270Z,user,1.1342222222221203
2026-10-08T06:56:36.270Z,user,0.9577777777777857
2026-10-08T06:56:51.270Z,user,0.896444444444488
2026-10-08T06:57:06.270Z,user,0.8146666666667037
2026-10-08T06:57:21.270Z,user,0.8280000000000047
2026-10-08T06:57:36.270Z,user,0.7733333333333575
2026-10-08T06:57:51.270Z,user,0.827555555555591
2026-10-08T06:58:06.270Z,user,0.8895555555555296
2026-10-08T06:58:21.270Z,user,0.9722222222222221
2026-10-08T06:58:36.270Z,user,0.9944444444444444
2026-10-08T06:58:51.270Z,user,1.0426666666666278
2026-10-08T06:59:06.270Z,user,1.0442222222222173
2026-10-08T06:59:21.270Z,user,1.0855555555555636
2026-10-08T06:59:36.270Z,user,1.0308888888889567
2026-10-08T06:59:51.270Z,user,1.070444444444365
2026-10-08T07:00:06.270Z,user,1.1402222222221703
2026-10-08T07:00:21.270Z,user,1.227111111111056
2026-10-08T07:00:36.270Z,user,1.2415555555555733
2026-10-08T07:00:51.270Z,user,1.189111111111116
2026-10-08T07:01:06.270Z,user,1.133111111111187
2026-10-08T07:01:21.270Z,user,1.0962222222222608
2026-10-08T07:01:36.270Z,user,1.096888888888942
2026-10-08T07:01:51.270Z,user,1.1471111111110883
2026-10-08T07:02:06.270Z,user,1.1675555555555748
2026-10-08T07:02:21.270Z,user,1.1759999999999207
2026-10-08T07:02:36.270Z,user,1.168000000000029
2026-10-08T07:02:51.270Z,user,1.2051111111110204
2026-10-08T07:03:06.270Z,user,1.2126666666666601
2026-10-08T07:03:21.270Z,user,1.2046666666666066
2026-10-08T07:03:36.270Z,user,1.224222222222306
2026-10-08T07:03:51.270Z,user,1.2346666666666957
2026-10-08T07:04:06.270Z,user,1.2582222222223207
2026-10-08T07:04:21.270Z,user,1.2633333333333008
2026-10-08T07:04:36.270Z,user,1.2646666666666633
2026-10-08T07:04:51.270Z,user,1.2844444444443068
2026-10-08T07:05:06.270Z,user,1.2755555555555473
2026-10-08T07:05:21.270Z,user,1.2539442691436
2026-10-08T07:05:36.270Z,user,1.2380000000000613
2026-10-08T07:05:51.270Z,user,1.191333333333346
2026-10-08T07:06:06.270Z,user,1.2060536023822974
2026-10-08T07:06:21.270Z,user,1.182000000000011
2026-10-08T07:06:36.270Z,user,1.171255249650004
2026-10-08T07:06:51.270Z,user,1.184888888888963
2026-10-08T07:07:06.270Z,user,1.1806666666666488
2026-10-08T07:07:21.270Z,user,1.2214147609840866
2026-10-08T07:07:36.270Z,user,1.1746666666666794
2026-10-08T07:07:51.270Z,user,1.1853333333333365
2026-10-08T07:08:06.270Z,user,1.189333333333343
2026-10-08T07:08:21.270Z,user,1.232666666666652
2026-10-08T07:08:36.270Z,user,1.263777777777755
2026-10-08T07:08:51.270Z,user,1.2986666666666373
2026-10-08T07:09:06.270Z,user,1.2999999999999594
2026-10-08T07:09:21.270Z,user,1.3020000000000436
2026-10-08T07:09:36.270Z,user,1.3243561540342241
2026-10-08T07:09:51.270Z,user,1.354666666666728
2026-10-08T07:10:06.270Z,user,1.3699999999999513
2026-10-08T07:10:21.270Z,user,1.3909816209969588
2026-10-08T07:10:36.270Z,user,1.4153333333332636
2026-10-08T07:10:51.270Z,user,1.400666666666762
2026-10-08T07:11:06.270Z,user,1.2833333333332928
2026-10-08T07:11:21.270Z,user,1.213777777777755
2026-10-08T07:11:36.270Z,user,1.1848888888888014
2026-10-08T07:11:51.270Z,user,1.194000000000071
2026-10-08T07:12:06.270Z,user,1.2122222222222867
2026-10-08T07:12:21.270Z,user,1.1711111111111272
2026-10-08T07:12:36.270Z,user,1.1753333333332798
2026-10-08T07:12:51.270Z,user,1.140888888888892
2026-10-08T07:13:06.270Z,user,1.1782222222222318
2026-10-08T07:13:21.270Z,user,1.1726666666666763
2026-10-08T07:13:36.270Z,user,1.1706666666667134
2026-10-08T07:13:51.270Z,user,1.152000000000003
2026-10-08T07:14:06.270Z,user,1.1977777777777292
2026-10-08T07:14:21.270Z,user,1.2055555555554747
2026-10-08T07:14:36.270Z,user,1.2122222222222059
2026-10-08T07:14:51.270Z,user,1.1917777777777598
2026-10-08T07:15:06.270Z,user,1.174888888888947
2026-10-08T07:15:21.270Z,user,1.1648888888888904
2026-10-08T07:15:36.270Z,user,1.1577777777777858
2026-10-08T07:15:51.270Z,user,1.1619999999999384
2026-10-08T07:16:06.270Z,user,1.1753333333333202
2026-10-08T07:16:21.270Z,user,1.1820000000000113
2026-10-08T07:16:36.270Z,user,1.192222222222214
2026-10-08T07:16:51.270Z,user,1.1826666666667327
2026-10-08T07:17:06.270Z,user,1.1706666666667134
2026-10-08T07:17:21.270Z,user,1.1635555555556087
2026-10-08T07:17:36.270Z,user,1.1557777777777825
2026-10-08T07:17:51.270Z,user,1.1501455458525036
2026-10-08T07:18:06.270Z,user,1.1773333333332832
2026-10-08T07:18:21.270Z,user,1.1737777777776903
2026-10-08T07:18:36.270Z,user,1.2023023757139042
2026-10-08T07:18:51.270Z,user,1.1739999999999577
2026-10-08T07:19:06.270Z,user,1.1937777777778036
2026-10-08T07:19:21.270Z,user,1.145111111111166
2026-10-08T07:19:36.270Z,user,1.1342222222223224
2026-10-08T07:19:51.270Z,user,1.1560000000000095
2026-10-08T07:20:06.270Z,user,1.1806666666666488
2026-10-08T07:20:21.270Z,user,1.2126666666666197
2026-10-08T07:20:36.270Z,user,1.210888888888884
2026-10-08T07:20:51.270Z,user,1.1942222222221768
2026-10-08T07:21:06.270Z,user,1.2351111111111497
2026-10-08T07:21:21.270Z,user,1.2435555555555764
2026-10-08T07:21:36.270Z,user,1.2355555555555635
2026-10-08T07:21:51.270Z,user,1.1626666666666197
2026-10-08T07:22:06.270Z,user,1.154222222222193
2026-10-08T07:22:21.270Z,user,1.161111111111111
2026-10-08T07:22:36.270Z,user,1.1644444444444362
2026-10-08T07:22:51.270Z,user,1.1553333333333284
2026-10-08T07:23:06.270Z,user,1.1804444444444218
2026-10-08T07:23:21.270Z,user,1.1986666666666779
2026-10-08T07:23:36.270Z,user,1.1782222222222318
2026-10-08T07:23:51.270Z,user,1.18133333333333
2026-10-08T07:24:06.270Z,user,1.2077777777777856
2026-10-08T07:24:21.270Z,user,1.2377777777777939
2026-10-08T07:24:36.270Z,user,1.1931111111111223
2026-10-08T07:24:51.270Z,user,1.1915555555555328
2026-10-08T07:25:06.270Z,user,1.1886666666666212
2026-10-08T07:25:21.270Z,user,1.1968888888889018
2026-10-08T07:25:36.270Z,user,1.1795555555555537
2026-10-08T07:25:51.270Z,user,1.1986666666666375
2026-10-08T07:26:06.270Z,user,1.211555555555565
2026-10-08T07:26:21.270Z,user,1.204888888888955
2026-10-08T07:26:36.270Z,user,1.1617777777779135
2026-10-08T07:26:51.270Z,user,1.2075555555555182
2026-10-08T07:27:06.270Z,user,1.2008888888888678
2026-10-08T07:27:21.270Z,user,1.2122222222221655
2026-10-08T07:27:36.270Z,user,1.1460000000000743
2026-10-08T07:27:51.270Z,user,1.1886666666666212
2026-10-08T07:28:06.270Z,user,1.1699220051996049
2026-10-08T07:28:21.270Z,user,1.2015555555554682
2026-10-08T07:28:36.270Z,user,1.1644444444444766
2026-10-08T07:28:51.270Z,user,1.2109696201969782
2026-10-08T07:29:06.270Z,user,1.2264444444444151
2026-10-08T07:29:21.270Z,user,1.2591111111111077
2026-10-08T07:29:36.270Z,user,1.2064444444444233
2026-10-08T07:29:51.270Z,user,1.2511111111112565
2026-10-08T07:30:06.270Z,user,1.1933333333332685
2026-10-08T07:30:21.270Z,user,1.2006666666666406
2026-10-08T07:30:36.270Z,user,1.087111111111072
2026-10-08T07:30:51.270Z,user,1.106222222222277
2026-10-08T07:31:06.270Z,user,1.0851111111111094
2026-10-08T07:31:21.270Z,user,1.1242222222222253
2026-10-08T07:31:36.270Z,user,1.1106666666666163
2026-10-08T07:31:51.270Z,user,1.1297777777778213
2026-10-08T07:32:06.270Z,user,1.101555555555549
2026-10-08T07:32:21.270Z,user,1.1220000000000758
2026-10-08T07:32:36.270Z,user,1.1182222222221347
2026-10-08T07:32:51.270Z,user,1.1273333333332831
2026-10-08T07:33:06.270Z,user,1.1020000000000436
2026-10-08T07:33:21.270Z,user,1.1137777777777955
2026-10-08T07:33:36.270Z,user,1.1308888888888757
2026-10-08T07:33:51.270Z,user,1.1404444444443975
2026-10-08T07:34:06.270Z,user,1.110888888888884
2026-10-08T07:34:21.270Z,user,1.130444444444543
2026-10-08T07:34:36.270Z,user,1.1440000000000305
2026-10-08T07:34:51.270Z,user,1.1628888888889275
2026-10-08T07:35:06.270Z,user,1.1568888888887967
2026-10-08T07:35:21.270Z,user,1.145999999999953
2026-10-08T07:35:36.270Z,user,1.1388888888889293
2026-10-08T07:35:51.270Z,user,1.1393333333333429
2026-10-08T07:36:06.270Z,user,1.1253333333333606
2026-10-08T07:36:21.270Z,user,1.1451111111110448
2026-10-08T07:36:36.270Z,user,1.1008888888889081
2026-10-08T07:36:51.270Z,user,1.1259999999999206
2026-10-08T07:37:06.270Z,user,1.1191111111110834
2026-10-08T07:37:21.270Z,user,1.1668888888888531
2026-10-08T07:37:36.270Z,user,1.1460000000000339
2026-10-08T07:37:51.270Z,user,1.2086666666666537
2026-10-08T07:38:06.270Z,user,1.195777777777847
2026-10-08T07:38:21.270Z,user,1.2431111111111224
2026-10-08T07:38:36.270Z,user,1.2135555555555684
2026-10-08T07:38:51.270Z,user,1.2655555555554503
2026-10-08T07:39:06.270Z,user,1.25600000000005
2026-10-08T07:39:21.270Z,user,1.2213333333333543
2026-10-08T07:39:36.270Z,user,1.1980000000001179
